step,active_motive,motive_1,motive_2,motive_3,motive_4,motive_5,motive_6,motive_7,motive_8
0,,-0.25092,0.90143,0.46399,0.19732,-0.68796,-0.68801,-0.88383,0.73235
1,7,-0.32163,0.83043,0.4347,0.22632,-0.61725,-0.61701,1.0,0.70335
2,5,-0.49234,0.75943,0.50541,0.39732,1.0,-0.54601,0.92929,0.53235
3,6,-0.63405,0.65943,0.50512,0.49732,1.0,1.0,0.92958,0.43235
4,1,1.0,0.73043,0.57583,0.52632,0.97071,0.929,0.85887,0.40335
5,,0.91929,0.72043,0.63654,0.61632,1.0,0.919,0.77816,0.29335
6,,0.83858,0.71043,0.69725,0.70632,1.0,0.909,0.69745,0.18335
7,,0.75787,0.70043,0.75796,0.79632,1.0,0.899,0.61674,0.07335
8,,0.67716,0.69043,0.81867,0.88632,1.0,0.889,0.53603,-0.03665
9,8,0.67745,0.69043,0.81838,0.88632,0.99971,0.889,0.53632,1.0
10,,0.59674,0.68043,0.87909,0.97632,1.0,0.879,0.45561,0.89
11,,0.51603,0.67043,0.9398,1.0,1.0,0.869,0.3749,0.78
12,,0.43532,0.66043,1.0,1.0,1.0,0.859,0.29419,0.67
13,,0.35461,0.65043,1.0,1.0,1.0,0.849,0.21348,0.56
14,,0.2739,0.64043,1.0,1.0,1.0,0.839,0.13277,0.45
15,,0.19319,0.63043,1.0,1.0,1.0,0.829,0.05206,0.34
16,,0.11248,0.62043,1.0,1.0,1.0,0.819,-0.02865,0.23
17,7,0.04177,0.54943,0.97071,1.0,1.0,0.89,1.0,0.201
18,,-0.03894,0.53943,1.0,1.0,1.0,0.88,0.91929,0.091
19,1,1.0,0.61043,1.0,1.0,0.97071,0.809,0.84858,0.062
20,,0.91929,0.60043,1.0,1.0,1.0,0.799,0.76787,-0.048
21,8,0.91958,0.60043,0.99971,1.0,0.99971,0.799,0.76816,1.0
22,,0.83887,0.59043,1.0,1.0,1.0,0.789,0.68745,0.89
23,,0.75816,0.58043,1.0,1.0,1.0,0.779,0.60674,0.78
24,,0.67745,0.57043,1.0,1.0,1.0,0.769,0.52603,0.67
25,,0.59674,0.56043,1.0,1.0,1.0,0.759,0.44532,0.56
26,,0.51603,0.55043,1.0,1.0,1.0,0.749,0.36461,0.45
27,,0.43532,0.54043,1.0,1.0,1.0,0.739,0.2839,0.34
28,,0.35461,0.53043,1.0,1.0,1.0,0.729,0.20319,0.23
29,,0.2739,0.52043,1.0,1.0,1.0,0.719,0.12248,0.12
30,,0.19319,0.51043,1.0,1.0,1.0,0.709,0.04177,0.01
31,,0.11248,0.50043,1.0,1.0,1.0,0.699,-0.03894,-0.1
32,8,0.11277,0.50043,0.99971,1.0,0.99971,0.699,-0.03865,1.0
33,7,0.04206,0.42943,0.97042,1.0,1.0,0.77,1.0,0.971
34,,-0.03865,0.41943,1.0,1.0,1.0,0.76,0.91929,0.861
35,1,1.0,0.49043,1.0,1.0,0.97071,0.689,0.84858,0.832
36,,0.91929,0.48043,1.0,1.0,1.0,0.679,0.76787,0.722
37,,0.83858,0.47043,1.0,1.0,1.0,0.669,0.68716,0.612
38,,0.75787,0.46043,1.0,1.0,1.0,0.659,0.60645,0.502
39,,0.67716,0.45043,1.0,1.0,1.0,0.649,0.52574,0.392
40,,0.59645,0.44043,1.0,1.0,1.0,0.639,0.44503,0.282
41,,0.51574,0.43043,1.0,1.0,1.0,0.629,0.36432,0.172
42,,0.43503,0.42043,1.0,1.0,1.0,0.619,0.28361,0.062
43,,0.35432,0.41043,1.0,1.0,1.0,0.609,0.2029,-0.048
44,8,0.35461,0.41043,0.99971,1.0,0.99971,0.609,0.20319,1.0
45,,0.2739,0.40043,1.0,1.0,1.0,0.599,0.12248,0.89
46,,0.19319,0.39043,1.0,1.0,1.0,0.589,0.04177,0.78
47,,0.11248,0.38043,1.0,1.0,1.0,0.579,-0.03894,0.67
48,7,0.04177,0.30943,0.97071,1.0,1.0,0.65,1.0,0.641
49,,-0.03894,0.29943,1.0,1.0,1.0,0.64,0.91929,0.531
50,1,1.0,0.37043,1.0,1.0,0.97071,0.569,0.84858,0.502
51,,0.91929,0.36043,1.0,1.0,1.0,0.559,0.76787,0.392
52,,0.83858,0.35043,1.0,1.0,1.0,0.549,0.68716,0.282
53,,0.75787,0.34043,1.0,1.0,1.0,0.539,0.60645,0.172
54,,0.67716,0.33043,1.0,1.0,1.0,0.529,0.52574,0.062
55,,0.59645,0.32043,1.0,1.0,1.0,0.519,0.44503,-0.048
56,8,0.59674,0.32043,0.99971,1.0,0.99971,0.519,0.44532,1.0
57,,0.51603,0.31043,1.0,1.0,1.0,0.509,0.36461,0.89
58,,0.43532,0.30043,1.0,1.0,1.0,0.499,0.2839,0.78
59,,0.35461,0.29043,1.0,1.0,1.0,0.489,0.20319,0.67
60,,0.2739,0.28043,1.0,1.0,1.0,0.479,0.12248,0.56
61,,0.19319,0.27043,1.0,1.0,1.0,0.469,0.04177,0.45
62,,0.11248,0.26043,1.0,1.0,1.0,0.459,-0.03894,0.34
63,7,0.04177,0.18943,0.97071,1.0,1.0,0.53,1.0,0.311
64,,-0.03894,0.17943,1.0,1.0,1.0,0.52,0.91929,0.201
65,1,1.0,0.25043,1.0,1.0,0.97071,0.449,0.84858,0.172
66,,0.91929,0.24043,1.0,1.0,1.0,0.439,0.76787,0.062
67,,0.83858,0.23043,1.0,1.0,1.0,0.429,0.68716,-0.048
68,8,0.83887,0.23043,0.99971,1.0,0.99971,0.429,0.68745,1.0
69,,0.75816,0.22043,1.0,1.0,1.0,0.419,0.60674,0.89
70,,0.67745,0.21043,1.0,1.0,1.0,0.409,0.52603,0.78
71,,0.59674,0.20043,1.0,1.0,1.0,0.399,0.44532,0.67
72,,0.51603,0.19043,1.0,1.0,1.0,0.389,0.36461,0.56
73,,0.43532,0.18043,1.0,1.0,1.0,0.379,0.2839,0.45
74,,0.35461,0.17043,1.0,1.0,1.0,0.369,0.20319,0.34
75,,0.2739,0.16043,1.0,1.0,1.0,0.359,0.12248,0.23
76,,0.19319,0.15043,1.0,1.0,1.0,0.349,0.04177,0.12
77,,0.11248,0.14043,1.0,1.0,1.0,0.339,-0.03894,0.01
78,7,0.04177,0.06943,0.97071,1.0,1.0,0.41,1.0,-0.019
79,8,0.04206,0.06943,0.97042,1.0,0.99971,0.41,1.0,1.0
80,,-0.03865,0.05943,1.0,1.0,1.0,0.4,0.91929,0.89
81,1,1.0,0.13043,1.0,1.0,0.97071,0.329,0.84858,0.861
82,,0.91929,0.12043,1.0,1.0,1.0,0.319,0.76787,0.751
83,,0.83858,0.11043,1.0,1.0,1.0,0.309,0.68716,0.641
84,,0.75787,0.10043,1.0,1.0,1.0,0.299,0.60645,0.531
85,,0.67716,0.09043,1.0,1.0,1.0,0.289,0.52574,0.421
86,,0.59645,0.08043,1.0,1.0,1.0,0.279,0.44503,0.311
87,,0.51574,0.07043,1.0,1.0,1.0,0.269,0.36432,0.201
88,,0.43503,0.06043,1.0,1.0,1.0,0.259,0.28361,0.091
89,,0.35432,0.05043,1.0,1.0,1.0,0.249,0.2029,-0.019
90,8,0.35461,0.05043,0.99971,1.0,0.99971,0.249,0.20319,1.0
91,,0.2739,0.04043,1.0,1.0,1.0,0.239,0.12248,0.89
92,,0.19319,0.03043,1.0,1.0,1.0,0.229,0.04177,0.78
93,,0.11248,0.02043,1.0,1.0,1.0,0.219,-0.03894,0.67
94,7,0.04177,-0.05057,0.97071,1.0,1.0,0.29,1.0,0.641
95,2,0.04206,1.0,1.0,1.0,0.99971,0.19,0.85829,0.541
96,,-0.03865,0.99,1.0,1.0,1.0,0.18,0.77758,0.431
97,1,1.0,1.0,1.0,1.0,0.97071,0.109,0.70687,0.402
98,,0.91929,0.99,1.0,1.0,1.0,0.099,0.62616,0.292
99,,0.83858,0.98,1.0,1.0,1.0,0.089,0.54545,0.182
100,,0.75787,0.97,1.0,1.0,1.0,0.079,0.46474,0.072
101,,0.67716,0.96,1.0,1.0,1.0,0.069,0.38403,-0.038
102,8,0.67745,0.96,0.99971,1.0,0.99971,0.069,0.38432,1.0
103,,0.59674,0.95,1.0,1.0,1.0,0.059,0.30361,0.89
104,,0.51603,0.94,1.0,1.0,1.0,0.049,0.2229,0.78
105,,0.43532,0.93,1.0,1.0,1.0,0.039,0.14219,0.67
106,,0.35461,0.92,1.0,1.0,1.0,0.029,0.06148,0.56
107,,0.2739,0.91,1.0,1.0,1.0,0.019,-0.01923,0.45
108,7,0.20319,0.839,0.97071,1.0,1.0,0.09,1.0,0.421
109,,0.12248,0.829,1.0,1.0,1.0,0.08,0.91929,0.311
110,,0.04177,0.819,1.0,1.0,1.0,0.07,0.83858,0.201
111,,-0.03894,0.809,1.0,1.0,1.0,0.06,0.75787,0.091
112,1,1.0,0.88,1.0,1.0,0.97071,-0.011,0.68716,0.062
113,6,0.85829,0.78,0.99971,1.0,1.0,1.0,0.68745,-0.038
114,8,0.85858,0.78,0.99942,1.0,0.99971,1.0,0.68774,1.0
115,,0.77787,0.77,1.0,1.0,1.0,0.99,0.60703,0.89
116,,0.69716,0.76,1.0,1.0,1.0,0.98,0.52632,0.78
117,,0.61645,0.75,1.0,1.0,1.0,0.97,0.44561,0.67
118,,0.53574,0.74,1.0,1.0,1.0,0.96,0.3649,0.56
119,,0.45503,0.73,1.0,1.0,1.0,0.95,0.28419,0.45
120,,0.37432,0.72,1.0,1.0,1.0,0.94,0.20348,0.34
121,,0.29361,0.71,1.0,1.0,1.0,0.93,0.12277,0.23
122,,0.2129,0.7,1.0,1.0,1.0,0.92,0.04206,0.12
123,,0.13219,0.69,1.0,1.0,1.0,0.91,-0.03865,0.01
124,7,0.06148,0.619,0.97071,1.0,1.0,0.981,1.0,-0.019
125,8,0.06177,0.619,0.97042,1.0,0.99971,0.981,1.0,1.0
126,,-0.01894,0.609,1.0,1.0,1.0,0.971,0.91929,0.89
127,1,1.0,0.68,1.0,1.0,0.97071,0.9,0.84858,0.861
128,,0.91929,0.67,1.0,1.0,1.0,0.89,0.76787,0.751
129,,0.83858,0.66,1.0,1.0,1.0,0.88,0.68716,0.641
130,,0.75787,0.65,1.0,1.0,1.0,0.87,0.60645,0.531
131,,0.67716,0.64,1.0,1.0,1.0,0.86,0.52574,0.421
132,,0.59645,0.63,1.0,1.0,1.0,0.85,0.44503,0.311
133,,0.51574,0.62,1.0,1.0,1.0,0.84,0.36432,0.201
134,,0.43503,0.61,1.0,1.0,1.0,0.83,0.28361,0.091
135,,0.35432,0.6,1.0,1.0,1.0,0.82,0.2029,-0.019
136,8,0.35461,0.6,0.99971,1.0,0.99971,0.82,0.20319,1.0
137,,0.2739,0.59,1.0,1.0,1.0,0.81,0.12248,0.89
138,,0.19319,0.58,1.0,1.0,1.0,0.8,0.04177,0.78
139,,0.11248,0.57,1.0,1.0,1.0,0.79,-0.03894,0.67
140,7,0.04177,0.499,0.97071,1.0,1.0,0.861,1.0,0.641
141,,-0.03894,0.489,1.0,1.0,1.0,0.851,0.91929,0.531
142,1,1.0,0.56,1.0,1.0,0.97071,0.78,0.84858,0.502
143,,0.91929,0.55,1.0,1.0,1.0,0.77,0.76787,0.392
144,,0.83858,0.54,1.0,1.0,1.0,0.76,0.68716,0.282
145,,0.75787,0.53,1.0,1.0,1.0,0.75,0.60645,0.172
146,,0.67716,0.52,1.0,1.0,1.0,0.74,0.52574,0.062
147,,0.59645,0.51,1.0,1.0,1.0,0.73,0.44503,-0.048
148,8,0.59674,0.51,0.99971,1.0,0.99971,0.73,0.44532,1.0
149,,0.51603,0.5,1.0,1.0,1.0,0.72,0.36461,0.89
150,,0.43532,0.49,1.0,1.0,1.0,0.71,0.2839,0.78
151,,0.35461,0.48,1.0,1.0,1.0,0.7,0.20319,0.67
152,,0.2739,0.47,1.0,1.0,1.0,0.69,0.12248,0.56
153,,0.19319,0.46,1.0,1.0,1.0,0.68,0.04177,0.45
154,,0.11248,0.45,1.0,1.0,1.0,0.67,-0.03894,0.34
155,7,0.04177,0.379,0.97071,1.0,1.0,0.741,1.0,0.311
156,,-0.03894,0.369,1.0,1.0,1.0,0.731,0.91929,0.201
157,1,1.0,0.44,1.0,1.0,0.97071,0.66,0.84858,0.172
158,,0.91929,0.43,1.0,1.0,1.0,0.65,0.76787,0.062
159,,0.83858,0.42,1.0,1.0,1.0,0.64,0.68716,-0.048
160,8,0.83887,0.42,0.99971,1.0,0.99971,0.64,0.68745,1.0
161,,0.75816,0.41,1.0,1.0,1.0,0.63,0.60674,0.89
162,,0.67745,0.4,1.0,1.0,1.0,0.62,0.52603,0.78
163,,0.59674,0.39,1.0,1.0,1.0,0.61,0.44532,0.67
164,,0.51603,0.38,1.0,1.0,1.0,0.6,0.36461,0.56
165,,0.43532,0.37,1.0,1.0,1.0,0.59,0.2839,0.45
166,,0.35461,0.36,1.0,1.0,1.0,0.58,0.20319,0.34
167,,0.2739,0.35,1.0,1.0,1.0,0.57,0.12248,0.23
168,,0.19319,0.34,1.0,1.0,1.0,0.56,0.04177,0.12
169,,0.11248,0.33,1.0,1.0,1.0,0.55,-0.03894,0.01
170,7,0.04177,0.259,0.97071,1.0,1.0,0.621,1.0,-0.019
171,8,0.04206,0.259,0.97042,1.0,0.99971,0.621,1.0,1.0
172,,-0.03865,0.249,1.0,1.0,1.0,0.611,0.91929,0.89
173,1,1.0,0.32,1.0,1.0,0.97071,0.54,0.84858,0.861
174,,0.91929,0.31,1.0,1.0,1.0,0.53,0.76787,0.751
175,,0.83858,0.3,1.0,1.0,1.0,0.52,0.68716,0.641
176,,0.75787,0.29,1.0,1.0,1.0,0.51,0.60645,0.531
177,,0.67716,0.28,1.0,1.0,1.0,0.5,0.52574,0.421
178,,0.59645,0.27,1.0,1.0,1.0,0.49,0.44503,0.311
179,,0.51574,0.26,1.0,1.0,1.0,0.48,0.36432,0.201
180,,0.43503,0.25,1.0,1.0,1.0,0.47,0.28361,0.091
181,,0.35432,0.24,1.0,1.0,1.0,0.46,0.2029,-0.019
182,8,0.35461,0.24,0.99971,1.0,0.99971,0.46,0.20319,1.0
183,,0.2739,0.23,1.0,1.0,1.0,0.45,0.12248,0.89
184,,0.19319,0.22,1.0,1.0,1.0,0.44,0.04177,0.78
185,,0.11248,0.21,1.0,1.0,1.0,0.43,-0.03894,0.67
186,7,0.04177,0.139,0.97071,1.0,1.0,0.501,1.0,0.641
187,,-0.03894,0.129,1.0,1.0,1.0,0.491,0.91929,0.531
188,1,1.0,0.2,1.0,1.0,0.97071,0.42,0.84858,0.502
189,,0.91929,0.19,1.0,1.0,1.0,0.41,0.76787,0.392
190,,0.83858,0.18,1.0,1.0,1.0,0.4,0.68716,0.282
191,,0.75787,0.17,1.0,1.0,1.0,0.39,0.60645,0.172
192,,0.67716,0.16,1.0,1.0,1.0,0.38,0.52574,0.062
193,,0.59645,0.15,1.0,1.0,1.0,0.37,0.44503,-0.048
194,8,0.59674,0.15,0.99971,1.0,0.99971,0.37,0.44532,1.0
195,,0.51603,0.14,1.0,1.0,1.0,0.36,0.36461,0.89
196,,0.43532,0.13,1.0,1.0,1.0,0.35,0.2839,0.78
197,,0.35461,0.12,1.0,1.0,1.0,0.34,0.20319,0.67
198,,0.2739,0.11,1.0,1.0,1.0,0.33,0.12248,0.56
199,,0.19319,0.1,1.0,1.0,1.0,0.32,0.04177,0.45
200,,0.11248,0.09,1.0,1.0,1.0,0.31,-0.03894,0.34
201,7,0.04177,0.019,0.97071,1.0,1.0,0.381,1.0,0.311
202,,-0.03894,0.009,1.0,1.0,1.0,0.371,0.91929,0.201
203,1,1.0,0.08,1.0,1.0,0.97071,0.3,0.84858,0.172
204,,0.91929,0.07,1.0,1.0,1.0,0.29,0.76787,0.062
205,,0.83858,0.06,1.0,1.0,1.0,0.28,0.68716,-0.048
206,8,0.83887,0.06,0.99971,1.0,0.99971,0.28,0.68745,1.0
207,,0.75816,0.05,1.0,1.0,1.0,0.27,0.60674,0.89
208,,0.67745,0.04,1.0,1.0,1.0,0.26,0.52603,0.78
209,,0.59674,0.03,1.0,1.0,1.0,0.25,0.44532,0.67
210,,0.51603,0.02,1.0,1.0,1.0,0.24,0.36461,0.56
211,,0.43532,0.01,1.0,1.0,1.0,0.23,0.2839,0.45
212,,0.35461,-0.0,1.0,1.0,1.0,0.22,0.20319,0.34
213,,0.2739,-0.01,1.0,1.0,1.0,0.21,0.12248,0.23
214,2,0.27419,1.0,1.0,1.0,0.99971,0.11,-0.01923,0.13
215,7,0.20348,0.929,0.97071,1.0,1.0,0.181,1.0,0.101
216,,0.12277,0.919,1.0,1.0,1.0,0.171,0.91929,-0.009
217,8,0.12306,0.919,0.99971,1.0,0.99971,0.171,0.91958,1.0
218,,0.04235,0.909,1.0,1.0,1.0,0.161,0.83887,0.89
219,,-0.03836,0.899,1.0,1.0,1.0,0.151,0.75816,0.78
220,1,1.0,0.97,1.0,1.0,0.97071,0.08,0.68745,0.751
221,,0.91929,0.96,1.0,1.0,1.0,0.07,0.60674,0.641
222,,0.83858,0.95,1.0,1.0,1.0,0.06,0.52603,0.531
223,,0.75787,0.94,1.0,1.0,1.0,0.05,0.44532,0.421
224,,0.67716,0.93,1.0,1.0,1.0,0.04,0.36461,0.311
225,,0.59645,0.92,1.0,1.0,1.0,0.03,0.2839,0.201
226,,0.51574,0.91,1.0,1.0,1.0,0.02,0.20319,0.091
227,,0.43503,0.9,1.0,1.0,1.0,0.01,0.12248,-0.019
228,8,0.43532,0.9,0.99971,1.0,0.99971,0.01,0.12277,1.0
229,,0.35461,0.89,1.0,1.0,1.0,-0.0,0.04206,0.89
230,,0.2739,0.88,1.0,1.0,1.0,-0.01,-0.03865,0.78
231,7,0.20319,0.809,0.97071,1.0,1.0,0.061,1.0,0.751
232,,0.12248,0.799,1.0,1.0,1.0,0.051,0.91929,0.641
233,,0.04177,0.789,1.0,1.0,1.0,0.041,0.83858,0.531
234,,-0.03894,0.779,1.0,1.0,1.0,0.031,0.75787,0.421
235,1,1.0,0.85,1.0,1.0,0.97071,-0.04,0.68716,0.392
236,6,0.85829,0.75,0.99971,1.0,1.0,1.0,0.68745,0.292
237,,0.77758,0.74,1.0,1.0,1.0,0.99,0.60674,0.182
238,,0.69687,0.73,1.0,1.0,1.0,0.98,0.52603,0.072
239,,0.61616,0.72,1.0,1.0,1.0,0.97,0.44532,-0.038
240,8,0.61645,0.72,0.99971,1.0,0.99971,0.97,0.44561,1.0
241,,0.53574,0.71,1.0,1.0,1.0,0.96,0.3649,0.89
242,,0.45503,0.7,1.0,1.0,1.0,0.95,0.28419,0.78
243,,0.37432,0.69,1.0,1.0,1.0,0.94,0.20348,0.67
244,,0.29361,0.68,1.0,1.0,1.0,0.93,0.12277,0.56
245,,0.2129,0.67,1.0,1.0,1.0,0.92,0.04206,0.45
246,,0.13219,0.66,1.0,1.0,1.0,0.91,-0.03865,0.34
247,7,0.06148,0.589,0.97071,1.0,1.0,0.981,1.0,0.311
248,,-0.01923,0.579,1.0,1.0,1.0,0.971,0.91929,0.201
249,1,1.0,0.65,1.0,1.0,0.97071,0.9,0.84858,0.172
250,,0.91929,0.64,1.0,1.0,1.0,0.89,0.76787,0.062
251,,0.83858,0.63,1.0,1.0,1.0,0.88,0.68716,-0.048
252,8,0.83887,0.63,0.99971,1.0,0.99971,0.88,0.68745,1.0
253,,0.75816,0.62,1.0,1.0,1.0,0.87,0.60674,0.89
254,,0.67745,0.61,1.0,1.0,1.0,0.86,0.52603,0.78
255,,0.59674,0.6,1.0,1.0,1.0,0.85,0.44532,0.67
256,,0.51603,0.59,1.0,1.0,1.0,0.84,0.36461,0.56
257,,0.43532,0.58,1.0,1.0,1.0,0.83,0.2839,0.45
258,,0.35461,0.57,1.0,1.0,1.0,0.82,0.20319,0.34
259,,0.2739,0.56,1.0,1.0,1.0,0.81,0.12248,0.23
260,,0.19319,0.55,1.0,1.0,1.0,0.8,0.04177,0.12
261,,0.11248,0.54,1.0,1.0,1.0,0.79,-0.03894,0.01
262,7,0.04177,0.469,0.97071,1.0,1.0,0.861,1.0,-0.019
263,8,0.04206,0.469,0.97042,1.0,0.99971,0.861,1.0,1.0
264,,-0.03865,0.459,1.0,1.0,1.0,0.851,0.91929,0.89
265,1,1.0,0.53,1.0,1.0,0.97071,0.78,0.84858,0.861
266,,0.91929,0.52,1.0,1.0,1.0,0.77,0.76787,0.751
267,,0.83858,0.51,1.0,1.0,1.0,0.76,0.68716,0.641
268,,0.75787,0.5,1.0,1.0,1.0,0.75,0.60645,0.531
269,,0.67716,0.49,1.0,1.0,1.0,0.74,0.52574,0.421
270,,0.59645,0.48,1.0,1.0,1.0,0.73,0.44503,0.311
271,,0.51574,0.47,1.0,1.0,1.0,0.72,0.36432,0.201
272,,0.43503,0.46,1.0,1.0,1.0,0.71,0.28361,0.091
273,,0.35432,0.45,1.0,1.0,1.0,0.7,0.2029,-0.019
274,8,0.35461,0.45,0.99971,1.0,0.99971,0.7,0.20319,1.0
275,,0.2739,0.44,1.0,1.0,1.0,0.69,0.12248,0.89
276,,0.19319,0.43,1.0,1.0,1.0,0.68,0.04177,0.78
277,,0.11248,0.42,1.0,1.0,1.0,0.67,-0.03894,0.67
278,7,0.04177,0.349,0.97071,1.0,1.0,0.741,1.0,0.641
279,,-0.03894,0.339,1.0,1.0,1.0,0.731,0.91929,0.531
280,1,1.0,0.41,1.0,1.0,0.97071,0.66,0.84858,0.502
281,,0.91929,0.4,1.0,1.0,1.0,0.65,0.76787,0.392
282,,0.83858,0.39,1.0,1.0,1.0,0.64,0.68716,0.282
283,,0.75787,0.38,1.0,1.0,1.0,0.63,0.60645,0.172
284,,0.67716,0.37,1.0,1.0,1.0,0.62,0.52574,0.062
285,,0.59645,0.36,1.0,1.0,1.0,0.61,0.44503,-0.048
286,8,0.59674,0.36,0.99971,1.0,0.99971,0.61,0.44532,1.0
287,,0.51603,0.35,1.0,1.0,1.0,0.6,0.36461,0.89
288,,0.43532,0.34,1.0,1.0,1.0,0.59,0.2839,0.78
289,,0.35461,0.33,1.0,1.0,1.0,0.58,0.20319,0.67
290,,0.2739,0.32,1.0,1.0,1.0,0.57,0.12248,0.56
291,,0.19319,0.31,1.0,1.0,1.0,0.56,0.04177,0.45
292,,0.11248,0.3,1.0,1.0,1.0,0.55,-0.03894,0.34
293,7,0.04177,0.229,0.97071,1.0,1.0,0.621,1.0,0.311
294,,-0.03894,0.219,1.0,1.0,1.0,0.611,0.91929,0.201
295,1,1.0,0.29,1.0,1.0,0.97071,0.54,0.84858,0.172
296,,0.91929,0.28,1.0,1.0,1.0,0.53,0.76787,0.062
297,,0.83858,0.27,1.0,1.0,1.0,0.52,0.68716,-0.048
298,8,0.83887,0.27,0.99971,1.0,0.99971,0.52,0.68745,1.0
299,,0.75816,0.26,1.0,1.0,1.0,0.51,0.60674,0.89
300,,0.67745,0.25,1.0,1.0,1.0,0.5,0.52603,0.78
301,,0.59674,0.24,1.0,1.0,1.0,0.49,0.44532,0.67
302,,0.51603,0.23,1.0,1.0,1.0,0.48,0.36461,0.56
303,,0.43532,0.22,1.0,1.0,1.0,0.47,0.2839,0.45
304,,0.35461,0.21,1.0,1.0,1.0,0.46,0.20319,0.34
305,,0.2739,0.2,1.0,1.0,1.0,0.45,0.12248,0.23
306,,0.19319,0.19,1.0,1.0,1.0,0.44,0.04177,0.12
307,,0.11248,0.18,1.0,1.0,1.0,0.43,-0.03894,0.01
308,7,0.04177,0.109,0.97071,1.0,1.0,0.501,1.0,-0.019
309,8,0.04206,0.109,0.97042,1.0,0.99971,0.501,1.0,1.0
310,,-0.03865,0.099,1.0,1.0,1.0,0.491,0.91929,0.89
311,1,1.0,0.17,1.0,1.0,0.97071,0.42,0.84858,0.861
312,,0.91929,0.16,1.0,1.0,1.0,0.41,0.76787,0.751
313,,0.83858,0.15,1.0,1.0,1.0,0.4,0.68716,0.641
314,,0.75787,0.14,1.0,1.0,1.0,0.39,0.60645,0.531
315,,0.67716,0.13,1.0,1.0,1.0,0.38,0.52574,0.421
316,,0.59645,0.12,1.0,1.0,1.0,0.37,0.44503,0.311
317,,0.51574,0.11,1.0,1.0,1.0,0.36,0.36432,0.201
318,,0.43503,0.1,1.0,1.0,1.0,0.35,0.28361,0.091
319,,0.35432,0.09,1.0,1.0,1.0,0.34,0.2029,-0.019
320,8,0.35461,0.09,0.99971,1.0,0.99971,0.34,0.20319,1.0
321,,0.2739,0.08,1.0,1.0,1.0,0.33,0.12248,0.89
322,,0.19319,0.07,1.0,1.0,1.0,0.32,0.04177,0.78
323,,0.11248,0.06,1.0,1.0,1.0,0.31,-0.03894,0.67
324,7,0.04177,-0.011,0.97071,1.0,1.0,0.381,1.0,0.641
325,2,0.04206,1.0,1.0,1.0,0.99971,0.281,0.85829,0.541
326,,-0.03865,0.99,1.0,1.0,1.0,0.271,0.77758,0.431
327,1,1.0,1.0,1.0,1.0,0.97071,0.2,0.70687,0.402
328,,0.91929,0.99,1.0,1.0,1.0,0.19,0.62616,0.292
329,,0.83858,0.98,1.0,1.0,1.0,0.18,0.54545,0.182
330,,0.75787,0.97,1.0,1.0,1.0,0.17,0.46474,0.072
331,,0.67716,0.96,1.0,1.0,1.0,0.16,0.38403,-0.038
332,8,0.67745,0.96,0.99971,1.0,0.99971,0.16,0.38432,1.0
333,,0.59674,0.95,1.0,1.0,1.0,0.15,0.30361,0.89
334,,0.51603,0.94,1.0,1.0,1.0,0.14,0.2229,0.78
335,,0.43532,0.93,1.0,1.0,1.0,0.13,0.14219,0.67
336,,0.35461,0.92,1.0,1.0,1.0,0.12,0.06148,0.56
337,,0.2739,0.91,1.0,1.0,1.0,0.11,-0.01923,0.45
338,7,0.20319,0.839,0.97071,1.0,1.0,0.181,1.0,0.421
339,,0.12248,0.829,1.0,1.0,1.0,0.171,0.91929,0.311
340,,0.04177,0.819,1.0,1.0,1.0,0.161,0.83858,0.201
341,,-0.03894,0.809,1.0,1.0,1.0,0.151,0.75787,0.091
342,1,1.0,0.88,1.0,1.0,0.97071,0.08,0.68716,0.062
343,,0.91929,0.87,1.0,1.0,1.0,0.07,0.60645,-0.048
344,8,0.91958,0.87,0.99971,1.0,0.99971,0.07,0.60674,1.0
345,,0.83887,0.86,1.0,1.0,1.0,0.06,0.52603,0.89
346,,0.75816,0.85,1.0,1.0,1.0,0.05,0.44532,0.78
347,,0.67745,0.84,1.0,1.0,1.0,0.04,0.36461,0.67
348,,0.59674,0.83,1.0,1.0,1.0,0.03,0.2839,0.56
349,,0.51603,0.82,1.0,1.0,1.0,0.02,0.20319,0.45
350,,0.43532,0.81,1.0,1.0,1.0,0.01,0.12248,0.34
351,,0.35461,0.8,1.0,1.0,1.0,-0.0,0.04177,0.23
352,,0.2739,0.79,1.0,1.0,1.0,-0.01,-0.03894,0.12
353,7,0.20319,0.719,0.97071,1.0,1.0,0.061,1.0,0.091
354,,0.12248,0.709,1.0,1.0,1.0,0.051,0.91929,-0.019
355,8,0.12277,0.709,0.99971,1.0,0.99971,0.051,0.91958,1.0
356,,0.04206,0.699,1.0,1.0,1.0,0.041,0.83887,0.89
357,,-0.03865,0.689,1.0,1.0,1.0,0.031,0.75816,0.78
358,1,1.0,0.76,1.0,1.0,0.97071,-0.04,0.68745,0.751
359,6,0.85829,0.66,0.99971,1.0,1.0,1.0,0.68774,0.651
360,,0.77758,0.65,1.0,1.0,1.0,0.99,0.60703,0.541
361,,0.69687,0.64,1.0,1.0,1.0,0.98,0.52632,0.431
362,,0.61616,0.63,1.0,1.0,1.0,0.97,0.44561,0.321
363,,0.53545,0.62,1.0,1.0,1.0,0.96,0.3649,0.211
364,,0.45474,0.61,1.0,1.0,1.0,0.95,0.28419,0.101
365,,0.37403,0.6,1.0,1.0,1.0,0.94,0.20348,-0.009
366,8,0.37432,0.6,0.99971,1.0,0.99971,0.94,0.20377,1.0
367,,0.29361,0.59,1.0,1.0,1.0,0.93,0.12306,0.89
368,,0.2129,0.58,1.0,1.0,1.0,0.92,0.04235,0.78
369,,0.13219,0.57,1.0,1.0,1.0,0.91,-0.03836,0.67
370,7,0.06148,0.499,0.97071,1.0,1.0,0.981,1.0,0.641
371,,-0.01923,0.489,1.0,1.0,1.0,0.971,0.91929,0.531
372,1,1.0,0.56,1.0,1.0,0.97071,0.9,0.84858,0.502
373,,0.91929,0.55,1.0,1.0,1.0,0.89,0.76787,0.392
374,,0.83858,0.54,1.0,1.0,1.0,0.88,0.68716,0.282
375,,0.75787,0.53,1.0,1.0,1.0,0.87,0.60645,0.172
376,,0.67716,0.52,1.0,1.0,1.0,0.86,0.52574,0.062
377,,0.59645,0.51,1.0,1.0,1.0,0.85,0.44503,-0.048
378,8,0.59674,0.51,0.99971,1.0,0.99971,0.85,0.44532,1.0
379,,0.51603,0.5,1.0,1.0,1.0,0.84,0.36461,0.89
380,,0.43532,0.49,1.0,1.0,1.0,0.83,0.2839,0.78
381,,0.35461,0.48,1.0,1.0,1.0,0.82,0.20319,0.67
382,,0.2739,0.47,1.0,1.0,1.0,0.81,0.12248,0.56
383,,0.19319,0.46,1.0,1.0,1.0,0.8,0.04177,0.45
384,,0.11248,0.45,1.0,1.0,1.0,0.79,-0.03894,0.34
385,7,0.04177,0.379,0.97071,1.0,1.0,0.861,1.0,0.311
386,,-0.03894,0.369,1.0,1.0,1.0,0.851,0.91929,0.201
387,1,1.0,0.44,1.0,1.0,0.97071,0.78,0.84858,0.172
388,,0.91929,0.43,1.0,1.0,1.0,0.77,0.76787,0.062
389,,0.83858,0.42,1.0,1.0,1.0,0.76,0.68716,-0.048
390,8,0.83887,0.42,0.99971,1.0,0.99971,0.76,0.68745,1.0
391,,0.75816,0.41,1.0,1.0,1.0,0.75,0.60674,0.89
392,,0.67745,0.4,1.0,1.0,1.0,0.74,0.52603,0.78
393,,0.59674,0.39,1.0,1.0,1.0,0.73,0.44532,0.67
394,,0.51603,0.38,1.0,1.0,1.0,0.72,0.36461,0.56
395,,0.43532,0.37,1.0,1.0,1.0,0.71,0.2839,0.45
396,,0.35461,0.36,1.0,1.0,1.0,0.7,0.20319,0.34
397,,0.2739,0.35,1.0,1.0,1.0,0.69,0.12248,0.23
398,,0.19319,0.34,1.0,1.0,1.0,0.68,0.04177,0.12
399,,0.11248,0.33,1.0,1.0,1.0,0.67,-0.03894,0.01
400,7,0.04177,0.259,0.97071,1.0,1.0,0.741,1.0,-0.019
401,8,0.04206,0.259,0.97042,1.0,0.99971,0.741,1.0,1.0
402,,-0.03865,0.249,1.0,1.0,1.0,0.731,0.91929,0.89
403,1,1.0,0.32,1.0,1.0,0.97071,0.66,0.84858,0.861
404,,0.91929,0.31,1.0,1.0,1.0,0.65,0.76787,0.751
405,,0.83858,0.3,1.0,1.0,1.0,0.64,0.68716,0.641
406,,0.75787,0.29,1.0,1.0,1.0,0.63,0.60645,0.531
407,,0.67716,0.28,1.0,1.0,1.0,0.62,0.52574,0.421
408,,0.59645,0.27,1.0,1.0,1.0,0.61,0.44503,0.311
409,,0.51574,0.26,1.0,1.0,1.0,0.6,0.36432,0.201
410,,0.43503,0.25,1.0,1.0,1.0,0.59,0.28361,0.091
411,,0.35432,0.24,1.0,1.0,1.0,0.58,0.2029,-0.019
412,8,0.35461,0.24,0.99971,1.0,0.99971,0.58,0.20319,1.0
413,,0.2739,0.23,1.0,1.0,1.0,0.57,0.12248,0.89
414,,0.19319,0.22,1.0,1.0,1.0,0.56,0.04177,0.78
415,,0.11248,0.21,1.0,1.0,1.0,0.55,-0.03894,0.67
416,7,0.04177,0.139,0.97071,1.0,1.0,0.621,1.0,0.641
417,,-0.03894,0.129,1.0,1.0,1.0,0.611,0.91929,0.531
418,1,1.0,0.2,1.0,1.0,0.97071,0.54,0.84858,0.502
419,,0.91929,0.19,1.0,1.0,1.0,0.53,0.76787,0.392
420,,0.83858,0.18,1.0,1.0,1.0,0.52,0.68716,0.282
421,,0.75787,0.17,1.0,1.0,1.0,0.51,0.60645,0.172
422,,0.67716,0.16,1.0,1.0,1.0,0.5,0.52574,0.062
423,,0.59645,0.15,1.0,1.0,1.0,0.49,0.44503,-0.048
424,8,0.59674,0.15,0.99971,1.0,0.99971,0.49,0.44532,1.0
425,,0.51603,0.14,1.0,1.0,1.0,0.48,0.36461,0.89
426,,0.43532,0.13,1.0,1.0,1.0,0.47,0.2839,0.78
427,,0.35461,0.12,1.0,1.0,1.0,0.46,0.20319,0.67
428,,0.2739,0.11,1.0,1.0,1.0,0.45,0.12248,0.56
429,,0.19319,0.1,1.0,1.0,1.0,0.44,0.04177,0.45
430,,0.11248,0.09,1.0,1.0,1.0,0.43,-0.03894,0.34
431,7,0.04177,0.019,0.97071,1.0,1.0,0.501,1.0,0.311
432,,-0.03894,0.009,1.0,1.0,1.0,0.491,0.91929,0.201
433,1,1.0,0.08,1.0,1.0,0.97071,0.42,0.84858,0.172
434,,0.91929,0.07,1.0,1.0,1.0,0.41,0.76787,0.062
435,,0.83858,0.06,1.0,1.0,1.0,0.4,0.68716,-0.048
436,8,0.83887,0.06,0.99971,1.0,0.99971,0.4,0.68745,1.0
437,,0.75816,0.05,1.0,1.0,1.0,0.39,0.60674,0.89
438,,0.67745,0.04,1.0,1.0,1.0,0.38,0.52603,0.78
439,,0.59674,0.03,1.0,1.0,1.0,0.37,0.44532,0.67
440,,0.51603,0.02,1.0,1.0,1.0,0.36,0.36461,0.56
441,,0.43532,0.01,1.0,1.0,1.0,0.35,0.2839,0.45
442,,0.35461,-0.0,1.0,1.0,1.0,0.34,0.20319,0.34
443,,0.2739,-0.01,1.0,1.0,1.0,0.33,0.12248,0.23
444,2,0.27419,1.0,1.0,1.0,0.99971,0.23,-0.01923,0.13
445,7,0.20348,0.929,0.97071,1.0,1.0,0.301,1.0,0.101
446,,0.12277,0.919,1.0,1.0,1.0,0.291,0.91929,-0.009
447,8,0.12306,0.919,0.99971,1.0,0.99971,0.291,0.91958,1.0
448,,0.04235,0.909,1.0,1.0,1.0,0.281,0.83887,0.89
449,,-0.03836,0.899,1.0,1.0,1.0,0.271,0.75816,0.78
450,1,1.0,0.97,1.0,1.0,0.97071,0.2,0.68745,0.751
451,,0.91929,0.96,1.0,1.0,1.0,0.19,0.60674,0.641
452,,0.83858,0.95,1.0,1.0,1.0,0.18,0.52603,0.531
453,,0.75787,0.94,1.0,1.0,1.0,0.17,0.44532,0.421
454,,0.67716,0.93,1.0,1.0,1.0,0.16,0.36461,0.311
455,,0.59645,0.92,1.0,1.0,1.0,0.15,0.2839,0.201
456,,0.51574,0.91,1.0,1.0,1.0,0.14,0.20319,0.091
457,,0.43503,0.9,1.0,1.0,1.0,0.13,0.12248,-0.019
458,8,0.43532,0.9,0.99971,1.0,0.99971,0.13,0.12277,1.0
459,,0.35461,0.89,1.0,1.0,1.0,0.12,0.04206,0.89
460,,0.2739,0.88,1.0,1.0,1.0,0.11,-0.03865,0.78
461,7,0.20319,0.809,0.97071,1.0,1.0,0.181,1.0,0.751
462,,0.12248,0.799,1.0,1.0,1.0,0.171,0.91929,0.641
463,,0.04177,0.789,1.0,1.0,1.0,0.161,0.83858,0.531
464,,-0.03894,0.779,1.0,1.0,1.0,0.151,0.75787,0.421
465,1,1.0,0.85,1.0,1.0,0.97071,0.08,0.68716,0.392
466,,0.91929,0.84,1.0,1.0,1.0,0.07,0.60645,0.282
467,,0.83858,0.83,1.0,1.0,1.0,0.06,0.52574,0.172
468,,0.75787,0.82,1.0,1.0,1.0,0.05,0.44503,0.062
469,,0.67716,0.81,1.0,1.0,1.0,0.04,0.36432,-0.048
470,8,0.67745,0.81,0.99971,1.0,0.99971,0.04,0.36461,1.0
471,,0.59674,0.8,1.0,1.0,1.0,0.03,0.2839,0.89
472,,0.51603,0.79,1.0,1.0,1.0,0.02,0.20319,0.78
473,,0.43532,0.78,1.0,1.0,1.0,0.01,0.12248,0.67
474,,0.35461,0.77,1.0,1.0,1.0,-0.0,0.04177,0.56
475,,0.2739,0.76,1.0,1.0,1.0,-0.01,-0.03894,0.45
476,7,0.20319,0.689,0.97071,1.0,1.0,0.061,1.0,0.421
477,,0.12248,0.679,1.0,1.0,1.0,0.051,0.91929,0.311
478,,0.04177,0.669,1.0,1.0,1.0,0.041,0.83858,0.201
479,,-0.03894,0.659,1.0,1.0,1.0,0.031,0.75787,0.091
480,1,1.0,0.73,1.0,1.0,0.97071,-0.04,0.68716,0.062
481,6,0.85829,0.63,0.99971,1.0,1.0,1.0,0.68745,-0.038
482,8,0.85858,0.63,0.99942,1.0,0.99971,1.0,0.68774,1.0
483,,0.77787,0.62,1.0,1.0,1.0,0.99,0.60703,0.89
484,,0.69716,0.61,1.0,1.0,1.0,0.98,0.52632,0.78
485,,0.61645,0.6,1.0,1.0,1.0,0.97,0.44561,0.67
486,,0.53574,0.59,1.0,1.0,1.0,0.96,0.3649,0.56
487,,0.45503,0.58,1.0,1.0,1.0,0.95,0.28419,0.45
488,,0.37432,0.57,1.0,1.0,1.0,0.94,0.20348,0.34
489,,0.29361,0.56,1.0,1.0,1.0,0.93,0.12277,0.23
490,,0.2129,0.55,1.0,1.0,1.0,0.92,0.04206,0.12
491,,0.13219,0.54,1.0,1.0,1.0,0.91,-0.03865,0.01
492,7,0.06148,0.469,0.97071,1.0,1.0,0.981,1.0,-0.019
493,8,0.06177,0.469,0.97042,1.0,0.99971,0.981,1.0,1.0
494,,-0.01894,0.459,1.0,1.0,1.0,0.971,0.91929,0.89
495,1,1.0,0.53,1.0,1.0,0.97071,0.9,0.84858,0.861
496,,0.91929,0.52,1.0,1.0,1.0,0.89,0.76787,0.751
497,,0.83858,0.51,1.0,1.0,1.0,0.88,0.68716,0.641
498,,0.75787,0.5,1.0,1.0,1.0,0.87,0.60645,0.531
499,,0.67716,0.49,1.0,1.0,1.0,0.86,0.52574,0.421
500,,0.59645,0.48,1.0,1.0,1.0,0.85,0.44503,0.311
501,,0.51574,0.47,1.0,1.0,1.0,0.84,0.36432,0.201
502,,0.43503,0.46,1.0,1.0,1.0,0.83,0.28361,0.091
503,,0.35432,0.45,1.0,1.0,1.0,0.82,0.2029,-0.019
504,8,0.35461,0.45,0.99971,1.0,0.99971,0.82,0.20319,1.0
505,,0.2739,0.44,1.0,1.0,1.0,0.81,0.12248,0.89
506,,0.19319,0.43,1.0,1.0,1.0,0.8,0.04177,0.78
507,,0.11248,0.42,1.0,1.0,1.0,0.79,-0.03894,0.67
508,7,0.04177,0.349,0.97071,1.0,1.0,0.861,1.0,0.641
509,,-0.03894,0.339,1.0,1.0,1.0,0.851,0.91929,0.531
510,1,1.0,0.41,1.0,1.0,0.97071,0.78,0.84858,0.502
511,,0.91929,0.4,1.0,1.0,1.0,0.77,0.76787,0.392
512,,0.83858,0.39,1.0,1.0,1.0,0.76,0.68716,0.282
513,,0.75787,0.38,1.0,1.0,1.0,0.75,0.60645,0.172
514,,0.67716,0.37,1.0,1.0,1.0,0.74,0.52574,0.062
515,,0.59645,0.36,1.0,1.0,1.0,0.73,0.44503,-0.048
516,8,0.59674,0.36,0.99971,1.0,0.99971,0.73,0.44532,1.0
517,,0.51603,0.35,1.0,1.0,1.0,0.72,0.36461,0.89
518,,0.43532,0.34,1.0,1.0,1.0,0.71,0.2839,0.78
519,,0.35461,0.33,1.0,1.0,1.0,0.7,0.20319,0.67
520,,0.2739,0.32,1.0,1.0,1.0,0.69,0.12248,0.56
521,,0.19319,0.31,1.0,1.0,1.0,0.68,0.04177,0.45
522,,0.11248,0.3,1.0,1.0,1.0,0.67,-0.03894,0.34
523,7,0.04177,0.229,0.97071,1.0,1.0,0.741,1.0,0.311
524,,-0.03894,0.219,1.0,1.0,1.0,0.731,0.91929,0.201
525,1,1.0,0.29,1.0,1.0,0.97071,0.66,0.84858,0.172
526,,0.91929,0.28,1.0,1.0,1.0,0.65,0.76787,0.062
527,,0.83858,0.27,1.0,1.0,1.0,0.64,0.68716,-0.048
528,8,0.83887,0.27,0.99971,1.0,0.99971,0.64,0.68745,1.0
529,,0.75816,0.26,1.0,1.0,1.0,0.63,0.60674,0.89
530,,0.67745,0.25,1.0,1.0,1.0,0.62,0.52603,0.78
531,,0.59674,0.24,1.0,1.0,1.0,0.61,0.44532,0.67
532,,0.51603,0.23,1.0,1.0,1.0,0.6,0.36461,0.56
533,,0.43532,0.22,1.0,1.0,1.0,0.59,0.2839,0.45
534,,0.35461,0.21,1.0,1.0,1.0,0.58,0.20319,0.34
535,,0.2739,0.2,1.0,1.0,1.0,0.57,0.12248,0.23
536,,0.19319,0.19,1.0,1.0,1.0,0.56,0.04177,0.12
537,,0.11248,0.18,1.0,1.0,1.0,0.55,-0.03894,0.01
538,7,0.04177,0.109,0.97071,1.0,1.0,0.621,1.0,-0.019
539,8,0.04206,0.109,0.97042,1.0,0.99971,0.621,1.0,1.0
540,,-0.03865,0.099,1.0,1.0,1.0,0.611,0.91929,0.89
541,1,1.0,0.17,1.0,1.0,0.97071,0.54,0.84858,0.861
542,,0.91929,0.16,1.0,1.0,1.0,0.53,0.76787,0.751
543,,0.83858,0.15,1.0,1.0,1.0,0.52,0.68716,0.641
544,,0.75787,0.14,1.0,1.0,1.0,0.51,0.60645,0.531
545,,0.67716,0.13,1.0,1.0,1.0,0.5,0.52574,0.421
546,,0.59645,0.12,1.0,1.0,1.0,0.49,0.44503,0.311
547,,0.51574,0.11,1.0,1.0,1.0,0.48,0.36432,0.201
548,,0.43503,0.1,1.0,1.0,1.0,0.47,0.28361,0.091
549,,0.35432,0.09,1.0,1.0,1.0,0.46,0.2029,-0.019
550,8,0.35461,0.09,0.99971,1.0,0.99971,0.46,0.20319,1.0
551,,0.2739,0.08,1.0,1.0,1.0,0.45,0.12248,0.89
552,,0.19319,0.07,1.0,1.0,1.0,0.44,0.04177,0.78
553,,0.11248,0.06,1.0,1.0,1.0,0.43,-0.03894,0.67
554,7,0.04177,-0.011,0.97071,1.0,1.0,0.501,1.0,0.641
555,2,0.04206,1.0,1.0,1.0,0.99971,0.401,0.85829,0.541
556,,-0.03865,0.99,1.0,1.0,1.0,0.391,0.77758,0.431
557,1,1.0,1.0,1.0,1.0,0.97071,0.32,0.70687,0.402
558,,0.91929,0.99,1.0,1.0,1.0,0.31,0.62616,0.292
559,,0.83858,0.98,1.0,1.0,1.0,0.3,0.54545,0.182
560,,0.75787,0.97,1.0,1.0,1.0,0.29,0.46474,0.072
561,,0.67716,0.96,1.0,1.0,1.0,0.28,0.38403,-0.038
562,8,0.67745,0.96,0.99971,1.0,0.99971,0.28,0.38432,1.0
563,,0.59674,0.95,1.0,1.0,1.0,0.27,0.30361,0.89
564,,0.51603,0.94,1.0,1.0,1.0,0.26,0.2229,0.78
565,,0.43532,0.93,1.0,1.0,1.0,0.25,0.14219,0.67
566,,0.35461,0.92,1.0,1.0,1.0,0.24,0.06148,0.56
567,,0.2739,0.91,1.0,1.0,1.0,0.23,-0.01923,0.45
568,7,0.20319,0.839,0.97071,1.0,1.0,0.301,1.0,0.421
569,,0.12248,0.829,1.0,1.0,1.0,0.291,0.91929,0.311
570,,0.04177,0.819,1.0,1.0,1.0,0.281,0.83858,0.201
571,,-0.03894,0.809,1.0,1.0,1.0,0.271,0.75787,0.091
572,1,1.0,0.88,1.0,1.0,0.97071,0.2,0.68716,0.062
573,,0.91929,0.87,1.0,1.0,1.0,0.19,0.60645,-0.048
574,8,0.91958,0.87,0.99971,1.0,0.99971,0.19,0.60674,1.0
575,,0.83887,0.86,1.0,1.0,1.0,0.18,0.52603,0.89
576,,0.75816,0.85,1.0,1.0,1.0,0.17,0.44532,0.78
577,,0.67745,0.84,1.0,1.0,1.0,0.16,0.36461,0.67
578,,0.59674,0.83,1.0,1.0,1.0,0.15,0.2839,0.56
579,,0.51603,0.82,1.0,1.0,1.0,0.14,0.20319,0.45
580,,0.43532,0.81,1.0,1.0,1.0,0.13,0.12248,0.34
581,,0.35461,0.8,1.0,1.0,1.0,0.12,0.04177,0.23
582,,0.2739,0.79,1.0,1.0,1.0,0.11,-0.03894,0.12
583,7,0.20319,0.719,0.97071,1.0,1.0,0.181,1.0,0.091
584,,0.12248,0.709,1.0,1.0,1.0,0.171,0.91929,-0.019
585,8,0.12277,0.709,0.99971,1.0,0.99971,0.171,0.91958,1.0
586,,0.04206,0.699,1.0,1.0,1.0,0.161,0.83887,0.89
587,,-0.03865,0.689,1.0,1.0,1.0,0.151,0.75816,0.78
588,1,1.0,0.76,1.0,1.0,0.97071,0.08,0.68745,0.751
589,,0.91929,0.75,1.0,1.0,1.0,0.07,0.60674,0.641
590,,0.83858,0.74,1.0,1.0,1.0,0.06,0.52603,0.531
591,,0.75787,0.73,1.0,1.0,1.0,0.05,0.44532,0.421
592,,0.67716,0.72,1.0,1.0,1.0,0.04,0.36461,0.311
593,,0.59645,0.71,1.0,1.0,1.0,0.03,0.2839,0.201
594,,0.51574,0.7,1.0,1.0,1.0,0.02,0.20319,0.091
595,,0.43503,0.69,1.0,1.0,1.0,0.01,0.12248,-0.019
596,8,0.43532,0.69,0.99971,1.0,0.99971,0.01,0.12277,1.0
597,,0.35461,0.68,1.0,1.0,1.0,-0.0,0.04206,0.89
598,,0.2739,0.67,1.0,1.0,1.0,-0.01,-0.03865,0.78
599,7,0.20319,0.599,0.97071,1.0,1.0,0.061,1.0,0.751
600,,0.12248,0.589,1.0,1.0,1.0,0.051,0.91929,0.641
601,,0.04177,0.579,1.0,1.0,1.0,0.041,0.83858,0.531
602,,-0.03894,0.569,1.0,1.0,1.0,0.031,0.75787,0.421
603,1,1.0,0.64,1.0,1.0,0.97071,-0.04,0.68716,0.392
604,6,0.85829,0.54,0.99971,1.0,1.0,1.0,0.68745,0.292
605,,0.77758,0.53,1.0,1.0,1.0,0.99,0.60674,0.182
606,,0.69687,0.52,1.0,1.0,1.0,0.98,0.52603,0.072
607,,0.61616,0.51,1.0,1.0,1.0,0.97,0.44532,-0.038
608,8,0.61645,0.51,0.99971,1.0,0.99971,0.97,0.44561,1.0
609,,0.53574,0.5,1.0,1.0,1.0,0.96,0.3649,0.89
610,,0.45503,0.49,1.0,1.0,1.0,0.95,0.28419,0.78
611,,0.37432,0.48,1.0,1.0,1.0,0.94,0.20348,0.67
612,,0.29361,0.47,1.0,1.0,1.0,0.93,0.12277,0.56
613,,0.2129,0.46,1.0,1.0,1.0,0.92,0.04206,0.45
614,,0.13219,0.45,1.0,1.0,1.0,0.91,-0.03865,0.34
615,7,0.06148,0.379,0.97071,1.0,1.0,0.981,1.0,0.311
616,,-0.01923,0.369,1.0,1.0,1.0,0.971,0.91929,0.201
617,1,1.0,0.44,1.0,1.0,0.97071,0.9,0.84858,0.172
618,,0.91929,0.43,1.0,1.0,1.0,0.89,0.76787,0.062
619,,0.83858,0.42,1.0,1.0,1.0,0.88,0.68716,-0.048
620,8,0.83887,0.42,0.99971,1.0,0.99971,0.88,0.68745,1.0
621,,0.75816,0.41,1.0,1.0,1.0,0.87,0.60674,0.89
622,,0.67745,0.4,1.0,1.0,1.0,0.86,0.52603,0.78
623,,0.59674,0.39,1.0,1.0,1.0,0.85,0.44532,0.67
624,,0.51603,0.38,1.0,1.0,1.0,0.84,0.36461,0.56
625,,0.43532,0.37,1.0,1.0,1.0,0.83,0.2839,0.45
626,,0.35461,0.36,1.0,1.0,1.0,0.82,0.20319,0.34
627,,0.2739,0.35,1.0,1.0,1.0,0.81,0.12248,0.23
628,,0.19319,0.34,1.0,1.0,1.0,0.8,0.04177,0.12
629,,0.11248,0.33,1.0,1.0,1.0,0.79,-0.03894,0.01
630,7,0.04177,0.259,0.97071,1.0,1.0,0.861,1.0,-0.019
631,8,0.04206,0.259,0.97042,1.0,0.99971,0.861,1.0,1.0
632,,-0.03865,0.249,1.0,1.0,1.0,0.851,0.91929,0.89
633,1,1.0,0.32,1.0,1.0,0.97071,0.78,0.84858,0.861
634,,0.91929,0.31,1.0,1.0,1.0,0.77,0.76787,0.751
635,,0.83858,0.3,1.0,1.0,1.0,0.76,0.68716,0.641
636,,0.75787,0.29,1.0,1.0,1.0,0.75,0.60645,0.531
637,,0.67716,0.28,1.0,1.0,1.0,0.74,0.52574,0.421
638,,0.59645,0.27,1.0,1.0,1.0,0.73,0.44503,0.311
639,,0.51574,0.26,1.0,1.0,1.0,0.72,0.36432,0.201
640,,0.43503,0.25,1.0,1.0,1.0,0.71,0.28361,0.091
641,,0.35432,0.24,1.0,1.0,1.0,0.7,0.2029,-0.019
642,8,0.35461,0.24,0.99971,1.0,0.99971,0.7,0.20319,1.0
643,,0.2739,0.23,1.0,1.0,1.0,0.69,0.12248,0.89
644,,0.19319,0.22,1.0,1.0,1.0,0.68,0.04177,0.78
645,,0.11248,0.21,1.0,1.0,1.0,0.67,-0.03894,0.67
646,7,0.04177,0.139,0.97071,1.0,1.0,0.741,1.0,0.641
647,,-0.03894,0.129,1.0,1.0,1.0,0.731,0.91929,0.531
648,1,1.0,0.2,1.0,1.0,0.97071,0.66,0.84858,0.502
649,,0.91929,0.19,1.0,1.0,1.0,0.65,0.76787,0.392
650,,0.83858,0.18,1.0,1.0,1.0,0.64,0.68716,0.282
651,,0.75787,0.17,1.0,1.0,1.0,0.63,0.60645,0.172
652,,0.67716,0.16,1.0,1.0,1.0,0.62,0.52574,0.062
653,,0.59645,0.15,1.0,1.0,1.0,0.61,0.44503,-0.048
654,8,0.59674,0.15,0.99971,1.0,0.99971,0.61,0.44532,1.0
655,,0.51603,0.14,1.0,1.0,1.0,0.6,0.36461,0.89
656,,0.43532,0.13,1.0,1.0,1.0,0.59,0.2839,0.78
657,,0.35461,0.12,1.0,1.0,1.0,0.58,0.20319,0.67
658,,0.2739,0.11,1.0,1.0,1.0,0.57,0.12248,0.56
659,,0.19319,0.1,1.0,1.0,1.0,0.56,0.04177,0.45
660,,0.11248,0.09,1.0,1.0,1.0,0.55,-0.03894,0.34
661,7,0.04177,0.019,0.97071,1.0,1.0,0.621,1.0,0.311
662,,-0.03894,0.009,1.0,1.0,1.0,0.611,0.91929,0.201
663,1,1.0,0.08,1.0,1.0,0.97071,0.54,0.84858,0.172
664,,0.91929,0.07,1.0,1.0,1.0,0.53,0.76787,0.062
665,,0.83858,0.06,1.0,1.0,1.0,0.52,0.68716,-0.048
666,8,0.83887,0.06,0.99971,1.0,0.99971,0.52,0.68745,1.0
667,,0.75816,0.05,1.0,1.0,1.0,0.51,0.60674,0.89
668,,0.67745,0.04,1.0,1.0,1.0,0.5,0.52603,0.78
669,,0.59674,0.03,1.0,1.0,1.0,0.49,0.44532,0.67
670,,0.51603,0.02,1.0,1.0,1.0,0.48,0.36461,0.56
671,,0.43532,0.01,1.0,1.0,1.0,0.47,0.2839,0.45
672,,0.35461,-0.0,1.0,1.0,1.0,0.46,0.20319,0.34
673,,0.2739,-0.01,1.0,1.0,1.0,0.45,0.12248,0.23
674,2,0.27419,1.0,1.0,1.0,0.99971,0.35,-0.01923,0.13
675,7,0.20348,0.929,0.97071,1.0,1.0,0.421,1.0,0.101
676,,0.12277,0.919,1.0,1.0,1.0,0.411,0.91929,-0.009
677,8,0.12306,0.919,0.99971,1.0,0.99971,0.411,0.91958,1.0
678,,0.04235,0.909,1.0,1.0,1.0,0.401,0.83887,0.89
679,,-0.03836,0.899,1.0,1.0,1.0,0.391,0.75816,0.78
680,1,1.0,0.97,1.0,1.0,0.97071,0.32,0.68745,0.751
681,,0.91929,0.96,1.0,1.0,1.0,0.31,0.60674,0.641
682,,0.83858,0.95,1.0,1.0,1.0,0.3,0.52603,0.531
683,,0.75787,0.94,1.0,1.0,1.0,0.29,0.44532,0.421
684,,0.67716,0.93,1.0,1.0,1.0,0.28,0.36461,0.311
685,,0.59645,0.92,1.0,1.0,1.0,0.27,0.2839,0.201
686,,0.51574,0.91,1.0,1.0,1.0,0.26,0.20319,0.091
687,,0.43503,0.9,1.0,1.0,1.0,0.25,0.12248,-0.019
688,8,0.43532,0.9,0.99971,1.0,0.99971,0.25,0.12277,1.0
689,,0.35461,0.89,1.0,1.0,1.0,0.24,0.04206,0.89
690,,0.2739,0.88,1.0,1.0,1.0,0.23,-0.03865,0.78
691,7,0.20319,0.809,0.97071,1.0,1.0,0.301,1.0,0.751
692,,0.12248,0.799,1.0,1.0,1.0,0.291,0.91929,0.641
693,,0.04177,0.789,1.0,1.0,1.0,0.281,0.83858,0.531
694,,-0.03894,0.779,1.0,1.0,1.0,0.271,0.75787,0.421
695,1,1.0,0.85,1.0,1.0,0.97071,0.2,0.68716,0.392
696,,0.91929,0.84,1.0,1.0,1.0,0.19,0.60645,0.282
697,,0.83858,0.83,1.0,1.0,1.0,0.18,0.52574,0.172
698,,0.75787,0.82,1.0,1.0,1.0,0.17,0.44503,0.062
699,,0.67716,0.81,1.0,1.0,1.0,0.16,0.36432,-0.048
700,8,0.67745,0.81,0.99971,1.0,0.99971,0.16,0.36461,1.0
701,,0.59674,0.8,1.0,1.0,1.0,0.15,0.2839,0.89
702,,0.51603,0.79,1.0,1.0,1.0,0.14,0.20319,0.78
703,,0.43532,0.78,1.0,1.0,1.0,0.13,0.12248,0.67
704,,0.35461,0.77,1.0,1.0,1.0,0.12,0.04177,0.56
705,,0.2739,0.76,1.0,1.0,1.0,0.11,-0.03894,0.45
706,7,0.20319,0.689,0.97071,1.0,1.0,0.181,1.0,0.421
707,,0.12248,0.679,1.0,1.0,1.0,0.171,0.91929,0.311
708,,0.04177,0.669,1.0,1.0,1.0,0.161,0.83858,0.201
709,,-0.03894,0.659,1.0,1.0,1.0,0.151,0.75787,0.091
710,1,1.0,0.73,1.0,1.0,0.97071,0.08,0.68716,0.062
711,,0.91929,0.72,1.0,1.0,1.0,0.07,0.60645,-0.048
712,8,0.91958,0.72,0.99971,1.0,0.99971,0.07,0.60674,1.0
713,,0.83887,0.71,1.0,1.0,1.0,0.06,0.52603,0.89
714,,0.75816,0.7,1.0,1.0,1.0,0.05,0.44532,0.78
715,,0.67745,0.69,1.0,1.0,1.0,0.04,0.36461,0.67
716,,0.59674,0.68,1.0,1.0,1.0,0.03,0.2839,0.56
717,,0.51603,0.67,1.0,1.0,1.0,0.02,0.20319,0.45
718,,0.43532,0.66,1.0,1.0,1.0,0.01,0.12248,0.34
719,,0.35461,0.65,1.0,1.0,1.0,-0.0,0.04177,0.23
720,,0.2739,0.64,1.0,1.0,1.0,-0.01,-0.03894,0.12
721,7,0.20319,0.569,0.97071,1.0,1.0,0.061,1.0,0.091
722,,0.12248,0.559,1.0,1.0,1.0,0.051,0.91929,-0.019
723,8,0.12277,0.559,0.99971,1.0,0.99971,0.051,0.91958,1.0
724,,0.04206,0.549,1.0,1.0,1.0,0.041,0.83887,0.89
725,,-0.03865,0.539,1.0,1.0,1.0,0.031,0.75816,0.78
726,1,1.0,0.61,1.0,1.0,0.97071,-0.04,0.68745,0.751
727,6,0.85829,0.51,0.99971,1.0,1.0,1.0,0.68774,0.651
728,,0.77758,0.5,1.0,1.0,1.0,0.99,0.60703,0.541
729,,0.69687,0.49,1.0,1.0,1.0,0.98,0.52632,0.431
730,,0.61616,0.48,1.0,1.0,1.0,0.97,0.44561,0.321
731,,0.53545,0.47,1.0,1.0,1.0,0.96,0.3649,0.211
732,,0.45474,0.46,1.0,1.0,1.0,0.95,0.28419,0.101
733,,0.37403,0.45,1.0,1.0,1.0,0.94,0.20348,-0.009
734,8,0.37432,0.45,0.99971,1.0,0.99971,0.94,0.20377,1.0
735,,0.29361,0.44,1.0,1.0,1.0,0.93,0.12306,0.89
736,,0.2129,0.43,1.0,1.0,1.0,0.92,0.04235,0.78
737,,0.13219,0.42,1.0,1.0,1.0,0.91,-0.03836,0.67
738,7,0.06148,0.349,0.97071,1.0,1.0,0.981,1.0,0.641
739,,-0.01923,0.339,1.0,1.0,1.0,0.971,0.91929,0.531
740,1,1.0,0.41,1.0,1.0,0.97071,0.9,0.84858,0.502
741,,0.91929,0.4,1.0,1.0,1.0,0.89,0.76787,0.392
742,,0.83858,0.39,1.0,1.0,1.0,0.88,0.68716,0.282
743,,0.75787,0.38,1.0,1.0,1.0,0.87,0.60645,0.172
744,,0.67716,0.37,1.0,1.0,1.0,0.86,0.52574,0.062
745,,0.59645,0.36,1.0,1.0,1.0,0.85,0.44503,-0.048
746,8,0.59674,0.36,0.99971,1.0,0.99971,0.85,0.44532,1.0
747,,0.51603,0.35,1.0,1.0,1.0,0.84,0.36461,0.89
748,,0.43532,0.34,1.0,1.0,1.0,0.83,0.2839,0.78
749,,0.35461,0.33,1.0,1.0,1.0,0.82,0.20319,0.67
750,,0.2739,0.32,1.0,1.0,1.0,0.81,0.12248,0.56
751,,0.19319,0.31,1.0,1.0,1.0,0.8,0.04177,0.45
752,,0.11248,0.3,1.0,1.0,1.0,0.79,-0.03894,0.34
753,7,0.04177,0.229,0.97071,1.0,1.0,0.861,1.0,0.311
754,,-0.03894,0.219,1.0,1.0,1.0,0.851,0.91929,0.201
755,1,1.0,0.29,1.0,1.0,0.97071,0.78,0.84858,0.172
756,,0.91929,0.28,1.0,1.0,1.0,0.77,0.76787,0.062
757,,0.83858,0.27,1.0,1.0,1.0,0.76,0.68716,-0.048
758,8,0.83887,0.27,0.99971,1.0,0.99971,0.76,0.68745,1.0
759,,0.75816,0.26,1.0,1.0,1.0,0.75,0.60674,0.89
760,,0.67745,0.25,1.0,1.0,1.0,0.74,0.52603,0.78
761,,0.59674,0.24,1.0,1.0,1.0,0.73,0.44532,0.67
762,,0.51603,0.23,1.0,1.0,1.0,0.72,0.36461,0.56
763,,0.43532,0.22,1.0,1.0,1.0,0.71,0.2839,0.45
764,,0.35461,0.21,1.0,1.0,1.0,0.7,0.20319,0.34
765,,0.2739,0.2,1.0,1.0,1.0,0.69,0.12248,0.23
766,,0.19319,0.19,1.0,1.0,1.0,0.68,0.04177,0.12
767,,0.11248,0.18,1.0,1.0,1.0,0.67,-0.03894,0.01
768,7,0.04177,0.109,0.97071,1.0,1.0,0.741,1.0,-0.019
769,8,0.04206,0.109,0.97042,1.0,0.99971,0.741,1.0,1.0
770,,-0.03865,0.099,1.0,1.0,1.0,0.731,0.91929,0.89
771,1,1.0,0.17,1.0,1.0,0.97071,0.66,0.84858,0.861
772,,0.91929,0.16,1.0,1.0,1.0,0.65,0.76787,0.751
773,,0.83858,0.15,1.0,1.0,1.0,0.64,0.68716,0.641
774,,0.75787,0.14,1.0,1.0,1.0,0.63,0.60645,0.531
775,,0.67716,0.13,1.0,1.0,1.0,0.62,0.52574,0.421
776,,0.59645,0.12,1.0,1.0,1.0,0.61,0.44503,0.311
777,,0.51574,0.11,1.0,1.0,1.0,0.6,0.36432,0.201
778,,0.43503,0.1,1.0,1.0,1.0,0.59,0.28361,0.091
779,,0.35432,0.09,1.0,1.0,1.0,0.58,0.2029,-0.019
780,8,0.35461,0.09,0.99971,1.0,0.99971,0.58,0.20319,1.0
781,,0.2739,0.08,1.0,1.0,1.0,0.57,0.12248,0.89
782,,0.19319,0.07,1.0,1.0,1.0,0.56,0.04177,0.78
783,,0.11248,0.06,1.0,1.0,1.0,0.55,-0.03894,0.67
784,7,0.04177,-0.011,0.97071,1.0,1.0,0.621,1.0,0.641
785,2,0.04206,1.0,1.0,1.0,0.99971,0.521,0.85829,0.541
786,,-0.03865,0.99,1.0,1.0,1.0,0.511,0.77758,0.431
787,1,1.0,1.0,1.0,1.0,0.97071,0.44,0.70687,0.402
788,,0.91929,0.99,1.0,1.0,1.0,0.43,0.62616,0.292
789,,0.83858,0.98,1.0,1.0,1.0,0.42,0.54545,0.182
790,,0.75787,0.97,1.0,1.0,1.0,0.41,0.46474,0.072
791,,0.67716,0.96,1.0,1.0,1.0,0.4,0.38403,-0.038
792,8,0.67745,0.96,0.99971,1.0,0.99971,0.4,0.38432,1.0
793,,0.59674,0.95,1.0,1.0,1.0,0.39,0.30361,0.89
794,,0.51603,0.94,1.0,1.0,1.0,0.38,0.2229,0.78
795,,0.43532,0.93,1.0,1.0,1.0,0.37,0.14219,0.67
796,,0.35461,0.92,1.0,1.0,1.0,0.36,0.06148,0.56
797,,0.2739,0.91,1.0,1.0,1.0,0.35,-0.01923,0.45
798,7,0.20319,0.839,0.97071,1.0,1.0,0.421,1.0,0.421
799,,0.12248,0.829,1.0,1.0,1.0,0.411,0.91929,0.311
800,,0.04177,0.819,1.0,1.0,1.0,0.401,0.83858,0.201
801,,-0.03894,0.809,1.0,1.0,1.0,0.391,0.75787,0.091
802,1,1.0,0.88,1.0,1.0,0.97071,0.32,0.68716,0.062
803,,0.91929,0.87,1.0,1.0,1.0,0.31,0.60645,-0.048
804,8,0.91958,0.87,0.99971,1.0,0.99971,0.31,0.60674,1.0
805,,0.83887,0.86,1.0,1.0,1.0,0.3,0.52603,0.89
806,,0.75816,0.85,1.0,1.0,1.0,0.29,0.44532,0.78
807,,0.67745,0.84,1.0,1.0,1.0,0.28,0.36461,0.67
808,,0.59674,0.83,1.0,1.0,1.0,0.27,0.2839,0.56
809,,0.51603,0.82,1.0,1.0,1.0,0.26,0.20319,0.45
810,,0.43532,0.81,1.0,1.0,1.0,0.25,0.12248,0.34
811,,0.35461,0.8,1.0,1.0,1.0,0.24,0.04177,0.23
812,,0.2739,0.79,1.0,1.0,1.0,0.23,-0.03894,0.12
813,7,0.20319,0.719,0.97071,1.0,1.0,0.301,1.0,0.091
814,,0.12248,0.709,1.0,1.0,1.0,0.291,0.91929,-0.019
815,8,0.12277,0.709,0.99971,1.0,0.99971,0.291,0.91958,1.0
816,,0.04206,0.699,1.0,1.0,1.0,0.281,0.83887,0.89
817,,-0.03865,0.689,1.0,1.0,1.0,0.271,0.75816,0.78
818,1,1.0,0.76,1.0,1.0,0.97071,0.2,0.68745,0.751
819,,0.91929,0.75,1.0,1.0,1.0,0.19,0.60674,0.641
820,,0.83858,0.74,1.0,1.0,1.0,0.18,0.52603,0.531
821,,0.75787,0.73,1.0,1.0,1.0,0.17,0.44532,0.421
822,,0.67716,0.72,1.0,1.0,1.0,0.16,0.36461,0.311
823,,0.59645,0.71,1.0,1.0,1.0,0.15,0.2839,0.201
824,,0.51574,0.7,1.0,1.0,1.0,0.14,0.20319,0.091
825,,0.43503,0.69,1.0,1.0,1.0,0.13,0.12248,-0.019
826,8,0.43532,0.69,0.99971,1.0,0.99971,0.13,0.12277,1.0
827,,0.35461,0.68,1.0,1.0,1.0,0.12,0.04206,0.89
828,,0.2739,0.67,1.0,1.0,1.0,0.11,-0.03865,0.78
829,7,0.20319,0.599,0.97071,1.0,1.0,0.181,1.0,0.751
830,,0.12248,0.589,1.0,1.0,1.0,0.171,0.91929,0.641
831,,0.04177,0.579,1.0,1.0,1.0,0.161,0.83858,0.531
832,,-0.03894,0.569,1.0,1.0,1.0,0.151,0.75787,0.421
833,1,1.0,0.64,1.0,1.0,0.97071,0.08,0.68716,0.392
834,,0.91929,0.63,1.0,1.0,1.0,0.07,0.60645,0.282
835,,0.83858,0.62,1.0,1.0,1.0,0.06,0.52574,0.172
836,,0.75787,0.61,1.0,1.0,1.0,0.05,0.44503,0.062
837,,0.67716,0.6,1.0,1.0,1.0,0.04,0.36432,-0.048
838,8,0.67745,0.6,0.99971,1.0,0.99971,0.04,0.36461,1.0
839,,0.59674,0.59,1.0,1.0,1.0,0.03,0.2839,0.89
840,,0.51603,0.58,1.0,1.0,1.0,0.02,0.20319,0.78
841,,0.43532,0.57,1.0,1.0,1.0,0.01,0.12248,0.67
842,,0.35461,0.56,1.0,1.0,1.0,-0.0,0.04177,0.56
843,,0.2739,0.55,1.0,1.0,1.0,-0.01,-0.03894,0.45
844,7,0.20319,0.479,0.97071,1.0,1.0,0.061,1.0,0.421
845,,0.12248,0.469,1.0,1.0,1.0,0.051,0.91929,0.311
846,,0.04177,0.459,1.0,1.0,1.0,0.041,0.83858,0.201
847,,-0.03894,0.449,1.0,1.0,1.0,0.031,0.75787,0.091
848,1,1.0,0.52,1.0,1.0,0.97071,-0.04,0.68716,0.062
849,6,0.85829,0.42,0.99971,1.0,1.0,1.0,0.68745,-0.038
850,8,0.85858,0.42,0.99942,1.0,0.99971,1.0,0.68774,1.0
851,,0.77787,0.41,1.0,1.0,1.0,0.99,0.60703,0.89
852,,0.69716,0.4,1.0,1.0,1.0,0.98,0.52632,0.78
853,,0.61645,0.39,1.0,1.0,1.0,0.97,0.44561,0.67
854,,0.53574,0.38,1.0,1.0,1.0,0.96,0.3649,0.56
855,,0.45503,0.37,1.0,1.0,1.0,0.95,0.28419,0.45
856,,0.37432,0.36,1.0,1.0,1.0,0.94,0.20348,0.34
857,,0.29361,0.35,1.0,1.0,1.0,0.93,0.12277,0.23
858,,0.2129,0.34,1.0,1.0,1.0,0.92,0.04206,0.12
859,,0.13219,0.33,1.0,1.0,1.0,0.91,-0.03865,0.01
860,7,0.06148,0.259,0.97071,1.0,1.0,0.981,1.0,-0.019
861,8,0.06177,0.259,0.97042,1.0,0.99971,0.981,1.0,1.0
862,,-0.01894,0.249,1.0,1.0,1.0,0.971,0.91929,0.89
863,1,1.0,0.32,1.0,1.0,0.97071,0.9,0.84858,0.861
864,,0.91929,0.31,1.0,1.0,1.0,0.89,0.76787,0.751
865,,0.83858,0.3,1.0,1.0,1.0,0.88,0.68716,0.641
866,,0.75787,0.29,1.0,1.0,1.0,0.87,0.60645,0.531
867,,0.67716,0.28,1.0,1.0,1.0,0.86,0.52574,0.421
868,,0.59645,0.27,1.0,1.0,1.0,0.85,0.44503,0.311
869,,0.51574,0.26,1.0,1.0,1.0,0.84,0.36432,0.201
870,,0.43503,0.25,1.0,1.0,1.0,0.83,0.28361,0.091
871,,0.35432,0.24,1.0,1.0,1.0,0.82,0.2029,-0.019
872,8,0.35461,0.24,0.99971,1.0,0.99971,0.82,0.20319,1.0
873,,0.2739,0.23,1.0,1.0,1.0,0.81,0.12248,0.89
874,,0.19319,0.22,1.0,1.0,1.0,0.8,0.04177,0.78
875,,0.11248,0.21,1.0,1.0,1.0,0.79,-0.03894,0.67
876,7,0.04177,0.139,0.97071,1.0,1.0,0.861,1.0,0.641
877,,-0.03894,0.129,1.0,1.0,1.0,0.851,0.91929,0.531
878,1,1.0,0.2,1.0,1.0,0.97071,0.78,0.84858,0.502
879,,0.91929,0.19,1.0,1.0,1.0,0.77,0.76787,0.392
880,,0.83858,0.18,1.0,1.0,1.0,0.76,0.68716,0.282
881,,0.75787,0.17,1.0,1.0,1.0,0.75,0.60645,0.172
882,,0.67716,0.16,1.0,1.0,1.0,0.74,0.52574,0.062
883,,0.59645,0.15,1.0,1.0,1.0,0.73,0.44503,-0.048
884,8,0.59674,0.15,0.99971,1.0,0.99971,0.73,0.44532,1.0
885,,0.51603,0.14,1.0,1.0,1.0,0.72,0.36461,0.89
886,,0.43532,0.13,1.0,1.0,1.0,0.71,0.2839,0.78
887,,0.35461,0.12,1.0,1.0,1.0,0.7,0.20319,0.67
888,,0.2739,0.11,1.0,1.0,1.0,0.69,0.12248,0.56
889,,0.19319,0.1,1.0,1.0,1.0,0.68,0.04177,0.45
890,,0.11248,0.09,1.0,1.0,1.0,0.67,-0.03894,0.34
891,7,0.04177,0.019,0.97071,1.0,1.0,0.741,1.0,0.311
892,,-0.03894,0.009,1.0,1.0,1.0,0.731,0.91929,0.201
893,1,1.0,0.08,1.0,1.0,0.97071,0.66,0.84858,0.172
894,,0.91929,0.07,1.0,1.0,1.0,0.65,0.76787,0.062
895,,0.83858,0.06,1.0,1.0,1.0,0.64,0.68716,-0.048
896,8,0.83887,0.06,0.99971,1.0,0.99971,0.64,0.68745,1.0
897,,0.75816,0.05,1.0,1.0,1.0,0.63,0.60674,0.89
898,,0.67745,0.04,1.0,1.0,1.0,0.62,0.52603,0.78
899,,0.59674,0.03,1.0,1.0,1.0,0.61,0.44532,0.67
900,,0.51603,0.02,1.0,1.0,1.0,0.6,0.36461,0.56
901,,0.43532,0.01,1.0,1.0,1.0,0.59,0.2839,0.45
902,,0.35461,-0.0,1.0,1.0,1.0,0.58,0.20319,0.34
903,,0.2739,-0.01,1.0,1.0,1.0,0.57,0.12248,0.23
904,2,0.27419,1.0,1.0,1.0,0.99971,0.47,-0.01923,0.13
905,7,0.20348,0.929,0.97071,1.0,1.0,0.541,1.0,0.101
906,,0.12277,0.919,1.0,1.0,1.0,0.531,0.91929,-0.009
907,8,0.12306,0.919,0.99971,1.0,0.99971,0.531,0.91958,1.0
908,,0.04235,0.909,1.0,1.0,1.0,0.521,0.83887,0.89
909,,-0.03836,0.899,1.0,1.0,1.0,0.511,0.75816,0.78
910,1,1.0,0.97,1.0,1.0,0.97071,0.44,0.68745,0.751
911,,0.91929,0.96,1.0,1.0,1.0,0.43,0.60674,0.641
912,,0.83858,0.95,1.0,1.0,1.0,0.42,0.52603,0.531
913,,0.75787,0.94,1.0,1.0,1.0,0.41,0.44532,0.421
914,,0.67716,0.93,1.0,1.0,1.0,0.4,0.36461,0.311
915,,0.59645,0.92,1.0,1.0,1.0,0.39,0.2839,0.201
916,,0.51574,0.91,1.0,1.0,1.0,0.38,0.20319,0.091
917,,0.43503,0.9,1.0,1.0,1.0,0.37,0.12248,-0.019
918,8,0.43532,0.9,0.99971,1.0,0.99971,0.37,0.12277,1.0
919,,0.35461,0.89,1.0,1.0,1.0,0.36,0.04206,0.89
920,,0.2739,0.88,1.0,1.0,1.0,0.35,-0.03865,0.78
921,7,0.20319,0.809,0.97071,1.0,1.0,0.421,1.0,0.751
922,,0.12248,0.799,1.0,1.0,1.0,0.411,0.91929,0.641
923,,0.04177,0.789,1.0,1.0,1.0,0.401,0.83858,0.531
924,,-0.03894,0.779,1.0,1.0,1.0,0.391,0.75787,0.421
925,1,1.0,0.85,1.0,1.0,0.97071,0.32,0.68716,0.392
926,,0.91929,0.84,1.0,1.0,1.0,0.31,0.60645,0.282
927,,0.83858,0.83,1.0,1.0,1.0,0.3,0.52574,0.172
928,,0.75787,0.82,1.0,1.0,1.0,0.29,0.44503,0.062
929,,0.67716,0.81,1.0,1.0,1.0,0.28,0.36432,-0.048
930,8,0.67745,0.81,0.99971,1.0,0.99971,0.28,0.36461,1.0
931,,0.59674,0.8,1.0,1.0,1.0,0.27,0.2839,0.89
932,,0.51603,0.79,1.0,1.0,1.0,0.26,0.20319,0.78
933,,0.43532,0.78,1.0,1.0,1.0,0.25,0.12248,0.67
934,,0.35461,0.77,1.0,1.0,1.0,0.24,0.04177,0.56
935,,0.2739,0.76,1.0,1.0,1.0,0.23,-0.03894,0.45
936,7,0.20319,0.689,0.97071,1.0,1.0,0.301,1.0,0.421
937,,0.12248,0.679,1.0,1.0,1.0,0.291,0.91929,0.311
938,,0.04177,0.669,1.0,1.0,1.0,0.281,0.83858,0.201
939,,-0.03894,0.659,1.0,1.0,1.0,0.271,0.75787,0.091
940,1,1.0,0.73,1.0,1.0,0.97071,0.2,0.68716,0.062
941,,0.91929,0.72,1.0,1.0,1.0,0.19,0.60645,-0.048
942,8,0.91958,0.72,0.99971,1.0,0.99971,0.19,0.60674,1.0
943,,0.83887,0.71,1.0,1.0,1.0,0.18,0.52603,0.89
944,,0.75816,0.7,1.0,1.0,1.0,0.17,0.44532,0.78
945,,0.67745,0.69,1.0,1.0,1.0,0.16,0.36461,0.67
946,,0.59674,0.68,1.0,1.0,1.0,0.15,0.2839,0.56
947,,0.51603,0.67,1.0,1.0,1.0,0.14,0.20319,0.45
948,,0.43532,0.66,1.0,1.0,1.0,0.13,0.12248,0.34
949,,0.35461,0.65,1.0,1.0,1.0,0.12,0.04177,0.23
950,,0.2739,0.64,1.0,1.0,1.0,0.11,-0.03894,0.12
951,7,0.20319,0.569,0.97071,1.0,1.0,0.181,1.0,0.091
952,,0.12248,0.559,1.0,1.0,1.0,0.171,0.91929,-0.019
953,8,0.12277,0.559,0.99971,1.0,0.99971,0.171,0.91958,1.0
954,,0.04206,0.549,1.0,1.0,1.0,0.161,0.83887,0.89
955,,-0.03865,0.539,1.0,1.0,1.0,0.151,0.75816,0.78
956,1,1.0,0.61,1.0,1.0,0.97071,0.08,0.68745,0.751
957,,0.91929,0.6,1.0,1.0,1.0,0.07,0.60674,0.641
958,,0.83858,0.59,1.0,1.0,1.0,0.06,0.52603,0.531
959,,0.75787,0.58,1.0,1.0,1.0,0.05,0.44532,0.421
960,,0.67716,0.57,1.0,1.0,1.0,0.04,0.36461,0.311
961,,0.59645,0.56,1.0,1.0,1.0,0.03,0.2839,0.201
962,,0.51574,0.55,1.0,1.0,1.0,0.02,0.20319,0.091
963,,0.43503,0.54,1.0,1.0,1.0,0.01,0.12248,-0.019
964,8,0.43532,0.54,0.99971,1.0,0.99971,0.01,0.12277,1.0
965,,0.35461,0.53,1.0,1.0,1.0,-0.0,0.04206,0.89
966,,0.2739,0.52,1.0,1.0,1.0,-0.01,-0.03865,0.78
967,7,0.20319,0.449,0.97071,1.0,1.0,0.061,1.0,0.751
968,,0.12248,0.439,1.0,1.0,1.0,0.051,0.91929,0.641
969,,0.04177,0.429,1.0,1.0,1.0,0.041,0.83858,0.531
970,,-0.03894,0.419,1.0,1.0,1.0,0.031,0.75787,0.421
971,1,1.0,0.49,1.0,1.0,0.97071,-0.04,0.68716,0.392
972,6,0.85829,0.39,0.99971,1.0,1.0,1.0,0.68745,0.292
973,,0.77758,0.38,1.0,1.0,1.0,0.99,0.60674,0.182
974,,0.69687,0.37,1.0,1.0,1.0,0.98,0.52603,0.072
975,,0.61616,0.36,1.0,1.0,1.0,0.97,0.44532,-0.038
976,8,0.61645,0.36,0.99971,1.0,0.99971,0.97,0.44561,1.0
977,,0.53574,0.35,1.0,1.0,1.0,0.96,0.3649,0.89
978,,0.45503,0.34,1.0,1.0,1.0,0.95,0.28419,0.78
979,,0.37432,0.33,1.0,1.0,1.0,0.94,0.20348,0.67
980,,0.29361,0.32,1.0,1.0,1.0,0.93,0.12277,0.56
981,,0.2129,0.31,1.0,1.0,1.0,0.92,0.04206,0.45
982,,0.13219,0.3,1.0,1.0,1.0,0.91,-0.03865,0.34
983,7,0.06148,0.229,0.97071,1.0,1.0,0.981,1.0,0.311
984,,-0.01923,0.219,1.0,1.0,1.0,0.971,0.91929,0.201
985,1,1.0,0.29,1.0,1.0,0.97071,0.9,0.84858,0.172
986,,0.91929,0.28,1.0,1.0,1.0,0.89,0.76787,0.062
987,,0.83858,0.27,1.0,1.0,1.0,0.88,0.68716,-0.048
988,8,0.83887,0.27,0.99971,1.0,0.99971,0.88,0.68745,1.0
989,,0.75816,0.26,1.0,1.0,1.0,0.87,0.60674,0.89
990,,0.67745,0.25,1.0,1.0,1.0,0.86,0.52603,0.78
991,,0.59674,0.24,1.0,1.0,1.0,0.85,0.44532,0.67
992,,0.51603,0.23,1.0,1.0,1.0,0.84,0.36461,0.56
993,,0.43532,0.22,1.0,1.0,1.0,0.83,0.2839,0.45
994,,0.35461,0.21,1.0,1.0,1.0,0.82,0.20319,0.34
995,,0.2739,0.2,1.0,1.0,1.0,0.81,0.12248,0.23
996,,0.19319,0.19,1.0,1.0,1.0,0.8,0.04177,0.12
997,,0.11248,0.18,1.0,1.0,1.0,0.79,-0.03894,0.01
998,7,0.04177,0.109,0.97071,1.0,1.0,0.861,1.0,-0.019
999,8,0.04206,0.109,0.97042,1.0,0.99971,0.861,1.0,1.0
1000,,-0.03865,0.099,1.0,1.0,1.0,0.851,0.91929,0.89
1001,1,1.0,0.17,1.0,1.0,0.97071,0.78,0.84858,0.861
1002,,0.91929,0.16,1.0,1.0,1.0,0.77,0.76787,0.751
1003,,0.83858,0.15,1.0,1.0,1.0,0.76,0.68716,0.641
1004,,0.75787,0.14,1.0,1.0,1.0,0.75,0.60645,0.531
1005,,0.67716,0.13,1.0,1.0,1.0,0.74,0.52574,0.421
1006,,0.59645,0.12,1.0,1.0,1.0,0.73,0.44503,0.311
1007,,0.51574,0.11,1.0,1.0,1.0,0.72,0.36432,0.201
1008,,0.43503,0.1,1.0,1.0,1.0,0.71,0.28361,0.091
1009,,0.35432,0.09,1.0,1.0,1.0,0.7,0.2029,-0.019
1010,8,0.35461,0.09,0.99971,1.0,0.99971,0.7,0.20319,1.0
1011,,0.2739,0.08,1.0,1.0,1.0,0.69,0.12248,0.89
1012,,0.19319,0.07,1.0,1.0,1.0,0.68,0.04177,0.78
1013,,0.11248,0.06,1.0,1.0,1.0,0.67,-0.03894,0.67
1014,7,0.04177,-0.011,0.97071,1.0,1.0,0.741,1.0,0.641
1015,2,0.04206,1.0,1.0,1.0,0.99971,0.641,0.85829,0.541
1016,,-0.03865,0.99,1.0,1.0,1.0,0.631,0.77758,0.431
1017,1,1.0,1.0,1.0,1.0,0.97071,0.56,0.70687,0.402
1018,,0.91929,0.99,1.0,1.0,1.0,0.55,0.62616,0.292
1019,,0.83858,0.98,1.0,1.0,1.0,0.54,0.54545,0.182
1020,,0.75787,0.97,1.0,1.0,1.0,0.53,0.46474,0.072
1021,,0.67716,0.96,1.0,1.0,1.0,0.52,0.38403,-0.038
1022,8,0.67745,0.96,0.99971,1.0,0.99971,0.52,0.38432,1.0
1023,,0.59674,0.95,1.0,1.0,1.0,0.51,0.30361,0.89
1024,,0.51603,0.94,1.0,1.0,1.0,0.5,0.2229,0.78
1025,,0.43532,0.93,1.0,1.0,1.0,0.49,0.14219,0.67
1026,,0.35461,0.92,1.0,1.0,1.0,0.48,0.06148,0.56
1027,,0.2739,0.91,1.0,1.0,1.0,0.47,-0.01923,0.45
1028,7,0.20319,0.839,0.97071,1.0,1.0,0.541,1.0,0.421
1029,,0.12248,0.829,1.0,1.0,1.0,0.531,0.91929,0.311
1030,,0.04177,0.819,1.0,1.0,1.0,0.521,0.83858,0.201
1031,,-0.03894,0.809,1.0,1.0,1.0,0.511,0.75787,0.091
1032,1,1.0,0.88,1.0,1.0,0.97071,0.44,0.68716,0.062
1033,,0.91929,0.87,1.0,1.0,1.0,0.43,0.60645,-0.048
1034,8,0.91958,0.87,0.99971,1.0,0.99971,0.43,0.60674,1.0
1035,,0.83887,0.86,1.0,1.0,1.0,0.42,0.52603,0.89
1036,,0.75816,0.85,1.0,1.0,1.0,0.41,0.44532,0.78
1037,,0.67745,0.84,1.0,1.0,1.0,0.4,0.36461,0.67
1038,,0.59674,0.83,1.0,1.0,1.0,0.39,0.2839,0.56
1039,,0.51603,0.82,1.0,1.0,1.0,0.38,0.20319,0.45
1040,,0.43532,0.81,1.0,1.0,1.0,0.37,0.12248,0.34
1041,,0.35461,0.8,1.0,1.0,1.0,0.36,0.04177,0.23
1042,,0.2739,0.79,1.0,1.0,1.0,0.35,-0.03894,0.12
1043,7,0.20319,0.719,0.97071,1.0,1.0,0.421,1.0,0.091
1044,,0.12248,0.709,1.0,1.0,1.0,0.411,0.91929,-0.019
1045,8,0.12277,0.709,0.99971,1.0,0.99971,0.411,0.91958,1.0
1046,,0.04206,0.699,1.0,1.0,1.0,0.401,0.83887,0.89
1047,,-0.03865,0.689,1.0,1.0,1.0,0.391,0.75816,0.78
1048,1,1.0,0.76,1.0,1.0,0.97071,0.32,0.68745,0.751
1049,,0.91929,0.75,1.0,1.0,1.0,0.31,0.60674,0.641
1050,,0.83858,0.74,1.0,1.0,1.0,0.3,0.52603,0.531
1051,,0.75787,0.73,1.0,1.0,1.0,0.29,0.44532,0.421
1052,,0.67716,0.72,1.0,1.0,1.0,0.28,0.36461,0.311
1053,,0.59645,0.71,1.0,1.0,1.0,0.27,0.2839,0.201
1054,,0.51574,0.7,1.0,1.0,1.0,0.26,0.20319,0.091
1055,,0.43503,0.69,1.0,1.0,1.0,0.25,0.12248,-0.019
1056,8,0.43532,0.69,0.99971,1.0,0.99971,0.25,0.12277,1.0
1057,,0.35461,0.68,1.0,1.0,1.0,0.24,0.04206,0.89
1058,,0.2739,0.67,1.0,1.0,1.0,0.23,-0.03865,0.78
1059,7,0.20319,0.599,0.97071,1.0,1.0,0.301,1.0,0.751
1060,,0.12248,0.589,1.0,1.0,1.0,0.291,0.91929,0.641
1061,,0.04177,0.579,1.0,1.0,1.0,0.281,0.83858,0.531
1062,,-0.03894,0.569,1.0,1.0,1.0,0.271,0.75787,0.421
1063,1,1.0,0.64,1.0,1.0,0.97071,0.2,0.68716,0.392
1064,,0.91929,0.63,1.0,1.0,1.0,0.19,0.60645,0.282
1065,,0.83858,0.62,1.0,1.0,1.0,0.18,0.52574,0.172
1066,,0.75787,0.61,1.0,1.0,1.0,0.17,0.44503,0.062
1067,,0.67716,0.6,1.0,1.0,1.0,0.16,0.36432,-0.048
1068,8,0.67745,0.6,0.99971,1.0,0.99971,0.16,0.36461,1.0
1069,,0.59674,0.59,1.0,1.0,1.0,0.15,0.2839,0.89
1070,,0.51603,0.58,1.0,1.0,1.0,0.14,0.20319,0.78
1071,,0.43532,0.57,1.0,1.0,1.0,0.13,0.12248,0.67
1072,,0.35461,0.56,1.0,1.0,1.0,0.12,0.04177,0.56
1073,,0.2739,0.55,1.0,1.0,1.0,0.11,-0.03894,0.45
1074,7,0.20319,0.479,0.97071,1.0,1.0,0.181,1.0,0.421
1075,,0.12248,0.469,1.0,1.0,1.0,0.171,0.91929,0.311
1076,,0.04177,0.459,1.0,1.0,1.0,0.161,0.83858,0.201
1077,,-0.03894,0.449,1.0,1.0,1.0,0.151,0.75787,0.091
1078,1,1.0,0.52,1.0,1.0,0.97071,0.08,0.68716,0.062
1079,,0.91929,0.51,1.0,1.0,1.0,0.07,0.60645,-0.048
1080,8,0.91958,0.51,0.99971,1.0,0.99971,0.07,0.60674,1.0
1081,,0.83887,0.5,1.0,1.0,1.0,0.06,0.52603,0.89
1082,,0.75816,0.49,1.0,1.0,1.0,0.05,0.44532,0.78
1083,,0.67745,0.48,1.0,1.0,1.0,0.04,0.36461,0.67
1084,,0.59674,0.47,1.0,1.0,1.0,0.03,0.2839,0.56
1085,,0.51603,0.46,1.0,1.0,1.0,0.02,0.20319,0.45
1086,,0.43532,0.45,1.0,1.0,1.0,0.01,0.12248,0.34
1087,,0.35461,0.44,1.0,1.0,1.0,-0.0,0.04177,0.23
1088,,0.2739,0.43,1.0,1.0,1.0,-0.01,-0.03894,0.12
1089,7,0.20319,0.359,0.97071,1.0,1.0,0.061,1.0,0.091
1090,,0.12248,0.349,1.0,1.0,1.0,0.051,0.91929,-0.019
1091,8,0.12277,0.349,0.99971,1.0,0.99971,0.051,0.91958,1.0
1092,,0.04206,0.339,1.0,1.0,1.0,0.041,0.83887,0.89
1093,,-0.03865,0.329,1.0,1.0,1.0,0.031,0.75816,0.78
1094,1,1.0,0.4,1.0,1.0,0.97071,-0.04,0.68745,0.751
1095,6,0.85829,0.3,0.99971,1.0,1.0,1.0,0.68774,0.651
1096,,0.77758,0.29,1.0,1.0,1.0,0.99,0.60703,0.541
1097,,0.69687,0.28,1.0,1.0,1.0,0.98,0.52632,0.431
1098,,0.61616,0.27,1.0,1.0,1.0,0.97,0.44561,0.321
1099,,0.53545,0.26,1.0,1.0,1.0,0.96,0.3649,0.211
1100,,0.45474,0.25,1.0,1.0,1.0,0.95,0.28419,0.101
1101,,0.37403,0.24,1.0,1.0,1.0,0.94,0.20348,-0.009
1102,8,0.37432,0.24,0.99971,1.0,0.99971,0.94,0.20377,1.0
1103,,0.29361,0.23,1.0,1.0,1.0,0.93,0.12306,0.89
1104,,0.2129,0.22,1.0,1.0,1.0,0.92,0.04235,0.78
1105,,0.13219,0.21,1.0,1.0,1.0,0.91,-0.03836,0.67
1106,7,0.06148,0.139,0.97071,1.0,1.0,0.981,1.0,0.641
1107,,-0.01923,0.129,1.0,1.0,1.0,0.971,0.91929,0.531
1108,1,1.0,0.2,1.0,1.0,0.97071,0.9,0.84858,0.502
1109,,0.91929,0.19,1.0,1.0,1.0,0.89,0.76787,0.392
1110,,0.83858,0.18,1.0,1.0,1.0,0.88,0.68716,0.282
1111,,0.75787,0.17,1.0,1.0,1.0,0.87,0.60645,0.172
1112,,0.67716,0.16,1.0,1.0,1.0,0.86,0.52574,0.062
1113,,0.59645,0.15,1.0,1.0,1.0,0.85,0.44503,-0.048
1114,8,0.59674,0.15,0.99971,1.0,0.99971,0.85,0.44532,1.0
1115,,0.51603,0.14,1.0,1.0,1.0,0.84,0.36461,0.89
1116,,0.43532,0.13,1.0,1.0,1.0,0.83,0.2839,0.78
1117,,0.35461,0.12,1.0,1.0,1.0,0.82,0.20319,0.67
1118,,0.2739,0.11,1.0,1.0,1.0,0.81,0.12248,0.56
1119,,0.19319,0.1,1.0,1.0,1.0,0.8,0.04177,0.45
1120,,0.11248,0.09,1.0,1.0,1.0,0.79,-0.03894,0.34
1121,7,0.04177,0.019,0.97071,1.0,1.0,0.861,1.0,0.311
1122,,-0.03894,0.009,1.0,1.0,1.0,0.851,0.91929,0.201
1123,1,1.0,0.08,1.0,1.0,0.97071,0.78,0.84858,0.172
1124,,0.91929,0.07,1.0,1.0,1.0,0.77,0.76787,0.062
1125,,0.83858,0.06,1.0,1.0,1.0,0.76,0.68716,-0.048
1126,8,0.83887,0.06,0.99971,1.0,0.99971,0.76,0.68745,1.0
1127,,0.75816,0.05,1.0,1.0,1.0,0.75,0.60674,0.89
1128,,0.67745,0.04,1.0,1.0,1.0,0.74,0.52603,0.78
1129,,0.59674,0.03,1.0,1.0,1.0,0.73,0.44532,0.67
1130,,0.51603,0.02,1.0,1.0,1.0,0.72,0.36461,0.56
1131,,0.43532,0.01,1.0,1.0,1.0,0.71,0.2839,0.45
1132,,0.35461,-0.0,1.0,1.0,1.0,0.7,0.20319,0.34
1133,,0.2739,-0.01,1.0,1.0,1.0,0.69,0.12248,0.23
1134,2,0.27419,1.0,1.0,1.0,0.99971,0.59,-0.01923,0.13
1135,7,0.20348,0.929,0.97071,1.0,1.0,0.661,1.0,0.101
1136,,0.12277,0.919,1.0,1.0,1.0,0.651,0.91929,-0.009
1137,8,0.12306,0.919,0.99971,1.0,0.99971,0.651,0.91958,1.0
1138,,0.04235,0.909,1.0,1.0,1.0,0.641,0.83887,0.89
1139,,-0.03836,0.899,1.0,1.0,1.0,0.631,0.75816,0.78
1140,1,1.0,0.97,1.0,1.0,0.97071,0.56,0.68745,0.751
1141,,0.91929,0.96,1.0,1.0,1.0,0.55,0.60674,0.641
1142,,0.83858,0.95,1.0,1.0,1.0,0.54,0.52603,0.531
1143,,0.75787,0.94,1.0,1.0,1.0,0.53,0.44532,0.421
1144,,0.67716,0.93,1.0,1.0,1.0,0.52,0.36461,0.311
1145,,0.59645,0.92,1.0,1.0,1.0,0.51,0.2839,0.201
1146,,0.51574,0.91,1.0,1.0,1.0,0.5,0.20319,0.091
1147,,0.43503,0.9,1.0,1.0,1.0,0.49,0.12248,-0.019
1148,8,0.43532,0.9,0.99971,1.0,0.99971,0.49,0.12277,1.0
1149,,0.35461,0.89,1.0,1.0,1.0,0.48,0.04206,0.89
1150,,0.2739,0.88,1.0,1.0,1.0,0.47,-0.03865,0.78
1151,7,0.20319,0.809,0.97071,1.0,1.0,0.541,1.0,0.751
1152,,0.12248,0.799,1.0,1.0,1.0,0.531,0.91929,0.641
1153,,0.04177,0.789,1.0,1.0,1.0,0.521,0.83858,0.531
1154,,-0.03894,0.779,1.0,1.0,1.0,0.511,0.75787,0.421
1155,1,1.0,0.85,1.0,1.0,0.97071,0.44,0.68716,0.392
1156,,0.91929,0.84,1.0,1.0,1.0,0.43,0.60645,0.282
1157,,0.83858,0.83,1.0,1.0,1.0,0.42,0.52574,0.172
1158,,0.75787,0.82,1.0,1.0,1.0,0.41,0.44503,0.062
1159,,0.67716,0.81,1.0,1.0,1.0,0.4,0.36432,-0.048
1160,8,0.67745,0.81,0.99971,1.0,0.99971,0.4,0.36461,1.0
1161,,0.59674,0.8,1.0,1.0,1.0,0.39,0.2839,0.89
1162,,0.51603,0.79,1.0,1.0,1.0,0.38,0.20319,0.78
1163,,0.43532,0.78,1.0,1.0,1.0,0.37,0.12248,0.67
1164,,0.35461,0.77,1.0,1.0,1.0,0.36,0.04177,0.56
1165,,0.2739,0.76,1.0,1.0,1.0,0.35,-0.03894,0.45
1166,7,0.20319,0.689,0.97071,1.0,1.0,0.421,1.0,0.421
1167,,0.12248,0.679,1.0,1.0,1.0,0.411,0.91929,0.311
1168,,0.04177,0.669,1.0,1.0,1.0,0.401,0.83858,0.201
1169,,-0.03894,0.659,1.0,1.0,1.0,0.391,0.75787,0.091
1170,1,1.0,0.73,1.0,1.0,0.97071,0.32,0.68716,0.062
1171,,0.91929,0.72,1.0,1.0,1.0,0.31,0.60645,-0.048
1172,8,0.91958,0.72,0.99971,1.0,0.99971,0.31,0.60674,1.0
1173,,0.83887,0.71,1.0,1.0,1.0,0.3,0.52603,0.89
1174,,0.75816,0.7,1.0,1.0,1.0,0.29,0.44532,0.78
1175,,0.67745,0.69,1.0,1.0,1.0,0.28,0.36461,0.67
1176,,0.59674,0.68,1.0,1.0,1.0,0.27,0.2839,0.56
1177,,0.51603,0.67,1.0,1.0,1.0,0.26,0.20319,0.45
1178,,0.43532,0.66,1.0,1.0,1.0,0.25,0.12248,0.34
1179,,0.35461,0.65,1.0,1.0,1.0,0.24,0.04177,0.23
1180,,0.2739,0.64,1.0,1.0,1.0,0.23,-0.03894,0.12
1181,7,0.20319,0.569,0.97071,1.0,1.0,0.301,1.0,0.091
1182,,0.12248,0.559,1.0,1.0,1.0,0.291,0.91929,-0.019
1183,8,0.12277,0.559,0.99971,1.0,0.99971,0.291,0.91958,1.0
1184,,0.04206,0.549,1.0,1.0,1.0,0.281,0.83887,0.89
1185,,-0.03865,0.539,1.0,1.0,1.0,0.271,0.75816,0.78
1186,1,1.0,0.61,1.0,1.0,0.97071,0.2,0.68745,0.751
1187,,0.91929,0.6,1.0,1.0,1.0,0.19,0.60674,0.641
1188,,0.83858,0.59,1.0,1.0,1.0,0.18,0.52603,0.531
1189,,0.75787,0.58,1.0,1.0,1.0,0.17,0.44532,0.421
1190,,0.67716,0.57,1.0,1.0,1.0,0.16,0.36461,0.311
1191,,0.59645,0.56,1.0,1.0,1.0,0.15,0.2839,0.201
1192,,0.51574,0.55,1.0,1.0,1.0,0.14,0.20319,0.091
1193,,0.43503,0.54,1.0,1.0,1.0,0.13,0.12248,-0.019
1194,8,0.43532,0.54,0.99971,1.0,0.99971,0.13,0.12277,1.0
1195,,0.35461,0.53,1.0,1.0,1.0,0.12,0.04206,0.89
1196,,0.2739,0.52,1.0,1.0,1.0,0.11,-0.03865,0.78
1197,7,0.20319,0.449,0.97071,1.0,1.0,0.181,1.0,0.751
1198,,0.12248,0.439,1.0,1.0,1.0,0.171,0.91929,0.641
1199,,0.04177,0.429,1.0,1.0,1.0,0.161,0.83858,0.531
1200,,-0.03894,0.419,1.0,1.0,1.0,0.151,0.75787,0.421
1201,1,1.0,0.49,1.0,1.0,0.97071,0.08,0.68716,0.392
1202,,0.91929,0.48,1.0,1.0,1.0,0.07,0.60645,0.282
1203,,0.83858,0.47,1.0,1.0,1.0,0.06,0.52574,0.172
1204,,0.75787,0.46,1.0,1.0,1.0,0.05,0.44503,0.062
1205,,0.67716,0.45,1.0,1.0,1.0,0.04,0.36432,-0.048
1206,8,0.67745,0.45,0.99971,1.0,0.99971,0.04,0.36461,1.0
1207,,0.59674,0.44,1.0,1.0,1.0,0.03,0.2839,0.89
1208,,0.51603,0.43,1.0,1.0,1.0,0.02,0.20319,0.78
1209,,0.43532,0.42,1.0,1.0,1.0,0.01,0.12248,0.67
1210,,0.35461,0.41,1.0,1.0,1.0,-0.0,0.04177,0.56
1211,,0.2739,0.4,1.0,1.0,1.0,-0.01,-0.03894,0.45
1212,7,0.20319,0.329,0.97071,1.0,1.0,0.061,1.0,0.421
1213,,0.12248,0.319,1.0,1.0,1.0,0.051,0.91929,0.311
1214,,0.04177,0.309,1.0,1.0,1.0,0.041,0.83858,0.201
1215,,-0.03894,0.299,1.0,1.0,1.0,0.031,0.75787,0.091
1216,1,1.0,0.37,1.0,1.0,0.97071,-0.04,0.68716,0.062
1217,6,0.85829,0.27,0.99971,1.0,1.0,1.0,0.68745,-0.038
1218,8,0.85858,0.27,0.99942,1.0,0.99971,1.0,0.68774,1.0
1219,,0.77787,0.26,1.0,1.0,1.0,0.99,0.60703,0.89
1220,,0.69716,0.25,1.0,1.0,1.0,0.98,0.52632,0.78
1221,,0.61645,0.24,1.0,1.0,1.0,0.97,0.44561,0.67
1222,,0.53574,0.23,1.0,1.0,1.0,0.96,0.3649,0.56
1223,,0.45503,0.22,1.0,1.0,1.0,0.95,0.28419,0.45
1224,,0.37432,0.21,1.0,1.0,1.0,0.94,0.20348,0.34
1225,,0.29361,0.2,1.0,1.0,1.0,0.93,0.12277,0.23
1226,,0.2129,0.19,1.0,1.0,1.0,0.92,0.04206,0.12
1227,,0.13219,0.18,1.0,1.0,1.0,0.91,-0.03865,0.01
1228,7,0.06148,0.109,0.97071,1.0,1.0,0.981,1.0,-0.019
1229,8,0.06177,0.109,0.97042,1.0,0.99971,0.981,1.0,1.0
1230,,-0.01894,0.099,1.0,1.0,1.0,0.971,0.91929,0.89
1231,1,1.0,0.17,1.0,1.0,0.97071,0.9,0.84858,0.861
1232,,0.91929,0.16,1.0,1.0,1.0,0.89,0.76787,0.751
1233,,0.83858,0.15,1.0,1.0,1.0,0.88,0.68716,0.641
1234,,0.75787,0.14,1.0,1.0,1.0,0.87,0.60645,0.531
1235,,0.67716,0.13,1.0,1.0,1.0,0.86,0.52574,0.421
1236,,0.59645,0.12,1.0,1.0,1.0,0.85,0.44503,0.311
1237,,0.51574,0.11,1.0,1.0,1.0,0.84,0.36432,0.201
1238,,0.43503,0.1,1.0,1.0,1.0,0.83,0.28361,0.091
1239,,0.35432,0.09,1.0,1.0,1.0,0.82,0.2029,-0.019
1240,8,0.35461,0.09,0.99971,1.0,0.99971,0.82,0.20319,1.0
1241,,0.2739,0.08,1.0,1.0,1.0,0.81,0.12248,0.89
1242,,0.19319,0.07,1.0,1.0,1.0,0.8,0.04177,0.78
1243,,0.11248,0.06,1.0,1.0,1.0,0.79,-0.03894,0.67
1244,7,0.04177,-0.011,0.97071,1.0,1.0,0.861,1.0,0.641
1245,2,0.04206,1.0,1.0,1.0,0.99971,0.761,0.85829,0.541
1246,,-0.03865,0.99,1.0,1.0,1.0,0.751,0.77758,0.431
1247,1,1.0,1.0,1.0,1.0,0.97071,0.68,0.70687,0.402
1248,,0.91929,0.99,1.0,1.0,1.0,0.67,0.62616,0.292
1249,,0.83858,0.98,1.0,1.0,1.0,0.66,0.54545,0.182
1250,,0.75787,0.97,1.0,1.0,1.0,0.65,0.46474,0.072
1251,,0.67716,0.96,1.0,1.0,1.0,0.64,0.38403,-0.038
1252,8,0.67745,0.96,0.99971,1.0,0.99971,0.64,0.38432,1.0
1253,,0.59674,0.95,1.0,1.0,1.0,0.63,0.30361,0.89
1254,,0.51603,0.94,1.0,1.0,1.0,0.62,0.2229,0.78
1255,,0.43532,0.93,1.0,1.0,1.0,0.61,0.14219,0.67
1256,,0.35461,0.92,1.0,1.0,1.0,0.6,0.06148,0.56
1257,,0.2739,0.91,1.0,1.0,1.0,0.59,-0.01923,0.45
1258,7,0.20319,0.839,0.97071,1.0,1.0,0.661,1.0,0.421
1259,,0.12248,0.829,1.0,1.0,1.0,0.651,0.91929,0.311
1260,,0.04177,0.819,1.0,1.0,1.0,0.641,0.83858,0.201
1261,,-0.03894,0.809,1.0,1.0,1.0,0.631,0.75787,0.091
1262,1,1.0,0.88,1.0,1.0,0.97071,0.56,0.68716,0.062
1263,,0.91929,0.87,1.0,1.0,1.0,0.55,0.60645,-0.048
1264,8,0.91958,0.87,0.99971,1.0,0.99971,0.55,0.60674,1.0
1265,,0.83887,0.86,1.0,1.0,1.0,0.54,0.52603,0.89
1266,,0.75816,0.85,1.0,1.0,1.0,0.53,0.44532,0.78
1267,,0.67745,0.84,1.0,1.0,1.0,0.52,0.36461,0.67
1268,,0.59674,0.83,1.0,1.0,1.0,0.51,0.2839,0.56
1269,,0.51603,0.82,1.0,1.0,1.0,0.5,0.20319,0.45
1270,,0.43532,0.81,1.0,1.0,1.0,0.49,0.12248,0.34
1271,,0.35461,0.8,1.0,1.0,1.0,0.48,0.04177,0.23
1272,,0.2739,0.79,1.0,1.0,1.0,0.47,-0.03894,0.12
1273,7,0.20319,0.719,0.97071,1.0,1.0,0.541,1.0,0.091
1274,,0.12248,0.709,1.0,1.0,1.0,0.531,0.91929,-0.019
1275,8,0.12277,0.709,0.99971,1.0,0.99971,0.531,0.91958,1.0
1276,,0.04206,0.699,1.0,1.0,1.0,0.521,0.83887,0.89
1277,,-0.03865,0.689,1.0,1.0,1.0,0.511,0.75816,0.78
1278,1,1.0,0.76,1.0,1.0,0.97071,0.44,0.68745,0.751
1279,,0.91929,0.75,1.0,1.0,1.0,0.43,0.60674,0.641
1280,,0.83858,0.74,1.0,1.0,1.0,0.42,0.52603,0.531
1281,,0.75787,0.73,1.0,1.0,1.0,0.41,0.44532,0.421
1282,,0.67716,0.72,1.0,1.0,1.0,0.4,0.36461,0.311
1283,,0.59645,0.71,1.0,1.0,1.0,0.39,0.2839,0.201
1284,,0.51574,0.7,1.0,1.0,1.0,0.38,0.20319,0.091
1285,,0.43503,0.69,1.0,1.0,1.0,0.37,0.12248,-0.019
1286,8,0.43532,0.69,0.99971,1.0,0.99971,0.37,0.12277,1.0
1287,,0.35461,0.68,1.0,1.0,1.0,0.36,0.04206,0.89
1288,,0.2739,0.67,1.0,1.0,1.0,0.35,-0.03865,0.78
1289,7,0.20319,0.599,0.97071,1.0,1.0,0.421,1.0,0.751
1290,,0.12248,0.589,1.0,1.0,1.0,0.411,0.91929,0.641
1291,,0.04177,0.579,1.0,1.0,1.0,0.401,0.83858,0.531
1292,,-0.03894,0.569,1.0,1.0,1.0,0.391,0.75787,0.421
1293,1,1.0,0.64,1.0,1.0,0.97071,0.32,0.68716,0.392
1294,,0.91929,0.63,1.0,1.0,1.0,0.31,0.60645,0.282
1295,,0.83858,0.62,1.0,1.0,1.0,0.3,0.52574,0.172
1296,,0.75787,0.61,1.0,1.0,1.0,0.29,0.44503,0.062
1297,,0.67716,0.6,1.0,1.0,1.0,0.28,0.36432,-0.048
1298,8,0.67745,0.6,0.99971,1.0,0.99971,0.28,0.36461,1.0
1299,,0.59674,0.59,1.0,1.0,1.0,0.27,0.2839,0.89
1300,,0.51603,0.58,1.0,1.0,1.0,0.26,0.20319,0.78
1301,,0.43532,0.57,1.0,1.0,1.0,0.25,0.12248,0.67
1302,,0.35461,0.56,1.0,1.0,1.0,0.24,0.04177,0.56
1303,,0.2739,0.55,1.0,1.0,1.0,0.23,-0.03894,0.45
1304,7,0.20319,0.479,0.97071,1.0,1.0,0.301,1.0,0.421
1305,,0.12248,0.469,1.0,1.0,1.0,0.291,0.91929,0.311
1306,,0.04177,0.459,1.0,1.0,1.0,0.281,0.83858,0.201
1307,,-0.03894,0.449,1.0,1.0,1.0,0.271,0.75787,0.091
1308,1,1.0,0.52,1.0,1.0,0.97071,0.2,0.68716,0.062
1309,,0.91929,0.51,1.0,1.0,1.0,0.19,0.60645,-0.048
1310,8,0.91958,0.51,0.99971,1.0,0.99971,0.19,0.60674,1.0
1311,,0.83887,0.5,1.0,1.0,1.0,0.18,0.52603,0.89
1312,,0.75816,0.49,1.0,1.0,1.0,0.17,0.44532,0.78
1313,,0.67745,0.48,1.0,1.0,1.0,0.16,0.36461,0.67
1314,,0.59674,0.47,1.0,1.0,1.0,0.15,0.2839,0.56
1315,,0.51603,0.46,1.0,1.0,1.0,0.14,0.20319,0.45
1316,,0.43532,0.45,1.0,1.0,1.0,0.13,0.12248,0.34
1317,,0.35461,0.44,1.0,1.0,1.0,0.12,0.04177,0.23
1318,,0.2739,0.43,1.0,1.0,1.0,0.11,-0.03894,0.12
1319,7,0.20319,0.359,0.97071,1.0,1.0,0.181,1.0,0.091
1320,,0.12248,0.349,1.0,1.0,1.0,0.171,0.91929,-0.019
1321,8,0.12277,0.349,0.99971,1.0,0.99971,0.171,0.91958,1.0
1322,,0.04206,0.339,1.0,1.0,1.0,0.161,0.83887,0.89
1323,,-0.03865,0.329,1.0,1.0,1.0,0.151,0.75816,0.78
1324,1,1.0,0.4,1.0,1.0,0.97071,0.08,0.68745,0.751
1325,,0.91929,0.39,1.0,1.0,1.0,0.07,0.60674,0.641
1326,,0.83858,0.38,1.0,1.0,1.0,0.06,0.52603,0.531
1327,,0.75787,0.37,1.0,1.0,1.0,0.05,0.44532,0.421
1328,,0.67716,0.36,1.0,1.0,1.0,0.04,0.36461,0.311
1329,,0.59645,0.35,1.0,1.0,1.0,0.03,0.2839,0.201
1330,,0.51574,0.34,1.0,1.0,1.0,0.02,0.20319,0.091
1331,,0.43503,0.33,1.0,1.0,1.0,0.01,0.12248,-0.019
1332,8,0.43532,0.33,0.99971,1.0,0.99971,0.01,0.12277,1.0
1333,,0.35461,0.32,1.0,1.0,1.0,-0.0,0.04206,0.89
1334,,0.2739,0.31,1.0,1.0,1.0,-0.01,-0.03865,0.78
1335,7,0.20319,0.239,0.97071,1.0,1.0,0.061,1.0,0.751
1336,,0.12248,0.229,1.0,1.0,1.0,0.051,0.91929,0.641
1337,,0.04177,0.219,1.0,1.0,1.0,0.041,0.83858,0.531
1338,,-0.03894,0.209,1.0,1.0,1.0,0.031,0.75787,0.421
1339,1,1.0,0.28,1.0,1.0,0.97071,-0.04,0.68716,0.392
1340,6,0.85829,0.18,0.99971,1.0,1.0,1.0,0.68745,0.292
1341,,0.77758,0.17,1.0,1.0,1.0,0.99,0.60674,0.182
1342,,0.69687,0.16,1.0,1.0,1.0,0.98,0.52603,0.072
1343,,0.61616,0.15,1.0,1.0,1.0,0.97,0.44532,-0.038
1344,8,0.61645,0.15,0.99971,1.0,0.99971,0.97,0.44561,1.0
1345,,0.53574,0.14,1.0,1.0,1.0,0.96,0.3649,0.89
1346,,0.45503,0.13,1.0,1.0,1.0,0.95,0.28419,0.78
1347,,0.37432,0.12,1.0,1.0,1.0,0.94,0.20348,0.67
1348,,0.29361,0.11,1.0,1.0,1.0,0.93,0.12277,0.56
1349,,0.2129,0.1,1.0,1.0,1.0,0.92,0.04206,0.45
1350,,0.13219,0.09,1.0,1.0,1.0,0.91,-0.03865,0.34
1351,7,0.06148,0.019,0.97071,1.0,1.0,0.981,1.0,0.311
1352,,-0.01923,0.009,1.0,1.0,1.0,0.971,0.91929,0.201
1353,1,1.0,0.08,1.0,1.0,0.97071,0.9,0.84858,0.172
1354,,0.91929,0.07,1.0,1.0,1.0,0.89,0.76787,0.062
1355,,0.83858,0.06,1.0,1.0,1.0,0.88,0.68716,-0.048
1356,8,0.83887,0.06,0.99971,1.0,0.99971,0.88,0.68745,1.0
1357,,0.75816,0.05,1.0,1.0,1.0,0.87,0.60674,0.89
1358,,0.67745,0.04,1.0,1.0,1.0,0.86,0.52603,0.78
1359,,0.59674,0.03,1.0,1.0,1.0,0.85,0.44532,0.67
1360,,0.51603,0.02,1.0,1.0,1.0,0.84,0.36461,0.56
1361,,0.43532,0.01,1.0,1.0,1.0,0.83,0.2839,0.45
1362,,0.35461,-0.0,1.0,1.0,1.0,0.82,0.20319,0.34
1363,,0.2739,-0.01,1.0,1.0,1.0,0.81,0.12248,0.23
1364,2,0.27419,1.0,1.0,1.0,0.99971,0.71,-0.01923,0.13
1365,7,0.20348,0.929,0.97071,1.0,1.0,0.781,1.0,0.101
1366,,0.12277,0.919,1.0,1.0,1.0,0.771,0.91929,-0.009
1367,8,0.12306,0.919,0.99971,1.0,0.99971,0.771,0.91958,1.0
1368,,0.04235,0.909,1.0,1.0,1.0,0.761,0.83887,0.89
1369,,-0.03836,0.899,1.0,1.0,1.0,0.751,0.75816,0.78
1370,1,1.0,0.97,1.0,1.0,0.97071,0.68,0.68745,0.751
1371,,0.91929,0.96,1.0,1.0,1.0,0.67,0.60674,0.641
1372,,0.83858,0.95,1.0,1.0,1.0,0.66,0.52603,0.531
1373,,0.75787,0.94,1.0,1.0,1.0,0.65,0.44532,0.421
1374,,0.67716,0.93,1.0,1.0,1.0,0.64,0.36461,0.311
1375,,0.59645,0.92,1.0,1.0,1.0,0.63,0.2839,0.201
1376,,0.51574,0.91,1.0,1.0,1.0,0.62,0.20319,0.091
1377,,0.43503,0.9,1.0,1.0,1.0,0.61,0.12248,-0.019
1378,8,0.43532,0.9,0.99971,1.0,0.99971,0.61,0.12277,1.0
1379,,0.35461,0.89,1.0,1.0,1.0,0.6,0.04206,0.89
1380,,0.2739,0.88,1.0,1.0,1.0,0.59,-0.03865,0.78
1381,7,0.20319,0.809,0.97071,1.0,1.0,0.661,1.0,0.751
1382,,0.12248,0.799,1.0,1.0,1.0,0.651,0.91929,0.641
1383,,0.04177,0.789,1.0,1.0,1.0,0.641,0.83858,0.531
1384,,-0.03894,0.779,1.0,1.0,1.0,0.631,0.75787,0.421
1385,1,1.0,0.85,1.0,1.0,0.97071,0.56,0.68716,0.392
1386,,0.91929,0.84,1.0,1.0,1.0,0.55,0.60645,0.282
1387,,0.83858,0.83,1.0,1.0,1.0,0.54,0.52574,0.172
1388,,0.75787,0.82,1.0,1.0,1.0,0.53,0.44503,0.062
1389,,0.67716,0.81,1.0,1.0,1.0,0.52,0.36432,-0.048
1390,8,0.67745,0.81,0.99971,1.0,0.99971,0.52,0.36461,1.0
1391,,0.59674,0.8,1.0,1.0,1.0,0.51,0.2839,0.89
1392,,0.51603,0.79,1.0,1.0,1.0,0.5,0.20319,0.78
1393,,0.43532,0.78,1.0,1.0,1.0,0.49,0.12248,0.67
1394,,0.35461,0.77,1.0,1.0,1.0,0.48,0.04177,0.56
1395,,0.2739,0.76,1.0,1.0,1.0,0.47,-0.03894,0.45
1396,7,0.20319,0.689,0.97071,1.0,1.0,0.541,1.0,0.421
1397,,0.12248,0.679,1.0,1.0,1.0,0.531,0.91929,0.311
1398,,0.04177,0.669,1.0,1.0,1.0,0.521,0.83858,0.201
1399,,-0.03894,0.659,1.0,1.0,1.0,0.511,0.75787,0.091
1400,1,1.0,0.73,1.0,1.0,0.97071,0.44,0.68716,0.062
1401,,0.91929,0.72,1.0,1.0,1.0,0.43,0.60645,-0.048
1402,8,0.91958,0.72,0.99971,1.0,0.99971,0.43,0.60674,1.0
1403,,0.83887,0.71,1.0,1.0,1.0,0.42,0.52603,0.89
1404,,0.75816,0.7,1.0,1.0,1.0,0.41,0.44532,0.78
1405,,0.67745,0.69,1.0,1.0,1.0,0.4,0.36461,0.67
1406,,0.59674,0.68,1.0,1.0,1.0,0.39,0.2839,0.56
1407,,0.51603,0.67,1.0,1.0,1.0,0.38,0.20319,0.45
1408,,0.43532,0.66,1.0,1.0,1.0,0.37,0.12248,0.34
1409,,0.35461,0.65,1.0,1.0,1.0,0.36,0.04177,0.23
1410,,0.2739,0.64,1.0,1.0,1.0,0.35,-0.03894,0.12
1411,7,0.20319,0.569,0.97071,1.0,1.0,0.421,1.0,0.091
1412,,0.12248,0.559,1.0,1.0,1.0,0.411,0.91929,-0.019
1413,8,0.12277,0.559,0.99971,1.0,0.99971,0.411,0.91958,1.0
1414,,0.04206,0.549,1.0,1.0,1.0,0.401,0.83887,0.89
1415,,-0.03865,0.539,1.0,1.0,1.0,0.391,0.75816,0.78
1416,1,1.0,0.61,1.0,1.0,0.97071,0.32,0.68745,0.751
1417,,0.91929,0.6,1.0,1.0,1.0,0.31,0.60674,0.641
1418,,0.83858,0.59,1.0,1.0,1.0,0.3,0.52603,0.531
1419,,0.75787,0.58,1.0,1.0,1.0,0.29,0.44532,0.421
1420,,0.67716,0.57,1.0,1.0,1.0,0.28,0.36461,0.311
1421,,0.59645,0.56,1.0,1.0,1.0,0.27,0.2839,0.201
1422,,0.51574,0.55,1.0,1.0,1.0,0.26,0.20319,0.091
1423,,0.43503,0.54,1.0,1.0,1.0,0.25,0.12248,-0.019
1424,8,0.43532,0.54,0.99971,1.0,0.99971,0.25,0.12277,1.0
1425,,0.35461,0.53,1.0,1.0,1.0,0.24,0.04206,0.89
1426,,0.2739,0.52,1.0,1.0,1.0,0.23,-0.03865,0.78
1427,7,0.20319,0.449,0.97071,1.0,1.0,0.301,1.0,0.751
1428,,0.12248,0.439,1.0,1.0,1.0,0.291,0.91929,0.641
1429,,0.04177,0.429,1.0,1.0,1.0,0.281,0.83858,0.531
1430,,-0.03894,0.419,1.0,1.0,1.0,0.271,0.75787,0.421
1431,1,1.0,0.49,1.0,1.0,0.97071,0.2,0.68716,0.392
1432,,0.91929,0.48,1.0,1.0,1.0,0.19,0.60645,0.282
1433,,0.83858,0.47,1.0,1.0,1.0,0.18,0.52574,0.172
1434,,0.75787,0.46,1.0,1.0,1.0,0.17,0.44503,0.062
1435,,0.67716,0.45,1.0,1.0,1.0,0.16,0.36432,-0.048
1436,8,0.67745,0.45,0.99971,1.0,0.99971,0.16,0.36461,1.0
1437,,0.59674,0.44,1.0,1.0,1.0,0.15,0.2839,0.89
1438,,0.51603,0.43,1.0,1.0,1.0,0.14,0.20319,0.78
1439,,0.43532,0.42,1.0,1.0,1.0,0.13,0.12248,0.67
1440,,0.35461,0.41,1.0,1.0,1.0,0.12,0.04177,0.56
1441,,0.2739,0.4,1.0,1.0,1.0,0.11,-0.03894,0.45
1442,7,0.20319,0.329,0.97071,1.0,1.0,0.181,1.0,0.421
1443,,0.12248,0.319,1.0,1.0,1.0,0.171,0.91929,0.311
1444,,0.04177,0.309,1.0,1.0,1.0,0.161,0.83858,0.201
1445,,-0.03894,0.299,1.0,1.0,1.0,0.151,0.75787,0.091
1446,1,1.0,0.37,1.0,1.0,0.97071,0.08,0.68716,0.062
1447,,0.91929,0.36,1.0,1.0,1.0,0.07,0.60645,-0.048
1448,8,0.91958,0.36,0.99971,1.0,0.99971,0.07,0.60674,1.0
1449,,0.83887,0.35,1.0,1.0,1.0,0.06,0.52603,0.89
1450,,0.75816,0.34,1.0,1.0,1.0,0.05,0.44532,0.78
1451,,0.67745,0.33,1.0,1.0,1.0,0.04,0.36461,0.67
1452,,0.59674,0.32,1.0,1.0,1.0,0.03,0.2839,0.56
1453,,0.51603,0.31,1.0,1.0,1.0,0.02,0.20319,0.45
1454,,0.43532,0.3,1.0,1.0,1.0,0.01,0.12248,0.34
1455,,0.35461,0.29,1.0,1.0,1.0,-0.0,0.04177,0.23
1456,,0.2739,0.28,1.0,1.0,1.0,-0.01,-0.03894,0.12
1457,7,0.20319,0.209,0.97071,1.0,1.0,0.061,1.0,0.091
1458,,0.12248,0.199,1.0,1.0,1.0,0.051,0.91929,-0.019
1459,8,0.12277,0.199,0.99971,1.0,0.99971,0.051,0.91958,1.0
1460,,0.04206,0.189,1.0,1.0,1.0,0.041,0.83887,0.89
1461,,-0.03865,0.179,1.0,1.0,1.0,0.031,0.75816,0.78
1462,1,1.0,0.25,1.0,1.0,0.97071,-0.04,0.68745,0.751
1463,6,0.85829,0.15,0.99971,1.0,1.0,1.0,0.68774,0.651
1464,,0.77758,0.14,1.0,1.0,1.0,0.99,0.60703,0.541
1465,,0.69687,0.13,1.0,1.0,1.0,0.98,0.52632,0.431
1466,,0.61616,0.12,1.0,1.0,1.0,0.97,0.44561,0.321
1467,,0.53545,0.11,1.0,1.0,1.0,0.96,0.3649,0.211
1468,,0.45474,0.1,1.0,1.0,1.0,0.95,0.28419,0.101
1469,,0.37403,0.09,1.0,1.0,1.0,0.94,0.20348,-0.009
1470,8,0.37432,0.09,0.99971,1.0,0.99971,0.94,0.20377,1.0
1471,,0.29361,0.08,1.0,1.0,1.0,0.93,0.12306,0.89
1472,,0.2129,0.07,1.0,1.0,1.0,0.92,0.04235,0.78
1473,,0.13219,0.06,1.0,1.0,1.0,0.91,-0.03836,0.67
1474,7,0.06148,-0.011,0.97071,1.0,1.0,0.981,1.0,0.641
1475,2,0.06177,1.0,1.0,1.0,0.99971,0.881,0.85829,0.541
1476,,-0.01894,0.99,1.0,1.0,1.0,0.871,0.77758,0.431
1477,1,1.0,1.0,1.0,1.0,0.97071,0.8,0.70687,0.402
1478,,0.91929,0.99,1.0,1.0,1.0,0.79,0.62616,0.292
1479,,0.83858,0.98,1.0,1.0,1.0,0.78,0.54545,0.182
1480,,0.75787,0.97,1.0,1.0,1.0,0.77,0.46474,0.072
1481,,0.67716,0.96,1.0,1.0,1.0,0.76,0.38403,-0.038
1482,8,0.67745,0.96,0.99971,1.0,0.99971,0.76,0.38432,1.0
1483,,0.59674,0.95,1.0,1.0,1.0,0.75,0.30361,0.89
1484,,0.51603,0.94,1.0,1.0,1.0,0.74,0.2229,0.78
1485,,0.43532,0.93,1.0,1.0,1.0,0.73,0.14219,0.67
1486,,0.35461,0.92,1.0,1.0,1.0,0.72,0.06148,0.56
1487,,0.2739,0.91,1.0,1.0,1.0,0.71,-0.01923,0.45
1488,7,0.20319,0.839,0.97071,1.0,1.0,0.781,1.0,0.421
1489,,0.12248,0.829,1.0,1.0,1.0,0.771,0.91929,0.311
1490,,0.04177,0.819,1.0,1.0,1.0,0.761,0.83858,0.201
1491,,-0.03894,0.809,1.0,1.0,1.0,0.751,0.75787,0.091
1492,1,1.0,0.88,1.0,1.0,0.97071,0.68,0.68716,0.062
1493,,0.91929,0.87,1.0,1.0,1.0,0.67,0.60645,-0.048
1494,8,0.91958,0.87,0.99971,1.0,0.99971,0.67,0.60674,1.0
1495,,0.83887,0.86,1.0,1.0,1.0,0.66,0.52603,0.89
1496,,0.75816,0.85,1.0,1.0,1.0,0.65,0.44532,0.78
1497,,0.67745,0.84,1.0,1.0,1.0,0.64,0.36461,0.67
1498,,0.59674,0.83,1.0,1.0,1.0,0.63,0.2839,0.56
1499,,0.51603,0.82,1.0,1.0,1.0,0.62,0.20319,0.45
1500,,0.43532,0.81,1.0,1.0,1.0,0.61,0.12248,0.34
1501,,0.35461,0.8,1.0,1.0,1.0,0.6,0.04177,0.23
1502,,0.2739,0.79,1.0,1.0,1.0,0.59,-0.03894,0.12
1503,7,0.20319,0.719,0.97071,1.0,1.0,0.661,1.0,0.091
1504,,0.12248,0.709,1.0,1.0,1.0,0.651,0.91929,-0.019
1505,8,0.12277,0.709,0.99971,1.0,0.99971,0.651,0.91958,1.0
1506,,0.04206,0.699,1.0,1.0,1.0,0.641,0.83887,0.89
1507,,-0.03865,0.689,1.0,1.0,1.0,0.631,0.75816,0.78
1508,1,1.0,0.76,1.0,1.0,0.97071,0.56,0.68745,0.751
1509,,0.91929,0.75,1.0,1.0,1.0,0.55,0.60674,0.641
1510,,0.83858,0.74,1.0,1.0,1.0,0.54,0.52603,0.531
1511,,0.75787,0.73,1.0,1.0,1.0,0.53,0.44532,0.421
1512,,0.67716,0.72,1.0,1.0,1.0,0.52,0.36461,0.311
1513,,0.59645,0.71,1.0,1.0,1.0,0.51,0.2839,0.201
1514,,0.51574,0.7,1.0,1.0,1.0,0.5,0.20319,0.091
1515,,0.43503,0.69,1.0,1.0,1.0,0.49,0.12248,-0.019
1516,8,0.43532,0.69,0.99971,1.0,0.99971,0.49,0.12277,1.0
1517,,0.35461,0.68,1.0,1.0,1.0,0.48,0.04206,0.89
1518,,0.2739,0.67,1.0,1.0,1.0,0.47,-0.03865,0.78
1519,7,0.20319,0.599,0.97071,1.0,1.0,0.541,1.0,0.751
1520,,0.12248,0.589,1.0,1.0,1.0,0.531,0.91929,0.641
1521,,0.04177,0.579,1.0,1.0,1.0,0.521,0.83858,0.531
1522,,-0.03894,0.569,1.0,1.0,1.0,0.511,0.75787,0.421
1523,1,1.0,0.64,1.0,1.0,0.97071,0.44,0.68716,0.392
1524,,0.91929,0.63,1.0,1.0,1.0,0.43,0.60645,0.282
1525,,0.83858,0.62,1.0,1.0,1.0,0.42,0.52574,0.172
1526,,0.75787,0.61,1.0,1.0,1.0,0.41,0.44503,0.062
1527,,0.67716,0.6,1.0,1.0,1.0,0.4,0.36432,-0.048
1528,8,0.67745,0.6,0.99971,1.0,0.99971,0.4,0.36461,1.0
1529,,0.59674,0.59,1.0,1.0,1.0,0.39,0.2839,0.89
1530,,0.51603,0.58,1.0,1.0,1.0,0.38,0.20319,0.78
1531,,0.43532,0.57,1.0,1.0,1.0,0.37,0.12248,0.67
1532,,0.35461,0.56,1.0,1.0,1.0,0.36,0.04177,0.56
1533,,0.2739,0.55,1.0,1.0,1.0,0.35,-0.03894,0.45
1534,7,0.20319,0.479,0.97071,1.0,1.0,0.421,1.0,0.421
1535,,0.12248,0.469,1.0,1.0,1.0,0.411,0.91929,0.311
1536,,0.04177,0.459,1.0,1.0,1.0,0.401,0.83858,0.201
1537,,-0.03894,0.449,1.0,1.0,1.0,0.391,0.75787,0.091
1538,1,1.0,0.52,1.0,1.0,0.97071,0.32,0.68716,0.062
1539,,0.91929,0.51,1.0,1.0,1.0,0.31,0.60645,-0.048
1540,8,0.91958,0.51,0.99971,1.0,0.99971,0.31,0.60674,1.0
1541,,0.83887,0.5,1.0,1.0,1.0,0.3,0.52603,0.89
1542,,0.75816,0.49,1.0,1.0,1.0,0.29,0.44532,0.78
1543,,0.67745,0.48,1.0,1.0,1.0,0.28,0.36461,0.67
1544,,0.59674,0.47,1.0,1.0,1.0,0.27,0.2839,0.56
1545,,0.51603,0.46,1.0,1.0,1.0,0.26,0.20319,0.45
1546,,0.43532,0.45,1.0,1.0,1.0,0.25,0.12248,0.34
1547,,0.35461,0.44,1.0,1.0,1.0,0.24,0.04177,0.23
1548,,0.2739,0.43,1.0,1.0,1.0,0.23,-0.03894,0.12
1549,7,0.20319,0.359,0.97071,1.0,1.0,0.301,1.0,0.091
1550,,0.12248,0.349,1.0,1.0,1.0,0.291,0.91929,-0.019
1551,8,0.12277,0.349,0.99971,1.0,0.99971,0.291,0.91958,1.0
1552,,0.04206,0.339,1.0,1.0,1.0,0.281,0.83887,0.89
1553,,-0.03865,0.329,1.0,1.0,1.0,0.271,0.75816,0.78
1554,1,1.0,0.4,1.0,1.0,0.97071,0.2,0.68745,0.751
1555,,0.91929,0.39,1.0,1.0,1.0,0.19,0.60674,0.641
1556,,0.83858,0.38,1.0,1.0,1.0,0.18,0.52603,0.531
1557,,0.75787,0.37,1.0,1.0,1.0,0.17,0.44532,0.421
1558,,0.67716,0.36,1.0,1.0,1.0,0.16,0.36461,0.311
1559,,0.59645,0.35,1.0,1.0,1.0,0.15,0.2839,0.201
1560,,0.51574,0.34,1.0,1.0,1.0,0.14,0.20319,0.091
1561,,0.43503,0.33,1.0,1.0,1.0,0.13,0.12248,-0.019
1562,8,0.43532,0.33,0.99971,1.0,0.99971,0.13,0.12277,1.0
1563,,0.35461,0.32,1.0,1.0,1.0,0.12,0.04206,0.89
1564,,0.2739,0.31,1.0,1.0,1.0,0.11,-0.03865,0.78
1565,7,0.20319,0.239,0.97071,1.0,1.0,0.181,1.0,0.751
1566,,0.12248,0.229,1.0,1.0,1.0,0.171,0.91929,0.641
1567,,0.04177,0.219,1.0,1.0,1.0,0.161,0.83858,0.531
1568,,-0.03894,0.209,1.0,1.0,1.0,0.151,0.75787,0.421
1569,1,1.0,0.28,1.0,1.0,0.97071,0.08,0.68716,0.392
1570,,0.91929,0.27,1.0,1.0,1.0,0.07,0.60645,0.282
1571,,0.83858,0.26,1.0,1.0,1.0,0.06,0.52574,0.172
1572,,0.75787,0.25,1.0,1.0,1.0,0.05,0.44503,0.062
1573,,0.67716,0.24,1.0,1.0,1.0,0.04,0.36432,-0.048
1574,8,0.67745,0.24,0.99971,1.0,0.99971,0.04,0.36461,1.0
1575,,0.59674,0.23,1.0,1.0,1.0,0.03,0.2839,0.89
1576,,0.51603,0.22,1.0,1.0,1.0,0.02,0.20319,0.78
1577,,0.43532,0.21,1.0,1.0,1.0,0.01,0.12248,0.67
1578,,0.35461,0.2,1.0,1.0,1.0,-0.0,0.04177,0.56
1579,,0.2739,0.19,1.0,1.0,1.0,-0.01,-0.03894,0.45
1580,7,0.20319,0.119,0.97071,1.0,1.0,0.061,1.0,0.421
1581,,0.12248,0.109,1.0,1.0,1.0,0.051,0.91929,0.311
1582,,0.04177,0.099,1.0,1.0,1.0,0.041,0.83858,0.201
1583,,-0.03894,0.089,1.0,1.0,1.0,0.031,0.75787,0.091
1584,1,1.0,0.16,1.0,1.0,0.97071,-0.04,0.68716,0.062
1585,6,0.85829,0.06,0.99971,1.0,1.0,1.0,0.68745,-0.038
1586,8,0.85858,0.06,0.99942,1.0,0.99971,1.0,0.68774,1.0
1587,,0.77787,0.05,1.0,1.0,1.0,0.99,0.60703,0.89
1588,,0.69716,0.04,1.0,1.0,1.0,0.98,0.52632,0.78
1589,,0.61645,0.03,1.0,1.0,1.0,0.97,0.44561,0.67
1590,,0.53574,0.02,1.0,1.0,1.0,0.96,0.3649,0.56
1591,,0.45503,0.01,1.0,1.0,1.0,0.95,0.28419,0.45
1592,,0.37432,-0.0,1.0,1.0,1.0,0.94,0.20348,0.34
1593,,0.29361,-0.01,1.0,1.0,1.0,0.93,0.12277,0.23
1594,2,0.2939,1.0,1.0,1.0,0.99971,0.83,-0.01894,0.13
1595,7,0.22319,0.929,0.97071,1.0,1.0,0.901,1.0,0.101
1596,,0.14248,0.919,1.0,1.0,1.0,0.891,0.91929,-0.009
1597,8,0.14277,0.919,0.99971,1.0,0.99971,0.891,0.91958,1.0
1598,,0.06206,0.909,1.0,1.0,1.0,0.881,0.83887,0.89
1599,,-0.01865,0.899,1.0,1.0,1.0,0.871,0.75816,0.78
1600,1,1.0,0.97,1.0,1.0,0.97071,0.8,0.68745,0.751
1601,,0.91929,0.96,1.0,1.0,1.0,0.79,0.60674,0.641
1602,,0.83858,0.95,1.0,1.0,1.0,0.78,0.52603,0.531
1603,,0.75787,0.94,1.0,1.0,1.0,0.77,0.44532,0.421
1604,,0.67716,0.93,1.0,1.0,1.0,0.76,0.36461,0.311
1605,,0.59645,0.92,1.0,1.0,1.0,0.75,0.2839,0.201
1606,,0.51574,0.91,1.0,1.0,1.0,0.74,0.20319,0.091
1607,,0.43503,0.9,1.0,1.0,1.0,0.73,0.12248,-0.019
1608,8,0.43532,0.9,0.99971,1.0,0.99971,0.73,0.12277,1.0
1609,,0.35461,0.89,1.0,1.0,1.0,0.72,0.04206,0.89
1610,,0.2739,0.88,1.0,1.0,1.0,0.71,-0.03865,0.78
1611,7,0.20319,0.809,0.97071,1.0,1.0,0.781,1.0,0.751
1612,,0.12248,0.799,1.0,1.0,1.0,0.771,0.91929,0.641
1613,,0.04177,0.789,1.0,1.0,1.0,0.761,0.83858,0.531
1614,,-0.03894,0.779,1.0,1.0,1.0,0.751,0.75787,0.421
1615,1,1.0,0.85,1.0,1.0,0.97071,0.68,0.68716,0.392
1616,,0.91929,0.84,1.0,1.0,1.0,0.67,0.60645,0.282
1617,,0.83858,0.83,1.0,1.0,1.0,0.66,0.52574,0.172
1618,,0.75787,0.82,1.0,1.0,1.0,0.65,0.44503,0.062
1619,,0.67716,0.81,1.0,1.0,1.0,0.64,0.36432,-0.048
1620,8,0.67745,0.81,0.99971,1.0,0.99971,0.64,0.36461,1.0
1621,,0.59674,0.8,1.0,1.0,1.0,0.63,0.2839,0.89
1622,,0.51603,0.79,1.0,1.0,1.0,0.62,0.20319,0.78
1623,,0.43532,0.78,1.0,1.0,1.0,0.61,0.12248,0.67
1624,,0.35461,0.77,1.0,1.0,1.0,0.6,0.04177,0.56
1625,,0.2739,0.76,1.0,1.0,1.0,0.59,-0.03894,0.45
1626,7,0.20319,0.689,0.97071,1.0,1.0,0.661,1.0,0.421
1627,,0.12248,0.679,1.0,1.0,1.0,0.651,0.91929,0.311
1628,,0.04177,0.669,1.0,1.0,1.0,0.641,0.83858,0.201
1629,,-0.03894,0.659,1.0,1.0,1.0,0.631,0.75787,0.091
1630,1,1.0,0.73,1.0,1.0,0.97071,0.56,0.68716,0.062
1631,,0.91929,0.72,1.0,1.0,1.0,0.55,0.60645,-0.048
1632,8,0.91958,0.72,0.99971,1.0,0.99971,0.55,0.60674,1.0
1633,,0.83887,0.71,1.0,1.0,1.0,0.54,0.52603,0.89
1634,,0.75816,0.7,1.0,1.0,1.0,0.53,0.44532,0.78
1635,,0.67745,0.69,1.0,1.0,1.0,0.52,0.36461,0.67
1636,,0.59674,0.68,1.0,1.0,1.0,0.51,0.2839,0.56
1637,,0.51603,0.67,1.0,1.0,1.0,0.5,0.20319,0.45
1638,,0.43532,0.66,1.0,1.0,1.0,0.49,0.12248,0.34
1639,,0.35461,0.65,1.0,1.0,1.0,0.48,0.04177,0.23
1640,,0.2739,0.64,1.0,1.0,1.0,0.47,-0.03894,0.12
1641,7,0.20319,0.569,0.97071,1.0,1.0,0.541,1.0,0.091
1642,,0.12248,0.559,1.0,1.0,1.0,0.531,0.91929,-0.019
1643,8,0.12277,0.559,0.99971,1.0,0.99971,0.531,0.91958,1.0
1644,,0.04206,0.549,1.0,1.0,1.0,0.521,0.83887,0.89
1645,,-0.03865,0.539,1.0,1.0,1.0,0.511,0.75816,0.78
1646,1,1.0,0.61,1.0,1.0,0.97071,0.44,0.68745,0.751
1647,,0.91929,0.6,1.0,1.0,1.0,0.43,0.60674,0.641
1648,,0.83858,0.59,1.0,1.0,1.0,0.42,0.52603,0.531
1649,,0.75787,0.58,1.0,1.0,1.0,0.41,0.44532,0.421
1650,,0.67716,0.57,1.0,1.0,1.0,0.4,0.36461,0.311
1651,,0.59645,0.56,1.0,1.0,1.0,0.39,0.2839,0.201
1652,,0.51574,0.55,1.0,1.0,1.0,0.38,0.20319,0.091
1653,,0.43503,0.54,1.0,1.0,1.0,0.37,0.12248,-0.019
1654,8,0.43532,0.54,0.99971,1.0,0.99971,0.37,0.12277,1.0
1655,,0.35461,0.53,1.0,1.0,1.0,0.36,0.04206,0.89
1656,,0.2739,0.52,1.0,1.0,1.0,0.35,-0.03865,0.78
1657,7,0.20319,0.449,0.97071,1.0,1.0,0.421,1.0,0.751
1658,,0.12248,0.439,1.0,1.0,1.0,0.411,0.91929,0.641
1659,,0.04177,0.429,1.0,1.0,1.0,0.401,0.83858,0.531
1660,,-0.03894,0.419,1.0,1.0,1.0,0.391,0.75787,0.421
1661,1,1.0,0.49,1.0,1.0,0.97071,0.32,0.68716,0.392
1662,,0.91929,0.48,1.0,1.0,1.0,0.31,0.60645,0.282
1663,,0.83858,0.47,1.0,1.0,1.0,0.3,0.52574,0.172
1664,,0.75787,0.46,1.0,1.0,1.0,0.29,0.44503,0.062
1665,,0.67716,0.45,1.0,1.0,1.0,0.28,0.36432,-0.048
1666,8,0.67745,0.45,0.99971,1.0,0.99971,0.28,0.36461,1.0
1667,,0.59674,0.44,1.0,1.0,1.0,0.27,0.2839,0.89
1668,,0.51603,0.43,1.0,1.0,1.0,0.26,0.20319,0.78
1669,,0.43532,0.42,1.0,1.0,1.0,0.25,0.12248,0.67
1670,,0.35461,0.41,1.0,1.0,1.0,0.24,0.04177,0.56
1671,,0.2739,0.4,1.0,1.0,1.0,0.23,-0.03894,0.45
1672,7,0.20319,0.329,0.97071,1.0,1.0,0.301,1.0,0.421
1673,,0.12248,0.319,1.0,1.0,1.0,0.291,0.91929,0.311
1674,,0.04177,0.309,1.0,1.0,1.0,0.281,0.83858,0.201
1675,,-0.03894,0.299,1.0,1.0,1.0,0.271,0.75787,0.091
1676,1,1.0,0.37,1.0,1.0,0.97071,0.2,0.68716,0.062
1677,,0.91929,0.36,1.0,1.0,1.0,0.19,0.60645,-0.048
1678,8,0.91958,0.36,0.99971,1.0,0.99971,0.19,0.60674,1.0
1679,,0.83887,0.35,1.0,1.0,1.0,0.18,0.52603,0.89
1680,,0.75816,0.34,1.0,1.0,1.0,0.17,0.44532,0.78
1681,,0.67745,0.33,1.0,1.0,1.0,0.16,0.36461,0.67
1682,,0.59674,0.32,1.0,1.0,1.0,0.15,0.2839,0.56
1683,,0.51603,0.31,1.0,1.0,1.0,0.14,0.20319,0.45
1684,,0.43532,0.3,1.0,1.0,1.0,0.13,0.12248,0.34
1685,,0.35461,0.29,1.0,1.0,1.0,0.12,0.04177,0.23
1686,,0.2739,0.28,1.0,1.0,1.0,0.11,-0.03894,0.12
1687,7,0.20319,0.209,0.97071,1.0,1.0,0.181,1.0,0.091
1688,,0.12248,0.199,1.0,1.0,1.0,0.171,0.91929,-0.019
1689,8,0.12277,0.199,0.99971,1.0,0.99971,0.171,0.91958,1.0
1690,,0.04206,0.189,1.0,1.0,1.0,0.161,0.83887,0.89
1691,,-0.03865,0.179,1.0,1.0,1.0,0.151,0.75816,0.78
1692,1,1.0,0.25,1.0,1.0,0.97071,0.08,0.68745,0.751
1693,,0.91929,0.24,1.0,1.0,1.0,0.07,0.60674,0.641
1694,,0.83858,0.23,1.0,1.0,1.0,0.06,0.52603,0.531
1695,,0.75787,0.22,1.0,1.0,1.0,0.05,0.44532,0.421
1696,,0.67716,0.21,1.0,1.0,1.0,0.04,0.36461,0.311
1697,,0.59645,0.2,1.0,1.0,1.0,0.03,0.2839,0.201
1698,,0.51574,0.19,1.0,1.0,1.0,0.02,0.20319,0.091
1699,,0.43503,0.18,1.0,1.0,1.0,0.01,0.12248,-0.019
1700,8,0.43532,0.18,0.99971,1.0,0.99971,0.01,0.12277,1.0
1701,,0.35461,0.17,1.0,1.0,1.0,-0.0,0.04206,0.89
1702,,0.2739,0.16,1.0,1.0,1.0,-0.01,-0.03865,0.78
1703,7,0.20319,0.089,0.97071,1.0,1.0,0.061,1.0,0.751
1704,,0.12248,0.079,1.0,1.0,1.0,0.051,0.91929,0.641
1705,,0.04177,0.069,1.0,1.0,1.0,0.041,0.83858,0.531
1706,,-0.03894,0.059,1.0,1.0,1.0,0.031,0.75787,0.421
1707,1,1.0,0.13,1.0,1.0,0.97071,-0.04,0.68716,0.392
1708,6,0.85829,0.03,0.99971,1.0,1.0,1.0,0.68745,0.292
1709,,0.77758,0.02,1.0,1.0,1.0,0.99,0.60674,0.182
1710,,0.69687,0.01,1.0,1.0,1.0,0.98,0.52603,0.072
1711,,0.61616,-0.0,1.0,1.0,1.0,0.97,0.44532,-0.038
1712,8,0.61645,-0.0,0.99971,1.0,0.99971,0.97,0.44561,1.0
1713,,0.53574,-0.01,1.0,1.0,1.0,0.96,0.3649,0.89
1714,2,0.53603,1.0,1.0,1.0,0.99971,0.86,0.22319,0.79
1715,,0.45532,0.99,1.0,1.0,1.0,0.85,0.14248,0.68
1716,,0.37461,0.98,1.0,1.0,1.0,0.84,0.06177,0.57
1717,,0.2939,0.97,1.0,1.0,1.0,0.83,-0.01894,0.46
1718,7,0.22319,0.899,0.97071,1.0,1.0,0.901,1.0,0.431
1719,,0.14248,0.889,1.0,1.0,1.0,0.891,0.91929,0.321
1720,,0.06177,0.879,1.0,1.0,1.0,0.881,0.83858,0.211
1721,,-0.01894,0.869,1.0,1.0,1.0,0.871,0.75787,0.101
1722,1,1.0,0.94,1.0,1.0,0.97071,0.8,0.68716,0.072
1723,,0.91929,0.93,1.0,1.0,1.0,0.79,0.60645,-0.038
1724,8,0.91958,0.93,0.99971,1.0,0.99971,0.79,0.60674,1.0
1725,,0.83887,0.92,1.0,1.0,1.0,0.78,0.52603,0.89
1726,,0.75816,0.91,1.0,1.0,1.0,0.77,0.44532,0.78
1727,,0.67745,0.9,1.0,1.0,1.0,0.76,0.36461,0.67
1728,,0.59674,0.89,1.0,1.0,1.0,0.75,0.2839,0.56
1729,,0.51603,0.88,1.0,1.0,1.0,0.74,0.20319,0.45
1730,,0.43532,0.87,1.0,1.0,1.0,0.73,0.12248,0.34
1731,,0.35461,0.86,1.0,1.0,1.0,0.72,0.04177,0.23
1732,,0.2739,0.85,1.0,1.0,1.0,0.71,-0.03894,0.12
1733,7,0.20319,0.779,0.97071,1.0,1.0,0.781,1.0,0.091
1734,,0.12248,0.769,1.0,1.0,1.0,0.771,0.91929,-0.019
1735,8,0.12277,0.769,0.99971,1.0,0.99971,0.771,0.91958,1.0
1736,,0.04206,0.759,1.0,1.0,1.0,0.761,0.83887,0.89
1737,,-0.03865,0.749,1.0,1.0,1.0,0.751,0.75816,0.78
1738,1,1.0,0.82,1.0,1.0,0.97071,0.68,0.68745,0.751
1739,,0.91929,0.81,1.0,1.0,1.0,0.67,0.60674,0.641
1740,,0.83858,0.8,1.0,1.0,1.0,0.66,0.52603,0.531
1741,,0.75787,0.79,1.0,1.0,1.0,0.65,0.44532,0.421
1742,,0.67716,0.78,1.0,1.0,1.0,0.64,0.36461,0.311
1743,,0.59645,0.77,1.0,1.0,1.0,0.63,0.2839,0.201
1744,,0.51574,0.76,1.0,1.0,1.0,0.62,0.20319,0.091
1745,,0.43503,0.75,1.0,1.0,1.0,0.61,0.12248,-0.019
1746,8,0.43532,0.75,0.99971,1.0,0.99971,0.61,0.12277,1.0
1747,,0.35461,0.74,1.0,1.0,1.0,0.6,0.04206,0.89
1748,,0.2739,0.73,1.0,1.0,1.0,0.59,-0.03865,0.78
1749,7,0.20319,0.659,0.97071,1.0,1.0,0.661,1.0,0.751
1750,,0.12248,0.649,1.0,1.0,1.0,0.651,0.91929,0.641
1751,,0.04177,0.639,1.0,1.0,1.0,0.641,0.83858,0.531
1752,,-0.03894,0.629,1.0,1.0,1.0,0.631,0.75787,0.421
1753,1,1.0,0.7,1.0,1.0,0.97071,0.56,0.68716,0.392
1754,,0.91929,0.69,1.0,1.0,1.0,0.55,0.60645,0.282
1755,,0.83858,0.68,1.0,1.0,1.0,0.54,0.52574,0.172
1756,,0.75787,0.67,1.0,1.0,1.0,0.53,0.44503,0.062
1757,,0.67716,0.66,1.0,1.0,1.0,0.52,0.36432,-0.048
1758,8,0.67745,0.66,0.99971,1.0,0.99971,0.52,0.36461,1.0
1759,,0.59674,0.65,1.0,1.0,1.0,0.51,0.2839,0.89
1760,,0.51603,0.64,1.0,1.0,1.0,0.5,0.20319,0.78
1761,,0.43532,0.63,1.0,1.0,1.0,0.49,0.12248,0.67
1762,,0.35461,0.62,1.0,1.0,1.0,0.48,0.04177,0.56
1763,,0.2739,0.61,1.0,1.0,1.0,0.47,-0.03894,0.45
1764,7,0.20319,0.539,0.97071,1.0,1.0,0.541,1.0,0.421
1765,,0.12248,0.529,1.0,1.0,1.0,0.531,0.91929,0.311
1766,,0.04177,0.519,1.0,1.0,1.0,0.521,0.83858,0.201
1767,,-0.03894,0.509,1.0,1.0,1.0,0.511,0.75787,0.091
1768,1,1.0,0.58,1.0,1.0,0.97071,0.44,0.68716,0.062
1769,,0.91929,0.57,1.0,1.0,1.0,0.43,0.60645,-0.048
1770,8,0.91958,0.57,0.99971,1.0,0.99971,0.43,0.60674,1.0
1771,,0.83887,0.56,1.0,1.0,1.0,0.42,0.52603,0.89
1772,,0.75816,0.55,1.0,1.0,1.0,0.41,0.44532,0.78
1773,,0.67745,0.54,1.0,1.0,1.0,0.4,0.36461,0.67
1774,,0.59674,0.53,1.0,1.0,1.0,0.39,0.2839,0.56
1775,,0.51603,0.52,1.0,1.0,1.0,0.38,0.20319,0.45
1776,,0.43532,0.51,1.0,1.0,1.0,0.37,0.12248,0.34
1777,,0.35461,0.5,1.0,1.0,1.0,0.36,0.04177,0.23
1778,,0.2739,0.49,1.0,1.0,1.0,0.35,-0.03894,0.12
1779,7,0.20319,0.419,0.97071,1.0,1.0,0.421,1.0,0.091
1780,,0.12248,0.409,1.0,1.0,1.0,0.411,0.91929,-0.019
1781,8,0.12277,0.409,0.99971,1.0,0.99971,0.411,0.91958,1.0
1782,,0.04206,0.399,1.0,1.0,1.0,0.401,0.83887,0.89
1783,,-0.03865,0.389,1.0,1.0,1.0,0.391,0.75816,0.78
1784,1,1.0,0.46,1.0,1.0,0.97071,0.32,0.68745,0.751
1785,,0.91929,0.45,1.0,1.0,1.0,0.31,0.60674,0.641
1786,,0.83858,0.44,1.0,1.0,1.0,0.3,0.52603,0.531
1787,,0.75787,0.43,1.0,1.0,1.0,0.29,0.44532,0.421
1788,,0.67716,0.42,1.0,1.0,1.0,0.28,0.36461,0.311
1789,,0.59645,0.41,1.0,1.0,1.0,0.27,0.2839,0.201
1790,,0.51574,0.4,1.0,1.0,1.0,0.26,0.20319,0.091
1791,,0.43503,0.39,1.0,1.0,1.0,0.25,0.12248,-0.019
1792,8,0.43532,0.39,0.99971,1.0,0.99971,0.25,0.12277,1.0
1793,,0.35461,0.38,1.0,1.0,1.0,0.24,0.04206,0.89
1794,,0.2739,0.37,1.0,1.0,1.0,0.23,-0.03865,0.78
1795,7,0.20319,0.299,0.97071,1.0,1.0,0.301,1.0,0.751
1796,,0.12248,0.289,1.0,1.0,1.0,0.291,0.91929,0.641
1797,,0.04177,0.279,1.0,1.0,1.0,0.281,0.83858,0.531
1798,,-0.03894,0.269,1.0,1.0,1.0,0.271,0.75787,0.421
1799,1,1.0,0.34,1.0,1.0,0.97071,0.2,0.68716,0.392
1800,,0.91929,0.33,1.0,1.0,1.0,0.19,0.60645,0.282
1801,,0.83858,0.32,1.0,1.0,1.0,0.18,0.52574,0.172
1802,,0.75787,0.31,1.0,1.0,1.0,0.17,0.44503,0.062
1803,,0.67716,0.3,1.0,1.0,1.0,0.16,0.36432,-0.048
1804,8,0.67745,0.3,0.99971,1.0,0.99971,0.16,0.36461,1.0
1805,,0.59674,0.29,1.0,1.0,1.0,0.15,0.2839,0.89
1806,,0.51603,0.28,1.0,1.0,1.0,0.14,0.20319,0.78
1807,,0.43532,0.27,1.0,1.0,1.0,0.13,0.12248,0.67
1808,,0.35461,0.26,1.0,1.0,1.0,0.12,0.04177,0.56
1809,,0.2739,0.25,1.0,1.0,1.0,0.11,-0.03894,0.45
1810,7,0.20319,0.179,0.97071,1.0,1.0,0.181,1.0,0.421
1811,,0.12248,0.169,1.0,1.0,1.0,0.171,0.91929,0.311
1812,,0.04177,0.159,1.0,1.0,1.0,0.161,0.83858,0.201
1813,,-0.03894,0.149,1.0,1.0,1.0,0.151,0.75787,0.091
1814,1,1.0,0.22,1.0,1.0,0.97071,0.08,0.68716,0.062
1815,,0.91929,0.21,1.0,1.0,1.0,0.07,0.60645,-0.048
1816,8,0.91958,0.21,0.99971,1.0,0.99971,0.07,0.60674,1.0
1817,,0.83887,0.2,1.0,1.0,1.0,0.06,0.52603,0.89
1818,,0.75816,0.19,1.0,1.0,1.0,0.05,0.44532,0.78
1819,,0.67745,0.18,1.0,1.0,1.0,0.04,0.36461,0.67
1820,,0.59674,0.17,1.0,1.0,1.0,0.03,0.2839,0.56
1821,,0.51603,0.16,1.0,1.0,1.0,0.02,0.20319,0.45
1822,,0.43532,0.15,1.0,1.0,1.0,0.01,0.12248,0.34
1823,,0.35461,0.14,1.0,1.0,1.0,-0.0,0.04177,0.23
1824,,0.2739,0.13,1.0,1.0,1.0,-0.01,-0.03894,0.12
1825,7,0.20319,0.059,0.97071,1.0,1.0,0.061,1.0,0.091
1826,,0.12248,0.049,1.0,1.0,1.0,0.051,0.91929,-0.019
1827,8,0.12277,0.049,0.99971,1.0,0.99971,0.051,0.91958,1.0
1828,,0.04206,0.039,1.0,1.0,1.0,0.041,0.83887,0.89
1829,,-0.03865,0.029,1.0,1.0,1.0,0.031,0.75816,0.78
1830,1,1.0,0.1,1.0,1.0,0.97071,-0.04,0.68745,0.751
1831,6,0.85829,0.0,0.99971,1.0,1.0,1.0,0.68774,0.651
1832,,0.77758,-0.01,1.0,1.0,1.0,0.99,0.60703,0.541
1833,2,0.77787,1.0,1.0,1.0,0.99971,0.89,0.46532,0.441
1834,,0.69716,0.99,1.0,1.0,1.0,0.88,0.38461,0.331
1835,,0.61645,0.98,1.0,1.0,1.0,0.87,0.3039,0.221
1836,,0.53574,0.97,1.0,1.0,1.0,0.86,0.22319,0.111
1837,,0.45503,0.96,1.0,1.0,1.0,0.85,0.14248,0.001
1838,,0.37432,0.95,1.0,1.0,1.0,0.84,0.06177,-0.109
1839,8,0.37461,0.95,0.99971,1.0,0.99971,0.84,0.06206,1.0
1840,,0.2939,0.94,1.0,1.0,1.0,0.83,-0.01865,0.89
1841,7,0.22319,0.869,0.97071,1.0,1.0,0.901,1.0,0.861
1842,,0.14248,0.859,1.0,1.0,1.0,0.891,0.91929,0.751
1843,,0.06177,0.849,1.0,1.0,1.0,0.881,0.83858,0.641
1844,,-0.01894,0.839,1.0,1.0,1.0,0.871,0.75787,0.531
1845,1,1.0,0.91,1.0,1.0,0.97071,0.8,0.68716,0.502
1846,,0.91929,0.9,1.0,1.0,1.0,0.79,0.60645,0.392
1847,,0.83858,0.89,1.0,1.0,1.0,0.78,0.52574,0.282
1848,,0.75787,0.88,1.0,1.0,1.0,0.77,0.44503,0.172
1849,,0.67716,0.87,1.0,1.0,1.0,0.76,0.36432,0.062
1850,,0.59645,0.86,1.0,1.0,1.0,0.75,0.28361,-0.048
1851,8,0.59674,0.86,0.99971,1.0,0.99971,0.75,0.2839,1.0
1852,,0.51603,0.85,1.0,1.0,1.0,0.74,0.20319,0.89
1853,,0.43532,0.84,1.0,1.0,1.0,0.73,0.12248,0.78
1854,,0.35461,0.83,1.0,1.0,1.0,0.72,0.04177,0.67
1855,,0.2739,0.82,1.0,1.0,1.0,0.71,-0.03894,0.56
1856,7,0.20319,0.749,0.97071,1.0,1.0,0.781,1.0,0.531
1857,,0.12248,0.739,1.0,1.0,1.0,0.771,0.91929,0.421
1858,,0.04177,0.729,1.0,1.0,1.0,0.761,0.83858,0.311
1859,,-0.03894,0.719,1.0,1.0,1.0,0.751,0.75787,0.201
1860,1,1.0,0.79,1.0,1.0,0.97071,0.68,0.68716,0.172
1861,,0.91929,0.78,1.0,1.0,1.0,0.67,0.60645,0.062
1862,,0.83858,0.77,1.0,1.0,1.0,0.66,0.52574,-0.048
1863,8,0.83887,0.77,0.99971,1.0,0.99971,0.66,0.52603,1.0
1864,,0.75816,0.76,1.0,1.0,1.0,0.65,0.44532,0.89
1865,,0.67745,0.75,1.0,1.0,1.0,0.64,0.36461,0.78
1866,,0.59674,0.74,1.0,1.0,1.0,0.63,0.2839,0.67
1867,,0.51603,0.73,1.0,1.0,1.0,0.62,0.20319,0.56
1868,,0.43532,0.72,1.0,1.0,1.0,0.61,0.12248,0.45
1869,,0.35461,0.71,1.0,1.0,1.0,0.6,0.04177,0.34
1870,,0.2739,0.7,1.0,1.0,1.0,0.59,-0.03894,0.23
1871,7,0.20319,0.629,0.97071,1.0,1.0,0.661,1.0,0.201
1872,,0.12248,0.619,1.0,1.0,1.0,0.651,0.91929,0.091
1873,,0.04177,0.609,1.0,1.0,1.0,0.641,0.83858,-0.019
1874,8,0.04206,0.609,0.99971,1.0,0.99971,0.641,0.83887,1.0
1875,,-0.03865,0.599,1.0,1.0,1.0,0.631,0.75816,0.89
1876,1,1.0,0.67,1.0,1.0,0.97071,0.56,0.68745,0.861
1877,,0.91929,0.66,1.0,1.0,1.0,0.55,0.60674,0.751
1878,,0.83858,0.65,1.0,1.0,1.0,0.54,0.52603,0.641
1879,,0.75787,0.64,1.0,1.0,1.0,0.53,0.44532,0.531
1880,,0.67716,0.63,1.0,1.0,1.0,0.52,0.36461,0.421
1881,,0.59645,0.62,1.0,1.0,1.0,0.51,0.2839,0.311
1882,,0.51574,0.61,1.0,1.0,1.0,0.5,0.20319,0.201
1883,,0.43503,0.6,1.0,1.0,1.0,0.49,0.12248,0.091
1884,,0.35432,0.59,1.0,1.0,1.0,0.48,0.04177,-0.019
1885,8,0.35461,0.59,0.99971,1.0,0.99971,0.48,0.04206,1.0
1886,,0.2739,0.58,1.0,1.0,1.0,0.47,-0.03865,0.89
1887,7,0.20319,0.509,0.97071,1.0,1.0,0.541,1.0,0.861
1888,,0.12248,0.499,1.0,1.0,1.0,0.531,0.91929,0.751
1889,,0.04177,0.489,1.0,1.0,1.0,0.521,0.83858,0.641
1890,,-0.03894,0.479,1.0,1.0,1.0,0.511,0.75787,0.531
1891,1,1.0,0.55,1.0,1.0,0.97071,0.44,0.68716,0.502
1892,,0.91929,0.54,1.0,1.0,1.0,0.43,0.60645,0.392
1893,,0.83858,0.53,1.0,1.0,1.0,0.42,0.52574,0.282
1894,,0.75787,0.52,1.0,1.0,1.0,0.41,0.44503,0.172
1895,,0.67716,0.51,1.0,1.0,1.0,0.4,0.36432,0.062
1896,,0.59645,0.5,1.0,1.0,1.0,0.39,0.28361,-0.048
1897,8,0.59674,0.5,0.99971,1.0,0.99971,0.39,0.2839,1.0
1898,,0.51603,0.49,1.0,1.0,1.0,0.38,0.20319,0.89
1899,,0.43532,0.48,1.0,1.0,1.0,0.37,0.12248,0.78
1900,,0.35461,0.47,1.0,1.0,1.0,0.36,0.04177,0.67
1901,,0.2739,0.46,1.0,1.0,1.0,0.35,-0.03894,0.56
1902,7,0.20319,0.389,0.97071,1.0,1.0,0.421,1.0,0.531
1903,,0.12248,0.379,1.0,1.0,1.0,0.411,0.91929,0.421
1904,,0.04177,0.369,1.0,1.0,1.0,0.401,0.83858,0.311
1905,,-0.03894,0.359,1.0,1.0,1.0,0.391,0.75787,0.201
1906,1,1.0,0.43,1.0,1.0,0.97071,0.32,0.68716,0.172
1907,,0.91929,0.42,1.0,1.0,1.0,0.31,0.60645,0.062
1908,,0.83858,0.41,1.0,1.0,1.0,0.3,0.52574,-0.048
1909,8,0.83887,0.41,0.99971,1.0,0.99971,0.3,0.52603,1.0
1910,,0.75816,0.4,1.0,1.0,1.0,0.29,0.44532,0.89
1911,,0.67745,0.39,1.0,1.0,1.0,0.28,0.36461,0.78
1912,,0.59674,0.38,1.0,1.0,1.0,0.27,0.2839,0.67
1913,,0.51603,0.37,1.0,1.0,1.0,0.26,0.20319,0.56
1914,,0.43532,0.36,1.0,1.0,1.0,0.25,0.12248,0.45
1915,,0.35461,0.35,1.0,1.0,1.0,0.24,0.04177,0.34
1916,,0.2739,0.34,1.0,1.0,1.0,0.23,-0.03894,0.23
1917,7,0.20319,0.269,0.97071,1.0,1.0,0.301,1.0,0.201
1918,,0.12248,0.259,1.0,1.0,1.0,0.291,0.91929,0.091
1919,,0.04177,0.249,1.0,1.0,1.0,0.281,0.83858,-0.019
1920,8,0.04206,0.249,0.99971,1.0,0.99971,0.281,0.83887,1.0
1921,,-0.03865,0.239,1.0,1.0,1.0,0.271,0.75816,0.89
1922,1,1.0,0.31,1.0,1.0,0.97071,0.2,0.68745,0.861
1923,,0.91929,0.3,1.0,1.0,1.0,0.19,0.60674,0.751
1924,,0.83858,0.29,1.0,1.0,1.0,0.18,0.52603,0.641
1925,,0.75787,0.28,1.0,1.0,1.0,0.17,0.44532,0.531
1926,,0.67716,0.27,1.0,1.0,1.0,0.16,0.36461,0.421
1927,,0.59645,0.26,1.0,1.0,1.0,0.15,0.2839,0.311
1928,,0.51574,0.25,1.0,1.0,1.0,0.14,0.20319,0.201
1929,,0.43503,0.24,1.0,1.0,1.0,0.13,0.12248,0.091
1930,,0.35432,0.23,1.0,1.0,1.0,0.12,0.04177,-0.019
1931,8,0.35461,0.23,0.99971,1.0,0.99971,0.12,0.04206,1.0
1932,,0.2739,0.22,1.0,1.0,1.0,0.11,-0.03865,0.89
1933,7,0.20319,0.149,0.97071,1.0,1.0,0.181,1.0,0.861
1934,,0.12248,0.139,1.0,1.0,1.0,0.171,0.91929,0.751
1935,,0.04177,0.129,1.0,1.0,1.0,0.161,0.83858,0.641
1936,,-0.03894,0.119,1.0,1.0,1.0,0.151,0.75787,0.531
1937,1,1.0,0.19,1.0,1.0,0.97071,0.08,0.68716,0.502
1938,,0.91929,0.18,1.0,1.0,1.0,0.07,0.60645,0.392
1939,,0.83858,0.17,1.0,1.0,1.0,0.06,0.52574,0.282
1940,,0.75787,0.16,1.0,1.0,1.0,0.05,0.44503,0.172
1941,,0.67716,0.15,1.0,1.0,1.0,0.04,0.36432,0.062
1942,,0.59645,0.14,1.0,1.0,1.0,0.03,0.28361,-0.048
1943,8,0.59674,0.14,0.99971,1.0,0.99971,0.03,0.2839,1.0
1944,,0.51603,0.13,1.0,1.0,1.0,0.02,0.20319,0.89
1945,,0.43532,0.12,1.0,1.0,1.0,0.01,0.12248,0.78
1946,,0.35461,0.11,1.0,1.0,1.0,-0.0,0.04177,0.67
1947,,0.2739,0.1,1.0,1.0,1.0,-0.01,-0.03894,0.56
1948,7,0.20319,0.029,0.97071,1.0,1.0,0.061,1.0,0.531
1949,,0.12248,0.019,1.0,1.0,1.0,0.051,0.91929,0.421
1950,,0.04177,0.009,1.0,1.0,1.0,0.041,0.83858,0.311
1951,,-0.03894,-0.001,1.0,1.0,1.0,0.031,0.75787,0.201
1952,1,1.0,0.07,1.0,1.0,0.97071,-0.04,0.68716,0.172
1953,6,0.85829,-0.03,0.99971,1.0,1.0,1.0,0.68745,0.072
1954,2,0.85858,1.0,1.0,1.0,0.99971,0.9,0.54574,-0.028
1955,8,0.85887,1.0,0.99971,1.0,0.99942,0.9,0.54603,1.0
1956,,0.77816,0.99,1.0,1.0,1.0,0.89,0.46532,0.89
1957,,0.69745,0.98,1.0,1.0,1.0,0.88,0.38461,0.78
1958,,0.61674,0.97,1.0,1.0,1.0,0.87,0.3039,0.67
1959,,0.53603,0.96,1.0,1.0,1.0,0.86,0.22319,0.56
1960,,0.45532,0.95,1.0,1.0,1.0,0.85,0.14248,0.45
1961,,0.37461,0.94,1.0,1.0,1.0,0.84,0.06177,0.34
1962,,0.2939,0.93,1.0,1.0,1.0,0.83,-0.01894,0.23
1963,7,0.22319,0.859,0.97071,1.0,1.0,0.901,1.0,0.201
1964,,0.14248,0.849,1.0,1.0,1.0,0.891,0.91929,0.091
1965,,0.06177,0.839,1.0,1.0,1.0,0.881,0.83858,-0.019
1966,8,0.06206,0.839,0.99971,1.0,0.99971,0.881,0.83887,1.0
1967,,-0.01865,0.829,1.0,1.0,1.0,0.871,0.75816,0.89
1968,1,1.0,0.9,1.0,1.0,0.97071,0.8,0.68745,0.861
1969,,0.91929,0.89,1.0,1.0,1.0,0.79,0.60674,0.751
1970,,0.83858,0.88,1.0,1.0,1.0,0.78,0.52603,0.641
1971,,0.75787,0.87,1.0,1.0,1.0,0.77,0.44532,0.531
1972,,0.67716,0.86,1.0,1.0,1.0,0.76,0.36461,0.421
1973,,0.59645,0.85,1.0,1.0,1.0,0.75,0.2839,0.311
1974,,0.51574,0.84,1.0,1.0,1.0,0.74,0.20319,0.201
1975,,0.43503,0.83,1.0,1.0,1.0,0.73,0.12248,0.091
1976,,0.35432,0.82,1.0,1.0,1.0,0.72,0.04177,-0.019
1977,8,0.35461,0.82,0.99971,1.0,0.99971,0.72,0.04206,1.0
1978,,0.2739,0.81,1.0,1.0,1.0,0.71,-0.03865,0.89
1979,7,0.20319,0.739,0.97071,1.0,1.0,0.781,1.0,0.861
1980,,0.12248,0.729,1.0,1.0,1.0,0.771,0.91929,0.751
1981,,0.04177,0.719,1.0,1.0,1.0,0.761,0.83858,0.641
1982,,-0.03894,0.709,1.0,1.0,1.0,0.751,0.75787,0.531
1983,1,1.0,0.78,1.0,1.0,0.97071,0.68,0.68716,0.502
1984,,0.91929,0.77,1.0,1.0,1.0,0.67,0.60645,0.392
1985,,0.83858,0.76,1.0,1.0,1.0,0.66,0.52574,0.282
1986,,0.75787,0.75,1.0,1.0,1.0,0.65,0.44503,0.172
1987,,0.67716,0.74,1.0,1.0,1.0,0.64,0.36432,0.062
1988,,0.59645,0.73,1.0,1.0,1.0,0.63,0.28361,-0.048
1989,8,0.59674,0.73,0.99971,1.0,0.99971,0.63,0.2839,1.0
1990,,0.51603,0.72,1.0,1.0,1.0,0.62,0.20319,0.89
1991,,0.43532,0.71,1.0,1.0,1.0,0.61,0.12248,0.78
1992,,0.35461,0.7,1.0,1.0,1.0,0.6,0.04177,0.67
1993,,0.2739,0.69,1.0,1.0,1.0,0.59,-0.03894,0.56
1994,7,0.20319,0.619,0.97071,1.0,1.0,0.661,1.0,0.531
1995,,0.12248,0.609,1.0,1.0,1.0,0.651,0.91929,0.421
1996,,0.04177,0.599,1.0,1.0,1.0,0.641,0.83858,0.311
1997,,-0.03894,0.589,1.0,1.0,1.0,0.631,0.75787,0.201
1998,1,1.0,0.66,1.0,1.0,0.97071,0.56,0.68716,0.172
1999,,0.91929,0.65,1.0,1.0,1.0,0.55,0.60645,0.062
2000,,0.83858,0.64,1.0,1.0,1.0,0.54,0.52574,-0.048
2001,8,0.83887,0.64,0.99971,1.0,0.99971,0.54,0.52603,1.0
2002,,0.75816,0.63,1.0,1.0,1.0,0.53,0.44532,0.89
2003,,0.67745,0.62,1.0,1.0,1.0,0.52,0.36461,0.78
2004,,0.59674,0.61,1.0,1.0,1.0,0.51,0.2839,0.67
2005,,0.51603,0.6,1.0,1.0,1.0,0.5,0.20319,0.56
2006,,0.43532,0.59,1.0,1.0,1.0,0.49,0.12248,0.45
2007,,0.35461,0.58,1.0,1.0,1.0,0.48,0.04177,0.34
2008,,0.2739,0.57,1.0,1.0,1.0,0.47,-0.03894,0.23
2009,7,0.20319,0.499,0.97071,1.0,1.0,0.541,1.0,0.201
2010,,0.12248,0.489,1.0,1.0,1.0,0.531,0.91929,0.091
2011,,0.04177,0.479,1.0,1.0,1.0,0.521,0.83858,-0.019
2012,8,0.04206,0.479,0.99971,1.0,0.99971,0.521,0.83887,1.0
2013,,-0.03865,0.469,1.0,1.0,1.0,0.511,0.75816,0.89
2014,1,1.0,0.54,1.0,1.0,0.97071,0.44,0.68745,0.861
2015,,0.91929,0.53,1.0,1.0,1.0,0.43,0.60674,0.751
2016,,0.83858,0.52,1.0,1.0,1.0,0.42,0.52603,0.641
2017,,0.75787,0.51,1.0,1.0,1.0,0.41,0.44532,0.531
2018,,0.67716,0.5,1.0,1.0,1.0,0.4,0.36461,0.421
2019,,0.59645,0.49,1.0,1.0,1.0,0.39,0.2839,0.311
2020,,0.51574,0.48,1.0,1.0,1.0,0.38,0.20319,0.201
2021,,0.43503,0.47,1.0,1.0,1.0,0.37,0.12248,0.091
2022,,0.35432,0.46,1.0,1.0,1.0,0.36,0.04177,-0.019
2023,8,0.35461,0.46,0.99971,1.0,0.99971,0.36,0.04206,1.0
2024,,0.2739,0.45,1.0,1.0,1.0,0.35,-0.03865,0.89
2025,7,0.20319,0.379,0.97071,1.0,1.0,0.421,1.0,0.861
2026,,0.12248,0.369,1.0,1.0,1.0,0.411,0.91929,0.751
2027,,0.04177,0.359,1.0,1.0,1.0,0.401,0.83858,0.641
2028,,-0.03894,0.349,1.0,1.0,1.0,0.391,0.75787,0.531
2029,1,1.0,0.42,1.0,1.0,0.97071,0.32,0.68716,0.502
2030,,0.91929,0.41,1.0,1.0,1.0,0.31,0.60645,0.392
2031,,0.83858,0.4,1.0,1.0,1.0,0.3,0.52574,0.282
2032,,0.75787,0.39,1.0,1.0,1.0,0.29,0.44503,0.172
2033,,0.67716,0.38,1.0,1.0,1.0,0.28,0.36432,0.062
2034,,0.59645,0.37,1.0,1.0,1.0,0.27,0.28361,-0.048
2035,8,0.59674,0.37,0.99971,1.0,0.99971,0.27,0.2839,1.0
2036,,0.51603,0.36,1.0,1.0,1.0,0.26,0.20319,0.89
2037,,0.43532,0.35,1.0,1.0,1.0,0.25,0.12248,0.78
2038,,0.35461,0.34,1.0,1.0,1.0,0.24,0.04177,0.67
2039,,0.2739,0.33,1.0,1.0,1.0,0.23,-0.03894,0.56
2040,7,0.20319,0.259,0.97071,1.0,1.0,0.301,1.0,0.531
2041,,0.12248,0.249,1.0,1.0,1.0,0.291,0.91929,0.421
2042,,0.04177,0.239,1.0,1.0,1.0,0.281,0.83858,0.311
2043,,-0.03894,0.229,1.0,1.0,1.0,0.271,0.75787,0.201
2044,1,1.0,0.3,1.0,1.0,0.97071,0.2,0.68716,0.172
2045,,0.91929,0.29,1.0,1.0,1.0,0.19,0.60645,0.062
2046,,0.83858,0.28,1.0,1.0,1.0,0.18,0.52574,-0.048
2047,8,0.83887,0.28,0.99971,1.0,0.99971,0.18,0.52603,1.0
2048,,0.75816,0.27,1.0,1.0,1.0,0.17,0.44532,0.89
2049,,0.67745,0.26,1.0,1.0,1.0,0.16,0.36461,0.78
2050,,0.59674,0.25,1.0,1.0,1.0,0.15,0.2839,0.67
2051,,0.51603,0.24,1.0,1.0,1.0,0.14,0.20319,0.56
2052,,0.43532,0.23,1.0,1.0,1.0,0.13,0.12248,0.45
2053,,0.35461,0.22,1.0,1.0,1.0,0.12,0.04177,0.34
2054,,0.2739,0.21,1.0,1.0,1.0,0.11,-0.03894,0.23
2055,7,0.20319,0.139,0.97071,1.0,1.0,0.181,1.0,0.201
2056,,0.12248,0.129,1.0,1.0,1.0,0.171,0.91929,0.091
2057,,0.04177,0.119,1.0,1.0,1.0,0.161,0.83858,-0.019
2058,8,0.04206,0.119,0.99971,1.0,0.99971,0.161,0.83887,1.0
2059,,-0.03865,0.109,1.0,1.0,1.0,0.151,0.75816,0.89
2060,1,1.0,0.18,1.0,1.0,0.97071,0.08,0.68745,0.861
2061,,0.91929,0.17,1.0,1.0,1.0,0.07,0.60674,0.751
2062,,0.83858,0.16,1.0,1.0,1.0,0.06,0.52603,0.641
2063,,0.75787,0.15,1.0,1.0,1.0,0.05,0.44532,0.531
2064,,0.67716,0.14,1.0,1.0,1.0,0.04,0.36461,0.421
2065,,0.59645,0.13,1.0,1.0,1.0,0.03,0.2839,0.311
2066,,0.51574,0.12,1.0,1.0,1.0,0.02,0.20319,0.201
2067,,0.43503,0.11,1.0,1.0,1.0,0.01,0.12248,0.091
2068,,0.35432,0.1,1.0,1.0,1.0,-0.0,0.04177,-0.019
2069,8,0.35461,0.1,0.99971,1.0,0.99971,-0.0,0.04206,1.0
2070,,0.2739,0.09,1.0,1.0,1.0,-0.01,-0.03865,0.89
2071,7,0.20319,0.019,0.97071,1.0,1.0,0.061,1.0,0.861
2072,,0.12248,0.009,1.0,1.0,1.0,0.051,0.91929,0.751
2073,,0.04177,-0.001,1.0,1.0,1.0,0.041,0.83858,0.641
2074,2,0.04206,1.0,1.0,1.0,0.99971,-0.059,0.69687,0.541
2075,6,-0.09965,0.9,0.99971,1.0,1.0,1.0,0.69716,0.441
2076,1,1.0,0.971,1.0,1.0,0.97071,0.929,0.62645,0.412
2077,,0.91929,0.961,1.0,1.0,1.0,0.919,0.54574,0.302
2078,,0.83858,0.951,1.0,1.0,1.0,0.909,0.46503,0.192
2079,,0.75787,0.941,1.0,1.0,1.0,0.899,0.38432,0.082
2080,,0.67716,0.931,1.0,1.0,1.0,0.889,0.30361,-0.028
2081,8,0.67745,0.931,0.99971,1.0,0.99971,0.889,0.3039,1.0
2082,,0.59674,0.921,1.0,1.0,1.0,0.879,0.22319,0.89
2083,,0.51603,0.911,1.0,1.0,1.0,0.869,0.14248,0.78
2084,,0.43532,0.901,1.0,1.0,1.0,0.859,0.06177,0.67
2085,,0.35461,0.891,1.0,1.0,1.0,0.849,-0.01894,0.56
2086,7,0.2839,0.82,0.97071,1.0,1.0,0.92,1.0,0.531
2087,,0.20319,0.81,1.0,1.0,1.0,0.91,0.91929,0.421
2088,,0.12248,0.8,1.0,1.0,1.0,0.9,0.83858,0.311
2089,,0.04177,0.79,1.0,1.0,1.0,0.89,0.75787,0.201
2090,,-0.03894,0.78,1.0,1.0,1.0,0.88,0.67716,0.091
2091,1,1.0,0.851,1.0,1.0,0.97071,0.809,0.60645,0.062
2092,,0.91929,0.841,1.0,1.0,1.0,0.799,0.52574,-0.048
2093,8,0.91958,0.841,0.99971,1.0,0.99971,0.799,0.52603,1.0
2094,,0.83887,0.831,1.0,1.0,1.0,0.789,0.44532,0.89
2095,,0.75816,0.821,1.0,1.0,1.0,0.779,0.36461,0.78
2096,,0.67745,0.811,1.0,1.0,1.0,0.769,0.2839,0.67
2097,,0.59674,0.801,1.0,1.0,1.0,0.759,0.20319,0.56
2098,,0.51603,0.791,1.0,1.0,1.0,0.749,0.12248,0.45
2099,,0.43532,0.781,1.0,1.0,1.0,0.739,0.04177,0.34
2100,,0.35461,0.771,1.0,1.0,1.0,0.729,-0.03894,0.23
2101,7,0.2839,0.7,0.97071,1.0,1.0,0.8,1.0,0.201
2102,,0.20319,0.69,1.0,1.0,1.0,0.79,0.91929,0.091
2103,,0.12248,0.68,1.0,1.0,1.0,0.78,0.83858,-0.019
2104,8,0.12277,0.68,0.99971,1.0,0.99971,0.78,0.83887,1.0
2105,,0.04206,0.67,1.0,1.0,1.0,0.77,0.75816,0.89
2106,,-0.03865,0.66,1.0,1.0,1.0,0.76,0.67745,0.78
2107,1,1.0,0.731,1.0,1.0,0.97071,0.689,0.60674,0.751
2108,,0.91929,0.721,1.0,1.0,1.0,0.679,0.52603,0.641
2109,,0.83858,0.711,1.0,1.0,1.0,0.669,0.44532,0.531
2110,,0.75787,0.701,1.0,1.0,1.0,0.659,0.36461,0.421
2111,,0.67716,0.691,1.0,1.0,1.0,0.649,0.2839,0.311
2112,,0.59645,0.681,1.0,1.0,1.0,0.639,0.20319,0.201
2113,,0.51574,0.671,1.0,1.0,1.0,0.629,0.12248,0.091
2114,,0.43503,0.661,1.0,1.0,1.0,0.619,0.04177,-0.019
2115,8,0.43532,0.661,0.99971,1.0,0.99971,0.619,0.04206,1.0
2116,,0.35461,0.651,1.0,1.0,1.0,0.609,-0.03865,0.89
2117,7,0.2839,0.58,0.97071,1.0,1.0,0.68,1.0,0.861
2118,,0.20319,0.57,1.0,1.0,1.0,0.67,0.91929,0.751
2119,,0.12248,0.56,1.0,1.0,1.0,0.66,0.83858,0.641
2120,,0.04177,0.55,1.0,1.0,1.0,0.65,0.75787,0.531
2121,,-0.03894,0.54,1.0,1.0,1.0,0.64,0.67716,0.421
2122,1,1.0,0.611,1.0,1.0,0.97071,0.569,0.60645,0.392
2123,,0.91929,0.601,1.0,1.0,1.0,0.559,0.52574,0.282
2124,,0.83858,0.591,1.0,1.0,1.0,0.549,0.44503,0.172
2125,,0.75787,0.581,1.0,1.0,1.0,0.539,0.36432,0.062
2126,,0.67716,0.571,1.0,1.0,1.0,0.529,0.28361,-0.048
2127,8,0.67745,0.571,0.99971,1.0,0.99971,0.529,0.2839,1.0
2128,,0.59674,0.561,1.0,1.0,1.0,0.519,0.20319,0.89
2129,,0.51603,0.551,1.0,1.0,1.0,0.509,0.12248,0.78
2130,,0.43532,0.541,1.0,1.0,1.0,0.499,0.04177,0.67
2131,,0.35461,0.531,1.0,1.0,1.0,0.489,-0.03894,0.56
2132,7,0.2839,0.46,0.97071,1.0,1.0,0.56,1.0,0.531
2133,,0.20319,0.45,1.0,1.0,1.0,0.55,0.91929,0.421
2134,,0.12248,0.44,1.0,1.0,1.0,0.54,0.83858,0.311
2135,,0.04177,0.43,1.0,1.0,1.0,0.53,0.75787,0.201
2136,,-0.03894,0.42,1.0,1.0,1.0,0.52,0.67716,0.091
2137,1,1.0,0.491,1.0,1.0,0.97071,0.449,0.60645,0.062
2138,,0.91929,0.481,1.0,1.0,1.0,0.439,0.52574,-0.048
2139,8,0.91958,0.481,0.99971,1.0,0.99971,0.439,0.52603,1.0
2140,,0.83887,0.471,1.0,1.0,1.0,0.429,0.44532,0.89
2141,,0.75816,0.461,1.0,1.0,1.0,0.419,0.36461,0.78
2142,,0.67745,0.451,1.0,1.0,1.0,0.409,0.2839,0.67
2143,,0.59674,0.441,1.0,1.0,1.0,0.399,0.20319,0.56
2144,,0.51603,0.431,1.0,1.0,1.0,0.389,0.12248,0.45
2145,,0.43532,0.421,1.0,1.0,1.0,0.379,0.04177,0.34
2146,,0.35461,0.411,1.0,1.0,1.0,0.369,-0.03894,0.23
2147,7,0.2839,0.34,0.97071,1.0,1.0,0.44,1.0,0.201
2148,,0.20319,0.33,1.0,1.0,1.0,0.43,0.91929,0.091
2149,,0.12248,0.32,1.0,1.0,1.0,0.42,0.83858,-0.019
2150,8,0.12277,0.32,0.99971,1.0,0.99971,0.42,0.83887,1.0
2151,,0.04206,0.31,1.0,1.0,1.0,0.41,0.75816,0.89
2152,,-0.03865,0.3,1.0,1.0,1.0,0.4,0.67745,0.78
2153,1,1.0,0.371,1.0,1.0,0.97071,0.329,0.60674,0.751
2154,,0.91929,0.361,1.0,1.0,1.0,0.319,0.52603,0.641
2155,,0.83858,0.351,1.0,1.0,1.0,0.309,0.44532,0.531
2156,,0.75787,0.341,1.0,1.0,1.0,0.299,0.36461,0.421
2157,,0.67716,0.331,1.0,1.0,1.0,0.289,0.2839,0.311
2158,,0.59645,0.321,1.0,1.0,1.0,0.279,0.20319,0.201
2159,,0.51574,0.311,1.0,1.0,1.0,0.269,0.12248,0.091
2160,,0.43503,0.301,1.0,1.0,1.0,0.259,0.04177,-0.019
2161,8,0.43532,0.301,0.99971,1.0,0.99971,0.259,0.04206,1.0
2162,,0.35461,0.291,1.0,1.0,1.0,0.249,-0.03865,0.89
2163,7,0.2839,0.22,0.97071,1.0,1.0,0.32,1.0,0.861
2164,,0.20319,0.21,1.0,1.0,1.0,0.31,0.91929,0.751
2165,,0.12248,0.2,1.0,1.0,1.0,0.3,0.83858,0.641
2166,,0.04177,0.19,1.0,1.0,1.0,0.29,0.75787,0.531
2167,,-0.03894,0.18,1.0,1.0,1.0,0.28,0.67716,0.421
2168,1,1.0,0.251,1.0,1.0,0.97071,0.209,0.60645,0.392
2169,,0.91929,0.241,1.0,1.0,1.0,0.199,0.52574,0.282
2170,,0.83858,0.231,1.0,1.0,1.0,0.189,0.44503,0.172
2171,,0.75787,0.221,1.0,1.0,1.0,0.179,0.36432,0.062
2172,,0.67716,0.211,1.0,1.0,1.0,0.169,0.28361,-0.048
2173,8,0.67745,0.211,0.99971,1.0,0.99971,0.169,0.2839,1.0
2174,,0.59674,0.201,1.0,1.0,1.0,0.159,0.20319,0.89
2175,,0.51603,0.191,1.0,1.0,1.0,0.149,0.12248,0.78
2176,,0.43532,0.181,1.0,1.0,1.0,0.139,0.04177,0.67
2177,,0.35461,0.171,1.0,1.0,1.0,0.129,-0.03894,0.56
2178,7,0.2839,0.1,0.97071,1.0,1.0,0.2,1.0,0.531
2179,,0.20319,0.09,1.0,1.0,1.0,0.19,0.91929,0.421
2180,,0.12248,0.08,1.0,1.0,1.0,0.18,0.83858,0.311
2181,,0.04177,0.07,1.0,1.0,1.0,0.17,0.75787,0.201
2182,,-0.03894,0.06,1.0,1.0,1.0,0.16,0.67716,0.091
2183,1,1.0,0.131,1.0,1.0,0.97071,0.089,0.60645,0.062
2184,,0.91929,0.121,1.0,1.0,1.0,0.079,0.52574,-0.048
2185,8,0.91958,0.121,0.99971,1.0,0.99971,0.079,0.52603,1.0
2186,,0.83887,0.111,1.0,1.0,1.0,0.069,0.44532,0.89
2187,,0.75816,0.101,1.0,1.0,1.0,0.059,0.36461,0.78
2188,,0.67745,0.091,1.0,1.0,1.0,0.049,0.2839,0.67
2189,,0.59674,0.081,1.0,1.0,1.0,0.039,0.20319,0.56
2190,,0.51603,0.071,1.0,1.0,1.0,0.029,0.12248,0.45
2191,,0.43532,0.061,1.0,1.0,1.0,0.019,0.04177,0.34
2192,,0.35461,0.051,1.0,1.0,1.0,0.009,-0.03894,0.23
2193,7,0.2839,-0.02,0.97071,1.0,1.0,0.08,1.0,0.201
2194,2,0.28419,1.0,1.0,1.0,0.99971,-0.02,0.85829,0.101
2195,6,0.14248,0.9,0.99971,1.0,1.0,1.0,0.85858,0.001
2196,,0.06177,0.89,1.0,1.0,1.0,0.99,0.77787,-0.109
2197,8,0.06206,0.89,0.99971,1.0,0.99971,0.99,0.77816,1.0
2198,,-0.01865,0.88,1.0,1.0,1.0,0.98,0.69745,0.89
2199,1,1.0,0.951,1.0,1.0,0.97071,0.909,0.62674,0.861
2200,,0.91929,0.941,1.0,1.0,1.0,0.899,0.54603,0.751
2201,,0.83858,0.931,1.0,1.0,1.0,0.889,0.46532,0.641
2202,,0.75787,0.921,1.0,1.0,1.0,0.879,0.38461,0.531
2203,,0.67716,0.911,1.0,1.0,1.0,0.869,0.3039,0.421
2204,,0.59645,0.901,1.0,1.0,1.0,0.859,0.22319,0.311
2205,,0.51574,0.891,1.0,1.0,1.0,0.849,0.14248,0.201
2206,,0.43503,0.881,1.0,1.0,1.0,0.839,0.06177,0.091
2207,,0.35432,0.871,1.0,1.0,1.0,0.829,-0.01894,-0.019
2208,8,0.35461,0.871,0.99971,1.0,0.99971,0.829,-0.01865,1.0
2209,7,0.2839,0.8,0.97042,1.0,1.0,0.9,1.0,0.971
2210,,0.20319,0.79,1.0,1.0,1.0,0.89,0.91929,0.861
2211,,0.12248,0.78,1.0,1.0,1.0,0.88,0.83858,0.751
2212,,0.04177,0.77,1.0,1.0,1.0,0.87,0.75787,0.641
2213,,-0.03894,0.76,1.0,1.0,1.0,0.86,0.67716,0.531
2214,1,1.0,0.831,1.0,1.0,0.97071,0.789,0.60645,0.502
2215,,0.91929,0.821,1.0,1.0,1.0,0.779,0.52574,0.392
2216,,0.83858,0.811,1.0,1.0,1.0,0.769,0.44503,0.282
2217,,0.75787,0.801,1.0,1.0,1.0,0.759,0.36432,0.172
2218,,0.67716,0.791,1.0,1.0,1.0,0.749,0.28361,0.062
2219,,0.59645,0.781,1.0,1.0,1.0,0.739,0.2029,-0.048
2220,8,0.59674,0.781,0.99971,1.0,0.99971,0.739,0.20319,1.0
2221,,0.51603,0.771,1.0,1.0,1.0,0.729,0.12248,0.89
2222,,0.43532,0.761,1.0,1.0,1.0,0.719,0.04177,0.78
2223,,0.35461,0.751,1.0,1.0,1.0,0.709,-0.03894,0.67
2224,7,0.2839,0.68,0.97071,1.0,1.0,0.78,1.0,0.641
2225,,0.20319,0.67,1.0,1.0,1.0,0.77,0.91929,0.531
2226,,0.12248,0.66,1.0,1.0,1.0,0.76,0.83858,0.421
2227,,0.04177,0.65,1.0,1.0,1.0,0.75,0.75787,0.311
2228,,-0.03894,0.64,1.0,1.0,1.0,0.74,0.67716,0.201
2229,1,1.0,0.711,1.0,1.0,0.97071,0.669,0.60645,0.172
2230,,0.91929,0.701,1.0,1.0,1.0,0.659,0.52574,0.062
2231,,0.83858,0.691,1.0,1.0,1.0,0.649,0.44503,-0.048
2232,8,0.83887,0.691,0.99971,1.0,0.99971,0.649,0.44532,1.0
2233,,0.75816,0.681,1.0,1.0,1.0,0.639,0.36461,0.89
2234,,0.67745,0.671,1.0,1.0,1.0,0.629,0.2839,0.78
2235,,0.59674,0.661,1.0,1.0,1.0,0.619,0.20319,0.67
2236,,0.51603,0.651,1.0,1.0,1.0,0.609,0.12248,0.56
2237,,0.43532,0.641,1.0,1.0,1.0,0.599,0.04177,0.45
2238,,0.35461,0.631,1.0,1.0,1.0,0.589,-0.03894,0.34
2239,7,0.2839,0.56,0.97071,1.0,1.0,0.66,1.0,0.311
2240,,0.20319,0.55,1.0,1.0,1.0,0.65,0.91929,0.201
2241,,0.12248,0.54,1.0,1.0,1.0,0.64,0.83858,0.091
2242,,0.04177,0.53,1.0,1.0,1.0,0.63,0.75787,-0.019
2243,8,0.04206,0.53,0.99971,1.0,0.99971,0.63,0.75816,1.0
2244,,-0.03865,0.52,1.0,1.0,1.0,0.62,0.67745,0.89
2245,1,1.0,0.591,1.0,1.0,0.97071,0.549,0.60674,0.861
2246,,0.91929,0.581,1.0,1.0,1.0,0.539,0.52603,0.751
2247,,0.83858,0.571,1.0,1.0,1.0,0.529,0.44532,0.641
2248,,0.75787,0.561,1.0,1.0,1.0,0.519,0.36461,0.531
2249,,0.67716,0.551,1.0,1.0,1.0,0.509,0.2839,0.421
2250,,0.59645,0.541,1.0,1.0,1.0,0.499,0.20319,0.311
2251,,0.51574,0.531,1.0,1.0,1.0,0.489,0.12248,0.201
2252,,0.43503,0.521,1.0,1.0,1.0,0.479,0.04177,0.091
2253,,0.35432,0.511,1.0,1.0,1.0,0.469,-0.03894,-0.019
2254,7,0.28361,0.44,0.97071,1.0,1.0,0.54,1.0,-0.048
2255,8,0.2839,0.44,0.97042,1.0,0.99971,0.54,1.0,1.0
2256,,0.20319,0.43,1.0,1.0,1.0,0.53,0.91929,0.89
2257,,0.12248,0.42,1.0,1.0,1.0,0.52,0.83858,0.78
2258,,0.04177,0.41,1.0,1.0,1.0,0.51,0.75787,0.67
2259,,-0.03894,0.4,1.0,1.0,1.0,0.5,0.67716,0.56
2260,1,1.0,0.471,1.0,1.0,0.97071,0.429,0.60645,0.531
2261,,0.91929,0.461,1.0,1.0,1.0,0.419,0.52574,0.421
2262,,0.83858,0.451,1.0,1.0,1.0,0.409,0.44503,0.311
2263,,0.75787,0.441,1.0,1.0,1.0,0.399,0.36432,0.201
2264,,0.67716,0.431,1.0,1.0,1.0,0.389,0.28361,0.091
2265,,0.59645,0.421,1.0,1.0,1.0,0.379,0.2029,-0.019
2266,8,0.59674,0.421,0.99971,1.0,0.99971,0.379,0.20319,1.0
2267,,0.51603,0.411,1.0,1.0,1.0,0.369,0.12248,0.89
2268,,0.43532,0.401,1.0,1.0,1.0,0.359,0.04177,0.78
2269,,0.35461,0.391,1.0,1.0,1.0,0.349,-0.03894,0.67
2270,7,0.2839,0.32,0.97071,1.0,1.0,0.42,1.0,0.641
2271,,0.20319,0.31,1.0,1.0,1.0,0.41,0.91929,0.531
2272,,0.12248,0.3,1.0,1.0,1.0,0.4,0.83858,0.421
2273,,0.04177,0.29,1.0,1.0,1.0,0.39,0.75787,0.311
2274,,-0.03894,0.28,1.0,1.0,1.0,0.38,0.67716,0.201
2275,1,1.0,0.351,1.0,1.0,0.97071,0.309,0.60645,0.172
2276,,0.91929,0.341,1.0,1.0,1.0,0.299,0.52574,0.062
2277,,0.83858,0.331,1.0,1.0,1.0,0.289,0.44503,-0.048
2278,8,0.83887,0.331,0.99971,1.0,0.99971,0.289,0.44532,1.0
2279,,0.75816,0.321,1.0,1.0,1.0,0.279,0.36461,0.89
2280,,0.67745,0.311,1.0,1.0,1.0,0.269,0.2839,0.78
2281,,0.59674,0.301,1.0,1.0,1.0,0.259,0.20319,0.67
2282,,0.51603,0.291,1.0,1.0,1.0,0.249,0.12248,0.56
2283,,0.43532,0.281,1.0,1.0,1.0,0.239,0.04177,0.45
2284,,0.35461,0.271,1.0,1.0,1.0,0.229,-0.03894,0.34
2285,7,0.2839,0.2,0.97071,1.0,1.0,0.3,1.0,0.311
2286,,0.20319,0.19,1.0,1.0,1.0,0.29,0.91929,0.201
2287,,0.12248,0.18,1.0,1.0,1.0,0.28,0.83858,0.091
2288,,0.04177,0.17,1.0,1.0,1.0,0.27,0.75787,-0.019
2289,8,0.04206,0.17,0.99971,1.0,0.99971,0.27,0.75816,1.0
2290,,-0.03865,0.16,1.0,1.0,1.0,0.26,0.67745,0.89
2291,1,1.0,0.231,1.0,1.0,0.97071,0.189,0.60674,0.861
2292,,0.91929,0.221,1.0,1.0,1.0,0.179,0.52603,0.751
2293,,0.83858,0.211,1.0,1.0,1.0,0.169,0.44532,0.641
2294,,0.75787,0.201,1.0,1.0,1.0,0.159,0.36461,0.531
2295,,0.67716,0.191,1.0,1.0,1.0,0.149,0.2839,0.421
2296,,0.59645,0.181,1.0,1.0,1.0,0.139,0.20319,0.311
2297,,0.51574,0.171,1.0,1.0,1.0,0.129,0.12248,0.201
2298,,0.43503,0.161,1.0,1.0,1.0,0.119,0.04177,0.091
2299,,0.35432,0.151,1.0,1.0,1.0,0.109,-0.03894,-0.019
2300,7,0.28361,0.08,0.97071,1.0,1.0,0.18,1.0,-0.048
2301,8,0.2839,0.08,0.97042,1.0,0.99971,0.18,1.0,1.0
2302,,0.20319,0.07,1.0,1.0,1.0,0.17,0.91929,0.89
2303,,0.12248,0.06,1.0,1.0,1.0,0.16,0.83858,0.78
2304,,0.04177,0.05,1.0,1.0,1.0,0.15,0.75787,0.67
2305,,-0.03894,0.04,1.0,1.0,1.0,0.14,0.67716,0.56
2306,1,1.0,0.111,1.0,1.0,0.97071,0.069,0.60645,0.531
2307,,0.91929,0.101,1.0,1.0,1.0,0.059,0.52574,0.421
2308,,0.83858,0.091,1.0,1.0,1.0,0.049,0.44503,0.311
2309,,0.75787,0.081,1.0,1.0,1.0,0.039,0.36432,0.201
2310,,0.67716,0.071,1.0,1.0,1.0,0.029,0.28361,0.091
2311,,0.59645,0.061,1.0,1.0,1.0,0.019,0.2029,-0.019
2312,8,0.59674,0.061,0.99971,1.0,0.99971,0.019,0.20319,1.0
2313,,0.51603,0.051,1.0,1.0,1.0,0.009,0.12248,0.89
2314,,0.43532,0.041,1.0,1.0,1.0,-0.001,0.04177,0.78
2315,6,0.29361,-0.059,0.99971,1.0,1.0,1.0,0.04206,0.68
2316,2,0.2939,1.0,1.0,1.0,0.99971,0.9,-0.09965,0.58
2317,7,0.22319,0.929,0.97071,1.0,1.0,0.971,1.0,0.551
2318,,0.14248,0.919,1.0,1.0,1.0,0.961,0.91929,0.441
2319,,0.06177,0.909,1.0,1.0,1.0,0.951,0.83858,0.331
2320,,-0.01894,0.899,1.0,1.0,1.0,0.941,0.75787,0.221
2321,1,1.0,0.97,1.0,1.0,0.97071,0.87,0.68716,0.192
2322,,0.91929,0.96,1.0,1.0,1.0,0.86,0.60645,0.082
2323,,0.83858,0.95,1.0,1.0,1.0,0.85,0.52574,-0.028
2324,8,0.83887,0.95,0.99971,1.0,0.99971,0.85,0.52603,1.0
2325,,0.75816,0.94,1.0,1.0,1.0,0.84,0.44532,0.89
2326,,0.67745,0.93,1.0,1.0,1.0,0.83,0.36461,0.78
2327,,0.59674,0.92,1.0,1.0,1.0,0.82,0.2839,0.67
2328,,0.51603,0.91,1.0,1.0,1.0,0.81,0.20319,0.56
2329,,0.43532,0.9,1.0,1.0,1.0,0.8,0.12248,0.45
2330,,0.35461,0.89,1.0,1.0,1.0,0.79,0.04177,0.34
2331,,0.2739,0.88,1.0,1.0,1.0,0.78,-0.03894,0.23
2332,7,0.20319,0.809,0.97071,1.0,1.0,0.851,1.0,0.201
2333,,0.12248,0.799,1.0,1.0,1.0,0.841,0.91929,0.091
2334,,0.04177,0.789,1.0,1.0,1.0,0.831,0.83858,-0.019
2335,8,0.04206,0.789,0.99971,1.0,0.99971,0.831,0.83887,1.0
2336,,-0.03865,0.779,1.0,1.0,1.0,0.821,0.75816,0.89
2337,1,1.0,0.85,1.0,1.0,0.97071,0.75,0.68745,0.861
2338,,0.91929,0.84,1.0,1.0,1.0,0.74,0.60674,0.751
2339,,0.83858,0.83,1.0,1.0,1.0,0.73,0.52603,0.641
2340,,0.75787,0.82,1.0,1.0,1.0,0.72,0.44532,0.531
2341,,0.67716,0.81,1.0,1.0,1.0,0.71,0.36461,0.421
2342,,0.59645,0.8,1.0,1.0,1.0,0.7,0.2839,0.311
2343,,0.51574,0.79,1.0,1.0,1.0,0.69,0.20319,0.201
2344,,0.43503,0.78,1.0,1.0,1.0,0.68,0.12248,0.091
2345,,0.35432,0.77,1.0,1.0,1.0,0.67,0.04177,-0.019
2346,8,0.35461,0.77,0.99971,1.0,0.99971,0.67,0.04206,1.0
2347,,0.2739,0.76,1.0,1.0,1.0,0.66,-0.03865,0.89
2348,7,0.20319,0.689,0.97071,1.0,1.0,0.731,1.0,0.861
2349,,0.12248,0.679,1.0,1.0,1.0,0.721,0.91929,0.751
2350,,0.04177,0.669,1.0,1.0,1.0,0.711,0.83858,0.641
2351,,-0.03894,0.659,1.0,1.0,1.0,0.701,0.75787,0.531
2352,1,1.0,0.73,1.0,1.0,0.97071,0.63,0.68716,0.502
2353,,0.91929,0.72,1.0,1.0,1.0,0.62,0.60645,0.392
2354,,0.83858,0.71,1.0,1.0,1.0,0.61,0.52574,0.282
2355,,0.75787,0.7,1.0,1.0,1.0,0.6,0.44503,0.172
2356,,0.67716,0.69,1.0,1.0,1.0,0.59,0.36432,0.062
2357,,0.59645,0.68,1.0,1.0,1.0,0.58,0.28361,-0.048
2358,8,0.59674,0.68,0.99971,1.0,0.99971,0.58,0.2839,1.0
2359,,0.51603,0.67,1.0,1.0,1.0,0.57,0.20319,0.89
2360,,0.43532,0.66,1.0,1.0,1.0,0.56,0.12248,0.78
2361,,0.35461,0.65,1.0,1.0,1.0,0.55,0.04177,0.67
2362,,0.2739,0.64,1.0,1.0,1.0,0.54,-0.03894,0.56
2363,7,0.20319,0.569,0.97071,1.0,1.0,0.611,1.0,0.531
2364,,0.12248,0.559,1.0,1.0,1.0,0.601,0.91929,0.421
2365,,0.04177,0.549,1.0,1.0,1.0,0.591,0.83858,0.311
2366,,-0.03894,0.539,1.0,1.0,1.0,0.581,0.75787,0.201
2367,1,1.0,0.61,1.0,1.0,0.97071,0.51,0.68716,0.172
2368,,0.91929,0.6,1.0,1.0,1.0,0.5,0.60645,0.062
2369,,0.83858,0.59,1.0,1.0,1.0,0.49,0.52574,-0.048
2370,8,0.83887,0.59,0.99971,1.0,0.99971,0.49,0.52603,1.0
2371,,0.75816,0.58,1.0,1.0,1.0,0.48,0.44532,0.89
2372,,0.67745,0.57,1.0,1.0,1.0,0.47,0.36461,0.78
2373,,0.59674,0.56,1.0,1.0,1.0,0.46,0.2839,0.67
2374,,0.51603,0.55,1.0,1.0,1.0,0.45,0.20319,0.56
2375,,0.43532,0.54,1.0,1.0,1.0,0.44,0.12248,0.45
2376,,0.35461,0.53,1.0,1.0,1.0,0.43,0.04177,0.34
2377,,0.2739,0.52,1.0,1.0,1.0,0.42,-0.03894,0.23
2378,7,0.20319,0.449,0.97071,1.0,1.0,0.491,1.0,0.201
2379,,0.12248,0.439,1.0,1.0,1.0,0.481,0.91929,0.091
2380,,0.04177,0.429,1.0,1.0,1.0,0.471,0.83858,-0.019
2381,8,0.04206,0.429,0.99971,1.0,0.99971,0.471,0.83887,1.0
2382,,-0.03865,0.419,1.0,1.0,1.0,0.461,0.75816,0.89
2383,1,1.0,0.49,1.0,1.0,0.97071,0.39,0.68745,0.861
2384,,0.91929,0.48,1.0,1.0,1.0,0.38,0.60674,0.751
2385,,0.83858,0.47,1.0,1.0,1.0,0.37,0.52603,0.641
2386,,0.75787,0.46,1.0,1.0,1.0,0.36,0.44532,0.531
2387,,0.67716,0.45,1.0,1.0,1.0,0.35,0.36461,0.421
2388,,0.59645,0.44,1.0,1.0,1.0,0.34,0.2839,0.311
2389,,0.51574,0.43,1.0,1.0,1.0,0.33,0.20319,0.201
2390,,0.43503,0.42,1.0,1.0,1.0,0.32,0.12248,0.091
2391,,0.35432,0.41,1.0,1.0,1.0,0.31,0.04177,-0.019
2392,8,0.35461,0.41,0.99971,1.0,0.99971,0.31,0.04206,1.0
2393,,0.2739,0.4,1.0,1.0,1.0,0.3,-0.03865,0.89
2394,7,0.20319,0.329,0.97071,1.0,1.0,0.371,1.0,0.861
2395,,0.12248,0.319,1.0,1.0,1.0,0.361,0.91929,0.751
2396,,0.04177,0.309,1.0,1.0,1.0,0.351,0.83858,0.641
2397,,-0.03894,0.299,1.0,1.0,1.0,0.341,0.75787,0.531
2398,1,1.0,0.37,1.0,1.0,0.97071,0.27,0.68716,0.502
2399,,0.91929,0.36,1.0,1.0,1.0,0.26,0.60645,0.392
2400,,0.83858,0.35,1.0,1.0,1.0,0.25,0.52574,0.282
2401,,0.75787,0.34,1.0,1.0,1.0,0.24,0.44503,0.172
2402,,0.67716,0.33,1.0,1.0,1.0,0.23,0.36432,0.062
2403,,0.59645,0.32,1.0,1.0,1.0,0.22,0.28361,-0.048
2404,8,0.59674,0.32,0.99971,1.0,0.99971,0.22,0.2839,1.0
2405,,0.51603,0.31,1.0,1.0,1.0,0.21,0.20319,0.89
2406,,0.43532,0.3,1.0,1.0,1.0,0.2,0.12248,0.78
2407,,0.35461,0.29,1.0,1.0,1.0,0.19,0.04177,0.67
2408,,0.2739,0.28,1.0,1.0,1.0,0.18,-0.03894,0.56
2409,7,0.20319,0.209,0.97071,1.0,1.0,0.251,1.0,0.531
2410,,0.12248,0.199,1.0,1.0,1.0,0.241,0.91929,0.421
2411,,0.04177,0.189,1.0,1.0,1.0,0.231,0.83858,0.311
2412,,-0.03894,0.179,1.0,1.0,1.0,0.221,0.75787,0.201
2413,1,1.0,0.25,1.0,1.0,0.97071,0.15,0.68716,0.172
2414,,0.91929,0.24,1.0,1.0,1.0,0.14,0.60645,0.062
2415,,0.83858,0.23,1.0,1.0,1.0,0.13,0.52574,-0.048
2416,8,0.83887,0.23,0.99971,1.0,0.99971,0.13,0.52603,1.0
2417,,0.75816,0.22,1.0,1.0,1.0,0.12,0.44532,0.89
2418,,0.67745,0.21,1.0,1.0,1.0,0.11,0.36461,0.78
2419,,0.59674,0.2,1.0,1.0,1.0,0.1,0.2839,0.67
2420,,0.51603,0.19,1.0,1.0,1.0,0.09,0.20319,0.56
2421,,0.43532,0.18,1.0,1.0,1.0,0.08,0.12248,0.45
2422,,0.35461,0.17,1.0,1.0,1.0,0.07,0.04177,0.34
2423,,0.2739,0.16,1.0,1.0,1.0,0.06,-0.03894,0.23
2424,7,0.20319,0.089,0.97071,1.0,1.0,0.131,1.0,0.201
2425,,0.12248,0.079,1.0,1.0,1.0,0.121,0.91929,0.091
2426,,0.04177,0.069,1.0,1.0,1.0,0.111,0.83858,-0.019
2427,8,0.04206,0.069,0.99971,1.0,0.99971,0.111,0.83887,1.0
2428,,-0.03865,0.059,1.0,1.0,1.0,0.101,0.75816,0.89
2429,1,1.0,0.13,1.0,1.0,0.97071,0.03,0.68745,0.861
2430,,0.91929,0.12,1.0,1.0,1.0,0.02,0.60674,0.751
2431,,0.83858,0.11,1.0,1.0,1.0,0.01,0.52603,0.641
2432,,0.75787,0.1,1.0,1.0,1.0,-0.0,0.44532,0.531
2433,,0.67716,0.09,1.0,1.0,1.0,-0.01,0.36461,0.421
2434,6,0.53545,-0.01,0.99971,1.0,1.0,1.0,0.3649,0.321
2435,2,0.53574,1.0,1.0,1.0,0.99971,0.9,0.22319,0.221
2436,,0.45503,0.99,1.0,1.0,1.0,0.89,0.14248,0.111
2437,,0.37432,0.98,1.0,1.0,1.0,0.88,0.06177,0.001
2438,,0.29361,0.97,1.0,1.0,1.0,0.87,-0.01894,-0.109
2439,8,0.2939,0.97,0.99971,1.0,0.99971,0.87,-0.01865,1.0
2440,7,0.22319,0.899,0.97042,1.0,1.0,0.941,1.0,0.971
2441,,0.14248,0.889,1.0,1.0,1.0,0.931,0.91929,0.861
2442,,0.06177,0.879,1.0,1.0,1.0,0.921,0.83858,0.751
2443,,-0.01894,0.869,1.0,1.0,1.0,0.911,0.75787,0.641
2444,1,1.0,0.94,1.0,1.0,0.97071,0.84,0.68716,0.612
2445,,0.91929,0.93,1.0,1.0,1.0,0.83,0.60645,0.502
2446,,0.83858,0.92,1.0,1.0,1.0,0.82,0.52574,0.392
2447,,0.75787,0.91,1.0,1.0,1.0,0.81,0.44503,0.282
2448,,0.67716,0.9,1.0,1.0,1.0,0.8,0.36432,0.172
2449,,0.59645,0.89,1.0,1.0,1.0,0.79,0.28361,0.062
2450,,0.51574,0.88,1.0,1.0,1.0,0.78,0.2029,-0.048
2451,8,0.51603,0.88,0.99971,1.0,0.99971,0.78,0.20319,1.0
2452,,0.43532,0.87,1.0,1.0,1.0,0.77,0.12248,0.89
2453,,0.35461,0.86,1.0,1.0,1.0,0.76,0.04177,0.78
2454,,0.2739,0.85,1.0,1.0,1.0,0.75,-0.03894,0.67
2455,7,0.20319,0.779,0.97071,1.0,1.0,0.821,1.0,0.641
2456,,0.12248,0.769,1.0,1.0,1.0,0.811,0.91929,0.531
2457,,0.04177,0.759,1.0,1.0,1.0,0.801,0.83858,0.421
2458,,-0.03894,0.749,1.0,1.0,1.0,0.791,0.75787,0.311
2459,1,1.0,0.82,1.0,1.0,0.97071,0.72,0.68716,0.282
2460,,0.91929,0.81,1.0,1.0,1.0,0.71,0.60645,0.172
2461,,0.83858,0.8,1.0,1.0,1.0,0.7,0.52574,0.062
2462,,0.75787,0.79,1.0,1.0,1.0,0.69,0.44503,-0.048
2463,8,0.75816,0.79,0.99971,1.0,0.99971,0.69,0.44532,1.0
2464,,0.67745,0.78,1.0,1.0,1.0,0.68,0.36461,0.89
2465,,0.59674,0.77,1.0,1.0,1.0,0.67,0.2839,0.78
2466,,0.51603,0.76,1.0,1.0,1.0,0.66,0.20319,0.67
2467,,0.43532,0.75,1.0,1.0,1.0,0.65,0.12248,0.56
2468,,0.35461,0.74,1.0,1.0,1.0,0.64,0.04177,0.45
2469,,0.2739,0.73,1.0,1.0,1.0,0.63,-0.03894,0.34
2470,7,0.20319,0.659,0.97071,1.0,1.0,0.701,1.0,0.311
2471,,0.12248,0.649,1.0,1.0,1.0,0.691,0.91929,0.201
2472,,0.04177,0.639,1.0,1.0,1.0,0.681,0.83858,0.091
2473,,-0.03894,0.629,1.0,1.0,1.0,0.671,0.75787,-0.019
2474,1,1.0,0.7,1.0,1.0,0.97071,0.6,0.68716,-0.048
2475,8,1.0,0.7,0.99971,1.0,0.97042,0.6,0.68745,1.0
2476,,0.91929,0.69,1.0,1.0,1.0,0.59,0.60674,0.89
2477,,0.83858,0.68,1.0,1.0,1.0,0.58,0.52603,0.78
2478,,0.75787,0.67,1.0,1.0,1.0,0.57,0.44532,0.67
2479,,0.67716,0.66,1.0,1.0,1.0,0.56,0.36461,0.56
2480,,0.59645,0.65,1.0,1.0,1.0,0.55,0.2839,0.45
2481,,0.51574,0.64,1.0,1.0,1.0,0.54,0.20319,0.34
2482,,0.43503,0.63,1.0,1.0,1.0,0.53,0.12248,0.23
2483,,0.35432,0.62,1.0,1.0,1.0,0.52,0.04177,0.12
2484,,0.27361,0.61,1.0,1.0,1.0,0.51,-0.03894,0.01
2485,7,0.2029,0.539,0.97071,1.0,1.0,0.581,1.0,-0.019
2486,8,0.20319,0.539,0.97042,1.0,0.99971,0.581,1.0,1.0
2487,,0.12248,0.529,1.0,1.0,1.0,0.571,0.91929,0.89
2488,,0.04177,0.519,1.0,1.0,1.0,0.561,0.83858,0.78
2489,,-0.03894,0.509,1.0,1.0,1.0,0.551,0.75787,0.67
2490,1,1.0,0.58,1.0,1.0,0.97071,0.48,0.68716,0.641
2491,,0.91929,0.57,1.0,1.0,1.0,0.47,0.60645,0.531
2492,,0.83858,0.56,1.0,1.0,1.0,0.46,0.52574,0.421
2493,,0.75787,0.55,1.0,1.0,1.0,0.45,0.44503,0.311
2494,,0.67716,0.54,1.0,1.0,1.0,0.44,0.36432,0.201
2495,,0.59645,0.53,1.0,1.0,1.0,0.43,0.28361,0.091
2496,,0.51574,0.52,1.0,1.0,1.0,0.42,0.2029,-0.019
2497,8,0.51603,0.52,0.99971,1.0,0.99971,0.42,0.20319,1.0
2498,,0.43532,0.51,1.0,1.0,1.0,0.41,0.12248,0.89
2499,,0.35461,0.5,1.0,1.0,1.0,0.4,0.04177,0.78
2500,,0.2739,0.49,1.0,1.0,1.0,0.39,-0.03894,0.67
2501,7,0.20319,0.419,0.97071,1.0,1.0,0.461,1.0,0.641
2502,,0.12248,0.409,1.0,1.0,1.0,0.451,0.91929,0.531
2503,,0.04177,0.399,1.0,1.0,1.0,0.441,0.83858,0.421
2504,,-0.03894,0.389,1.0,1.0,1.0,0.431,0.75787,0.311
2505,1,1.0,0.46,1.0,1.0,0.97071,0.36,0.68716,0.282
2506,,0.91929,0.45,1.0,1.0,1.0,0.35,0.60645,0.172
2507,,0.83858,0.44,1.0,1.0,1.0,0.34,0.52574,0.062
2508,,0.75787,0.43,1.0,1.0,1.0,0.33,0.44503,-0.048
2509,8,0.75816,0.43,0.99971,1.0,0.99971,0.33,0.44532,1.0
2510,,0.67745,0.42,1.0,1.0,1.0,0.32,0.36461,0.89
2511,,0.59674,0.41,1.0,1.0,1.0,0.31,0.2839,0.78
2512,,0.51603,0.4,1.0,1.0,1.0,0.3,0.20319,0.67
2513,,0.43532,0.39,1.0,1.0,1.0,0.29,0.12248,0.56
2514,,0.35461,0.38,1.0,1.0,1.0,0.28,0.04177,0.45
2515,,0.2739,0.37,1.0,1.0,1.0,0.27,-0.03894,0.34
2516,7,0.20319,0.299,0.97071,1.0,1.0,0.341,1.0,0.311
2517,,0.12248,0.289,1.0,1.0,1.0,0.331,0.91929,0.201
2518,,0.04177,0.279,1.0,1.0,1.0,0.321,0.83858,0.091
2519,,-0.03894,0.269,1.0,1.0,1.0,0.311,0.75787,-0.019
2520,1,1.0,0.34,1.0,1.0,0.97071,0.24,0.68716,-0.048
2521,8,1.0,0.34,0.99971,1.0,0.97042,0.24,0.68745,1.0
2522,,0.91929,0.33,1.0,1.0,1.0,0.23,0.60674,0.89
2523,,0.83858,0.32,1.0,1.0,1.0,0.22,0.52603,0.78
2524,,0.75787,0.31,1.0,1.0,1.0,0.21,0.44532,0.67
2525,,0.67716,0.3,1.0,1.0,1.0,0.2,0.36461,0.56
2526,,0.59645,0.29,1.0,1.0,1.0,0.19,0.2839,0.45
2527,,0.51574,0.28,1.0,1.0,1.0,0.18,0.20319,0.34
2528,,0.43503,0.27,1.0,1.0,1.0,0.17,0.12248,0.23
2529,,0.35432,0.26,1.0,1.0,1.0,0.16,0.04177,0.12
2530,,0.27361,0.25,1.0,1.0,1.0,0.15,-0.03894,0.01
2531,7,0.2029,0.179,0.97071,1.0,1.0,0.221,1.0,-0.019
2532,8,0.20319,0.179,0.97042,1.0,0.99971,0.221,1.0,1.0
2533,,0.12248,0.169,1.0,1.0,1.0,0.211,0.91929,0.89
2534,,0.04177,0.159,1.0,1.0,1.0,0.201,0.83858,0.78
2535,,-0.03894,0.149,1.0,1.0,1.0,0.191,0.75787,0.67
2536,1,1.0,0.22,1.0,1.0,0.97071,0.12,0.68716,0.641
2537,,0.91929,0.21,1.0,1.0,1.0,0.11,0.60645,0.531
2538,,0.83858,0.2,1.0,1.0,1.0,0.1,0.52574,0.421
2539,,0.75787,0.19,1.0,1.0,1.0,0.09,0.44503,0.311
2540,,0.67716,0.18,1.0,1.0,1.0,0.08,0.36432,0.201
2541,,0.59645,0.17,1.0,1.0,1.0,0.07,0.28361,0.091
2542,,0.51574,0.16,1.0,1.0,1.0,0.06,0.2029,-0.019
2543,8,0.51603,0.16,0.99971,1.0,0.99971,0.06,0.20319,1.0
2544,,0.43532,0.15,1.0,1.0,1.0,0.05,0.12248,0.89
2545,,0.35461,0.14,1.0,1.0,1.0,0.04,0.04177,0.78
2546,,0.2739,0.13,1.0,1.0,1.0,0.03,-0.03894,0.67
2547,7,0.20319,0.059,0.97071,1.0,1.0,0.101,1.0,0.641
2548,,0.12248,0.049,1.0,1.0,1.0,0.091,0.91929,0.531
2549,,0.04177,0.039,1.0,1.0,1.0,0.081,0.83858,0.421
2550,,-0.03894,0.029,1.0,1.0,1.0,0.071,0.75787,0.311
2551,1,1.0,0.1,1.0,1.0,0.97071,-0.0,0.68716,0.282
2552,,0.91929,0.09,1.0,1.0,1.0,-0.01,0.60645,0.172
2553,6,0.77758,-0.01,0.99971,1.0,1.0,1.0,0.60674,0.072
2554,2,0.77787,1.0,1.0,1.0,0.99971,0.9,0.46503,-0.028
2555,8,0.77816,1.0,0.99971,1.0,0.99942,0.9,0.46532,1.0
2556,,0.69745,0.99,1.0,1.0,1.0,0.89,0.38461,0.89
2557,,0.61674,0.98,1.0,1.0,1.0,0.88,0.3039,0.78
2558,,0.53603,0.97,1.0,1.0,1.0,0.87,0.22319,0.67
2559,,0.45532,0.96,1.0,1.0,1.0,0.86,0.14248,0.56
2560,,0.37461,0.95,1.0,1.0,1.0,0.85,0.06177,0.45
2561,,0.2939,0.94,1.0,1.0,1.0,0.84,-0.01894,0.34
2562,7,0.22319,0.869,0.97071,1.0,1.0,0.911,1.0,0.311
2563,,0.14248,0.859,1.0,1.0,1.0,0.901,0.91929,0.201
2564,,0.06177,0.849,1.0,1.0,1.0,0.891,0.83858,0.091
2565,,-0.01894,0.839,1.0,1.0,1.0,0.881,0.75787,-0.019
2566,8,-0.01865,0.839,0.99971,1.0,0.99971,0.881,0.75816,1.0
2567,1,1.0,0.91,1.0,1.0,0.97042,0.81,0.68745,0.971
2568,,0.91929,0.9,1.0,1.0,1.0,0.8,0.60674,0.861
2569,,0.83858,0.89,1.0,1.0,1.0,0.79,0.52603,0.751
2570,,0.75787,0.88,1.0,1.0,1.0,0.78,0.44532,0.641
2571,,0.67716,0.87,1.0,1.0,1.0,0.77,0.36461,0.531
2572,,0.59645,0.86,1.0,1.0,1.0,0.76,0.2839,0.421
2573,,0.51574,0.85,1.0,1.0,1.0,0.75,0.20319,0.311
2574,,0.43503,0.84,1.0,1.0,1.0,0.74,0.12248,0.201
2575,,0.35432,0.83,1.0,1.0,1.0,0.73,0.04177,0.091
2576,,0.27361,0.82,1.0,1.0,1.0,0.72,-0.03894,-0.019
2577,7,0.2029,0.749,0.97071,1.0,1.0,0.791,1.0,-0.048
2578,8,0.20319,0.749,0.97042,1.0,0.99971,0.791,1.0,1.0
2579,,0.12248,0.739,1.0,1.0,1.0,0.781,0.91929,0.89
2580,,0.04177,0.729,1.0,1.0,1.0,0.771,0.83858,0.78
2581,,-0.03894,0.719,1.0,1.0,1.0,0.761,0.75787,0.67
2582,1,1.0,0.79,1.0,1.0,0.97071,0.69,0.68716,0.641
2583,,0.91929,0.78,1.0,1.0,1.0,0.68,0.60645,0.531
2584,,0.83858,0.77,1.0,1.0,1.0,0.67,0.52574,0.421
2585,,0.75787,0.76,1.0,1.0,1.0,0.66,0.44503,0.311
2586,,0.67716,0.75,1.0,1.0,1.0,0.65,0.36432,0.201
2587,,0.59645,0.74,1.0,1.0,1.0,0.64,0.28361,0.091
2588,,0.51574,0.73,1.0,1.0,1.0,0.63,0.2029,-0.019
2589,8,0.51603,0.73,0.99971,1.0,0.99971,0.63,0.20319,1.0
2590,,0.43532,0.72,1.0,1.0,1.0,0.62,0.12248,0.89
2591,,0.35461,0.71,1.0,1.0,1.0,0.61,0.04177,0.78
2592,,0.2739,0.7,1.0,1.0,1.0,0.6,-0.03894,0.67
2593,7,0.20319,0.629,0.97071,1.0,1.0,0.671,1.0,0.641
2594,,0.12248,0.619,1.0,1.0,1.0,0.661,0.91929,0.531
2595,,0.04177,0.609,1.0,1.0,1.0,0.651,0.83858,0.421
2596,,-0.03894,0.599,1.0,1.0,1.0,0.641,0.75787,0.311
2597,1,1.0,0.67,1.0,1.0,0.97071,0.57,0.68716,0.282
2598,,0.91929,0.66,1.0,1.0,1.0,0.56,0.60645,0.172
2599,,0.83858,0.65,1.0,1.0,1.0,0.55,0.52574,0.062
2600,,0.75787,0.64,1.0,1.0,1.0,0.54,0.44503,-0.048
2601,8,0.75816,0.64,0.99971,1.0,0.99971,0.54,0.44532,1.0
2602,,0.67745,0.63,1.0,1.0,1.0,0.53,0.36461,0.89
2603,,0.59674,0.62,1.0,1.0,1.0,0.52,0.2839,0.78
2604,,0.51603,0.61,1.0,1.0,1.0,0.51,0.20319,0.67
2605,,0.43532,0.6,1.0,1.0,1.0,0.5,0.12248,0.56
2606,,0.35461,0.59,1.0,1.0,1.0,0.49,0.04177,0.45
2607,,0.2739,0.58,1.0,1.0,1.0,0.48,-0.03894,0.34
2608,7,0.20319,0.509,0.97071,1.0,1.0,0.551,1.0,0.311
2609,,0.12248,0.499,1.0,1.0,1.0,0.541,0.91929,0.201
2610,,0.04177,0.489,1.0,1.0,1.0,0.531,0.83858,0.091
2611,,-0.03894,0.479,1.0,1.0,1.0,0.521,0.75787,-0.019
2612,1,1.0,0.55,1.0,1.0,0.97071,0.45,0.68716,-0.048
2613,8,1.0,0.55,0.99971,1.0,0.97042,0.45,0.68745,1.0
2614,,0.91929,0.54,1.0,1.0,1.0,0.44,0.60674,0.89
2615,,0.83858,0.53,1.0,1.0,1.0,0.43,0.52603,0.78
2616,,0.75787,0.52,1.0,1.0,1.0,0.42,0.44532,0.67
2617,,0.67716,0.51,1.0,1.0,1.0,0.41,0.36461,0.56
2618,,0.59645,0.5,1.0,1.0,1.0,0.4,0.2839,0.45
2619,,0.51574,0.49,1.0,1.0,1.0,0.39,0.20319,0.34
2620,,0.43503,0.48,1.0,1.0,1.0,0.38,0.12248,0.23
2621,,0.35432,0.47,1.0,1.0,1.0,0.37,0.04177,0.12
2622,,0.27361,0.46,1.0,1.0,1.0,0.36,-0.03894,0.01
2623,7,0.2029,0.389,0.97071,1.0,1.0,0.431,1.0,-0.019
2624,8,0.20319,0.389,0.97042,1.0,0.99971,0.431,1.0,1.0
2625,,0.12248,0.379,1.0,1.0,1.0,0.421,0.91929,0.89
2626,,0.04177,0.369,1.0,1.0,1.0,0.411,0.83858,0.78
2627,,-0.03894,0.359,1.0,1.0,1.0,0.401,0.75787,0.67
2628,1,1.0,0.43,1.0,1.0,0.97071,0.33,0.68716,0.641
2629,,0.91929,0.42,1.0,1.0,1.0,0.32,0.60645,0.531
2630,,0.83858,0.41,1.0,1.0,1.0,0.31,0.52574,0.421
2631,,0.75787,0.4,1.0,1.0,1.0,0.3,0.44503,0.311
2632,,0.67716,0.39,1.0,1.0,1.0,0.29,0.36432,0.201
2633,,0.59645,0.38,1.0,1.0,1.0,0.28,0.28361,0.091
2634,,0.51574,0.37,1.0,1.0,1.0,0.27,0.2029,-0.019
2635,8,0.51603,0.37,0.99971,1.0,0.99971,0.27,0.20319,1.0
2636,,0.43532,0.36,1.0,1.0,1.0,0.26,0.12248,0.89
2637,,0.35461,0.35,1.0,1.0,1.0,0.25,0.04177,0.78
2638,,0.2739,0.34,1.0,1.0,1.0,0.24,-0.03894,0.67
2639,7,0.20319,0.269,0.97071,1.0,1.0,0.311,1.0,0.641
2640,,0.12248,0.259,1.0,1.0,1.0,0.301,0.91929,0.531
2641,,0.04177,0.249,1.0,1.0,1.0,0.291,0.83858,0.421
2642,,-0.03894,0.239,1.0,1.0,1.0,0.281,0.75787,0.311
2643,1,1.0,0.31,1.0,1.0,0.97071,0.21,0.68716,0.282
2644,,0.91929,0.3,1.0,1.0,1.0,0.2,0.60645,0.172
2645,,0.83858,0.29,1.0,1.0,1.0,0.19,0.52574,0.062
2646,,0.75787,0.28,1.0,1.0,1.0,0.18,0.44503,-0.048
2647,8,0.75816,0.28,0.99971,1.0,0.99971,0.18,0.44532,1.0
2648,,0.67745,0.27,1.0,1.0,1.0,0.17,0.36461,0.89
2649,,0.59674,0.26,1.0,1.0,1.0,0.16,0.2839,0.78
2650,,0.51603,0.25,1.0,1.0,1.0,0.15,0.20319,0.67
2651,,0.43532,0.24,1.0,1.0,1.0,0.14,0.12248,0.56
2652,,0.35461,0.23,1.0,1.0,1.0,0.13,0.04177,0.45
2653,,0.2739,0.22,1.0,1.0,1.0,0.12,-0.03894,0.34
2654,7,0.20319,0.149,0.97071,1.0,1.0,0.191,1.0,0.311
2655,,0.12248,0.139,1.0,1.0,1.0,0.181,0.91929,0.201
2656,,0.04177,0.129,1.0,1.0,1.0,0.171,0.83858,0.091
2657,,-0.03894,0.119,1.0,1.0,1.0,0.161,0.75787,-0.019
2658,1,1.0,0.19,1.0,1.0,0.97071,0.09,0.68716,-0.048
2659,8,1.0,0.19,0.99971,1.0,0.97042,0.09,0.68745,1.0
2660,,0.91929,0.18,1.0,1.0,1.0,0.08,0.60674,0.89
2661,,0.83858,0.17,1.0,1.0,1.0,0.07,0.52603,0.78
2662,,0.75787,0.16,1.0,1.0,1.0,0.06,0.44532,0.67
2663,,0.67716,0.15,1.0,1.0,1.0,0.05,0.36461,0.56
2664,,0.59645,0.14,1.0,1.0,1.0,0.04,0.2839,0.45
2665,,0.51574,0.13,1.0,1.0,1.0,0.03,0.20319,0.34
2666,,0.43503,0.12,1.0,1.0,1.0,0.02,0.12248,0.23
2667,,0.35432,0.11,1.0,1.0,1.0,0.01,0.04177,0.12
2668,,0.27361,0.1,1.0,1.0,1.0,-0.0,-0.03894,0.01
2669,7,0.2029,0.029,0.97071,1.0,1.0,0.071,1.0,-0.019
2670,8,0.20319,0.029,0.97042,1.0,0.99971,0.071,1.0,1.0
2671,,0.12248,0.019,1.0,1.0,1.0,0.061,0.91929,0.89
2672,,0.04177,0.009,1.0,1.0,1.0,0.051,0.83858,0.78
2673,,-0.03894,-0.001,1.0,1.0,1.0,0.041,0.75787,0.67
2674,1,1.0,0.07,1.0,1.0,0.97071,-0.03,0.68716,0.641
2675,6,0.85829,-0.03,0.99971,1.0,1.0,1.0,0.68745,0.541
2676,2,0.85858,1.0,1.0,1.0,0.99971,0.9,0.54574,0.441
2677,,0.77787,0.99,1.0,1.0,1.0,0.89,0.46503,0.331
2678,,0.69716,0.98,1.0,1.0,1.0,0.88,0.38432,0.221
2679,,0.61645,0.97,1.0,1.0,1.0,0.87,0.30361,0.111
2680,,0.53574,0.96,1.0,1.0,1.0,0.86,0.2229,0.001
2681,,0.45503,0.95,1.0,1.0,1.0,0.85,0.14219,-0.109
2682,8,0.45532,0.95,0.99971,1.0,0.99971,0.85,0.14248,1.0
2683,,0.37461,0.94,1.0,1.0,1.0,0.84,0.06177,0.89
2684,,0.2939,0.93,1.0,1.0,1.0,0.83,-0.01894,0.78
2685,7,0.22319,0.859,0.97071,1.0,1.0,0.901,1.0,0.751
2686,,0.14248,0.849,1.0,1.0,1.0,0.891,0.91929,0.641
2687,,0.06177,0.839,1.0,1.0,1.0,0.881,0.83858,0.531
2688,,-0.01894,0.829,1.0,1.0,1.0,0.871,0.75787,0.421
2689,1,1.0,0.9,1.0,1.0,0.97071,0.8,0.68716,0.392
2690,,0.91929,0.89,1.0,1.0,1.0,0.79,0.60645,0.282
2691,,0.83858,0.88,1.0,1.0,1.0,0.78,0.52574,0.172
2692,,0.75787,0.87,1.0,1.0,1.0,0.77,0.44503,0.062
2693,,0.67716,0.86,1.0,1.0,1.0,0.76,0.36432,-0.048
2694,8,0.67745,0.86,0.99971,1.0,0.99971,0.76,0.36461,1.0
2695,,0.59674,0.85,1.0,1.0,1.0,0.75,0.2839,0.89
2696,,0.51603,0.84,1.0,1.0,1.0,0.74,0.20319,0.78
2697,,0.43532,0.83,1.0,1.0,1.0,0.73,0.12248,0.67
2698,,0.35461,0.82,1.0,1.0,1.0,0.72,0.04177,0.56
2699,,0.2739,0.81,1.0,1.0,1.0,0.71,-0.03894,0.45
2700,7,0.20319,0.739,0.97071,1.0,1.0,0.781,1.0,0.421
2701,,0.12248,0.729,1.0,1.0,1.0,0.771,0.91929,0.311
2702,,0.04177,0.719,1.0,1.0,1.0,0.761,0.83858,0.201
2703,,-0.03894,0.709,1.0,1.0,1.0,0.751,0.75787,0.091
2704,1,1.0,0.78,1.0,1.0,0.97071,0.68,0.68716,0.062
2705,,0.91929,0.77,1.0,1.0,1.0,0.67,0.60645,-0.048
2706,8,0.91958,0.77,0.99971,1.0,0.99971,0.67,0.60674,1.0
2707,,0.83887,0.76,1.0,1.0,1.0,0.66,0.52603,0.89
2708,,0.75816,0.75,1.0,1.0,1.0,0.65,0.44532,0.78
2709,,0.67745,0.74,1.0,1.0,1.0,0.64,0.36461,0.67
2710,,0.59674,0.73,1.0,1.0,1.0,0.63,0.2839,0.56
2711,,0.51603,0.72,1.0,1.0,1.0,0.62,0.20319,0.45
2712,,0.43532,0.71,1.0,1.0,1.0,0.61,0.12248,0.34
2713,,0.35461,0.7,1.0,1.0,1.0,0.6,0.04177,0.23
2714,,0.2739,0.69,1.0,1.0,1.0,0.59,-0.03894,0.12
2715,7,0.20319,0.619,0.97071,1.0,1.0,0.661,1.0,0.091
2716,,0.12248,0.609,1.0,1.0,1.0,0.651,0.91929,-0.019
2717,8,0.12277,0.609,0.99971,1.0,0.99971,0.651,0.91958,1.0
2718,,0.04206,0.599,1.0,1.0,1.0,0.641,0.83887,0.89
2719,,-0.03865,0.589,1.0,1.0,1.0,0.631,0.75816,0.78
2720,1,1.0,0.66,1.0,1.0,0.97071,0.56,0.68745,0.751
2721,,0.91929,0.65,1.0,1.0,1.0,0.55,0.60674,0.641
2722,,0.83858,0.64,1.0,1.0,1.0,0.54,0.52603,0.531
2723,,0.75787,0.63,1.0,1.0,1.0,0.53,0.44532,0.421
2724,,0.67716,0.62,1.0,1.0,1.0,0.52,0.36461,0.311
2725,,0.59645,0.61,1.0,1.0,1.0,0.51,0.2839,0.201
2726,,0.51574,0.6,1.0,1.0,1.0,0.5,0.20319,0.091
2727,,0.43503,0.59,1.0,1.0,1.0,0.49,0.12248,-0.019
2728,8,0.43532,0.59,0.99971,1.0,0.99971,0.49,0.12277,1.0
2729,,0.35461,0.58,1.0,1.0,1.0,0.48,0.04206,0.89
2730,,0.2739,0.57,1.0,1.0,1.0,0.47,-0.03865,0.78
2731,7,0.20319,0.499,0.97071,1.0,1.0,0.541,1.0,0.751
2732,,0.12248,0.489,1.0,1.0,1.0,0.531,0.91929,0.641
2733,,0.04177,0.479,1.0,1.0,1.0,0.521,0.83858,0.531
2734,,-0.03894,0.469,1.0,1.0,1.0,0.511,0.75787,0.421
2735,1,1.0,0.54,1.0,1.0,0.97071,0.44,0.68716,0.392
2736,,0.91929,0.53,1.0,1.0,1.0,0.43,0.60645,0.282
2737,,0.83858,0.52,1.0,1.0,1.0,0.42,0.52574,0.172
2738,,0.75787,0.51,1.0,1.0,1.0,0.41,0.44503,0.062
2739,,0.67716,0.5,1.0,1.0,1.0,0.4,0.36432,-0.048
2740,8,0.67745,0.5,0.99971,1.0,0.99971,0.4,0.36461,1.0
2741,,0.59674,0.49,1.0,1.0,1.0,0.39,0.2839,0.89
2742,,0.51603,0.48,1.0,1.0,1.0,0.38,0.20319,0.78
2743,,0.43532,0.47,1.0,1.0,1.0,0.37,0.12248,0.67
2744,,0.35461,0.46,1.0,1.0,1.0,0.36,0.04177,0.56
2745,,0.2739,0.45,1.0,1.0,1.0,0.35,-0.03894,0.45
2746,7,0.20319,0.379,0.97071,1.0,1.0,0.421,1.0,0.421
2747,,0.12248,0.369,1.0,1.0,1.0,0.411,0.91929,0.311
2748,,0.04177,0.359,1.0,1.0,1.0,0.401,0.83858,0.201
2749,,-0.03894,0.349,1.0,1.0,1.0,0.391,0.75787,0.091
2750,1,1.0,0.42,1.0,1.0,0.97071,0.32,0.68716,0.062
2751,,0.91929,0.41,1.0,1.0,1.0,0.31,0.60645,-0.048
2752,8,0.91958,0.41,0.99971,1.0,0.99971,0.31,0.60674,1.0
2753,,0.83887,0.4,1.0,1.0,1.0,0.3,0.52603,0.89
2754,,0.75816,0.39,1.0,1.0,1.0,0.29,0.44532,0.78
2755,,0.67745,0.38,1.0,1.0,1.0,0.28,0.36461,0.67
2756,,0.59674,0.37,1.0,1.0,1.0,0.27,0.2839,0.56
2757,,0.51603,0.36,1.0,1.0,1.0,0.26,0.20319,0.45
2758,,0.43532,0.35,1.0,1.0,1.0,0.25,0.12248,0.34
2759,,0.35461,0.34,1.0,1.0,1.0,0.24,0.04177,0.23
2760,,0.2739,0.33,1.0,1.0,1.0,0.23,-0.03894,0.12
2761,7,0.20319,0.259,0.97071,1.0,1.0,0.301,1.0,0.091
2762,,0.12248,0.249,1.0,1.0,1.0,0.291,0.91929,-0.019
2763,8,0.12277,0.249,0.99971,1.0,0.99971,0.291,0.91958,1.0
2764,,0.04206,0.239,1.0,1.0,1.0,0.281,0.83887,0.89
2765,,-0.03865,0.229,1.0,1.0,1.0,0.271,0.75816,0.78
2766,1,1.0,0.3,1.0,1.0,0.97071,0.2,0.68745,0.751
2767,,0.91929,0.29,1.0,1.0,1.0,0.19,0.60674,0.641
2768,,0.83858,0.28,1.0,1.0,1.0,0.18,0.52603,0.531
2769,,0.75787,0.27,1.0,1.0,1.0,0.17,0.44532,0.421
2770,,0.67716,0.26,1.0,1.0,1.0,0.16,0.36461,0.311
2771,,0.59645,0.25,1.0,1.0,1.0,0.15,0.2839,0.201
2772,,0.51574,0.24,1.0,1.0,1.0,0.14,0.20319,0.091
2773,,0.43503,0.23,1.0,1.0,1.0,0.13,0.12248,-0.019
2774,8,0.43532,0.23,0.99971,1.0,0.99971,0.13,0.12277,1.0
2775,,0.35461,0.22,1.0,1.0,1.0,0.12,0.04206,0.89
2776,,0.2739,0.21,1.0,1.0,1.0,0.11,-0.03865,0.78
2777,7,0.20319,0.139,0.97071,1.0,1.0,0.181,1.0,0.751
2778,,0.12248,0.129,1.0,1.0,1.0,0.171,0.91929,0.641
2779,,0.04177,0.119,1.0,1.0,1.0,0.161,0.83858,0.531
2780,,-0.03894,0.109,1.0,1.0,1.0,0.151,0.75787,0.421
2781,1,1.0,0.18,1.0,1.0,0.97071,0.08,0.68716,0.392
2782,,0.91929,0.17,1.0,1.0,1.0,0.07,0.60645,0.282
2783,,0.83858,0.16,1.0,1.0,1.0,0.06,0.52574,0.172
2784,,0.75787,0.15,1.0,1.0,1.0,0.05,0.44503,0.062
2785,,0.67716,0.14,1.0,1.0,1.0,0.04,0.36432,-0.048
2786,8,0.67745,0.14,0.99971,1.0,0.99971,0.04,0.36461,1.0
2787,,0.59674,0.13,1.0,1.0,1.0,0.03,0.2839,0.89
2788,,0.51603,0.12,1.0,1.0,1.0,0.02,0.20319,0.78
2789,,0.43532,0.11,1.0,1.0,1.0,0.01,0.12248,0.67
2790,,0.35461,0.1,1.0,1.0,1.0,-0.0,0.04177,0.56
2791,,0.2739,0.09,1.0,1.0,1.0,-0.01,-0.03894,0.45
2792,7,0.20319,0.019,0.97071,1.0,1.0,0.061,1.0,0.421
2793,,0.12248,0.009,1.0,1.0,1.0,0.051,0.91929,0.311
2794,,0.04177,-0.001,1.0,1.0,1.0,0.041,0.83858,0.201
2795,2,0.04206,1.0,1.0,1.0,0.99971,-0.059,0.69687,0.101
2796,6,-0.09965,0.9,0.99971,1.0,1.0,1.0,0.69716,0.001
2797,1,1.0,0.971,1.0,1.0,0.97071,0.929,0.62645,-0.028
2798,8,1.0,0.971,0.99971,1.0,0.97042,0.929,0.62674,1.0
2799,,0.91929,0.961,1.0,1.0,1.0,0.919,0.54603,0.89
2800,,0.83858,0.951,1.0,1.0,1.0,0.909,0.46532,0.78
2801,,0.75787,0.941,1.0,1.0,1.0,0.899,0.38461,0.67
2802,,0.67716,0.931,1.0,1.0,1.0,0.889,0.3039,0.56
2803,,0.59645,0.921,1.0,1.0,1.0,0.879,0.22319,0.45
2804,,0.51574,0.911,1.0,1.0,1.0,0.869,0.14248,0.34
2805,,0.43503,0.901,1.0,1.0,1.0,0.859,0.06177,0.23
2806,,0.35432,0.891,1.0,1.0,1.0,0.849,-0.01894,0.12
2807,7,0.28361,0.82,0.97071,1.0,1.0,0.92,1.0,0.091
2808,,0.2029,0.81,1.0,1.0,1.0,0.91,0.91929,-0.019
2809,8,0.20319,0.81,0.99971,1.0,0.99971,0.91,0.91958,1.0
2810,,0.12248,0.8,1.0,1.0,1.0,0.9,0.83887,0.89
2811,,0.04177,0.79,1.0,1.0,1.0,0.89,0.75816,0.78
2812,,-0.03894,0.78,1.0,1.0,1.0,0.88,0.67745,0.67
2813,1,1.0,0.851,1.0,1.0,0.97071,0.809,0.60674,0.641
2814,,0.91929,0.841,1.0,1.0,1.0,0.799,0.52603,0.531
2815,,0.83858,0.831,1.0,1.0,1.0,0.789,0.44532,0.421
2816,,0.75787,0.821,1.0,1.0,1.0,0.779,0.36461,0.311
2817,,0.67716,0.811,1.0,1.0,1.0,0.769,0.2839,0.201
2818,,0.59645,0.801,1.0,1.0,1.0,0.759,0.20319,0.091
2819,,0.51574,0.791,1.0,1.0,1.0,0.749,0.12248,-0.019
2820,8,0.51603,0.791,0.99971,1.0,0.99971,0.749,0.12277,1.0
2821,,0.43532,0.781,1.0,1.0,1.0,0.739,0.04206,0.89
2822,,0.35461,0.771,1.0,1.0,1.0,0.729,-0.03865,0.78
2823,7,0.2839,0.7,0.97071,1.0,1.0,0.8,1.0,0.751
2824,,0.20319,0.69,1.0,1.0,1.0,0.79,0.91929,0.641
2825,,0.12248,0.68,1.0,1.0,1.0,0.78,0.83858,0.531
2826,,0.04177,0.67,1.0,1.0,1.0,0.77,0.75787,0.421
2827,,-0.03894,0.66,1.0,1.0,1.0,0.76,0.67716,0.311
2828,1,1.0,0.731,1.0,1.0,0.97071,0.689,0.60645,0.282
2829,,0.91929,0.721,1.0,1.0,1.0,0.679,0.52574,0.172
2830,,0.83858,0.711,1.0,1.0,1.0,0.669,0.44503,0.062
2831,,0.75787,0.701,1.0,1.0,1.0,0.659,0.36432,-0.048
2832,8,0.75816,0.701,0.99971,1.0,0.99971,0.659,0.36461,1.0
2833,,0.67745,0.691,1.0,1.0,1.0,0.649,0.2839,0.89
2834,,0.59674,0.681,1.0,1.0,1.0,0.639,0.20319,0.78
2835,,0.51603,0.671,1.0,1.0,1.0,0.629,0.12248,0.67
2836,,0.43532,0.661,1.0,1.0,1.0,0.619,0.04177,0.56
2837,,0.35461,0.651,1.0,1.0,1.0,0.609,-0.03894,0.45
2838,7,0.2839,0.58,0.97071,1.0,1.0,0.68,1.0,0.421
2839,,0.20319,0.57,1.0,1.0,1.0,0.67,0.91929,0.311
2840,,0.12248,0.56,1.0,1.0,1.0,0.66,0.83858,0.201
2841,,0.04177,0.55,1.0,1.0,1.0,0.65,0.75787,0.091
2842,,-0.03894,0.54,1.0,1.0,1.0,0.64,0.67716,-0.019
2843,1,1.0,0.611,1.0,1.0,0.97071,0.569,0.60645,-0.048
2844,8,1.0,0.611,0.99971,1.0,0.97042,0.569,0.60674,1.0
2845,,0.91929,0.601,1.0,1.0,1.0,0.559,0.52603,0.89
2846,,0.83858,0.591,1.0,1.0,1.0,0.549,0.44532,0.78
2847,,0.75787,0.581,1.0,1.0,1.0,0.539,0.36461,0.67
2848,,0.67716,0.571,1.0,1.0,1.0,0.529,0.2839,0.56
2849,,0.59645,0.561,1.0,1.0,1.0,0.519,0.20319,0.45
2850,,0.51574,0.551,1.0,1.0,1.0,0.509,0.12248,0.34
2851,,0.43503,0.541,1.0,1.0,1.0,0.499,0.04177,0.23
2852,,0.35432,0.531,1.0,1.0,1.0,0.489,-0.03894,0.12
2853,7,0.28361,0.46,0.97071,1.0,1.0,0.56,1.0,0.091
2854,,0.2029,0.45,1.0,1.0,1.0,0.55,0.91929,-0.019
2855,8,0.20319,0.45,0.99971,1.0,0.99971,0.55,0.91958,1.0
2856,,0.12248,0.44,1.0,1.0,1.0,0.54,0.83887,0.89
2857,,0.04177,0.43,1.0,1.0,1.0,0.53,0.75816,0.78
2858,,-0.03894,0.42,1.0,1.0,1.0,0.52,0.67745,0.67
2859,1,1.0,0.491,1.0,1.0,0.97071,0.449,0.60674,0.641
2860,,0.91929,0.481,1.0,1.0,1.0,0.439,0.52603,0.531
2861,,0.83858,0.471,1.0,1.0,1.0,0.429,0.44532,0.421
2862,,0.75787,0.461,1.0,1.0,1.0,0.419,0.36461,0.311
2863,,0.67716,0.451,1.0,1.0,1.0,0.409,0.2839,0.201
2864,,0.59645,0.441,1.0,1.0,1.0,0.399,0.20319,0.091
2865,,0.51574,0.431,1.0,1.0,1.0,0.389,0.12248,-0.019
2866,8,0.51603,0.431,0.99971,1.0,0.99971,0.389,0.12277,1.0
2867,,0.43532,0.421,1.0,1.0,1.0,0.379,0.04206,0.89
2868,,0.35461,0.411,1.0,1.0,1.0,0.369,-0.03865,0.78
2869,7,0.2839,0.34,0.97071,1.0,1.0,0.44,1.0,0.751
2870,,0.20319,0.33,1.0,1.0,1.0,0.43,0.91929,0.641
2871,,0.12248,0.32,1.0,1.0,1.0,0.42,0.83858,0.531
2872,,0.04177,0.31,1.0,1.0,1.0,0.41,0.75787,0.421
2873,,-0.03894,0.3,1.0,1.0,1.0,0.4,0.67716,0.311
2874,1,1.0,0.371,1.0,1.0,0.97071,0.329,0.60645,0.282
2875,,0.91929,0.361,1.0,1.0,1.0,0.319,0.52574,0.172
2876,,0.83858,0.351,1.0,1.0,1.0,0.309,0.44503,0.062
2877,,0.75787,0.341,1.0,1.0,1.0,0.299,0.36432,-0.048
2878,8,0.75816,0.341,0.99971,1.0,0.99971,0.299,0.36461,1.0
2879,,0.67745,0.331,1.0,1.0,1.0,0.289,0.2839,0.89
2880,,0.59674,0.321,1.0,1.0,1.0,0.279,0.20319,0.78
2881,,0.51603,0.311,1.0,1.0,1.0,0.269,0.12248,0.67
2882,,0.43532,0.301,1.0,1.0,1.0,0.259,0.04177,0.56
2883,,0.35461,0.291,1.0,1.0,1.0,0.249,-0.03894,0.45
2884,7,0.2839,0.22,0.97071,1.0,1.0,0.32,1.0,0.421
2885,,0.20319,0.21,1.0,1.0,1.0,0.31,0.91929,0.311
2886,,0.12248,0.2,1.0,1.0,1.0,0.3,0.83858,0.201
2887,,0.04177,0.19,1.0,1.0,1.0,0.29,0.75787,0.091
2888,,-0.03894,0.18,1.0,1.0,1.0,0.28,0.67716,-0.019
2889,1,1.0,0.251,1.0,1.0,0.97071,0.209,0.60645,-0.048
2890,8,1.0,0.251,0.99971,1.0,0.97042,0.209,0.60674,1.0
2891,,0.91929,0.241,1.0,1.0,1.0,0.199,0.52603,0.89
2892,,0.83858,0.231,1.0,1.0,1.0,0.189,0.44532,0.78
2893,,0.75787,0.221,1.0,1.0,1.0,0.179,0.36461,0.67
2894,,0.67716,0.211,1.0,1.0,1.0,0.169,0.2839,0.56
2895,,0.59645,0.201,1.0,1.0,1.0,0.159,0.20319,0.45
2896,,0.51574,0.191,1.0,1.0,1.0,0.149,0.12248,0.34
2897,,0.43503,0.181,1.0,1.0,1.0,0.139,0.04177,0.23
2898,,0.35432,0.171,1.0,1.0,1.0,0.129,-0.03894,0.12
2899,7,0.28361,0.1,0.97071,1.0,1.0,0.2,1.0,0.091
2900,,0.2029,0.09,1.0,1.0,1.0,0.19,0.91929,-0.019
2901,8,0.20319,0.09,0.99971,1.0,0.99971,0.19,0.91958,1.0
2902,,0.12248,0.08,1.0,1.0,1.0,0.18,0.83887,0.89
2903,,0.04177,0.07,1.0,1.0,1.0,0.17,0.75816,0.78
2904,,-0.03894,0.06,1.0,1.0,1.0,0.16,0.67745,0.67
2905,1,1.0,0.131,1.0,1.0,0.97071,0.089,0.60674,0.641
2906,,0.91929,0.121,1.0,1.0,1.0,0.079,0.52603,0.531
2907,,0.83858,0.111,1.0,1.0,1.0,0.069,0.44532,0.421
2908,,0.75787,0.101,1.0,1.0,1.0,0.059,0.36461,0.311
2909,,0.67716,0.091,1.0,1.0,1.0,0.049,0.2839,0.201
2910,,0.59645,0.081,1.0,1.0,1.0,0.039,0.20319,0.091
2911,,0.51574,0.071,1.0,1.0,1.0,0.029,0.12248,-0.019
2912,8,0.51603,0.071,0.99971,1.0,0.99971,0.029,0.12277,1.0
2913,,0.43532,0.061,1.0,1.0,1.0,0.019,0.04206,0.89
2914,,0.35461,0.051,1.0,1.0,1.0,0.009,-0.03865,0.78
2915,7,0.2839,-0.02,0.97071,1.0,1.0,0.08,1.0,0.751
2916,2,0.28419,1.0,1.0,1.0,0.99971,-0.02,0.85829,0.651
2917,6,0.14248,0.9,0.99971,1.0,1.0,1.0,0.85858,0.551
2918,,0.06177,0.89,1.0,1.0,1.0,0.99,0.77787,0.441
2919,,-0.01894,0.88,1.0,1.0,1.0,0.98,0.69716,0.331
2920,1,1.0,0.951,1.0,1.0,0.97071,0.909,0.62645,0.302
2921,,0.91929,0.941,1.0,1.0,1.0,0.899,0.54574,0.192
2922,,0.83858,0.931,1.0,1.0,1.0,0.889,0.46503,0.082
2923,,0.75787,0.921,1.0,1.0,1.0,0.879,0.38432,-0.028
2924,8,0.75816,0.921,0.99971,1.0,0.99971,0.879,0.38461,1.0
2925,,0.67745,0.911,1.0,1.0,1.0,0.869,0.3039,0.89
2926,,0.59674,0.901,1.0,1.0,1.0,0.859,0.22319,0.78
2927,,0.51603,0.891,1.0,1.0,1.0,0.849,0.14248,0.67
2928,,0.43532,0.881,1.0,1.0,1.0,0.839,0.06177,0.56
2929,,0.35461,0.871,1.0,1.0,1.0,0.829,-0.01894,0.45
2930,7,0.2839,0.8,0.97071,1.0,1.0,0.9,1.0,0.421
2931,,0.20319,0.79,1.0,1.0,1.0,0.89,0.91929,0.311
2932,,0.12248,0.78,1.0,1.0,1.0,0.88,0.83858,0.201
2933,,0.04177,0.77,1.0,1.0,1.0,0.87,0.75787,0.091
2934,,-0.03894,0.76,1.0,1.0,1.0,0.86,0.67716,-0.019
2935,1,1.0,0.831,1.0,1.0,0.97071,0.789,0.60645,-0.048
2936,8,1.0,0.831,0.99971,1.0,0.97042,0.789,0.60674,1.0
2937,,0.91929,0.821,1.0,1.0,1.0,0.779,0.52603,0.89
2938,,0.83858,0.811,1.0,1.0,1.0,0.769,0.44532,0.78
2939,,0.75787,0.801,1.0,1.0,1.0,0.759,0.36461,0.67
2940,,0.67716,0.791,1.0,1.0,1.0,0.749,0.2839,0.56
2941,,0.59645,0.781,1.0,1.0,1.0,0.739,0.20319,0.45
2942,,0.51574,0.771,1.0,1.0,1.0,0.729,0.12248,0.34
2943,,0.43503,0.761,1.0,1.0,1.0,0.719,0.04177,0.23
2944,,0.35432,0.751,1.0,1.0,1.0,0.709,-0.03894,0.12
2945,7,0.28361,0.68,0.97071,1.0,1.0,0.78,1.0,0.091
2946,,0.2029,0.67,1.0,1.0,1.0,0.77,0.91929,-0.019
2947,8,0.20319,0.67,0.99971,1.0,0.99971,0.77,0.91958,1.0
2948,,0.12248,0.66,1.0,1.0,1.0,0.76,0.83887,0.89
2949,,0.04177,0.65,1.0,1.0,1.0,0.75,0.75816,0.78
2950,,-0.03894,0.64,1.0,1.0,1.0,0.74,0.67745,0.67
2951,1,1.0,0.711,1.0,1.0,0.97071,0.669,0.60674,0.641
2952,,0.91929,0.701,1.0,1.0,1.0,0.659,0.52603,0.531
2953,,0.83858,0.691,1.0,1.0,1.0,0.649,0.44532,0.421
2954,,0.75787,0.681,1.0,1.0,1.0,0.639,0.36461,0.311
2955,,0.67716,0.671,1.0,1.0,1.0,0.629,0.2839,0.201
2956,,0.59645,0.661,1.0,1.0,1.0,0.619,0.20319,0.091
2957,,0.51574,0.651,1.0,1.0,1.0,0.609,0.12248,-0.019
2958,8,0.51603,0.651,0.99971,1.0,0.99971,0.609,0.12277,1.0
2959,,0.43532,0.641,1.0,1.0,1.0,0.599,0.04206,0.89
2960,,0.35461,0.631,1.0,1.0,1.0,0.589,-0.03865,0.78
2961,7,0.2839,0.56,0.97071,1.0,1.0,0.66,1.0,0.751
2962,,0.20319,0.55,1.0,1.0,1.0,0.65,0.91929,0.641
2963,,0.12248,0.54,1.0,1.0,1.0,0.64,0.83858,0.531
2964,,0.04177,0.53,1.0,1.0,1.0,0.63,0.75787,0.421
2965,,-0.03894,0.52,1.0,1.0,1.0,0.62,0.67716,0.311
2966,1,1.0,0.591,1.0,1.0,0.97071,0.549,0.60645,0.282
2967,,0.91929,0.581,1.0,1.0,1.0,0.539,0.52574,0.172
2968,,0.83858,0.571,1.0,1.0,1.0,0.529,0.44503,0.062
2969,,0.75787,0.561,1.0,1.0,1.0,0.519,0.36432,-0.048
2970,8,0.75816,0.561,0.99971,1.0,0.99971,0.519,0.36461,1.0
2971,,0.67745,0.551,1.0,1.0,1.0,0.509,0.2839,0.89
2972,,0.59674,0.541,1.0,1.0,1.0,0.499,0.20319,0.78
2973,,0.51603,0.531,1.0,1.0,1.0,0.489,0.12248,0.67
2974,,0.43532,0.521,1.0,1.0,1.0,0.479,0.04177,0.56
2975,,0.35461,0.511,1.0,1.0,1.0,0.469,-0.03894,0.45
2976,7,0.2839,0.44,0.97071,1.0,1.0,0.54,1.0,0.421
2977,,0.20319,0.43,1.0,1.0,1.0,0.53,0.91929,0.311
2978,,0.12248,0.42,1.0,1.0,1.0,0.52,0.83858,0.201
2979,,0.04177,0.41,1.0,1.0,1.0,0.51,0.75787,0.091
2980,,-0.03894,0.4,1.0,1.0,1.0,0.5,0.67716,-0.019
2981,1,1.0,0.471,1.0,1.0,0.97071,0.429,0.60645,-0.048
2982,8,1.0,0.471,0.99971,1.0,0.97042,0.429,0.60674,1.0
2983,,0.91929,0.461,1.0,1.0,1.0,0.419,0.52603,0.89
2984,,0.83858,0.451,1.0,1.0,1.0,0.409,0.44532,0.78
2985,,0.75787,0.441,1.0,1.0,1.0,0.399,0.36461,0.67
2986,,0.67716,0.431,1.0,1.0,1.0,0.389,0.2839,0.56
2987,,0.59645,0.421,1.0,1.0,1.0,0.379,0.20319,0.45
2988,,0.51574,0.411,1.0,1.0,1.0,0.369,0.12248,0.34
2989,,0.43503,0.401,1.0,1.0,1.0,0.359,0.04177,0.23
2990,,0.35432,0.391,1.0,1.0,1.0,0.349,-0.03894,0.12
2991,7,0.28361,0.32,0.97071,1.0,1.0,0.42,1.0,0.091
2992,,0.2029,0.31,1.0,1.0,1.0,0.41,0.91929,-0.019
2993,8,0.20319,0.31,0.99971,1.0,0.99971,0.41,0.91958,1.0
2994,,0.12248,0.3,1.0,1.0,1.0,0.4,0.83887,0.89
2995,,0.04177,0.29,1.0,1.0,1.0,0.39,0.75816,0.78
2996,,-0.03894,0.28,1.0,1.0,1.0,0.38,0.67745,0.67
2997,1,1.0,0.351,1.0,1.0,0.97071,0.309,0.60674,0.641
2998,,0.91929,0.341,1.0,1.0,1.0,0.299,0.52603,0.531
2999,,0.83858,0.331,1.0,1.0,1.0,0.289,0.44532,0.421
3000,,0.75787,0.321,1.0,1.0,1.0,0.279,0.36461,0.311
3001,,0.67716,0.311,1.0,1.0,1.0,0.269,0.2839,0.201
3002,,0.59645,0.301,1.0,1.0,1.0,0.259,0.20319,0.091
3003,,0.51574,0.291,1.0,1.0,1.0,0.249,0.12248,-0.019
3004,8,0.51603,0.291,0.99971,1.0,0.99971,0.249,0.12277,1.0
3005,,0.43532,0.281,1.0,1.0,1.0,0.239,0.04206,0.89
3006,,0.35461,0.271,1.0,1.0,1.0,0.229,-0.03865,0.78
3007,7,0.2839,0.2,0.97071,1.0,1.0,0.3,1.0,0.751
3008,,0.20319,0.19,1.0,1.0,1.0,0.29,0.91929,0.641
3009,,0.12248,0.18,1.0,1.0,1.0,0.28,0.83858,0.531
3010,,0.04177,0.17,1.0,1.0,1.0,0.27,0.75787,0.421
3011,,-0.03894,0.16,1.0,1.0,1.0,0.26,0.67716,0.311
3012,1,1.0,0.231,1.0,1.0,0.97071,0.189,0.60645,0.282
3013,,0.91929,0.221,1.0,1.0,1.0,0.179,0.52574,0.172
3014,,0.83858,0.211,1.0,1.0,1.0,0.169,0.44503,0.062
3015,,0.75787,0.201,1.0,1.0,1.0,0.159,0.36432,-0.048
3016,8,0.75816,0.201,0.99971,1.0,0.99971,0.159,0.36461,1.0
3017,,0.67745,0.191,1.0,1.0,1.0,0.149,0.2839,0.89
3018,,0.59674,0.181,1.0,1.0,1.0,0.139,0.20319,0.78
3019,,0.51603,0.171,1.0,1.0,1.0,0.129,0.12248,0.67
3020,,0.43532,0.161,1.0,1.0,1.0,0.119,0.04177,0.56
3021,,0.35461,0.151,1.0,1.0,1.0,0.109,-0.03894,0.45
3022,7,0.2839,0.08,0.97071,1.0,1.0,0.18,1.0,0.421
3023,,0.20319,0.07,1.0,1.0,1.0,0.17,0.91929,0.311
3024,,0.12248,0.06,1.0,1.0,1.0,0.16,0.83858,0.201
3025,,0.04177,0.05,1.0,1.0,1.0,0.15,0.75787,0.091
3026,,-0.03894,0.04,1.0,1.0,1.0,0.14,0.67716,-0.019
3027,1,1.0,0.111,1.0,1.0,0.97071,0.069,0.60645,-0.048
3028,8,1.0,0.111,0.99971,1.0,0.97042,0.069,0.60674,1.0
3029,,0.91929,0.101,1.0,1.0,1.0,0.059,0.52603,0.89
3030,,0.83858,0.091,1.0,1.0,1.0,0.049,0.44532,0.78
3031,,0.75787,0.081,1.0,1.0,1.0,0.039,0.36461,0.67
3032,,0.67716,0.071,1.0,1.0,1.0,0.029,0.2839,0.56
3033,,0.59645,0.061,1.0,1.0,1.0,0.019,0.20319,0.45
3034,,0.51574,0.051,1.0,1.0,1.0,0.009,0.12248,0.34
3035,,0.43503,0.041,1.0,1.0,1.0,-0.001,0.04177,0.23
3036,6,0.29332,-0.059,0.99971,1.0,1.0,1.0,0.04206,0.13
3037,2,0.29361,1.0,1.0,1.0,0.99971,0.9,-0.09965,0.03
3038,7,0.2229,0.929,0.97071,1.0,1.0,0.971,1.0,0.001
3039,,0.14219,0.919,1.0,1.0,1.0,0.961,0.91929,-0.109
3040,8,0.14248,0.919,0.99971,1.0,0.99971,0.961,0.91958,1.0
3041,,0.06177,0.909,1.0,1.0,1.0,0.951,0.83887,0.89
3042,,-0.01894,0.899,1.0,1.0,1.0,0.941,0.75816,0.78
3043,1,1.0,0.97,1.0,1.0,0.97071,0.87,0.68745,0.751
3044,,0.91929,0.96,1.0,1.0,1.0,0.86,0.60674,0.641
3045,,0.83858,0.95,1.0,1.0,1.0,0.85,0.52603,0.531
3046,,0.75787,0.94,1.0,1.0,1.0,0.84,0.44532,0.421
3047,,0.67716,0.93,1.0,1.0,1.0,0.83,0.36461,0.311
3048,,0.59645,0.92,1.0,1.0,1.0,0.82,0.2839,0.201
3049,,0.51574,0.91,1.0,1.0,1.0,0.81,0.20319,0.091
3050,,0.43503,0.9,1.0,1.0,1.0,0.8,0.12248,-0.019
3051,8,0.43532,0.9,0.99971,1.0,0.99971,0.8,0.12277,1.0
3052,,0.35461,0.89,1.0,1.0,1.0,0.79,0.04206,0.89
3053,,0.2739,0.88,1.0,1.0,1.0,0.78,-0.03865,0.78
3054,7,0.20319,0.809,0.97071,1.0,1.0,0.851,1.0,0.751
3055,,0.12248,0.799,1.0,1.0,1.0,0.841,0.91929,0.641
3056,,0.04177,0.789,1.0,1.0,1.0,0.831,0.83858,0.531
3057,,-0.03894,0.779,1.0,1.0,1.0,0.821,0.75787,0.421
3058,1,1.0,0.85,1.0,1.0,0.97071,0.75,0.68716,0.392
3059,,0.91929,0.84,1.0,1.0,1.0,0.74,0.60645,0.282
3060,,0.83858,0.83,1.0,1.0,1.0,0.73,0.52574,0.172
3061,,0.75787,0.82,1.0,1.0,1.0,0.72,0.44503,0.062
3062,,0.67716,0.81,1.0,1.0,1.0,0.71,0.36432,-0.048
3063,8,0.67745,0.81,0.99971,1.0,0.99971,0.71,0.36461,1.0
3064,,0.59674,0.8,1.0,1.0,1.0,0.7,0.2839,0.89
3065,,0.51603,0.79,1.0,1.0,1.0,0.69,0.20319,0.78
3066,,0.43532,0.78,1.0,1.0,1.0,0.68,0.12248,0.67
3067,,0.35461,0.77,1.0,1.0,1.0,0.67,0.04177,0.56
3068,,0.2739,0.76,1.0,1.0,1.0,0.66,-0.03894,0.45
3069,7,0.20319,0.689,0.97071,1.0,1.0,0.731,1.0,0.421
3070,,0.12248,0.679,1.0,1.0,1.0,0.721,0.91929,0.311
3071,,0.04177,0.669,1.0,1.0,1.0,0.711,0.83858,0.201
3072,,-0.03894,0.659,1.0,1.0,1.0,0.701,0.75787,0.091
3073,1,1.0,0.73,1.0,1.0,0.97071,0.63,0.68716,0.062
3074,,0.91929,0.72,1.0,1.0,1.0,0.62,0.60645,-0.048
3075,8,0.91958,0.72,0.99971,1.0,0.99971,0.62,0.60674,1.0
3076,,0.83887,0.71,1.0,1.0,1.0,0.61,0.52603,0.89
3077,,0.75816,0.7,1.0,1.0,1.0,0.6,0.44532,0.78
3078,,0.67745,0.69,1.0,1.0,1.0,0.59,0.36461,0.67
3079,,0.59674,0.68,1.0,1.0,1.0,0.58,0.2839,0.56
3080,,0.51603,0.67,1.0,1.0,1.0,0.57,0.20319,0.45
3081,,0.43532,0.66,1.0,1.0,1.0,0.56,0.12248,0.34
3082,,0.35461,0.65,1.0,1.0,1.0,0.55,0.04177,0.23
3083,,0.2739,0.64,1.0,1.0,1.0,0.54,-0.03894,0.12
3084,7,0.20319,0.569,0.97071,1.0,1.0,0.611,1.0,0.091
3085,,0.12248,0.559,1.0,1.0,1.0,0.601,0.91929,-0.019
3086,8,0.12277,0.559,0.99971,1.0,0.99971,0.601,0.91958,1.0
3087,,0.04206,0.549,1.0,1.0,1.0,0.591,0.83887,0.89
3088,,-0.03865,0.539,1.0,1.0,1.0,0.581,0.75816,0.78
3089,1,1.0,0.61,1.0,1.0,0.97071,0.51,0.68745,0.751
3090,,0.91929,0.6,1.0,1.0,1.0,0.5,0.60674,0.641
3091,,0.83858,0.59,1.0,1.0,1.0,0.49,0.52603,0.531
3092,,0.75787,0.58,1.0,1.0,1.0,0.48,0.44532,0.421
3093,,0.67716,0.57,1.0,1.0,1.0,0.47,0.36461,0.311
3094,,0.59645,0.56,1.0,1.0,1.0,0.46,0.2839,0.201
3095,,0.51574,0.55,1.0,1.0,1.0,0.45,0.20319,0.091
3096,,0.43503,0.54,1.0,1.0,1.0,0.44,0.12248,-0.019
3097,8,0.43532,0.54,0.99971,1.0,0.99971,0.44,0.12277,1.0
3098,,0.35461,0.53,1.0,1.0,1.0,0.43,0.04206,0.89
3099,,0.2739,0.52,1.0,1.0,1.0,0.42,-0.03865,0.78
3100,7,0.20319,0.449,0.97071,1.0,1.0,0.491,1.0,0.751
3101,,0.12248,0.439,1.0,1.0,1.0,0.481,0.91929,0.641
3102,,0.04177,0.429,1.0,1.0,1.0,0.471,0.83858,0.531
3103,,-0.03894,0.419,1.0,1.0,1.0,0.461,0.75787,0.421
3104,1,1.0,0.49,1.0,1.0,0.97071,0.39,0.68716,0.392
3105,,0.91929,0.48,1.0,1.0,1.0,0.38,0.60645,0.282
3106,,0.83858,0.47,1.0,1.0,1.0,0.37,0.52574,0.172
3107,,0.75787,0.46,1.0,1.0,1.0,0.36,0.44503,0.062
3108,,0.67716,0.45,1.0,1.0,1.0,0.35,0.36432,-0.048
3109,8,0.67745,0.45,0.99971,1.0,0.99971,0.35,0.36461,1.0
3110,,0.59674,0.44,1.0,1.0,1.0,0.34,0.2839,0.89
3111,,0.51603,0.43,1.0,1.0,1.0,0.33,0.20319,0.78
3112,,0.43532,0.42,1.0,1.0,1.0,0.32,0.12248,0.67
3113,,0.35461,0.41,1.0,1.0,1.0,0.31,0.04177,0.56
3114,,0.2739,0.4,1.0,1.0,1.0,0.3,-0.03894,0.45
3115,7,0.20319,0.329,0.97071,1.0,1.0,0.371,1.0,0.421
3116,,0.12248,0.319,1.0,1.0,1.0,0.361,0.91929,0.311
3117,,0.04177,0.309,1.0,1.0,1.0,0.351,0.83858,0.201
3118,,-0.03894,0.299,1.0,1.0,1.0,0.341,0.75787,0.091
3119,1,1.0,0.37,1.0,1.0,0.97071,0.27,0.68716,0.062
3120,,0.91929,0.36,1.0,1.0,1.0,0.26,0.60645,-0.048
3121,8,0.91958,0.36,0.99971,1.0,0.99971,0.26,0.60674,1.0
3122,,0.83887,0.35,1.0,1.0,1.0,0.25,0.52603,0.89
3123,,0.75816,0.34,1.0,1.0,1.0,0.24,0.44532,0.78
3124,,0.67745,0.33,1.0,1.0,1.0,0.23,0.36461,0.67
3125,,0.59674,0.32,1.0,1.0,1.0,0.22,0.2839,0.56
3126,,0.51603,0.31,1.0,1.0,1.0,0.21,0.20319,0.45
3127,,0.43532,0.3,1.0,1.0,1.0,0.2,0.12248,0.34
3128,,0.35461,0.29,1.0,1.0,1.0,0.19,0.04177,0.23
3129,,0.2739,0.28,1.0,1.0,1.0,0.18,-0.03894,0.12
3130,7,0.20319,0.209,0.97071,1.0,1.0,0.251,1.0,0.091
3131,,0.12248,0.199,1.0,1.0,1.0,0.241,0.91929,-0.019
3132,8,0.12277,0.199,0.99971,1.0,0.99971,0.241,0.91958,1.0
3133,,0.04206,0.189,1.0,1.0,1.0,0.231,0.83887,0.89
3134,,-0.03865,0.179,1.0,1.0,1.0,0.221,0.75816,0.78
3135,1,1.0,0.25,1.0,1.0,0.97071,0.15,0.68745,0.751
3136,,0.91929,0.24,1.0,1.0,1.0,0.14,0.60674,0.641
3137,,0.83858,0.23,1.0,1.0,1.0,0.13,0.52603,0.531
3138,,0.75787,0.22,1.0,1.0,1.0,0.12,0.44532,0.421
3139,,0.67716,0.21,1.0,1.0,1.0,0.11,0.36461,0.311
3140,,0.59645,0.2,1.0,1.0,1.0,0.1,0.2839,0.201
3141,,0.51574,0.19,1.0,1.0,1.0,0.09,0.20319,0.091
3142,,0.43503,0.18,1.0,1.0,1.0,0.08,0.12248,-0.019
3143,8,0.43532,0.18,0.99971,1.0,0.99971,0.08,0.12277,1.0
3144,,0.35461,0.17,1.0,1.0,1.0,0.07,0.04206,0.89
3145,,0.2739,0.16,1.0,1.0,1.0,0.06,-0.03865,0.78
3146,7,0.20319,0.089,0.97071,1.0,1.0,0.131,1.0,0.751
3147,,0.12248,0.079,1.0,1.0,1.0,0.121,0.91929,0.641
3148,,0.04177,0.069,1.0,1.0,1.0,0.111,0.83858,0.531
3149,,-0.03894,0.059,1.0,1.0,1.0,0.101,0.75787,0.421
3150,1,1.0,0.13,1.0,1.0,0.97071,0.03,0.68716,0.392
3151,,0.91929,0.12,1.0,1.0,1.0,0.02,0.60645,0.282
3152,,0.83858,0.11,1.0,1.0,1.0,0.01,0.52574,0.172
3153,,0.75787,0.1,1.0,1.0,1.0,-0.0,0.44503,0.062
3154,,0.67716,0.09,1.0,1.0,1.0,-0.01,0.36432,-0.048
3155,8,0.67745,0.09,0.99971,1.0,0.99971,-0.01,0.36461,1.0
3156,6,0.53574,-0.01,0.99942,1.0,1.0,1.0,0.3649,0.9
3157,2,0.53603,1.0,1.0,1.0,0.99971,0.9,0.22319,0.8
3158,,0.45532,0.99,1.0,1.0,1.0,0.89,0.14248,0.69
3159,,0.37461,0.98,1.0,1.0,1.0,0.88,0.06177,0.58
3160,,0.2939,0.97,1.0,1.0,1.0,0.87,-0.01894,0.47
3161,7,0.22319,0.899,0.97071,1.0,1.0,0.941,1.0,0.441
3162,,0.14248,0.889,1.0,1.0,1.0,0.931,0.91929,0.331
3163,,0.06177,0.879,1.0,1.0,1.0,0.921,0.83858,0.221
3164,,-0.01894,0.869,1.0,1.0,1.0,0.911,0.75787,0.111
3165,1,1.0,0.94,1.0,1.0,0.97071,0.84,0.68716,0.082
3166,,0.91929,0.93,1.0,1.0,1.0,0.83,0.60645,-0.028
3167,8,0.91958,0.93,0.99971,1.0,0.99971,0.83,0.60674,1.0
3168,,0.83887,0.92,1.0,1.0,1.0,0.82,0.52603,0.89
3169,,0.75816,0.91,1.0,1.0,1.0,0.81,0.44532,0.78
3170,,0.67745,0.9,1.0,1.0,1.0,0.8,0.36461,0.67
3171,,0.59674,0.89,1.0,1.0,1.0,0.79,0.2839,0.56
3172,,0.51603,0.88,1.0,1.0,1.0,0.78,0.20319,0.45
3173,,0.43532,0.87,1.0,1.0,1.0,0.77,0.12248,0.34
3174,,0.35461,0.86,1.0,1.0,1.0,0.76,0.04177,0.23
3175,,0.2739,0.85,1.0,1.0,1.0,0.75,-0.03894,0.12
3176,7,0.20319,0.779,0.97071,1.0,1.0,0.821,1.0,0.091
3177,,0.12248,0.769,1.0,1.0,1.0,0.811,0.91929,-0.019
3178,8,0.12277,0.769,0.99971,1.0,0.99971,0.811,0.91958,1.0
3179,,0.04206,0.759,1.0,1.0,1.0,0.801,0.83887,0.89
3180,,-0.03865,0.749,1.0,1.0,1.0,0.791,0.75816,0.78
3181,1,1.0,0.82,1.0,1.0,0.97071,0.72,0.68745,0.751
3182,,0.91929,0.81,1.0,1.0,1.0,0.71,0.60674,0.641
3183,,0.83858,0.8,1.0,1.0,1.0,0.7,0.52603,0.531
3184,,0.75787,0.79,1.0,1.0,1.0,0.69,0.44532,0.421
3185,,0.67716,0.78,1.0,1.0,1.0,0.68,0.36461,0.311
3186,,0.59645,0.77,1.0,1.0,1.0,0.67,0.2839,0.201
3187,,0.51574,0.76,1.0,1.0,1.0,0.66,0.20319,0.091
3188,,0.43503,0.75,1.0,1.0,1.0,0.65,0.12248,-0.019
3189,8,0.43532,0.75,0.99971,1.0,0.99971,0.65,0.12277,1.0
3190,,0.35461,0.74,1.0,1.0,1.0,0.64,0.04206,0.89
3191,,0.2739,0.73,1.0,1.0,1.0,0.63,-0.03865,0.78
3192,7,0.20319,0.659,0.97071,1.0,1.0,0.701,1.0,0.751
3193,,0.12248,0.649,1.0,1.0,1.0,0.691,0.91929,0.641
3194,,0.04177,0.639,1.0,1.0,1.0,0.681,0.83858,0.531
3195,,-0.03894,0.629,1.0,1.0,1.0,0.671,0.75787,0.421
3196,1,1.0,0.7,1.0,1.0,0.97071,0.6,0.68716,0.392
3197,,0.91929,0.69,1.0,1.0,1.0,0.59,0.60645,0.282
3198,,0.83858,0.68,1.0,1.0,1.0,0.58,0.52574,0.172
3199,,0.75787,0.67,1.0,1.0,1.0,0.57,0.44503,0.062
3200,,0.67716,0.66,1.0,1.0,1.0,0.56,0.36432,-0.048
3201,8,0.67745,0.66,0.99971,1.0,0.99971,0.56,0.36461,1.0
3202,,0.59674,0.65,1.0,1.0,1.0,0.55,0.2839,0.89
3203,,0.51603,0.64,1.0,1.0,1.0,0.54,0.20319,0.78
3204,,0.43532,0.63,1.0,1.0,1.0,0.53,0.12248,0.67
3205,,0.35461,0.62,1.0,1.0,1.0,0.52,0.04177,0.56
3206,,0.2739,0.61,1.0,1.0,1.0,0.51,-0.03894,0.45
3207,7,0.20319,0.539,0.97071,1.0,1.0,0.581,1.0,0.421
3208,,0.12248,0.529,1.0,1.0,1.0,0.571,0.91929,0.311
3209,,0.04177,0.519,1.0,1.0,1.0,0.561,0.83858,0.201
3210,,-0.03894,0.509,1.0,1.0,1.0,0.551,0.75787,0.091
3211,1,1.0,0.58,1.0,1.0,0.97071,0.48,0.68716,0.062
3212,,0.91929,0.57,1.0,1.0,1.0,0.47,0.60645,-0.048
3213,8,0.91958,0.57,0.99971,1.0,0.99971,0.47,0.60674,1.0
3214,,0.83887,0.56,1.0,1.0,1.0,0.46,0.52603,0.89
3215,,0.75816,0.55,1.0,1.0,1.0,0.45,0.44532,0.78
3216,,0.67745,0.54,1.0,1.0,1.0,0.44,0.36461,0.67
3217,,0.59674,0.53,1.0,1.0,1.0,0.43,0.2839,0.56
3218,,0.51603,0.52,1.0,1.0,1.0,0.42,0.20319,0.45
3219,,0.43532,0.51,1.0,1.0,1.0,0.41,0.12248,0.34
3220,,0.35461,0.5,1.0,1.0,1.0,0.4,0.04177,0.23
3221,,0.2739,0.49,1.0,1.0,1.0,0.39,-0.03894,0.12
3222,7,0.20319,0.419,0.97071,1.0,1.0,0.461,1.0,0.091
3223,,0.12248,0.409,1.0,1.0,1.0,0.451,0.91929,-0.019
3224,8,0.12277,0.409,0.99971,1.0,0.99971,0.451,0.91958,1.0
3225,,0.04206,0.399,1.0,1.0,1.0,0.441,0.83887,0.89
3226,,-0.03865,0.389,1.0,1.0,1.0,0.431,0.75816,0.78
3227,1,1.0,0.46,1.0,1.0,0.97071,0.36,0.68745,0.751
3228,,0.91929,0.45,1.0,1.0,1.0,0.35,0.60674,0.641
3229,,0.83858,0.44,1.0,1.0,1.0,0.34,0.52603,0.531
3230,,0.75787,0.43,1.0,1.0,1.0,0.33,0.44532,0.421
3231,,0.67716,0.42,1.0,1.0,1.0,0.32,0.36461,0.311
3232,,0.59645,0.41,1.0,1.0,1.0,0.31,0.2839,0.201
3233,,0.51574,0.4,1.0,1.0,1.0,0.3,0.20319,0.091
3234,,0.43503,0.39,1.0,1.0,1.0,0.29,0.12248,-0.019
3235,8,0.43532,0.39,0.99971,1.0,0.99971,0.29,0.12277,1.0
3236,,0.35461,0.38,1.0,1.0,1.0,0.28,0.04206,0.89
3237,,0.2739,0.37,1.0,1.0,1.0,0.27,-0.03865,0.78
3238,7,0.20319,0.299,0.97071,1.0,1.0,0.341,1.0,0.751
3239,,0.12248,0.289,1.0,1.0,1.0,0.331,0.91929,0.641
3240,,0.04177,0.279,1.0,1.0,1.0,0.321,0.83858,0.531
3241,,-0.03894,0.269,1.0,1.0,1.0,0.311,0.75787,0.421
3242,1,1.0,0.34,1.0,1.0,0.97071,0.24,0.68716,0.392
3243,,0.91929,0.33,1.0,1.0,1.0,0.23,0.60645,0.282
3244,,0.83858,0.32,1.0,1.0,1.0,0.22,0.52574,0.172
3245,,0.75787,0.31,1.0,1.0,1.0,0.21,0.44503,0.062
3246,,0.67716,0.3,1.0,1.0,1.0,0.2,0.36432,-0.048
3247,8,0.67745,0.3,0.99971,1.0,0.99971,0.2,0.36461,1.0
3248,,0.59674,0.29,1.0,1.0,1.0,0.19,0.2839,0.89
3249,,0.51603,0.28,1.0,1.0,1.0,0.18,0.20319,0.78
3250,,0.43532,0.27,1.0,1.0,1.0,0.17,0.12248,0.67
3251,,0.35461,0.26,1.0,1.0,1.0,0.16,0.04177,0.56
3252,,0.2739,0.25,1.0,1.0,1.0,0.15,-0.03894,0.45
3253,7,0.20319,0.179,0.97071,1.0,1.0,0.221,1.0,0.421
3254,,0.12248,0.169,1.0,1.0,1.0,0.211,0.91929,0.311
3255,,0.04177,0.159,1.0,1.0,1.0,0.201,0.83858,0.201
3256,,-0.03894,0.149,1.0,1.0,1.0,0.191,0.75787,0.091
3257,1,1.0,0.22,1.0,1.0,0.97071,0.12,0.68716,0.062
3258,,0.91929,0.21,1.0,1.0,1.0,0.11,0.60645,-0.048
3259,8,0.91958,0.21,0.99971,1.0,0.99971,0.11,0.60674,1.0
3260,,0.83887,0.2,1.0,1.0,1.0,0.1,0.52603,0.89
3261,,0.75816,0.19,1.0,1.0,1.0,0.09,0.44532,0.78
3262,,0.67745,0.18,1.0,1.0,1.0,0.08,0.36461,0.67
3263,,0.59674,0.17,1.0,1.0,1.0,0.07,0.2839,0.56
3264,,0.51603,0.16,1.0,1.0,1.0,0.06,0.20319,0.45
3265,,0.43532,0.15,1.0,1.0,1.0,0.05,0.12248,0.34
3266,,0.35461,0.14,1.0,1.0,1.0,0.04,0.04177,0.23
3267,,0.2739,0.13,1.0,1.0,1.0,0.03,-0.03894,0.12
3268,7,0.20319,0.059,0.97071,1.0,1.0,0.101,1.0,0.091
3269,,0.12248,0.049,1.0,1.0,1.0,0.091,0.91929,-0.019
3270,8,0.12277,0.049,0.99971,1.0,0.99971,0.091,0.91958,1.0
3271,,0.04206,0.039,1.0,1.0,1.0,0.081,0.83887,0.89
3272,,-0.03865,0.029,1.0,1.0,1.0,0.071,0.75816,0.78
3273,1,1.0,0.1,1.0,1.0,0.97071,-0.0,0.68745,0.751
3274,,0.91929,0.09,1.0,1.0,1.0,-0.01,0.60674,0.641
3275,6,0.77758,-0.01,0.99971,1.0,1.0,1.0,0.60703,0.541
3276,2,0.77787,1.0,1.0,1.0,0.99971,0.9,0.46532,0.441
3277,,0.69716,0.99,1.0,1.0,1.0,0.89,0.38461,0.331
3278,,0.61645,0.98,1.0,1.0,1.0,0.88,0.3039,0.221
3279,,0.53574,0.97,1.0,1.0,1.0,0.87,0.22319,0.111
3280,,0.45503,0.96,1.0,1.0,1.0,0.86,0.14248,0.001
3281,,0.37432,0.95,1.0,1.0,1.0,0.85,0.06177,-0.109
3282,8,0.37461,0.95,0.99971,1.0,0.99971,0.85,0.06206,1.0
3283,,0.2939,0.94,1.0,1.0,1.0,0.84,-0.01865,0.89
3284,7,0.22319,0.869,0.97071,1.0,1.0,0.911,1.0,0.861
3285,,0.14248,0.859,1.0,1.0,1.0,0.901,0.91929,0.751
3286,,0.06177,0.849,1.0,1.0,1.0,0.891,0.83858,0.641
3287,,-0.01894,0.839,1.0,1.0,1.0,0.881,0.75787,0.531
3288,1,1.0,0.91,1.0,1.0,0.97071,0.81,0.68716,0.502
3289,,0.91929,0.9,1.0,1.0,1.0,0.8,0.60645,0.392
3290,,0.83858,0.89,1.0,1.0,1.0,0.79,0.52574,0.282
3291,,0.75787,0.88,1.0,1.0,1.0,0.78,0.44503,0.172
3292,,0.67716,0.87,1.0,1.0,1.0,0.77,0.36432,0.062
3293,,0.59645,0.86,1.0,1.0,1.0,0.76,0.28361,-0.048
3294,8,0.59674,0.86,0.99971,1.0,0.99971,0.76,0.2839,1.0
3295,,0.51603,0.85,1.0,1.0,1.0,0.75,0.20319,0.89
3296,,0.43532,0.84,1.0,1.0,1.0,0.74,0.12248,0.78
3297,,0.35461,0.83,1.0,1.0,1.0,0.73,0.04177,0.67
3298,,0.2739,0.82,1.0,1.0,1.0,0.72,-0.03894,0.56
3299,7,0.20319,0.749,0.97071,1.0,1.0,0.791,1.0,0.531
3300,,0.12248,0.739,1.0,1.0,1.0,0.781,0.91929,0.421
3301,,0.04177,0.729,1.0,1.0,1.0,0.771,0.83858,0.311
3302,,-0.03894,0.719,1.0,1.0,1.0,0.761,0.75787,0.201
3303,1,1.0,0.79,1.0,1.0,0.97071,0.69,0.68716,0.172
3304,,0.91929,0.78,1.0,1.0,1.0,0.68,0.60645,0.062
3305,,0.83858,0.77,1.0,1.0,1.0,0.67,0.52574,-0.048
3306,8,0.83887,0.77,0.99971,1.0,0.99971,0.67,0.52603,1.0
3307,,0.75816,0.76,1.0,1.0,1.0,0.66,0.44532,0.89
3308,,0.67745,0.75,1.0,1.0,1.0,0.65,0.36461,0.78
3309,,0.59674,0.74,1.0,1.0,1.0,0.64,0.2839,0.67
3310,,0.51603,0.73,1.0,1.0,1.0,0.63,0.20319,0.56
3311,,0.43532,0.72,1.0,1.0,1.0,0.62,0.12248,0.45
3312,,0.35461,0.71,1.0,1.0,1.0,0.61,0.04177,0.34
3313,,0.2739,0.7,1.0,1.0,1.0,0.6,-0.03894,0.23
3314,7,0.20319,0.629,0.97071,1.0,1.0,0.671,1.0,0.201
3315,,0.12248,0.619,1.0,1.0,1.0,0.661,0.91929,0.091
3316,,0.04177,0.609,1.0,1.0,1.0,0.651,0.83858,-0.019
3317,8,0.04206,0.609,0.99971,1.0,0.99971,0.651,0.83887,1.0
3318,,-0.03865,0.599,1.0,1.0,1.0,0.641,0.75816,0.89
3319,1,1.0,0.67,1.0,1.0,0.97071,0.57,0.68745,0.861
3320,,0.91929,0.66,1.0,1.0,1.0,0.56,0.60674,0.751
3321,,0.83858,0.65,1.0,1.0,1.0,0.55,0.52603,0.641
3322,,0.75787,0.64,1.0,1.0,1.0,0.54,0.44532,0.531
3323,,0.67716,0.63,1.0,1.0,1.0,0.53,0.36461,0.421
3324,,0.59645,0.62,1.0,1.0,1.0,0.52,0.2839,0.311
3325,,0.51574,0.61,1.0,1.0,1.0,0.51,0.20319,0.201
3326,,0.43503,0.6,1.0,1.0,1.0,0.5,0.12248,0.091
3327,,0.35432,0.59,1.0,1.0,1.0,0.49,0.04177,-0.019
3328,8,0.35461,0.59,0.99971,1.0,0.99971,0.49,0.04206,1.0
3329,,0.2739,0.58,1.0,1.0,1.0,0.48,-0.03865,0.89
3330,7,0.20319,0.509,0.97071,1.0,1.0,0.551,1.0,0.861
3331,,0.12248,0.499,1.0,1.0,1.0,0.541,0.91929,0.751
3332,,0.04177,0.489,1.0,1.0,1.0,0.531,0.83858,0.641
3333,,-0.03894,0.479,1.0,1.0,1.0,0.521,0.75787,0.531
3334,1,1.0,0.55,1.0,1.0,0.97071,0.45,0.68716,0.502
3335,,0.91929,0.54,1.0,1.0,1.0,0.44,0.60645,0.392
3336,,0.83858,0.53,1.0,1.0,1.0,0.43,0.52574,0.282
3337,,0.75787,0.52,1.0,1.0,1.0,0.42,0.44503,0.172
3338,,0.67716,0.51,1.0,1.0,1.0,0.41,0.36432,0.062
3339,,0.59645,0.5,1.0,1.0,1.0,0.4,0.28361,-0.048
3340,8,0.59674,0.5,0.99971,1.0,0.99971,0.4,0.2839,1.0
3341,,0.51603,0.49,1.0,1.0,1.0,0.39,0.20319,0.89
3342,,0.43532,0.48,1.0,1.0,1.0,0.38,0.12248,0.78
3343,,0.35461,0.47,1.0,1.0,1.0,0.37,0.04177,0.67
3344,,0.2739,0.46,1.0,1.0,1.0,0.36,-0.03894,0.56
3345,7,0.20319,0.389,0.97071,1.0,1.0,0.431,1.0,0.531
3346,,0.12248,0.379,1.0,1.0,1.0,0.421,0.91929,0.421
3347,,0.04177,0.369,1.0,1.0,1.0,0.411,0.83858,0.311
3348,,-0.03894,0.359,1.0,1.0,1.0,0.401,0.75787,0.201
3349,1,1.0,0.43,1.0,1.0,0.97071,0.33,0.68716,0.172
3350,,0.91929,0.42,1.0,1.0,1.0,0.32,0.60645,0.062
3351,,0.83858,0.41,1.0,1.0,1.0,0.31,0.52574,-0.048
3352,8,0.83887,0.41,0.99971,1.0,0.99971,0.31,0.52603,1.0
3353,,0.75816,0.4,1.0,1.0,1.0,0.3,0.44532,0.89
3354,,0.67745,0.39,1.0,1.0,1.0,0.29,0.36461,0.78
3355,,0.59674,0.38,1.0,1.0,1.0,0.28,0.2839,0.67
3356,,0.51603,0.37,1.0,1.0,1.0,0.27,0.20319,0.56
3357,,0.43532,0.36,1.0,1.0,1.0,0.26,0.12248,0.45
3358,,0.35461,0.35,1.0,1.0,1.0,0.25,0.04177,0.34
3359,,0.2739,0.34,1.0,1.0,1.0,0.24,-0.03894,0.23
3360,7,0.20319,0.269,0.97071,1.0,1.0,0.311,1.0,0.201
3361,,0.12248,0.259,1.0,1.0,1.0,0.301,0.91929,0.091
3362,,0.04177,0.249,1.0,1.0,1.0,0.291,0.83858,-0.019
3363,8,0.04206,0.249,0.99971,1.0,0.99971,0.291,0.83887,1.0
3364,,-0.03865,0.239,1.0,1.0,1.0,0.281,0.75816,0.89
3365,1,1.0,0.31,1.0,1.0,0.97071,0.21,0.68745,0.861
3366,,0.91929,0.3,1.0,1.0,1.0,0.2,0.60674,0.751
3367,,0.83858,0.29,1.0,1.0,1.0,0.19,0.52603,0.641
3368,,0.75787,0.28,1.0,1.0,1.0,0.18,0.44532,0.531
3369,,0.67716,0.27,1.0,1.0,1.0,0.17,0.36461,0.421
3370,,0.59645,0.26,1.0,1.0,1.0,0.16,0.2839,0.311
3371,,0.51574,0.25,1.0,1.0,1.0,0.15,0.20319,0.201
3372,,0.43503,0.24,1.0,1.0,1.0,0.14,0.12248,0.091
3373,,0.35432,0.23,1.0,1.0,1.0,0.13,0.04177,-0.019
3374,8,0.35461,0.23,0.99971,1.0,0.99971,0.13,0.04206,1.0
3375,,0.2739,0.22,1.0,1.0,1.0,0.12,-0.03865,0.89
3376,7,0.20319,0.149,0.97071,1.0,1.0,0.191,1.0,0.861
3377,,0.12248,0.139,1.0,1.0,1.0,0.181,0.91929,0.751
3378,,0.04177,0.129,1.0,1.0,1.0,0.171,0.83858,0.641
3379,,-0.03894,0.119,1.0,1.0,1.0,0.161,0.75787,0.531
3380,1,1.0,0.19,1.0,1.0,0.97071,0.09,0.68716,0.502
3381,,0.91929,0.18,1.0,1.0,1.0,0.08,0.60645,0.392
3382,,0.83858,0.17,1.0,1.0,1.0,0.07,0.52574,0.282
3383,,0.75787,0.16,1.0,1.0,1.0,0.06,0.44503,0.172
3384,,0.67716,0.15,1.0,1.0,1.0,0.05,0.36432,0.062
3385,,0.59645,0.14,1.0,1.0,1.0,0.04,0.28361,-0.048
3386,8,0.59674,0.14,0.99971,1.0,0.99971,0.04,0.2839,1.0
3387,,0.51603,0.13,1.0,1.0,1.0,0.03,0.20319,0.89
3388,,0.43532,0.12,1.0,1.0,1.0,0.02,0.12248,0.78
3389,,0.35461,0.11,1.0,1.0,1.0,0.01,0.04177,0.67
3390,,0.2739,0.1,1.0,1.0,1.0,-0.0,-0.03894,0.56
3391,7,0.20319,0.029,0.97071,1.0,1.0,0.071,1.0,0.531
3392,,0.12248,0.019,1.0,1.0,1.0,0.061,0.91929,0.421
3393,,0.04177,0.009,1.0,1.0,1.0,0.051,0.83858,0.311
3394,,-0.03894,-0.001,1.0,1.0,1.0,0.041,0.75787,0.201
3395,1,1.0,0.07,1.0,1.0,0.97071,-0.03,0.68716,0.172
3396,6,0.85829,-0.03,0.99971,1.0,1.0,1.0,0.68745,0.072
3397,2,0.85858,1.0,1.0,1.0,0.99971,0.9,0.54574,-0.028
3398,8,0.85887,1.0,0.99971,1.0,0.99942,0.9,0.54603,1.0
3399,,0.77816,0.99,1.0,1.0,1.0,0.89,0.46532,0.89
3400,,0.69745,0.98,1.0,1.0,1.0,0.88,0.38461,0.78
3401,,0.61674,0.97,1.0,1.0,1.0,0.87,0.3039,0.67
3402,,0.53603,0.96,1.0,1.0,1.0,0.86,0.22319,0.56
3403,,0.45532,0.95,1.0,1.0,1.0,0.85,0.14248,0.45
3404,,0.37461,0.94,1.0,1.0,1.0,0.84,0.06177,0.34
3405,,0.2939,0.93,1.0,1.0,1.0,0.83,-0.01894,0.23
3406,7,0.22319,0.859,0.97071,1.0,1.0,0.901,1.0,0.201
3407,,0.14248,0.849,1.0,1.0,1.0,0.891,0.91929,0.091
3408,,0.06177,0.839,1.0,1.0,1.0,0.881,0.83858,-0.019
3409,8,0.06206,0.839,0.99971,1.0,0.99971,0.881,0.83887,1.0
3410,,-0.01865,0.829,1.0,1.0,1.0,0.871,0.75816,0.89
3411,1,1.0,0.9,1.0,1.0,0.97071,0.8,0.68745,0.861
3412,,0.91929,0.89,1.0,1.0,1.0,0.79,0.60674,0.751
3413,,0.83858,0.88,1.0,1.0,1.0,0.78,0.52603,0.641
3414,,0.75787,0.87,1.0,1.0,1.0,0.77,0.44532,0.531
3415,,0.67716,0.86,1.0,1.0,1.0,0.76,0.36461,0.421
3416,,0.59645,0.85,1.0,1.0,1.0,0.75,0.2839,0.311
3417,,0.51574,0.84,1.0,1.0,1.0,0.74,0.20319,0.201
3418,,0.43503,0.83,1.0,1.0,1.0,0.73,0.12248,0.091
3419,,0.35432,0.82,1.0,1.0,1.0,0.72,0.04177,-0.019
3420,8,0.35461,0.82,0.99971,1.0,0.99971,0.72,0.04206,1.0
3421,,0.2739,0.81,1.0,1.0,1.0,0.71,-0.03865,0.89
3422,7,0.20319,0.739,0.97071,1.0,1.0,0.781,1.0,0.861
3423,,0.12248,0.729,1.0,1.0,1.0,0.771,0.91929,0.751
3424,,0.04177,0.719,1.0,1.0,1.0,0.761,0.83858,0.641
3425,,-0.03894,0.709,1.0,1.0,1.0,0.751,0.75787,0.531
3426,1,1.0,0.78,1.0,1.0,0.97071,0.68,0.68716,0.502
3427,,0.91929,0.77,1.0,1.0,1.0,0.67,0.60645,0.392
3428,,0.83858,0.76,1.0,1.0,1.0,0.66,0.52574,0.282
3429,,0.75787,0.75,1.0,1.0,1.0,0.65,0.44503,0.172
3430,,0.67716,0.74,1.0,1.0,1.0,0.64,0.36432,0.062
3431,,0.59645,0.73,1.0,1.0,1.0,0.63,0.28361,-0.048
3432,8,0.59674,0.73,0.99971,1.0,0.99971,0.63,0.2839,1.0
3433,,0.51603,0.72,1.0,1.0,1.0,0.62,0.20319,0.89
3434,,0.43532,0.71,1.0,1.0,1.0,0.61,0.12248,0.78
3435,,0.35461,0.7,1.0,1.0,1.0,0.6,0.04177,0.67
3436,,0.2739,0.69,1.0,1.0,1.0,0.59,-0.03894,0.56
3437,7,0.20319,0.619,0.97071,1.0,1.0,0.661,1.0,0.531
3438,,0.12248,0.609,1.0,1.0,1.0,0.651,0.91929,0.421
3439,,0.04177,0.599,1.0,1.0,1.0,0.641,0.83858,0.311
3440,,-0.03894,0.589,1.0,1.0,1.0,0.631,0.75787,0.201
3441,1,1.0,0.66,1.0,1.0,0.97071,0.56,0.68716,0.172
3442,,0.91929,0.65,1.0,1.0,1.0,0.55,0.60645,0.062
3443,,0.83858,0.64,1.0,1.0,1.0,0.54,0.52574,-0.048
3444,8,0.83887,0.64,0.99971,1.0,0.99971,0.54,0.52603,1.0
3445,,0.75816,0.63,1.0,1.0,1.0,0.53,0.44532,0.89
3446,,0.67745,0.62,1.0,1.0,1.0,0.52,0.36461,0.78
3447,,0.59674,0.61,1.0,1.0,1.0,0.51,0.2839,0.67
3448,,0.51603,0.6,1.0,1.0,1.0,0.5,0.20319,0.56
3449,,0.43532,0.59,1.0,1.0,1.0,0.49,0.12248,0.45
3450,,0.35461,0.58,1.0,1.0,1.0,0.48,0.04177,0.34
3451,,0.2739,0.57,1.0,1.0,1.0,0.47,-0.03894,0.23
3452,7,0.20319,0.499,0.97071,1.0,1.0,0.541,1.0,0.201
3453,,0.12248,0.489,1.0,1.0,1.0,0.531,0.91929,0.091
3454,,0.04177,0.479,1.0,1.0,1.0,0.521,0.83858,-0.019
3455,8,0.04206,0.479,0.99971,1.0,0.99971,0.521,0.83887,1.0
3456,,-0.03865,0.469,1.0,1.0,1.0,0.511,0.75816,0.89
3457,1,1.0,0.54,1.0,1.0,0.97071,0.44,0.68745,0.861
3458,,0.91929,0.53,1.0,1.0,1.0,0.43,0.60674,0.751
3459,,0.83858,0.52,1.0,1.0,1.0,0.42,0.52603,0.641
3460,,0.75787,0.51,1.0,1.0,1.0,0.41,0.44532,0.531
3461,,0.67716,0.5,1.0,1.0,1.0,0.4,0.36461,0.421
3462,,0.59645,0.49,1.0,1.0,1.0,0.39,0.2839,0.311
3463,,0.51574,0.48,1.0,1.0,1.0,0.38,0.20319,0.201
3464,,0.43503,0.47,1.0,1.0,1.0,0.37,0.12248,0.091
3465,,0.35432,0.46,1.0,1.0,1.0,0.36,0.04177,-0.019
3466,8,0.35461,0.46,0.99971,1.0,0.99971,0.36,0.04206,1.0
3467,,0.2739,0.45,1.0,1.0,1.0,0.35,-0.03865,0.89
3468,7,0.20319,0.379,0.97071,1.0,1.0,0.421,1.0,0.861
3469,,0.12248,0.369,1.0,1.0,1.0,0.411,0.91929,0.751
3470,,0.04177,0.359,1.0,1.0,1.0,0.401,0.83858,0.641
3471,,-0.03894,0.349,1.0,1.0,1.0,0.391,0.75787,0.531
3472,1,1.0,0.42,1.0,1.0,0.97071,0.32,0.68716,0.502
3473,,0.91929,0.41,1.0,1.0,1.0,0.31,0.60645,0.392
3474,,0.83858,0.4,1.0,1.0,1.0,0.3,0.52574,0.282
3475,,0.75787,0.39,1.0,1.0,1.0,0.29,0.44503,0.172
3476,,0.67716,0.38,1.0,1.0,1.0,0.28,0.36432,0.062
3477,,0.59645,0.37,1.0,1.0,1.0,0.27,0.28361,-0.048
3478,8,0.59674,0.37,0.99971,1.0,0.99971,0.27,0.2839,1.0
3479,,0.51603,0.36,1.0,1.0,1.0,0.26,0.20319,0.89
3480,,0.43532,0.35,1.0,1.0,1.0,0.25,0.12248,0.78
3481,,0.35461,0.34,1.0,1.0,1.0,0.24,0.04177,0.67
3482,,0.2739,0.33,1.0,1.0,1.0,0.23,-0.03894,0.56
3483,7,0.20319,0.259,0.97071,1.0,1.0,0.301,1.0,0.531
3484,,0.12248,0.249,1.0,1.0,1.0,0.291,0.91929,0.421
3485,,0.04177,0.239,1.0,1.0,1.0,0.281,0.83858,0.311
3486,,-0.03894,0.229,1.0,1.0,1.0,0.271,0.75787,0.201
3487,1,1.0,0.3,1.0,1.0,0.97071,0.2,0.68716,0.172
3488,,0.91929,0.29,1.0,1.0,1.0,0.19,0.60645,0.062
3489,,0.83858,0.28,1.0,1.0,1.0,0.18,0.52574,-0.048
3490,8,0.83887,0.28,0.99971,1.0,0.99971,0.18,0.52603,1.0
3491,,0.75816,0.27,1.0,1.0,1.0,0.17,0.44532,0.89
3492,,0.67745,0.26,1.0,1.0,1.0,0.16,0.36461,0.78
3493,,0.59674,0.25,1.0,1.0,1.0,0.15,0.2839,0.67
3494,,0.51603,0.24,1.0,1.0,1.0,0.14,0.20319,0.56
3495,,0.43532,0.23,1.0,1.0,1.0,0.13,0.12248,0.45
3496,,0.35461,0.22,1.0,1.0,1.0,0.12,0.04177,0.34
3497,,0.2739,0.21,1.0,1.0,1.0,0.11,-0.03894,0.23
3498,7,0.20319,0.139,0.97071,1.0,1.0,0.181,1.0,0.201
3499,,0.12248,0.129,1.0,1.0,1.0,0.171,0.91929,0.091
3500,,0.04177,0.119,1.0,1.0,1.0,0.161,0.83858,-0.019
3501,8,0.04206,0.119,0.99971,1.0,0.99971,0.161,0.83887,1.0
3502,,-0.03865,0.109,1.0,1.0,1.0,0.151,0.75816,0.89
3503,1,1.0,0.18,1.0,1.0,0.97071,0.08,0.68745,0.861
3504,,0.91929,0.17,1.0,1.0,1.0,0.07,0.60674,0.751
3505,,0.83858,0.16,1.0,1.0,1.0,0.06,0.52603,0.641
3506,,0.75787,0.15,1.0,1.0,1.0,0.05,0.44532,0.531
3507,,0.67716,0.14,1.0,1.0,1.0,0.04,0.36461,0.421
3508,,0.59645,0.13,1.0,1.0,1.0,0.03,0.2839,0.311
3509,,0.51574,0.12,1.0,1.0,1.0,0.02,0.20319,0.201
3510,,0.43503,0.11,1.0,1.0,1.0,0.01,0.12248,0.091
3511,,0.35432,0.1,1.0,1.0,1.0,-0.0,0.04177,-0.019
3512,8,0.35461,0.1,0.99971,1.0,0.99971,-0.0,0.04206,1.0
3513,,0.2739,0.09,1.0,1.0,1.0,-0.01,-0.03865,0.89
3514,7,0.20319,0.019,0.97071,1.0,1.0,0.061,1.0,0.861
3515,,0.12248,0.009,1.0,1.0,1.0,0.051,0.91929,0.751
3516,,0.04177,-0.001,1.0,1.0,1.0,0.041,0.83858,0.641
3517,2,0.04206,1.0,1.0,1.0,0.99971,-0.059,0.69687,0.541
3518,6,-0.09965,0.9,0.99971,1.0,1.0,1.0,0.69716,0.441
3519,1,1.0,0.971,1.0,1.0,0.97071,0.929,0.62645,0.412
3520,,0.91929,0.961,1.0,1.0,1.0,0.919,0.54574,0.302
3521,,0.83858,0.951,1.0,1.0,1.0,0.909,0.46503,0.192
3522,,0.75787,0.941,1.0,1.0,1.0,0.899,0.38432,0.082
3523,,0.67716,0.931,1.0,1.0,1.0,0.889,0.30361,-0.028
3524,8,0.67745,0.931,0.99971,1.0,0.99971,0.889,0.3039,1.0
3525,,0.59674,0.921,1.0,1.0,1.0,0.879,0.22319,0.89
3526,,0.51603,0.911,1.0,1.0,1.0,0.869,0.14248,0.78
3527,,0.43532,0.901,1.0,1.0,1.0,0.859,0.06177,0.67
3528,,0.35461,0.891,1.0,1.0,1.0,0.849,-0.01894,0.56
3529,7,0.2839,0.82,0.97071,1.0,1.0,0.92,1.0,0.531
3530,,0.20319,0.81,1.0,1.0,1.0,0.91,0.91929,0.421
3531,,0.12248,0.8,1.0,1.0,1.0,0.9,0.83858,0.311
3532,,0.04177,0.79,1.0,1.0,1.0,0.89,0.75787,0.201
3533,,-0.03894,0.78,1.0,1.0,1.0,0.88,0.67716,0.091
3534,1,1.0,0.851,1.0,1.0,0.97071,0.809,0.60645,0.062
3535,,0.91929,0.841,1.0,1.0,1.0,0.799,0.52574,-0.048
3536,8,0.91958,0.841,0.99971,1.0,0.99971,0.799,0.52603,1.0
3537,,0.83887,0.831,1.0,1.0,1.0,0.789,0.44532,0.89
3538,,0.75816,0.821,1.0,1.0,1.0,0.779,0.36461,0.78
3539,,0.67745,0.811,1.0,1.0,1.0,0.769,0.2839,0.67
3540,,0.59674,0.801,1.0,1.0,1.0,0.759,0.20319,0.56
3541,,0.51603,0.791,1.0,1.0,1.0,0.749,0.12248,0.45
3542,,0.43532,0.781,1.0,1.0,1.0,0.739,0.04177,0.34
3543,,0.35461,0.771,1.0,1.0,1.0,0.729,-0.03894,0.23
3544,7,0.2839,0.7,0.97071,1.0,1.0,0.8,1.0,0.201
3545,,0.20319,0.69,1.0,1.0,1.0,0.79,0.91929,0.091
3546,,0.12248,0.68,1.0,1.0,1.0,0.78,0.83858,-0.019
3547,8,0.12277,0.68,0.99971,1.0,0.99971,0.78,0.83887,1.0
3548,,0.04206,0.67,1.0,1.0,1.0,0.77,0.75816,0.89
3549,,-0.03865,0.66,1.0,1.0,1.0,0.76,0.67745,0.78
3550,1,1.0,0.731,1.0,1.0,0.97071,0.689,0.60674,0.751
3551,,0.91929,0.721,1.0,1.0,1.0,0.679,0.52603,0.641
3552,,0.83858,0.711,1.0,1.0,1.0,0.669,0.44532,0.531
3553,,0.75787,0.701,1.0,1.0,1.0,0.659,0.36461,0.421
3554,,0.67716,0.691,1.0,1.0,1.0,0.649,0.2839,0.311
3555,,0.59645,0.681,1.0,1.0,1.0,0.639,0.20319,0.201
3556,,0.51574,0.671,1.0,1.0,1.0,0.629,0.12248,0.091
3557,,0.43503,0.661,1.0,1.0,1.0,0.619,0.04177,-0.019
3558,8,0.43532,0.661,0.99971,1.0,0.99971,0.619,0.04206,1.0
3559,,0.35461,0.651,1.0,1.0,1.0,0.609,-0.03865,0.89
3560,7,0.2839,0.58,0.97071,1.0,1.0,0.68,1.0,0.861
3561,,0.20319,0.57,1.0,1.0,1.0,0.67,0.91929,0.751
3562,,0.12248,0.56,1.0,1.0,1.0,0.66,0.83858,0.641
3563,,0.04177,0.55,1.0,1.0,1.0,0.65,0.75787,0.531
3564,,-0.03894,0.54,1.0,1.0,1.0,0.64,0.67716,0.421
3565,1,1.0,0.611,1.0,1.0,0.97071,0.569,0.60645,0.392
3566,,0.91929,0.601,1.0,1.0,1.0,0.559,0.52574,0.282
3567,,0.83858,0.591,1.0,1.0,1.0,0.549,0.44503,0.172
3568,,0.75787,0.581,1.0,1.0,1.0,0.539,0.36432,0.062
3569,,0.67716,0.571,1.0,1.0,1.0,0.529,0.28361,-0.048
3570,8,0.67745,0.571,0.99971,1.0,0.99971,0.529,0.2839,1.0
3571,,0.59674,0.561,1.0,1.0,1.0,0.519,0.20319,0.89
3572,,0.51603,0.551,1.0,1.0,1.0,0.509,0.12248,0.78
3573,,0.43532,0.541,1.0,1.0,1.0,0.499,0.04177,0.67
3574,,0.35461,0.531,1.0,1.0,1.0,0.489,-0.03894,0.56
3575,7,0.2839,0.46,0.97071,1.0,1.0,0.56,1.0,0.531
3576,,0.20319,0.45,1.0,1.0,1.0,0.55,0.91929,0.421
3577,,0.12248,0.44,1.0,1.0,1.0,0.54,0.83858,0.311
3578,,0.04177,0.43,1.0,1.0,1.0,0.53,0.75787,0.201
3579,,-0.03894,0.42,1.0,1.0,1.0,0.52,0.67716,0.091
3580,1,1.0,0.491,1.0,1.0,0.97071,0.449,0.60645,0.062
3581,,0.91929,0.481,1.0,1.0,1.0,0.439,0.52574,-0.048
3582,8,0.91958,0.481,0.99971,1.0,0.99971,0.439,0.52603,1.0
3583,,0.83887,0.471,1.0,1.0,1.0,0.429,0.44532,0.89
3584,,0.75816,0.461,1.0,1.0,1.0,0.419,0.36461,0.78
3585,,0.67745,0.451,1.0,1.0,1.0,0.409,0.2839,0.67
3586,,0.59674,0.441,1.0,1.0,1.0,0.399,0.20319,0.56
3587,,0.51603,0.431,1.0,1.0,1.0,0.389,0.12248,0.45
3588,,0.43532,0.421,1.0,1.0,1.0,0.379,0.04177,0.34
3589,,0.35461,0.411,1.0,1.0,1.0,0.369,-0.03894,0.23
3590,7,0.2839,0.34,0.97071,1.0,1.0,0.44,1.0,0.201
3591,,0.20319,0.33,1.0,1.0,1.0,0.43,0.91929,0.091
3592,,0.12248,0.32,1.0,1.0,1.0,0.42,0.83858,-0.019
3593,8,0.12277,0.32,0.99971,1.0,0.99971,0.42,0.83887,1.0
3594,,0.04206,0.31,1.0,1.0,1.0,0.41,0.75816,0.89
3595,,-0.03865,0.3,1.0,1.0,1.0,0.4,0.67745,0.78
3596,1,1.0,0.371,1.0,1.0,0.97071,0.329,0.60674,0.751
3597,,0.91929,0.361,1.0,1.0,1.0,0.319,0.52603,0.641
3598,,0.83858,0.351,1.0,1.0,1.0,0.309,0.44532,0.531
3599,,0.75787,0.341,1.0,1.0,1.0,0.299,0.36461,0.421
3600,,0.67716,0.331,1.0,1.0,1.0,0.289,0.2839,0.311
3601,,0.59645,0.321,1.0,1.0,1.0,0.279,0.20319,0.201
3602,,0.51574,0.311,1.0,1.0,1.0,0.269,0.12248,0.091
3603,,0.43503,0.301,1.0,1.0,1.0,0.259,0.04177,-0.019
3604,8,0.43532,0.301,0.99971,1.0,0.99971,0.259,0.04206,1.0
3605,,0.35461,0.291,1.0,1.0,1.0,0.249,-0.03865,0.89
3606,7,0.2839,0.22,0.97071,1.0,1.0,0.32,1.0,0.861
3607,,0.20319,0.21,1.0,1.0,1.0,0.31,0.91929,0.751
3608,,0.12248,0.2,1.0,1.0,1.0,0.3,0.83858,0.641
3609,,0.04177,0.19,1.0,1.0,1.0,0.29,0.75787,0.531
3610,,-0.03894,0.18,1.0,1.0,1.0,0.28,0.67716,0.421
3611,1,1.0,0.251,1.0,1.0,0.97071,0.209,0.60645,0.392
3612,,0.91929,0.241,1.0,1.0,1.0,0.199,0.52574,0.282
3613,,0.83858,0.231,1.0,1.0,1.0,0.189,0.44503,0.172
3614,,0.75787,0.221,1.0,1.0,1.0,0.179,0.36432,0.062
3615,,0.67716,0.211,1.0,1.0,1.0,0.169,0.28361,-0.048
3616,8,0.67745,0.211,0.99971,1.0,0.99971,0.169,0.2839,1.0
3617,,0.59674,0.201,1.0,1.0,1.0,0.159,0.20319,0.89
3618,,0.51603,0.191,1.0,1.0,1.0,0.149,0.12248,0.78
3619,,0.43532,0.181,1.0,1.0,1.0,0.139,0.04177,0.67
3620,,0.35461,0.171,1.0,1.0,1.0,0.129,-0.03894,0.56
3621,7,0.2839,0.1,0.97071,1.0,1.0,0.2,1.0,0.531
3622,,0.20319,0.09,1.0,1.0,1.0,0.19,0.91929,0.421
3623,,0.12248,0.08,1.0,1.0,1.0,0.18,0.83858,0.311
3624,,0.04177,0.07,1.0,1.0,1.0,0.17,0.75787,0.201
3625,,-0.03894,0.06,1.0,1.0,1.0,0.16,0.67716,0.091
3626,1,1.0,0.131,1.0,1.0,0.97071,0.089,0.60645,0.062
3627,,0.91929,0.121,1.0,1.0,1.0,0.079,0.52574,-0.048
3628,8,0.91958,0.121,0.99971,1.0,0.99971,0.079,0.52603,1.0
3629,,0.83887,0.111,1.0,1.0,1.0,0.069,0.44532,0.89
3630,,0.75816,0.101,1.0,1.0,1.0,0.059,0.36461,0.78
3631,,0.67745,0.091,1.0,1.0,1.0,0.049,0.2839,0.67
3632,,0.59674,0.081,1.0,1.0,1.0,0.039,0.20319,0.56
3633,,0.51603,0.071,1.0,1.0,1.0,0.029,0.12248,0.45
3634,,0.43532,0.061,1.0,1.0,1.0,0.019,0.04177,0.34
3635,,0.35461,0.051,1.0,1.0,1.0,0.009,-0.03894,0.23
3636,7,0.2839,-0.02,0.97071,1.0,1.0,0.08,1.0,0.201
3637,2,0.28419,1.0,1.0,1.0,0.99971,-0.02,0.85829,0.101
3638,6,0.14248,0.9,0.99971,1.0,1.0,1.0,0.85858,0.001
3639,,0.06177,0.89,1.0,1.0,1.0,0.99,0.77787,-0.109
3640,8,0.06206,0.89,0.99971,1.0,0.99971,0.99,0.77816,1.0
3641,,-0.01865,0.88,1.0,1.0,1.0,0.98,0.69745,0.89
3642,1,1.0,0.951,1.0,1.0,0.97071,0.909,0.62674,0.861
3643,,0.91929,0.941,1.0,1.0,1.0,0.899,0.54603,0.751
3644,,0.83858,0.931,1.0,1.0,1.0,0.889,0.46532,0.641
3645,,0.75787,0.921,1.0,1.0,1.0,0.879,0.38461,0.531
3646,,0.67716,0.911,1.0,1.0,1.0,0.869,0.3039,0.421
3647,,0.59645,0.901,1.0,1.0,1.0,0.859,0.22319,0.311
3648,,0.51574,0.891,1.0,1.0,1.0,0.849,0.14248,0.201
3649,,0.43503,0.881,1.0,1.0,1.0,0.839,0.06177,0.091
3650,,0.35432,0.871,1.0,1.0,1.0,0.829,-0.01894,-0.019
3651,8,0.35461,0.871,0.99971,1.0,0.99971,0.829,-0.01865,1.0
3652,7,0.2839,0.8,0.97042,1.0,1.0,0.9,1.0,0.971
3653,,0.20319,0.79,1.0,1.0,1.0,0.89,0.91929,0.861
3654,,0.12248,0.78,1.0,1.0,1.0,0.88,0.83858,0.751
3655,,0.04177,0.77,1.0,1.0,1.0,0.87,0.75787,0.641
3656,,-0.03894,0.76,1.0,1.0,1.0,0.86,0.67716,0.531
3657,1,1.0,0.831,1.0,1.0,0.97071,0.789,0.60645,0.502
3658,,0.91929,0.821,1.0,1.0,1.0,0.779,0.52574,0.392
3659,,0.83858,0.811,1.0,1.0,1.0,0.769,0.44503,0.282
3660,,0.75787,0.801,1.0,1.0,1.0,0.759,0.36432,0.172
3661,,0.67716,0.791,1.0,1.0,1.0,0.749,0.28361,0.062
3662,,0.59645,0.781,1.0,1.0,1.0,0.739,0.2029,-0.048
3663,8,0.59674,0.781,0.99971,1.0,0.99971,0.739,0.20319,1.0
3664,,0.51603,0.771,1.0,1.0,1.0,0.729,0.12248,0.89
3665,,0.43532,0.761,1.0,1.0,1.0,0.719,0.04177,0.78
3666,,0.35461,0.751,1.0,1.0,1.0,0.709,-0.03894,0.67
3667,7,0.2839,0.68,0.97071,1.0,1.0,0.78,1.0,0.641
3668,,0.20319,0.67,1.0,1.0,1.0,0.77,0.91929,0.531
3669,,0.12248,0.66,1.0,1.0,1.0,0.76,0.83858,0.421
3670,,0.04177,0.65,1.0,1.0,1.0,0.75,0.75787,0.311
3671,,-0.03894,0.64,1.0,1.0,1.0,0.74,0.67716,0.201
3672,1,1.0,0.711,1.0,1.0,0.97071,0.669,0.60645,0.172
3673,,0.91929,0.701,1.0,1.0,1.0,0.659,0.52574,0.062
3674,,0.83858,0.691,1.0,1.0,1.0,0.649,0.44503,-0.048
3675,8,0.83887,0.691,0.99971,1.0,0.99971,0.649,0.44532,1.0
3676,,0.75816,0.681,1.0,1.0,1.0,0.639,0.36461,0.89
3677,,0.67745,0.671,1.0,1.0,1.0,0.629,0.2839,0.78
3678,,0.59674,0.661,1.0,1.0,1.0,0.619,0.20319,0.67
3679,,0.51603,0.651,1.0,1.0,1.0,0.609,0.12248,0.56
3680,,0.43532,0.641,1.0,1.0,1.0,0.599,0.04177,0.45
3681,,0.35461,0.631,1.0,1.0,1.0,0.589,-0.03894,0.34
3682,7,0.2839,0.56,0.97071,1.0,1.0,0.66,1.0,0.311
3683,,0.20319,0.55,1.0,1.0,1.0,0.65,0.91929,0.201
3684,,0.12248,0.54,1.0,1.0,1.0,0.64,0.83858,0.091
3685,,0.04177,0.53,1.0,1.0,1.0,0.63,0.75787,-0.019
3686,8,0.04206,0.53,0.99971,1.0,0.99971,0.63,0.75816,1.0
3687,,-0.03865,0.52,1.0,1.0,1.0,0.62,0.67745,0.89
3688,1,1.0,0.591,1.0,1.0,0.97071,0.549,0.60674,0.861
3689,,0.91929,0.581,1.0,1.0,1.0,0.539,0.52603,0.751
3690,,0.83858,0.571,1.0,1.0,1.0,0.529,0.44532,0.641
3691,,0.75787,0.561,1.0,1.0,1.0,0.519,0.36461,0.531
3692,,0.67716,0.551,1.0,1.0,1.0,0.509,0.2839,0.421
3693,,0.59645,0.541,1.0,1.0,1.0,0.499,0.20319,0.311
3694,,0.51574,0.531,1.0,1.0,1.0,0.489,0.12248,0.201
3695,,0.43503,0.521,1.0,1.0,1.0,0.479,0.04177,0.091
3696,,0.35432,0.511,1.0,1.0,1.0,0.469,-0.03894,-0.019
3697,7,0.28361,0.44,0.97071,1.0,1.0,0.54,1.0,-0.048
3698,8,0.2839,0.44,0.97042,1.0,0.99971,0.54,1.0,1.0
3699,,0.20319,0.43,1.0,1.0,1.0,0.53,0.91929,0.89
3700,,0.12248,0.42,1.0,1.0,1.0,0.52,0.83858,0.78
3701,,0.04177,0.41,1.0,1.0,1.0,0.51,0.75787,0.67
3702,,-0.03894,0.4,1.0,1.0,1.0,0.5,0.67716,0.56
3703,1,1.0,0.471,1.0,1.0,0.97071,0.429,0.60645,0.531
3704,,0.91929,0.461,1.0,1.0,1.0,0.419,0.52574,0.421
3705,,0.83858,0.451,1.0,1.0,1.0,0.409,0.44503,0.311
3706,,0.75787,0.441,1.0,1.0,1.0,0.399,0.36432,0.201
3707,,0.67716,0.431,1.0,1.0,1.0,0.389,0.28361,0.091
3708,,0.59645,0.421,1.0,1.0,1.0,0.379,0.2029,-0.019
3709,8,0.59674,0.421,0.99971,1.0,0.99971,0.379,0.20319,1.0
3710,,0.51603,0.411,1.0,1.0,1.0,0.369,0.12248,0.89
3711,,0.43532,0.401,1.0,1.0,1.0,0.359,0.04177,0.78
3712,,0.35461,0.391,1.0,1.0,1.0,0.349,-0.03894,0.67
3713,7,0.2839,0.32,0.97071,1.0,1.0,0.42,1.0,0.641
3714,,0.20319,0.31,1.0,1.0,1.0,0.41,0.91929,0.531
3715,,0.12248,0.3,1.0,1.0,1.0,0.4,0.83858,0.421
3716,,0.04177,0.29,1.0,1.0,1.0,0.39,0.75787,0.311
3717,,-0.03894,0.28,1.0,1.0,1.0,0.38,0.67716,0.201
3718,1,1.0,0.351,1.0,1.0,0.97071,0.309,0.60645,0.172
3719,,0.91929,0.341,1.0,1.0,1.0,0.299,0.52574,0.062
3720,,0.83858,0.331,1.0,1.0,1.0,0.289,0.44503,-0.048
3721,8,0.83887,0.331,0.99971,1.0,0.99971,0.289,0.44532,1.0
3722,,0.75816,0.321,1.0,1.0,1.0,0.279,0.36461,0.89
3723,,0.67745,0.311,1.0,1.0,1.0,0.269,0.2839,0.78
3724,,0.59674,0.301,1.0,1.0,1.0,0.259,0.20319,0.67
3725,,0.51603,0.291,1.0,1.0,1.0,0.249,0.12248,0.56
3726,,0.43532,0.281,1.0,1.0,1.0,0.239,0.04177,0.45
3727,,0.35461,0.271,1.0,1.0,1.0,0.229,-0.03894,0.34
3728,7,0.2839,0.2,0.97071,1.0,1.0,0.3,1.0,0.311
3729,,0.20319,0.19,1.0,1.0,1.0,0.29,0.91929,0.201
3730,,0.12248,0.18,1.0,1.0,1.0,0.28,0.83858,0.091
3731,,0.04177,0.17,1.0,1.0,1.0,0.27,0.75787,-0.019
3732,8,0.04206,0.17,0.99971,1.0,0.99971,0.27,0.75816,1.0
3733,,-0.03865,0.16,1.0,1.0,1.0,0.26,0.67745,0.89
3734,1,1.0,0.231,1.0,1.0,0.97071,0.189,0.60674,0.861
3735,,0.91929,0.221,1.0,1.0,1.0,0.179,0.52603,0.751
3736,,0.83858,0.211,1.0,1.0,1.0,0.169,0.44532,0.641
3737,,0.75787,0.201,1.0,1.0,1.0,0.159,0.36461,0.531
3738,,0.67716,0.191,1.0,1.0,1.0,0.149,0.2839,0.421
3739,,0.59645,0.181,1.0,1.0,1.0,0.139,0.20319,0.311
3740,,0.51574,0.171,1.0,1.0,1.0,0.129,0.12248,0.201
3741,,0.43503,0.161,1.0,1.0,1.0,0.119,0.04177,0.091
3742,,0.35432,0.151,1.0,1.0,1.0,0.109,-0.03894,-0.019
3743,7,0.28361,0.08,0.97071,1.0,1.0,0.18,1.0,-0.048
3744,8,0.2839,0.08,0.97042,1.0,0.99971,0.18,1.0,1.0
3745,,0.20319,0.07,1.0,1.0,1.0,0.17,0.91929,0.89
3746,,0.12248,0.06,1.0,1.0,1.0,0.16,0.83858,0.78
3747,,0.04177,0.05,1.0,1.0,1.0,0.15,0.75787,0.67
3748,,-0.03894,0.04,1.0,1.0,1.0,0.14,0.67716,0.56
3749,1,1.0,0.111,1.0,1.0,0.97071,0.069,0.60645,0.531
3750,,0.91929,0.101,1.0,1.0,1.0,0.059,0.52574,0.421
3751,,0.83858,0.091,1.0,1.0,1.0,0.049,0.44503,0.311
3752,,0.75787,0.081,1.0,1.0,1.0,0.039,0.36432,0.201
3753,,0.67716,0.071,1.0,1.0,1.0,0.029,0.28361,0.091
3754,,0.59645,0.061,1.0,1.0,1.0,0.019,0.2029,-0.019
3755,8,0.59674,0.061,0.99971,1.0,0.99971,0.019,0.20319,1.0
3756,,0.51603,0.051,1.0,1.0,1.0,0.009,0.12248,0.89
3757,,0.43532,0.041,1.0,1.0,1.0,-0.001,0.04177,0.78
3758,6,0.29361,-0.059,0.99971,1.0,1.0,1.0,0.04206,0.68
3759,2,0.2939,1.0,1.0,1.0,0.99971,0.9,-0.09965,0.58
3760,7,0.22319,0.929,0.97071,1.0,1.0,0.971,1.0,0.551
3761,,0.14248,0.919,1.0,1.0,1.0,0.961,0.91929,0.441
3762,,0.06177,0.909,1.0,1.0,1.0,0.951,0.83858,0.331
3763,,-0.01894,0.899,1.0,1.0,1.0,0.941,0.75787,0.221
3764,1,1.0,0.97,1.0,1.0,0.97071,0.87,0.68716,0.192
3765,,0.91929,0.96,1.0,1.0,1.0,0.86,0.60645,0.082
3766,,0.83858,0.95,1.0,1.0,1.0,0.85,0.52574,-0.028
3767,8,0.83887,0.95,0.99971,1.0,0.99971,0.85,0.52603,1.0
3768,,0.75816,0.94,1.0,1.0,1.0,0.84,0.44532,0.89
3769,,0.67745,0.93,1.0,1.0,1.0,0.83,0.36461,0.78
3770,,0.59674,0.92,1.0,1.0,1.0,0.82,0.2839,0.67
3771,,0.51603,0.91,1.0,1.0,1.0,0.81,0.20319,0.56
3772,,0.43532,0.9,1.0,1.0,1.0,0.8,0.12248,0.45
3773,,0.35461,0.89,1.0,1.0,1.0,0.79,0.04177,0.34
3774,,0.2739,0.88,1.0,1.0,1.0,0.78,-0.03894,0.23
3775,7,0.20319,0.809,0.97071,1.0,1.0,0.851,1.0,0.201
3776,,0.12248,0.799,1.0,1.0,1.0,0.841,0.91929,0.091
3777,,0.04177,0.789,1.0,1.0,1.0,0.831,0.83858,-0.019
3778,8,0.04206,0.789,0.99971,1.0,0.99971,0.831,0.83887,1.0
3779,,-0.03865,0.779,1.0,1.0,1.0,0.821,0.75816,0.89
3780,1,1.0,0.85,1.0,1.0,0.97071,0.75,0.68745,0.861
3781,,0.91929,0.84,1.0,1.0,1.0,0.74,0.60674,0.751
3782,,0.83858,0.83,1.0,1.0,1.0,0.73,0.52603,0.641
3783,,0.75787,0.82,1.0,1.0,1.0,0.72,0.44532,0.531
3784,,0.67716,0.81,1.0,1.0,1.0,0.71,0.36461,0.421
3785,,0.59645,0.8,1.0,1.0,1.0,0.7,0.2839,0.311
3786,,0.51574,0.79,1.0,1.0,1.0,0.69,0.20319,0.201
3787,,0.43503,0.78,1.0,1.0,1.0,0.68,0.12248,0.091
3788,,0.35432,0.77,1.0,1.0,1.0,0.67,0.04177,-0.019
3789,8,0.35461,0.77,0.99971,1.0,0.99971,0.67,0.04206,1.0
3790,,0.2739,0.76,1.0,1.0,1.0,0.66,-0.03865,0.89
3791,7,0.20319,0.689,0.97071,1.0,1.0,0.731,1.0,0.861
3792,,0.12248,0.679,1.0,1.0,1.0,0.721,0.91929,0.751
3793,,0.04177,0.669,1.0,1.0,1.0,0.711,0.83858,0.641
3794,,-0.03894,0.659,1.0,1.0,1.0,0.701,0.75787,0.531
3795,1,1.0,0.73,1.0,1.0,0.97071,0.63,0.68716,0.502
3796,,0.91929,0.72,1.0,1.0,1.0,0.62,0.60645,0.392
3797,,0.83858,0.71,1.0,1.0,1.0,0.61,0.52574,0.282
3798,,0.75787,0.7,1.0,1.0,1.0,0.6,0.44503,0.172
3799,,0.67716,0.69,1.0,1.0,1.0,0.59,0.36432,0.062
3800,,0.59645,0.68,1.0,1.0,1.0,0.58,0.28361,-0.048
3801,8,0.59674,0.68,0.99971,1.0,0.99971,0.58,0.2839,1.0
3802,,0.51603,0.67,1.0,1.0,1.0,0.57,0.20319,0.89
3803,,0.43532,0.66,1.0,1.0,1.0,0.56,0.12248,0.78
3804,,0.35461,0.65,1.0,1.0,1.0,0.55,0.04177,0.67
3805,,0.2739,0.64,1.0,1.0,1.0,0.54,-0.03894,0.56
3806,7,0.20319,0.569,0.97071,1.0,1.0,0.611,1.0,0.531
3807,,0.12248,0.559,1.0,1.0,1.0,0.601,0.91929,0.421
3808,,0.04177,0.549,1.0,1.0,1.0,0.591,0.83858,0.311
3809,,-0.03894,0.539,1.0,1.0,1.0,0.581,0.75787,0.201
3810,1,1.0,0.61,1.0,1.0,0.97071,0.51,0.68716,0.172
3811,,0.91929,0.6,1.0,1.0,1.0,0.5,0.60645,0.062
3812,,0.83858,0.59,1.0,1.0,1.0,0.49,0.52574,-0.048
3813,8,0.83887,0.59,0.99971,1.0,0.99971,0.49,0.52603,1.0
3814,,0.75816,0.58,1.0,1.0,1.0,0.48,0.44532,0.89
3815,,0.67745,0.57,1.0,1.0,1.0,0.47,0.36461,0.78
3816,,0.59674,0.56,1.0,1.0,1.0,0.46,0.2839,0.67
3817,,0.51603,0.55,1.0,1.0,1.0,0.45,0.20319,0.56
3818,,0.43532,0.54,1.0,1.0,1.0,0.44,0.12248,0.45
3819,,0.35461,0.53,1.0,1.0,1.0,0.43,0.04177,0.34
3820,,0.2739,0.52,1.0,1.0,1.0,0.42,-0.03894,0.23
3821,7,0.20319,0.449,0.97071,1.0,1.0,0.491,1.0,0.201
3822,,0.12248,0.439,1.0,1.0,1.0,0.481,0.91929,0.091
3823,,0.04177,0.429,1.0,1.0,1.0,0.471,0.83858,-0.019
3824,8,0.04206,0.429,0.99971,1.0,0.99971,0.471,0.83887,1.0
3825,,-0.03865,0.419,1.0,1.0,1.0,0.461,0.75816,0.89
3826,1,1.0,0.49,1.0,1.0,0.97071,0.39,0.68745,0.861
3827,,0.91929,0.48,1.0,1.0,1.0,0.38,0.60674,0.751
3828,,0.83858,0.47,1.0,1.0,1.0,0.37,0.52603,0.641
3829,,0.75787,0.46,1.0,1.0,1.0,0.36,0.44532,0.531
3830,,0.67716,0.45,1.0,1.0,1.0,0.35,0.36461,0.421
3831,,0.59645,0.44,1.0,1.0,1.0,0.34,0.2839,0.311
3832,,0.51574,0.43,1.0,1.0,1.0,0.33,0.20319,0.201
3833,,0.43503,0.42,1.0,1.0,1.0,0.32,0.12248,0.091
3834,,0.35432,0.41,1.0,1.0,1.0,0.31,0.04177,-0.019
3835,8,0.35461,0.41,0.99971,1.0,0.99971,0.31,0.04206,1.0
3836,,0.2739,0.4,1.0,1.0,1.0,0.3,-0.03865,0.89
3837,7,0.20319,0.329,0.97071,1.0,1.0,0.371,1.0,0.861
3838,,0.12248,0.319,1.0,1.0,1.0,0.361,0.91929,0.751
3839,,0.04177,0.309,1.0,1.0,1.0,0.351,0.83858,0.641
3840,,-0.03894,0.299,1.0,1.0,1.0,0.341,0.75787,0.531
3841,1,1.0,0.37,1.0,1.0,0.97071,0.27,0.68716,0.502
3842,,0.91929,0.36,1.0,1.0,1.0,0.26,0.60645,0.392
3843,,0.83858,0.35,1.0,1.0,1.0,0.25,0.52574,0.282
3844,,0.75787,0.34,1.0,1.0,1.0,0.24,0.44503,0.172
3845,,0.67716,0.33,1.0,1.0,1.0,0.23,0.36432,0.062
3846,,0.59645,0.32,1.0,1.0,1.0,0.22,0.28361,-0.048
3847,8,0.59674,0.32,0.99971,1.0,0.99971,0.22,0.2839,1.0
3848,,0.51603,0.31,1.0,1.0,1.0,0.21,0.20319,0.89
3849,,0.43532,0.3,1.0,1.0,1.0,0.2,0.12248,0.78
3850,,0.35461,0.29,1.0,1.0,1.0,0.19,0.04177,0.67
3851,,0.2739,0.28,1.0,1.0,1.0,0.18,-0.03894,0.56
3852,7,0.20319,0.209,0.97071,1.0,1.0,0.251,1.0,0.531
3853,,0.12248,0.199,1.0,1.0,1.0,0.241,0.91929,0.421
3854,,0.04177,0.189,1.0,1.0,1.0,0.231,0.83858,0.311
3855,,-0.03894,0.179,1.0,1.0,1.0,0.221,0.75787,0.201
3856,1,1.0,0.25,1.0,1.0,0.97071,0.15,0.68716,0.172
3857,,0.91929,0.24,1.0,1.0,1.0,0.14,0.60645,0.062
3858,,0.83858,0.23,1.0,1.0,1.0,0.13,0.52574,-0.048
3859,8,0.83887,0.23,0.99971,1.0,0.99971,0.13,0.52603,1.0
3860,,0.75816,0.22,1.0,1.0,1.0,0.12,0.44532,0.89
3861,,0.67745,0.21,1.0,1.0,1.0,0.11,0.36461,0.78
3862,,0.59674,0.2,1.0,1.0,1.0,0.1,0.2839,0.67
3863,,0.51603,0.19,1.0,1.0,1.0,0.09,0.20319,0.56
3864,,0.43532,0.18,1.0,1.0,1.0,0.08,0.12248,0.45
3865,,0.35461,0.17,1.0,1.0,1.0,0.07,0.04177,0.34
3866,,0.2739,0.16,1.0,1.0,1.0,0.06,-0.03894,0.23
3867,7,0.20319,0.089,0.97071,1.0,1.0,0.131,1.0,0.201
3868,,0.12248,0.079,1.0,1.0,1.0,0.121,0.91929,0.091
3869,,0.04177,0.069,1.0,1.0,1.0,0.111,0.83858,-0.019
3870,8,0.04206,0.069,0.99971,1.0,0.99971,0.111,0.83887,1.0
3871,,-0.03865,0.059,1.0,1.0,1.0,0.101,0.75816,0.89
3872,1,1.0,0.13,1.0,1.0,0.97071,0.03,0.68745,0.861
3873,,0.91929,0.12,1.0,1.0,1.0,0.02,0.60674,0.751
3874,,0.83858,0.11,1.0,1.0,1.0,0.01,0.52603,0.641
3875,,0.75787,0.1,1.0,1.0,1.0,-0.0,0.44532,0.531
3876,,0.67716,0.09,1.0,1.0,1.0,-0.01,0.36461,0.421
3877,6,0.53545,-0.01,0.99971,1.0,1.0,1.0,0.3649,0.321
3878,2,0.53574,1.0,1.0,1.0,0.99971,0.9,0.22319,0.221
3879,,0.45503,0.99,1.0,1.0,1.0,0.89,0.14248,0.111
3880,,0.37432,0.98,1.0,1.0,1.0,0.88,0.06177,0.001
3881,,0.29361,0.97,1.0,1.0,1.0,0.87,-0.01894,-0.109
3882,8,0.2939,0.97,0.99971,1.0,0.99971,0.87,-0.01865,1.0
3883,7,0.22319,0.899,0.97042,1.0,1.0,0.941,1.0,0.971
3884,,0.14248,0.889,1.0,1.0,1.0,0.931,0.91929,0.861
3885,,0.06177,0.879,1.0,1.0,1.0,0.921,0.83858,0.751
3886,,-0.01894,0.869,1.0,1.0,1.0,0.911,0.75787,0.641
3887,1,1.0,0.94,1.0,1.0,0.97071,0.84,0.68716,0.612
3888,,0.91929,0.93,1.0,1.0,1.0,0.83,0.60645,0.502
3889,,0.83858,0.92,1.0,1.0,1.0,0.82,0.52574,0.392
3890,,0.75787,0.91,1.0,1.0,1.0,0.81,0.44503,0.282
3891,,0.67716,0.9,1.0,1.0,1.0,0.8,0.36432,0.172
3892,,0.59645,0.89,1.0,1.0,1.0,0.79,0.28361,0.062
3893,,0.51574,0.88,1.0,1.0,1.0,0.78,0.2029,-0.048
3894,8,0.51603,0.88,0.99971,1.0,0.99971,0.78,0.20319,1.0
3895,,0.43532,0.87,1.0,1.0,1.0,0.77,0.12248,0.89
3896,,0.35461,0.86,1.0,1.0,1.0,0.76,0.04177,0.78
3897,,0.2739,0.85,1.0,1.0,1.0,0.75,-0.03894,0.67
3898,7,0.20319,0.779,0.97071,1.0,1.0,0.821,1.0,0.641
3899,,0.12248,0.769,1.0,1.0,1.0,0.811,0.91929,0.531
3900,,0.04177,0.759,1.0,1.0,1.0,0.801,0.83858,0.421
3901,,-0.03894,0.749,1.0,1.0,1.0,0.791,0.75787,0.311
3902,1,1.0,0.82,1.0,1.0,0.97071,0.72,0.68716,0.282
3903,,0.91929,0.81,1.0,1.0,1.0,0.71,0.60645,0.172
3904,,0.83858,0.8,1.0,1.0,1.0,0.7,0.52574,0.062
3905,,0.75787,0.79,1.0,1.0,1.0,0.69,0.44503,-0.048
3906,8,0.75816,0.79,0.99971,1.0,0.99971,0.69,0.44532,1.0
3907,,0.67745,0.78,1.0,1.0,1.0,0.68,0.36461,0.89
3908,,0.59674,0.77,1.0,1.0,1.0,0.67,0.2839,0.78
3909,,0.51603,0.76,1.0,1.0,1.0,0.66,0.20319,0.67
3910,,0.43532,0.75,1.0,1.0,1.0,0.65,0.12248,0.56
3911,,0.35461,0.74,1.0,1.0,1.0,0.64,0.04177,0.45
3912,,0.2739,0.73,1.0,1.0,1.0,0.63,-0.03894,0.34
3913,7,0.20319,0.659,0.97071,1.0,1.0,0.701,1.0,0.311
3914,,0.12248,0.649,1.0,1.0,1.0,0.691,0.91929,0.201
3915,,0.04177,0.639,1.0,1.0,1.0,0.681,0.83858,0.091
3916,,-0.03894,0.629,1.0,1.0,1.0,0.671,0.75787,-0.019
3917,1,1.0,0.7,1.0,1.0,0.97071,0.6,0.68716,-0.048
3918,8,1.0,0.7,0.99971,1.0,0.97042,0.6,0.68745,1.0
3919,,0.91929,0.69,1.0,1.0,1.0,0.59,0.60674,0.89
3920,,0.83858,0.68,1.0,1.0,1.0,0.58,0.52603,0.78
3921,,0.75787,0.67,1.0,1.0,1.0,0.57,0.44532,0.67
3922,,0.67716,0.66,1.0,1.0,1.0,0.56,0.36461,0.56
3923,,0.59645,0.65,1.0,1.0,1.0,0.55,0.2839,0.45
3924,,0.51574,0.64,1.0,1.0,1.0,0.54,0.20319,0.34
3925,,0.43503,0.63,1.0,1.0,1.0,0.53,0.12248,0.23
3926,,0.35432,0.62,1.0,1.0,1.0,0.52,0.04177,0.12
3927,,0.27361,0.61,1.0,1.0,1.0,0.51,-0.03894,0.01
3928,7,0.2029,0.539,0.97071,1.0,1.0,0.581,1.0,-0.019
3929,8,0.20319,0.539,0.97042,1.0,0.99971,0.581,1.0,1.0
3930,,0.12248,0.529,1.0,1.0,1.0,0.571,0.91929,0.89
3931,,0.04177,0.519,1.0,1.0,1.0,0.561,0.83858,0.78
3932,,-0.03894,0.509,1.0,1.0,1.0,0.551,0.75787,0.67
3933,1,1.0,0.58,1.0,1.0,0.97071,0.48,0.68716,0.641
3934,,0.91929,0.57,1.0,1.0,1.0,0.47,0.60645,0.531
3935,,0.83858,0.56,1.0,1.0,1.0,0.46,0.52574,0.421
3936,,0.75787,0.55,1.0,1.0,1.0,0.45,0.44503,0.311
3937,,0.67716,0.54,1.0,1.0,1.0,0.44,0.36432,0.201
3938,,0.59645,0.53,1.0,1.0,1.0,0.43,0.28361,0.091
3939,,0.51574,0.52,1.0,1.0,1.0,0.42,0.2029,-0.019
3940,8,0.51603,0.52,0.99971,1.0,0.99971,0.42,0.20319,1.0
3941,,0.43532,0.51,1.0,1.0,1.0,0.41,0.12248,0.89
3942,,0.35461,0.5,1.0,1.0,1.0,0.4,0.04177,0.78
3943,,0.2739,0.49,1.0,1.0,1.0,0.39,-0.03894,0.67
3944,7,0.20319,0.419,0.97071,1.0,1.0,0.461,1.0,0.641
3945,,0.12248,0.409,1.0,1.0,1.0,0.451,0.91929,0.531
3946,,0.04177,0.399,1.0,1.0,1.0,0.441,0.83858,0.421
3947,,-0.03894,0.389,1.0,1.0,1.0,0.431,0.75787,0.311
3948,1,1.0,0.46,1.0,1.0,0.97071,0.36,0.68716,0.282
3949,,0.91929,0.45,1.0,1.0,1.0,0.35,0.60645,0.172
3950,,0.83858,0.44,1.0,1.0,1.0,0.34,0.52574,0.062
3951,,0.75787,0.43,1.0,1.0,1.0,0.33,0.44503,-0.048
3952,8,0.75816,0.43,0.99971,1.0,0.99971,0.33,0.44532,1.0
3953,,0.67745,0.42,1.0,1.0,1.0,0.32,0.36461,0.89
3954,,0.59674,0.41,1.0,1.0,1.0,0.31,0.2839,0.78
3955,,0.51603,0.4,1.0,1.0,1.0,0.3,0.20319,0.67
3956,,0.43532,0.39,1.0,1.0,1.0,0.29,0.12248,0.56
3957,,0.35461,0.38,1.0,1.0,1.0,0.28,0.04177,0.45
3958,,0.2739,0.37,1.0,1.0,1.0,0.27,-0.03894,0.34
3959,7,0.20319,0.299,0.97071,1.0,1.0,0.341,1.0,0.311
3960,,0.12248,0.289,1.0,1.0,1.0,0.331,0.91929,0.201
3961,,0.04177,0.279,1.0,1.0,1.0,0.321,0.83858,0.091
3962,,-0.03894,0.269,1.0,1.0,1.0,0.311,0.75787,-0.019
3963,1,1.0,0.34,1.0,1.0,0.97071,0.24,0.68716,-0.048
3964,8,1.0,0.34,0.99971,1.0,0.97042,0.24,0.68745,1.0
3965,,0.91929,0.33,1.0,1.0,1.0,0.23,0.60674,0.89
3966,,0.83858,0.32,1.0,1.0,1.0,0.22,0.52603,0.78
3967,,0.75787,0.31,1.0,1.0,1.0,0.21,0.44532,0.67
3968,,0.67716,0.3,1.0,1.0,1.0,0.2,0.36461,0.56
3969,,0.59645,0.29,1.0,1.0,1.0,0.19,0.2839,0.45
3970,,0.51574,0.28,1.0,1.0,1.0,0.18,0.20319,0.34
3971,,0.43503,0.27,1.0,1.0,1.0,0.17,0.12248,0.23
3972,,0.35432,0.26,1.0,1.0,1.0,0.16,0.04177,0.12
3973,,0.27361,0.25,1.0,1.0,1.0,0.15,-0.03894,0.01
3974,7,0.2029,0.179,0.97071,1.0,1.0,0.221,1.0,-0.019
3975,8,0.20319,0.179,0.97042,1.0,0.99971,0.221,1.0,1.0
3976,,0.12248,0.169,1.0,1.0,1.0,0.211,0.91929,0.89
3977,,0.04177,0.159,1.0,1.0,1.0,0.201,0.83858,0.78
3978,,-0.03894,0.149,1.0,1.0,1.0,0.191,0.75787,0.67
3979,1,1.0,0.22,1.0,1.0,0.97071,0.12,0.68716,0.641
3980,,0.91929,0.21,1.0,1.0,1.0,0.11,0.60645,0.531
3981,,0.83858,0.2,1.0,1.0,1.0,0.1,0.52574,0.421
3982,,0.75787,0.19,1.0,1.0,1.0,0.09,0.44503,0.311
3983,,0.67716,0.18,1.0,1.0,1.0,0.08,0.36432,0.201
3984,,0.59645,0.17,1.0,1.0,1.0,0.07,0.28361,0.091
3985,,0.51574,0.16,1.0,1.0,1.0,0.06,0.2029,-0.019
3986,8,0.51603,0.16,0.99971,1.0,0.99971,0.06,0.20319,1.0
3987,,0.43532,0.15,1.0,1.0,1.0,0.05,0.12248,0.89
3988,,0.35461,0.14,1.0,1.0,1.0,0.04,0.04177,0.78
3989,,0.2739,0.13,1.0,1.0,1.0,0.03,-0.03894,0.67
3990,7,0.20319,0.059,0.97071,1.0,1.0,0.101,1.0,0.641
3991,,0.12248,0.049,1.0,1.0,1.0,0.091,0.91929,0.531
3992,,0.04177,0.039,1.0,1.0,1.0,0.081,0.83858,0.421
3993,,-0.03894,0.029,1.0,1.0,1.0,0.071,0.75787,0.311
3994,1,1.0,0.1,1.0,1.0,0.97071,-0.0,0.68716,0.282
3995,,0.91929,0.09,1.0,1.0,1.0,-0.01,0.60645,0.172
3996,6,0.77758,-0.01,0.99971,1.0,1.0,1.0,0.60674,0.072
3997,2,0.77787,1.0,1.0,1.0,0.99971,0.9,0.46503,-0.028
3998,8,0.77816,1.0,0.99971,1.0,0.99942,0.9,0.46532,1.0
3999,,0.69745,0.99,1.0,1.0,1.0,0.89,0.38461,0.89
4000,,0.61674,0.98,1.0,1.0,1.0,0.88,0.3039,0.78
4001,,0.53603,0.97,1.0,1.0,1.0,0.87,0.22319,0.67
4002,,0.45532,0.96,1.0,1.0,1.0,0.86,0.14248,0.56
4003,,0.37461,0.95,1.0,1.0,1.0,0.85,0.06177,0.45
4004,,0.2939,0.94,1.0,1.0,1.0,0.84,-0.01894,0.34
4005,7,0.22319,0.869,0.97071,1.0,1.0,0.911,1.0,0.311
4006,,0.14248,0.859,1.0,1.0,1.0,0.901,0.91929,0.201
4007,,0.06177,0.849,1.0,1.0,1.0,0.891,0.83858,0.091
4008,,-0.01894,0.839,1.0,1.0,1.0,0.881,0.75787,-0.019
4009,8,-0.01865,0.839,0.99971,1.0,0.99971,0.881,0.75816,1.0
4010,1,1.0,0.91,1.0,1.0,0.97042,0.81,0.68745,0.971
4011,,0.91929,0.9,1.0,1.0,1.0,0.8,0.60674,0.861
4012,,0.83858,0.89,1.0,1.0,1.0,0.79,0.52603,0.751
4013,,0.75787,0.88,1.0,1.0,1.0,0.78,0.44532,0.641
4014,,0.67716,0.87,1.0,1.0,1.0,0.77,0.36461,0.531
4015,,0.59645,0.86,1.0,1.0,1.0,0.76,0.2839,0.421
4016,,0.51574,0.85,1.0,1.0,1.0,0.75,0.20319,0.311
4017,,0.43503,0.84,1.0,1.0,1.0,0.74,0.12248,0.201
4018,,0.35432,0.83,1.0,1.0,1.0,0.73,0.04177,0.091
4019,,0.27361,0.82,1.0,1.0,1.0,0.72,-0.03894,-0.019
4020,7,0.2029,0.749,0.97071,1.0,1.0,0.791,1.0,-0.048
4021,8,0.20319,0.749,0.97042,1.0,0.99971,0.791,1.0,1.0
4022,,0.12248,0.739,1.0,1.0,1.0,0.781,0.91929,0.89
4023,,0.04177,0.729,1.0,1.0,1.0,0.771,0.83858,0.78
4024,,-0.03894,0.719,1.0,1.0,1.0,0.761,0.75787,0.67
4025,1,1.0,0.79,1.0,1.0,0.97071,0.69,0.68716,0.641
4026,,0.91929,0.78,1.0,1.0,1.0,0.68,0.60645,0.531
4027,,0.83858,0.77,1.0,1.0,1.0,0.67,0.52574,0.421
4028,,0.75787,0.76,1.0,1.0,1.0,0.66,0.44503,0.311
4029,,0.67716,0.75,1.0,1.0,1.0,0.65,0.36432,0.201
4030,,0.59645,0.74,1.0,1.0,1.0,0.64,0.28361,0.091
4031,,0.51574,0.73,1.0,1.0,1.0,0.63,0.2029,-0.019
4032,8,0.51603,0.73,0.99971,1.0,0.99971,0.63,0.20319,1.0
4033,,0.43532,0.72,1.0,1.0,1.0,0.62,0.12248,0.89
4034,,0.35461,0.71,1.0,1.0,1.0,0.61,0.04177,0.78
4035,,0.2739,0.7,1.0,1.0,1.0,0.6,-0.03894,0.67
4036,7,0.20319,0.629,0.97071,1.0,1.0,0.671,1.0,0.641
4037,,0.12248,0.619,1.0,1.0,1.0,0.661,0.91929,0.531
4038,,0.04177,0.609,1.0,1.0,1.0,0.651,0.83858,0.421
4039,,-0.03894,0.599,1.0,1.0,1.0,0.641,0.75787,0.311
4040,1,1.0,0.67,1.0,1.0,0.97071,0.57,0.68716,0.282
4041,,0.91929,0.66,1.0,1.0,1.0,0.56,0.60645,0.172
4042,,0.83858,0.65,1.0,1.0,1.0,0.55,0.52574,0.062
4043,,0.75787,0.64,1.0,1.0,1.0,0.54,0.44503,-0.048
4044,8,0.75816,0.64,0.99971,1.0,0.99971,0.54,0.44532,1.0
4045,,0.67745,0.63,1.0,1.0,1.0,0.53,0.36461,0.89
4046,,0.59674,0.62,1.0,1.0,1.0,0.52,0.2839,0.78
4047,,0.51603,0.61,1.0,1.0,1.0,0.51,0.20319,0.67
4048,,0.43532,0.6,1.0,1.0,1.0,0.5,0.12248,0.56
4049,,0.35461,0.59,1.0,1.0,1.0,0.49,0.04177,0.45
4050,,0.2739,0.58,1.0,1.0,1.0,0.48,-0.03894,0.34
4051,7,0.20319,0.509,0.97071,1.0,1.0,0.551,1.0,0.311
4052,,0.12248,0.499,1.0,1.0,1.0,0.541,0.91929,0.201
4053,,0.04177,0.489,1.0,1.0,1.0,0.531,0.83858,0.091
4054,,-0.03894,0.479,1.0,1.0,1.0,0.521,0.75787,-0.019
4055,1,1.0,0.55,1.0,1.0,0.97071,0.45,0.68716,-0.048
4056,8,1.0,0.55,0.99971,1.0,0.97042,0.45,0.68745,1.0
4057,,0.91929,0.54,1.0,1.0,1.0,0.44,0.60674,0.89
4058,,0.83858,0.53,1.0,1.0,1.0,0.43,0.52603,0.78
4059,,0.75787,0.52,1.0,1.0,1.0,0.42,0.44532,0.67
4060,,0.67716,0.51,1.0,1.0,1.0,0.41,0.36461,0.56
4061,,0.59645,0.5,1.0,1.0,1.0,0.4,0.2839,0.45
4062,,0.51574,0.49,1.0,1.0,1.0,0.39,0.20319,0.34
4063,,0.43503,0.48,1.0,1.0,1.0,0.38,0.12248,0.23
4064,,0.35432,0.47,1.0,1.0,1.0,0.37,0.04177,0.12
4065,,0.27361,0.46,1.0,1.0,1.0,0.36,-0.03894,0.01
4066,7,0.2029,0.389,0.97071,1.0,1.0,0.431,1.0,-0.019
4067,8,0.20319,0.389,0.97042,1.0,0.99971,0.431,1.0,1.0
4068,,0.12248,0.379,1.0,1.0,1.0,0.421,0.91929,0.89
4069,,0.04177,0.369,1.0,1.0,1.0,0.411,0.83858,0.78
4070,,-0.03894,0.359,1.0,1.0,1.0,0.401,0.75787,0.67
4071,1,1.0,0.43,1.0,1.0,0.97071,0.33,0.68716,0.641
4072,,0.91929,0.42,1.0,1.0,1.0,0.32,0.60645,0.531
4073,,0.83858,0.41,1.0,1.0,1.0,0.31,0.52574,0.421
4074,,0.75787,0.4,1.0,1.0,1.0,0.3,0.44503,0.311
4075,,0.67716,0.39,1.0,1.0,1.0,0.29,0.36432,0.201
4076,,0.59645,0.38,1.0,1.0,1.0,0.28,0.28361,0.091
4077,,0.51574,0.37,1.0,1.0,1.0,0.27,0.2029,-0.019
4078,8,0.51603,0.37,0.99971,1.0,0.99971,0.27,0.20319,1.0
4079,,0.43532,0.36,1.0,1.0,1.0,0.26,0.12248,0.89
4080,,0.35461,0.35,1.0,1.0,1.0,0.25,0.04177,0.78
4081,,0.2739,0.34,1.0,1.0,1.0,0.24,-0.03894,0.67
4082,7,0.20319,0.269,0.97071,1.0,1.0,0.311,1.0,0.641
4083,,0.12248,0.259,1.0,1.0,1.0,0.301,0.91929,0.531
4084,,0.04177,0.249,1.0,1.0,1.0,0.291,0.83858,0.421
4085,,-0.03894,0.239,1.0,1.0,1.0,0.281,0.75787,0.311
4086,1,1.0,0.31,1.0,1.0,0.97071,0.21,0.68716,0.282
4087,,0.91929,0.3,1.0,1.0,1.0,0.2,0.60645,0.172
4088,,0.83858,0.29,1.0,1.0,1.0,0.19,0.52574,0.062
4089,,0.75787,0.28,1.0,1.0,1.0,0.18,0.44503,-0.048
4090,8,0.75816,0.28,0.99971,1.0,0.99971,0.18,0.44532,1.0
4091,,0.67745,0.27,1.0,1.0,1.0,0.17,0.36461,0.89
4092,,0.59674,0.26,1.0,1.0,1.0,0.16,0.2839,0.78
4093,,0.51603,0.25,1.0,1.0,1.0,0.15,0.20319,0.67
4094,,0.43532,0.24,1.0,1.0,1.0,0.14,0.12248,0.56
4095,,0.35461,0.23,1.0,1.0,1.0,0.13,0.04177,0.45
4096,,0.2739,0.22,1.0,1.0,1.0,0.12,-0.03894,0.34
4097,7,0.20319,0.149,0.97071,1.0,1.0,0.191,1.0,0.311
4098,,0.12248,0.139,1.0,1.0,1.0,0.181,0.91929,0.201
4099,,0.04177,0.129,1.0,1.0,1.0,0.171,0.83858,0.091
4100,,-0.03894,0.119,1.0,1.0,1.0,0.161,0.75787,-0.019
4101,1,1.0,0.19,1.0,1.0,0.97071,0.09,0.68716,-0.048
4102,8,1.0,0.19,0.99971,1.0,0.97042,0.09,0.68745,1.0
4103,,0.91929,0.18,1.0,1.0,1.0,0.08,0.60674,0.89
4104,,0.83858,0.17,1.0,1.0,1.0,0.07,0.52603,0.78
4105,,0.75787,0.16,1.0,1.0,1.0,0.06,0.44532,0.67
4106,,0.67716,0.15,1.0,1.0,1.0,0.05,0.36461,0.56
4107,,0.59645,0.14,1.0,1.0,1.0,0.04,0.2839,0.45
4108,,0.51574,0.13,1.0,1.0,1.0,0.03,0.20319,0.34
4109,,0.43503,0.12,1.0,1.0,1.0,0.02,0.12248,0.23
4110,,0.35432,0.11,1.0,1.0,1.0,0.01,0.04177,0.12
4111,,0.27361,0.1,1.0,1.0,1.0,-0.0,-0.03894,0.01
4112,7,0.2029,0.029,0.97071,1.0,1.0,0.071,1.0,-0.019
4113,8,0.20319,0.029,0.97042,1.0,0.99971,0.071,1.0,1.0
4114,,0.12248,0.019,1.0,1.0,1.0,0.061,0.91929,0.89
4115,,0.04177,0.009,1.0,1.0,1.0,0.051,0.83858,0.78
4116,,-0.03894,-0.001,1.0,1.0,1.0,0.041,0.75787,0.67
4117,1,1.0,0.07,1.0,1.0,0.97071,-0.03,0.68716,0.641
4118,6,0.85829,-0.03,0.99971,1.0,1.0,1.0,0.68745,0.541
4119,2,0.85858,1.0,1.0,1.0,0.99971,0.9,0.54574,0.441
4120,,0.77787,0.99,1.0,1.0,1.0,0.89,0.46503,0.331
4121,,0.69716,0.98,1.0,1.0,1.0,0.88,0.38432,0.221
4122,,0.61645,0.97,1.0,1.0,1.0,0.87,0.30361,0.111
4123,,0.53574,0.96,1.0,1.0,1.0,0.86,0.2229,0.001
4124,,0.45503,0.95,1.0,1.0,1.0,0.85,0.14219,-0.109
4125,8,0.45532,0.95,0.99971,1.0,0.99971,0.85,0.14248,1.0
4126,,0.37461,0.94,1.0,1.0,1.0,0.84,0.06177,0.89
4127,,0.2939,0.93,1.0,1.0,1.0,0.83,-0.01894,0.78
4128,7,0.22319,0.859,0.97071,1.0,1.0,0.901,1.0,0.751
4129,,0.14248,0.849,1.0,1.0,1.0,0.891,0.91929,0.641
4130,,0.06177,0.839,1.0,1.0,1.0,0.881,0.83858,0.531
4131,,-0.01894,0.829,1.0,1.0,1.0,0.871,0.75787,0.421
4132,1,1.0,0.9,1.0,1.0,0.97071,0.8,0.68716,0.392
4133,,0.91929,0.89,1.0,1.0,1.0,0.79,0.60645,0.282
4134,,0.83858,0.88,1.0,1.0,1.0,0.78,0.52574,0.172
4135,,0.75787,0.87,1.0,1.0,1.0,0.77,0.44503,0.062
4136,,0.67716,0.86,1.0,1.0,1.0,0.76,0.36432,-0.048
4137,8,0.67745,0.86,0.99971,1.0,0.99971,0.76,0.36461,1.0
4138,,0.59674,0.85,1.0,1.0,1.0,0.75,0.2839,0.89
4139,,0.51603,0.84,1.0,1.0,1.0,0.74,0.20319,0.78
4140,,0.43532,0.83,1.0,1.0,1.0,0.73,0.12248,0.67
4141,,0.35461,0.82,1.0,1.0,1.0,0.72,0.04177,0.56
4142,,0.2739,0.81,1.0,1.0,1.0,0.71,-0.03894,0.45
4143,7,0.20319,0.739,0.97071,1.0,1.0,0.781,1.0,0.421
4144,,0.12248,0.729,1.0,1.0,1.0,0.771,0.91929,0.311
4145,,0.04177,0.719,1.0,1.0,1.0,0.761,0.83858,0.201
4146,,-0.03894,0.709,1.0,1.0,1.0,0.751,0.75787,0.091
4147,1,1.0,0.78,1.0,1.0,0.97071,0.68,0.68716,0.062
4148,,0.91929,0.77,1.0,1.0,1.0,0.67,0.60645,-0.048
4149,8,0.91958,0.77,0.99971,1.0,0.99971,0.67,0.60674,1.0
4150,,0.83887,0.76,1.0,1.0,1.0,0.66,0.52603,0.89
4151,,0.75816,0.75,1.0,1.0,1.0,0.65,0.44532,0.78
4152,,0.67745,0.74,1.0,1.0,1.0,0.64,0.36461,0.67
4153,,0.59674,0.73,1.0,1.0,1.0,0.63,0.2839,0.56
4154,,0.51603,0.72,1.0,1.0,1.0,0.62,0.20319,0.45
4155,,0.43532,0.71,1.0,1.0,1.0,0.61,0.12248,0.34
4156,,0.35461,0.7,1.0,1.0,1.0,0.6,0.04177,0.23
4157,,0.2739,0.69,1.0,1.0,1.0,0.59,-0.03894,0.12
4158,7,0.20319,0.619,0.97071,1.0,1.0,0.661,1.0,0.091
4159,,0.12248,0.609,1.0,1.0,1.0,0.651,0.91929,-0.019
4160,8,0.12277,0.609,0.99971,1.0,0.99971,0.651,0.91958,1.0
4161,,0.04206,0.599,1.0,1.0,1.0,0.641,0.83887,0.89
4162,,-0.03865,0.589,1.0,1.0,1.0,0.631,0.75816,0.78
4163,1,1.0,0.66,1.0,1.0,0.97071,0.56,0.68745,0.751
4164,,0.91929,0.65,1.0,1.0,1.0,0.55,0.60674,0.641
4165,,0.83858,0.64,1.0,1.0,1.0,0.54,0.52603,0.531
4166,,0.75787,0.63,1.0,1.0,1.0,0.53,0.44532,0.421
4167,,0.67716,0.62,1.0,1.0,1.0,0.52,0.36461,0.311
4168,,0.59645,0.61,1.0,1.0,1.0,0.51,0.2839,0.201
4169,,0.51574,0.6,1.0,1.0,1.0,0.5,0.20319,0.091
4170,,0.43503,0.59,1.0,1.0,1.0,0.49,0.12248,-0.019
4171,8,0.43532,0.59,0.99971,1.0,0.99971,0.49,0.12277,1.0
4172,,0.35461,0.58,1.0,1.0,1.0,0.48,0.04206,0.89
4173,,0.2739,0.57,1.0,1.0,1.0,0.47,-0.03865,0.78
4174,7,0.20319,0.499,0.97071,1.0,1.0,0.541,1.0,0.751
4175,,0.12248,0.489,1.0,1.0,1.0,0.531,0.91929,0.641
4176,,0.04177,0.479,1.0,1.0,1.0,0.521,0.83858,0.531
4177,,-0.03894,0.469,1.0,1.0,1.0,0.511,0.75787,0.421
4178,1,1.0,0.54,1.0,1.0,0.97071,0.44,0.68716,0.392
4179,,0.91929,0.53,1.0,1.0,1.0,0.43,0.60645,0.282
4180,,0.83858,0.52,1.0,1.0,1.0,0.42,0.52574,0.172
4181,,0.75787,0.51,1.0,1.0,1.0,0.41,0.44503,0.062
4182,,0.67716,0.5,1.0,1.0,1.0,0.4,0.36432,-0.048
4183,8,0.67745,0.5,0.99971,1.0,0.99971,0.4,0.36461,1.0
4184,,0.59674,0.49,1.0,1.0,1.0,0.39,0.2839,0.89
4185,,0.51603,0.48,1.0,1.0,1.0,0.38,0.20319,0.78
4186,,0.43532,0.47,1.0,1.0,1.0,0.37,0.12248,0.67
4187,,0.35461,0.46,1.0,1.0,1.0,0.36,0.04177,0.56
4188,,0.2739,0.45,1.0,1.0,1.0,0.35,-0.03894,0.45
4189,7,0.20319,0.379,0.97071,1.0,1.0,0.421,1.0,0.421
4190,,0.12248,0.369,1.0,1.0,1.0,0.411,0.91929,0.311
4191,,0.04177,0.359,1.0,1.0,1.0,0.401,0.83858,0.201
4192,,-0.03894,0.349,1.0,1.0,1.0,0.391,0.75787,0.091
4193,1,1.0,0.42,1.0,1.0,0.97071,0.32,0.68716,0.062
4194,,0.91929,0.41,1.0,1.0,1.0,0.31,0.60645,-0.048
4195,8,0.91958,0.41,0.99971,1.0,0.99971,0.31,0.60674,1.0
4196,,0.83887,0.4,1.0,1.0,1.0,0.3,0.52603,0.89
4197,,0.75816,0.39,1.0,1.0,1.0,0.29,0.44532,0.78
4198,,0.67745,0.38,1.0,1.0,1.0,0.28,0.36461,0.67
4199,,0.59674,0.37,1.0,1.0,1.0,0.27,0.2839,0.56
4200,,0.51603,0.36,1.0,1.0,1.0,0.26,0.20319,0.45
4201,,0.43532,0.35,1.0,1.0,1.0,0.25,0.12248,0.34
4202,,0.35461,0.34,1.0,1.0,1.0,0.24,0.04177,0.23
4203,,0.2739,0.33,1.0,1.0,1.0,0.23,-0.03894,0.12
4204,7,0.20319,0.259,0.97071,1.0,1.0,0.301,1.0,0.091
4205,,0.12248,0.249,1.0,1.0,1.0,0.291,0.91929,-0.019
4206,8,0.12277,0.249,0.99971,1.0,0.99971,0.291,0.91958,1.0
4207,,0.04206,0.239,1.0,1.0,1.0,0.281,0.83887,0.89
4208,,-0.03865,0.229,1.0,1.0,1.0,0.271,0.75816,0.78
4209,1,1.0,0.3,1.0,1.0,0.97071,0.2,0.68745,0.751
4210,,0.91929,0.29,1.0,1.0,1.0,0.19,0.60674,0.641
4211,,0.83858,0.28,1.0,1.0,1.0,0.18,0.52603,0.531
4212,,0.75787,0.27,1.0,1.0,1.0,0.17,0.44532,0.421
4213,,0.67716,0.26,1.0,1.0,1.0,0.16,0.36461,0.311
4214,,0.59645,0.25,1.0,1.0,1.0,0.15,0.2839,0.201
4215,,0.51574,0.24,1.0,1.0,1.0,0.14,0.20319,0.091
4216,,0.43503,0.23,1.0,1.0,1.0,0.13,0.12248,-0.019
4217,8,0.43532,0.23,0.99971,1.0,0.99971,0.13,0.12277,1.0
4218,,0.35461,0.22,1.0,1.0,1.0,0.12,0.04206,0.89
4219,,0.2739,0.21,1.0,1.0,1.0,0.11,-0.03865,0.78
4220,7,0.20319,0.139,0.97071,1.0,1.0,0.181,1.0,0.751
4221,,0.12248,0.129,1.0,1.0,1.0,0.171,0.91929,0.641
4222,,0.04177,0.119,1.0,1.0,1.0,0.161,0.83858,0.531
4223,,-0.03894,0.109,1.0,1.0,1.0,0.151,0.75787,0.421
4224,1,1.0,0.18,1.0,1.0,0.97071,0.08,0.68716,0.392
4225,,0.91929,0.17,1.0,1.0,1.0,0.07,0.60645,0.282
4226,,0.83858,0.16,1.0,1.0,1.0,0.06,0.52574,0.172
4227,,0.75787,0.15,1.0,1.0,1.0,0.05,0.44503,0.062
4228,,0.67716,0.14,1.0,1.0,1.0,0.04,0.36432,-0.048
4229,8,0.67745,0.14,0.99971,1.0,0.99971,0.04,0.36461,1.0
4230,,0.59674,0.13,1.0,1.0,1.0,0.03,0.2839,0.89
4231,,0.51603,0.12,1.0,1.0,1.0,0.02,0.20319,0.78
4232,,0.43532,0.11,1.0,1.0,1.0,0.01,0.12248,0.67
4233,,0.35461,0.1,1.0,1.0,1.0,-0.0,0.04177,0.56
4234,,0.2739,0.09,1.0,1.0,1.0,-0.01,-0.03894,0.45
4235,7,0.20319,0.019,0.97071,1.0,1.0,0.061,1.0,0.421
4236,,0.12248,0.009,1.0,1.0,1.0,0.051,0.91929,0.311
4237,,0.04177,-0.001,1.0,1.0,1.0,0.041,0.83858,0.201
4238,2,0.04206,1.0,1.0,1.0,0.99971,-0.059,0.69687,0.101
4239,6,-0.09965,0.9,0.99971,1.0,1.0,1.0,0.69716,0.001
4240,1,1.0,0.971,1.0,1.0,0.97071,0.929,0.62645,-0.028
4241,8,1.0,0.971,0.99971,1.0,0.97042,0.929,0.62674,1.0
4242,,0.91929,0.961,1.0,1.0,1.0,0.919,0.54603,0.89
4243,,0.83858,0.951,1.0,1.0,1.0,0.909,0.46532,0.78
4244,,0.75787,0.941,1.0,1.0,1.0,0.899,0.38461,0.67
4245,,0.67716,0.931,1.0,1.0,1.0,0.889,0.3039,0.56
4246,,0.59645,0.921,1.0,1.0,1.0,0.879,0.22319,0.45
4247,,0.51574,0.911,1.0,1.0,1.0,0.869,0.14248,0.34
4248,,0.43503,0.901,1.0,1.0,1.0,0.859,0.06177,0.23
4249,,0.35432,0.891,1.0,1.0,1.0,0.849,-0.01894,0.12
4250,7,0.28361,0.82,0.97071,1.0,1.0,0.92,1.0,0.091
4251,,0.2029,0.81,1.0,1.0,1.0,0.91,0.91929,-0.019
4252,8,0.20319,0.81,0.99971,1.0,0.99971,0.91,0.91958,1.0
4253,,0.12248,0.8,1.0,1.0,1.0,0.9,0.83887,0.89
4254,,0.04177,0.79,1.0,1.0,1.0,0.89,0.75816,0.78
4255,,-0.03894,0.78,1.0,1.0,1.0,0.88,0.67745,0.67
4256,1,1.0,0.851,1.0,1.0,0.97071,0.809,0.60674,0.641
4257,,0.91929,0.841,1.0,1.0,1.0,0.799,0.52603,0.531
4258,,0.83858,0.831,1.0,1.0,1.0,0.789,0.44532,0.421
4259,,0.75787,0.821,1.0,1.0,1.0,0.779,0.36461,0.311
4260,,0.67716,0.811,1.0,1.0,1.0,0.769,0.2839,0.201
4261,,0.59645,0.801,1.0,1.0,1.0,0.759,0.20319,0.091
4262,,0.51574,0.791,1.0,1.0,1.0,0.749,0.12248,-0.019
4263,8,0.51603,0.791,0.99971,1.0,0.99971,0.749,0.12277,1.0
4264,,0.43532,0.781,1.0,1.0,1.0,0.739,0.04206,0.89
4265,,0.35461,0.771,1.0,1.0,1.0,0.729,-0.03865,0.78
4266,7,0.2839,0.7,0.97071,1.0,1.0,0.8,1.0,0.751
