step,active_motive,motive_1,motive_2,motive_3,motive_4,motive_5,motive_6,motive_7,motive_8
0,,-0.25092,0.90143,0.46399,0.19732,-0.68796,-0.68801,-0.88383,0.73235
1,7,-0.25092,0.90114,0.46399,0.19703,-0.68796,-0.68772,1.0,0.73264
2,5,-0.35092,0.90085,0.56399,0.33874,1.0,-0.68743,0.9,0.59093
3,6,-0.42192,0.87156,0.59299,0.40945,1.0,1.0,0.871,0.52022
4,1,1.0,1.0,0.69299,0.40916,0.9,0.85829,0.771,0.52051
5,,0.9,0.97071,0.69299,0.37987,0.8,0.68758,0.571,0.3498
6,,0.8,0.94142,0.69299,0.35058,0.7,0.51687,0.371,0.17909
7,,0.7,0.91213,0.69299,0.32129,0.6,0.34616,0.171,0.00838
8,,0.6,0.88284,0.69299,0.292,0.5,0.17545,-0.029,-0.16233
9,8,0.671,0.95355,0.72199,0.26271,0.429,0.10474,-0.058,1.0
10,7,0.671,0.95326,0.72199,0.26242,0.429,0.10503,1.0,1.0
11,,0.571,0.92397,0.72199,0.23313,0.329,-0.06568,0.8,0.82929
12,6,0.5,0.89468,0.75099,0.30384,0.4,1.0,0.771,0.75858
13,,0.4,0.86539,0.75099,0.27455,0.3,0.82929,0.571,0.58787
14,,0.3,0.8361,0.75099,0.24526,0.2,0.65858,0.371,0.41716
15,,0.2,0.80681,0.75099,0.21597,0.1,0.48787,0.171,0.24645
16,,0.1,0.77752,0.75099,0.18668,0.0,0.31716,-0.029,0.07574
17,7,0.1,0.77723,0.75099,0.18639,0.0,0.31745,1.0,0.07603
18,,0.0,0.74794,0.75099,0.1571,-0.1,0.14674,0.8,-0.09468
19,5,-0.1,0.74765,0.85099,0.29881,1.0,0.14703,0.7,-0.23639
20,8,-0.029,0.81836,0.87999,0.26952,0.929,0.07632,0.671,1.0
21,1,1.0,0.96007,0.97999,0.26923,0.829,-0.06539,0.571,1.0
22,6,0.929,0.93078,1.0,0.33994,0.9,1.0,0.542,0.92929
23,,0.829,0.90149,1.0,0.31065,0.8,0.82929,0.342,0.75858
24,,0.729,0.8722,1.0,0.28136,0.7,0.65858,0.142,0.58787
25,,0.629,0.84291,1.0,0.25207,0.6,0.48787,-0.058,0.41716
26,7,0.629,0.84262,1.0,0.25178,0.6,0.48816,1.0,0.41745
27,,0.529,0.81333,1.0,0.22249,0.5,0.31745,0.8,0.24674
28,,0.429,0.78404,1.0,0.1932,0.4,0.14674,0.6,0.07603
29,,0.329,0.75475,1.0,0.16391,0.3,-0.02397,0.4,-0.09468
30,8,0.4,0.82546,1.0,0.13462,0.229,-0.09468,0.371,1.0
31,6,0.329,0.79617,1.0,0.20533,0.3,1.0,0.342,0.92929
32,,0.229,0.76688,1.0,0.17604,0.2,0.82929,0.142,0.75858
33,,0.129,0.73759,1.0,0.14675,0.1,0.65858,-0.058,0.58787
34,7,0.129,0.7373,1.0,0.14646,0.1,0.65887,1.0,0.58816
35,,0.029,0.70801,1.0,0.11717,0.0,0.48816,0.8,0.41745
36,,-0.071,0.67872,1.0,0.08788,-0.1,0.31745,0.6,0.24674
37,5,-0.171,0.67843,1.0,0.22959,1.0,0.31774,0.5,0.10503
38,1,1.0,0.82014,1.0,0.2293,0.9,0.17603,0.4,0.10532
39,,0.9,0.79085,1.0,0.20001,0.8,0.00532,0.2,-0.06539
40,8,0.971,0.86156,1.0,0.17072,0.729,-0.06539,0.171,1.0
41,6,0.9,0.83227,1.0,0.24143,0.8,1.0,0.142,0.92929
42,,0.8,0.80298,1.0,0.21214,0.7,0.82929,-0.058,0.75858
43,7,0.8,0.80269,1.0,0.21185,0.7,0.82958,1.0,0.75887
44,,0.7,0.7734,1.0,0.18256,0.6,0.65887,0.8,0.58816
45,,0.6,0.74411,1.0,0.15327,0.5,0.48816,0.6,0.41745
46,,0.5,0.71482,1.0,0.12398,0.4,0.31745,0.4,0.24674
47,,0.4,0.68553,1.0,0.09469,0.3,0.14674,0.2,0.07603
48,,0.3,0.65624,1.0,0.0654,0.2,-0.02397,0.0,-0.09468
49,8,0.371,0.72695,1.0,0.03611,0.129,-0.09468,-0.029,1.0
50,6,0.3,0.69766,1.0,0.10682,0.2,1.0,-0.058,0.92929
51,7,0.3,0.69737,1.0,0.10653,0.2,1.0,1.0,0.92958
52,,0.2,0.66808,1.0,0.07724,0.1,0.82929,0.8,0.75887
53,,0.1,0.63879,1.0,0.04795,0.0,0.65858,0.6,0.58816
54,,0.0,0.6095,1.0,0.01866,-0.1,0.48787,0.4,0.41745
55,5,-0.1,0.60921,1.0,0.16037,1.0,0.48816,0.3,0.27574
56,1,1.0,0.75092,1.0,0.16008,0.9,0.34645,0.2,0.27603
57,,0.9,0.72163,1.0,0.13079,0.8,0.17574,0.0,0.10532
58,,0.8,0.69234,1.0,0.1015,0.7,0.00503,-0.2,-0.06539
59,7,0.8,0.69205,1.0,0.10121,0.7,0.00532,1.0,-0.0651
60,8,0.871,0.76276,1.0,0.07192,0.629,-0.06539,0.971,1.0
61,6,0.8,0.73347,1.0,0.14263,0.7,1.0,0.942,0.92929
62,,0.7,0.70418,1.0,0.11334,0.6,0.82929,0.742,0.75858
63,,0.6,0.67489,1.0,0.08405,0.5,0.65858,0.542,0.58787
64,,0.5,0.6456,1.0,0.05476,0.4,0.48787,0.342,0.41716
65,,0.4,0.61631,1.0,0.02547,0.3,0.31716,0.142,0.24645
66,,0.3,0.58702,1.0,-0.00382,0.2,0.14645,-0.058,0.07574
67,7,0.3,0.58673,1.0,-0.00411,0.2,0.14674,1.0,0.07603
68,4,0.229,0.65744,1.0,1.0,0.271,0.07603,0.829,-0.09468
69,8,0.3,0.72815,1.0,0.97071,0.2,0.00532,0.8,1.0
70,,0.2,0.69886,1.0,0.94142,0.1,-0.16539,0.6,0.82929
71,6,0.129,0.66957,1.0,1.0,0.171,1.0,0.571,0.75858
72,,0.029,0.64028,1.0,0.97071,0.071,0.82929,0.371,0.58787
73,,-0.071,0.61099,1.0,0.94142,-0.029,0.65858,0.171,0.41716
74,1,1.0,0.7527,1.0,0.94113,-0.129,0.51687,0.071,0.41745
75,5,0.9,0.75241,1.0,1.0,1.0,0.51716,-0.029,0.27574
76,7,0.9,0.75212,1.0,0.99971,1.0,0.51745,1.0,0.27603
77,,0.8,0.72283,1.0,0.97042,0.9,0.34674,0.8,0.10532
78,,0.7,0.69354,1.0,0.94113,0.8,0.17603,0.6,-0.06539
79,8,0.771,0.76425,1.0,0.91184,0.729,0.10532,0.571,1.0
80,,0.671,0.73496,1.0,0.88255,0.629,-0.06539,0.371,0.82929
81,6,0.6,0.70567,1.0,0.95326,0.7,1.0,0.342,0.75858
82,,0.5,0.67638,1.0,0.92397,0.6,0.82929,0.142,0.58787
83,,0.4,0.64709,1.0,0.89468,0.5,0.65858,-0.058,0.41716
84,7,0.4,0.6468,1.0,0.89439,0.5,0.65887,1.0,0.41745
85,,0.3,0.61751,1.0,0.8651,0.4,0.48816,0.8,0.24674
86,,0.2,0.58822,1.0,0.83581,0.3,0.31745,0.6,0.07603
87,,0.1,0.55893,1.0,0.80652,0.2,0.14674,0.4,-0.09468
88,8,0.171,0.62964,1.0,0.77723,0.129,0.07603,0.371,1.0
89,,0.071,0.60035,1.0,0.74794,0.029,-0.09468,0.171,0.82929
90,6,-0.0,0.57106,1.0,0.81865,0.1,1.0,0.142,0.75858
91,,-0.1,0.54177,1.0,0.78936,0.0,0.82929,-0.058,0.58787
92,1,1.0,0.68348,1.0,0.78907,-0.1,0.68758,-0.158,0.58816
93,7,1.0,0.68319,1.0,0.78878,-0.1,0.68787,1.0,0.58845
94,5,0.9,0.6829,1.0,0.93049,1.0,0.68816,0.9,0.44674
95,,0.8,0.65361,1.0,0.9012,0.9,0.51745,0.7,0.27603
96,,0.7,0.62432,1.0,0.87191,0.8,0.34674,0.5,0.10532
97,,0.6,0.59503,1.0,0.84262,0.7,0.17603,0.3,-0.06539
98,8,0.671,0.66574,1.0,0.81333,0.629,0.10532,0.271,1.0
99,,0.571,0.63645,1.0,0.78404,0.529,-0.06539,0.071,0.82929
100,6,0.5,0.60716,1.0,0.85475,0.6,1.0,0.042,0.75858
101,,0.4,0.57787,1.0,0.82546,0.5,0.82929,-0.158,0.58787
102,7,0.4,0.57758,1.0,0.82517,0.5,0.82958,1.0,0.58816
103,,0.3,0.54829,1.0,0.79588,0.4,0.65887,0.8,0.41745
104,,0.2,0.519,1.0,0.76659,0.3,0.48816,0.6,0.24674
105,,0.1,0.48971,1.0,0.7373,0.2,0.31745,0.4,0.07603
106,,0.0,0.46042,1.0,0.70801,0.1,0.14674,0.2,-0.09468
107,8,0.071,0.53113,1.0,0.67872,0.029,0.07603,0.171,1.0
108,,-0.029,0.50184,1.0,0.64943,-0.071,-0.09468,-0.029,0.82929
109,6,-0.1,0.47255,1.0,0.72014,0.0,1.0,-0.058,0.75858
110,1,1.0,0.61426,1.0,0.71985,-0.1,0.85829,-0.158,0.75887
111,7,1.0,0.61397,1.0,0.71956,-0.1,0.85858,1.0,0.75916
112,5,0.9,0.61368,1.0,0.86127,1.0,0.85887,0.9,0.61745
113,,0.8,0.58439,1.0,0.83198,0.9,0.68816,0.7,0.44674
114,,0.7,0.5551,1.0,0.80269,0.8,0.51745,0.5,0.27603
115,,0.6,0.52581,1.0,0.7734,0.7,0.34674,0.3,0.10532
116,,0.5,0.49652,1.0,0.74411,0.6,0.17603,0.1,-0.06539
117,8,0.571,0.56723,1.0,0.71482,0.529,0.10532,0.071,1.0
118,,0.471,0.53794,1.0,0.68553,0.429,-0.06539,-0.129,0.82929
119,7,0.471,0.53765,1.0,0.68524,0.429,-0.0651,1.0,0.82958
120,6,0.4,0.50836,1.0,0.75595,0.5,1.0,0.971,0.75887
121,,0.3,0.47907,1.0,0.72666,0.4,0.82929,0.771,0.58816
122,,0.2,0.44978,1.0,0.69737,0.3,0.65858,0.571,0.41745
123,,0.1,0.42049,1.0,0.66808,0.2,0.48787,0.371,0.24674
124,,0.0,0.3912,1.0,0.63879,0.1,0.31716,0.171,0.07603
125,,-0.1,0.36191,1.0,0.6095,0.0,0.14645,-0.029,-0.09468
126,1,1.0,0.50362,1.0,0.60921,-0.1,0.00474,-0.129,-0.09439
127,7,1.0,0.50333,1.0,0.60892,-0.1,0.00503,1.0,-0.0941
128,5,0.9,0.50304,1.0,0.75063,1.0,0.00532,0.9,-0.23581
129,8,0.971,0.57375,1.0,0.72134,0.929,-0.06539,0.871,1.0
130,6,0.9,0.54446,1.0,0.79205,1.0,1.0,0.842,0.92929
131,,0.8,0.51517,1.0,0.76276,0.9,0.82929,0.642,0.75858
132,,0.7,0.48588,1.0,0.73347,0.8,0.65858,0.442,0.58787
133,,0.6,0.45659,1.0,0.70418,0.7,0.48787,0.242,0.41716
134,,0.5,0.4273,1.0,0.67489,0.6,0.31716,0.042,0.24645
135,,0.4,0.39801,1.0,0.6456,0.5,0.14645,-0.158,0.07574
136,7,0.4,0.39772,1.0,0.64531,0.5,0.14674,1.0,0.07603
137,,0.3,0.36843,1.0,0.61602,0.4,-0.02397,0.8,-0.09468
138,8,0.371,0.43914,1.0,0.58673,0.329,-0.09468,0.771,1.0
139,6,0.3,0.40985,1.0,0.65744,0.4,1.0,0.742,0.92929
140,,0.2,0.38056,1.0,0.62815,0.3,0.82929,0.542,0.75858
141,,0.1,0.35127,1.0,0.59886,0.2,0.65858,0.342,0.58787
142,,0.0,0.32198,1.0,0.56957,0.1,0.48787,0.142,0.41716
143,,-0.1,0.29269,1.0,0.54028,0.0,0.31716,-0.058,0.24645
144,1,1.0,0.4344,1.0,0.53999,-0.1,0.17545,-0.158,0.24674
145,7,1.0,0.43411,1.0,0.5397,-0.1,0.17574,1.0,0.24703
146,5,0.9,0.43382,1.0,0.68141,1.0,0.17603,0.9,0.10532
147,,0.8,0.40453,1.0,0.65212,0.9,0.00532,0.7,-0.06539
148,8,0.871,0.47524,1.0,0.62283,0.829,-0.06539,0.671,1.0
149,6,0.8,0.44595,1.0,0.69354,0.9,1.0,0.642,0.92929
150,,0.7,0.41666,1.0,0.66425,0.8,0.82929,0.442,0.75858
151,,0.6,0.38737,1.0,0.63496,0.7,0.65858,0.242,0.58787
152,,0.5,0.35808,1.0,0.60567,0.6,0.48787,0.042,0.41716
153,,0.4,0.32879,1.0,0.57638,0.5,0.31716,-0.158,0.24645
154,7,0.4,0.3285,1.0,0.57609,0.5,0.31745,1.0,0.24674
155,,0.3,0.29921,1.0,0.5468,0.4,0.14674,0.8,0.07603
156,,0.2,0.26992,1.0,0.51751,0.3,-0.02397,0.6,-0.09468
157,8,0.271,0.34063,1.0,0.48822,0.229,-0.09468,0.571,1.0
158,6,0.2,0.31134,1.0,0.55893,0.3,1.0,0.542,0.92929
159,,0.1,0.28205,1.0,0.52964,0.2,0.82929,0.342,0.75858
160,,0.0,0.25276,1.0,0.50035,0.1,0.65858,0.142,0.58787
161,,-0.1,0.22347,1.0,0.47106,0.0,0.48787,-0.058,0.41716
162,1,1.0,0.36518,1.0,0.47077,-0.1,0.34616,-0.158,0.41745
163,7,1.0,0.36489,1.0,0.47048,-0.1,0.34645,1.0,0.41774
164,5,0.9,0.3646,1.0,0.61219,1.0,0.34674,0.9,0.27603
165,,0.8,0.33531,1.0,0.5829,0.9,0.17603,0.7,0.10532
166,,0.7,0.30602,1.0,0.55361,0.8,0.00532,0.5,-0.06539
167,8,0.771,0.37673,1.0,0.52432,0.729,-0.06539,0.471,1.0
168,6,0.7,0.34744,1.0,0.59503,0.8,1.0,0.442,0.92929
169,,0.6,0.31815,1.0,0.56574,0.7,0.82929,0.242,0.75858
170,,0.5,0.28886,1.0,0.53645,0.6,0.65858,0.042,0.58787
171,,0.4,0.25957,1.0,0.50716,0.5,0.48787,-0.158,0.41716
172,7,0.4,0.25928,1.0,0.50687,0.5,0.48816,1.0,0.41745
173,,0.3,0.22999,1.0,0.47758,0.4,0.31745,0.8,0.24674
174,,0.2,0.2007,1.0,0.44829,0.3,0.14674,0.6,0.07603
175,,0.1,0.17141,1.0,0.419,0.2,-0.02397,0.4,-0.09468
176,8,0.171,0.24212,1.0,0.38971,0.129,-0.09468,0.371,1.0
177,6,0.1,0.21283,1.0,0.46042,0.2,1.0,0.342,0.92929
178,,0.0,0.18354,1.0,0.43113,0.1,0.82929,0.142,0.75858
179,,-0.1,0.15425,1.0,0.40184,0.0,0.65858,-0.058,0.58787
180,1,1.0,0.29596,1.0,0.40155,-0.1,0.51687,-0.158,0.58816
181,7,1.0,0.29567,1.0,0.40126,-0.1,0.51716,1.0,0.58845
182,5,0.9,0.29538,1.0,0.54297,1.0,0.51745,0.9,0.44674
183,,0.8,0.26609,1.0,0.51368,0.9,0.34674,0.7,0.27603
184,,0.7,0.2368,1.0,0.48439,0.8,0.17603,0.5,0.10532
185,,0.6,0.20751,1.0,0.4551,0.7,0.00532,0.3,-0.06539
186,8,0.671,0.27822,1.0,0.42581,0.629,-0.06539,0.271,1.0
187,6,0.6,0.24893,1.0,0.49652,0.7,1.0,0.242,0.92929
188,,0.5,0.21964,1.0,0.46723,0.6,0.82929,0.042,0.75858
189,,0.4,0.19035,1.0,0.43794,0.5,0.65858,-0.158,0.58787
190,7,0.4,0.19006,1.0,0.43765,0.5,0.65887,1.0,0.58816
191,,0.3,0.16077,1.0,0.40836,0.4,0.48816,0.8,0.41745
192,,0.2,0.13148,1.0,0.37907,0.3,0.31745,0.6,0.24674
193,,0.1,0.10219,1.0,0.34978,0.2,0.14674,0.4,0.07603
194,,0.0,0.0729,1.0,0.32049,0.1,-0.02397,0.2,-0.09468
195,8,0.071,0.14361,1.0,0.2912,0.029,-0.09468,0.171,1.0
196,6,-0.0,0.11432,1.0,0.36191,0.1,1.0,0.142,0.92929
197,,-0.1,0.08503,1.0,0.33262,0.0,0.82929,-0.058,0.75858
198,1,1.0,0.22674,1.0,0.33233,-0.1,0.68758,-0.158,0.75887
199,7,1.0,0.22645,1.0,0.33204,-0.1,0.68787,1.0,0.75916
200,5,0.9,0.22616,1.0,0.47375,1.0,0.68816,0.9,0.61745
201,,0.8,0.19687,1.0,0.44446,0.9,0.51745,0.7,0.44674
202,,0.7,0.16758,1.0,0.41517,0.8,0.34674,0.5,0.27603
203,,0.6,0.13829,1.0,0.38588,0.7,0.17603,0.3,0.10532
204,,0.5,0.109,1.0,0.35659,0.6,0.00532,0.1,-0.06539
205,8,0.571,0.17971,1.0,0.3273,0.529,-0.06539,0.071,1.0
206,6,0.5,0.15042,1.0,0.39801,0.6,1.0,0.042,0.92929
207,,0.4,0.12113,1.0,0.36872,0.5,0.82929,-0.158,0.75858
208,7,0.4,0.12084,1.0,0.36843,0.5,0.82958,1.0,0.75887
209,,0.3,0.09155,1.0,0.33914,0.4,0.65887,0.8,0.58816
210,,0.2,0.06226,1.0,0.30985,0.3,0.48816,0.6,0.41745
211,,0.1,0.03297,1.0,0.28056,0.2,0.31745,0.4,0.24674
212,,0.0,0.00368,1.0,0.25127,0.1,0.14674,0.2,0.07603
213,,-0.1,-0.02561,1.0,0.22198,0.0,-0.02397,0.0,-0.09468
214,1,1.0,0.1161,1.0,0.22169,-0.1,-0.16568,-0.1,-0.09439
215,6,0.929,0.08681,1.0,0.2924,-0.029,1.0,-0.129,-0.1651
216,8,1.0,0.15752,1.0,0.26311,-0.1,0.92929,-0.158,1.0
217,7,1.0,0.15723,1.0,0.26282,-0.1,0.92958,1.0,1.0
218,5,0.9,0.15694,1.0,0.40453,1.0,0.92987,0.9,0.85829
219,,0.8,0.12765,1.0,0.37524,0.9,0.75916,0.7,0.68758
220,,0.7,0.09836,1.0,0.34595,0.8,0.58845,0.5,0.51687
221,,0.6,0.06907,1.0,0.31666,0.7,0.41774,0.3,0.34616
222,,0.5,0.03978,1.0,0.28737,0.6,0.24703,0.1,0.17545
223,,0.4,0.01049,1.0,0.25808,0.5,0.07632,-0.1,0.00474
224,7,0.4,0.0102,1.0,0.25779,0.5,0.07661,1.0,0.00503
225,,0.3,-0.01909,1.0,0.2285,0.4,-0.0941,0.8,-0.16568
226,8,0.371,0.05162,1.0,0.19921,0.329,-0.16481,0.771,1.0
227,6,0.3,0.02233,1.0,0.26992,0.4,1.0,0.742,0.92929
228,,0.2,-0.00696,1.0,0.24063,0.3,0.82929,0.542,0.75858
229,2,0.271,1.0,1.0,0.31134,0.229,0.65858,0.371,0.68787
230,,0.171,0.97071,1.0,0.28205,0.129,0.48787,0.171,0.51716
231,,0.071,0.94142,1.0,0.25276,0.029,0.31716,-0.029,0.34645
232,7,0.071,0.94113,1.0,0.25247,0.029,0.31745,1.0,0.34674
233,,-0.029,0.91184,1.0,0.22318,-0.071,0.14674,0.8,0.17603
234,5,-0.129,0.91155,1.0,0.36489,1.0,0.14703,0.7,0.03432
235,1,1.0,1.0,1.0,0.3646,0.9,0.00532,0.6,0.03461
236,,0.9,0.97071,1.0,0.33531,0.8,-0.16539,0.4,-0.1361
237,6,0.829,0.94142,1.0,0.40602,0.871,1.0,0.371,-0.20681
238,8,0.9,1.0,1.0,0.37673,0.8,0.92929,0.342,1.0
239,,0.8,0.97071,1.0,0.34744,0.7,0.75858,0.142,0.82929
240,,0.7,0.94142,1.0,0.31815,0.6,0.58787,-0.058,0.65858
241,7,0.7,0.94113,1.0,0.31786,0.6,0.58816,1.0,0.65887
242,,0.6,0.91184,1.0,0.28857,0.5,0.41745,0.8,0.48816
243,,0.5,0.88255,1.0,0.25928,0.4,0.24674,0.6,0.31745
244,,0.4,0.85326,1.0,0.22999,0.3,0.07603,0.4,0.14674
245,,0.3,0.82397,1.0,0.2007,0.2,-0.09468,0.2,-0.02397
246,6,0.229,0.79468,1.0,0.27141,0.271,1.0,0.171,-0.09468
247,8,0.3,0.86539,1.0,0.24212,0.2,0.92929,0.142,1.0
248,,0.2,0.8361,1.0,0.21283,0.1,0.75858,-0.058,0.82929
249,7,0.2,0.83581,1.0,0.21254,0.1,0.75887,1.0,0.82958
250,,0.1,0.80652,1.0,0.18325,0.0,0.58816,0.8,0.65887
251,,0.0,0.77723,1.0,0.15396,-0.1,0.41745,0.6,0.48816
252,5,-0.1,0.77694,1.0,0.29567,1.0,0.41774,0.5,0.34645
253,1,1.0,0.91865,1.0,0.29538,0.9,0.27603,0.4,0.34674
254,,0.9,0.88936,1.0,0.26609,0.8,0.10532,0.2,0.17603
255,,0.8,0.86007,1.0,0.2368,0.7,-0.06539,0.0,0.00532
256,6,0.729,0.83078,1.0,0.30751,0.771,1.0,-0.029,-0.06539
257,8,0.8,0.90149,1.0,0.27822,0.7,0.92929,-0.058,1.0
258,7,0.8,0.9012,1.0,0.27793,0.7,0.92958,1.0,1.0
259,,0.7,0.87191,1.0,0.24864,0.6,0.75887,0.8,0.82929
260,,0.6,0.84262,1.0,0.21935,0.5,0.58816,0.6,0.65858
261,,0.5,0.81333,1.0,0.19006,0.4,0.41745,0.4,0.48787
262,,0.4,0.78404,1.0,0.16077,0.3,0.24674,0.2,0.31716
263,,0.3,0.75475,1.0,0.13148,0.2,0.07603,0.0,0.14645
264,,0.2,0.72546,1.0,0.10219,0.1,-0.09468,-0.2,-0.02426
265,7,0.2,0.72517,1.0,0.1019,0.1,-0.09439,1.0,-0.02397
266,6,0.129,0.69588,1.0,0.17261,0.171,1.0,0.971,-0.09468
267,8,0.2,0.76659,1.0,0.14332,0.1,0.92929,0.942,1.0
268,,0.1,0.7373,1.0,0.11403,0.0,0.75858,0.742,0.82929
269,,0.0,0.70801,1.0,0.08474,-0.1,0.58787,0.542,0.65858
270,5,-0.1,0.70772,1.0,0.22645,1.0,0.58816,0.442,0.51687
271,1,1.0,0.84943,1.0,0.22616,0.9,0.44645,0.342,0.51716
272,,0.9,0.82014,1.0,0.19687,0.8,0.27574,0.142,0.34645
273,,0.8,0.79085,1.0,0.16758,0.7,0.10503,-0.058,0.17574
274,7,0.8,0.79056,1.0,0.16729,0.7,0.10532,1.0,0.17603
275,,0.7,0.76127,1.0,0.138,0.6,-0.06539,0.8,0.00532
276,6,0.629,0.73198,1.0,0.20871,0.671,1.0,0.771,-0.06539
277,8,0.7,0.80269,1.0,0.17942,0.6,0.92929,0.742,1.0
278,,0.6,0.7734,1.0,0.15013,0.5,0.75858,0.542,0.82929
279,,0.5,0.74411,1.0,0.12084,0.4,0.58787,0.342,0.65858
280,,0.4,0.71482,1.0,0.09155,0.3,0.41716,0.142,0.48787
281,,0.3,0.68553,1.0,0.06226,0.2,0.24645,-0.058,0.31716
282,7,0.3,0.68524,1.0,0.06197,0.2,0.24674,1.0,0.31745
283,,0.2,0.65595,1.0,0.03268,0.1,0.07603,0.8,0.14674
284,,0.1,0.62666,1.0,0.00339,0.0,-0.09468,0.6,-0.02397
285,6,0.029,0.59737,1.0,0.0741,0.071,1.0,0.571,-0.09468
286,8,0.1,0.66808,1.0,0.04481,-0.0,0.92929,0.542,1.0
287,,0.0,0.63879,1.0,0.01552,-0.1,0.75858,0.342,0.82929
288,5,-0.1,0.6385,1.0,0.15723,1.0,0.75887,0.242,0.68758
289,1,1.0,0.78021,1.0,0.15694,0.9,0.61716,0.142,0.68787
290,,0.9,0.75092,1.0,0.12765,0.8,0.44645,-0.058,0.51716
291,7,0.9,0.75063,1.0,0.12736,0.8,0.44674,1.0,0.51745
292,,0.8,0.72134,1.0,0.09807,0.7,0.27603,0.8,0.34674
293,,0.7,0.69205,1.0,0.06878,0.6,0.10532,0.6,0.17603
294,,0.6,0.66276,1.0,0.03949,0.5,-0.06539,0.4,0.00532
295,6,0.529,0.63347,1.0,0.1102,0.571,1.0,0.371,-0.06539
296,8,0.6,0.70418,1.0,0.08091,0.5,0.92929,0.342,1.0
297,,0.5,0.67489,1.0,0.05162,0.4,0.75858,0.142,0.82929
298,,0.4,0.6456,1.0,0.02233,0.3,0.58787,-0.058,0.65858
299,7,0.4,0.64531,1.0,0.02204,0.3,0.58816,1.0,0.65887
300,,0.3,0.61602,1.0,-0.00725,0.2,0.41745,0.8,0.48816
301,4,0.229,0.68673,1.0,1.0,0.271,0.34674,0.629,0.31745
302,,0.129,0.65744,1.0,0.97071,0.171,0.17603,0.429,0.14674
303,,0.029,0.62815,1.0,0.94142,0.071,0.00532,0.229,-0.02397
304,8,0.1,0.69886,1.0,0.91213,-0.0,-0.06539,0.2,1.0
305,6,0.029,0.66957,1.0,0.98284,0.071,1.0,0.171,0.92929
306,,-0.071,0.64028,1.0,0.95355,-0.029,0.82929,-0.029,0.75858
307,1,1.0,0.78199,1.0,0.95326,-0.129,0.68758,-0.129,0.75887
308,7,1.0,0.7817,1.0,0.95297,-0.129,0.68787,1.0,0.75916
309,5,0.9,0.78141,1.0,1.0,1.0,0.68816,0.9,0.61745
310,,0.8,0.75212,1.0,0.97071,0.9,0.51745,0.7,0.44674
311,,0.7,0.72283,1.0,0.94142,0.8,0.34674,0.5,0.27603
312,,0.6,0.69354,1.0,0.91213,0.7,0.17603,0.3,0.10532
313,,0.5,0.66425,1.0,0.88284,0.6,0.00532,0.1,-0.06539
314,8,0.571,0.73496,1.0,0.85355,0.529,-0.06539,0.071,1.0
315,6,0.5,0.70567,1.0,0.92426,0.6,1.0,0.042,0.92929
316,,0.4,0.67638,1.0,0.89497,0.5,0.82929,-0.158,0.75858
317,7,0.4,0.67609,1.0,0.89468,0.5,0.82958,1.0,0.75887
318,,0.3,0.6468,1.0,0.86539,0.4,0.65887,0.8,0.58816
319,,0.2,0.61751,1.0,0.8361,0.3,0.48816,0.6,0.41745
320,,0.1,0.58822,1.0,0.80681,0.2,0.31745,0.4,0.24674
321,,0.0,0.55893,1.0,0.77752,0.1,0.14674,0.2,0.07603
322,,-0.1,0.52964,1.0,0.74823,0.0,-0.02397,0.0,-0.09468
323,1,1.0,0.67135,1.0,0.74794,-0.1,-0.16568,-0.1,-0.09439
324,6,0.929,0.64206,1.0,0.81865,-0.029,1.0,-0.129,-0.1651
325,8,1.0,0.71277,1.0,0.78936,-0.1,0.92929,-0.158,1.0
326,7,1.0,0.71248,1.0,0.78907,-0.1,0.92958,1.0,1.0
327,5,0.9,0.71219,1.0,0.93078,1.0,0.92987,0.9,0.85829
328,,0.8,0.6829,1.0,0.90149,0.9,0.75916,0.7,0.68758
329,,0.7,0.65361,1.0,0.8722,0.8,0.58845,0.5,0.51687
330,,0.6,0.62432,1.0,0.84291,0.7,0.41774,0.3,0.34616
331,,0.5,0.59503,1.0,0.81362,0.6,0.24703,0.1,0.17545
332,,0.4,0.56574,1.0,0.78433,0.5,0.07632,-0.1,0.00474
333,7,0.4,0.56545,1.0,0.78404,0.5,0.07661,1.0,0.00503
334,,0.3,0.53616,1.0,0.75475,0.4,-0.0941,0.8,-0.16568
335,8,0.371,0.60687,1.0,0.72546,0.329,-0.16481,0.771,1.0
336,6,0.3,0.57758,1.0,0.79617,0.4,1.0,0.742,0.92929
337,,0.2,0.54829,1.0,0.76688,0.3,0.82929,0.542,0.75858
338,,0.1,0.519,1.0,0.73759,0.2,0.65858,0.342,0.58787
339,,0.0,0.48971,1.0,0.7083,0.1,0.48787,0.142,0.41716
340,,-0.1,0.46042,1.0,0.67901,0.0,0.31716,-0.058,0.24645
341,1,1.0,0.60213,1.0,0.67872,-0.1,0.17545,-0.158,0.24674
342,7,1.0,0.60184,1.0,0.67843,-0.1,0.17574,1.0,0.24703
343,5,0.9,0.60155,1.0,0.82014,1.0,0.17603,0.9,0.10532
344,,0.8,0.57226,1.0,0.79085,0.9,0.00532,0.7,-0.06539
345,8,0.871,0.64297,1.0,0.76156,0.829,-0.06539,0.671,1.0
346,6,0.8,0.61368,1.0,0.83227,0.9,1.0,0.642,0.92929
347,,0.7,0.58439,1.0,0.80298,0.8,0.82929,0.442,0.75858
348,,0.6,0.5551,1.0,0.77369,0.7,0.65858,0.242,0.58787
349,,0.5,0.52581,1.0,0.7444,0.6,0.48787,0.042,0.41716
350,,0.4,0.49652,1.0,0.71511,0.5,0.31716,-0.158,0.24645
351,7,0.4,0.49623,1.0,0.71482,0.5,0.31745,1.0,0.24674
352,,0.3,0.46694,1.0,0.68553,0.4,0.14674,0.8,0.07603
353,,0.2,0.43765,1.0,0.65624,0.3,-0.02397,0.6,-0.09468
354,8,0.271,0.50836,1.0,0.62695,0.229,-0.09468,0.571,1.0
355,6,0.2,0.47907,1.0,0.69766,0.3,1.0,0.542,0.92929
356,,0.1,0.44978,1.0,0.66837,0.2,0.82929,0.342,0.75858
357,,0.0,0.42049,1.0,0.63908,0.1,0.65858,0.142,0.58787
358,,-0.1,0.3912,1.0,0.60979,0.0,0.48787,-0.058,0.41716
359,1,1.0,0.53291,1.0,0.6095,-0.1,0.34616,-0.158,0.41745
360,7,1.0,0.53262,1.0,0.60921,-0.1,0.34645,1.0,0.41774
361,5,0.9,0.53233,1.0,0.75092,1.0,0.34674,0.9,0.27603
362,,0.8,0.50304,1.0,0.72163,0.9,0.17603,0.7,0.10532
363,,0.7,0.47375,1.0,0.69234,0.8,0.00532,0.5,-0.06539
364,8,0.771,0.54446,1.0,0.66305,0.729,-0.06539,0.471,1.0
365,6,0.7,0.51517,1.0,0.73376,0.8,1.0,0.442,0.92929
366,,0.6,0.48588,1.0,0.70447,0.7,0.82929,0.242,0.75858
367,,0.5,0.45659,1.0,0.67518,0.6,0.65858,0.042,0.58787
368,,0.4,0.4273,1.0,0.64589,0.5,0.48787,-0.158,0.41716
369,7,0.4,0.42701,1.0,0.6456,0.5,0.48816,1.0,0.41745
370,,0.3,0.39772,1.0,0.61631,0.4,0.31745,0.8,0.24674
371,,0.2,0.36843,1.0,0.58702,0.3,0.14674,0.6,0.07603
372,,0.1,0.33914,1.0,0.55773,0.2,-0.02397,0.4,-0.09468
373,8,0.171,0.40985,1.0,0.52844,0.129,-0.09468,0.371,1.0
374,6,0.1,0.38056,1.0,0.59915,0.2,1.0,0.342,0.92929
375,,0.0,0.35127,1.0,0.56986,0.1,0.82929,0.142,0.75858
376,,-0.1,0.32198,1.0,0.54057,0.0,0.65858,-0.058,0.58787
377,1,1.0,0.46369,1.0,0.54028,-0.1,0.51687,-0.158,0.58816
378,7,1.0,0.4634,1.0,0.53999,-0.1,0.51716,1.0,0.58845
379,5,0.9,0.46311,1.0,0.6817,1.0,0.51745,0.9,0.44674
380,,0.8,0.43382,1.0,0.65241,0.9,0.34674,0.7,0.27603
381,,0.7,0.40453,1.0,0.62312,0.8,0.17603,0.5,0.10532
382,,0.6,0.37524,1.0,0.59383,0.7,0.00532,0.3,-0.06539
383,8,0.671,0.44595,1.0,0.56454,0.629,-0.06539,0.271,1.0
384,6,0.6,0.41666,1.0,0.63525,0.7,1.0,0.242,0.92929
385,,0.5,0.38737,1.0,0.60596,0.6,0.82929,0.042,0.75858
386,,0.4,0.35808,1.0,0.57667,0.5,0.65858,-0.158,0.58787
387,7,0.4,0.35779,1.0,0.57638,0.5,0.65887,1.0,0.58816
388,,0.3,0.3285,1.0,0.54709,0.4,0.48816,0.8,0.41745
389,,0.2,0.29921,1.0,0.5178,0.3,0.31745,0.6,0.24674
390,,0.1,0.26992,1.0,0.48851,0.2,0.14674,0.4,0.07603
391,,0.0,0.24063,1.0,0.45922,0.1,-0.02397,0.2,-0.09468
392,8,0.071,0.31134,1.0,0.42993,0.029,-0.09468,0.171,1.0
393,6,-0.0,0.28205,1.0,0.50064,0.1,1.0,0.142,0.92929
394,,-0.1,0.25276,1.0,0.47135,0.0,0.82929,-0.058,0.75858
395,1,1.0,0.39447,1.0,0.47106,-0.1,0.68758,-0.158,0.75887
396,7,1.0,0.39418,1.0,0.47077,-0.1,0.68787,1.0,0.75916
397,5,0.9,0.39389,1.0,0.61248,1.0,0.68816,0.9,0.61745
398,,0.8,0.3646,1.0,0.58319,0.9,0.51745,0.7,0.44674
399,,0.7,0.33531,1.0,0.5539,0.8,0.34674,0.5,0.27603
400,,0.6,0.30602,1.0,0.52461,0.7,0.17603,0.3,0.10532
401,,0.5,0.27673,1.0,0.49532,0.6,0.00532,0.1,-0.06539
402,8,0.571,0.34744,1.0,0.46603,0.529,-0.06539,0.071,1.0
403,6,0.5,0.31815,1.0,0.53674,0.6,1.0,0.042,0.92929
404,,0.4,0.28886,1.0,0.50745,0.5,0.82929,-0.158,0.75858
405,7,0.4,0.28857,1.0,0.50716,0.5,0.82958,1.0,0.75887
406,,0.3,0.25928,1.0,0.47787,0.4,0.65887,0.8,0.58816
407,,0.2,0.22999,1.0,0.44858,0.3,0.48816,0.6,0.41745
408,,0.1,0.2007,1.0,0.41929,0.2,0.31745,0.4,0.24674
409,,0.0,0.17141,1.0,0.39,0.1,0.14674,0.2,0.07603
410,,-0.1,0.14212,1.0,0.36071,0.0,-0.02397,0.0,-0.09468
411,1,1.0,0.28383,1.0,0.36042,-0.1,-0.16568,-0.1,-0.09439
412,6,0.929,0.25454,1.0,0.43113,-0.029,1.0,-0.129,-0.1651
413,8,1.0,0.32525,1.0,0.40184,-0.1,0.92929,-0.158,1.0
414,7,1.0,0.32496,1.0,0.40155,-0.1,0.92958,1.0,1.0
415,5,0.9,0.32467,1.0,0.54326,1.0,0.92987,0.9,0.85829
416,,0.8,0.29538,1.0,0.51397,0.9,0.75916,0.7,0.68758
417,,0.7,0.26609,1.0,0.48468,0.8,0.58845,0.5,0.51687
418,,0.6,0.2368,1.0,0.45539,0.7,0.41774,0.3,0.34616
419,,0.5,0.20751,1.0,0.4261,0.6,0.24703,0.1,0.17545
420,,0.4,0.17822,1.0,0.39681,0.5,0.07632,-0.1,0.00474
421,7,0.4,0.17793,1.0,0.39652,0.5,0.07661,1.0,0.00503
422,,0.3,0.14864,1.0,0.36723,0.4,-0.0941,0.8,-0.16568
423,8,0.371,0.21935,1.0,0.33794,0.329,-0.16481,0.771,1.0
424,6,0.3,0.19006,1.0,0.40865,0.4,1.0,0.742,0.92929
425,,0.2,0.16077,1.0,0.37936,0.3,0.82929,0.542,0.75858
426,,0.1,0.13148,1.0,0.35007,0.2,0.65858,0.342,0.58787
427,,0.0,0.10219,1.0,0.32078,0.1,0.48787,0.142,0.41716
428,,-0.1,0.0729,1.0,0.29149,0.0,0.31716,-0.058,0.24645
429,1,1.0,0.21461,1.0,0.2912,-0.1,0.17545,-0.158,0.24674
430,7,1.0,0.21432,1.0,0.29091,-0.1,0.17574,1.0,0.24703
431,5,0.9,0.21403,1.0,0.43262,1.0,0.17603,0.9,0.10532
432,,0.8,0.18474,1.0,0.40333,0.9,0.00532,0.7,-0.06539
433,8,0.871,0.25545,1.0,0.37404,0.829,-0.06539,0.671,1.0
434,6,0.8,0.22616,1.0,0.44475,0.9,1.0,0.642,0.92929
435,,0.7,0.19687,1.0,0.41546,0.8,0.82929,0.442,0.75858
436,,0.6,0.16758,1.0,0.38617,0.7,0.65858,0.242,0.58787
437,,0.5,0.13829,1.0,0.35688,0.6,0.48787,0.042,0.41716
438,,0.4,0.109,1.0,0.32759,0.5,0.31716,-0.158,0.24645
439,7,0.4,0.10871,1.0,0.3273,0.5,0.31745,1.0,0.24674
440,,0.3,0.07942,1.0,0.29801,0.4,0.14674,0.8,0.07603
441,,0.2,0.05013,1.0,0.26872,0.3,-0.02397,0.6,-0.09468
442,8,0.271,0.12084,1.0,0.23943,0.229,-0.09468,0.571,1.0
443,6,0.2,0.09155,1.0,0.31014,0.3,1.0,0.542,0.92929
444,,0.1,0.06226,1.0,0.28085,0.2,0.82929,0.342,0.75858
445,,0.0,0.03297,1.0,0.25156,0.1,0.65858,0.142,0.58787
446,,-0.1,0.00368,1.0,0.22227,0.0,0.48787,-0.058,0.41716
447,1,1.0,0.14539,1.0,0.22198,-0.1,0.34616,-0.158,0.41745
448,7,1.0,0.1451,1.0,0.22169,-0.1,0.34645,1.0,0.41774
449,5,0.9,0.14481,1.0,0.3634,1.0,0.34674,0.9,0.27603
450,,0.8,0.11552,1.0,0.33411,0.9,0.17603,0.7,0.10532
451,,0.7,0.08623,1.0,0.30482,0.8,0.00532,0.5,-0.06539
452,8,0.771,0.15694,1.0,0.27553,0.729,-0.06539,0.471,1.0
453,6,0.7,0.12765,1.0,0.34624,0.8,1.0,0.442,0.92929
454,,0.6,0.09836,1.0,0.31695,0.7,0.82929,0.242,0.75858
455,,0.5,0.06907,1.0,0.28766,0.6,0.65858,0.042,0.58787
456,,0.4,0.03978,1.0,0.25837,0.5,0.48787,-0.158,0.41716
457,7,0.4,0.03949,1.0,0.25808,0.5,0.48816,1.0,0.41745
458,,0.3,0.0102,1.0,0.22879,0.4,0.31745,0.8,0.24674
459,,0.2,-0.01909,1.0,0.1995,0.3,0.14674,0.6,0.07603
460,2,0.271,1.0,1.0,0.27021,0.229,-0.02397,0.429,0.00532
461,6,0.2,0.97071,1.0,0.34092,0.3,1.0,0.4,-0.06539
462,8,0.271,1.0,1.0,0.31163,0.229,0.92929,0.371,1.0
463,,0.171,0.97071,1.0,0.28234,0.129,0.75858,0.171,0.82929
464,,0.071,0.94142,1.0,0.25305,0.029,0.58787,-0.029,0.65858
465,7,0.071,0.94113,1.0,0.25276,0.029,0.58816,1.0,0.65887
466,,-0.029,0.91184,1.0,0.22347,-0.071,0.41745,0.8,0.48816
467,5,-0.129,0.91155,1.0,0.36518,1.0,0.41774,0.7,0.34645
468,1,1.0,1.0,1.0,0.36489,0.9,0.27603,0.6,0.34674
469,,0.9,0.97071,1.0,0.3356,0.8,0.10532,0.4,0.17603
470,,0.8,0.94142,1.0,0.30631,0.7,-0.06539,0.2,0.00532
471,6,0.729,0.91213,1.0,0.37702,0.771,1.0,0.171,-0.06539
472,8,0.8,0.98284,1.0,0.34773,0.7,0.92929,0.142,1.0
473,,0.7,0.95355,1.0,0.31844,0.6,0.75858,-0.058,0.82929
474,7,0.7,0.95326,1.0,0.31815,0.6,0.75887,1.0,0.82958
475,,0.6,0.92397,1.0,0.28886,0.5,0.58816,0.8,0.65887
476,,0.5,0.89468,1.0,0.25957,0.4,0.41745,0.6,0.48816
477,,0.4,0.86539,1.0,0.23028,0.3,0.24674,0.4,0.31745
478,,0.3,0.8361,1.0,0.20099,0.2,0.07603,0.2,0.14674
479,,0.2,0.80681,1.0,0.1717,0.1,-0.09468,0.0,-0.02397
480,6,0.129,0.77752,1.0,0.24241,0.171,1.0,-0.029,-0.09468
481,8,0.2,0.84823,1.0,0.21312,0.1,0.92929,-0.058,1.0
482,7,0.2,0.84794,1.0,0.21283,0.1,0.92958,1.0,1.0
483,,0.1,0.81865,1.0,0.18354,0.0,0.75887,0.8,0.82929
484,,0.0,0.78936,1.0,0.15425,-0.1,0.58816,0.6,0.65858
485,5,-0.1,0.78907,1.0,0.29596,1.0,0.58845,0.5,0.51687
486,1,1.0,0.93078,1.0,0.29567,0.9,0.44674,0.4,0.51716
487,,0.9,0.90149,1.0,0.26638,0.8,0.27603,0.2,0.34645
488,,0.8,0.8722,1.0,0.23709,0.7,0.10532,0.0,0.17574
489,,0.7,0.84291,1.0,0.2078,0.6,-0.06539,-0.2,0.00503
490,7,0.7,0.84262,1.0,0.20751,0.6,-0.0651,1.0,0.00532
491,6,0.629,0.81333,1.0,0.27822,0.671,1.0,0.971,-0.06539
492,8,0.7,0.88404,1.0,0.24893,0.6,0.92929,0.942,1.0
493,,0.6,0.85475,1.0,0.21964,0.5,0.75858,0.742,0.82929
494,,0.5,0.82546,1.0,0.19035,0.4,0.58787,0.542,0.65858
495,,0.4,0.79617,1.0,0.16106,0.3,0.41716,0.342,0.48787
496,,0.3,0.76688,1.0,0.13177,0.2,0.24645,0.142,0.31716
497,,0.2,0.73759,1.0,0.10248,0.1,0.07574,-0.058,0.14645
498,7,0.2,0.7373,1.0,0.10219,0.1,0.07603,1.0,0.14674
499,,0.1,0.70801,1.0,0.0729,0.0,-0.09468,0.8,-0.02397
500,6,0.029,0.67872,1.0,0.14361,0.071,1.0,0.771,-0.09468
501,8,0.1,0.74943,1.0,0.11432,-0.0,0.92929,0.742,1.0
502,,0.0,0.72014,1.0,0.08503,-0.1,0.75858,0.542,0.82929
503,5,-0.1,0.71985,1.0,0.22674,1.0,0.75887,0.442,0.68758
504,1,1.0,0.86156,1.0,0.22645,0.9,0.61716,0.342,0.68787
505,,0.9,0.83227,1.0,0.19716,0.8,0.44645,0.142,0.51716
506,,0.8,0.80298,1.0,0.16787,0.7,0.27574,-0.058,0.34645
507,7,0.8,0.80269,1.0,0.16758,0.7,0.27603,1.0,0.34674
508,,0.7,0.7734,1.0,0.13829,0.6,0.10532,0.8,0.17603
509,,0.6,0.74411,1.0,0.109,0.5,-0.06539,0.6,0.00532
510,6,0.529,0.71482,1.0,0.17971,0.571,1.0,0.571,-0.06539
511,8,0.6,0.78553,1.0,0.15042,0.5,0.92929,0.542,1.0
512,,0.5,0.75624,1.0,0.12113,0.4,0.75858,0.342,0.82929
513,,0.4,0.72695,1.0,0.09184,0.3,0.58787,0.142,0.65858
514,,0.3,0.69766,1.0,0.06255,0.2,0.41716,-0.058,0.48787
515,7,0.3,0.69737,1.0,0.06226,0.2,0.41745,1.0,0.48816
516,,0.2,0.66808,1.0,0.03297,0.1,0.24674,0.8,0.31745
517,,0.1,0.63879,1.0,0.00368,0.0,0.07603,0.6,0.14674
518,,0.0,0.6095,1.0,-0.02561,-0.1,-0.09468,0.4,-0.02397
519,5,-0.1,0.60921,1.0,0.1161,1.0,-0.09439,0.3,-0.16568
520,8,-0.029,0.67992,1.0,0.08681,0.929,-0.1651,0.271,1.0
521,6,-0.1,0.65063,1.0,0.15752,1.0,1.0,0.242,0.92929
522,1,1.0,0.79234,1.0,0.15723,0.9,0.85829,0.142,0.92958
523,,0.9,0.76305,1.0,0.12794,0.8,0.68758,-0.058,0.75887
524,7,0.9,0.76276,1.0,0.12765,0.8,0.68787,1.0,0.75916
525,,0.8,0.73347,1.0,0.09836,0.7,0.51716,0.8,0.58845
526,,0.7,0.70418,1.0,0.06907,0.6,0.34645,0.6,0.41774
527,,0.6,0.67489,1.0,0.03978,0.5,0.17574,0.4,0.24703
528,,0.5,0.6456,1.0,0.01049,0.4,0.00503,0.2,0.07632
529,,0.4,0.61631,1.0,-0.0188,0.3,-0.16568,0.0,-0.09439
530,6,0.329,0.58702,1.0,0.05191,0.371,1.0,-0.029,-0.1651
531,8,0.4,0.65773,1.0,0.02262,0.3,0.92929,-0.058,1.0
532,7,0.4,0.65744,1.0,0.02233,0.3,0.92958,1.0,1.0
533,,0.3,0.62815,1.0,-0.00696,0.2,0.75887,0.8,0.82929
534,4,0.229,0.69886,1.0,1.0,0.271,0.68816,0.629,0.65858
535,,0.129,0.66957,1.0,0.97071,0.171,0.51745,0.429,0.48787
536,,0.029,0.64028,1.0,0.94142,0.071,0.34674,0.229,0.31716
537,,-0.071,0.61099,1.0,0.91213,-0.029,0.17603,0.029,0.14645
538,1,1.0,0.7527,1.0,0.91184,-0.129,0.03432,-0.071,0.14674
539,5,0.9,0.75241,1.0,1.0,1.0,0.03461,-0.171,0.00503
540,7,0.9,0.75212,1.0,0.99971,1.0,0.0349,1.0,0.00532
541,,0.8,0.72283,1.0,0.97042,0.9,-0.13581,0.8,-0.16539
542,8,0.871,0.79354,1.0,0.94113,0.829,-0.20652,0.771,1.0
543,6,0.8,0.76425,1.0,1.0,0.9,1.0,0.742,0.92929
544,,0.7,0.73496,1.0,0.97071,0.8,0.82929,0.542,0.75858
545,,0.6,0.70567,1.0,0.94142,0.7,0.65858,0.342,0.58787
546,,0.5,0.67638,1.0,0.91213,0.6,0.48787,0.142,0.41716
547,,0.4,0.64709,1.0,0.88284,0.5,0.31716,-0.058,0.24645
548,7,0.4,0.6468,1.0,0.88255,0.5,0.31745,1.0,0.24674
549,,0.3,0.61751,1.0,0.85326,0.4,0.14674,0.8,0.07603
550,,0.2,0.58822,1.0,0.82397,0.3,-0.02397,0.6,-0.09468
551,8,0.271,0.65893,1.0,0.79468,0.229,-0.09468,0.571,1.0
552,6,0.2,0.62964,1.0,0.86539,0.3,1.0,0.542,0.92929
553,,0.1,0.60035,1.0,0.8361,0.2,0.82929,0.342,0.75858
554,,0.0,0.57106,1.0,0.80681,0.1,0.65858,0.142,0.58787
555,,-0.1,0.54177,1.0,0.77752,0.0,0.48787,-0.058,0.41716
556,1,1.0,0.68348,1.0,0.77723,-0.1,0.34616,-0.158,0.41745
557,7,1.0,0.68319,1.0,0.77694,-0.1,0.34645,1.0,0.41774
558,5,0.9,0.6829,1.0,0.91865,1.0,0.34674,0.9,0.27603
559,,0.8,0.65361,1.0,0.88936,0.9,0.17603,0.7,0.10532
560,,0.7,0.62432,1.0,0.86007,0.8,0.00532,0.5,-0.06539
561,8,0.771,0.69503,1.0,0.83078,0.729,-0.06539,0.471,1.0
562,6,0.7,0.66574,1.0,0.90149,0.8,1.0,0.442,0.92929
563,,0.6,0.63645,1.0,0.8722,0.7,0.82929,0.242,0.75858
564,,0.5,0.60716,1.0,0.84291,0.6,0.65858,0.042,0.58787
565,,0.4,0.57787,1.0,0.81362,0.5,0.48787,-0.158,0.41716
566,7,0.4,0.57758,1.0,0.81333,0.5,0.48816,1.0,0.41745
567,,0.3,0.54829,1.0,0.78404,0.4,0.31745,0.8,0.24674
568,,0.2,0.519,1.0,0.75475,0.3,0.14674,0.6,0.07603
569,,0.1,0.48971,1.0,0.72546,0.2,-0.02397,0.4,-0.09468
570,8,0.171,0.56042,1.0,0.69617,0.129,-0.09468,0.371,1.0
571,6,0.1,0.53113,1.0,0.76688,0.2,1.0,0.342,0.92929
572,,0.0,0.50184,1.0,0.73759,0.1,0.82929,0.142,0.75858
573,,-0.1,0.47255,1.0,0.7083,0.0,0.65858,-0.058,0.58787
574,1,1.0,0.61426,1.0,0.70801,-0.1,0.51687,-0.158,0.58816
575,7,1.0,0.61397,1.0,0.70772,-0.1,0.51716,1.0,0.58845
576,5,0.9,0.61368,1.0,0.84943,1.0,0.51745,0.9,0.44674
577,,0.8,0.58439,1.0,0.82014,0.9,0.34674,0.7,0.27603
578,,0.7,0.5551,1.0,0.79085,0.8,0.17603,0.5,0.10532
579,,0.6,0.52581,1.0,0.76156,0.7,0.00532,0.3,-0.06539
580,8,0.671,0.59652,1.0,0.73227,0.629,-0.06539,0.271,1.0
581,6,0.6,0.56723,1.0,0.80298,0.7,1.0,0.242,0.92929
582,,0.5,0.53794,1.0,0.77369,0.6,0.82929,0.042,0.75858
583,,0.4,0.50865,1.0,0.7444,0.5,0.65858,-0.158,0.58787
584,7,0.4,0.50836,1.0,0.74411,0.5,0.65887,1.0,0.58816
585,,0.3,0.47907,1.0,0.71482,0.4,0.48816,0.8,0.41745
586,,0.2,0.44978,1.0,0.68553,0.3,0.31745,0.6,0.24674
587,,0.1,0.42049,1.0,0.65624,0.2,0.14674,0.4,0.07603
588,,0.0,0.3912,1.0,0.62695,0.1,-0.02397,0.2,-0.09468
589,8,0.071,0.46191,1.0,0.59766,0.029,-0.09468,0.171,1.0
590,6,-0.0,0.43262,1.0,0.66837,0.1,1.0,0.142,0.92929
591,,-0.1,0.40333,1.0,0.63908,0.0,0.82929,-0.058,0.75858
592,1,1.0,0.54504,1.0,0.63879,-0.1,0.68758,-0.158,0.75887
593,7,1.0,0.54475,1.0,0.6385,-0.1,0.68787,1.0,0.75916
594,5,0.9,0.54446,1.0,0.78021,1.0,0.68816,0.9,0.61745
595,,0.8,0.51517,1.0,0.75092,0.9,0.51745,0.7,0.44674
596,,0.7,0.48588,1.0,0.72163,0.8,0.34674,0.5,0.27603
597,,0.6,0.45659,1.0,0.69234,0.7,0.17603,0.3,0.10532
598,,0.5,0.4273,1.0,0.66305,0.6,0.00532,0.1,-0.06539
599,8,0.571,0.49801,1.0,0.63376,0.529,-0.06539,0.071,1.0
600,6,0.5,0.46872,1.0,0.70447,0.6,1.0,0.042,0.92929
601,,0.4,0.43943,1.0,0.67518,0.5,0.82929,-0.158,0.75858
602,7,0.4,0.43914,1.0,0.67489,0.5,0.82958,1.0,0.75887
603,,0.3,0.40985,1.0,0.6456,0.4,0.65887,0.8,0.58816
604,,0.2,0.38056,1.0,0.61631,0.3,0.48816,0.6,0.41745
605,,0.1,0.35127,1.0,0.58702,0.2,0.31745,0.4,0.24674
606,,0.0,0.32198,1.0,0.55773,0.1,0.14674,0.2,0.07603
607,,-0.1,0.29269,1.0,0.52844,0.0,-0.02397,0.0,-0.09468
608,1,1.0,0.4344,1.0,0.52815,-0.1,-0.16568,-0.1,-0.09439
609,6,0.929,0.40511,1.0,0.59886,-0.029,1.0,-0.129,-0.1651
610,8,1.0,0.47582,1.0,0.56957,-0.1,0.92929,-0.158,1.0
611,7,1.0,0.47553,1.0,0.56928,-0.1,0.92958,1.0,1.0
612,5,0.9,0.47524,1.0,0.71099,1.0,0.92987,0.9,0.85829
613,,0.8,0.44595,1.0,0.6817,0.9,0.75916,0.7,0.68758
614,,0.7,0.41666,1.0,0.65241,0.8,0.58845,0.5,0.51687
615,,0.6,0.38737,1.0,0.62312,0.7,0.41774,0.3,0.34616
616,,0.5,0.35808,1.0,0.59383,0.6,0.24703,0.1,0.17545
617,,0.4,0.32879,1.0,0.56454,0.5,0.07632,-0.1,0.00474
618,7,0.4,0.3285,1.0,0.56425,0.5,0.07661,1.0,0.00503
619,,0.3,0.29921,1.0,0.53496,0.4,-0.0941,0.8,-0.16568
620,8,0.371,0.36992,1.0,0.50567,0.329,-0.16481,0.771,1.0
621,6,0.3,0.34063,1.0,0.57638,0.4,1.0,0.742,0.92929
622,,0.2,0.31134,1.0,0.54709,0.3,0.82929,0.542,0.75858
623,,0.1,0.28205,1.0,0.5178,0.2,0.65858,0.342,0.58787
624,,0.0,0.25276,1.0,0.48851,0.1,0.48787,0.142,0.41716
625,,-0.1,0.22347,1.0,0.45922,0.0,0.31716,-0.058,0.24645
626,1,1.0,0.36518,1.0,0.45893,-0.1,0.17545,-0.158,0.24674
627,7,1.0,0.36489,1.0,0.45864,-0.1,0.17574,1.0,0.24703
628,5,0.9,0.3646,1.0,0.60035,1.0,0.17603,0.9,0.10532
629,,0.8,0.33531,1.0,0.57106,0.9,0.00532,0.7,-0.06539
630,8,0.871,0.40602,1.0,0.54177,0.829,-0.06539,0.671,1.0
631,6,0.8,0.37673,1.0,0.61248,0.9,1.0,0.642,0.92929
632,,0.7,0.34744,1.0,0.58319,0.8,0.82929,0.442,0.75858
633,,0.6,0.31815,1.0,0.5539,0.7,0.65858,0.242,0.58787
634,,0.5,0.28886,1.0,0.52461,0.6,0.48787,0.042,0.41716
635,,0.4,0.25957,1.0,0.49532,0.5,0.31716,-0.158,0.24645
636,7,0.4,0.25928,1.0,0.49503,0.5,0.31745,1.0,0.24674
637,,0.3,0.22999,1.0,0.46574,0.4,0.14674,0.8,0.07603
638,,0.2,0.2007,1.0,0.43645,0.3,-0.02397,0.6,-0.09468
639,8,0.271,0.27141,1.0,0.40716,0.229,-0.09468,0.571,1.0
640,6,0.2,0.24212,1.0,0.47787,0.3,1.0,0.542,0.92929
641,,0.1,0.21283,1.0,0.44858,0.2,0.82929,0.342,0.75858
642,,0.0,0.18354,1.0,0.41929,0.1,0.65858,0.142,0.58787
643,,-0.1,0.15425,1.0,0.39,0.0,0.48787,-0.058,0.41716
644,1,1.0,0.29596,1.0,0.38971,-0.1,0.34616,-0.158,0.41745
645,7,1.0,0.29567,1.0,0.38942,-0.1,0.34645,1.0,0.41774
646,5,0.9,0.29538,1.0,0.53113,1.0,0.34674,0.9,0.27603
647,,0.8,0.26609,1.0,0.50184,0.9,0.17603,0.7,0.10532
648,,0.7,0.2368,1.0,0.47255,0.8,0.00532,0.5,-0.06539
649,8,0.771,0.30751,1.0,0.44326,0.729,-0.06539,0.471,1.0
650,6,0.7,0.27822,1.0,0.51397,0.8,1.0,0.442,0.92929
651,,0.6,0.24893,1.0,0.48468,0.7,0.82929,0.242,0.75858
652,,0.5,0.21964,1.0,0.45539,0.6,0.65858,0.042,0.58787
653,,0.4,0.19035,1.0,0.4261,0.5,0.48787,-0.158,0.41716
654,7,0.4,0.19006,1.0,0.42581,0.5,0.48816,1.0,0.41745
655,,0.3,0.16077,1.0,0.39652,0.4,0.31745,0.8,0.24674
656,,0.2,0.13148,1.0,0.36723,0.3,0.14674,0.6,0.07603
657,,0.1,0.10219,1.0,0.33794,0.2,-0.02397,0.4,-0.09468
658,8,0.171,0.1729,1.0,0.30865,0.129,-0.09468,0.371,1.0
659,6,0.1,0.14361,1.0,0.37936,0.2,1.0,0.342,0.92929
660,,0.0,0.11432,1.0,0.35007,0.1,0.82929,0.142,0.75858
661,,-0.1,0.08503,1.0,0.32078,0.0,0.65858,-0.058,0.58787
662,1,1.0,0.22674,1.0,0.32049,-0.1,0.51687,-0.158,0.58816
663,7,1.0,0.22645,1.0,0.3202,-0.1,0.51716,1.0,0.58845
664,5,0.9,0.22616,1.0,0.46191,1.0,0.51745,0.9,0.44674
665,,0.8,0.19687,1.0,0.43262,0.9,0.34674,0.7,0.27603
666,,0.7,0.16758,1.0,0.40333,0.8,0.17603,0.5,0.10532
667,,0.6,0.13829,1.0,0.37404,0.7,0.00532,0.3,-0.06539
668,8,0.671,0.209,1.0,0.34475,0.629,-0.06539,0.271,1.0
669,6,0.6,0.17971,1.0,0.41546,0.7,1.0,0.242,0.92929
670,,0.5,0.15042,1.0,0.38617,0.6,0.82929,0.042,0.75858
671,,0.4,0.12113,1.0,0.35688,0.5,0.65858,-0.158,0.58787
672,7,0.4,0.12084,1.0,0.35659,0.5,0.65887,1.0,0.58816
673,,0.3,0.09155,1.0,0.3273,0.4,0.48816,0.8,0.41745
674,,0.2,0.06226,1.0,0.29801,0.3,0.31745,0.6,0.24674
675,,0.1,0.03297,1.0,0.26872,0.2,0.14674,0.4,0.07603
676,,0.0,0.00368,1.0,0.23943,0.1,-0.02397,0.2,-0.09468
677,8,0.071,0.07439,1.0,0.21014,0.029,-0.09468,0.171,1.0
678,6,-0.0,0.0451,1.0,0.28085,0.1,1.0,0.142,0.92929
679,,-0.1,0.01581,1.0,0.25156,0.0,0.82929,-0.058,0.75858
680,1,1.0,0.15752,1.0,0.25127,-0.1,0.68758,-0.158,0.75887
681,7,1.0,0.15723,1.0,0.25098,-0.1,0.68787,1.0,0.75916
682,5,0.9,0.15694,1.0,0.39269,1.0,0.68816,0.9,0.61745
683,,0.8,0.12765,1.0,0.3634,0.9,0.51745,0.7,0.44674
684,,0.7,0.09836,1.0,0.33411,0.8,0.34674,0.5,0.27603
685,,0.6,0.06907,1.0,0.30482,0.7,0.17603,0.3,0.10532
686,,0.5,0.03978,1.0,0.27553,0.6,0.00532,0.1,-0.06539
687,8,0.571,0.11049,1.0,0.24624,0.529,-0.06539,0.071,1.0
688,6,0.5,0.0812,1.0,0.31695,0.6,1.0,0.042,0.92929
689,,0.4,0.05191,1.0,0.28766,0.5,0.82929,-0.158,0.75858
690,7,0.4,0.05162,1.0,0.28737,0.5,0.82958,1.0,0.75887
691,,0.3,0.02233,1.0,0.25808,0.4,0.65887,0.8,0.58816
692,,0.2,-0.00696,1.0,0.22879,0.3,0.48816,0.6,0.41745
693,2,0.271,1.0,1.0,0.2995,0.229,0.31745,0.429,0.34674
694,,0.171,0.97071,1.0,0.27021,0.129,0.14674,0.229,0.17603
695,,0.071,0.94142,1.0,0.24092,0.029,-0.02397,0.029,0.00532
696,6,-0.0,0.91213,1.0,0.31163,0.1,1.0,0.0,-0.06539
697,8,0.071,0.98284,1.0,0.28234,0.029,0.92929,-0.029,1.0
698,7,0.071,0.98255,1.0,0.28205,0.029,0.92958,1.0,1.0
699,,-0.029,0.95326,1.0,0.25276,-0.071,0.75887,0.8,0.82929
700,5,-0.129,0.95297,1.0,0.39447,1.0,0.75916,0.7,0.68758
701,1,1.0,1.0,1.0,0.39418,0.9,0.61745,0.6,0.68787
702,,0.9,0.97071,1.0,0.36489,0.8,0.44674,0.4,0.51716
703,,0.8,0.94142,1.0,0.3356,0.7,0.27603,0.2,0.34645
704,,0.7,0.91213,1.0,0.30631,0.6,0.10532,0.0,0.17574
705,,0.6,0.88284,1.0,0.27702,0.5,-0.06539,-0.2,0.00503
706,7,0.6,0.88255,1.0,0.27673,0.5,-0.0651,1.0,0.00532
707,6,0.529,0.85326,1.0,0.34744,0.571,1.0,0.971,-0.06539
708,8,0.6,0.92397,1.0,0.31815,0.5,0.92929,0.942,1.0
709,,0.5,0.89468,1.0,0.28886,0.4,0.75858,0.742,0.82929
710,,0.4,0.86539,1.0,0.25957,0.3,0.58787,0.542,0.65858
711,,0.3,0.8361,1.0,0.23028,0.2,0.41716,0.342,0.48787
712,,0.2,0.80681,1.0,0.20099,0.1,0.24645,0.142,0.31716
713,,0.1,0.77752,1.0,0.1717,0.0,0.07574,-0.058,0.14645
714,7,0.1,0.77723,1.0,0.17141,0.0,0.07603,1.0,0.14674
715,,0.0,0.74794,1.0,0.14212,-0.1,-0.09468,0.8,-0.02397
716,5,-0.1,0.74765,1.0,0.28383,1.0,-0.09439,0.7,-0.16568
717,8,-0.029,0.81836,1.0,0.25454,0.929,-0.1651,0.671,1.0
718,6,-0.1,0.78907,1.0,0.32525,1.0,1.0,0.642,0.92929
719,1,1.0,0.93078,1.0,0.32496,0.9,0.85829,0.542,0.92958
720,,0.9,0.90149,1.0,0.29567,0.8,0.68758,0.342,0.75887
721,,0.8,0.8722,1.0,0.26638,0.7,0.51687,0.142,0.58816
722,,0.7,0.84291,1.0,0.23709,0.6,0.34616,-0.058,0.41745
723,7,0.7,0.84262,1.0,0.2368,0.6,0.34645,1.0,0.41774
724,,0.6,0.81333,1.0,0.20751,0.5,0.17574,0.8,0.24703
725,,0.5,0.78404,1.0,0.17822,0.4,0.00503,0.6,0.07632
726,,0.4,0.75475,1.0,0.14893,0.3,-0.16568,0.4,-0.09439
727,6,0.329,0.72546,1.0,0.21964,0.371,1.0,0.371,-0.1651
728,8,0.4,0.79617,1.0,0.19035,0.3,0.92929,0.342,1.0
729,,0.3,0.76688,1.0,0.16106,0.2,0.75858,0.142,0.82929
730,,0.2,0.73759,1.0,0.13177,0.1,0.58787,-0.058,0.65858
731,7,0.2,0.7373,1.0,0.13148,0.1,0.58816,1.0,0.65887
732,,0.1,0.70801,1.0,0.10219,0.0,0.41745,0.8,0.48816
733,,0.0,0.67872,1.0,0.0729,-0.1,0.24674,0.6,0.31745
734,5,-0.1,0.67843,1.0,0.21461,1.0,0.24703,0.5,0.17574
735,1,1.0,0.82014,1.0,0.21432,0.9,0.10532,0.4,0.17603
736,,0.9,0.79085,1.0,0.18503,0.8,-0.06539,0.2,0.00532
737,6,0.829,0.76156,1.0,0.25574,0.871,1.0,0.171,-0.06539
738,8,0.9,0.83227,1.0,0.22645,0.8,0.92929,0.142,1.0
739,,0.8,0.80298,1.0,0.19716,0.7,0.75858,-0.058,0.82929
740,7,0.8,0.80269,1.0,0.19687,0.7,0.75887,1.0,0.82958
741,,0.7,0.7734,1.0,0.16758,0.6,0.58816,0.8,0.65887
742,,0.6,0.74411,1.0,0.13829,0.5,0.41745,0.6,0.48816
743,,0.5,0.71482,1.0,0.109,0.4,0.24674,0.4,0.31745
744,,0.4,0.68553,1.0,0.07971,0.3,0.07603,0.2,0.14674
745,,0.3,0.65624,1.0,0.05042,0.2,-0.09468,0.0,-0.02397
746,6,0.229,0.62695,1.0,0.12113,0.271,1.0,-0.029,-0.09468
747,8,0.3,0.69766,1.0,0.09184,0.2,0.92929,-0.058,1.0
748,7,0.3,0.69737,1.0,0.09155,0.2,0.92958,1.0,1.0
749,,0.2,0.66808,1.0,0.06226,0.1,0.75887,0.8,0.82929
750,,0.1,0.63879,1.0,0.03297,0.0,0.58816,0.6,0.65858
751,,0.0,0.6095,1.0,0.00368,-0.1,0.41745,0.4,0.48787
752,5,-0.1,0.60921,1.0,0.14539,1.0,0.41774,0.3,0.34616
753,1,1.0,0.75092,1.0,0.1451,0.9,0.27603,0.2,0.34645
754,,0.9,0.72163,1.0,0.11581,0.8,0.10532,0.0,0.17574
755,,0.8,0.69234,1.0,0.08652,0.7,-0.06539,-0.2,0.00503
756,7,0.8,0.69205,1.0,0.08623,0.7,-0.0651,1.0,0.00532
757,6,0.729,0.66276,1.0,0.15694,0.771,1.0,0.971,-0.06539
758,8,0.8,0.73347,1.0,0.12765,0.7,0.92929,0.942,1.0
759,,0.7,0.70418,1.0,0.09836,0.6,0.75858,0.742,0.82929
760,,0.6,0.67489,1.0,0.06907,0.5,0.58787,0.542,0.65858
761,,0.5,0.6456,1.0,0.03978,0.4,0.41716,0.342,0.48787
762,,0.4,0.61631,1.0,0.01049,0.3,0.24645,0.142,0.31716
763,,0.3,0.58702,1.0,-0.0188,0.2,0.07574,-0.058,0.14645
764,7,0.3,0.58673,1.0,-0.01909,0.2,0.07603,1.0,0.14674
765,4,0.229,0.65744,1.0,1.0,0.271,0.00532,0.829,-0.02397
766,8,0.3,0.72815,1.0,0.97071,0.2,-0.06539,0.8,1.0
767,6,0.229,0.69886,1.0,1.0,0.271,1.0,0.771,0.92929
768,,0.129,0.66957,1.0,0.97071,0.171,0.82929,0.571,0.75858
769,,0.029,0.64028,1.0,0.94142,0.071,0.65858,0.371,0.58787
770,,-0.071,0.61099,1.0,0.91213,-0.029,0.48787,0.171,0.41716
771,1,1.0,0.7527,1.0,0.91184,-0.129,0.34616,0.071,0.41745
772,5,0.9,0.75241,1.0,1.0,1.0,0.34645,-0.029,0.27574
773,7,0.9,0.75212,1.0,0.99971,1.0,0.34674,1.0,0.27603
774,,0.8,0.72283,1.0,0.97042,0.9,0.17603,0.8,0.10532
775,,0.7,0.69354,1.0,0.94113,0.8,0.00532,0.6,-0.06539
776,8,0.771,0.76425,1.0,0.91184,0.729,-0.06539,0.571,1.0
777,6,0.7,0.73496,1.0,0.98255,0.8,1.0,0.542,0.92929
778,,0.6,0.70567,1.0,0.95326,0.7,0.82929,0.342,0.75858
779,,0.5,0.67638,1.0,0.92397,0.6,0.65858,0.142,0.58787
780,,0.4,0.64709,1.0,0.89468,0.5,0.48787,-0.058,0.41716
781,7,0.4,0.6468,1.0,0.89439,0.5,0.48816,1.0,0.41745
782,,0.3,0.61751,1.0,0.8651,0.4,0.31745,0.8,0.24674
783,,0.2,0.58822,1.0,0.83581,0.3,0.14674,0.6,0.07603
784,,0.1,0.55893,1.0,0.80652,0.2,-0.02397,0.4,-0.09468
785,8,0.171,0.62964,1.0,0.77723,0.129,-0.09468,0.371,1.0
786,6,0.1,0.60035,1.0,0.84794,0.2,1.0,0.342,0.92929
787,,0.0,0.57106,1.0,0.81865,0.1,0.82929,0.142,0.75858
788,,-0.1,0.54177,1.0,0.78936,0.0,0.65858,-0.058,0.58787
789,1,1.0,0.68348,1.0,0.78907,-0.1,0.51687,-0.158,0.58816
790,7,1.0,0.68319,1.0,0.78878,-0.1,0.51716,1.0,0.58845
791,5,0.9,0.6829,1.0,0.93049,1.0,0.51745,0.9,0.44674
792,,0.8,0.65361,1.0,0.9012,0.9,0.34674,0.7,0.27603
793,,0.7,0.62432,1.0,0.87191,0.8,0.17603,0.5,0.10532
794,,0.6,0.59503,1.0,0.84262,0.7,0.00532,0.3,-0.06539
795,8,0.671,0.66574,1.0,0.81333,0.629,-0.06539,0.271,1.0
796,6,0.6,0.63645,1.0,0.88404,0.7,1.0,0.242,0.92929
797,,0.5,0.60716,1.0,0.85475,0.6,0.82929,0.042,0.75858
798,,0.4,0.57787,1.0,0.82546,0.5,0.65858,-0.158,0.58787
799,7,0.4,0.57758,1.0,0.82517,0.5,0.65887,1.0,0.58816
800,,0.3,0.54829,1.0,0.79588,0.4,0.48816,0.8,0.41745
801,,0.2,0.519,1.0,0.76659,0.3,0.31745,0.6,0.24674
802,,0.1,0.48971,1.0,0.7373,0.2,0.14674,0.4,0.07603
803,,0.0,0.46042,1.0,0.70801,0.1,-0.02397,0.2,-0.09468
804,8,0.071,0.53113,1.0,0.67872,0.029,-0.09468,0.171,1.0
805,6,-0.0,0.50184,1.0,0.74943,0.1,1.0,0.142,0.92929
806,,-0.1,0.47255,1.0,0.72014,0.0,0.82929,-0.058,0.75858
807,1,1.0,0.61426,1.0,0.71985,-0.1,0.68758,-0.158,0.75887
808,7,1.0,0.61397,1.0,0.71956,-0.1,0.68787,1.0,0.75916
809,5,0.9,0.61368,1.0,0.86127,1.0,0.68816,0.9,0.61745
810,,0.8,0.58439,1.0,0.83198,0.9,0.51745,0.7,0.44674
811,,0.7,0.5551,1.0,0.80269,0.8,0.34674,0.5,0.27603
812,,0.6,0.52581,1.0,0.7734,0.7,0.17603,0.3,0.10532
813,,0.5,0.49652,1.0,0.74411,0.6,0.00532,0.1,-0.06539
814,8,0.571,0.56723,1.0,0.71482,0.529,-0.06539,0.071,1.0
815,6,0.5,0.53794,1.0,0.78553,0.6,1.0,0.042,0.92929
816,,0.4,0.50865,1.0,0.75624,0.5,0.82929,-0.158,0.75858
817,7,0.4,0.50836,1.0,0.75595,0.5,0.82958,1.0,0.75887
818,,0.3,0.47907,1.0,0.72666,0.4,0.65887,0.8,0.58816
819,,0.2,0.44978,1.0,0.69737,0.3,0.48816,0.6,0.41745
820,,0.1,0.42049,1.0,0.66808,0.2,0.31745,0.4,0.24674
821,,0.0,0.3912,1.0,0.63879,0.1,0.14674,0.2,0.07603
822,,-0.1,0.36191,1.0,0.6095,0.0,-0.02397,0.0,-0.09468
823,1,1.0,0.50362,1.0,0.60921,-0.1,-0.16568,-0.1,-0.09439
824,6,0.929,0.47433,1.0,0.67992,-0.029,1.0,-0.129,-0.1651
825,8,1.0,0.54504,1.0,0.65063,-0.1,0.92929,-0.158,1.0
826,7,1.0,0.54475,1.0,0.65034,-0.1,0.92958,1.0,1.0
827,5,0.9,0.54446,1.0,0.79205,1.0,0.92987,0.9,0.85829
828,,0.8,0.51517,1.0,0.76276,0.9,0.75916,0.7,0.68758
829,,0.7,0.48588,1.0,0.73347,0.8,0.58845,0.5,0.51687
830,,0.6,0.45659,1.0,0.70418,0.7,0.41774,0.3,0.34616
831,,0.5,0.4273,1.0,0.67489,0.6,0.24703,0.1,0.17545
832,,0.4,0.39801,1.0,0.6456,0.5,0.07632,-0.1,0.00474
833,7,0.4,0.39772,1.0,0.64531,0.5,0.07661,1.0,0.00503
834,,0.3,0.36843,1.0,0.61602,0.4,-0.0941,0.8,-0.16568
835,8,0.371,0.43914,1.0,0.58673,0.329,-0.16481,0.771,1.0
836,6,0.3,0.40985,1.0,0.65744,0.4,1.0,0.742,0.92929
837,,0.2,0.38056,1.0,0.62815,0.3,0.82929,0.542,0.75858
838,,0.1,0.35127,1.0,0.59886,0.2,0.65858,0.342,0.58787
839,,0.0,0.32198,1.0,0.56957,0.1,0.48787,0.142,0.41716
840,,-0.1,0.29269,1.0,0.54028,0.0,0.31716,-0.058,0.24645
841,1,1.0,0.4344,1.0,0.53999,-0.1,0.17545,-0.158,0.24674
842,7,1.0,0.43411,1.0,0.5397,-0.1,0.17574,1.0,0.24703
843,5,0.9,0.43382,1.0,0.68141,1.0,0.17603,0.9,0.10532
844,,0.8,0.40453,1.0,0.65212,0.9,0.00532,0.7,-0.06539
845,8,0.871,0.47524,1.0,0.62283,0.829,-0.06539,0.671,1.0
846,6,0.8,0.44595,1.0,0.69354,0.9,1.0,0.642,0.92929
847,,0.7,0.41666,1.0,0.66425,0.8,0.82929,0.442,0.75858
848,,0.6,0.38737,1.0,0.63496,0.7,0.65858,0.242,0.58787
849,,0.5,0.35808,1.0,0.60567,0.6,0.48787,0.042,0.41716
850,,0.4,0.32879,1.0,0.57638,0.5,0.31716,-0.158,0.24645
851,7,0.4,0.3285,1.0,0.57609,0.5,0.31745,1.0,0.24674
852,,0.3,0.29921,1.0,0.5468,0.4,0.14674,0.8,0.07603
853,,0.2,0.26992,1.0,0.51751,0.3,-0.02397,0.6,-0.09468
854,8,0.271,0.34063,1.0,0.48822,0.229,-0.09468,0.571,1.0
855,6,0.2,0.31134,1.0,0.55893,0.3,1.0,0.542,0.92929
856,,0.1,0.28205,1.0,0.52964,0.2,0.82929,0.342,0.75858
857,,0.0,0.25276,1.0,0.50035,0.1,0.65858,0.142,0.58787
858,,-0.1,0.22347,1.0,0.47106,0.0,0.48787,-0.058,0.41716
859,1,1.0,0.36518,1.0,0.47077,-0.1,0.34616,-0.158,0.41745
860,7,1.0,0.36489,1.0,0.47048,-0.1,0.34645,1.0,0.41774
861,5,0.9,0.3646,1.0,0.61219,1.0,0.34674,0.9,0.27603
862,,0.8,0.33531,1.0,0.5829,0.9,0.17603,0.7,0.10532
863,,0.7,0.30602,1.0,0.55361,0.8,0.00532,0.5,-0.06539
864,8,0.771,0.37673,1.0,0.52432,0.729,-0.06539,0.471,1.0
865,6,0.7,0.34744,1.0,0.59503,0.8,1.0,0.442,0.92929
866,,0.6,0.31815,1.0,0.56574,0.7,0.82929,0.242,0.75858
867,,0.5,0.28886,1.0,0.53645,0.6,0.65858,0.042,0.58787
868,,0.4,0.25957,1.0,0.50716,0.5,0.48787,-0.158,0.41716
869,7,0.4,0.25928,1.0,0.50687,0.5,0.48816,1.0,0.41745
870,,0.3,0.22999,1.0,0.47758,0.4,0.31745,0.8,0.24674
871,,0.2,0.2007,1.0,0.44829,0.3,0.14674,0.6,0.07603
872,,0.1,0.17141,1.0,0.419,0.2,-0.02397,0.4,-0.09468
873,8,0.171,0.24212,1.0,0.38971,0.129,-0.09468,0.371,1.0
874,6,0.1,0.21283,1.0,0.46042,0.2,1.0,0.342,0.92929
875,,0.0,0.18354,1.0,0.43113,0.1,0.82929,0.142,0.75858
876,,-0.1,0.15425,1.0,0.40184,0.0,0.65858,-0.058,0.58787
877,1,1.0,0.29596,1.0,0.40155,-0.1,0.51687,-0.158,0.58816
878,7,1.0,0.29567,1.0,0.40126,-0.1,0.51716,1.0,0.58845
879,5,0.9,0.29538,1.0,0.54297,1.0,0.51745,0.9,0.44674
880,,0.8,0.26609,1.0,0.51368,0.9,0.34674,0.7,0.27603
881,,0.7,0.2368,1.0,0.48439,0.8,0.17603,0.5,0.10532
882,,0.6,0.20751,1.0,0.4551,0.7,0.00532,0.3,-0.06539
883,8,0.671,0.27822,1.0,0.42581,0.629,-0.06539,0.271,1.0
884,6,0.6,0.24893,1.0,0.49652,0.7,1.0,0.242,0.92929
885,,0.5,0.21964,1.0,0.46723,0.6,0.82929,0.042,0.75858
886,,0.4,0.19035,1.0,0.43794,0.5,0.65858,-0.158,0.58787
887,7,0.4,0.19006,1.0,0.43765,0.5,0.65887,1.0,0.58816
888,,0.3,0.16077,1.0,0.40836,0.4,0.48816,0.8,0.41745
889,,0.2,0.13148,1.0,0.37907,0.3,0.31745,0.6,0.24674
890,,0.1,0.10219,1.0,0.34978,0.2,0.14674,0.4,0.07603
891,,0.0,0.0729,1.0,0.32049,0.1,-0.02397,0.2,-0.09468
892,8,0.071,0.14361,1.0,0.2912,0.029,-0.09468,0.171,1.0
893,6,-0.0,0.11432,1.0,0.36191,0.1,1.0,0.142,0.92929
894,,-0.1,0.08503,1.0,0.33262,0.0,0.82929,-0.058,0.75858
895,1,1.0,0.22674,1.0,0.33233,-0.1,0.68758,-0.158,0.75887
896,7,1.0,0.22645,1.0,0.33204,-0.1,0.68787,1.0,0.75916
897,5,0.9,0.22616,1.0,0.47375,1.0,0.68816,0.9,0.61745
898,,0.8,0.19687,1.0,0.44446,0.9,0.51745,0.7,0.44674
899,,0.7,0.16758,1.0,0.41517,0.8,0.34674,0.5,0.27603
900,,0.6,0.13829,1.0,0.38588,0.7,0.17603,0.3,0.10532
901,,0.5,0.109,1.0,0.35659,0.6,0.00532,0.1,-0.06539
902,8,0.571,0.17971,1.0,0.3273,0.529,-0.06539,0.071,1.0
903,6,0.5,0.15042,1.0,0.39801,0.6,1.0,0.042,0.92929
904,,0.4,0.12113,1.0,0.36872,0.5,0.82929,-0.158,0.75858
905,7,0.4,0.12084,1.0,0.36843,0.5,0.82958,1.0,0.75887
906,,0.3,0.09155,1.0,0.33914,0.4,0.65887,0.8,0.58816
907,,0.2,0.06226,1.0,0.30985,0.3,0.48816,0.6,0.41745
908,,0.1,0.03297,1.0,0.28056,0.2,0.31745,0.4,0.24674
909,,0.0,0.00368,1.0,0.25127,0.1,0.14674,0.2,0.07603
910,,-0.1,-0.02561,1.0,0.22198,0.0,-0.02397,0.0,-0.09468
911,1,1.0,0.1161,1.0,0.22169,-0.1,-0.16568,-0.1,-0.09439
912,6,0.929,0.08681,1.0,0.2924,-0.029,1.0,-0.129,-0.1651
913,8,1.0,0.15752,1.0,0.26311,-0.1,0.92929,-0.158,1.0
914,7,1.0,0.15723,1.0,0.26282,-0.1,0.92958,1.0,1.0
915,5,0.9,0.15694,1.0,0.40453,1.0,0.92987,0.9,0.85829
916,,0.8,0.12765,1.0,0.37524,0.9,0.75916,0.7,0.68758
917,,0.7,0.09836,1.0,0.34595,0.8,0.58845,0.5,0.51687
918,,0.6,0.06907,1.0,0.31666,0.7,0.41774,0.3,0.34616
919,,0.5,0.03978,1.0,0.28737,0.6,0.24703,0.1,0.17545
920,,0.4,0.01049,1.0,0.25808,0.5,0.07632,-0.1,0.00474
921,7,0.4,0.0102,1.0,0.25779,0.5,0.07661,1.0,0.00503
922,,0.3,-0.01909,1.0,0.2285,0.4,-0.0941,0.8,-0.16568
923,8,0.371,0.05162,1.0,0.19921,0.329,-0.16481,0.771,1.0
924,6,0.3,0.02233,1.0,0.26992,0.4,1.0,0.742,0.92929
925,,0.2,-0.00696,1.0,0.24063,0.3,0.82929,0.542,0.75858
926,2,0.271,1.0,1.0,0.31134,0.229,0.65858,0.371,0.68787
927,,0.171,0.97071,1.0,0.28205,0.129,0.48787,0.171,0.51716
928,,0.071,0.94142,1.0,0.25276,0.029,0.31716,-0.029,0.34645
929,7,0.071,0.94113,1.0,0.25247,0.029,0.31745,1.0,0.34674
930,,-0.029,0.91184,1.0,0.22318,-0.071,0.14674,0.8,0.17603
931,5,-0.129,0.91155,1.0,0.36489,1.0,0.14703,0.7,0.03432
932,1,1.0,1.0,1.0,0.3646,0.9,0.00532,0.6,0.03461
933,,0.9,0.97071,1.0,0.33531,0.8,-0.16539,0.4,-0.1361
934,6,0.829,0.94142,1.0,0.40602,0.871,1.0,0.371,-0.20681
935,8,0.9,1.0,1.0,0.37673,0.8,0.92929,0.342,1.0
936,,0.8,0.97071,1.0,0.34744,0.7,0.75858,0.142,0.82929
937,,0.7,0.94142,1.0,0.31815,0.6,0.58787,-0.058,0.65858
938,7,0.7,0.94113,1.0,0.31786,0.6,0.58816,1.0,0.65887
939,,0.6,0.91184,1.0,0.28857,0.5,0.41745,0.8,0.48816
940,,0.5,0.88255,1.0,0.25928,0.4,0.24674,0.6,0.31745
941,,0.4,0.85326,1.0,0.22999,0.3,0.07603,0.4,0.14674
942,,0.3,0.82397,1.0,0.2007,0.2,-0.09468,0.2,-0.02397
943,6,0.229,0.79468,1.0,0.27141,0.271,1.0,0.171,-0.09468
944,8,0.3,0.86539,1.0,0.24212,0.2,0.92929,0.142,1.0
945,,0.2,0.8361,1.0,0.21283,0.1,0.75858,-0.058,0.82929
946,7,0.2,0.83581,1.0,0.21254,0.1,0.75887,1.0,0.82958
947,,0.1,0.80652,1.0,0.18325,0.0,0.58816,0.8,0.65887
948,,0.0,0.77723,1.0,0.15396,-0.1,0.41745,0.6,0.48816
949,5,-0.1,0.77694,1.0,0.29567,1.0,0.41774,0.5,0.34645
950,1,1.0,0.91865,1.0,0.29538,0.9,0.27603,0.4,0.34674
951,,0.9,0.88936,1.0,0.26609,0.8,0.10532,0.2,0.17603
952,,0.8,0.86007,1.0,0.2368,0.7,-0.06539,0.0,0.00532
953,6,0.729,0.83078,1.0,0.30751,0.771,1.0,-0.029,-0.06539
954,8,0.8,0.90149,1.0,0.27822,0.7,0.92929,-0.058,1.0
955,7,0.8,0.9012,1.0,0.27793,0.7,0.92958,1.0,1.0
956,,0.7,0.87191,1.0,0.24864,0.6,0.75887,0.8,0.82929
957,,0.6,0.84262,1.0,0.21935,0.5,0.58816,0.6,0.65858
958,,0.5,0.81333,1.0,0.19006,0.4,0.41745,0.4,0.48787
959,,0.4,0.78404,1.0,0.16077,0.3,0.24674,0.2,0.31716
960,,0.3,0.75475,1.0,0.13148,0.2,0.07603,0.0,0.14645
961,,0.2,0.72546,1.0,0.10219,0.1,-0.09468,-0.2,-0.02426
962,7,0.2,0.72517,1.0,0.1019,0.1,-0.09439,1.0,-0.02397
963,6,0.129,0.69588,1.0,0.17261,0.171,1.0,0.971,-0.09468
964,8,0.2,0.76659,1.0,0.14332,0.1,0.92929,0.942,1.0
965,,0.1,0.7373,1.0,0.11403,0.0,0.75858,0.742,0.82929
966,,0.0,0.70801,1.0,0.08474,-0.1,0.58787,0.542,0.65858
967,5,-0.1,0.70772,1.0,0.22645,1.0,0.58816,0.442,0.51687
968,1,1.0,0.84943,1.0,0.22616,0.9,0.44645,0.342,0.51716
969,,0.9,0.82014,1.0,0.19687,0.8,0.27574,0.142,0.34645
970,,0.8,0.79085,1.0,0.16758,0.7,0.10503,-0.058,0.17574
971,7,0.8,0.79056,1.0,0.16729,0.7,0.10532,1.0,0.17603
972,,0.7,0.76127,1.0,0.138,0.6,-0.06539,0.8,0.00532
973,6,0.629,0.73198,1.0,0.20871,0.671,1.0,0.771,-0.06539
974,8,0.7,0.80269,1.0,0.17942,0.6,0.92929,0.742,1.0
975,,0.6,0.7734,1.0,0.15013,0.5,0.75858,0.542,0.82929
976,,0.5,0.74411,1.0,0.12084,0.4,0.58787,0.342,0.65858
977,,0.4,0.71482,1.0,0.09155,0.3,0.41716,0.142,0.48787
978,,0.3,0.68553,1.0,0.06226,0.2,0.24645,-0.058,0.31716
979,7,0.3,0.68524,1.0,0.06197,0.2,0.24674,1.0,0.31745
980,,0.2,0.65595,1.0,0.03268,0.1,0.07603,0.8,0.14674
981,,0.1,0.62666,1.0,0.00339,0.0,-0.09468,0.6,-0.02397
982,6,0.029,0.59737,1.0,0.0741,0.071,1.0,0.571,-0.09468
983,8,0.1,0.66808,1.0,0.04481,-0.0,0.92929,0.542,1.0
984,,0.0,0.63879,1.0,0.01552,-0.1,0.75858,0.342,0.82929
985,5,-0.1,0.6385,1.0,0.15723,1.0,0.75887,0.242,0.68758
986,1,1.0,0.78021,1.0,0.15694,0.9,0.61716,0.142,0.68787
987,,0.9,0.75092,1.0,0.12765,0.8,0.44645,-0.058,0.51716
988,7,0.9,0.75063,1.0,0.12736,0.8,0.44674,1.0,0.51745
989,,0.8,0.72134,1.0,0.09807,0.7,0.27603,0.8,0.34674
990,,0.7,0.69205,1.0,0.06878,0.6,0.10532,0.6,0.17603
991,,0.6,0.66276,1.0,0.03949,0.5,-0.06539,0.4,0.00532
992,6,0.529,0.63347,1.0,0.1102,0.571,1.0,0.371,-0.06539
993,8,0.6,0.70418,1.0,0.08091,0.5,0.92929,0.342,1.0
994,,0.5,0.67489,1.0,0.05162,0.4,0.75858,0.142,0.82929
995,,0.4,0.6456,1.0,0.02233,0.3,0.58787,-0.058,0.65858
996,7,0.4,0.64531,1.0,0.02204,0.3,0.58816,1.0,0.65887
997,,0.3,0.61602,1.0,-0.00725,0.2,0.41745,0.8,0.48816
998,4,0.229,0.68673,1.0,1.0,0.271,0.34674,0.629,0.31745
999,,0.129,0.65744,1.0,0.97071,0.171,0.17603,0.429,0.14674
1000,,0.029,0.62815,1.0,0.94142,0.071,0.00532,0.229,-0.02397
1001,8,0.1,0.69886,1.0,0.91213,-0.0,-0.06539,0.2,1.0
1002,6,0.029,0.66957,1.0,0.98284,0.071,1.0,0.171,0.92929
1003,,-0.071,0.64028,1.0,0.95355,-0.029,0.82929,-0.029,0.75858
1004,1,1.0,0.78199,1.0,0.95326,-0.129,0.68758,-0.129,0.75887
1005,7,1.0,0.7817,1.0,0.95297,-0.129,0.68787,1.0,0.75916
1006,5,0.9,0.78141,1.0,1.0,1.0,0.68816,0.9,0.61745
1007,,0.8,0.75212,1.0,0.97071,0.9,0.51745,0.7,0.44674
1008,,0.7,0.72283,1.0,0.94142,0.8,0.34674,0.5,0.27603
1009,,0.6,0.69354,1.0,0.91213,0.7,0.17603,0.3,0.10532
1010,,0.5,0.66425,1.0,0.88284,0.6,0.00532,0.1,-0.06539
1011,8,0.571,0.73496,1.0,0.85355,0.529,-0.06539,0.071,1.0
1012,6,0.5,0.70567,1.0,0.92426,0.6,1.0,0.042,0.92929
1013,,0.4,0.67638,1.0,0.89497,0.5,0.82929,-0.158,0.75858
1014,7,0.4,0.67609,1.0,0.89468,0.5,0.82958,1.0,0.75887
1015,,0.3,0.6468,1.0,0.86539,0.4,0.65887,0.8,0.58816
1016,,0.2,0.61751,1.0,0.8361,0.3,0.48816,0.6,0.41745
1017,,0.1,0.58822,1.0,0.80681,0.2,0.31745,0.4,0.24674
1018,,0.0,0.55893,1.0,0.77752,0.1,0.14674,0.2,0.07603
1019,,-0.1,0.52964,1.0,0.74823,0.0,-0.02397,0.0,-0.09468
1020,1,1.0,0.67135,1.0,0.74794,-0.1,-0.16568,-0.1,-0.09439
1021,6,0.929,0.64206,1.0,0.81865,-0.029,1.0,-0.129,-0.1651
1022,8,1.0,0.71277,1.0,0.78936,-0.1,0.92929,-0.158,1.0
1023,7,1.0,0.71248,1.0,0.78907,-0.1,0.92958,1.0,1.0
1024,5,0.9,0.71219,1.0,0.93078,1.0,0.92987,0.9,0.85829
1025,,0.8,0.6829,1.0,0.90149,0.9,0.75916,0.7,0.68758
1026,,0.7,0.65361,1.0,0.8722,0.8,0.58845,0.5,0.51687
1027,,0.6,0.62432,1.0,0.84291,0.7,0.41774,0.3,0.34616
1028,,0.5,0.59503,1.0,0.81362,0.6,0.24703,0.1,0.17545
1029,,0.4,0.56574,1.0,0.78433,0.5,0.07632,-0.1,0.00474
1030,7,0.4,0.56545,1.0,0.78404,0.5,0.07661,1.0,0.00503
1031,,0.3,0.53616,1.0,0.75475,0.4,-0.0941,0.8,-0.16568
1032,8,0.371,0.60687,1.0,0.72546,0.329,-0.16481,0.771,1.0
1033,6,0.3,0.57758,1.0,0.79617,0.4,1.0,0.742,0.92929
1034,,0.2,0.54829,1.0,0.76688,0.3,0.82929,0.542,0.75858
1035,,0.1,0.519,1.0,0.73759,0.2,0.65858,0.342,0.58787
1036,,0.0,0.48971,1.0,0.7083,0.1,0.48787,0.142,0.41716
1037,,-0.1,0.46042,1.0,0.67901,0.0,0.31716,-0.058,0.24645
1038,1,1.0,0.60213,1.0,0.67872,-0.1,0.17545,-0.158,0.24674
1039,7,1.0,0.60184,1.0,0.67843,-0.1,0.17574,1.0,0.24703
1040,5,0.9,0.60155,1.0,0.82014,1.0,0.17603,0.9,0.10532
1041,,0.8,0.57226,1.0,0.79085,0.9,0.00532,0.7,-0.06539
1042,8,0.871,0.64297,1.0,0.76156,0.829,-0.06539,0.671,1.0
1043,6,0.8,0.61368,1.0,0.83227,0.9,1.0,0.642,0.92929
1044,,0.7,0.58439,1.0,0.80298,0.8,0.82929,0.442,0.75858
1045,,0.6,0.5551,1.0,0.77369,0.7,0.65858,0.242,0.58787
1046,,0.5,0.52581,1.0,0.7444,0.6,0.48787,0.042,0.41716
1047,,0.4,0.49652,1.0,0.71511,0.5,0.31716,-0.158,0.24645
1048,7,0.4,0.49623,1.0,0.71482,0.5,0.31745,1.0,0.24674
1049,,0.3,0.46694,1.0,0.68553,0.4,0.14674,0.8,0.07603
1050,,0.2,0.43765,1.0,0.65624,0.3,-0.02397,0.6,-0.09468
1051,8,0.271,0.50836,1.0,0.62695,0.229,-0.09468,0.571,1.0
1052,6,0.2,0.47907,1.0,0.69766,0.3,1.0,0.542,0.92929
1053,,0.1,0.44978,1.0,0.66837,0.2,0.82929,0.342,0.75858
1054,,0.0,0.42049,1.0,0.63908,0.1,0.65858,0.142,0.58787
1055,,-0.1,0.3912,1.0,0.60979,0.0,0.48787,-0.058,0.41716
1056,1,1.0,0.53291,1.0,0.6095,-0.1,0.34616,-0.158,0.41745
1057,7,1.0,0.53262,1.0,0.60921,-0.1,0.34645,1.0,0.41774
1058,5,0.9,0.53233,1.0,0.75092,1.0,0.34674,0.9,0.27603
1059,,0.8,0.50304,1.0,0.72163,0.9,0.17603,0.7,0.10532
1060,,0.7,0.47375,1.0,0.69234,0.8,0.00532,0.5,-0.06539
1061,8,0.771,0.54446,1.0,0.66305,0.729,-0.06539,0.471,1.0
1062,6,0.7,0.51517,1.0,0.73376,0.8,1.0,0.442,0.92929
1063,,0.6,0.48588,1.0,0.70447,0.7,0.82929,0.242,0.75858
1064,,0.5,0.45659,1.0,0.67518,0.6,0.65858,0.042,0.58787
1065,,0.4,0.4273,1.0,0.64589,0.5,0.48787,-0.158,0.41716
1066,7,0.4,0.42701,1.0,0.6456,0.5,0.48816,1.0,0.41745
1067,,0.3,0.39772,1.0,0.61631,0.4,0.31745,0.8,0.24674
1068,,0.2,0.36843,1.0,0.58702,0.3,0.14674,0.6,0.07603
1069,,0.1,0.33914,1.0,0.55773,0.2,-0.02397,0.4,-0.09468
1070,8,0.171,0.40985,1.0,0.52844,0.129,-0.09468,0.371,1.0
1071,6,0.1,0.38056,1.0,0.59915,0.2,1.0,0.342,0.92929
1072,,0.0,0.35127,1.0,0.56986,0.1,0.82929,0.142,0.75858
1073,,-0.1,0.32198,1.0,0.54057,0.0,0.65858,-0.058,0.58787
1074,1,1.0,0.46369,1.0,0.54028,-0.1,0.51687,-0.158,0.58816
1075,7,1.0,0.4634,1.0,0.53999,-0.1,0.51716,1.0,0.58845
1076,5,0.9,0.46311,1.0,0.6817,1.0,0.51745,0.9,0.44674
1077,,0.8,0.43382,1.0,0.65241,0.9,0.34674,0.7,0.27603
1078,,0.7,0.40453,1.0,0.62312,0.8,0.17603,0.5,0.10532
1079,,0.6,0.37524,1.0,0.59383,0.7,0.00532,0.3,-0.06539
1080,8,0.671,0.44595,1.0,0.56454,0.629,-0.06539,0.271,1.0
1081,6,0.6,0.41666,1.0,0.63525,0.7,1.0,0.242,0.92929
1082,,0.5,0.38737,1.0,0.60596,0.6,0.82929,0.042,0.75858
1083,,0.4,0.35808,1.0,0.57667,0.5,0.65858,-0.158,0.58787
1084,7,0.4,0.35779,1.0,0.57638,0.5,0.65887,1.0,0.58816
1085,,0.3,0.3285,1.0,0.54709,0.4,0.48816,0.8,0.41745
1086,,0.2,0.29921,1.0,0.5178,0.3,0.31745,0.6,0.24674
1087,,0.1,0.26992,1.0,0.48851,0.2,0.14674,0.4,0.07603
1088,,0.0,0.24063,1.0,0.45922,0.1,-0.02397,0.2,-0.09468
1089,8,0.071,0.31134,1.0,0.42993,0.029,-0.09468,0.171,1.0
1090,6,-0.0,0.28205,1.0,0.50064,0.1,1.0,0.142,0.92929
1091,,-0.1,0.25276,1.0,0.47135,0.0,0.82929,-0.058,0.75858
1092,1,1.0,0.39447,1.0,0.47106,-0.1,0.68758,-0.158,0.75887
1093,7,1.0,0.39418,1.0,0.47077,-0.1,0.68787,1.0,0.75916
1094,5,0.9,0.39389,1.0,0.61248,1.0,0.68816,0.9,0.61745
1095,,0.8,0.3646,1.0,0.58319,0.9,0.51745,0.7,0.44674
1096,,0.7,0.33531,1.0,0.5539,0.8,0.34674,0.5,0.27603
1097,,0.6,0.30602,1.0,0.52461,0.7,0.17603,0.3,0.10532
1098,,0.5,0.27673,1.0,0.49532,0.6,0.00532,0.1,-0.06539
1099,8,0.571,0.34744,1.0,0.46603,0.529,-0.06539,0.071,1.0
1100,6,0.5,0.31815,1.0,0.53674,0.6,1.0,0.042,0.92929
1101,,0.4,0.28886,1.0,0.50745,0.5,0.82929,-0.158,0.75858
1102,7,0.4,0.28857,1.0,0.50716,0.5,0.82958,1.0,0.75887
1103,,0.3,0.25928,1.0,0.47787,0.4,0.65887,0.8,0.58816
1104,,0.2,0.22999,1.0,0.44858,0.3,0.48816,0.6,0.41745
1105,,0.1,0.2007,1.0,0.41929,0.2,0.31745,0.4,0.24674
1106,,0.0,0.17141,1.0,0.39,0.1,0.14674,0.2,0.07603
1107,,-0.1,0.14212,1.0,0.36071,0.0,-0.02397,0.0,-0.09468
1108,1,1.0,0.28383,1.0,0.36042,-0.1,-0.16568,-0.1,-0.09439
1109,6,0.929,0.25454,1.0,0.43113,-0.029,1.0,-0.129,-0.1651
1110,8,1.0,0.32525,1.0,0.40184,-0.1,0.92929,-0.158,1.0
1111,7,1.0,0.32496,1.0,0.40155,-0.1,0.92958,1.0,1.0
1112,5,0.9,0.32467,1.0,0.54326,1.0,0.92987,0.9,0.85829
1113,,0.8,0.29538,1.0,0.51397,0.9,0.75916,0.7,0.68758
1114,,0.7,0.26609,1.0,0.48468,0.8,0.58845,0.5,0.51687
1115,,0.6,0.2368,1.0,0.45539,0.7,0.41774,0.3,0.34616
1116,,0.5,0.20751,1.0,0.4261,0.6,0.24703,0.1,0.17545
1117,,0.4,0.17822,1.0,0.39681,0.5,0.07632,-0.1,0.00474
1118,7,0.4,0.17793,1.0,0.39652,0.5,0.07661,1.0,0.00503
1119,,0.3,0.14864,1.0,0.36723,0.4,-0.0941,0.8,-0.16568
1120,8,0.371,0.21935,1.0,0.33794,0.329,-0.16481,0.771,1.0
1121,6,0.3,0.19006,1.0,0.40865,0.4,1.0,0.742,0.92929
1122,,0.2,0.16077,1.0,0.37936,0.3,0.82929,0.542,0.75858
1123,,0.1,0.13148,1.0,0.35007,0.2,0.65858,0.342,0.58787
1124,,0.0,0.10219,1.0,0.32078,0.1,0.48787,0.142,0.41716
1125,,-0.1,0.0729,1.0,0.29149,0.0,0.31716,-0.058,0.24645
1126,1,1.0,0.21461,1.0,0.2912,-0.1,0.17545,-0.158,0.24674
1127,7,1.0,0.21432,1.0,0.29091,-0.1,0.17574,1.0,0.24703
1128,5,0.9,0.21403,1.0,0.43262,1.0,0.17603,0.9,0.10532
1129,,0.8,0.18474,1.0,0.40333,0.9,0.00532,0.7,-0.06539
1130,8,0.871,0.25545,1.0,0.37404,0.829,-0.06539,0.671,1.0
1131,6,0.8,0.22616,1.0,0.44475,0.9,1.0,0.642,0.92929
1132,,0.7,0.19687,1.0,0.41546,0.8,0.82929,0.442,0.75858
1133,,0.6,0.16758,1.0,0.38617,0.7,0.65858,0.242,0.58787
1134,,0.5,0.13829,1.0,0.35688,0.6,0.48787,0.042,0.41716
1135,,0.4,0.109,1.0,0.32759,0.5,0.31716,-0.158,0.24645
1136,7,0.4,0.10871,1.0,0.3273,0.5,0.31745,1.0,0.24674
1137,,0.3,0.07942,1.0,0.29801,0.4,0.14674,0.8,0.07603
1138,,0.2,0.05013,1.0,0.26872,0.3,-0.02397,0.6,-0.09468
1139,8,0.271,0.12084,1.0,0.23943,0.229,-0.09468,0.571,1.0
1140,6,0.2,0.09155,1.0,0.31014,0.3,1.0,0.542,0.92929
1141,,0.1,0.06226,1.0,0.28085,0.2,0.82929,0.342,0.75858
1142,,0.0,0.03297,1.0,0.25156,0.1,0.65858,0.142,0.58787
1143,,-0.1,0.00368,1.0,0.22227,0.0,0.48787,-0.058,0.41716
1144,1,1.0,0.14539,1.0,0.22198,-0.1,0.34616,-0.158,0.41745
1145,7,1.0,0.1451,1.0,0.22169,-0.1,0.34645,1.0,0.41774
1146,5,0.9,0.14481,1.0,0.3634,1.0,0.34674,0.9,0.27603
1147,,0.8,0.11552,1.0,0.33411,0.9,0.17603,0.7,0.10532
1148,,0.7,0.08623,1.0,0.30482,0.8,0.00532,0.5,-0.06539
1149,8,0.771,0.15694,1.0,0.27553,0.729,-0.06539,0.471,1.0
1150,6,0.7,0.12765,1.0,0.34624,0.8,1.0,0.442,0.92929
1151,,0.6,0.09836,1.0,0.31695,0.7,0.82929,0.242,0.75858
1152,,0.5,0.06907,1.0,0.28766,0.6,0.65858,0.042,0.58787
1153,,0.4,0.03978,1.0,0.25837,0.5,0.48787,-0.158,0.41716
1154,7,0.4,0.03949,1.0,0.25808,0.5,0.48816,1.0,0.41745
1155,,0.3,0.0102,1.0,0.22879,0.4,0.31745,0.8,0.24674
1156,,0.2,-0.01909,1.0,0.1995,0.3,0.14674,0.6,0.07603
1157,2,0.271,1.0,1.0,0.27021,0.229,-0.02397,0.429,0.00532
1158,6,0.2,0.97071,1.0,0.34092,0.3,1.0,0.4,-0.06539
1159,8,0.271,1.0,1.0,0.31163,0.229,0.92929,0.371,1.0
1160,,0.171,0.97071,1.0,0.28234,0.129,0.75858,0.171,0.82929
1161,,0.071,0.94142,1.0,0.25305,0.029,0.58787,-0.029,0.65858
1162,7,0.071,0.94113,1.0,0.25276,0.029,0.58816,1.0,0.65887
1163,,-0.029,0.91184,1.0,0.22347,-0.071,0.41745,0.8,0.48816
1164,5,-0.129,0.91155,1.0,0.36518,1.0,0.41774,0.7,0.34645
1165,1,1.0,1.0,1.0,0.36489,0.9,0.27603,0.6,0.34674
1166,,0.9,0.97071,1.0,0.3356,0.8,0.10532,0.4,0.17603
1167,,0.8,0.94142,1.0,0.30631,0.7,-0.06539,0.2,0.00532
1168,6,0.729,0.91213,1.0,0.37702,0.771,1.0,0.171,-0.06539
1169,8,0.8,0.98284,1.0,0.34773,0.7,0.92929,0.142,1.0
1170,,0.7,0.95355,1.0,0.31844,0.6,0.75858,-0.058,0.82929
1171,7,0.7,0.95326,1.0,0.31815,0.6,0.75887,1.0,0.82958
1172,,0.6,0.92397,1.0,0.28886,0.5,0.58816,0.8,0.65887
1173,,0.5,0.89468,1.0,0.25957,0.4,0.41745,0.6,0.48816
1174,,0.4,0.86539,1.0,0.23028,0.3,0.24674,0.4,0.31745
1175,,0.3,0.8361,1.0,0.20099,0.2,0.07603,0.2,0.14674
1176,,0.2,0.80681,1.0,0.1717,0.1,-0.09468,0.0,-0.02397
1177,6,0.129,0.77752,1.0,0.24241,0.171,1.0,-0.029,-0.09468
1178,8,0.2,0.84823,1.0,0.21312,0.1,0.92929,-0.058,1.0
1179,7,0.2,0.84794,1.0,0.21283,0.1,0.92958,1.0,1.0
1180,,0.1,0.81865,1.0,0.18354,0.0,0.75887,0.8,0.82929
1181,,0.0,0.78936,1.0,0.15425,-0.1,0.58816,0.6,0.65858
1182,5,-0.1,0.78907,1.0,0.29596,1.0,0.58845,0.5,0.51687
1183,1,1.0,0.93078,1.0,0.29567,0.9,0.44674,0.4,0.51716
1184,,0.9,0.90149,1.0,0.26638,0.8,0.27603,0.2,0.34645
1185,,0.8,0.8722,1.0,0.23709,0.7,0.10532,0.0,0.17574
1186,,0.7,0.84291,1.0,0.2078,0.6,-0.06539,-0.2,0.00503
1187,7,0.7,0.84262,1.0,0.20751,0.6,-0.0651,1.0,0.00532
1188,6,0.629,0.81333,1.0,0.27822,0.671,1.0,0.971,-0.06539
1189,8,0.7,0.88404,1.0,0.24893,0.6,0.92929,0.942,1.0
1190,,0.6,0.85475,1.0,0.21964,0.5,0.75858,0.742,0.82929
1191,,0.5,0.82546,1.0,0.19035,0.4,0.58787,0.542,0.65858
1192,,0.4,0.79617,1.0,0.16106,0.3,0.41716,0.342,0.48787
1193,,0.3,0.76688,1.0,0.13177,0.2,0.24645,0.142,0.31716
1194,,0.2,0.73759,1.0,0.10248,0.1,0.07574,-0.058,0.14645
1195,7,0.2,0.7373,1.0,0.10219,0.1,0.07603,1.0,0.14674
1196,,0.1,0.70801,1.0,0.0729,0.0,-0.09468,0.8,-0.02397
1197,6,0.029,0.67872,1.0,0.14361,0.071,1.0,0.771,-0.09468
1198,8,0.1,0.74943,1.0,0.11432,-0.0,0.92929,0.742,1.0
1199,,0.0,0.72014,1.0,0.08503,-0.1,0.75858,0.542,0.82929
1200,5,-0.1,0.71985,1.0,0.22674,1.0,0.75887,0.442,0.68758
1201,1,1.0,0.86156,1.0,0.22645,0.9,0.61716,0.342,0.68787
1202,,0.9,0.83227,1.0,0.19716,0.8,0.44645,0.142,0.51716
1203,,0.8,0.80298,1.0,0.16787,0.7,0.27574,-0.058,0.34645
1204,7,0.8,0.80269,1.0,0.16758,0.7,0.27603,1.0,0.34674
1205,,0.7,0.7734,1.0,0.13829,0.6,0.10532,0.8,0.17603
1206,,0.6,0.74411,1.0,0.109,0.5,-0.06539,0.6,0.00532
1207,6,0.529,0.71482,1.0,0.17971,0.571,1.0,0.571,-0.06539
1208,8,0.6,0.78553,1.0,0.15042,0.5,0.92929,0.542,1.0
1209,,0.5,0.75624,1.0,0.12113,0.4,0.75858,0.342,0.82929
1210,,0.4,0.72695,1.0,0.09184,0.3,0.58787,0.142,0.65858
1211,,0.3,0.69766,1.0,0.06255,0.2,0.41716,-0.058,0.48787
1212,7,0.3,0.69737,1.0,0.06226,0.2,0.41745,1.0,0.48816
1213,,0.2,0.66808,1.0,0.03297,0.1,0.24674,0.8,0.31745
1214,,0.1,0.63879,1.0,0.00368,0.0,0.07603,0.6,0.14674
1215,,0.0,0.6095,1.0,-0.02561,-0.1,-0.09468,0.4,-0.02397
1216,5,-0.1,0.60921,1.0,0.1161,1.0,-0.09439,0.3,-0.16568
1217,8,-0.029,0.67992,1.0,0.08681,0.929,-0.1651,0.271,1.0
1218,6,-0.1,0.65063,1.0,0.15752,1.0,1.0,0.242,0.92929
1219,1,1.0,0.79234,1.0,0.15723,0.9,0.85829,0.142,0.92958
1220,,0.9,0.76305,1.0,0.12794,0.8,0.68758,-0.058,0.75887
1221,7,0.9,0.76276,1.0,0.12765,0.8,0.68787,1.0,0.75916
1222,,0.8,0.73347,1.0,0.09836,0.7,0.51716,0.8,0.58845
1223,,0.7,0.70418,1.0,0.06907,0.6,0.34645,0.6,0.41774
1224,,0.6,0.67489,1.0,0.03978,0.5,0.17574,0.4,0.24703
1225,,0.5,0.6456,1.0,0.01049,0.4,0.00503,0.2,0.07632
1226,,0.4,0.61631,1.0,-0.0188,0.3,-0.16568,0.0,-0.09439
1227,6,0.329,0.58702,1.0,0.05191,0.371,1.0,-0.029,-0.1651
1228,8,0.4,0.65773,1.0,0.02262,0.3,0.92929,-0.058,1.0
1229,7,0.4,0.65744,1.0,0.02233,0.3,0.92958,1.0,1.0
1230,,0.3,0.62815,1.0,-0.00696,0.2,0.75887,0.8,0.82929
1231,4,0.229,0.69886,1.0,1.0,0.271,0.68816,0.629,0.65858
1232,,0.129,0.66957,1.0,0.97071,0.171,0.51745,0.429,0.48787
1233,,0.029,0.64028,1.0,0.94142,0.071,0.34674,0.229,0.31716
1234,,-0.071,0.61099,1.0,0.91213,-0.029,0.17603,0.029,0.14645
1235,1,1.0,0.7527,1.0,0.91184,-0.129,0.03432,-0.071,0.14674
1236,5,0.9,0.75241,1.0,1.0,1.0,0.03461,-0.171,0.00503
1237,7,0.9,0.75212,1.0,0.99971,1.0,0.0349,1.0,0.00532
1238,,0.8,0.72283,1.0,0.97042,0.9,-0.13581,0.8,-0.16539
1239,8,0.871,0.79354,1.0,0.94113,0.829,-0.20652,0.771,1.0
1240,6,0.8,0.76425,1.0,1.0,0.9,1.0,0.742,0.92929
1241,,0.7,0.73496,1.0,0.97071,0.8,0.82929,0.542,0.75858
1242,,0.6,0.70567,1.0,0.94142,0.7,0.65858,0.342,0.58787
1243,,0.5,0.67638,1.0,0.91213,0.6,0.48787,0.142,0.41716
1244,,0.4,0.64709,1.0,0.88284,0.5,0.31716,-0.058,0.24645
1245,7,0.4,0.6468,1.0,0.88255,0.5,0.31745,1.0,0.24674
1246,,0.3,0.61751,1.0,0.85326,0.4,0.14674,0.8,0.07603
1247,,0.2,0.58822,1.0,0.82397,0.3,-0.02397,0.6,-0.09468
1248,8,0.271,0.65893,1.0,0.79468,0.229,-0.09468,0.571,1.0
1249,6,0.2,0.62964,1.0,0.86539,0.3,1.0,0.542,0.92929
1250,,0.1,0.60035,1.0,0.8361,0.2,0.82929,0.342,0.75858
1251,,0.0,0.57106,1.0,0.80681,0.1,0.65858,0.142,0.58787
1252,,-0.1,0.54177,1.0,0.77752,0.0,0.48787,-0.058,0.41716
1253,1,1.0,0.68348,1.0,0.77723,-0.1,0.34616,-0.158,0.41745
1254,7,1.0,0.68319,1.0,0.77694,-0.1,0.34645,1.0,0.41774
1255,5,0.9,0.6829,1.0,0.91865,1.0,0.34674,0.9,0.27603
1256,,0.8,0.65361,1.0,0.88936,0.9,0.17603,0.7,0.10532
1257,,0.7,0.62432,1.0,0.86007,0.8,0.00532,0.5,-0.06539
1258,8,0.771,0.69503,1.0,0.83078,0.729,-0.06539,0.471,1.0
1259,6,0.7,0.66574,1.0,0.90149,0.8,1.0,0.442,0.92929
1260,,0.6,0.63645,1.0,0.8722,0.7,0.82929,0.242,0.75858
1261,,0.5,0.60716,1.0,0.84291,0.6,0.65858,0.042,0.58787
1262,,0.4,0.57787,1.0,0.81362,0.5,0.48787,-0.158,0.41716
1263,7,0.4,0.57758,1.0,0.81333,0.5,0.48816,1.0,0.41745
1264,,0.3,0.54829,1.0,0.78404,0.4,0.31745,0.8,0.24674
1265,,0.2,0.519,1.0,0.75475,0.3,0.14674,0.6,0.07603
1266,,0.1,0.48971,1.0,0.72546,0.2,-0.02397,0.4,-0.09468
1267,8,0.171,0.56042,1.0,0.69617,0.129,-0.09468,0.371,1.0
1268,6,0.1,0.53113,1.0,0.76688,0.2,1.0,0.342,0.92929
1269,,0.0,0.50184,1.0,0.73759,0.1,0.82929,0.142,0.75858
1270,,-0.1,0.47255,1.0,0.7083,0.0,0.65858,-0.058,0.58787
1271,1,1.0,0.61426,1.0,0.70801,-0.1,0.51687,-0.158,0.58816
1272,7,1.0,0.61397,1.0,0.70772,-0.1,0.51716,1.0,0.58845
1273,5,0.9,0.61368,1.0,0.84943,1.0,0.51745,0.9,0.44674
1274,,0.8,0.58439,1.0,0.82014,0.9,0.34674,0.7,0.27603
1275,,0.7,0.5551,1.0,0.79085,0.8,0.17603,0.5,0.10532
1276,,0.6,0.52581,1.0,0.76156,0.7,0.00532,0.3,-0.06539
1277,8,0.671,0.59652,1.0,0.73227,0.629,-0.06539,0.271,1.0
1278,6,0.6,0.56723,1.0,0.80298,0.7,1.0,0.242,0.92929
1279,,0.5,0.53794,1.0,0.77369,0.6,0.82929,0.042,0.75858
1280,,0.4,0.50865,1.0,0.7444,0.5,0.65858,-0.158,0.58787
1281,7,0.4,0.50836,1.0,0.74411,0.5,0.65887,1.0,0.58816
1282,,0.3,0.47907,1.0,0.71482,0.4,0.48816,0.8,0.41745
1283,,0.2,0.44978,1.0,0.68553,0.3,0.31745,0.6,0.24674
1284,,0.1,0.42049,1.0,0.65624,0.2,0.14674,0.4,0.07603
1285,,0.0,0.3912,1.0,0.62695,0.1,-0.02397,0.2,-0.09468
1286,8,0.071,0.46191,1.0,0.59766,0.029,-0.09468,0.171,1.0
1287,6,-0.0,0.43262,1.0,0.66837,0.1,1.0,0.142,0.92929
1288,,-0.1,0.40333,1.0,0.63908,0.0,0.82929,-0.058,0.75858
1289,1,1.0,0.54504,1.0,0.63879,-0.1,0.68758,-0.158,0.75887
1290,7,1.0,0.54475,1.0,0.6385,-0.1,0.68787,1.0,0.75916
1291,5,0.9,0.54446,1.0,0.78021,1.0,0.68816,0.9,0.61745
1292,,0.8,0.51517,1.0,0.75092,0.9,0.51745,0.7,0.44674
1293,,0.7,0.48588,1.0,0.72163,0.8,0.34674,0.5,0.27603
1294,,0.6,0.45659,1.0,0.69234,0.7,0.17603,0.3,0.10532
1295,,0.5,0.4273,1.0,0.66305,0.6,0.00532,0.1,-0.06539
1296,8,0.571,0.49801,1.0,0.63376,0.529,-0.06539,0.071,1.0
1297,6,0.5,0.46872,1.0,0.70447,0.6,1.0,0.042,0.92929
1298,,0.4,0.43943,1.0,0.67518,0.5,0.82929,-0.158,0.75858
1299,7,0.4,0.43914,1.0,0.67489,0.5,0.82958,1.0,0.75887
1300,,0.3,0.40985,1.0,0.6456,0.4,0.65887,0.8,0.58816
1301,,0.2,0.38056,1.0,0.61631,0.3,0.48816,0.6,0.41745
1302,,0.1,0.35127,1.0,0.58702,0.2,0.31745,0.4,0.24674
1303,,0.0,0.32198,1.0,0.55773,0.1,0.14674,0.2,0.07603
1304,,-0.1,0.29269,1.0,0.52844,0.0,-0.02397,0.0,-0.09468
1305,1,1.0,0.4344,1.0,0.52815,-0.1,-0.16568,-0.1,-0.09439
1306,6,0.929,0.40511,1.0,0.59886,-0.029,1.0,-0.129,-0.1651
1307,8,1.0,0.47582,1.0,0.56957,-0.1,0.92929,-0.158,1.0
1308,7,1.0,0.47553,1.0,0.56928,-0.1,0.92958,1.0,1.0
1309,5,0.9,0.47524,1.0,0.71099,1.0,0.92987,0.9,0.85829
1310,,0.8,0.44595,1.0,0.6817,0.9,0.75916,0.7,0.68758
1311,,0.7,0.41666,1.0,0.65241,0.8,0.58845,0.5,0.51687
1312,,0.6,0.38737,1.0,0.62312,0.7,0.41774,0.3,0.34616
1313,,0.5,0.35808,1.0,0.59383,0.6,0.24703,0.1,0.17545
1314,,0.4,0.32879,1.0,0.56454,0.5,0.07632,-0.1,0.00474
1315,7,0.4,0.3285,1.0,0.56425,0.5,0.07661,1.0,0.00503
1316,,0.3,0.29921,1.0,0.53496,0.4,-0.0941,0.8,-0.16568
1317,8,0.371,0.36992,1.0,0.50567,0.329,-0.16481,0.771,1.0
1318,6,0.3,0.34063,1.0,0.57638,0.4,1.0,0.742,0.92929
1319,,0.2,0.31134,1.0,0.54709,0.3,0.82929,0.542,0.75858
1320,,0.1,0.28205,1.0,0.5178,0.2,0.65858,0.342,0.58787
1321,,0.0,0.25276,1.0,0.48851,0.1,0.48787,0.142,0.41716
1322,,-0.1,0.22347,1.0,0.45922,0.0,0.31716,-0.058,0.24645
1323,1,1.0,0.36518,1.0,0.45893,-0.1,0.17545,-0.158,0.24674
1324,7,1.0,0.36489,1.0,0.45864,-0.1,0.17574,1.0,0.24703
1325,5,0.9,0.3646,1.0,0.60035,1.0,0.17603,0.9,0.10532
1326,,0.8,0.33531,1.0,0.57106,0.9,0.00532,0.7,-0.06539
1327,8,0.871,0.40602,1.0,0.54177,0.829,-0.06539,0.671,1.0
1328,6,0.8,0.37673,1.0,0.61248,0.9,1.0,0.642,0.92929
1329,,0.7,0.34744,1.0,0.58319,0.8,0.82929,0.442,0.75858
1330,,0.6,0.31815,1.0,0.5539,0.7,0.65858,0.242,0.58787
1331,,0.5,0.28886,1.0,0.52461,0.6,0.48787,0.042,0.41716
1332,,0.4,0.25957,1.0,0.49532,0.5,0.31716,-0.158,0.24645
1333,7,0.4,0.25928,1.0,0.49503,0.5,0.31745,1.0,0.24674
1334,,0.3,0.22999,1.0,0.46574,0.4,0.14674,0.8,0.07603
1335,,0.2,0.2007,1.0,0.43645,0.3,-0.02397,0.6,-0.09468
1336,8,0.271,0.27141,1.0,0.40716,0.229,-0.09468,0.571,1.0
1337,6,0.2,0.24212,1.0,0.47787,0.3,1.0,0.542,0.92929
1338,,0.1,0.21283,1.0,0.44858,0.2,0.82929,0.342,0.75858
1339,,0.0,0.18354,1.0,0.41929,0.1,0.65858,0.142,0.58787
1340,,-0.1,0.15425,1.0,0.39,0.0,0.48787,-0.058,0.41716
1341,1,1.0,0.29596,1.0,0.38971,-0.1,0.34616,-0.158,0.41745
1342,7,1.0,0.29567,1.0,0.38942,-0.1,0.34645,1.0,0.41774
1343,5,0.9,0.29538,1.0,0.53113,1.0,0.34674,0.9,0.27603
1344,,0.8,0.26609,1.0,0.50184,0.9,0.17603,0.7,0.10532
1345,,0.7,0.2368,1.0,0.47255,0.8,0.00532,0.5,-0.06539
1346,8,0.771,0.30751,1.0,0.44326,0.729,-0.06539,0.471,1.0
1347,6,0.7,0.27822,1.0,0.51397,0.8,1.0,0.442,0.92929
1348,,0.6,0.24893,1.0,0.48468,0.7,0.82929,0.242,0.75858
1349,,0.5,0.21964,1.0,0.45539,0.6,0.65858,0.042,0.58787
1350,,0.4,0.19035,1.0,0.4261,0.5,0.48787,-0.158,0.41716
1351,7,0.4,0.19006,1.0,0.42581,0.5,0.48816,1.0,0.41745
1352,,0.3,0.16077,1.0,0.39652,0.4,0.31745,0.8,0.24674
1353,,0.2,0.13148,1.0,0.36723,0.3,0.14674,0.6,0.07603
1354,,0.1,0.10219,1.0,0.33794,0.2,-0.02397,0.4,-0.09468
1355,8,0.171,0.1729,1.0,0.30865,0.129,-0.09468,0.371,1.0
1356,6,0.1,0.14361,1.0,0.37936,0.2,1.0,0.342,0.92929
1357,,0.0,0.11432,1.0,0.35007,0.1,0.82929,0.142,0.75858
1358,,-0.1,0.08503,1.0,0.32078,0.0,0.65858,-0.058,0.58787
1359,1,1.0,0.22674,1.0,0.32049,-0.1,0.51687,-0.158,0.58816
1360,7,1.0,0.22645,1.0,0.3202,-0.1,0.51716,1.0,0.58845
1361,5,0.9,0.22616,1.0,0.46191,1.0,0.51745,0.9,0.44674
1362,,0.8,0.19687,1.0,0.43262,0.9,0.34674,0.7,0.27603
1363,,0.7,0.16758,1.0,0.40333,0.8,0.17603,0.5,0.10532
1364,,0.6,0.13829,1.0,0.37404,0.7,0.00532,0.3,-0.06539
1365,8,0.671,0.209,1.0,0.34475,0.629,-0.06539,0.271,1.0
1366,6,0.6,0.17971,1.0,0.41546,0.7,1.0,0.242,0.92929
1367,,0.5,0.15042,1.0,0.38617,0.6,0.82929,0.042,0.75858
1368,,0.4,0.12113,1.0,0.35688,0.5,0.65858,-0.158,0.58787
1369,7,0.4,0.12084,1.0,0.35659,0.5,0.65887,1.0,0.58816
1370,,0.3,0.09155,1.0,0.3273,0.4,0.48816,0.8,0.41745
1371,,0.2,0.06226,1.0,0.29801,0.3,0.31745,0.6,0.24674
1372,,0.1,0.03297,1.0,0.26872,0.2,0.14674,0.4,0.07603
1373,,0.0,0.00368,1.0,0.23943,0.1,-0.02397,0.2,-0.09468
1374,8,0.071,0.07439,1.0,0.21014,0.029,-0.09468,0.171,1.0
1375,6,-0.0,0.0451,1.0,0.28085,0.1,1.0,0.142,0.92929
1376,,-0.1,0.01581,1.0,0.25156,0.0,0.82929,-0.058,0.75858
1377,1,1.0,0.15752,1.0,0.25127,-0.1,0.68758,-0.158,0.75887
1378,7,1.0,0.15723,1.0,0.25098,-0.1,0.68787,1.0,0.75916
1379,5,0.9,0.15694,1.0,0.39269,1.0,0.68816,0.9,0.61745
1380,,0.8,0.12765,1.0,0.3634,0.9,0.51745,0.7,0.44674
1381,,0.7,0.09836,1.0,0.33411,0.8,0.34674,0.5,0.27603
1382,,0.6,0.06907,1.0,0.30482,0.7,0.17603,0.3,0.10532
1383,,0.5,0.03978,1.0,0.27553,0.6,0.00532,0.1,-0.06539
1384,8,0.571,0.11049,1.0,0.24624,0.529,-0.06539,0.071,1.0
1385,6,0.5,0.0812,1.0,0.31695,0.6,1.0,0.042,0.92929
1386,,0.4,0.05191,1.0,0.28766,0.5,0.82929,-0.158,0.75858
1387,7,0.4,0.05162,1.0,0.28737,0.5,0.82958,1.0,0.75887
1388,,0.3,0.02233,1.0,0.25808,0.4,0.65887,0.8,0.58816
1389,,0.2,-0.00696,1.0,0.22879,0.3,0.48816,0.6,0.41745
1390,2,0.271,1.0,1.0,0.2995,0.229,0.31745,0.429,0.34674
1391,,0.171,0.97071,1.0,0.27021,0.129,0.14674,0.229,0.17603
1392,,0.071,0.94142,1.0,0.24092,0.029,-0.02397,0.029,0.00532
1393,6,-0.0,0.91213,1.0,0.31163,0.1,1.0,0.0,-0.06539
1394,8,0.071,0.98284,1.0,0.28234,0.029,0.92929,-0.029,1.0
1395,7,0.071,0.98255,1.0,0.28205,0.029,0.92958,1.0,1.0
1396,,-0.029,0.95326,1.0,0.25276,-0.071,0.75887,0.8,0.82929
1397,5,-0.129,0.95297,1.0,0.39447,1.0,0.75916,0.7,0.68758
1398,1,1.0,1.0,1.0,0.39418,0.9,0.61745,0.6,0.68787
1399,,0.9,0.97071,1.0,0.36489,0.8,0.44674,0.4,0.51716
1400,,0.8,0.94142,1.0,0.3356,0.7,0.27603,0.2,0.34645
1401,,0.7,0.91213,1.0,0.30631,0.6,0.10532,0.0,0.17574
1402,,0.6,0.88284,1.0,0.27702,0.5,-0.06539,-0.2,0.00503
1403,7,0.6,0.88255,1.0,0.27673,0.5,-0.0651,1.0,0.00532
1404,6,0.529,0.85326,1.0,0.34744,0.571,1.0,0.971,-0.06539
1405,8,0.6,0.92397,1.0,0.31815,0.5,0.92929,0.942,1.0
1406,,0.5,0.89468,1.0,0.28886,0.4,0.75858,0.742,0.82929
1407,,0.4,0.86539,1.0,0.25957,0.3,0.58787,0.542,0.65858
1408,,0.3,0.8361,1.0,0.23028,0.2,0.41716,0.342,0.48787
1409,,0.2,0.80681,1.0,0.20099,0.1,0.24645,0.142,0.31716
1410,,0.1,0.77752,1.0,0.1717,0.0,0.07574,-0.058,0.14645
1411,7,0.1,0.77723,1.0,0.17141,0.0,0.07603,1.0,0.14674
1412,,0.0,0.74794,1.0,0.14212,-0.1,-0.09468,0.8,-0.02397
1413,5,-0.1,0.74765,1.0,0.28383,1.0,-0.09439,0.7,-0.16568
1414,8,-0.029,0.81836,1.0,0.25454,0.929,-0.1651,0.671,1.0
1415,6,-0.1,0.78907,1.0,0.32525,1.0,1.0,0.642,0.92929
1416,1,1.0,0.93078,1.0,0.32496,0.9,0.85829,0.542,0.92958
1417,,0.9,0.90149,1.0,0.29567,0.8,0.68758,0.342,0.75887
1418,,0.8,0.8722,1.0,0.26638,0.7,0.51687,0.142,0.58816
1419,,0.7,0.84291,1.0,0.23709,0.6,0.34616,-0.058,0.41745
1420,7,0.7,0.84262,1.0,0.2368,0.6,0.34645,1.0,0.41774
1421,,0.6,0.81333,1.0,0.20751,0.5,0.17574,0.8,0.24703
1422,,0.5,0.78404,1.0,0.17822,0.4,0.00503,0.6,0.07632
1423,,0.4,0.75475,1.0,0.14893,0.3,-0.16568,0.4,-0.09439
1424,6,0.329,0.72546,1.0,0.21964,0.371,1.0,0.371,-0.1651
1425,8,0.4,0.79617,1.0,0.19035,0.3,0.92929,0.342,1.0
1426,,0.3,0.76688,1.0,0.16106,0.2,0.75858,0.142,0.82929
1427,,0.2,0.73759,1.0,0.13177,0.1,0.58787,-0.058,0.65858
1428,7,0.2,0.7373,1.0,0.13148,0.1,0.58816,1.0,0.65887
1429,,0.1,0.70801,1.0,0.10219,0.0,0.41745,0.8,0.48816
1430,,0.0,0.67872,1.0,0.0729,-0.1,0.24674,0.6,0.31745
1431,5,-0.1,0.67843,1.0,0.21461,1.0,0.24703,0.5,0.17574
1432,1,1.0,0.82014,1.0,0.21432,0.9,0.10532,0.4,0.17603
1433,,0.9,0.79085,1.0,0.18503,0.8,-0.06539,0.2,0.00532
1434,6,0.829,0.76156,1.0,0.25574,0.871,1.0,0.171,-0.06539
1435,8,0.9,0.83227,1.0,0.22645,0.8,0.92929,0.142,1.0
1436,,0.8,0.80298,1.0,0.19716,0.7,0.75858,-0.058,0.82929
1437,7,0.8,0.80269,1.0,0.19687,0.7,0.75887,1.0,0.82958
1438,,0.7,0.7734,1.0,0.16758,0.6,0.58816,0.8,0.65887
1439,,0.6,0.74411,1.0,0.13829,0.5,0.41745,0.6,0.48816
1440,,0.5,0.71482,1.0,0.109,0.4,0.24674,0.4,0.31745
1441,,0.4,0.68553,1.0,0.07971,0.3,0.07603,0.2,0.14674
1442,,0.3,0.65624,1.0,0.05042,0.2,-0.09468,0.0,-0.02397
1443,6,0.229,0.62695,1.0,0.12113,0.271,1.0,-0.029,-0.09468
1444,8,0.3,0.69766,1.0,0.09184,0.2,0.92929,-0.058,1.0
1445,7,0.3,0.69737,1.0,0.09155,0.2,0.92958,1.0,1.0
1446,,0.2,0.66808,1.0,0.06226,0.1,0.75887,0.8,0.82929
1447,,0.1,0.63879,1.0,0.03297,0.0,0.58816,0.6,0.65858
1448,,0.0,0.6095,1.0,0.00368,-0.1,0.41745,0.4,0.48787
1449,5,-0.1,0.60921,1.0,0.14539,1.0,0.41774,0.3,0.34616
1450,1,1.0,0.75092,1.0,0.1451,0.9,0.27603,0.2,0.34645
1451,,0.9,0.72163,1.0,0.11581,0.8,0.10532,0.0,0.17574
1452,,0.8,0.69234,1.0,0.08652,0.7,-0.06539,-0.2,0.00503
1453,7,0.8,0.69205,1.0,0.08623,0.7,-0.0651,1.0,0.00532
1454,6,0.729,0.66276,1.0,0.15694,0.771,1.0,0.971,-0.06539
1455,8,0.8,0.73347,1.0,0.12765,0.7,0.92929,0.942,1.0
1456,,0.7,0.70418,1.0,0.09836,0.6,0.75858,0.742,0.82929
1457,,0.6,0.67489,1.0,0.06907,0.5,0.58787,0.542,0.65858
1458,,0.5,0.6456,1.0,0.03978,0.4,0.41716,0.342,0.48787
1459,,0.4,0.61631,1.0,0.01049,0.3,0.24645,0.142,0.31716
1460,,0.3,0.58702,1.0,-0.0188,0.2,0.07574,-0.058,0.14645
1461,7,0.3,0.58673,1.0,-0.01909,0.2,0.07603,1.0,0.14674
1462,4,0.229,0.65744,1.0,1.0,0.271,0.00532,0.829,-0.02397
1463,8,0.3,0.72815,1.0,0.97071,0.2,-0.06539,0.8,1.0
1464,6,0.229,0.69886,1.0,1.0,0.271,1.0,0.771,0.92929
1465,,0.129,0.66957,1.0,0.97071,0.171,0.82929,0.571,0.75858
1466,,0.029,0.64028,1.0,0.94142,0.071,0.65858,0.371,0.58787
1467,,-0.071,0.61099,1.0,0.91213,-0.029,0.48787,0.171,0.41716
1468,1,1.0,0.7527,1.0,0.91184,-0.129,0.34616,0.071,0.41745
1469,5,0.9,0.75241,1.0,1.0,1.0,0.34645,-0.029,0.27574
1470,7,0.9,0.75212,1.0,0.99971,1.0,0.34674,1.0,0.27603
1471,,0.8,0.72283,1.0,0.97042,0.9,0.17603,0.8,0.10532
1472,,0.7,0.69354,1.0,0.94113,0.8,0.00532,0.6,-0.06539
1473,8,0.771,0.76425,1.0,0.91184,0.729,-0.06539,0.571,1.0
1474,6,0.7,0.73496,1.0,0.98255,0.8,1.0,0.542,0.92929
1475,,0.6,0.70567,1.0,0.95326,0.7,0.82929,0.342,0.75858
1476,,0.5,0.67638,1.0,0.92397,0.6,0.65858,0.142,0.58787
1477,,0.4,0.64709,1.0,0.89468,0.5,0.48787,-0.058,0.41716
1478,7,0.4,0.6468,1.0,0.89439,0.5,0.48816,1.0,0.41745
1479,,0.3,0.61751,1.0,0.8651,0.4,0.31745,0.8,0.24674
1480,,0.2,0.58822,1.0,0.83581,0.3,0.14674,0.6,0.07603
1481,,0.1,0.55893,1.0,0.80652,0.2,-0.02397,0.4,-0.09468
1482,8,0.171,0.62964,1.0,0.77723,0.129,-0.09468,0.371,1.0
1483,6,0.1,0.60035,1.0,0.84794,0.2,1.0,0.342,0.92929
1484,,0.0,0.57106,1.0,0.81865,0.1,0.82929,0.142,0.75858
1485,,-0.1,0.54177,1.0,0.78936,0.0,0.65858,-0.058,0.58787
1486,1,1.0,0.68348,1.0,0.78907,-0.1,0.51687,-0.158,0.58816
1487,7,1.0,0.68319,1.0,0.78878,-0.1,0.51716,1.0,0.58845
1488,5,0.9,0.6829,1.0,0.93049,1.0,0.51745,0.9,0.44674
1489,,0.8,0.65361,1.0,0.9012,0.9,0.34674,0.7,0.27603
1490,,0.7,0.62432,1.0,0.87191,0.8,0.17603,0.5,0.10532
1491,,0.6,0.59503,1.0,0.84262,0.7,0.00532,0.3,-0.06539
1492,8,0.671,0.66574,1.0,0.81333,0.629,-0.06539,0.271,1.0
1493,6,0.6,0.63645,1.0,0.88404,0.7,1.0,0.242,0.92929
1494,,0.5,0.60716,1.0,0.85475,0.6,0.82929,0.042,0.75858
1495,,0.4,0.57787,1.0,0.82546,0.5,0.65858,-0.158,0.58787
1496,7,0.4,0.57758,1.0,0.82517,0.5,0.65887,1.0,0.58816
1497,,0.3,0.54829,1.0,0.79588,0.4,0.48816,0.8,0.41745
1498,,0.2,0.519,1.0,0.76659,0.3,0.31745,0.6,0.24674
1499,,0.1,0.48971,1.0,0.7373,0.2,0.14674,0.4,0.07603
1500,,0.0,0.46042,1.0,0.70801,0.1,-0.02397,0.2,-0.09468
1501,8,0.071,0.53113,1.0,0.67872,0.029,-0.09468,0.171,1.0
1502,6,-0.0,0.50184,1.0,0.74943,0.1,1.0,0.142,0.92929
1503,,-0.1,0.47255,1.0,0.72014,0.0,0.82929,-0.058,0.75858
1504,1,1.0,0.61426,1.0,0.71985,-0.1,0.68758,-0.158,0.75887
1505,7,1.0,0.61397,1.0,0.71956,-0.1,0.68787,1.0,0.75916
1506,5,0.9,0.61368,1.0,0.86127,1.0,0.68816,0.9,0.61745
1507,,0.8,0.58439,1.0,0.83198,0.9,0.51745,0.7,0.44674
1508,,0.7,0.5551,1.0,0.80269,0.8,0.34674,0.5,0.27603
1509,,0.6,0.52581,1.0,0.7734,0.7,0.17603,0.3,0.10532
1510,,0.5,0.49652,1.0,0.74411,0.6,0.00532,0.1,-0.06539
1511,8,0.571,0.56723,1.0,0.71482,0.529,-0.06539,0.071,1.0
1512,6,0.5,0.53794,1.0,0.78553,0.6,1.0,0.042,0.92929
1513,,0.4,0.50865,1.0,0.75624,0.5,0.82929,-0.158,0.75858
1514,7,0.4,0.50836,1.0,0.75595,0.5,0.82958,1.0,0.75887
1515,,0.3,0.47907,1.0,0.72666,0.4,0.65887,0.8,0.58816
1516,,0.2,0.44978,1.0,0.69737,0.3,0.48816,0.6,0.41745
1517,,0.1,0.42049,1.0,0.66808,0.2,0.31745,0.4,0.24674
1518,,0.0,0.3912,1.0,0.63879,0.1,0.14674,0.2,0.07603
1519,,-0.1,0.36191,1.0,0.6095,0.0,-0.02397,0.0,-0.09468
1520,1,1.0,0.50362,1.0,0.60921,-0.1,-0.16568,-0.1,-0.09439
1521,6,0.929,0.47433,1.0,0.67992,-0.029,1.0,-0.129,-0.1651
1522,8,1.0,0.54504,1.0,0.65063,-0.1,0.92929,-0.158,1.0
1523,7,1.0,0.54475,1.0,0.65034,-0.1,0.92958,1.0,1.0
1524,5,0.9,0.54446,1.0,0.79205,1.0,0.92987,0.9,0.85829
1525,,0.8,0.51517,1.0,0.76276,0.9,0.75916,0.7,0.68758
1526,,0.7,0.48588,1.0,0.73347,0.8,0.58845,0.5,0.51687
1527,,0.6,0.45659,1.0,0.70418,0.7,0.41774,0.3,0.34616
1528,,0.5,0.4273,1.0,0.67489,0.6,0.24703,0.1,0.17545
1529,,0.4,0.39801,1.0,0.6456,0.5,0.07632,-0.1,0.00474
1530,7,0.4,0.39772,1.0,0.64531,0.5,0.07661,1.0,0.00503
1531,,0.3,0.36843,1.0,0.61602,0.4,-0.0941,0.8,-0.16568
1532,8,0.371,0.43914,1.0,0.58673,0.329,-0.16481,0.771,1.0
1533,6,0.3,0.40985,1.0,0.65744,0.4,1.0,0.742,0.92929
1534,,0.2,0.38056,1.0,0.62815,0.3,0.82929,0.542,0.75858
1535,,0.1,0.35127,1.0,0.59886,0.2,0.65858,0.342,0.58787
1536,,0.0,0.32198,1.0,0.56957,0.1,0.48787,0.142,0.41716
1537,,-0.1,0.29269,1.0,0.54028,0.0,0.31716,-0.058,0.24645
1538,1,1.0,0.4344,1.0,0.53999,-0.1,0.17545,-0.158,0.24674
1539,7,1.0,0.43411,1.0,0.5397,-0.1,0.17574,1.0,0.24703
1540,5,0.9,0.43382,1.0,0.68141,1.0,0.17603,0.9,0.10532
1541,,0.8,0.40453,1.0,0.65212,0.9,0.00532,0.7,-0.06539
1542,8,0.871,0.47524,1.0,0.62283,0.829,-0.06539,0.671,1.0
1543,6,0.8,0.44595,1.0,0.69354,0.9,1.0,0.642,0.92929
1544,,0.7,0.41666,1.0,0.66425,0.8,0.82929,0.442,0.75858
1545,,0.6,0.38737,1.0,0.63496,0.7,0.65858,0.242,0.58787
1546,,0.5,0.35808,1.0,0.60567,0.6,0.48787,0.042,0.41716
1547,,0.4,0.32879,1.0,0.57638,0.5,0.31716,-0.158,0.24645
1548,7,0.4,0.3285,1.0,0.57609,0.5,0.31745,1.0,0.24674
1549,,0.3,0.29921,1.0,0.5468,0.4,0.14674,0.8,0.07603
1550,,0.2,0.26992,1.0,0.51751,0.3,-0.02397,0.6,-0.09468
1551,8,0.271,0.34063,1.0,0.48822,0.229,-0.09468,0.571,1.0
1552,6,0.2,0.31134,1.0,0.55893,0.3,1.0,0.542,0.92929
1553,,0.1,0.28205,1.0,0.52964,0.2,0.82929,0.342,0.75858
1554,,0.0,0.25276,1.0,0.50035,0.1,0.65858,0.142,0.58787
1555,,-0.1,0.22347,1.0,0.47106,0.0,0.48787,-0.058,0.41716
1556,1,1.0,0.36518,1.0,0.47077,-0.1,0.34616,-0.158,0.41745
1557,7,1.0,0.36489,1.0,0.47048,-0.1,0.34645,1.0,0.41774
1558,5,0.9,0.3646,1.0,0.61219,1.0,0.34674,0.9,0.27603
1559,,0.8,0.33531,1.0,0.5829,0.9,0.17603,0.7,0.10532
1560,,0.7,0.30602,1.0,0.55361,0.8,0.00532,0.5,-0.06539
1561,8,0.771,0.37673,1.0,0.52432,0.729,-0.06539,0.471,1.0
1562,6,0.7,0.34744,1.0,0.59503,0.8,1.0,0.442,0.92929
1563,,0.6,0.31815,1.0,0.56574,0.7,0.82929,0.242,0.75858
1564,,0.5,0.28886,1.0,0.53645,0.6,0.65858,0.042,0.58787
1565,,0.4,0.25957,1.0,0.50716,0.5,0.48787,-0.158,0.41716
1566,7,0.4,0.25928,1.0,0.50687,0.5,0.48816,1.0,0.41745
1567,,0.3,0.22999,1.0,0.47758,0.4,0.31745,0.8,0.24674
1568,,0.2,0.2007,1.0,0.44829,0.3,0.14674,0.6,0.07603
1569,,0.1,0.17141,1.0,0.419,0.2,-0.02397,0.4,-0.09468
1570,8,0.171,0.24212,1.0,0.38971,0.129,-0.09468,0.371,1.0
1571,6,0.1,0.21283,1.0,0.46042,0.2,1.0,0.342,0.92929
1572,,0.0,0.18354,1.0,0.43113,0.1,0.82929,0.142,0.75858
1573,,-0.1,0.15425,1.0,0.40184,0.0,0.65858,-0.058,0.58787
1574,1,1.0,0.29596,1.0,0.40155,-0.1,0.51687,-0.158,0.58816
1575,7,1.0,0.29567,1.0,0.40126,-0.1,0.51716,1.0,0.58845
1576,5,0.9,0.29538,1.0,0.54297,1.0,0.51745,0.9,0.44674
1577,,0.8,0.26609,1.0,0.51368,0.9,0.34674,0.7,0.27603
1578,,0.7,0.2368,1.0,0.48439,0.8,0.17603,0.5,0.10532
1579,,0.6,0.20751,1.0,0.4551,0.7,0.00532,0.3,-0.06539
1580,8,0.671,0.27822,1.0,0.42581,0.629,-0.06539,0.271,1.0
1581,6,0.6,0.24893,1.0,0.49652,0.7,1.0,0.242,0.92929
1582,,0.5,0.21964,1.0,0.46723,0.6,0.82929,0.042,0.75858
1583,,0.4,0.19035,1.0,0.43794,0.5,0.65858,-0.158,0.58787
1584,7,0.4,0.19006,1.0,0.43765,0.5,0.65887,1.0,0.58816
1585,,0.3,0.16077,1.0,0.40836,0.4,0.48816,0.8,0.41745
1586,,0.2,0.13148,1.0,0.37907,0.3,0.31745,0.6,0.24674
1587,,0.1,0.10219,1.0,0.34978,0.2,0.14674,0.4,0.07603
1588,,0.0,0.0729,1.0,0.32049,0.1,-0.02397,0.2,-0.09468
1589,8,0.071,0.14361,1.0,0.2912,0.029,-0.09468,0.171,1.0
1590,6,-0.0,0.11432,1.0,0.36191,0.1,1.0,0.142,0.92929
1591,,-0.1,0.08503,1.0,0.33262,0.0,0.82929,-0.058,0.75858
1592,1,1.0,0.22674,1.0,0.33233,-0.1,0.68758,-0.158,0.75887
1593,7,1.0,0.22645,1.0,0.33204,-0.1,0.68787,1.0,0.75916
1594,5,0.9,0.22616,1.0,0.47375,1.0,0.68816,0.9,0.61745
1595,,0.8,0.19687,1.0,0.44446,0.9,0.51745,0.7,0.44674
1596,,0.7,0.16758,1.0,0.41517,0.8,0.34674,0.5,0.27603
1597,,0.6,0.13829,1.0,0.38588,0.7,0.17603,0.3,0.10532
1598,,0.5,0.109,1.0,0.35659,0.6,0.00532,0.1,-0.06539
1599,8,0.571,0.17971,1.0,0.3273,0.529,-0.06539,0.071,1.0
1600,6,0.5,0.15042,1.0,0.39801,0.6,1.0,0.042,0.92929
1601,,0.4,0.12113,1.0,0.36872,0.5,0.82929,-0.158,0.75858
1602,7,0.4,0.12084,1.0,0.36843,0.5,0.82958,1.0,0.75887
1603,,0.3,0.09155,1.0,0.33914,0.4,0.65887,0.8,0.58816
1604,,0.2,0.06226,1.0,0.30985,0.3,0.48816,0.6,0.41745
1605,,0.1,0.03297,1.0,0.28056,0.2,0.31745,0.4,0.24674
1606,,0.0,0.00368,1.0,0.25127,0.1,0.14674,0.2,0.07603
1607,,-0.1,-0.02561,1.0,0.22198,0.0,-0.02397,0.0,-0.09468
1608,1,1.0,0.1161,1.0,0.22169,-0.1,-0.16568,-0.1,-0.09439
1609,6,0.929,0.08681,1.0,0.2924,-0.029,1.0,-0.129,-0.1651
1610,8,1.0,0.15752,1.0,0.26311,-0.1,0.92929,-0.158,1.0
1611,7,1.0,0.15723,1.0,0.26282,-0.1,0.92958,1.0,1.0
1612,5,0.9,0.15694,1.0,0.40453,1.0,0.92987,0.9,0.85829
1613,,0.8,0.12765,1.0,0.37524,0.9,0.75916,0.7,0.68758
1614,,0.7,0.09836,1.0,0.34595,0.8,0.58845,0.5,0.51687
1615,,0.6,0.06907,1.0,0.31666,0.7,0.41774,0.3,0.34616
1616,,0.5,0.03978,1.0,0.28737,0.6,0.24703,0.1,0.17545
1617,,0.4,0.01049,1.0,0.25808,0.5,0.07632,-0.1,0.00474
1618,7,0.4,0.0102,1.0,0.25779,0.5,0.07661,1.0,0.00503
1619,,0.3,-0.01909,1.0,0.2285,0.4,-0.0941,0.8,-0.16568
1620,8,0.371,0.05162,1.0,0.19921,0.329,-0.16481,0.771,1.0
1621,6,0.3,0.02233,1.0,0.26992,0.4,1.0,0.742,0.92929
1622,,0.2,-0.00696,1.0,0.24063,0.3,0.82929,0.542,0.75858
1623,2,0.271,1.0,1.0,0.31134,0.229,0.65858,0.371,0.68787
1624,,0.171,0.97071,1.0,0.28205,0.129,0.48787,0.171,0.51716
1625,,0.071,0.94142,1.0,0.25276,0.029,0.31716,-0.029,0.34645
1626,7,0.071,0.94113,1.0,0.25247,0.029,0.31745,1.0,0.34674
1627,,-0.029,0.91184,1.0,0.22318,-0.071,0.14674,0.8,0.17603
1628,5,-0.129,0.91155,1.0,0.36489,1.0,0.14703,0.7,0.03432
1629,1,1.0,1.0,1.0,0.3646,0.9,0.00532,0.6,0.03461
1630,,0.9,0.97071,1.0,0.33531,0.8,-0.16539,0.4,-0.1361
1631,6,0.829,0.94142,1.0,0.40602,0.871,1.0,0.371,-0.20681
1632,8,0.9,1.0,1.0,0.37673,0.8,0.92929,0.342,1.0
1633,,0.8,0.97071,1.0,0.34744,0.7,0.75858,0.142,0.82929
1634,,0.7,0.94142,1.0,0.31815,0.6,0.58787,-0.058,0.65858
1635,7,0.7,0.94113,1.0,0.31786,0.6,0.58816,1.0,0.65887
1636,,0.6,0.91184,1.0,0.28857,0.5,0.41745,0.8,0.48816
1637,,0.5,0.88255,1.0,0.25928,0.4,0.24674,0.6,0.31745
1638,,0.4,0.85326,1.0,0.22999,0.3,0.07603,0.4,0.14674
1639,,0.3,0.82397,1.0,0.2007,0.2,-0.09468,0.2,-0.02397
1640,6,0.229,0.79468,1.0,0.27141,0.271,1.0,0.171,-0.09468
1641,8,0.3,0.86539,1.0,0.24212,0.2,0.92929,0.142,1.0
1642,,0.2,0.8361,1.0,0.21283,0.1,0.75858,-0.058,0.82929
1643,7,0.2,0.83581,1.0,0.21254,0.1,0.75887,1.0,0.82958
1644,,0.1,0.80652,1.0,0.18325,0.0,0.58816,0.8,0.65887
1645,,0.0,0.77723,1.0,0.15396,-0.1,0.41745,0.6,0.48816
1646,5,-0.1,0.77694,1.0,0.29567,1.0,0.41774,0.5,0.34645
1647,1,1.0,0.91865,1.0,0.29538,0.9,0.27603,0.4,0.34674
1648,,0.9,0.88936,1.0,0.26609,0.8,0.10532,0.2,0.17603
1649,,0.8,0.86007,1.0,0.2368,0.7,-0.06539,0.0,0.00532
1650,6,0.729,0.83078,1.0,0.30751,0.771,1.0,-0.029,-0.06539
1651,8,0.8,0.90149,1.0,0.27822,0.7,0.92929,-0.058,1.0
1652,7,0.8,0.9012,1.0,0.27793,0.7,0.92958,1.0,1.0
1653,,0.7,0.87191,1.0,0.24864,0.6,0.75887,0.8,0.82929
1654,,0.6,0.84262,1.0,0.21935,0.5,0.58816,0.6,0.65858
1655,,0.5,0.81333,1.0,0.19006,0.4,0.41745,0.4,0.48787
1656,,0.4,0.78404,1.0,0.16077,0.3,0.24674,0.2,0.31716
1657,,0.3,0.75475,1.0,0.13148,0.2,0.07603,0.0,0.14645
1658,,0.2,0.72546,1.0,0.10219,0.1,-0.09468,-0.2,-0.02426
1659,7,0.2,0.72517,1.0,0.1019,0.1,-0.09439,1.0,-0.02397
1660,6,0.129,0.69588,1.0,0.17261,0.171,1.0,0.971,-0.09468
1661,8,0.2,0.76659,1.0,0.14332,0.1,0.92929,0.942,1.0
1662,,0.1,0.7373,1.0,0.11403,0.0,0.75858,0.742,0.82929
1663,,0.0,0.70801,1.0,0.08474,-0.1,0.58787,0.542,0.65858
1664,5,-0.1,0.70772,1.0,0.22645,1.0,0.58816,0.442,0.51687
1665,1,1.0,0.84943,1.0,0.22616,0.9,0.44645,0.342,0.51716
1666,,0.9,0.82014,1.0,0.19687,0.8,0.27574,0.142,0.34645
1667,,0.8,0.79085,1.0,0.16758,0.7,0.10503,-0.058,0.17574
1668,7,0.8,0.79056,1.0,0.16729,0.7,0.10532,1.0,0.17603
1669,,0.7,0.76127,1.0,0.138,0.6,-0.06539,0.8,0.00532
1670,6,0.629,0.73198,1.0,0.20871,0.671,1.0,0.771,-0.06539
1671,8,0.7,0.80269,1.0,0.17942,0.6,0.92929,0.742,1.0
1672,,0.6,0.7734,1.0,0.15013,0.5,0.75858,0.542,0.82929
1673,,0.5,0.74411,1.0,0.12084,0.4,0.58787,0.342,0.65858
1674,,0.4,0.71482,1.0,0.09155,0.3,0.41716,0.142,0.48787
1675,,0.3,0.68553,1.0,0.06226,0.2,0.24645,-0.058,0.31716
1676,7,0.3,0.68524,1.0,0.06197,0.2,0.24674,1.0,0.31745
1677,,0.2,0.65595,1.0,0.03268,0.1,0.07603,0.8,0.14674
1678,,0.1,0.62666,1.0,0.00339,0.0,-0.09468,0.6,-0.02397
1679,6,0.029,0.59737,1.0,0.0741,0.071,1.0,0.571,-0.09468
1680,8,0.1,0.66808,1.0,0.04481,-0.0,0.92929,0.542,1.0
1681,,0.0,0.63879,1.0,0.01552,-0.1,0.75858,0.342,0.82929
1682,5,-0.1,0.6385,1.0,0.15723,1.0,0.75887,0.242,0.68758
1683,1,1.0,0.78021,1.0,0.15694,0.9,0.61716,0.142,0.68787
1684,,0.9,0.75092,1.0,0.12765,0.8,0.44645,-0.058,0.51716
1685,7,0.9,0.75063,1.0,0.12736,0.8,0.44674,1.0,0.51745
1686,,0.8,0.72134,1.0,0.09807,0.7,0.27603,0.8,0.34674
1687,,0.7,0.69205,1.0,0.06878,0.6,0.10532,0.6,0.17603
1688,,0.6,0.66276,1.0,0.03949,0.5,-0.06539,0.4,0.00532
1689,6,0.529,0.63347,1.0,0.1102,0.571,1.0,0.371,-0.06539
1690,8,0.6,0.70418,1.0,0.08091,0.5,0.92929,0.342,1.0
1691,,0.5,0.67489,1.0,0.05162,0.4,0.75858,0.142,0.82929
1692,,0.4,0.6456,1.0,0.02233,0.3,0.58787,-0.058,0.65858
1693,7,0.4,0.64531,1.0,0.02204,0.3,0.58816,1.0,0.65887
1694,,0.3,0.61602,1.0,-0.00725,0.2,0.41745,0.8,0.48816
1695,4,0.229,0.68673,1.0,1.0,0.271,0.34674,0.629,0.31745
1696,,0.129,0.65744,1.0,0.97071,0.171,0.17603,0.429,0.14674
1697,,0.029,0.62815,1.0,0.94142,0.071,0.00532,0.229,-0.02397
1698,8,0.1,0.69886,1.0,0.91213,-0.0,-0.06539,0.2,1.0
1699,6,0.029,0.66957,1.0,0.98284,0.071,1.0,0.171,0.92929
1700,,-0.071,0.64028,1.0,0.95355,-0.029,0.82929,-0.029,0.75858
1701,1,1.0,0.78199,1.0,0.95326,-0.129,0.68758,-0.129,0.75887
1702,7,1.0,0.7817,1.0,0.95297,-0.129,0.68787,1.0,0.75916
1703,5,0.9,0.78141,1.0,1.0,1.0,0.68816,0.9,0.61745
1704,,0.8,0.75212,1.0,0.97071,0.9,0.51745,0.7,0.44674
1705,,0.7,0.72283,1.0,0.94142,0.8,0.34674,0.5,0.27603
1706,,0.6,0.69354,1.0,0.91213,0.7,0.17603,0.3,0.10532
1707,,0.5,0.66425,1.0,0.88284,0.6,0.00532,0.1,-0.06539
1708,8,0.571,0.73496,1.0,0.85355,0.529,-0.06539,0.071,1.0
1709,6,0.5,0.70567,1.0,0.92426,0.6,1.0,0.042,0.92929
1710,,0.4,0.67638,1.0,0.89497,0.5,0.82929,-0.158,0.75858
1711,7,0.4,0.67609,1.0,0.89468,0.5,0.82958,1.0,0.75887
1712,,0.3,0.6468,1.0,0.86539,0.4,0.65887,0.8,0.58816
1713,,0.2,0.61751,1.0,0.8361,0.3,0.48816,0.6,0.41745
1714,,0.1,0.58822,1.0,0.80681,0.2,0.31745,0.4,0.24674
1715,,0.0,0.55893,1.0,0.77752,0.1,0.14674,0.2,0.07603
1716,,-0.1,0.52964,1.0,0.74823,0.0,-0.02397,0.0,-0.09468
1717,1,1.0,0.67135,1.0,0.74794,-0.1,-0.16568,-0.1,-0.09439
1718,6,0.929,0.64206,1.0,0.81865,-0.029,1.0,-0.129,-0.1651
1719,8,1.0,0.71277,1.0,0.78936,-0.1,0.92929,-0.158,1.0
1720,7,1.0,0.71248,1.0,0.78907,-0.1,0.92958,1.0,1.0
1721,5,0.9,0.71219,1.0,0.93078,1.0,0.92987,0.9,0.85829
1722,,0.8,0.6829,1.0,0.90149,0.9,0.75916,0.7,0.68758
1723,,0.7,0.65361,1.0,0.8722,0.8,0.58845,0.5,0.51687
1724,,0.6,0.62432,1.0,0.84291,0.7,0.41774,0.3,0.34616
1725,,0.5,0.59503,1.0,0.81362,0.6,0.24703,0.1,0.17545
1726,,0.4,0.56574,1.0,0.78433,0.5,0.07632,-0.1,0.00474
1727,7,0.4,0.56545,1.0,0.78404,0.5,0.07661,1.0,0.00503
1728,,0.3,0.53616,1.0,0.75475,0.4,-0.0941,0.8,-0.16568
1729,8,0.371,0.60687,1.0,0.72546,0.329,-0.16481,0.771,1.0
1730,6,0.3,0.57758,1.0,0.79617,0.4,1.0,0.742,0.92929
1731,,0.2,0.54829,1.0,0.76688,0.3,0.82929,0.542,0.75858
1732,,0.1,0.519,1.0,0.73759,0.2,0.65858,0.342,0.58787
1733,,0.0,0.48971,1.0,0.7083,0.1,0.48787,0.142,0.41716
1734,,-0.1,0.46042,1.0,0.67901,0.0,0.31716,-0.058,0.24645
1735,1,1.0,0.60213,1.0,0.67872,-0.1,0.17545,-0.158,0.24674
1736,7,1.0,0.60184,1.0,0.67843,-0.1,0.17574,1.0,0.24703
1737,5,0.9,0.60155,1.0,0.82014,1.0,0.17603,0.9,0.10532
1738,,0.8,0.57226,1.0,0.79085,0.9,0.00532,0.7,-0.06539
1739,8,0.871,0.64297,1.0,0.76156,0.829,-0.06539,0.671,1.0
1740,6,0.8,0.61368,1.0,0.83227,0.9,1.0,0.642,0.92929
1741,,0.7,0.58439,1.0,0.80298,0.8,0.82929,0.442,0.75858
1742,,0.6,0.5551,1.0,0.77369,0.7,0.65858,0.242,0.58787
1743,,0.5,0.52581,1.0,0.7444,0.6,0.48787,0.042,0.41716
1744,,0.4,0.49652,1.0,0.71511,0.5,0.31716,-0.158,0.24645
1745,7,0.4,0.49623,1.0,0.71482,0.5,0.31745,1.0,0.24674
1746,,0.3,0.46694,1.0,0.68553,0.4,0.14674,0.8,0.07603
1747,,0.2,0.43765,1.0,0.65624,0.3,-0.02397,0.6,-0.09468
1748,8,0.271,0.50836,1.0,0.62695,0.229,-0.09468,0.571,1.0
1749,6,0.2,0.47907,1.0,0.69766,0.3,1.0,0.542,0.92929
1750,,0.1,0.44978,1.0,0.66837,0.2,0.82929,0.342,0.75858
1751,,0.0,0.42049,1.0,0.63908,0.1,0.65858,0.142,0.58787
1752,,-0.1,0.3912,1.0,0.60979,0.0,0.48787,-0.058,0.41716
1753,1,1.0,0.53291,1.0,0.6095,-0.1,0.34616,-0.158,0.41745
1754,7,1.0,0.53262,1.0,0.60921,-0.1,0.34645,1.0,0.41774
1755,5,0.9,0.53233,1.0,0.75092,1.0,0.34674,0.9,0.27603
1756,,0.8,0.50304,1.0,0.72163,0.9,0.17603,0.7,0.10532
1757,,0.7,0.47375,1.0,0.69234,0.8,0.00532,0.5,-0.06539
1758,8,0.771,0.54446,1.0,0.66305,0.729,-0.06539,0.471,1.0
1759,6,0.7,0.51517,1.0,0.73376,0.8,1.0,0.442,0.92929
1760,,0.6,0.48588,1.0,0.70447,0.7,0.82929,0.242,0.75858
1761,,0.5,0.45659,1.0,0.67518,0.6,0.65858,0.042,0.58787
1762,,0.4,0.4273,1.0,0.64589,0.5,0.48787,-0.158,0.41716
1763,7,0.4,0.42701,1.0,0.6456,0.5,0.48816,1.0,0.41745
1764,,0.3,0.39772,1.0,0.61631,0.4,0.31745,0.8,0.24674
1765,,0.2,0.36843,1.0,0.58702,0.3,0.14674,0.6,0.07603
1766,,0.1,0.33914,1.0,0.55773,0.2,-0.02397,0.4,-0.09468
1767,8,0.171,0.40985,1.0,0.52844,0.129,-0.09468,0.371,1.0
1768,6,0.1,0.38056,1.0,0.59915,0.2,1.0,0.342,0.92929
1769,,0.0,0.35127,1.0,0.56986,0.1,0.82929,0.142,0.75858
1770,,-0.1,0.32198,1.0,0.54057,0.0,0.65858,-0.058,0.58787
1771,1,1.0,0.46369,1.0,0.54028,-0.1,0.51687,-0.158,0.58816
1772,7,1.0,0.4634,1.0,0.53999,-0.1,0.51716,1.0,0.58845
1773,5,0.9,0.46311,1.0,0.6817,1.0,0.51745,0.9,0.44674
1774,,0.8,0.43382,1.0,0.65241,0.9,0.34674,0.7,0.27603
1775,,0.7,0.40453,1.0,0.62312,0.8,0.17603,0.5,0.10532
1776,,0.6,0.37524,1.0,0.59383,0.7,0.00532,0.3,-0.06539
1777,8,0.671,0.44595,1.0,0.56454,0.629,-0.06539,0.271,1.0
1778,6,0.6,0.41666,1.0,0.63525,0.7,1.0,0.242,0.92929
1779,,0.5,0.38737,1.0,0.60596,0.6,0.82929,0.042,0.75858
1780,,0.4,0.35808,1.0,0.57667,0.5,0.65858,-0.158,0.58787
1781,7,0.4,0.35779,1.0,0.57638,0.5,0.65887,1.0,0.58816
1782,,0.3,0.3285,1.0,0.54709,0.4,0.48816,0.8,0.41745
1783,,0.2,0.29921,1.0,0.5178,0.3,0.31745,0.6,0.24674
1784,,0.1,0.26992,1.0,0.48851,0.2,0.14674,0.4,0.07603
1785,,0.0,0.24063,1.0,0.45922,0.1,-0.02397,0.2,-0.09468
1786,8,0.071,0.31134,1.0,0.42993,0.029,-0.09468,0.171,1.0
1787,6,-0.0,0.28205,1.0,0.50064,0.1,1.0,0.142,0.92929
1788,,-0.1,0.25276,1.0,0.47135,0.0,0.82929,-0.058,0.75858
1789,1,1.0,0.39447,1.0,0.47106,-0.1,0.68758,-0.158,0.75887
1790,7,1.0,0.39418,1.0,0.47077,-0.1,0.68787,1.0,0.75916
1791,5,0.9,0.39389,1.0,0.61248,1.0,0.68816,0.9,0.61745
1792,,0.8,0.3646,1.0,0.58319,0.9,0.51745,0.7,0.44674
1793,,0.7,0.33531,1.0,0.5539,0.8,0.34674,0.5,0.27603
1794,,0.6,0.30602,1.0,0.52461,0.7,0.17603,0.3,0.10532
1795,,0.5,0.27673,1.0,0.49532,0.6,0.00532,0.1,-0.06539
1796,8,0.571,0.34744,1.0,0.46603,0.529,-0.06539,0.071,1.0
1797,6,0.5,0.31815,1.0,0.53674,0.6,1.0,0.042,0.92929
1798,,0.4,0.28886,1.0,0.50745,0.5,0.82929,-0.158,0.75858
1799,7,0.4,0.28857,1.0,0.50716,0.5,0.82958,1.0,0.75887
1800,,0.3,0.25928,1.0,0.47787,0.4,0.65887,0.8,0.58816
1801,,0.2,0.22999,1.0,0.44858,0.3,0.48816,0.6,0.41745
1802,,0.1,0.2007,1.0,0.41929,0.2,0.31745,0.4,0.24674
1803,,0.0,0.17141,1.0,0.39,0.1,0.14674,0.2,0.07603
1804,,-0.1,0.14212,1.0,0.36071,0.0,-0.02397,0.0,-0.09468
1805,1,1.0,0.28383,1.0,0.36042,-0.1,-0.16568,-0.1,-0.09439
1806,6,0.929,0.25454,1.0,0.43113,-0.029,1.0,-0.129,-0.1651
1807,8,1.0,0.32525,1.0,0.40184,-0.1,0.92929,-0.158,1.0
1808,7,1.0,0.32496,1.0,0.40155,-0.1,0.92958,1.0,1.0
1809,5,0.9,0.32467,1.0,0.54326,1.0,0.92987,0.9,0.85829
1810,,0.8,0.29538,1.0,0.51397,0.9,0.75916,0.7,0.68758
1811,,0.7,0.26609,1.0,0.48468,0.8,0.58845,0.5,0.51687
1812,,0.6,0.2368,1.0,0.45539,0.7,0.41774,0.3,0.34616
1813,,0.5,0.20751,1.0,0.4261,0.6,0.24703,0.1,0.17545
1814,,0.4,0.17822,1.0,0.39681,0.5,0.07632,-0.1,0.00474
1815,7,0.4,0.17793,1.0,0.39652,0.5,0.07661,1.0,0.00503
1816,,0.3,0.14864,1.0,0.36723,0.4,-0.0941,0.8,-0.16568
1817,8,0.371,0.21935,1.0,0.33794,0.329,-0.16481,0.771,1.0
1818,6,0.3,0.19006,1.0,0.40865,0.4,1.0,0.742,0.92929
1819,,0.2,0.16077,1.0,0.37936,0.3,0.82929,0.542,0.75858
1820,,0.1,0.13148,1.0,0.35007,0.2,0.65858,0.342,0.58787
1821,,0.0,0.10219,1.0,0.32078,0.1,0.48787,0.142,0.41716
1822,,-0.1,0.0729,1.0,0.29149,0.0,0.31716,-0.058,0.24645
1823,1,1.0,0.21461,1.0,0.2912,-0.1,0.17545,-0.158,0.24674
1824,7,1.0,0.21432,1.0,0.29091,-0.1,0.17574,1.0,0.24703
1825,5,0.9,0.21403,1.0,0.43262,1.0,0.17603,0.9,0.10532
1826,,0.8,0.18474,1.0,0.40333,0.9,0.00532,0.7,-0.06539
1827,8,0.871,0.25545,1.0,0.37404,0.829,-0.06539,0.671,1.0
1828,6,0.8,0.22616,1.0,0.44475,0.9,1.0,0.642,0.92929
1829,,0.7,0.19687,1.0,0.41546,0.8,0.82929,0.442,0.75858
1830,,0.6,0.16758,1.0,0.38617,0.7,0.65858,0.242,0.58787
1831,,0.5,0.13829,1.0,0.35688,0.6,0.48787,0.042,0.41716
1832,,0.4,0.109,1.0,0.32759,0.5,0.31716,-0.158,0.24645
1833,7,0.4,0.10871,1.0,0.3273,0.5,0.31745,1.0,0.24674
1834,,0.3,0.07942,1.0,0.29801,0.4,0.14674,0.8,0.07603
1835,,0.2,0.05013,1.0,0.26872,0.3,-0.02397,0.6,-0.09468
1836,8,0.271,0.12084,1.0,0.23943,0.229,-0.09468,0.571,1.0
1837,6,0.2,0.09155,1.0,0.31014,0.3,1.0,0.542,0.92929
1838,,0.1,0.06226,1.0,0.28085,0.2,0.82929,0.342,0.75858
1839,,0.0,0.03297,1.0,0.25156,0.1,0.65858,0.142,0.58787
1840,,-0.1,0.00368,1.0,0.22227,0.0,0.48787,-0.058,0.41716
1841,1,1.0,0.14539,1.0,0.22198,-0.1,0.34616,-0.158,0.41745
1842,7,1.0,0.1451,1.0,0.22169,-0.1,0.34645,1.0,0.41774
1843,5,0.9,0.14481,1.0,0.3634,1.0,0.34674,0.9,0.27603
1844,,0.8,0.11552,1.0,0.33411,0.9,0.17603,0.7,0.10532
1845,,0.7,0.08623,1.0,0.30482,0.8,0.00532,0.5,-0.06539
1846,8,0.771,0.15694,1.0,0.27553,0.729,-0.06539,0.471,1.0
1847,6,0.7,0.12765,1.0,0.34624,0.8,1.0,0.442,0.92929
1848,,0.6,0.09836,1.0,0.31695,0.7,0.82929,0.242,0.75858
1849,,0.5,0.06907,1.0,0.28766,0.6,0.65858,0.042,0.58787
1850,,0.4,0.03978,1.0,0.25837,0.5,0.48787,-0.158,0.41716
1851,7,0.4,0.03949,1.0,0.25808,0.5,0.48816,1.0,0.41745
1852,,0.3,0.0102,1.0,0.22879,0.4,0.31745,0.8,0.24674
1853,,0.2,-0.01909,1.0,0.1995,0.3,0.14674,0.6,0.07603
1854,2,0.271,1.0,1.0,0.27021,0.229,-0.02397,0.429,0.00532
1855,6,0.2,0.97071,1.0,0.34092,0.3,1.0,0.4,-0.06539
1856,8,0.271,1.0,1.0,0.31163,0.229,0.92929,0.371,1.0
1857,,0.171,0.97071,1.0,0.28234,0.129,0.75858,0.171,0.82929
1858,,0.071,0.94142,1.0,0.25305,0.029,0.58787,-0.029,0.65858
1859,7,0.071,0.94113,1.0,0.25276,0.029,0.58816,1.0,0.65887
1860,,-0.029,0.91184,1.0,0.22347,-0.071,0.41745,0.8,0.48816
1861,5,-0.129,0.91155,1.0,0.36518,1.0,0.41774,0.7,0.34645
1862,1,1.0,1.0,1.0,0.36489,0.9,0.27603,0.6,0.34674
1863,,0.9,0.97071,1.0,0.3356,0.8,0.10532,0.4,0.17603
1864,,0.8,0.94142,1.0,0.30631,0.7,-0.06539,0.2,0.00532
1865,6,0.729,0.91213,1.0,0.37702,0.771,1.0,0.171,-0.06539
1866,8,0.8,0.98284,1.0,0.34773,0.7,0.92929,0.142,1.0
1867,,0.7,0.95355,1.0,0.31844,0.6,0.75858,-0.058,0.82929
1868,7,0.7,0.95326,1.0,0.31815,0.6,0.75887,1.0,0.82958
1869,,0.6,0.92397,1.0,0.28886,0.5,0.58816,0.8,0.65887
1870,,0.5,0.89468,1.0,0.25957,0.4,0.41745,0.6,0.48816
1871,,0.4,0.86539,1.0,0.23028,0.3,0.24674,0.4,0.31745
1872,,0.3,0.8361,1.0,0.20099,0.2,0.07603,0.2,0.14674
1873,,0.2,0.80681,1.0,0.1717,0.1,-0.09468,0.0,-0.02397
1874,6,0.129,0.77752,1.0,0.24241,0.171,1.0,-0.029,-0.09468
1875,8,0.2,0.84823,1.0,0.21312,0.1,0.92929,-0.058,1.0
1876,7,0.2,0.84794,1.0,0.21283,0.1,0.92958,1.0,1.0
1877,,0.1,0.81865,1.0,0.18354,0.0,0.75887,0.8,0.82929
1878,,0.0,0.78936,1.0,0.15425,-0.1,0.58816,0.6,0.65858
1879,5,-0.1,0.78907,1.0,0.29596,1.0,0.58845,0.5,0.51687
1880,1,1.0,0.93078,1.0,0.29567,0.9,0.44674,0.4,0.51716
1881,,0.9,0.90149,1.0,0.26638,0.8,0.27603,0.2,0.34645
1882,,0.8,0.8722,1.0,0.23709,0.7,0.10532,0.0,0.17574
1883,,0.7,0.84291,1.0,0.2078,0.6,-0.06539,-0.2,0.00503
1884,7,0.7,0.84262,1.0,0.20751,0.6,-0.0651,1.0,0.00532
1885,6,0.629,0.81333,1.0,0.27822,0.671,1.0,0.971,-0.06539
1886,8,0.7,0.88404,1.0,0.24893,0.6,0.92929,0.942,1.0
1887,,0.6,0.85475,1.0,0.21964,0.5,0.75858,0.742,0.82929
1888,,0.5,0.82546,1.0,0.19035,0.4,0.58787,0.542,0.65858
1889,,0.4,0.79617,1.0,0.16106,0.3,0.41716,0.342,0.48787
1890,,0.3,0.76688,1.0,0.13177,0.2,0.24645,0.142,0.31716
1891,,0.2,0.73759,1.0,0.10248,0.1,0.07574,-0.058,0.14645
1892,7,0.2,0.7373,1.0,0.10219,0.1,0.07603,1.0,0.14674
1893,,0.1,0.70801,1.0,0.0729,0.0,-0.09468,0.8,-0.02397
1894,6,0.029,0.67872,1.0,0.14361,0.071,1.0,0.771,-0.09468
1895,8,0.1,0.74943,1.0,0.11432,-0.0,0.92929,0.742,1.0
1896,,0.0,0.72014,1.0,0.08503,-0.1,0.75858,0.542,0.82929
1897,5,-0.1,0.71985,1.0,0.22674,1.0,0.75887,0.442,0.68758
1898,1,1.0,0.86156,1.0,0.22645,0.9,0.61716,0.342,0.68787
1899,,0.9,0.83227,1.0,0.19716,0.8,0.44645,0.142,0.51716
1900,,0.8,0.80298,1.0,0.16787,0.7,0.27574,-0.058,0.34645
1901,7,0.8,0.80269,1.0,0.16758,0.7,0.27603,1.0,0.34674
1902,,0.7,0.7734,1.0,0.13829,0.6,0.10532,0.8,0.17603
1903,,0.6,0.74411,1.0,0.109,0.5,-0.06539,0.6,0.00532
1904,6,0.529,0.71482,1.0,0.17971,0.571,1.0,0.571,-0.06539
1905,8,0.6,0.78553,1.0,0.15042,0.5,0.92929,0.542,1.0
1906,,0.5,0.75624,1.0,0.12113,0.4,0.75858,0.342,0.82929
1907,,0.4,0.72695,1.0,0.09184,0.3,0.58787,0.142,0.65858
1908,,0.3,0.69766,1.0,0.06255,0.2,0.41716,-0.058,0.48787
1909,7,0.3,0.69737,1.0,0.06226,0.2,0.41745,1.0,0.48816
1910,,0.2,0.66808,1.0,0.03297,0.1,0.24674,0.8,0.31745
1911,,0.1,0.63879,1.0,0.00368,0.0,0.07603,0.6,0.14674
1912,,0.0,0.6095,1.0,-0.02561,-0.1,-0.09468,0.4,-0.02397
1913,5,-0.1,0.60921,1.0,0.1161,1.0,-0.09439,0.3,-0.16568
1914,8,-0.029,0.67992,1.0,0.08681,0.929,-0.1651,0.271,1.0
1915,6,-0.1,0.65063,1.0,0.15752,1.0,1.0,0.242,0.92929
1916,1,1.0,0.79234,1.0,0.15723,0.9,0.85829,0.142,0.92958
1917,,0.9,0.76305,1.0,0.12794,0.8,0.68758,-0.058,0.75887
1918,7,0.9,0.76276,1.0,0.12765,0.8,0.68787,1.0,0.75916
1919,,0.8,0.73347,1.0,0.09836,0.7,0.51716,0.8,0.58845
1920,,0.7,0.70418,1.0,0.06907,0.6,0.34645,0.6,0.41774
1921,,0.6,0.67489,1.0,0.03978,0.5,0.17574,0.4,0.24703
1922,,0.5,0.6456,1.0,0.01049,0.4,0.00503,0.2,0.07632
1923,,0.4,0.61631,1.0,-0.0188,0.3,-0.16568,0.0,-0.09439
1924,6,0.329,0.58702,1.0,0.05191,0.371,1.0,-0.029,-0.1651
1925,8,0.4,0.65773,1.0,0.02262,0.3,0.92929,-0.058,1.0
1926,7,0.4,0.65744,1.0,0.02233,0.3,0.92958,1.0,1.0
1927,,0.3,0.62815,1.0,-0.00696,0.2,0.75887,0.8,0.82929
1928,4,0.229,0.69886,1.0,1.0,0.271,0.68816,0.629,0.65858
1929,,0.129,0.66957,1.0,0.97071,0.171,0.51745,0.429,0.48787
1930,,0.029,0.64028,1.0,0.94142,0.071,0.34674,0.229,0.31716
1931,,-0.071,0.61099,1.0,0.91213,-0.029,0.17603,0.029,0.14645
1932,1,1.0,0.7527,1.0,0.91184,-0.129,0.03432,-0.071,0.14674
1933,5,0.9,0.75241,1.0,1.0,1.0,0.03461,-0.171,0.00503
1934,7,0.9,0.75212,1.0,0.99971,1.0,0.0349,1.0,0.00532
1935,,0.8,0.72283,1.0,0.97042,0.9,-0.13581,0.8,-0.16539
1936,8,0.871,0.79354,1.0,0.94113,0.829,-0.20652,0.771,1.0
1937,6,0.8,0.76425,1.0,1.0,0.9,1.0,0.742,0.92929
1938,,0.7,0.73496,1.0,0.97071,0.8,0.82929,0.542,0.75858
1939,,0.6,0.70567,1.0,0.94142,0.7,0.65858,0.342,0.58787
1940,,0.5,0.67638,1.0,0.91213,0.6,0.48787,0.142,0.41716
1941,,0.4,0.64709,1.0,0.88284,0.5,0.31716,-0.058,0.24645
1942,7,0.4,0.6468,1.0,0.88255,0.5,0.31745,1.0,0.24674
1943,,0.3,0.61751,1.0,0.85326,0.4,0.14674,0.8,0.07603
1944,,0.2,0.58822,1.0,0.82397,0.3,-0.02397,0.6,-0.09468
1945,8,0.271,0.65893,1.0,0.79468,0.229,-0.09468,0.571,1.0
1946,6,0.2,0.62964,1.0,0.86539,0.3,1.0,0.542,0.92929
1947,,0.1,0.60035,1.0,0.8361,0.2,0.82929,0.342,0.75858
1948,,0.0,0.57106,1.0,0.80681,0.1,0.65858,0.142,0.58787
1949,,-0.1,0.54177,1.0,0.77752,0.0,0.48787,-0.058,0.41716
1950,1,1.0,0.68348,1.0,0.77723,-0.1,0.34616,-0.158,0.41745
1951,7,1.0,0.68319,1.0,0.77694,-0.1,0.34645,1.0,0.41774
1952,5,0.9,0.6829,1.0,0.91865,1.0,0.34674,0.9,0.27603
1953,,0.8,0.65361,1.0,0.88936,0.9,0.17603,0.7,0.10532
1954,,0.7,0.62432,1.0,0.86007,0.8,0.00532,0.5,-0.06539
1955,8,0.771,0.69503,1.0,0.83078,0.729,-0.06539,0.471,1.0
1956,6,0.7,0.66574,1.0,0.90149,0.8,1.0,0.442,0.92929
1957,,0.6,0.63645,1.0,0.8722,0.7,0.82929,0.242,0.75858
1958,,0.5,0.60716,1.0,0.84291,0.6,0.65858,0.042,0.58787
1959,,0.4,0.57787,1.0,0.81362,0.5,0.48787,-0.158,0.41716
1960,7,0.4,0.57758,1.0,0.81333,0.5,0.48816,1.0,0.41745
1961,,0.3,0.54829,1.0,0.78404,0.4,0.31745,0.8,0.24674
1962,,0.2,0.519,1.0,0.75475,0.3,0.14674,0.6,0.07603
1963,,0.1,0.48971,1.0,0.72546,0.2,-0.02397,0.4,-0.09468
1964,8,0.171,0.56042,1.0,0.69617,0.129,-0.09468,0.371,1.0
1965,6,0.1,0.53113,1.0,0.76688,0.2,1.0,0.342,0.92929
1966,,0.0,0.50184,1.0,0.73759,0.1,0.82929,0.142,0.75858
1967,,-0.1,0.47255,1.0,0.7083,0.0,0.65858,-0.058,0.58787
1968,1,1.0,0.61426,1.0,0.70801,-0.1,0.51687,-0.158,0.58816
1969,7,1.0,0.61397,1.0,0.70772,-0.1,0.51716,1.0,0.58845
1970,5,0.9,0.61368,1.0,0.84943,1.0,0.51745,0.9,0.44674
1971,,0.8,0.58439,1.0,0.82014,0.9,0.34674,0.7,0.27603
1972,,0.7,0.5551,1.0,0.79085,0.8,0.17603,0.5,0.10532
1973,,0.6,0.52581,1.0,0.76156,0.7,0.00532,0.3,-0.06539
1974,8,0.671,0.59652,1.0,0.73227,0.629,-0.06539,0.271,1.0
1975,6,0.6,0.56723,1.0,0.80298,0.7,1.0,0.242,0.92929
1976,,0.5,0.53794,1.0,0.77369,0.6,0.82929,0.042,0.75858
1977,,0.4,0.50865,1.0,0.7444,0.5,0.65858,-0.158,0.58787
1978,7,0.4,0.50836,1.0,0.74411,0.5,0.65887,1.0,0.58816
1979,,0.3,0.47907,1.0,0.71482,0.4,0.48816,0.8,0.41745
1980,,0.2,0.44978,1.0,0.68553,0.3,0.31745,0.6,0.24674
1981,,0.1,0.42049,1.0,0.65624,0.2,0.14674,0.4,0.07603
1982,,0.0,0.3912,1.0,0.62695,0.1,-0.02397,0.2,-0.09468
1983,8,0.071,0.46191,1.0,0.59766,0.029,-0.09468,0.171,1.0
1984,6,-0.0,0.43262,1.0,0.66837,0.1,1.0,0.142,0.92929
1985,,-0.1,0.40333,1.0,0.63908,0.0,0.82929,-0.058,0.75858
1986,1,1.0,0.54504,1.0,0.63879,-0.1,0.68758,-0.158,0.75887
1987,7,1.0,0.54475,1.0,0.6385,-0.1,0.68787,1.0,0.75916
1988,5,0.9,0.54446,1.0,0.78021,1.0,0.68816,0.9,0.61745
1989,,0.8,0.51517,1.0,0.75092,0.9,0.51745,0.7,0.44674
1990,,0.7,0.48588,1.0,0.72163,0.8,0.34674,0.5,0.27603
1991,,0.6,0.45659,1.0,0.69234,0.7,0.17603,0.3,0.10532
1992,,0.5,0.4273,1.0,0.66305,0.6,0.00532,0.1,-0.06539
1993,8,0.571,0.49801,1.0,0.63376,0.529,-0.06539,0.071,1.0
1994,6,0.5,0.46872,1.0,0.70447,0.6,1.0,0.042,0.92929
1995,,0.4,0.43943,1.0,0.67518,0.5,0.82929,-0.158,0.75858
1996,7,0.4,0.43914,1.0,0.67489,0.5,0.82958,1.0,0.75887
1997,,0.3,0.40985,1.0,0.6456,0.4,0.65887,0.8,0.58816
1998,,0.2,0.38056,1.0,0.61631,0.3,0.48816,0.6,0.41745
1999,,0.1,0.35127,1.0,0.58702,0.2,0.31745,0.4,0.24674
2000,,0.0,0.32198,1.0,0.55773,0.1,0.14674,0.2,0.07603
2001,,-0.1,0.29269,1.0,0.52844,0.0,-0.02397,0.0,-0.09468
2002,1,1.0,0.4344,1.0,0.52815,-0.1,-0.16568,-0.1,-0.09439
2003,6,0.929,0.40511,1.0,0.59886,-0.029,1.0,-0.129,-0.1651
2004,8,1.0,0.47582,1.0,0.56957,-0.1,0.92929,-0.158,1.0
2005,7,1.0,0.47553,1.0,0.56928,-0.1,0.92958,1.0,1.0
2006,5,0.9,0.47524,1.0,0.71099,1.0,0.92987,0.9,0.85829
2007,,0.8,0.44595,1.0,0.6817,0.9,0.75916,0.7,0.68758
2008,,0.7,0.41666,1.0,0.65241,0.8,0.58845,0.5,0.51687
2009,,0.6,0.38737,1.0,0.62312,0.7,0.41774,0.3,0.34616
2010,,0.5,0.35808,1.0,0.59383,0.6,0.24703,0.1,0.17545
2011,,0.4,0.32879,1.0,0.56454,0.5,0.07632,-0.1,0.00474
2012,7,0.4,0.3285,1.0,0.56425,0.5,0.07661,1.0,0.00503
2013,,0.3,0.29921,1.0,0.53496,0.4,-0.0941,0.8,-0.16568
2014,8,0.371,0.36992,1.0,0.50567,0.329,-0.16481,0.771,1.0
2015,6,0.3,0.34063,1.0,0.57638,0.4,1.0,0.742,0.92929
2016,,0.2,0.31134,1.0,0.54709,0.3,0.82929,0.542,0.75858
2017,,0.1,0.28205,1.0,0.5178,0.2,0.65858,0.342,0.58787
2018,,0.0,0.25276,1.0,0.48851,0.1,0.48787,0.142,0.41716
2019,,-0.1,0.22347,1.0,0.45922,0.0,0.31716,-0.058,0.24645
2020,1,1.0,0.36518,1.0,0.45893,-0.1,0.17545,-0.158,0.24674
2021,7,1.0,0.36489,1.0,0.45864,-0.1,0.17574,1.0,0.24703
2022,5,0.9,0.3646,1.0,0.60035,1.0,0.17603,0.9,0.10532
2023,,0.8,0.33531,1.0,0.57106,0.9,0.00532,0.7,-0.06539
2024,8,0.871,0.40602,1.0,0.54177,0.829,-0.06539,0.671,1.0
2025,6,0.8,0.37673,1.0,0.61248,0.9,1.0,0.642,0.92929
2026,,0.7,0.34744,1.0,0.58319,0.8,0.82929,0.442,0.75858
2027,,0.6,0.31815,1.0,0.5539,0.7,0.65858,0.242,0.58787
2028,,0.5,0.28886,1.0,0.52461,0.6,0.48787,0.042,0.41716
2029,,0.4,0.25957,1.0,0.49532,0.5,0.31716,-0.158,0.24645
2030,7,0.4,0.25928,1.0,0.49503,0.5,0.31745,1.0,0.24674
2031,,0.3,0.22999,1.0,0.46574,0.4,0.14674,0.8,0.07603
2032,,0.2,0.2007,1.0,0.43645,0.3,-0.02397,0.6,-0.09468
2033,8,0.271,0.27141,1.0,0.40716,0.229,-0.09468,0.571,1.0
2034,6,0.2,0.24212,1.0,0.47787,0.3,1.0,0.542,0.92929
2035,,0.1,0.21283,1.0,0.44858,0.2,0.82929,0.342,0.75858
2036,,0.0,0.18354,1.0,0.41929,0.1,0.65858,0.142,0.58787
2037,,-0.1,0.15425,1.0,0.39,0.0,0.48787,-0.058,0.41716
2038,1,1.0,0.29596,1.0,0.38971,-0.1,0.34616,-0.158,0.41745
2039,7,1.0,0.29567,1.0,0.38942,-0.1,0.34645,1.0,0.41774
2040,5,0.9,0.29538,1.0,0.53113,1.0,0.34674,0.9,0.27603
2041,,0.8,0.26609,1.0,0.50184,0.9,0.17603,0.7,0.10532
2042,,0.7,0.2368,1.0,0.47255,0.8,0.00532,0.5,-0.06539
2043,8,0.771,0.30751,1.0,0.44326,0.729,-0.06539,0.471,1.0
2044,6,0.7,0.27822,1.0,0.51397,0.8,1.0,0.442,0.92929
2045,,0.6,0.24893,1.0,0.48468,0.7,0.82929,0.242,0.75858
2046,,0.5,0.21964,1.0,0.45539,0.6,0.65858,0.042,0.58787
2047,,0.4,0.19035,1.0,0.4261,0.5,0.48787,-0.158,0.41716
2048,7,0.4,0.19006,1.0,0.42581,0.5,0.48816,1.0,0.41745
2049,,0.3,0.16077,1.0,0.39652,0.4,0.31745,0.8,0.24674
2050,,0.2,0.13148,1.0,0.36723,0.3,0.14674,0.6,0.07603
2051,,0.1,0.10219,1.0,0.33794,0.2,-0.02397,0.4,-0.09468
2052,8,0.171,0.1729,1.0,0.30865,0.129,-0.09468,0.371,1.0
2053,6,0.1,0.14361,1.0,0.37936,0.2,1.0,0.342,0.92929
2054,,0.0,0.11432,1.0,0.35007,0.1,0.82929,0.142,0.75858
2055,,-0.1,0.08503,1.0,0.32078,0.0,0.65858,-0.058,0.58787
2056,1,1.0,0.22674,1.0,0.32049,-0.1,0.51687,-0.158,0.58816
2057,7,1.0,0.22645,1.0,0.3202,-0.1,0.51716,1.0,0.58845
2058,5,0.9,0.22616,1.0,0.46191,1.0,0.51745,0.9,0.44674
2059,,0.8,0.19687,1.0,0.43262,0.9,0.34674,0.7,0.27603
2060,,0.7,0.16758,1.0,0.40333,0.8,0.17603,0.5,0.10532
2061,,0.6,0.13829,1.0,0.37404,0.7,0.00532,0.3,-0.06539
2062,8,0.671,0.209,1.0,0.34475,0.629,-0.06539,0.271,1.0
2063,6,0.6,0.17971,1.0,0.41546,0.7,1.0,0.242,0.92929
2064,,0.5,0.15042,1.0,0.38617,0.6,0.82929,0.042,0.75858
2065,,0.4,0.12113,1.0,0.35688,0.5,0.65858,-0.158,0.58787
2066,7,0.4,0.12084,1.0,0.35659,0.5,0.65887,1.0,0.58816
2067,,0.3,0.09155,1.0,0.3273,0.4,0.48816,0.8,0.41745
2068,,0.2,0.06226,1.0,0.29801,0.3,0.31745,0.6,0.24674
2069,,0.1,0.03297,1.0,0.26872,0.2,0.14674,0.4,0.07603
2070,,0.0,0.00368,1.0,0.23943,0.1,-0.02397,0.2,-0.09468
2071,8,0.071,0.07439,1.0,0.21014,0.029,-0.09468,0.171,1.0
2072,6,-0.0,0.0451,1.0,0.28085,0.1,1.0,0.142,0.92929
2073,,-0.1,0.01581,1.0,0.25156,0.0,0.82929,-0.058,0.75858
2074,1,1.0,0.15752,1.0,0.25127,-0.1,0.68758,-0.158,0.75887
2075,7,1.0,0.15723,1.0,0.25098,-0.1,0.68787,1.0,0.75916
2076,5,0.9,0.15694,1.0,0.39269,1.0,0.68816,0.9,0.61745
2077,,0.8,0.12765,1.0,0.3634,0.9,0.51745,0.7,0.44674
2078,,0.7,0.09836,1.0,0.33411,0.8,0.34674,0.5,0.27603
2079,,0.6,0.06907,1.0,0.30482,0.7,0.17603,0.3,0.10532
2080,,0.5,0.03978,1.0,0.27553,0.6,0.00532,0.1,-0.06539
2081,8,0.571,0.11049,1.0,0.24624,0.529,-0.06539,0.071,1.0
2082,6,0.5,0.0812,1.0,0.31695,0.6,1.0,0.042,0.92929
2083,,0.4,0.05191,1.0,0.28766,0.5,0.82929,-0.158,0.75858
2084,7,0.4,0.05162,1.0,0.28737,0.5,0.82958,1.0,0.75887
2085,,0.3,0.02233,1.0,0.25808,0.4,0.65887,0.8,0.58816
2086,,0.2,-0.00696,1.0,0.22879,0.3,0.48816,0.6,0.41745
2087,2,0.271,1.0,1.0,0.2995,0.229,0.31745,0.429,0.34674
2088,,0.171,0.97071,1.0,0.27021,0.129,0.14674,0.229,0.17603
2089,,0.071,0.94142,1.0,0.24092,0.029,-0.02397,0.029,0.00532
2090,6,-0.0,0.91213,1.0,0.31163,0.1,1.0,0.0,-0.06539
2091,8,0.071,0.98284,1.0,0.28234,0.029,0.92929,-0.029,1.0
2092,7,0.071,0.98255,1.0,0.28205,0.029,0.92958,1.0,1.0
2093,,-0.029,0.95326,1.0,0.25276,-0.071,0.75887,0.8,0.82929
2094,5,-0.129,0.95297,1.0,0.39447,1.0,0.75916,0.7,0.68758
2095,1,1.0,1.0,1.0,0.39418,0.9,0.61745,0.6,0.68787
2096,,0.9,0.97071,1.0,0.36489,0.8,0.44674,0.4,0.51716
2097,,0.8,0.94142,1.0,0.3356,0.7,0.27603,0.2,0.34645
2098,,0.7,0.91213,1.0,0.30631,0.6,0.10532,0.0,0.17574
2099,,0.6,0.88284,1.0,0.27702,0.5,-0.06539,-0.2,0.00503
2100,7,0.6,0.88255,1.0,0.27673,0.5,-0.0651,1.0,0.00532
2101,6,0.529,0.85326,1.0,0.34744,0.571,1.0,0.971,-0.06539
2102,8,0.6,0.92397,1.0,0.31815,0.5,0.92929,0.942,1.0
2103,,0.5,0.89468,1.0,0.28886,0.4,0.75858,0.742,0.82929
2104,,0.4,0.86539,1.0,0.25957,0.3,0.58787,0.542,0.65858
2105,,0.3,0.8361,1.0,0.23028,0.2,0.41716,0.342,0.48787
2106,,0.2,0.80681,1.0,0.20099,0.1,0.24645,0.142,0.31716
2107,,0.1,0.77752,1.0,0.1717,0.0,0.07574,-0.058,0.14645
2108,7,0.1,0.77723,1.0,0.17141,0.0,0.07603,1.0,0.14674
2109,,0.0,0.74794,1.0,0.14212,-0.1,-0.09468,0.8,-0.02397
2110,5,-0.1,0.74765,1.0,0.28383,1.0,-0.09439,0.7,-0.16568
2111,8,-0.029,0.81836,1.0,0.25454,0.929,-0.1651,0.671,1.0
2112,6,-0.1,0.78907,1.0,0.32525,1.0,1.0,0.642,0.92929
2113,1,1.0,0.93078,1.0,0.32496,0.9,0.85829,0.542,0.92958
2114,,0.9,0.90149,1.0,0.29567,0.8,0.68758,0.342,0.75887
2115,,0.8,0.8722,1.0,0.26638,0.7,0.51687,0.142,0.58816
2116,,0.7,0.84291,1.0,0.23709,0.6,0.34616,-0.058,0.41745
2117,7,0.7,0.84262,1.0,0.2368,0.6,0.34645,1.0,0.41774
2118,,0.6,0.81333,1.0,0.20751,0.5,0.17574,0.8,0.24703
2119,,0.5,0.78404,1.0,0.17822,0.4,0.00503,0.6,0.07632
2120,,0.4,0.75475,1.0,0.14893,0.3,-0.16568,0.4,-0.09439
2121,6,0.329,0.72546,1.0,0.21964,0.371,1.0,0.371,-0.1651
2122,8,0.4,0.79617,1.0,0.19035,0.3,0.92929,0.342,1.0
2123,,0.3,0.76688,1.0,0.16106,0.2,0.75858,0.142,0.82929
2124,,0.2,0.73759,1.0,0.13177,0.1,0.58787,-0.058,0.65858
2125,7,0.2,0.7373,1.0,0.13148,0.1,0.58816,1.0,0.65887
2126,,0.1,0.70801,1.0,0.10219,0.0,0.41745,0.8,0.48816
2127,,0.0,0.67872,1.0,0.0729,-0.1,0.24674,0.6,0.31745
2128,5,-0.1,0.67843,1.0,0.21461,1.0,0.24703,0.5,0.17574
2129,1,1.0,0.82014,1.0,0.21432,0.9,0.10532,0.4,0.17603
2130,,0.9,0.79085,1.0,0.18503,0.8,-0.06539,0.2,0.00532
2131,6,0.829,0.76156,1.0,0.25574,0.871,1.0,0.171,-0.06539
2132,8,0.9,0.83227,1.0,0.22645,0.8,0.92929,0.142,1.0
2133,,0.8,0.80298,1.0,0.19716,0.7,0.75858,-0.058,0.82929
2134,7,0.8,0.80269,1.0,0.19687,0.7,0.75887,1.0,0.82958
2135,,0.7,0.7734,1.0,0.16758,0.6,0.58816,0.8,0.65887
2136,,0.6,0.74411,1.0,0.13829,0.5,0.41745,0.6,0.48816
2137,,0.5,0.71482,1.0,0.109,0.4,0.24674,0.4,0.31745
2138,,0.4,0.68553,1.0,0.07971,0.3,0.07603,0.2,0.14674
2139,,0.3,0.65624,1.0,0.05042,0.2,-0.09468,0.0,-0.02397
2140,6,0.229,0.62695,1.0,0.12113,0.271,1.0,-0.029,-0.09468
2141,8,0.3,0.69766,1.0,0.09184,0.2,0.92929,-0.058,1.0
2142,7,0.3,0.69737,1.0,0.09155,0.2,0.92958,1.0,1.0
2143,,0.2,0.66808,1.0,0.06226,0.1,0.75887,0.8,0.82929
2144,,0.1,0.63879,1.0,0.03297,0.0,0.58816,0.6,0.65858
2145,,0.0,0.6095,1.0,0.00368,-0.1,0.41745,0.4,0.48787
2146,5,-0.1,0.60921,1.0,0.14539,1.0,0.41774,0.3,0.34616
2147,1,1.0,0.75092,1.0,0.1451,0.9,0.27603,0.2,0.34645
2148,,0.9,0.72163,1.0,0.11581,0.8,0.10532,0.0,0.17574
2149,,0.8,0.69234,1.0,0.08652,0.7,-0.06539,-0.2,0.00503
2150,7,0.8,0.69205,1.0,0.08623,0.7,-0.0651,1.0,0.00532
2151,6,0.729,0.66276,1.0,0.15694,0.771,1.0,0.971,-0.06539
2152,8,0.8,0.73347,1.0,0.12765,0.7,0.92929,0.942,1.0
2153,,0.7,0.70418,1.0,0.09836,0.6,0.75858,0.742,0.82929
2154,,0.6,0.67489,1.0,0.06907,0.5,0.58787,0.542,0.65858
2155,,0.5,0.6456,1.0,0.03978,0.4,0.41716,0.342,0.48787
2156,,0.4,0.61631,1.0,0.01049,0.3,0.24645,0.142,0.31716
2157,,0.3,0.58702,1.0,-0.0188,0.2,0.07574,-0.058,0.14645
2158,7,0.3,0.58673,1.0,-0.01909,0.2,0.07603,1.0,0.14674
2159,4,0.229,0.65744,1.0,1.0,0.271,0.00532,0.829,-0.02397
2160,8,0.3,0.72815,1.0,0.97071,0.2,-0.06539,0.8,1.0
2161,6,0.229,0.69886,1.0,1.0,0.271,1.0,0.771,0.92929
2162,,0.129,0.66957,1.0,0.97071,0.171,0.82929,0.571,0.75858
2163,,0.029,0.64028,1.0,0.94142,0.071,0.65858,0.371,0.58787
2164,,-0.071,0.61099,1.0,0.91213,-0.029,0.48787,0.171,0.41716
2165,1,1.0,0.7527,1.0,0.91184,-0.129,0.34616,0.071,0.41745
2166,5,0.9,0.75241,1.0,1.0,1.0,0.34645,-0.029,0.27574
2167,7,0.9,0.75212,1.0,0.99971,1.0,0.34674,1.0,0.27603
2168,,0.8,0.72283,1.0,0.97042,0.9,0.17603,0.8,0.10532
2169,,0.7,0.69354,1.0,0.94113,0.8,0.00532,0.6,-0.06539
2170,8,0.771,0.76425,1.0,0.91184,0.729,-0.06539,0.571,1.0
2171,6,0.7,0.73496,1.0,0.98255,0.8,1.0,0.542,0.92929
2172,,0.6,0.70567,1.0,0.95326,0.7,0.82929,0.342,0.75858
2173,,0.5,0.67638,1.0,0.92397,0.6,0.65858,0.142,0.58787
2174,,0.4,0.64709,1.0,0.89468,0.5,0.48787,-0.058,0.41716
2175,7,0.4,0.6468,1.0,0.89439,0.5,0.48816,1.0,0.41745
2176,,0.3,0.61751,1.0,0.8651,0.4,0.31745,0.8,0.24674
2177,,0.2,0.58822,1.0,0.83581,0.3,0.14674,0.6,0.07603
2178,,0.1,0.55893,1.0,0.80652,0.2,-0.02397,0.4,-0.09468
2179,8,0.171,0.62964,1.0,0.77723,0.129,-0.09468,0.371,1.0
2180,6,0.1,0.60035,1.0,0.84794,0.2,1.0,0.342,0.92929
2181,,0.0,0.57106,1.0,0.81865,0.1,0.82929,0.142,0.75858
2182,,-0.1,0.54177,1.0,0.78936,0.0,0.65858,-0.058,0.58787
2183,1,1.0,0.68348,1.0,0.78907,-0.1,0.51687,-0.158,0.58816
2184,7,1.0,0.68319,1.0,0.78878,-0.1,0.51716,1.0,0.58845
2185,5,0.9,0.6829,1.0,0.93049,1.0,0.51745,0.9,0.44674
2186,,0.8,0.65361,1.0,0.9012,0.9,0.34674,0.7,0.27603
2187,,0.7,0.62432,1.0,0.87191,0.8,0.17603,0.5,0.10532
2188,,0.6,0.59503,1.0,0.84262,0.7,0.00532,0.3,-0.06539
2189,8,0.671,0.66574,1.0,0.81333,0.629,-0.06539,0.271,1.0
2190,6,0.6,0.63645,1.0,0.88404,0.7,1.0,0.242,0.92929
2191,,0.5,0.60716,1.0,0.85475,0.6,0.82929,0.042,0.75858
2192,,0.4,0.57787,1.0,0.82546,0.5,0.65858,-0.158,0.58787
2193,7,0.4,0.57758,1.0,0.82517,0.5,0.65887,1.0,0.58816
2194,,0.3,0.54829,1.0,0.79588,0.4,0.48816,0.8,0.41745
2195,,0.2,0.519,1.0,0.76659,0.3,0.31745,0.6,0.24674
2196,,0.1,0.48971,1.0,0.7373,0.2,0.14674,0.4,0.07603
2197,,0.0,0.46042,1.0,0.70801,0.1,-0.02397,0.2,-0.09468
2198,8,0.071,0.53113,1.0,0.67872,0.029,-0.09468,0.171,1.0
2199,6,-0.0,0.50184,1.0,0.74943,0.1,1.0,0.142,0.92929
2200,,-0.1,0.47255,1.0,0.72014,0.0,0.82929,-0.058,0.75858
2201,1,1.0,0.61426,1.0,0.71985,-0.1,0.68758,-0.158,0.75887
2202,7,1.0,0.61397,1.0,0.71956,-0.1,0.68787,1.0,0.75916
2203,5,0.9,0.61368,1.0,0.86127,1.0,0.68816,0.9,0.61745
2204,,0.8,0.58439,1.0,0.83198,0.9,0.51745,0.7,0.44674
2205,,0.7,0.5551,1.0,0.80269,0.8,0.34674,0.5,0.27603
2206,,0.6,0.52581,1.0,0.7734,0.7,0.17603,0.3,0.10532
2207,,0.5,0.49652,1.0,0.74411,0.6,0.00532,0.1,-0.06539
2208,8,0.571,0.56723,1.0,0.71482,0.529,-0.06539,0.071,1.0
2209,6,0.5,0.53794,1.0,0.78553,0.6,1.0,0.042,0.92929
2210,,0.4,0.50865,1.0,0.75624,0.5,0.82929,-0.158,0.75858
2211,7,0.4,0.50836,1.0,0.75595,0.5,0.82958,1.0,0.75887
2212,,0.3,0.47907,1.0,0.72666,0.4,0.65887,0.8,0.58816
2213,,0.2,0.44978,1.0,0.69737,0.3,0.48816,0.6,0.41745
2214,,0.1,0.42049,1.0,0.66808,0.2,0.31745,0.4,0.24674
2215,,0.0,0.3912,1.0,0.63879,0.1,0.14674,0.2,0.07603
2216,,-0.1,0.36191,1.0,0.6095,0.0,-0.02397,0.0,-0.09468
2217,1,1.0,0.50362,1.0,0.60921,-0.1,-0.16568,-0.1,-0.09439
2218,6,0.929,0.47433,1.0,0.67992,-0.029,1.0,-0.129,-0.1651
2219,8,1.0,0.54504,1.0,0.65063,-0.1,0.92929,-0.158,1.0
2220,7,1.0,0.54475,1.0,0.65034,-0.1,0.92958,1.0,1.0
2221,5,0.9,0.54446,1.0,0.79205,1.0,0.92987,0.9,0.85829
2222,,0.8,0.51517,1.0,0.76276,0.9,0.75916,0.7,0.68758
2223,,0.7,0.48588,1.0,0.73347,0.8,0.58845,0.5,0.51687
2224,,0.6,0.45659,1.0,0.70418,0.7,0.41774,0.3,0.34616
2225,,0.5,0.4273,1.0,0.67489,0.6,0.24703,0.1,0.17545
2226,,0.4,0.39801,1.0,0.6456,0.5,0.07632,-0.1,0.00474
2227,7,0.4,0.39772,1.0,0.64531,0.5,0.07661,1.0,0.00503
2228,,0.3,0.36843,1.0,0.61602,0.4,-0.0941,0.8,-0.16568
2229,8,0.371,0.43914,1.0,0.58673,0.329,-0.16481,0.771,1.0
2230,6,0.3,0.40985,1.0,0.65744,0.4,1.0,0.742,0.92929
2231,,0.2,0.38056,1.0,0.62815,0.3,0.82929,0.542,0.75858
2232,,0.1,0.35127,1.0,0.59886,0.2,0.65858,0.342,0.58787
2233,,0.0,0.32198,1.0,0.56957,0.1,0.48787,0.142,0.41716
2234,,-0.1,0.29269,1.0,0.54028,0.0,0.31716,-0.058,0.24645
2235,1,1.0,0.4344,1.0,0.53999,-0.1,0.17545,-0.158,0.24674
2236,7,1.0,0.43411,1.0,0.5397,-0.1,0.17574,1.0,0.24703
2237,5,0.9,0.43382,1.0,0.68141,1.0,0.17603,0.9,0.10532
2238,,0.8,0.40453,1.0,0.65212,0.9,0.00532,0.7,-0.06539
2239,8,0.871,0.47524,1.0,0.62283,0.829,-0.06539,0.671,1.0
2240,6,0.8,0.44595,1.0,0.69354,0.9,1.0,0.642,0.92929
2241,,0.7,0.41666,1.0,0.66425,0.8,0.82929,0.442,0.75858
2242,,0.6,0.38737,1.0,0.63496,0.7,0.65858,0.242,0.58787
2243,,0.5,0.35808,1.0,0.60567,0.6,0.48787,0.042,0.41716
2244,,0.4,0.32879,1.0,0.57638,0.5,0.31716,-0.158,0.24645
2245,7,0.4,0.3285,1.0,0.57609,0.5,0.31745,1.0,0.24674
2246,,0.3,0.29921,1.0,0.5468,0.4,0.14674,0.8,0.07603
2247,,0.2,0.26992,1.0,0.51751,0.3,-0.02397,0.6,-0.09468
2248,8,0.271,0.34063,1.0,0.48822,0.229,-0.09468,0.571,1.0
2249,6,0.2,0.31134,1.0,0.55893,0.3,1.0,0.542,0.92929
2250,,0.1,0.28205,1.0,0.52964,0.2,0.82929,0.342,0.75858
2251,,0.0,0.25276,1.0,0.50035,0.1,0.65858,0.142,0.58787
2252,,-0.1,0.22347,1.0,0.47106,0.0,0.48787,-0.058,0.41716
2253,1,1.0,0.36518,1.0,0.47077,-0.1,0.34616,-0.158,0.41745
2254,7,1.0,0.36489,1.0,0.47048,-0.1,0.34645,1.0,0.41774
2255,5,0.9,0.3646,1.0,0.61219,1.0,0.34674,0.9,0.27603
2256,,0.8,0.33531,1.0,0.5829,0.9,0.17603,0.7,0.10532
2257,,0.7,0.30602,1.0,0.55361,0.8,0.00532,0.5,-0.06539
2258,8,0.771,0.37673,1.0,0.52432,0.729,-0.06539,0.471,1.0
2259,6,0.7,0.34744,1.0,0.59503,0.8,1.0,0.442,0.92929
2260,,0.6,0.31815,1.0,0.56574,0.7,0.82929,0.242,0.75858
2261,,0.5,0.28886,1.0,0.53645,0.6,0.65858,0.042,0.58787
2262,,0.4,0.25957,1.0,0.50716,0.5,0.48787,-0.158,0.41716
2263,7,0.4,0.25928,1.0,0.50687,0.5,0.48816,1.0,0.41745
2264,,0.3,0.22999,1.0,0.47758,0.4,0.31745,0.8,0.24674
2265,,0.2,0.2007,1.0,0.44829,0.3,0.14674,0.6,0.07603
2266,,0.1,0.17141,1.0,0.419,0.2,-0.02397,0.4,-0.09468
2267,8,0.171,0.24212,1.0,0.38971,0.129,-0.09468,0.371,1.0
2268,6,0.1,0.21283,1.0,0.46042,0.2,1.0,0.342,0.92929
