step,active_motive,motive_1,motive_2,motive_3,motive_4,motive_5,motive_6,motive_7,motive_8
0,,-0.25092,0.90143,0.46399,0.19732,-0.68796,-0.68801,-0.88383,0.73235
1,7,-0.15092,1.0,0.58899,0.319,-0.58096,-0.59669,1.0,0.81867
2,6,-0.04992,1.0,0.71499,0.44168,-0.83096,1.0,1.0,0.90599
3,5,0.05008,1.0,0.83999,0.56336,1.0,0.73232,1.0,0.99231
4,,8e-05,0.96768,0.81499,0.53104,0.95,0.66464,0.925,0.92463
5,,-0.04992,0.93536,0.78999,0.49872,0.9,0.59696,0.85,0.85695
6,1,1.0,1.0,0.90799,0.6124,1.0,0.68028,0.925,0.93527
7,,0.95,0.96768,0.88299,0.58008,0.95,0.6126,0.85,0.86759
8,,0.9,0.93536,0.85799,0.54776,0.9,0.54492,0.775,0.79991
9,,0.85,0.90304,0.83299,0.51544,0.85,0.47724,0.7,0.73223
10,,0.8,0.87072,0.80799,0.48312,0.8,0.40956,0.625,0.66455
11,,0.75,0.8384,0.78299,0.4508,0.75,0.34188,0.55,0.59687
12,,0.7,0.80608,0.75799,0.41848,0.7,0.2742,0.475,0.52919
13,,0.65,0.77376,0.73299,0.38616,0.65,0.20652,0.4,0.46151
14,,0.6,0.74144,0.70799,0.35384,0.6,0.13884,0.325,0.39383
15,,0.55,0.70912,0.68299,0.32152,0.55,0.07116,0.25,0.32615
16,,0.5,0.6768,0.65799,0.2892,0.5,0.00348,0.175,0.25847
17,,0.45,0.64448,0.63299,0.25688,0.45,-0.0642,0.1,0.19079
18,6,0.551,0.76216,0.75899,0.37956,0.2,1.0,0.184,0.27811
19,,0.501,0.72984,0.73399,0.34724,0.15,0.93232,0.109,0.21043
20,,0.451,0.69752,0.70899,0.31492,0.1,0.86464,0.034,0.14275
21,,0.401,0.6652,0.68399,0.2826,0.05,0.79696,-0.041,0.07507
22,7,0.501,0.78188,0.80899,0.40428,0.157,0.88828,1.0,0.16139
23,,0.451,0.74956,0.78399,0.37196,0.107,0.8206,0.925,0.09371
24,,0.401,0.71724,0.75899,0.33964,0.057,0.75292,0.85,0.02603
25,,0.351,0.68492,0.73399,0.30732,0.007,0.68524,0.775,-0.04165
26,8,0.447,0.7976,0.85499,0.425,0.111,0.77256,0.854,1.0
27,,0.397,0.76528,0.82999,0.39268,0.061,0.70488,0.779,0.93232
28,,0.347,0.73296,0.80499,0.36036,0.011,0.6372,0.704,0.86464
29,,0.297,0.70064,0.77999,0.32804,-0.039,0.56952,0.629,0.79696
30,5,0.397,0.81732,0.90499,0.44972,1.0,0.30184,0.711,0.88328
31,,0.347,0.785,0.87999,0.4174,0.95,0.23416,0.636,0.8156
32,,0.297,0.75268,0.85499,0.38508,0.9,0.16648,0.561,0.74792
33,,0.247,0.72036,0.82999,0.35276,0.85,0.0988,0.486,0.68024
34,,0.197,0.68804,0.80499,0.32044,0.8,0.03112,0.411,0.61256
35,,0.147,0.65572,0.77999,0.28812,0.75,-0.03656,0.336,0.54488
36,6,0.248,0.7734,0.90599,0.4108,0.5,1.0,0.42,0.6322
37,,0.198,0.74108,0.88099,0.37848,0.45,0.93232,0.345,0.56452
38,,0.148,0.70876,0.85599,0.34616,0.4,0.86464,0.27,0.49684
39,,0.098,0.67644,0.83099,0.31384,0.35,0.79696,0.195,0.42916
40,,0.048,0.64412,0.80599,0.28152,0.3,0.72928,0.12,0.36148
41,,-0.002,0.6118,0.78099,0.2492,0.25,0.6616,0.045,0.2938
42,1,1.0,0.72048,0.89899,0.36288,0.35,0.74492,0.12,0.37212
43,,0.95,0.68816,0.87399,0.33056,0.3,0.67724,0.045,0.30444
44,,0.9,0.65584,0.84899,0.29824,0.25,0.60956,-0.03,0.23676
45,7,1.0,0.77252,0.97399,0.41992,0.357,0.70088,1.0,0.32308
46,,0.95,0.7402,0.94899,0.3876,0.307,0.6332,0.925,0.2554
47,,0.9,0.70788,0.92399,0.35528,0.257,0.56552,0.85,0.18772
48,,0.85,0.67556,0.89899,0.32296,0.207,0.49784,0.775,0.12004
49,,0.8,0.64324,0.87399,0.29064,0.157,0.43016,0.7,0.05236
50,,0.75,0.61092,0.84899,0.25832,0.107,0.36248,0.625,-0.01532
51,8,0.846,0.7236,0.96999,0.376,0.211,0.4498,0.704,1.0
52,,0.796,0.69128,0.94499,0.34368,0.161,0.38212,0.629,0.93232
53,,0.746,0.65896,0.91999,0.31136,0.111,0.31444,0.554,0.86464
54,,0.696,0.62664,0.89499,0.27904,0.061,0.24676,0.479,0.79696
55,,0.646,0.59432,0.86999,0.24672,0.011,0.17908,0.404,0.72928
56,,0.596,0.562,0.84499,0.2144,-0.039,0.1114,0.329,0.6616
57,5,0.696,0.67868,0.96999,0.33608,1.0,-0.15628,0.411,0.74792
58,6,0.797,0.79636,1.0,0.45876,0.75,1.0,0.495,0.83524
59,,0.747,0.76404,0.975,0.42644,0.7,0.93232,0.42,0.76756
60,,0.697,0.73172,0.95,0.39412,0.65,0.86464,0.345,0.69988
61,,0.647,0.6994,0.925,0.3618,0.6,0.79696,0.27,0.6322
62,,0.597,0.66708,0.9,0.32948,0.55,0.72928,0.195,0.56452
63,,0.547,0.63476,0.875,0.29716,0.5,0.6616,0.12,0.49684
64,,0.497,0.60244,0.85,0.26484,0.45,0.59392,0.045,0.42916
65,,0.447,0.57012,0.825,0.23252,0.4,0.52624,-0.03,0.36148
66,7,0.547,0.6868,0.95,0.3542,0.507,0.61756,1.0,0.4478
67,,0.497,0.65448,0.925,0.32188,0.457,0.54988,0.925,0.38012
68,,0.447,0.62216,0.9,0.28956,0.407,0.4822,0.85,0.31244
69,,0.397,0.58984,0.875,0.25724,0.357,0.41452,0.775,0.24476
70,,0.347,0.55752,0.85,0.22492,0.307,0.34684,0.7,0.17708
71,,0.297,0.5252,0.825,0.1926,0.257,0.27916,0.625,0.1094
72,,0.247,0.49288,0.8,0.16028,0.207,0.21148,0.55,0.04172
73,,0.197,0.46056,0.775,0.12796,0.157,0.1438,0.475,-0.02596
74,8,0.293,0.57324,0.896,0.24564,0.261,0.23112,0.554,1.0
75,,0.243,0.54092,0.871,0.21332,0.211,0.16344,0.479,0.93232
76,,0.193,0.5086,0.846,0.181,0.161,0.09576,0.404,0.86464
77,,0.143,0.47628,0.821,0.14868,0.111,0.02808,0.329,0.79696
78,,0.093,0.44396,0.796,0.11636,0.061,-0.0396,0.254,0.72928
79,6,0.194,0.56164,0.922,0.23904,-0.189,1.0,0.338,0.8166
80,5,0.294,0.67832,1.0,0.36072,1.0,0.73232,0.42,0.90292
81,,0.244,0.646,0.975,0.3284,0.95,0.66464,0.345,0.83524
82,,0.194,0.61368,0.95,0.29608,0.9,0.59696,0.27,0.76756
83,,0.144,0.58136,0.925,0.26376,0.85,0.52928,0.195,0.69988
84,,0.094,0.54904,0.9,0.23144,0.8,0.4616,0.12,0.6322
85,,0.044,0.51672,0.875,0.19912,0.75,0.39392,0.045,0.56452
86,,-0.006,0.4844,0.85,0.1668,0.7,0.32624,-0.03,0.49684
87,7,0.094,0.60108,0.975,0.28848,0.807,0.41756,1.0,0.58316
88,,0.044,0.56876,0.95,0.25616,0.757,0.34988,0.925,0.51548
89,,-0.006,0.53644,0.925,0.22384,0.707,0.2822,0.85,0.4478
90,1,1.0,0.64512,1.0,0.33752,0.807,0.36552,0.925,0.52612
91,,0.95,0.6128,0.975,0.3052,0.757,0.29784,0.85,0.45844
92,,0.9,0.58048,0.95,0.27288,0.707,0.23016,0.775,0.39076
93,,0.85,0.54816,0.925,0.24056,0.657,0.16248,0.7,0.32308
94,,0.8,0.51584,0.9,0.20824,0.607,0.0948,0.625,0.2554
95,,0.75,0.48352,0.875,0.17592,0.557,0.02712,0.55,0.18772
96,,0.7,0.4512,0.85,0.1436,0.507,-0.04056,0.475,0.12004
97,6,0.801,0.56888,0.976,0.26628,0.257,1.0,0.559,0.20736
98,,0.751,0.53656,0.951,0.23396,0.207,0.93232,0.484,0.13968
99,,0.701,0.50424,0.926,0.20164,0.157,0.86464,0.409,0.072
100,,0.651,0.47192,0.901,0.16932,0.107,0.79696,0.334,0.00432
101,,0.601,0.4396,0.876,0.137,0.057,0.72928,0.259,-0.06336
102,8,0.697,0.55228,0.997,0.25468,0.161,0.8166,0.338,1.0
103,,0.647,0.51996,0.972,0.22236,0.111,0.74892,0.263,0.93232
104,,0.597,0.48764,0.947,0.19004,0.061,0.68124,0.188,0.86464
105,,0.547,0.45532,0.922,0.15772,0.011,0.61356,0.113,0.79696
106,,0.497,0.423,0.897,0.1254,-0.039,0.54588,0.038,0.72928
107,5,0.597,0.53968,1.0,0.24708,1.0,0.2782,0.12,0.8156
108,,0.547,0.50736,0.975,0.21476,0.95,0.21052,0.045,0.74792
109,,0.497,0.47504,0.95,0.18244,0.9,0.14284,-0.03,0.68024
110,7,0.597,0.59172,1.0,0.30412,1.0,0.23416,1.0,0.76656
111,,0.547,0.5594,0.975,0.2718,0.95,0.16648,0.925,0.69888
112,,0.497,0.52708,0.95,0.23948,0.9,0.0988,0.85,0.6312
113,,0.447,0.49476,0.925,0.20716,0.85,0.03112,0.775,0.56352
114,,0.397,0.46244,0.9,0.17484,0.8,-0.03656,0.7,0.49584
115,6,0.498,0.58012,1.0,0.29752,0.55,1.0,0.784,0.58316
116,,0.448,0.5478,0.975,0.2652,0.5,0.93232,0.709,0.51548
117,,0.398,0.51548,0.95,0.23288,0.45,0.86464,0.634,0.4478
118,,0.348,0.48316,0.925,0.20056,0.4,0.79696,0.559,0.38012
119,,0.298,0.45084,0.9,0.16824,0.35,0.72928,0.484,0.31244
120,,0.248,0.41852,0.875,0.13592,0.3,0.6616,0.409,0.24476
121,,0.198,0.3862,0.85,0.1036,0.25,0.59392,0.334,0.17708
122,,0.148,0.35388,0.825,0.07128,0.2,0.52624,0.259,0.1094
123,,0.098,0.32156,0.8,0.03896,0.15,0.45856,0.184,0.04172
124,,0.048,0.28924,0.775,0.00664,0.1,0.39088,0.109,-0.02596
125,8,0.144,0.40192,0.896,0.12432,0.204,0.4782,0.188,1.0
126,,0.094,0.3696,0.871,0.092,0.154,0.41052,0.113,0.93232
127,,0.044,0.33728,0.846,0.05968,0.104,0.34284,0.038,0.86464
128,,-0.006,0.30496,0.821,0.02736,0.054,0.27516,-0.037,0.79696
129,7,0.094,0.42164,0.946,0.14904,0.161,0.36648,1.0,0.88328
130,,0.044,0.38932,0.921,0.11672,0.111,0.2988,0.925,0.8156
131,,-0.006,0.357,0.896,0.0844,0.061,0.23112,0.85,0.74792
132,1,1.0,0.46568,1.0,0.19808,0.161,0.31444,0.925,0.82624
133,,0.95,0.43336,0.975,0.16576,0.111,0.24676,0.85,0.75856
134,,0.9,0.40104,0.95,0.13344,0.061,0.17908,0.775,0.69088
135,,0.85,0.36872,0.925,0.10112,0.011,0.1114,0.7,0.6232
136,,0.8,0.3364,0.9,0.0688,-0.039,0.04372,0.625,0.55552
137,5,0.9,0.45308,1.0,0.19048,1.0,-0.22396,0.707,0.64184
138,6,1.0,0.57076,1.0,0.31316,0.75,1.0,0.791,0.72916
139,,0.95,0.53844,0.975,0.28084,0.7,0.93232,0.716,0.66148
140,,0.9,0.50612,0.95,0.24852,0.65,0.86464,0.641,0.5938
141,,0.85,0.4738,0.925,0.2162,0.6,0.79696,0.566,0.52612
142,,0.8,0.44148,0.9,0.18388,0.55,0.72928,0.491,0.45844
143,,0.75,0.40916,0.875,0.15156,0.5,0.6616,0.416,0.39076
144,,0.7,0.37684,0.85,0.11924,0.45,0.59392,0.341,0.32308
145,,0.65,0.34452,0.825,0.08692,0.4,0.52624,0.266,0.2554
146,,0.6,0.3122,0.8,0.0546,0.35,0.45856,0.191,0.18772
147,,0.55,0.27988,0.775,0.02228,0.3,0.39088,0.116,0.12004
148,,0.5,0.24756,0.75,-0.01004,0.25,0.3232,0.041,0.05236
149,4,0.596,0.36024,0.871,1.0,0.354,0.41052,0.12,0.13468
150,,0.546,0.32792,0.846,0.96768,0.304,0.34284,0.045,0.067
151,,0.496,0.2956,0.821,0.93536,0.254,0.27516,-0.03,-0.00068
152,7,0.596,0.41228,0.946,1.0,0.361,0.36648,1.0,0.08564
153,,0.546,0.37996,0.921,0.96768,0.311,0.2988,0.925,0.01796
154,,0.496,0.34764,0.896,0.93536,0.261,0.23112,0.85,-0.04972
155,8,0.592,0.46032,1.0,1.0,0.365,0.31844,0.929,1.0
156,,0.542,0.428,0.975,0.96768,0.315,0.25076,0.854,0.93232
157,,0.492,0.39568,0.95,0.93536,0.265,0.18308,0.779,0.86464
158,,0.442,0.36336,0.925,0.90304,0.215,0.1154,0.704,0.79696
159,,0.392,0.33104,0.9,0.87072,0.165,0.04772,0.629,0.72928
160,,0.342,0.29872,0.875,0.8384,0.115,-0.01996,0.554,0.6616
161,6,0.443,0.4164,1.0,0.96108,-0.135,1.0,0.638,0.74892
162,5,0.543,0.53308,1.0,1.0,1.0,0.73232,0.72,0.83524
163,,0.493,0.50076,0.975,0.96768,0.95,0.66464,0.645,0.76756
164,,0.443,0.46844,0.95,0.93536,0.9,0.59696,0.57,0.69988
165,,0.393,0.43612,0.925,0.90304,0.85,0.52928,0.495,0.6322
166,,0.343,0.4038,0.9,0.87072,0.8,0.4616,0.42,0.56452
167,,0.293,0.37148,0.875,0.8384,0.75,0.39392,0.345,0.49684
168,,0.243,0.33916,0.85,0.80608,0.7,0.32624,0.27,0.42916
169,,0.193,0.30684,0.825,0.77376,0.65,0.25856,0.195,0.36148
170,,0.143,0.27452,0.8,0.74144,0.6,0.19088,0.12,0.2938
171,,0.093,0.2422,0.775,0.70912,0.55,0.1232,0.045,0.22612
172,,0.043,0.20988,0.75,0.6768,0.5,0.05552,-0.03,0.15844
173,7,0.143,0.32656,0.875,0.79848,0.607,0.14684,1.0,0.24476
174,,0.093,0.29424,0.85,0.76616,0.557,0.07916,0.925,0.17708
175,,0.043,0.26192,0.825,0.73384,0.507,0.01148,0.85,0.1094
176,,-0.007,0.2296,0.8,0.70152,0.457,-0.0562,0.775,0.04172
177,6,0.094,0.34728,0.926,0.8242,0.207,1.0,0.859,0.12904
178,,0.044,0.31496,0.901,0.79188,0.157,0.93232,0.784,0.06136
179,,-0.006,0.28264,0.876,0.75956,0.107,0.86464,0.709,-0.00632
180,8,0.09,0.39532,0.997,0.87724,0.211,0.95196,0.788,1.0
181,,0.04,0.363,0.972,0.84492,0.161,0.88428,0.713,0.93232
182,,-0.01,0.33068,0.947,0.8126,0.111,0.8166,0.638,0.86464
183,1,1.0,0.43936,1.0,0.92628,0.211,0.89992,0.713,0.94296
184,,0.95,0.40704,0.975,0.89396,0.161,0.83224,0.638,0.87528
185,,0.9,0.37472,0.95,0.86164,0.111,0.76456,0.563,0.8076
186,,0.85,0.3424,0.925,0.82932,0.061,0.69688,0.488,0.73992
187,,0.8,0.31008,0.9,0.797,0.011,0.6292,0.413,0.67224
188,,0.75,0.27776,0.875,0.76468,-0.039,0.56152,0.338,0.60456
189,5,0.85,0.39444,1.0,0.88636,1.0,0.29384,0.42,0.69088
190,,0.8,0.36212,0.975,0.85404,0.95,0.22616,0.345,0.6232
191,,0.75,0.3298,0.95,0.82172,0.9,0.15848,0.27,0.55552
192,,0.7,0.29748,0.925,0.7894,0.85,0.0908,0.195,0.48784
193,,0.65,0.26516,0.9,0.75708,0.8,0.02312,0.12,0.42016
194,,0.6,0.23284,0.875,0.72476,0.75,-0.04456,0.045,0.35248
195,6,0.701,0.35052,1.0,0.84744,0.5,1.0,0.129,0.4398
196,,0.651,0.3182,0.975,0.81512,0.45,0.93232,0.054,0.37212
197,,0.601,0.28588,0.95,0.7828,0.4,0.86464,-0.021,0.30444
198,7,0.701,0.40256,1.0,0.90448,0.507,0.95596,1.0,0.39076
199,,0.651,0.37024,0.975,0.87216,0.457,0.88828,0.925,0.32308
200,,0.601,0.33792,0.95,0.83984,0.407,0.8206,0.85,0.2554
201,,0.551,0.3056,0.925,0.80752,0.357,0.75292,0.775,0.18772
202,,0.501,0.27328,0.9,0.7752,0.307,0.68524,0.7,0.12004
203,,0.451,0.24096,0.875,0.74288,0.257,0.61756,0.625,0.05236
204,,0.401,0.20864,0.85,0.71056,0.207,0.54988,0.55,-0.01532
205,8,0.497,0.32132,0.971,0.82824,0.311,0.6372,0.629,1.0
206,,0.447,0.289,0.946,0.79592,0.261,0.56952,0.554,0.93232
207,,0.397,0.25668,0.921,0.7636,0.211,0.50184,0.479,0.86464
208,,0.347,0.22436,0.896,0.73128,0.161,0.43416,0.404,0.79696
209,,0.297,0.19204,0.871,0.69896,0.111,0.36648,0.329,0.72928
210,,0.247,0.15972,0.846,0.66664,0.061,0.2988,0.254,0.6616
211,,0.197,0.1274,0.821,0.63432,0.011,0.23112,0.179,0.59392
212,,0.147,0.09508,0.796,0.602,-0.039,0.16344,0.104,0.52624
213,5,0.247,0.21176,0.921,0.72368,1.0,-0.10424,0.186,0.61256
214,6,0.348,0.32944,1.0,0.84636,0.75,1.0,0.27,0.69988
215,,0.298,0.29712,0.975,0.81404,0.7,0.93232,0.195,0.6322
216,,0.248,0.2648,0.95,0.78172,0.65,0.86464,0.12,0.56452
217,,0.198,0.23248,0.925,0.7494,0.6,0.79696,0.045,0.49684
218,,0.148,0.20016,0.9,0.71708,0.55,0.72928,-0.03,0.42916
219,7,0.248,0.31684,1.0,0.83876,0.657,0.8206,1.0,0.51548
220,,0.198,0.28452,0.975,0.80644,0.607,0.75292,0.925,0.4478
221,,0.148,0.2522,0.95,0.77412,0.557,0.68524,0.85,0.38012
222,,0.098,0.21988,0.925,0.7418,0.507,0.61756,0.775,0.31244
223,,0.048,0.18756,0.9,0.70948,0.457,0.54988,0.7,0.24476
224,,-0.002,0.15524,0.875,0.67716,0.407,0.4822,0.625,0.17708
225,1,1.0,0.26392,0.993,0.79084,0.507,0.56552,0.7,0.2554
226,,0.95,0.2316,0.968,0.75852,0.457,0.49784,0.625,0.18772
227,,0.9,0.19928,0.943,0.7262,0.407,0.43016,0.55,0.12004
228,,0.85,0.16696,0.918,0.69388,0.357,0.36248,0.475,0.05236
229,,0.8,0.13464,0.893,0.66156,0.307,0.2948,0.4,-0.01532
230,8,0.896,0.24732,1.0,0.77924,0.411,0.38212,0.479,1.0
231,,0.846,0.215,0.975,0.74692,0.361,0.31444,0.404,0.93232
232,,0.796,0.18268,0.95,0.7146,0.311,0.24676,0.329,0.86464
233,,0.746,0.15036,0.925,0.68228,0.261,0.17908,0.254,0.79696
234,,0.696,0.11804,0.9,0.64996,0.211,0.1114,0.179,0.72928
235,,0.646,0.08572,0.875,0.61764,0.161,0.04372,0.104,0.6616
236,,0.596,0.0534,0.85,0.58532,0.111,-0.02396,0.029,0.59392
237,6,0.697,0.17108,0.976,0.708,-0.139,1.0,0.113,0.68124
238,5,0.797,0.28776,1.0,0.82968,1.0,0.73232,0.195,0.76756
239,,0.747,0.25544,0.975,0.79736,0.95,0.66464,0.12,0.69988
240,,0.697,0.22312,0.95,0.76504,0.9,0.59696,0.045,0.6322
241,,0.647,0.1908,0.925,0.73272,0.85,0.52928,-0.03,0.56452
242,7,0.747,0.30748,1.0,0.8544,0.957,0.6206,1.0,0.65084
243,,0.697,0.27516,0.975,0.82208,0.907,0.55292,0.925,0.58316
244,,0.647,0.24284,0.95,0.78976,0.857,0.48524,0.85,0.51548
245,,0.597,0.21052,0.925,0.75744,0.807,0.41756,0.775,0.4478
246,,0.547,0.1782,0.9,0.72512,0.757,0.34988,0.7,0.38012
247,,0.497,0.14588,0.875,0.6928,0.707,0.2822,0.625,0.31244
248,,0.447,0.11356,0.85,0.66048,0.657,0.21452,0.55,0.24476
249,,0.397,0.08124,0.825,0.62816,0.607,0.14684,0.475,0.17708
250,,0.347,0.04892,0.8,0.59584,0.557,0.07916,0.4,0.1094
251,,0.297,0.0166,0.775,0.56352,0.507,0.01148,0.325,0.04172
252,,0.247,-0.01572,0.75,0.5312,0.457,-0.0562,0.25,-0.02596
253,6,0.348,0.10196,0.876,0.65388,0.207,1.0,0.334,0.06136
254,,0.298,0.06964,0.851,0.62156,0.157,0.93232,0.259,-0.00632
255,8,0.394,0.18232,0.972,0.73924,0.261,1.0,0.338,1.0
256,,0.344,0.15,0.947,0.70692,0.211,0.93232,0.263,0.93232
257,,0.294,0.11768,0.922,0.6746,0.161,0.86464,0.188,0.86464
258,,0.244,0.08536,0.897,0.64228,0.111,0.79696,0.113,0.79696
259,,0.194,0.05304,0.872,0.60996,0.061,0.72928,0.038,0.72928
260,,0.144,0.02072,0.847,0.57764,0.011,0.6616,-0.037,0.6616
261,7,0.244,0.1374,0.972,0.69932,0.118,0.75292,1.0,0.74792
262,,0.194,0.10508,0.947,0.667,0.068,0.68524,0.925,0.68024
263,,0.144,0.07276,0.922,0.63468,0.018,0.61756,0.85,0.61256
264,,0.094,0.04044,0.897,0.60236,-0.032,0.54988,0.775,0.54488
265,5,0.194,0.15712,1.0,0.72404,1.0,0.2822,0.857,0.6312
266,,0.144,0.1248,0.975,0.69172,0.95,0.21452,0.782,0.56352
267,,0.094,0.09248,0.95,0.6594,0.9,0.14684,0.707,0.49584
268,,0.044,0.06016,0.925,0.62708,0.85,0.07916,0.632,0.42816
269,,-0.006,0.02784,0.9,0.59476,0.8,0.01148,0.557,0.36048
270,1,1.0,0.13652,1.0,0.70844,0.9,0.0948,0.632,0.4388
271,,0.95,0.1042,0.975,0.67612,0.85,0.02712,0.557,0.37112
272,,0.9,0.07188,0.95,0.6438,0.8,-0.04056,0.482,0.30344
273,6,1.0,0.18956,1.0,0.76648,0.55,1.0,0.566,0.39076
274,,0.95,0.15724,0.975,0.73416,0.5,0.93232,0.491,0.32308
275,,0.9,0.12492,0.95,0.70184,0.45,0.86464,0.416,0.2554
276,,0.85,0.0926,0.925,0.66952,0.4,0.79696,0.341,0.18772
277,,0.8,0.06028,0.9,0.6372,0.35,0.72928,0.266,0.12004
278,,0.75,0.02796,0.875,0.60488,0.3,0.6616,0.191,0.05236
279,,0.7,-0.00436,0.85,0.57256,0.25,0.59392,0.116,-0.01532
280,8,0.796,0.10832,0.971,0.69024,0.354,0.68124,0.195,1.0
281,,0.746,0.076,0.946,0.65792,0.304,0.61356,0.12,0.93232
282,,0.696,0.04368,0.921,0.6256,0.254,0.54588,0.045,0.86464
283,,0.646,0.01136,0.896,0.59328,0.204,0.4782,-0.03,0.79696
284,7,0.746,0.12804,1.0,0.71496,0.311,0.56952,1.0,0.88328
285,,0.696,0.09572,0.975,0.68264,0.261,0.50184,0.925,0.8156
286,,0.646,0.0634,0.95,0.65032,0.211,0.43416,0.85,0.74792
287,,0.596,0.03108,0.925,0.618,0.161,0.36648,0.775,0.68024
288,,0.546,-0.00124,0.9,0.58568,0.111,0.2988,0.7,0.61256
289,2,0.637,1.0,1.0,0.69836,0.21,0.38112,0.774,0.68988
290,,0.587,0.96768,0.975,0.66604,0.16,0.31344,0.699,0.6222
291,,0.537,0.93536,0.95,0.63372,0.11,0.24576,0.624,0.55452
292,,0.487,0.90304,0.925,0.6014,0.06,0.17808,0.549,0.48684
293,,0.437,0.87072,0.9,0.56908,0.01,0.1104,0.474,0.41916
294,,0.387,0.8384,0.875,0.53676,-0.04,0.04272,0.399,0.35148
295,5,0.487,0.95508,1.0,0.65844,1.0,-0.22496,0.481,0.4378
296,6,0.588,1.0,1.0,0.78112,0.75,1.0,0.565,0.52512
297,,0.538,0.96768,0.975,0.7488,0.7,0.93232,0.49,0.45744
298,,0.488,0.93536,0.95,0.71648,0.65,0.86464,0.415,0.38976
299,,0.438,0.90304,0.925,0.68416,0.6,0.79696,0.34,0.32208
300,,0.388,0.87072,0.9,0.65184,0.55,0.72928,0.265,0.2544
301,,0.338,0.8384,0.875,0.61952,0.5,0.6616,0.19,0.18672
302,,0.288,0.80608,0.85,0.5872,0.45,0.59392,0.115,0.11904
303,,0.238,0.77376,0.825,0.55488,0.4,0.52624,0.04,0.05136
304,,0.188,0.74144,0.8,0.52256,0.35,0.45856,-0.035,-0.01632
305,7,0.288,0.85812,0.925,0.64424,0.457,0.54988,1.0,0.07
306,,0.238,0.8258,0.9,0.61192,0.407,0.4822,0.925,0.00232
307,,0.188,0.79348,0.875,0.5796,0.357,0.41452,0.85,-0.06536
308,8,0.284,0.90616,0.996,0.69728,0.461,0.50184,0.929,1.0
309,,0.234,0.87384,0.971,0.66496,0.411,0.43416,0.854,0.93232
310,,0.184,0.84152,0.946,0.63264,0.361,0.36648,0.779,0.86464
311,,0.134,0.8092,0.921,0.60032,0.311,0.2988,0.704,0.79696
312,,0.084,0.77688,0.896,0.568,0.261,0.23112,0.629,0.72928
313,,0.034,0.74456,0.871,0.53568,0.211,0.16344,0.554,0.6616
314,,-0.016,0.71224,0.846,0.50336,0.161,0.09576,0.479,0.59392
315,1,1.0,0.82092,0.964,0.61704,0.261,0.17908,0.554,0.67224
316,,0.95,0.7886,0.939,0.58472,0.211,0.1114,0.479,0.60456
317,,0.9,0.75628,0.914,0.5524,0.161,0.04372,0.404,0.53688
318,,0.85,0.72396,0.889,0.52008,0.111,-0.02396,0.329,0.4692
319,6,0.951,0.84164,1.0,0.64276,-0.139,1.0,0.413,0.55652
320,5,1.0,0.95832,1.0,0.76444,1.0,0.73232,0.495,0.64284
321,,0.95,0.926,0.975,0.73212,0.95,0.66464,0.42,0.57516
322,,0.9,0.89368,0.95,0.6998,0.9,0.59696,0.345,0.50748
323,,0.85,0.86136,0.925,0.66748,0.85,0.52928,0.27,0.4398
324,,0.8,0.82904,0.9,0.63516,0.8,0.4616,0.195,0.37212
325,,0.75,0.79672,0.875,0.60284,0.75,0.39392,0.12,0.30444
326,,0.7,0.7644,0.85,0.57052,0.7,0.32624,0.045,0.23676
327,,0.65,0.73208,0.825,0.5382,0.65,0.25856,-0.03,0.16908
328,7,0.75,0.84876,0.95,0.65988,0.757,0.34988,1.0,0.2554
329,,0.7,0.81644,0.925,0.62756,0.707,0.2822,0.925,0.18772
330,,0.65,0.78412,0.9,0.59524,0.657,0.21452,0.85,0.12004
331,,0.6,0.7518,0.875,0.56292,0.607,0.14684,0.775,0.05236
332,,0.55,0.71948,0.85,0.5306,0.557,0.07916,0.7,-0.01532
333,8,0.646,0.83216,0.971,0.64828,0.661,0.16648,0.779,1.0
334,,0.596,0.79984,0.946,0.61596,0.611,0.0988,0.704,0.93232
335,,0.546,0.76752,0.921,0.58364,0.561,0.03112,0.629,0.86464
336,,0.496,0.7352,0.896,0.55132,0.511,-0.03656,0.554,0.79696
337,6,0.597,0.85288,1.0,0.674,0.261,1.0,0.638,0.88428
338,,0.547,0.82056,0.975,0.64168,0.211,0.93232,0.563,0.8166
339,,0.497,0.78824,0.95,0.60936,0.161,0.86464,0.488,0.74892
340,,0.447,0.75592,0.925,0.57704,0.111,0.79696,0.413,0.68124
341,,0.397,0.7236,0.9,0.54472,0.061,0.72928,0.338,0.61356
342,,0.347,0.69128,0.875,0.5124,0.011,0.6616,0.263,0.54588
343,,0.297,0.65896,0.85,0.48008,-0.039,0.59392,0.188,0.4782
344,5,0.397,0.77564,0.975,0.60176,1.0,0.32624,0.27,0.56452
345,,0.347,0.74332,0.95,0.56944,0.95,0.25856,0.195,0.49684
346,,0.297,0.711,0.925,0.53712,0.9,0.19088,0.12,0.42916
347,,0.247,0.67868,0.9,0.5048,0.85,0.1232,0.045,0.36148
348,,0.197,0.64636,0.875,0.47248,0.8,0.05552,-0.03,0.2938
349,7,0.297,0.76304,1.0,0.59416,0.907,0.14684,1.0,0.38012
350,,0.247,0.73072,0.975,0.56184,0.857,0.07916,0.925,0.31244
351,,0.197,0.6984,0.95,0.52952,0.807,0.01148,0.85,0.24476
352,,0.147,0.66608,0.925,0.4972,0.757,-0.0562,0.775,0.17708
353,6,0.248,0.78376,1.0,0.61988,0.507,1.0,0.859,0.2644
354,,0.198,0.75144,0.975,0.58756,0.457,0.93232,0.784,0.19672
355,,0.148,0.71912,0.95,0.55524,0.407,0.86464,0.709,0.12904
356,,0.098,0.6868,0.925,0.52292,0.357,0.79696,0.634,0.06136
357,,0.048,0.65448,0.9,0.4906,0.307,0.72928,0.559,-0.00632
358,8,0.144,0.76716,1.0,0.60828,0.411,0.8166,0.638,1.0
359,,0.094,0.73484,0.975,0.57596,0.361,0.74892,0.563,0.93232
360,,0.044,0.70252,0.95,0.54364,0.311,0.68124,0.488,0.86464
361,,-0.006,0.6702,0.925,0.51132,0.261,0.61356,0.413,0.79696
362,1,1.0,0.77888,1.0,0.625,0.361,0.69688,0.488,0.87528
363,,0.95,0.74656,0.975,0.59268,0.311,0.6292,0.413,0.8076
364,,0.9,0.71424,0.95,0.56036,0.261,0.56152,0.338,0.73992
365,,0.85,0.68192,0.925,0.52804,0.211,0.49384,0.263,0.67224
366,,0.8,0.6496,0.9,0.49572,0.161,0.42616,0.188,0.60456
367,,0.75,0.61728,0.875,0.4634,0.111,0.35848,0.113,0.53688
368,,0.7,0.58496,0.85,0.43108,0.061,0.2908,0.038,0.4692
369,,0.65,0.55264,0.825,0.39876,0.011,0.22312,-0.037,0.40152
370,7,0.75,0.66932,0.95,0.52044,0.118,0.31444,1.0,0.48784
371,,0.7,0.637,0.925,0.48812,0.068,0.24676,0.925,0.42016
372,,0.65,0.60468,0.9,0.4558,0.018,0.17908,0.85,0.35248
373,,0.6,0.57236,0.875,0.42348,-0.032,0.1114,0.775,0.2848
374,5,0.7,0.68904,1.0,0.54516,1.0,-0.15628,0.857,0.37112
375,6,0.801,0.80672,1.0,0.66784,0.75,1.0,0.941,0.45844
376,,0.751,0.7744,0.975,0.63552,0.7,0.93232,0.866,0.39076
377,,0.701,0.74208,0.95,0.6032,0.65,0.86464,0.791,0.32308
378,,0.651,0.70976,0.925,0.57088,0.6,0.79696,0.716,0.2554
379,,0.601,0.67744,0.9,0.53856,0.55,0.72928,0.641,0.18772
380,,0.551,0.64512,0.875,0.50624,0.5,0.6616,0.566,0.12004
381,,0.501,0.6128,0.85,0.47392,0.45,0.59392,0.491,0.05236
382,,0.451,0.58048,0.825,0.4416,0.4,0.52624,0.416,-0.01532
383,8,0.547,0.69316,0.946,0.55928,0.504,0.61356,0.495,1.0
384,,0.497,0.66084,0.921,0.52696,0.454,0.54588,0.42,0.93232
385,,0.447,0.62852,0.896,0.49464,0.404,0.4782,0.345,0.86464
386,,0.397,0.5962,0.871,0.46232,0.354,0.41052,0.27,0.79696
387,,0.347,0.56388,0.846,0.43,0.304,0.34284,0.195,0.72928
388,,0.297,0.53156,0.821,0.39768,0.254,0.27516,0.12,0.6616
389,,0.247,0.49924,0.796,0.36536,0.204,0.20748,0.045,0.59392
390,,0.197,0.46692,0.771,0.33304,0.154,0.1398,-0.03,0.52624
391,7,0.297,0.5836,0.896,0.45472,0.261,0.23112,1.0,0.61256
392,,0.247,0.55128,0.871,0.4224,0.211,0.16344,0.925,0.54488
393,,0.197,0.51896,0.846,0.39008,0.161,0.09576,0.85,0.4772
394,,0.147,0.48664,0.821,0.35776,0.111,0.02808,0.775,0.40952
395,,0.097,0.45432,0.796,0.32544,0.061,-0.0396,0.7,0.34184
396,6,0.198,0.572,0.922,0.44812,-0.189,1.0,0.784,0.42916
397,5,0.298,0.68868,1.0,0.5698,1.0,0.73232,0.866,0.51548
398,,0.248,0.65636,0.975,0.53748,0.95,0.66464,0.791,0.4478
399,,0.198,0.62404,0.95,0.50516,0.9,0.59696,0.716,0.38012
400,,0.148,0.59172,0.925,0.47284,0.85,0.52928,0.641,0.31244
401,,0.098,0.5594,0.9,0.44052,0.8,0.4616,0.566,0.24476
402,,0.048,0.52708,0.875,0.4082,0.75,0.39392,0.491,0.17708
403,,-0.002,0.49476,0.85,0.37588,0.7,0.32624,0.416,0.1094
404,1,1.0,0.60344,0.968,0.48956,0.8,0.40956,0.491,0.18772
405,,0.95,0.57112,0.943,0.45724,0.75,0.34188,0.416,0.12004
406,,0.9,0.5388,0.918,0.42492,0.7,0.2742,0.341,0.05236
407,,0.85,0.50648,0.893,0.3926,0.65,0.20652,0.266,-0.01532
408,8,0.946,0.61916,1.0,0.51028,0.754,0.29384,0.345,1.0
409,,0.896,0.58684,0.975,0.47796,0.704,0.22616,0.27,0.93232
410,,0.846,0.55452,0.95,0.44564,0.654,0.15848,0.195,0.86464
411,,0.796,0.5222,0.925,0.41332,0.604,0.0908,0.12,0.79696
412,,0.746,0.48988,0.9,0.381,0.554,0.02312,0.045,0.72928
413,,0.696,0.45756,0.875,0.34868,0.504,-0.04456,-0.03,0.6616
414,6,0.797,0.57524,1.0,0.47136,0.254,1.0,0.054,0.74892
415,,0.747,0.54292,0.975,0.43904,0.204,0.93232,-0.021,0.68124
416,7,0.847,0.6596,1.0,0.56072,0.311,1.0,1.0,0.76756
417,,0.797,0.62728,0.975,0.5284,0.261,0.93232,0.925,0.69988
418,,0.747,0.59496,0.95,0.49608,0.211,0.86464,0.85,0.6322
419,,0.697,0.56264,0.925,0.46376,0.161,0.79696,0.775,0.56452
420,,0.647,0.53032,0.9,0.43144,0.111,0.72928,0.7,0.49684
421,,0.597,0.498,0.875,0.39912,0.061,0.6616,0.625,0.42916
422,,0.547,0.46568,0.85,0.3668,0.011,0.59392,0.55,0.36148
423,,0.497,0.43336,0.825,0.33448,-0.039,0.52624,0.475,0.2938
424,5,0.597,0.55004,0.95,0.45616,1.0,0.25856,0.557,0.38012
425,,0.547,0.51772,0.925,0.42384,0.95,0.19088,0.482,0.31244
426,,0.497,0.4854,0.9,0.39152,0.9,0.1232,0.407,0.24476
427,,0.447,0.45308,0.875,0.3592,0.85,0.05552,0.332,0.17708
428,,0.397,0.42076,0.85,0.32688,0.8,-0.01216,0.257,0.1094
429,6,0.498,0.53844,0.976,0.44956,0.55,1.0,0.341,0.19672
430,,0.448,0.50612,0.951,0.41724,0.5,0.93232,0.266,0.12904
431,,0.398,0.4738,0.926,0.38492,0.45,0.86464,0.191,0.06136
432,,0.348,0.44148,0.901,0.3526,0.4,0.79696,0.116,-0.00632
433,8,0.444,0.55416,1.0,0.47028,0.504,0.88428,0.195,1.0
434,,0.394,0.52184,0.975,0.43796,0.454,0.8166,0.12,0.93232
435,,0.344,0.48952,0.95,0.40564,0.404,0.74892,0.045,0.86464
436,,0.294,0.4572,0.925,0.37332,0.354,0.68124,-0.03,0.79696
437,7,0.394,0.57388,1.0,0.495,0.461,0.77256,1.0,0.88328
438,,0.344,0.54156,0.975,0.46268,0.411,0.70488,0.925,0.8156
439,,0.294,0.50924,0.95,0.43036,0.361,0.6372,0.85,0.74792
440,,0.244,0.47692,0.925,0.39804,0.311,0.56952,0.775,0.68024
441,,0.194,0.4446,0.9,0.36572,0.261,0.50184,0.7,0.61256
442,,0.144,0.41228,0.875,0.3334,0.211,0.43416,0.625,0.54488
443,,0.094,0.37996,0.85,0.30108,0.161,0.36648,0.55,0.4772
444,,0.044,0.34764,0.825,0.26876,0.111,0.2988,0.475,0.40952
445,,-0.006,0.31532,0.8,0.23644,0.061,0.23112,0.4,0.34184
446,1,1.0,0.424,0.918,0.35012,0.161,0.31444,0.475,0.42016
447,,0.95,0.39168,0.893,0.3178,0.111,0.24676,0.4,0.35248
448,,0.9,0.35936,0.868,0.28548,0.061,0.17908,0.325,0.2848
449,,0.85,0.32704,0.843,0.25316,0.011,0.1114,0.25,0.21712
450,,0.8,0.29472,0.818,0.22084,-0.039,0.04372,0.175,0.14944
451,5,0.9,0.4114,0.943,0.34252,1.0,-0.22396,0.257,0.23576
452,6,1.0,0.52908,1.0,0.4652,0.75,1.0,0.341,0.32308
453,,0.95,0.49676,0.975,0.43288,0.7,0.93232,0.266,0.2554
454,,0.9,0.46444,0.95,0.40056,0.65,0.86464,0.191,0.18772
455,,0.85,0.43212,0.925,0.36824,0.6,0.79696,0.116,0.12004
456,,0.8,0.3998,0.9,0.33592,0.55,0.72928,0.041,0.05236
457,,0.75,0.36748,0.875,0.3036,0.5,0.6616,-0.034,-0.01532
458,7,0.85,0.48416,1.0,0.42528,0.607,0.75292,1.0,0.071
459,,0.8,0.45184,0.975,0.39296,0.557,0.68524,0.925,0.00332
460,,0.75,0.41952,0.95,0.36064,0.507,0.61756,0.85,-0.06436
461,8,0.846,0.5322,1.0,0.47832,0.611,0.70488,0.929,1.0
462,,0.796,0.49988,0.975,0.446,0.561,0.6372,0.854,0.93232
463,,0.746,0.46756,0.95,0.41368,0.511,0.56952,0.779,0.86464
464,,0.696,0.43524,0.925,0.38136,0.461,0.50184,0.704,0.79696
465,,0.646,0.40292,0.9,0.34904,0.411,0.43416,0.629,0.72928
466,,0.596,0.3706,0.875,0.31672,0.361,0.36648,0.554,0.6616
467,,0.546,0.33828,0.85,0.2844,0.311,0.2988,0.479,0.59392
468,,0.496,0.30596,0.825,0.25208,0.261,0.23112,0.404,0.52624
469,,0.446,0.27364,0.8,0.21976,0.211,0.16344,0.329,0.45856
470,,0.396,0.24132,0.775,0.18744,0.161,0.09576,0.254,0.39088
471,,0.346,0.209,0.75,0.15512,0.111,0.02808,0.179,0.3232
472,,0.296,0.17668,0.725,0.1228,0.061,-0.0396,0.104,0.25552
473,6,0.397,0.29436,0.851,0.24548,-0.189,1.0,0.188,0.34284
474,5,0.497,0.41104,0.976,0.36716,1.0,0.73232,0.27,0.42916
475,,0.447,0.37872,0.951,0.33484,0.95,0.66464,0.195,0.36148
476,,0.397,0.3464,0.926,0.30252,0.9,0.59696,0.12,0.2938
477,,0.347,0.31408,0.901,0.2702,0.85,0.52928,0.045,0.22612
478,,0.297,0.28176,0.876,0.23788,0.8,0.4616,-0.03,0.15844
479,7,0.397,0.39844,1.0,0.35956,0.907,0.55292,1.0,0.24476
480,,0.347,0.36612,0.975,0.32724,0.857,0.48524,0.925,0.17708
481,,0.297,0.3338,0.95,0.29492,0.807,0.41756,0.85,0.1094
482,,0.247,0.30148,0.925,0.2626,0.757,0.34988,0.775,0.04172
483,,0.197,0.26916,0.9,0.23028,0.707,0.2822,0.7,-0.02596
484,8,0.293,0.38184,1.0,0.34796,0.811,0.36952,0.779,1.0
485,,0.243,0.34952,0.975,0.31564,0.761,0.30184,0.704,0.93232
486,,0.193,0.3172,0.95,0.28332,0.711,0.23416,0.629,0.86464
487,,0.143,0.28488,0.925,0.251,0.661,0.16648,0.554,0.79696
488,,0.093,0.25256,0.9,0.21868,0.611,0.0988,0.479,0.72928
489,,0.043,0.22024,0.875,0.18636,0.561,0.03112,0.404,0.6616
490,,-0.007,0.18792,0.85,0.15404,0.511,-0.03656,0.329,0.59392
491,6,0.094,0.3056,0.976,0.27672,0.261,1.0,0.413,0.68124
492,,0.044,0.27328,0.951,0.2444,0.211,0.93232,0.338,0.61356
493,,-0.006,0.24096,0.926,0.21208,0.161,0.86464,0.263,0.54588
494,1,1.0,0.34964,1.0,0.32576,0.261,0.94796,0.338,0.6242
495,,0.95,0.31732,0.975,0.29344,0.211,0.88028,0.263,0.55652
496,,0.9,0.285,0.95,0.26112,0.161,0.8126,0.188,0.48884
497,,0.85,0.25268,0.925,0.2288,0.111,0.74492,0.113,0.42116
498,,0.8,0.22036,0.9,0.19648,0.061,0.67724,0.038,0.35348
499,,0.75,0.18804,0.875,0.16416,0.011,0.60956,-0.037,0.2858
500,7,0.85,0.30472,1.0,0.28584,0.118,0.70088,1.0,0.37212
501,,0.8,0.2724,0.975,0.25352,0.068,0.6332,0.925,0.30444
502,,0.75,0.24008,0.95,0.2212,0.018,0.56552,0.85,0.23676
503,,0.7,0.20776,0.925,0.18888,-0.032,0.49784,0.775,0.16908
504,5,0.8,0.32444,1.0,0.31056,1.0,0.23016,0.857,0.2554
505,,0.75,0.29212,0.975,0.27824,0.95,0.16248,0.782,0.18772
506,,0.7,0.2598,0.95,0.24592,0.9,0.0948,0.707,0.12004
507,,0.65,0.22748,0.925,0.2136,0.85,0.02712,0.632,0.05236
508,,0.6,0.19516,0.9,0.18128,0.8,-0.04056,0.557,-0.01532
509,6,0.701,0.31284,1.0,0.30396,0.55,1.0,0.641,0.072
510,,0.651,0.28052,0.975,0.27164,0.5,0.93232,0.566,0.00432
511,,0.601,0.2482,0.95,0.23932,0.45,0.86464,0.491,-0.06336
512,8,0.697,0.36088,1.0,0.357,0.554,0.95196,0.57,1.0
513,,0.647,0.32856,0.975,0.32468,0.504,0.88428,0.495,0.93232
514,,0.597,0.29624,0.95,0.29236,0.454,0.8166,0.42,0.86464
515,,0.547,0.26392,0.925,0.26004,0.404,0.74892,0.345,0.79696
516,,0.497,0.2316,0.9,0.22772,0.354,0.68124,0.27,0.72928
517,,0.447,0.19928,0.875,0.1954,0.304,0.61356,0.195,0.6616
518,,0.397,0.16696,0.85,0.16308,0.254,0.54588,0.12,0.59392
519,,0.347,0.13464,0.825,0.13076,0.204,0.4782,0.045,0.52624
520,,0.297,0.10232,0.8,0.09844,0.154,0.41052,-0.03,0.45856
521,7,0.397,0.219,0.925,0.22012,0.261,0.50184,1.0,0.54488
522,,0.347,0.18668,0.9,0.1878,0.211,0.43416,0.925,0.4772
523,,0.297,0.15436,0.875,0.15548,0.161,0.36648,0.85,0.40952
524,,0.247,0.12204,0.85,0.12316,0.111,0.2988,0.775,0.34184
525,,0.197,0.08972,0.825,0.09084,0.061,0.23112,0.7,0.27416
526,,0.147,0.0574,0.8,0.05852,0.011,0.16344,0.625,0.20648
527,,0.097,0.02508,0.775,0.0262,-0.039,0.09576,0.55,0.1388
528,5,0.197,0.14176,0.9,0.14788,1.0,-0.17192,0.632,0.22512
529,6,0.298,0.25944,1.0,0.27056,0.75,1.0,0.716,0.31244
530,,0.248,0.22712,0.975,0.23824,0.7,0.93232,0.641,0.24476
531,,0.198,0.1948,0.95,0.20592,0.65,0.86464,0.566,0.17708
532,,0.148,0.16248,0.925,0.1736,0.6,0.79696,0.491,0.1094
533,,0.098,0.13016,0.9,0.14128,0.55,0.72928,0.416,0.04172
534,,0.048,0.09784,0.875,0.10896,0.5,0.6616,0.341,-0.02596
535,8,0.144,0.21052,0.996,0.22664,0.604,0.74892,0.42,1.0
536,,0.094,0.1782,0.971,0.19432,0.554,0.68124,0.345,0.93232
537,,0.044,0.14588,0.946,0.162,0.504,0.61356,0.27,0.86464
538,,-0.006,0.11356,0.921,0.12968,0.454,0.54588,0.195,0.79696
539,1,1.0,0.22224,1.0,0.24336,0.554,0.6292,0.27,0.87528
540,,0.95,0.18992,0.975,0.21104,0.504,0.56152,0.195,0.8076
541,,0.9,0.1576,0.95,0.17872,0.454,0.49384,0.12,0.73992
542,,0.85,0.12528,0.925,0.1464,0.404,0.42616,0.045,0.67224
543,,0.8,0.09296,0.9,0.11408,0.354,0.35848,-0.03,0.60456
544,7,0.9,0.20964,1.0,0.23576,0.461,0.4498,1.0,0.69088
545,,0.85,0.17732,0.975,0.20344,0.411,0.38212,0.925,0.6232
546,,0.8,0.145,0.95,0.17112,0.361,0.31444,0.85,0.55552
547,,0.75,0.11268,0.925,0.1388,0.311,0.24676,0.775,0.48784
548,,0.7,0.08036,0.9,0.10648,0.261,0.17908,0.7,0.42016
549,,0.65,0.04804,0.875,0.07416,0.211,0.1114,0.625,0.35248
550,,0.6,0.01572,0.85,0.04184,0.161,0.04372,0.55,0.2848
551,,0.55,-0.0166,0.825,0.00952,0.111,-0.02396,0.475,0.21712
552,6,0.651,0.10108,0.951,0.1322,-0.139,1.0,0.559,0.30444
553,5,0.751,0.21776,1.0,0.25388,1.0,0.73232,0.641,0.39076
554,,0.701,0.18544,0.975,0.22156,0.95,0.66464,0.566,0.32308
555,,0.651,0.15312,0.95,0.18924,0.9,0.59696,0.491,0.2554
556,,0.601,0.1208,0.925,0.15692,0.85,0.52928,0.416,0.18772
557,,0.551,0.08848,0.9,0.1246,0.8,0.4616,0.341,0.12004
558,,0.501,0.05616,0.875,0.09228,0.75,0.39392,0.266,0.05236
559,,0.451,0.02384,0.85,0.05996,0.7,0.32624,0.191,-0.01532
560,8,0.547,0.13652,0.971,0.17764,0.804,0.41356,0.27,1.0
561,,0.497,0.1042,0.946,0.14532,0.754,0.34588,0.195,0.93232
562,,0.447,0.07188,0.921,0.113,0.704,0.2782,0.12,0.86464
563,,0.397,0.03956,0.896,0.08068,0.654,0.21052,0.045,0.79696
564,,0.347,0.00724,0.871,0.04836,0.604,0.14284,-0.03,0.72928
565,7,0.447,0.12392,0.996,0.17004,0.711,0.23416,1.0,0.8156
566,,0.397,0.0916,0.971,0.13772,0.661,0.16648,0.925,0.74792
567,,0.347,0.05928,0.946,0.1054,0.611,0.0988,0.85,0.68024
568,,0.297,0.02696,0.921,0.07308,0.561,0.03112,0.775,0.61256
569,,0.247,-0.00536,0.896,0.04076,0.511,-0.03656,0.7,0.54488
570,6,0.348,0.11232,1.0,0.16344,0.261,1.0,0.784,0.6322
571,,0.298,0.08,0.975,0.13112,0.211,0.93232,0.709,0.56452
572,,0.248,0.04768,0.95,0.0988,0.161,0.86464,0.634,0.49684
573,,0.198,0.01536,0.925,0.06648,0.111,0.79696,0.559,0.42916
574,,0.148,-0.01696,0.9,0.03416,0.061,0.72928,0.484,0.36148
575,2,0.239,1.0,1.0,0.14684,0.16,0.8116,0.558,0.4388
576,,0.189,0.96768,0.975,0.11452,0.11,0.74392,0.483,0.37112
577,,0.139,0.93536,0.95,0.0822,0.06,0.67624,0.408,0.30344
578,,0.089,0.90304,0.925,0.04988,0.01,0.60856,0.333,0.23576
579,,0.039,0.87072,0.9,0.01756,-0.04,0.54088,0.258,0.16808
580,5,0.139,0.9874,1.0,0.13924,1.0,0.2732,0.34,0.2544
581,,0.089,0.95508,0.975,0.10692,0.95,0.20552,0.265,0.18672
582,,0.039,0.92276,0.95,0.0746,0.9,0.13784,0.19,0.11904
583,,-0.011,0.89044,0.925,0.04228,0.85,0.07016,0.115,0.05136
584,1,1.0,0.99912,1.0,0.15596,0.95,0.15348,0.19,0.12968
585,,0.95,0.9668,0.975,0.12364,0.9,0.0858,0.115,0.062
586,,0.9,0.93448,0.95,0.09132,0.85,0.01812,0.04,-0.00568
587,8,0.996,1.0,1.0,0.209,0.954,0.10544,0.119,1.0
588,,0.946,0.96768,0.975,0.17668,0.904,0.03776,0.044,0.93232
589,,0.896,0.93536,0.95,0.14436,0.854,-0.02992,-0.031,0.86464
590,7,0.996,1.0,1.0,0.26604,0.961,0.0614,1.0,0.95096
591,,0.946,0.96768,0.975,0.23372,0.911,-0.00628,0.925,0.88328
592,6,1.0,1.0,1.0,0.3564,0.661,1.0,1.0,0.9706
593,,0.95,0.96768,0.975,0.32408,0.611,0.93232,0.925,0.90292
594,,0.9,0.93536,0.95,0.29176,0.561,0.86464,0.85,0.83524
595,,0.85,0.90304,0.925,0.25944,0.511,0.79696,0.775,0.76756
596,,0.8,0.87072,0.9,0.22712,0.461,0.72928,0.7,0.69988
597,,0.75,0.8384,0.875,0.1948,0.411,0.6616,0.625,0.6322
598,,0.7,0.80608,0.85,0.16248,0.361,0.59392,0.55,0.56452
599,,0.65,0.77376,0.825,0.13016,0.311,0.52624,0.475,0.49684
600,,0.6,0.74144,0.8,0.09784,0.261,0.45856,0.4,0.42916
601,,0.55,0.70912,0.775,0.06552,0.211,0.39088,0.325,0.36148
602,,0.5,0.6768,0.75,0.0332,0.161,0.3232,0.25,0.2938
603,,0.45,0.64448,0.725,0.00088,0.111,0.25552,0.175,0.22612
604,,0.4,0.61216,0.7,-0.03144,0.061,0.18784,0.1,0.15844
605,4,0.496,0.72484,0.821,1.0,0.165,0.27516,0.179,0.24076
606,,0.446,0.69252,0.796,0.96768,0.115,0.20748,0.104,0.17308
607,,0.396,0.6602,0.771,0.93536,0.065,0.1398,0.029,0.1054
608,,0.346,0.62788,0.746,0.90304,0.015,0.07212,-0.046,0.03772
609,7,0.446,0.74456,0.871,1.0,0.122,0.16344,1.0,0.12404
610,,0.396,0.71224,0.846,0.96768,0.072,0.09576,0.925,0.05636
611,,0.346,0.67992,0.821,0.93536,0.022,0.02808,0.85,-0.01132
612,8,0.442,0.7926,0.942,1.0,0.126,0.1154,0.929,1.0
613,,0.392,0.76028,0.917,0.96768,0.076,0.04772,0.854,0.93232
614,,0.342,0.72796,0.892,0.93536,0.026,-0.01996,0.779,0.86464
615,6,0.443,0.84564,1.0,1.0,-0.224,1.0,0.863,0.95196
616,5,0.543,0.96232,1.0,1.0,1.0,0.73232,0.945,1.0
617,,0.493,0.93,0.975,0.96768,0.95,0.66464,0.87,0.93232
618,,0.443,0.89768,0.95,0.93536,0.9,0.59696,0.795,0.86464
619,,0.393,0.86536,0.925,0.90304,0.85,0.52928,0.72,0.79696
620,,0.343,0.83304,0.9,0.87072,0.8,0.4616,0.645,0.72928
621,,0.293,0.80072,0.875,0.8384,0.75,0.39392,0.57,0.6616
622,,0.243,0.7684,0.85,0.80608,0.7,0.32624,0.495,0.59392
623,,0.193,0.73608,0.825,0.77376,0.65,0.25856,0.42,0.52624
624,,0.143,0.70376,0.8,0.74144,0.6,0.19088,0.345,0.45856
625,,0.093,0.67144,0.775,0.70912,0.55,0.1232,0.27,0.39088
626,,0.043,0.63912,0.75,0.6768,0.5,0.05552,0.195,0.3232
627,,-0.007,0.6068,0.725,0.64448,0.45,-0.01216,0.12,0.25552
628,6,0.094,0.72448,0.851,0.76716,0.2,1.0,0.204,0.34284
629,,0.044,0.69216,0.826,0.73484,0.15,0.93232,0.129,0.27516
630,,-0.006,0.65984,0.801,0.70252,0.1,0.86464,0.054,0.20748
631,1,1.0,0.76852,0.919,0.8162,0.2,0.94796,0.129,0.2858
632,,0.95,0.7362,0.894,0.78388,0.15,0.88028,0.054,0.21812
633,,0.9,0.70388,0.869,0.75156,0.1,0.8126,-0.021,0.15044
634,7,1.0,0.82056,0.994,0.87324,0.207,0.90392,1.0,0.23676
635,,0.95,0.78824,0.969,0.84092,0.157,0.83624,0.925,0.16908
636,,0.9,0.75592,0.944,0.8086,0.107,0.76856,0.85,0.1014
637,,0.85,0.7236,0.919,0.77628,0.057,0.70088,0.775,0.03372
638,,0.8,0.69128,0.894,0.74396,0.007,0.6332,0.7,-0.03396
639,8,0.896,0.80396,1.0,0.86164,0.111,0.72052,0.779,1.0
640,,0.846,0.77164,0.975,0.82932,0.061,0.65284,0.704,0.93232
641,,0.796,0.73932,0.95,0.797,0.011,0.58516,0.629,0.86464
642,,0.746,0.707,0.925,0.76468,-0.039,0.51748,0.554,0.79696
643,5,0.846,0.82368,1.0,0.88636,1.0,0.2498,0.636,0.88328
644,,0.796,0.79136,0.975,0.85404,0.95,0.18212,0.561,0.8156
645,,0.746,0.75904,0.95,0.82172,0.9,0.11444,0.486,0.74792
646,,0.696,0.72672,0.925,0.7894,0.85,0.04676,0.411,0.68024
647,,0.646,0.6944,0.9,0.75708,0.8,-0.02092,0.336,0.61256
648,6,0.747,0.81208,1.0,0.87976,0.55,1.0,0.42,0.69988
649,,0.697,0.77976,0.975,0.84744,0.5,0.93232,0.345,0.6322
650,,0.647,0.74744,0.95,0.81512,0.45,0.86464,0.27,0.56452
651,,0.597,0.71512,0.925,0.7828,0.4,0.79696,0.195,0.49684
652,,0.547,0.6828,0.9,0.75048,0.35,0.72928,0.12,0.42916
653,,0.497,0.65048,0.875,0.71816,0.3,0.6616,0.045,0.36148
654,,0.447,0.61816,0.85,0.68584,0.25,0.59392,-0.03,0.2938
655,7,0.547,0.73484,0.975,0.80752,0.357,0.68524,1.0,0.38012
656,,0.497,0.70252,0.95,0.7752,0.307,0.61756,0.925,0.31244
657,,0.447,0.6702,0.925,0.74288,0.257,0.54988,0.85,0.24476
658,,0.397,0.63788,0.9,0.71056,0.207,0.4822,0.775,0.17708
659,,0.347,0.60556,0.875,0.67824,0.157,0.41452,0.7,0.1094
660,,0.297,0.57324,0.85,0.64592,0.107,0.34684,0.625,0.04172
661,,0.247,0.54092,0.825,0.6136,0.057,0.27916,0.55,-0.02596
662,8,0.343,0.6536,0.946,0.73128,0.161,0.36648,0.629,1.0
663,,0.293,0.62128,0.921,0.69896,0.111,0.2988,0.554,0.93232
664,,0.243,0.58896,0.896,0.66664,0.061,0.23112,0.479,0.86464
665,,0.193,0.55664,0.871,0.63432,0.011,0.16344,0.404,0.79696
666,,0.143,0.52432,0.846,0.602,-0.039,0.09576,0.329,0.72928
667,5,0.243,0.641,0.971,0.72368,1.0,-0.17192,0.411,0.8156
668,6,0.344,0.75868,1.0,0.84636,0.75,1.0,0.495,0.90292
669,,0.294,0.72636,0.975,0.81404,0.7,0.93232,0.42,0.83524
670,,0.244,0.69404,0.95,0.78172,0.65,0.86464,0.345,0.76756
671,,0.194,0.66172,0.925,0.7494,0.6,0.79696,0.27,0.69988
672,,0.144,0.6294,0.9,0.71708,0.55,0.72928,0.195,0.6322
673,,0.094,0.59708,0.875,0.68476,0.5,0.6616,0.12,0.56452
674,,0.044,0.56476,0.85,0.65244,0.45,0.59392,0.045,0.49684
675,,-0.006,0.53244,0.825,0.62012,0.4,0.52624,-0.03,0.42916
676,7,0.094,0.64912,0.95,0.7418,0.507,0.61756,1.0,0.51548
677,,0.044,0.6168,0.925,0.70948,0.457,0.54988,0.925,0.4478
678,,-0.006,0.58448,0.9,0.67716,0.407,0.4822,0.85,0.38012
679,1,1.0,0.69316,1.0,0.79084,0.507,0.56552,0.925,0.45844
680,,0.95,0.66084,0.975,0.75852,0.457,0.49784,0.85,0.39076
681,,0.9,0.62852,0.95,0.7262,0.407,0.43016,0.775,0.32308
682,,0.85,0.5962,0.925,0.69388,0.357,0.36248,0.7,0.2554
683,,0.8,0.56388,0.9,0.66156,0.307,0.2948,0.625,0.18772
684,,0.75,0.53156,0.875,0.62924,0.257,0.22712,0.55,0.12004
685,,0.7,0.49924,0.85,0.59692,0.207,0.15944,0.475,0.05236
686,,0.65,0.46692,0.825,0.5646,0.157,0.09176,0.4,-0.01532
687,8,0.746,0.5796,0.946,0.68228,0.261,0.17908,0.479,1.0
688,,0.696,0.54728,0.921,0.64996,0.211,0.1114,0.404,0.93232
689,,0.646,0.51496,0.896,0.61764,0.161,0.04372,0.329,0.86464
690,,0.596,0.48264,0.871,0.58532,0.111,-0.02396,0.254,0.79696
691,6,0.697,0.60032,0.997,0.708,-0.139,1.0,0.338,0.88428
692,5,0.797,0.717,1.0,0.82968,1.0,0.73232,0.42,0.9706
693,,0.747,0.68468,0.975,0.79736,0.95,0.66464,0.345,0.90292
694,,0.697,0.65236,0.95,0.76504,0.9,0.59696,0.27,0.83524
695,,0.647,0.62004,0.925,0.73272,0.85,0.52928,0.195,0.76756
696,,0.597,0.58772,0.9,0.7004,0.8,0.4616,0.12,0.69988
697,,0.547,0.5554,0.875,0.66808,0.75,0.39392,0.045,0.6322
698,,0.497,0.52308,0.85,0.63576,0.7,0.32624,-0.03,0.56452
699,7,0.597,0.63976,0.975,0.75744,0.807,0.41756,1.0,0.65084
700,,0.547,0.60744,0.95,0.72512,0.757,0.34988,0.925,0.58316
701,,0.497,0.57512,0.925,0.6928,0.707,0.2822,0.85,0.51548
702,,0.447,0.5428,0.9,0.66048,0.657,0.21452,0.775,0.4478
703,,0.397,0.51048,0.875,0.62816,0.607,0.14684,0.7,0.38012
704,,0.347,0.47816,0.85,0.59584,0.557,0.07916,0.625,0.31244
705,,0.297,0.44584,0.825,0.56352,0.507,0.01148,0.55,0.24476
706,,0.247,0.41352,0.8,0.5312,0.457,-0.0562,0.475,0.17708
707,6,0.348,0.5312,0.926,0.65388,0.207,1.0,0.559,0.2644
708,,0.298,0.49888,0.901,0.62156,0.157,0.93232,0.484,0.19672
709,,0.248,0.46656,0.876,0.58924,0.107,0.86464,0.409,0.12904
710,,0.198,0.43424,0.851,0.55692,0.057,0.79696,0.334,0.06136
711,,0.148,0.40192,0.826,0.5246,0.007,0.72928,0.259,-0.00632
712,8,0.244,0.5146,0.947,0.64228,0.111,0.8166,0.338,1.0
713,,0.194,0.48228,0.922,0.60996,0.061,0.74892,0.263,0.93232
714,,0.144,0.44996,0.897,0.57764,0.011,0.68124,0.188,0.86464
715,,0.094,0.41764,0.872,0.54532,-0.039,0.61356,0.113,0.79696
716,5,0.194,0.53432,0.997,0.667,1.0,0.34588,0.195,0.88328
717,,0.144,0.502,0.972,0.63468,0.95,0.2782,0.12,0.8156
718,,0.094,0.46968,0.947,0.60236,0.9,0.21052,0.045,0.74792
719,,0.044,0.43736,0.922,0.57004,0.85,0.14284,-0.03,0.68024
720,7,0.144,0.55404,1.0,0.69172,0.957,0.23416,1.0,0.76656
721,,0.094,0.52172,0.975,0.6594,0.907,0.16648,0.925,0.69888
722,,0.044,0.4894,0.95,0.62708,0.857,0.0988,0.85,0.6312
723,,-0.006,0.45708,0.925,0.59476,0.807,0.03112,0.775,0.56352
724,1,1.0,0.56576,1.0,0.70844,0.907,0.11444,0.85,0.64184
725,,0.95,0.53344,0.975,0.67612,0.857,0.04676,0.775,0.57416
726,,0.9,0.50112,0.95,0.6438,0.807,-0.02092,0.7,0.50648
727,6,1.0,0.6188,1.0,0.76648,0.557,1.0,0.784,0.5938
728,,0.95,0.58648,0.975,0.73416,0.507,0.93232,0.709,0.52612
729,,0.9,0.55416,0.95,0.70184,0.457,0.86464,0.634,0.45844
730,,0.85,0.52184,0.925,0.66952,0.407,0.79696,0.559,0.39076
731,,0.8,0.48952,0.9,0.6372,0.357,0.72928,0.484,0.32308
732,,0.75,0.4572,0.875,0.60488,0.307,0.6616,0.409,0.2554
733,,0.7,0.42488,0.85,0.57256,0.257,0.59392,0.334,0.18772
734,,0.65,0.39256,0.825,0.54024,0.207,0.52624,0.259,0.12004
735,,0.6,0.36024,0.8,0.50792,0.157,0.45856,0.184,0.05236
736,,0.55,0.32792,0.775,0.4756,0.107,0.39088,0.109,-0.01532
737,8,0.646,0.4406,0.896,0.59328,0.211,0.4782,0.188,1.0
738,,0.596,0.40828,0.871,0.56096,0.161,0.41052,0.113,0.93232
739,,0.546,0.37596,0.846,0.52864,0.111,0.34284,0.038,0.86464
740,,0.496,0.34364,0.821,0.49632,0.061,0.27516,-0.037,0.79696
741,7,0.596,0.46032,0.946,0.618,0.168,0.36648,1.0,0.88328
742,,0.546,0.428,0.921,0.58568,0.118,0.2988,0.925,0.8156
743,,0.496,0.39568,0.896,0.55336,0.068,0.23112,0.85,0.74792
744,,0.446,0.36336,0.871,0.52104,0.018,0.16344,0.775,0.68024
745,,0.396,0.33104,0.846,0.48872,-0.032,0.09576,0.7,0.61256
746,5,0.496,0.44772,0.971,0.6104,1.0,-0.17192,0.782,0.69888
747,6,0.597,0.5654,1.0,0.73308,0.75,1.0,0.866,0.7862
748,,0.547,0.53308,0.975,0.70076,0.7,0.93232,0.791,0.71852
749,,0.497,0.50076,0.95,0.66844,0.65,0.86464,0.716,0.65084
750,,0.447,0.46844,0.925,0.63612,0.6,0.79696,0.641,0.58316
751,,0.397,0.43612,0.9,0.6038,0.55,0.72928,0.566,0.51548
752,,0.347,0.4038,0.875,0.57148,0.5,0.6616,0.491,0.4478
753,,0.297,0.37148,0.85,0.53916,0.45,0.59392,0.416,0.38012
754,,0.247,0.33916,0.825,0.50684,0.4,0.52624,0.341,0.31244
755,,0.197,0.30684,0.8,0.47452,0.35,0.45856,0.266,0.24476
756,,0.147,0.27452,0.775,0.4422,0.3,0.39088,0.191,0.17708
757,,0.097,0.2422,0.75,0.40988,0.25,0.3232,0.116,0.1094
758,,0.047,0.20988,0.725,0.37756,0.2,0.25552,0.041,0.04172
759,,-0.003,0.17756,0.7,0.34524,0.15,0.18784,-0.034,-0.02596
760,7,0.097,0.29424,0.825,0.46692,0.257,0.27916,1.0,0.06036
761,,0.047,0.26192,0.8,0.4346,0.207,0.21148,0.925,-0.00732
762,8,0.143,0.3746,0.921,0.55228,0.311,0.2988,1.0,1.0
763,,0.093,0.34228,0.896,0.51996,0.261,0.23112,0.925,0.93232
764,,0.043,0.30996,0.871,0.48764,0.211,0.16344,0.85,0.86464
765,,-0.007,0.27764,0.846,0.45532,0.161,0.09576,0.775,0.79696
766,1,1.0,0.38632,0.964,0.569,0.261,0.17908,0.85,0.87528
767,,0.95,0.354,0.939,0.53668,0.211,0.1114,0.775,0.8076
768,,0.9,0.32168,0.914,0.50436,0.161,0.04372,0.7,0.73992
769,,0.85,0.28936,0.889,0.47204,0.111,-0.02396,0.625,0.67224
770,6,0.951,0.40704,1.0,0.59472,-0.139,1.0,0.709,0.75956
771,5,1.0,0.52372,1.0,0.7164,1.0,0.73232,0.791,0.84588
772,,0.95,0.4914,0.975,0.68408,0.95,0.66464,0.716,0.7782
773,,0.9,0.45908,0.95,0.65176,0.9,0.59696,0.641,0.71052
774,,0.85,0.42676,0.925,0.61944,0.85,0.52928,0.566,0.64284
775,,0.8,0.39444,0.9,0.58712,0.8,0.4616,0.491,0.57516
776,,0.75,0.36212,0.875,0.5548,0.75,0.39392,0.416,0.50748
777,,0.7,0.3298,0.85,0.52248,0.7,0.32624,0.341,0.4398
778,,0.65,0.29748,0.825,0.49016,0.65,0.25856,0.266,0.37212
779,,0.6,0.26516,0.8,0.45784,0.6,0.19088,0.191,0.30444
780,,0.55,0.23284,0.775,0.42552,0.55,0.1232,0.116,0.23676
781,,0.5,0.20052,0.75,0.3932,0.5,0.05552,0.041,0.16908
782,,0.45,0.1682,0.725,0.36088,0.45,-0.01216,-0.034,0.1014
783,7,0.55,0.28488,0.85,0.48256,0.557,0.07916,1.0,0.18772
784,,0.5,0.25256,0.825,0.45024,0.507,0.01148,0.925,0.12004
785,,0.45,0.22024,0.8,0.41792,0.457,-0.0562,0.85,0.05236
786,6,0.551,0.33792,0.926,0.5406,0.207,1.0,0.934,0.13968
787,,0.501,0.3056,0.901,0.50828,0.157,0.93232,0.859,0.072
788,,0.451,0.27328,0.876,0.47596,0.107,0.86464,0.784,0.00432
789,,0.401,0.24096,0.851,0.44364,0.057,0.79696,0.709,-0.06336
790,8,0.497,0.35364,0.972,0.56132,0.161,0.88428,0.788,1.0
791,,0.447,0.32132,0.947,0.529,0.111,0.8166,0.713,0.93232
792,,0.397,0.289,0.922,0.49668,0.061,0.74892,0.638,0.86464
793,,0.347,0.25668,0.897,0.46436,0.011,0.68124,0.563,0.79696
794,,0.297,0.22436,0.872,0.43204,-0.039,0.61356,0.488,0.72928
795,5,0.397,0.34104,0.997,0.55372,1.0,0.34588,0.57,0.8156
796,,0.347,0.30872,0.972,0.5214,0.95,0.2782,0.495,0.74792
797,,0.297,0.2764,0.947,0.48908,0.9,0.21052,0.42,0.68024
798,,0.247,0.24408,0.922,0.45676,0.85,0.14284,0.345,0.61256
799,,0.197,0.21176,0.897,0.42444,0.8,0.07516,0.27,0.54488
800,,0.147,0.17944,0.872,0.39212,0.75,0.00748,0.195,0.4772
801,,0.097,0.14712,0.847,0.3598,0.7,-0.0602,0.12,0.40952
802,6,0.198,0.2648,0.973,0.48248,0.45,1.0,0.204,0.49684
803,,0.148,0.23248,0.948,0.45016,0.4,0.93232,0.129,0.42916
804,,0.098,0.20016,0.923,0.41784,0.35,0.86464,0.054,0.36148
805,,0.048,0.16784,0.898,0.38552,0.3,0.79696,-0.021,0.2938
806,7,0.148,0.28452,1.0,0.5072,0.407,0.88828,1.0,0.38012
807,,0.098,0.2522,0.975,0.47488,0.357,0.8206,0.925,0.31244
808,,0.048,0.21988,0.95,0.44256,0.307,0.75292,0.85,0.24476
809,,-0.002,0.18756,0.925,0.41024,0.257,0.68524,0.775,0.17708
810,1,1.0,0.29624,1.0,0.52392,0.357,0.76856,0.85,0.2554
811,,0.95,0.26392,0.975,0.4916,0.307,0.70088,0.775,0.18772
812,,0.9,0.2316,0.95,0.45928,0.257,0.6332,0.7,0.12004
813,,0.85,0.19928,0.925,0.42696,0.207,0.56552,0.625,0.05236
814,,0.8,0.16696,0.9,0.39464,0.157,0.49784,0.55,-0.01532
815,8,0.896,0.27964,1.0,0.51232,0.261,0.58516,0.629,1.0
816,,0.846,0.24732,0.975,0.48,0.211,0.51748,0.554,0.93232
817,,0.796,0.215,0.95,0.44768,0.161,0.4498,0.479,0.86464
818,,0.746,0.18268,0.925,0.41536,0.111,0.38212,0.404,0.79696
819,,0.696,0.15036,0.9,0.38304,0.061,0.31444,0.329,0.72928
820,,0.646,0.11804,0.875,0.35072,0.011,0.24676,0.254,0.6616
821,,0.596,0.08572,0.85,0.3184,-0.039,0.17908,0.179,0.59392
822,5,0.696,0.2024,0.975,0.44008,1.0,-0.0886,0.261,0.68024
823,6,0.797,0.32008,1.0,0.56276,0.75,1.0,0.345,0.76756
824,,0.747,0.28776,0.975,0.53044,0.7,0.93232,0.27,0.69988
825,,0.697,0.25544,0.95,0.49812,0.65,0.86464,0.195,0.6322
826,,0.647,0.22312,0.925,0.4658,0.6,0.79696,0.12,0.56452
827,,0.597,0.1908,0.9,0.43348,0.55,0.72928,0.045,0.49684
828,,0.547,0.15848,0.875,0.40116,0.5,0.6616,-0.03,0.42916
829,7,0.647,0.27516,1.0,0.52284,0.607,0.75292,1.0,0.51548
830,,0.597,0.24284,0.975,0.49052,0.557,0.68524,0.925,0.4478
831,,0.547,0.21052,0.95,0.4582,0.507,0.61756,0.85,0.38012
832,,0.497,0.1782,0.925,0.42588,0.457,0.54988,0.775,0.31244
833,,0.447,0.14588,0.9,0.39356,0.407,0.4822,0.7,0.24476
834,,0.397,0.11356,0.875,0.36124,0.357,0.41452,0.625,0.17708
835,,0.347,0.08124,0.85,0.32892,0.307,0.34684,0.55,0.1094
836,,0.297,0.04892,0.825,0.2966,0.257,0.27916,0.475,0.04172
837,,0.247,0.0166,0.8,0.26428,0.207,0.21148,0.4,-0.02596
838,8,0.343,0.12928,0.921,0.38196,0.311,0.2988,0.479,1.0
839,,0.293,0.09696,0.896,0.34964,0.261,0.23112,0.404,0.93232
840,,0.243,0.06464,0.871,0.31732,0.211,0.16344,0.329,0.86464
841,,0.193,0.03232,0.846,0.285,0.161,0.09576,0.254,0.79696
842,,0.143,-0.0,0.821,0.25268,0.111,0.02808,0.179,0.72928
843,,0.093,-0.03232,0.796,0.22036,0.061,-0.0396,0.104,0.6616
844,6,0.194,0.08536,0.922,0.34304,-0.189,1.0,0.188,0.74892
845,5,0.294,0.20204,1.0,0.46472,1.0,0.73232,0.27,0.83524
846,,0.244,0.16972,0.975,0.4324,0.95,0.66464,0.195,0.76756
847,,0.194,0.1374,0.95,0.40008,0.9,0.59696,0.12,0.69988
848,,0.144,0.10508,0.925,0.36776,0.85,0.52928,0.045,0.6322
849,,0.094,0.07276,0.9,0.33544,0.8,0.4616,-0.03,0.56452
850,7,0.194,0.18944,1.0,0.45712,0.907,0.55292,1.0,0.65084
851,,0.144,0.15712,0.975,0.4248,0.857,0.48524,0.925,0.58316
852,,0.094,0.1248,0.95,0.39248,0.807,0.41756,0.85,0.51548
853,,0.044,0.09248,0.925,0.36016,0.757,0.34988,0.775,0.4478
854,,-0.006,0.06016,0.9,0.32784,0.707,0.2822,0.7,0.38012
855,1,1.0,0.16884,1.0,0.44152,0.807,0.36552,0.775,0.45844
856,,0.95,0.13652,0.975,0.4092,0.757,0.29784,0.7,0.39076
857,,0.9,0.1042,0.95,0.37688,0.707,0.23016,0.625,0.32308
858,,0.85,0.07188,0.925,0.34456,0.657,0.16248,0.55,0.2554
859,,0.8,0.03956,0.9,0.31224,0.607,0.0948,0.475,0.18772
860,,0.75,0.00724,0.875,0.27992,0.557,0.02712,0.4,0.12004
861,,0.7,-0.02508,0.85,0.2476,0.507,-0.04056,0.325,0.05236
862,6,0.801,0.0926,0.976,0.37028,0.257,1.0,0.409,0.13968
863,,0.751,0.06028,0.951,0.33796,0.207,0.93232,0.334,0.072
864,,0.701,0.02796,0.926,0.30564,0.157,0.86464,0.259,0.00432
865,,0.651,-0.00436,0.901,0.27332,0.107,0.79696,0.184,-0.06336
866,8,0.747,0.10832,1.0,0.391,0.211,0.88428,0.263,1.0
867,,0.697,0.076,0.975,0.35868,0.161,0.8166,0.188,0.93232
868,,0.647,0.04368,0.95,0.32636,0.111,0.74892,0.113,0.86464
869,,0.597,0.01136,0.925,0.29404,0.061,0.68124,0.038,0.79696
870,,0.547,-0.02096,0.9,0.26172,0.011,0.61356,-0.037,0.72928
871,7,0.647,0.09572,1.0,0.3834,0.118,0.70488,1.0,0.8156
872,,0.597,0.0634,0.975,0.35108,0.068,0.6372,0.925,0.74792
873,,0.547,0.03108,0.95,0.31876,0.018,0.56952,0.85,0.68024
874,,0.497,-0.00124,0.925,0.28644,-0.032,0.50184,0.775,0.61256
875,5,0.597,0.11544,1.0,0.40812,1.0,0.23416,0.857,0.69888
876,,0.547,0.08312,0.975,0.3758,0.95,0.16648,0.782,0.6312
877,,0.497,0.0508,0.95,0.34348,0.9,0.0988,0.707,0.56352
878,,0.447,0.01848,0.925,0.31116,0.85,0.03112,0.632,0.49584
879,,0.397,-0.01384,0.9,0.27884,0.8,-0.03656,0.557,0.42816
880,6,0.498,0.10384,1.0,0.40152,0.55,1.0,0.641,0.51548
881,,0.448,0.07152,0.975,0.3692,0.5,0.93232,0.566,0.4478
882,,0.398,0.0392,0.95,0.33688,0.45,0.86464,0.491,0.38012
883,,0.348,0.00688,0.925,0.30456,0.4,0.79696,0.416,0.31244
884,,0.298,-0.02544,0.9,0.27224,0.35,0.72928,0.341,0.24476
885,2,0.389,1.0,1.0,0.38492,0.449,0.8116,0.415,0.32208
886,,0.339,0.96768,0.975,0.3526,0.399,0.74392,0.34,0.2544
887,,0.289,0.93536,0.95,0.32028,0.349,0.67624,0.265,0.18672
888,,0.239,0.90304,0.925,0.28796,0.299,0.60856,0.19,0.11904
889,,0.189,0.87072,0.9,0.25564,0.249,0.54088,0.115,0.05136
890,,0.139,0.8384,0.875,0.22332,0.199,0.4732,0.04,-0.01632
891,8,0.235,0.95108,0.996,0.341,0.303,0.56052,0.119,1.0
892,,0.185,0.91876,0.971,0.30868,0.253,0.49284,0.044,0.93232
893,,0.135,0.88644,0.946,0.27636,0.203,0.42516,-0.031,0.86464
894,7,0.235,1.0,1.0,0.39804,0.31,0.51648,1.0,0.95096
895,,0.185,0.96768,0.975,0.36572,0.26,0.4488,0.925,0.88328
896,,0.135,0.93536,0.95,0.3334,0.21,0.38112,0.85,0.8156
897,,0.085,0.90304,0.925,0.30108,0.16,0.31344,0.775,0.74792
898,,0.035,0.87072,0.9,0.26876,0.11,0.24576,0.7,0.68024
899,,-0.015,0.8384,0.875,0.23644,0.06,0.17808,0.625,0.61256
900,1,1.0,0.94708,0.993,0.35012,0.16,0.2614,0.7,0.69088
901,,0.95,0.91476,0.968,0.3178,0.11,0.19372,0.625,0.6232
902,,0.9,0.88244,0.943,0.28548,0.06,0.12604,0.55,0.55552
903,,0.85,0.85012,0.918,0.25316,0.01,0.05836,0.475,0.48784
904,,0.8,0.8178,0.893,0.22084,-0.04,-0.00932,0.4,0.42016
905,5,0.9,0.93448,1.0,0.34252,1.0,-0.277,0.482,0.50648
906,6,1.0,1.0,1.0,0.4652,0.75,1.0,0.566,0.5938
907,,0.95,0.96768,0.975,0.43288,0.7,0.93232,0.491,0.52612
908,,0.9,0.93536,0.95,0.40056,0.65,0.86464,0.416,0.45844
909,,0.85,0.90304,0.925,0.36824,0.6,0.79696,0.341,0.39076
910,,0.8,0.87072,0.9,0.33592,0.55,0.72928,0.266,0.32308
911,,0.75,0.8384,0.875,0.3036,0.5,0.6616,0.191,0.2554
912,,0.7,0.80608,0.85,0.27128,0.45,0.59392,0.116,0.18772
913,,0.65,0.77376,0.825,0.23896,0.4,0.52624,0.041,0.12004
914,,0.6,0.74144,0.8,0.20664,0.35,0.45856,-0.034,0.05236
915,7,0.7,0.85812,0.925,0.32832,0.457,0.54988,1.0,0.13868
916,,0.65,0.8258,0.9,0.296,0.407,0.4822,0.925,0.071
917,,0.6,0.79348,0.875,0.26368,0.357,0.41452,0.85,0.00332
918,,0.55,0.76116,0.85,0.23136,0.307,0.34684,0.775,-0.06436
919,8,0.646,0.87384,0.971,0.34904,0.411,0.43416,0.854,1.0
920,,0.596,0.84152,0.946,0.31672,0.361,0.36648,0.779,0.93232
921,,0.546,0.8092,0.921,0.2844,0.311,0.2988,0.704,0.86464
922,,0.496,0.77688,0.896,0.25208,0.261,0.23112,0.629,0.79696
923,,0.446,0.74456,0.871,0.21976,0.211,0.16344,0.554,0.72928
924,,0.396,0.71224,0.846,0.18744,0.161,0.09576,0.479,0.6616
925,,0.346,0.67992,0.821,0.15512,0.111,0.02808,0.404,0.59392
926,,0.296,0.6476,0.796,0.1228,0.061,-0.0396,0.329,0.52624
927,6,0.397,0.76528,0.922,0.24548,-0.189,1.0,0.413,0.61356
928,5,0.497,0.88196,1.0,0.36716,1.0,0.73232,0.495,0.69988
929,,0.447,0.84964,0.975,0.33484,0.95,0.66464,0.42,0.6322
930,,0.397,0.81732,0.95,0.30252,0.9,0.59696,0.345,0.56452
931,,0.347,0.785,0.925,0.2702,0.85,0.52928,0.27,0.49684
932,,0.297,0.75268,0.9,0.23788,0.8,0.4616,0.195,0.42916
933,,0.247,0.72036,0.875,0.20556,0.75,0.39392,0.12,0.36148
934,,0.197,0.68804,0.85,0.17324,0.7,0.32624,0.045,0.2938
935,,0.147,0.65572,0.825,0.14092,0.65,0.25856,-0.03,0.22612
936,7,0.247,0.7724,0.95,0.2626,0.757,0.34988,1.0,0.31244
937,,0.197,0.74008,0.925,0.23028,0.707,0.2822,0.925,0.24476
938,,0.147,0.70776,0.9,0.19796,0.657,0.21452,0.85,0.17708
939,,0.097,0.67544,0.875,0.16564,0.607,0.14684,0.775,0.1094
940,,0.047,0.64312,0.85,0.13332,0.557,0.07916,0.7,0.04172
941,,-0.003,0.6108,0.825,0.101,0.507,0.01148,0.625,-0.02596
942,8,0.093,0.72348,0.946,0.21868,0.611,0.0988,0.704,1.0
943,,0.043,0.69116,0.921,0.18636,0.561,0.03112,0.629,0.93232
944,,-0.007,0.65884,0.896,0.15404,0.511,-0.03656,0.554,0.86464
945,6,0.094,0.77652,1.0,0.27672,0.261,1.0,0.638,0.95196
946,,0.044,0.7442,0.975,0.2444,0.211,0.93232,0.563,0.88428
947,,-0.006,0.71188,0.95,0.21208,0.161,0.86464,0.488,0.8166
948,1,1.0,0.82056,1.0,0.32576,0.261,0.94796,0.563,0.89492
949,,0.95,0.78824,0.975,0.29344,0.211,0.88028,0.488,0.82724
950,,0.9,0.75592,0.95,0.26112,0.161,0.8126,0.413,0.75956
951,,0.85,0.7236,0.925,0.2288,0.111,0.74492,0.338,0.69188
952,,0.8,0.69128,0.9,0.19648,0.061,0.67724,0.263,0.6242
953,,0.75,0.65896,0.875,0.16416,0.011,0.60956,0.188,0.55652
954,,0.7,0.62664,0.85,0.13184,-0.039,0.54188,0.113,0.48884
955,5,0.8,0.74332,0.975,0.25352,1.0,0.2742,0.195,0.57516
956,,0.75,0.711,0.95,0.2212,0.95,0.20652,0.12,0.50748
957,,0.7,0.67868,0.925,0.18888,0.9,0.13884,0.045,0.4398
958,,0.65,0.64636,0.9,0.15656,0.85,0.07116,-0.03,0.37212
959,7,0.75,0.76304,1.0,0.27824,0.957,0.16248,1.0,0.45844
960,,0.7,0.73072,0.975,0.24592,0.907,0.0948,0.925,0.39076
961,,0.65,0.6984,0.95,0.2136,0.857,0.02712,0.85,0.32308
962,,0.6,0.66608,0.925,0.18128,0.807,-0.04056,0.775,0.2554
963,6,0.701,0.78376,1.0,0.30396,0.557,1.0,0.859,0.34272
964,,0.651,0.75144,0.975,0.27164,0.507,0.93232,0.784,0.27504
965,,0.601,0.71912,0.95,0.23932,0.457,0.86464,0.709,0.20736
966,,0.551,0.6868,0.925,0.207,0.407,0.79696,0.634,0.13968
967,,0.501,0.65448,0.9,0.17468,0.357,0.72928,0.559,0.072
968,,0.451,0.62216,0.875,0.14236,0.307,0.6616,0.484,0.00432
969,,0.401,0.58984,0.85,0.11004,0.257,0.59392,0.409,-0.06336
970,8,0.497,0.70252,0.971,0.22772,0.361,0.68124,0.488,1.0
971,,0.447,0.6702,0.946,0.1954,0.311,0.61356,0.413,0.93232
972,,0.397,0.63788,0.921,0.16308,0.261,0.54588,0.338,0.86464
973,,0.347,0.60556,0.896,0.13076,0.211,0.4782,0.263,0.79696
974,,0.297,0.57324,0.871,0.09844,0.161,0.41052,0.188,0.72928
975,,0.247,0.54092,0.846,0.06612,0.111,0.34284,0.113,0.6616
976,,0.197,0.5086,0.821,0.0338,0.061,0.27516,0.038,0.59392
977,,0.147,0.47628,0.796,0.00148,0.011,0.20748,-0.037,0.52624
978,7,0.247,0.59296,0.921,0.12316,0.118,0.2988,1.0,0.61256
979,,0.197,0.56064,0.896,0.09084,0.068,0.23112,0.925,0.54488
980,,0.147,0.52832,0.871,0.05852,0.018,0.16344,0.85,0.4772
981,,0.097,0.496,0.846,0.0262,-0.032,0.09576,0.775,0.40952
982,5,0.197,0.61268,0.971,0.14788,1.0,-0.17192,0.857,0.49584
983,6,0.298,0.73036,1.0,0.27056,0.75,1.0,0.941,0.58316
984,,0.248,0.69804,0.975,0.23824,0.7,0.93232,0.866,0.51548
985,,0.198,0.66572,0.95,0.20592,0.65,0.86464,0.791,0.4478
986,,0.148,0.6334,0.925,0.1736,0.6,0.79696,0.716,0.38012
987,,0.098,0.60108,0.9,0.14128,0.55,0.72928,0.641,0.31244
988,,0.048,0.56876,0.875,0.10896,0.5,0.6616,0.566,0.24476
989,,-0.002,0.53644,0.85,0.07664,0.45,0.59392,0.491,0.17708
990,1,1.0,0.64512,0.968,0.19032,0.55,0.67724,0.566,0.2554
991,,0.95,0.6128,0.943,0.158,0.5,0.60956,0.491,0.18772
992,,0.9,0.58048,0.918,0.12568,0.45,0.54188,0.416,0.12004
993,,0.85,0.54816,0.893,0.09336,0.4,0.4742,0.341,0.05236
994,,0.8,0.51584,0.868,0.06104,0.35,0.40652,0.266,-0.01532
995,8,0.896,0.62852,0.989,0.17872,0.454,0.49384,0.345,1.0
996,,0.846,0.5962,0.964,0.1464,0.404,0.42616,0.27,0.93232
997,,0.796,0.56388,0.939,0.11408,0.354,0.35848,0.195,0.86464
998,,0.746,0.53156,0.914,0.08176,0.304,0.2908,0.12,0.79696
999,,0.696,0.49924,0.889,0.04944,0.254,0.22312,0.045,0.72928
1000,,0.646,0.46692,0.864,0.01712,0.204,0.15544,-0.03,0.6616
1001,7,0.746,0.5836,0.989,0.1388,0.311,0.24676,1.0,0.74792
1002,,0.696,0.55128,0.964,0.10648,0.261,0.17908,0.925,0.68024
1003,,0.646,0.51896,0.939,0.07416,0.211,0.1114,0.85,0.61256
1004,,0.596,0.48664,0.914,0.04184,0.161,0.04372,0.775,0.54488
1005,,0.546,0.45432,0.889,0.00952,0.111,-0.02396,0.7,0.4772
1006,6,0.647,0.572,1.0,0.1322,-0.139,1.0,0.784,0.56452
1007,5,0.747,0.68868,1.0,0.25388,1.0,0.73232,0.866,0.65084
1008,,0.697,0.65636,0.975,0.22156,0.95,0.66464,0.791,0.58316
1009,,0.647,0.62404,0.95,0.18924,0.9,0.59696,0.716,0.51548
1010,,0.597,0.59172,0.925,0.15692,0.85,0.52928,0.641,0.4478
1011,,0.547,0.5594,0.9,0.1246,0.8,0.4616,0.566,0.38012
1012,,0.497,0.52708,0.875,0.09228,0.75,0.39392,0.491,0.31244
1013,,0.447,0.49476,0.85,0.05996,0.7,0.32624,0.416,0.24476
1014,,0.397,0.46244,0.825,0.02764,0.65,0.25856,0.341,0.17708
1015,,0.347,0.43012,0.8,-0.00468,0.6,0.19088,0.266,0.1094
1016,4,0.443,0.5428,0.921,1.0,0.704,0.2782,0.345,0.19172
1017,,0.393,0.51048,0.896,0.96768,0.654,0.21052,0.27,0.12404
1018,,0.343,0.47816,0.871,0.93536,0.604,0.14284,0.195,0.05636
1019,,0.293,0.44584,0.846,0.90304,0.554,0.07516,0.12,-0.01132
1020,8,0.389,0.55852,0.967,1.0,0.658,0.16248,0.199,1.0
1021,,0.339,0.5262,0.942,0.96768,0.608,0.0948,0.124,0.93232
1022,,0.289,0.49388,0.917,0.93536,0.558,0.02712,0.049,0.86464
1023,,0.239,0.46156,0.892,0.90304,0.508,-0.04056,-0.026,0.79696
1024,6,0.34,0.57924,1.0,1.0,0.258,1.0,0.058,0.88428
1025,,0.29,0.54692,0.975,0.96768,0.208,0.93232,-0.017,0.8166
1026,7,0.39,0.6636,1.0,1.0,0.315,1.0,1.0,0.90292
1027,,0.34,0.63128,0.975,0.96768,0.265,0.93232,0.925,0.83524
1028,,0.29,0.59896,0.95,0.93536,0.215,0.86464,0.85,0.76756
1029,,0.24,0.56664,0.925,0.90304,0.165,0.79696,0.775,0.69988
1030,,0.19,0.53432,0.9,0.87072,0.115,0.72928,0.7,0.6322
1031,,0.14,0.502,0.875,0.8384,0.065,0.6616,0.625,0.56452
1032,,0.09,0.46968,0.85,0.80608,0.015,0.59392,0.55,0.49684
1033,,0.04,0.43736,0.825,0.77376,-0.035,0.52624,0.475,0.42916
1034,5,0.14,0.55404,0.95,0.89544,1.0,0.25856,0.557,0.51548
1035,,0.09,0.52172,0.925,0.86312,0.95,0.19088,0.482,0.4478
1036,,0.04,0.4894,0.9,0.8308,0.9,0.1232,0.407,0.38012
1037,,-0.01,0.45708,0.875,0.79848,0.85,0.05552,0.332,0.31244
1038,1,1.0,0.56576,0.993,0.91216,0.95,0.13884,0.407,0.39076
1039,,0.95,0.53344,0.968,0.87984,0.9,0.07116,0.332,0.32308
1040,,0.9,0.50112,0.943,0.84752,0.85,0.00348,0.257,0.2554
1041,,0.85,0.4688,0.918,0.8152,0.8,-0.0642,0.182,0.18772
1042,6,0.951,0.58648,1.0,0.93788,0.55,1.0,0.266,0.27504
1043,,0.901,0.55416,0.975,0.90556,0.5,0.93232,0.191,0.20736
1044,,0.851,0.52184,0.95,0.87324,0.45,0.86464,0.116,0.13968
1045,,0.801,0.48952,0.925,0.84092,0.4,0.79696,0.041,0.072
1046,,0.751,0.4572,0.9,0.8086,0.35,0.72928,-0.034,0.00432
1047,7,0.851,0.57388,1.0,0.93028,0.457,0.8206,1.0,0.09064
1048,,0.801,0.54156,0.975,0.89796,0.407,0.75292,0.925,0.02296
1049,,0.751,0.50924,0.95,0.86564,0.357,0.68524,0.85,-0.04472
1050,8,0.847,0.62192,1.0,0.98332,0.461,0.77256,0.929,1.0
1051,,0.797,0.5896,0.975,0.951,0.411,0.70488,0.854,0.93232
1052,,0.747,0.55728,0.95,0.91868,0.361,0.6372,0.779,0.86464
1053,,0.697,0.52496,0.925,0.88636,0.311,0.56952,0.704,0.79696
1054,,0.647,0.49264,0.9,0.85404,0.261,0.50184,0.629,0.72928
1055,,0.597,0.46032,0.875,0.82172,0.211,0.43416,0.554,0.6616
1056,,0.547,0.428,0.85,0.7894,0.161,0.36648,0.479,0.59392
1057,,0.497,0.39568,0.825,0.75708,0.111,0.2988,0.404,0.52624
1058,,0.447,0.36336,0.8,0.72476,0.061,0.23112,0.329,0.45856
1059,,0.397,0.33104,0.775,0.69244,0.011,0.16344,0.254,0.39088
1060,,0.347,0.29872,0.75,0.66012,-0.039,0.09576,0.179,0.3232
1061,5,0.447,0.4154,0.875,0.7818,1.0,-0.17192,0.261,0.40952
1062,6,0.548,0.53308,1.0,0.90448,0.75,1.0,0.345,0.49684
1063,,0.498,0.50076,0.975,0.87216,0.7,0.93232,0.27,0.42916
1064,,0.448,0.46844,0.95,0.83984,0.65,0.86464,0.195,0.36148
1065,,0.398,0.43612,0.925,0.80752,0.6,0.79696,0.12,0.2938
1066,,0.348,0.4038,0.9,0.7752,0.55,0.72928,0.045,0.22612
1067,,0.298,0.37148,0.875,0.74288,0.5,0.6616,-0.03,0.15844
1068,7,0.398,0.48816,1.0,0.86456,0.607,0.75292,1.0,0.24476
1069,,0.348,0.45584,0.975,0.83224,0.557,0.68524,0.925,0.17708
1070,,0.298,0.42352,0.95,0.79992,0.507,0.61756,0.85,0.1094
1071,,0.248,0.3912,0.925,0.7676,0.457,0.54988,0.775,0.04172
1072,,0.198,0.35888,0.9,0.73528,0.407,0.4822,0.7,-0.02596
1073,8,0.294,0.47156,1.0,0.85296,0.511,0.56952,0.779,1.0
1074,,0.244,0.43924,0.975,0.82064,0.461,0.50184,0.704,0.93232
1075,,0.194,0.40692,0.95,0.78832,0.411,0.43416,0.629,0.86464
1076,,0.144,0.3746,0.925,0.756,0.361,0.36648,0.554,0.79696
1077,,0.094,0.34228,0.9,0.72368,0.311,0.2988,0.479,0.72928
1078,,0.044,0.30996,0.875,0.69136,0.261,0.23112,0.404,0.6616
1079,,-0.006,0.27764,0.85,0.65904,0.211,0.16344,0.329,0.59392
1080,1,1.0,0.38632,0.968,0.77272,0.311,0.24676,0.404,0.67224
1081,,0.95,0.354,0.943,0.7404,0.261,0.17908,0.329,0.60456
1082,,0.9,0.32168,0.918,0.70808,0.211,0.1114,0.254,0.53688
1083,,0.85,0.28936,0.893,0.67576,0.161,0.04372,0.179,0.4692
1084,,0.8,0.25704,0.868,0.64344,0.111,-0.02396,0.104,0.40152
1085,6,0.901,0.37472,0.994,0.76612,-0.139,1.0,0.188,0.48884
1086,5,1.0,0.4914,1.0,0.8878,1.0,0.73232,0.27,0.57516
1087,,0.95,0.45908,0.975,0.85548,0.95,0.66464,0.195,0.50748
1088,,0.9,0.42676,0.95,0.82316,0.9,0.59696,0.12,0.4398
1089,,0.85,0.39444,0.925,0.79084,0.85,0.52928,0.045,0.37212
1090,,0.8,0.36212,0.9,0.75852,0.8,0.4616,-0.03,0.30444
1091,7,0.9,0.4788,1.0,0.8802,0.907,0.55292,1.0,0.39076
1092,,0.85,0.44648,0.975,0.84788,0.857,0.48524,0.925,0.32308
1093,,0.8,0.41416,0.95,0.81556,0.807,0.41756,0.85,0.2554
1094,,0.75,0.38184,0.925,0.78324,0.757,0.34988,0.775,0.18772
1095,,0.7,0.34952,0.9,0.75092,0.707,0.2822,0.7,0.12004
1096,,0.65,0.3172,0.875,0.7186,0.657,0.21452,0.625,0.05236
1097,,0.6,0.28488,0.85,0.68628,0.607,0.14684,0.55,-0.01532
1098,8,0.696,0.39756,0.971,0.80396,0.711,0.23416,0.629,1.0
1099,,0.646,0.36524,0.946,0.77164,0.661,0.16648,0.554,0.93232
1100,,0.596,0.33292,0.921,0.73932,0.611,0.0988,0.479,0.86464
1101,,0.546,0.3006,0.896,0.707,0.561,0.03112,0.404,0.79696
1102,,0.496,0.26828,0.871,0.67468,0.511,-0.03656,0.329,0.72928
1103,6,0.597,0.38596,0.997,0.79736,0.261,1.0,0.413,0.8166
1104,,0.547,0.35364,0.972,0.76504,0.211,0.93232,0.338,0.74892
1105,,0.497,0.32132,0.947,0.73272,0.161,0.86464,0.263,0.68124
1106,,0.447,0.289,0.922,0.7004,0.111,0.79696,0.188,0.61356
1107,,0.397,0.25668,0.897,0.66808,0.061,0.72928,0.113,0.54588
1108,,0.347,0.22436,0.872,0.63576,0.011,0.6616,0.038,0.4782
1109,,0.297,0.19204,0.847,0.60344,-0.039,0.59392,-0.037,0.41052
1110,5,0.397,0.30872,0.972,0.72512,1.0,0.32624,0.045,0.49684
1111,,0.347,0.2764,0.947,0.6928,0.95,0.25856,-0.03,0.42916
1112,7,0.447,0.39308,1.0,0.81448,1.0,0.34988,1.0,0.51548
1113,,0.397,0.36076,0.975,0.78216,0.95,0.2822,0.925,0.4478
1114,,0.347,0.32844,0.95,0.74984,0.9,0.21452,0.85,0.38012
1115,,0.297,0.29612,0.925,0.71752,0.85,0.14684,0.775,0.31244
1116,,0.247,0.2638,0.9,0.6852,0.8,0.07916,0.7,0.24476
1117,,0.197,0.23148,0.875,0.65288,0.75,0.01148,0.625,0.17708
1118,,0.147,0.19916,0.85,0.62056,0.7,-0.0562,0.55,0.1094
1119,6,0.248,0.31684,0.976,0.74324,0.45,1.0,0.634,0.19672
1120,,0.198,0.28452,0.951,0.71092,0.4,0.93232,0.559,0.12904
1121,,0.148,0.2522,0.926,0.6786,0.35,0.86464,0.484,0.06136
1122,,0.098,0.21988,0.901,0.64628,0.3,0.79696,0.409,-0.00632
1123,8,0.194,0.33256,1.0,0.76396,0.404,0.88428,0.488,1.0
1124,,0.144,0.30024,0.975,0.73164,0.354,0.8166,0.413,0.93232
1125,,0.094,0.26792,0.95,0.69932,0.304,0.74892,0.338,0.86464
1126,,0.044,0.2356,0.925,0.667,0.254,0.68124,0.263,0.79696
1127,,-0.006,0.20328,0.9,0.63468,0.204,0.61356,0.188,0.72928
1128,1,1.0,0.31196,1.0,0.74836,0.304,0.69688,0.263,0.8076
1129,,0.95,0.27964,0.975,0.71604,0.254,0.6292,0.188,0.73992
1130,,0.9,0.24732,0.95,0.68372,0.204,0.56152,0.113,0.67224
1131,,0.85,0.215,0.925,0.6514,0.154,0.49384,0.038,0.60456
1132,,0.8,0.18268,0.9,0.61908,0.104,0.42616,-0.037,0.53688
1133,7,0.9,0.29936,1.0,0.74076,0.211,0.51748,1.0,0.6232
1134,,0.85,0.26704,0.975,0.70844,0.161,0.4498,0.925,0.55552
1135,,0.8,0.23472,0.95,0.67612,0.111,0.38212,0.85,0.48784
1136,,0.75,0.2024,0.925,0.6438,0.061,0.31444,0.775,0.42016
1137,,0.7,0.17008,0.9,0.61148,0.011,0.24676,0.7,0.35248
1138,,0.65,0.13776,0.875,0.57916,-0.039,0.17908,0.625,0.2848
1139,5,0.75,0.25444,1.0,0.70084,1.0,-0.0886,0.707,0.37112
1140,6,0.851,0.37212,1.0,0.82352,0.75,1.0,0.791,0.45844
1141,,0.801,0.3398,0.975,0.7912,0.7,0.93232,0.716,0.39076
1142,,0.751,0.30748,0.95,0.75888,0.65,0.86464,0.641,0.32308
1143,,0.701,0.27516,0.925,0.72656,0.6,0.79696,0.566,0.2554
1144,,0.651,0.24284,0.9,0.69424,0.55,0.72928,0.491,0.18772
1145,,0.601,0.21052,0.875,0.66192,0.5,0.6616,0.416,0.12004
1146,,0.551,0.1782,0.85,0.6296,0.45,0.59392,0.341,0.05236
1147,,0.501,0.14588,0.825,0.59728,0.4,0.52624,0.266,-0.01532
1148,8,0.597,0.25856,0.946,0.71496,0.504,0.61356,0.345,1.0
1149,,0.547,0.22624,0.921,0.68264,0.454,0.54588,0.27,0.93232
1150,,0.497,0.19392,0.896,0.65032,0.404,0.4782,0.195,0.86464
1151,,0.447,0.1616,0.871,0.618,0.354,0.41052,0.12,0.79696
1152,,0.397,0.12928,0.846,0.58568,0.304,0.34284,0.045,0.72928
1153,,0.347,0.09696,0.821,0.55336,0.254,0.27516,-0.03,0.6616
1154,7,0.447,0.21364,0.946,0.67504,0.361,0.36648,1.0,0.74792
1155,,0.397,0.18132,0.921,0.64272,0.311,0.2988,0.925,0.68024
1156,,0.347,0.149,0.896,0.6104,0.261,0.23112,0.85,0.61256
1157,,0.297,0.11668,0.871,0.57808,0.211,0.16344,0.775,0.54488
1158,,0.247,0.08436,0.846,0.54576,0.161,0.09576,0.7,0.4772
1159,,0.197,0.05204,0.821,0.51344,0.111,0.02808,0.625,0.40952
1160,,0.147,0.01972,0.796,0.48112,0.061,-0.0396,0.55,0.34184
1161,6,0.248,0.1374,0.922,0.6038,-0.189,1.0,0.634,0.42916
1162,5,0.348,0.25408,1.0,0.72548,1.0,0.73232,0.716,0.51548
1163,,0.298,0.22176,0.975,0.69316,0.95,0.66464,0.641,0.4478
1164,,0.248,0.18944,0.95,0.66084,0.9,0.59696,0.566,0.38012
1165,,0.198,0.15712,0.925,0.62852,0.85,0.52928,0.491,0.31244
1166,,0.148,0.1248,0.9,0.5962,0.8,0.4616,0.416,0.24476
1167,,0.098,0.09248,0.875,0.56388,0.75,0.39392,0.341,0.17708
1168,,0.048,0.06016,0.85,0.53156,0.7,0.32624,0.266,0.1094
1169,,-0.002,0.02784,0.825,0.49924,0.65,0.25856,0.191,0.04172
1170,1,1.0,0.13652,0.943,0.61292,0.75,0.34188,0.266,0.12004
1171,,0.95,0.1042,0.918,0.5806,0.7,0.2742,0.191,0.05236
1172,,0.9,0.07188,0.893,0.54828,0.65,0.20652,0.116,-0.01532
1173,8,0.996,0.18456,1.0,0.66596,0.754,0.29384,0.195,1.0
1174,,0.946,0.15224,0.975,0.63364,0.704,0.22616,0.12,0.93232
1175,,0.896,0.11992,0.95,0.60132,0.654,0.15848,0.045,0.86464
1176,,0.846,0.0876,0.925,0.569,0.604,0.0908,-0.03,0.79696
1177,7,0.946,0.20428,1.0,0.69068,0.711,0.18212,1.0,0.88328
1178,,0.896,0.17196,0.975,0.65836,0.661,0.11444,0.925,0.8156
1179,,0.846,0.13964,0.95,0.62604,0.611,0.04676,0.85,0.74792
1180,,0.796,0.10732,0.925,0.59372,0.561,-0.02092,0.775,0.68024
1181,6,0.897,0.225,1.0,0.7164,0.311,1.0,0.859,0.76756
1182,,0.847,0.19268,0.975,0.68408,0.261,0.93232,0.784,0.69988
1183,,0.797,0.16036,0.95,0.65176,0.211,0.86464,0.709,0.6322
1184,,0.747,0.12804,0.925,0.61944,0.161,0.79696,0.634,0.56452
1185,,0.697,0.09572,0.9,0.58712,0.111,0.72928,0.559,0.49684
1186,,0.647,0.0634,0.875,0.5548,0.061,0.6616,0.484,0.42916
1187,,0.597,0.03108,0.85,0.52248,0.011,0.59392,0.409,0.36148
1188,,0.547,-0.00124,0.825,0.49016,-0.039,0.52624,0.334,0.2938
1189,5,0.647,0.11544,0.95,0.61184,1.0,0.25856,0.416,0.38012
1190,,0.597,0.08312,0.925,0.57952,0.95,0.19088,0.341,0.31244
1191,,0.547,0.0508,0.9,0.5472,0.9,0.1232,0.266,0.24476
1192,,0.497,0.01848,0.875,0.51488,0.85,0.05552,0.191,0.17708
1193,,0.447,-0.01384,0.85,0.48256,0.8,-0.01216,0.116,0.1094
1194,2,0.538,1.0,0.966,0.59524,0.899,0.07016,0.19,0.18672
1195,,0.488,0.96768,0.941,0.56292,0.849,0.00248,0.115,0.11904
1196,,0.438,0.93536,0.916,0.5306,0.799,-0.0652,0.04,0.05136
1197,6,0.539,1.0,1.0,0.65328,0.549,1.0,0.124,0.13868
1198,,0.489,0.96768,0.975,0.62096,0.499,0.93232,0.049,0.071
1199,,0.439,0.93536,0.95,0.58864,0.449,0.86464,-0.026,0.00332
1200,7,0.539,1.0,1.0,0.71032,0.556,0.95596,1.0,0.08964
1201,,0.489,0.96768,0.975,0.678,0.506,0.88828,0.925,0.02196
1202,,0.439,0.93536,0.95,0.64568,0.456,0.8206,0.85,-0.04572
1203,8,0.535,1.0,1.0,0.76336,0.56,0.90792,0.929,1.0
1204,,0.485,0.96768,0.975,0.73104,0.51,0.84024,0.854,0.93232
1205,,0.435,0.93536,0.95,0.69872,0.46,0.77256,0.779,0.86464
1206,,0.385,0.90304,0.925,0.6664,0.41,0.70488,0.704,0.79696
1207,,0.335,0.87072,0.9,0.63408,0.36,0.6372,0.629,0.72928
1208,,0.285,0.8384,0.875,0.60176,0.31,0.56952,0.554,0.6616
1209,,0.235,0.80608,0.85,0.56944,0.26,0.50184,0.479,0.59392
1210,,0.185,0.77376,0.825,0.53712,0.21,0.43416,0.404,0.52624
1211,,0.135,0.74144,0.8,0.5048,0.16,0.36648,0.329,0.45856
1212,,0.085,0.70912,0.775,0.47248,0.11,0.2988,0.254,0.39088
1213,,0.035,0.6768,0.75,0.44016,0.06,0.23112,0.179,0.3232
1214,,-0.015,0.64448,0.725,0.40784,0.01,0.16344,0.104,0.25552
1215,1,1.0,0.75316,0.843,0.52152,0.11,0.24676,0.179,0.33384
1216,,0.95,0.72084,0.818,0.4892,0.06,0.17908,0.104,0.26616
1217,,0.9,0.68852,0.793,0.45688,0.01,0.1114,0.029,0.19848
1218,,0.85,0.6562,0.768,0.42456,-0.04,0.04372,-0.046,0.1308
1219,7,0.95,0.77288,0.893,0.54624,0.067,0.13504,1.0,0.21712
1220,,0.9,0.74056,0.868,0.51392,0.017,0.06736,0.925,0.14944
1221,,0.85,0.70824,0.843,0.4816,-0.033,-0.00032,0.85,0.08176
1222,5,0.95,0.82492,0.968,0.60328,1.0,-0.268,0.932,0.16808
1223,6,1.0,0.9426,1.0,0.72596,0.75,1.0,1.0,0.2554
1224,,0.95,0.91028,0.975,0.69364,0.7,0.93232,0.925,0.18772
1225,,0.9,0.87796,0.95,0.66132,0.65,0.86464,0.85,0.12004
1226,,0.85,0.84564,0.925,0.629,0.6,0.79696,0.775,0.05236
1227,,0.8,0.81332,0.9,0.59668,0.55,0.72928,0.7,-0.01532
1228,8,0.896,0.926,1.0,0.71436,0.654,0.8166,0.779,1.0
1229,,0.846,0.89368,0.975,0.68204,0.604,0.74892,0.704,0.93232
1230,,0.796,0.86136,0.95,0.64972,0.554,0.68124,0.629,0.86464
1231,,0.746,0.82904,0.925,0.6174,0.504,0.61356,0.554,0.79696
1232,,0.696,0.79672,0.9,0.58508,0.454,0.54588,0.479,0.72928
1233,,0.646,0.7644,0.875,0.55276,0.404,0.4782,0.404,0.6616
1234,,0.596,0.73208,0.85,0.52044,0.354,0.41052,0.329,0.59392
1235,,0.546,0.69976,0.825,0.48812,0.304,0.34284,0.254,0.52624
1236,,0.496,0.66744,0.8,0.4558,0.254,0.27516,0.179,0.45856
1237,,0.446,0.63512,0.775,0.42348,0.204,0.20748,0.104,0.39088
1238,,0.396,0.6028,0.75,0.39116,0.154,0.1398,0.029,0.3232
1239,,0.346,0.57048,0.725,0.35884,0.104,0.07212,-0.046,0.25552
1240,7,0.446,0.68716,0.85,0.48052,0.211,0.16344,1.0,0.34184
1241,,0.396,0.65484,0.825,0.4482,0.161,0.09576,0.925,0.27416
1242,,0.346,0.62252,0.8,0.41588,0.111,0.02808,0.85,0.20648
1243,,0.296,0.5902,0.775,0.38356,0.061,-0.0396,0.775,0.1388
1244,6,0.397,0.70788,0.901,0.50624,-0.189,1.0,0.859,0.22612
1245,5,0.497,0.82456,1.0,0.62792,1.0,0.73232,0.941,0.31244
1246,,0.447,0.79224,0.975,0.5956,0.95,0.66464,0.866,0.24476
1247,,0.397,0.75992,0.95,0.56328,0.9,0.59696,0.791,0.17708
1248,,0.347,0.7276,0.925,0.53096,0.85,0.52928,0.716,0.1094
1249,,0.297,0.69528,0.9,0.49864,0.8,0.4616,0.641,0.04172
1250,,0.247,0.66296,0.875,0.46632,0.75,0.39392,0.566,-0.02596
1251,8,0.343,0.77564,0.996,0.584,0.854,0.48124,0.645,1.0
1252,,0.293,0.74332,0.971,0.55168,0.804,0.41356,0.57,0.93232
1253,,0.243,0.711,0.946,0.51936,0.754,0.34588,0.495,0.86464
1254,,0.193,0.67868,0.921,0.48704,0.704,0.2782,0.42,0.79696
1255,,0.143,0.64636,0.896,0.45472,0.654,0.21052,0.345,0.72928
1256,,0.093,0.61404,0.871,0.4224,0.604,0.14284,0.27,0.6616
1257,,0.043,0.58172,0.846,0.39008,0.554,0.07516,0.195,0.59392
1258,,-0.007,0.5494,0.821,0.35776,0.504,0.00748,0.12,0.52624
1259,1,1.0,0.65808,0.939,0.47144,0.604,0.0908,0.195,0.60456
1260,,0.95,0.62576,0.914,0.43912,0.554,0.02312,0.12,0.53688
1261,,0.9,0.59344,0.889,0.4068,0.504,-0.04456,0.045,0.4692
1262,6,1.0,0.71112,1.0,0.52948,0.254,1.0,0.129,0.55652
1263,,0.95,0.6788,0.975,0.49716,0.204,0.93232,0.054,0.48884
1264,,0.9,0.64648,0.95,0.46484,0.154,0.86464,-0.021,0.42116
1265,7,1.0,0.76316,1.0,0.58652,0.261,0.95596,1.0,0.50748
1266,,0.95,0.73084,0.975,0.5542,0.211,0.88828,0.925,0.4398
1267,,0.9,0.69852,0.95,0.52188,0.161,0.8206,0.85,0.37212
1268,,0.85,0.6662,0.925,0.48956,0.111,0.75292,0.775,0.30444
1269,,0.8,0.63388,0.9,0.45724,0.061,0.68524,0.7,0.23676
1270,,0.75,0.60156,0.875,0.42492,0.011,0.61756,0.625,0.16908
1271,,0.7,0.56924,0.85,0.3926,-0.039,0.54988,0.55,0.1014
1272,5,0.8,0.68592,0.975,0.51428,1.0,0.2822,0.632,0.18772
1273,,0.75,0.6536,0.95,0.48196,0.95,0.21452,0.557,0.12004
1274,,0.7,0.62128,0.925,0.44964,0.9,0.14684,0.482,0.05236
1275,,0.65,0.58896,0.9,0.41732,0.85,0.07916,0.407,-0.01532
1276,8,0.746,0.70164,1.0,0.535,0.954,0.16648,0.486,1.0
1277,,0.696,0.66932,0.975,0.50268,0.904,0.0988,0.411,0.93232
1278,,0.646,0.637,0.95,0.47036,0.854,0.03112,0.336,0.86464
1279,,0.596,0.60468,0.925,0.43804,0.804,-0.03656,0.261,0.79696
1280,6,0.697,0.72236,1.0,0.56072,0.554,1.0,0.345,0.88428
1281,,0.647,0.69004,0.975,0.5284,0.504,0.93232,0.27,0.8166
1282,,0.597,0.65772,0.95,0.49608,0.454,0.86464,0.195,0.74892
1283,,0.547,0.6254,0.925,0.46376,0.404,0.79696,0.12,0.68124
1284,,0.497,0.59308,0.9,0.43144,0.354,0.72928,0.045,0.61356
1285,,0.447,0.56076,0.875,0.39912,0.304,0.6616,-0.03,0.54588
1286,7,0.547,0.67744,1.0,0.5208,0.411,0.75292,1.0,0.6322
1287,,0.497,0.64512,0.975,0.48848,0.361,0.68524,0.925,0.56452
1288,,0.447,0.6128,0.95,0.45616,0.311,0.61756,0.85,0.49684
1289,,0.397,0.58048,0.925,0.42384,0.261,0.54988,0.775,0.42916
1290,,0.347,0.54816,0.9,0.39152,0.211,0.4822,0.7,0.36148
1291,,0.297,0.51584,0.875,0.3592,0.161,0.41452,0.625,0.2938
1292,,0.247,0.48352,0.85,0.32688,0.111,0.34684,0.55,0.22612
1293,,0.197,0.4512,0.825,0.29456,0.061,0.27916,0.475,0.15844
1294,,0.147,0.41888,0.8,0.26224,0.011,0.21148,0.4,0.09076
1295,,0.097,0.38656,0.775,0.22992,-0.039,0.1438,0.325,0.02308
1296,5,0.197,0.50324,0.9,0.3516,1.0,-0.12388,0.407,0.1094
1297,6,0.298,0.62092,1.0,0.47428,0.75,1.0,0.491,0.19672
1298,,0.248,0.5886,0.975,0.44196,0.7,0.93232,0.416,0.12904
1299,,0.198,0.55628,0.95,0.40964,0.65,0.86464,0.341,0.06136
1300,,0.148,0.52396,0.925,0.37732,0.6,0.79696,0.266,-0.00632
1301,8,0.244,0.63664,1.0,0.495,0.704,0.88428,0.345,1.0
1302,,0.194,0.60432,0.975,0.46268,0.654,0.8166,0.27,0.93232
1303,,0.144,0.572,0.95,0.43036,0.604,0.74892,0.195,0.86464
1304,,0.094,0.53968,0.925,0.39804,0.554,0.68124,0.12,0.79696
1305,,0.044,0.50736,0.9,0.36572,0.504,0.61356,0.045,0.72928
1306,,-0.006,0.47504,0.875,0.3334,0.454,0.54588,-0.03,0.6616
1307,7,0.094,0.59172,1.0,0.45508,0.561,0.6372,1.0,0.74792
1308,,0.044,0.5594,0.975,0.42276,0.511,0.56952,0.925,0.68024
1309,,-0.006,0.52708,0.95,0.39044,0.461,0.50184,0.85,0.61256
1310,1,1.0,0.63576,1.0,0.50412,0.561,0.58516,0.925,0.69088
1311,,0.95,0.60344,0.975,0.4718,0.511,0.51748,0.85,0.6232
1312,,0.9,0.57112,0.95,0.43948,0.461,0.4498,0.775,0.55552
1313,,0.85,0.5388,0.925,0.40716,0.411,0.38212,0.7,0.48784
1314,,0.8,0.50648,0.9,0.37484,0.361,0.31444,0.625,0.42016
1315,,0.75,0.47416,0.875,0.34252,0.311,0.24676,0.55,0.35248
1316,,0.7,0.44184,0.85,0.3102,0.261,0.17908,0.475,0.2848
1317,,0.65,0.40952,0.825,0.27788,0.211,0.1114,0.4,0.21712
1318,,0.6,0.3772,0.8,0.24556,0.161,0.04372,0.325,0.14944
1319,,0.55,0.34488,0.775,0.21324,0.111,-0.02396,0.25,0.08176
1320,6,0.651,0.46256,0.901,0.33592,-0.139,1.0,0.334,0.16908
1321,5,0.751,0.57924,1.0,0.4576,1.0,0.73232,0.416,0.2554
1322,,0.701,0.54692,0.975,0.42528,0.95,0.66464,0.341,0.18772
1323,,0.651,0.5146,0.95,0.39296,0.9,0.59696,0.266,0.12004
1324,,0.601,0.48228,0.925,0.36064,0.85,0.52928,0.191,0.05236
1325,,0.551,0.44996,0.9,0.32832,0.8,0.4616,0.116,-0.01532
1326,8,0.647,0.56264,1.0,0.446,0.904,0.54892,0.195,1.0
1327,,0.597,0.53032,0.975,0.41368,0.854,0.48124,0.12,0.93232
1328,,0.547,0.498,0.95,0.38136,0.804,0.41356,0.045,0.86464
1329,,0.497,0.46568,0.925,0.34904,0.754,0.34588,-0.03,0.79696
1330,7,0.597,0.58236,1.0,0.47072,0.861,0.4372,1.0,0.88328
1331,,0.547,0.55004,0.975,0.4384,0.811,0.36952,0.925,0.8156
1332,,0.497,0.51772,0.95,0.40608,0.761,0.30184,0.85,0.74792
1333,,0.447,0.4854,0.925,0.37376,0.711,0.23416,0.775,0.68024
1334,,0.397,0.45308,0.9,0.34144,0.661,0.16648,0.7,0.61256
1335,,0.347,0.42076,0.875,0.30912,0.611,0.0988,0.625,0.54488
1336,,0.297,0.38844,0.85,0.2768,0.561,0.03112,0.55,0.4772
1337,,0.247,0.35612,0.825,0.24448,0.511,-0.03656,0.475,0.40952
1338,6,0.348,0.4738,0.951,0.36716,0.261,1.0,0.559,0.49684
1339,,0.298,0.44148,0.926,0.33484,0.211,0.93232,0.484,0.42916
1340,,0.248,0.40916,0.901,0.30252,0.161,0.86464,0.409,0.36148
1341,,0.198,0.37684,0.876,0.2702,0.111,0.79696,0.334,0.2938
1342,,0.148,0.34452,0.851,0.23788,0.061,0.72928,0.259,0.22612
1343,,0.098,0.3122,0.826,0.20556,0.011,0.6616,0.184,0.15844
1344,,0.048,0.27988,0.801,0.17324,-0.039,0.59392,0.109,0.09076
1345,5,0.148,0.39656,0.926,0.29492,1.0,0.32624,0.191,0.17708
1346,,0.098,0.36424,0.901,0.2626,0.95,0.25856,0.116,0.1094
1347,,0.048,0.33192,0.876,0.23028,0.9,0.19088,0.041,0.04172
1348,,-0.002,0.2996,0.851,0.19796,0.85,0.1232,-0.034,-0.02596
1349,7,0.098,0.41628,0.976,0.31964,0.957,0.21452,1.0,0.06036
1350,,0.048,0.38396,0.951,0.28732,0.907,0.14684,0.925,-0.00732
1351,8,0.144,0.49664,1.0,0.405,1.0,0.23416,1.0,1.0
1352,,0.094,0.46432,0.975,0.37268,0.95,0.16648,0.925,0.93232
1353,,0.044,0.432,0.95,0.34036,0.9,0.0988,0.85,0.86464
1354,,-0.006,0.39968,0.925,0.30804,0.85,0.03112,0.775,0.79696
1355,1,1.0,0.50836,1.0,0.42172,0.95,0.11444,0.85,0.87528
1356,,0.95,0.47604,0.975,0.3894,0.9,0.04676,0.775,0.8076
1357,,0.9,0.44372,0.95,0.35708,0.85,-0.02092,0.7,0.73992
1358,6,1.0,0.5614,1.0,0.47976,0.6,1.0,0.784,0.82724
1359,,0.95,0.52908,0.975,0.44744,0.55,0.93232,0.709,0.75956
1360,,0.9,0.49676,0.95,0.41512,0.5,0.86464,0.634,0.69188
1361,,0.85,0.46444,0.925,0.3828,0.45,0.79696,0.559,0.6242
1362,,0.8,0.43212,0.9,0.35048,0.4,0.72928,0.484,0.55652
1363,,0.75,0.3998,0.875,0.31816,0.35,0.6616,0.409,0.48884
1364,,0.7,0.36748,0.85,0.28584,0.3,0.59392,0.334,0.42116
1365,,0.65,0.33516,0.825,0.25352,0.25,0.52624,0.259,0.35348
1366,,0.6,0.30284,0.8,0.2212,0.2,0.45856,0.184,0.2858
1367,,0.55,0.27052,0.775,0.18888,0.15,0.39088,0.109,0.21812
1368,,0.5,0.2382,0.75,0.15656,0.1,0.3232,0.034,0.15044
1369,,0.45,0.20588,0.725,0.12424,0.05,0.25552,-0.041,0.08276
1370,7,0.55,0.32256,0.85,0.24592,0.157,0.34684,1.0,0.16908
1371,,0.5,0.29024,0.825,0.2136,0.107,0.27916,0.925,0.1014
1372,,0.45,0.25792,0.8,0.18128,0.057,0.21148,0.85,0.03372
1373,,0.4,0.2256,0.775,0.14896,0.007,0.1438,0.775,-0.03396
1374,8,0.496,0.33828,0.896,0.26664,0.111,0.23112,0.854,1.0
1375,,0.446,0.30596,0.871,0.23432,0.061,0.16344,0.779,0.93232
1376,,0.396,0.27364,0.846,0.202,0.011,0.09576,0.704,0.86464
1377,,0.346,0.24132,0.821,0.16968,-0.039,0.02808,0.629,0.79696
1378,5,0.446,0.358,0.946,0.29136,1.0,-0.2396,0.711,0.88328
1379,6,0.547,0.47568,1.0,0.41404,0.75,1.0,0.795,0.9706
1380,,0.497,0.44336,0.975,0.38172,0.7,0.93232,0.72,0.90292
1381,,0.447,0.41104,0.95,0.3494,0.65,0.86464,0.645,0.83524
1382,,0.397,0.37872,0.925,0.31708,0.6,0.79696,0.57,0.76756
1383,,0.347,0.3464,0.9,0.28476,0.55,0.72928,0.495,0.69988
1384,,0.297,0.31408,0.875,0.25244,0.5,0.6616,0.42,0.6322
1385,,0.247,0.28176,0.85,0.22012,0.45,0.59392,0.345,0.56452
1386,,0.197,0.24944,0.825,0.1878,0.4,0.52624,0.27,0.49684
1387,,0.147,0.21712,0.8,0.15548,0.35,0.45856,0.195,0.42916
1388,,0.097,0.1848,0.775,0.12316,0.3,0.39088,0.12,0.36148
1389,,0.047,0.15248,0.75,0.09084,0.25,0.3232,0.045,0.2938
1390,,-0.003,0.12016,0.725,0.05852,0.2,0.25552,-0.03,0.22612
1391,7,0.097,0.23684,0.85,0.1802,0.307,0.34684,1.0,0.31244
1392,,0.047,0.20452,0.825,0.14788,0.257,0.27916,0.925,0.24476
1393,,-0.003,0.1722,0.8,0.11556,0.207,0.21148,0.85,0.17708
1394,1,1.0,0.28088,0.918,0.22924,0.307,0.2948,0.925,0.2554
1395,,0.95,0.24856,0.893,0.19692,0.257,0.22712,0.85,0.18772
1396,,0.9,0.21624,0.868,0.1646,0.207,0.15944,0.775,0.12004
1397,,0.85,0.18392,0.843,0.13228,0.157,0.09176,0.7,0.05236
1398,,0.8,0.1516,0.818,0.09996,0.107,0.02408,0.625,-0.01532
1399,8,0.896,0.26428,0.939,0.21764,0.211,0.1114,0.704,1.0
1400,,0.846,0.23196,0.914,0.18532,0.161,0.04372,0.629,0.93232
1401,,0.796,0.19964,0.889,0.153,0.111,-0.02396,0.554,0.86464
1402,6,0.897,0.31732,1.0,0.27568,-0.139,1.0,0.638,0.95196
1403,5,0.997,0.434,1.0,0.39736,1.0,0.73232,0.72,1.0
1404,,0.947,0.40168,0.975,0.36504,0.95,0.66464,0.645,0.93232
1405,,0.897,0.36936,0.95,0.33272,0.9,0.59696,0.57,0.86464
1406,,0.847,0.33704,0.925,0.3004,0.85,0.52928,0.495,0.79696
1407,,0.797,0.30472,0.9,0.26808,0.8,0.4616,0.42,0.72928
1408,,0.747,0.2724,0.875,0.23576,0.75,0.39392,0.345,0.6616
1409,,0.697,0.24008,0.85,0.20344,0.7,0.32624,0.27,0.59392
1410,,0.647,0.20776,0.825,0.17112,0.65,0.25856,0.195,0.52624
1411,,0.597,0.17544,0.8,0.1388,0.6,0.19088,0.12,0.45856
1412,,0.547,0.14312,0.775,0.10648,0.55,0.1232,0.045,0.39088
1413,,0.497,0.1108,0.75,0.07416,0.5,0.05552,-0.03,0.3232
1414,7,0.597,0.22748,0.875,0.19584,0.607,0.14684,1.0,0.40952
1415,,0.547,0.19516,0.85,0.16352,0.557,0.07916,0.925,0.34184
1416,,0.497,0.16284,0.825,0.1312,0.507,0.01148,0.85,0.27416
1417,,0.447,0.13052,0.8,0.09888,0.457,-0.0562,0.775,0.20648
1418,6,0.548,0.2482,0.926,0.22156,0.207,1.0,0.859,0.2938
1419,,0.498,0.21588,0.901,0.18924,0.157,0.93232,0.784,0.22612
1420,,0.448,0.18356,0.876,0.15692,0.107,0.86464,0.709,0.15844
1421,,0.398,0.15124,0.851,0.1246,0.057,0.79696,0.634,0.09076
1422,,0.348,0.11892,0.826,0.09228,0.007,0.72928,0.559,0.02308
1423,,0.298,0.0866,0.801,0.05996,-0.043,0.6616,0.484,-0.0446
1424,8,0.394,0.19928,0.922,0.17764,0.061,0.74892,0.563,1.0
1425,,0.344,0.16696,0.897,0.14532,0.011,0.68124,0.488,0.93232
1426,,0.294,0.13464,0.872,0.113,-0.039,0.61356,0.413,0.86464
1427,5,0.394,0.25132,0.997,0.23468,1.0,0.34588,0.495,0.95096
1428,,0.344,0.219,0.972,0.20236,0.95,0.2782,0.42,0.88328
1429,,0.294,0.18668,0.947,0.17004,0.9,0.21052,0.345,0.8156
1430,,0.244,0.15436,0.922,0.13772,0.85,0.14284,0.27,0.74792
1431,,0.194,0.12204,0.897,0.1054,0.8,0.07516,0.195,0.68024
1432,,0.144,0.08972,0.872,0.07308,0.75,0.00748,0.12,0.61256
1433,,0.094,0.0574,0.847,0.04076,0.7,-0.0602,0.045,0.54488
1434,6,0.195,0.17508,0.973,0.16344,0.45,1.0,0.129,0.6322
1435,,0.145,0.14276,0.948,0.13112,0.4,0.93232,0.054,0.56452
1436,,0.095,0.11044,0.923,0.0988,0.35,0.86464,-0.021,0.49684
1437,7,0.195,0.22712,1.0,0.22048,0.457,0.95596,1.0,0.58316
1438,,0.145,0.1948,0.975,0.18816,0.407,0.88828,0.925,0.51548
1439,,0.095,0.16248,0.95,0.15584,0.357,0.8206,0.85,0.4478
1440,,0.045,0.13016,0.925,0.12352,0.307,0.75292,0.775,0.38012
1441,,-0.005,0.09784,0.9,0.0912,0.257,0.68524,0.7,0.31244
1442,1,1.0,0.20652,1.0,0.20488,0.357,0.76856,0.775,0.39076
1443,,0.95,0.1742,0.975,0.17256,0.307,0.70088,0.7,0.32308
1444,,0.9,0.14188,0.95,0.14024,0.257,0.6332,0.625,0.2554
1445,,0.85,0.10956,0.925,0.10792,0.207,0.56552,0.55,0.18772
1446,,0.8,0.07724,0.9,0.0756,0.157,0.49784,0.475,0.12004
1447,,0.75,0.04492,0.875,0.04328,0.107,0.43016,0.4,0.05236
1448,,0.7,0.0126,0.85,0.01096,0.057,0.36248,0.325,-0.01532
1449,8,0.796,0.12528,0.971,0.12864,0.161,0.4498,0.404,1.0
1450,,0.746,0.09296,0.946,0.09632,0.111,0.38212,0.329,0.93232
1451,,0.696,0.06064,0.921,0.064,0.061,0.31444,0.254,0.86464
1452,,0.646,0.02832,0.896,0.03168,0.011,0.24676,0.179,0.79696
1453,,0.596,-0.004,0.871,-0.00064,-0.039,0.17908,0.104,0.72928
1454,5,0.696,0.11268,0.996,0.12104,1.0,-0.0886,0.186,0.8156
1455,6,0.797,0.23036,1.0,0.24372,0.75,1.0,0.27,0.90292
1456,,0.747,0.19804,0.975,0.2114,0.7,0.93232,0.195,0.83524
1457,,0.697,0.16572,0.95,0.17908,0.65,0.86464,0.12,0.76756
1458,,0.647,0.1334,0.925,0.14676,0.6,0.79696,0.045,0.69988
1459,,0.597,0.10108,0.9,0.11444,0.55,0.72928,-0.03,0.6322
1460,7,0.697,0.21776,1.0,0.23612,0.657,0.8206,1.0,0.71852
1461,,0.647,0.18544,0.975,0.2038,0.607,0.75292,0.925,0.65084
1462,,0.597,0.15312,0.95,0.17148,0.557,0.68524,0.85,0.58316
1463,,0.547,0.1208,0.925,0.13916,0.507,0.61756,0.775,0.51548
1464,,0.497,0.08848,0.9,0.10684,0.457,0.54988,0.7,0.4478
1465,,0.447,0.05616,0.875,0.07452,0.407,0.4822,0.625,0.38012
1466,,0.397,0.02384,0.85,0.0422,0.357,0.41452,0.55,0.31244
1467,,0.347,-0.00848,0.825,0.00988,0.307,0.34684,0.475,0.24476
1468,2,0.438,1.0,0.941,0.12256,0.406,0.42916,0.549,0.32208
1469,,0.388,0.96768,0.916,0.09024,0.356,0.36148,0.474,0.2544
1470,,0.338,0.93536,0.891,0.05792,0.306,0.2938,0.399,0.18672
1471,,0.288,0.90304,0.866,0.0256,0.256,0.22612,0.324,0.11904
1472,,0.238,0.87072,0.841,-0.00672,0.206,0.15844,0.249,0.05136
1473,4,0.334,0.9834,0.962,1.0,0.31,0.24576,0.328,0.13368
1474,,0.284,0.95108,0.937,0.96768,0.26,0.17808,0.253,0.066
1475,,0.234,0.91876,0.912,0.93536,0.21,0.1104,0.178,-0.00168
1476,8,0.33,1.0,1.0,1.0,0.314,0.19772,0.257,1.0
1477,,0.28,0.96768,0.975,0.96768,0.264,0.13004,0.182,0.93232
1478,,0.23,0.93536,0.95,0.93536,0.214,0.06236,0.107,0.86464
1479,,0.18,0.90304,0.925,0.90304,0.164,-0.00532,0.032,0.79696
1480,6,0.281,1.0,1.0,1.0,-0.086,1.0,0.116,0.88428
1481,5,0.381,1.0,1.0,1.0,1.0,0.73232,0.198,0.9706
1482,,0.331,0.96768,0.975,0.96768,0.95,0.66464,0.123,0.90292
1483,,0.281,0.93536,0.95,0.93536,0.9,0.59696,0.048,0.83524
1484,,0.231,0.90304,0.925,0.90304,0.85,0.52928,-0.027,0.76756
1485,7,0.331,1.0,1.0,1.0,0.957,0.6206,1.0,0.85388
1486,,0.281,0.96768,0.975,0.96768,0.907,0.55292,0.925,0.7862
1487,,0.231,0.93536,0.95,0.93536,0.857,0.48524,0.85,0.71852
1488,,0.181,0.90304,0.925,0.90304,0.807,0.41756,0.775,0.65084
1489,,0.131,0.87072,0.9,0.87072,0.757,0.34988,0.7,0.58316
1490,,0.081,0.8384,0.875,0.8384,0.707,0.2822,0.625,0.51548
1491,,0.031,0.80608,0.85,0.80608,0.657,0.21452,0.55,0.4478
1492,,-0.019,0.77376,0.825,0.77376,0.607,0.14684,0.475,0.38012
1493,1,1.0,0.88244,0.943,0.88744,0.707,0.23016,0.55,0.45844
1494,,0.95,0.85012,0.918,0.85512,0.657,0.16248,0.475,0.39076
1495,,0.9,0.8178,0.893,0.8228,0.607,0.0948,0.4,0.32308
1496,,0.85,0.78548,0.868,0.79048,0.557,0.02712,0.325,0.2554
1497,,0.8,0.75316,0.843,0.75816,0.507,-0.04056,0.25,0.18772
1498,6,0.901,0.87084,0.969,0.88084,0.257,1.0,0.334,0.27504
1499,,0.851,0.83852,0.944,0.84852,0.207,0.93232,0.259,0.20736
1500,,0.801,0.8062,0.919,0.8162,0.157,0.86464,0.184,0.13968
1501,,0.751,0.77388,0.894,0.78388,0.107,0.79696,0.109,0.072
1502,,0.701,0.74156,0.869,0.75156,0.057,0.72928,0.034,0.00432
1503,,0.651,0.70924,0.844,0.71924,0.007,0.6616,-0.041,-0.06336
1504,8,0.747,0.82192,0.965,0.83692,0.111,0.74892,0.038,1.0
1505,,0.697,0.7896,0.94,0.8046,0.061,0.68124,-0.037,0.93232
1506,7,0.797,0.90628,1.0,0.92628,0.168,0.77256,1.0,1.0
1507,,0.747,0.87396,0.975,0.89396,0.118,0.70488,0.925,0.93232
1508,,0.697,0.84164,0.95,0.86164,0.068,0.6372,0.85,0.86464
1509,,0.647,0.80932,0.925,0.82932,0.018,0.56952,0.775,0.79696
1510,,0.597,0.777,0.9,0.797,-0.032,0.50184,0.7,0.72928
1511,5,0.697,0.89368,1.0,0.91868,1.0,0.23416,0.782,0.8156
1512,,0.647,0.86136,0.975,0.88636,0.95,0.16648,0.707,0.74792
1513,,0.597,0.82904,0.95,0.85404,0.9,0.0988,0.632,0.68024
1514,,0.547,0.79672,0.925,0.82172,0.85,0.03112,0.557,0.61256
1515,,0.497,0.7644,0.9,0.7894,0.8,-0.03656,0.482,0.54488
1516,6,0.598,0.88208,1.0,0.91208,0.55,1.0,0.566,0.6322
1517,,0.548,0.84976,0.975,0.87976,0.5,0.93232,0.491,0.56452
1518,,0.498,0.81744,0.95,0.84744,0.45,0.86464,0.416,0.49684
1519,,0.448,0.78512,0.925,0.81512,0.4,0.79696,0.341,0.42916
1520,,0.398,0.7528,0.9,0.7828,0.35,0.72928,0.266,0.36148
1521,,0.348,0.72048,0.875,0.75048,0.3,0.6616,0.191,0.2938
1522,,0.298,0.68816,0.85,0.71816,0.25,0.59392,0.116,0.22612
1523,,0.248,0.65584,0.825,0.68584,0.2,0.52624,0.041,0.15844
1524,,0.198,0.62352,0.8,0.65352,0.15,0.45856,-0.034,0.09076
1525,7,0.298,0.7402,0.925,0.7752,0.257,0.54988,1.0,0.17708
1526,,0.248,0.70788,0.9,0.74288,0.207,0.4822,0.925,0.1094
1527,,0.198,0.67556,0.875,0.71056,0.157,0.41452,0.85,0.04172
1528,,0.148,0.64324,0.85,0.67824,0.107,0.34684,0.775,-0.02596
1529,8,0.244,0.75592,0.971,0.79592,0.211,0.43416,0.854,1.0
1530,,0.194,0.7236,0.946,0.7636,0.161,0.36648,0.779,0.93232
1531,,0.144,0.69128,0.921,0.73128,0.111,0.2988,0.704,0.86464
1532,,0.094,0.65896,0.896,0.69896,0.061,0.23112,0.629,0.79696
1533,,0.044,0.62664,0.871,0.66664,0.011,0.16344,0.554,0.72928
1534,,-0.006,0.59432,0.846,0.63432,-0.039,0.09576,0.479,0.6616
1535,5,0.094,0.711,0.971,0.756,1.0,-0.17192,0.561,0.74792
1536,6,0.195,0.82868,1.0,0.87868,0.75,1.0,0.645,0.83524
1537,,0.145,0.79636,0.975,0.84636,0.7,0.93232,0.57,0.76756
1538,,0.095,0.76404,0.95,0.81404,0.65,0.86464,0.495,0.69988
1539,,0.045,0.73172,0.925,0.78172,0.6,0.79696,0.42,0.6322
1540,,-0.005,0.6994,0.9,0.7494,0.55,0.72928,0.345,0.56452
1541,1,1.0,0.80808,1.0,0.86308,0.65,0.8126,0.42,0.64284
1542,,0.95,0.77576,0.975,0.83076,0.6,0.74492,0.345,0.57516
1543,,0.9,0.74344,0.95,0.79844,0.55,0.67724,0.27,0.50748
1544,,0.85,0.71112,0.925,0.76612,0.5,0.60956,0.195,0.4398
1545,,0.8,0.6788,0.9,0.7338,0.45,0.54188,0.12,0.37212
1546,,0.75,0.64648,0.875,0.70148,0.4,0.4742,0.045,0.30444
1547,,0.7,0.61416,0.85,0.66916,0.35,0.40652,-0.03,0.23676
1548,7,0.8,0.73084,0.975,0.79084,0.457,0.49784,1.0,0.32308
1549,,0.75,0.69852,0.95,0.75852,0.407,0.43016,0.925,0.2554
1550,,0.7,0.6662,0.925,0.7262,0.357,0.36248,0.85,0.18772
1551,,0.65,0.63388,0.9,0.69388,0.307,0.2948,0.775,0.12004
1552,,0.6,0.60156,0.875,0.66156,0.257,0.22712,0.7,0.05236
1553,,0.55,0.56924,0.85,0.62924,0.207,0.15944,0.625,-0.01532
1554,8,0.646,0.68192,0.971,0.74692,0.311,0.24676,0.704,1.0
1555,,0.596,0.6496,0.946,0.7146,0.261,0.17908,0.629,0.93232
1556,,0.546,0.61728,0.921,0.68228,0.211,0.1114,0.554,0.86464
1557,,0.496,0.58496,0.896,0.64996,0.161,0.04372,0.479,0.79696
1558,,0.446,0.55264,0.871,0.61764,0.111,-0.02396,0.404,0.72928
1559,6,0.547,0.67032,0.997,0.74032,-0.139,1.0,0.488,0.8166
1560,5,0.647,0.787,1.0,0.862,1.0,0.73232,0.57,0.90292
1561,,0.597,0.75468,0.975,0.82968,0.95,0.66464,0.495,0.83524
1562,,0.547,0.72236,0.95,0.79736,0.9,0.59696,0.42,0.76756
1563,,0.497,0.69004,0.925,0.76504,0.85,0.52928,0.345,0.69988
1564,,0.447,0.65772,0.9,0.73272,0.8,0.4616,0.27,0.6322
1565,,0.397,0.6254,0.875,0.7004,0.75,0.39392,0.195,0.56452
1566,,0.347,0.59308,0.85,0.66808,0.7,0.32624,0.12,0.49684
1567,,0.297,0.56076,0.825,0.63576,0.65,0.25856,0.045,0.42916
1568,,0.247,0.52844,0.8,0.60344,0.6,0.19088,-0.03,0.36148
1569,7,0.347,0.64512,0.925,0.72512,0.707,0.2822,1.0,0.4478
1570,,0.297,0.6128,0.9,0.6928,0.657,0.21452,0.925,0.38012
1571,,0.247,0.58048,0.875,0.66048,0.607,0.14684,0.85,0.31244
1572,,0.197,0.54816,0.85,0.62816,0.557,0.07916,0.775,0.24476
1573,,0.147,0.51584,0.825,0.59584,0.507,0.01148,0.7,0.17708
1574,,0.097,0.48352,0.8,0.56352,0.457,-0.0562,0.625,0.1094
1575,6,0.198,0.6012,0.926,0.6862,0.207,1.0,0.709,0.19672
1576,,0.148,0.56888,0.901,0.65388,0.157,0.93232,0.634,0.12904
1577,,0.098,0.53656,0.876,0.62156,0.107,0.86464,0.559,0.06136
1578,,0.048,0.50424,0.851,0.58924,0.057,0.79696,0.484,-0.00632
1579,8,0.144,0.61692,0.972,0.70692,0.161,0.88428,0.563,1.0
1580,,0.094,0.5846,0.947,0.6746,0.111,0.8166,0.488,0.93232
1581,,0.044,0.55228,0.922,0.64228,0.061,0.74892,0.413,0.86464
1582,,-0.006,0.51996,0.897,0.60996,0.011,0.68124,0.338,0.79696
1583,1,1.0,0.62864,1.0,0.72364,0.111,0.76456,0.413,0.87528
1584,,0.95,0.59632,0.975,0.69132,0.061,0.69688,0.338,0.8076
1585,,0.9,0.564,0.95,0.659,0.011,0.6292,0.263,0.73992
1586,,0.85,0.53168,0.925,0.62668,-0.039,0.56152,0.188,0.67224
1587,5,0.95,0.64836,1.0,0.74836,1.0,0.29384,0.27,0.75856
1588,,0.9,0.61604,0.975,0.71604,0.95,0.22616,0.195,0.69088
1589,,0.85,0.58372,0.95,0.68372,0.9,0.15848,0.12,0.6232
1590,,0.8,0.5514,0.925,0.6514,0.85,0.0908,0.045,0.55552
1591,,0.75,0.51908,0.9,0.61908,0.8,0.02312,-0.03,0.48784
1592,7,0.85,0.63576,1.0,0.74076,0.907,0.11444,1.0,0.57416
1593,,0.8,0.60344,0.975,0.70844,0.857,0.04676,0.925,0.50648
1594,,0.75,0.57112,0.95,0.67612,0.807,-0.02092,0.85,0.4388
1595,6,0.851,0.6888,1.0,0.7988,0.557,1.0,0.934,0.52612
1596,,0.801,0.65648,0.975,0.76648,0.507,0.93232,0.859,0.45844
1597,,0.751,0.62416,0.95,0.73416,0.457,0.86464,0.784,0.39076
1598,,0.701,0.59184,0.925,0.70184,0.407,0.79696,0.709,0.32308
1599,,0.651,0.55952,0.9,0.66952,0.357,0.72928,0.634,0.2554
1600,,0.601,0.5272,0.875,0.6372,0.307,0.6616,0.559,0.18772
1601,,0.551,0.49488,0.85,0.60488,0.257,0.59392,0.484,0.12004
1602,,0.501,0.46256,0.825,0.57256,0.207,0.52624,0.409,0.05236
1603,,0.451,0.43024,0.8,0.54024,0.157,0.45856,0.334,-0.01532
1604,8,0.547,0.54292,0.921,0.65792,0.261,0.54588,0.413,1.0
1605,,0.497,0.5106,0.896,0.6256,0.211,0.4782,0.338,0.93232
1606,,0.447,0.47828,0.871,0.59328,0.161,0.41052,0.263,0.86464
1607,,0.397,0.44596,0.846,0.56096,0.111,0.34284,0.188,0.79696
1608,,0.347,0.41364,0.821,0.52864,0.061,0.27516,0.113,0.72928
1609,,0.297,0.38132,0.796,0.49632,0.011,0.20748,0.038,0.6616
1610,,0.247,0.349,0.771,0.464,-0.039,0.1398,-0.037,0.59392
1611,5,0.347,0.46568,0.896,0.58568,1.0,-0.12788,0.045,0.68024
1612,6,0.448,0.58336,1.0,0.70836,0.75,1.0,0.129,0.76756
1613,,0.398,0.55104,0.975,0.67604,0.7,0.93232,0.054,0.69988
1614,,0.348,0.51872,0.95,0.64372,0.65,0.86464,-0.021,0.6322
1615,7,0.448,0.6354,1.0,0.7654,0.757,0.95596,1.0,0.71852
1616,,0.398,0.60308,0.975,0.73308,0.707,0.88828,0.925,0.65084
1617,,0.348,0.57076,0.95,0.70076,0.657,0.8206,0.85,0.58316
1618,,0.298,0.53844,0.925,0.66844,0.607,0.75292,0.775,0.51548
1619,,0.248,0.50612,0.9,0.63612,0.557,0.68524,0.7,0.4478
1620,,0.198,0.4738,0.875,0.6038,0.507,0.61756,0.625,0.38012
1621,,0.148,0.44148,0.85,0.57148,0.457,0.54988,0.55,0.31244
1622,,0.098,0.40916,0.825,0.53916,0.407,0.4822,0.475,0.24476
1623,,0.048,0.37684,0.8,0.50684,0.357,0.41452,0.4,0.17708
1624,,-0.002,0.34452,0.775,0.47452,0.307,0.34684,0.325,0.1094
1625,1,1.0,0.4532,0.893,0.5882,0.407,0.43016,0.4,0.18772
1626,,0.95,0.42088,0.868,0.55588,0.357,0.36248,0.325,0.12004
1627,,0.9,0.38856,0.843,0.52356,0.307,0.2948,0.25,0.05236
1628,,0.85,0.35624,0.818,0.49124,0.257,0.22712,0.175,-0.01532
1629,8,0.946,0.46892,0.939,0.60892,0.361,0.31444,0.254,1.0
1630,,0.896,0.4366,0.914,0.5766,0.311,0.24676,0.179,0.93232
1631,,0.846,0.40428,0.889,0.54428,0.261,0.17908,0.104,0.86464
1632,,0.796,0.37196,0.864,0.51196,0.211,0.1114,0.029,0.79696
1633,,0.746,0.33964,0.839,0.47964,0.161,0.04372,-0.046,0.72928
1634,7,0.846,0.45632,0.964,0.60132,0.268,0.13504,1.0,0.8156
1635,,0.796,0.424,0.939,0.569,0.218,0.06736,0.925,0.74792
1636,,0.746,0.39168,0.914,0.53668,0.168,-0.00032,0.85,0.68024
1637,6,0.847,0.50936,1.0,0.65936,-0.082,1.0,0.934,0.76756
1638,5,0.947,0.62604,1.0,0.78104,1.0,0.73232,1.0,0.85388
1639,,0.897,0.59372,0.975,0.74872,0.95,0.66464,0.925,0.7862
1640,,0.847,0.5614,0.95,0.7164,0.9,0.59696,0.85,0.71852
1641,,0.797,0.52908,0.925,0.68408,0.85,0.52928,0.775,0.65084
1642,,0.747,0.49676,0.9,0.65176,0.8,0.4616,0.7,0.58316
1643,,0.697,0.46444,0.875,0.61944,0.75,0.39392,0.625,0.51548
1644,,0.647,0.43212,0.85,0.58712,0.7,0.32624,0.55,0.4478
1645,,0.597,0.3998,0.825,0.5548,0.65,0.25856,0.475,0.38012
1646,,0.547,0.36748,0.8,0.52248,0.6,0.19088,0.4,0.31244
1647,,0.497,0.33516,0.775,0.49016,0.55,0.1232,0.325,0.24476
1648,,0.447,0.30284,0.75,0.45784,0.5,0.05552,0.25,0.17708
1649,,0.397,0.27052,0.725,0.42552,0.45,-0.01216,0.175,0.1094
1650,6,0.498,0.3882,0.851,0.5482,0.2,1.0,0.259,0.19672
1651,,0.448,0.35588,0.826,0.51588,0.15,0.93232,0.184,0.12904
1652,,0.398,0.32356,0.801,0.48356,0.1,0.86464,0.109,0.06136
1653,,0.348,0.29124,0.776,0.45124,0.05,0.79696,0.034,-0.00632
1654,8,0.444,0.40392,0.897,0.56892,0.154,0.88428,0.113,1.0
1655,,0.394,0.3716,0.872,0.5366,0.104,0.8166,0.038,0.93232
1656,,0.344,0.33928,0.847,0.50428,0.054,0.74892,-0.037,0.86464
1657,7,0.444,0.45596,0.972,0.62596,0.161,0.84024,1.0,0.95096
1658,,0.394,0.42364,0.947,0.59364,0.111,0.77256,0.925,0.88328
1659,,0.344,0.39132,0.922,0.56132,0.061,0.70488,0.85,0.8156
1660,,0.294,0.359,0.897,0.529,0.011,0.6372,0.775,0.74792
1661,,0.244,0.32668,0.872,0.49668,-0.039,0.56952,0.7,0.68024
1662,5,0.344,0.44336,0.997,0.61836,1.0,0.30184,0.782,0.76656
1663,,0.294,0.41104,0.972,0.58604,0.95,0.23416,0.707,0.69888
1664,,0.244,0.37872,0.947,0.55372,0.9,0.16648,0.632,0.6312
1665,,0.194,0.3464,0.922,0.5214,0.85,0.0988,0.557,0.56352
1666,,0.144,0.31408,0.897,0.48908,0.8,0.03112,0.482,0.49584
1667,,0.094,0.28176,0.872,0.45676,0.75,-0.03656,0.407,0.42816
1668,6,0.195,0.39944,0.998,0.57944,0.5,1.0,0.491,0.51548
1669,,0.145,0.36712,0.973,0.54712,0.45,0.93232,0.416,0.4478
1670,,0.095,0.3348,0.948,0.5148,0.4,0.86464,0.341,0.38012
1671,,0.045,0.30248,0.923,0.48248,0.35,0.79696,0.266,0.31244
1672,,-0.005,0.27016,0.898,0.45016,0.3,0.72928,0.191,0.24476
1673,1,1.0,0.37884,1.0,0.56384,0.4,0.8126,0.266,0.32308
1674,,0.95,0.34652,0.975,0.53152,0.35,0.74492,0.191,0.2554
1675,,0.9,0.3142,0.95,0.4992,0.3,0.67724,0.116,0.18772
1676,,0.85,0.28188,0.925,0.46688,0.25,0.60956,0.041,0.12004
1677,,0.8,0.24956,0.9,0.43456,0.2,0.54188,-0.034,0.05236
1678,7,0.9,0.36624,1.0,0.55624,0.307,0.6332,1.0,0.13868
1679,,0.85,0.33392,0.975,0.52392,0.257,0.56552,0.925,0.071
1680,,0.8,0.3016,0.95,0.4916,0.207,0.49784,0.85,0.00332
1681,,0.75,0.26928,0.925,0.45928,0.157,0.43016,0.775,-0.06436
1682,8,0.846,0.38196,1.0,0.57696,0.261,0.51748,0.854,1.0
1683,,0.796,0.34964,0.975,0.54464,0.211,0.4498,0.779,0.93232
1684,,0.746,0.31732,0.95,0.51232,0.161,0.38212,0.704,0.86464
1685,,0.696,0.285,0.925,0.48,0.111,0.31444,0.629,0.79696
1686,,0.646,0.25268,0.9,0.44768,0.061,0.24676,0.554,0.72928
1687,,0.596,0.22036,0.875,0.41536,0.011,0.17908,0.479,0.6616
1688,,0.546,0.18804,0.85,0.38304,-0.039,0.1114,0.404,0.59392
1689,5,0.646,0.30472,0.975,0.50472,1.0,-0.15628,0.486,0.68024
1690,6,0.747,0.4224,1.0,0.6274,0.75,1.0,0.57,0.76756
1691,,0.697,0.39008,0.975,0.59508,0.7,0.93232,0.495,0.69988
1692,,0.647,0.35776,0.95,0.56276,0.65,0.86464,0.42,0.6322
1693,,0.597,0.32544,0.925,0.53044,0.6,0.79696,0.345,0.56452
1694,,0.547,0.29312,0.9,0.49812,0.55,0.72928,0.27,0.49684
1695,,0.497,0.2608,0.875,0.4658,0.5,0.6616,0.195,0.42916
1696,,0.447,0.22848,0.85,0.43348,0.45,0.59392,0.12,0.36148
1697,,0.397,0.19616,0.825,0.40116,0.4,0.52624,0.045,0.2938
1698,,0.347,0.16384,0.8,0.36884,0.35,0.45856,-0.03,0.22612
1699,7,0.447,0.28052,0.925,0.49052,0.457,0.54988,1.0,0.31244
1700,,0.397,0.2482,0.9,0.4582,0.407,0.4822,0.925,0.24476
1701,,0.347,0.21588,0.875,0.42588,0.357,0.41452,0.85,0.17708
1702,,0.297,0.18356,0.85,0.39356,0.307,0.34684,0.775,0.1094
1703,,0.247,0.15124,0.825,0.36124,0.257,0.27916,0.7,0.04172
1704,,0.197,0.11892,0.8,0.32892,0.207,0.21148,0.625,-0.02596
1705,8,0.293,0.2316,0.921,0.4466,0.311,0.2988,0.704,1.0
1706,,0.243,0.19928,0.896,0.41428,0.261,0.23112,0.629,0.93232
1707,,0.193,0.16696,0.871,0.38196,0.211,0.16344,0.554,0.86464
1708,,0.143,0.13464,0.846,0.34964,0.161,0.09576,0.479,0.79696
1709,,0.093,0.10232,0.821,0.31732,0.111,0.02808,0.404,0.72928
1710,,0.043,0.07,0.796,0.285,0.061,-0.0396,0.329,0.6616
1711,6,0.144,0.18768,0.922,0.40768,-0.189,1.0,0.413,0.74892
1712,5,0.244,0.30436,1.0,0.52936,1.0,0.73232,0.495,0.83524
1713,,0.194,0.27204,0.975,0.49704,0.95,0.66464,0.42,0.76756
1714,,0.144,0.23972,0.95,0.46472,0.9,0.59696,0.345,0.69988
1715,,0.094,0.2074,0.925,0.4324,0.85,0.52928,0.27,0.6322
1716,,0.044,0.17508,0.9,0.40008,0.8,0.4616,0.195,0.56452
1717,,-0.006,0.14276,0.875,0.36776,0.75,0.39392,0.12,0.49684
1718,1,1.0,0.25144,0.993,0.48144,0.85,0.47724,0.195,0.57516
1719,,0.95,0.21912,0.968,0.44912,0.8,0.40956,0.12,0.50748
1720,,0.9,0.1868,0.943,0.4168,0.75,0.34188,0.045,0.4398
1721,,0.85,0.15448,0.918,0.38448,0.7,0.2742,-0.03,0.37212
1722,7,0.95,0.27116,1.0,0.50616,0.807,0.36552,1.0,0.45844
1723,,0.9,0.23884,0.975,0.47384,0.757,0.29784,0.925,0.39076
1724,,0.85,0.20652,0.95,0.44152,0.707,0.23016,0.85,0.32308
1725,,0.8,0.1742,0.925,0.4092,0.657,0.16248,0.775,0.2554
1726,,0.75,0.14188,0.9,0.37688,0.607,0.0948,0.7,0.18772
1727,,0.7,0.10956,0.875,0.34456,0.557,0.02712,0.625,0.12004
1728,,0.65,0.07724,0.85,0.31224,0.507,-0.04056,0.55,0.05236
1729,6,0.751,0.19492,0.976,0.43492,0.257,1.0,0.634,0.13968
1730,,0.701,0.1626,0.951,0.4026,0.207,0.93232,0.559,0.072
1731,,0.651,0.13028,0.926,0.37028,0.157,0.86464,0.484,0.00432
1732,,0.601,0.09796,0.901,0.33796,0.107,0.79696,0.409,-0.06336
1733,8,0.697,0.21064,1.0,0.45564,0.211,0.88428,0.488,1.0
1734,,0.647,0.17832,0.975,0.42332,0.161,0.8166,0.413,0.93232
1735,,0.597,0.146,0.95,0.391,0.111,0.74892,0.338,0.86464
1736,,0.547,0.11368,0.925,0.35868,0.061,0.68124,0.263,0.79696
1737,,0.497,0.08136,0.9,0.32636,0.011,0.61356,0.188,0.72928
1738,,0.447,0.04904,0.875,0.29404,-0.039,0.54588,0.113,0.6616
1739,5,0.547,0.16572,1.0,0.41572,1.0,0.2782,0.195,0.74792
1740,,0.497,0.1334,0.975,0.3834,0.95,0.21052,0.12,0.68024
1741,,0.447,0.10108,0.95,0.35108,0.9,0.14284,0.045,0.61256
1742,,0.397,0.06876,0.925,0.31876,0.85,0.07516,-0.03,0.54488
1743,7,0.497,0.18544,1.0,0.44044,0.957,0.16648,1.0,0.6312
1744,,0.447,0.15312,0.975,0.40812,0.907,0.0988,0.925,0.56352
1745,,0.397,0.1208,0.95,0.3758,0.857,0.03112,0.85,0.49584
1746,,0.347,0.08848,0.925,0.34348,0.807,-0.03656,0.775,0.42816
1747,6,0.448,0.20616,1.0,0.46616,0.557,1.0,0.859,0.51548
1748,,0.398,0.17384,0.975,0.43384,0.507,0.93232,0.784,0.4478
1749,,0.348,0.14152,0.95,0.40152,0.457,0.86464,0.709,0.38012
1750,,0.298,0.1092,0.925,0.3692,0.407,0.79696,0.634,0.31244
1751,,0.248,0.07688,0.9,0.33688,0.357,0.72928,0.559,0.24476
1752,,0.198,0.04456,0.875,0.30456,0.307,0.6616,0.484,0.17708
1753,,0.148,0.01224,0.85,0.27224,0.257,0.59392,0.409,0.1094
1754,,0.098,-0.02008,0.825,0.23992,0.207,0.52624,0.334,0.04172
1755,2,0.189,1.0,0.941,0.3526,0.306,0.60856,0.408,0.11904
1756,,0.139,0.96768,0.916,0.32028,0.256,0.54088,0.333,0.05136
1757,,0.089,0.93536,0.891,0.28796,0.206,0.4732,0.258,-0.01632
1758,8,0.185,1.0,1.0,0.40564,0.31,0.56052,0.337,1.0
1759,,0.135,0.96768,0.975,0.37332,0.26,0.49284,0.262,0.93232
1760,,0.085,0.93536,0.95,0.341,0.21,0.42516,0.187,0.86464
1761,,0.035,0.90304,0.925,0.30868,0.16,0.35748,0.112,0.79696
1762,,-0.015,0.87072,0.9,0.27636,0.11,0.2898,0.037,0.72928
1763,1,1.0,0.9794,1.0,0.39004,0.21,0.37312,0.112,0.8076
1764,,0.95,0.94708,0.975,0.35772,0.16,0.30544,0.037,0.73992
1765,,0.9,0.91476,0.95,0.3254,0.11,0.23776,-0.038,0.67224
1766,7,1.0,1.0,1.0,0.44708,0.217,0.32908,1.0,0.75856
1767,,0.95,0.96768,0.975,0.41476,0.167,0.2614,0.925,0.69088
1768,,0.9,0.93536,0.95,0.38244,0.117,0.19372,0.85,0.6232
1769,,0.85,0.90304,0.925,0.35012,0.067,0.12604,0.775,0.55552
1770,,0.8,0.87072,0.9,0.3178,0.017,0.05836,0.7,0.48784
1771,,0.75,0.8384,0.875,0.28548,-0.033,-0.00932,0.625,0.42016
1772,5,0.85,0.95508,1.0,0.40716,1.0,-0.277,0.707,0.50648
1773,6,0.951,1.0,1.0,0.52984,0.75,1.0,0.791,0.5938
1774,,0.901,0.96768,0.975,0.49752,0.7,0.93232,0.716,0.52612
1775,,0.851,0.93536,0.95,0.4652,0.65,0.86464,0.641,0.45844
1776,,0.801,0.90304,0.925,0.43288,0.6,0.79696,0.566,0.39076
1777,,0.751,0.87072,0.9,0.40056,0.55,0.72928,0.491,0.32308
1778,,0.701,0.8384,0.875,0.36824,0.5,0.6616,0.416,0.2554
1779,,0.651,0.80608,0.85,0.33592,0.45,0.59392,0.341,0.18772
1780,,0.601,0.77376,0.825,0.3036,0.4,0.52624,0.266,0.12004
1781,,0.551,0.74144,0.8,0.27128,0.35,0.45856,0.191,0.05236
1782,,0.501,0.70912,0.775,0.23896,0.3,0.39088,0.116,-0.01532
1783,8,0.597,0.8218,0.896,0.35664,0.404,0.4782,0.195,1.0
1784,,0.547,0.78948,0.871,0.32432,0.354,0.41052,0.12,0.93232
1785,,0.497,0.75716,0.846,0.292,0.304,0.34284,0.045,0.86464
1786,,0.447,0.72484,0.821,0.25968,0.254,0.27516,-0.03,0.79696
1787,7,0.547,0.84152,0.946,0.38136,0.361,0.36648,1.0,0.88328
1788,,0.497,0.8092,0.921,0.34904,0.311,0.2988,0.925,0.8156
1789,,0.447,0.77688,0.896,0.31672,0.261,0.23112,0.85,0.74792
1790,,0.397,0.74456,0.871,0.2844,0.211,0.16344,0.775,0.68024
1791,,0.347,0.71224,0.846,0.25208,0.161,0.09576,0.7,0.61256
1792,,0.297,0.67992,0.821,0.21976,0.111,0.02808,0.625,0.54488
1793,,0.247,0.6476,0.796,0.18744,0.061,-0.0396,0.55,0.4772
1794,6,0.348,0.76528,0.922,0.31012,-0.189,1.0,0.634,0.56452
1795,5,0.448,0.88196,1.0,0.4318,1.0,0.73232,0.716,0.65084
1796,,0.398,0.84964,0.975,0.39948,0.95,0.66464,0.641,0.58316
1797,,0.348,0.81732,0.95,0.36716,0.9,0.59696,0.566,0.51548
1798,,0.298,0.785,0.925,0.33484,0.85,0.52928,0.491,0.4478
1799,,0.248,0.75268,0.9,0.30252,0.8,0.4616,0.416,0.38012
1800,,0.198,0.72036,0.875,0.2702,0.75,0.39392,0.341,0.31244
1801,,0.148,0.68804,0.85,0.23788,0.7,0.32624,0.266,0.24476
1802,,0.098,0.65572,0.825,0.20556,0.65,0.25856,0.191,0.17708
1803,,0.048,0.6234,0.8,0.17324,0.6,0.19088,0.116,0.1094
1804,,-0.002,0.59108,0.775,0.14092,0.55,0.1232,0.041,0.04172
1805,1,1.0,0.69976,0.893,0.2546,0.65,0.20652,0.116,0.12004
1806,,0.95,0.66744,0.868,0.22228,0.6,0.13884,0.041,0.05236
1807,,0.9,0.63512,0.843,0.18996,0.55,0.07116,-0.034,-0.01532
1808,7,1.0,0.7518,0.968,0.31164,0.657,0.16248,1.0,0.071
1809,,0.95,0.71948,0.943,0.27932,0.607,0.0948,0.925,0.00332
1810,,0.9,0.68716,0.918,0.247,0.557,0.02712,0.85,-0.06436
1811,8,0.996,0.79984,1.0,0.36468,0.661,0.11444,0.929,1.0
1812,,0.946,0.76752,0.975,0.33236,0.611,0.04676,0.854,0.93232
1813,,0.896,0.7352,0.95,0.30004,0.561,-0.02092,0.779,0.86464
1814,6,0.997,0.85288,1.0,0.42272,0.311,1.0,0.863,0.95196
1815,,0.947,0.82056,0.975,0.3904,0.261,0.93232,0.788,0.88428
1816,,0.897,0.78824,0.95,0.35808,0.211,0.86464,0.713,0.8166
1817,,0.847,0.75592,0.925,0.32576,0.161,0.79696,0.638,0.74892
1818,,0.797,0.7236,0.9,0.29344,0.111,0.72928,0.563,0.68124
1819,,0.747,0.69128,0.875,0.26112,0.061,0.6616,0.488,0.61356
1820,,0.697,0.65896,0.85,0.2288,0.011,0.59392,0.413,0.54588
1821,,0.647,0.62664,0.825,0.19648,-0.039,0.52624,0.338,0.4782
1822,5,0.747,0.74332,0.95,0.31816,1.0,0.25856,0.42,0.56452
1823,,0.697,0.711,0.925,0.28584,0.95,0.19088,0.345,0.49684
1824,,0.647,0.67868,0.9,0.25352,0.9,0.1232,0.27,0.42916
1825,,0.597,0.64636,0.875,0.2212,0.85,0.05552,0.195,0.36148
1826,,0.547,0.61404,0.85,0.18888,0.8,-0.01216,0.12,0.2938
1827,6,0.648,0.73172,0.976,0.31156,0.55,1.0,0.204,0.38112
1828,,0.598,0.6994,0.951,0.27924,0.5,0.93232,0.129,0.31344
1829,,0.548,0.66708,0.926,0.24692,0.45,0.86464,0.054,0.24576
1830,,0.498,0.63476,0.901,0.2146,0.4,0.79696,-0.021,0.17808
1831,7,0.598,0.75144,1.0,0.33628,0.507,0.88828,1.0,0.2644
1832,,0.548,0.71912,0.975,0.30396,0.457,0.8206,0.925,0.19672
1833,,0.498,0.6868,0.95,0.27164,0.407,0.75292,0.85,0.12904
1834,,0.448,0.65448,0.925,0.23932,0.357,0.68524,0.775,0.06136
1835,,0.398,0.62216,0.9,0.207,0.307,0.61756,0.7,-0.00632
1836,8,0.494,0.73484,1.0,0.32468,0.411,0.70488,0.779,1.0
1837,,0.444,0.70252,0.975,0.29236,0.361,0.6372,0.704,0.93232
1838,,0.394,0.6702,0.95,0.26004,0.311,0.56952,0.629,0.86464
1839,,0.344,0.63788,0.925,0.22772,0.261,0.50184,0.554,0.79696
1840,,0.294,0.60556,0.9,0.1954,0.211,0.43416,0.479,0.72928
1841,,0.244,0.57324,0.875,0.16308,0.161,0.36648,0.404,0.6616
1842,,0.194,0.54092,0.85,0.13076,0.111,0.2988,0.329,0.59392
1843,,0.144,0.5086,0.825,0.09844,0.061,0.23112,0.254,0.52624
1844,,0.094,0.47628,0.8,0.06612,0.011,0.16344,0.179,0.45856
1845,,0.044,0.44396,0.775,0.0338,-0.039,0.09576,0.104,0.39088
1846,5,0.144,0.56064,0.9,0.15548,1.0,-0.17192,0.186,0.4772
1847,6,0.245,0.67832,1.0,0.27816,0.75,1.0,0.27,0.56452
1848,,0.195,0.646,0.975,0.24584,0.7,0.93232,0.195,0.49684
1849,,0.145,0.61368,0.95,0.21352,0.65,0.86464,0.12,0.42916
1850,,0.095,0.58136,0.925,0.1812,0.6,0.79696,0.045,0.36148
1851,,0.045,0.54904,0.9,0.14888,0.55,0.72928,-0.03,0.2938
1852,7,0.145,0.66572,1.0,0.27056,0.657,0.8206,1.0,0.38012
1853,,0.095,0.6334,0.975,0.23824,0.607,0.75292,0.925,0.31244
1854,,0.045,0.60108,0.95,0.20592,0.557,0.68524,0.85,0.24476
1855,,-0.005,0.56876,0.925,0.1736,0.507,0.61756,0.775,0.17708
1856,1,1.0,0.67744,1.0,0.28728,0.607,0.70088,0.85,0.2554
1857,,0.95,0.64512,0.975,0.25496,0.557,0.6332,0.775,0.18772
1858,,0.9,0.6128,0.95,0.22264,0.507,0.56552,0.7,0.12004
1859,,0.85,0.58048,0.925,0.19032,0.457,0.49784,0.625,0.05236
1860,,0.8,0.54816,0.9,0.158,0.407,0.43016,0.55,-0.01532
1861,8,0.896,0.66084,1.0,0.27568,0.511,0.51748,0.629,1.0
1862,,0.846,0.62852,0.975,0.24336,0.461,0.4498,0.554,0.93232
1863,,0.796,0.5962,0.95,0.21104,0.411,0.38212,0.479,0.86464
1864,,0.746,0.56388,0.925,0.17872,0.361,0.31444,0.404,0.79696
1865,,0.696,0.53156,0.9,0.1464,0.311,0.24676,0.329,0.72928
1866,,0.646,0.49924,0.875,0.11408,0.261,0.17908,0.254,0.6616
1867,,0.596,0.46692,0.85,0.08176,0.211,0.1114,0.179,0.59392
1868,,0.546,0.4346,0.825,0.04944,0.161,0.04372,0.104,0.52624
1869,,0.496,0.40228,0.8,0.01712,0.111,-0.02396,0.029,0.45856
1870,6,0.597,0.51996,0.926,0.1398,-0.139,1.0,0.113,0.54588
1871,5,0.697,0.63664,1.0,0.26148,1.0,0.73232,0.195,0.6322
1872,,0.647,0.60432,0.975,0.22916,0.95,0.66464,0.12,0.56452
1873,,0.597,0.572,0.95,0.19684,0.9,0.59696,0.045,0.49684
1874,,0.547,0.53968,0.925,0.16452,0.85,0.52928,-0.03,0.42916
1875,7,0.647,0.65636,1.0,0.2862,0.957,0.6206,1.0,0.51548
1876,,0.597,0.62404,0.975,0.25388,0.907,0.55292,0.925,0.4478
1877,,0.547,0.59172,0.95,0.22156,0.857,0.48524,0.85,0.38012
1878,,0.497,0.5594,0.925,0.18924,0.807,0.41756,0.775,0.31244
1879,,0.447,0.52708,0.9,0.15692,0.757,0.34988,0.7,0.24476
1880,,0.397,0.49476,0.875,0.1246,0.707,0.2822,0.625,0.17708
1881,,0.347,0.46244,0.85,0.09228,0.657,0.21452,0.55,0.1094
1882,,0.297,0.43012,0.825,0.05996,0.607,0.14684,0.475,0.04172
1883,,0.247,0.3978,0.8,0.02764,0.557,0.07916,0.4,-0.02596
1884,8,0.343,0.51048,0.921,0.14532,0.661,0.16648,0.479,1.0
1885,,0.293,0.47816,0.896,0.113,0.611,0.0988,0.404,0.93232
1886,,0.243,0.44584,0.871,0.08068,0.561,0.03112,0.329,0.86464
1887,,0.193,0.41352,0.846,0.04836,0.511,-0.03656,0.254,0.79696
1888,6,0.294,0.5312,0.972,0.17104,0.261,1.0,0.338,0.88428
1889,,0.244,0.49888,0.947,0.13872,0.211,0.93232,0.263,0.8166
1890,,0.194,0.46656,0.922,0.1064,0.161,0.86464,0.188,0.74892
1891,,0.144,0.43424,0.897,0.07408,0.111,0.79696,0.113,0.68124
1892,,0.094,0.40192,0.872,0.04176,0.061,0.72928,0.038,0.61356
1893,,0.044,0.3696,0.847,0.00944,0.011,0.6616,-0.037,0.54588
1894,7,0.144,0.48628,0.972,0.13112,0.118,0.75292,1.0,0.6322
1895,,0.094,0.45396,0.947,0.0988,0.068,0.68524,0.925,0.56452
1896,,0.044,0.42164,0.922,0.06648,0.018,0.61756,0.85,0.49684
1897,,-0.006,0.38932,0.897,0.03416,-0.032,0.54988,0.775,0.42916
1898,5,0.094,0.506,1.0,0.15584,1.0,0.2822,0.857,0.51548
1899,,0.044,0.47368,0.975,0.12352,0.95,0.21452,0.782,0.4478
1900,,-0.006,0.44136,0.95,0.0912,0.9,0.14684,0.707,0.38012
1901,1,1.0,0.55004,1.0,0.20488,1.0,0.23016,0.782,0.45844
1902,,0.95,0.51772,0.975,0.17256,0.95,0.16248,0.707,0.39076
1903,,0.9,0.4854,0.95,0.14024,0.9,0.0948,0.632,0.32308
1904,,0.85,0.45308,0.925,0.10792,0.85,0.02712,0.557,0.2554
1905,,0.8,0.42076,0.9,0.0756,0.8,-0.04056,0.482,0.18772
1906,6,0.901,0.53844,1.0,0.19828,0.55,1.0,0.566,0.27504
1907,,0.851,0.50612,0.975,0.16596,0.5,0.93232,0.491,0.20736
1908,,0.801,0.4738,0.95,0.13364,0.45,0.86464,0.416,0.13968
1909,,0.751,0.44148,0.925,0.10132,0.4,0.79696,0.341,0.072
1910,,0.701,0.40916,0.9,0.069,0.35,0.72928,0.266,0.00432
1911,,0.651,0.37684,0.875,0.03668,0.3,0.6616,0.191,-0.06336
1912,8,0.747,0.48952,0.996,0.15436,0.404,0.74892,0.27,1.0
1913,,0.697,0.4572,0.971,0.12204,0.354,0.68124,0.195,0.93232
1914,,0.647,0.42488,0.946,0.08972,0.304,0.61356,0.12,0.86464
1915,,0.597,0.39256,0.921,0.0574,0.254,0.54588,0.045,0.79696
1916,,0.547,0.36024,0.896,0.02508,0.204,0.4782,-0.03,0.72928
1917,7,0.647,0.47692,1.0,0.14676,0.311,0.56952,1.0,0.8156
1918,,0.597,0.4446,0.975,0.11444,0.261,0.50184,0.925,0.74792
1919,,0.547,0.41228,0.95,0.08212,0.211,0.43416,0.85,0.68024
1920,,0.497,0.37996,0.925,0.0498,0.161,0.36648,0.775,0.61256
1921,,0.447,0.34764,0.9,0.01748,0.111,0.2988,0.7,0.54488
1922,,0.397,0.31532,0.875,-0.01484,0.061,0.23112,0.625,0.4772
1923,4,0.493,0.428,0.996,1.0,0.165,0.31844,0.704,0.55952
1924,,0.443,0.39568,0.971,0.96768,0.115,0.25076,0.629,0.49184
1925,,0.393,0.36336,0.946,0.93536,0.065,0.18308,0.554,0.42416
1926,,0.343,0.33104,0.921,0.90304,0.015,0.1154,0.479,0.35648
1927,,0.293,0.29872,0.896,0.87072,-0.035,0.04772,0.404,0.2888
1928,5,0.393,0.4154,1.0,0.9924,1.0,-0.21996,0.486,0.37512
1929,6,0.494,0.53308,1.0,1.0,0.75,1.0,0.57,0.46244
1930,,0.444,0.50076,0.975,0.96768,0.7,0.93232,0.495,0.39476
1931,,0.394,0.46844,0.95,0.93536,0.65,0.86464,0.42,0.32708
1932,,0.344,0.43612,0.925,0.90304,0.6,0.79696,0.345,0.2594
1933,,0.294,0.4038,0.9,0.87072,0.55,0.72928,0.27,0.19172
1934,,0.244,0.37148,0.875,0.8384,0.5,0.6616,0.195,0.12404
1935,,0.194,0.33916,0.85,0.80608,0.45,0.59392,0.12,0.05636
1936,,0.144,0.30684,0.825,0.77376,0.4,0.52624,0.045,-0.01132
1937,8,0.24,0.41952,0.946,0.89144,0.504,0.61356,0.124,1.0
1938,,0.19,0.3872,0.921,0.85912,0.454,0.54588,0.049,0.93232
1939,,0.14,0.35488,0.896,0.8268,0.404,0.4782,-0.026,0.86464
1940,7,0.24,0.47156,1.0,0.94848,0.511,0.56952,1.0,0.95096
1941,,0.19,0.43924,0.975,0.91616,0.461,0.50184,0.925,0.88328
1942,,0.14,0.40692,0.95,0.88384,0.411,0.43416,0.85,0.8156
1943,,0.09,0.3746,0.925,0.85152,0.361,0.36648,0.775,0.74792
1944,,0.04,0.34228,0.9,0.8192,0.311,0.2988,0.7,0.68024
1945,,-0.01,0.30996,0.875,0.78688,0.261,0.23112,0.625,0.61256
1946,1,1.0,0.41864,0.993,0.90056,0.361,0.31444,0.7,0.69088
1947,,0.95,0.38632,0.968,0.86824,0.311,0.24676,0.625,0.6232
1948,,0.9,0.354,0.943,0.83592,0.261,0.17908,0.55,0.55552
1949,,0.85,0.32168,0.918,0.8036,0.211,0.1114,0.475,0.48784
1950,,0.8,0.28936,0.893,0.77128,0.161,0.04372,0.4,0.42016
1951,,0.75,0.25704,0.868,0.73896,0.111,-0.02396,0.325,0.35248
1952,6,0.851,0.37472,0.994,0.86164,-0.139,1.0,0.409,0.4398
1953,5,0.951,0.4914,1.0,0.98332,1.0,0.73232,0.491,0.52612
1954,,0.901,0.45908,0.975,0.951,0.95,0.66464,0.416,0.45844
1955,,0.851,0.42676,0.95,0.91868,0.9,0.59696,0.341,0.39076
1956,,0.801,0.39444,0.925,0.88636,0.85,0.52928,0.266,0.32308
1957,,0.751,0.36212,0.9,0.85404,0.8,0.4616,0.191,0.2554
1958,,0.701,0.3298,0.875,0.82172,0.75,0.39392,0.116,0.18772
1959,,0.651,0.29748,0.85,0.7894,0.7,0.32624,0.041,0.12004
1960,,0.601,0.26516,0.825,0.75708,0.65,0.25856,-0.034,0.05236
1961,7,0.701,0.38184,0.95,0.87876,0.757,0.34988,1.0,0.13868
1962,,0.651,0.34952,0.925,0.84644,0.707,0.2822,0.925,0.071
1963,,0.601,0.3172,0.9,0.81412,0.657,0.21452,0.85,0.00332
1964,,0.551,0.28488,0.875,0.7818,0.607,0.14684,0.775,-0.06436
1965,8,0.647,0.39756,0.996,0.89948,0.711,0.23416,0.854,1.0
1966,,0.597,0.36524,0.971,0.86716,0.661,0.16648,0.779,0.93232
1967,,0.547,0.33292,0.946,0.83484,0.611,0.0988,0.704,0.86464
1968,,0.497,0.3006,0.921,0.80252,0.561,0.03112,0.629,0.79696
1969,,0.447,0.26828,0.896,0.7702,0.511,-0.03656,0.554,0.72928
1970,6,0.548,0.38596,1.0,0.89288,0.261,1.0,0.638,0.8166
1971,,0.498,0.35364,0.975,0.86056,0.211,0.93232,0.563,0.74892
1972,,0.448,0.32132,0.95,0.82824,0.161,0.86464,0.488,0.68124
1973,,0.398,0.289,0.925,0.79592,0.111,0.79696,0.413,0.61356
1974,,0.348,0.25668,0.9,0.7636,0.061,0.72928,0.338,0.54588
1975,,0.298,0.22436,0.875,0.73128,0.011,0.6616,0.263,0.4782
1976,,0.248,0.19204,0.85,0.69896,-0.039,0.59392,0.188,0.41052
1977,5,0.348,0.30872,0.975,0.82064,1.0,0.32624,0.27,0.49684
1978,,0.298,0.2764,0.95,0.78832,0.95,0.25856,0.195,0.42916
1979,,0.248,0.24408,0.925,0.756,0.9,0.19088,0.12,0.36148
1980,,0.198,0.21176,0.9,0.72368,0.85,0.1232,0.045,0.2938
1981,,0.148,0.17944,0.875,0.69136,0.8,0.05552,-0.03,0.22612
1982,7,0.248,0.29612,1.0,0.81304,0.907,0.14684,1.0,0.31244
1983,,0.198,0.2638,0.975,0.78072,0.857,0.07916,0.925,0.24476
1984,,0.148,0.23148,0.95,0.7484,0.807,0.01148,0.85,0.17708
1985,,0.098,0.19916,0.925,0.71608,0.757,-0.0562,0.775,0.1094
1986,6,0.199,0.31684,1.0,0.83876,0.507,1.0,0.859,0.19672
1987,,0.149,0.28452,0.975,0.80644,0.457,0.93232,0.784,0.12904
1988,,0.099,0.2522,0.95,0.77412,0.407,0.86464,0.709,0.06136
1989,,0.049,0.21988,0.925,0.7418,0.357,0.79696,0.634,-0.00632
1990,8,0.145,0.33256,1.0,0.85948,0.461,0.88428,0.713,1.0
1991,,0.095,0.30024,0.975,0.82716,0.411,0.8166,0.638,0.93232
1992,,0.045,0.26792,0.95,0.79484,0.361,0.74892,0.563,0.86464
1993,,-0.005,0.2356,0.925,0.76252,0.311,0.68124,0.488,0.79696
1994,1,1.0,0.34428,1.0,0.8762,0.411,0.76456,0.563,0.87528
1995,,0.95,0.31196,0.975,0.84388,0.361,0.69688,0.488,0.8076
1996,,0.9,0.27964,0.95,0.81156,0.311,0.6292,0.413,0.73992
1997,,0.85,0.24732,0.925,0.77924,0.261,0.56152,0.338,0.67224
1998,,0.8,0.215,0.9,0.74692,0.211,0.49384,0.263,0.60456
1999,,0.75,0.18268,0.875,0.7146,0.161,0.42616,0.188,0.53688
2000,,0.7,0.15036,0.85,0.68228,0.111,0.35848,0.113,0.4692
2001,,0.65,0.11804,0.825,0.64996,0.061,0.2908,0.038,0.40152
2002,,0.6,0.08572,0.8,0.61764,0.011,0.22312,-0.037,0.33384
2003,7,0.7,0.2024,0.925,0.73932,0.118,0.31444,1.0,0.42016
2004,,0.65,0.17008,0.9,0.707,0.068,0.24676,0.925,0.35248
2005,,0.6,0.13776,0.875,0.67468,0.018,0.17908,0.85,0.2848
2006,,0.55,0.10544,0.85,0.64236,-0.032,0.1114,0.775,0.21712
2007,5,0.65,0.22212,0.975,0.76404,1.0,-0.15628,0.857,0.30344
2008,6,0.751,0.3398,1.0,0.88672,0.75,1.0,0.941,0.39076
2009,,0.701,0.30748,0.975,0.8544,0.7,0.93232,0.866,0.32308
2010,,0.651,0.27516,0.95,0.82208,0.65,0.86464,0.791,0.2554
2011,,0.601,0.24284,0.925,0.78976,0.6,0.79696,0.716,0.18772
2012,,0.551,0.21052,0.9,0.75744,0.55,0.72928,0.641,0.12004
2013,,0.501,0.1782,0.875,0.72512,0.5,0.6616,0.566,0.05236
2014,,0.451,0.14588,0.85,0.6928,0.45,0.59392,0.491,-0.01532
2015,8,0.547,0.25856,0.971,0.81048,0.554,0.68124,0.57,1.0
2016,,0.497,0.22624,0.946,0.77816,0.504,0.61356,0.495,0.93232
2017,,0.447,0.19392,0.921,0.74584,0.454,0.54588,0.42,0.86464
2018,,0.397,0.1616,0.896,0.71352,0.404,0.4782,0.345,0.79696
2019,,0.347,0.12928,0.871,0.6812,0.354,0.41052,0.27,0.72928
2020,,0.297,0.09696,0.846,0.64888,0.304,0.34284,0.195,0.6616
2021,,0.247,0.06464,0.821,0.61656,0.254,0.27516,0.12,0.59392
2022,,0.197,0.03232,0.796,0.58424,0.204,0.20748,0.045,0.52624
2023,,0.147,-0.0,0.771,0.55192,0.154,0.1398,-0.03,0.45856
2024,7,0.247,0.11668,0.896,0.6736,0.261,0.23112,1.0,0.54488
2025,,0.197,0.08436,0.871,0.64128,0.211,0.16344,0.925,0.4772
2026,,0.147,0.05204,0.846,0.60896,0.161,0.09576,0.85,0.40952
2027,,0.097,0.01972,0.821,0.57664,0.111,0.02808,0.775,0.34184
2028,,0.047,-0.0126,0.796,0.54432,0.061,-0.0396,0.7,0.27416
2029,6,0.148,0.10508,0.922,0.667,-0.189,1.0,0.784,0.36148
2030,5,0.248,0.22176,1.0,0.78868,1.0,0.73232,0.866,0.4478
2031,,0.198,0.18944,0.975,0.75636,0.95,0.66464,0.791,0.38012
2032,,0.148,0.15712,0.95,0.72404,0.9,0.59696,0.716,0.31244
2033,,0.098,0.1248,0.925,0.69172,0.85,0.52928,0.641,0.24476
2034,,0.048,0.09248,0.9,0.6594,0.8,0.4616,0.566,0.17708
2035,,-0.002,0.06016,0.875,0.62708,0.75,0.39392,0.491,0.1094
2036,1,1.0,0.16884,0.993,0.74076,0.85,0.47724,0.566,0.18772
2037,,0.95,0.13652,0.968,0.70844,0.8,0.40956,0.491,0.12004
2038,,0.9,0.1042,0.943,0.67612,0.75,0.34188,0.416,0.05236
2039,,0.85,0.07188,0.918,0.6438,0.7,0.2742,0.341,-0.01532
2040,8,0.946,0.18456,1.0,0.76148,0.804,0.36152,0.42,1.0
2041,,0.896,0.15224,0.975,0.72916,0.754,0.29384,0.345,0.93232
2042,,0.846,0.11992,0.95,0.69684,0.704,0.22616,0.27,0.86464
2043,,0.796,0.0876,0.925,0.66452,0.654,0.15848,0.195,0.79696
2044,,0.746,0.05528,0.9,0.6322,0.604,0.0908,0.12,0.72928
2045,,0.696,0.02296,0.875,0.59988,0.554,0.02312,0.045,0.6616
2046,,0.646,-0.00936,0.85,0.56756,0.504,-0.04456,-0.03,0.59392
2047,6,0.747,0.10832,0.976,0.69024,0.254,1.0,0.054,0.68124
2048,,0.697,0.076,0.951,0.65792,0.204,0.93232,-0.021,0.61356
2049,7,0.797,0.19268,1.0,0.7796,0.311,1.0,1.0,0.69988
2050,,0.747,0.16036,0.975,0.74728,0.261,0.93232,0.925,0.6322
2051,,0.697,0.12804,0.95,0.71496,0.211,0.86464,0.85,0.56452
2052,,0.647,0.09572,0.925,0.68264,0.161,0.79696,0.775,0.49684
2053,,0.597,0.0634,0.9,0.65032,0.111,0.72928,0.7,0.42916
2054,,0.547,0.03108,0.875,0.618,0.061,0.6616,0.625,0.36148
2055,,0.497,-0.00124,0.85,0.58568,0.011,0.59392,0.55,0.2938
2056,2,0.588,1.0,0.966,0.69836,0.11,0.67624,0.624,0.37112
2057,,0.538,0.96768,0.941,0.66604,0.06,0.60856,0.549,0.30344
2058,,0.488,0.93536,0.916,0.63372,0.01,0.54088,0.474,0.23576
2059,,0.438,0.90304,0.891,0.6014,-0.04,0.4732,0.399,0.16808
2060,5,0.538,1.0,1.0,0.72308,1.0,0.20552,0.481,0.2544
2061,,0.488,0.96768,0.975,0.69076,0.95,0.13784,0.406,0.18672
2062,,0.438,0.93536,0.95,0.65844,0.9,0.07016,0.331,0.11904
2063,,0.388,0.90304,0.925,0.62612,0.85,0.00248,0.256,0.05136
2064,,0.338,0.87072,0.9,0.5938,0.8,-0.0652,0.181,-0.01632
2065,6,0.439,0.9884,1.0,0.71648,0.55,1.0,0.265,0.071
2066,,0.389,0.95608,0.975,0.68416,0.5,0.93232,0.19,0.00332
2067,,0.339,0.92376,0.95,0.65184,0.45,0.86464,0.115,-0.06436
2068,8,0.435,1.0,1.0,0.76952,0.554,0.95196,0.194,1.0
2069,,0.385,0.96768,0.975,0.7372,0.504,0.88428,0.119,0.93232
2070,,0.335,0.93536,0.95,0.70488,0.454,0.8166,0.044,0.86464
2071,,0.285,0.90304,0.925,0.67256,0.404,0.74892,-0.031,0.79696
2072,7,0.385,1.0,1.0,0.79424,0.511,0.84024,1.0,0.88328
2073,,0.335,0.96768,0.975,0.76192,0.461,0.77256,0.925,0.8156
2074,,0.285,0.93536,0.95,0.7296,0.411,0.70488,0.85,0.74792
2075,,0.235,0.90304,0.925,0.69728,0.361,0.6372,0.775,0.68024
2076,,0.185,0.87072,0.9,0.66496,0.311,0.56952,0.7,0.61256
2077,,0.135,0.8384,0.875,0.63264,0.261,0.50184,0.625,0.54488
2078,,0.085,0.80608,0.85,0.60032,0.211,0.43416,0.55,0.4772
2079,,0.035,0.77376,0.825,0.568,0.161,0.36648,0.475,0.40952
2080,,-0.015,0.74144,0.8,0.53568,0.111,0.2988,0.4,0.34184
2081,1,1.0,0.85012,0.918,0.64936,0.211,0.38212,0.475,0.42016
2082,,0.95,0.8178,0.893,0.61704,0.161,0.31444,0.4,0.35248
2083,,0.9,0.78548,0.868,0.58472,0.111,0.24676,0.325,0.2848
2084,,0.85,0.75316,0.843,0.5524,0.061,0.17908,0.25,0.21712
2085,,0.8,0.72084,0.818,0.52008,0.011,0.1114,0.175,0.14944
2086,,0.75,0.68852,0.793,0.48776,-0.039,0.04372,0.1,0.08176
2087,5,0.85,0.8052,0.918,0.60944,1.0,-0.22396,0.182,0.16808
2088,6,0.951,0.92288,1.0,0.73212,0.75,1.0,0.266,0.2554
2089,,0.901,0.89056,0.975,0.6998,0.7,0.93232,0.191,0.18772
2090,,0.851,0.85824,0.95,0.66748,0.65,0.86464,0.116,0.12004
2091,,0.801,0.82592,0.925,0.63516,0.6,0.79696,0.041,0.05236
2092,,0.751,0.7936,0.9,0.60284,0.55,0.72928,-0.034,-0.01532
2093,7,0.851,0.91028,1.0,0.72452,0.657,0.8206,1.0,0.071
2094,,0.801,0.87796,0.975,0.6922,0.607,0.75292,0.925,0.00332
2095,,0.751,0.84564,0.95,0.65988,0.557,0.68524,0.85,-0.06436
2096,8,0.847,0.95832,1.0,0.77756,0.661,0.77256,0.929,1.0
2097,,0.797,0.926,0.975,0.74524,0.611,0.70488,0.854,0.93232
2098,,0.747,0.89368,0.95,0.71292,0.561,0.6372,0.779,0.86464
2099,,0.697,0.86136,0.925,0.6806,0.511,0.56952,0.704,0.79696
2100,,0.647,0.82904,0.9,0.64828,0.461,0.50184,0.629,0.72928
2101,,0.597,0.79672,0.875,0.61596,0.411,0.43416,0.554,0.6616
2102,,0.547,0.7644,0.85,0.58364,0.361,0.36648,0.479,0.59392
2103,,0.497,0.73208,0.825,0.55132,0.311,0.2988,0.404,0.52624
2104,,0.447,0.69976,0.8,0.519,0.261,0.23112,0.329,0.45856
2105,,0.397,0.66744,0.775,0.48668,0.211,0.16344,0.254,0.39088
2106,,0.347,0.63512,0.75,0.45436,0.161,0.09576,0.179,0.3232
2107,,0.297,0.6028,0.725,0.42204,0.111,0.02808,0.104,0.25552
2108,,0.247,0.57048,0.7,0.38972,0.061,-0.0396,0.029,0.18784
2109,6,0.348,0.68816,0.826,0.5124,-0.189,1.0,0.113,0.27516
2110,5,0.448,0.80484,0.951,0.63408,1.0,0.73232,0.195,0.36148
2111,,0.398,0.77252,0.926,0.60176,0.95,0.66464,0.12,0.2938
2112,,0.348,0.7402,0.901,0.56944,0.9,0.59696,0.045,0.22612
2113,,0.298,0.70788,0.876,0.53712,0.85,0.52928,-0.03,0.15844
2114,7,0.398,0.82456,1.0,0.6588,0.957,0.6206,1.0,0.24476
2115,,0.348,0.79224,0.975,0.62648,0.907,0.55292,0.925,0.17708
2116,,0.298,0.75992,0.95,0.59416,0.857,0.48524,0.85,0.1094
2117,,0.248,0.7276,0.925,0.56184,0.807,0.41756,0.775,0.04172
2118,,0.198,0.69528,0.9,0.52952,0.757,0.34988,0.7,-0.02596
2119,8,0.294,0.80796,1.0,0.6472,0.861,0.4372,0.779,1.0
2120,,0.244,0.77564,0.975,0.61488,0.811,0.36952,0.704,0.93232
2121,,0.194,0.74332,0.95,0.58256,0.761,0.30184,0.629,0.86464
2122,,0.144,0.711,0.925,0.55024,0.711,0.23416,0.554,0.79696
2123,,0.094,0.67868,0.9,0.51792,0.661,0.16648,0.479,0.72928
2124,,0.044,0.64636,0.875,0.4856,0.611,0.0988,0.404,0.6616
2125,,-0.006,0.61404,0.85,0.45328,0.561,0.03112,0.329,0.59392
2126,1,1.0,0.72272,0.968,0.56696,0.661,0.11444,0.404,0.67224
2127,,0.95,0.6904,0.943,0.53464,0.611,0.04676,0.329,0.60456
2128,,0.9,0.65808,0.918,0.50232,0.561,-0.02092,0.254,0.53688
2129,6,1.0,0.77576,1.0,0.625,0.311,1.0,0.338,0.6242
2130,,0.95,0.74344,0.975,0.59268,0.261,0.93232,0.263,0.55652
2131,,0.9,0.71112,0.95,0.56036,0.211,0.86464,0.188,0.48884
2132,,0.85,0.6788,0.925,0.52804,0.161,0.79696,0.113,0.42116
2133,,0.8,0.64648,0.9,0.49572,0.111,0.72928,0.038,0.35348
2134,,0.75,0.61416,0.875,0.4634,0.061,0.6616,-0.037,0.2858
2135,7,0.85,0.73084,1.0,0.58508,0.168,0.75292,1.0,0.37212
2136,,0.8,0.69852,0.975,0.55276,0.118,0.68524,0.925,0.30444
2137,,0.75,0.6662,0.95,0.52044,0.068,0.61756,0.85,0.23676
2138,,0.7,0.63388,0.925,0.48812,0.018,0.54988,0.775,0.16908
2139,,0.65,0.60156,0.9,0.4558,-0.032,0.4822,0.7,0.1014
2140,5,0.75,0.71824,1.0,0.57748,1.0,0.21452,0.782,0.18772
2141,,0.7,0.68592,0.975,0.54516,0.95,0.14684,0.707,0.12004
2142,,0.65,0.6536,0.95,0.51284,0.9,0.07916,0.632,0.05236
2143,,0.6,0.62128,0.925,0.48052,0.85,0.01148,0.557,-0.01532
2144,8,0.696,0.73396,1.0,0.5982,0.954,0.0988,0.636,1.0
2145,,0.646,0.70164,0.975,0.56588,0.904,0.03112,0.561,0.93232
2146,,0.596,0.66932,0.95,0.53356,0.854,-0.03656,0.486,0.86464
2147,6,0.697,0.787,1.0,0.65624,0.604,1.0,0.57,0.95196
2148,,0.647,0.75468,0.975,0.62392,0.554,0.93232,0.495,0.88428
2149,,0.597,0.72236,0.95,0.5916,0.504,0.86464,0.42,0.8166
2150,,0.547,0.69004,0.925,0.55928,0.454,0.79696,0.345,0.74892
2151,,0.497,0.65772,0.9,0.52696,0.404,0.72928,0.27,0.68124
2152,,0.447,0.6254,0.875,0.49464,0.354,0.6616,0.195,0.61356
2153,,0.397,0.59308,0.85,0.46232,0.304,0.59392,0.12,0.54588
2154,,0.347,0.56076,0.825,0.43,0.254,0.52624,0.045,0.4782
2155,,0.297,0.52844,0.8,0.39768,0.204,0.45856,-0.03,0.41052
2156,7,0.397,0.64512,0.925,0.51936,0.311,0.54988,1.0,0.49684
2157,,0.347,0.6128,0.9,0.48704,0.261,0.4822,0.925,0.42916
2158,,0.297,0.58048,0.875,0.45472,0.211,0.41452,0.85,0.36148
2159,,0.247,0.54816,0.85,0.4224,0.161,0.34684,0.775,0.2938
2160,,0.197,0.51584,0.825,0.39008,0.111,0.27916,0.7,0.22612
2161,,0.147,0.48352,0.8,0.35776,0.061,0.21148,0.625,0.15844
2162,,0.097,0.4512,0.775,0.32544,0.011,0.1438,0.55,0.09076
2163,,0.047,0.41888,0.75,0.29312,-0.039,0.07612,0.475,0.02308
2164,5,0.147,0.53556,0.875,0.4148,1.0,-0.19156,0.557,0.1094
2165,6,0.248,0.65324,1.0,0.53748,0.75,1.0,0.641,0.19672
2166,,0.198,0.62092,0.975,0.50516,0.7,0.93232,0.566,0.12904
2167,,0.148,0.5886,0.95,0.47284,0.65,0.86464,0.491,0.06136
2168,,0.098,0.55628,0.925,0.44052,0.6,0.79696,0.416,-0.00632
2169,8,0.194,0.66896,1.0,0.5582,0.704,0.88428,0.495,1.0
2170,,0.144,0.63664,0.975,0.52588,0.654,0.8166,0.42,0.93232
2171,,0.094,0.60432,0.95,0.49356,0.604,0.74892,0.345,0.86464
2172,,0.044,0.572,0.925,0.46124,0.554,0.68124,0.27,0.79696
2173,,-0.006,0.53968,0.9,0.42892,0.504,0.61356,0.195,0.72928
2174,1,1.0,0.64836,1.0,0.5426,0.604,0.69688,0.27,0.8076
2175,,0.95,0.61604,0.975,0.51028,0.554,0.6292,0.195,0.73992
2176,,0.9,0.58372,0.95,0.47796,0.504,0.56152,0.12,0.67224
2177,,0.85,0.5514,0.925,0.44564,0.454,0.49384,0.045,0.60456
2178,,0.8,0.51908,0.9,0.41332,0.404,0.42616,-0.03,0.53688
2179,7,0.9,0.63576,1.0,0.535,0.511,0.51748,1.0,0.6232
2180,,0.85,0.60344,0.975,0.50268,0.461,0.4498,0.925,0.55552
2181,,0.8,0.57112,0.95,0.47036,0.411,0.38212,0.85,0.48784
2182,,0.75,0.5388,0.925,0.43804,0.361,0.31444,0.775,0.42016
2183,,0.7,0.50648,0.9,0.40572,0.311,0.24676,0.7,0.35248
2184,,0.65,0.47416,0.875,0.3734,0.261,0.17908,0.625,0.2848
2185,,0.6,0.44184,0.85,0.34108,0.211,0.1114,0.55,0.21712
2186,,0.55,0.40952,0.825,0.30876,0.161,0.04372,0.475,0.14944
2187,,0.5,0.3772,0.8,0.27644,0.111,-0.02396,0.4,0.08176
2188,6,0.601,0.49488,0.926,0.39912,-0.139,1.0,0.484,0.16908
2189,5,0.701,0.61156,1.0,0.5208,1.0,0.73232,0.566,0.2554
2190,,0.651,0.57924,0.975,0.48848,0.95,0.66464,0.491,0.18772
2191,,0.601,0.54692,0.95,0.45616,0.9,0.59696,0.416,0.12004
2192,,0.551,0.5146,0.925,0.42384,0.85,0.52928,0.341,0.05236
2193,,0.501,0.48228,0.9,0.39152,0.8,0.4616,0.266,-0.01532
2194,8,0.597,0.59496,1.0,0.5092,0.904,0.54892,0.345,1.0
2195,,0.547,0.56264,0.975,0.47688,0.854,0.48124,0.27,0.93232
2196,,0.497,0.53032,0.95,0.44456,0.804,0.41356,0.195,0.86464
2197,,0.447,0.498,0.925,0.41224,0.754,0.34588,0.12,0.79696
2198,,0.397,0.46568,0.9,0.37992,0.704,0.2782,0.045,0.72928
2199,,0.347,0.43336,0.875,0.3476,0.654,0.21052,-0.03,0.6616
2200,7,0.447,0.55004,1.0,0.46928,0.761,0.30184,1.0,0.74792
2201,,0.397,0.51772,0.975,0.43696,0.711,0.23416,0.925,0.68024
2202,,0.347,0.4854,0.95,0.40464,0.661,0.16648,0.85,0.61256
2203,,0.297,0.45308,0.925,0.37232,0.611,0.0988,0.775,0.54488
2204,,0.247,0.42076,0.9,0.34,0.561,0.03112,0.7,0.4772
2205,,0.197,0.38844,0.875,0.30768,0.511,-0.03656,0.625,0.40952
2206,6,0.298,0.50612,1.0,0.43036,0.261,1.0,0.709,0.49684
2207,,0.248,0.4738,0.975,0.39804,0.211,0.93232,0.634,0.42916
2208,,0.198,0.44148,0.95,0.36572,0.161,0.86464,0.559,0.36148
2209,,0.148,0.40916,0.925,0.3334,0.111,0.79696,0.484,0.2938
2210,,0.098,0.37684,0.9,0.30108,0.061,0.72928,0.409,0.22612
2211,,0.048,0.34452,0.875,0.26876,0.011,0.6616,0.334,0.15844
2212,,-0.002,0.3122,0.85,0.23644,-0.039,0.59392,0.259,0.09076
2213,5,0.098,0.42888,0.975,0.35812,1.0,0.32624,0.341,0.17708
2214,,0.048,0.39656,0.95,0.3258,0.95,0.25856,0.266,0.1094
2215,,-0.002,0.36424,0.925,0.29348,0.9,0.19088,0.191,0.04172
2216,1,1.0,0.47292,1.0,0.40716,1.0,0.2742,0.266,0.12004
2217,,0.95,0.4406,0.975,0.37484,0.95,0.20652,0.191,0.05236
2218,,0.9,0.40828,0.95,0.34252,0.9,0.13884,0.116,-0.01532
2219,8,0.996,0.52096,1.0,0.4602,1.0,0.22616,0.195,1.0
2220,,0.946,0.48864,0.975,0.42788,0.95,0.15848,0.12,0.93232
2221,,0.896,0.45632,0.95,0.39556,0.9,0.0908,0.045,0.86464
2222,,0.846,0.424,0.925,0.36324,0.85,0.02312,-0.03,0.79696
2223,7,0.946,0.54068,1.0,0.48492,0.957,0.11444,1.0,0.88328
2224,,0.896,0.50836,0.975,0.4526,0.907,0.04676,0.925,0.8156
2225,,0.846,0.47604,0.95,0.42028,0.857,-0.02092,0.85,0.74792
2226,6,0.947,0.59372,1.0,0.54296,0.607,1.0,0.934,0.83524
2227,,0.897,0.5614,0.975,0.51064,0.557,0.93232,0.859,0.76756
2228,,0.847,0.52908,0.95,0.47832,0.507,0.86464,0.784,0.69988
2229,,0.797,0.49676,0.925,0.446,0.457,0.79696,0.709,0.6322
2230,,0.747,0.46444,0.9,0.41368,0.407,0.72928,0.634,0.56452
2231,,0.697,0.43212,0.875,0.38136,0.357,0.6616,0.559,0.49684
2232,,0.647,0.3998,0.85,0.34904,0.307,0.59392,0.484,0.42916
2233,,0.597,0.36748,0.825,0.31672,0.257,0.52624,0.409,0.36148
2234,,0.547,0.33516,0.8,0.2844,0.207,0.45856,0.334,0.2938
2235,,0.497,0.30284,0.775,0.25208,0.157,0.39088,0.259,0.22612
2236,,0.447,0.27052,0.75,0.21976,0.107,0.3232,0.184,0.15844
2237,,0.397,0.2382,0.725,0.18744,0.057,0.25552,0.109,0.09076
2238,,0.347,0.20588,0.7,0.15512,0.007,0.18784,0.034,0.02308
2239,,0.297,0.17356,0.675,0.1228,-0.043,0.12016,-0.041,-0.0446
2240,8,0.393,0.28624,0.796,0.24048,0.061,0.20748,0.038,1.0
2241,,0.343,0.25392,0.771,0.20816,0.011,0.1398,-0.037,0.93232
2242,7,0.443,0.3706,0.896,0.32984,0.118,0.23112,1.0,1.0
2243,,0.393,0.33828,0.871,0.29752,0.068,0.16344,0.925,0.93232
2244,,0.343,0.30596,0.846,0.2652,0.018,0.09576,0.85,0.86464
2245,,0.293,0.27364,0.821,0.23288,-0.032,0.02808,0.775,0.79696
2246,5,0.393,0.39032,0.946,0.35456,1.0,-0.2396,0.857,0.88328
2247,6,0.494,0.508,1.0,0.47724,0.75,1.0,0.941,0.9706
2248,,0.444,0.47568,0.975,0.44492,0.7,0.93232,0.866,0.90292
2249,,0.394,0.44336,0.95,0.4126,0.65,0.86464,0.791,0.83524
2250,,0.344,0.41104,0.925,0.38028,0.6,0.79696,0.716,0.76756
2251,,0.294,0.37872,0.9,0.34796,0.55,0.72928,0.641,0.69988
2252,,0.244,0.3464,0.875,0.31564,0.5,0.6616,0.566,0.6322
2253,,0.194,0.31408,0.85,0.28332,0.45,0.59392,0.491,0.56452
2254,,0.144,0.28176,0.825,0.251,0.4,0.52624,0.416,0.49684
2255,,0.094,0.24944,0.8,0.21868,0.35,0.45856,0.341,0.42916
2256,,0.044,0.21712,0.775,0.18636,0.3,0.39088,0.266,0.36148
2257,,-0.006,0.1848,0.75,0.15404,0.25,0.3232,0.191,0.2938
2258,1,1.0,0.29348,0.868,0.26772,0.35,0.40652,0.266,0.37212
2259,,0.95,0.26116,0.843,0.2354,0.3,0.33884,0.191,0.30444
2260,,0.9,0.22884,0.818,0.20308,0.25,0.27116,0.116,0.23676
2261,,0.85,0.19652,0.793,0.17076,0.2,0.20348,0.041,0.16908
2262,,0.8,0.1642,0.768,0.13844,0.15,0.1358,-0.034,0.1014
2263,7,0.9,0.28088,0.893,0.26012,0.257,0.22712,1.0,0.18772
2264,,0.85,0.24856,0.868,0.2278,0.207,0.15944,0.925,0.12004
2265,,0.8,0.21624,0.843,0.19548,0.157,0.09176,0.85,0.05236
2266,,0.75,0.18392,0.818,0.16316,0.107,0.02408,0.775,-0.01532
2267,8,0.846,0.2966,0.939,0.28084,0.211,0.1114,0.854,1.0
2268,,0.796,0.26428,0.914,0.24852,0.161,0.04372,0.779,0.93232
2269,,0.746,0.23196,0.889,0.2162,0.111,-0.02396,0.704,0.86464
2270,6,0.847,0.34964,1.0,0.33888,-0.139,1.0,0.788,0.95196
2271,5,0.947,0.46632,1.0,0.46056,1.0,0.73232,0.87,1.0
2272,,0.897,0.434,0.975,0.42824,0.95,0.66464,0.795,0.93232
2273,,0.847,0.40168,0.95,0.39592,0.9,0.59696,0.72,0.86464
2274,,0.797,0.36936,0.925,0.3636,0.85,0.52928,0.645,0.79696
2275,,0.747,0.33704,0.9,0.33128,0.8,0.4616,0.57,0.72928
2276,,0.697,0.30472,0.875,0.29896,0.75,0.39392,0.495,0.6616
2277,,0.647,0.2724,0.85,0.26664,0.7,0.32624,0.42,0.59392
2278,,0.597,0.24008,0.825,0.23432,0.65,0.25856,0.345,0.52624
2279,,0.547,0.20776,0.8,0.202,0.6,0.19088,0.27,0.45856
2280,,0.497,0.17544,0.775,0.16968,0.55,0.1232,0.195,0.39088
2281,,0.447,0.14312,0.75,0.13736,0.5,0.05552,0.12,0.3232
2282,,0.397,0.1108,0.725,0.10504,0.45,-0.01216,0.045,0.25552
2283,6,0.498,0.22848,0.851,0.22772,0.2,1.0,0.129,0.34284
2284,,0.448,0.19616,0.826,0.1954,0.15,0.93232,0.054,0.27516
2285,,0.398,0.16384,0.801,0.16308,0.1,0.86464,-0.021,0.20748
2286,7,0.498,0.28052,0.926,0.28476,0.207,0.95596,1.0,0.2938
2287,,0.448,0.2482,0.901,0.25244,0.157,0.88828,0.925,0.22612
2288,,0.398,0.21588,0.876,0.22012,0.107,0.8206,0.85,0.15844
2289,,0.348,0.18356,0.851,0.1878,0.057,0.75292,0.775,0.09076
2290,,0.298,0.15124,0.826,0.15548,0.007,0.68524,0.7,0.02308
2291,,0.248,0.11892,0.801,0.12316,-0.043,0.61756,0.625,-0.0446
2292,8,0.344,0.2316,0.922,0.24084,0.061,0.70488,0.704,1.0
2293,,0.294,0.19928,0.897,0.20852,0.011,0.6372,0.629,0.93232
2294,,0.244,0.16696,0.872,0.1762,-0.039,0.56952,0.554,0.86464
2295,5,0.344,0.28364,0.997,0.29788,1.0,0.30184,0.636,0.95096
2296,,0.294,0.25132,0.972,0.26556,0.95,0.23416,0.561,0.88328
2297,,0.244,0.219,0.947,0.23324,0.9,0.16648,0.486,0.8156
2298,,0.194,0.18668,0.922,0.20092,0.85,0.0988,0.411,0.74792
2299,,0.144,0.15436,0.897,0.1686,0.8,0.03112,0.336,0.68024
2300,,0.094,0.12204,0.872,0.13628,0.75,-0.03656,0.261,0.61256
2301,6,0.195,0.23972,0.998,0.25896,0.5,1.0,0.345,0.69988
2302,,0.145,0.2074,0.973,0.22664,0.45,0.93232,0.27,0.6322
2303,,0.095,0.17508,0.948,0.19432,0.4,0.86464,0.195,0.56452
2304,,0.045,0.14276,0.923,0.162,0.35,0.79696,0.12,0.49684
2305,,-0.005,0.11044,0.898,0.12968,0.3,0.72928,0.045,0.42916
2306,1,1.0,0.21912,1.0,0.24336,0.4,0.8126,0.12,0.50748
2307,,0.95,0.1868,0.975,0.21104,0.35,0.74492,0.045,0.4398
2308,,0.9,0.15448,0.95,0.17872,0.3,0.67724,-0.03,0.37212
2309,7,1.0,0.27116,1.0,0.3004,0.407,0.76856,1.0,0.45844
2310,,0.95,0.23884,0.975,0.26808,0.357,0.70088,0.925,0.39076
2311,,0.9,0.20652,0.95,0.23576,0.307,0.6332,0.85,0.32308
2312,,0.85,0.1742,0.925,0.20344,0.257,0.56552,0.775,0.2554
2313,,0.8,0.14188,0.9,0.17112,0.207,0.49784,0.7,0.18772
2314,,0.75,0.10956,0.875,0.1388,0.157,0.43016,0.625,0.12004
2315,,0.7,0.07724,0.85,0.10648,0.107,0.36248,0.55,0.05236
2316,,0.65,0.04492,0.825,0.07416,0.057,0.2948,0.475,-0.01532
2317,8,0.746,0.1576,0.946,0.19184,0.161,0.38212,0.554,1.0
2318,,0.696,0.12528,0.921,0.15952,0.111,0.31444,0.479,0.93232
2319,,0.646,0.09296,0.896,0.1272,0.061,0.24676,0.404,0.86464
2320,,0.596,0.06064,0.871,0.09488,0.011,0.17908,0.329,0.79696
2321,,0.546,0.02832,0.846,0.06256,-0.039,0.1114,0.254,0.72928
2322,5,0.646,0.145,0.971,0.18424,1.0,-0.15628,0.336,0.8156
2323,6,0.747,0.26268,1.0,0.30692,0.75,1.0,0.42,0.90292
2324,,0.697,0.23036,0.975,0.2746,0.7,0.93232,0.345,0.83524
2325,,0.647,0.19804,0.95,0.24228,0.65,0.86464,0.27,0.76756
2326,,0.597,0.16572,0.925,0.20996,0.6,0.79696,0.195,0.69988
2327,,0.547,0.1334,0.9,0.17764,0.55,0.72928,0.12,0.6322
2328,,0.497,0.10108,0.875,0.14532,0.5,0.6616,0.045,0.56452
2329,,0.447,0.06876,0.85,0.113,0.45,0.59392,-0.03,0.49684
2330,7,0.547,0.18544,0.975,0.23468,0.557,0.68524,1.0,0.58316
2331,,0.497,0.15312,0.95,0.20236,0.507,0.61756,0.925,0.51548
2332,,0.447,0.1208,0.925,0.17004,0.457,0.54988,0.85,0.4478
2333,,0.397,0.08848,0.9,0.13772,0.407,0.4822,0.775,0.38012
2334,,0.347,0.05616,0.875,0.1054,0.357,0.41452,0.7,0.31244
2335,,0.297,0.02384,0.85,0.07308,0.307,0.34684,0.625,0.24476
2336,,0.247,-0.00848,0.825,0.04076,0.257,0.27916,0.55,0.17708
2337,2,0.338,1.0,0.941,0.15344,0.356,0.36148,0.624,0.2544
2338,,0.288,0.96768,0.916,0.12112,0.306,0.2938,0.549,0.18672
2339,,0.238,0.93536,0.891,0.0888,0.256,0.22612,0.474,0.11904
2340,,0.188,0.90304,0.866,0.05648,0.206,0.15844,0.399,0.05136
2341,,0.138,0.87072,0.841,0.02416,0.156,0.09076,0.324,-0.01632
2342,8,0.234,0.9834,0.962,0.14184,0.26,0.17808,0.403,1.0
2343,,0.184,0.95108,0.937,0.10952,0.21,0.1104,0.328,0.93232
2344,,0.134,0.91876,0.912,0.0772,0.16,0.04272,0.253,0.86464
2345,,0.084,0.88644,0.887,0.04488,0.11,-0.02496,0.178,0.79696
2346,6,0.185,1.0,1.0,0.16756,-0.14,1.0,0.262,0.88428
2347,5,0.285,1.0,1.0,0.28924,1.0,0.73232,0.344,0.9706
2348,,0.235,0.96768,0.975,0.25692,0.95,0.66464,0.269,0.90292
2349,,0.185,0.93536,0.95,0.2246,0.9,0.59696,0.194,0.83524
2350,,0.135,0.90304,0.925,0.19228,0.85,0.52928,0.119,0.76756
2351,,0.085,0.87072,0.9,0.15996,0.8,0.4616,0.044,0.69988
2352,,0.035,0.8384,0.875,0.12764,0.75,0.39392,-0.031,0.6322
2353,7,0.135,0.95508,1.0,0.24932,0.857,0.48524,1.0,0.71852
2354,,0.085,0.92276,0.975,0.217,0.807,0.41756,0.925,0.65084
2355,,0.035,0.89044,0.95,0.18468,0.757,0.34988,0.85,0.58316
2356,,-0.015,0.85812,0.925,0.15236,0.707,0.2822,0.775,0.51548
2357,1,1.0,0.9668,1.0,0.26604,0.807,0.36552,0.85,0.5938
2358,,0.95,0.93448,0.975,0.23372,0.757,0.29784,0.775,0.52612
2359,,0.9,0.90216,0.95,0.2014,0.707,0.23016,0.7,0.45844
2360,,0.85,0.86984,0.925,0.16908,0.657,0.16248,0.625,0.39076
2361,,0.8,0.83752,0.9,0.13676,0.607,0.0948,0.55,0.32308
2362,,0.75,0.8052,0.875,0.10444,0.557,0.02712,0.475,0.2554
2363,,0.7,0.77288,0.85,0.07212,0.507,-0.04056,0.4,0.18772
2364,6,0.801,0.89056,0.976,0.1948,0.257,1.0,0.484,0.27504
2365,,0.751,0.85824,0.951,0.16248,0.207,0.93232,0.409,0.20736
2366,,0.701,0.82592,0.926,0.13016,0.157,0.86464,0.334,0.13968
2367,,0.651,0.7936,0.901,0.09784,0.107,0.79696,0.259,0.072
2368,,0.601,0.76128,0.876,0.06552,0.057,0.72928,0.184,0.00432
2369,,0.551,0.72896,0.851,0.0332,0.007,0.6616,0.109,-0.06336
2370,8,0.647,0.84164,0.972,0.15088,0.111,0.74892,0.188,1.0
2371,,0.597,0.80932,0.947,0.11856,0.061,0.68124,0.113,0.93232
2372,,0.547,0.777,0.922,0.08624,0.011,0.61356,0.038,0.86464
2373,,0.497,0.74468,0.897,0.05392,-0.039,0.54588,-0.037,0.79696
2374,5,0.597,0.86136,1.0,0.1756,1.0,0.2782,0.045,0.88328
2375,,0.547,0.82904,0.975,0.14328,0.95,0.21052,-0.03,0.8156
2376,7,0.647,0.94572,1.0,0.26496,1.0,0.30184,1.0,0.90192
2377,,0.597,0.9134,0.975,0.23264,0.95,0.23416,0.925,0.83424
2378,,0.547,0.88108,0.95,0.20032,0.9,0.16648,0.85,0.76656
2379,,0.497,0.84876,0.925,0.168,0.85,0.0988,0.775,0.69888
2380,,0.447,0.81644,0.9,0.13568,0.8,0.03112,0.7,0.6312
2381,,0.397,0.78412,0.875,0.10336,0.75,-0.03656,0.625,0.56352
2382,6,0.498,0.9018,1.0,0.22604,0.5,1.0,0.709,0.65084
2383,,0.448,0.86948,0.975,0.19372,0.45,0.93232,0.634,0.58316
2384,,0.398,0.83716,0.95,0.1614,0.4,0.86464,0.559,0.51548
2385,,0.348,0.80484,0.925,0.12908,0.35,0.79696,0.484,0.4478
2386,,0.298,0.77252,0.9,0.09676,0.3,0.72928,0.409,0.38012
2387,,0.248,0.7402,0.875,0.06444,0.25,0.6616,0.334,0.31244
2388,,0.198,0.70788,0.85,0.03212,0.2,0.59392,0.259,0.24476
2389,,0.148,0.67556,0.825,-0.0002,0.15,0.52624,0.184,0.17708
2390,4,0.244,0.78824,0.946,1.0,0.254,0.61356,0.263,0.2594
2391,,0.194,0.75592,0.921,0.96768,0.204,0.54588,0.188,0.19172
2392,,0.144,0.7236,0.896,0.93536,0.154,0.4782,0.113,0.12404
2393,,0.094,0.69128,0.871,0.90304,0.104,0.41052,0.038,0.05636
2394,,0.044,0.65896,0.846,0.87072,0.054,0.34284,-0.037,-0.01132
2395,7,0.144,0.77564,0.971,0.9924,0.161,0.43416,1.0,0.075
2396,,0.094,0.74332,0.946,0.96008,0.111,0.36648,0.925,0.00732
2397,,0.044,0.711,0.921,0.92776,0.061,0.2988,0.85,-0.06036
2398,8,0.14,0.82368,1.0,1.0,0.165,0.38612,0.929,1.0
2399,,0.09,0.79136,0.975,0.96768,0.115,0.31844,0.854,0.93232
2400,,0.04,0.75904,0.95,0.93536,0.065,0.25076,0.779,0.86464
2401,,-0.01,0.72672,0.925,0.90304,0.015,0.18308,0.704,0.79696
2402,1,1.0,0.8354,1.0,1.0,0.115,0.2664,0.779,0.87528
2403,,0.95,0.80308,0.975,0.96768,0.065,0.19872,0.704,0.8076
2404,,0.9,0.77076,0.95,0.93536,0.015,0.13104,0.629,0.73992
2405,,0.85,0.73844,0.925,0.90304,-0.035,0.06336,0.554,0.67224
2406,5,0.95,0.85512,1.0,1.0,1.0,-0.20432,0.636,0.75856
2407,6,1.0,0.9728,1.0,1.0,0.75,1.0,0.72,0.84588
2408,,0.95,0.94048,0.975,0.96768,0.7,0.93232,0.645,0.7782
2409,,0.9,0.90816,0.95,0.93536,0.65,0.86464,0.57,0.71052
2410,,0.85,0.87584,0.925,0.90304,0.6,0.79696,0.495,0.64284
2411,,0.8,0.84352,0.9,0.87072,0.55,0.72928,0.42,0.57516
2412,,0.75,0.8112,0.875,0.8384,0.5,0.6616,0.345,0.50748
2413,,0.7,0.77888,0.85,0.80608,0.45,0.59392,0.27,0.4398
2414,,0.65,0.74656,0.825,0.77376,0.4,0.52624,0.195,0.37212
2415,,0.6,0.71424,0.8,0.74144,0.35,0.45856,0.12,0.30444
2416,,0.55,0.68192,0.775,0.70912,0.3,0.39088,0.045,0.23676
2417,,0.5,0.6496,0.75,0.6768,0.25,0.3232,-0.03,0.16908
2418,7,0.6,0.76628,0.875,0.79848,0.357,0.41452,1.0,0.2554
2419,,0.55,0.73396,0.85,0.76616,0.307,0.34684,0.925,0.18772
2420,,0.5,0.70164,0.825,0.73384,0.257,0.27916,0.85,0.12004
2421,,0.45,0.66932,0.8,0.70152,0.207,0.21148,0.775,0.05236
2422,,0.4,0.637,0.775,0.6692,0.157,0.1438,0.7,-0.01532
2423,8,0.496,0.74968,0.896,0.78688,0.261,0.23112,0.779,1.0
2424,,0.446,0.71736,0.871,0.75456,0.211,0.16344,0.704,0.93232
2425,,0.396,0.68504,0.846,0.72224,0.161,0.09576,0.629,0.86464
2426,,0.346,0.65272,0.821,0.68992,0.111,0.02808,0.554,0.79696
2427,,0.296,0.6204,0.796,0.6576,0.061,-0.0396,0.479,0.72928
2428,6,0.397,0.73808,0.922,0.78028,-0.189,1.0,0.563,0.8166
2429,5,0.497,0.85476,1.0,0.90196,1.0,0.73232,0.645,0.90292
2430,,0.447,0.82244,0.975,0.86964,0.95,0.66464,0.57,0.83524
2431,,0.397,0.79012,0.95,0.83732,0.9,0.59696,0.495,0.76756
2432,,0.347,0.7578,0.925,0.805,0.85,0.52928,0.42,0.69988
2433,,0.297,0.72548,0.9,0.77268,0.8,0.4616,0.345,0.6322
2434,,0.247,0.69316,0.875,0.74036,0.75,0.39392,0.27,0.56452
2435,,0.197,0.66084,0.85,0.70804,0.7,0.32624,0.195,0.49684
2436,,0.147,0.62852,0.825,0.67572,0.65,0.25856,0.12,0.42916
2437,,0.097,0.5962,0.8,0.6434,0.6,0.19088,0.045,0.36148
2438,,0.047,0.56388,0.775,0.61108,0.55,0.1232,-0.03,0.2938
2439,7,0.147,0.68056,0.9,0.73276,0.657,0.21452,1.0,0.38012
2440,,0.097,0.64824,0.875,0.70044,0.607,0.14684,0.925,0.31244
2441,,0.047,0.61592,0.85,0.66812,0.557,0.07916,0.85,0.24476
2442,,-0.003,0.5836,0.825,0.6358,0.507,0.01148,0.775,0.17708
2443,1,1.0,0.69228,0.943,0.74948,0.607,0.0948,0.85,0.2554
2444,,0.95,0.65996,0.918,0.71716,0.557,0.02712,0.775,0.18772
2445,,0.9,0.62764,0.893,0.68484,0.507,-0.04056,0.7,0.12004
2446,6,1.0,0.74532,1.0,0.80752,0.257,1.0,0.784,0.20736
2447,,0.95,0.713,0.975,0.7752,0.207,0.93232,0.709,0.13968
2448,,0.9,0.68068,0.95,0.74288,0.157,0.86464,0.634,0.072
2449,,0.85,0.64836,0.925,0.71056,0.107,0.79696,0.559,0.00432
2450,,0.8,0.61604,0.9,0.67824,0.057,0.72928,0.484,-0.06336
2451,8,0.896,0.72872,1.0,0.79592,0.161,0.8166,0.563,1.0
2452,,0.846,0.6964,0.975,0.7636,0.111,0.74892,0.488,0.93232
2453,,0.796,0.66408,0.95,0.73128,0.061,0.68124,0.413,0.86464
2454,,0.746,0.63176,0.925,0.69896,0.011,0.61356,0.338,0.79696
2455,,0.696,0.59944,0.9,0.66664,-0.039,0.54588,0.263,0.72928
2456,5,0.796,0.71612,1.0,0.78832,1.0,0.2782,0.345,0.8156
2457,,0.746,0.6838,0.975,0.756,0.95,0.21052,0.27,0.74792
2458,,0.696,0.65148,0.95,0.72368,0.9,0.14284,0.195,0.68024
2459,,0.646,0.61916,0.925,0.69136,0.85,0.07516,0.12,0.61256
2460,,0.596,0.58684,0.9,0.65904,0.8,0.00748,0.045,0.54488
2461,,0.546,0.55452,0.875,0.62672,0.75,-0.0602,-0.03,0.4772
2462,6,0.647,0.6722,1.0,0.7494,0.5,1.0,0.054,0.56452
2463,,0.597,0.63988,0.975,0.71708,0.45,0.93232,-0.021,0.49684
2464,7,0.697,0.75656,1.0,0.83876,0.557,1.0,1.0,0.58316
2465,,0.647,0.72424,0.975,0.80644,0.507,0.93232,0.925,0.51548
2466,,0.597,0.69192,0.95,0.77412,0.457,0.86464,0.85,0.4478
2467,,0.547,0.6596,0.925,0.7418,0.407,0.79696,0.775,0.38012
2468,,0.497,0.62728,0.9,0.70948,0.357,0.72928,0.7,0.31244
2469,,0.447,0.59496,0.875,0.67716,0.307,0.6616,0.625,0.24476
2470,,0.397,0.56264,0.85,0.64484,0.257,0.59392,0.55,0.17708
2471,,0.347,0.53032,0.825,0.61252,0.207,0.52624,0.475,0.1094
2472,,0.297,0.498,0.8,0.5802,0.157,0.45856,0.4,0.04172
2473,,0.247,0.46568,0.775,0.54788,0.107,0.39088,0.325,-0.02596
2474,8,0.343,0.57836,0.896,0.66556,0.211,0.4782,0.404,1.0
2475,,0.293,0.54604,0.871,0.63324,0.161,0.41052,0.329,0.93232
2476,,0.243,0.51372,0.846,0.60092,0.111,0.34284,0.254,0.86464
2477,,0.193,0.4814,0.821,0.5686,0.061,0.27516,0.179,0.79696
2478,,0.143,0.44908,0.796,0.53628,0.011,0.20748,0.104,0.72928
2479,,0.093,0.41676,0.771,0.50396,-0.039,0.1398,0.029,0.6616
2480,5,0.193,0.53344,0.896,0.62564,1.0,-0.12788,0.111,0.74792
2481,6,0.294,0.65112,1.0,0.74832,0.75,1.0,0.195,0.83524
2482,,0.244,0.6188,0.975,0.716,0.7,0.93232,0.12,0.76756
2483,,0.194,0.58648,0.95,0.68368,0.65,0.86464,0.045,0.69988
2484,,0.144,0.55416,0.925,0.65136,0.6,0.79696,-0.03,0.6322
2485,7,0.244,0.67084,1.0,0.77304,0.707,0.88828,1.0,0.71852
2486,,0.194,0.63852,0.975,0.74072,0.657,0.8206,0.925,0.65084
2487,,0.144,0.6062,0.95,0.7084,0.607,0.75292,0.85,0.58316
2488,,0.094,0.57388,0.925,0.67608,0.557,0.68524,0.775,0.51548
2489,,0.044,0.54156,0.9,0.64376,0.507,0.61756,0.7,0.4478
2490,,-0.006,0.50924,0.875,0.61144,0.457,0.54988,0.625,0.38012
2491,1,1.0,0.61792,0.993,0.72512,0.557,0.6332,0.7,0.45844
2492,,0.95,0.5856,0.968,0.6928,0.507,0.56552,0.625,0.39076
2493,,0.9,0.55328,0.943,0.66048,0.457,0.49784,0.55,0.32308
2494,,0.85,0.52096,0.918,0.62816,0.407,0.43016,0.475,0.2554
2495,,0.8,0.48864,0.893,0.59584,0.357,0.36248,0.4,0.18772
2496,,0.75,0.45632,0.868,0.56352,0.307,0.2948,0.325,0.12004
2497,,0.7,0.424,0.843,0.5312,0.257,0.22712,0.25,0.05236
2498,,0.65,0.39168,0.818,0.49888,0.207,0.15944,0.175,-0.01532
2499,8,0.746,0.50436,0.939,0.61656,0.311,0.24676,0.254,1.0
2500,,0.696,0.47204,0.914,0.58424,0.261,0.17908,0.179,0.93232
2501,,0.646,0.43972,0.889,0.55192,0.211,0.1114,0.104,0.86464
2502,,0.596,0.4074,0.864,0.5196,0.161,0.04372,0.029,0.79696
2503,,0.546,0.37508,0.839,0.48728,0.111,-0.02396,-0.046,0.72928
2504,7,0.646,0.49176,0.964,0.60896,0.218,0.06736,1.0,0.8156
2505,,0.596,0.45944,0.939,0.57664,0.168,-0.00032,0.925,0.74792
2506,6,0.697,0.57712,1.0,0.69932,-0.082,1.0,1.0,0.83524
2507,5,0.797,0.6938,1.0,0.821,1.0,0.73232,1.0,0.92156
2508,,0.747,0.66148,0.975,0.78868,0.95,0.66464,0.925,0.85388
2509,,0.697,0.62916,0.95,0.75636,0.9,0.59696,0.85,0.7862
2510,,0.647,0.59684,0.925,0.72404,0.85,0.52928,0.775,0.71852
2511,,0.597,0.56452,0.9,0.69172,0.8,0.4616,0.7,0.65084
2512,,0.547,0.5322,0.875,0.6594,0.75,0.39392,0.625,0.58316
2513,,0.497,0.49988,0.85,0.62708,0.7,0.32624,0.55,0.51548
2514,,0.447,0.46756,0.825,0.59476,0.65,0.25856,0.475,0.4478
2515,,0.397,0.43524,0.8,0.56244,0.6,0.19088,0.4,0.38012
2516,,0.347,0.40292,0.775,0.53012,0.55,0.1232,0.325,0.31244
2517,,0.297,0.3706,0.75,0.4978,0.5,0.05552,0.25,0.24476
2518,,0.247,0.33828,0.725,0.46548,0.45,-0.01216,0.175,0.17708
2519,6,0.348,0.45596,0.851,0.58816,0.2,1.0,0.259,0.2644
2520,,0.298,0.42364,0.826,0.55584,0.15,0.93232,0.184,0.19672
2521,,0.248,0.39132,0.801,0.52352,0.1,0.86464,0.109,0.12904
2522,,0.198,0.359,0.776,0.4912,0.05,0.79696,0.034,0.06136
2523,,0.148,0.32668,0.751,0.45888,0.0,0.72928,-0.041,-0.00632
2524,7,0.248,0.44336,0.876,0.58056,0.107,0.8206,1.0,0.08
2525,,0.198,0.41104,0.851,0.54824,0.057,0.75292,0.925,0.01232
2526,,0.148,0.37872,0.826,0.51592,0.007,0.68524,0.85,-0.05536
2527,8,0.244,0.4914,0.947,0.6336,0.111,0.77256,0.929,1.0
2528,,0.194,0.45908,0.922,0.60128,0.061,0.70488,0.854,0.93232
2529,,0.144,0.42676,0.897,0.56896,0.011,0.6372,0.779,0.86464
2530,,0.094,0.39444,0.872,0.53664,-0.039,0.56952,0.704,0.79696
2531,5,0.194,0.51112,0.997,0.65832,1.0,0.30184,0.786,0.88328
2532,,0.144,0.4788,0.972,0.626,0.95,0.23416,0.711,0.8156
2533,,0.094,0.44648,0.947,0.59368,0.9,0.16648,0.636,0.74792
2534,,0.044,0.41416,0.922,0.56136,0.85,0.0988,0.561,0.68024
2535,,-0.006,0.38184,0.897,0.52904,0.8,0.03112,0.486,0.61256
2536,1,1.0,0.49052,1.0,0.64272,0.9,0.11444,0.561,0.69088
2537,,0.95,0.4582,0.975,0.6104,0.85,0.04676,0.486,0.6232
2538,,0.9,0.42588,0.95,0.57808,0.8,-0.02092,0.411,0.55552
2539,6,1.0,0.54356,1.0,0.70076,0.55,1.0,0.495,0.64284
2540,,0.95,0.51124,0.975,0.66844,0.5,0.93232,0.42,0.57516
2541,,0.9,0.47892,0.95,0.63612,0.45,0.86464,0.345,0.50748
2542,,0.85,0.4466,0.925,0.6038,0.4,0.79696,0.27,0.4398
2543,,0.8,0.41428,0.9,0.57148,0.35,0.72928,0.195,0.37212
2544,,0.75,0.38196,0.875,0.53916,0.3,0.6616,0.12,0.30444
2545,,0.7,0.34964,0.85,0.50684,0.25,0.59392,0.045,0.23676
2546,,0.65,0.31732,0.825,0.47452,0.2,0.52624,-0.03,0.16908
2547,7,0.75,0.434,0.95,0.5962,0.307,0.61756,1.0,0.2554
2548,,0.7,0.40168,0.925,0.56388,0.257,0.54988,0.925,0.18772
2549,,0.65,0.36936,0.9,0.53156,0.207,0.4822,0.85,0.12004
2550,,0.6,0.33704,0.875,0.49924,0.157,0.41452,0.775,0.05236
2551,,0.55,0.30472,0.85,0.46692,0.107,0.34684,0.7,-0.01532
2552,8,0.646,0.4174,0.971,0.5846,0.211,0.43416,0.779,1.0
2553,,0.596,0.38508,0.946,0.55228,0.161,0.36648,0.704,0.93232
2554,,0.546,0.35276,0.921,0.51996,0.111,0.2988,0.629,0.86464
2555,,0.496,0.32044,0.896,0.48764,0.061,0.23112,0.554,0.79696
2556,,0.446,0.28812,0.871,0.45532,0.011,0.16344,0.479,0.72928
2557,,0.396,0.2558,0.846,0.423,-0.039,0.09576,0.404,0.6616
2558,5,0.496,0.37248,0.971,0.54468,1.0,-0.17192,0.486,0.74792
2559,6,0.597,0.49016,1.0,0.66736,0.75,1.0,0.57,0.83524
2560,,0.547,0.45784,0.975,0.63504,0.7,0.93232,0.495,0.76756
2561,,0.497,0.42552,0.95,0.60272,0.65,0.86464,0.42,0.69988
2562,,0.447,0.3932,0.925,0.5704,0.6,0.79696,0.345,0.6322
2563,,0.397,0.36088,0.9,0.53808,0.55,0.72928,0.27,0.56452
2564,,0.347,0.32856,0.875,0.50576,0.5,0.6616,0.195,0.49684
2565,,0.297,0.29624,0.85,0.47344,0.45,0.59392,0.12,0.42916
2566,,0.247,0.26392,0.825,0.44112,0.4,0.52624,0.045,0.36148
2567,,0.197,0.2316,0.8,0.4088,0.35,0.45856,-0.03,0.2938
2568,7,0.297,0.34828,0.925,0.53048,0.457,0.54988,1.0,0.38012
2569,,0.247,0.31596,0.9,0.49816,0.407,0.4822,0.925,0.31244
2570,,0.197,0.28364,0.875,0.46584,0.357,0.41452,0.85,0.24476
2571,,0.147,0.25132,0.85,0.43352,0.307,0.34684,0.775,0.17708
2572,,0.097,0.219,0.825,0.4012,0.257,0.27916,0.7,0.1094
2573,,0.047,0.18668,0.8,0.36888,0.207,0.21148,0.625,0.04172
2574,,-0.003,0.15436,0.775,0.33656,0.157,0.1438,0.55,-0.02596
2575,8,0.093,0.26704,0.896,0.45424,0.261,0.23112,0.629,1.0
2576,,0.043,0.23472,0.871,0.42192,0.211,0.16344,0.554,0.93232
2577,,-0.007,0.2024,0.846,0.3896,0.161,0.09576,0.479,0.86464
2578,1,1.0,0.31108,0.964,0.50328,0.261,0.17908,0.554,0.94296
2579,,0.95,0.27876,0.939,0.47096,0.211,0.1114,0.479,0.87528
2580,,0.9,0.24644,0.914,0.43864,0.161,0.04372,0.404,0.8076
2581,,0.85,0.21412,0.889,0.40632,0.111,-0.02396,0.329,0.73992
2582,6,0.951,0.3318,1.0,0.529,-0.139,1.0,0.413,0.82724
2583,5,1.0,0.44848,1.0,0.65068,1.0,0.73232,0.495,0.91356
2584,,0.95,0.41616,0.975,0.61836,0.95,0.66464,0.42,0.84588
2585,,0.9,0.38384,0.95,0.58604,0.9,0.59696,0.345,0.7782
2586,,0.85,0.35152,0.925,0.55372,0.85,0.52928,0.27,0.71052
2587,,0.8,0.3192,0.9,0.5214,0.8,0.4616,0.195,0.64284
2588,,0.75,0.28688,0.875,0.48908,0.75,0.39392,0.12,0.57516
2589,,0.7,0.25456,0.85,0.45676,0.7,0.32624,0.045,0.50748
2590,,0.65,0.22224,0.825,0.42444,0.65,0.25856,-0.03,0.4398
2591,7,0.75,0.33892,0.95,0.54612,0.757,0.34988,1.0,0.52612
2592,,0.7,0.3066,0.925,0.5138,0.707,0.2822,0.925,0.45844
2593,,0.65,0.27428,0.9,0.48148,0.657,0.21452,0.85,0.39076
2594,,0.6,0.24196,0.875,0.44916,0.607,0.14684,0.775,0.32308
2595,,0.55,0.20964,0.85,0.41684,0.557,0.07916,0.7,0.2554
2596,,0.5,0.17732,0.825,0.38452,0.507,0.01148,0.625,0.18772
2597,,0.45,0.145,0.8,0.3522,0.457,-0.0562,0.55,0.12004
2598,6,0.551,0.26268,0.926,0.47488,0.207,1.0,0.634,0.20736
2599,,0.501,0.23036,0.901,0.44256,0.157,0.93232,0.559,0.13968
2600,,0.451,0.19804,0.876,0.41024,0.107,0.86464,0.484,0.072
2601,,0.401,0.16572,0.851,0.37792,0.057,0.79696,0.409,0.00432
2602,,0.351,0.1334,0.826,0.3456,0.007,0.72928,0.334,-0.06336
2603,8,0.447,0.24608,0.947,0.46328,0.111,0.8166,0.413,1.0
2604,,0.397,0.21376,0.922,0.43096,0.061,0.74892,0.338,0.93232
2605,,0.347,0.18144,0.897,0.39864,0.011,0.68124,0.263,0.86464
2606,,0.297,0.14912,0.872,0.36632,-0.039,0.61356,0.188,0.79696
2607,5,0.397,0.2658,0.997,0.488,1.0,0.34588,0.27,0.88328
2608,,0.347,0.23348,0.972,0.45568,0.95,0.2782,0.195,0.8156
2609,,0.297,0.20116,0.947,0.42336,0.9,0.21052,0.12,0.74792
2610,,0.247,0.16884,0.922,0.39104,0.85,0.14284,0.045,0.68024
2611,,0.197,0.13652,0.897,0.35872,0.8,0.07516,-0.03,0.61256
2612,7,0.297,0.2532,1.0,0.4804,0.907,0.16648,1.0,0.69888
2613,,0.247,0.22088,0.975,0.44808,0.857,0.0988,0.925,0.6312
2614,,0.197,0.18856,0.95,0.41576,0.807,0.03112,0.85,0.56352
2615,,0.147,0.15624,0.925,0.38344,0.757,-0.03656,0.775,0.49584
2616,6,0.248,0.27392,1.0,0.50612,0.507,1.0,0.859,0.58316
2617,,0.198,0.2416,0.975,0.4738,0.457,0.93232,0.784,0.51548
2618,,0.148,0.20928,0.95,0.44148,0.407,0.86464,0.709,0.4478
2619,,0.098,0.17696,0.925,0.40916,0.357,0.79696,0.634,0.38012
2620,,0.048,0.14464,0.9,0.37684,0.307,0.72928,0.559,0.31244
2621,,-0.002,0.11232,0.875,0.34452,0.257,0.6616,0.484,0.24476
2622,1,1.0,0.221,0.993,0.4582,0.357,0.74492,0.559,0.32308
2623,,0.95,0.18868,0.968,0.42588,0.307,0.67724,0.484,0.2554
2624,,0.9,0.15636,0.943,0.39356,0.257,0.60956,0.409,0.18772
2625,,0.85,0.12404,0.918,0.36124,0.207,0.54188,0.334,0.12004
2626,,0.8,0.09172,0.893,0.32892,0.157,0.4742,0.259,0.05236
2627,,0.75,0.0594,0.868,0.2966,0.107,0.40652,0.184,-0.01532
2628,8,0.846,0.17208,0.989,0.41428,0.211,0.49384,0.263,1.0
2629,,0.796,0.13976,0.964,0.38196,0.161,0.42616,0.188,0.93232
2630,,0.746,0.10744,0.939,0.34964,0.111,0.35848,0.113,0.86464
2631,,0.696,0.07512,0.914,0.31732,0.061,0.2908,0.038,0.79696
2632,,0.646,0.0428,0.889,0.285,0.011,0.22312,-0.037,0.72928
2633,7,0.746,0.15948,1.0,0.40668,0.118,0.31444,1.0,0.8156
2634,,0.696,0.12716,0.975,0.37436,0.068,0.24676,0.925,0.74792
2635,,0.646,0.09484,0.95,0.34204,0.018,0.17908,0.85,0.68024
2636,,0.596,0.06252,0.925,0.30972,-0.032,0.1114,0.775,0.61256
2637,5,0.696,0.1792,1.0,0.4314,1.0,-0.15628,0.857,0.69888
2638,6,0.797,0.29688,1.0,0.55408,0.75,1.0,0.941,0.7862
2639,,0.747,0.26456,0.975,0.52176,0.7,0.93232,0.866,0.71852
2640,,0.697,0.23224,0.95,0.48944,0.65,0.86464,0.791,0.65084
2641,,0.647,0.19992,0.925,0.45712,0.6,0.79696,0.716,0.58316
2642,,0.597,0.1676,0.9,0.4248,0.55,0.72928,0.641,0.51548
2643,,0.547,0.13528,0.875,0.39248,0.5,0.6616,0.566,0.4478
2644,,0.497,0.10296,0.85,0.36016,0.45,0.59392,0.491,0.38012
2645,,0.447,0.07064,0.825,0.32784,0.4,0.52624,0.416,0.31244
2646,,0.397,0.03832,0.8,0.29552,0.35,0.45856,0.341,0.24476
2647,,0.347,0.006,0.775,0.2632,0.3,0.39088,0.266,0.17708
2648,,0.297,-0.02632,0.75,0.23088,0.25,0.3232,0.191,0.1094
2649,2,0.388,1.0,0.866,0.34356,0.349,0.40552,0.265,0.18672
2650,,0.338,0.96768,0.841,0.31124,0.299,0.33784,0.19,0.11904
2651,,0.288,0.93536,0.816,0.27892,0.249,0.27016,0.115,0.05136
2652,,0.238,0.90304,0.791,0.2466,0.199,0.20248,0.04,-0.01632
2653,8,0.334,1.0,0.912,0.36428,0.303,0.2898,0.119,1.0
2654,,0.284,0.96768,0.887,0.33196,0.253,0.22212,0.044,0.93232
2655,,0.234,0.93536,0.862,0.29964,0.203,0.15444,-0.031,0.86464
2656,7,0.334,1.0,0.987,0.42132,0.31,0.24576,1.0,0.95096
2657,,0.284,0.96768,0.962,0.389,0.26,0.17808,0.925,0.88328
2658,,0.234,0.93536,0.937,0.35668,0.21,0.1104,0.85,0.8156
2659,,0.184,0.90304,0.912,0.32436,0.16,0.04272,0.775,0.74792
2660,,0.134,0.87072,0.887,0.29204,0.11,-0.02496,0.7,0.68024
2661,6,0.235,0.9884,1.0,0.41472,-0.14,1.0,0.784,0.76756
2662,5,0.335,1.0,1.0,0.5364,1.0,0.73232,0.866,0.85388
2663,,0.285,0.96768,0.975,0.50408,0.95,0.66464,0.791,0.7862
2664,,0.235,0.93536,0.95,0.47176,0.9,0.59696,0.716,0.71852
2665,,0.185,0.90304,0.925,0.43944,0.85,0.52928,0.641,0.65084
2666,,0.135,0.87072,0.9,0.40712,0.8,0.4616,0.566,0.58316
2667,,0.085,0.8384,0.875,0.3748,0.75,0.39392,0.491,0.51548
2668,,0.035,0.80608,0.85,0.34248,0.7,0.32624,0.416,0.4478
2669,,-0.015,0.77376,0.825,0.31016,0.65,0.25856,0.341,0.38012
2670,1,1.0,0.88244,0.943,0.42384,0.75,0.34188,0.416,0.45844
2671,,0.95,0.85012,0.918,0.39152,0.7,0.2742,0.341,0.39076
2672,,0.9,0.8178,0.893,0.3592,0.65,0.20652,0.266,0.32308
2673,,0.85,0.78548,0.868,0.32688,0.6,0.13884,0.191,0.2554
2674,,0.8,0.75316,0.843,0.29456,0.55,0.07116,0.116,0.18772
2675,,0.75,0.72084,0.818,0.26224,0.5,0.00348,0.041,0.12004
2676,,0.7,0.68852,0.793,0.22992,0.45,-0.0642,-0.034,0.05236
2677,6,0.801,0.8062,0.919,0.3526,0.2,1.0,0.05,0.13968
2678,,0.751,0.77388,0.894,0.32028,0.15,0.93232,-0.025,0.072
2679,7,0.851,0.89056,1.0,0.44196,0.257,1.0,1.0,0.15832
2680,,0.801,0.85824,0.975,0.40964,0.207,0.93232,0.925,0.09064
2681,,0.751,0.82592,0.95,0.37732,0.157,0.86464,0.85,0.02296
2682,,0.701,0.7936,0.925,0.345,0.107,0.79696,0.775,-0.04472
2683,8,0.797,0.90628,1.0,0.46268,0.211,0.88428,0.854,1.0
2684,,0.747,0.87396,0.975,0.43036,0.161,0.8166,0.779,0.93232
2685,,0.697,0.84164,0.95,0.39804,0.111,0.74892,0.704,0.86464
2686,,0.647,0.80932,0.925,0.36572,0.061,0.68124,0.629,0.79696
2687,,0.597,0.777,0.9,0.3334,0.011,0.61356,0.554,0.72928
2688,,0.547,0.74468,0.875,0.30108,-0.039,0.54588,0.479,0.6616
2689,5,0.647,0.86136,1.0,0.42276,1.0,0.2782,0.561,0.74792
2690,,0.597,0.82904,0.975,0.39044,0.95,0.21052,0.486,0.68024
2691,,0.547,0.79672,0.95,0.35812,0.9,0.14284,0.411,0.61256
2692,,0.497,0.7644,0.925,0.3258,0.85,0.07516,0.336,0.54488
2693,,0.447,0.73208,0.9,0.29348,0.8,0.00748,0.261,0.4772
2694,,0.397,0.69976,0.875,0.26116,0.75,-0.0602,0.186,0.40952
2695,6,0.498,0.81744,1.0,0.38384,0.5,1.0,0.27,0.49684
2696,,0.448,0.78512,0.975,0.35152,0.45,0.93232,0.195,0.42916
2697,,0.398,0.7528,0.95,0.3192,0.4,0.86464,0.12,0.36148
2698,,0.348,0.72048,0.925,0.28688,0.35,0.79696,0.045,0.2938
2699,,0.298,0.68816,0.9,0.25456,0.3,0.72928,-0.03,0.22612
2700,7,0.398,0.80484,1.0,0.37624,0.407,0.8206,1.0,0.31244
2701,,0.348,0.77252,0.975,0.34392,0.357,0.75292,0.925,0.24476
2702,,0.298,0.7402,0.95,0.3116,0.307,0.68524,0.85,0.17708
2703,,0.248,0.70788,0.925,0.27928,0.257,0.61756,0.775,0.1094
2704,,0.198,0.67556,0.9,0.24696,0.207,0.54988,0.7,0.04172
2705,,0.148,0.64324,0.875,0.21464,0.157,0.4822,0.625,-0.02596
2706,8,0.244,0.75592,0.996,0.33232,0.261,0.56952,0.704,1.0
2707,,0.194,0.7236,0.971,0.3,0.211,0.50184,0.629,0.93232
2708,,0.144,0.69128,0.946,0.26768,0.161,0.43416,0.554,0.86464
2709,,0.094,0.65896,0.921,0.23536,0.111,0.36648,0.479,0.79696
2710,,0.044,0.62664,0.896,0.20304,0.061,0.2988,0.404,0.72928
2711,,-0.006,0.59432,0.871,0.17072,0.011,0.23112,0.329,0.6616
2712,1,1.0,0.703,0.989,0.2844,0.111,0.31444,0.404,0.73992
2713,,0.95,0.67068,0.964,0.25208,0.061,0.24676,0.329,0.67224
2714,,0.9,0.63836,0.939,0.21976,0.011,0.17908,0.254,0.60456
2715,,0.85,0.60604,0.914,0.18744,-0.039,0.1114,0.179,0.53688
2716,5,0.95,0.72272,1.0,0.30912,1.0,-0.15628,0.261,0.6232
2717,6,1.0,0.8404,1.0,0.4318,0.75,1.0,0.345,0.71052
2718,,0.95,0.80808,0.975,0.39948,0.7,0.93232,0.27,0.64284
2719,,0.9,0.77576,0.95,0.36716,0.65,0.86464,0.195,0.57516
2720,,0.85,0.74344,0.925,0.33484,0.6,0.79696,0.12,0.50748
2721,,0.8,0.71112,0.9,0.30252,0.55,0.72928,0.045,0.4398
2722,,0.75,0.6788,0.875,0.2702,0.5,0.6616,-0.03,0.37212
2723,7,0.85,0.79548,1.0,0.39188,0.607,0.75292,1.0,0.45844
2724,,0.8,0.76316,0.975,0.35956,0.557,0.68524,0.925,0.39076
2725,,0.75,0.73084,0.95,0.32724,0.507,0.61756,0.85,0.32308
2726,,0.7,0.69852,0.925,0.29492,0.457,0.54988,0.775,0.2554
2727,,0.65,0.6662,0.9,0.2626,0.407,0.4822,0.7,0.18772
2728,,0.6,0.63388,0.875,0.23028,0.357,0.41452,0.625,0.12004
2729,,0.55,0.60156,0.85,0.19796,0.307,0.34684,0.55,0.05236
2730,,0.5,0.56924,0.825,0.16564,0.257,0.27916,0.475,-0.01532
2731,8,0.596,0.68192,0.946,0.28332,0.361,0.36648,0.554,1.0
2732,,0.546,0.6496,0.921,0.251,0.311,0.2988,0.479,0.93232
2733,,0.496,0.61728,0.896,0.21868,0.261,0.23112,0.404,0.86464
2734,,0.446,0.58496,0.871,0.18636,0.211,0.16344,0.329,0.79696
2735,,0.396,0.55264,0.846,0.15404,0.161,0.09576,0.254,0.72928
2736,,0.346,0.52032,0.821,0.12172,0.111,0.02808,0.179,0.6616
2737,,0.296,0.488,0.796,0.0894,0.061,-0.0396,0.104,0.59392
2738,6,0.397,0.60568,0.922,0.21208,-0.189,1.0,0.188,0.68124
2739,5,0.497,0.72236,1.0,0.33376,1.0,0.73232,0.27,0.76756
2740,,0.447,0.69004,0.975,0.30144,0.95,0.66464,0.195,0.69988
2741,,0.397,0.65772,0.95,0.26912,0.9,0.59696,0.12,0.6322
2742,,0.347,0.6254,0.925,0.2368,0.85,0.52928,0.045,0.56452
2743,,0.297,0.59308,0.9,0.20448,0.8,0.4616,-0.03,0.49684
2744,7,0.397,0.70976,1.0,0.32616,0.907,0.55292,1.0,0.58316
2745,,0.347,0.67744,0.975,0.29384,0.857,0.48524,0.925,0.51548
2746,,0.297,0.64512,0.95,0.26152,0.807,0.41756,0.85,0.4478
2747,,0.247,0.6128,0.925,0.2292,0.757,0.34988,0.775,0.38012
2748,,0.197,0.58048,0.9,0.19688,0.707,0.2822,0.7,0.31244
2749,,0.147,0.54816,0.875,0.16456,0.657,0.21452,0.625,0.24476
2750,,0.097,0.51584,0.85,0.13224,0.607,0.14684,0.55,0.17708
2751,,0.047,0.48352,0.825,0.09992,0.557,0.07916,0.475,0.1094
2752,,-0.003,0.4512,0.8,0.0676,0.507,0.01148,0.4,0.04172
2753,1,1.0,0.55988,0.918,0.18128,0.607,0.0948,0.475,0.12004
2754,,0.95,0.52756,0.893,0.14896,0.557,0.02712,0.4,0.05236
2755,,0.9,0.49524,0.868,0.11664,0.507,-0.04056,0.325,-0.01532
2756,6,1.0,0.61292,0.994,0.23932,0.257,1.0,0.409,0.072
2757,,0.95,0.5806,0.969,0.207,0.207,0.93232,0.334,0.00432
2758,,0.9,0.54828,0.944,0.17468,0.157,0.86464,0.259,-0.06336
2759,8,0.996,0.66096,1.0,0.29236,0.261,0.95196,0.338,1.0
2760,,0.946,0.62864,0.975,0.26004,0.211,0.88428,0.263,0.93232
2761,,0.896,0.59632,0.95,0.22772,0.161,0.8166,0.188,0.86464
2762,,0.846,0.564,0.925,0.1954,0.111,0.74892,0.113,0.79696
2763,,0.796,0.53168,0.9,0.16308,0.061,0.68124,0.038,0.72928
2764,,0.746,0.49936,0.875,0.13076,0.011,0.61356,-0.037,0.6616
2765,7,0.846,0.61604,1.0,0.25244,0.118,0.70488,1.0,0.74792
2766,,0.796,0.58372,0.975,0.22012,0.068,0.6372,0.925,0.68024
2767,,0.746,0.5514,0.95,0.1878,0.018,0.56952,0.85,0.61256
2768,,0.696,0.51908,0.925,0.15548,-0.032,0.50184,0.775,0.54488
2769,5,0.796,0.63576,1.0,0.27716,1.0,0.23416,0.857,0.6312
2770,,0.746,0.60344,0.975,0.24484,0.95,0.16648,0.782,0.56352
2771,,0.696,0.57112,0.95,0.21252,0.9,0.0988,0.707,0.49584
2772,,0.646,0.5388,0.925,0.1802,0.85,0.03112,0.632,0.42816
2773,,0.596,0.50648,0.9,0.14788,0.8,-0.03656,0.557,0.36048
2774,6,0.697,0.62416,1.0,0.27056,0.55,1.0,0.641,0.4478
2775,,0.647,0.59184,0.975,0.23824,0.5,0.93232,0.566,0.38012
2776,,0.597,0.55952,0.95,0.20592,0.45,0.86464,0.491,0.31244
2777,,0.547,0.5272,0.925,0.1736,0.4,0.79696,0.416,0.24476
2778,,0.497,0.49488,0.9,0.14128,0.35,0.72928,0.341,0.17708
2779,,0.447,0.46256,0.875,0.10896,0.3,0.6616,0.266,0.1094
2780,,0.397,0.43024,0.85,0.07664,0.25,0.59392,0.191,0.04172
2781,,0.347,0.39792,0.825,0.04432,0.2,0.52624,0.116,-0.02596
2782,8,0.443,0.5106,0.946,0.162,0.304,0.61356,0.195,1.0
2783,,0.393,0.47828,0.921,0.12968,0.254,0.54588,0.12,0.93232
2784,,0.343,0.44596,0.896,0.09736,0.204,0.4782,0.045,0.86464
2785,,0.293,0.41364,0.871,0.06504,0.154,0.41052,-0.03,0.79696
2786,7,0.393,0.53032,0.996,0.18672,0.261,0.50184,1.0,0.88328
2787,,0.343,0.498,0.971,0.1544,0.211,0.43416,0.925,0.8156
2788,,0.293,0.46568,0.946,0.12208,0.161,0.36648,0.85,0.74792
2789,,0.243,0.43336,0.921,0.08976,0.111,0.2988,0.775,0.68024
2790,,0.193,0.40104,0.896,0.05744,0.061,0.23112,0.7,0.61256
2791,,0.143,0.36872,0.871,0.02512,0.011,0.16344,0.625,0.54488
2792,,0.093,0.3364,0.846,-0.0072,-0.039,0.09576,0.55,0.4772
2793,5,0.193,0.45308,0.971,0.11448,1.0,-0.17192,0.632,0.56352
2794,6,0.294,0.57076,1.0,0.23716,0.75,1.0,0.716,0.65084
2795,,0.244,0.53844,0.975,0.20484,0.7,0.93232,0.641,0.58316
2796,,0.194,0.50612,0.95,0.17252,0.65,0.86464,0.566,0.51548
2797,,0.144,0.4738,0.925,0.1402,0.6,0.79696,0.491,0.4478
2798,,0.094,0.44148,0.9,0.10788,0.55,0.72928,0.416,0.38012
2799,,0.044,0.40916,0.875,0.07556,0.5,0.6616,0.341,0.31244
2800,,-0.006,0.37684,0.85,0.04324,0.45,0.59392,0.266,0.24476
2801,1,1.0,0.48552,0.968,0.15692,0.55,0.67724,0.341,0.32308
2802,,0.95,0.4532,0.943,0.1246,0.5,0.60956,0.266,0.2554
2803,,0.9,0.42088,0.918,0.09228,0.45,0.54188,0.191,0.18772
2804,,0.85,0.38856,0.893,0.05996,0.4,0.4742,0.116,0.12004
2805,,0.8,0.35624,0.868,0.02764,0.35,0.40652,0.041,0.05236
2806,,0.75,0.32392,0.843,-0.00468,0.3,0.33884,-0.034,-0.01532
2807,7,0.85,0.4406,0.968,0.117,0.407,0.43016,1.0,0.071
2808,,0.8,0.40828,0.943,0.08468,0.357,0.36248,0.925,0.00332
2809,,0.75,0.37596,0.918,0.05236,0.307,0.2948,0.85,-0.06436
2810,8,0.846,0.48864,1.0,0.17004,0.411,0.38212,0.929,1.0
2811,,0.796,0.45632,0.975,0.13772,0.361,0.31444,0.854,0.93232
2812,,0.746,0.424,0.95,0.1054,0.311,0.24676,0.779,0.86464
2813,,0.696,0.39168,0.925,0.07308,0.261,0.17908,0.704,0.79696
2814,,0.646,0.35936,0.9,0.04076,0.211,0.1114,0.629,0.72928
2815,,0.596,0.32704,0.875,0.00844,0.161,0.04372,0.554,0.6616
2816,,0.546,0.29472,0.85,-0.02388,0.111,-0.02396,0.479,0.59392
2817,6,0.647,0.4124,0.976,0.0988,-0.139,1.0,0.563,0.68124
2818,5,0.747,0.52908,1.0,0.22048,1.0,0.73232,0.645,0.76756
2819,,0.697,0.49676,0.975,0.18816,0.95,0.66464,0.57,0.69988
2820,,0.647,0.46444,0.95,0.15584,0.9,0.59696,0.495,0.6322
2821,,0.597,0.43212,0.925,0.12352,0.85,0.52928,0.42,0.56452
2822,,0.547,0.3998,0.9,0.0912,0.8,0.4616,0.345,0.49684
2823,,0.497,0.36748,0.875,0.05888,0.75,0.39392,0.27,0.42916
2824,,0.447,0.33516,0.85,0.02656,0.7,0.32624,0.195,0.36148
2825,,0.397,0.30284,0.825,-0.00576,0.65,0.25856,0.12,0.2938
2826,4,0.493,0.41552,0.946,1.0,0.754,0.34588,0.199,0.37612
2827,,0.443,0.3832,0.921,0.96768,0.704,0.2782,0.124,0.30844
2828,,0.393,0.35088,0.896,0.93536,0.654,0.21052,0.049,0.24076
2829,,0.343,0.31856,0.871,0.90304,0.604,0.14284,-0.026,0.17308
2830,7,0.443,0.43524,0.996,1.0,0.711,0.23416,1.0,0.2594
2831,,0.393,0.40292,0.971,0.96768,0.661,0.16648,0.925,0.19172
2832,,0.343,0.3706,0.946,0.93536,0.611,0.0988,0.85,0.12404
2833,,0.293,0.33828,0.921,0.90304,0.561,0.03112,0.775,0.05636
2834,,0.243,0.30596,0.896,0.87072,0.511,-0.03656,0.7,-0.01132
2835,6,0.344,0.42364,1.0,0.9934,0.261,1.0,0.784,0.076
2836,,0.294,0.39132,0.975,0.96108,0.211,0.93232,0.709,0.00832
2837,,0.244,0.359,0.95,0.92876,0.161,0.86464,0.634,-0.05936
2838,8,0.34,0.47168,1.0,1.0,0.265,0.95196,0.713,1.0
2839,,0.29,0.43936,0.975,0.96768,0.215,0.88428,0.638,0.93232
2840,,0.24,0.40704,0.95,0.93536,0.165,0.8166,0.563,0.86464
2841,,0.19,0.37472,0.925,0.90304,0.115,0.74892,0.488,0.79696
2842,,0.14,0.3424,0.9,0.87072,0.065,0.68124,0.413,0.72928
2843,,0.09,0.31008,0.875,0.8384,0.015,0.61356,0.338,0.6616
2844,,0.04,0.27776,0.85,0.80608,-0.035,0.54588,0.263,0.59392
2845,5,0.14,0.39444,0.975,0.92776,1.0,0.2782,0.345,0.68024
2846,,0.09,0.36212,0.95,0.89544,0.95,0.21052,0.27,0.61256
2847,,0.04,0.3298,0.925,0.86312,0.9,0.14284,0.195,0.54488
2848,,-0.01,0.29748,0.9,0.8308,0.85,0.07516,0.12,0.4772
2849,1,1.0,0.40616,1.0,0.94448,0.95,0.15848,0.195,0.55552
2850,,0.95,0.37384,0.975,0.91216,0.9,0.0908,0.12,0.48784
2851,,0.9,0.34152,0.95,0.87984,0.85,0.02312,0.045,0.42016
2852,,0.85,0.3092,0.925,0.84752,0.8,-0.04456,-0.03,0.35248
2853,6,0.951,0.42688,1.0,0.9702,0.55,1.0,0.054,0.4398
2854,,0.901,0.39456,0.975,0.93788,0.5,0.93232,-0.021,0.37212
2855,7,1.0,0.51124,1.0,1.0,0.607,1.0,1.0,0.45844
2856,,0.95,0.47892,0.975,0.96768,0.557,0.93232,0.925,0.39076
2857,,0.9,0.4466,0.95,0.93536,0.507,0.86464,0.85,0.32308
2858,,0.85,0.41428,0.925,0.90304,0.457,0.79696,0.775,0.2554
2859,,0.8,0.38196,0.9,0.87072,0.407,0.72928,0.7,0.18772
2860,,0.75,0.34964,0.875,0.8384,0.357,0.6616,0.625,0.12004
2861,,0.7,0.31732,0.85,0.80608,0.307,0.59392,0.55,0.05236
2862,,0.65,0.285,0.825,0.77376,0.257,0.52624,0.475,-0.01532
2863,8,0.746,0.39768,0.946,0.89144,0.361,0.61356,0.554,1.0
2864,,0.696,0.36536,0.921,0.85912,0.311,0.54588,0.479,0.93232
2865,,0.646,0.33304,0.896,0.8268,0.261,0.4782,0.404,0.86464
2866,,0.596,0.30072,0.871,0.79448,0.211,0.41052,0.329,0.79696
2867,,0.546,0.2684,0.846,0.76216,0.161,0.34284,0.254,0.72928
2868,,0.496,0.23608,0.821,0.72984,0.111,0.27516,0.179,0.6616
2869,,0.446,0.20376,0.796,0.69752,0.061,0.20748,0.104,0.59392
2870,,0.396,0.17144,0.771,0.6652,0.011,0.1398,0.029,0.52624
2871,,0.346,0.13912,0.746,0.63288,-0.039,0.07212,-0.046,0.45856
2872,7,0.446,0.2558,0.871,0.75456,0.068,0.16344,1.0,0.54488
2873,,0.396,0.22348,0.846,0.72224,0.018,0.09576,0.925,0.4772
2874,,0.346,0.19116,0.821,0.68992,-0.032,0.02808,0.85,0.40952
2875,5,0.446,0.30784,0.946,0.8116,1.0,-0.2396,0.932,0.49584
2876,6,0.547,0.42552,1.0,0.93428,0.75,1.0,1.0,0.58316
2877,,0.497,0.3932,0.975,0.90196,0.7,0.93232,0.925,0.51548
2878,,0.447,0.36088,0.95,0.86964,0.65,0.86464,0.85,0.4478
2879,,0.397,0.32856,0.925,0.83732,0.6,0.79696,0.775,0.38012
2880,,0.347,0.29624,0.9,0.805,0.55,0.72928,0.7,0.31244
2881,,0.297,0.26392,0.875,0.77268,0.5,0.6616,0.625,0.24476
2882,,0.247,0.2316,0.85,0.74036,0.45,0.59392,0.55,0.17708
2883,,0.197,0.19928,0.825,0.70804,0.4,0.52624,0.475,0.1094
2884,,0.147,0.16696,0.8,0.67572,0.35,0.45856,0.4,0.04172
2885,,0.097,0.13464,0.775,0.6434,0.3,0.39088,0.325,-0.02596
2886,8,0.193,0.24732,0.896,0.76108,0.404,0.4782,0.404,1.0
2887,,0.143,0.215,0.871,0.72876,0.354,0.41052,0.329,0.93232
2888,,0.093,0.18268,0.846,0.69644,0.304,0.34284,0.254,0.86464
2889,,0.043,0.15036,0.821,0.66412,0.254,0.27516,0.179,0.79696
2890,,-0.007,0.11804,0.796,0.6318,0.204,0.20748,0.104,0.72928
2891,1,1.0,0.22672,0.914,0.74548,0.304,0.2908,0.179,0.8076
2892,,0.95,0.1944,0.889,0.71316,0.254,0.22312,0.104,0.73992
2893,,0.9,0.16208,0.864,0.68084,0.204,0.15544,0.029,0.67224
2894,,0.85,0.12976,0.839,0.64852,0.154,0.08776,-0.046,0.60456
2895,7,0.95,0.24644,0.964,0.7702,0.261,0.17908,1.0,0.69088
2896,,0.9,0.21412,0.939,0.73788,0.211,0.1114,0.925,0.6232
2897,,0.85,0.1818,0.914,0.70556,0.161,0.04372,0.85,0.55552
2898,,0.8,0.14948,0.889,0.67324,0.111,-0.02396,0.775,0.48784
2899,6,0.901,0.26716,1.0,0.79592,-0.139,1.0,0.859,0.57516
2900,5,1.0,0.38384,1.0,0.9176,1.0,0.73232,0.941,0.66148
2901,,0.95,0.35152,0.975,0.88528,0.95,0.66464,0.866,0.5938
2902,,0.9,0.3192,0.95,0.85296,0.9,0.59696,0.791,0.52612
2903,,0.85,0.28688,0.925,0.82064,0.85,0.52928,0.716,0.45844
2904,,0.8,0.25456,0.9,0.78832,0.8,0.4616,0.641,0.39076
2905,,0.75,0.22224,0.875,0.756,0.75,0.39392,0.566,0.32308
2906,,0.7,0.18992,0.85,0.72368,0.7,0.32624,0.491,0.2554
2907,,0.65,0.1576,0.825,0.69136,0.65,0.25856,0.416,0.18772
2908,,0.6,0.12528,0.8,0.65904,0.6,0.19088,0.341,0.12004
2909,,0.55,0.09296,0.775,0.62672,0.55,0.1232,0.266,0.05236
2910,,0.5,0.06064,0.75,0.5944,0.5,0.05552,0.191,-0.01532
2911,8,0.596,0.17332,0.871,0.71208,0.604,0.14284,0.27,1.0
2912,,0.546,0.141,0.846,0.67976,0.554,0.07516,0.195,0.93232
2913,,0.496,0.10868,0.821,0.64744,0.504,0.00748,0.12,0.86464
2914,,0.446,0.07636,0.796,0.61512,0.454,-0.0602,0.045,0.79696
2915,6,0.547,0.19404,0.922,0.7378,0.204,1.0,0.129,0.88428
2916,,0.497,0.16172,0.897,0.70548,0.154,0.93232,0.054,0.8166
2917,,0.447,0.1294,0.872,0.67316,0.104,0.86464,-0.021,0.74892
2918,7,0.547,0.24608,0.997,0.79484,0.211,0.95596,1.0,0.83524
2919,,0.497,0.21376,0.972,0.76252,0.161,0.88828,0.925,0.76756
2920,,0.447,0.18144,0.947,0.7302,0.111,0.8206,0.85,0.69988
2921,,0.397,0.14912,0.922,0.69788,0.061,0.75292,0.775,0.6322
2922,,0.347,0.1168,0.897,0.66556,0.011,0.68524,0.7,0.56452
2923,,0.297,0.08448,0.872,0.63324,-0.039,0.61756,0.625,0.49684
2924,5,0.397,0.20116,0.997,0.75492,1.0,0.34988,0.707,0.58316
2925,,0.347,0.16884,0.972,0.7226,0.95,0.2822,0.632,0.51548
2926,,0.297,0.13652,0.947,0.69028,0.9,0.21452,0.557,0.4478
2927,,0.247,0.1042,0.922,0.65796,0.85,0.14684,0.482,0.38012
2928,,0.197,0.07188,0.897,0.62564,0.8,0.07916,0.407,0.31244
2929,,0.147,0.03956,0.872,0.59332,0.75,0.01148,0.332,0.24476
2930,,0.097,0.00724,0.847,0.561,0.7,-0.0562,0.257,0.17708
2931,6,0.198,0.12492,0.973,0.68368,0.45,1.0,0.341,0.2644
2932,,0.148,0.0926,0.948,0.65136,0.4,0.93232,0.266,0.19672
2933,,0.098,0.06028,0.923,0.61904,0.35,0.86464,0.191,0.12904
2934,,0.048,0.02796,0.898,0.58672,0.3,0.79696,0.116,0.06136
2935,,-0.002,-0.00436,0.873,0.5544,0.25,0.72928,0.041,-0.00632
2936,8,0.094,0.10832,0.994,0.67208,0.354,0.8166,0.12,1.0
2937,,0.044,0.076,0.969,0.63976,0.304,0.74892,0.045,0.93232
2938,,-0.006,0.04368,0.944,0.60744,0.254,0.68124,-0.03,0.86464
2939,7,0.094,0.16036,1.0,0.72912,0.361,0.77256,1.0,0.95096
2940,,0.044,0.12804,0.975,0.6968,0.311,0.70488,0.925,0.88328
2941,,-0.006,0.09572,0.95,0.66448,0.261,0.6372,0.85,0.8156
2942,1,1.0,0.2044,1.0,0.77816,0.361,0.72052,0.925,0.89392
2943,,0.95,0.17208,0.975,0.74584,0.311,0.65284,0.85,0.82624
2944,,0.9,0.13976,0.95,0.71352,0.261,0.58516,0.775,0.75856
2945,,0.85,0.10744,0.925,0.6812,0.211,0.51748,0.7,0.69088
2946,,0.8,0.07512,0.9,0.64888,0.161,0.4498,0.625,0.6232
2947,,0.75,0.0428,0.875,0.61656,0.111,0.38212,0.55,0.55552
2948,,0.7,0.01048,0.85,0.58424,0.061,0.31444,0.475,0.48784
2949,,0.65,-0.02184,0.825,0.55192,0.011,0.24676,0.4,0.42016
2950,2,0.741,1.0,0.941,0.6646,0.11,0.32908,0.474,0.49748
2951,,0.691,0.96768,0.916,0.63228,0.06,0.2614,0.399,0.4298
2952,,0.641,0.93536,0.891,0.59996,0.01,0.19372,0.324,0.36212
2953,,0.591,0.90304,0.866,0.56764,-0.04,0.12604,0.249,0.29444
2954,5,0.691,1.0,0.991,0.68932,1.0,-0.14164,0.331,0.38076
2955,6,0.792,1.0,1.0,0.812,0.75,1.0,0.415,0.46808
2956,,0.742,0.96768,0.975,0.77968,0.7,0.93232,0.34,0.4004
2957,,0.692,0.93536,0.95,0.74736,0.65,0.86464,0.265,0.33272
2958,,0.642,0.90304,0.925,0.71504,0.6,0.79696,0.19,0.26504
2959,,0.592,0.87072,0.9,0.68272,0.55,0.72928,0.115,0.19736
2960,,0.542,0.8384,0.875,0.6504,0.5,0.6616,0.04,0.12968
2961,,0.492,0.80608,0.85,0.61808,0.45,0.59392,-0.035,0.062
2962,7,0.592,0.92276,0.975,0.73976,0.557,0.68524,1.0,0.14832
2963,,0.542,0.89044,0.95,0.70744,0.507,0.61756,0.925,0.08064
2964,,0.492,0.85812,0.925,0.67512,0.457,0.54988,0.85,0.01296
2965,,0.442,0.8258,0.9,0.6428,0.407,0.4822,0.775,-0.05472
2966,8,0.538,0.93848,1.0,0.76048,0.511,0.56952,0.854,1.0
2967,,0.488,0.90616,0.975,0.72816,0.461,0.50184,0.779,0.93232
2968,,0.438,0.87384,0.95,0.69584,0.411,0.43416,0.704,0.86464
2969,,0.388,0.84152,0.925,0.66352,0.361,0.36648,0.629,0.79696
2970,,0.338,0.8092,0.9,0.6312,0.311,0.2988,0.554,0.72928
2971,,0.288,0.77688,0.875,0.59888,0.261,0.23112,0.479,0.6616
2972,,0.238,0.74456,0.85,0.56656,0.211,0.16344,0.404,0.59392
2973,,0.188,0.71224,0.825,0.53424,0.161,0.09576,0.329,0.52624
2974,,0.138,0.67992,0.8,0.50192,0.111,0.02808,0.254,0.45856
2975,,0.088,0.6476,0.775,0.4696,0.061,-0.0396,0.179,0.39088
2976,6,0.189,0.76528,0.901,0.59228,-0.189,1.0,0.263,0.4782
2977,5,0.289,0.88196,1.0,0.71396,1.0,0.73232,0.345,0.56452
2978,,0.239,0.84964,0.975,0.68164,0.95,0.66464,0.27,0.49684
2979,,0.189,0.81732,0.95,0.64932,0.9,0.59696,0.195,0.42916
2980,,0.139,0.785,0.925,0.617,0.85,0.52928,0.12,0.36148
2981,,0.089,0.75268,0.9,0.58468,0.8,0.4616,0.045,0.2938
2982,,0.039,0.72036,0.875,0.55236,0.75,0.39392,-0.03,0.22612
2983,7,0.139,0.83704,1.0,0.67404,0.857,0.48524,1.0,0.31244
2984,,0.089,0.80472,0.975,0.64172,0.807,0.41756,0.925,0.24476
2985,,0.039,0.7724,0.95,0.6094,0.757,0.34988,0.85,0.17708
2986,,-0.011,0.74008,0.925,0.57708,0.707,0.2822,0.775,0.1094
2987,1,1.0,0.84876,1.0,0.69076,0.807,0.36552,0.85,0.18772
2988,,0.95,0.81644,0.975,0.65844,0.757,0.29784,0.775,0.12004
2989,,0.9,0.78412,0.95,0.62612,0.707,0.23016,0.7,0.05236
2990,,0.85,0.7518,0.925,0.5938,0.657,0.16248,0.625,-0.01532
2991,8,0.946,0.86448,1.0,0.71148,0.761,0.2498,0.704,1.0
2992,,0.896,0.83216,0.975,0.67916,0.711,0.18212,0.629,0.93232
2993,,0.846,0.79984,0.95,0.64684,0.661,0.11444,0.554,0.86464
2994,,0.796,0.76752,0.925,0.61452,0.611,0.04676,0.479,0.79696
2995,,0.746,0.7352,0.9,0.5822,0.561,-0.02092,0.404,0.72928
2996,6,0.847,0.85288,1.0,0.70488,0.311,1.0,0.488,0.8166
2997,,0.797,0.82056,0.975,0.67256,0.261,0.93232,0.413,0.74892
2998,,0.747,0.78824,0.95,0.64024,0.211,0.86464,0.338,0.68124
2999,,0.697,0.75592,0.925,0.60792,0.161,0.79696,0.263,0.61356
3000,,0.647,0.7236,0.9,0.5756,0.111,0.72928,0.188,0.54588
3001,,0.597,0.69128,0.875,0.54328,0.061,0.6616,0.113,0.4782
3002,,0.547,0.65896,0.85,0.51096,0.011,0.59392,0.038,0.41052
3003,,0.497,0.62664,0.825,0.47864,-0.039,0.52624,-0.037,0.34284
3004,5,0.597,0.74332,0.95,0.60032,1.0,0.25856,0.045,0.42916
3005,,0.547,0.711,0.925,0.568,0.95,0.19088,-0.03,0.36148
3006,7,0.647,0.82768,1.0,0.68968,1.0,0.2822,1.0,0.4478
3007,,0.597,0.79536,0.975,0.65736,0.95,0.21452,0.925,0.38012
3008,,0.547,0.76304,0.95,0.62504,0.9,0.14684,0.85,0.31244
3009,,0.497,0.73072,0.925,0.59272,0.85,0.07916,0.775,0.24476
3010,,0.447,0.6984,0.9,0.5604,0.8,0.01148,0.7,0.17708
3011,,0.397,0.66608,0.875,0.52808,0.75,-0.0562,0.625,0.1094
3012,6,0.498,0.78376,1.0,0.65076,0.5,1.0,0.709,0.19672
3013,,0.448,0.75144,0.975,0.61844,0.45,0.93232,0.634,0.12904
3014,,0.398,0.71912,0.95,0.58612,0.4,0.86464,0.559,0.06136
3015,,0.348,0.6868,0.925,0.5538,0.35,0.79696,0.484,-0.00632
3016,8,0.444,0.79948,1.0,0.67148,0.454,0.88428,0.563,1.0
3017,,0.394,0.76716,0.975,0.63916,0.404,0.8166,0.488,0.93232
3018,,0.344,0.73484,0.95,0.60684,0.354,0.74892,0.413,0.86464
3019,,0.294,0.70252,0.925,0.57452,0.304,0.68124,0.338,0.79696
3020,,0.244,0.6702,0.9,0.5422,0.254,0.61356,0.263,0.72928
3021,,0.194,0.63788,0.875,0.50988,0.204,0.54588,0.188,0.6616
3022,,0.144,0.60556,0.85,0.47756,0.154,0.4782,0.113,0.59392
3023,,0.094,0.57324,0.825,0.44524,0.104,0.41052,0.038,0.52624
3024,,0.044,0.54092,0.8,0.41292,0.054,0.34284,-0.037,0.45856
3025,7,0.144,0.6576,0.925,0.5346,0.161,0.43416,1.0,0.54488
3026,,0.094,0.62528,0.9,0.50228,0.111,0.36648,0.925,0.4772
3027,,0.044,0.59296,0.875,0.46996,0.061,0.2988,0.85,0.40952
3028,,-0.006,0.56064,0.85,0.43764,0.011,0.23112,0.775,0.34184
3029,1,1.0,0.66932,0.968,0.55132,0.111,0.31444,0.85,0.42016
3030,,0.95,0.637,0.943,0.519,0.061,0.24676,0.775,0.35248
3031,,0.9,0.60468,0.918,0.48668,0.011,0.17908,0.7,0.2848
3032,,0.85,0.57236,0.893,0.45436,-0.039,0.1114,0.625,0.21712
3033,5,0.95,0.68904,1.0,0.57604,1.0,-0.15628,0.707,0.30344
3034,6,1.0,0.80672,1.0,0.69872,0.75,1.0,0.791,0.39076
3035,,0.95,0.7744,0.975,0.6664,0.7,0.93232,0.716,0.32308
3036,,0.9,0.74208,0.95,0.63408,0.65,0.86464,0.641,0.2554
3037,,0.85,0.70976,0.925,0.60176,0.6,0.79696,0.566,0.18772
3038,,0.8,0.67744,0.9,0.56944,0.55,0.72928,0.491,0.12004
3039,,0.75,0.64512,0.875,0.53712,0.5,0.6616,0.416,0.05236
3040,,0.7,0.6128,0.85,0.5048,0.45,0.59392,0.341,-0.01532
3041,8,0.796,0.72548,0.971,0.62248,0.554,0.68124,0.42,1.0
3042,,0.746,0.69316,0.946,0.59016,0.504,0.61356,0.345,0.93232
3043,,0.696,0.66084,0.921,0.55784,0.454,0.54588,0.27,0.86464
3044,,0.646,0.62852,0.896,0.52552,0.404,0.4782,0.195,0.79696
3045,,0.596,0.5962,0.871,0.4932,0.354,0.41052,0.12,0.72928
3046,,0.546,0.56388,0.846,0.46088,0.304,0.34284,0.045,0.6616
3047,,0.496,0.53156,0.821,0.42856,0.254,0.27516,-0.03,0.59392
3048,7,0.596,0.64824,0.946,0.55024,0.361,0.36648,1.0,0.68024
3049,,0.546,0.61592,0.921,0.51792,0.311,0.2988,0.925,0.61256
3050,,0.496,0.5836,0.896,0.4856,0.261,0.23112,0.85,0.54488
3051,,0.446,0.55128,0.871,0.45328,0.211,0.16344,0.775,0.4772
3052,,0.396,0.51896,0.846,0.42096,0.161,0.09576,0.7,0.40952
3053,,0.346,0.48664,0.821,0.38864,0.111,0.02808,0.625,0.34184
3054,,0.296,0.45432,0.796,0.35632,0.061,-0.0396,0.55,0.27416
3055,6,0.397,0.572,0.922,0.479,-0.189,1.0,0.634,0.36148
3056,5,0.497,0.68868,1.0,0.60068,1.0,0.73232,0.716,0.4478
3057,,0.447,0.65636,0.975,0.56836,0.95,0.66464,0.641,0.38012
3058,,0.397,0.62404,0.95,0.53604,0.9,0.59696,0.566,0.31244
3059,,0.347,0.59172,0.925,0.50372,0.85,0.52928,0.491,0.24476
3060,,0.297,0.5594,0.9,0.4714,0.8,0.4616,0.416,0.17708
3061,,0.247,0.52708,0.875,0.43908,0.75,0.39392,0.341,0.1094
3062,,0.197,0.49476,0.85,0.40676,0.7,0.32624,0.266,0.04172
3063,,0.147,0.46244,0.825,0.37444,0.65,0.25856,0.191,-0.02596
3064,8,0.243,0.57512,0.946,0.49212,0.754,0.34588,0.27,1.0
3065,,0.193,0.5428,0.921,0.4598,0.704,0.2782,0.195,0.93232
3066,,0.143,0.51048,0.896,0.42748,0.654,0.21052,0.12,0.86464
3067,,0.093,0.47816,0.871,0.39516,0.604,0.14284,0.045,0.79696
3068,,0.043,0.44584,0.846,0.36284,0.554,0.07516,-0.03,0.72928
3069,7,0.143,0.56252,0.971,0.48452,0.661,0.16648,1.0,0.8156
3070,,0.093,0.5302,0.946,0.4522,0.611,0.0988,0.925,0.74792
3071,,0.043,0.49788,0.921,0.41988,0.561,0.03112,0.85,0.68024
3072,,-0.007,0.46556,0.896,0.38756,0.511,-0.03656,0.775,0.61256
3073,6,0.094,0.58324,1.0,0.51024,0.261,1.0,0.859,0.69988
3074,,0.044,0.55092,0.975,0.47792,0.211,0.93232,0.784,0.6322
3075,,-0.006,0.5186,0.95,0.4456,0.161,0.86464,0.709,0.56452
3076,1,1.0,0.62728,1.0,0.55928,0.261,0.94796,0.784,0.64284
3077,,0.95,0.59496,0.975,0.52696,0.211,0.88028,0.709,0.57516
3078,,0.9,0.56264,0.95,0.49464,0.161,0.8126,0.634,0.50748
3079,,0.85,0.53032,0.925,0.46232,0.111,0.74492,0.559,0.4398
3080,,0.8,0.498,0.9,0.43,0.061,0.67724,0.484,0.37212
3081,,0.75,0.46568,0.875,0.39768,0.011,0.60956,0.409,0.30444
3082,,0.7,0.43336,0.85,0.36536,-0.039,0.54188,0.334,0.23676
3083,5,0.8,0.55004,0.975,0.48704,1.0,0.2742,0.416,0.32308
3084,,0.75,0.51772,0.95,0.45472,0.95,0.20652,0.341,0.2554
3085,,0.7,0.4854,0.925,0.4224,0.9,0.13884,0.266,0.18772
3086,,0.65,0.45308,0.9,0.39008,0.85,0.07116,0.191,0.12004
3087,,0.6,0.42076,0.875,0.35776,0.8,0.00348,0.116,0.05236
3088,,0.55,0.38844,0.85,0.32544,0.75,-0.0642,0.041,-0.01532
3089,6,0.651,0.50612,0.976,0.44812,0.5,1.0,0.125,0.072
3090,,0.601,0.4738,0.951,0.4158,0.45,0.93232,0.05,0.00432
3091,,0.551,0.44148,0.926,0.38348,0.4,0.86464,-0.025,-0.06336
3092,8,0.647,0.55416,1.0,0.50116,0.504,0.95196,0.054,1.0
3093,,0.597,0.52184,0.975,0.46884,0.454,0.88428,-0.021,0.93232
3094,7,0.697,0.63852,1.0,0.59052,0.561,0.9756,1.0,1.0
3095,,0.647,0.6062,0.975,0.5582,0.511,0.90792,0.925,0.93232
3096,,0.597,0.57388,0.95,0.52588,0.461,0.84024,0.85,0.86464
3097,,0.547,0.54156,0.925,0.49356,0.411,0.77256,0.775,0.79696
3098,,0.497,0.50924,0.9,0.46124,0.361,0.70488,0.7,0.72928
3099,,0.447,0.47692,0.875,0.42892,0.311,0.6372,0.625,0.6616
3100,,0.397,0.4446,0.85,0.3966,0.261,0.56952,0.55,0.59392
3101,,0.347,0.41228,0.825,0.36428,0.211,0.50184,0.475,0.52624
3102,,0.297,0.37996,0.8,0.33196,0.161,0.43416,0.4,0.45856
3103,,0.247,0.34764,0.775,0.29964,0.111,0.36648,0.325,0.39088
3104,,0.197,0.31532,0.75,0.26732,0.061,0.2988,0.25,0.3232
3105,,0.147,0.283,0.725,0.235,0.011,0.23112,0.175,0.25552
3106,,0.097,0.25068,0.7,0.20268,-0.039,0.16344,0.1,0.18784
3107,5,0.197,0.36736,0.825,0.32436,1.0,-0.10424,0.182,0.27416
3108,6,0.298,0.48504,0.951,0.44704,0.75,1.0,0.266,0.36148
3109,,0.248,0.45272,0.926,0.41472,0.7,0.93232,0.191,0.2938
3110,,0.198,0.4204,0.901,0.3824,0.65,0.86464,0.116,0.22612
3111,,0.148,0.38808,0.876,0.35008,0.6,0.79696,0.041,0.15844
3112,,0.098,0.35576,0.851,0.31776,0.55,0.72928,-0.034,0.09076
3113,7,0.198,0.47244,0.976,0.43944,0.657,0.8206,1.0,0.17708
3114,,0.148,0.44012,0.951,0.40712,0.607,0.75292,0.925,0.1094
3115,,0.098,0.4078,0.926,0.3748,0.557,0.68524,0.85,0.04172
3116,,0.048,0.37548,0.901,0.34248,0.507,0.61756,0.775,-0.02596
3117,8,0.144,0.48816,1.0,0.46016,0.611,0.70488,0.854,1.0
3118,,0.094,0.45584,0.975,0.42784,0.561,0.6372,0.779,0.93232
3119,,0.044,0.42352,0.95,0.39552,0.511,0.56952,0.704,0.86464
3120,,-0.006,0.3912,0.925,0.3632,0.461,0.50184,0.629,0.79696
3121,1,1.0,0.49988,1.0,0.47688,0.561,0.58516,0.704,0.87528
3122,,0.95,0.46756,0.975,0.44456,0.511,0.51748,0.629,0.8076
3123,,0.9,0.43524,0.95,0.41224,0.461,0.4498,0.554,0.73992
3124,,0.85,0.40292,0.925,0.37992,0.411,0.38212,0.479,0.67224
3125,,0.8,0.3706,0.9,0.3476,0.361,0.31444,0.404,0.60456
3126,,0.75,0.33828,0.875,0.31528,0.311,0.24676,0.329,0.53688
3127,,0.7,0.30596,0.85,0.28296,0.261,0.17908,0.254,0.4692
3128,,0.65,0.27364,0.825,0.25064,0.211,0.1114,0.179,0.40152
3129,,0.6,0.24132,0.8,0.21832,0.161,0.04372,0.104,0.33384
3130,,0.55,0.209,0.775,0.186,0.111,-0.02396,0.029,0.26616
3131,6,0.651,0.32668,0.901,0.30868,-0.139,1.0,0.113,0.35348
3132,5,0.751,0.44336,1.0,0.43036,1.0,0.73232,0.195,0.4398
3133,,0.701,0.41104,0.975,0.39804,0.95,0.66464,0.12,0.37212
3134,,0.651,0.37872,0.95,0.36572,0.9,0.59696,0.045,0.30444
3135,,0.601,0.3464,0.925,0.3334,0.85,0.52928,-0.03,0.23676
3136,7,0.701,0.46308,1.0,0.45508,0.957,0.6206,1.0,0.32308
3137,,0.651,0.43076,0.975,0.42276,0.907,0.55292,0.925,0.2554
3138,,0.601,0.39844,0.95,0.39044,0.857,0.48524,0.85,0.18772
3139,,0.551,0.36612,0.925,0.35812,0.807,0.41756,0.775,0.12004
3140,,0.501,0.3338,0.9,0.3258,0.757,0.34988,0.7,0.05236
3141,,0.451,0.30148,0.875,0.29348,0.707,0.2822,0.625,-0.01532
3142,8,0.547,0.41416,0.996,0.41116,0.811,0.36952,0.704,1.0
3143,,0.497,0.38184,0.971,0.37884,0.761,0.30184,0.629,0.93232
3144,,0.447,0.34952,0.946,0.34652,0.711,0.23416,0.554,0.86464
3145,,0.397,0.3172,0.921,0.3142,0.661,0.16648,0.479,0.79696
3146,,0.347,0.28488,0.896,0.28188,0.611,0.0988,0.404,0.72928
3147,,0.297,0.25256,0.871,0.24956,0.561,0.03112,0.329,0.6616
3148,,0.247,0.22024,0.846,0.21724,0.511,-0.03656,0.254,0.59392
3149,6,0.348,0.33792,0.972,0.33992,0.261,1.0,0.338,0.68124
3150,,0.298,0.3056,0.947,0.3076,0.211,0.93232,0.263,0.61356
3151,,0.248,0.27328,0.922,0.27528,0.161,0.86464,0.188,0.54588
3152,,0.198,0.24096,0.897,0.24296,0.111,0.79696,0.113,0.4782
3153,,0.148,0.20864,0.872,0.21064,0.061,0.72928,0.038,0.41052
3154,,0.098,0.17632,0.847,0.17832,0.011,0.6616,-0.037,0.34284
3155,7,0.198,0.293,0.972,0.3,0.118,0.75292,1.0,0.42916
3156,,0.148,0.26068,0.947,0.26768,0.068,0.68524,0.925,0.36148
3157,,0.098,0.22836,0.922,0.23536,0.018,0.61756,0.85,0.2938
3158,,0.048,0.19604,0.897,0.20304,-0.032,0.54988,0.775,0.22612
3159,5,0.148,0.31272,1.0,0.32472,1.0,0.2822,0.857,0.31244
3160,,0.098,0.2804,0.975,0.2924,0.95,0.21452,0.782,0.24476
3161,,0.048,0.24808,0.95,0.26008,0.9,0.14684,0.707,0.17708
3162,,-0.002,0.21576,0.925,0.22776,0.85,0.07916,0.632,0.1094
3163,1,1.0,0.32444,1.0,0.34144,0.95,0.16248,0.707,0.18772
3164,,0.95,0.29212,0.975,0.30912,0.9,0.0948,0.632,0.12004
3165,,0.9,0.2598,0.95,0.2768,0.85,0.02712,0.557,0.05236
3166,,0.85,0.22748,0.925,0.24448,0.8,-0.04056,0.482,-0.01532
3167,6,0.951,0.34516,1.0,0.36716,0.55,1.0,0.566,0.072
3168,,0.901,0.31284,0.975,0.33484,0.5,0.93232,0.491,0.00432
3169,,0.851,0.28052,0.95,0.30252,0.45,0.86464,0.416,-0.06336
3170,8,0.947,0.3932,1.0,0.4202,0.554,0.95196,0.495,1.0
3171,,0.897,0.36088,0.975,0.38788,0.504,0.88428,0.42,0.93232
3172,,0.847,0.32856,0.95,0.35556,0.454,0.8166,0.345,0.86464
3173,,0.797,0.29624,0.925,0.32324,0.404,0.74892,0.27,0.79696
3174,,0.747,0.26392,0.9,0.29092,0.354,0.68124,0.195,0.72928
3175,,0.697,0.2316,0.875,0.2586,0.304,0.61356,0.12,0.6616
3176,,0.647,0.19928,0.85,0.22628,0.254,0.54588,0.045,0.59392
3177,,0.597,0.16696,0.825,0.19396,0.204,0.4782,-0.03,0.52624
3178,7,0.697,0.28364,0.95,0.31564,0.311,0.56952,1.0,0.61256
3179,,0.647,0.25132,0.925,0.28332,0.261,0.50184,0.925,0.54488
3180,,0.597,0.219,0.9,0.251,0.211,0.43416,0.85,0.4772
3181,,0.547,0.18668,0.875,0.21868,0.161,0.36648,0.775,0.40952
3182,,0.497,0.15436,0.85,0.18636,0.111,0.2988,0.7,0.34184
3183,,0.447,0.12204,0.825,0.15404,0.061,0.23112,0.625,0.27416
3184,,0.397,0.08972,0.8,0.12172,0.011,0.16344,0.55,0.20648
3185,,0.347,0.0574,0.775,0.0894,-0.039,0.09576,0.475,0.1388
3186,5,0.447,0.17408,0.9,0.21108,1.0,-0.17192,0.557,0.22512
3187,6,0.548,0.29176,1.0,0.33376,0.75,1.0,0.641,0.31244
3188,,0.498,0.25944,0.975,0.30144,0.7,0.93232,0.566,0.24476
3189,,0.448,0.22712,0.95,0.26912,0.65,0.86464,0.491,0.17708
3190,,0.398,0.1948,0.925,0.2368,0.6,0.79696,0.416,0.1094
3191,,0.348,0.16248,0.9,0.20448,0.55,0.72928,0.341,0.04172
3192,,0.298,0.13016,0.875,0.17216,0.5,0.6616,0.266,-0.02596
3193,8,0.394,0.24284,0.996,0.28984,0.604,0.74892,0.345,1.0
3194,,0.344,0.21052,0.971,0.25752,0.554,0.68124,0.27,0.93232
3195,,0.294,0.1782,0.946,0.2252,0.504,0.61356,0.195,0.86464
3196,,0.244,0.14588,0.921,0.19288,0.454,0.54588,0.12,0.79696
3197,,0.194,0.11356,0.896,0.16056,0.404,0.4782,0.045,0.72928
3198,,0.144,0.08124,0.871,0.12824,0.354,0.41052,-0.03,0.6616
3199,7,0.244,0.19792,0.996,0.24992,0.461,0.50184,1.0,0.74792
3200,,0.194,0.1656,0.971,0.2176,0.411,0.43416,0.925,0.68024
3201,,0.144,0.13328,0.946,0.18528,0.361,0.36648,0.85,0.61256
3202,,0.094,0.10096,0.921,0.15296,0.311,0.2988,0.775,0.54488
3203,,0.044,0.06864,0.896,0.12064,0.261,0.23112,0.7,0.4772
3204,,-0.006,0.03632,0.871,0.08832,0.211,0.16344,0.625,0.40952
3205,1,1.0,0.145,0.989,0.202,0.311,0.24676,0.7,0.48784
3206,,0.95,0.11268,0.964,0.16968,0.261,0.17908,0.625,0.42016
3207,,0.9,0.08036,0.939,0.13736,0.211,0.1114,0.55,0.35248
3208,,0.85,0.04804,0.914,0.10504,0.161,0.04372,0.475,0.2848
3209,,0.8,0.01572,0.889,0.07272,0.111,-0.02396,0.4,0.21712
3210,6,0.901,0.1334,1.0,0.1954,-0.139,1.0,0.484,0.30444
3211,5,1.0,0.25008,1.0,0.31708,1.0,0.73232,0.566,0.39076
3212,,0.95,0.21776,0.975,0.28476,0.95,0.66464,0.491,0.32308
3213,,0.9,0.18544,0.95,0.25244,0.9,0.59696,0.416,0.2554
3214,,0.85,0.15312,0.925,0.22012,0.85,0.52928,0.341,0.18772
3215,,0.8,0.1208,0.9,0.1878,0.8,0.4616,0.266,0.12004
3216,,0.75,0.08848,0.875,0.15548,0.75,0.39392,0.191,0.05236
3217,,0.7,0.05616,0.85,0.12316,0.7,0.32624,0.116,-0.01532
3218,8,0.796,0.16884,0.971,0.24084,0.804,0.41356,0.195,1.0
3219,,0.746,0.13652,0.946,0.20852,0.754,0.34588,0.12,0.93232
3220,,0.696,0.1042,0.921,0.1762,0.704,0.2782,0.045,0.86464
3221,,0.646,0.07188,0.896,0.14388,0.654,0.21052,-0.03,0.79696
3222,7,0.746,0.18856,1.0,0.26556,0.761,0.30184,1.0,0.88328
3223,,0.696,0.15624,0.975,0.23324,0.711,0.23416,0.925,0.8156
3224,,0.646,0.12392,0.95,0.20092,0.661,0.16648,0.85,0.74792
3225,,0.596,0.0916,0.925,0.1686,0.611,0.0988,0.775,0.68024
3226,,0.546,0.05928,0.9,0.13628,0.561,0.03112,0.7,0.61256
3227,,0.496,0.02696,0.875,0.10396,0.511,-0.03656,0.625,0.54488
3228,6,0.597,0.14464,1.0,0.22664,0.261,1.0,0.709,0.6322
3229,,0.547,0.11232,0.975,0.19432,0.211,0.93232,0.634,0.56452
3230,,0.497,0.08,0.95,0.162,0.161,0.86464,0.559,0.49684
3231,,0.447,0.04768,0.925,0.12968,0.111,0.79696,0.484,0.42916
3232,,0.397,0.01536,0.9,0.09736,0.061,0.72928,0.409,0.36148
3233,,0.347,-0.01696,0.875,0.06504,0.011,0.6616,0.334,0.2938
3234,2,0.438,1.0,0.991,0.17772,0.11,0.74392,0.408,0.37112
3235,,0.388,0.96768,0.966,0.1454,0.06,0.67624,0.333,0.30344
3236,,0.338,0.93536,0.941,0.11308,0.01,0.60856,0.258,0.23576
3237,,0.288,0.90304,0.916,0.08076,-0.04,0.54088,0.183,0.16808
3238,5,0.388,1.0,1.0,0.20244,1.0,0.2732,0.265,0.2544
3239,,0.338,0.96768,0.975,0.17012,0.95,0.20552,0.19,0.18672
3240,,0.288,0.93536,0.95,0.1378,0.9,0.13784,0.115,0.11904
3241,,0.238,0.90304,0.925,0.10548,0.85,0.07016,0.04,0.05136
3242,,0.188,0.87072,0.9,0.07316,0.8,0.00248,-0.035,-0.01632
3243,7,0.288,0.9874,1.0,0.19484,0.907,0.0938,1.0,0.07
3244,,0.238,0.95508,0.975,0.16252,0.857,0.02612,0.925,0.00232
3245,,0.188,0.92276,0.95,0.1302,0.807,-0.04156,0.85,-0.06536
3246,8,0.284,1.0,1.0,0.24788,0.911,0.04576,0.929,1.0
3247,,0.234,0.96768,0.975,0.21556,0.861,-0.02192,0.854,0.93232
3248,6,0.335,1.0,1.0,0.33824,0.611,1.0,0.938,1.0
3249,,0.285,0.96768,0.975,0.30592,0.561,0.93232,0.863,0.93232
3250,,0.235,0.93536,0.95,0.2736,0.511,0.86464,0.788,0.86464
3251,,0.185,0.90304,0.925,0.24128,0.461,0.79696,0.713,0.79696
3252,,0.135,0.87072,0.9,0.20896,0.411,0.72928,0.638,0.72928
3253,,0.085,0.8384,0.875,0.17664,0.361,0.6616,0.563,0.6616
3254,,0.035,0.80608,0.85,0.14432,0.311,0.59392,0.488,0.59392
3255,,-0.015,0.77376,0.825,0.112,0.261,0.52624,0.413,0.52624
3256,1,1.0,0.88244,0.943,0.22568,0.361,0.60956,0.488,0.60456
3257,,0.95,0.85012,0.918,0.19336,0.311,0.54188,0.413,0.53688
3258,,0.9,0.8178,0.893,0.16104,0.261,0.4742,0.338,0.4692
3259,,0.85,0.78548,0.868,0.12872,0.211,0.40652,0.263,0.40152
3260,,0.8,0.75316,0.843,0.0964,0.161,0.33884,0.188,0.33384
3261,,0.75,0.72084,0.818,0.06408,0.111,0.27116,0.113,0.26616
3262,,0.7,0.68852,0.793,0.03176,0.061,0.20348,0.038,0.19848
3263,,0.65,0.6562,0.768,-0.00056,0.011,0.1358,-0.037,0.1308
3264,7,0.75,0.77288,0.893,0.12112,0.118,0.22712,1.0,0.21712
3265,,0.7,0.74056,0.868,0.0888,0.068,0.15944,0.925,0.14944
3266,,0.65,0.70824,0.843,0.05648,0.018,0.09176,0.85,0.08176
3267,,0.6,0.67592,0.818,0.02416,-0.032,0.02408,0.775,0.01408
3268,5,0.7,0.7926,0.943,0.14584,1.0,-0.2436,0.857,0.1004
3269,6,0.801,0.91028,1.0,0.26852,0.75,1.0,0.941,0.18772
3270,,0.751,0.87796,0.975,0.2362,0.7,0.93232,0.866,0.12004
3271,,0.701,0.84564,0.95,0.20388,0.65,0.86464,0.791,0.05236
3272,,0.651,0.81332,0.925,0.17156,0.6,0.79696,0.716,-0.01532
3273,8,0.747,0.926,1.0,0.28924,0.704,0.88428,0.795,1.0
3274,,0.697,0.89368,0.975,0.25692,0.654,0.8166,0.72,0.93232
3275,,0.647,0.86136,0.95,0.2246,0.604,0.74892,0.645,0.86464
3276,,0.597,0.82904,0.925,0.19228,0.554,0.68124,0.57,0.79696
3277,,0.547,0.79672,0.9,0.15996,0.504,0.61356,0.495,0.72928
3278,,0.497,0.7644,0.875,0.12764,0.454,0.54588,0.42,0.6616
3279,,0.447,0.73208,0.85,0.09532,0.404,0.4782,0.345,0.59392
3280,,0.397,0.69976,0.825,0.063,0.354,0.41052,0.27,0.52624
3281,,0.347,0.66744,0.8,0.03068,0.304,0.34284,0.195,0.45856
3282,,0.297,0.63512,0.775,-0.00164,0.254,0.27516,0.12,0.39088
3283,4,0.393,0.7478,0.896,1.0,0.358,0.36248,0.199,0.4732
3284,,0.343,0.71548,0.871,0.96768,0.308,0.2948,0.124,0.40552
3285,,0.293,0.68316,0.846,0.93536,0.258,0.22712,0.049,0.33784
3286,,0.243,0.65084,0.821,0.90304,0.208,0.15944,-0.026,0.27016
3287,7,0.343,0.76752,0.946,1.0,0.315,0.25076,1.0,0.35648
3288,,0.293,0.7352,0.921,0.96768,0.265,0.18308,0.925,0.2888
3289,,0.243,0.70288,0.896,0.93536,0.215,0.1154,0.85,0.22112
3290,,0.193,0.67056,0.871,0.90304,0.165,0.04772,0.775,0.15344
3291,,0.143,0.63824,0.846,0.87072,0.115,-0.01996,0.7,0.08576
3292,6,0.244,0.75592,0.972,0.9934,-0.135,1.0,0.784,0.17308
3293,5,0.344,0.8726,1.0,1.0,1.0,0.73232,0.866,0.2594
3294,,0.294,0.84028,0.975,0.96768,0.95,0.66464,0.791,0.19172
3295,,0.244,0.80796,0.95,0.93536,0.9,0.59696,0.716,0.12404
3296,,0.194,0.77564,0.925,0.90304,0.85,0.52928,0.641,0.05636
3297,,0.144,0.74332,0.9,0.87072,0.8,0.4616,0.566,-0.01132
3298,8,0.24,0.856,1.0,0.9884,0.904,0.54892,0.645,1.0
3299,,0.19,0.82368,0.975,0.95608,0.854,0.48124,0.57,0.93232
3300,,0.14,0.79136,0.95,0.92376,0.804,0.41356,0.495,0.86464
3301,,0.09,0.75904,0.925,0.89144,0.754,0.34588,0.42,0.79696
3302,,0.04,0.72672,0.9,0.85912,0.704,0.2782,0.345,0.72928
3303,,-0.01,0.6944,0.875,0.8268,0.654,0.21052,0.27,0.6616
3304,1,1.0,0.80308,0.993,0.94048,0.754,0.29384,0.345,0.73992
3305,,0.95,0.77076,0.968,0.90816,0.704,0.22616,0.27,0.67224
3306,,0.9,0.73844,0.943,0.87584,0.654,0.15848,0.195,0.60456
3307,,0.85,0.70612,0.918,0.84352,0.604,0.0908,0.12,0.53688
3308,,0.8,0.6738,0.893,0.8112,0.554,0.02312,0.045,0.4692
3309,,0.75,0.64148,0.868,0.77888,0.504,-0.04456,-0.03,0.40152
3310,6,0.851,0.75916,0.994,0.90156,0.254,1.0,0.054,0.48884
3311,,0.801,0.72684,0.969,0.86924,0.204,0.93232,-0.021,0.42116
3312,7,0.901,0.84352,1.0,0.99092,0.311,1.0,1.0,0.50748
3313,,0.851,0.8112,0.975,0.9586,0.261,0.93232,0.925,0.4398
3314,,0.801,0.77888,0.95,0.92628,0.211,0.86464,0.85,0.37212
3315,,0.751,0.74656,0.925,0.89396,0.161,0.79696,0.775,0.30444
3316,,0.701,0.71424,0.9,0.86164,0.111,0.72928,0.7,0.23676
3317,,0.651,0.68192,0.875,0.82932,0.061,0.6616,0.625,0.16908
3318,,0.601,0.6496,0.85,0.797,0.011,0.59392,0.55,0.1014
3319,,0.551,0.61728,0.825,0.76468,-0.039,0.52624,0.475,0.03372
3320,5,0.651,0.73396,0.95,0.88636,1.0,0.25856,0.557,0.12004
3321,,0.601,0.70164,0.925,0.85404,0.95,0.19088,0.482,0.05236
3322,,0.551,0.66932,0.9,0.82172,0.9,0.1232,0.407,-0.01532
3323,8,0.647,0.782,1.0,0.9394,1.0,0.21052,0.486,1.0
3324,,0.597,0.74968,0.975,0.90708,0.95,0.14284,0.411,0.93232
3325,,0.547,0.71736,0.95,0.87476,0.9,0.07516,0.336,0.86464
3326,,0.497,0.68504,0.925,0.84244,0.85,0.00748,0.261,0.79696
3327,,0.447,0.65272,0.9,0.81012,0.8,-0.0602,0.186,0.72928
3328,6,0.548,0.7704,1.0,0.9328,0.55,1.0,0.27,0.8166
3329,,0.498,0.73808,0.975,0.90048,0.5,0.93232,0.195,0.74892
3330,,0.448,0.70576,0.95,0.86816,0.45,0.86464,0.12,0.68124
3331,,0.398,0.67344,0.925,0.83584,0.4,0.79696,0.045,0.61356
3332,,0.348,0.64112,0.9,0.80352,0.35,0.72928,-0.03,0.54588
3333,7,0.448,0.7578,1.0,0.9252,0.457,0.8206,1.0,0.6322
3334,,0.398,0.72548,0.975,0.89288,0.407,0.75292,0.925,0.56452
3335,,0.348,0.69316,0.95,0.86056,0.357,0.68524,0.85,0.49684
3336,,0.298,0.66084,0.925,0.82824,0.307,0.61756,0.775,0.42916
3337,,0.248,0.62852,0.9,0.79592,0.257,0.54988,0.7,0.36148
3338,,0.198,0.5962,0.875,0.7636,0.207,0.4822,0.625,0.2938
3339,,0.148,0.56388,0.85,0.73128,0.157,0.41452,0.55,0.22612
3340,,0.098,0.53156,0.825,0.69896,0.107,0.34684,0.475,0.15844
3341,,0.048,0.49924,0.8,0.66664,0.057,0.27916,0.4,0.09076
3342,,-0.002,0.46692,0.775,0.63432,0.007,0.21148,0.325,0.02308
3343,1,1.0,0.5756,0.893,0.748,0.107,0.2948,0.4,0.1014
3344,,0.95,0.54328,0.868,0.71568,0.057,0.22712,0.325,0.03372
3345,,0.9,0.51096,0.843,0.68336,0.007,0.15944,0.25,-0.03396
3346,8,0.996,0.62364,0.964,0.80104,0.111,0.24676,0.329,1.0
3347,,0.946,0.59132,0.939,0.76872,0.061,0.17908,0.254,0.93232
3348,,0.896,0.559,0.914,0.7364,0.011,0.1114,0.179,0.86464
3349,,0.846,0.52668,0.889,0.70408,-0.039,0.04372,0.104,0.79696
3350,5,0.946,0.64336,1.0,0.82576,1.0,-0.22396,0.186,0.88328
3351,6,1.0,0.76104,1.0,0.94844,0.75,1.0,0.27,0.9706
3352,,0.95,0.72872,0.975,0.91612,0.7,0.93232,0.195,0.90292
3353,,0.9,0.6964,0.95,0.8838,0.65,0.86464,0.12,0.83524
3354,,0.85,0.66408,0.925,0.85148,0.6,0.79696,0.045,0.76756
3355,,0.8,0.63176,0.9,0.81916,0.55,0.72928,-0.03,0.69988
3356,7,0.9,0.74844,1.0,0.94084,0.657,0.8206,1.0,0.7862
3357,,0.85,0.71612,0.975,0.90852,0.607,0.75292,0.925,0.71852
3358,,0.8,0.6838,0.95,0.8762,0.557,0.68524,0.85,0.65084
3359,,0.75,0.65148,0.925,0.84388,0.507,0.61756,0.775,0.58316
3360,,0.7,0.61916,0.9,0.81156,0.457,0.54988,0.7,0.51548
3361,,0.65,0.58684,0.875,0.77924,0.407,0.4822,0.625,0.4478
3362,,0.6,0.55452,0.85,0.74692,0.357,0.41452,0.55,0.38012
3363,,0.55,0.5222,0.825,0.7146,0.307,0.34684,0.475,0.31244
3364,,0.5,0.48988,0.8,0.68228,0.257,0.27916,0.4,0.24476
3365,,0.45,0.45756,0.775,0.64996,0.207,0.21148,0.325,0.17708
3366,,0.4,0.42524,0.75,0.61764,0.157,0.1438,0.25,0.1094
3367,,0.35,0.39292,0.725,0.58532,0.107,0.07612,0.175,0.04172
3368,,0.3,0.3606,0.7,0.553,0.057,0.00844,0.1,-0.02596
3369,8,0.396,0.47328,0.821,0.67068,0.161,0.09576,0.179,1.0
3370,,0.346,0.44096,0.796,0.63836,0.111,0.02808,0.104,0.93232
3371,,0.296,0.40864,0.771,0.60604,0.061,-0.0396,0.029,0.86464
3372,6,0.397,0.52632,0.897,0.72872,-0.189,1.0,0.113,0.95196
3373,5,0.497,0.643,1.0,0.8504,1.0,0.73232,0.195,1.0
3374,,0.447,0.61068,0.975,0.81808,0.95,0.66464,0.12,0.93232
3375,,0.397,0.57836,0.95,0.78576,0.9,0.59696,0.045,0.86464
3376,,0.347,0.54604,0.925,0.75344,0.85,0.52928,-0.03,0.79696
3377,7,0.447,0.66272,1.0,0.87512,0.957,0.6206,1.0,0.88328
3378,,0.397,0.6304,0.975,0.8428,0.907,0.55292,0.925,0.8156
3379,,0.347,0.59808,0.95,0.81048,0.857,0.48524,0.85,0.74792
3380,,0.297,0.56576,0.925,0.77816,0.807,0.41756,0.775,0.68024
3381,,0.247,0.53344,0.9,0.74584,0.757,0.34988,0.7,0.61256
3382,,0.197,0.50112,0.875,0.71352,0.707,0.2822,0.625,0.54488
3383,,0.147,0.4688,0.85,0.6812,0.657,0.21452,0.55,0.4772
3384,,0.097,0.43648,0.825,0.64888,0.607,0.14684,0.475,0.40952
3385,,0.047,0.40416,0.8,0.61656,0.557,0.07916,0.4,0.34184
3386,,-0.003,0.37184,0.775,0.58424,0.507,0.01148,0.325,0.27416
3387,1,1.0,0.48052,0.893,0.69792,0.607,0.0948,0.4,0.35248
3388,,0.95,0.4482,0.868,0.6656,0.557,0.02712,0.325,0.2848
3389,,0.9,0.41588,0.843,0.63328,0.507,-0.04056,0.25,0.21712
3390,6,1.0,0.53356,0.969,0.75596,0.257,1.0,0.334,0.30444
3391,,0.95,0.50124,0.944,0.72364,0.207,0.93232,0.259,0.23676
3392,,0.9,0.46892,0.919,0.69132,0.157,0.86464,0.184,0.16908
3393,,0.85,0.4366,0.894,0.659,0.107,0.79696,0.109,0.1014
3394,,0.8,0.40428,0.869,0.62668,0.057,0.72928,0.034,0.03372
3395,,0.75,0.37196,0.844,0.59436,0.007,0.6616,-0.041,-0.03396
3396,7,0.85,0.48864,0.969,0.71604,0.114,0.75292,1.0,0.05236
3397,,0.8,0.45632,0.944,0.68372,0.064,0.68524,0.925,-0.01532
3398,8,0.896,0.569,1.0,0.8014,0.168,0.77256,1.0,1.0
3399,,0.846,0.53668,0.975,0.76908,0.118,0.70488,0.925,0.93232
3400,,0.796,0.50436,0.95,0.73676,0.068,0.6372,0.85,0.86464
3401,,0.746,0.47204,0.925,0.70444,0.018,0.56952,0.775,0.79696
3402,,0.696,0.43972,0.9,0.67212,-0.032,0.50184,0.7,0.72928
3403,5,0.796,0.5564,1.0,0.7938,1.0,0.23416,0.782,0.8156
3404,,0.746,0.52408,0.975,0.76148,0.95,0.16648,0.707,0.74792
3405,,0.696,0.49176,0.95,0.72916,0.9,0.0988,0.632,0.68024
3406,,0.646,0.45944,0.925,0.69684,0.85,0.03112,0.557,0.61256
3407,,0.596,0.42712,0.9,0.66452,0.8,-0.03656,0.482,0.54488
3408,6,0.697,0.5448,1.0,0.7872,0.55,1.0,0.566,0.6322
3409,,0.647,0.51248,0.975,0.75488,0.5,0.93232,0.491,0.56452
3410,,0.597,0.48016,0.95,0.72256,0.45,0.86464,0.416,0.49684
3411,,0.547,0.44784,0.925,0.69024,0.4,0.79696,0.341,0.42916
3412,,0.497,0.41552,0.9,0.65792,0.35,0.72928,0.266,0.36148
3413,,0.447,0.3832,0.875,0.6256,0.3,0.6616,0.191,0.2938
3414,,0.397,0.35088,0.85,0.59328,0.25,0.59392,0.116,0.22612
3415,,0.347,0.31856,0.825,0.56096,0.2,0.52624,0.041,0.15844
3416,,0.297,0.28624,0.8,0.52864,0.15,0.45856,-0.034,0.09076
3417,7,0.397,0.40292,0.925,0.65032,0.257,0.54988,1.0,0.17708
3418,,0.347,0.3706,0.9,0.618,0.207,0.4822,0.925,0.1094
3419,,0.297,0.33828,0.875,0.58568,0.157,0.41452,0.85,0.04172
3420,,0.247,0.30596,0.85,0.55336,0.107,0.34684,0.775,-0.02596
3421,8,0.343,0.41864,0.971,0.67104,0.211,0.43416,0.854,1.0
3422,,0.293,0.38632,0.946,0.63872,0.161,0.36648,0.779,0.93232
3423,,0.243,0.354,0.921,0.6064,0.111,0.2988,0.704,0.86464
3424,,0.193,0.32168,0.896,0.57408,0.061,0.23112,0.629,0.79696
3425,,0.143,0.28936,0.871,0.54176,0.011,0.16344,0.554,0.72928
3426,,0.093,0.25704,0.846,0.50944,-0.039,0.09576,0.479,0.6616
3427,5,0.193,0.37372,0.971,0.63112,1.0,-0.17192,0.561,0.74792
3428,6,0.294,0.4914,1.0,0.7538,0.75,1.0,0.645,0.83524
3429,,0.244,0.45908,0.975,0.72148,0.7,0.93232,0.57,0.76756
3430,,0.194,0.42676,0.95,0.68916,0.65,0.86464,0.495,0.69988
3431,,0.144,0.39444,0.925,0.65684,0.6,0.79696,0.42,0.6322
3432,,0.094,0.36212,0.9,0.62452,0.55,0.72928,0.345,0.56452
3433,,0.044,0.3298,0.875,0.5922,0.5,0.6616,0.27,0.49684
3434,,-0.006,0.29748,0.85,0.55988,0.45,0.59392,0.195,0.42916
3435,1,1.0,0.40616,0.968,0.67356,0.55,0.67724,0.27,0.50748
3436,,0.95,0.37384,0.943,0.64124,0.5,0.60956,0.195,0.4398
3437,,0.9,0.34152,0.918,0.60892,0.45,0.54188,0.12,0.37212
3438,,0.85,0.3092,0.893,0.5766,0.4,0.4742,0.045,0.30444
3439,,0.8,0.27688,0.868,0.54428,0.35,0.40652,-0.03,0.23676
3440,7,0.9,0.39356,0.993,0.66596,0.457,0.49784,1.0,0.32308
3441,,0.85,0.36124,0.968,0.63364,0.407,0.43016,0.925,0.2554
3442,,0.8,0.32892,0.943,0.60132,0.357,0.36248,0.85,0.18772
3443,,0.75,0.2966,0.918,0.569,0.307,0.2948,0.775,0.12004
3444,,0.7,0.26428,0.893,0.53668,0.257,0.22712,0.7,0.05236
3445,,0.65,0.23196,0.868,0.50436,0.207,0.15944,0.625,-0.01532
3446,8,0.746,0.34464,0.989,0.62204,0.311,0.24676,0.704,1.0
3447,,0.696,0.31232,0.964,0.58972,0.261,0.17908,0.629,0.93232
3448,,0.646,0.28,0.939,0.5574,0.211,0.1114,0.554,0.86464
3449,,0.596,0.24768,0.914,0.52508,0.161,0.04372,0.479,0.79696
3450,,0.546,0.21536,0.889,0.49276,0.111,-0.02396,0.404,0.72928
3451,6,0.647,0.33304,1.0,0.61544,-0.139,1.0,0.488,0.8166
3452,5,0.747,0.44972,1.0,0.73712,1.0,0.73232,0.57,0.90292
3453,,0.697,0.4174,0.975,0.7048,0.95,0.66464,0.495,0.83524
3454,,0.647,0.38508,0.95,0.67248,0.9,0.59696,0.42,0.76756
3455,,0.597,0.35276,0.925,0.64016,0.85,0.52928,0.345,0.69988
3456,,0.547,0.32044,0.9,0.60784,0.8,0.4616,0.27,0.6322
3457,,0.497,0.28812,0.875,0.57552,0.75,0.39392,0.195,0.56452
3458,,0.447,0.2558,0.85,0.5432,0.7,0.32624,0.12,0.49684
3459,,0.397,0.22348,0.825,0.51088,0.65,0.25856,0.045,0.42916
3460,,0.347,0.19116,0.8,0.47856,0.6,0.19088,-0.03,0.36148
3461,7,0.447,0.30784,0.925,0.60024,0.707,0.2822,1.0,0.4478
3462,,0.397,0.27552,0.9,0.56792,0.657,0.21452,0.925,0.38012
3463,,0.347,0.2432,0.875,0.5356,0.607,0.14684,0.85,0.31244
3464,,0.297,0.21088,0.85,0.50328,0.557,0.07916,0.775,0.24476
3465,,0.247,0.17856,0.825,0.47096,0.507,0.01148,0.7,0.17708
3466,,0.197,0.14624,0.8,0.43864,0.457,-0.0562,0.625,0.1094
3467,6,0.298,0.26392,0.926,0.56132,0.207,1.0,0.709,0.19672
3468,,0.248,0.2316,0.901,0.529,0.157,0.93232,0.634,0.12904
3469,,0.198,0.19928,0.876,0.49668,0.107,0.86464,0.559,0.06136
3470,,0.148,0.16696,0.851,0.46436,0.057,0.79696,0.484,-0.00632
3471,8,0.244,0.27964,0.972,0.58204,0.161,0.88428,0.563,1.0
3472,,0.194,0.24732,0.947,0.54972,0.111,0.8166,0.488,0.93232
3473,,0.144,0.215,0.922,0.5174,0.061,0.74892,0.413,0.86464
3474,,0.094,0.18268,0.897,0.48508,0.011,0.68124,0.338,0.79696
3475,,0.044,0.15036,0.872,0.45276,-0.039,0.61356,0.263,0.72928
3476,5,0.144,0.26704,0.997,0.57444,1.0,0.34588,0.345,0.8156
3477,,0.094,0.23472,0.972,0.54212,0.95,0.2782,0.27,0.74792
3478,,0.044,0.2024,0.947,0.5098,0.9,0.21052,0.195,0.68024
3479,,-0.006,0.17008,0.922,0.47748,0.85,0.14284,0.12,0.61256
3480,1,1.0,0.27876,1.0,0.59116,0.95,0.22616,0.195,0.69088
3481,,0.95,0.24644,0.975,0.55884,0.9,0.15848,0.12,0.6232
3482,,0.9,0.21412,0.95,0.52652,0.85,0.0908,0.045,0.55552
3483,,0.85,0.1818,0.925,0.4942,0.8,0.02312,-0.03,0.48784
3484,7,0.95,0.29848,1.0,0.61588,0.907,0.11444,1.0,0.57416
3485,,0.9,0.26616,0.975,0.58356,0.857,0.04676,0.925,0.50648
3486,,0.85,0.23384,0.95,0.55124,0.807,-0.02092,0.85,0.4388
3487,6,0.951,0.35152,1.0,0.67392,0.557,1.0,0.934,0.52612
3488,,0.901,0.3192,0.975,0.6416,0.507,0.93232,0.859,0.45844
3489,,0.851,0.28688,0.95,0.60928,0.457,0.86464,0.784,0.39076
3490,,0.801,0.25456,0.925,0.57696,0.407,0.79696,0.709,0.32308
3491,,0.751,0.22224,0.9,0.54464,0.357,0.72928,0.634,0.2554
3492,,0.701,0.18992,0.875,0.51232,0.307,0.6616,0.559,0.18772
3493,,0.651,0.1576,0.85,0.48,0.257,0.59392,0.484,0.12004
3494,,0.601,0.12528,0.825,0.44768,0.207,0.52624,0.409,0.05236
3495,,0.551,0.09296,0.8,0.41536,0.157,0.45856,0.334,-0.01532
3496,8,0.647,0.20564,0.921,0.53304,0.261,0.54588,0.413,1.0
3497,,0.597,0.17332,0.896,0.50072,0.211,0.4782,0.338,0.93232
3498,,0.547,0.141,0.871,0.4684,0.161,0.41052,0.263,0.86464
3499,,0.497,0.10868,0.846,0.43608,0.111,0.34284,0.188,0.79696
3500,,0.447,0.07636,0.821,0.40376,0.061,0.27516,0.113,0.72928
3501,,0.397,0.04404,0.796,0.37144,0.011,0.20748,0.038,0.6616
3502,,0.347,0.01172,0.771,0.33912,-0.039,0.1398,-0.037,0.59392
3503,5,0.447,0.1284,0.896,0.4608,1.0,-0.12788,0.045,0.68024
3504,6,0.548,0.24608,1.0,0.58348,0.75,1.0,0.129,0.76756
3505,,0.498,0.21376,0.975,0.55116,0.7,0.93232,0.054,0.69988
3506,,0.448,0.18144,0.95,0.51884,0.65,0.86464,-0.021,0.6322
3507,7,0.548,0.29812,1.0,0.64052,0.757,0.95596,1.0,0.71852
3508,,0.498,0.2658,0.975,0.6082,0.707,0.88828,0.925,0.65084
3509,,0.448,0.23348,0.95,0.57588,0.657,0.8206,0.85,0.58316
3510,,0.398,0.20116,0.925,0.54356,0.607,0.75292,0.775,0.51548
3511,,0.348,0.16884,0.9,0.51124,0.557,0.68524,0.7,0.4478
3512,,0.298,0.13652,0.875,0.47892,0.507,0.61756,0.625,0.38012
3513,,0.248,0.1042,0.85,0.4466,0.457,0.54988,0.55,0.31244
3514,,0.198,0.07188,0.825,0.41428,0.407,0.4822,0.475,0.24476
3515,,0.148,0.03956,0.8,0.38196,0.357,0.41452,0.4,0.17708
3516,,0.098,0.00724,0.775,0.34964,0.307,0.34684,0.325,0.1094
3517,,0.048,-0.02508,0.75,0.31732,0.257,0.27916,0.25,0.04172
3518,2,0.139,1.0,0.866,0.43,0.356,0.36148,0.324,0.11904
3519,,0.089,0.96768,0.841,0.39768,0.306,0.2938,0.249,0.05136
3520,,0.039,0.93536,0.816,0.36536,0.256,0.22612,0.174,-0.01632
3521,8,0.135,1.0,0.937,0.48304,0.36,0.31344,0.253,1.0
3522,,0.085,0.96768,0.912,0.45072,0.31,0.24576,0.178,0.93232
3523,,0.035,0.93536,0.887,0.4184,0.26,0.17808,0.103,0.86464
3524,,-0.015,0.90304,0.862,0.38608,0.21,0.1104,0.028,0.79696
3525,1,1.0,1.0,0.98,0.49976,0.31,0.19372,0.103,0.87528
3526,,0.95,0.96768,0.955,0.46744,0.26,0.12604,0.028,0.8076
3527,,0.9,0.93536,0.93,0.43512,0.21,0.05836,-0.047,0.73992
3528,7,1.0,1.0,1.0,0.5568,0.317,0.14968,1.0,0.82624
3529,,0.95,0.96768,0.975,0.52448,0.267,0.082,0.925,0.75856
3530,,0.9,0.93536,0.95,0.49216,0.217,0.01432,0.85,0.69088
3531,,0.85,0.90304,0.925,0.45984,0.167,-0.05336,0.775,0.6232
3532,6,0.951,1.0,1.0,0.58252,-0.083,1.0,0.859,0.71052
3533,5,1.0,1.0,1.0,0.7042,1.0,0.73232,0.941,0.79684
3534,,0.95,0.96768,0.975,0.67188,0.95,0.66464,0.866,0.72916
3535,,0.9,0.93536,0.95,0.63956,0.9,0.59696,0.791,0.66148
3536,,0.85,0.90304,0.925,0.60724,0.85,0.52928,0.716,0.5938
3537,,0.8,0.87072,0.9,0.57492,0.8,0.4616,0.641,0.52612
3538,,0.75,0.8384,0.875,0.5426,0.75,0.39392,0.566,0.45844
3539,,0.7,0.80608,0.85,0.51028,0.7,0.32624,0.491,0.39076
3540,,0.65,0.77376,0.825,0.47796,0.65,0.25856,0.416,0.32308
3541,,0.6,0.74144,0.8,0.44564,0.6,0.19088,0.341,0.2554
3542,,0.55,0.70912,0.775,0.41332,0.55,0.1232,0.266,0.18772
3543,,0.5,0.6768,0.75,0.381,0.5,0.05552,0.191,0.12004
3544,,0.45,0.64448,0.725,0.34868,0.45,-0.01216,0.116,0.05236
3545,6,0.551,0.76216,0.851,0.47136,0.2,1.0,0.2,0.13968
3546,,0.501,0.72984,0.826,0.43904,0.15,0.93232,0.125,0.072
3547,,0.451,0.69752,0.801,0.40672,0.1,0.86464,0.05,0.00432
3548,,0.401,0.6652,0.776,0.3744,0.05,0.79696,-0.025,-0.06336
3549,8,0.497,0.77788,0.897,0.49208,0.154,0.88428,0.054,1.0
3550,,0.447,0.74556,0.872,0.45976,0.104,0.8166,-0.021,0.93232
3551,7,0.547,0.86224,0.997,0.58144,0.211,0.90792,1.0,1.0
3552,,0.497,0.82992,0.972,0.54912,0.161,0.84024,0.925,0.93232
3553,,0.447,0.7976,0.947,0.5168,0.111,0.77256,0.85,0.86464
3554,,0.397,0.76528,0.922,0.48448,0.061,0.70488,0.775,0.79696
3555,,0.347,0.73296,0.897,0.45216,0.011,0.6372,0.7,0.72928
3556,,0.297,0.70064,0.872,0.41984,-0.039,0.56952,0.625,0.6616
3557,5,0.397,0.81732,0.997,0.54152,1.0,0.30184,0.707,0.74792
3558,,0.347,0.785,0.972,0.5092,0.95,0.23416,0.632,0.68024
3559,,0.297,0.75268,0.947,0.47688,0.9,0.16648,0.557,0.61256
3560,,0.247,0.72036,0.922,0.44456,0.85,0.0988,0.482,0.54488
3561,,0.197,0.68804,0.897,0.41224,0.8,0.03112,0.407,0.4772
3562,,0.147,0.65572,0.872,0.37992,0.75,-0.03656,0.332,0.40952
3563,6,0.248,0.7734,0.998,0.5026,0.5,1.0,0.416,0.49684
3564,,0.198,0.74108,0.973,0.47028,0.45,0.93232,0.341,0.42916
3565,,0.148,0.70876,0.948,0.43796,0.4,0.86464,0.266,0.36148
3566,,0.098,0.67644,0.923,0.40564,0.35,0.79696,0.191,0.2938
3567,,0.048,0.64412,0.898,0.37332,0.3,0.72928,0.116,0.22612
3568,,-0.002,0.6118,0.873,0.341,0.25,0.6616,0.041,0.15844
3569,1,1.0,0.72048,0.991,0.45468,0.35,0.74492,0.116,0.23676
3570,,0.95,0.68816,0.966,0.42236,0.3,0.67724,0.041,0.16908
3571,,0.9,0.65584,0.941,0.39004,0.25,0.60956,-0.034,0.1014
3572,7,1.0,0.77252,1.0,0.51172,0.357,0.70088,1.0,0.18772
3573,,0.95,0.7402,0.975,0.4794,0.307,0.6332,0.925,0.12004
3574,,0.9,0.70788,0.95,0.44708,0.257,0.56552,0.85,0.05236
3575,,0.85,0.67556,0.925,0.41476,0.207,0.49784,0.775,-0.01532
3576,8,0.946,0.78824,1.0,0.53244,0.311,0.58516,0.854,1.0
3577,,0.896,0.75592,0.975,0.50012,0.261,0.51748,0.779,0.93232
3578,,0.846,0.7236,0.95,0.4678,0.211,0.4498,0.704,0.86464
3579,,0.796,0.69128,0.925,0.43548,0.161,0.38212,0.629,0.79696
3580,,0.746,0.65896,0.9,0.40316,0.111,0.31444,0.554,0.72928
3581,,0.696,0.62664,0.875,0.37084,0.061,0.24676,0.479,0.6616
3582,,0.646,0.59432,0.85,0.33852,0.011,0.17908,0.404,0.59392
3583,,0.596,0.562,0.825,0.3062,-0.039,0.1114,0.329,0.52624
3584,5,0.696,0.67868,0.95,0.42788,1.0,-0.15628,0.411,0.61256
3585,6,0.797,0.79636,1.0,0.55056,0.75,1.0,0.495,0.69988
3586,,0.747,0.76404,0.975,0.51824,0.7,0.93232,0.42,0.6322
3587,,0.697,0.73172,0.95,0.48592,0.65,0.86464,0.345,0.56452
3588,,0.647,0.6994,0.925,0.4536,0.6,0.79696,0.27,0.49684
3589,,0.597,0.66708,0.9,0.42128,0.55,0.72928,0.195,0.42916
3590,,0.547,0.63476,0.875,0.38896,0.5,0.6616,0.12,0.36148
3591,,0.497,0.60244,0.85,0.35664,0.45,0.59392,0.045,0.2938
3592,,0.447,0.57012,0.825,0.32432,0.4,0.52624,-0.03,0.22612
3593,7,0.547,0.6868,0.95,0.446,0.507,0.61756,1.0,0.31244
3594,,0.497,0.65448,0.925,0.41368,0.457,0.54988,0.925,0.24476
3595,,0.447,0.62216,0.9,0.38136,0.407,0.4822,0.85,0.17708
3596,,0.397,0.58984,0.875,0.34904,0.357,0.41452,0.775,0.1094
3597,,0.347,0.55752,0.85,0.31672,0.307,0.34684,0.7,0.04172
3598,,0.297,0.5252,0.825,0.2844,0.257,0.27916,0.625,-0.02596
3599,8,0.393,0.63788,0.946,0.40208,0.361,0.36648,0.704,1.0
3600,,0.343,0.60556,0.921,0.36976,0.311,0.2988,0.629,0.93232
3601,,0.293,0.57324,0.896,0.33744,0.261,0.23112,0.554,0.86464
3602,,0.243,0.54092,0.871,0.30512,0.211,0.16344,0.479,0.79696
3603,,0.193,0.5086,0.846,0.2728,0.161,0.09576,0.404,0.72928
3604,,0.143,0.47628,0.821,0.24048,0.111,0.02808,0.329,0.6616
3605,,0.093,0.44396,0.796,0.20816,0.061,-0.0396,0.254,0.59392
3606,6,0.194,0.56164,0.922,0.33084,-0.189,1.0,0.338,0.68124
3607,5,0.294,0.67832,1.0,0.45252,1.0,0.73232,0.42,0.76756
3608,,0.244,0.646,0.975,0.4202,0.95,0.66464,0.345,0.69988
3609,,0.194,0.61368,0.95,0.38788,0.9,0.59696,0.27,0.6322
3610,,0.144,0.58136,0.925,0.35556,0.85,0.52928,0.195,0.56452
3611,,0.094,0.54904,0.9,0.32324,0.8,0.4616,0.12,0.49684
3612,,0.044,0.51672,0.875,0.29092,0.75,0.39392,0.045,0.42916
3613,,-0.006,0.4844,0.85,0.2586,0.7,0.32624,-0.03,0.36148
3614,7,0.094,0.60108,0.975,0.38028,0.807,0.41756,1.0,0.4478
3615,,0.044,0.56876,0.95,0.34796,0.757,0.34988,0.925,0.38012
3616,,-0.006,0.53644,0.925,0.31564,0.707,0.2822,0.85,0.31244
3617,1,1.0,0.64512,1.0,0.42932,0.807,0.36552,0.925,0.39076
3618,,0.95,0.6128,0.975,0.397,0.757,0.29784,0.85,0.32308
3619,,0.9,0.58048,0.95,0.36468,0.707,0.23016,0.775,0.2554
3620,,0.85,0.54816,0.925,0.33236,0.657,0.16248,0.7,0.18772
3621,,0.8,0.51584,0.9,0.30004,0.607,0.0948,0.625,0.12004
3622,,0.75,0.48352,0.875,0.26772,0.557,0.02712,0.55,0.05236
3623,,0.7,0.4512,0.85,0.2354,0.507,-0.04056,0.475,-0.01532
3624,6,0.801,0.56888,0.976,0.35808,0.257,1.0,0.559,0.072
3625,,0.751,0.53656,0.951,0.32576,0.207,0.93232,0.484,0.00432
3626,,0.701,0.50424,0.926,0.29344,0.157,0.86464,0.409,-0.06336
3627,8,0.797,0.61692,1.0,0.41112,0.261,0.95196,0.488,1.0
3628,,0.747,0.5846,0.975,0.3788,0.211,0.88428,0.413,0.93232
3629,,0.697,0.55228,0.95,0.34648,0.161,0.8166,0.338,0.86464
3630,,0.647,0.51996,0.925,0.31416,0.111,0.74892,0.263,0.79696
3631,,0.597,0.48764,0.9,0.28184,0.061,0.68124,0.188,0.72928
3632,,0.547,0.45532,0.875,0.24952,0.011,0.61356,0.113,0.6616
3633,,0.497,0.423,0.85,0.2172,-0.039,0.54588,0.038,0.59392
3634,5,0.597,0.53968,0.975,0.33888,1.0,0.2782,0.12,0.68024
3635,,0.547,0.50736,0.95,0.30656,0.95,0.21052,0.045,0.61256
3636,,0.497,0.47504,0.925,0.27424,0.9,0.14284,-0.03,0.54488
3637,7,0.597,0.59172,1.0,0.39592,1.0,0.23416,1.0,0.6312
3638,,0.547,0.5594,0.975,0.3636,0.95,0.16648,0.925,0.56352
3639,,0.497,0.52708,0.95,0.33128,0.9,0.0988,0.85,0.49584
3640,,0.447,0.49476,0.925,0.29896,0.85,0.03112,0.775,0.42816
3641,,0.397,0.46244,0.9,0.26664,0.8,-0.03656,0.7,0.36048
3642,6,0.498,0.58012,1.0,0.38932,0.55,1.0,0.784,0.4478
3643,,0.448,0.5478,0.975,0.357,0.5,0.93232,0.709,0.38012
3644,,0.398,0.51548,0.95,0.32468,0.45,0.86464,0.634,0.31244
3645,,0.348,0.48316,0.925,0.29236,0.4,0.79696,0.559,0.24476
3646,,0.298,0.45084,0.9,0.26004,0.35,0.72928,0.484,0.17708
3647,,0.248,0.41852,0.875,0.22772,0.3,0.6616,0.409,0.1094
3648,,0.198,0.3862,0.85,0.1954,0.25,0.59392,0.334,0.04172
3649,,0.148,0.35388,0.825,0.16308,0.2,0.52624,0.259,-0.02596
3650,8,0.244,0.46656,0.946,0.28076,0.304,0.61356,0.338,1.0
3651,,0.194,0.43424,0.921,0.24844,0.254,0.54588,0.263,0.93232
3652,,0.144,0.40192,0.896,0.21612,0.204,0.4782,0.188,0.86464
3653,,0.094,0.3696,0.871,0.1838,0.154,0.41052,0.113,0.79696
3654,,0.044,0.33728,0.846,0.15148,0.104,0.34284,0.038,0.72928
3655,,-0.006,0.30496,0.821,0.11916,0.054,0.27516,-0.037,0.6616
3656,7,0.094,0.42164,0.946,0.24084,0.161,0.36648,1.0,0.74792
3657,,0.044,0.38932,0.921,0.20852,0.111,0.2988,0.925,0.68024
3658,,-0.006,0.357,0.896,0.1762,0.061,0.23112,0.85,0.61256
3659,1,1.0,0.46568,1.0,0.28988,0.161,0.31444,0.925,0.69088
3660,,0.95,0.43336,0.975,0.25756,0.111,0.24676,0.85,0.6232
3661,,0.9,0.40104,0.95,0.22524,0.061,0.17908,0.775,0.55552
3662,,0.85,0.36872,0.925,0.19292,0.011,0.1114,0.7,0.48784
3663,,0.8,0.3364,0.9,0.1606,-0.039,0.04372,0.625,0.42016
3664,5,0.9,0.45308,1.0,0.28228,1.0,-0.22396,0.707,0.50648
3665,6,1.0,0.57076,1.0,0.40496,0.75,1.0,0.791,0.5938
3666,,0.95,0.53844,0.975,0.37264,0.7,0.93232,0.716,0.52612
3667,,0.9,0.50612,0.95,0.34032,0.65,0.86464,0.641,0.45844
3668,,0.85,0.4738,0.925,0.308,0.6,0.79696,0.566,0.39076
3669,,0.8,0.44148,0.9,0.27568,0.55,0.72928,0.491,0.32308
3670,,0.75,0.40916,0.875,0.24336,0.5,0.6616,0.416,0.2554
3671,,0.7,0.37684,0.85,0.21104,0.45,0.59392,0.341,0.18772
3672,,0.65,0.34452,0.825,0.17872,0.4,0.52624,0.266,0.12004
3673,,0.6,0.3122,0.8,0.1464,0.35,0.45856,0.191,0.05236
3674,,0.55,0.27988,0.775,0.11408,0.3,0.39088,0.116,-0.01532
3675,8,0.646,0.39256,0.896,0.23176,0.404,0.4782,0.195,1.0
3676,,0.596,0.36024,0.871,0.19944,0.354,0.41052,0.12,0.93232
3677,,0.546,0.32792,0.846,0.16712,0.304,0.34284,0.045,0.86464
3678,,0.496,0.2956,0.821,0.1348,0.254,0.27516,-0.03,0.79696
3679,7,0.596,0.41228,0.946,0.25648,0.361,0.36648,1.0,0.88328
3680,,0.546,0.37996,0.921,0.22416,0.311,0.2988,0.925,0.8156
3681,,0.496,0.34764,0.896,0.19184,0.261,0.23112,0.85,0.74792
3682,,0.446,0.31532,0.871,0.15952,0.211,0.16344,0.775,0.68024
3683,,0.396,0.283,0.846,0.1272,0.161,0.09576,0.7,0.61256
3684,,0.346,0.25068,0.821,0.09488,0.111,0.02808,0.625,0.54488
3685,,0.296,0.21836,0.796,0.06256,0.061,-0.0396,0.55,0.4772
3686,6,0.397,0.33604,0.922,0.18524,-0.189,1.0,0.634,0.56452
3687,5,0.497,0.45272,1.0,0.30692,1.0,0.73232,0.716,0.65084
3688,,0.447,0.4204,0.975,0.2746,0.95,0.66464,0.641,0.58316
3689,,0.397,0.38808,0.95,0.24228,0.9,0.59696,0.566,0.51548
3690,,0.347,0.35576,0.925,0.20996,0.85,0.52928,0.491,0.4478
3691,,0.297,0.32344,0.9,0.17764,0.8,0.4616,0.416,0.38012
3692,,0.247,0.29112,0.875,0.14532,0.75,0.39392,0.341,0.31244
3693,,0.197,0.2588,0.85,0.113,0.7,0.32624,0.266,0.24476
3694,,0.147,0.22648,0.825,0.08068,0.65,0.25856,0.191,0.17708
3695,,0.097,0.19416,0.8,0.04836,0.6,0.19088,0.116,0.1094
3696,,0.047,0.16184,0.775,0.01604,0.55,0.1232,0.041,0.04172
3697,,-0.003,0.12952,0.75,-0.01628,0.5,0.05552,-0.034,-0.02596
3698,7,0.097,0.2462,0.875,0.1054,0.607,0.14684,1.0,0.06036
3699,,0.047,0.21388,0.85,0.07308,0.557,0.07916,0.925,-0.00732
3700,8,0.143,0.32656,0.971,0.19076,0.661,0.16648,1.0,1.0
3701,,0.093,0.29424,0.946,0.15844,0.611,0.0988,0.925,0.93232
3702,,0.043,0.26192,0.921,0.12612,0.561,0.03112,0.85,0.86464
3703,,-0.007,0.2296,0.896,0.0938,0.511,-0.03656,0.775,0.79696
3704,6,0.094,0.34728,1.0,0.21648,0.261,1.0,0.859,0.88428
3705,,0.044,0.31496,0.975,0.18416,0.211,0.93232,0.784,0.8166
3706,,-0.006,0.28264,0.95,0.15184,0.161,0.86464,0.709,0.74892
3707,1,1.0,0.39132,1.0,0.26552,0.261,0.94796,0.784,0.82724
3708,,0.95,0.359,0.975,0.2332,0.211,0.88028,0.709,0.75956
3709,,0.9,0.32668,0.95,0.20088,0.161,0.8126,0.634,0.69188
3710,,0.85,0.29436,0.925,0.16856,0.111,0.74492,0.559,0.6242
3711,,0.8,0.26204,0.9,0.13624,0.061,0.67724,0.484,0.55652
3712,,0.75,0.22972,0.875,0.10392,0.011,0.60956,0.409,0.48884
3713,,0.7,0.1974,0.85,0.0716,-0.039,0.54188,0.334,0.42116
3714,5,0.8,0.31408,0.975,0.19328,1.0,0.2742,0.416,0.50748
3715,,0.75,0.28176,0.95,0.16096,0.95,0.20652,0.341,0.4398
3716,,0.7,0.24944,0.925,0.12864,0.9,0.13884,0.266,0.37212
3717,,0.65,0.21712,0.9,0.09632,0.85,0.07116,0.191,0.30444
3718,,0.6,0.1848,0.875,0.064,0.8,0.00348,0.116,0.23676
3719,,0.55,0.15248,0.85,0.03168,0.75,-0.0642,0.041,0.16908
3720,6,0.651,0.27016,0.976,0.15436,0.5,1.0,0.125,0.2564
3721,,0.601,0.23784,0.951,0.12204,0.45,0.93232,0.05,0.18872
3722,,0.551,0.20552,0.926,0.08972,0.4,0.86464,-0.025,0.12104
3723,7,0.651,0.3222,1.0,0.2114,0.507,0.95596,1.0,0.20736
3724,,0.601,0.28988,0.975,0.17908,0.457,0.88828,0.925,0.13968
3725,,0.551,0.25756,0.95,0.14676,0.407,0.8206,0.85,0.072
3726,,0.501,0.22524,0.925,0.11444,0.357,0.75292,0.775,0.00432
3727,,0.451,0.19292,0.9,0.08212,0.307,0.68524,0.7,-0.06336
3728,8,0.547,0.3056,1.0,0.1998,0.411,0.77256,0.779,1.0
3729,,0.497,0.27328,0.975,0.16748,0.361,0.70488,0.704,0.93232
3730,,0.447,0.24096,0.95,0.13516,0.311,0.6372,0.629,0.86464
3731,,0.397,0.20864,0.925,0.10284,0.261,0.56952,0.554,0.79696
3732,,0.347,0.17632,0.9,0.07052,0.211,0.50184,0.479,0.72928
3733,,0.297,0.144,0.875,0.0382,0.161,0.43416,0.404,0.6616
3734,,0.247,0.11168,0.85,0.00588,0.111,0.36648,0.329,0.59392
3735,,0.197,0.07936,0.825,-0.02644,0.061,0.2988,0.254,0.52624
3736,4,0.293,0.19204,0.946,1.0,0.165,0.38612,0.333,0.60856
3737,,0.243,0.15972,0.921,0.96768,0.115,0.31844,0.258,0.54088
3738,,0.193,0.1274,0.896,0.93536,0.065,0.25076,0.183,0.4732
3739,,0.143,0.09508,0.871,0.90304,0.015,0.18308,0.108,0.40552
3740,,0.093,0.06276,0.846,0.87072,-0.035,0.1154,0.033,0.33784
3741,5,0.193,0.17944,0.971,0.9924,1.0,-0.15228,0.115,0.42416
3742,6,0.294,0.29712,1.0,1.0,0.75,1.0,0.199,0.51148
3743,,0.244,0.2648,0.975,0.96768,0.7,0.93232,0.124,0.4438
3744,,0.194,0.23248,0.95,0.93536,0.65,0.86464,0.049,0.37612
3745,,0.144,0.20016,0.925,0.90304,0.6,0.79696,-0.026,0.30844
3746,7,0.244,0.31684,1.0,1.0,0.707,0.88828,1.0,0.39476
3747,,0.194,0.28452,0.975,0.96768,0.657,0.8206,0.925,0.32708
3748,,0.144,0.2522,0.95,0.93536,0.607,0.75292,0.85,0.2594
3749,,0.094,0.21988,0.925,0.90304,0.557,0.68524,0.775,0.19172
3750,,0.044,0.18756,0.9,0.87072,0.507,0.61756,0.7,0.12404
3751,,-0.006,0.15524,0.875,0.8384,0.457,0.54988,0.625,0.05636
3752,1,1.0,0.26392,0.993,0.95208,0.557,0.6332,0.7,0.13468
3753,,0.95,0.2316,0.968,0.91976,0.507,0.56552,0.625,0.067
3754,,0.9,0.19928,0.943,0.88744,0.457,0.49784,0.55,-0.00068
3755,8,0.996,0.31196,1.0,1.0,0.561,0.58516,0.629,1.0
3756,,0.946,0.27964,0.975,0.96768,0.511,0.51748,0.554,0.93232
3757,,0.896,0.24732,0.95,0.93536,0.461,0.4498,0.479,0.86464
3758,,0.846,0.215,0.925,0.90304,0.411,0.38212,0.404,0.79696
3759,,0.796,0.18268,0.9,0.87072,0.361,0.31444,0.329,0.72928
3760,,0.746,0.15036,0.875,0.8384,0.311,0.24676,0.254,0.6616
3761,,0.696,0.11804,0.85,0.80608,0.261,0.17908,0.179,0.59392
3762,,0.646,0.08572,0.825,0.77376,0.211,0.1114,0.104,0.52624
3763,,0.596,0.0534,0.8,0.74144,0.161,0.04372,0.029,0.45856
3764,,0.546,0.02108,0.775,0.70912,0.111,-0.02396,-0.046,0.39088
3765,7,0.646,0.13776,0.9,0.8308,0.218,0.06736,1.0,0.4772
3766,,0.596,0.10544,0.875,0.79848,0.168,-0.00032,0.925,0.40952
3767,6,0.697,0.22312,1.0,0.92116,-0.082,1.0,1.0,0.49684
3768,5,0.797,0.3398,1.0,1.0,1.0,0.73232,1.0,0.58316
3769,,0.747,0.30748,0.975,0.96768,0.95,0.66464,0.925,0.51548
3770,,0.697,0.27516,0.95,0.93536,0.9,0.59696,0.85,0.4478
3771,,0.647,0.24284,0.925,0.90304,0.85,0.52928,0.775,0.38012
3772,,0.597,0.21052,0.9,0.87072,0.8,0.4616,0.7,0.31244
3773,,0.547,0.1782,0.875,0.8384,0.75,0.39392,0.625,0.24476
3774,,0.497,0.14588,0.85,0.80608,0.7,0.32624,0.55,0.17708
3775,,0.447,0.11356,0.825,0.77376,0.65,0.25856,0.475,0.1094
3776,,0.397,0.08124,0.8,0.74144,0.6,0.19088,0.4,0.04172
3777,,0.347,0.04892,0.775,0.70912,0.55,0.1232,0.325,-0.02596
3778,8,0.443,0.1616,0.896,0.8268,0.654,0.21052,0.404,1.0
3779,,0.393,0.12928,0.871,0.79448,0.604,0.14284,0.329,0.93232
3780,,0.343,0.09696,0.846,0.76216,0.554,0.07516,0.254,0.86464
3781,,0.293,0.06464,0.821,0.72984,0.504,0.00748,0.179,0.79696
3782,,0.243,0.03232,0.796,0.69752,0.454,-0.0602,0.104,0.72928
3783,6,0.344,0.15,0.922,0.8202,0.204,1.0,0.188,0.8166
3784,,0.294,0.11768,0.897,0.78788,0.154,0.93232,0.113,0.74892
3785,,0.244,0.08536,0.872,0.75556,0.104,0.86464,0.038,0.68124
3786,,0.194,0.05304,0.847,0.72324,0.054,0.79696,-0.037,0.61356
3787,7,0.294,0.16972,0.972,0.84492,0.161,0.88828,1.0,0.69988
3788,,0.244,0.1374,0.947,0.8126,0.111,0.8206,0.925,0.6322
3789,,0.194,0.10508,0.922,0.78028,0.061,0.75292,0.85,0.56452
3790,,0.144,0.07276,0.897,0.74796,0.011,0.68524,0.775,0.49684
3791,,0.094,0.04044,0.872,0.71564,-0.039,0.61756,0.7,0.42916
3792,5,0.194,0.15712,0.997,0.83732,1.0,0.34988,0.782,0.51548
3793,,0.144,0.1248,0.972,0.805,0.95,0.2822,0.707,0.4478
3794,,0.094,0.09248,0.947,0.77268,0.9,0.21452,0.632,0.38012
3795,,0.044,0.06016,0.922,0.74036,0.85,0.14684,0.557,0.31244
3796,,-0.006,0.02784,0.897,0.70804,0.8,0.07916,0.482,0.24476
3797,1,1.0,0.13652,1.0,0.82172,0.9,0.16248,0.557,0.32308
3798,,0.95,0.1042,0.975,0.7894,0.85,0.0948,0.482,0.2554
3799,,0.9,0.07188,0.95,0.75708,0.8,0.02712,0.407,0.18772
3800,,0.85,0.03956,0.925,0.72476,0.75,-0.04056,0.332,0.12004
3801,6,0.951,0.15724,1.0,0.84744,0.5,1.0,0.416,0.20736
3802,,0.901,0.12492,0.975,0.81512,0.45,0.93232,0.341,0.13968
3803,,0.851,0.0926,0.95,0.7828,0.4,0.86464,0.266,0.072
3804,,0.801,0.06028,0.925,0.75048,0.35,0.79696,0.191,0.00432
3805,,0.751,0.02796,0.9,0.71816,0.3,0.72928,0.116,-0.06336
3806,8,0.847,0.14064,1.0,0.83584,0.404,0.8166,0.195,1.0
3807,,0.797,0.10832,0.975,0.80352,0.354,0.74892,0.12,0.93232
3808,,0.747,0.076,0.95,0.7712,0.304,0.68124,0.045,0.86464
3809,,0.697,0.04368,0.925,0.73888,0.254,0.61356,-0.03,0.79696
3810,7,0.797,0.16036,1.0,0.86056,0.361,0.70488,1.0,0.88328
3811,,0.747,0.12804,0.975,0.82824,0.311,0.6372,0.925,0.8156
3812,,0.697,0.09572,0.95,0.79592,0.261,0.56952,0.85,0.74792
3813,,0.647,0.0634,0.925,0.7636,0.211,0.50184,0.775,0.68024
3814,,0.597,0.03108,0.9,0.73128,0.161,0.43416,0.7,0.61256
3815,,0.547,-0.00124,0.875,0.69896,0.111,0.36648,0.625,0.54488
3816,2,0.638,1.0,0.991,0.81164,0.21,0.4488,0.699,0.6222
3817,,0.588,0.96768,0.966,0.77932,0.16,0.38112,0.624,0.55452
3818,,0.538,0.93536,0.941,0.747,0.11,0.31344,0.549,0.48684
3819,,0.488,0.90304,0.916,0.71468,0.06,0.24576,0.474,0.41916
3820,,0.438,0.87072,0.891,0.68236,0.01,0.17808,0.399,0.35148
3821,,0.388,0.8384,0.866,0.65004,-0.04,0.1104,0.324,0.2838
3822,5,0.488,0.95508,0.991,0.77172,1.0,-0.15728,0.406,0.37012
3823,6,0.589,1.0,1.0,0.8944,0.75,1.0,0.49,0.45744
3824,,0.539,0.96768,0.975,0.86208,0.7,0.93232,0.415,0.38976
3825,,0.489,0.93536,0.95,0.82976,0.65,0.86464,0.34,0.32208
3826,,0.439,0.90304,0.925,0.79744,0.6,0.79696,0.265,0.2544
3827,,0.389,0.87072,0.9,0.76512,0.55,0.72928,0.19,0.18672
3828,,0.339,0.8384,0.875,0.7328,0.5,0.6616,0.115,0.11904
3829,,0.289,0.80608,0.85,0.70048,0.45,0.59392,0.04,0.05136
3830,,0.239,0.77376,0.825,0.66816,0.4,0.52624,-0.035,-0.01632
3831,7,0.339,0.89044,0.95,0.78984,0.507,0.61756,1.0,0.07
3832,,0.289,0.85812,0.925,0.75752,0.457,0.54988,0.925,0.00232
3833,,0.239,0.8258,0.9,0.7252,0.407,0.4822,0.85,-0.06536
3834,8,0.335,0.93848,1.0,0.84288,0.511,0.56952,0.929,1.0
3835,,0.285,0.90616,0.975,0.81056,0.461,0.50184,0.854,0.93232
3836,,0.235,0.87384,0.95,0.77824,0.411,0.43416,0.779,0.86464
3837,,0.185,0.84152,0.925,0.74592,0.361,0.36648,0.704,0.79696
3838,,0.135,0.8092,0.9,0.7136,0.311,0.2988,0.629,0.72928
3839,,0.085,0.77688,0.875,0.68128,0.261,0.23112,0.554,0.6616
3840,,0.035,0.74456,0.85,0.64896,0.211,0.16344,0.479,0.59392
3841,,-0.015,0.71224,0.825,0.61664,0.161,0.09576,0.404,0.52624
3842,1,1.0,0.82092,0.943,0.73032,0.261,0.17908,0.479,0.60456
3843,,0.95,0.7886,0.918,0.698,0.211,0.1114,0.404,0.53688
3844,,0.9,0.75628,0.893,0.66568,0.161,0.04372,0.329,0.4692
3845,,0.85,0.72396,0.868,0.63336,0.111,-0.02396,0.254,0.40152
3846,6,0.951,0.84164,0.994,0.75604,-0.139,1.0,0.338,0.48884
3847,5,1.0,0.95832,1.0,0.87772,1.0,0.73232,0.42,0.57516
3848,,0.95,0.926,0.975,0.8454,0.95,0.66464,0.345,0.50748
3849,,0.9,0.89368,0.95,0.81308,0.9,0.59696,0.27,0.4398
3850,,0.85,0.86136,0.925,0.78076,0.85,0.52928,0.195,0.37212
3851,,0.8,0.82904,0.9,0.74844,0.8,0.4616,0.12,0.30444
3852,,0.75,0.79672,0.875,0.71612,0.75,0.39392,0.045,0.23676
3853,,0.7,0.7644,0.85,0.6838,0.7,0.32624,-0.03,0.16908
3854,7,0.8,0.88108,0.975,0.80548,0.807,0.41756,1.0,0.2554
3855,,0.75,0.84876,0.95,0.77316,0.757,0.34988,0.925,0.18772
3856,,0.7,0.81644,0.925,0.74084,0.707,0.2822,0.85,0.12004
3857,,0.65,0.78412,0.9,0.70852,0.657,0.21452,0.775,0.05236
3858,,0.6,0.7518,0.875,0.6762,0.607,0.14684,0.7,-0.01532
3859,8,0.696,0.86448,0.996,0.79388,0.711,0.23416,0.779,1.0
3860,,0.646,0.83216,0.971,0.76156,0.661,0.16648,0.704,0.93232
3861,,0.596,0.79984,0.946,0.72924,0.611,0.0988,0.629,0.86464
3862,,0.546,0.76752,0.921,0.69692,0.561,0.03112,0.554,0.79696
3863,,0.496,0.7352,0.896,0.6646,0.511,-0.03656,0.479,0.72928
3864,6,0.597,0.85288,1.0,0.78728,0.261,1.0,0.563,0.8166
3865,,0.547,0.82056,0.975,0.75496,0.211,0.93232,0.488,0.74892
3866,,0.497,0.78824,0.95,0.72264,0.161,0.86464,0.413,0.68124
3867,,0.447,0.75592,0.925,0.69032,0.111,0.79696,0.338,0.61356
3868,,0.397,0.7236,0.9,0.658,0.061,0.72928,0.263,0.54588
3869,,0.347,0.69128,0.875,0.62568,0.011,0.6616,0.188,0.4782
3870,,0.297,0.65896,0.85,0.59336,-0.039,0.59392,0.113,0.41052
3871,5,0.397,0.77564,0.975,0.71504,1.0,0.32624,0.195,0.49684
3872,,0.347,0.74332,0.95,0.68272,0.95,0.25856,0.12,0.42916
3873,,0.297,0.711,0.925,0.6504,0.9,0.19088,0.045,0.36148
3874,,0.247,0.67868,0.9,0.61808,0.85,0.1232,-0.03,0.2938
3875,7,0.347,0.79536,1.0,0.73976,0.957,0.21452,1.0,0.38012
3876,,0.297,0.76304,0.975,0.70744,0.907,0.14684,0.925,0.31244
3877,,0.247,0.73072,0.95,0.67512,0.857,0.07916,0.85,0.24476
3878,,0.197,0.6984,0.925,0.6428,0.807,0.01148,0.775,0.17708
3879,,0.147,0.66608,0.9,0.61048,0.757,-0.0562,0.7,0.1094
3880,6,0.248,0.78376,1.0,0.73316,0.507,1.0,0.784,0.19672
3881,,0.198,0.75144,0.975,0.70084,0.457,0.93232,0.709,0.12904
3882,,0.148,0.71912,0.95,0.66852,0.407,0.86464,0.634,0.06136
3883,,0.098,0.6868,0.925,0.6362,0.357,0.79696,0.559,-0.00632
3884,8,0.194,0.79948,1.0,0.75388,0.461,0.88428,0.638,1.0
3885,,0.144,0.76716,0.975,0.72156,0.411,0.8166,0.563,0.93232
3886,,0.094,0.73484,0.95,0.68924,0.361,0.74892,0.488,0.86464
3887,,0.044,0.70252,0.925,0.65692,0.311,0.68124,0.413,0.79696
3888,,-0.006,0.6702,0.9,0.6246,0.261,0.61356,0.338,0.72928
3889,1,1.0,0.77888,1.0,0.73828,0.361,0.69688,0.413,0.8076
3890,,0.95,0.74656,0.975,0.70596,0.311,0.6292,0.338,0.73992
3891,,0.9,0.71424,0.95,0.67364,0.261,0.56152,0.263,0.67224
3892,,0.85,0.68192,0.925,0.64132,0.211,0.49384,0.188,0.60456
3893,,0.8,0.6496,0.9,0.609,0.161,0.42616,0.113,0.53688
3894,,0.75,0.61728,0.875,0.57668,0.111,0.35848,0.038,0.4692
3895,,0.7,0.58496,0.85,0.54436,0.061,0.2908,-0.037,0.40152
3896,7,0.8,0.70164,0.975,0.66604,0.168,0.38212,1.0,0.48784
3897,,0.75,0.66932,0.95,0.63372,0.118,0.31444,0.925,0.42016
3898,,0.7,0.637,0.925,0.6014,0.068,0.24676,0.85,0.35248
3899,,0.65,0.60468,0.9,0.56908,0.018,0.17908,0.775,0.2848
3900,,0.6,0.57236,0.875,0.53676,-0.032,0.1114,0.7,0.21712
3901,5,0.7,0.68904,1.0,0.65844,1.0,-0.15628,0.782,0.30344
3902,6,0.801,0.80672,1.0,0.78112,0.75,1.0,0.866,0.39076
3903,,0.751,0.7744,0.975,0.7488,0.7,0.93232,0.791,0.32308
3904,,0.701,0.74208,0.95,0.71648,0.65,0.86464,0.716,0.2554
3905,,0.651,0.70976,0.925,0.68416,0.6,0.79696,0.641,0.18772
3906,,0.601,0.67744,0.9,0.65184,0.55,0.72928,0.566,0.12004
3907,,0.551,0.64512,0.875,0.61952,0.5,0.6616,0.491,0.05236
3908,,0.501,0.6128,0.85,0.5872,0.45,0.59392,0.416,-0.01532
3909,8,0.597,0.72548,0.971,0.70488,0.554,0.68124,0.495,1.0
3910,,0.547,0.69316,0.946,0.67256,0.504,0.61356,0.42,0.93232
3911,,0.497,0.66084,0.921,0.64024,0.454,0.54588,0.345,0.86464
3912,,0.447,0.62852,0.896,0.60792,0.404,0.4782,0.27,0.79696
3913,,0.397,0.5962,0.871,0.5756,0.354,0.41052,0.195,0.72928
3914,,0.347,0.56388,0.846,0.54328,0.304,0.34284,0.12,0.6616
3915,,0.297,0.53156,0.821,0.51096,0.254,0.27516,0.045,0.59392
3916,,0.247,0.49924,0.796,0.47864,0.204,0.20748,-0.03,0.52624
3917,7,0.347,0.61592,0.921,0.60032,0.311,0.2988,1.0,0.61256
3918,,0.297,0.5836,0.896,0.568,0.261,0.23112,0.925,0.54488
3919,,0.247,0.55128,0.871,0.53568,0.211,0.16344,0.85,0.4772
3920,,0.197,0.51896,0.846,0.50336,0.161,0.09576,0.775,0.40952
3921,,0.147,0.48664,0.821,0.47104,0.111,0.02808,0.7,0.34184
3922,,0.097,0.45432,0.796,0.43872,0.061,-0.0396,0.625,0.27416
3923,6,0.198,0.572,0.922,0.5614,-0.189,1.0,0.709,0.36148
3924,5,0.298,0.68868,1.0,0.68308,1.0,0.73232,0.791,0.4478
3925,,0.248,0.65636,0.975,0.65076,0.95,0.66464,0.716,0.38012
3926,,0.198,0.62404,0.95,0.61844,0.9,0.59696,0.641,0.31244
3927,,0.148,0.59172,0.925,0.58612,0.85,0.52928,0.566,0.24476
3928,,0.098,0.5594,0.9,0.5538,0.8,0.4616,0.491,0.17708
3929,,0.048,0.52708,0.875,0.52148,0.75,0.39392,0.416,0.1094
3930,,-0.002,0.49476,0.85,0.48916,0.7,0.32624,0.341,0.04172
3931,1,1.0,0.60344,0.968,0.60284,0.8,0.40956,0.416,0.12004
3932,,0.95,0.57112,0.943,0.57052,0.75,0.34188,0.341,0.05236
3933,,0.9,0.5388,0.918,0.5382,0.7,0.2742,0.266,-0.01532
3934,8,0.996,0.65148,1.0,0.65588,0.804,0.36152,0.345,1.0
3935,,0.946,0.61916,0.975,0.62356,0.754,0.29384,0.27,0.93232
3936,,0.896,0.58684,0.95,0.59124,0.704,0.22616,0.195,0.86464
3937,,0.846,0.55452,0.925,0.55892,0.654,0.15848,0.12,0.79696
3938,,0.796,0.5222,0.9,0.5266,0.604,0.0908,0.045,0.72928
3939,,0.746,0.48988,0.875,0.49428,0.554,0.02312,-0.03,0.6616
3940,7,0.846,0.60656,1.0,0.61596,0.661,0.11444,1.0,0.74792
3941,,0.796,0.57424,0.975,0.58364,0.611,0.04676,0.925,0.68024
3942,,0.746,0.54192,0.95,0.55132,0.561,-0.02092,0.85,0.61256
3943,6,0.847,0.6596,1.0,0.674,0.311,1.0,0.934,0.69988
3944,,0.797,0.62728,0.975,0.64168,0.261,0.93232,0.859,0.6322
3945,,0.747,0.59496,0.95,0.60936,0.211,0.86464,0.784,0.56452
3946,,0.697,0.56264,0.925,0.57704,0.161,0.79696,0.709,0.49684
3947,,0.647,0.53032,0.9,0.54472,0.111,0.72928,0.634,0.42916
3948,,0.597,0.498,0.875,0.5124,0.061,0.6616,0.559,0.36148
3949,,0.547,0.46568,0.85,0.48008,0.011,0.59392,0.484,0.2938
3950,,0.497,0.43336,0.825,0.44776,-0.039,0.52624,0.409,0.22612
3951,5,0.597,0.55004,0.95,0.56944,1.0,0.25856,0.491,0.31244
3952,,0.547,0.51772,0.925,0.53712,0.95,0.19088,0.416,0.24476
3953,,0.497,0.4854,0.9,0.5048,0.9,0.1232,0.341,0.17708
3954,,0.447,0.45308,0.875,0.47248,0.85,0.05552,0.266,0.1094
3955,,0.397,0.42076,0.85,0.44016,0.8,-0.01216,0.191,0.04172
3956,6,0.498,0.53844,0.976,0.56284,0.55,1.0,0.275,0.12904
3957,,0.448,0.50612,0.951,0.53052,0.5,0.93232,0.2,0.06136
3958,,0.398,0.4738,0.926,0.4982,0.45,0.86464,0.125,-0.00632
3959,8,0.494,0.58648,1.0,0.61588,0.554,0.95196,0.204,1.0
3960,,0.444,0.55416,0.975,0.58356,0.504,0.88428,0.129,0.93232
3961,,0.394,0.52184,0.95,0.55124,0.454,0.8166,0.054,0.86464
3962,,0.344,0.48952,0.925,0.51892,0.404,0.74892,-0.021,0.79696
3963,7,0.444,0.6062,1.0,0.6406,0.511,0.84024,1.0,0.88328
3964,,0.394,0.57388,0.975,0.60828,0.461,0.77256,0.925,0.8156
3965,,0.344,0.54156,0.95,0.57596,0.411,0.70488,0.85,0.74792
3966,,0.294,0.50924,0.925,0.54364,0.361,0.6372,0.775,0.68024
3967,,0.244,0.47692,0.9,0.51132,0.311,0.56952,0.7,0.61256
3968,,0.194,0.4446,0.875,0.479,0.261,0.50184,0.625,0.54488
3969,,0.144,0.41228,0.85,0.44668,0.211,0.43416,0.55,0.4772
3970,,0.094,0.37996,0.825,0.41436,0.161,0.36648,0.475,0.40952
3971,,0.044,0.34764,0.8,0.38204,0.111,0.2988,0.4,0.34184
3972,,-0.006,0.31532,0.775,0.34972,0.061,0.23112,0.325,0.27416
3973,1,1.0,0.424,0.893,0.4634,0.161,0.31444,0.4,0.35248
3974,,0.95,0.39168,0.868,0.43108,0.111,0.24676,0.325,0.2848
3975,,0.9,0.35936,0.843,0.39876,0.061,0.17908,0.25,0.21712
3976,,0.85,0.32704,0.818,0.36644,0.011,0.1114,0.175,0.14944
3977,,0.8,0.29472,0.793,0.33412,-0.039,0.04372,0.1,0.08176
3978,5,0.9,0.4114,0.918,0.4558,1.0,-0.22396,0.182,0.16808
3979,6,1.0,0.52908,1.0,0.57848,0.75,1.0,0.266,0.2554
3980,,0.95,0.49676,0.975,0.54616,0.7,0.93232,0.191,0.18772
3981,,0.9,0.46444,0.95,0.51384,0.65,0.86464,0.116,0.12004
3982,,0.85,0.43212,0.925,0.48152,0.6,0.79696,0.041,0.05236
3983,,0.8,0.3998,0.9,0.4492,0.55,0.72928,-0.034,-0.01532
3984,7,0.9,0.51648,1.0,0.57088,0.657,0.8206,1.0,0.071
3985,,0.85,0.48416,0.975,0.53856,0.607,0.75292,0.925,0.00332
3986,,0.8,0.45184,0.95,0.50624,0.557,0.68524,0.85,-0.06436
3987,8,0.896,0.56452,1.0,0.62392,0.661,0.77256,0.929,1.0
3988,,0.846,0.5322,0.975,0.5916,0.611,0.70488,0.854,0.93232
3989,,0.796,0.49988,0.95,0.55928,0.561,0.6372,0.779,0.86464
3990,,0.746,0.46756,0.925,0.52696,0.511,0.56952,0.704,0.79696
3991,,0.696,0.43524,0.9,0.49464,0.461,0.50184,0.629,0.72928
3992,,0.646,0.40292,0.875,0.46232,0.411,0.43416,0.554,0.6616
3993,,0.596,0.3706,0.85,0.43,0.361,0.36648,0.479,0.59392
3994,,0.546,0.33828,0.825,0.39768,0.311,0.2988,0.404,0.52624
3995,,0.496,0.30596,0.8,0.36536,0.261,0.23112,0.329,0.45856
3996,,0.446,0.27364,0.775,0.33304,0.211,0.16344,0.254,0.39088
3997,,0.396,0.24132,0.75,0.30072,0.161,0.09576,0.179,0.3232
3998,,0.346,0.209,0.725,0.2684,0.111,0.02808,0.104,0.25552
3999,,0.296,0.17668,0.7,0.23608,0.061,-0.0396,0.029,0.18784
4000,6,0.397,0.29436,0.826,0.35876,-0.189,1.0,0.113,0.27516
4001,5,0.497,0.41104,0.951,0.48044,1.0,0.73232,0.195,0.36148
4002,,0.447,0.37872,0.926,0.44812,0.95,0.66464,0.12,0.2938
4003,,0.397,0.3464,0.901,0.4158,0.9,0.59696,0.045,0.22612
4004,,0.347,0.31408,0.876,0.38348,0.85,0.52928,-0.03,0.15844
4005,7,0.447,0.43076,1.0,0.50516,0.957,0.6206,1.0,0.24476
4006,,0.397,0.39844,0.975,0.47284,0.907,0.55292,0.925,0.17708
4007,,0.347,0.36612,0.95,0.44052,0.857,0.48524,0.85,0.1094
4008,,0.297,0.3338,0.925,0.4082,0.807,0.41756,0.775,0.04172
4009,,0.247,0.30148,0.9,0.37588,0.757,0.34988,0.7,-0.02596
4010,8,0.343,0.41416,1.0,0.49356,0.861,0.4372,0.779,1.0
4011,,0.293,0.38184,0.975,0.46124,0.811,0.36952,0.704,0.93232
4012,,0.243,0.34952,0.95,0.42892,0.761,0.30184,0.629,0.86464
4013,,0.193,0.3172,0.925,0.3966,0.711,0.23416,0.554,0.79696
4014,,0.143,0.28488,0.9,0.36428,0.661,0.16648,0.479,0.72928
4015,,0.093,0.25256,0.875,0.33196,0.611,0.0988,0.404,0.6616
4016,,0.043,0.22024,0.85,0.29964,0.561,0.03112,0.329,0.59392
4017,,-0.007,0.18792,0.825,0.26732,0.511,-0.03656,0.254,0.52624
4018,6,0.094,0.3056,0.951,0.39,0.261,1.0,0.338,0.61356
4019,,0.044,0.27328,0.926,0.35768,0.211,0.93232,0.263,0.54588
4020,,-0.006,0.24096,0.901,0.32536,0.161,0.86464,0.188,0.4782
4021,1,1.0,0.34964,1.0,0.43904,0.261,0.94796,0.263,0.55652
4022,,0.95,0.31732,0.975,0.40672,0.211,0.88028,0.188,0.48884
4023,,0.9,0.285,0.95,0.3744,0.161,0.8126,0.113,0.42116
4024,,0.85,0.25268,0.925,0.34208,0.111,0.74492,0.038,0.35348
4025,,0.8,0.22036,0.9,0.30976,0.061,0.67724,-0.037,0.2858
4026,7,0.9,0.33704,1.0,0.43144,0.168,0.76856,1.0,0.37212
4027,,0.85,0.30472,0.975,0.39912,0.118,0.70088,0.925,0.30444
4028,,0.8,0.2724,0.95,0.3668,0.068,0.6332,0.85,0.23676
4029,,0.75,0.24008,0.925,0.33448,0.018,0.56552,0.775,0.16908
4030,,0.7,0.20776,0.9,0.30216,-0.032,0.49784,0.7,0.1014
4031,5,0.8,0.32444,1.0,0.42384,1.0,0.23016,0.782,0.18772
4032,,0.75,0.29212,0.975,0.39152,0.95,0.16248,0.707,0.12004
4033,,0.7,0.2598,0.95,0.3592,0.9,0.0948,0.632,0.05236
4034,,0.65,0.22748,0.925,0.32688,0.85,0.02712,0.557,-0.01532
4035,8,0.746,0.34016,1.0,0.44456,0.954,0.11444,0.636,1.0
4036,,0.696,0.30784,0.975,0.41224,0.904,0.04676,0.561,0.93232
4037,,0.646,0.27552,0.95,0.37992,0.854,-0.02092,0.486,0.86464
4038,6,0.747,0.3932,1.0,0.5026,0.604,1.0,0.57,0.95196
4039,,0.697,0.36088,0.975,0.47028,0.554,0.93232,0.495,0.88428
4040,,0.647,0.32856,0.95,0.43796,0.504,0.86464,0.42,0.8166
4041,,0.597,0.29624,0.925,0.40564,0.454,0.79696,0.345,0.74892
4042,,0.547,0.26392,0.9,0.37332,0.404,0.72928,0.27,0.68124
4043,,0.497,0.2316,0.875,0.341,0.354,0.6616,0.195,0.61356
4044,,0.447,0.19928,0.85,0.30868,0.304,0.59392,0.12,0.54588
4045,,0.397,0.16696,0.825,0.27636,0.254,0.52624,0.045,0.4782
4046,,0.347,0.13464,0.8,0.24404,0.204,0.45856,-0.03,0.41052
4047,7,0.447,0.25132,0.925,0.36572,0.311,0.54988,1.0,0.49684
4048,,0.397,0.219,0.9,0.3334,0.261,0.4822,0.925,0.42916
4049,,0.347,0.18668,0.875,0.30108,0.211,0.41452,0.85,0.36148
4050,,0.297,0.15436,0.85,0.26876,0.161,0.34684,0.775,0.2938
4051,,0.247,0.12204,0.825,0.23644,0.111,0.27916,0.7,0.22612
4052,,0.197,0.08972,0.8,0.20412,0.061,0.21148,0.625,0.15844
4053,,0.147,0.0574,0.775,0.1718,0.011,0.1438,0.55,0.09076
4054,,0.097,0.02508,0.75,0.13948,-0.039,0.07612,0.475,0.02308
4055,5,0.197,0.14176,0.875,0.26116,1.0,-0.19156,0.557,0.1094
4056,6,0.298,0.25944,1.0,0.38384,0.75,1.0,0.641,0.19672
4057,,0.248,0.22712,0.975,0.35152,0.7,0.93232,0.566,0.12904
4058,,0.198,0.1948,0.95,0.3192,0.65,0.86464,0.491,0.06136
4059,,0.148,0.16248,0.925,0.28688,0.6,0.79696,0.416,-0.00632
4060,8,0.244,0.27516,1.0,0.40456,0.704,0.88428,0.495,1.0
4061,,0.194,0.24284,0.975,0.37224,0.654,0.8166,0.42,0.93232
4062,,0.144,0.21052,0.95,0.33992,0.604,0.74892,0.345,0.86464
4063,,0.094,0.1782,0.925,0.3076,0.554,0.68124,0.27,0.79696
4064,,0.044,0.14588,0.9,0.27528,0.504,0.61356,0.195,0.72928
4065,,-0.006,0.11356,0.875,0.24296,0.454,0.54588,0.12,0.6616
4066,1,1.0,0.22224,0.993,0.35664,0.554,0.6292,0.195,0.73992
4067,,0.95,0.18992,0.968,0.32432,0.504,0.56152,0.12,0.67224
4068,,0.9,0.1576,0.943,0.292,0.454,0.49384,0.045,0.60456
4069,,0.85,0.12528,0.918,0.25968,0.404,0.42616,-0.03,0.53688
4070,7,0.95,0.24196,1.0,0.38136,0.511,0.51748,1.0,0.6232
4071,,0.9,0.20964,0.975,0.34904,0.461,0.4498,0.925,0.55552
4072,,0.85,0.17732,0.95,0.31672,0.411,0.38212,0.85,0.48784
4073,,0.8,0.145,0.925,0.2844,0.361,0.31444,0.775,0.42016
4074,,0.75,0.11268,0.9,0.25208,0.311,0.24676,0.7,0.35248
4075,,0.7,0.08036,0.875,0.21976,0.261,0.17908,0.625,0.2848
4076,,0.65,0.04804,0.85,0.18744,0.211,0.1114,0.55,0.21712
4077,,0.6,0.01572,0.825,0.15512,0.161,0.04372,0.475,0.14944
4078,,0.55,-0.0166,0.8,0.1228,0.111,-0.02396,0.4,0.08176
4079,6,0.651,0.10108,0.926,0.24548,-0.139,1.0,0.484,0.16908
4080,5,0.751,0.21776,1.0,0.36716,1.0,0.73232,0.566,0.2554
4081,,0.701,0.18544,0.975,0.33484,0.95,0.66464,0.491,0.18772
4082,,0.651,0.15312,0.95,0.30252,0.9,0.59696,0.416,0.12004
4083,,0.601,0.1208,0.925,0.2702,0.85,0.52928,0.341,0.05236
4084,,0.551,0.08848,0.9,0.23788,0.8,0.4616,0.266,-0.01532
4085,8,0.647,0.20116,1.0,0.35556,0.904,0.54892,0.345,1.0
4086,,0.597,0.16884,0.975,0.32324,0.854,0.48124,0.27,0.93232
4087,,0.547,0.13652,0.95,0.29092,0.804,0.41356,0.195,0.86464
4088,,0.497,0.1042,0.925,0.2586,0.754,0.34588,0.12,0.79696
4089,,0.447,0.07188,0.9,0.22628,0.704,0.2782,0.045,0.72928
4090,,0.397,0.03956,0.875,0.19396,0.654,0.21052,-0.03,0.6616
4091,7,0.497,0.15624,1.0,0.31564,0.761,0.30184,1.0,0.74792
4092,,0.447,0.12392,0.975,0.28332,0.711,0.23416,0.925,0.68024
4093,,0.397,0.0916,0.95,0.251,0.661,0.16648,0.85,0.61256
4094,,0.347,0.05928,0.925,0.21868,0.611,0.0988,0.775,0.54488
4095,,0.297,0.02696,0.9,0.18636,0.561,0.03112,0.7,0.4772
4096,,0.247,-0.00536,0.875,0.15404,0.511,-0.03656,0.625,0.40952
4097,6,0.348,0.11232,1.0,0.27672,0.261,1.0,0.709,0.49684
4098,,0.298,0.08,0.975,0.2444,0.211,0.93232,0.634,0.42916
4099,,0.248,0.04768,0.95,0.21208,0.161,0.86464,0.559,0.36148
4100,,0.198,0.01536,0.925,0.17976,0.111,0.79696,0.484,0.2938
4101,,0.148,-0.01696,0.9,0.14744,0.061,0.72928,0.409,0.22612
4102,2,0.239,1.0,1.0,0.26012,0.16,0.8116,0.483,0.30344
4103,,0.189,0.96768,0.975,0.2278,0.11,0.74392,0.408,0.23576
4104,,0.139,0.93536,0.95,0.19548,0.06,0.67624,0.333,0.16808
4105,,0.089,0.90304,0.925,0.16316,0.01,0.60856,0.258,0.1004
4106,,0.039,0.87072,0.9,0.13084,-0.04,0.54088,0.183,0.03272
4107,5,0.139,0.9874,1.0,0.25252,1.0,0.2732,0.265,0.11904
4108,,0.089,0.95508,0.975,0.2202,0.95,0.20552,0.19,0.05136
4109,,0.039,0.92276,0.95,0.18788,0.9,0.13784,0.115,-0.01632
4110,8,0.135,1.0,1.0,0.30556,1.0,0.22516,0.194,1.0
4111,,0.085,0.96768,0.975,0.27324,0.95,0.15748,0.119,0.93232
4112,,0.035,0.93536,0.95,0.24092,0.9,0.0898,0.044,0.86464
4113,,-0.015,0.90304,0.925,0.2086,0.85,0.02212,-0.031,0.79696
4114,7,0.085,1.0,1.0,0.33028,0.957,0.11344,1.0,0.88328
4115,,0.035,0.96768,0.975,0.29796,0.907,0.04576,0.925,0.8156
4116,,-0.015,0.93536,0.95,0.26564,0.857,-0.02192,0.85,0.74792
4117,6,0.086,1.0,1.0,0.38832,0.607,1.0,0.934,0.83524
4118,,0.036,0.96768,0.975,0.356,0.557,0.93232,0.859,0.76756
4119,,-0.014,0.93536,0.95,0.32368,0.507,0.86464,0.784,0.69988
4120,1,1.0,1.0,1.0,0.43736,0.607,0.94796,0.859,0.7782
4121,,0.95,0.96768,0.975,0.40504,0.557,0.88028,0.784,0.71052
4122,,0.9,0.93536,0.95,0.37272,0.507,0.8126,0.709,0.64284
4123,,0.85,0.90304,0.925,0.3404,0.457,0.74492,0.634,0.57516
4124,,0.8,0.87072,0.9,0.30808,0.407,0.67724,0.559,0.50748
4125,,0.75,0.8384,0.875,0.27576,0.357,0.60956,0.484,0.4398
4126,,0.7,0.80608,0.85,0.24344,0.307,0.54188,0.409,0.37212
4127,,0.65,0.77376,0.825,0.21112,0.257,0.4742,0.334,0.30444
4128,,0.6,0.74144,0.8,0.1788,0.207,0.40652,0.259,0.23676
4129,,0.55,0.70912,0.775,0.14648,0.157,0.33884,0.184,0.16908
4130,,0.5,0.6768,0.75,0.11416,0.107,0.27116,0.109,0.1014
4131,,0.45,0.64448,0.725,0.08184,0.057,0.20348,0.034,0.03372
4132,,0.4,0.61216,0.7,0.04952,0.007,0.1358,-0.041,-0.03396
4133,7,0.5,0.72884,0.825,0.1712,0.114,0.22712,1.0,0.05236
4134,,0.45,0.69652,0.8,0.13888,0.064,0.15944,0.925,-0.01532
4135,8,0.546,0.8092,0.921,0.25656,0.168,0.24676,1.0,1.0
4136,,0.496,0.77688,0.896,0.22424,0.118,0.17908,0.925,0.93232
4137,,0.446,0.74456,0.871,0.19192,0.068,0.1114,0.85,0.86464
4138,,0.396,0.71224,0.846,0.1596,0.018,0.04372,0.775,0.79696
4139,,0.346,0.67992,0.821,0.12728,-0.032,-0.02396,0.7,0.72928
4140,5,0.446,0.7966,0.946,0.24896,1.0,-0.29164,0.782,0.8156
4141,6,0.547,0.91428,1.0,0.37164,0.75,1.0,0.866,0.90292
4142,,0.497,0.88196,0.975,0.33932,0.7,0.93232,0.791,0.83524
4143,,0.447,0.84964,0.95,0.307,0.65,0.86464,0.716,0.76756
4144,,0.397,0.81732,0.925,0.27468,0.6,0.79696,0.641,0.69988
4145,,0.347,0.785,0.9,0.24236,0.55,0.72928,0.566,0.6322
4146,,0.297,0.75268,0.875,0.21004,0.5,0.6616,0.491,0.56452
4147,,0.247,0.72036,0.85,0.17772,0.45,0.59392,0.416,0.49684
4148,,0.197,0.68804,0.825,0.1454,0.4,0.52624,0.341,0.42916
4149,,0.147,0.65572,0.8,0.11308,0.35,0.45856,0.266,0.36148
4150,,0.097,0.6234,0.775,0.08076,0.3,0.39088,0.191,0.2938
4151,,0.047,0.59108,0.75,0.04844,0.25,0.3232,0.116,0.22612
4152,,-0.003,0.55876,0.725,0.01612,0.2,0.25552,0.041,0.15844
4153,1,1.0,0.66744,0.843,0.1298,0.3,0.33884,0.116,0.23676
4154,,0.95,0.63512,0.818,0.09748,0.25,0.27116,0.041,0.16908
4155,,0.9,0.6028,0.793,0.06516,0.2,0.20348,-0.034,0.1014
4156,7,1.0,0.71948,0.918,0.18684,0.307,0.2948,1.0,0.18772
4157,,0.95,0.68716,0.893,0.15452,0.257,0.22712,0.925,0.12004
4158,,0.9,0.65484,0.868,0.1222,0.207,0.15944,0.85,0.05236
4159,,0.85,0.62252,0.843,0.08988,0.157,0.09176,0.775,-0.01532
4160,8,0.946,0.7352,0.964,0.20756,0.261,0.17908,0.854,1.0
4161,,0.896,0.70288,0.939,0.17524,0.211,0.1114,0.779,0.93232
4162,,0.846,0.67056,0.914,0.14292,0.161,0.04372,0.704,0.86464
4163,,0.796,0.63824,0.889,0.1106,0.111,-0.02396,0.629,0.79696
4164,6,0.897,0.75592,1.0,0.23328,-0.139,1.0,0.713,0.88428
4165,5,0.997,0.8726,1.0,0.35496,1.0,0.73232,0.795,0.9706
4166,,0.947,0.84028,0.975,0.32264,0.95,0.66464,0.72,0.90292
4167,,0.897,0.80796,0.95,0.29032,0.9,0.59696,0.645,0.83524
4168,,0.847,0.77564,0.925,0.258,0.85,0.52928,0.57,0.76756
4169,,0.797,0.74332,0.9,0.22568,0.8,0.4616,0.495,0.69988
4170,,0.747,0.711,0.875,0.19336,0.75,0.39392,0.42,0.6322
4171,,0.697,0.67868,0.85,0.16104,0.7,0.32624,0.345,0.56452
4172,,0.647,0.64636,0.825,0.12872,0.65,0.25856,0.27,0.49684
4173,,0.597,0.61404,0.8,0.0964,0.6,0.19088,0.195,0.42916
4174,,0.547,0.58172,0.775,0.06408,0.55,0.1232,0.12,0.36148
4175,,0.497,0.5494,0.75,0.03176,0.5,0.05552,0.045,0.2938
4176,,0.447,0.51708,0.725,-0.00056,0.45,-0.01216,-0.03,0.22612
4177,7,0.547,0.63376,0.85,0.12112,0.557,0.07916,1.0,0.31244
4178,,0.497,0.60144,0.825,0.0888,0.507,0.01148,0.925,0.24476
4179,,0.447,0.56912,0.8,0.05648,0.457,-0.0562,0.85,0.17708
4180,6,0.548,0.6868,0.926,0.17916,0.207,1.0,0.934,0.2644
4181,,0.498,0.65448,0.901,0.14684,0.157,0.93232,0.859,0.19672
4182,,0.448,0.62216,0.876,0.11452,0.107,0.86464,0.784,0.12904
4183,,0.398,0.58984,0.851,0.0822,0.057,0.79696,0.709,0.06136
4184,,0.348,0.55752,0.826,0.04988,0.007,0.72928,0.634,-0.00632
4185,8,0.444,0.6702,0.947,0.16756,0.111,0.8166,0.713,1.0
4186,,0.394,0.63788,0.922,0.13524,0.061,0.74892,0.638,0.93232
4187,,0.344,0.60556,0.897,0.10292,0.011,0.68124,0.563,0.86464
4188,,0.294,0.57324,0.872,0.0706,-0.039,0.61356,0.488,0.79696
4189,5,0.394,0.68992,0.997,0.19228,1.0,0.34588,0.57,0.88328
4190,,0.344,0.6576,0.972,0.15996,0.95,0.2782,0.495,0.8156
4191,,0.294,0.62528,0.947,0.12764,0.9,0.21052,0.42,0.74792
4192,,0.244,0.59296,0.922,0.09532,0.85,0.14284,0.345,0.68024
4193,,0.194,0.56064,0.897,0.063,0.8,0.07516,0.27,0.61256
4194,,0.144,0.52832,0.872,0.03068,0.75,0.00748,0.195,0.54488
4195,,0.094,0.496,0.847,-0.00164,0.7,-0.0602,0.12,0.4772
4196,6,0.195,0.61368,0.973,0.12104,0.45,1.0,0.204,0.56452
4197,,0.145,0.58136,0.948,0.08872,0.4,0.93232,0.129,0.49684
4198,,0.095,0.54904,0.923,0.0564,0.35,0.86464,0.054,0.42916
4199,,0.045,0.51672,0.898,0.02408,0.3,0.79696,-0.021,0.36148
4200,7,0.145,0.6334,1.0,0.14576,0.407,0.88828,1.0,0.4478
4201,,0.095,0.60108,0.975,0.11344,0.357,0.8206,0.925,0.38012
4202,,0.045,0.56876,0.95,0.08112,0.307,0.75292,0.85,0.31244
4203,,-0.005,0.53644,0.925,0.0488,0.257,0.68524,0.775,0.24476
4204,1,1.0,0.64512,1.0,0.16248,0.357,0.76856,0.85,0.32308
4205,,0.95,0.6128,0.975,0.13016,0.307,0.70088,0.775,0.2554
4206,,0.9,0.58048,0.95,0.09784,0.257,0.6332,0.7,0.18772
4207,,0.85,0.54816,0.925,0.06552,0.207,0.56552,0.625,0.12004
4208,,0.8,0.51584,0.9,0.0332,0.157,0.49784,0.55,0.05236
4209,,0.75,0.48352,0.875,0.00088,0.107,0.43016,0.475,-0.01532
4210,8,0.846,0.5962,0.996,0.11856,0.211,0.51748,0.554,1.0
4211,,0.796,0.56388,0.971,0.08624,0.161,0.4498,0.479,0.93232
4212,,0.746,0.53156,0.946,0.05392,0.111,0.38212,0.404,0.86464
4213,,0.696,0.49924,0.921,0.0216,0.061,0.31444,0.329,0.79696
4214,,0.646,0.46692,0.896,-0.01072,0.011,0.24676,0.254,0.72928
4215,4,0.742,0.5796,1.0,1.0,0.115,0.33408,0.333,0.8116
4216,,0.692,0.54728,0.975,0.96768,0.065,0.2664,0.258,0.74392
4217,,0.642,0.51496,0.95,0.93536,0.015,0.19872,0.183,0.67624
4218,,0.592,0.48264,0.925,0.90304,-0.035,0.13104,0.108,0.60856
4219,5,0.692,0.59932,1.0,1.0,1.0,-0.13664,0.19,0.69488
4220,6,0.793,0.717,1.0,1.0,0.75,1.0,0.274,0.7822
4221,,0.743,0.68468,0.975,0.96768,0.7,0.93232,0.199,0.71452
4222,,0.693,0.65236,0.95,0.93536,0.65,0.86464,0.124,0.64684
4223,,0.643,0.62004,0.925,0.90304,0.6,0.79696,0.049,0.57916
4224,,0.593,0.58772,0.9,0.87072,0.55,0.72928,-0.026,0.51148
4225,7,0.693,0.7044,1.0,0.9924,0.657,0.8206,1.0,0.5978
4226,,0.643,0.67208,0.975,0.96008,0.607,0.75292,0.925,0.53012
4227,,0.593,0.63976,0.95,0.92776,0.557,0.68524,0.85,0.46244
4228,,0.543,0.60744,0.925,0.89544,0.507,0.61756,0.775,0.39476
4229,,0.493,0.57512,0.9,0.86312,0.457,0.54988,0.7,0.32708
4230,,0.443,0.5428,0.875,0.8308,0.407,0.4822,0.625,0.2594
4231,,0.393,0.51048,0.85,0.79848,0.357,0.41452,0.55,0.19172
4232,,0.343,0.47816,0.825,0.76616,0.307,0.34684,0.475,0.12404
4233,,0.293,0.44584,0.8,0.73384,0.257,0.27916,0.4,0.05636
4234,,0.243,0.41352,0.775,0.70152,0.207,0.21148,0.325,-0.01132
4235,8,0.339,0.5262,0.896,0.8192,0.311,0.2988,0.404,1.0
4236,,0.289,0.49388,0.871,0.78688,0.261,0.23112,0.329,0.93232
4237,,0.239,0.46156,0.846,0.75456,0.211,0.16344,0.254,0.86464
4238,,0.189,0.42924,0.821,0.72224,0.161,0.09576,0.179,0.79696
4239,,0.139,0.39692,0.796,0.68992,0.111,0.02808,0.104,0.72928
4240,,0.089,0.3646,0.771,0.6576,0.061,-0.0396,0.029,0.6616
4241,6,0.19,0.48228,0.897,0.78028,-0.189,1.0,0.113,0.74892
4242,5,0.29,0.59896,1.0,0.90196,1.0,0.73232,0.195,0.83524
4243,,0.24,0.56664,0.975,0.86964,0.95,0.66464,0.12,0.76756
4244,,0.19,0.53432,0.95,0.83732,0.9,0.59696,0.045,0.69988
4245,,0.14,0.502,0.925,0.805,0.85,0.52928,-0.03,0.6322
4246,7,0.24,0.61868,1.0,0.92668,0.957,0.6206,1.0,0.71852
4247,,0.19,0.58636,0.975,0.89436,0.907,0.55292,0.925,0.65084
4248,,0.14,0.55404,0.95,0.86204,0.857,0.48524,0.85,0.58316
4249,,0.09,0.52172,0.925,0.82972,0.807,0.41756,0.775,0.51548
4250,,0.04,0.4894,0.9,0.7974,0.757,0.34988,0.7,0.4478
4251,,-0.01,0.45708,0.875,0.76508,0.707,0.2822,0.625,0.38012
4252,1,1.0,0.56576,0.993,0.87876,0.807,0.36552,0.7,0.45844
4253,,0.95,0.53344,0.968,0.84644,0.757,0.29784,0.625,0.39076
4254,,0.9,0.50112,0.943,0.81412,0.707,0.23016,0.55,0.32308
4255,,0.85,0.4688,0.918,0.7818,0.657,0.16248,0.475,0.2554
4256,,0.8,0.43648,0.893,0.74948,0.607,0.0948,0.4,0.18772
4257,,0.75,0.40416,0.868,0.71716,0.557,0.02712,0.325,0.12004
4258,,0.7,0.37184,0.843,0.68484,0.507,-0.04056,0.25,0.05236
4259,6,0.801,0.48952,0.969,0.80752,0.257,1.0,0.334,0.13968
4260,,0.751,0.4572,0.944,0.7752,0.207,0.93232,0.259,0.072
4261,,0.701,0.42488,0.919,0.74288,0.157,0.86464,0.184,0.00432
4262,,0.651,0.39256,0.894,0.71056,0.107,0.79696,0.109,-0.06336
4263,8,0.747,0.50524,1.0,0.82824,0.211,0.88428,0.188,1.0
4264,,0.697,0.47292,0.975,0.79592,0.161,0.8166,0.113,0.93232
4265,,0.647,0.4406,0.95,0.7636,0.111,0.74892,0.038,0.86464
4266,,0.597,0.40828,0.925,0.73128,0.061,0.68124,-0.037,0.79696
4267,7,0.697,0.52496,1.0,0.85296,0.168,0.77256,1.0,0.88328
4268,,0.647,0.49264,0.975,0.82064,0.118,0.70488,0.925,0.8156
4269,,0.597,0.46032,0.95,0.78832,0.068,0.6372,0.85,0.74792
4270,,0.547,0.428,0.925,0.756,0.018,0.56952,0.775,0.68024
4271,,0.497,0.39568,0.9,0.72368,-0.032,0.50184,0.7,0.61256
4272,5,0.597,0.51236,1.0,0.84536,1.0,0.23416,0.782,0.69888
4273,,0.547,0.48004,0.975,0.81304,0.95,0.16648,0.707,0.6312
4274,,0.497,0.44772,0.95,0.78072,0.9,0.0988,0.632,0.56352
4275,,0.447,0.4154,0.925,0.7484,0.85,0.03112,0.557,0.49584
4276,,0.397,0.38308,0.9,0.71608,0.8,-0.03656,0.482,0.42816
4277,6,0.498,0.50076,1.0,0.83876,0.55,1.0,0.566,0.51548
4278,,0.448,0.46844,0.975,0.80644,0.5,0.93232,0.491,0.4478
4279,,0.398,0.43612,0.95,0.77412,0.45,0.86464,0.416,0.38012
4280,,0.348,0.4038,0.925,0.7418,0.4,0.79696,0.341,0.31244
4281,,0.298,0.37148,0.9,0.70948,0.35,0.72928,0.266,0.24476
4282,,0.248,0.33916,0.875,0.67716,0.3,0.6616,0.191,0.17708
4283,,0.198,0.30684,0.85,0.64484,0.25,0.59392,0.116,0.1094
4284,,0.148,0.27452,0.825,0.61252,0.2,0.52624,0.041,0.04172
4285,,0.098,0.2422,0.8,0.5802,0.15,0.45856,-0.034,-0.02596
4286,7,0.198,0.35888,0.925,0.70188,0.257,0.54988,1.0,0.06036
4287,,0.148,0.32656,0.9,0.66956,0.207,0.4822,0.925,-0.00732
4288,8,0.244,0.43924,1.0,0.78724,0.311,0.56952,1.0,1.0
4289,,0.194,0.40692,0.975,0.75492,0.261,0.50184,0.925,0.93232
4290,,0.144,0.3746,0.95,0.7226,0.211,0.43416,0.85,0.86464
4291,,0.094,0.34228,0.925,0.69028,0.161,0.36648,0.775,0.79696
4292,,0.044,0.30996,0.9,0.65796,0.111,0.2988,0.7,0.72928
4293,,-0.006,0.27764,0.875,0.62564,0.061,0.23112,0.625,0.6616
4294,1,1.0,0.38632,0.993,0.73932,0.161,0.31444,0.7,0.73992
4295,,0.95,0.354,0.968,0.707,0.111,0.24676,0.625,0.67224
4296,,0.9,0.32168,0.943,0.67468,0.061,0.17908,0.55,0.60456
4297,,0.85,0.28936,0.918,0.64236,0.011,0.1114,0.475,0.53688
4298,,0.8,0.25704,0.893,0.61004,-0.039,0.04372,0.4,0.4692
4299,5,0.9,0.37372,1.0,0.73172,1.0,-0.22396,0.482,0.55552
4300,6,1.0,0.4914,1.0,0.8544,0.75,1.0,0.566,0.64284
4301,,0.95,0.45908,0.975,0.82208,0.7,0.93232,0.491,0.57516
4302,,0.9,0.42676,0.95,0.78976,0.65,0.86464,0.416,0.50748
4303,,0.85,0.39444,0.925,0.75744,0.6,0.79696,0.341,0.4398
4304,,0.8,0.36212,0.9,0.72512,0.55,0.72928,0.266,0.37212
4305,,0.75,0.3298,0.875,0.6928,0.5,0.6616,0.191,0.30444
4306,,0.7,0.29748,0.85,0.66048,0.45,0.59392,0.116,0.23676
4307,,0.65,0.26516,0.825,0.62816,0.4,0.52624,0.041,0.16908
4308,,0.6,0.23284,0.8,0.59584,0.35,0.45856,-0.034,0.1014
4309,7,0.7,0.34952,0.925,0.71752,0.457,0.54988,1.0,0.18772
4310,,0.65,0.3172,0.9,0.6852,0.407,0.4822,0.925,0.12004
4311,,0.6,0.28488,0.875,0.65288,0.357,0.41452,0.85,0.05236
4312,,0.55,0.25256,0.85,0.62056,0.307,0.34684,0.775,-0.01532
4313,8,0.646,0.36524,0.971,0.73824,0.411,0.43416,0.854,1.0
4314,,0.596,0.33292,0.946,0.70592,0.361,0.36648,0.779,0.93232
4315,,0.546,0.3006,0.921,0.6736,0.311,0.2988,0.704,0.86464
4316,,0.496,0.26828,0.896,0.64128,0.261,0.23112,0.629,0.79696
4317,,0.446,0.23596,0.871,0.60896,0.211,0.16344,0.554,0.72928
4318,,0.396,0.20364,0.846,0.57664,0.161,0.09576,0.479,0.6616
4319,,0.346,0.17132,0.821,0.54432,0.111,0.02808,0.404,0.59392
4320,,0.296,0.139,0.796,0.512,0.061,-0.0396,0.329,0.52624
4321,6,0.397,0.25668,0.922,0.63468,-0.189,1.0,0.413,0.61356
4322,5,0.497,0.37336,1.0,0.75636,1.0,0.73232,0.495,0.69988
4323,,0.447,0.34104,0.975,0.72404,0.95,0.66464,0.42,0.6322
4324,,0.397,0.30872,0.95,0.69172,0.9,0.59696,0.345,0.56452
4325,,0.347,0.2764,0.925,0.6594,0.85,0.52928,0.27,0.49684
4326,,0.297,0.24408,0.9,0.62708,0.8,0.4616,0.195,0.42916
4327,,0.247,0.21176,0.875,0.59476,0.75,0.39392,0.12,0.36148
4328,,0.197,0.17944,0.85,0.56244,0.7,0.32624,0.045,0.2938
4329,,0.147,0.14712,0.825,0.53012,0.65,0.25856,-0.03,0.22612
4330,7,0.247,0.2638,0.95,0.6518,0.757,0.34988,1.0,0.31244
4331,,0.197,0.23148,0.925,0.61948,0.707,0.2822,0.925,0.24476
4332,,0.147,0.19916,0.9,0.58716,0.657,0.21452,0.85,0.17708
4333,,0.097,0.16684,0.875,0.55484,0.607,0.14684,0.775,0.1094
4334,,0.047,0.13452,0.85,0.52252,0.557,0.07916,0.7,0.04172
4335,,-0.003,0.1022,0.825,0.4902,0.507,0.01148,0.625,-0.02596
4336,8,0.093,0.21488,0.946,0.60788,0.611,0.0988,0.704,1.0
4337,,0.043,0.18256,0.921,0.57556,0.561,0.03112,0.629,0.93232
4338,,-0.007,0.15024,0.896,0.54324,0.511,-0.03656,0.554,0.86464
4339,6,0.094,0.26792,1.0,0.66592,0.261,1.0,0.638,0.95196
4340,,0.044,0.2356,0.975,0.6336,0.211,0.93232,0.563,0.88428
4341,,-0.006,0.20328,0.95,0.60128,0.161,0.86464,0.488,0.8166
4342,1,1.0,0.31196,1.0,0.71496,0.261,0.94796,0.563,0.89492
4343,,0.95,0.27964,0.975,0.68264,0.211,0.88028,0.488,0.82724
4344,,0.9,0.24732,0.95,0.65032,0.161,0.8126,0.413,0.75956
4345,,0.85,0.215,0.925,0.618,0.111,0.74492,0.338,0.69188
4346,,0.8,0.18268,0.9,0.58568,0.061,0.67724,0.263,0.6242
4347,,0.75,0.15036,0.875,0.55336,0.011,0.60956,0.188,0.55652
4348,,0.7,0.11804,0.85,0.52104,-0.039,0.54188,0.113,0.48884
4349,5,0.8,0.23472,0.975,0.64272,1.0,0.2742,0.195,0.57516
4350,,0.75,0.2024,0.95,0.6104,0.95,0.20652,0.12,0.50748
4351,,0.7,0.17008,0.925,0.57808,0.9,0.13884,0.045,0.4398
4352,,0.65,0.13776,0.9,0.54576,0.85,0.07116,-0.03,0.37212
4353,7,0.75,0.25444,1.0,0.66744,0.957,0.16248,1.0,0.45844
4354,,0.7,0.22212,0.975,0.63512,0.907,0.0948,0.925,0.39076
4355,,0.65,0.1898,0.95,0.6028,0.857,0.02712,0.85,0.32308
4356,,0.6,0.15748,0.925,0.57048,0.807,-0.04056,0.775,0.2554
4357,6,0.701,0.27516,1.0,0.69316,0.557,1.0,0.859,0.34272
4358,,0.651,0.24284,0.975,0.66084,0.507,0.93232,0.784,0.27504
4359,,0.601,0.21052,0.95,0.62852,0.457,0.86464,0.709,0.20736
4360,,0.551,0.1782,0.925,0.5962,0.407,0.79696,0.634,0.13968
4361,,0.501,0.14588,0.9,0.56388,0.357,0.72928,0.559,0.072
4362,,0.451,0.11356,0.875,0.53156,0.307,0.6616,0.484,0.00432
4363,,0.401,0.08124,0.85,0.49924,0.257,0.59392,0.409,-0.06336
4364,8,0.497,0.19392,0.971,0.61692,0.361,0.68124,0.488,1.0
4365,,0.447,0.1616,0.946,0.5846,0.311,0.61356,0.413,0.93232
4366,,0.397,0.12928,0.921,0.55228,0.261,0.54588,0.338,0.86464
4367,,0.347,0.09696,0.896,0.51996,0.211,0.4782,0.263,0.79696
4368,,0.297,0.06464,0.871,0.48764,0.161,0.41052,0.188,0.72928
4369,,0.247,0.03232,0.846,0.45532,0.111,0.34284,0.113,0.6616
4370,,0.197,-0.0,0.821,0.423,0.061,0.27516,0.038,0.59392
4371,,0.147,-0.03232,0.796,0.39068,0.011,0.20748,-0.037,0.52624
4372,7,0.247,0.08436,0.921,0.51236,0.118,0.2988,1.0,0.61256
4373,,0.197,0.05204,0.896,0.48004,0.068,0.23112,0.925,0.54488
4374,,0.147,0.01972,0.871,0.44772,0.018,0.16344,0.85,0.4772
4375,,0.097,-0.0126,0.846,0.4154,-0.032,0.09576,0.775,0.40952
4376,5,0.197,0.10408,0.971,0.53708,1.0,-0.17192,0.857,0.49584
4377,6,0.298,0.22176,1.0,0.65976,0.75,1.0,0.941,0.58316
4378,,0.248,0.18944,0.975,0.62744,0.7,0.93232,0.866,0.51548
4379,,0.198,0.15712,0.95,0.59512,0.65,0.86464,0.791,0.4478
4380,,0.148,0.1248,0.925,0.5628,0.6,0.79696,0.716,0.38012
4381,,0.098,0.09248,0.9,0.53048,0.55,0.72928,0.641,0.31244
4382,,0.048,0.06016,0.875,0.49816,0.5,0.6616,0.566,0.24476
4383,,-0.002,0.02784,0.85,0.46584,0.45,0.59392,0.491,0.17708
4384,1,1.0,0.13652,0.968,0.57952,0.55,0.67724,0.566,0.2554
4385,,0.95,0.1042,0.943,0.5472,0.5,0.60956,0.491,0.18772
4386,,0.9,0.07188,0.918,0.51488,0.45,0.54188,0.416,0.12004
4387,,0.85,0.03956,0.893,0.48256,0.4,0.4742,0.341,0.05236
4388,,0.8,0.00724,0.868,0.45024,0.35,0.40652,0.266,-0.01532
4389,8,0.896,0.11992,0.989,0.56792,0.454,0.49384,0.345,1.0
4390,,0.846,0.0876,0.964,0.5356,0.404,0.42616,0.27,0.93232
4391,,0.796,0.05528,0.939,0.50328,0.354,0.35848,0.195,0.86464
4392,,0.746,0.02296,0.914,0.47096,0.304,0.2908,0.12,0.79696
4393,,0.696,-0.00936,0.889,0.43864,0.254,0.22312,0.045,0.72928
4394,2,0.787,1.0,1.0,0.55132,0.353,0.30544,0.119,0.8066
4395,,0.737,0.96768,0.975,0.519,0.303,0.23776,0.044,0.73892
4396,,0.687,0.93536,0.95,0.48668,0.253,0.17008,-0.031,0.67124
4397,7,0.787,1.0,1.0,0.60836,0.36,0.2614,1.0,0.75756
4398,,0.737,0.96768,0.975,0.57604,0.31,0.19372,0.925,0.68988
4399,,0.687,0.93536,0.95,0.54372,0.26,0.12604,0.85,0.6222
4400,,0.637,0.90304,0.925,0.5114,0.21,0.05836,0.775,0.55452
4401,,0.587,0.87072,0.9,0.47908,0.16,-0.00932,0.7,0.48684
4402,6,0.688,0.9884,1.0,0.60176,-0.09,1.0,0.784,0.57416
4403,5,0.788,1.0,1.0,0.72344,1.0,0.73232,0.866,0.66048
4404,,0.738,0.96768,0.975,0.69112,0.95,0.66464,0.791,0.5928
4405,,0.688,0.93536,0.95,0.6588,0.9,0.59696,0.716,0.52512
4406,,0.638,0.90304,0.925,0.62648,0.85,0.52928,0.641,0.45744
4407,,0.588,0.87072,0.9,0.59416,0.8,0.4616,0.566,0.38976
4408,,0.538,0.8384,0.875,0.56184,0.75,0.39392,0.491,0.32208
4409,,0.488,0.80608,0.85,0.52952,0.7,0.32624,0.416,0.2544
4410,,0.438,0.77376,0.825,0.4972,0.65,0.25856,0.341,0.18672
4411,,0.388,0.74144,0.8,0.46488,0.6,0.19088,0.266,0.11904
4412,,0.338,0.70912,0.775,0.43256,0.55,0.1232,0.191,0.05136
4413,,0.288,0.6768,0.75,0.40024,0.5,0.05552,0.116,-0.01632
4414,8,0.384,0.78948,0.871,0.51792,0.604,0.14284,0.195,1.0
4415,,0.334,0.75716,0.846,0.4856,0.554,0.07516,0.12,0.93232
4416,,0.284,0.72484,0.821,0.45328,0.504,0.00748,0.045,0.86464
4417,,0.234,0.69252,0.796,0.42096,0.454,-0.0602,-0.03,0.79696
4418,6,0.335,0.8102,0.922,0.54364,0.204,1.0,0.054,0.88428
4419,,0.285,0.77788,0.897,0.51132,0.154,0.93232,-0.021,0.8166
4420,7,0.385,0.89456,1.0,0.633,0.261,1.0,1.0,0.90292
4421,,0.335,0.86224,0.975,0.60068,0.211,0.93232,0.925,0.83524
4422,,0.285,0.82992,0.95,0.56836,0.161,0.86464,0.85,0.76756
4423,,0.235,0.7976,0.925,0.53604,0.111,0.79696,0.775,0.69988
4424,,0.185,0.76528,0.9,0.50372,0.061,0.72928,0.7,0.6322
4425,,0.135,0.73296,0.875,0.4714,0.011,0.6616,0.625,0.56452
4426,,0.085,0.70064,0.85,0.43908,-0.039,0.59392,0.55,0.49684
4427,5,0.185,0.81732,0.975,0.56076,1.0,0.32624,0.632,0.58316
4428,,0.135,0.785,0.95,0.52844,0.95,0.25856,0.557,0.51548
4429,,0.085,0.75268,0.925,0.49612,0.9,0.19088,0.482,0.4478
4430,,0.035,0.72036,0.9,0.4638,0.85,0.1232,0.407,0.38012
4431,,-0.015,0.68804,0.875,0.43148,0.8,0.05552,0.332,0.31244
4432,1,1.0,0.79672,0.993,0.54516,0.9,0.13884,0.407,0.39076
4433,,0.95,0.7644,0.968,0.51284,0.85,0.07116,0.332,0.32308
4434,,0.9,0.73208,0.943,0.48052,0.8,0.00348,0.257,0.2554
4435,,0.85,0.69976,0.918,0.4482,0.75,-0.0642,0.182,0.18772
4436,6,0.951,0.81744,1.0,0.57088,0.5,1.0,0.266,0.27504
4437,,0.901,0.78512,0.975,0.53856,0.45,0.93232,0.191,0.20736
4438,,0.851,0.7528,0.95,0.50624,0.4,0.86464,0.116,0.13968
4439,,0.801,0.72048,0.925,0.47392,0.35,0.79696,0.041,0.072
4440,,0.751,0.68816,0.9,0.4416,0.3,0.72928,-0.034,0.00432
4441,7,0.851,0.80484,1.0,0.56328,0.407,0.8206,1.0,0.09064
4442,,0.801,0.77252,0.975,0.53096,0.357,0.75292,0.925,0.02296
4443,,0.751,0.7402,0.95,0.49864,0.307,0.68524,0.85,-0.04472
4444,8,0.847,0.85288,1.0,0.61632,0.411,0.77256,0.929,1.0
4445,,0.797,0.82056,0.975,0.584,0.361,0.70488,0.854,0.93232
4446,,0.747,0.78824,0.95,0.55168,0.311,0.6372,0.779,0.86464
4447,,0.697,0.75592,0.925,0.51936,0.261,0.56952,0.704,0.79696
4448,,0.647,0.7236,0.9,0.48704,0.211,0.50184,0.629,0.72928
4449,,0.597,0.69128,0.875,0.45472,0.161,0.43416,0.554,0.6616
4450,,0.547,0.65896,0.85,0.4224,0.111,0.36648,0.479,0.59392
4451,,0.497,0.62664,0.825,0.39008,0.061,0.2988,0.404,0.52624
4452,,0.447,0.59432,0.8,0.35776,0.011,0.23112,0.329,0.45856
4453,,0.397,0.562,0.775,0.32544,-0.039,0.16344,0.254,0.39088
4454,5,0.497,0.67868,0.9,0.44712,1.0,-0.10424,0.336,0.4772
4455,6,0.598,0.79636,1.0,0.5698,0.75,1.0,0.42,0.56452
4456,,0.548,0.76404,0.975,0.53748,0.7,0.93232,0.345,0.49684
4457,,0.498,0.73172,0.95,0.50516,0.65,0.86464,0.27,0.42916
4458,,0.448,0.6994,0.925,0.47284,0.6,0.79696,0.195,0.36148
4459,,0.398,0.66708,0.9,0.44052,0.55,0.72928,0.12,0.2938
4460,,0.348,0.63476,0.875,0.4082,0.5,0.6616,0.045,0.22612
4461,,0.298,0.60244,0.85,0.37588,0.45,0.59392,-0.03,0.15844
4462,7,0.398,0.71912,0.975,0.49756,0.557,0.68524,1.0,0.24476
4463,,0.348,0.6868,0.95,0.46524,0.507,0.61756,0.925,0.17708
4464,,0.298,0.65448,0.925,0.43292,0.457,0.54988,0.85,0.1094
4465,,0.248,0.62216,0.9,0.4006,0.407,0.4822,0.775,0.04172
4466,,0.198,0.58984,0.875,0.36828,0.357,0.41452,0.7,-0.02596
4467,8,0.294,0.70252,0.996,0.48596,0.461,0.50184,0.779,1.0
4468,,0.244,0.6702,0.971,0.45364,0.411,0.43416,0.704,0.93232
4469,,0.194,0.63788,0.946,0.42132,0.361,0.36648,0.629,0.86464
4470,,0.144,0.60556,0.921,0.389,0.311,0.2988,0.554,0.79696
4471,,0.094,0.57324,0.896,0.35668,0.261,0.23112,0.479,0.72928
4472,,0.044,0.54092,0.871,0.32436,0.211,0.16344,0.404,0.6616
4473,,-0.006,0.5086,0.846,0.29204,0.161,0.09576,0.329,0.59392
4474,1,1.0,0.61728,0.964,0.40572,0.261,0.17908,0.404,0.67224
4475,,0.95,0.58496,0.939,0.3734,0.211,0.1114,0.329,0.60456
4476,,0.9,0.55264,0.914,0.34108,0.161,0.04372,0.254,0.53688
4477,,0.85,0.52032,0.889,0.30876,0.111,-0.02396,0.179,0.4692
4478,6,0.951,0.638,1.0,0.43144,-0.139,1.0,0.263,0.55652
4479,5,1.0,0.75468,1.0,0.55312,1.0,0.73232,0.345,0.64284
4480,,0.95,0.72236,0.975,0.5208,0.95,0.66464,0.27,0.57516
4481,,0.9,0.69004,0.95,0.48848,0.9,0.59696,0.195,0.50748
4482,,0.85,0.65772,0.925,0.45616,0.85,0.52928,0.12,0.4398
4483,,0.8,0.6254,0.9,0.42384,0.8,0.4616,0.045,0.37212
4484,,0.75,0.59308,0.875,0.39152,0.75,0.39392,-0.03,0.30444
4485,7,0.85,0.70976,1.0,0.5132,0.857,0.48524,1.0,0.39076
4486,,0.8,0.67744,0.975,0.48088,0.807,0.41756,0.925,0.32308
4487,,0.75,0.64512,0.95,0.44856,0.757,0.34988,0.85,0.2554
4488,,0.7,0.6128,0.925,0.41624,0.707,0.2822,0.775,0.18772
4489,,0.65,0.58048,0.9,0.38392,0.657,0.21452,0.7,0.12004
4490,,0.6,0.54816,0.875,0.3516,0.607,0.14684,0.625,0.05236
4491,,0.55,0.51584,0.85,0.31928,0.557,0.07916,0.55,-0.01532
4492,8,0.646,0.62852,0.971,0.43696,0.661,0.16648,0.629,1.0
4493,,0.596,0.5962,0.946,0.40464,0.611,0.0988,0.554,0.93232
4494,,0.546,0.56388,0.921,0.37232,0.561,0.03112,0.479,0.86464
4495,,0.496,0.53156,0.896,0.34,0.511,-0.03656,0.404,0.79696
4496,6,0.597,0.64924,1.0,0.46268,0.261,1.0,0.488,0.88428
4497,,0.547,0.61692,0.975,0.43036,0.211,0.93232,0.413,0.8166
4498,,0.497,0.5846,0.95,0.39804,0.161,0.86464,0.338,0.74892
4499,,0.447,0.55228,0.925,0.36572,0.111,0.79696,0.263,0.68124
4500,,0.397,0.51996,0.9,0.3334,0.061,0.72928,0.188,0.61356
4501,,0.347,0.48764,0.875,0.30108,0.011,0.6616,0.113,0.54588
4502,,0.297,0.45532,0.85,0.26876,-0.039,0.59392,0.038,0.4782
4503,5,0.397,0.572,0.975,0.39044,1.0,0.32624,0.12,0.56452
4504,,0.347,0.53968,0.95,0.35812,0.95,0.25856,0.045,0.49684
4505,,0.297,0.50736,0.925,0.3258,0.9,0.19088,-0.03,0.42916
4506,7,0.397,0.62404,1.0,0.44748,1.0,0.2822,1.0,0.51548
4507,,0.347,0.59172,0.975,0.41516,0.95,0.21452,0.925,0.4478
4508,,0.297,0.5594,0.95,0.38284,0.9,0.14684,0.85,0.38012
4509,,0.247,0.52708,0.925,0.35052,0.85,0.07916,0.775,0.31244
4510,,0.197,0.49476,0.9,0.3182,0.8,0.01148,0.7,0.24476
4511,,0.147,0.46244,0.875,0.28588,0.75,-0.0562,0.625,0.17708
4512,6,0.248,0.58012,1.0,0.40856,0.5,1.0,0.709,0.2644
4513,,0.198,0.5478,0.975,0.37624,0.45,0.93232,0.634,0.19672
4514,,0.148,0.51548,0.95,0.34392,0.4,0.86464,0.559,0.12904
4515,,0.098,0.48316,0.925,0.3116,0.35,0.79696,0.484,0.06136
4516,,0.048,0.45084,0.9,0.27928,0.3,0.72928,0.409,-0.00632
4517,8,0.144,0.56352,1.0,0.39696,0.404,0.8166,0.488,1.0
4518,,0.094,0.5312,0.975,0.36464,0.354,0.74892,0.413,0.93232
4519,,0.044,0.49888,0.95,0.33232,0.304,0.68124,0.338,0.86464
4520,,-0.006,0.46656,0.925,0.3,0.254,0.61356,0.263,0.79696
4521,1,1.0,0.57524,1.0,0.41368,0.354,0.69688,0.338,0.87528
4522,,0.95,0.54292,0.975,0.38136,0.304,0.6292,0.263,0.8076
4523,,0.9,0.5106,0.95,0.34904,0.254,0.56152,0.188,0.73992
4524,,0.85,0.47828,0.925,0.31672,0.204,0.49384,0.113,0.67224
4525,,0.8,0.44596,0.9,0.2844,0.154,0.42616,0.038,0.60456
4526,,0.75,0.41364,0.875,0.25208,0.104,0.35848,-0.037,0.53688
4527,7,0.85,0.53032,1.0,0.37376,0.211,0.4498,1.0,0.6232
4528,,0.8,0.498,0.975,0.34144,0.161,0.38212,0.925,0.55552
4529,,0.75,0.46568,0.95,0.30912,0.111,0.31444,0.85,0.48784
4530,,0.7,0.43336,0.925,0.2768,0.061,0.24676,0.775,0.42016
4531,,0.65,0.40104,0.9,0.24448,0.011,0.17908,0.7,0.35248
4532,,0.6,0.36872,0.875,0.21216,-0.039,0.1114,0.625,0.2848
4533,5,0.7,0.4854,1.0,0.33384,1.0,-0.15628,0.707,0.37112
4534,6,0.801,0.60308,1.0,0.45652,0.75,1.0,0.791,0.45844
4535,,0.751,0.57076,0.975,0.4242,0.7,0.93232,0.716,0.39076
4536,,0.701,0.53844,0.95,0.39188,0.65,0.86464,0.641,0.32308
4537,,0.651,0.50612,0.925,0.35956,0.6,0.79696,0.566,0.2554
4538,,0.601,0.4738,0.9,0.32724,0.55,0.72928,0.491,0.18772
4539,,0.551,0.44148,0.875,0.29492,0.5,0.6616,0.416,0.12004
4540,,0.501,0.40916,0.85,0.2626,0.45,0.59392,0.341,0.05236
4541,,0.451,0.37684,0.825,0.23028,0.4,0.52624,0.266,-0.01532
4542,8,0.547,0.48952,0.946,0.34796,0.504,0.61356,0.345,1.0
4543,,0.497,0.4572,0.921,0.31564,0.454,0.54588,0.27,0.93232
4544,,0.447,0.42488,0.896,0.28332,0.404,0.4782,0.195,0.86464
4545,,0.397,0.39256,0.871,0.251,0.354,0.41052,0.12,0.79696
4546,,0.347,0.36024,0.846,0.21868,0.304,0.34284,0.045,0.72928
4547,,0.297,0.32792,0.821,0.18636,0.254,0.27516,-0.03,0.6616
4548,7,0.397,0.4446,0.946,0.30804,0.361,0.36648,1.0,0.74792
4549,,0.347,0.41228,0.921,0.27572,0.311,0.2988,0.925,0.68024
4550,,0.297,0.37996,0.896,0.2434,0.261,0.23112,0.85,0.61256
4551,,0.247,0.34764,0.871,0.21108,0.211,0.16344,0.775,0.54488
4552,,0.197,0.31532,0.846,0.17876,0.161,0.09576,0.7,0.4772
4553,,0.147,0.283,0.821,0.14644,0.111,0.02808,0.625,0.40952
4554,,0.097,0.25068,0.796,0.11412,0.061,-0.0396,0.55,0.34184
4555,6,0.198,0.36836,0.922,0.2368,-0.189,1.0,0.634,0.42916
4556,5,0.298,0.48504,1.0,0.35848,1.0,0.73232,0.716,0.51548
4557,,0.248,0.45272,0.975,0.32616,0.95,0.66464,0.641,0.4478
4558,,0.198,0.4204,0.95,0.29384,0.9,0.59696,0.566,0.38012
4559,,0.148,0.38808,0.925,0.26152,0.85,0.52928,0.491,0.31244
4560,,0.098,0.35576,0.9,0.2292,0.8,0.4616,0.416,0.24476
4561,,0.048,0.32344,0.875,0.19688,0.75,0.39392,0.341,0.17708
4562,,-0.002,0.29112,0.85,0.16456,0.7,0.32624,0.266,0.1094
4563,1,1.0,0.3998,0.968,0.27824,0.8,0.40956,0.341,0.18772
4564,,0.95,0.36748,0.943,0.24592,0.75,0.34188,0.266,0.12004
4565,,0.9,0.33516,0.918,0.2136,0.7,0.2742,0.191,0.05236
4566,,0.85,0.30284,0.893,0.18128,0.65,0.20652,0.116,-0.01532
4567,8,0.946,0.41552,1.0,0.29896,0.754,0.29384,0.195,1.0
4568,,0.896,0.3832,0.975,0.26664,0.704,0.22616,0.12,0.93232
4569,,0.846,0.35088,0.95,0.23432,0.654,0.15848,0.045,0.86464
4570,,0.796,0.31856,0.925,0.202,0.604,0.0908,-0.03,0.79696
4571,7,0.896,0.43524,1.0,0.32368,0.711,0.18212,1.0,0.88328
4572,,0.846,0.40292,0.975,0.29136,0.661,0.11444,0.925,0.8156
4573,,0.796,0.3706,0.95,0.25904,0.611,0.04676,0.85,0.74792
4574,,0.746,0.33828,0.925,0.22672,0.561,-0.02092,0.775,0.68024
4575,6,0.847,0.45596,1.0,0.3494,0.311,1.0,0.859,0.76756
4576,,0.797,0.42364,0.975,0.31708,0.261,0.93232,0.784,0.69988
4577,,0.747,0.39132,0.95,0.28476,0.211,0.86464,0.709,0.6322
4578,,0.697,0.359,0.925,0.25244,0.161,0.79696,0.634,0.56452
4579,,0.647,0.32668,0.9,0.22012,0.111,0.72928,0.559,0.49684
4580,,0.597,0.29436,0.875,0.1878,0.061,0.6616,0.484,0.42916
4581,,0.547,0.26204,0.85,0.15548,0.011,0.59392,0.409,0.36148
4582,,0.497,0.22972,0.825,0.12316,-0.039,0.52624,0.334,0.2938
4583,5,0.597,0.3464,0.95,0.24484,1.0,0.25856,0.416,0.38012
4584,,0.547,0.31408,0.925,0.21252,0.95,0.19088,0.341,0.31244
4585,,0.497,0.28176,0.9,0.1802,0.9,0.1232,0.266,0.24476
4586,,0.447,0.24944,0.875,0.14788,0.85,0.05552,0.191,0.17708
4587,,0.397,0.21712,0.85,0.11556,0.8,-0.01216,0.116,0.1094
4588,6,0.498,0.3348,0.976,0.23824,0.55,1.0,0.2,0.19672
4589,,0.448,0.30248,0.951,0.20592,0.5,0.93232,0.125,0.12904
4590,,0.398,0.27016,0.926,0.1736,0.45,0.86464,0.05,0.06136
4591,,0.348,0.23784,0.901,0.14128,0.4,0.79696,-0.025,-0.00632
4592,7,0.448,0.35452,1.0,0.26296,0.507,0.88828,1.0,0.08
4593,,0.398,0.3222,0.975,0.23064,0.457,0.8206,0.925,0.01232
4594,,0.348,0.28988,0.95,0.19832,0.407,0.75292,0.85,-0.05536
4595,8,0.444,0.40256,1.0,0.316,0.511,0.84024,0.929,1.0
4596,,0.394,0.37024,0.975,0.28368,0.461,0.77256,0.854,0.93232
4597,,0.344,0.33792,0.95,0.25136,0.411,0.70488,0.779,0.86464
4598,,0.294,0.3056,0.925,0.21904,0.361,0.6372,0.704,0.79696
4599,,0.244,0.27328,0.9,0.18672,0.311,0.56952,0.629,0.72928
4600,,0.194,0.24096,0.875,0.1544,0.261,0.50184,0.554,0.6616
4601,,0.144,0.20864,0.85,0.12208,0.211,0.43416,0.479,0.59392
4602,,0.094,0.17632,0.825,0.08976,0.161,0.36648,0.404,0.52624
4603,,0.044,0.144,0.8,0.05744,0.111,0.2988,0.329,0.45856
4604,,-0.006,0.11168,0.775,0.02512,0.061,0.23112,0.254,0.39088
4605,1,1.0,0.22036,0.893,0.1388,0.161,0.31444,0.329,0.4692
4606,,0.95,0.18804,0.868,0.10648,0.111,0.24676,0.254,0.40152
4607,,0.9,0.15572,0.843,0.07416,0.061,0.17908,0.179,0.33384
4608,,0.85,0.1234,0.818,0.04184,0.011,0.1114,0.104,0.26616
4609,,0.8,0.09108,0.793,0.00952,-0.039,0.04372,0.029,0.19848
4610,5,0.9,0.20776,0.918,0.1312,1.0,-0.22396,0.111,0.2848
4611,6,1.0,0.32544,1.0,0.25388,0.75,1.0,0.195,0.37212
4612,,0.95,0.29312,0.975,0.22156,0.7,0.93232,0.12,0.30444
4613,,0.9,0.2608,0.95,0.18924,0.65,0.86464,0.045,0.23676
4614,,0.85,0.22848,0.925,0.15692,0.6,0.79696,-0.03,0.16908
4615,7,0.95,0.34516,1.0,0.2786,0.707,0.88828,1.0,0.2554
4616,,0.9,0.31284,0.975,0.24628,0.657,0.8206,0.925,0.18772
4617,,0.85,0.28052,0.95,0.21396,0.607,0.75292,0.85,0.12004
4618,,0.8,0.2482,0.925,0.18164,0.557,0.68524,0.775,0.05236
4619,,0.75,0.21588,0.9,0.14932,0.507,0.61756,0.7,-0.01532
4620,8,0.846,0.32856,1.0,0.267,0.611,0.70488,0.779,1.0
4621,,0.796,0.29624,0.975,0.23468,0.561,0.6372,0.704,0.93232
4622,,0.746,0.26392,0.95,0.20236,0.511,0.56952,0.629,0.86464
4623,,0.696,0.2316,0.925,0.17004,0.461,0.50184,0.554,0.79696
4624,,0.646,0.19928,0.9,0.13772,0.411,0.43416,0.479,0.72928
4625,,0.596,0.16696,0.875,0.1054,0.361,0.36648,0.404,0.6616
4626,,0.546,0.13464,0.85,0.07308,0.311,0.2988,0.329,0.59392
4627,,0.496,0.10232,0.825,0.04076,0.261,0.23112,0.254,0.52624
4628,,0.446,0.07,0.8,0.00844,0.211,0.16344,0.179,0.45856
4629,,0.396,0.03768,0.775,-0.02388,0.161,0.09576,0.104,0.39088
4630,4,0.492,0.15036,0.896,1.0,0.265,0.18308,0.183,0.4732
4631,,0.442,0.11804,0.871,0.96768,0.215,0.1154,0.108,0.40552
4632,,0.392,0.08572,0.846,0.93536,0.165,0.04772,0.033,0.33784
4633,,0.342,0.0534,0.821,0.90304,0.115,-0.01996,-0.042,0.27016
4634,7,0.442,0.17008,0.946,1.0,0.222,0.07136,1.0,0.35648
4635,,0.392,0.13776,0.921,0.96768,0.172,0.00368,0.925,0.2888
4636,,0.342,0.10544,0.896,0.93536,0.122,-0.064,0.85,0.22112
4637,6,0.443,0.22312,1.0,1.0,-0.128,1.0,0.934,0.30844
4638,5,0.543,0.3398,1.0,1.0,1.0,0.73232,1.0,0.39476
4639,,0.493,0.30748,0.975,0.96768,0.95,0.66464,0.925,0.32708
4640,,0.443,0.27516,0.95,0.93536,0.9,0.59696,0.85,0.2594
4641,,0.393,0.24284,0.925,0.90304,0.85,0.52928,0.775,0.19172
4642,,0.343,0.21052,0.9,0.87072,0.8,0.4616,0.7,0.12404
4643,,0.293,0.1782,0.875,0.8384,0.75,0.39392,0.625,0.05636
4644,,0.243,0.14588,0.85,0.80608,0.7,0.32624,0.55,-0.01132
4645,8,0.339,0.25856,0.971,0.92376,0.804,0.41356,0.629,1.0
4646,,0.289,0.22624,0.946,0.89144,0.754,0.34588,0.554,0.93232
4647,,0.239,0.19392,0.921,0.85912,0.704,0.2782,0.479,0.86464
4648,,0.189,0.1616,0.896,0.8268,0.654,0.21052,0.404,0.79696
4649,,0.139,0.12928,0.871,0.79448,0.604,0.14284,0.329,0.72928
4650,,0.089,0.09696,0.846,0.76216,0.554,0.07516,0.254,0.6616
4651,,0.039,0.06464,0.821,0.72984,0.504,0.00748,0.179,0.59392
4652,,-0.011,0.03232,0.796,0.69752,0.454,-0.0602,0.104,0.52624
4653,6,0.09,0.15,0.922,0.8202,0.204,1.0,0.188,0.61356
4654,,0.04,0.11768,0.897,0.78788,0.154,0.93232,0.113,0.54588
4655,,-0.01,0.08536,0.872,0.75556,0.104,0.86464,0.038,0.4782
4656,1,1.0,0.19404,0.99,0.86924,0.204,0.94796,0.113,0.55652
4657,,0.95,0.16172,0.965,0.83692,0.154,0.88028,0.038,0.48884
4658,,0.9,0.1294,0.94,0.8046,0.104,0.8126,-0.037,0.42116
4659,7,1.0,0.24608,1.0,0.92628,0.211,0.90392,1.0,0.50748
4660,,0.95,0.21376,0.975,0.89396,0.161,0.83624,0.925,0.4398
4661,,0.9,0.18144,0.95,0.86164,0.111,0.76856,0.85,0.37212
4662,,0.85,0.14912,0.925,0.82932,0.061,0.70088,0.775,0.30444
4663,,0.8,0.1168,0.9,0.797,0.011,0.6332,0.7,0.23676
4664,,0.75,0.08448,0.875,0.76468,-0.039,0.56552,0.625,0.16908
4665,5,0.85,0.20116,1.0,0.88636,1.0,0.29784,0.707,0.2554
4666,,0.8,0.16884,0.975,0.85404,0.95,0.23016,0.632,0.18772
4667,,0.75,0.13652,0.95,0.82172,0.9,0.16248,0.557,0.12004
4668,,0.7,0.1042,0.925,0.7894,0.85,0.0948,0.482,0.05236
4669,,0.65,0.07188,0.9,0.75708,0.8,0.02712,0.407,-0.01532
4670,8,0.746,0.18456,1.0,0.87476,0.904,0.11444,0.486,1.0
4671,,0.696,0.15224,0.975,0.84244,0.854,0.04676,0.411,0.93232
4672,,0.646,0.11992,0.95,0.81012,0.804,-0.02092,0.336,0.86464
4673,6,0.747,0.2376,1.0,0.9328,0.554,1.0,0.42,0.95196
4674,,0.697,0.20528,0.975,0.90048,0.504,0.93232,0.345,0.88428
4675,,0.647,0.17296,0.95,0.86816,0.454,0.86464,0.27,0.8166
4676,,0.597,0.14064,0.925,0.83584,0.404,0.79696,0.195,0.74892
4677,,0.547,0.10832,0.9,0.80352,0.354,0.72928,0.12,0.68124
4678,,0.497,0.076,0.875,0.7712,0.304,0.6616,0.045,0.61356
4679,,0.447,0.04368,0.85,0.73888,0.254,0.59392,-0.03,0.54588
4680,7,0.547,0.16036,0.975,0.86056,0.361,0.68524,1.0,0.6322
4681,,0.497,0.12804,0.95,0.82824,0.311,0.61756,0.925,0.56452
4682,,0.447,0.09572,0.925,0.79592,0.261,0.54988,0.85,0.49684
4683,,0.397,0.0634,0.9,0.7636,0.211,0.4822,0.775,0.42916
4684,,0.347,0.03108,0.875,0.73128,0.161,0.41452,0.7,0.36148
4685,,0.297,-0.00124,0.85,0.69896,0.111,0.34684,0.625,0.2938
4686,2,0.388,1.0,0.966,0.81164,0.21,0.42916,0.699,0.37112
4687,,0.338,0.96768,0.941,0.77932,0.16,0.36148,0.624,0.30344
4688,,0.288,0.93536,0.916,0.747,0.11,0.2938,0.549,0.23576
4689,,0.238,0.90304,0.891,0.71468,0.06,0.22612,0.474,0.16808
4690,,0.188,0.87072,0.866,0.68236,0.01,0.15844,0.399,0.1004
4691,,0.138,0.8384,0.841,0.65004,-0.04,0.09076,0.324,0.03272
4692,5,0.238,0.95508,0.966,0.77172,1.0,-0.17692,0.406,0.11904
4693,6,0.339,1.0,1.0,0.8944,0.75,1.0,0.49,0.20636
4694,,0.289,0.96768,0.975,0.86208,0.7,0.93232,0.415,0.13868
4695,,0.239,0.93536,0.95,0.82976,0.65,0.86464,0.34,0.071
4696,,0.189,0.90304,0.925,0.79744,0.6,0.79696,0.265,0.00332
4697,,0.139,0.87072,0.9,0.76512,0.55,0.72928,0.19,-0.06436
4698,8,0.235,0.9834,1.0,0.8828,0.654,0.8166,0.269,1.0
4699,,0.185,0.95108,0.975,0.85048,0.604,0.74892,0.194,0.93232
4700,,0.135,0.91876,0.95,0.81816,0.554,0.68124,0.119,0.86464
4701,,0.085,0.88644,0.925,0.78584,0.504,0.61356,0.044,0.79696
4702,,0.035,0.85412,0.9,0.75352,0.454,0.54588,-0.031,0.72928
4703,7,0.135,0.9708,1.0,0.8752,0.561,0.6372,1.0,0.8156
4704,,0.085,0.93848,0.975,0.84288,0.511,0.56952,0.925,0.74792
4705,,0.035,0.90616,0.95,0.81056,0.461,0.50184,0.85,0.68024
4706,,-0.015,0.87384,0.925,0.77824,0.411,0.43416,0.775,0.61256
4707,1,1.0,0.98252,1.0,0.89192,0.511,0.51748,0.85,0.69088
4708,,0.95,0.9502,0.975,0.8596,0.461,0.4498,0.775,0.6232
4709,,0.9,0.91788,0.95,0.82728,0.411,0.38212,0.7,0.55552
4710,,0.85,0.88556,0.925,0.79496,0.361,0.31444,0.625,0.48784
4711,,0.8,0.85324,0.9,0.76264,0.311,0.24676,0.55,0.42016
4712,,0.75,0.82092,0.875,0.73032,0.261,0.17908,0.475,0.35248
4713,,0.7,0.7886,0.85,0.698,0.211,0.1114,0.4,0.2848
4714,,0.65,0.75628,0.825,0.66568,0.161,0.04372,0.325,0.21712
4715,,0.6,0.72396,0.8,0.63336,0.111,-0.02396,0.25,0.14944
4716,6,0.701,0.84164,0.926,0.75604,-0.139,1.0,0.334,0.23676
4717,5,0.801,0.95832,1.0,0.87772,1.0,0.73232,0.416,0.32308
4718,,0.751,0.926,0.975,0.8454,0.95,0.66464,0.341,0.2554
4719,,0.701,0.89368,0.95,0.81308,0.9,0.59696,0.266,0.18772
4720,,0.651,0.86136,0.925,0.78076,0.85,0.52928,0.191,0.12004
4721,,0.601,0.82904,0.9,0.74844,0.8,0.4616,0.116,0.05236
4722,,0.551,0.79672,0.875,0.71612,0.75,0.39392,0.041,-0.01532
4723,8,0.647,0.9094,0.996,0.8338,0.854,0.48124,0.12,1.0
4724,,0.597,0.87708,0.971,0.80148,0.804,0.41356,0.045,0.93232
4725,,0.547,0.84476,0.946,0.76916,0.754,0.34588,-0.03,0.86464
4726,7,0.647,0.96144,1.0,0.89084,0.861,0.4372,1.0,0.95096
4727,,0.597,0.92912,0.975,0.85852,0.811,0.36952,0.925,0.88328
4728,,0.547,0.8968,0.95,0.8262,0.761,0.30184,0.85,0.8156
4729,,0.497,0.86448,0.925,0.79388,0.711,0.23416,0.775,0.74792
4730,,0.447,0.83216,0.9,0.76156,0.661,0.16648,0.7,0.68024
4731,,0.397,0.79984,0.875,0.72924,0.611,0.0988,0.625,0.61256
4732,,0.347,0.76752,0.85,0.69692,0.561,0.03112,0.55,0.54488
4733,,0.297,0.7352,0.825,0.6646,0.511,-0.03656,0.475,0.4772
4734,6,0.398,0.85288,0.951,0.78728,0.261,1.0,0.559,0.56452
4735,,0.348,0.82056,0.926,0.75496,0.211,0.93232,0.484,0.49684
4736,,0.298,0.78824,0.901,0.72264,0.161,0.86464,0.409,0.42916
4737,,0.248,0.75592,0.876,0.69032,0.111,0.79696,0.334,0.36148
4738,,0.198,0.7236,0.851,0.658,0.061,0.72928,0.259,0.2938
4739,,0.148,0.69128,0.826,0.62568,0.011,0.6616,0.184,0.22612
4740,,0.098,0.65896,0.801,0.59336,-0.039,0.59392,0.109,0.15844
4741,5,0.198,0.77564,0.926,0.71504,1.0,0.32624,0.191,0.24476
4742,,0.148,0.74332,0.901,0.68272,0.95,0.25856,0.116,0.17708
4743,,0.098,0.711,0.876,0.6504,0.9,0.19088,0.041,0.1094
4744,,0.048,0.67868,0.851,0.61808,0.85,0.1232,-0.034,0.04172
4745,7,0.148,0.79536,0.976,0.73976,0.957,0.21452,1.0,0.12804
4746,,0.098,0.76304,0.951,0.70744,0.907,0.14684,0.925,0.06036
4747,,0.048,0.73072,0.926,0.67512,0.857,0.07916,0.85,-0.00732
4748,8,0.144,0.8434,1.0,0.7928,0.961,0.16648,0.929,1.0
4749,,0.094,0.81108,0.975,0.76048,0.911,0.0988,0.854,0.93232
4750,,0.044,0.77876,0.95,0.72816,0.861,0.03112,0.779,0.86464
4751,,-0.006,0.74644,0.925,0.69584,0.811,-0.03656,0.704,0.79696
4752,6,0.095,0.86412,1.0,0.81852,0.561,1.0,0.788,0.88428
4753,,0.045,0.8318,0.975,0.7862,0.511,0.93232,0.713,0.8166
4754,,-0.005,0.79948,0.95,0.75388,0.461,0.86464,0.638,0.74892
4755,1,1.0,0.90816,1.0,0.86756,0.561,0.94796,0.713,0.82724
4756,,0.95,0.87584,0.975,0.83524,0.511,0.88028,0.638,0.75956
4757,,0.9,0.84352,0.95,0.80292,0.461,0.8126,0.563,0.69188
4758,,0.85,0.8112,0.925,0.7706,0.411,0.74492,0.488,0.6242
4759,,0.8,0.77888,0.9,0.73828,0.361,0.67724,0.413,0.55652
4760,,0.75,0.74656,0.875,0.70596,0.311,0.60956,0.338,0.48884
4761,,0.7,0.71424,0.85,0.67364,0.261,0.54188,0.263,0.42116
4762,,0.65,0.68192,0.825,0.64132,0.211,0.4742,0.188,0.35348
4763,,0.6,0.6496,0.8,0.609,0.161,0.40652,0.113,0.2858
4764,,0.55,0.61728,0.775,0.57668,0.111,0.33884,0.038,0.21812
4765,,0.5,0.58496,0.75,0.54436,0.061,0.27116,-0.037,0.15044
4766,7,0.6,0.70164,0.875,0.66604,0.168,0.36248,1.0,0.23676
4767,,0.55,0.66932,0.85,0.63372,0.118,0.2948,0.925,0.16908
4768,,0.5,0.637,0.825,0.6014,0.068,0.22712,0.85,0.1014
4769,,0.45,0.60468,0.8,0.56908,0.018,0.15944,0.775,0.03372
4770,,0.4,0.57236,0.775,0.53676,-0.032,0.09176,0.7,-0.03396
4771,8,0.496,0.68504,0.896,0.65444,0.072,0.17908,0.779,1.0
4772,,0.446,0.65272,0.871,0.62212,0.022,0.1114,0.704,0.93232
4773,,0.396,0.6204,0.846,0.5898,-0.028,0.04372,0.629,0.86464
4774,5,0.496,0.73708,0.971,0.71148,1.0,-0.22396,0.711,0.95096
4775,6,0.597,0.85476,1.0,0.83416,0.75,1.0,0.795,1.0
4776,,0.547,0.82244,0.975,0.80184,0.7,0.93232,0.72,0.93232
4777,,0.497,0.79012,0.95,0.76952,0.65,0.86464,0.645,0.86464
4778,,0.447,0.7578,0.925,0.7372,0.6,0.79696,0.57,0.79696
4779,,0.397,0.72548,0.9,0.70488,0.55,0.72928,0.495,0.72928
4780,,0.347,0.69316,0.875,0.67256,0.5,0.6616,0.42,0.6616
4781,,0.297,0.66084,0.85,0.64024,0.45,0.59392,0.345,0.59392
4782,,0.247,0.62852,0.825,0.60792,0.4,0.52624,0.27,0.52624
4783,,0.197,0.5962,0.8,0.5756,0.35,0.45856,0.195,0.45856
4784,,0.147,0.56388,0.775,0.54328,0.3,0.39088,0.12,0.39088
4785,,0.097,0.53156,0.75,0.51096,0.25,0.3232,0.045,0.3232
4786,,0.047,0.49924,0.725,0.47864,0.2,0.25552,-0.03,0.25552
4787,7,0.147,0.61592,0.85,0.60032,0.307,0.34684,1.0,0.34184
4788,,0.097,0.5836,0.825,0.568,0.257,0.27916,0.925,0.27416
4789,,0.047,0.55128,0.8,0.53568,0.207,0.21148,0.85,0.20648
4790,,-0.003,0.51896,0.775,0.50336,0.157,0.1438,0.775,0.1388
4791,1,1.0,0.62764,0.893,0.61704,0.257,0.22712,0.85,0.21712
4792,,0.95,0.59532,0.868,0.58472,0.207,0.15944,0.775,0.14944
4793,,0.9,0.563,0.843,0.5524,0.157,0.09176,0.7,0.08176
4794,,0.85,0.53068,0.818,0.52008,0.107,0.02408,0.625,0.01408
4795,,0.8,0.49836,0.793,0.48776,0.057,-0.0436,0.55,-0.0536
4796,8,0.896,0.61104,0.914,0.60544,0.161,0.04372,0.629,1.0
4797,,0.846,0.57872,0.889,0.57312,0.111,-0.02396,0.554,0.93232
4798,6,0.947,0.6964,1.0,0.6958,-0.139,1.0,0.638,1.0
4799,5,1.0,0.81308,1.0,0.81748,1.0,0.73232,0.72,1.0
4800,,0.95,0.78076,0.975,0.78516,0.95,0.66464,0.645,0.93232
4801,,0.9,0.74844,0.95,0.75284,0.9,0.59696,0.57,0.86464
4802,,0.85,0.71612,0.925,0.72052,0.85,0.52928,0.495,0.79696
4803,,0.8,0.6838,0.9,0.6882,0.8,0.4616,0.42,0.72928
4804,,0.75,0.65148,0.875,0.65588,0.75,0.39392,0.345,0.6616
4805,,0.7,0.61916,0.85,0.62356,0.7,0.32624,0.27,0.59392
4806,,0.65,0.58684,0.825,0.59124,0.65,0.25856,0.195,0.52624
4807,,0.6,0.55452,0.8,0.55892,0.6,0.19088,0.12,0.45856
4808,,0.55,0.5222,0.775,0.5266,0.55,0.1232,0.045,0.39088
4809,,0.5,0.48988,0.75,0.49428,0.5,0.05552,-0.03,0.3232
4810,7,0.6,0.60656,0.875,0.61596,0.607,0.14684,1.0,0.40952
4811,,0.55,0.57424,0.85,0.58364,0.557,0.07916,0.925,0.34184
4812,,0.5,0.54192,0.825,0.55132,0.507,0.01148,0.85,0.27416
4813,,0.45,0.5096,0.8,0.519,0.457,-0.0562,0.775,0.20648
4814,6,0.551,0.62728,0.926,0.64168,0.207,1.0,0.859,0.2938
4815,,0.501,0.59496,0.901,0.60936,0.157,0.93232,0.784,0.22612
4816,,0.451,0.56264,0.876,0.57704,0.107,0.86464,0.709,0.15844
4817,,0.401,0.53032,0.851,0.54472,0.057,0.79696,0.634,0.09076
4818,,0.351,0.498,0.826,0.5124,0.007,0.72928,0.559,0.02308
4819,,0.301,0.46568,0.801,0.48008,-0.043,0.6616,0.484,-0.0446
4820,8,0.397,0.57836,0.922,0.59776,0.061,0.74892,0.563,1.0
4821,,0.347,0.54604,0.897,0.56544,0.011,0.68124,0.488,0.93232
4822,,0.297,0.51372,0.872,0.53312,-0.039,0.61356,0.413,0.86464
4823,5,0.397,0.6304,0.997,0.6548,1.0,0.34588,0.495,0.95096
4824,,0.347,0.59808,0.972,0.62248,0.95,0.2782,0.42,0.88328
4825,,0.297,0.56576,0.947,0.59016,0.9,0.21052,0.345,0.8156
4826,,0.247,0.53344,0.922,0.55784,0.85,0.14284,0.27,0.74792
4827,,0.197,0.50112,0.897,0.52552,0.8,0.07516,0.195,0.68024
4828,,0.147,0.4688,0.872,0.4932,0.75,0.00748,0.12,0.61256
4829,,0.097,0.43648,0.847,0.46088,0.7,-0.0602,0.045,0.54488
4830,6,0.198,0.55416,0.973,0.58356,0.45,1.0,0.129,0.6322
4831,,0.148,0.52184,0.948,0.55124,0.4,0.93232,0.054,0.56452
4832,,0.098,0.48952,0.923,0.51892,0.35,0.86464,-0.021,0.49684
4833,7,0.198,0.6062,1.0,0.6406,0.457,0.95596,1.0,0.58316
4834,,0.148,0.57388,0.975,0.60828,0.407,0.88828,0.925,0.51548
4835,,0.098,0.54156,0.95,0.57596,0.357,0.8206,0.85,0.4478
4836,,0.048,0.50924,0.925,0.54364,0.307,0.75292,0.775,0.38012
4837,,-0.002,0.47692,0.9,0.51132,0.257,0.68524,0.7,0.31244
4838,1,1.0,0.5856,1.0,0.625,0.357,0.76856,0.775,0.39076
4839,,0.95,0.55328,0.975,0.59268,0.307,0.70088,0.7,0.32308
4840,,0.9,0.52096,0.95,0.56036,0.257,0.6332,0.625,0.2554
4841,,0.85,0.48864,0.925,0.52804,0.207,0.56552,0.55,0.18772
4842,,0.8,0.45632,0.9,0.49572,0.157,0.49784,0.475,0.12004
4843,,0.75,0.424,0.875,0.4634,0.107,0.43016,0.4,0.05236
4844,,0.7,0.39168,0.85,0.43108,0.057,0.36248,0.325,-0.01532
4845,8,0.796,0.50436,0.971,0.54876,0.161,0.4498,0.404,1.0
4846,,0.746,0.47204,0.946,0.51644,0.111,0.38212,0.329,0.93232
4847,,0.696,0.43972,0.921,0.48412,0.061,0.31444,0.254,0.86464
4848,,0.646,0.4074,0.896,0.4518,0.011,0.24676,0.179,0.79696
4849,,0.596,0.37508,0.871,0.41948,-0.039,0.17908,0.104,0.72928
4850,5,0.696,0.49176,0.996,0.54116,1.0,-0.0886,0.186,0.8156
4851,6,0.797,0.60944,1.0,0.66384,0.75,1.0,0.27,0.90292
4852,,0.747,0.57712,0.975,0.63152,0.7,0.93232,0.195,0.83524
4853,,0.697,0.5448,0.95,0.5992,0.65,0.86464,0.12,0.76756
4854,,0.647,0.51248,0.925,0.56688,0.6,0.79696,0.045,0.69988
4855,,0.597,0.48016,0.9,0.53456,0.55,0.72928,-0.03,0.6322
4856,7,0.697,0.59684,1.0,0.65624,0.657,0.8206,1.0,0.71852
4857,,0.647,0.56452,0.975,0.62392,0.607,0.75292,0.925,0.65084
4858,,0.597,0.5322,0.95,0.5916,0.557,0.68524,0.85,0.58316
4859,,0.547,0.49988,0.925,0.55928,0.507,0.61756,0.775,0.51548
4860,,0.497,0.46756,0.9,0.52696,0.457,0.54988,0.7,0.4478
4861,,0.447,0.43524,0.875,0.49464,0.407,0.4822,0.625,0.38012
4862,,0.397,0.40292,0.85,0.46232,0.357,0.41452,0.55,0.31244
4863,,0.347,0.3706,0.825,0.43,0.307,0.34684,0.475,0.24476
4864,,0.297,0.33828,0.8,0.39768,0.257,0.27916,0.4,0.17708
4865,,0.247,0.30596,0.775,0.36536,0.207,0.21148,0.325,0.1094
4866,,0.197,0.27364,0.75,0.33304,0.157,0.1438,0.25,0.04172
4867,,0.147,0.24132,0.725,0.30072,0.107,0.07612,0.175,-0.02596
4868,8,0.243,0.354,0.846,0.4184,0.211,0.16344,0.254,1.0
4869,,0.193,0.32168,0.821,0.38608,0.161,0.09576,0.179,0.93232
4870,,0.143,0.28936,0.796,0.35376,0.111,0.02808,0.104,0.86464
4871,,0.093,0.25704,0.771,0.32144,0.061,-0.0396,0.029,0.79696
4872,6,0.194,0.37472,0.897,0.44412,-0.189,1.0,0.113,0.88428
4873,5,0.294,0.4914,1.0,0.5658,1.0,0.73232,0.195,0.9706
4874,,0.244,0.45908,0.975,0.53348,0.95,0.66464,0.12,0.90292
4875,,0.194,0.42676,0.95,0.50116,0.9,0.59696,0.045,0.83524
4876,,0.144,0.39444,0.925,0.46884,0.85,0.52928,-0.03,0.76756
4877,7,0.244,0.51112,1.0,0.59052,0.957,0.6206,1.0,0.85388
4878,,0.194,0.4788,0.975,0.5582,0.907,0.55292,0.925,0.7862
4879,,0.144,0.44648,0.95,0.52588,0.857,0.48524,0.85,0.71852
4880,,0.094,0.41416,0.925,0.49356,0.807,0.41756,0.775,0.65084
4881,,0.044,0.38184,0.9,0.46124,0.757,0.34988,0.7,0.58316
4882,,-0.006,0.34952,0.875,0.42892,0.707,0.2822,0.625,0.51548
4883,1,1.0,0.4582,0.993,0.5426,0.807,0.36552,0.7,0.5938
4884,,0.95,0.42588,0.968,0.51028,0.757,0.29784,0.625,0.52612
4885,,0.9,0.39356,0.943,0.47796,0.707,0.23016,0.55,0.45844
4886,,0.85,0.36124,0.918,0.44564,0.657,0.16248,0.475,0.39076
4887,,0.8,0.32892,0.893,0.41332,0.607,0.0948,0.4,0.32308
4888,,0.75,0.2966,0.868,0.381,0.557,0.02712,0.325,0.2554
4889,,0.7,0.26428,0.843,0.34868,0.507,-0.04056,0.25,0.18772
4890,6,0.801,0.38196,0.969,0.47136,0.257,1.0,0.334,0.27504
4891,,0.751,0.34964,0.944,0.43904,0.207,0.93232,0.259,0.20736
4892,,0.701,0.31732,0.919,0.40672,0.157,0.86464,0.184,0.13968
4893,,0.651,0.285,0.894,0.3744,0.107,0.79696,0.109,0.072
4894,,0.601,0.25268,0.869,0.34208,0.057,0.72928,0.034,0.00432
4895,,0.551,0.22036,0.844,0.30976,0.007,0.6616,-0.041,-0.06336
4896,8,0.647,0.33304,0.965,0.42744,0.111,0.74892,0.038,1.0
4897,,0.597,0.30072,0.94,0.39512,0.061,0.68124,-0.037,0.93232
4898,7,0.697,0.4174,1.0,0.5168,0.168,0.77256,1.0,1.0
4899,,0.647,0.38508,0.975,0.48448,0.118,0.70488,0.925,0.93232
4900,,0.597,0.35276,0.95,0.45216,0.068,0.6372,0.85,0.86464
4901,,0.547,0.32044,0.925,0.41984,0.018,0.56952,0.775,0.79696
4902,,0.497,0.28812,0.9,0.38752,-0.032,0.50184,0.7,0.72928
4903,5,0.597,0.4048,1.0,0.5092,1.0,0.23416,0.782,0.8156
4904,,0.547,0.37248,0.975,0.47688,0.95,0.16648,0.707,0.74792
4905,,0.497,0.34016,0.95,0.44456,0.9,0.0988,0.632,0.68024
4906,,0.447,0.30784,0.925,0.41224,0.85,0.03112,0.557,0.61256
4907,,0.397,0.27552,0.9,0.37992,0.8,-0.03656,0.482,0.54488
4908,6,0.498,0.3932,1.0,0.5026,0.55,1.0,0.566,0.6322
4909,,0.448,0.36088,0.975,0.47028,0.5,0.93232,0.491,0.56452
4910,,0.398,0.32856,0.95,0.43796,0.45,0.86464,0.416,0.49684
4911,,0.348,0.29624,0.925,0.40564,0.4,0.79696,0.341,0.42916
4912,,0.298,0.26392,0.9,0.37332,0.35,0.72928,0.266,0.36148
4913,,0.248,0.2316,0.875,0.341,0.3,0.6616,0.191,0.2938
4914,,0.198,0.19928,0.85,0.30868,0.25,0.59392,0.116,0.22612
4915,,0.148,0.16696,0.825,0.27636,0.2,0.52624,0.041,0.15844
4916,,0.098,0.13464,0.8,0.24404,0.15,0.45856,-0.034,0.09076
4917,7,0.198,0.25132,0.925,0.36572,0.257,0.54988,1.0,0.17708
4918,,0.148,0.219,0.9,0.3334,0.207,0.4822,0.925,0.1094
4919,,0.098,0.18668,0.875,0.30108,0.157,0.41452,0.85,0.04172
4920,,0.048,0.15436,0.85,0.26876,0.107,0.34684,0.775,-0.02596
4921,8,0.144,0.26704,0.971,0.38644,0.211,0.43416,0.854,1.0
4922,,0.094,0.23472,0.946,0.35412,0.161,0.36648,0.779,0.93232
4923,,0.044,0.2024,0.921,0.3218,0.111,0.2988,0.704,0.86464
4924,,-0.006,0.17008,0.896,0.28948,0.061,0.23112,0.629,0.79696
4925,1,1.0,0.27876,1.0,0.40316,0.161,0.31444,0.704,0.87528
4926,,0.95,0.24644,0.975,0.37084,0.111,0.24676,0.629,0.8076
4927,,0.9,0.21412,0.95,0.33852,0.061,0.17908,0.554,0.73992
4928,,0.85,0.1818,0.925,0.3062,0.011,0.1114,0.479,0.67224
4929,,0.8,0.14948,0.9,0.27388,-0.039,0.04372,0.404,0.60456
4930,5,0.9,0.26616,1.0,0.39556,1.0,-0.22396,0.486,0.69088
4931,6,1.0,0.38384,1.0,0.51824,0.75,1.0,0.57,0.7782
4932,,0.95,0.35152,0.975,0.48592,0.7,0.93232,0.495,0.71052
4933,,0.9,0.3192,0.95,0.4536,0.65,0.86464,0.42,0.64284
4934,,0.85,0.28688,0.925,0.42128,0.6,0.79696,0.345,0.57516
4935,,0.8,0.25456,0.9,0.38896,0.55,0.72928,0.27,0.50748
4936,,0.75,0.22224,0.875,0.35664,0.5,0.6616,0.195,0.4398
4937,,0.7,0.18992,0.85,0.32432,0.45,0.59392,0.12,0.37212
4938,,0.65,0.1576,0.825,0.292,0.4,0.52624,0.045,0.30444
4939,,0.6,0.12528,0.8,0.25968,0.35,0.45856,-0.03,0.23676
4940,7,0.7,0.24196,0.925,0.38136,0.457,0.54988,1.0,0.32308
4941,,0.65,0.20964,0.9,0.34904,0.407,0.4822,0.925,0.2554
4942,,0.6,0.17732,0.875,0.31672,0.357,0.41452,0.85,0.18772
4943,,0.55,0.145,0.85,0.2844,0.307,0.34684,0.775,0.12004
4944,,0.5,0.11268,0.825,0.25208,0.257,0.27916,0.7,0.05236
4945,,0.45,0.08036,0.8,0.21976,0.207,0.21148,0.625,-0.01532
4946,8,0.546,0.19304,0.921,0.33744,0.311,0.2988,0.704,1.0
4947,,0.496,0.16072,0.896,0.30512,0.261,0.23112,0.629,0.93232
4948,,0.446,0.1284,0.871,0.2728,0.211,0.16344,0.554,0.86464
4949,,0.396,0.09608,0.846,0.24048,0.161,0.09576,0.479,0.79696
4950,,0.346,0.06376,0.821,0.20816,0.111,0.02808,0.404,0.72928
4951,,0.296,0.03144,0.796,0.17584,0.061,-0.0396,0.329,0.6616
4952,6,0.397,0.14912,0.922,0.29852,-0.189,1.0,0.413,0.74892
4953,5,0.497,0.2658,1.0,0.4202,1.0,0.73232,0.495,0.83524
