step,active_motive,motive_1,motive_2,motive_3,motive_4,motive_5,motive_6,motive_7,motive_8
0,,-0.25092,0.90143,0.46399,0.19732,-0.68796,-0.68801,-0.88383,0.73235
1,7,-0.2686,0.88643,0.48167,0.25732,-0.59928,-0.60301,1.0,0.74235
2,6,-0.27128,0.88643,0.51435,0.33232,-0.7816,1.0,1.0,0.76735
3,5,-0.28896,0.87143,0.53203,0.39232,1.0,0.8,1.0,0.77735
4,1,1.0,0.78643,0.47871,0.38232,1.0,0.815,0.98232,0.71735
5,,0.93232,0.73643,0.44639,0.35732,0.96768,0.765,0.91464,0.64235
6,,0.86464,0.68643,0.41407,0.33232,0.93536,0.715,0.84696,0.56735
7,,0.79696,0.63643,0.38175,0.30732,0.90304,0.665,0.77928,0.49235
8,,0.72928,0.58643,0.34943,0.28232,0.87072,0.615,0.7116,0.41735
9,,0.6616,0.53643,0.31711,0.25732,0.8384,0.565,0.64392,0.34235
10,,0.59392,0.48643,0.28479,0.23232,0.80608,0.515,0.57624,0.26735
11,,0.52624,0.43643,0.25247,0.20732,0.77376,0.465,0.50856,0.19235
12,,0.45856,0.38643,0.22015,0.18232,0.74144,0.415,0.44088,0.11735
13,,0.39088,0.33643,0.18783,0.15732,0.70912,0.365,0.3732,0.04235
14,,0.3232,0.28643,0.15551,0.13232,0.6768,0.315,0.30552,-0.03265
15,8,0.27052,0.23643,0.13819,0.15732,0.72948,0.365,0.32284,1.0
16,,0.20284,0.18643,0.10587,0.13232,0.69716,0.315,0.25516,0.925
17,,0.13516,0.13643,0.07355,0.10732,0.66484,0.265,0.18748,0.85
18,,0.06748,0.08643,0.04123,0.08232,0.63252,0.215,0.1198,0.775
19,,-0.0002,0.03643,0.00891,0.05732,0.6002,0.165,0.05212,0.7
20,1,1.0,-0.04857,-0.04441,0.04732,0.61788,0.18,0.03444,0.64
21,2,0.89732,1.0,-0.11173,0.02232,0.62056,0.18,0.00176,0.565
22,3,0.80864,0.915,1.0,0.01232,0.63824,0.195,-0.01592,0.505
23,7,0.79096,0.9,1.0,0.07232,0.72692,0.28,1.0,0.515
24,,0.72328,0.85,0.96768,0.04732,0.6946,0.23,0.93232,0.44
25,,0.6556,0.8,0.93536,0.02232,0.66228,0.18,0.86464,0.365
26,,0.58792,0.75,0.90304,-0.00268,0.62996,0.13,0.79696,0.29
27,4,0.53524,0.7,0.88572,1.0,0.68264,0.18,0.81428,0.265
28,,0.46756,0.65,0.8534,0.975,0.65032,0.13,0.7466,0.19
29,,0.39988,0.6,0.82108,0.95,0.618,0.08,0.67892,0.115
30,,0.3322,0.55,0.78876,0.925,0.58568,0.03,0.61124,0.04
31,,0.26452,0.5,0.75644,0.9,0.55336,-0.02,0.54356,-0.035
32,8,0.21184,0.45,0.73912,0.925,0.60604,0.03,0.56088,1.0
33,,0.14416,0.4,0.7068,0.9,0.57372,-0.02,0.4932,0.925
34,6,0.14148,0.4,0.73948,0.975,0.3914,1.0,0.56052,0.95
35,,0.0738,0.35,0.70716,0.95,0.35908,0.95,0.49284,0.875
36,,0.00612,0.3,0.67484,0.925,0.32676,0.9,0.42516,0.8
37,,-0.06156,0.25,0.64252,0.9,0.29444,0.85,0.35748,0.725
38,1,1.0,0.165,0.5892,0.89,0.31212,0.865,0.3398,0.665
39,,0.93232,0.115,0.55688,0.865,0.2798,0.815,0.27212,0.59
40,,0.86464,0.065,0.52456,0.84,0.24748,0.765,0.20444,0.515
41,,0.79696,0.015,0.49224,0.815,0.21516,0.715,0.13676,0.44
42,,0.72928,-0.035,0.45992,0.79,0.18284,0.665,0.06908,0.365
43,2,0.6266,1.0,0.3926,0.765,0.18552,0.665,0.0364,0.29
44,,0.55892,0.95,0.36028,0.74,0.1532,0.615,-0.03128,0.215
45,7,0.54124,0.935,0.37796,0.8,0.24188,0.7,1.0,0.225
46,,0.47356,0.885,0.34564,0.775,0.20956,0.65,0.93232,0.15
47,,0.40588,0.835,0.31332,0.75,0.17724,0.6,0.86464,0.075
48,,0.3382,0.785,0.281,0.725,0.14492,0.55,0.79696,-0.0
49,,0.27052,0.735,0.24868,0.7,0.1126,0.5,0.72928,-0.075
50,8,0.21784,0.685,0.23136,0.725,0.16528,0.55,0.7466,1.0
51,,0.15016,0.635,0.19904,0.7,0.13296,0.5,0.67892,0.925
52,,0.08248,0.585,0.16672,0.675,0.10064,0.45,0.61124,0.85
53,,0.0148,0.535,0.1344,0.65,0.06832,0.4,0.54356,0.775
54,,-0.05288,0.485,0.10208,0.625,0.036,0.35,0.47588,0.7
55,1,1.0,0.4,0.04876,0.615,0.05368,0.365,0.4582,0.64
56,,0.93232,0.35,0.01644,0.59,0.02136,0.315,0.39052,0.565
57,,0.86464,0.3,-0.01588,0.565,-0.01096,0.265,0.32284,0.49
58,3,0.77596,0.215,1.0,0.555,0.00672,0.28,0.30516,0.43
59,,0.70828,0.165,0.96768,0.53,-0.0256,0.23,0.23748,0.355
60,5,0.6906,0.15,0.98536,0.59,1.0,0.03,0.2908,0.365
61,,0.62292,0.1,0.95304,0.565,0.96768,-0.02,0.22312,0.29
62,6,0.62024,0.1,0.98572,0.64,0.78536,1.0,0.29044,0.315
63,,0.55256,0.05,0.9534,0.615,0.75304,0.95,0.22276,0.24
64,,0.48488,0.0,0.92108,0.59,0.72072,0.9,0.15508,0.165
65,,0.4172,-0.05,0.88876,0.565,0.6884,0.85,0.0874,0.09
66,2,0.31452,1.0,0.82144,0.54,0.69108,0.85,0.05472,0.015
67,,0.24684,0.95,0.78912,0.515,0.65876,0.8,-0.01296,-0.06
68,8,0.19416,0.9,0.7718,0.54,0.71144,0.85,0.00436,1.0
69,,0.12648,0.85,0.73948,0.515,0.67912,0.8,-0.06332,0.925
70,7,0.1088,0.835,0.75716,0.575,0.7678,0.885,1.0,0.935
71,,0.04112,0.785,0.72484,0.55,0.73548,0.835,0.93232,0.86
72,,-0.02656,0.735,0.69252,0.525,0.70316,0.785,0.86464,0.785
73,1,1.0,0.65,0.6392,0.515,0.72084,0.8,0.84696,0.725
74,,0.93232,0.6,0.60688,0.49,0.68852,0.75,0.77928,0.65
75,,0.86464,0.55,0.57456,0.465,0.6562,0.7,0.7116,0.575
76,,0.79696,0.5,0.54224,0.44,0.62388,0.65,0.64392,0.5
77,,0.72928,0.45,0.50992,0.415,0.59156,0.6,0.57624,0.425
78,,0.6616,0.4,0.4776,0.39,0.55924,0.55,0.50856,0.35
79,,0.59392,0.35,0.44528,0.365,0.52692,0.5,0.44088,0.275
80,,0.52624,0.3,0.41296,0.34,0.4946,0.45,0.3732,0.2
81,,0.45856,0.25,0.38064,0.315,0.46228,0.4,0.30552,0.125
82,,0.39088,0.2,0.34832,0.29,0.42996,0.35,0.23784,0.05
83,,0.3232,0.15,0.316,0.265,0.39764,0.3,0.17016,-0.025
84,8,0.27052,0.1,0.29868,0.29,0.45032,0.35,0.18748,1.0
85,,0.20284,0.05,0.26636,0.265,0.418,0.3,0.1198,0.925
86,,0.13516,0.0,0.23404,0.24,0.38568,0.25,0.05212,0.85
87,,0.06748,-0.05,0.20172,0.215,0.35336,0.2,-0.01556,0.775
88,2,-0.0352,1.0,0.1344,0.19,0.35604,0.2,-0.04824,0.7
89,7,-0.05288,0.985,0.15208,0.25,0.44472,0.285,1.0,0.71
90,1,1.0,0.9,0.09876,0.24,0.4624,0.3,0.98232,0.65
91,,0.93232,0.85,0.06644,0.215,0.43008,0.25,0.91464,0.575
92,,0.86464,0.8,0.03412,0.19,0.39776,0.2,0.84696,0.5
93,,0.79696,0.75,0.0018,0.165,0.36544,0.15,0.77928,0.425
94,,0.72928,0.7,-0.03052,0.14,0.33312,0.1,0.7116,0.35
95,3,0.6406,0.615,1.0,0.13,0.3508,0.115,0.69392,0.29
96,,0.57292,0.565,0.96768,0.105,0.31848,0.065,0.62624,0.215
97,,0.50524,0.515,0.93536,0.08,0.28616,0.015,0.55856,0.14
98,,0.43756,0.465,0.90304,0.055,0.25384,-0.035,0.49088,0.065
99,6,0.43488,0.465,0.93572,0.13,0.07152,1.0,0.5582,0.09
100,,0.3672,0.415,0.9034,0.105,0.0392,0.95,0.49052,0.015
101,,0.29952,0.365,0.87108,0.08,0.00688,0.9,0.42284,-0.06
102,8,0.24684,0.315,0.85376,0.105,0.05956,0.95,0.44016,1.0
103,,0.17916,0.265,0.82144,0.08,0.02724,0.9,0.37248,0.925
104,,0.11148,0.215,0.78912,0.055,-0.00508,0.85,0.3048,0.85
105,5,0.0938,0.2,0.8068,0.115,1.0,0.65,0.35812,0.86
106,,0.02612,0.15,0.77448,0.09,0.96768,0.6,0.29044,0.785
107,,-0.04156,0.1,0.74216,0.065,0.93536,0.55,0.22276,0.71
108,1,1.0,0.015,0.68884,0.055,0.95304,0.565,0.20508,0.65
109,,0.93232,-0.035,0.65652,0.03,0.92072,0.515,0.1374,0.575
110,2,0.82964,1.0,0.5892,0.005,0.9234,0.515,0.10472,0.5
111,,0.76196,0.95,0.55688,-0.02,0.89108,0.465,0.03704,0.425
112,4,0.70928,0.9,0.53956,1.0,0.94376,0.515,0.05436,0.4
113,,0.6416,0.85,0.50724,0.975,0.91144,0.465,-0.01332,0.325
114,7,0.62392,0.835,0.52492,1.0,1.0,0.55,1.0,0.335
115,,0.55624,0.785,0.4926,0.975,0.96768,0.5,0.93232,0.26
116,,0.48856,0.735,0.46028,0.95,0.93536,0.45,0.86464,0.185
117,,0.42088,0.685,0.42796,0.925,0.90304,0.4,0.79696,0.11
118,,0.3532,0.635,0.39564,0.9,0.87072,0.35,0.72928,0.035
119,,0.28552,0.585,0.36332,0.875,0.8384,0.3,0.6616,-0.04
120,8,0.23284,0.535,0.346,0.9,0.89108,0.35,0.67892,1.0
121,,0.16516,0.485,0.31368,0.875,0.85876,0.3,0.61124,0.925
122,,0.09748,0.435,0.28136,0.85,0.82644,0.25,0.54356,0.85
123,,0.0298,0.385,0.24904,0.825,0.79412,0.2,0.47588,0.775
124,,-0.03788,0.335,0.21672,0.8,0.7618,0.15,0.4082,0.7
125,1,1.0,0.25,0.1634,0.79,0.77948,0.165,0.39052,0.64
126,,0.93232,0.2,0.13108,0.765,0.74716,0.115,0.32284,0.565
127,,0.86464,0.15,0.09876,0.74,0.71484,0.065,0.25516,0.49
128,,0.79696,0.1,0.06644,0.715,0.68252,0.015,0.18748,0.415
129,,0.72928,0.05,0.03412,0.69,0.6502,-0.035,0.1198,0.34
130,6,0.7266,0.05,0.0668,0.765,0.46788,1.0,0.18712,0.365
131,,0.65892,0.0,0.03448,0.74,0.43556,0.95,0.11944,0.29
132,,0.59124,-0.05,0.00216,0.715,0.40324,0.9,0.05176,0.215
133,2,0.48856,1.0,-0.06516,0.69,0.40592,0.9,0.01908,0.14
134,3,0.39988,0.915,1.0,0.68,0.4236,0.915,0.0014,0.08
135,,0.3322,0.865,0.96768,0.655,0.39128,0.865,-0.06628,0.005
136,7,0.31452,0.85,0.98536,0.715,0.47996,0.95,1.0,0.015
137,,0.24684,0.8,0.95304,0.69,0.44764,0.9,0.93232,-0.06
138,8,0.19416,0.75,0.93572,0.715,0.50032,0.95,0.94964,1.0
139,,0.12648,0.7,0.9034,0.69,0.468,0.9,0.88196,0.925
140,,0.0588,0.65,0.87108,0.665,0.43568,0.85,0.81428,0.85
141,,-0.00888,0.6,0.83876,0.64,0.40336,0.8,0.7466,0.775
142,1,1.0,0.515,0.78544,0.63,0.42104,0.815,0.72892,0.715
143,,0.93232,0.465,0.75312,0.605,0.38872,0.765,0.66124,0.64
144,,0.86464,0.415,0.7208,0.58,0.3564,0.715,0.59356,0.565
145,,0.79696,0.365,0.68848,0.555,0.32408,0.665,0.52588,0.49
146,,0.72928,0.315,0.65616,0.53,0.29176,0.615,0.4582,0.415
147,,0.6616,0.265,0.62384,0.505,0.25944,0.565,0.39052,0.34
148,,0.59392,0.215,0.59152,0.48,0.22712,0.515,0.32284,0.265
149,,0.52624,0.165,0.5592,0.455,0.1948,0.465,0.25516,0.19
150,,0.45856,0.115,0.52688,0.43,0.16248,0.415,0.18748,0.115
151,,0.39088,0.065,0.49456,0.405,0.13016,0.365,0.1198,0.04
152,,0.3232,0.015,0.46224,0.38,0.09784,0.315,0.05212,-0.035
153,8,0.27052,-0.035,0.44492,0.405,0.15052,0.365,0.06944,1.0
154,2,0.16784,1.0,0.3776,0.38,0.1532,0.365,0.03676,0.925
155,,0.10016,0.95,0.34528,0.355,0.12088,0.315,-0.03092,0.85
156,7,0.08248,0.935,0.36296,0.415,0.20956,0.4,1.0,0.86
157,,0.0148,0.885,0.33064,0.39,0.17724,0.35,0.93232,0.785
158,,-0.05288,0.835,0.29832,0.365,0.14492,0.3,0.86464,0.71
159,1,1.0,0.75,0.245,0.355,0.1626,0.315,0.84696,0.65
160,,0.93232,0.7,0.21268,0.33,0.13028,0.265,0.77928,0.575
161,,0.86464,0.65,0.18036,0.305,0.09796,0.215,0.7116,0.5
162,,0.79696,0.6,0.14804,0.28,0.06564,0.165,0.64392,0.425
163,,0.72928,0.55,0.11572,0.255,0.03332,0.115,0.57624,0.35
164,,0.6616,0.5,0.0834,0.23,0.001,0.065,0.50856,0.275
165,,0.59392,0.45,0.05108,0.205,-0.03132,0.015,0.44088,0.2
166,5,0.57624,0.435,0.06876,0.265,1.0,-0.185,0.4942,0.21
167,6,0.57356,0.435,0.10144,0.34,0.81768,1.0,0.56152,0.235
168,,0.50588,0.385,0.06912,0.315,0.78536,0.95,0.49384,0.16
169,,0.4382,0.335,0.0368,0.29,0.75304,0.9,0.42616,0.085
170,,0.37052,0.285,0.00448,0.265,0.72072,0.85,0.35848,0.01
171,,0.30284,0.235,-0.02784,0.24,0.6884,0.8,0.2908,-0.065
172,8,0.25016,0.185,-0.04516,0.265,0.74108,0.85,0.30812,1.0
173,3,0.16148,0.1,1.0,0.255,0.75876,0.865,0.29044,0.94
174,,0.0938,0.05,0.96768,0.23,0.72644,0.815,0.22276,0.865
175,,0.02612,0.0,0.93536,0.205,0.69412,0.765,0.15508,0.79
176,,-0.04156,-0.05,0.90304,0.18,0.6618,0.715,0.0874,0.715
177,2,-0.14424,1.0,0.83572,0.155,0.66448,0.715,0.05472,0.64
178,1,1.0,0.915,0.7824,0.145,0.68216,0.73,0.03704,0.58
179,,0.93232,0.865,0.75008,0.12,0.64984,0.68,-0.03064,0.505
180,7,0.91464,0.85,0.76776,0.18,0.73852,0.765,1.0,0.515
181,,0.84696,0.8,0.73544,0.155,0.7062,0.715,0.93232,0.44
182,,0.77928,0.75,0.70312,0.13,0.67388,0.665,0.86464,0.365
183,,0.7116,0.7,0.6708,0.105,0.64156,0.615,0.79696,0.29
184,,0.64392,0.65,0.63848,0.08,0.60924,0.565,0.72928,0.215
185,,0.57624,0.6,0.60616,0.055,0.57692,0.515,0.6616,0.14
186,,0.50856,0.55,0.57384,0.03,0.5446,0.465,0.59392,0.065
187,,0.44088,0.5,0.54152,0.005,0.51228,0.415,0.52624,-0.01
188,8,0.3882,0.45,0.5242,0.03,0.56496,0.465,0.54356,1.0
189,,0.32052,0.4,0.49188,0.005,0.53264,0.415,0.47588,0.925
190,,0.25284,0.35,0.45956,-0.02,0.50032,0.365,0.4082,0.85
191,4,0.20016,0.3,0.44224,1.0,0.553,0.415,0.42552,0.825
192,,0.13248,0.25,0.40992,0.975,0.52068,0.365,0.35784,0.75
193,,0.0648,0.2,0.3776,0.95,0.48836,0.315,0.29016,0.675
194,,-0.00288,0.15,0.34528,0.925,0.45604,0.265,0.22248,0.6
195,1,1.0,0.065,0.29196,0.915,0.47372,0.28,0.2048,0.54
196,,0.93232,0.015,0.25964,0.89,0.4414,0.23,0.13712,0.465
197,,0.86464,-0.035,0.22732,0.865,0.40908,0.18,0.06944,0.39
198,2,0.76196,1.0,0.16,0.84,0.41176,0.18,0.03676,0.315
199,,0.69428,0.95,0.12768,0.815,0.37944,0.13,-0.03092,0.24
200,7,0.6766,0.935,0.14536,0.875,0.46812,0.215,1.0,0.25
201,,0.60892,0.885,0.11304,0.85,0.4358,0.165,0.93232,0.175
202,,0.54124,0.835,0.08072,0.825,0.40348,0.115,0.86464,0.1
203,,0.47356,0.785,0.0484,0.8,0.37116,0.065,0.79696,0.025
204,,0.40588,0.735,0.01608,0.775,0.33884,0.015,0.72928,-0.05
205,8,0.3532,0.685,-0.00124,0.8,0.39152,0.065,0.7466,1.0
206,3,0.26452,0.6,1.0,0.79,0.4092,0.08,0.72892,0.94
207,,0.19684,0.55,0.96768,0.765,0.37688,0.03,0.66124,0.865
208,,0.12916,0.5,0.93536,0.74,0.34456,-0.02,0.59356,0.79
209,6,0.12648,0.5,0.96804,0.815,0.16224,1.0,0.66088,0.815
210,,0.0588,0.45,0.93572,0.79,0.12992,0.95,0.5932,0.74
211,,-0.00888,0.4,0.9034,0.765,0.0976,0.9,0.52552,0.665
212,1,1.0,0.315,0.85008,0.755,0.11528,0.915,0.50784,0.605
213,,0.93232,0.265,0.81776,0.73,0.08296,0.865,0.44016,0.53
214,,0.86464,0.215,0.78544,0.705,0.05064,0.815,0.37248,0.455
215,,0.79696,0.165,0.75312,0.68,0.01832,0.765,0.3048,0.38
216,,0.72928,0.115,0.7208,0.655,-0.014,0.715,0.23712,0.305
217,5,0.7116,0.1,0.73848,0.715,1.0,0.515,0.29044,0.315
218,,0.64392,0.05,0.70616,0.69,0.96768,0.465,0.22276,0.24
219,,0.57624,0.0,0.67384,0.665,0.93536,0.415,0.15508,0.165
220,,0.50856,-0.05,0.64152,0.64,0.90304,0.365,0.0874,0.09
221,2,0.40588,1.0,0.5742,0.615,0.90572,0.365,0.05472,0.015
222,,0.3382,0.95,0.54188,0.59,0.8734,0.315,-0.01296,-0.06
223,8,0.28552,0.9,0.52456,0.615,0.92608,0.365,0.00436,1.0
224,,0.21784,0.85,0.49224,0.59,0.89376,0.315,-0.06332,0.925
225,7,0.20016,0.835,0.50992,0.65,0.98244,0.4,1.0,0.935
226,,0.13248,0.785,0.4776,0.625,0.95012,0.35,0.93232,0.86
227,,0.0648,0.735,0.44528,0.6,0.9178,0.3,0.86464,0.785
228,,-0.00288,0.685,0.41296,0.575,0.88548,0.25,0.79696,0.71
229,1,1.0,0.6,0.35964,0.565,0.90316,0.265,0.77928,0.65
230,,0.93232,0.55,0.32732,0.54,0.87084,0.215,0.7116,0.575
231,,0.86464,0.5,0.295,0.515,0.83852,0.165,0.64392,0.5
232,,0.79696,0.45,0.26268,0.49,0.8062,0.115,0.57624,0.425
233,,0.72928,0.4,0.23036,0.465,0.77388,0.065,0.50856,0.35
234,,0.6616,0.35,0.19804,0.44,0.74156,0.015,0.44088,0.275
235,,0.59392,0.3,0.16572,0.415,0.70924,-0.035,0.3732,0.2
236,6,0.59124,0.3,0.1984,0.49,0.52692,1.0,0.44052,0.225
237,,0.52356,0.25,0.16608,0.465,0.4946,0.95,0.37284,0.15
238,,0.45588,0.2,0.13376,0.44,0.46228,0.9,0.30516,0.075
239,,0.3882,0.15,0.10144,0.415,0.42996,0.85,0.23748,-0.0
240,,0.32052,0.1,0.06912,0.39,0.39764,0.8,0.1698,-0.075
241,8,0.26784,0.05,0.0518,0.415,0.45032,0.85,0.18712,1.0
242,,0.20016,0.0,0.01948,0.39,0.418,0.8,0.11944,0.925
243,,0.13248,-0.05,-0.01284,0.365,0.38568,0.75,0.05176,0.85
244,2,0.0298,1.0,-0.08016,0.34,0.38836,0.75,0.01908,0.775
245,3,-0.05888,0.915,1.0,0.33,0.40604,0.765,0.0014,0.715
246,1,1.0,0.83,0.94668,0.32,0.42372,0.78,-0.01628,0.655
247,7,0.98232,0.815,0.96436,0.38,0.5124,0.865,1.0,0.665
248,,0.91464,0.765,0.93204,0.355,0.48008,0.815,0.93232,0.59
249,,0.84696,0.715,0.89972,0.33,0.44776,0.765,0.86464,0.515
250,,0.77928,0.665,0.8674,0.305,0.41544,0.715,0.79696,0.44
251,,0.7116,0.615,0.83508,0.28,0.38312,0.665,0.72928,0.365
252,,0.64392,0.565,0.80276,0.255,0.3508,0.615,0.6616,0.29
253,,0.57624,0.515,0.77044,0.23,0.31848,0.565,0.59392,0.215
254,,0.50856,0.465,0.73812,0.205,0.28616,0.515,0.52624,0.14
255,,0.44088,0.415,0.7058,0.18,0.25384,0.465,0.45856,0.065
256,,0.3732,0.365,0.67348,0.155,0.22152,0.415,0.39088,-0.01
257,8,0.32052,0.315,0.65616,0.18,0.2742,0.465,0.4082,1.0
258,,0.25284,0.265,0.62384,0.155,0.24188,0.415,0.34052,0.925
259,,0.18516,0.215,0.59152,0.13,0.20956,0.365,0.27284,0.85
260,,0.11748,0.165,0.5592,0.105,0.17724,0.315,0.20516,0.775
261,,0.0498,0.115,0.52688,0.08,0.14492,0.265,0.13748,0.7
262,,-0.01788,0.065,0.49456,0.055,0.1126,0.215,0.0698,0.625
263,1,1.0,-0.02,0.44124,0.045,0.13028,0.23,0.05212,0.565
264,2,0.89732,1.0,0.37392,0.02,0.13296,0.23,0.01944,0.49
265,,0.82964,0.95,0.3416,-0.005,0.10064,0.18,-0.04824,0.415
266,7,0.81196,0.935,0.35928,0.055,0.18932,0.265,1.0,0.425
267,,0.74428,0.885,0.32696,0.03,0.157,0.215,0.93232,0.35
268,,0.6766,0.835,0.29464,0.005,0.12468,0.165,0.86464,0.275
269,,0.60892,0.785,0.26232,-0.02,0.09236,0.115,0.79696,0.2
270,4,0.55624,0.735,0.245,1.0,0.14504,0.165,0.81428,0.175
271,,0.48856,0.685,0.21268,0.975,0.11272,0.115,0.7466,0.1
272,,0.42088,0.635,0.18036,0.95,0.0804,0.065,0.67892,0.025
273,,0.3532,0.585,0.14804,0.925,0.04808,0.015,0.61124,-0.05
274,8,0.30052,0.535,0.13072,0.95,0.10076,0.065,0.62856,1.0
275,,0.23284,0.485,0.0984,0.925,0.06844,0.015,0.56088,0.925
276,,0.16516,0.435,0.06608,0.9,0.03612,-0.035,0.4932,0.85
277,6,0.16248,0.435,0.09876,0.975,-0.1462,1.0,0.56052,0.875
278,5,0.1448,0.42,0.11644,1.0,1.0,0.8,0.61384,0.885
279,,0.07712,0.37,0.08412,0.975,0.96768,0.75,0.54616,0.81
280,,0.00944,0.32,0.0518,0.95,0.93536,0.7,0.47848,0.735
281,,-0.05824,0.27,0.01948,0.925,0.90304,0.65,0.4108,0.66
282,1,1.0,0.185,-0.03384,0.915,0.92072,0.665,0.39312,0.6
283,3,0.91132,0.1,1.0,0.905,0.9384,0.68,0.37544,0.54
284,,0.84364,0.05,0.96768,0.88,0.90608,0.63,0.30776,0.465
285,,0.77596,0.0,0.93536,0.855,0.87376,0.58,0.24008,0.39
286,,0.70828,-0.05,0.90304,0.83,0.84144,0.53,0.1724,0.315
287,2,0.6056,1.0,0.83572,0.805,0.84412,0.53,0.13972,0.24
288,,0.53792,0.95,0.8034,0.78,0.8118,0.48,0.07204,0.165
289,,0.47024,0.9,0.77108,0.755,0.77948,0.43,0.00436,0.09
290,,0.40256,0.85,0.73876,0.73,0.74716,0.38,-0.06332,0.015
291,7,0.38488,0.835,0.75644,0.79,0.83584,0.465,1.0,0.025
292,,0.3172,0.785,0.72412,0.765,0.80352,0.415,0.93232,-0.05
293,8,0.26452,0.735,0.7068,0.79,0.8562,0.465,0.94964,1.0
294,,0.19684,0.685,0.67448,0.765,0.82388,0.415,0.88196,0.925
295,,0.12916,0.635,0.64216,0.74,0.79156,0.365,0.81428,0.85
296,,0.06148,0.585,0.60984,0.715,0.75924,0.315,0.7466,0.775
297,,-0.0062,0.535,0.57752,0.69,0.72692,0.265,0.67892,0.7
298,1,1.0,0.45,0.5242,0.68,0.7446,0.28,0.66124,0.64
299,,0.93232,0.4,0.49188,0.655,0.71228,0.23,0.59356,0.565
300,,0.86464,0.35,0.45956,0.63,0.67996,0.18,0.52588,0.49
301,,0.79696,0.3,0.42724,0.605,0.64764,0.13,0.4582,0.415
302,,0.72928,0.25,0.39492,0.58,0.61532,0.08,0.39052,0.34
303,,0.6616,0.2,0.3626,0.555,0.583,0.03,0.32284,0.265
304,,0.59392,0.15,0.33028,0.53,0.55068,-0.02,0.25516,0.19
305,6,0.59124,0.15,0.36296,0.605,0.36836,1.0,0.32248,0.215
306,,0.52356,0.1,0.33064,0.58,0.33604,0.95,0.2548,0.14
307,,0.45588,0.05,0.29832,0.555,0.30372,0.9,0.18712,0.065
308,,0.3882,0.0,0.266,0.53,0.2714,0.85,0.11944,-0.01
309,8,0.33552,-0.05,0.24868,0.555,0.32408,0.9,0.13676,1.0
310,2,0.23284,1.0,0.18136,0.53,0.32676,0.9,0.10408,0.925
311,,0.16516,0.95,0.14904,0.505,0.29444,0.85,0.0364,0.85
312,,0.09748,0.9,0.11672,0.48,0.26212,0.8,-0.03128,0.775
313,7,0.0798,0.885,0.1344,0.54,0.3508,0.885,1.0,0.785
314,,0.01212,0.835,0.10208,0.515,0.31848,0.835,0.93232,0.71
315,,-0.05556,0.785,0.06976,0.49,0.28616,0.785,0.86464,0.635
316,1,1.0,0.7,0.01644,0.48,0.30384,0.8,0.84696,0.575
317,,0.93232,0.65,-0.01588,0.455,0.27152,0.75,0.77928,0.5
318,3,0.84364,0.565,1.0,0.445,0.2892,0.765,0.7616,0.44
319,,0.77596,0.515,0.96768,0.42,0.25688,0.715,0.69392,0.365
320,,0.70828,0.465,0.93536,0.395,0.22456,0.665,0.62624,0.29
321,,0.6406,0.415,0.90304,0.37,0.19224,0.615,0.55856,0.215
322,,0.57292,0.365,0.87072,0.345,0.15992,0.565,0.49088,0.14
323,,0.50524,0.315,0.8384,0.32,0.1276,0.515,0.4232,0.065
324,,0.43756,0.265,0.80608,0.295,0.09528,0.465,0.35552,-0.01
325,8,0.38488,0.215,0.78876,0.32,0.14796,0.515,0.37284,1.0
326,,0.3172,0.165,0.75644,0.295,0.11564,0.465,0.30516,0.925
327,,0.24952,0.115,0.72412,0.27,0.08332,0.415,0.23748,0.85
328,,0.18184,0.065,0.6918,0.245,0.051,0.365,0.1698,0.775
329,,0.11416,0.015,0.65948,0.22,0.01868,0.315,0.10212,0.7
330,,0.04648,-0.035,0.62716,0.195,-0.01364,0.265,0.03444,0.625
331,2,-0.0562,1.0,0.55984,0.17,-0.01096,0.265,0.00176,0.55
332,1,1.0,0.915,0.50652,0.16,0.00672,0.28,-0.01592,0.49
333,7,0.98232,0.9,0.5242,0.22,0.0954,0.365,1.0,0.5
334,,0.91464,0.85,0.49188,0.195,0.06308,0.315,0.93232,0.425
335,,0.84696,0.8,0.45956,0.17,0.03076,0.265,0.86464,0.35
336,,0.77928,0.75,0.42724,0.145,-0.00156,0.215,0.79696,0.275
337,5,0.7616,0.735,0.44492,0.205,1.0,0.015,0.85028,0.285
338,,0.69392,0.685,0.4126,0.18,0.96768,-0.035,0.7826,0.21
339,6,0.69124,0.685,0.44528,0.255,0.78536,1.0,0.84992,0.235
340,,0.62356,0.635,0.41296,0.23,0.75304,0.95,0.78224,0.16
341,,0.55588,0.585,0.38064,0.205,0.72072,0.9,0.71456,0.085
342,,0.4882,0.535,0.34832,0.18,0.6884,0.85,0.64688,0.01
343,,0.42052,0.485,0.316,0.155,0.65608,0.8,0.5792,-0.065
344,8,0.36784,0.435,0.29868,0.18,0.70876,0.85,0.59652,1.0
345,,0.30016,0.385,0.26636,0.155,0.67644,0.8,0.52884,0.925
346,,0.23248,0.335,0.23404,0.13,0.64412,0.75,0.46116,0.85
347,,0.1648,0.285,0.20172,0.105,0.6118,0.7,0.39348,0.775
348,,0.09712,0.235,0.1694,0.08,0.57948,0.65,0.3258,0.7
349,,0.02944,0.185,0.13708,0.055,0.54716,0.6,0.25812,0.625
350,,-0.03824,0.135,0.10476,0.03,0.51484,0.55,0.19044,0.55
351,1,1.0,0.05,0.05144,0.02,0.53252,0.565,0.17276,0.49
352,,0.93232,0.0,0.01912,-0.005,0.5002,0.515,0.10508,0.415
353,4,0.87964,-0.05,0.0018,1.0,0.55288,0.565,0.1224,0.39
354,2,0.77696,1.0,-0.06552,0.975,0.55556,0.565,0.08972,0.315
355,3,0.68828,0.915,1.0,0.965,0.57324,0.58,0.07204,0.255
356,,0.6206,0.865,0.96768,0.94,0.54092,0.53,0.00436,0.18
357,,0.55292,0.815,0.93536,0.915,0.5086,0.48,-0.06332,0.105
358,7,0.53524,0.8,0.95304,0.975,0.59728,0.565,1.0,0.115
359,,0.46756,0.75,0.92072,0.95,0.56496,0.515,0.93232,0.04
360,,0.39988,0.7,0.8884,0.925,0.53264,0.465,0.86464,-0.035
361,8,0.3472,0.65,0.87108,0.95,0.58532,0.515,0.88196,1.0
362,,0.27952,0.6,0.83876,0.925,0.553,0.465,0.81428,0.925
363,,0.21184,0.55,0.80644,0.9,0.52068,0.415,0.7466,0.85
364,,0.14416,0.5,0.77412,0.875,0.48836,0.365,0.67892,0.775
365,,0.07648,0.45,0.7418,0.85,0.45604,0.315,0.61124,0.7
366,,0.0088,0.4,0.70948,0.825,0.42372,0.265,0.54356,0.625
367,,-0.05888,0.35,0.67716,0.8,0.3914,0.215,0.47588,0.55
368,1,1.0,0.265,0.62384,0.79,0.40908,0.23,0.4582,0.49
369,,0.93232,0.215,0.59152,0.765,0.37676,0.18,0.39052,0.415
370,,0.86464,0.165,0.5592,0.74,0.34444,0.13,0.32284,0.34
371,,0.79696,0.115,0.52688,0.715,0.31212,0.08,0.25516,0.265
372,,0.72928,0.065,0.49456,0.69,0.2798,0.03,0.18748,0.19
373,,0.6616,0.015,0.46224,0.665,0.24748,-0.02,0.1198,0.115
374,6,0.65892,0.015,0.49492,0.74,0.06516,1.0,0.18712,0.14
375,,0.59124,-0.035,0.4626,0.715,0.03284,0.95,0.11944,0.065
376,2,0.48856,1.0,0.39528,0.69,0.03552,0.95,0.08676,-0.01
377,8,0.43588,0.95,0.37796,0.715,0.0882,1.0,0.10408,1.0
378,,0.3682,0.9,0.34564,0.69,0.05588,0.95,0.0364,0.925
379,,0.30052,0.85,0.31332,0.665,0.02356,0.9,-0.03128,0.85
380,7,0.28284,0.835,0.331,0.725,0.11224,0.985,1.0,0.86
381,,0.21516,0.785,0.29868,0.7,0.07992,0.935,0.93232,0.785
382,,0.14748,0.735,0.26636,0.675,0.0476,0.885,0.86464,0.71
383,,0.0798,0.685,0.23404,0.65,0.01528,0.835,0.79696,0.635
384,,0.01212,0.635,0.20172,0.625,-0.01704,0.785,0.72928,0.56
385,5,-0.00556,0.62,0.2194,0.685,1.0,0.585,0.7826,0.57
386,1,1.0,0.535,0.16608,0.675,1.0,0.6,0.76492,0.51
387,,0.93232,0.485,0.13376,0.65,0.96768,0.55,0.69724,0.435
388,,0.86464,0.435,0.10144,0.625,0.93536,0.5,0.62956,0.36
389,,0.79696,0.385,0.06912,0.6,0.90304,0.45,0.56188,0.285
390,,0.72928,0.335,0.0368,0.575,0.87072,0.4,0.4942,0.21
391,,0.6616,0.285,0.00448,0.55,0.8384,0.35,0.42652,0.135
392,,0.59392,0.235,-0.02784,0.525,0.80608,0.3,0.35884,0.06
393,3,0.50524,0.15,1.0,0.515,0.82376,0.315,0.34116,-0.0
394,,0.43756,0.1,0.96768,0.49,0.79144,0.265,0.27348,-0.075
395,8,0.38488,0.05,0.95036,0.515,0.84412,0.315,0.2908,1.0
396,,0.3172,0.0,0.91804,0.49,0.8118,0.265,0.22312,0.925
397,,0.24952,-0.05,0.88572,0.465,0.77948,0.215,0.15544,0.85
398,2,0.14684,1.0,0.8184,0.44,0.78216,0.215,0.12276,0.775
399,,0.07916,0.95,0.78608,0.415,0.74984,0.165,0.05508,0.7
400,,0.01148,0.9,0.75376,0.39,0.71752,0.115,-0.0126,0.625
401,7,-0.0062,0.885,0.77144,0.45,0.8062,0.2,1.0,0.635
402,1,1.0,0.8,0.71812,0.44,0.82388,0.215,0.98232,0.575
403,,0.93232,0.75,0.6858,0.415,0.79156,0.165,0.91464,0.5
404,,0.86464,0.7,0.65348,0.39,0.75924,0.115,0.84696,0.425
405,,0.79696,0.65,0.62116,0.365,0.72692,0.065,0.77928,0.35
406,,0.72928,0.6,0.58884,0.34,0.6946,0.015,0.7116,0.275
407,,0.6616,0.55,0.55652,0.315,0.66228,-0.035,0.64392,0.2
408,6,0.65892,0.55,0.5892,0.39,0.47996,1.0,0.71124,0.225
409,,0.59124,0.5,0.55688,0.365,0.44764,0.95,0.64356,0.15
410,,0.52356,0.45,0.52456,0.34,0.41532,0.9,0.57588,0.075
411,,0.45588,0.4,0.49224,0.315,0.383,0.85,0.5082,-0.0
412,,0.3882,0.35,0.45992,0.29,0.35068,0.8,0.44052,-0.075
413,8,0.33552,0.3,0.4426,0.315,0.40336,0.85,0.45784,1.0
414,,0.26784,0.25,0.41028,0.29,0.37104,0.8,0.39016,0.925
415,,0.20016,0.2,0.37796,0.265,0.33872,0.75,0.32248,0.85
416,,0.13248,0.15,0.34564,0.24,0.3064,0.7,0.2548,0.775
417,,0.0648,0.1,0.31332,0.215,0.27408,0.65,0.18712,0.7
418,,-0.00288,0.05,0.281,0.19,0.24176,0.6,0.11944,0.625
419,1,1.0,-0.035,0.22768,0.18,0.25944,0.615,0.10176,0.565
420,2,0.89732,1.0,0.16036,0.155,0.26212,0.615,0.06908,0.49
421,,0.82964,0.95,0.12804,0.13,0.2298,0.565,0.0014,0.415
422,,0.76196,0.9,0.09572,0.105,0.19748,0.515,-0.06628,0.34
423,7,0.74428,0.885,0.1134,0.165,0.28616,0.6,1.0,0.35
424,,0.6766,0.835,0.08108,0.14,0.25384,0.55,0.93232,0.275
425,,0.60892,0.785,0.04876,0.115,0.22152,0.5,0.86464,0.2
426,,0.54124,0.735,0.01644,0.09,0.1892,0.45,0.79696,0.125
427,,0.47356,0.685,-0.01588,0.065,0.15688,0.4,0.72928,0.05
428,3,0.38488,0.6,1.0,0.055,0.17456,0.415,0.7116,-0.01
429,8,0.3322,0.55,0.98268,0.08,0.22724,0.465,0.72892,1.0
430,,0.26452,0.5,0.95036,0.055,0.19492,0.415,0.66124,0.925
431,,0.19684,0.45,0.91804,0.03,0.1626,0.365,0.59356,0.85
432,,0.12916,0.4,0.88572,0.005,0.13028,0.315,0.52588,0.775
433,,0.06148,0.35,0.8534,-0.02,0.09796,0.265,0.4582,0.7
434,4,0.0088,0.3,0.83608,1.0,0.15064,0.315,0.47552,0.675
435,,-0.05888,0.25,0.80376,0.975,0.11832,0.265,0.40784,0.6
436,1,1.0,0.165,0.75044,0.965,0.136,0.28,0.39016,0.54
437,,0.93232,0.115,0.71812,0.94,0.10368,0.23,0.32248,0.465
438,,0.86464,0.065,0.6858,0.915,0.07136,0.18,0.2548,0.39
439,,0.79696,0.015,0.65348,0.89,0.03904,0.13,0.18712,0.315
440,,0.72928,-0.035,0.62116,0.865,0.00672,0.08,0.11944,0.24
441,2,0.6266,1.0,0.55384,0.84,0.0094,0.08,0.08676,0.165
442,,0.55892,0.95,0.52152,0.815,-0.02292,0.03,0.01908,0.09
443,5,0.54124,0.935,0.5392,0.875,1.0,-0.17,0.0724,0.1
444,6,0.53856,0.935,0.57188,0.95,0.81768,1.0,0.13972,0.125
445,,0.47088,0.885,0.53956,0.925,0.78536,0.95,0.07204,0.05
446,,0.4032,0.835,0.50724,0.9,0.75304,0.9,0.00436,-0.025
447,8,0.35052,0.785,0.48992,0.925,0.80572,0.95,0.02168,1.0
448,,0.28284,0.735,0.4576,0.9,0.7734,0.9,-0.046,0.925
449,7,0.26516,0.72,0.47528,0.96,0.86208,0.985,1.0,0.935
450,,0.19748,0.67,0.44296,0.935,0.82976,0.935,0.93232,0.86
451,,0.1298,0.62,0.41064,0.91,0.79744,0.885,0.86464,0.785
452,,0.06212,0.57,0.37832,0.885,0.76512,0.835,0.79696,0.71
453,,-0.00556,0.52,0.346,0.86,0.7328,0.785,0.72928,0.635
454,1,1.0,0.435,0.29268,0.85,0.75048,0.8,0.7116,0.575
455,,0.93232,0.385,0.26036,0.825,0.71816,0.75,0.64392,0.5
456,,0.86464,0.335,0.22804,0.8,0.68584,0.7,0.57624,0.425
457,,0.79696,0.285,0.19572,0.775,0.65352,0.65,0.50856,0.35
458,,0.72928,0.235,0.1634,0.75,0.6212,0.6,0.44088,0.275
459,,0.6616,0.185,0.13108,0.725,0.58888,0.55,0.3732,0.2
460,,0.59392,0.135,0.09876,0.7,0.55656,0.5,0.30552,0.125
461,,0.52624,0.085,0.06644,0.675,0.52424,0.45,0.23784,0.05
462,,0.45856,0.035,0.03412,0.65,0.49192,0.4,0.17016,-0.025
463,8,0.40588,-0.015,0.0168,0.675,0.5446,0.45,0.18748,1.0
464,2,0.3032,1.0,-0.05052,0.65,0.54728,0.45,0.1548,0.925
465,3,0.21452,0.915,1.0,0.64,0.56496,0.465,0.13712,0.865
466,,0.14684,0.865,0.96768,0.615,0.53264,0.415,0.06944,0.79
467,,0.07916,0.815,0.93536,0.59,0.50032,0.365,0.00176,0.715
468,,0.01148,0.765,0.90304,0.565,0.468,0.315,-0.06592,0.64
469,7,-0.0062,0.75,0.92072,0.625,0.55668,0.4,1.0,0.65
470,1,1.0,0.665,0.8674,0.615,0.57436,0.415,0.98232,0.59
471,,0.93232,0.615,0.83508,0.59,0.54204,0.365,0.91464,0.515
472,,0.86464,0.565,0.80276,0.565,0.50972,0.315,0.84696,0.44
473,,0.79696,0.515,0.77044,0.54,0.4774,0.265,0.77928,0.365
474,,0.72928,0.465,0.73812,0.515,0.44508,0.215,0.7116,0.29
475,,0.6616,0.415,0.7058,0.49,0.41276,0.165,0.64392,0.215
476,,0.59392,0.365,0.67348,0.465,0.38044,0.115,0.57624,0.14
477,,0.52624,0.315,0.64116,0.44,0.34812,0.065,0.50856,0.065
478,,0.45856,0.265,0.60884,0.415,0.3158,0.015,0.44088,-0.01
479,8,0.40588,0.215,0.59152,0.44,0.36848,0.065,0.4582,1.0
480,,0.3382,0.165,0.5592,0.415,0.33616,0.015,0.39052,0.925
481,,0.27052,0.115,0.52688,0.39,0.30384,-0.035,0.32284,0.85
482,6,0.26784,0.115,0.55956,0.465,0.12152,1.0,0.39016,0.875
483,,0.20016,0.065,0.52724,0.44,0.0892,0.95,0.32248,0.8
484,,0.13248,0.015,0.49492,0.415,0.05688,0.9,0.2548,0.725
485,,0.0648,-0.035,0.4626,0.39,0.02456,0.85,0.18712,0.65
486,2,-0.03788,1.0,0.39528,0.365,0.02724,0.85,0.15444,0.575
487,1,1.0,0.915,0.34196,0.355,0.04492,0.865,0.13676,0.515
488,,0.93232,0.865,0.30964,0.33,0.0126,0.815,0.06908,0.44
489,,0.86464,0.815,0.27732,0.305,-0.01972,0.765,0.0014,0.365
490,5,0.84696,0.8,0.295,0.365,1.0,0.565,0.05472,0.375
491,,0.77928,0.75,0.26268,0.34,0.96768,0.515,-0.01296,0.3
492,7,0.7616,0.735,0.28036,0.4,1.0,0.6,1.0,0.31
493,,0.69392,0.685,0.24804,0.375,0.96768,0.55,0.93232,0.235
494,,0.62624,0.635,0.21572,0.35,0.93536,0.5,0.86464,0.16
495,,0.55856,0.585,0.1834,0.325,0.90304,0.45,0.79696,0.085
496,,0.49088,0.535,0.15108,0.3,0.87072,0.4,0.72928,0.01
497,,0.4232,0.485,0.11876,0.275,0.8384,0.35,0.6616,-0.065
498,8,0.37052,0.435,0.10144,0.3,0.89108,0.4,0.67892,1.0
499,,0.30284,0.385,0.06912,0.275,0.85876,0.35,0.61124,0.925
500,,0.23516,0.335,0.0368,0.25,0.82644,0.3,0.54356,0.85
501,,0.16748,0.285,0.00448,0.225,0.79412,0.25,0.47588,0.775
502,,0.0998,0.235,-0.02784,0.2,0.7618,0.2,0.4082,0.7
503,3,0.01112,0.15,1.0,0.19,0.77948,0.215,0.39052,0.64
504,,-0.05656,0.1,0.96768,0.165,0.74716,0.165,0.32284,0.565
505,1,1.0,0.015,0.91436,0.155,0.76484,0.18,0.30516,0.505
506,,0.93232,-0.035,0.88204,0.13,0.73252,0.13,0.23748,0.43
507,2,0.82964,1.0,0.81472,0.105,0.7352,0.13,0.2048,0.355
508,,0.76196,0.95,0.7824,0.08,0.70288,0.08,0.13712,0.28
509,,0.69428,0.9,0.75008,0.055,0.67056,0.03,0.06944,0.205
510,,0.6266,0.85,0.71776,0.03,0.63824,-0.02,0.00176,0.13
511,6,0.62392,0.85,0.75044,0.105,0.45592,1.0,0.06908,0.155
512,,0.55624,0.8,0.71812,0.08,0.4236,0.95,0.0014,0.08
513,,0.48856,0.75,0.6858,0.055,0.39128,0.9,-0.06628,0.005
514,7,0.47088,0.735,0.70348,0.115,0.47996,0.985,1.0,0.015
515,,0.4032,0.685,0.67116,0.09,0.44764,0.935,0.93232,-0.06
516,8,0.35052,0.635,0.65384,0.115,0.50032,0.985,0.94964,1.0
517,,0.28284,0.585,0.62152,0.09,0.468,0.935,0.88196,0.925
518,,0.21516,0.535,0.5892,0.065,0.43568,0.885,0.81428,0.85
519,,0.14748,0.485,0.55688,0.04,0.40336,0.835,0.7466,0.775
520,,0.0798,0.435,0.52456,0.015,0.37104,0.785,0.67892,0.7
521,,0.01212,0.385,0.49224,-0.01,0.33872,0.735,0.61124,0.625
522,4,-0.04056,0.335,0.47492,1.0,0.3914,0.785,0.62856,0.6
523,1,1.0,0.25,0.4216,0.99,0.40908,0.8,0.61088,0.54
524,,0.93232,0.2,0.38928,0.965,0.37676,0.75,0.5432,0.465
525,,0.86464,0.15,0.35696,0.94,0.34444,0.7,0.47552,0.39
526,,0.79696,0.1,0.32464,0.915,0.31212,0.65,0.40784,0.315
527,,0.72928,0.05,0.29232,0.89,0.2798,0.6,0.34016,0.24
528,,0.6616,0.0,0.26,0.865,0.24748,0.55,0.27248,0.165
529,,0.59392,-0.05,0.22768,0.84,0.21516,0.5,0.2048,0.09
530,2,0.49124,1.0,0.16036,0.815,0.21784,0.5,0.17212,0.015
531,,0.42356,0.95,0.12804,0.79,0.18552,0.45,0.10444,-0.06
532,8,0.37088,0.9,0.11072,0.815,0.2382,0.5,0.12176,1.0
533,,0.3032,0.85,0.0784,0.79,0.20588,0.45,0.05408,0.925
534,,0.23552,0.8,0.04608,0.765,0.17356,0.4,-0.0136,0.85
535,7,0.21784,0.785,0.06376,0.825,0.26224,0.485,1.0,0.86
536,,0.15016,0.735,0.03144,0.8,0.22992,0.435,0.93232,0.785
537,,0.08248,0.685,-0.00088,0.775,0.1976,0.385,0.86464,0.71
538,3,-0.0062,0.6,1.0,0.765,0.21528,0.4,0.84696,0.65
539,1,1.0,0.515,0.94668,0.755,0.23296,0.415,0.82928,0.59
540,,0.93232,0.465,0.91436,0.73,0.20064,0.365,0.7616,0.515
541,,0.86464,0.415,0.88204,0.705,0.16832,0.315,0.69392,0.44
542,,0.79696,0.365,0.84972,0.68,0.136,0.265,0.62624,0.365
543,,0.72928,0.315,0.8174,0.655,0.10368,0.215,0.55856,0.29
544,,0.6616,0.265,0.78508,0.63,0.07136,0.165,0.49088,0.215
545,,0.59392,0.215,0.75276,0.605,0.03904,0.115,0.4232,0.14
546,,0.52624,0.165,0.72044,0.58,0.00672,0.065,0.35552,0.065
547,,0.45856,0.115,0.68812,0.555,-0.0256,0.015,0.28784,-0.01
548,5,0.44088,0.1,0.7058,0.615,1.0,-0.185,0.34116,0.0
549,6,0.4382,0.1,0.73848,0.69,0.81768,1.0,0.40848,0.025
550,,0.37052,0.05,0.70616,0.665,0.78536,0.95,0.3408,-0.05
551,8,0.31784,0.0,0.68884,0.69,0.83804,1.0,0.35812,1.0
552,,0.25016,-0.05,0.65652,0.665,0.80572,0.95,0.29044,0.925
553,2,0.14748,1.0,0.5892,0.64,0.8084,0.95,0.25776,0.85
554,,0.0798,0.95,0.55688,0.615,0.77608,0.9,0.19008,0.775
555,,0.01212,0.9,0.52456,0.59,0.74376,0.85,0.1224,0.7
556,,-0.05556,0.85,0.49224,0.565,0.71144,0.8,0.05472,0.625
557,1,1.0,0.765,0.43892,0.555,0.72912,0.815,0.03704,0.565
558,,0.93232,0.715,0.4066,0.53,0.6968,0.765,-0.03064,0.49
559,7,0.91464,0.7,0.42428,0.59,0.78548,0.85,1.0,0.5
560,,0.84696,0.65,0.39196,0.565,0.75316,0.8,0.93232,0.425
561,,0.77928,0.6,0.35964,0.54,0.72084,0.75,0.86464,0.35
562,,0.7116,0.55,0.32732,0.515,0.68852,0.7,0.79696,0.275
563,,0.64392,0.5,0.295,0.49,0.6562,0.65,0.72928,0.2
564,,0.57624,0.45,0.26268,0.465,0.62388,0.6,0.6616,0.125
565,,0.50856,0.4,0.23036,0.44,0.59156,0.55,0.59392,0.05
566,,0.44088,0.35,0.19804,0.415,0.55924,0.5,0.52624,-0.025
567,8,0.3882,0.3,0.18072,0.44,0.61192,0.55,0.54356,1.0
568,,0.32052,0.25,0.1484,0.415,0.5796,0.5,0.47588,0.925
569,,0.25284,0.2,0.11608,0.39,0.54728,0.45,0.4082,0.85
570,,0.18516,0.15,0.08376,0.365,0.51496,0.4,0.34052,0.775
571,,0.11748,0.1,0.05144,0.34,0.48264,0.35,0.27284,0.7
572,,0.0498,0.05,0.01912,0.315,0.45032,0.3,0.20516,0.625
573,,-0.01788,0.0,-0.0132,0.29,0.418,0.25,0.13748,0.55
574,1,1.0,-0.085,-0.06652,0.28,0.43568,0.265,0.1198,0.49
575,2,0.89732,1.0,-0.13384,0.255,0.43836,0.265,0.08712,0.415
576,3,0.80864,0.915,1.0,0.245,0.45604,0.28,0.06944,0.355
577,,0.74096,0.865,0.96768,0.22,0.42372,0.23,0.00176,0.28
578,,0.67328,0.815,0.93536,0.195,0.3914,0.18,-0.06592,0.205
579,7,0.6556,0.8,0.95304,0.255,0.48008,0.265,1.0,0.215
580,,0.58792,0.75,0.92072,0.23,0.44776,0.215,0.93232,0.14
581,,0.52024,0.7,0.8884,0.205,0.41544,0.165,0.86464,0.065
582,,0.45256,0.65,0.85608,0.18,0.38312,0.115,0.79696,-0.01
583,8,0.39988,0.6,0.83876,0.205,0.4358,0.165,0.81428,1.0
584,,0.3322,0.55,0.80644,0.18,0.40348,0.115,0.7466,0.925
585,,0.26452,0.5,0.77412,0.155,0.37116,0.065,0.67892,0.85
586,,0.19684,0.45,0.7418,0.13,0.33884,0.015,0.61124,0.775
587,,0.12916,0.4,0.70948,0.105,0.30652,-0.035,0.54356,0.7
588,6,0.12648,0.4,0.74216,0.18,0.1242,1.0,0.61088,0.725
589,,0.0588,0.35,0.70984,0.155,0.09188,0.95,0.5432,0.65
590,,-0.00888,0.3,0.67752,0.13,0.05956,0.9,0.47552,0.575
591,1,1.0,0.215,0.6242,0.12,0.07724,0.915,0.45784,0.515
592,,0.93232,0.165,0.59188,0.095,0.04492,0.865,0.39016,0.44
593,,0.86464,0.115,0.55956,0.07,0.0126,0.815,0.32248,0.365
594,,0.79696,0.065,0.52724,0.045,-0.01972,0.765,0.2548,0.29
595,5,0.77928,0.05,0.54492,0.105,1.0,0.565,0.30812,0.3
596,,0.7116,0.0,0.5126,0.08,0.96768,0.515,0.24044,0.225
597,,0.64392,-0.05,0.48028,0.055,0.93536,0.465,0.17276,0.15
598,2,0.54124,1.0,0.41296,0.03,0.93804,0.465,0.14008,0.075
599,,0.47356,0.95,0.38064,0.005,0.90572,0.415,0.0724,-0.0
600,,0.40588,0.9,0.34832,-0.02,0.8734,0.365,0.00472,-0.075
601,8,0.3532,0.85,0.331,0.005,0.92608,0.415,0.02204,1.0
602,,0.28552,0.8,0.29868,-0.02,0.89376,0.365,-0.04564,0.925
603,7,0.26784,0.785,0.31636,0.04,0.98244,0.45,1.0,0.935
604,,0.20016,0.735,0.28404,0.015,0.95012,0.4,0.93232,0.86
605,,0.13248,0.685,0.25172,-0.01,0.9178,0.35,0.86464,0.785
606,4,0.0798,0.635,0.2344,1.0,0.97048,0.4,0.88196,0.76
607,,0.01212,0.585,0.20208,0.975,0.93816,0.35,0.81428,0.685
608,,-0.05556,0.535,0.16976,0.95,0.90584,0.3,0.7466,0.61
609,1,1.0,0.45,0.11644,0.94,0.92352,0.315,0.72892,0.55
610,,0.93232,0.4,0.08412,0.915,0.8912,0.265,0.66124,0.475
611,,0.86464,0.35,0.0518,0.89,0.85888,0.215,0.59356,0.4
612,,0.79696,0.3,0.01948,0.865,0.82656,0.165,0.52588,0.325
613,,0.72928,0.25,-0.01284,0.84,0.79424,0.115,0.4582,0.25
614,3,0.6406,0.165,1.0,0.83,0.81192,0.13,0.44052,0.19
615,,0.57292,0.115,0.96768,0.805,0.7796,0.08,0.37284,0.115
616,,0.50524,0.065,0.93536,0.78,0.74728,0.03,0.30516,0.04
617,,0.43756,0.015,0.90304,0.755,0.71496,-0.02,0.23748,-0.035
618,8,0.38488,-0.035,0.88572,0.78,0.76764,0.03,0.2548,1.0
619,2,0.2822,1.0,0.8184,0.755,0.77032,0.03,0.22212,0.925
620,,0.21452,0.95,0.78608,0.73,0.738,-0.02,0.15444,0.85
621,6,0.21184,0.95,0.81876,0.805,0.55568,1.0,0.22176,0.875
622,,0.14416,0.9,0.78644,0.78,0.52336,0.95,0.15408,0.8
623,,0.07648,0.85,0.75412,0.755,0.49104,0.9,0.0864,0.725
624,,0.0088,0.8,0.7218,0.73,0.45872,0.85,0.01872,0.65
625,,-0.05888,0.75,0.68948,0.705,0.4264,0.8,-0.04896,0.575
626,1,1.0,0.665,0.63616,0.695,0.44408,0.815,-0.06664,0.515
627,7,0.98232,0.65,0.65384,0.755,0.53276,0.9,1.0,0.525
628,,0.91464,0.6,0.62152,0.73,0.50044,0.85,0.93232,0.45
629,,0.84696,0.55,0.5892,0.705,0.46812,0.8,0.86464,0.375
630,,0.77928,0.5,0.55688,0.68,0.4358,0.75,0.79696,0.3
631,,0.7116,0.45,0.52456,0.655,0.40348,0.7,0.72928,0.225
632,,0.64392,0.4,0.49224,0.63,0.37116,0.65,0.6616,0.15
633,,0.57624,0.35,0.45992,0.605,0.33884,0.6,0.59392,0.075
634,,0.50856,0.3,0.4276,0.58,0.30652,0.55,0.52624,-0.0
635,,0.44088,0.25,0.39528,0.555,0.2742,0.5,0.45856,-0.075
636,8,0.3882,0.2,0.37796,0.58,0.32688,0.55,0.47588,1.0
637,,0.32052,0.15,0.34564,0.555,0.29456,0.5,0.4082,0.925
638,,0.25284,0.1,0.31332,0.53,0.26224,0.45,0.34052,0.85
639,,0.18516,0.05,0.281,0.505,0.22992,0.4,0.27284,0.775
640,,0.11748,0.0,0.24868,0.48,0.1976,0.35,0.20516,0.7
641,,0.0498,-0.05,0.21636,0.455,0.16528,0.3,0.13748,0.625
642,2,-0.05288,1.0,0.14904,0.43,0.16796,0.3,0.1048,0.55
643,1,1.0,0.915,0.09572,0.42,0.18564,0.315,0.08712,0.49
644,,0.93232,0.865,0.0634,0.395,0.15332,0.265,0.01944,0.415
645,,0.86464,0.815,0.03108,0.37,0.121,0.215,-0.04824,0.34
646,7,0.84696,0.8,0.04876,0.43,0.20968,0.3,1.0,0.35
647,,0.77928,0.75,0.01644,0.405,0.17736,0.25,0.93232,0.275
648,,0.7116,0.7,-0.01588,0.38,0.14504,0.2,0.86464,0.2
649,3,0.62292,0.615,1.0,0.37,0.16272,0.215,0.84696,0.14
650,,0.55524,0.565,0.96768,0.345,0.1304,0.165,0.77928,0.065
651,,0.48756,0.515,0.93536,0.32,0.09808,0.115,0.7116,-0.01
652,8,0.43488,0.465,0.91804,0.345,0.15076,0.165,0.72892,1.0
653,,0.3672,0.415,0.88572,0.32,0.11844,0.115,0.66124,0.925
654,,0.29952,0.365,0.8534,0.295,0.08612,0.065,0.59356,0.85
655,,0.23184,0.315,0.82108,0.27,0.0538,0.015,0.52588,0.775
656,,0.16416,0.265,0.78876,0.245,0.02148,-0.035,0.4582,0.7
657,6,0.16148,0.265,0.82144,0.32,-0.16084,1.0,0.52552,0.725
658,5,0.1438,0.25,0.83912,0.38,1.0,0.8,0.57884,0.735
659,,0.07612,0.2,0.8068,0.355,0.96768,0.75,0.51116,0.66
660,,0.00844,0.15,0.77448,0.33,0.93536,0.7,0.44348,0.585
661,,-0.05924,0.1,0.74216,0.305,0.90304,0.65,0.3758,0.51
662,1,1.0,0.015,0.68884,0.295,0.92072,0.665,0.35812,0.45
663,,0.93232,-0.035,0.65652,0.27,0.8884,0.615,0.29044,0.375
664,2,0.82964,1.0,0.5892,0.245,0.89108,0.615,0.25776,0.3
665,,0.76196,0.95,0.55688,0.22,0.85876,0.565,0.19008,0.225
666,,0.69428,0.9,0.52456,0.195,0.82644,0.515,0.1224,0.15
667,,0.6266,0.85,0.49224,0.17,0.79412,0.465,0.05472,0.075
668,,0.55892,0.8,0.45992,0.145,0.7618,0.415,-0.01296,-0.0
669,7,0.54124,0.785,0.4776,0.205,0.85048,0.5,1.0,0.01
670,,0.47356,0.735,0.44528,0.18,0.81816,0.45,0.93232,-0.065
671,8,0.42088,0.685,0.42796,0.205,0.87084,0.5,0.94964,1.0
672,,0.3532,0.635,0.39564,0.18,0.83852,0.45,0.88196,0.925
673,,0.28552,0.585,0.36332,0.155,0.8062,0.4,0.81428,0.85
674,,0.21784,0.535,0.331,0.13,0.77388,0.35,0.7466,0.775
675,,0.15016,0.485,0.29868,0.105,0.74156,0.3,0.67892,0.7
676,,0.08248,0.435,0.26636,0.08,0.70924,0.25,0.61124,0.625
677,,0.0148,0.385,0.23404,0.055,0.67692,0.2,0.54356,0.55
678,,-0.05288,0.335,0.20172,0.03,0.6446,0.15,0.47588,0.475
679,1,1.0,0.25,0.1484,0.02,0.66228,0.165,0.4582,0.415
680,,0.93232,0.2,0.11608,-0.005,0.62996,0.115,0.39052,0.34
681,4,0.87964,0.15,0.09876,1.0,0.68264,0.165,0.40784,0.315
682,,0.81196,0.1,0.06644,0.975,0.65032,0.115,0.34016,0.24
683,,0.74428,0.05,0.03412,0.95,0.618,0.065,0.27248,0.165
684,,0.6766,0.0,0.0018,0.925,0.58568,0.015,0.2048,0.09
685,,0.60892,-0.05,-0.03052,0.9,0.55336,-0.035,0.13712,0.015
686,2,0.50624,1.0,-0.09784,0.875,0.55604,-0.035,0.10444,-0.06
687,3,0.41756,0.915,1.0,0.865,0.57372,-0.02,0.08676,-0.12
688,8,0.36488,0.865,0.98268,0.89,0.6264,0.03,0.10408,1.0
689,,0.2972,0.815,0.95036,0.865,0.59408,-0.02,0.0364,0.925
690,6,0.29452,0.815,0.98304,0.94,0.41176,1.0,0.10372,0.95
691,,0.22684,0.765,0.95072,0.915,0.37944,0.95,0.03604,0.875
692,,0.15916,0.715,0.9184,0.89,0.34712,0.9,-0.03164,0.8
693,7,0.14148,0.7,0.93608,0.95,0.4358,0.985,1.0,0.81
694,,0.0738,0.65,0.90376,0.925,0.40348,0.935,0.93232,0.735
695,,0.00612,0.6,0.87144,0.9,0.37116,0.885,0.86464,0.66
696,,-0.06156,0.55,0.83912,0.875,0.33884,0.835,0.79696,0.585
697,1,1.0,0.465,0.7858,0.865,0.35652,0.85,0.77928,0.525
698,,0.93232,0.415,0.75348,0.84,0.3242,0.8,0.7116,0.45
699,,0.86464,0.365,0.72116,0.815,0.29188,0.75,0.64392,0.375
700,,0.79696,0.315,0.68884,0.79,0.25956,0.7,0.57624,0.3
701,,0.72928,0.265,0.65652,0.765,0.22724,0.65,0.50856,0.225
702,,0.6616,0.215,0.6242,0.74,0.19492,0.6,0.44088,0.15
703,,0.59392,0.165,0.59188,0.715,0.1626,0.55,0.3732,0.075
704,,0.52624,0.115,0.55956,0.69,0.13028,0.5,0.30552,-0.0
705,,0.45856,0.065,0.52724,0.665,0.09796,0.45,0.23784,-0.075
706,8,0.40588,0.015,0.50992,0.69,0.15064,0.5,0.25516,1.0
707,,0.3382,-0.035,0.4776,0.665,0.11832,0.45,0.18748,0.925
708,2,0.23552,1.0,0.41028,0.64,0.121,0.45,0.1548,0.85
709,,0.16784,0.95,0.37796,0.615,0.08868,0.4,0.08712,0.775
710,,0.10016,0.9,0.34564,0.59,0.05636,0.35,0.01944,0.7
711,,0.03248,0.85,0.31332,0.565,0.02404,0.3,-0.04824,0.625
712,7,0.0148,0.835,0.331,0.625,0.11272,0.385,1.0,0.635
713,,-0.05288,0.785,0.29868,0.6,0.0804,0.335,0.93232,0.56
714,1,1.0,0.7,0.24536,0.59,0.09808,0.35,0.91464,0.5
715,,0.93232,0.65,0.21304,0.565,0.06576,0.3,0.84696,0.425
716,,0.86464,0.6,0.18072,0.54,0.03344,0.25,0.77928,0.35
717,,0.79696,0.55,0.1484,0.515,0.00112,0.2,0.7116,0.275
718,,0.72928,0.5,0.11608,0.49,-0.0312,0.15,0.64392,0.2
719,5,0.7116,0.485,0.13376,0.55,1.0,-0.05,0.69724,0.21
720,6,0.70892,0.485,0.16644,0.625,0.81768,1.0,0.76456,0.235
721,,0.64124,0.435,0.13412,0.6,0.78536,0.95,0.69688,0.16
722,,0.57356,0.385,0.1018,0.575,0.75304,0.9,0.6292,0.085
723,,0.50588,0.335,0.06948,0.55,0.72072,0.85,0.56152,0.01
724,,0.4382,0.285,0.03716,0.525,0.6884,0.8,0.49384,-0.065
725,8,0.38552,0.235,0.01984,0.55,0.74108,0.85,0.51116,1.0
726,,0.31784,0.185,-0.01248,0.525,0.70876,0.8,0.44348,0.925
727,3,0.22916,0.1,1.0,0.515,0.72644,0.815,0.4258,0.865
728,,0.16148,0.05,0.96768,0.49,0.69412,0.765,0.35812,0.79
729,,0.0938,0.0,0.93536,0.465,0.6618,0.715,0.29044,0.715
730,,0.02612,-0.05,0.90304,0.44,0.62948,0.665,0.22276,0.64
731,2,-0.07656,1.0,0.83572,0.415,0.63216,0.665,0.19008,0.565
732,1,1.0,0.915,0.7824,0.405,0.64984,0.68,0.1724,0.505
733,,0.93232,0.865,0.75008,0.38,0.61752,0.63,0.10472,0.43
734,,0.86464,0.815,0.71776,0.355,0.5852,0.58,0.03704,0.355
735,,0.79696,0.765,0.68544,0.33,0.55288,0.53,-0.03064,0.28
736,7,0.77928,0.75,0.70312,0.39,0.64156,0.615,1.0,0.29
737,,0.7116,0.7,0.6708,0.365,0.60924,0.565,0.93232,0.215
738,,0.64392,0.65,0.63848,0.34,0.57692,0.515,0.86464,0.14
739,,0.57624,0.6,0.60616,0.315,0.5446,0.465,0.79696,0.065
740,,0.50856,0.55,0.57384,0.29,0.51228,0.415,0.72928,-0.01
741,8,0.45588,0.5,0.55652,0.315,0.56496,0.465,0.7466,1.0
742,,0.3882,0.45,0.5242,0.29,0.53264,0.415,0.67892,0.925
743,,0.32052,0.4,0.49188,0.265,0.50032,0.365,0.61124,0.85
744,,0.25284,0.35,0.45956,0.24,0.468,0.315,0.54356,0.775
745,,0.18516,0.3,0.42724,0.215,0.43568,0.265,0.47588,0.7
746,,0.11748,0.25,0.39492,0.19,0.40336,0.215,0.4082,0.625
747,,0.0498,0.2,0.3626,0.165,0.37104,0.165,0.34052,0.55
748,,-0.01788,0.15,0.33028,0.14,0.33872,0.115,0.27284,0.475
749,1,1.0,0.065,0.27696,0.13,0.3564,0.13,0.25516,0.415
750,,0.93232,0.015,0.24464,0.105,0.32408,0.08,0.18748,0.34
751,,0.86464,-0.035,0.21232,0.08,0.29176,0.03,0.1198,0.265
752,2,0.76196,1.0,0.145,0.055,0.29444,0.03,0.08712,0.19
753,,0.69428,0.95,0.11268,0.03,0.26212,-0.02,0.01944,0.115
754,6,0.6916,0.95,0.14536,0.105,0.0798,1.0,0.08676,0.14
755,,0.62392,0.9,0.11304,0.08,0.04748,0.95,0.01908,0.065
756,,0.55624,0.85,0.08072,0.055,0.01516,0.9,-0.0486,-0.01
757,7,0.53856,0.835,0.0984,0.115,0.10384,0.985,1.0,0.0
758,,0.47088,0.785,0.06608,0.09,0.07152,0.935,0.93232,-0.075
759,8,0.4182,0.735,0.04876,0.115,0.1242,0.985,0.94964,1.0
760,,0.35052,0.685,0.01644,0.09,0.09188,0.935,0.88196,0.925
761,,0.28284,0.635,-0.01588,0.065,0.05956,0.885,0.81428,0.85
762,3,0.19416,0.55,1.0,0.055,0.07724,0.9,0.7966,0.79
763,,0.12648,0.5,0.96768,0.03,0.04492,0.85,0.72892,0.715
764,,0.0588,0.45,0.93536,0.005,0.0126,0.8,0.66124,0.64
765,,-0.00888,0.4,0.90304,-0.02,-0.01972,0.75,0.59356,0.565
766,4,-0.06156,0.35,0.88572,1.0,0.03296,0.8,0.61088,0.54
767,1,1.0,0.265,0.8324,0.99,0.05064,0.815,0.5932,0.48
768,,0.93232,0.215,0.80008,0.965,0.01832,0.765,0.52552,0.405
769,,0.86464,0.165,0.76776,0.94,-0.014,0.715,0.45784,0.33
770,5,0.84696,0.15,0.78544,1.0,1.0,0.515,0.51116,0.34
771,,0.77928,0.1,0.75312,0.975,0.96768,0.465,0.44348,0.265
772,,0.7116,0.05,0.7208,0.95,0.93536,0.415,0.3758,0.19
773,,0.64392,0.0,0.68848,0.925,0.90304,0.365,0.30812,0.115
774,,0.57624,-0.05,0.65616,0.9,0.87072,0.315,0.24044,0.04
775,2,0.47356,1.0,0.58884,0.875,0.8734,0.315,0.20776,-0.035
776,8,0.42088,0.95,0.57152,0.9,0.92608,0.365,0.22508,1.0
777,,0.3532,0.9,0.5392,0.875,0.89376,0.315,0.1574,0.925
778,,0.28552,0.85,0.50688,0.85,0.86144,0.265,0.08972,0.85
779,,0.21784,0.8,0.47456,0.825,0.82912,0.215,0.02204,0.775
780,,0.15016,0.75,0.44224,0.8,0.7968,0.165,-0.04564,0.7
781,7,0.13248,0.735,0.45992,0.86,0.88548,0.25,1.0,0.71
782,,0.0648,0.685,0.4276,0.835,0.85316,0.2,0.93232,0.635
783,,-0.00288,0.635,0.39528,0.81,0.82084,0.15,0.86464,0.56
784,1,1.0,0.55,0.34196,0.8,0.83852,0.165,0.84696,0.5
785,,0.93232,0.5,0.30964,0.775,0.8062,0.115,0.77928,0.425
786,,0.86464,0.45,0.27732,0.75,0.77388,0.065,0.7116,0.35
787,,0.79696,0.4,0.245,0.725,0.74156,0.015,0.64392,0.275
788,,0.72928,0.35,0.21268,0.7,0.70924,-0.035,0.57624,0.2
789,6,0.7266,0.35,0.24536,0.775,0.52692,1.0,0.64356,0.225
790,,0.65892,0.3,0.21304,0.75,0.4946,0.95,0.57588,0.15
791,,0.59124,0.25,0.18072,0.725,0.46228,0.9,0.5082,0.075
792,,0.52356,0.2,0.1484,0.7,0.42996,0.85,0.44052,-0.0
793,,0.45588,0.15,0.11608,0.675,0.39764,0.8,0.37284,-0.075
794,8,0.4032,0.1,0.09876,0.7,0.45032,0.85,0.39016,1.0
795,,0.33552,0.05,0.06644,0.675,0.418,0.8,0.32248,0.925
796,,0.26784,0.0,0.03412,0.65,0.38568,0.75,0.2548,0.85
797,,0.20016,-0.05,0.0018,0.625,0.35336,0.7,0.18712,0.775
798,2,0.09748,1.0,-0.06552,0.6,0.35604,0.7,0.15444,0.7
799,3,0.0088,0.915,1.0,0.59,0.37372,0.715,0.13676,0.64
800,,-0.05888,0.865,0.96768,0.565,0.3414,0.665,0.06908,0.565
801,1,1.0,0.78,0.91436,0.555,0.35908,0.68,0.0514,0.505
802,,0.93232,0.73,0.88204,0.53,0.32676,0.63,-0.01628,0.43
803,7,0.91464,0.715,0.89972,0.59,0.41544,0.715,1.0,0.44
804,,0.84696,0.665,0.8674,0.565,0.38312,0.665,0.93232,0.365
805,,0.77928,0.615,0.83508,0.54,0.3508,0.615,0.86464,0.29
806,,0.7116,0.565,0.80276,0.515,0.31848,0.565,0.79696,0.215
807,,0.64392,0.515,0.77044,0.49,0.28616,0.515,0.72928,0.14
808,,0.57624,0.465,0.73812,0.465,0.25384,0.465,0.6616,0.065
809,,0.50856,0.415,0.7058,0.44,0.22152,0.415,0.59392,-0.01
810,8,0.45588,0.365,0.68848,0.465,0.2742,0.465,0.61124,1.0
811,,0.3882,0.315,0.65616,0.44,0.24188,0.415,0.54356,0.925
812,,0.32052,0.265,0.62384,0.415,0.20956,0.365,0.47588,0.85
813,,0.25284,0.215,0.59152,0.39,0.17724,0.315,0.4082,0.775
814,,0.18516,0.165,0.5592,0.365,0.14492,0.265,0.34052,0.7
815,,0.11748,0.115,0.52688,0.34,0.1126,0.215,0.27284,0.625
816,,0.0498,0.065,0.49456,0.315,0.08028,0.165,0.20516,0.55
817,,-0.01788,0.015,0.46224,0.29,0.04796,0.115,0.13748,0.475
818,1,1.0,-0.07,0.40892,0.28,0.06564,0.13,0.1198,0.415
819,2,0.89732,1.0,0.3416,0.255,0.06832,0.13,0.08712,0.34
820,,0.82964,0.95,0.30928,0.23,0.036,0.08,0.01944,0.265
821,,0.76196,0.9,0.27696,0.205,0.00368,0.03,-0.04824,0.19
822,7,0.74428,0.885,0.29464,0.265,0.09236,0.115,1.0,0.2
823,,0.6766,0.835,0.26232,0.24,0.06004,0.065,0.93232,0.125
824,,0.60892,0.785,0.23,0.215,0.02772,0.015,0.86464,0.05
825,,0.54124,0.735,0.19768,0.19,-0.0046,-0.035,0.79696,-0.025
826,6,0.53856,0.735,0.23036,0.265,-0.18692,1.0,0.86428,0.0
827,5,0.52088,0.72,0.24804,0.325,1.0,0.8,0.9176,0.01
828,,0.4532,0.67,0.21572,0.3,0.96768,0.75,0.84992,-0.065
829,8,0.40052,0.62,0.1984,0.325,1.0,0.8,0.86724,1.0
830,,0.33284,0.57,0.16608,0.3,0.96768,0.75,0.79956,0.925
831,,0.26516,0.52,0.13376,0.275,0.93536,0.7,0.73188,0.85
832,,0.19748,0.47,0.10144,0.25,0.90304,0.65,0.6642,0.775
833,,0.1298,0.42,0.06912,0.225,0.87072,0.6,0.59652,0.7
834,,0.06212,0.37,0.0368,0.2,0.8384,0.55,0.52884,0.625
835,,-0.00556,0.32,0.00448,0.175,0.80608,0.5,0.46116,0.55
836,1,1.0,0.235,-0.04884,0.165,0.82376,0.515,0.44348,0.49
837,3,0.91132,0.15,1.0,0.155,0.84144,0.53,0.4258,0.43
838,,0.84364,0.1,0.96768,0.13,0.80912,0.48,0.35812,0.355
839,,0.77596,0.05,0.93536,0.105,0.7768,0.43,0.29044,0.28
840,,0.70828,0.0,0.90304,0.08,0.74448,0.38,0.22276,0.205
841,,0.6406,-0.05,0.87072,0.055,0.71216,0.33,0.15508,0.13
842,2,0.53792,1.0,0.8034,0.03,0.71484,0.33,0.1224,0.055
843,,0.47024,0.95,0.77108,0.005,0.68252,0.28,0.05472,-0.02
844,8,0.41756,0.9,0.75376,0.03,0.7352,0.33,0.07204,1.0
845,,0.34988,0.85,0.72144,0.005,0.70288,0.28,0.00436,0.925
846,,0.2822,0.8,0.68912,-0.02,0.67056,0.23,-0.06332,0.85
847,7,0.26452,0.785,0.7068,0.04,0.75924,0.315,1.0,0.86
848,,0.19684,0.735,0.67448,0.015,0.72692,0.265,0.93232,0.785
849,,0.12916,0.685,0.64216,-0.01,0.6946,0.215,0.86464,0.71
850,4,0.07648,0.635,0.62484,1.0,0.74728,0.265,0.88196,0.685
851,,0.0088,0.585,0.59252,0.975,0.71496,0.215,0.81428,0.61
852,,-0.05888,0.535,0.5602,0.95,0.68264,0.165,0.7466,0.535
853,1,1.0,0.45,0.50688,0.94,0.70032,0.18,0.72892,0.475
854,,0.93232,0.4,0.47456,0.915,0.668,0.13,0.66124,0.4
855,,0.86464,0.35,0.44224,0.89,0.63568,0.08,0.59356,0.325
856,,0.79696,0.3,0.40992,0.865,0.60336,0.03,0.52588,0.25
857,,0.72928,0.25,0.3776,0.84,0.57104,-0.02,0.4582,0.175
858,6,0.7266,0.25,0.41028,0.915,0.38872,1.0,0.52552,0.2
859,,0.65892,0.2,0.37796,0.89,0.3564,0.95,0.45784,0.125
860,,0.59124,0.15,0.34564,0.865,0.32408,0.9,0.39016,0.05
861,,0.52356,0.1,0.31332,0.84,0.29176,0.85,0.32248,-0.025
862,8,0.47088,0.05,0.296,0.865,0.34444,0.9,0.3398,1.0
863,,0.4032,0.0,0.26368,0.84,0.31212,0.85,0.27212,0.925
864,,0.33552,-0.05,0.23136,0.815,0.2798,0.8,0.20444,0.85
865,2,0.23284,1.0,0.16404,0.79,0.28248,0.8,0.17176,0.775
866,,0.16516,0.95,0.13172,0.765,0.25016,0.75,0.10408,0.7
867,,0.09748,0.9,0.0994,0.74,0.21784,0.7,0.0364,0.625
868,,0.0298,0.85,0.06708,0.715,0.18552,0.65,-0.03128,0.55
869,7,0.01212,0.835,0.08476,0.775,0.2742,0.735,1.0,0.56
870,,-0.05556,0.785,0.05244,0.75,0.24188,0.685,0.93232,0.485
871,1,1.0,0.7,-0.00088,0.74,0.25956,0.7,0.91464,0.425
872,3,0.91132,0.615,1.0,0.73,0.27724,0.715,0.89696,0.365
873,,0.84364,0.565,0.96768,0.705,0.24492,0.665,0.82928,0.29
874,,0.77596,0.515,0.93536,0.68,0.2126,0.615,0.7616,0.215
875,,0.70828,0.465,0.90304,0.655,0.18028,0.565,0.69392,0.14
876,,0.6406,0.415,0.87072,0.63,0.14796,0.515,0.62624,0.065
877,,0.57292,0.365,0.8384,0.605,0.11564,0.465,0.55856,-0.01
878,8,0.52024,0.315,0.82108,0.63,0.16832,0.515,0.57588,1.0
879,,0.45256,0.265,0.78876,0.605,0.136,0.465,0.5082,0.925
880,,0.38488,0.215,0.75644,0.58,0.10368,0.415,0.44052,0.85
881,,0.3172,0.165,0.72412,0.555,0.07136,0.365,0.37284,0.775
882,,0.24952,0.115,0.6918,0.53,0.03904,0.315,0.30516,0.7
883,,0.18184,0.065,0.65948,0.505,0.00672,0.265,0.23748,0.625
884,,0.11416,0.015,0.62716,0.48,-0.0256,0.215,0.1698,0.55
885,5,0.09648,0.0,0.64484,0.54,1.0,0.015,0.22312,0.56
886,,0.0288,-0.05,0.61252,0.515,0.96768,-0.035,0.15544,0.485
887,2,-0.07388,1.0,0.5452,0.49,0.97036,-0.035,0.12276,0.41
888,1,1.0,0.915,0.49188,0.48,0.98804,-0.02,0.10508,0.35
889,6,0.99732,0.915,0.52456,0.555,0.80572,1.0,0.1724,0.375
890,,0.92964,0.865,0.49224,0.53,0.7734,0.95,0.10472,0.3
891,,0.86196,0.815,0.45992,0.505,0.74108,0.9,0.03704,0.225
892,,0.79428,0.765,0.4276,0.48,0.70876,0.85,-0.03064,0.15
893,7,0.7766,0.75,0.44528,0.54,0.79744,0.935,1.0,0.16
894,,0.70892,0.7,0.41296,0.515,0.76512,0.885,0.93232,0.085
895,,0.64124,0.65,0.38064,0.49,0.7328,0.835,0.86464,0.01
896,,0.57356,0.6,0.34832,0.465,0.70048,0.785,0.79696,-0.065
897,8,0.52088,0.55,0.331,0.49,0.75316,0.835,0.81428,1.0
898,,0.4532,0.5,0.29868,0.465,0.72084,0.785,0.7466,0.925
899,,0.38552,0.45,0.26636,0.44,0.68852,0.735,0.67892,0.85
900,,0.31784,0.4,0.23404,0.415,0.6562,0.685,0.61124,0.775
901,,0.25016,0.35,0.20172,0.39,0.62388,0.635,0.54356,0.7
902,,0.18248,0.3,0.1694,0.365,0.59156,0.585,0.47588,0.625
903,,0.1148,0.25,0.13708,0.34,0.55924,0.535,0.4082,0.55
904,,0.04712,0.2,0.10476,0.315,0.52692,0.485,0.34052,0.475
905,,-0.02056,0.15,0.07244,0.29,0.4946,0.435,0.27284,0.4
906,1,1.0,0.065,0.01912,0.28,0.51228,0.45,0.25516,0.34
907,,0.93232,0.015,-0.0132,0.255,0.47996,0.4,0.18748,0.265
908,3,0.84364,-0.07,1.0,0.245,0.49764,0.415,0.1698,0.205
909,2,0.74096,1.0,0.93268,0.22,0.50032,0.415,0.13712,0.13
910,,0.67328,0.95,0.90036,0.195,0.468,0.365,0.06944,0.055
911,,0.6056,0.9,0.86804,0.17,0.43568,0.315,0.00176,-0.02
912,8,0.55292,0.85,0.85072,0.195,0.48836,0.365,0.01908,1.0
913,,0.48524,0.8,0.8184,0.17,0.45604,0.315,-0.0486,0.925
914,7,0.46756,0.785,0.83608,0.23,0.54472,0.4,1.0,0.935
915,,0.39988,0.735,0.80376,0.205,0.5124,0.35,0.93232,0.86
916,,0.3322,0.685,0.77144,0.18,0.48008,0.3,0.86464,0.785
917,,0.26452,0.635,0.73912,0.155,0.44776,0.25,0.79696,0.71
918,,0.19684,0.585,0.7068,0.13,0.41544,0.2,0.72928,0.635
919,,0.12916,0.535,0.67448,0.105,0.38312,0.15,0.6616,0.56
920,,0.06148,0.485,0.64216,0.08,0.3508,0.1,0.59392,0.485
921,,-0.0062,0.435,0.60984,0.055,0.31848,0.05,0.52624,0.41
922,1,1.0,0.35,0.55652,0.045,0.33616,0.065,0.50856,0.35
923,,0.93232,0.3,0.5242,0.02,0.30384,0.015,0.44088,0.275
924,,0.86464,0.25,0.49188,-0.005,0.27152,-0.035,0.3732,0.2
925,6,0.86196,0.25,0.52456,0.07,0.0892,1.0,0.44052,0.225
926,,0.79428,0.2,0.49224,0.045,0.05688,0.95,0.37284,0.15
927,,0.7266,0.15,0.45992,0.02,0.02456,0.9,0.30516,0.075
928,,0.65892,0.1,0.4276,-0.005,-0.00776,0.85,0.23748,-0.0
929,5,0.64124,0.085,0.44528,0.055,1.0,0.65,0.2908,0.01
930,,0.57356,0.035,0.41296,0.03,0.96768,0.6,0.22312,-0.065
931,8,0.52088,-0.015,0.39564,0.055,1.0,0.65,0.24044,1.0
932,2,0.4182,1.0,0.32832,0.03,1.0,0.65,0.20776,0.925
933,,0.35052,0.95,0.296,0.005,0.96768,0.6,0.14008,0.85
934,,0.28284,0.9,0.26368,-0.02,0.93536,0.55,0.0724,0.775
935,4,0.23016,0.85,0.24636,1.0,0.98804,0.6,0.08972,0.75
936,,0.16248,0.8,0.21404,0.975,0.95572,0.55,0.02204,0.675
937,,0.0948,0.75,0.18172,0.95,0.9234,0.5,-0.04564,0.6
938,7,0.07712,0.735,0.1994,1.0,1.0,0.585,1.0,0.61
939,,0.00944,0.685,0.16708,0.975,0.96768,0.535,0.93232,0.535
940,,-0.05824,0.635,0.13476,0.95,0.93536,0.485,0.86464,0.46
941,1,1.0,0.55,0.08144,0.94,0.95304,0.5,0.84696,0.4
942,,0.93232,0.5,0.04912,0.915,0.92072,0.45,0.77928,0.325
943,,0.86464,0.45,0.0168,0.89,0.8884,0.4,0.7116,0.25
944,,0.79696,0.4,-0.01552,0.865,0.85608,0.35,0.64392,0.175
945,3,0.70828,0.315,1.0,0.855,0.87376,0.365,0.62624,0.115
946,,0.6406,0.265,0.96768,0.83,0.84144,0.315,0.55856,0.04
947,,0.57292,0.215,0.93536,0.805,0.80912,0.265,0.49088,-0.035
948,8,0.52024,0.165,0.91804,0.83,0.8618,0.315,0.5082,1.0
949,,0.45256,0.115,0.88572,0.805,0.82948,0.265,0.44052,0.925
950,,0.38488,0.065,0.8534,0.78,0.79716,0.215,0.37284,0.85
951,,0.3172,0.015,0.82108,0.755,0.76484,0.165,0.30516,0.775
952,,0.24952,-0.035,0.78876,0.73,0.73252,0.115,0.23748,0.7
953,2,0.14684,1.0,0.72144,0.705,0.7352,0.115,0.2048,0.625
954,,0.07916,0.95,0.68912,0.68,0.70288,0.065,0.13712,0.55
955,,0.01148,0.9,0.6568,0.655,0.67056,0.015,0.06944,0.475
956,,-0.0562,0.85,0.62448,0.63,0.63824,-0.035,0.00176,0.4
957,1,1.0,0.765,0.57116,0.62,0.65592,-0.02,-0.01592,0.34
958,6,0.99732,0.765,0.60384,0.695,0.4736,1.0,0.0514,0.365
959,,0.92964,0.715,0.57152,0.67,0.44128,0.95,-0.01628,0.29
960,7,0.91196,0.7,0.5892,0.73,0.52996,1.0,1.0,0.3
961,,0.84428,0.65,0.55688,0.705,0.49764,0.95,0.93232,0.225
962,,0.7766,0.6,0.52456,0.68,0.46532,0.9,0.86464,0.15
963,,0.70892,0.55,0.49224,0.655,0.433,0.85,0.79696,0.075
964,,0.64124,0.5,0.45992,0.63,0.40068,0.8,0.72928,-0.0
965,,0.57356,0.45,0.4276,0.605,0.36836,0.75,0.6616,-0.075
966,8,0.52088,0.4,0.41028,0.63,0.42104,0.8,0.67892,1.0
967,,0.4532,0.35,0.37796,0.605,0.38872,0.75,0.61124,0.925
968,,0.38552,0.3,0.34564,0.58,0.3564,0.7,0.54356,0.85
969,,0.31784,0.25,0.31332,0.555,0.32408,0.65,0.47588,0.775
970,,0.25016,0.2,0.281,0.53,0.29176,0.6,0.4082,0.7
971,,0.18248,0.15,0.24868,0.505,0.25944,0.55,0.34052,0.625
972,,0.1148,0.1,0.21636,0.48,0.22712,0.5,0.27284,0.55
973,,0.04712,0.05,0.18404,0.455,0.1948,0.45,0.20516,0.475
974,,-0.02056,0.0,0.15172,0.43,0.16248,0.4,0.13748,0.4
975,1,1.0,-0.085,0.0984,0.42,0.18016,0.415,0.1198,0.34
976,2,0.89732,1.0,0.03108,0.395,0.18284,0.415,0.08712,0.265
977,,0.82964,0.95,-0.00124,0.37,0.15052,0.365,0.01944,0.19
978,3,0.74096,0.865,1.0,0.36,0.1682,0.38,0.00176,0.13
979,,0.67328,0.815,0.96768,0.335,0.13588,0.33,-0.06592,0.055
980,7,0.6556,0.8,0.98536,0.395,0.22456,0.415,1.0,0.065
981,,0.58792,0.75,0.95304,0.37,0.19224,0.365,0.93232,-0.01
982,8,0.53524,0.7,0.93572,0.395,0.24492,0.415,0.94964,1.0
983,,0.46756,0.65,0.9034,0.37,0.2126,0.365,0.88196,0.925
984,,0.39988,0.6,0.87108,0.345,0.18028,0.315,0.81428,0.85
985,,0.3322,0.55,0.83876,0.32,0.14796,0.265,0.7466,0.775
986,,0.26452,0.5,0.80644,0.295,0.11564,0.215,0.67892,0.7
987,,0.19684,0.45,0.77412,0.27,0.08332,0.165,0.61124,0.625
988,,0.12916,0.4,0.7418,0.245,0.051,0.115,0.54356,0.55
989,,0.06148,0.35,0.70948,0.22,0.01868,0.065,0.47588,0.475
990,,-0.0062,0.3,0.67716,0.195,-0.01364,0.015,0.4082,0.4
991,5,-0.02388,0.285,0.69484,0.255,1.0,-0.185,0.46152,0.41
992,6,-0.02656,0.285,0.72752,0.33,0.81768,1.0,0.52884,0.435
993,1,1.0,0.2,0.6742,0.32,0.83536,1.0,0.51116,0.375
994,,0.93232,0.15,0.64188,0.295,0.80304,0.95,0.44348,0.3
995,,0.86464,0.1,0.60956,0.27,0.77072,0.9,0.3758,0.225
996,,0.79696,0.05,0.57724,0.245,0.7384,0.85,0.30812,0.15
997,,0.72928,0.0,0.54492,0.22,0.70608,0.8,0.24044,0.075
998,,0.6616,-0.05,0.5126,0.195,0.67376,0.75,0.17276,-0.0
999,2,0.55892,1.0,0.44528,0.17,0.67644,0.75,0.14008,-0.075
1000,8,0.50624,0.95,0.42796,0.195,0.72912,0.8,0.1574,1.0
1001,,0.43856,0.9,0.39564,0.17,0.6968,0.75,0.08972,0.925
1002,,0.37088,0.85,0.36332,0.145,0.66448,0.7,0.02204,0.85
1003,,0.3032,0.8,0.331,0.12,0.63216,0.65,-0.04564,0.775
1004,7,0.28552,0.785,0.34868,0.18,0.72084,0.735,1.0,0.785
1005,,0.21784,0.735,0.31636,0.155,0.68852,0.685,0.93232,0.71
1006,,0.15016,0.685,0.28404,0.13,0.6562,0.635,0.86464,0.635
1007,,0.08248,0.635,0.25172,0.105,0.62388,0.585,0.79696,0.56
1008,,0.0148,0.585,0.2194,0.08,0.59156,0.535,0.72928,0.485
1009,,-0.05288,0.535,0.18708,0.055,0.55924,0.485,0.6616,0.41
1010,1,1.0,0.45,0.13376,0.045,0.57692,0.5,0.64392,0.35
1011,,0.93232,0.4,0.10144,0.02,0.5446,0.45,0.57624,0.275
1012,,0.86464,0.35,0.06912,-0.005,0.51228,0.4,0.50856,0.2
1013,4,0.81196,0.3,0.0518,1.0,0.56496,0.45,0.52588,0.175
1014,,0.74428,0.25,0.01948,0.975,0.53264,0.4,0.4582,0.1
1015,,0.6766,0.2,-0.01284,0.95,0.50032,0.35,0.39052,0.025
1016,3,0.58792,0.115,1.0,0.94,0.518,0.365,0.37284,-0.035
1017,8,0.53524,0.065,0.98268,0.965,0.57068,0.415,0.39016,1.0
1018,,0.46756,0.015,0.95036,0.94,0.53836,0.365,0.32248,0.925
1019,,0.39988,-0.035,0.91804,0.915,0.50604,0.315,0.2548,0.85
1020,2,0.2972,1.0,0.85072,0.89,0.50872,0.315,0.22212,0.775
1021,,0.22952,0.95,0.8184,0.865,0.4764,0.265,0.15444,0.7
1022,,0.16184,0.9,0.78608,0.84,0.44408,0.215,0.08676,0.625
1023,,0.09416,0.85,0.75376,0.815,0.41176,0.165,0.01908,0.55
1024,,0.02648,0.8,0.72144,0.79,0.37944,0.115,-0.0486,0.475
1025,7,0.0088,0.785,0.73912,0.85,0.46812,0.2,1.0,0.485
1026,,-0.05888,0.735,0.7068,0.825,0.4358,0.15,0.93232,0.41
1027,1,1.0,0.65,0.65348,0.815,0.45348,0.165,0.91464,0.35
1028,,0.93232,0.6,0.62116,0.79,0.42116,0.115,0.84696,0.275
1029,,0.86464,0.55,0.58884,0.765,0.38884,0.065,0.77928,0.2
1030,,0.79696,0.5,0.55652,0.74,0.35652,0.015,0.7116,0.125
1031,,0.72928,0.45,0.5242,0.715,0.3242,-0.035,0.64392,0.05
1032,6,0.7266,0.45,0.55688,0.79,0.14188,1.0,0.71124,0.075
1033,,0.65892,0.4,0.52456,0.765,0.10956,0.95,0.64356,-0.0
1034,,0.59124,0.35,0.49224,0.74,0.07724,0.9,0.57588,-0.075
1035,8,0.53856,0.3,0.47492,0.765,0.12992,0.95,0.5932,1.0
1036,,0.47088,0.25,0.4426,0.74,0.0976,0.9,0.52552,0.925
1037,,0.4032,0.2,0.41028,0.715,0.06528,0.85,0.45784,0.85
1038,,0.33552,0.15,0.37796,0.69,0.03296,0.8,0.39016,0.775
1039,,0.26784,0.1,0.34564,0.665,0.00064,0.75,0.32248,0.7
1040,,0.20016,0.05,0.31332,0.64,-0.03168,0.7,0.2548,0.625
1041,5,0.18248,0.035,0.331,0.7,1.0,0.5,0.30812,0.635
1042,,0.1148,-0.015,0.29868,0.675,0.96768,0.45,0.24044,0.56
1043,2,0.01212,1.0,0.23136,0.65,0.97036,0.45,0.20776,0.485
1044,,-0.05556,0.95,0.19904,0.625,0.93804,0.4,0.14008,0.41
1045,1,1.0,0.865,0.14572,0.615,0.95572,0.415,0.1224,0.35
1046,,0.93232,0.815,0.1134,0.59,0.9234,0.365,0.05472,0.275
1047,,0.86464,0.765,0.08108,0.565,0.89108,0.315,-0.01296,0.2
1048,7,0.84696,0.75,0.09876,0.625,0.97976,0.4,1.0,0.21
1049,,0.77928,0.7,0.06644,0.6,0.94744,0.35,0.93232,0.135
1050,,0.7116,0.65,0.03412,0.575,0.91512,0.3,0.86464,0.06
1051,,0.64392,0.6,0.0018,0.55,0.8828,0.25,0.79696,-0.015
1052,8,0.59124,0.55,-0.01552,0.575,0.93548,0.3,0.81428,1.0
1053,3,0.50256,0.465,1.0,0.565,0.95316,0.315,0.7966,0.94
1054,,0.43488,0.415,0.96768,0.54,0.92084,0.265,0.72892,0.865
1055,,0.3672,0.365,0.93536,0.515,0.88852,0.215,0.66124,0.79
1056,,0.29952,0.315,0.90304,0.49,0.8562,0.165,0.59356,0.715
1057,,0.23184,0.265,0.87072,0.465,0.82388,0.115,0.52588,0.64
1058,,0.16416,0.215,0.8384,0.44,0.79156,0.065,0.4582,0.565
1059,,0.09648,0.165,0.80608,0.415,0.75924,0.015,0.39052,0.49
1060,,0.0288,0.115,0.77376,0.39,0.72692,-0.035,0.32284,0.415
1061,6,0.02612,0.115,0.80644,0.465,0.5446,1.0,0.39016,0.44
1062,,-0.04156,0.065,0.77412,0.44,0.51228,0.95,0.32248,0.365
1063,1,1.0,-0.02,0.7208,0.43,0.52996,0.965,0.3048,0.305
1064,2,0.89732,1.0,0.65348,0.405,0.53264,0.965,0.27212,0.23
1065,,0.82964,0.95,0.62116,0.38,0.50032,0.915,0.20444,0.155
1066,,0.76196,0.9,0.58884,0.355,0.468,0.865,0.13676,0.08
1067,,0.69428,0.85,0.55652,0.33,0.43568,0.815,0.06908,0.005
1068,,0.6266,0.8,0.5242,0.305,0.40336,0.765,0.0014,-0.07
1069,8,0.57392,0.75,0.50688,0.33,0.45604,0.815,0.01872,1.0
1070,,0.50624,0.7,0.47456,0.305,0.42372,0.765,-0.04896,0.925
1071,7,0.48856,0.685,0.49224,0.365,0.5124,0.85,1.0,0.935
1072,,0.42088,0.635,0.45992,0.34,0.48008,0.8,0.93232,0.86
1073,,0.3532,0.585,0.4276,0.315,0.44776,0.75,0.86464,0.785
1074,,0.28552,0.535,0.39528,0.29,0.41544,0.7,0.79696,0.71
1075,,0.21784,0.485,0.36296,0.265,0.38312,0.65,0.72928,0.635
1076,,0.15016,0.435,0.33064,0.24,0.3508,0.6,0.6616,0.56
1077,,0.08248,0.385,0.29832,0.215,0.31848,0.55,0.59392,0.485
1078,,0.0148,0.335,0.266,0.19,0.28616,0.5,0.52624,0.41
1079,,-0.05288,0.285,0.23368,0.165,0.25384,0.45,0.45856,0.335
1080,1,1.0,0.2,0.18036,0.155,0.27152,0.465,0.44088,0.275
1081,,0.93232,0.15,0.14804,0.13,0.2392,0.415,0.3732,0.2
1082,,0.86464,0.1,0.11572,0.105,0.20688,0.365,0.30552,0.125
1083,,0.79696,0.05,0.0834,0.08,0.17456,0.315,0.23784,0.05
1084,,0.72928,0.0,0.05108,0.055,0.14224,0.265,0.17016,-0.025
1085,8,0.6766,-0.05,0.03376,0.08,0.19492,0.315,0.18748,1.0
1086,2,0.57392,1.0,-0.03356,0.055,0.1976,0.315,0.1548,0.925
1087,3,0.48524,0.915,1.0,0.045,0.21528,0.33,0.13712,0.865
1088,,0.41756,0.865,0.96768,0.02,0.18296,0.28,0.06944,0.79
1089,,0.34988,0.815,0.93536,-0.005,0.15064,0.23,0.00176,0.715
1090,4,0.2972,0.765,0.91804,1.0,0.20332,0.28,0.01908,0.69
1091,,0.22952,0.715,0.88572,0.975,0.171,0.23,-0.0486,0.615
1092,7,0.21184,0.7,0.9034,1.0,0.25968,0.315,1.0,0.625
1093,,0.14416,0.65,0.87108,0.975,0.22736,0.265,0.93232,0.55
1094,,0.07648,0.6,0.83876,0.95,0.19504,0.215,0.86464,0.475
1095,,0.0088,0.55,0.80644,0.925,0.16272,0.165,0.79696,0.4
1096,,-0.05888,0.5,0.77412,0.9,0.1304,0.115,0.72928,0.325
1097,1,1.0,0.415,0.7208,0.89,0.14808,0.13,0.7116,0.265
1098,,0.93232,0.365,0.68848,0.865,0.11576,0.08,0.64392,0.19
1099,,0.86464,0.315,0.65616,0.84,0.08344,0.03,0.57624,0.115
1100,,0.79696,0.265,0.62384,0.815,0.05112,-0.02,0.50856,0.04
1101,6,0.79428,0.265,0.65652,0.89,-0.1312,1.0,0.57588,0.065
1102,5,0.7766,0.25,0.6742,0.95,1.0,0.8,0.6292,0.075
1103,,0.70892,0.2,0.64188,0.925,0.96768,0.75,0.56152,-0.0
1104,,0.64124,0.15,0.60956,0.9,0.93536,0.7,0.49384,-0.075
1105,8,0.58856,0.1,0.59224,0.925,0.98804,0.75,0.51116,1.0
1106,,0.52088,0.05,0.55992,0.9,0.95572,0.7,0.44348,0.925
1107,,0.4532,0.0,0.5276,0.875,0.9234,0.65,0.3758,0.85
1108,,0.38552,-0.05,0.49528,0.85,0.89108,0.6,0.30812,0.775
1109,2,0.28284,1.0,0.42796,0.825,0.89376,0.6,0.27544,0.7
1110,,0.21516,0.95,0.39564,0.8,0.86144,0.55,0.20776,0.625
1111,,0.14748,0.9,0.36332,0.775,0.82912,0.5,0.14008,0.55
1112,,0.0798,0.85,0.331,0.75,0.7968,0.45,0.0724,0.475
1113,,0.01212,0.8,0.29868,0.725,0.76448,0.4,0.00472,0.4
1114,,-0.05556,0.75,0.26636,0.7,0.73216,0.35,-0.06296,0.325
1115,7,-0.07324,0.735,0.28404,0.76,0.82084,0.435,1.0,0.335
1116,1,1.0,0.65,0.23072,0.75,0.83852,0.45,0.98232,0.275
1117,,0.93232,0.6,0.1984,0.725,0.8062,0.4,0.91464,0.2
1118,,0.86464,0.55,0.16608,0.7,0.77388,0.35,0.84696,0.125
1119,,0.79696,0.5,0.13376,0.675,0.74156,0.3,0.77928,0.05
1120,,0.72928,0.45,0.10144,0.65,0.70924,0.25,0.7116,-0.025
1121,8,0.6766,0.4,0.08412,0.675,0.76192,0.3,0.72892,1.0
1122,,0.60892,0.35,0.0518,0.65,0.7296,0.25,0.66124,0.925
1123,,0.54124,0.3,0.01948,0.625,0.69728,0.2,0.59356,0.85
1124,,0.47356,0.25,-0.01284,0.6,0.66496,0.15,0.52588,0.775
1125,3,0.38488,0.165,1.0,0.59,0.68264,0.165,0.5082,0.715
1126,,0.3172,0.115,0.96768,0.565,0.65032,0.115,0.44052,0.64
1127,,0.24952,0.065,0.93536,0.54,0.618,0.065,0.37284,0.565
1128,,0.18184,0.015,0.90304,0.515,0.58568,0.015,0.30516,0.49
1129,,0.11416,-0.035,0.87072,0.49,0.55336,-0.035,0.23748,0.415
1130,6,0.11148,-0.035,0.9034,0.565,0.37104,1.0,0.3048,0.44
1131,2,0.0088,1.0,0.83608,0.54,0.37372,1.0,0.27212,0.365
1132,,-0.05888,0.95,0.80376,0.515,0.3414,0.95,0.20444,0.29
1133,1,1.0,0.865,0.75044,0.505,0.35908,0.965,0.18676,0.23
1134,,0.93232,0.815,0.71812,0.48,0.32676,0.915,0.11908,0.155
1135,,0.86464,0.765,0.6858,0.455,0.29444,0.865,0.0514,0.08
1136,,0.79696,0.715,0.65348,0.43,0.26212,0.815,-0.01628,0.005
1137,7,0.77928,0.7,0.67116,0.49,0.3508,0.9,1.0,0.015
1138,,0.7116,0.65,0.63884,0.465,0.31848,0.85,0.93232,-0.06
1139,8,0.65892,0.6,0.62152,0.49,0.37116,0.9,0.94964,1.0
1140,,0.59124,0.55,0.5892,0.465,0.33884,0.85,0.88196,0.925
1141,,0.52356,0.5,0.55688,0.44,0.30652,0.8,0.81428,0.85
1142,,0.45588,0.45,0.52456,0.415,0.2742,0.75,0.7466,0.775
1143,,0.3882,0.4,0.49224,0.39,0.24188,0.7,0.67892,0.7
1144,,0.32052,0.35,0.45992,0.365,0.20956,0.65,0.61124,0.625
1145,,0.25284,0.3,0.4276,0.34,0.17724,0.6,0.54356,0.55
1146,,0.18516,0.25,0.39528,0.315,0.14492,0.55,0.47588,0.475
1147,,0.11748,0.2,0.36296,0.29,0.1126,0.5,0.4082,0.4
1148,,0.0498,0.15,0.33064,0.265,0.08028,0.45,0.34052,0.325
1149,,-0.01788,0.1,0.29832,0.24,0.04796,0.4,0.27284,0.25
1150,1,1.0,0.015,0.245,0.23,0.06564,0.415,0.25516,0.19
1151,,0.93232,-0.035,0.21268,0.205,0.03332,0.365,0.18748,0.115
1152,2,0.82964,1.0,0.14536,0.18,0.036,0.365,0.1548,0.04
1153,,0.76196,0.95,0.11304,0.155,0.00368,0.315,0.08712,-0.035
1154,8,0.70928,0.9,0.09572,0.18,0.05636,0.365,0.10444,1.0
1155,,0.6416,0.85,0.0634,0.155,0.02404,0.315,0.03676,0.925
1156,,0.57392,0.8,0.03108,0.13,-0.00828,0.265,-0.03092,0.85
1157,7,0.55624,0.785,0.04876,0.19,0.0804,0.35,1.0,0.86
1158,,0.48856,0.735,0.01644,0.165,0.04808,0.3,0.93232,0.785
1159,,0.42088,0.685,-0.01588,0.14,0.01576,0.25,0.86464,0.71
1160,3,0.3322,0.6,1.0,0.13,0.03344,0.265,0.84696,0.65
1161,,0.26452,0.55,0.96768,0.105,0.00112,0.215,0.77928,0.575
1162,,0.19684,0.5,0.93536,0.08,-0.0312,0.165,0.7116,0.5
1163,5,0.17916,0.485,0.95304,0.14,1.0,-0.035,0.76492,0.51
1164,6,0.17648,0.485,0.98572,0.215,0.81768,1.0,0.83224,0.535
1165,,0.1088,0.435,0.9534,0.19,0.78536,0.95,0.76456,0.46
1166,,0.04112,0.385,0.92108,0.165,0.75304,0.9,0.69688,0.385
1167,,-0.02656,0.335,0.88876,0.14,0.72072,0.85,0.6292,0.31
1168,1,1.0,0.25,0.83544,0.13,0.7384,0.865,0.61152,0.25
1169,,0.93232,0.2,0.80312,0.105,0.70608,0.815,0.54384,0.175
1170,,0.86464,0.15,0.7708,0.08,0.67376,0.765,0.47616,0.1
1171,,0.79696,0.1,0.73848,0.055,0.64144,0.715,0.40848,0.025
1172,,0.72928,0.05,0.70616,0.03,0.60912,0.665,0.3408,-0.05
1173,8,0.6766,0.0,0.68884,0.055,0.6618,0.715,0.35812,1.0
1174,,0.60892,-0.05,0.65652,0.03,0.62948,0.665,0.29044,0.925
1175,2,0.50624,1.0,0.5892,0.005,0.63216,0.665,0.25776,0.85
1176,,0.43856,0.95,0.55688,-0.02,0.59984,0.615,0.19008,0.775
1177,4,0.38588,0.9,0.53956,1.0,0.65252,0.665,0.2074,0.75
1178,,0.3182,0.85,0.50724,0.975,0.6202,0.615,0.13972,0.675
1179,,0.25052,0.8,0.47492,0.95,0.58788,0.565,0.07204,0.6
1180,,0.18284,0.75,0.4426,0.925,0.55556,0.515,0.00436,0.525
1181,,0.11516,0.7,0.41028,0.9,0.52324,0.465,-0.06332,0.45
1182,7,0.09748,0.685,0.42796,0.96,0.61192,0.55,1.0,0.46
1183,,0.0298,0.635,0.39564,0.935,0.5796,0.5,0.93232,0.385
1184,,-0.03788,0.585,0.36332,0.91,0.54728,0.45,0.86464,0.31
1185,1,1.0,0.5,0.31,0.9,0.56496,0.465,0.84696,0.25
1186,,0.93232,0.45,0.27768,0.875,0.53264,0.415,0.77928,0.175
1187,,0.86464,0.4,0.24536,0.85,0.50032,0.365,0.7116,0.1
1188,,0.79696,0.35,0.21304,0.825,0.468,0.315,0.64392,0.025
1189,,0.72928,0.3,0.18072,0.8,0.43568,0.265,0.57624,-0.05
1190,8,0.6766,0.25,0.1634,0.825,0.48836,0.315,0.59356,1.0
1191,,0.60892,0.2,0.13108,0.8,0.45604,0.265,0.52588,0.925
1192,,0.54124,0.15,0.09876,0.775,0.42372,0.215,0.4582,0.85
1193,,0.47356,0.1,0.06644,0.75,0.3914,0.165,0.39052,0.775
1194,,0.40588,0.05,0.03412,0.725,0.35908,0.115,0.32284,0.7
1195,,0.3382,0.0,0.0018,0.7,0.32676,0.065,0.25516,0.625
1196,,0.27052,-0.05,-0.03052,0.675,0.29444,0.015,0.18748,0.55
1197,2,0.16784,1.0,-0.09784,0.65,0.29712,0.015,0.1548,0.475
1198,3,0.07916,0.915,1.0,0.64,0.3148,0.03,0.13712,0.415
1199,,0.01148,0.865,0.96768,0.615,0.28248,-0.02,0.06944,0.34
1200,6,0.0088,0.865,1.0,0.69,0.10016,1.0,0.13676,0.365
1201,,-0.05888,0.815,0.96768,0.665,0.06784,0.95,0.06908,0.29
1202,1,1.0,0.73,0.91436,0.655,0.08552,0.965,0.0514,0.23
1203,,0.93232,0.68,0.88204,0.63,0.0532,0.915,-0.01628,0.155
1204,7,0.91464,0.665,0.89972,0.69,0.14188,1.0,1.0,0.165
1205,,0.84696,0.615,0.8674,0.665,0.10956,0.95,0.93232,0.09
1206,,0.77928,0.565,0.83508,0.64,0.07724,0.9,0.86464,0.015
1207,,0.7116,0.515,0.80276,0.615,0.04492,0.85,0.79696,-0.06
1208,8,0.65892,0.465,0.78544,0.64,0.0976,0.9,0.81428,1.0
1209,,0.59124,0.415,0.75312,0.615,0.06528,0.85,0.7466,0.925
1210,,0.52356,0.365,0.7208,0.59,0.03296,0.8,0.67892,0.85
1211,,0.45588,0.315,0.68848,0.565,0.00064,0.75,0.61124,0.775
1212,,0.3882,0.265,0.65616,0.54,-0.03168,0.7,0.54356,0.7
1213,5,0.37052,0.25,0.67384,0.6,1.0,0.5,0.59688,0.71
1214,,0.30284,0.2,0.64152,0.575,0.96768,0.45,0.5292,0.635
1215,,0.23516,0.15,0.6092,0.55,0.93536,0.4,0.46152,0.56
1216,,0.16748,0.1,0.57688,0.525,0.90304,0.35,0.39384,0.485
1217,,0.0998,0.05,0.54456,0.5,0.87072,0.3,0.32616,0.41
1218,,0.03212,0.0,0.51224,0.475,0.8384,0.25,0.25848,0.335
1219,,-0.03556,-0.05,0.47992,0.45,0.80608,0.2,0.1908,0.26
1220,2,-0.13824,1.0,0.4126,0.425,0.80876,0.2,0.15812,0.185
1221,1,1.0,0.915,0.35928,0.415,0.82644,0.215,0.14044,0.125
1222,,0.93232,0.865,0.32696,0.39,0.79412,0.165,0.07276,0.05
1223,,0.86464,0.815,0.29464,0.365,0.7618,0.115,0.00508,-0.025
1224,8,0.81196,0.765,0.27732,0.39,0.81448,0.165,0.0224,1.0
1225,,0.74428,0.715,0.245,0.365,0.78216,0.115,-0.04528,0.925
1226,7,0.7266,0.7,0.26268,0.425,0.87084,0.2,1.0,0.935
1227,,0.65892,0.65,0.23036,0.4,0.83852,0.15,0.93232,0.86
1228,,0.59124,0.6,0.19804,0.375,0.8062,0.1,0.86464,0.785
1229,,0.52356,0.55,0.16572,0.35,0.77388,0.05,0.79696,0.71
1230,,0.45588,0.5,0.1334,0.325,0.74156,0.0,0.72928,0.635
1231,,0.3882,0.45,0.10108,0.3,0.70924,-0.05,0.6616,0.56
1232,6,0.38552,0.45,0.13376,0.375,0.52692,1.0,0.72892,0.585
1233,,0.31784,0.4,0.10144,0.35,0.4946,0.95,0.66124,0.51
1234,,0.25016,0.35,0.06912,0.325,0.46228,0.9,0.59356,0.435
1235,,0.18248,0.3,0.0368,0.3,0.42996,0.85,0.52588,0.36
1236,,0.1148,0.25,0.00448,0.275,0.39764,0.8,0.4582,0.285
1237,,0.04712,0.2,-0.02784,0.25,0.36532,0.75,0.39052,0.21
1238,3,-0.04156,0.115,1.0,0.24,0.383,0.765,0.37284,0.15
1239,1,1.0,0.03,0.94668,0.23,0.40068,0.78,0.35516,0.09
1240,,0.93232,-0.02,0.91436,0.205,0.36836,0.73,0.28748,0.015
1241,2,0.82964,1.0,0.84704,0.18,0.37104,0.73,0.2548,-0.06
1242,8,0.77696,0.95,0.82972,0.205,0.42372,0.78,0.27212,1.0
1243,,0.70928,0.9,0.7974,0.18,0.3914,0.73,0.20444,0.925
1244,,0.6416,0.85,0.76508,0.155,0.35908,0.68,0.13676,0.85
1245,,0.57392,0.8,0.73276,0.13,0.32676,0.63,0.06908,0.775
1246,,0.50624,0.75,0.70044,0.105,0.29444,0.58,0.0014,0.7
1247,,0.43856,0.7,0.66812,0.08,0.26212,0.53,-0.06628,0.625
1248,7,0.42088,0.685,0.6858,0.14,0.3508,0.615,1.0,0.635
1249,,0.3532,0.635,0.65348,0.115,0.31848,0.565,0.93232,0.56
1250,,0.28552,0.585,0.62116,0.09,0.28616,0.515,0.86464,0.485
1251,,0.21784,0.535,0.58884,0.065,0.25384,0.465,0.79696,0.41
1252,,0.15016,0.485,0.55652,0.04,0.22152,0.415,0.72928,0.335
1253,,0.08248,0.435,0.5242,0.015,0.1892,0.365,0.6616,0.26
1254,,0.0148,0.385,0.49188,-0.01,0.15688,0.315,0.59392,0.185
1255,4,-0.03788,0.335,0.47456,1.0,0.20956,0.365,0.61124,0.16
1256,1,1.0,0.25,0.42124,0.99,0.22724,0.38,0.59356,0.1
1257,,0.93232,0.2,0.38892,0.965,0.19492,0.33,0.52588,0.025
1258,,0.86464,0.15,0.3566,0.94,0.1626,0.28,0.4582,-0.05
1259,8,0.81196,0.1,0.33928,0.965,0.21528,0.33,0.47552,1.0
1260,,0.74428,0.05,0.30696,0.94,0.18296,0.28,0.40784,0.925
1261,,0.6766,0.0,0.27464,0.915,0.15064,0.23,0.34016,0.85
1262,,0.60892,-0.05,0.24232,0.89,0.11832,0.18,0.27248,0.775
1263,2,0.50624,1.0,0.175,0.865,0.121,0.18,0.2398,0.7
1264,,0.43856,0.95,0.14268,0.84,0.08868,0.13,0.17212,0.625
1265,,0.37088,0.9,0.11036,0.815,0.05636,0.08,0.10444,0.55
1266,,0.3032,0.85,0.07804,0.79,0.02404,0.03,0.03676,0.475
1267,,0.23552,0.8,0.04572,0.765,-0.00828,-0.02,-0.03092,0.4
1268,7,0.21784,0.785,0.0634,0.825,0.0804,0.065,1.0,0.41
1269,,0.15016,0.735,0.03108,0.8,0.04808,0.015,0.93232,0.335
1270,,0.08248,0.685,-0.00124,0.775,0.01576,-0.035,0.86464,0.26
1271,6,0.0798,0.685,0.03144,0.85,-0.16656,1.0,0.93196,0.285
1272,5,0.06212,0.67,0.04912,0.91,1.0,0.8,0.98528,0.295
1273,,-0.00556,0.62,0.0168,0.885,0.96768,0.75,0.9176,0.22
1274,1,1.0,0.535,-0.03652,0.875,0.98536,0.765,0.89992,0.16
1275,3,0.91132,0.45,1.0,0.865,1.0,0.78,0.88224,0.1
1276,,0.84364,0.4,0.96768,0.84,0.96768,0.73,0.81456,0.025
1277,,0.77596,0.35,0.93536,0.815,0.93536,0.68,0.74688,-0.05
1278,8,0.72328,0.3,0.91804,0.84,0.98804,0.73,0.7642,1.0
1279,,0.6556,0.25,0.88572,0.815,0.95572,0.68,0.69652,0.925
1280,,0.58792,0.2,0.8534,0.79,0.9234,0.63,0.62884,0.85
1281,,0.52024,0.15,0.82108,0.765,0.89108,0.58,0.56116,0.775
1282,,0.45256,0.1,0.78876,0.74,0.85876,0.53,0.49348,0.7
1283,,0.38488,0.05,0.75644,0.715,0.82644,0.48,0.4258,0.625
1284,,0.3172,0.0,0.72412,0.69,0.79412,0.43,0.35812,0.55
1285,,0.24952,-0.05,0.6918,0.665,0.7618,0.38,0.29044,0.475
1286,2,0.14684,1.0,0.62448,0.64,0.76448,0.38,0.25776,0.4
1287,,0.07916,0.95,0.59216,0.615,0.73216,0.33,0.19008,0.325
1288,,0.01148,0.9,0.55984,0.59,0.69984,0.28,0.1224,0.25
1289,,-0.0562,0.85,0.52752,0.565,0.66752,0.23,0.05472,0.175
1290,1,1.0,0.765,0.4742,0.555,0.6852,0.245,0.03704,0.115
1291,,0.93232,0.715,0.44188,0.53,0.65288,0.195,-0.03064,0.04
1292,7,0.91464,0.7,0.45956,0.59,0.74156,0.28,1.0,0.05
1293,,0.84696,0.65,0.42724,0.565,0.70924,0.23,0.93232,-0.025
1294,8,0.79428,0.6,0.40992,0.59,0.76192,0.28,0.94964,1.0
1295,,0.7266,0.55,0.3776,0.565,0.7296,0.23,0.88196,0.925
1296,,0.65892,0.5,0.34528,0.54,0.69728,0.18,0.81428,0.85
1297,,0.59124,0.45,0.31296,0.515,0.66496,0.13,0.7466,0.775
1298,,0.52356,0.4,0.28064,0.49,0.63264,0.08,0.67892,0.7
1299,,0.45588,0.35,0.24832,0.465,0.60032,0.03,0.61124,0.625
1300,,0.3882,0.3,0.216,0.44,0.568,-0.02,0.54356,0.55
1301,6,0.38552,0.3,0.24868,0.515,0.38568,1.0,0.61088,0.575
1302,,0.31784,0.25,0.21636,0.49,0.35336,0.95,0.5432,0.5
1303,,0.25016,0.2,0.18404,0.465,0.32104,0.9,0.47552,0.425
1304,,0.18248,0.15,0.15172,0.44,0.28872,0.85,0.40784,0.35
1305,,0.1148,0.1,0.1194,0.415,0.2564,0.8,0.34016,0.275
1306,,0.04712,0.05,0.08708,0.39,0.22408,0.75,0.27248,0.2
1307,,-0.02056,0.0,0.05476,0.365,0.19176,0.7,0.2048,0.125
1308,1,1.0,-0.085,0.00144,0.355,0.20944,0.715,0.18712,0.065
1309,2,0.89732,1.0,-0.06588,0.33,0.21212,0.715,0.15444,-0.01
1310,3,0.80864,0.915,1.0,0.32,0.2298,0.73,0.13676,-0.07
1311,8,0.75596,0.865,0.98268,0.345,0.28248,0.78,0.15408,1.0
1312,,0.68828,0.815,0.95036,0.32,0.25016,0.73,0.0864,0.925
1313,,0.6206,0.765,0.91804,0.295,0.21784,0.68,0.01872,0.85
1314,,0.55292,0.715,0.88572,0.27,0.18552,0.63,-0.04896,0.775
1315,7,0.53524,0.7,0.9034,0.33,0.2742,0.715,1.0,0.785
1316,,0.46756,0.65,0.87108,0.305,0.24188,0.665,0.93232,0.71
1317,,0.39988,0.6,0.83876,0.28,0.20956,0.615,0.86464,0.635
1318,,0.3322,0.55,0.80644,0.255,0.17724,0.565,0.79696,0.56
1319,,0.26452,0.5,0.77412,0.23,0.14492,0.515,0.72928,0.485
1320,,0.19684,0.45,0.7418,0.205,0.1126,0.465,0.6616,0.41
1321,,0.12916,0.4,0.70948,0.18,0.08028,0.415,0.59392,0.335
1322,,0.06148,0.35,0.67716,0.155,0.04796,0.365,0.52624,0.26
1323,,-0.0062,0.3,0.64484,0.13,0.01564,0.315,0.45856,0.185
1324,1,1.0,0.215,0.59152,0.12,0.03332,0.33,0.44088,0.125
1325,,0.93232,0.165,0.5592,0.095,0.001,0.28,0.3732,0.05
1326,,0.86464,0.115,0.52688,0.07,-0.03132,0.23,0.30552,-0.025
1327,5,0.84696,0.1,0.54456,0.13,1.0,0.03,0.35884,-0.015
1328,8,0.79428,0.05,0.52724,0.155,1.0,0.08,0.37616,1.0
1329,,0.7266,0.0,0.49492,0.13,0.96768,0.03,0.30848,0.925
1330,,0.65892,-0.05,0.4626,0.105,0.93536,-0.02,0.2408,0.85
1331,2,0.55624,1.0,0.39528,0.08,0.93804,-0.02,0.20812,0.775
1332,6,0.55356,1.0,0.42796,0.155,0.75572,1.0,0.27544,0.8
1333,,0.48588,0.95,0.39564,0.13,0.7234,0.95,0.20776,0.725
1334,,0.4182,0.9,0.36332,0.105,0.69108,0.9,0.14008,0.65
1335,,0.35052,0.85,0.331,0.08,0.65876,0.85,0.0724,0.575
1336,,0.28284,0.8,0.29868,0.055,0.62644,0.8,0.00472,0.5
1337,,0.21516,0.75,0.26636,0.03,0.59412,0.75,-0.06296,0.425
1338,7,0.19748,0.735,0.28404,0.09,0.6828,0.835,1.0,0.435
1339,,0.1298,0.685,0.25172,0.065,0.65048,0.785,0.93232,0.36
1340,,0.06212,0.635,0.2194,0.04,0.61816,0.735,0.86464,0.285
1341,,-0.00556,0.585,0.18708,0.015,0.58584,0.685,0.79696,0.21
1342,1,1.0,0.5,0.13376,0.005,0.60352,0.7,0.77928,0.15
1343,,0.93232,0.45,0.10144,-0.02,0.5712,0.65,0.7116,0.075
1344,4,0.87964,0.4,0.08412,1.0,0.62388,0.7,0.72892,0.05
1345,,0.81196,0.35,0.0518,0.975,0.59156,0.65,0.66124,-0.025
1346,8,0.75928,0.3,0.03448,1.0,0.64424,0.7,0.67856,1.0
1347,,0.6916,0.25,0.00216,0.975,0.61192,0.65,0.61088,0.925
1348,,0.62392,0.2,-0.03016,0.95,0.5796,0.6,0.5432,0.85
1349,3,0.53524,0.115,1.0,0.94,0.59728,0.615,0.52552,0.79
1350,,0.46756,0.065,0.96768,0.915,0.56496,0.565,0.45784,0.715
1351,,0.39988,0.015,0.93536,0.89,0.53264,0.515,0.39016,0.64
1352,,0.3322,-0.035,0.90304,0.865,0.50032,0.465,0.32248,0.565
1353,2,0.22952,1.0,0.83572,0.84,0.503,0.465,0.2898,0.49
1354,,0.16184,0.95,0.8034,0.815,0.47068,0.415,0.22212,0.415
1355,,0.09416,0.9,0.77108,0.79,0.43836,0.365,0.15444,0.34
1356,,0.02648,0.85,0.73876,0.765,0.40604,0.315,0.08676,0.265
1357,,-0.0412,0.8,0.70644,0.74,0.37372,0.265,0.01908,0.19
1358,1,1.0,0.715,0.65312,0.73,0.3914,0.28,0.0014,0.13
1359,,0.93232,0.665,0.6208,0.705,0.35908,0.23,-0.06628,0.055
1360,7,0.91464,0.65,0.63848,0.765,0.44776,0.315,1.0,0.065
1361,,0.84696,0.6,0.60616,0.74,0.41544,0.265,0.93232,-0.01
1362,8,0.79428,0.55,0.58884,0.765,0.46812,0.315,0.94964,1.0
1363,,0.7266,0.5,0.55652,0.74,0.4358,0.265,0.88196,0.925
1364,,0.65892,0.45,0.5242,0.715,0.40348,0.215,0.81428,0.85
1365,,0.59124,0.4,0.49188,0.69,0.37116,0.165,0.7466,0.775
1366,,0.52356,0.35,0.45956,0.665,0.33884,0.115,0.67892,0.7
1367,,0.45588,0.3,0.42724,0.64,0.30652,0.065,0.61124,0.625
1368,,0.3882,0.25,0.39492,0.615,0.2742,0.015,0.54356,0.55
1369,,0.32052,0.2,0.3626,0.59,0.24188,-0.035,0.47588,0.475
1370,6,0.31784,0.2,0.39528,0.665,0.05956,1.0,0.5432,0.5
1371,,0.25016,0.15,0.36296,0.64,0.02724,0.95,0.47552,0.425
1372,,0.18248,0.1,0.33064,0.615,-0.00508,0.9,0.40784,0.35
1373,5,0.1648,0.085,0.34832,0.675,1.0,0.7,0.46116,0.36
1374,,0.09712,0.035,0.316,0.65,0.96768,0.65,0.39348,0.285
1375,,0.02944,-0.015,0.28368,0.625,0.93536,0.6,0.3258,0.21
1376,2,-0.07324,1.0,0.21636,0.6,0.93804,0.6,0.29312,0.135
1377,1,1.0,0.915,0.16304,0.59,0.95572,0.615,0.27544,0.075
1378,,0.93232,0.865,0.13072,0.565,0.9234,0.565,0.20776,-0.0
1379,,0.86464,0.815,0.0984,0.54,0.89108,0.515,0.14008,-0.075
1380,8,0.81196,0.765,0.08108,0.565,0.94376,0.565,0.1574,1.0
1381,,0.74428,0.715,0.04876,0.54,0.91144,0.515,0.08972,0.925
1382,,0.6766,0.665,0.01644,0.515,0.87912,0.465,0.02204,0.85
1383,,0.60892,0.615,-0.01588,0.49,0.8468,0.415,-0.04564,0.775
1384,7,0.59124,0.6,0.0018,0.55,0.93548,0.5,1.0,0.785
1385,,0.52356,0.55,-0.03052,0.525,0.90316,0.45,0.93232,0.71
1386,3,0.43488,0.465,1.0,0.515,0.92084,0.465,0.91464,0.65
1387,,0.3672,0.415,0.96768,0.49,0.88852,0.415,0.84696,0.575
1388,,0.29952,0.365,0.93536,0.465,0.8562,0.365,0.77928,0.5
1389,,0.23184,0.315,0.90304,0.44,0.82388,0.315,0.7116,0.425
1390,,0.16416,0.265,0.87072,0.415,0.79156,0.265,0.64392,0.35
1391,,0.09648,0.215,0.8384,0.39,0.75924,0.215,0.57624,0.275
1392,,0.0288,0.165,0.80608,0.365,0.72692,0.165,0.50856,0.2
1393,,-0.03888,0.115,0.77376,0.34,0.6946,0.115,0.44088,0.125
1394,1,1.0,0.03,0.72044,0.33,0.71228,0.13,0.4232,0.065
1395,,0.93232,-0.02,0.68812,0.305,0.67996,0.08,0.35552,-0.01
1396,2,0.82964,1.0,0.6208,0.28,0.68264,0.08,0.32284,-0.085
1397,8,0.77696,0.95,0.60348,0.305,0.73532,0.13,0.34016,1.0
1398,,0.70928,0.9,0.57116,0.28,0.703,0.08,0.27248,0.925
1399,,0.6416,0.85,0.53884,0.255,0.67068,0.03,0.2048,0.85
1400,,0.57392,0.8,0.50652,0.23,0.63836,-0.02,0.13712,0.775
1401,6,0.57124,0.8,0.5392,0.305,0.45604,1.0,0.20444,0.8
1402,,0.50356,0.75,0.50688,0.28,0.42372,0.95,0.13676,0.725
1403,,0.43588,0.7,0.47456,0.255,0.3914,0.9,0.06908,0.65
1404,,0.3682,0.65,0.44224,0.23,0.35908,0.85,0.0014,0.575
1405,,0.30052,0.6,0.40992,0.205,0.32676,0.8,-0.06628,0.5
1406,7,0.28284,0.585,0.4276,0.265,0.41544,0.885,1.0,0.51
1407,,0.21516,0.535,0.39528,0.24,0.38312,0.835,0.93232,0.435
1408,,0.14748,0.485,0.36296,0.215,0.3508,0.785,0.86464,0.36
1409,,0.0798,0.435,0.33064,0.19,0.31848,0.735,0.79696,0.285
1410,,0.01212,0.385,0.29832,0.165,0.28616,0.685,0.72928,0.21
1411,,-0.05556,0.335,0.266,0.14,0.25384,0.635,0.6616,0.135
1412,1,1.0,0.25,0.21268,0.13,0.27152,0.65,0.64392,0.075
1413,,0.93232,0.2,0.18036,0.105,0.2392,0.6,0.57624,-0.0
1414,,0.86464,0.15,0.14804,0.08,0.20688,0.55,0.50856,-0.075
1415,8,0.81196,0.1,0.13072,0.105,0.25956,0.6,0.52588,1.0
1416,,0.74428,0.05,0.0984,0.08,0.22724,0.55,0.4582,0.925
1417,,0.6766,0.0,0.06608,0.055,0.19492,0.5,0.39052,0.85
1418,,0.60892,-0.05,0.03376,0.03,0.1626,0.45,0.32284,0.775
1419,2,0.50624,1.0,-0.03356,0.005,0.16528,0.45,0.29016,0.7
1420,3,0.41756,0.915,1.0,-0.005,0.18296,0.465,0.27248,0.64
1421,4,0.36488,0.865,0.98268,1.0,0.23564,0.515,0.2898,0.615
1422,,0.2972,0.815,0.95036,0.975,0.20332,0.465,0.22212,0.54
1423,,0.22952,0.765,0.91804,0.95,0.171,0.415,0.15444,0.465
1424,,0.16184,0.715,0.88572,0.925,0.13868,0.365,0.08676,0.39
1425,,0.09416,0.665,0.8534,0.9,0.10636,0.315,0.01908,0.315
1426,,0.02648,0.615,0.82108,0.875,0.07404,0.265,-0.0486,0.24
1427,7,0.0088,0.6,0.83876,0.935,0.16272,0.35,1.0,0.25
1428,,-0.05888,0.55,0.80644,0.91,0.1304,0.3,0.93232,0.175
1429,1,1.0,0.465,0.75312,0.9,0.14808,0.315,0.91464,0.115
1430,,0.93232,0.415,0.7208,0.875,0.11576,0.265,0.84696,0.04
1431,,0.86464,0.365,0.68848,0.85,0.08344,0.215,0.77928,-0.035
1432,8,0.81196,0.315,0.67116,0.875,0.13612,0.265,0.7966,1.0
1433,,0.74428,0.265,0.63884,0.85,0.1038,0.215,0.72892,0.925
1434,,0.6766,0.215,0.60652,0.825,0.07148,0.165,0.66124,0.85
1435,,0.60892,0.165,0.5742,0.8,0.03916,0.115,0.59356,0.775
1436,,0.54124,0.115,0.54188,0.775,0.00684,0.065,0.52588,0.7
1437,,0.47356,0.065,0.50956,0.75,-0.02548,0.015,0.4582,0.625
1438,5,0.45588,0.05,0.52724,0.81,1.0,-0.185,0.51152,0.635
1439,6,0.4532,0.05,0.55992,0.885,0.81768,1.0,0.57884,0.66
1440,,0.38552,0.0,0.5276,0.86,0.78536,0.95,0.51116,0.585
1441,,0.31784,-0.05,0.49528,0.835,0.75304,0.9,0.44348,0.51
1442,2,0.21516,1.0,0.42796,0.81,0.75572,0.9,0.4108,0.435
1443,,0.14748,0.95,0.39564,0.785,0.7234,0.85,0.34312,0.36
1444,,0.0798,0.9,0.36332,0.76,0.69108,0.8,0.27544,0.285
1445,,0.01212,0.85,0.331,0.735,0.65876,0.75,0.20776,0.21
1446,,-0.05556,0.8,0.29868,0.71,0.62644,0.7,0.14008,0.135
1447,1,1.0,0.715,0.24536,0.7,0.64412,0.715,0.1224,0.075
1448,,0.93232,0.665,0.21304,0.675,0.6118,0.665,0.05472,-0.0
1449,,0.86464,0.615,0.18072,0.65,0.57948,0.615,-0.01296,-0.075
1450,8,0.81196,0.565,0.1634,0.675,0.63216,0.665,0.00436,1.0
1451,,0.74428,0.515,0.13108,0.65,0.59984,0.615,-0.06332,0.925
1452,7,0.7266,0.5,0.14876,0.71,0.68852,0.7,1.0,0.935
1453,,0.65892,0.45,0.11644,0.685,0.6562,0.65,0.93232,0.86
1454,,0.59124,0.4,0.08412,0.66,0.62388,0.6,0.86464,0.785
1455,,0.52356,0.35,0.0518,0.635,0.59156,0.55,0.79696,0.71
1456,,0.45588,0.3,0.01948,0.61,0.55924,0.5,0.72928,0.635
1457,,0.3882,0.25,-0.01284,0.585,0.52692,0.45,0.6616,0.56
1458,3,0.29952,0.165,1.0,0.575,0.5446,0.465,0.64392,0.5
1459,,0.23184,0.115,0.96768,0.55,0.51228,0.415,0.57624,0.425
1460,,0.16416,0.065,0.93536,0.525,0.47996,0.365,0.50856,0.35
1461,,0.09648,0.015,0.90304,0.5,0.44764,0.315,0.44088,0.275
1462,,0.0288,-0.035,0.87072,0.475,0.41532,0.265,0.3732,0.2
1463,2,-0.07388,1.0,0.8034,0.45,0.418,0.265,0.34052,0.125
1464,1,1.0,0.915,0.75008,0.44,0.43568,0.28,0.32284,0.065
1465,,0.93232,0.865,0.71776,0.415,0.40336,0.23,0.25516,-0.01
1466,8,0.87964,0.815,0.70044,0.44,0.45604,0.28,0.27248,1.0
1467,,0.81196,0.765,0.66812,0.415,0.42372,0.23,0.2048,0.925
1468,,0.74428,0.715,0.6358,0.39,0.3914,0.18,0.13712,0.85
1469,,0.6766,0.665,0.60348,0.365,0.35908,0.13,0.06944,0.775
1470,,0.60892,0.615,0.57116,0.34,0.32676,0.08,0.00176,0.7
1471,,0.54124,0.565,0.53884,0.315,0.29444,0.03,-0.06592,0.625
1472,7,0.52356,0.55,0.55652,0.375,0.38312,0.115,1.0,0.635
1473,,0.45588,0.5,0.5242,0.35,0.3508,0.065,0.93232,0.56
1474,,0.3882,0.45,0.49188,0.325,0.31848,0.015,0.86464,0.485
1475,,0.32052,0.4,0.45956,0.3,0.28616,-0.035,0.79696,0.41
1476,6,0.31784,0.4,0.49224,0.375,0.10384,1.0,0.86428,0.435
1477,,0.25016,0.35,0.45992,0.35,0.07152,0.95,0.7966,0.36
1478,,0.18248,0.3,0.4276,0.325,0.0392,0.9,0.72892,0.285
1479,,0.1148,0.25,0.39528,0.3,0.00688,0.85,0.66124,0.21
1480,,0.04712,0.2,0.36296,0.275,-0.02544,0.8,0.59356,0.135
1481,5,0.02944,0.185,0.38064,0.335,1.0,0.6,0.64688,0.145
1482,,-0.03824,0.135,0.34832,0.31,0.96768,0.55,0.5792,0.07
1483,1,1.0,0.05,0.295,0.3,0.98536,0.565,0.56152,0.01
1484,,0.93232,0.0,0.26268,0.275,0.95304,0.515,0.49384,-0.065
1485,8,0.87964,-0.05,0.24536,0.3,1.0,0.565,0.51116,1.0
1486,2,0.77696,1.0,0.17804,0.275,1.0,0.565,0.47848,0.925
1487,,0.70928,0.95,0.14572,0.25,0.96768,0.515,0.4108,0.85
1488,,0.6416,0.9,0.1134,0.225,0.93536,0.465,0.34312,0.775
1489,,0.57392,0.85,0.08108,0.2,0.90304,0.415,0.27544,0.7
1490,,0.50624,0.8,0.04876,0.175,0.87072,0.365,0.20776,0.625
1491,,0.43856,0.75,0.01644,0.15,0.8384,0.315,0.14008,0.55
1492,,0.37088,0.7,-0.01588,0.125,0.80608,0.265,0.0724,0.475
1493,3,0.2822,0.615,1.0,0.115,0.82376,0.28,0.05472,0.415
1494,,0.21452,0.565,0.96768,0.09,0.79144,0.23,-0.01296,0.34
1495,7,0.19684,0.55,0.98536,0.15,0.88012,0.315,1.0,0.35
1496,,0.12916,0.5,0.95304,0.125,0.8478,0.265,0.93232,0.275
1497,,0.06148,0.45,0.92072,0.1,0.81548,0.215,0.86464,0.2
1498,,-0.0062,0.4,0.8884,0.075,0.78316,0.165,0.79696,0.125
1499,1,1.0,0.315,0.83508,0.065,0.80084,0.18,0.77928,0.065
1500,,0.93232,0.265,0.80276,0.04,0.76852,0.13,0.7116,-0.01
1501,8,0.87964,0.215,0.78544,0.065,0.8212,0.18,0.72892,1.0
1502,,0.81196,0.165,0.75312,0.04,0.78888,0.13,0.66124,0.925
1503,,0.74428,0.115,0.7208,0.015,0.75656,0.08,0.59356,0.85
1504,,0.6766,0.065,0.68848,-0.01,0.72424,0.03,0.52588,0.775
1505,4,0.62392,0.015,0.67116,1.0,0.77692,0.08,0.5432,0.75
1506,,0.55624,-0.035,0.63884,0.975,0.7446,0.03,0.47552,0.675
1507,2,0.45356,1.0,0.57152,0.95,0.74728,0.03,0.44284,0.6
1508,,0.38588,0.95,0.5392,0.925,0.71496,-0.02,0.37516,0.525
1509,6,0.3832,0.95,0.57188,1.0,0.53264,1.0,0.44248,0.55
1510,,0.31552,0.9,0.53956,0.975,0.50032,0.95,0.3748,0.475
1511,,0.24784,0.85,0.50724,0.95,0.468,0.9,0.30712,0.4
1512,,0.18016,0.8,0.47492,0.925,0.43568,0.85,0.23944,0.325
1513,,0.11248,0.75,0.4426,0.9,0.40336,0.8,0.17176,0.25
1514,,0.0448,0.7,0.41028,0.875,0.37104,0.75,0.10408,0.175
1515,,-0.02288,0.65,0.37796,0.85,0.33872,0.7,0.0364,0.1
1516,1,1.0,0.565,0.32464,0.84,0.3564,0.715,0.01872,0.04
1517,,0.93232,0.515,0.29232,0.815,0.32408,0.665,-0.04896,-0.035
1518,7,0.91464,0.5,0.31,0.875,0.41276,0.75,1.0,-0.025
1519,8,0.86196,0.45,0.29268,0.9,0.46544,0.8,1.0,1.0
1520,,0.79428,0.4,0.26036,0.875,0.43312,0.75,0.93232,0.925
1521,,0.7266,0.35,0.22804,0.85,0.4008,0.7,0.86464,0.85
1522,,0.65892,0.3,0.19572,0.825,0.36848,0.65,0.79696,0.775
1523,,0.59124,0.25,0.1634,0.8,0.33616,0.6,0.72928,0.7
1524,,0.52356,0.2,0.13108,0.775,0.30384,0.55,0.6616,0.625
1525,,0.45588,0.15,0.09876,0.75,0.27152,0.5,0.59392,0.55
1526,,0.3882,0.1,0.06644,0.725,0.2392,0.45,0.52624,0.475
1527,,0.32052,0.05,0.03412,0.7,0.20688,0.4,0.45856,0.4
1528,,0.25284,0.0,0.0018,0.675,0.17456,0.35,0.39088,0.325
1529,,0.18516,-0.05,-0.03052,0.65,0.14224,0.3,0.3232,0.25
1530,2,0.08248,1.0,-0.09784,0.625,0.14492,0.3,0.29052,0.175
1531,3,-0.0062,0.915,1.0,0.615,0.1626,0.315,0.27284,0.115
1532,1,1.0,0.83,0.94668,0.605,0.18028,0.33,0.25516,0.055
1533,,0.93232,0.78,0.91436,0.58,0.14796,0.28,0.18748,-0.02
1534,8,0.87964,0.73,0.89704,0.605,0.20064,0.33,0.2048,1.0
1535,,0.81196,0.68,0.86472,0.58,0.16832,0.28,0.13712,0.925
1536,,0.74428,0.63,0.8324,0.555,0.136,0.23,0.06944,0.85
1537,,0.6766,0.58,0.80008,0.53,0.10368,0.18,0.00176,0.775
1538,,0.60892,0.53,0.76776,0.505,0.07136,0.13,-0.06592,0.7
1539,7,0.59124,0.515,0.78544,0.565,0.16004,0.215,1.0,0.71
1540,,0.52356,0.465,0.75312,0.54,0.12772,0.165,0.93232,0.635
1541,,0.45588,0.415,0.7208,0.515,0.0954,0.115,0.86464,0.56
1542,,0.3882,0.365,0.68848,0.49,0.06308,0.065,0.79696,0.485
1543,,0.32052,0.315,0.65616,0.465,0.03076,0.015,0.72928,0.41
1544,,0.25284,0.265,0.62384,0.44,-0.00156,-0.035,0.6616,0.335
1545,6,0.25016,0.265,0.65652,0.515,-0.18388,1.0,0.72892,0.36
1546,5,0.23248,0.25,0.6742,0.575,1.0,0.8,0.78224,0.37
1547,,0.1648,0.2,0.64188,0.55,0.96768,0.75,0.71456,0.295
1548,,0.09712,0.15,0.60956,0.525,0.93536,0.7,0.64688,0.22
1549,,0.02944,0.1,0.57724,0.5,0.90304,0.65,0.5792,0.145
1550,,-0.03824,0.05,0.54492,0.475,0.87072,0.6,0.51152,0.07
1551,1,1.0,-0.035,0.4916,0.465,0.8884,0.615,0.49384,0.01
1552,2,0.89732,1.0,0.42428,0.44,0.89108,0.615,0.46116,-0.065
1553,8,0.84464,0.95,0.40696,0.465,0.94376,0.665,0.47848,1.0
1554,,0.77696,0.9,0.37464,0.44,0.91144,0.615,0.4108,0.925
1555,,0.70928,0.85,0.34232,0.415,0.87912,0.565,0.34312,0.85
1556,,0.6416,0.8,0.31,0.39,0.8468,0.515,0.27544,0.775
1557,,0.57392,0.75,0.27768,0.365,0.81448,0.465,0.20776,0.7
1558,,0.50624,0.7,0.24536,0.34,0.78216,0.415,0.14008,0.625
1559,,0.43856,0.65,0.21304,0.315,0.74984,0.365,0.0724,0.55
1560,,0.37088,0.6,0.18072,0.29,0.71752,0.315,0.00472,0.475
1561,,0.3032,0.55,0.1484,0.265,0.6852,0.265,-0.06296,0.4
1562,7,0.28552,0.535,0.16608,0.325,0.77388,0.35,1.0,0.41
1563,,0.21784,0.485,0.13376,0.3,0.74156,0.3,0.93232,0.335
1564,,0.15016,0.435,0.10144,0.275,0.70924,0.25,0.86464,0.26
1565,,0.08248,0.385,0.06912,0.25,0.67692,0.2,0.79696,0.185
1566,,0.0148,0.335,0.0368,0.225,0.6446,0.15,0.72928,0.11
1567,,-0.05288,0.285,0.00448,0.2,0.61228,0.1,0.6616,0.035
1568,1,1.0,0.2,-0.04884,0.19,0.62996,0.115,0.64392,-0.025
1569,3,0.91132,0.115,1.0,0.18,0.64764,0.13,0.62624,-0.085
1570,8,0.85864,0.065,0.98268,0.205,0.70032,0.18,0.64356,1.0
1571,,0.79096,0.015,0.95036,0.18,0.668,0.13,0.57588,0.925
1572,,0.72328,-0.035,0.91804,0.155,0.63568,0.08,0.5082,0.85
1573,2,0.6206,1.0,0.85072,0.13,0.63836,0.08,0.47552,0.775
1574,,0.55292,0.95,0.8184,0.105,0.60604,0.03,0.40784,0.7
1575,,0.48524,0.9,0.78608,0.08,0.57372,-0.02,0.34016,0.625
1576,6,0.48256,0.9,0.81876,0.155,0.3914,1.0,0.40748,0.65
1577,,0.41488,0.85,0.78644,0.13,0.35908,0.95,0.3398,0.575
1578,,0.3472,0.8,0.75412,0.105,0.32676,0.9,0.27212,0.5
1579,,0.27952,0.75,0.7218,0.08,0.29444,0.85,0.20444,0.425
1580,,0.21184,0.7,0.68948,0.055,0.26212,0.8,0.13676,0.35
1581,,0.14416,0.65,0.65716,0.03,0.2298,0.75,0.06908,0.275
1582,,0.07648,0.6,0.62484,0.005,0.19748,0.7,0.0014,0.2
1583,,0.0088,0.55,0.59252,-0.02,0.16516,0.65,-0.06628,0.125
1584,7,-0.00888,0.535,0.6102,0.04,0.25384,0.735,1.0,0.135
1585,1,1.0,0.45,0.55688,0.03,0.27152,0.75,0.98232,0.075
1586,,0.93232,0.4,0.52456,0.005,0.2392,0.7,0.91464,-0.0
1587,,0.86464,0.35,0.49224,-0.02,0.20688,0.65,0.84696,-0.075
1588,8,0.81196,0.3,0.47492,0.005,0.25956,0.7,0.86428,1.0
1589,,0.74428,0.25,0.4426,-0.02,0.22724,0.65,0.7966,0.925
1590,4,0.6916,0.2,0.42528,1.0,0.27992,0.7,0.81392,0.9
1591,,0.62392,0.15,0.39296,0.975,0.2476,0.65,0.74624,0.825
1592,,0.55624,0.1,0.36064,0.95,0.21528,0.6,0.67856,0.75
1593,,0.48856,0.05,0.32832,0.925,0.18296,0.55,0.61088,0.675
1594,,0.42088,0.0,0.296,0.9,0.15064,0.5,0.5432,0.6
1595,,0.3532,-0.05,0.26368,0.875,0.11832,0.45,0.47552,0.525
1596,2,0.25052,1.0,0.19636,0.85,0.121,0.45,0.44284,0.45
1597,,0.18284,0.95,0.16404,0.825,0.08868,0.4,0.37516,0.375
1598,,0.11516,0.9,0.13172,0.8,0.05636,0.35,0.30748,0.3
1599,,0.04748,0.85,0.0994,0.775,0.02404,0.3,0.2398,0.225
1600,,-0.0202,0.8,0.06708,0.75,-0.00828,0.25,0.17212,0.15
1601,1,1.0,0.715,0.01376,0.74,0.0094,0.265,0.15444,0.09
1602,,0.93232,0.665,-0.01856,0.715,-0.02292,0.215,0.08676,0.015
1603,5,0.91464,0.65,-0.00088,0.775,1.0,0.015,0.14008,0.025
1604,3,0.82596,0.565,1.0,0.765,1.0,0.03,0.1224,-0.035
1605,8,0.77328,0.515,0.98268,0.79,1.0,0.08,0.13972,1.0
1606,,0.7056,0.465,0.95036,0.765,0.96768,0.03,0.07204,0.925
1607,,0.63792,0.415,0.91804,0.74,0.93536,-0.02,0.00436,0.85
1608,6,0.63524,0.415,0.95072,0.815,0.75304,1.0,0.07168,0.875
1609,,0.56756,0.365,0.9184,0.79,0.72072,0.95,0.004,0.8
1610,,0.49988,0.315,0.88608,0.765,0.6884,0.9,-0.06368,0.725
1611,7,0.4822,0.3,0.90376,0.825,0.77708,0.985,1.0,0.735
1612,,0.41452,0.25,0.87144,0.8,0.74476,0.935,0.93232,0.66
1613,,0.34684,0.2,0.83912,0.775,0.71244,0.885,0.86464,0.585
1614,,0.27916,0.15,0.8068,0.75,0.68012,0.835,0.79696,0.51
1615,,0.21148,0.1,0.77448,0.725,0.6478,0.785,0.72928,0.435
1616,,0.1438,0.05,0.74216,0.7,0.61548,0.735,0.6616,0.36
1617,,0.07612,0.0,0.70984,0.675,0.58316,0.685,0.59392,0.285
1618,,0.00844,-0.05,0.67752,0.65,0.55084,0.635,0.52624,0.21
1619,2,-0.09424,1.0,0.6102,0.625,0.55352,0.635,0.49356,0.135
1620,1,1.0,0.915,0.55688,0.615,0.5712,0.65,0.47588,0.075
1621,,0.93232,0.865,0.52456,0.59,0.53888,0.6,0.4082,-0.0
1622,,0.86464,0.815,0.49224,0.565,0.50656,0.55,0.34052,-0.075
1623,8,0.81196,0.765,0.47492,0.59,0.55924,0.6,0.35784,1.0
1624,,0.74428,0.715,0.4426,0.565,0.52692,0.55,0.29016,0.925
1625,,0.6766,0.665,0.41028,0.54,0.4946,0.5,0.22248,0.85
1626,,0.60892,0.615,0.37796,0.515,0.46228,0.45,0.1548,0.775
1627,,0.54124,0.565,0.34564,0.49,0.42996,0.4,0.08712,0.7
1628,,0.47356,0.515,0.31332,0.465,0.39764,0.35,0.01944,0.625
1629,,0.40588,0.465,0.281,0.44,0.36532,0.3,-0.04824,0.55
1630,7,0.3882,0.45,0.29868,0.5,0.454,0.385,1.0,0.56
1631,,0.32052,0.4,0.26636,0.475,0.42168,0.335,0.93232,0.485
1632,,0.25284,0.35,0.23404,0.45,0.38936,0.285,0.86464,0.41
1633,,0.18516,0.3,0.20172,0.425,0.35704,0.235,0.79696,0.335
1634,,0.11748,0.25,0.1694,0.4,0.32472,0.185,0.72928,0.26
1635,,0.0498,0.2,0.13708,0.375,0.2924,0.135,0.6616,0.185
1636,,-0.01788,0.15,0.10476,0.35,0.26008,0.085,0.59392,0.11
1637,1,1.0,0.065,0.05144,0.34,0.27776,0.1,0.57624,0.05
1638,,0.93232,0.015,0.01912,0.315,0.24544,0.05,0.50856,-0.025
1639,8,0.87964,-0.035,0.0018,0.34,0.29812,0.1,0.52588,1.0
1640,2,0.77696,1.0,-0.06552,0.315,0.3008,0.1,0.4932,0.925
1641,3,0.68828,0.915,1.0,0.305,0.31848,0.115,0.47552,0.865
1642,,0.6206,0.865,0.96768,0.28,0.28616,0.065,0.40784,0.79
1643,,0.55292,0.815,0.93536,0.255,0.25384,0.015,0.34016,0.715
1644,,0.48524,0.765,0.90304,0.23,0.22152,-0.035,0.27248,0.64
1645,6,0.48256,0.765,0.93572,0.305,0.0392,1.0,0.3398,0.665
1646,,0.41488,0.715,0.9034,0.28,0.00688,0.95,0.27212,0.59
1647,,0.3472,0.665,0.87108,0.255,-0.02544,0.9,0.20444,0.515
1648,5,0.32952,0.65,0.88876,0.315,1.0,0.7,0.25776,0.525
1649,,0.26184,0.6,0.85644,0.29,0.96768,0.65,0.19008,0.45
1650,,0.19416,0.55,0.82412,0.265,0.93536,0.6,0.1224,0.375
1651,,0.12648,0.5,0.7918,0.24,0.90304,0.55,0.05472,0.3
1652,,0.0588,0.45,0.75948,0.215,0.87072,0.5,-0.01296,0.225
1653,7,0.04112,0.435,0.77716,0.275,0.9594,0.585,1.0,0.235
1654,,-0.02656,0.385,0.74484,0.25,0.92708,0.535,0.93232,0.16
1655,1,1.0,0.3,0.69152,0.24,0.94476,0.55,0.91464,0.1
1656,,0.93232,0.25,0.6592,0.215,0.91244,0.5,0.84696,0.025
1657,,0.86464,0.2,0.62688,0.19,0.88012,0.45,0.77928,-0.05
1658,8,0.81196,0.15,0.60956,0.215,0.9328,0.5,0.7966,1.0
1659,,0.74428,0.1,0.57724,0.19,0.90048,0.45,0.72892,0.925
1660,,0.6766,0.05,0.54492,0.165,0.86816,0.4,0.66124,0.85
1661,,0.60892,0.0,0.5126,0.14,0.83584,0.35,0.59356,0.775
1662,,0.54124,-0.05,0.48028,0.115,0.80352,0.3,0.52588,0.7
1663,2,0.43856,1.0,0.41296,0.09,0.8062,0.3,0.4932,0.625
1664,,0.37088,0.95,0.38064,0.065,0.77388,0.25,0.42552,0.55
1665,,0.3032,0.9,0.34832,0.04,0.74156,0.2,0.35784,0.475
1666,,0.23552,0.85,0.316,0.015,0.70924,0.15,0.29016,0.4
1667,,0.16784,0.8,0.28368,-0.01,0.67692,0.1,0.22248,0.325
1668,4,0.11516,0.75,0.26636,1.0,0.7296,0.15,0.2398,0.3
1669,,0.04748,0.7,0.23404,0.975,0.69728,0.1,0.17212,0.225
1670,,-0.0202,0.65,0.20172,0.95,0.66496,0.05,0.10444,0.15
1671,1,1.0,0.565,0.1484,0.94,0.68264,0.065,0.08676,0.09
1672,,0.93232,0.515,0.11608,0.915,0.65032,0.015,0.01908,0.015
1673,,0.86464,0.465,0.08376,0.89,0.618,-0.035,-0.0486,-0.06
1674,8,0.81196,0.415,0.06644,0.915,0.67068,0.015,-0.03128,1.0
1675,7,0.79428,0.4,0.08412,0.975,0.75936,0.1,1.0,1.0
1676,,0.7266,0.35,0.0518,0.95,0.72704,0.05,0.93232,0.925
1677,,0.65892,0.3,0.01948,0.925,0.69472,0.0,0.86464,0.85
1678,,0.59124,0.25,-0.01284,0.9,0.6624,-0.05,0.79696,0.775
1679,6,0.58856,0.25,0.01984,0.975,0.48008,1.0,0.86428,0.8
1680,,0.52088,0.2,-0.01248,0.95,0.44776,0.95,0.7966,0.725
1681,3,0.4322,0.115,1.0,0.94,0.46544,0.965,0.77892,0.665
1682,,0.36452,0.065,0.96768,0.915,0.43312,0.915,0.71124,0.59
1683,,0.29684,0.015,0.93536,0.89,0.4008,0.865,0.64356,0.515
1684,,0.22916,-0.035,0.90304,0.865,0.36848,0.815,0.57588,0.44
1685,2,0.12648,1.0,0.83572,0.84,0.37116,0.815,0.5432,0.365
1686,,0.0588,0.95,0.8034,0.815,0.33884,0.765,0.47552,0.29
1687,,-0.00888,0.9,0.77108,0.79,0.30652,0.715,0.40784,0.215
1688,1,1.0,0.815,0.71776,0.78,0.3242,0.73,0.39016,0.155
1689,,0.93232,0.765,0.68544,0.755,0.29188,0.68,0.32248,0.08
1690,,0.86464,0.715,0.65312,0.73,0.25956,0.63,0.2548,0.005
1691,,0.79696,0.665,0.6208,0.705,0.22724,0.58,0.18712,-0.07
1692,8,0.74428,0.615,0.60348,0.73,0.27992,0.63,0.20444,1.0
1693,,0.6766,0.565,0.57116,0.705,0.2476,0.58,0.13676,0.925
1694,,0.60892,0.515,0.53884,0.68,0.21528,0.53,0.06908,0.85
1695,,0.54124,0.465,0.50652,0.655,0.18296,0.48,0.0014,0.775
1696,,0.47356,0.415,0.4742,0.63,0.15064,0.43,-0.06628,0.7
1697,7,0.45588,0.4,0.49188,0.69,0.23932,0.515,1.0,0.71
1698,,0.3882,0.35,0.45956,0.665,0.207,0.465,0.93232,0.635
1699,,0.32052,0.3,0.42724,0.64,0.17468,0.415,0.86464,0.56
1700,,0.25284,0.25,0.39492,0.615,0.14236,0.365,0.79696,0.485
1701,,0.18516,0.2,0.3626,0.59,0.11004,0.315,0.72928,0.41
1702,,0.11748,0.15,0.33028,0.565,0.07772,0.265,0.6616,0.335
1703,,0.0498,0.1,0.29796,0.54,0.0454,0.215,0.59392,0.26
1704,,-0.01788,0.05,0.26564,0.515,0.01308,0.165,0.52624,0.185
1705,1,1.0,-0.035,0.21232,0.505,0.03076,0.18,0.50856,0.125
1706,2,0.89732,1.0,0.145,0.48,0.03344,0.18,0.47588,0.05
1707,,0.82964,0.95,0.11268,0.455,0.00112,0.13,0.4082,-0.025
1708,8,0.77696,0.9,0.09536,0.48,0.0538,0.18,0.42552,1.0
1709,,0.70928,0.85,0.06304,0.455,0.02148,0.13,0.35784,0.925
1710,,0.6416,0.8,0.03072,0.43,-0.01084,0.08,0.29016,0.85
1711,5,0.62392,0.785,0.0484,0.49,1.0,-0.12,0.34348,0.86
1712,6,0.62124,0.785,0.08108,0.565,0.81768,1.0,0.4108,0.885
1713,,0.55356,0.735,0.04876,0.54,0.78536,0.95,0.34312,0.81
1714,,0.48588,0.685,0.01644,0.515,0.75304,0.9,0.27544,0.735
1715,,0.4182,0.635,-0.01588,0.49,0.72072,0.85,0.20776,0.66
1716,3,0.32952,0.55,1.0,0.48,0.7384,0.865,0.19008,0.6
1717,,0.26184,0.5,0.96768,0.455,0.70608,0.815,0.1224,0.525
1718,,0.19416,0.45,0.93536,0.43,0.67376,0.765,0.05472,0.45
1719,,0.12648,0.4,0.90304,0.405,0.64144,0.715,-0.01296,0.375
1720,7,0.1088,0.385,0.92072,0.465,0.73012,0.8,1.0,0.385
1721,,0.04112,0.335,0.8884,0.44,0.6978,0.75,0.93232,0.31
1722,,-0.02656,0.285,0.85608,0.415,0.66548,0.7,0.86464,0.235
1723,1,1.0,0.2,0.80276,0.405,0.68316,0.715,0.84696,0.175
1724,,0.93232,0.15,0.77044,0.38,0.65084,0.665,0.77928,0.1
1725,,0.86464,0.1,0.73812,0.355,0.61852,0.615,0.7116,0.025
1726,,0.79696,0.05,0.7058,0.33,0.5862,0.565,0.64392,-0.05
1727,8,0.74428,0.0,0.68848,0.355,0.63888,0.615,0.66124,1.0
1728,,0.6766,-0.05,0.65616,0.33,0.60656,0.565,0.59356,0.925
1729,2,0.57392,1.0,0.58884,0.305,0.60924,0.565,0.56088,0.85
1730,,0.50624,0.95,0.55652,0.28,0.57692,0.515,0.4932,0.775
1731,,0.43856,0.9,0.5242,0.255,0.5446,0.465,0.42552,0.7
1732,,0.37088,0.85,0.49188,0.23,0.51228,0.415,0.35784,0.625
1733,,0.3032,0.8,0.45956,0.205,0.47996,0.365,0.29016,0.55
1734,,0.23552,0.75,0.42724,0.18,0.44764,0.315,0.22248,0.475
1735,,0.16784,0.7,0.39492,0.155,0.41532,0.265,0.1548,0.4
1736,,0.10016,0.65,0.3626,0.13,0.383,0.215,0.08712,0.325
1737,,0.03248,0.6,0.33028,0.105,0.35068,0.165,0.01944,0.25
1738,,-0.0352,0.55,0.29796,0.08,0.31836,0.115,-0.04824,0.175
1739,7,-0.05288,0.535,0.31564,0.14,0.40704,0.2,1.0,0.185
1740,1,1.0,0.45,0.26232,0.13,0.42472,0.215,0.98232,0.125
1741,,0.93232,0.4,0.23,0.105,0.3924,0.165,0.91464,0.05
1742,,0.86464,0.35,0.19768,0.08,0.36008,0.115,0.84696,-0.025
1743,8,0.81196,0.3,0.18036,0.105,0.41276,0.165,0.86428,1.0
1744,,0.74428,0.25,0.14804,0.08,0.38044,0.115,0.7966,0.925
1745,,0.6766,0.2,0.11572,0.055,0.34812,0.065,0.72892,0.85
1746,,0.60892,0.15,0.0834,0.03,0.3158,0.015,0.66124,0.775
1747,,0.54124,0.1,0.05108,0.005,0.28348,-0.035,0.59356,0.7
1748,6,0.53856,0.1,0.08376,0.08,0.10116,1.0,0.66088,0.725
1749,,0.47088,0.05,0.05144,0.055,0.06884,0.95,0.5932,0.65
1750,,0.4032,0.0,0.01912,0.03,0.03652,0.9,0.52552,0.575
1751,,0.33552,-0.05,-0.0132,0.005,0.0042,0.85,0.45784,0.5
1752,2,0.23284,1.0,-0.08052,-0.02,0.00688,0.85,0.42516,0.425
1753,3,0.14416,0.915,1.0,-0.03,0.02456,0.865,0.40748,0.365
1754,4,0.09148,0.865,0.98268,1.0,0.07724,0.915,0.4248,0.34
1755,,0.0238,0.815,0.95036,0.975,0.04492,0.865,0.35712,0.265
1756,,-0.04388,0.765,0.91804,0.95,0.0126,0.815,0.28944,0.19
1757,1,1.0,0.68,0.86472,0.94,0.03028,0.83,0.27176,0.13
1758,,0.93232,0.63,0.8324,0.915,-0.00204,0.78,0.20408,0.055
1759,5,0.91464,0.615,0.85008,0.975,1.0,0.58,0.2574,0.065
1760,,0.84696,0.565,0.81776,0.95,0.96768,0.53,0.18972,-0.01
1761,8,0.79428,0.515,0.80044,0.975,1.0,0.58,0.20704,1.0
1762,,0.7266,0.465,0.76812,0.95,0.96768,0.53,0.13936,0.925
1763,,0.65892,0.415,0.7358,0.925,0.93536,0.48,0.07168,0.85
1764,,0.59124,0.365,0.70348,0.9,0.90304,0.43,0.004,0.775
1765,,0.52356,0.315,0.67116,0.875,0.87072,0.38,-0.06368,0.7
1766,7,0.50588,0.3,0.68884,0.935,0.9594,0.465,1.0,0.71
1767,,0.4382,0.25,0.65652,0.91,0.92708,0.415,0.93232,0.635
1768,,0.37052,0.2,0.6242,0.885,0.89476,0.365,0.86464,0.56
1769,,0.30284,0.15,0.59188,0.86,0.86244,0.315,0.79696,0.485
1770,,0.23516,0.1,0.55956,0.835,0.83012,0.265,0.72928,0.41
1771,,0.16748,0.05,0.52724,0.81,0.7978,0.215,0.6616,0.335
1772,,0.0998,0.0,0.49492,0.785,0.76548,0.165,0.59392,0.26
1773,,0.03212,-0.05,0.4626,0.76,0.73316,0.115,0.52624,0.185
1774,2,-0.07056,1.0,0.39528,0.735,0.73584,0.115,0.49356,0.11
1775,1,1.0,0.915,0.34196,0.725,0.75352,0.13,0.47588,0.05
1776,,0.93232,0.865,0.30964,0.7,0.7212,0.08,0.4082,-0.025
1777,8,0.87964,0.815,0.29232,0.725,0.77388,0.13,0.42552,1.0
1778,,0.81196,0.765,0.26,0.7,0.74156,0.08,0.35784,0.925
1779,,0.74428,0.715,0.22768,0.675,0.70924,0.03,0.29016,0.85
1780,,0.6766,0.665,0.19536,0.65,0.67692,-0.02,0.22248,0.775
1781,6,0.67392,0.665,0.22804,0.725,0.4946,1.0,0.2898,0.8
1782,,0.60624,0.615,0.19572,0.7,0.46228,0.95,0.22212,0.725
1783,,0.53856,0.565,0.1634,0.675,0.42996,0.9,0.15444,0.65
1784,,0.47088,0.515,0.13108,0.65,0.39764,0.85,0.08676,0.575
1785,,0.4032,0.465,0.09876,0.625,0.36532,0.8,0.01908,0.5
1786,,0.33552,0.415,0.06644,0.6,0.333,0.75,-0.0486,0.425
1787,7,0.31784,0.4,0.08412,0.66,0.42168,0.835,1.0,0.435
1788,,0.25016,0.35,0.0518,0.635,0.38936,0.785,0.93232,0.36
1789,,0.18248,0.3,0.01948,0.61,0.35704,0.735,0.86464,0.285
1790,,0.1148,0.25,-0.01284,0.585,0.32472,0.685,0.79696,0.21
1791,3,0.02612,0.165,1.0,0.575,0.3424,0.7,0.77928,0.15
1792,,-0.04156,0.115,0.96768,0.55,0.31008,0.65,0.7116,0.075
1793,1,1.0,0.03,0.91436,0.54,0.32776,0.665,0.69392,0.015
1794,,0.93232,-0.02,0.88204,0.515,0.29544,0.615,0.62624,-0.06
1795,8,0.87964,-0.07,0.86472,0.54,0.34812,0.665,0.64356,1.0
1796,2,0.77696,1.0,0.7974,0.515,0.3508,0.665,0.61088,0.925
1797,,0.70928,0.95,0.76508,0.49,0.31848,0.615,0.5432,0.85
1798,,0.6416,0.9,0.73276,0.465,0.28616,0.565,0.47552,0.775
1799,,0.57392,0.85,0.70044,0.44,0.25384,0.515,0.40784,0.7
1800,,0.50624,0.8,0.66812,0.415,0.22152,0.465,0.34016,0.625
1801,,0.43856,0.75,0.6358,0.39,0.1892,0.415,0.27248,0.55
1802,,0.37088,0.7,0.60348,0.365,0.15688,0.365,0.2048,0.475
1803,,0.3032,0.65,0.57116,0.34,0.12456,0.315,0.13712,0.4
1804,,0.23552,0.6,0.53884,0.315,0.09224,0.265,0.06944,0.325
1805,,0.16784,0.55,0.50652,0.29,0.05992,0.215,0.00176,0.25
1806,,0.10016,0.5,0.4742,0.265,0.0276,0.165,-0.06592,0.175
1807,7,0.08248,0.485,0.49188,0.325,0.11628,0.25,1.0,0.185
1808,,0.0148,0.435,0.45956,0.3,0.08396,0.2,0.93232,0.11
1809,,-0.05288,0.385,0.42724,0.275,0.05164,0.15,0.86464,0.035
1810,1,1.0,0.3,0.37392,0.265,0.06932,0.165,0.84696,-0.025
1811,8,0.94732,0.25,0.3566,0.29,0.122,0.215,0.86428,1.0
1812,,0.87964,0.2,0.32428,0.265,0.08968,0.165,0.7966,0.925
1813,,0.81196,0.15,0.29196,0.24,0.05736,0.115,0.72892,0.85
1814,,0.74428,0.1,0.25964,0.215,0.02504,0.065,0.66124,0.775
1815,,0.6766,0.05,0.22732,0.19,-0.00728,0.015,0.59356,0.7
1816,5,0.65892,0.035,0.245,0.25,1.0,-0.185,0.64688,0.71
1817,6,0.65624,0.035,0.27768,0.325,0.81768,1.0,0.7142,0.735
1818,,0.58856,-0.015,0.24536,0.3,0.78536,0.95,0.64652,0.66
1819,2,0.48588,1.0,0.17804,0.275,0.78804,0.95,0.61384,0.585
1820,,0.4182,0.95,0.14572,0.25,0.75572,0.9,0.54616,0.51
1821,,0.35052,0.9,0.1134,0.225,0.7234,0.85,0.47848,0.435
1822,,0.28284,0.85,0.08108,0.2,0.69108,0.8,0.4108,0.36
1823,,0.21516,0.8,0.04876,0.175,0.65876,0.75,0.34312,0.285
1824,,0.14748,0.75,0.01644,0.15,0.62644,0.7,0.27544,0.21
1825,,0.0798,0.7,-0.01588,0.125,0.59412,0.65,0.20776,0.135
1826,3,-0.00888,0.615,1.0,0.115,0.6118,0.665,0.19008,0.075
1827,1,1.0,0.53,0.94668,0.105,0.62948,0.68,0.1724,0.015
1828,,0.93232,0.48,0.91436,0.08,0.59716,0.63,0.10472,-0.06
1829,8,0.87964,0.43,0.89704,0.105,0.64984,0.68,0.12204,1.0
1830,,0.81196,0.38,0.86472,0.08,0.61752,0.63,0.05436,0.925
1831,,0.74428,0.33,0.8324,0.055,0.5852,0.58,-0.01332,0.85
1832,7,0.7266,0.315,0.85008,0.115,0.67388,0.665,1.0,0.86
1833,,0.65892,0.265,0.81776,0.09,0.64156,0.615,0.93232,0.785
1834,,0.59124,0.215,0.78544,0.065,0.60924,0.565,0.86464,0.71
1835,,0.52356,0.165,0.75312,0.04,0.57692,0.515,0.79696,0.635
1836,,0.45588,0.115,0.7208,0.015,0.5446,0.465,0.72928,0.56
1837,,0.3882,0.065,0.68848,-0.01,0.51228,0.415,0.6616,0.485
1838,4,0.33552,0.015,0.67116,1.0,0.56496,0.465,0.67892,0.46
1839,,0.26784,-0.035,0.63884,0.975,0.53264,0.415,0.61124,0.385
1840,2,0.16516,1.0,0.57152,0.95,0.53532,0.415,0.57856,0.31
1841,,0.09748,0.95,0.5392,0.925,0.503,0.365,0.51088,0.235
1842,,0.0298,0.9,0.50688,0.9,0.47068,0.315,0.4432,0.16
1843,,-0.03788,0.85,0.47456,0.875,0.43836,0.265,0.37552,0.085
1844,1,1.0,0.765,0.42124,0.865,0.45604,0.28,0.35784,0.025
1845,,0.93232,0.715,0.38892,0.84,0.42372,0.23,0.29016,-0.05
1846,8,0.87964,0.665,0.3716,0.865,0.4764,0.28,0.30748,1.0
1847,,0.81196,0.615,0.33928,0.84,0.44408,0.23,0.2398,0.925
1848,,0.74428,0.565,0.30696,0.815,0.41176,0.18,0.17212,0.85
1849,,0.6766,0.515,0.27464,0.79,0.37944,0.13,0.10444,0.775
1850,,0.60892,0.465,0.24232,0.765,0.34712,0.08,0.03676,0.7
1851,,0.54124,0.415,0.21,0.74,0.3148,0.03,-0.03092,0.625
1852,7,0.52356,0.4,0.22768,0.8,0.40348,0.115,1.0,0.635
1853,,0.45588,0.35,0.19536,0.775,0.37116,0.065,0.93232,0.56
1854,,0.3882,0.3,0.16304,0.75,0.33884,0.015,0.86464,0.485
1855,,0.32052,0.25,0.13072,0.725,0.30652,-0.035,0.79696,0.41
1856,6,0.31784,0.25,0.1634,0.8,0.1242,1.0,0.86428,0.435
1857,,0.25016,0.2,0.13108,0.775,0.09188,0.95,0.7966,0.36
1858,,0.18248,0.15,0.09876,0.75,0.05956,0.9,0.72892,0.285
1859,,0.1148,0.1,0.06644,0.725,0.02724,0.85,0.66124,0.21
1860,,0.04712,0.05,0.03412,0.7,-0.00508,0.8,0.59356,0.135
1861,5,0.02944,0.035,0.0518,0.76,1.0,0.6,0.64688,0.145
1862,,-0.03824,-0.015,0.01948,0.735,0.96768,0.55,0.5792,0.07
1863,1,1.0,-0.1,-0.03384,0.725,0.98536,0.565,0.56152,0.01
1864,2,0.89732,1.0,-0.10116,0.7,0.98804,0.565,0.52884,-0.065
1865,3,0.80864,0.915,1.0,0.69,1.0,0.58,0.51116,-0.125
1866,8,0.75596,0.865,0.98268,0.715,1.0,0.63,0.52848,1.0
1867,,0.68828,0.815,0.95036,0.69,0.96768,0.58,0.4608,0.925
1868,,0.6206,0.765,0.91804,0.665,0.93536,0.53,0.39312,0.85
1869,,0.55292,0.715,0.88572,0.64,0.90304,0.48,0.32544,0.775
1870,,0.48524,0.665,0.8534,0.615,0.87072,0.43,0.25776,0.7
1871,,0.41756,0.615,0.82108,0.59,0.8384,0.38,0.19008,0.625
1872,,0.34988,0.565,0.78876,0.565,0.80608,0.33,0.1224,0.55
1873,,0.2822,0.515,0.75644,0.54,0.77376,0.28,0.05472,0.475
1874,,0.21452,0.465,0.72412,0.515,0.74144,0.23,-0.01296,0.4
1875,7,0.19684,0.45,0.7418,0.575,0.83012,0.315,1.0,0.41
1876,,0.12916,0.4,0.70948,0.55,0.7978,0.265,0.93232,0.335
1877,,0.06148,0.35,0.67716,0.525,0.76548,0.215,0.86464,0.26
1878,,-0.0062,0.3,0.64484,0.5,0.73316,0.165,0.79696,0.185
1879,1,1.0,0.215,0.59152,0.49,0.75084,0.18,0.77928,0.125
1880,,0.93232,0.165,0.5592,0.465,0.71852,0.13,0.7116,0.05
1881,,0.86464,0.115,0.52688,0.44,0.6862,0.08,0.64392,-0.025
1882,8,0.81196,0.065,0.50956,0.465,0.73888,0.13,0.66124,1.0
1883,,0.74428,0.015,0.47724,0.44,0.70656,0.08,0.59356,0.925
1884,,0.6766,-0.035,0.44492,0.415,0.67424,0.03,0.52588,0.85
1885,2,0.57392,1.0,0.3776,0.39,0.67692,0.03,0.4932,0.775
1886,,0.50624,0.95,0.34528,0.365,0.6446,-0.02,0.42552,0.7
1887,6,0.50356,0.95,0.37796,0.44,0.46228,1.0,0.49284,0.725
1888,,0.43588,0.9,0.34564,0.415,0.42996,0.95,0.42516,0.65
1889,,0.3682,0.85,0.31332,0.39,0.39764,0.9,0.35748,0.575
1890,,0.30052,0.8,0.281,0.365,0.36532,0.85,0.2898,0.5
1891,,0.23284,0.75,0.24868,0.34,0.333,0.8,0.22212,0.425
1892,,0.16516,0.7,0.21636,0.315,0.30068,0.75,0.15444,0.35
1893,,0.09748,0.65,0.18404,0.29,0.26836,0.7,0.08676,0.275
1894,,0.0298,0.6,0.15172,0.265,0.23604,0.65,0.01908,0.2
1895,,-0.03788,0.55,0.1194,0.24,0.20372,0.6,-0.0486,0.125
1896,7,-0.05556,0.535,0.13708,0.3,0.2924,0.685,1.0,0.135
1897,1,1.0,0.45,0.08376,0.29,0.31008,0.7,0.98232,0.075
1898,,0.93232,0.4,0.05144,0.265,0.27776,0.65,0.91464,-0.0
1899,,0.86464,0.35,0.01912,0.24,0.24544,0.6,0.84696,-0.075
1900,8,0.81196,0.3,0.0018,0.265,0.29812,0.65,0.86428,1.0
1901,,0.74428,0.25,-0.03052,0.24,0.2658,0.6,0.7966,0.925
1902,3,0.6556,0.165,1.0,0.23,0.28348,0.615,0.77892,0.865
1903,,0.58792,0.115,0.96768,0.205,0.25116,0.565,0.71124,0.79
1904,,0.52024,0.065,0.93536,0.18,0.21884,0.515,0.64356,0.715
1905,,0.45256,0.015,0.90304,0.155,0.18652,0.465,0.57588,0.64
1906,,0.38488,-0.035,0.87072,0.13,0.1542,0.415,0.5082,0.565
1907,2,0.2822,1.0,0.8034,0.105,0.15688,0.415,0.47552,0.49
1908,,0.21452,0.95,0.77108,0.08,0.12456,0.365,0.40784,0.415
1909,,0.14684,0.9,0.73876,0.055,0.09224,0.315,0.34016,0.34
1910,,0.07916,0.85,0.70644,0.03,0.05992,0.265,0.27248,0.265
1911,,0.01148,0.8,0.67412,0.005,0.0276,0.215,0.2048,0.19
1912,,-0.0562,0.75,0.6418,-0.02,-0.00472,0.165,0.13712,0.115
1913,1,1.0,0.665,0.58848,-0.03,0.01296,0.18,0.11944,0.055
1914,4,0.94732,0.615,0.57116,1.0,0.06564,0.23,0.13676,0.03
1915,,0.87964,0.565,0.53884,0.975,0.03332,0.18,0.06908,-0.045
1916,8,0.82696,0.515,0.52152,1.0,0.086,0.23,0.0864,1.0
1917,,0.75928,0.465,0.4892,0.975,0.05368,0.18,0.01872,0.925
1918,,0.6916,0.415,0.45688,0.95,0.02136,0.13,-0.04896,0.85
1919,7,0.67392,0.4,0.47456,1.0,0.11004,0.215,1.0,0.86
1920,,0.60624,0.35,0.44224,0.975,0.07772,0.165,0.93232,0.785
1921,,0.53856,0.3,0.40992,0.95,0.0454,0.115,0.86464,0.71
1922,,0.47088,0.25,0.3776,0.925,0.01308,0.065,0.79696,0.635
1923,,0.4032,0.2,0.34528,0.9,-0.01924,0.015,0.72928,0.56
1924,5,0.38552,0.185,0.36296,0.96,1.0,-0.185,0.7826,0.57
1925,6,0.38284,0.185,0.39564,1.0,0.81768,1.0,0.84992,0.595
1926,,0.31516,0.135,0.36332,0.975,0.78536,0.95,0.78224,0.52
1927,,0.24748,0.085,0.331,0.95,0.75304,0.9,0.71456,0.445
1928,,0.1798,0.035,0.29868,0.925,0.72072,0.85,0.64688,0.37
1929,,0.11212,-0.015,0.26636,0.9,0.6884,0.8,0.5792,0.295
1930,2,0.00944,1.0,0.19904,0.875,0.69108,0.8,0.54652,0.22
1931,,-0.05824,0.95,0.16672,0.85,0.65876,0.75,0.47884,0.145
1932,1,1.0,0.865,0.1134,0.84,0.67644,0.765,0.46116,0.085
1933,,0.93232,0.815,0.08108,0.815,0.64412,0.715,0.39348,0.01
1934,,0.86464,0.765,0.04876,0.79,0.6118,0.665,0.3258,-0.065
1935,8,0.81196,0.715,0.03144,0.815,0.66448,0.715,0.34312,1.0
1936,,0.74428,0.665,-0.00088,0.79,0.63216,0.665,0.27544,0.925
1937,3,0.6556,0.58,1.0,0.78,0.64984,0.68,0.25776,0.865
1938,,0.58792,0.53,0.96768,0.755,0.61752,0.63,0.19008,0.79
1939,,0.52024,0.48,0.93536,0.73,0.5852,0.58,0.1224,0.715
1940,,0.45256,0.43,0.90304,0.705,0.55288,0.53,0.05472,0.64
1941,,0.38488,0.38,0.87072,0.68,0.52056,0.48,-0.01296,0.565
1942,7,0.3672,0.365,0.8884,0.74,0.60924,0.565,1.0,0.575
1943,,0.29952,0.315,0.85608,0.715,0.57692,0.515,0.93232,0.5
1944,,0.23184,0.265,0.82376,0.69,0.5446,0.465,0.86464,0.425
1945,,0.16416,0.215,0.79144,0.665,0.51228,0.415,0.79696,0.35
1946,,0.09648,0.165,0.75912,0.64,0.47996,0.365,0.72928,0.275
1947,,0.0288,0.115,0.7268,0.615,0.44764,0.315,0.6616,0.2
1948,,-0.03888,0.065,0.69448,0.59,0.41532,0.265,0.59392,0.125
1949,1,1.0,-0.02,0.64116,0.58,0.433,0.28,0.57624,0.065
1950,2,0.89732,1.0,0.57384,0.555,0.43568,0.28,0.54356,-0.01
1951,8,0.84464,0.95,0.55652,0.58,0.48836,0.33,0.56088,1.0
1952,,0.77696,0.9,0.5242,0.555,0.45604,0.28,0.4932,0.925
1953,,0.70928,0.85,0.49188,0.53,0.42372,0.23,0.42552,0.85
1954,,0.6416,0.8,0.45956,0.505,0.3914,0.18,0.35784,0.775
1955,,0.57392,0.75,0.42724,0.48,0.35908,0.13,0.29016,0.7
1956,,0.50624,0.7,0.39492,0.455,0.32676,0.08,0.22248,0.625
1957,,0.43856,0.65,0.3626,0.43,0.29444,0.03,0.1548,0.55
1958,,0.37088,0.6,0.33028,0.405,0.26212,-0.02,0.08712,0.475
1959,6,0.3682,0.6,0.36296,0.48,0.0798,1.0,0.15444,0.5
1960,,0.30052,0.55,0.33064,0.455,0.04748,0.95,0.08676,0.425
1961,,0.23284,0.5,0.29832,0.43,0.01516,0.9,0.01908,0.35
1962,,0.16516,0.45,0.266,0.405,-0.01716,0.85,-0.0486,0.275
1963,7,0.14748,0.435,0.28368,0.465,0.07152,0.935,1.0,0.285
1964,,0.0798,0.385,0.25136,0.44,0.0392,0.885,0.93232,0.21
1965,,0.01212,0.335,0.21904,0.415,0.00688,0.835,0.86464,0.135
1966,,-0.05556,0.285,0.18672,0.39,-0.02544,0.785,0.79696,0.06
1967,1,1.0,0.2,0.1334,0.38,-0.00776,0.8,0.77928,-0.0
1968,5,0.98232,0.185,0.15108,0.44,1.0,0.6,0.8326,0.01
1969,,0.91464,0.135,0.11876,0.415,0.96768,0.55,0.76492,-0.065
1970,8,0.86196,0.085,0.10144,0.44,1.0,0.6,0.78224,1.0
1971,,0.79428,0.035,0.06912,0.415,0.96768,0.55,0.71456,0.925
1972,,0.7266,-0.015,0.0368,0.39,0.93536,0.5,0.64688,0.85
1973,2,0.62392,1.0,-0.03052,0.365,0.93804,0.5,0.6142,0.775
1974,3,0.53524,0.915,1.0,0.355,0.95572,0.515,0.59652,0.715
1975,,0.46756,0.865,0.96768,0.33,0.9234,0.465,0.52884,0.64
1976,,0.39988,0.815,0.93536,0.305,0.89108,0.415,0.46116,0.565
1977,,0.3322,0.765,0.90304,0.28,0.85876,0.365,0.39348,0.49
1978,,0.26452,0.715,0.87072,0.255,0.82644,0.315,0.3258,0.415
1979,,0.19684,0.665,0.8384,0.23,0.79412,0.265,0.25812,0.34
1980,,0.12916,0.615,0.80608,0.205,0.7618,0.215,0.19044,0.265
1981,,0.06148,0.565,0.77376,0.18,0.72948,0.165,0.12276,0.19
1982,,-0.0062,0.515,0.74144,0.155,0.69716,0.115,0.05508,0.115
1983,1,1.0,0.43,0.68812,0.145,0.71484,0.13,0.0374,0.055
1984,,0.93232,0.38,0.6558,0.12,0.68252,0.08,-0.03028,-0.02
1985,7,0.91464,0.365,0.67348,0.18,0.7712,0.165,1.0,-0.01
1986,8,0.86196,0.315,0.65616,0.205,0.82388,0.215,1.0,1.0
1987,,0.79428,0.265,0.62384,0.18,0.79156,0.165,0.93232,0.925
1988,,0.7266,0.215,0.59152,0.155,0.75924,0.115,0.86464,0.85
1989,,0.65892,0.165,0.5592,0.13,0.72692,0.065,0.79696,0.775
1990,,0.59124,0.115,0.52688,0.105,0.6946,0.015,0.72928,0.7
1991,,0.52356,0.065,0.49456,0.08,0.66228,-0.035,0.6616,0.625
1992,6,0.52088,0.065,0.52724,0.155,0.47996,1.0,0.72892,0.65
1993,,0.4532,0.015,0.49492,0.13,0.44764,0.95,0.66124,0.575
1994,,0.38552,-0.035,0.4626,0.105,0.41532,0.9,0.59356,0.5
1995,2,0.28284,1.0,0.39528,0.08,0.418,0.9,0.56088,0.425
1996,,0.21516,0.95,0.36296,0.055,0.38568,0.85,0.4932,0.35
1997,,0.14748,0.9,0.33064,0.03,0.35336,0.8,0.42552,0.275
1998,,0.0798,0.85,0.29832,0.005,0.32104,0.75,0.35784,0.2
1999,,0.01212,0.8,0.266,-0.02,0.28872,0.7,0.29016,0.125
2000,4,-0.04056,0.75,0.24868,1.0,0.3414,0.75,0.30748,0.1
2001,1,1.0,0.665,0.19536,0.99,0.35908,0.765,0.2898,0.04
2002,,0.93232,0.615,0.16304,0.965,0.32676,0.715,0.22212,-0.035
2003,8,0.87964,0.565,0.14572,0.99,0.37944,0.765,0.23944,1.0
2004,,0.81196,0.515,0.1134,0.965,0.34712,0.715,0.17176,0.925
2005,,0.74428,0.465,0.08108,0.94,0.3148,0.665,0.10408,0.85
2006,,0.6766,0.415,0.04876,0.915,0.28248,0.615,0.0364,0.775
2007,,0.60892,0.365,0.01644,0.89,0.25016,0.565,-0.03128,0.7
2008,7,0.59124,0.35,0.03412,0.95,0.33884,0.65,1.0,0.71
2009,,0.52356,0.3,0.0018,0.925,0.30652,0.6,0.93232,0.635
2010,,0.45588,0.25,-0.03052,0.9,0.2742,0.55,0.86464,0.56
2011,3,0.3672,0.165,1.0,0.89,0.29188,0.565,0.84696,0.5
2012,,0.29952,0.115,0.96768,0.865,0.25956,0.515,0.77928,0.425
2013,,0.23184,0.065,0.93536,0.84,0.22724,0.465,0.7116,0.35
2014,,0.16416,0.015,0.90304,0.815,0.19492,0.415,0.64392,0.275
2015,,0.09648,-0.035,0.87072,0.79,0.1626,0.365,0.57624,0.2
2016,2,-0.0062,1.0,0.8034,0.765,0.16528,0.365,0.54356,0.125
2017,1,1.0,0.915,0.75008,0.755,0.18296,0.38,0.52588,0.065
2018,,0.93232,0.865,0.71776,0.73,0.15064,0.33,0.4582,-0.01
2019,8,0.87964,0.815,0.70044,0.755,0.20332,0.38,0.47552,1.0
2020,,0.81196,0.765,0.66812,0.73,0.171,0.33,0.40784,0.925
2021,,0.74428,0.715,0.6358,0.705,0.13868,0.28,0.34016,0.85
2022,,0.6766,0.665,0.60348,0.68,0.10636,0.23,0.27248,0.775
2023,,0.60892,0.615,0.57116,0.655,0.07404,0.18,0.2048,0.7
2024,,0.54124,0.565,0.53884,0.63,0.04172,0.13,0.13712,0.625
2025,,0.47356,0.515,0.50652,0.605,0.0094,0.08,0.06944,0.55
2026,,0.40588,0.465,0.4742,0.58,-0.02292,0.03,0.00176,0.475
2027,5,0.3882,0.45,0.49188,0.64,1.0,-0.17,0.05508,0.485
2028,6,0.38552,0.45,0.52456,0.715,0.81768,1.0,0.1224,0.51
2029,,0.31784,0.4,0.49224,0.69,0.78536,0.95,0.05472,0.435
2030,,0.25016,0.35,0.45992,0.665,0.75304,0.9,-0.01296,0.36
2031,7,0.23248,0.335,0.4776,0.725,0.84172,0.985,1.0,0.37
2032,,0.1648,0.285,0.44528,0.7,0.8094,0.935,0.93232,0.295
2033,,0.09712,0.235,0.41296,0.675,0.77708,0.885,0.86464,0.22
2034,,0.02944,0.185,0.38064,0.65,0.74476,0.835,0.79696,0.145
2035,,-0.03824,0.135,0.34832,0.625,0.71244,0.785,0.72928,0.07
2036,1,1.0,0.05,0.295,0.615,0.73012,0.8,0.7116,0.01
2037,,0.93232,0.0,0.26268,0.59,0.6978,0.75,0.64392,-0.065
2038,8,0.87964,-0.05,0.24536,0.615,0.75048,0.8,0.66124,1.0
2039,2,0.77696,1.0,0.17804,0.59,0.75316,0.8,0.62856,0.925
2040,,0.70928,0.95,0.14572,0.565,0.72084,0.75,0.56088,0.85
2041,,0.6416,0.9,0.1134,0.54,0.68852,0.7,0.4932,0.775
2042,,0.57392,0.85,0.08108,0.515,0.6562,0.65,0.42552,0.7
2043,,0.50624,0.8,0.04876,0.49,0.62388,0.6,0.35784,0.625
2044,,0.43856,0.75,0.01644,0.465,0.59156,0.55,0.29016,0.55
2045,,0.37088,0.7,-0.01588,0.44,0.55924,0.5,0.22248,0.475
2046,3,0.2822,0.615,1.0,0.43,0.57692,0.515,0.2048,0.415
2047,,0.21452,0.565,0.96768,0.405,0.5446,0.465,0.13712,0.34
2048,,0.14684,0.515,0.93536,0.38,0.51228,0.415,0.06944,0.265
2049,,0.07916,0.465,0.90304,0.355,0.47996,0.365,0.00176,0.19
2050,,0.01148,0.415,0.87072,0.33,0.44764,0.315,-0.06592,0.115
2051,7,-0.0062,0.4,0.8884,0.39,0.53632,0.4,1.0,0.125
2052,1,1.0,0.315,0.83508,0.38,0.554,0.415,0.98232,0.065
2053,,0.93232,0.265,0.80276,0.355,0.52168,0.365,0.91464,-0.01
2054,8,0.87964,0.215,0.78544,0.38,0.57436,0.415,0.93196,1.0
2055,,0.81196,0.165,0.75312,0.355,0.54204,0.365,0.86428,0.925
2056,,0.74428,0.115,0.7208,0.33,0.50972,0.315,0.7966,0.85
2057,,0.6766,0.065,0.68848,0.305,0.4774,0.265,0.72892,0.775
2058,,0.60892,0.015,0.65616,0.28,0.44508,0.215,0.66124,0.7
2059,,0.54124,-0.035,0.62384,0.255,0.41276,0.165,0.59356,0.625
2060,2,0.43856,1.0,0.55652,0.23,0.41544,0.165,0.56088,0.55
2061,,0.37088,0.95,0.5242,0.205,0.38312,0.115,0.4932,0.475
2062,,0.3032,0.9,0.49188,0.18,0.3508,0.065,0.42552,0.4
2063,,0.23552,0.85,0.45956,0.155,0.31848,0.015,0.35784,0.325
2064,,0.16784,0.8,0.42724,0.13,0.28616,-0.035,0.29016,0.25
2065,6,0.16516,0.8,0.45992,0.205,0.10384,1.0,0.35748,0.275
2066,,0.09748,0.75,0.4276,0.18,0.07152,0.95,0.2898,0.2
2067,,0.0298,0.7,0.39528,0.155,0.0392,0.9,0.22212,0.125
2068,,-0.03788,0.65,0.36296,0.13,0.00688,0.85,0.15444,0.05
2069,1,1.0,0.565,0.30964,0.12,0.02456,0.865,0.13676,-0.01
2070,8,0.94732,0.515,0.29232,0.145,0.07724,0.915,0.15408,1.0
2071,,0.87964,0.465,0.26,0.12,0.04492,0.865,0.0864,0.925
2072,,0.81196,0.415,0.22768,0.095,0.0126,0.815,0.01872,0.85
2073,,0.74428,0.365,0.19536,0.07,-0.01972,0.765,-0.04896,0.775
2074,7,0.7266,0.35,0.21304,0.13,0.06896,0.85,1.0,0.785
2075,,0.65892,0.3,0.18072,0.105,0.03664,0.8,0.93232,0.71
2076,,0.59124,0.25,0.1484,0.08,0.00432,0.75,0.86464,0.635
2077,,0.52356,0.2,0.11608,0.055,-0.028,0.7,0.79696,0.56
2078,5,0.50588,0.185,0.13376,0.115,1.0,0.5,0.85028,0.57
2079,,0.4382,0.135,0.10144,0.09,0.96768,0.45,0.7826,0.495
2080,,0.37052,0.085,0.06912,0.065,0.93536,0.4,0.71492,0.42
2081,,0.30284,0.035,0.0368,0.04,0.90304,0.35,0.64724,0.345
2082,,0.23516,-0.015,0.00448,0.015,0.87072,0.3,0.57956,0.27
2083,2,0.13248,1.0,-0.06284,-0.01,0.8734,0.3,0.54688,0.195
2084,3,0.0438,0.915,1.0,-0.02,0.89108,0.315,0.5292,0.135
2085,4,-0.00888,0.865,0.98268,1.0,0.94376,0.365,0.54652,0.11
2086,1,1.0,0.78,0.92936,0.99,0.96144,0.38,0.52884,0.05
2087,,0.93232,0.73,0.89704,0.965,0.92912,0.33,0.46116,-0.025
2088,8,0.87964,0.68,0.87972,0.99,0.9818,0.38,0.47848,1.0
2089,,0.81196,0.63,0.8474,0.965,0.94948,0.33,0.4108,0.925
2090,,0.74428,0.58,0.81508,0.94,0.91716,0.28,0.34312,0.85
2091,,0.6766,0.53,0.78276,0.915,0.88484,0.23,0.27544,0.775
2092,,0.60892,0.48,0.75044,0.89,0.85252,0.18,0.20776,0.7
2093,,0.54124,0.43,0.71812,0.865,0.8202,0.13,0.14008,0.625
2094,,0.47356,0.38,0.6858,0.84,0.78788,0.08,0.0724,0.55
2095,,0.40588,0.33,0.65348,0.815,0.75556,0.03,0.00472,0.475
2096,,0.3382,0.28,0.62116,0.79,0.72324,-0.02,-0.06296,0.4
2097,7,0.32052,0.265,0.63884,0.85,0.81192,0.065,1.0,0.41
2098,,0.25284,0.215,0.60652,0.825,0.7796,0.015,0.93232,0.335
2099,,0.18516,0.165,0.5742,0.8,0.74728,-0.035,0.86464,0.26
2100,6,0.18248,0.165,0.60688,0.875,0.56496,1.0,0.93196,0.285
2101,,0.1148,0.115,0.57456,0.85,0.53264,0.95,0.86428,0.21
2102,,0.04712,0.065,0.54224,0.825,0.50032,0.9,0.7966,0.135
2103,,-0.02056,0.015,0.50992,0.8,0.468,0.85,0.72892,0.06
2104,1,1.0,-0.07,0.4566,0.79,0.48568,0.865,0.71124,-0.0
2105,2,0.89732,1.0,0.38928,0.765,0.48836,0.865,0.67856,-0.075
2106,8,0.84464,0.95,0.37196,0.79,0.54104,0.915,0.69588,1.0
2107,,0.77696,0.9,0.33964,0.765,0.50872,0.865,0.6282,0.925
2108,,0.70928,0.85,0.30732,0.74,0.4764,0.815,0.56052,0.85
2109,,0.6416,0.8,0.275,0.715,0.44408,0.765,0.49284,0.775
2110,,0.57392,0.75,0.24268,0.69,0.41176,0.715,0.42516,0.7
2111,,0.50624,0.7,0.21036,0.665,0.37944,0.665,0.35748,0.625
2112,,0.43856,0.65,0.17804,0.64,0.34712,0.615,0.2898,0.55
2113,,0.37088,0.6,0.14572,0.615,0.3148,0.565,0.22212,0.475
2114,,0.3032,0.55,0.1134,0.59,0.28248,0.515,0.15444,0.4
2115,,0.23552,0.5,0.08108,0.565,0.25016,0.465,0.08676,0.325
2116,,0.16784,0.45,0.04876,0.54,0.21784,0.415,0.01908,0.25
2117,,0.10016,0.4,0.01644,0.515,0.18552,0.365,-0.0486,0.175
2118,7,0.08248,0.385,0.03412,0.575,0.2742,0.45,1.0,0.185
2119,,0.0148,0.335,0.0018,0.55,0.24188,0.4,0.93232,0.11
2120,,-0.05288,0.285,-0.03052,0.525,0.20956,0.35,0.86464,0.035
2121,1,1.0,0.2,-0.08384,0.515,0.22724,0.365,0.84696,-0.025
2122,3,0.91132,0.115,1.0,0.505,0.24492,0.38,0.82928,-0.085
2123,8,0.85864,0.065,0.98268,0.53,0.2976,0.43,0.8466,1.0
2124,,0.79096,0.015,0.95036,0.505,0.26528,0.38,0.77892,0.925
2125,,0.72328,-0.035,0.91804,0.48,0.23296,0.33,0.71124,0.85
2126,2,0.6206,1.0,0.85072,0.455,0.23564,0.33,0.67856,0.775
2127,,0.55292,0.95,0.8184,0.43,0.20332,0.28,0.61088,0.7
2128,,0.48524,0.9,0.78608,0.405,0.171,0.23,0.5432,0.625
2129,,0.41756,0.85,0.75376,0.38,0.13868,0.18,0.47552,0.55
2130,,0.34988,0.8,0.72144,0.355,0.10636,0.13,0.40784,0.475
2131,,0.2822,0.75,0.68912,0.33,0.07404,0.08,0.34016,0.4
2132,,0.21452,0.7,0.6568,0.305,0.04172,0.03,0.27248,0.325
2133,,0.14684,0.65,0.62448,0.28,0.0094,-0.02,0.2048,0.25
2134,6,0.14416,0.65,0.65716,0.355,-0.17292,1.0,0.27212,0.275
2135,5,0.12648,0.635,0.67484,0.415,1.0,0.8,0.32544,0.285
2136,,0.0588,0.585,0.64252,0.39,0.96768,0.75,0.25776,0.21
2137,,-0.00888,0.535,0.6102,0.365,0.93536,0.7,0.19008,0.135
2138,1,1.0,0.45,0.55688,0.355,0.95304,0.715,0.1724,0.075
2139,,0.93232,0.4,0.52456,0.33,0.92072,0.665,0.10472,-0.0
2140,,0.86464,0.35,0.49224,0.305,0.8884,0.615,0.03704,-0.075
2141,8,0.81196,0.3,0.47492,0.33,0.94108,0.665,0.05436,1.0
2142,,0.74428,0.25,0.4426,0.305,0.90876,0.615,-0.01332,0.925
2143,7,0.7266,0.235,0.46028,0.365,0.99744,0.7,1.0,0.935
2144,,0.65892,0.185,0.42796,0.34,0.96512,0.65,0.93232,0.86
2145,,0.59124,0.135,0.39564,0.315,0.9328,0.6,0.86464,0.785
2146,,0.52356,0.085,0.36332,0.29,0.90048,0.55,0.79696,0.71
2147,,0.45588,0.035,0.331,0.265,0.86816,0.5,0.72928,0.635
2148,,0.3882,-0.015,0.29868,0.24,0.83584,0.45,0.6616,0.56
2149,2,0.28552,1.0,0.23136,0.215,0.83852,0.45,0.62892,0.485
2150,,0.21784,0.95,0.19904,0.19,0.8062,0.4,0.56124,0.41
2151,,0.15016,0.9,0.16672,0.165,0.77388,0.35,0.49356,0.335
2152,,0.08248,0.85,0.1344,0.14,0.74156,0.3,0.42588,0.26
2153,,0.0148,0.8,0.10208,0.115,0.70924,0.25,0.3582,0.185
2154,,-0.05288,0.75,0.06976,0.09,0.67692,0.2,0.29052,0.11
2155,1,1.0,0.665,0.01644,0.08,0.6946,0.215,0.27284,0.05
2156,,0.93232,0.615,-0.01588,0.055,0.66228,0.165,0.20516,-0.025
2157,8,0.87964,0.565,-0.0332,0.08,0.71496,0.215,0.22248,1.0
2158,3,0.79096,0.48,1.0,0.07,0.73264,0.23,0.2048,0.94
2159,,0.72328,0.43,0.96768,0.045,0.70032,0.18,0.13712,0.865
2160,,0.6556,0.38,0.93536,0.02,0.668,0.13,0.06944,0.79
2161,,0.58792,0.33,0.90304,-0.005,0.63568,0.08,0.00176,0.715
2162,4,0.53524,0.28,0.88572,1.0,0.68836,0.13,0.01908,0.69
2163,,0.46756,0.23,0.8534,0.975,0.65604,0.08,-0.0486,0.615
2164,7,0.44988,0.215,0.87108,1.0,0.74472,0.165,1.0,0.625
2165,,0.3822,0.165,0.83876,0.975,0.7124,0.115,0.93232,0.55
2166,,0.31452,0.115,0.80644,0.95,0.68008,0.065,0.86464,0.475
2167,,0.24684,0.065,0.77412,0.925,0.64776,0.015,0.79696,0.4
2168,,0.17916,0.015,0.7418,0.9,0.61544,-0.035,0.72928,0.325
2169,6,0.17648,0.015,0.77448,0.975,0.43312,1.0,0.7966,0.35
2170,,0.1088,-0.035,0.74216,0.95,0.4008,0.95,0.72892,0.275
2171,2,0.00612,1.0,0.67484,0.925,0.40348,0.95,0.69624,0.2
2172,,-0.06156,0.95,0.64252,0.9,0.37116,0.9,0.62856,0.125
2173,1,1.0,0.865,0.5892,0.89,0.38884,0.915,0.61088,0.065
2174,,0.93232,0.815,0.55688,0.865,0.35652,0.865,0.5432,-0.01
2175,8,0.87964,0.765,0.53956,0.89,0.4092,0.915,0.56052,1.0
2176,,0.81196,0.715,0.50724,0.865,0.37688,0.865,0.49284,0.925
2177,,0.74428,0.665,0.47492,0.84,0.34456,0.815,0.42516,0.85
2178,,0.6766,0.615,0.4426,0.815,0.31224,0.765,0.35748,0.775
2179,,0.60892,0.565,0.41028,0.79,0.27992,0.715,0.2898,0.7
2180,,0.54124,0.515,0.37796,0.765,0.2476,0.665,0.22212,0.625
2181,,0.47356,0.465,0.34564,0.74,0.21528,0.615,0.15444,0.55
2182,,0.40588,0.415,0.31332,0.715,0.18296,0.565,0.08676,0.475
2183,,0.3382,0.365,0.281,0.69,0.15064,0.515,0.01908,0.4
2184,,0.27052,0.315,0.24868,0.665,0.11832,0.465,-0.0486,0.325
2185,7,0.25284,0.3,0.26636,0.725,0.207,0.55,1.0,0.335
2186,,0.18516,0.25,0.23404,0.7,0.17468,0.5,0.93232,0.26
2187,,0.11748,0.2,0.20172,0.675,0.14236,0.45,0.86464,0.185
2188,,0.0498,0.15,0.1694,0.65,0.11004,0.4,0.79696,0.11
2189,,-0.01788,0.1,0.13708,0.625,0.07772,0.35,0.72928,0.035
2190,1,1.0,0.015,0.08376,0.615,0.0954,0.365,0.7116,-0.025
2191,8,0.94732,-0.035,0.06644,0.64,0.14808,0.415,0.72892,1.0
2192,2,0.84464,1.0,-0.00088,0.615,0.15076,0.415,0.69624,0.925
2193,3,0.75596,0.915,1.0,0.605,0.16844,0.43,0.67856,0.865
2194,,0.68828,0.865,0.96768,0.58,0.13612,0.38,0.61088,0.79
2195,,0.6206,0.815,0.93536,0.555,0.1038,0.33,0.5432,0.715
2196,,0.55292,0.765,0.90304,0.53,0.07148,0.28,0.47552,0.64
2197,,0.48524,0.715,0.87072,0.505,0.03916,0.23,0.40784,0.565
2198,,0.41756,0.665,0.8384,0.48,0.00684,0.18,0.34016,0.49
2199,,0.34988,0.615,0.80608,0.455,-0.02548,0.13,0.27248,0.415
2200,5,0.3322,0.6,0.82376,0.515,1.0,-0.07,0.3258,0.425
2201,6,0.32952,0.6,0.85644,0.59,0.81768,1.0,0.39312,0.45
2202,,0.26184,0.55,0.82412,0.565,0.78536,0.95,0.32544,0.375
2203,,0.19416,0.5,0.7918,0.54,0.75304,0.9,0.25776,0.3
2204,,0.12648,0.45,0.75948,0.515,0.72072,0.85,0.19008,0.225
2205,,0.0588,0.4,0.72716,0.49,0.6884,0.8,0.1224,0.15
2206,,-0.00888,0.35,0.69484,0.465,0.65608,0.75,0.05472,0.075
2207,1,1.0,0.265,0.64152,0.455,0.67376,0.765,0.03704,0.015
2208,,0.93232,0.215,0.6092,0.43,0.64144,0.715,-0.03064,-0.06
2209,8,0.87964,0.165,0.59188,0.455,0.69412,0.765,-0.01332,1.0
2210,7,0.86196,0.15,0.60956,0.515,0.7828,0.85,1.0,1.0
2211,,0.79428,0.1,0.57724,0.49,0.75048,0.8,0.93232,0.925
2212,,0.7266,0.05,0.54492,0.465,0.71816,0.75,0.86464,0.85
2213,,0.65892,0.0,0.5126,0.44,0.68584,0.7,0.79696,0.775
2214,,0.59124,-0.05,0.48028,0.415,0.65352,0.65,0.72928,0.7
2215,2,0.48856,1.0,0.41296,0.39,0.6562,0.65,0.6966,0.625
2216,,0.42088,0.95,0.38064,0.365,0.62388,0.6,0.62892,0.55
2217,,0.3532,0.9,0.34832,0.34,0.59156,0.55,0.56124,0.475
2218,,0.28552,0.85,0.316,0.315,0.55924,0.5,0.49356,0.4
2219,,0.21784,0.8,0.28368,0.29,0.52692,0.45,0.42588,0.325
2220,,0.15016,0.75,0.25136,0.265,0.4946,0.4,0.3582,0.25
2221,,0.08248,0.7,0.21904,0.24,0.46228,0.35,0.29052,0.175
2222,,0.0148,0.65,0.18672,0.215,0.42996,0.3,0.22284,0.1
2223,,-0.05288,0.6,0.1544,0.19,0.39764,0.25,0.15516,0.025
2224,1,1.0,0.515,0.10108,0.18,0.41532,0.265,0.13748,-0.035
2225,8,0.94732,0.465,0.08376,0.205,0.468,0.315,0.1548,1.0
2226,,0.87964,0.415,0.05144,0.18,0.43568,0.265,0.08712,0.925
2227,,0.81196,0.365,0.01912,0.155,0.40336,0.215,0.01944,0.85
2228,,0.74428,0.315,-0.0132,0.13,0.37104,0.165,-0.04824,0.775
2229,7,0.7266,0.3,0.00448,0.19,0.45972,0.25,1.0,0.785
2230,,0.65892,0.25,-0.02784,0.165,0.4274,0.2,0.93232,0.71
2231,3,0.57024,0.165,1.0,0.155,0.44508,0.215,0.91464,0.65
2232,,0.50256,0.115,0.96768,0.13,0.41276,0.165,0.84696,0.575
2233,,0.43488,0.065,0.93536,0.105,0.38044,0.115,0.77928,0.5
2234,,0.3672,0.015,0.90304,0.08,0.34812,0.065,0.7116,0.425
2235,,0.29952,-0.035,0.87072,0.055,0.3158,0.015,0.64392,0.35
2236,2,0.19684,1.0,0.8034,0.03,0.31848,0.015,0.61124,0.275
2237,,0.12916,0.95,0.77108,0.005,0.28616,-0.035,0.54356,0.2
2238,6,0.12648,0.95,0.80376,0.08,0.10384,1.0,0.61088,0.225
2239,,0.0588,0.9,0.77144,0.055,0.07152,0.95,0.5432,0.15
2240,,-0.00888,0.85,0.73912,0.03,0.0392,0.9,0.47552,0.075
2241,1,1.0,0.765,0.6858,0.02,0.05688,0.915,0.45784,0.015
2242,,0.93232,0.715,0.65348,-0.005,0.02456,0.865,0.39016,-0.06
2243,8,0.87964,0.665,0.63616,0.02,0.07724,0.915,0.40748,1.0
2244,,0.81196,0.615,0.60384,-0.005,0.04492,0.865,0.3398,0.925
2245,4,0.75928,0.565,0.58652,1.0,0.0976,0.915,0.35712,0.9
2246,,0.6916,0.515,0.5542,0.975,0.06528,0.865,0.28944,0.825
2247,,0.62392,0.465,0.52188,0.95,0.03296,0.815,0.22176,0.75
2248,,0.55624,0.415,0.48956,0.925,0.00064,0.765,0.15408,0.675
2249,,0.48856,0.365,0.45724,0.9,-0.03168,0.715,0.0864,0.6
2250,5,0.47088,0.35,0.47492,0.96,1.0,0.515,0.13972,0.61
2251,,0.4032,0.3,0.4426,0.935,0.96768,0.465,0.07204,0.535
2252,,0.33552,0.25,0.41028,0.91,0.93536,0.415,0.00436,0.46
2253,,0.26784,0.2,0.37796,0.885,0.90304,0.365,-0.06332,0.385
2254,7,0.25016,0.185,0.39564,0.945,0.99172,0.45,1.0,0.395
2255,,0.18248,0.135,0.36332,0.92,0.9594,0.4,0.93232,0.32
2256,,0.1148,0.085,0.331,0.895,0.92708,0.35,0.86464,0.245
2257,,0.04712,0.035,0.29868,0.87,0.89476,0.3,0.79696,0.17
2258,,-0.02056,-0.015,0.26636,0.845,0.86244,0.25,0.72928,0.095
2259,1,1.0,-0.1,0.21304,0.835,0.88012,0.265,0.7116,0.035
2260,2,0.89732,1.0,0.14572,0.81,0.8828,0.265,0.67892,-0.04
2261,8,0.84464,0.95,0.1284,0.835,0.93548,0.315,0.69624,1.0
2262,,0.77696,0.9,0.09608,0.81,0.90316,0.265,0.62856,0.925
2263,,0.70928,0.85,0.06376,0.785,0.87084,0.215,0.56088,0.85
2264,,0.6416,0.8,0.03144,0.76,0.83852,0.165,0.4932,0.775
2265,,0.57392,0.75,-0.00088,0.735,0.8062,0.115,0.42552,0.7
2266,3,0.48524,0.665,1.0,0.725,0.82388,0.13,0.40784,0.64
2267,,0.41756,0.615,0.96768,0.7,0.79156,0.08,0.34016,0.565
2268,,0.34988,0.565,0.93536,0.675,0.75924,0.03,0.27248,0.49
2269,,0.2822,0.515,0.90304,0.65,0.72692,-0.02,0.2048,0.415
2270,6,0.27952,0.515,0.93572,0.725,0.5446,1.0,0.27212,0.44
2271,,0.21184,0.465,0.9034,0.7,0.51228,0.95,0.20444,0.365
2272,,0.14416,0.415,0.87108,0.675,0.47996,0.9,0.13676,0.29
2273,,0.07648,0.365,0.83876,0.65,0.44764,0.85,0.06908,0.215
2274,,0.0088,0.315,0.80644,0.625,0.41532,0.8,0.0014,0.14
2275,,-0.05888,0.265,0.77412,0.6,0.383,0.75,-0.06628,0.065
2276,7,-0.07656,0.25,0.7918,0.66,0.47168,0.835,1.0,0.075
2277,1,1.0,0.165,0.73848,0.65,0.48936,0.85,0.98232,0.015
2278,,0.93232,0.115,0.70616,0.625,0.45704,0.8,0.91464,-0.06
2279,8,0.87964,0.065,0.68884,0.65,0.50972,0.85,0.93196,1.0
2280,,0.81196,0.015,0.65652,0.625,0.4774,0.8,0.86428,0.925
2281,,0.74428,-0.035,0.6242,0.6,0.44508,0.75,0.7966,0.85
2282,2,0.6416,1.0,0.55688,0.575,0.44776,0.75,0.76392,0.775
2283,,0.57392,0.95,0.52456,0.55,0.41544,0.7,0.69624,0.7
2284,,0.50624,0.9,0.49224,0.525,0.38312,0.65,0.62856,0.625
2285,,0.43856,0.85,0.45992,0.5,0.3508,0.6,0.56088,0.55
2286,,0.37088,0.8,0.4276,0.475,0.31848,0.55,0.4932,0.475
2287,,0.3032,0.75,0.39528,0.45,0.28616,0.5,0.42552,0.4
2288,,0.23552,0.7,0.36296,0.425,0.25384,0.45,0.35784,0.325
2289,,0.16784,0.65,0.33064,0.4,0.22152,0.4,0.29016,0.25
2290,,0.10016,0.6,0.29832,0.375,0.1892,0.35,0.22248,0.175
2291,,0.03248,0.55,0.266,0.35,0.15688,0.3,0.1548,0.1
2292,,-0.0352,0.5,0.23368,0.325,0.12456,0.25,0.08712,0.025
2293,1,1.0,0.415,0.18036,0.315,0.14224,0.265,0.06944,-0.035
2294,8,0.94732,0.365,0.16304,0.34,0.19492,0.315,0.08676,1.0
2295,,0.87964,0.315,0.13072,0.315,0.1626,0.265,0.01908,0.925
2296,,0.81196,0.265,0.0984,0.29,0.13028,0.215,-0.0486,0.85
2297,7,0.79428,0.25,0.11608,0.35,0.21896,0.3,1.0,0.86
2298,,0.7266,0.2,0.08376,0.325,0.18664,0.25,0.93232,0.785
2299,,0.65892,0.15,0.05144,0.3,0.15432,0.2,0.86464,0.71
2300,,0.59124,0.1,0.01912,0.275,0.122,0.15,0.79696,0.635
2301,,0.52356,0.05,-0.0132,0.25,0.08968,0.1,0.72928,0.56
2302,3,0.43488,-0.035,1.0,0.24,0.10736,0.115,0.7116,0.5
2303,2,0.3322,1.0,0.93268,0.215,0.11004,0.115,0.67892,0.425
2304,,0.26452,0.95,0.90036,0.19,0.07772,0.065,0.61124,0.35
2305,,0.19684,0.9,0.86804,0.165,0.0454,0.015,0.54356,0.275
2306,,0.12916,0.85,0.83572,0.14,0.01308,-0.035,0.47588,0.2
2307,6,0.12648,0.85,0.8684,0.215,-0.16924,1.0,0.5432,0.225
2308,5,0.1088,0.835,0.88608,0.275,1.0,0.8,0.59652,0.235
2309,,0.04112,0.785,0.85376,0.25,0.96768,0.75,0.52884,0.16
2310,,-0.02656,0.735,0.82144,0.225,0.93536,0.7,0.46116,0.085
2311,1,1.0,0.65,0.76812,0.215,0.95304,0.715,0.44348,0.025
2312,,0.93232,0.6,0.7358,0.19,0.92072,0.665,0.3758,-0.05
2313,8,0.87964,0.55,0.71848,0.215,0.9734,0.715,0.39312,1.0
2314,,0.81196,0.5,0.68616,0.19,0.94108,0.665,0.32544,0.925
2315,,0.74428,0.45,0.65384,0.165,0.90876,0.615,0.25776,0.85
2316,,0.6766,0.4,0.62152,0.14,0.87644,0.565,0.19008,0.775
2317,,0.60892,0.35,0.5892,0.115,0.84412,0.515,0.1224,0.7
2318,,0.54124,0.3,0.55688,0.09,0.8118,0.465,0.05472,0.625
2319,,0.47356,0.25,0.52456,0.065,0.77948,0.415,-0.01296,0.55
2320,7,0.45588,0.235,0.54224,0.125,0.86816,0.5,1.0,0.56
2321,,0.3882,0.185,0.50992,0.1,0.83584,0.45,0.93232,0.485
2322,,0.32052,0.135,0.4776,0.075,0.80352,0.4,0.86464,0.41
2323,,0.25284,0.085,0.44528,0.05,0.7712,0.35,0.79696,0.335
2324,,0.18516,0.035,0.41296,0.025,0.73888,0.3,0.72928,0.26
2325,,0.11748,-0.015,0.38064,0.0,0.70656,0.25,0.6616,0.185
2326,2,0.0148,1.0,0.31332,-0.025,0.70924,0.25,0.62892,0.11
2327,4,-0.03788,0.95,0.296,1.0,0.76192,0.3,0.64624,0.085
2328,1,1.0,0.865,0.24268,0.99,0.7796,0.315,0.62856,0.025
2329,,0.93232,0.815,0.21036,0.965,0.74728,0.265,0.56088,-0.05
2330,8,0.87964,0.765,0.19304,0.99,0.79996,0.315,0.5782,1.0
2331,,0.81196,0.715,0.16072,0.965,0.76764,0.265,0.51052,0.925
2332,,0.74428,0.665,0.1284,0.94,0.73532,0.215,0.44284,0.85
2333,,0.6766,0.615,0.09608,0.915,0.703,0.165,0.37516,0.775
2334,,0.60892,0.565,0.06376,0.89,0.67068,0.115,0.30748,0.7
2335,,0.54124,0.515,0.03144,0.865,0.63836,0.065,0.2398,0.625
2336,,0.47356,0.465,-0.00088,0.84,0.60604,0.015,0.17212,0.55
2337,3,0.38488,0.38,1.0,0.83,0.62372,0.03,0.15444,0.49
2338,,0.3172,0.33,0.96768,0.805,0.5914,-0.02,0.08676,0.415
2339,6,0.31452,0.33,1.0,0.88,0.40908,1.0,0.15408,0.44
2340,,0.24684,0.28,0.96768,0.855,0.37676,0.95,0.0864,0.365
2341,,0.17916,0.23,0.93536,0.83,0.34444,0.9,0.01872,0.29
2342,,0.11148,0.18,0.90304,0.805,0.31212,0.85,-0.04896,0.215
2343,7,0.0938,0.165,0.92072,0.865,0.4008,0.935,1.0,0.225
2344,,0.02612,0.115,0.8884,0.84,0.36848,0.885,0.93232,0.15
2345,,-0.04156,0.065,0.85608,0.815,0.33616,0.835,0.86464,0.075
2346,1,1.0,-0.02,0.80276,0.805,0.35384,0.85,0.84696,0.015
2347,2,0.89732,1.0,0.73544,0.78,0.35652,0.85,0.81428,-0.06
2348,8,0.84464,0.95,0.71812,0.805,0.4092,0.9,0.8316,1.0
2349,,0.77696,0.9,0.6858,0.78,0.37688,0.85,0.76392,0.925
2350,,0.70928,0.85,0.65348,0.755,0.34456,0.8,0.69624,0.85
2351,,0.6416,0.8,0.62116,0.73,0.31224,0.75,0.62856,0.775
2352,,0.57392,0.75,0.58884,0.705,0.27992,0.7,0.56088,0.7
2353,,0.50624,0.7,0.55652,0.68,0.2476,0.65,0.4932,0.625
2354,,0.43856,0.65,0.5242,0.655,0.21528,0.6,0.42552,0.55
2355,,0.37088,0.6,0.49188,0.63,0.18296,0.55,0.35784,0.475
2356,,0.3032,0.55,0.45956,0.605,0.15064,0.5,0.29016,0.4
2357,,0.23552,0.5,0.42724,0.58,0.11832,0.45,0.22248,0.325
2358,,0.16784,0.45,0.39492,0.555,0.086,0.4,0.1548,0.25
2359,,0.10016,0.4,0.3626,0.53,0.05368,0.35,0.08712,0.175
2360,,0.03248,0.35,0.33028,0.505,0.02136,0.3,0.01944,0.1
2361,,-0.0352,0.3,0.29796,0.48,-0.01096,0.25,-0.04824,0.025
2362,7,-0.05288,0.285,0.31564,0.54,0.07772,0.335,1.0,0.035
2363,1,1.0,0.2,0.26232,0.53,0.0954,0.35,0.98232,-0.025
2364,8,0.94732,0.15,0.245,0.555,0.14808,0.4,0.99964,1.0
2365,,0.87964,0.1,0.21268,0.53,0.11576,0.35,0.93196,0.925
2366,,0.81196,0.05,0.18036,0.505,0.08344,0.3,0.86428,0.85
2367,,0.74428,0.0,0.14804,0.48,0.05112,0.25,0.7966,0.775
2368,,0.6766,-0.05,0.11572,0.455,0.0188,0.2,0.72892,0.7
2369,2,0.57392,1.0,0.0484,0.43,0.02148,0.2,0.69624,0.625
2370,,0.50624,0.95,0.01608,0.405,-0.01084,0.15,0.62856,0.55
2371,5,0.48856,0.935,0.03376,0.465,1.0,-0.05,0.68188,0.56
2372,6,0.48588,0.935,0.06644,0.54,0.81768,1.0,0.7492,0.585
2373,,0.4182,0.885,0.03412,0.515,0.78536,0.95,0.68152,0.51
2374,,0.35052,0.835,0.0018,0.49,0.75304,0.9,0.61384,0.435
2375,,0.28284,0.785,-0.03052,0.465,0.72072,0.85,0.54616,0.36
2376,3,0.19416,0.7,1.0,0.455,0.7384,0.865,0.52848,0.3
2377,,0.12648,0.65,0.96768,0.43,0.70608,0.815,0.4608,0.225
2378,,0.0588,0.6,0.93536,0.405,0.67376,0.765,0.39312,0.15
2379,,-0.00888,0.55,0.90304,0.38,0.64144,0.715,0.32544,0.075
2380,1,1.0,0.465,0.84972,0.37,0.65912,0.73,0.30776,0.015
2381,,0.93232,0.415,0.8174,0.345,0.6268,0.68,0.24008,-0.06
2382,8,0.87964,0.365,0.80008,0.37,0.67948,0.73,0.2574,1.0
2383,,0.81196,0.315,0.76776,0.345,0.64716,0.68,0.18972,0.925
2384,,0.74428,0.265,0.73544,0.32,0.61484,0.63,0.12204,0.85
2385,,0.6766,0.215,0.70312,0.295,0.58252,0.58,0.05436,0.775
2386,,0.60892,0.165,0.6708,0.27,0.5502,0.53,-0.01332,0.7
2387,7,0.59124,0.15,0.68848,0.33,0.63888,0.615,1.0,0.71
2388,,0.52356,0.1,0.65616,0.305,0.60656,0.565,0.93232,0.635
2389,,0.45588,0.05,0.62384,0.28,0.57424,0.515,0.86464,0.56
2390,,0.3882,0.0,0.59152,0.255,0.54192,0.465,0.79696,0.485
2391,,0.32052,-0.05,0.5592,0.23,0.5096,0.415,0.72928,0.41
2392,2,0.21784,1.0,0.49188,0.205,0.51228,0.415,0.6966,0.335
2393,,0.15016,0.95,0.45956,0.18,0.47996,0.365,0.62892,0.26
2394,,0.08248,0.9,0.42724,0.155,0.44764,0.315,0.56124,0.185
2395,,0.0148,0.85,0.39492,0.13,0.41532,0.265,0.49356,0.11
2396,,-0.05288,0.8,0.3626,0.105,0.383,0.215,0.42588,0.035
2397,1,1.0,0.715,0.30928,0.095,0.40068,0.23,0.4082,-0.025
2398,8,0.94732,0.665,0.29196,0.12,0.45336,0.28,0.42552,1.0
2399,,0.87964,0.615,0.25964,0.095,0.42104,0.23,0.35784,0.925
2400,,0.81196,0.565,0.22732,0.07,0.38872,0.18,0.29016,0.85
2401,,0.74428,0.515,0.195,0.045,0.3564,0.13,0.22248,0.775
2402,,0.6766,0.465,0.16268,0.02,0.32408,0.08,0.1548,0.7
2403,,0.60892,0.415,0.13036,-0.005,0.29176,0.03,0.08712,0.625
2404,4,0.55624,0.365,0.11304,1.0,0.34444,0.08,0.10444,0.6
2405,,0.48856,0.315,0.08072,0.975,0.31212,0.03,0.03676,0.525
2406,,0.42088,0.265,0.0484,0.95,0.2798,-0.02,-0.03092,0.45
2407,7,0.4032,0.25,0.06608,1.0,0.36848,0.065,1.0,0.46
2408,,0.33552,0.2,0.03376,0.975,0.33616,0.015,0.93232,0.385
2409,,0.26784,0.15,0.00144,0.95,0.30384,-0.035,0.86464,0.31
2410,6,0.26516,0.15,0.03412,1.0,0.12152,1.0,0.93196,0.335
2411,,0.19748,0.1,0.0018,0.975,0.0892,0.95,0.86428,0.26
2412,,0.1298,0.05,-0.03052,0.95,0.05688,0.9,0.7966,0.185
2413,3,0.04112,-0.035,1.0,0.94,0.07456,0.915,0.77892,0.125
2414,2,-0.06156,1.0,0.93268,0.915,0.07724,0.915,0.74624,0.05
2415,1,1.0,0.915,0.87936,0.905,0.09492,0.93,0.72856,-0.01
2416,8,0.94732,0.865,0.86204,0.93,0.1476,0.98,0.74588,1.0
2417,,0.87964,0.815,0.82972,0.905,0.11528,0.93,0.6782,0.925
2418,,0.81196,0.765,0.7974,0.88,0.08296,0.88,0.61052,0.85
2419,,0.74428,0.715,0.76508,0.855,0.05064,0.83,0.54284,0.775
2420,,0.6766,0.665,0.73276,0.83,0.01832,0.78,0.47516,0.7
2421,,0.60892,0.615,0.70044,0.805,-0.014,0.73,0.40748,0.625
2422,5,0.59124,0.6,0.71812,0.865,1.0,0.53,0.4608,0.635
2423,,0.52356,0.55,0.6858,0.84,0.96768,0.48,0.39312,0.56
2424,,0.45588,0.5,0.65348,0.815,0.93536,0.43,0.32544,0.485
2425,,0.3882,0.45,0.62116,0.79,0.90304,0.38,0.25776,0.41
2426,,0.32052,0.4,0.58884,0.765,0.87072,0.33,0.19008,0.335
2427,,0.25284,0.35,0.55652,0.74,0.8384,0.28,0.1224,0.26
2428,,0.18516,0.3,0.5242,0.715,0.80608,0.23,0.05472,0.185
2429,,0.11748,0.25,0.49188,0.69,0.77376,0.18,-0.01296,0.11
2430,7,0.0998,0.235,0.50956,0.75,0.86244,0.265,1.0,0.12
2431,,0.03212,0.185,0.47724,0.725,0.83012,0.215,0.93232,0.045
2432,,-0.03556,0.135,0.44492,0.7,0.7978,0.165,0.86464,-0.03
2433,1,1.0,0.05,0.3916,0.69,0.81548,0.18,0.84696,-0.09
2434,8,0.94732,0.0,0.37428,0.715,0.86816,0.23,0.86428,1.0
2435,,0.87964,-0.05,0.34196,0.69,0.83584,0.18,0.7966,0.925
2436,2,0.77696,1.0,0.27464,0.665,0.83852,0.18,0.76392,0.85
2437,,0.70928,0.95,0.24232,0.64,0.8062,0.13,0.69624,0.775
2438,,0.6416,0.9,0.21,0.615,0.77388,0.08,0.62856,0.7
2439,,0.57392,0.85,0.17768,0.59,0.74156,0.03,0.56088,0.625
2440,,0.50624,0.8,0.14536,0.565,0.70924,-0.02,0.4932,0.55
2441,6,0.50356,0.8,0.17804,0.64,0.52692,1.0,0.56052,0.575
2442,,0.43588,0.75,0.14572,0.615,0.4946,0.95,0.49284,0.5
2443,,0.3682,0.7,0.1134,0.59,0.46228,0.9,0.42516,0.425
2444,,0.30052,0.65,0.08108,0.565,0.42996,0.85,0.35748,0.35
2445,,0.23284,0.6,0.04876,0.54,0.39764,0.8,0.2898,0.275
2446,,0.16516,0.55,0.01644,0.515,0.36532,0.75,0.22212,0.2
2447,,0.09748,0.5,-0.01588,0.49,0.333,0.7,0.15444,0.125
2448,3,0.0088,0.415,1.0,0.48,0.35068,0.715,0.13676,0.065
2449,,-0.05888,0.365,0.96768,0.455,0.31836,0.665,0.06908,-0.01
2450,1,1.0,0.28,0.91436,0.445,0.33604,0.68,0.0514,-0.07
2451,8,0.94732,0.23,0.89704,0.47,0.38872,0.73,0.06872,1.0
2452,,0.87964,0.18,0.86472,0.445,0.3564,0.68,0.00104,0.925
2453,,0.81196,0.13,0.8324,0.42,0.32408,0.63,-0.06664,0.85
2454,7,0.79428,0.115,0.85008,0.48,0.41276,0.715,1.0,0.86
2455,,0.7266,0.065,0.81776,0.455,0.38044,0.665,0.93232,0.785
2456,,0.65892,0.015,0.78544,0.43,0.34812,0.615,0.86464,0.71
2457,,0.59124,-0.035,0.75312,0.405,0.3158,0.565,0.79696,0.635
2458,2,0.48856,1.0,0.6858,0.38,0.31848,0.565,0.76428,0.56
2459,,0.42088,0.95,0.65348,0.355,0.28616,0.515,0.6966,0.485
2460,,0.3532,0.9,0.62116,0.33,0.25384,0.465,0.62892,0.41
2461,,0.28552,0.85,0.58884,0.305,0.22152,0.415,0.56124,0.335
2462,,0.21784,0.8,0.55652,0.28,0.1892,0.365,0.49356,0.26
2463,,0.15016,0.75,0.5242,0.255,0.15688,0.315,0.42588,0.185
2464,,0.08248,0.7,0.49188,0.23,0.12456,0.265,0.3582,0.11
2465,,0.0148,0.65,0.45956,0.205,0.09224,0.215,0.29052,0.035
2466,,-0.05288,0.6,0.42724,0.18,0.05992,0.165,0.22284,-0.04
2467,1,1.0,0.515,0.37392,0.17,0.0776,0.18,0.20516,-0.1
2468,8,0.94732,0.465,0.3566,0.195,0.13028,0.23,0.22248,1.0
2469,,0.87964,0.415,0.32428,0.17,0.09796,0.18,0.1548,0.925
2470,,0.81196,0.365,0.29196,0.145,0.06564,0.13,0.08712,0.85
2471,,0.74428,0.315,0.25964,0.12,0.03332,0.08,0.01944,0.775
2472,,0.6766,0.265,0.22732,0.095,0.001,0.03,-0.04824,0.7
2473,7,0.65892,0.25,0.245,0.155,0.08968,0.115,1.0,0.71
2474,,0.59124,0.2,0.21268,0.13,0.05736,0.065,0.93232,0.635
2475,,0.52356,0.15,0.18036,0.105,0.02504,0.015,0.86464,0.56
2476,,0.45588,0.1,0.14804,0.08,-0.00728,-0.035,0.79696,0.485
2477,6,0.4532,0.1,0.18072,0.155,-0.1896,1.0,0.86428,0.51
2478,5,0.43552,0.085,0.1984,0.215,1.0,0.8,0.9176,0.52
2479,,0.36784,0.035,0.16608,0.19,0.96768,0.75,0.84992,0.445
2480,,0.30016,-0.015,0.13376,0.165,0.93536,0.7,0.78224,0.37
2481,2,0.19748,1.0,0.06644,0.14,0.93804,0.7,0.74956,0.295
2482,,0.1298,0.95,0.03412,0.115,0.90572,0.65,0.68188,0.22
2483,,0.06212,0.9,0.0018,0.09,0.8734,0.6,0.6142,0.145
2484,,-0.00556,0.85,-0.03052,0.065,0.84108,0.55,0.54652,0.07
2485,3,-0.09424,0.765,1.0,0.055,0.85876,0.565,0.52884,0.01
2486,1,1.0,0.68,0.94668,0.045,0.87644,0.58,0.51116,-0.05
2487,8,0.94732,0.63,0.92936,0.07,0.92912,0.63,0.52848,1.0
2488,,0.87964,0.58,0.89704,0.045,0.8968,0.58,0.4608,0.925
2489,,0.81196,0.53,0.86472,0.02,0.86448,0.53,0.39312,0.85
2490,,0.74428,0.48,0.8324,-0.005,0.83216,0.48,0.32544,0.775
2491,4,0.6916,0.43,0.81508,1.0,0.88484,0.53,0.34276,0.75
2492,,0.62392,0.38,0.78276,0.975,0.85252,0.48,0.27508,0.675
2493,,0.55624,0.33,0.75044,0.95,0.8202,0.43,0.2074,0.6
2494,,0.48856,0.28,0.71812,0.925,0.78788,0.38,0.13972,0.525
2495,,0.42088,0.23,0.6858,0.9,0.75556,0.33,0.07204,0.45
2496,,0.3532,0.18,0.65348,0.875,0.72324,0.28,0.00436,0.375
2497,,0.28552,0.13,0.62116,0.85,0.69092,0.23,-0.06332,0.3
2498,7,0.26784,0.115,0.63884,0.91,0.7796,0.315,1.0,0.31
2499,,0.20016,0.065,0.60652,0.885,0.74728,0.265,0.93232,0.235
2500,,0.13248,0.015,0.5742,0.86,0.71496,0.215,0.86464,0.16
2501,,0.0648,-0.035,0.54188,0.835,0.68264,0.165,0.79696,0.085
2502,2,-0.03788,1.0,0.47456,0.81,0.68532,0.165,0.76428,0.01
2503,1,1.0,0.915,0.42124,0.8,0.703,0.18,0.7466,-0.05
2504,8,0.94732,0.865,0.40392,0.825,0.75568,0.23,0.76392,1.0
2505,,0.87964,0.815,0.3716,0.8,0.72336,0.18,0.69624,0.925
2506,,0.81196,0.765,0.33928,0.775,0.69104,0.13,0.62856,0.85
2507,,0.74428,0.715,0.30696,0.75,0.65872,0.08,0.56088,0.775
2508,,0.6766,0.665,0.27464,0.725,0.6264,0.03,0.4932,0.7
2509,,0.60892,0.615,0.24232,0.7,0.59408,-0.02,0.42552,0.625
2510,6,0.60624,0.615,0.275,0.775,0.41176,1.0,0.49284,0.65
2511,,0.53856,0.565,0.24268,0.75,0.37944,0.95,0.42516,0.575
2512,,0.47088,0.515,0.21036,0.725,0.34712,0.9,0.35748,0.5
2513,,0.4032,0.465,0.17804,0.7,0.3148,0.85,0.2898,0.425
2514,,0.33552,0.415,0.14572,0.675,0.28248,0.8,0.22212,0.35
2515,,0.26784,0.365,0.1134,0.65,0.25016,0.75,0.15444,0.275
2516,,0.20016,0.315,0.08108,0.625,0.21784,0.7,0.08676,0.2
2517,,0.13248,0.265,0.04876,0.6,0.18552,0.65,0.01908,0.125
2518,,0.0648,0.215,0.01644,0.575,0.1532,0.6,-0.0486,0.05
2519,7,0.04712,0.2,0.03412,0.635,0.24188,0.685,1.0,0.06
2520,,-0.02056,0.15,0.0018,0.61,0.20956,0.635,0.93232,-0.015
2521,1,1.0,0.065,-0.05152,0.6,0.22724,0.65,0.91464,-0.075
2522,8,0.94732,0.015,-0.06884,0.625,0.27992,0.7,0.93196,1.0
2523,3,0.85864,-0.07,1.0,0.615,0.2976,0.715,0.91428,0.94
2524,2,0.75596,1.0,0.93268,0.59,0.30028,0.715,0.8816,0.865
2525,,0.68828,0.95,0.90036,0.565,0.26796,0.665,0.81392,0.79
2526,,0.6206,0.9,0.86804,0.54,0.23564,0.615,0.74624,0.715
2527,,0.55292,0.85,0.83572,0.515,0.20332,0.565,0.67856,0.64
2528,,0.48524,0.8,0.8034,0.49,0.171,0.515,0.61088,0.565
2529,,0.41756,0.75,0.77108,0.465,0.13868,0.465,0.5432,0.49
2530,,0.34988,0.7,0.73876,0.44,0.10636,0.415,0.47552,0.415
2531,,0.2822,0.65,0.70644,0.415,0.07404,0.365,0.40784,0.34
2532,,0.21452,0.6,0.67412,0.39,0.04172,0.315,0.34016,0.265
2533,,0.14684,0.55,0.6418,0.365,0.0094,0.265,0.27248,0.19
2534,,0.07916,0.5,0.60948,0.34,-0.02292,0.215,0.2048,0.115
2535,5,0.06148,0.485,0.62716,0.4,1.0,0.015,0.25812,0.125
2536,,-0.0062,0.435,0.59484,0.375,0.96768,-0.035,0.19044,0.05
2537,6,-0.00888,0.435,0.62752,0.45,0.78536,1.0,0.25776,0.075
2538,1,1.0,0.35,0.5742,0.44,0.80304,1.0,0.24008,0.015
2539,,0.93232,0.3,0.54188,0.415,0.77072,0.95,0.1724,-0.06
2540,8,0.87964,0.25,0.52456,0.44,0.8234,1.0,0.18972,1.0
2541,,0.81196,0.2,0.49224,0.415,0.79108,0.95,0.12204,0.925
2542,,0.74428,0.15,0.45992,0.39,0.75876,0.9,0.05436,0.85
2543,,0.6766,0.1,0.4276,0.365,0.72644,0.85,-0.01332,0.775
2544,7,0.65892,0.085,0.44528,0.425,0.81512,0.935,1.0,0.785
2545,,0.59124,0.035,0.41296,0.4,0.7828,0.885,0.93232,0.71
2546,,0.52356,-0.015,0.38064,0.375,0.75048,0.835,0.86464,0.635
2547,2,0.42088,1.0,0.31332,0.35,0.75316,0.835,0.83196,0.56
2548,,0.3532,0.95,0.281,0.325,0.72084,0.785,0.76428,0.485
2549,,0.28552,0.9,0.24868,0.3,0.68852,0.735,0.6966,0.41
2550,,0.21784,0.85,0.21636,0.275,0.6562,0.685,0.62892,0.335
2551,,0.15016,0.8,0.18404,0.25,0.62388,0.635,0.56124,0.26
2552,,0.08248,0.75,0.15172,0.225,0.59156,0.585,0.49356,0.185
2553,,0.0148,0.7,0.1194,0.2,0.55924,0.535,0.42588,0.11
2554,,-0.05288,0.65,0.08708,0.175,0.52692,0.485,0.3582,0.035
2555,1,1.0,0.565,0.03376,0.165,0.5446,0.5,0.34052,-0.025
2556,8,0.94732,0.515,0.01644,0.19,0.59728,0.55,0.35784,1.0
2557,,0.87964,0.465,-0.01588,0.165,0.56496,0.5,0.29016,0.925
2558,3,0.79096,0.38,1.0,0.155,0.58264,0.515,0.27248,0.865
2559,,0.72328,0.33,0.96768,0.13,0.55032,0.465,0.2048,0.79
2560,,0.6556,0.28,0.93536,0.105,0.518,0.415,0.13712,0.715
2561,,0.58792,0.23,0.90304,0.08,0.48568,0.365,0.06944,0.64
2562,,0.52024,0.18,0.87072,0.055,0.45336,0.315,0.00176,0.565
2563,,0.45256,0.13,0.8384,0.03,0.42104,0.265,-0.06592,0.49
2564,7,0.43488,0.115,0.85608,0.09,0.50972,0.35,1.0,0.5
2565,,0.3672,0.065,0.82376,0.065,0.4774,0.3,0.93232,0.425
2566,,0.29952,0.015,0.79144,0.04,0.44508,0.25,0.86464,0.35
2567,,0.23184,-0.035,0.75912,0.015,0.41276,0.2,0.79696,0.275
2568,2,0.12916,1.0,0.6918,-0.01,0.41544,0.2,0.76428,0.2
2569,4,0.07648,0.95,0.67448,1.0,0.46812,0.25,0.7816,0.175
2570,,0.0088,0.9,0.64216,0.975,0.4358,0.2,0.71392,0.1
2571,,-0.05888,0.85,0.60984,0.95,0.40348,0.15,0.64624,0.025
2572,1,1.0,0.765,0.55652,0.94,0.42116,0.165,0.62856,-0.035
2573,8,0.94732,0.715,0.5392,0.965,0.47384,0.215,0.64588,1.0
2574,,0.87964,0.665,0.50688,0.94,0.44152,0.165,0.5782,0.925
2575,,0.81196,0.615,0.47456,0.915,0.4092,0.115,0.51052,0.85
2576,,0.74428,0.565,0.44224,0.89,0.37688,0.065,0.44284,0.775
2577,,0.6766,0.515,0.40992,0.865,0.34456,0.015,0.37516,0.7
2578,,0.60892,0.465,0.3776,0.84,0.31224,-0.035,0.30748,0.625
2579,6,0.60624,0.465,0.41028,0.915,0.12992,1.0,0.3748,0.65
2580,,0.53856,0.415,0.37796,0.89,0.0976,0.95,0.30712,0.575
2581,,0.47088,0.365,0.34564,0.865,0.06528,0.9,0.23944,0.5
2582,,0.4032,0.315,0.31332,0.84,0.03296,0.85,0.17176,0.425
2583,,0.33552,0.265,0.281,0.815,0.00064,0.8,0.10408,0.35
2584,,0.26784,0.215,0.24868,0.79,-0.03168,0.75,0.0364,0.275
2585,5,0.25016,0.2,0.26636,0.85,1.0,0.55,0.08972,0.285
2586,,0.18248,0.15,0.23404,0.825,0.96768,0.5,0.02204,0.21
2587,,0.1148,0.1,0.20172,0.8,0.93536,0.45,-0.04564,0.135
2588,7,0.09712,0.085,0.2194,0.86,1.0,0.535,1.0,0.145
2589,,0.02944,0.035,0.18708,0.835,0.96768,0.485,0.93232,0.07
2590,,-0.03824,-0.015,0.15476,0.81,0.93536,0.435,0.86464,-0.005
2591,1,1.0,-0.1,0.10144,0.8,0.95304,0.45,0.84696,-0.065
2592,2,0.89732,1.0,0.03412,0.775,0.95572,0.45,0.81428,-0.14
2593,8,0.84464,0.95,0.0168,0.8,1.0,0.5,0.8316,1.0
2594,,0.77696,0.9,-0.01552,0.775,0.96768,0.45,0.76392,0.925
2595,3,0.68828,0.815,1.0,0.765,0.98536,0.465,0.74624,0.865
2596,,0.6206,0.765,0.96768,0.74,0.95304,0.415,0.67856,0.79
2597,,0.55292,0.715,0.93536,0.715,0.92072,0.365,0.61088,0.715
2598,,0.48524,0.665,0.90304,0.69,0.8884,0.315,0.5432,0.64
2599,,0.41756,0.615,0.87072,0.665,0.85608,0.265,0.47552,0.565
2600,,0.34988,0.565,0.8384,0.64,0.82376,0.215,0.40784,0.49
2601,,0.2822,0.515,0.80608,0.615,0.79144,0.165,0.34016,0.415
2602,,0.21452,0.465,0.77376,0.59,0.75912,0.115,0.27248,0.34
2603,,0.14684,0.415,0.74144,0.565,0.7268,0.065,0.2048,0.265
2604,,0.07916,0.365,0.70912,0.54,0.69448,0.015,0.13712,0.19
2605,,0.01148,0.315,0.6768,0.515,0.66216,-0.035,0.06944,0.115
2606,6,0.0088,0.315,0.70948,0.59,0.47984,1.0,0.13676,0.14
2607,,-0.05888,0.265,0.67716,0.565,0.44752,0.95,0.06908,0.065
2608,1,1.0,0.18,0.62384,0.555,0.4652,0.965,0.0514,0.005
2609,,0.93232,0.13,0.59152,0.53,0.43288,0.915,-0.01628,-0.07
2610,8,0.87964,0.08,0.5742,0.555,0.48556,0.965,0.00104,1.0
2611,,0.81196,0.03,0.54188,0.53,0.45324,0.915,-0.06664,0.925
2612,7,0.79428,0.015,0.55956,0.59,0.54192,1.0,1.0,0.935
2613,,0.7266,-0.035,0.52724,0.565,0.5096,0.95,0.93232,0.86
2614,2,0.62392,1.0,0.45992,0.54,0.51228,0.95,0.89964,0.785
2615,,0.55624,0.95,0.4276,0.515,0.47996,0.9,0.83196,0.71
2616,,0.48856,0.9,0.39528,0.49,0.44764,0.85,0.76428,0.635
2617,,0.42088,0.85,0.36296,0.465,0.41532,0.8,0.6966,0.56
2618,,0.3532,0.8,0.33064,0.44,0.383,0.75,0.62892,0.485
2619,,0.28552,0.75,0.29832,0.415,0.35068,0.7,0.56124,0.41
2620,,0.21784,0.7,0.266,0.39,0.31836,0.65,0.49356,0.335
2621,,0.15016,0.65,0.23368,0.365,0.28604,0.6,0.42588,0.26
2622,,0.08248,0.6,0.20136,0.34,0.25372,0.55,0.3582,0.185
2623,,0.0148,0.55,0.16904,0.315,0.2214,0.5,0.29052,0.11
2624,,-0.05288,0.5,0.13672,0.29,0.18908,0.45,0.22284,0.035
2625,1,1.0,0.415,0.0834,0.28,0.20676,0.465,0.20516,-0.025
2626,8,0.94732,0.365,0.06608,0.305,0.25944,0.515,0.22248,1.0
2627,,0.87964,0.315,0.03376,0.28,0.22712,0.465,0.1548,0.925
2628,,0.81196,0.265,0.00144,0.255,0.1948,0.415,0.08712,0.85
2629,,0.74428,0.215,-0.03088,0.23,0.16248,0.365,0.01944,0.775
2630,3,0.6556,0.13,1.0,0.22,0.18016,0.38,0.00176,0.715
2631,,0.58792,0.08,0.96768,0.195,0.14784,0.33,-0.06592,0.64
2632,7,0.57024,0.065,0.98536,0.255,0.23652,0.415,1.0,0.65
2633,,0.50256,0.015,0.95304,0.23,0.2042,0.365,0.93232,0.575
2634,,0.43488,-0.035,0.92072,0.205,0.17188,0.315,0.86464,0.5
2635,2,0.3322,1.0,0.8534,0.18,0.17456,0.315,0.83196,0.425
2636,,0.26452,0.95,0.82108,0.155,0.14224,0.265,0.76428,0.35
2637,,0.19684,0.9,0.78876,0.13,0.10992,0.215,0.6966,0.275
2638,,0.12916,0.85,0.75644,0.105,0.0776,0.165,0.62892,0.2
2639,,0.06148,0.8,0.72412,0.08,0.04528,0.115,0.56124,0.125
2640,,-0.0062,0.75,0.6918,0.055,0.01296,0.065,0.49356,0.05
2641,1,1.0,0.665,0.63848,0.045,0.03064,0.08,0.47588,-0.01
2642,8,0.94732,0.615,0.62116,0.07,0.08332,0.13,0.4932,1.0
2643,,0.87964,0.565,0.58884,0.045,0.051,0.08,0.42552,0.925
2644,,0.81196,0.515,0.55652,0.02,0.01868,0.03,0.35784,0.85
2645,,0.74428,0.465,0.5242,-0.005,-0.01364,-0.02,0.29016,0.775
2646,6,0.7416,0.465,0.55688,0.07,-0.19596,1.0,0.35748,0.8
2647,5,0.72392,0.45,0.57456,0.13,1.0,0.8,0.4108,0.81
2648,,0.65624,0.4,0.54224,0.105,0.96768,0.75,0.34312,0.735
2649,,0.58856,0.35,0.50992,0.08,0.93536,0.7,0.27544,0.66
2650,,0.52088,0.3,0.4776,0.055,0.90304,0.65,0.20776,0.585
2651,,0.4532,0.25,0.44528,0.03,0.87072,0.6,0.14008,0.51
2652,,0.38552,0.2,0.41296,0.005,0.8384,0.55,0.0724,0.435
2653,,0.31784,0.15,0.38064,-0.02,0.80608,0.5,0.00472,0.36
2654,4,0.26516,0.1,0.36332,1.0,0.85876,0.55,0.02204,0.335
2655,,0.19748,0.05,0.331,0.975,0.82644,0.5,-0.04564,0.26
2656,7,0.1798,0.035,0.34868,1.0,0.91512,0.585,1.0,0.27
2657,,0.11212,-0.015,0.31636,0.975,0.8828,0.535,0.93232,0.195
2658,2,0.00944,1.0,0.24904,0.95,0.88548,0.535,0.89964,0.12
2659,,-0.05824,0.95,0.21672,0.925,0.85316,0.485,0.83196,0.045
2660,1,1.0,0.865,0.1634,0.915,0.87084,0.5,0.81428,-0.015
2661,8,0.94732,0.815,0.14608,0.94,0.92352,0.55,0.8316,1.0
2662,,0.87964,0.765,0.11376,0.915,0.8912,0.5,0.76392,0.925
2663,,0.81196,0.715,0.08144,0.89,0.85888,0.45,0.69624,0.85
2664,,0.74428,0.665,0.04912,0.865,0.82656,0.4,0.62856,0.775
2665,,0.6766,0.615,0.0168,0.84,0.79424,0.35,0.56088,0.7
2666,,0.60892,0.565,-0.01552,0.815,0.76192,0.3,0.4932,0.625
2667,3,0.52024,0.48,1.0,0.805,0.7796,0.315,0.47552,0.565
2668,,0.45256,0.43,0.96768,0.78,0.74728,0.265,0.40784,0.49
2669,,0.38488,0.38,0.93536,0.755,0.71496,0.215,0.34016,0.415
2670,,0.3172,0.33,0.90304,0.73,0.68264,0.165,0.27248,0.34
2671,,0.24952,0.28,0.87072,0.705,0.65032,0.115,0.2048,0.265
2672,,0.18184,0.23,0.8384,0.68,0.618,0.065,0.13712,0.19
2673,,0.11416,0.18,0.80608,0.655,0.58568,0.015,0.06944,0.115
2674,,0.04648,0.13,0.77376,0.63,0.55336,-0.035,0.00176,0.04
2675,6,0.0438,0.13,0.80644,0.705,0.37104,1.0,0.06908,0.065
2676,,-0.02388,0.08,0.77412,0.68,0.33872,0.95,0.0014,-0.01
2677,1,1.0,-0.005,0.7208,0.67,0.3564,0.965,-0.01628,-0.07
2678,8,0.94732,-0.055,0.70348,0.695,0.40908,1.0,0.00104,1.0
2679,2,0.84464,1.0,0.63616,0.67,0.41176,1.0,-0.03164,0.925
2680,7,0.82696,0.985,0.65384,0.73,0.50044,1.0,1.0,0.935
2681,,0.75928,0.935,0.62152,0.705,0.46812,0.95,0.93232,0.86
2682,,0.6916,0.885,0.5892,0.68,0.4358,0.9,0.86464,0.785
2683,,0.62392,0.835,0.55688,0.655,0.40348,0.85,0.79696,0.71
2684,,0.55624,0.785,0.52456,0.63,0.37116,0.8,0.72928,0.635
2685,,0.48856,0.735,0.49224,0.605,0.33884,0.75,0.6616,0.56
2686,,0.42088,0.685,0.45992,0.58,0.30652,0.7,0.59392,0.485
2687,,0.3532,0.635,0.4276,0.555,0.2742,0.65,0.52624,0.41
2688,,0.28552,0.585,0.39528,0.53,0.24188,0.6,0.45856,0.335
2689,,0.21784,0.535,0.36296,0.505,0.20956,0.55,0.39088,0.26
2690,,0.15016,0.485,0.33064,0.48,0.17724,0.5,0.3232,0.185
2691,,0.08248,0.435,0.29832,0.455,0.14492,0.45,0.25552,0.11
2692,,0.0148,0.385,0.266,0.43,0.1126,0.4,0.18784,0.035
2693,,-0.05288,0.335,0.23368,0.405,0.08028,0.35,0.12016,-0.04
2694,1,1.0,0.25,0.18036,0.395,0.09796,0.365,0.10248,-0.1
2695,8,0.94732,0.2,0.16304,0.42,0.15064,0.415,0.1198,1.0
2696,,0.87964,0.15,0.13072,0.395,0.11832,0.365,0.05212,0.925
2697,,0.81196,0.1,0.0984,0.37,0.086,0.315,-0.01556,0.85
2698,7,0.79428,0.085,0.11608,0.43,0.17468,0.4,1.0,0.86
2699,,0.7266,0.035,0.08376,0.405,0.14236,0.35,0.93232,0.785
2700,,0.65892,-0.015,0.05144,0.38,0.11004,0.3,0.86464,0.71
2701,2,0.55624,1.0,-0.01588,0.355,0.11272,0.3,0.83196,0.635
2702,3,0.46756,0.915,1.0,0.345,0.1304,0.315,0.81428,0.575
2703,,0.39988,0.865,0.96768,0.32,0.09808,0.265,0.7466,0.5
2704,,0.3322,0.815,0.93536,0.295,0.06576,0.215,0.67892,0.425
2705,,0.26452,0.765,0.90304,0.27,0.03344,0.165,0.61124,0.35
2706,,0.19684,0.715,0.87072,0.245,0.00112,0.115,0.54356,0.275
2707,,0.12916,0.665,0.8384,0.22,-0.0312,0.065,0.47588,0.2
2708,5,0.11148,0.65,0.85608,0.28,1.0,-0.135,0.5292,0.21
2709,6,0.1088,0.65,0.88876,0.355,0.81768,1.0,0.59652,0.235
2710,,0.04112,0.6,0.85644,0.33,0.78536,0.95,0.52884,0.16
2711,,-0.02656,0.55,0.82412,0.305,0.75304,0.9,0.46116,0.085
2712,1,1.0,0.465,0.7708,0.295,0.77072,0.915,0.44348,0.025
2713,,0.93232,0.415,0.73848,0.27,0.7384,0.865,0.3758,-0.05
2714,8,0.87964,0.365,0.72116,0.295,0.79108,0.915,0.39312,1.0
2715,,0.81196,0.315,0.68884,0.27,0.75876,0.865,0.32544,0.925
2716,,0.74428,0.265,0.65652,0.245,0.72644,0.815,0.25776,0.85
2717,,0.6766,0.215,0.6242,0.22,0.69412,0.765,0.19008,0.775
2718,,0.60892,0.165,0.59188,0.195,0.6618,0.715,0.1224,0.7
2719,,0.54124,0.115,0.55956,0.17,0.62948,0.665,0.05472,0.625
2720,,0.47356,0.065,0.52724,0.145,0.59716,0.615,-0.01296,0.55
2721,7,0.45588,0.05,0.54492,0.205,0.68584,0.7,1.0,0.56
2722,,0.3882,0.0,0.5126,0.18,0.65352,0.65,0.93232,0.485
2723,,0.32052,-0.05,0.48028,0.155,0.6212,0.6,0.86464,0.41
2724,2,0.21784,1.0,0.41296,0.13,0.62388,0.6,0.83196,0.335
2725,,0.15016,0.95,0.38064,0.105,0.59156,0.55,0.76428,0.26
2726,,0.08248,0.9,0.34832,0.08,0.55924,0.5,0.6966,0.185
2727,,0.0148,0.85,0.316,0.055,0.52692,0.45,0.62892,0.11
2728,,-0.05288,0.8,0.28368,0.03,0.4946,0.4,0.56124,0.035
2729,1,1.0,0.715,0.23036,0.02,0.51228,0.415,0.54356,-0.025
2730,8,0.94732,0.665,0.21304,0.045,0.56496,0.465,0.56088,1.0
2731,,0.87964,0.615,0.18072,0.02,0.53264,0.415,0.4932,0.925
2732,,0.81196,0.565,0.1484,-0.005,0.50032,0.365,0.42552,0.85
2733,4,0.75928,0.515,0.13108,1.0,0.553,0.415,0.44284,0.825
2734,,0.6916,0.465,0.09876,0.975,0.52068,0.365,0.37516,0.75
2735,,0.62392,0.415,0.06644,0.95,0.48836,0.315,0.30748,0.675
2736,,0.55624,0.365,0.03412,0.925,0.45604,0.265,0.2398,0.6
2737,,0.48856,0.315,0.0018,0.9,0.42372,0.215,0.17212,0.525
2738,,0.42088,0.265,-0.03052,0.875,0.3914,0.165,0.10444,0.45
2739,3,0.3322,0.18,1.0,0.865,0.40908,0.18,0.08676,0.39
2740,,0.26452,0.13,0.96768,0.84,0.37676,0.13,0.01908,0.315
2741,,0.19684,0.08,0.93536,0.815,0.34444,0.08,-0.0486,0.24
2742,7,0.17916,0.065,0.95304,0.875,0.43312,0.165,1.0,0.25
2743,,0.11148,0.015,0.92072,0.85,0.4008,0.115,0.93232,0.175
2744,,0.0438,-0.035,0.8884,0.825,0.36848,0.065,0.86464,0.1
2745,2,-0.05888,1.0,0.82108,0.8,0.37116,0.065,0.83196,0.025
2746,1,1.0,0.915,0.76776,0.79,0.38884,0.08,0.81428,-0.035
2747,8,0.94732,0.865,0.75044,0.815,0.44152,0.13,0.8316,1.0
2748,,0.87964,0.815,0.71812,0.79,0.4092,0.08,0.76392,0.925
2749,,0.81196,0.765,0.6858,0.765,0.37688,0.03,0.69624,0.85
2750,,0.74428,0.715,0.65348,0.74,0.34456,-0.02,0.62856,0.775
2751,6,0.7416,0.715,0.68616,0.815,0.16224,1.0,0.69588,0.8
2752,,0.67392,0.665,0.65384,0.79,0.12992,0.95,0.6282,0.725
2753,,0.60624,0.615,0.62152,0.765,0.0976,0.9,0.56052,0.65
2754,,0.53856,0.565,0.5892,0.74,0.06528,0.85,0.49284,0.575
2755,,0.47088,0.515,0.55688,0.715,0.03296,0.8,0.42516,0.5
2756,,0.4032,0.465,0.52456,0.69,0.00064,0.75,0.35748,0.425
2757,,0.33552,0.415,0.49224,0.665,-0.03168,0.7,0.2898,0.35
2758,5,0.31784,0.4,0.50992,0.725,1.0,0.5,0.34312,0.36
2759,,0.25016,0.35,0.4776,0.7,0.96768,0.45,0.27544,0.285
2760,,0.18248,0.3,0.44528,0.675,0.93536,0.4,0.20776,0.21
2761,,0.1148,0.25,0.41296,0.65,0.90304,0.35,0.14008,0.135
2762,,0.04712,0.2,0.38064,0.625,0.87072,0.3,0.0724,0.06
2763,,-0.02056,0.15,0.34832,0.6,0.8384,0.25,0.00472,-0.015
2764,1,1.0,0.065,0.295,0.59,0.85608,0.265,-0.01296,-0.075
2765,8,0.94732,0.015,0.27768,0.615,0.90876,0.315,0.00436,1.0
2766,,0.87964,-0.035,0.24536,0.59,0.87644,0.265,-0.06332,0.925
2767,7,0.86196,-0.05,0.26304,0.65,0.96512,0.35,1.0,0.935
2768,2,0.75928,1.0,0.19572,0.625,0.9678,0.35,0.96732,0.86
2769,,0.6916,0.95,0.1634,0.6,0.93548,0.3,0.89964,0.785
2770,,0.62392,0.9,0.13108,0.575,0.90316,0.25,0.83196,0.71
2771,,0.55624,0.85,0.09876,0.55,0.87084,0.2,0.76428,0.635
2772,,0.48856,0.8,0.06644,0.525,0.83852,0.15,0.6966,0.56
2773,,0.42088,0.75,0.03412,0.5,0.8062,0.1,0.62892,0.485
2774,,0.3532,0.7,0.0018,0.475,0.77388,0.05,0.56124,0.41
2775,,0.28552,0.65,-0.03052,0.45,0.74156,0.0,0.49356,0.335
2776,3,0.19684,0.565,1.0,0.44,0.75924,0.015,0.47588,0.275
2777,,0.12916,0.515,0.96768,0.415,0.72692,-0.035,0.4082,0.2
2778,6,0.12648,0.515,1.0,0.49,0.5446,1.0,0.47552,0.225
2779,,0.0588,0.465,0.96768,0.465,0.51228,0.95,0.40784,0.15
2780,,-0.00888,0.415,0.93536,0.44,0.47996,0.9,0.34016,0.075
2781,1,1.0,0.33,0.88204,0.43,0.49764,0.915,0.32248,0.015
2782,,0.93232,0.28,0.84972,0.405,0.46532,0.865,0.2548,-0.06
2783,8,0.87964,0.23,0.8324,0.43,0.518,0.915,0.27212,1.0
2784,,0.81196,0.18,0.80008,0.405,0.48568,0.865,0.20444,0.925
2785,,0.74428,0.13,0.76776,0.38,0.45336,0.815,0.13676,0.85
2786,,0.6766,0.08,0.73544,0.355,0.42104,0.765,0.06908,0.775
2787,,0.60892,0.03,0.70312,0.33,0.38872,0.715,0.0014,0.7
2788,,0.54124,-0.02,0.6708,0.305,0.3564,0.665,-0.06628,0.625
2789,7,0.52356,-0.035,0.68848,0.365,0.44508,0.75,1.0,0.635
2790,2,0.42088,1.0,0.62116,0.34,0.44776,0.75,0.96732,0.56
2791,,0.3532,0.95,0.58884,0.315,0.41544,0.7,0.89964,0.485
2792,,0.28552,0.9,0.55652,0.29,0.38312,0.65,0.83196,0.41
2793,,0.21784,0.85,0.5242,0.265,0.3508,0.6,0.76428,0.335
2794,,0.15016,0.8,0.49188,0.24,0.31848,0.55,0.6966,0.26
2795,,0.08248,0.75,0.45956,0.215,0.28616,0.5,0.62892,0.185
2796,,0.0148,0.7,0.42724,0.19,0.25384,0.45,0.56124,0.11
2797,,-0.05288,0.65,0.39492,0.165,0.22152,0.4,0.49356,0.035
2798,1,1.0,0.565,0.3416,0.155,0.2392,0.415,0.47588,-0.025
2799,8,0.94732,0.515,0.32428,0.18,0.29188,0.465,0.4932,1.0
2800,,0.87964,0.465,0.29196,0.155,0.25956,0.415,0.42552,0.925
2801,,0.81196,0.415,0.25964,0.13,0.22724,0.365,0.35784,0.85
2802,,0.74428,0.365,0.22732,0.105,0.19492,0.315,0.29016,0.775
2803,,0.6766,0.315,0.195,0.08,0.1626,0.265,0.22248,0.7
2804,,0.60892,0.265,0.16268,0.055,0.13028,0.215,0.1548,0.625
2805,,0.54124,0.215,0.13036,0.03,0.09796,0.165,0.08712,0.55
2806,,0.47356,0.165,0.09804,0.005,0.06564,0.115,0.01944,0.475
2807,,0.40588,0.115,0.06572,-0.02,0.03332,0.065,-0.04824,0.4
2808,7,0.3882,0.1,0.0834,0.04,0.122,0.15,1.0,0.41
2809,,0.32052,0.05,0.05108,0.015,0.08968,0.1,0.93232,0.335
2810,,0.25284,0.0,0.01876,-0.01,0.05736,0.05,0.86464,0.26
2811,4,0.20016,-0.05,0.00144,1.0,0.11004,0.1,0.88196,0.235
2812,2,0.09748,1.0,-0.06588,0.975,0.11272,0.1,0.84928,0.16
2813,3,0.0088,0.915,1.0,0.965,0.1304,0.115,0.8316,0.1
2814,,-0.05888,0.865,0.96768,0.94,0.09808,0.065,0.76392,0.025
2815,1,1.0,0.78,0.91436,0.93,0.11576,0.08,0.74624,-0.035
2816,8,0.94732,0.73,0.89704,0.955,0.16844,0.13,0.76356,1.0
2817,,0.87964,0.68,0.86472,0.93,0.13612,0.08,0.69588,0.925
2818,,0.81196,0.63,0.8324,0.905,0.1038,0.03,0.6282,0.85
2819,,0.74428,0.58,0.80008,0.88,0.07148,-0.02,0.56052,0.775
2820,6,0.7416,0.58,0.83276,0.955,-0.11084,1.0,0.62784,0.8
2821,5,0.72392,0.565,0.85044,1.0,1.0,0.8,0.68116,0.81
2822,,0.65624,0.515,0.81812,0.975,0.96768,0.75,0.61348,0.735
2823,,0.58856,0.465,0.7858,0.95,0.93536,0.7,0.5458,0.66
2824,,0.52088,0.415,0.75348,0.925,0.90304,0.65,0.47812,0.585
2825,,0.4532,0.365,0.72116,0.9,0.87072,0.6,0.41044,0.51
2826,,0.38552,0.315,0.68884,0.875,0.8384,0.55,0.34276,0.435
2827,,0.31784,0.265,0.65652,0.85,0.80608,0.5,0.27508,0.36
2828,,0.25016,0.215,0.6242,0.825,0.77376,0.45,0.2074,0.285
2829,,0.18248,0.165,0.59188,0.8,0.74144,0.4,0.13972,0.21
2830,,0.1148,0.115,0.55956,0.775,0.70912,0.35,0.07204,0.135
2831,,0.04712,0.065,0.52724,0.75,0.6768,0.3,0.00436,0.06
2832,,-0.02056,0.015,0.49492,0.725,0.64448,0.25,-0.06332,-0.015
2833,7,-0.03824,0.0,0.5126,0.785,0.73316,0.335,1.0,-0.005
2834,1,1.0,-0.085,0.45928,0.775,0.75084,0.35,0.98232,-0.065
2835,2,0.89732,1.0,0.39196,0.75,0.75352,0.35,0.94964,-0.14
2836,8,0.84464,0.95,0.37464,0.775,0.8062,0.4,0.96696,1.0
2837,,0.77696,0.9,0.34232,0.75,0.77388,0.35,0.89928,0.925
2838,,0.70928,0.85,0.31,0.725,0.74156,0.3,0.8316,0.85
2839,,0.6416,0.8,0.27768,0.7,0.70924,0.25,0.76392,0.775
2840,,0.57392,0.75,0.24536,0.675,0.67692,0.2,0.69624,0.7
2841,,0.50624,0.7,0.21304,0.65,0.6446,0.15,0.62856,0.625
2842,,0.43856,0.65,0.18072,0.625,0.61228,0.1,0.56088,0.55
2843,,0.37088,0.6,0.1484,0.6,0.57996,0.05,0.4932,0.475
2844,,0.3032,0.55,0.11608,0.575,0.54764,0.0,0.42552,0.4
2845,,0.23552,0.5,0.08376,0.55,0.51532,-0.05,0.35784,0.325
2846,6,0.23284,0.5,0.11644,0.625,0.333,1.0,0.42516,0.35
2847,,0.16516,0.45,0.08412,0.6,0.30068,0.95,0.35748,0.275
2848,,0.09748,0.4,0.0518,0.575,0.26836,0.9,0.2898,0.2
2849,,0.0298,0.35,0.01948,0.55,0.23604,0.85,0.22212,0.125
2850,,-0.03788,0.3,-0.01284,0.525,0.20372,0.8,0.15444,0.05
2851,1,1.0,0.215,-0.06616,0.515,0.2214,0.815,0.13676,-0.01
2852,3,0.91132,0.13,1.0,0.505,0.23908,0.83,0.11908,-0.07
2853,8,0.85864,0.08,0.98268,0.53,0.29176,0.88,0.1364,1.0
2854,,0.79096,0.03,0.95036,0.505,0.25944,0.83,0.06872,0.925
2855,,0.72328,-0.02,0.91804,0.48,0.22712,0.78,0.00104,0.85
2856,2,0.6206,1.0,0.85072,0.455,0.2298,0.78,-0.03164,0.775
2857,7,0.60292,0.985,0.8684,0.515,0.31848,0.865,1.0,0.785
2858,,0.53524,0.935,0.83608,0.49,0.28616,0.815,0.93232,0.71
2859,,0.46756,0.885,0.80376,0.465,0.25384,0.765,0.86464,0.635
2860,,0.39988,0.835,0.77144,0.44,0.22152,0.715,0.79696,0.56
2861,,0.3322,0.785,0.73912,0.415,0.1892,0.665,0.72928,0.485
2862,,0.26452,0.735,0.7068,0.39,0.15688,0.615,0.6616,0.41
2863,,0.19684,0.685,0.67448,0.365,0.12456,0.565,0.59392,0.335
2864,,0.12916,0.635,0.64216,0.34,0.09224,0.515,0.52624,0.26
2865,,0.06148,0.585,0.60984,0.315,0.05992,0.465,0.45856,0.185
2866,,-0.0062,0.535,0.57752,0.29,0.0276,0.415,0.39088,0.11
2867,1,1.0,0.45,0.5242,0.28,0.04528,0.43,0.3732,0.05
2868,,0.93232,0.4,0.49188,0.255,0.01296,0.38,0.30552,-0.025
2869,8,0.87964,0.35,0.47456,0.28,0.06564,0.43,0.32284,1.0
2870,,0.81196,0.3,0.44224,0.255,0.03332,0.38,0.25516,0.925
2871,,0.74428,0.25,0.40992,0.23,0.001,0.33,0.18748,0.85
2872,,0.6766,0.2,0.3776,0.205,-0.03132,0.28,0.1198,0.775
2873,5,0.65892,0.185,0.39528,0.265,1.0,0.08,0.17312,0.785
2874,,0.59124,0.135,0.36296,0.24,0.96768,0.03,0.10544,0.71
2875,,0.52356,0.085,0.33064,0.215,0.93536,-0.02,0.03776,0.635
2876,6,0.52088,0.085,0.36332,0.29,0.75304,1.0,0.10508,0.66
2877,,0.4532,0.035,0.331,0.265,0.72072,0.95,0.0374,0.585
2878,,0.38552,-0.015,0.29868,0.24,0.6884,0.9,-0.03028,0.51
2879,7,0.36784,-0.03,0.31636,0.3,0.77708,0.985,1.0,0.52
2880,2,0.26516,1.0,0.24904,0.275,0.77976,0.985,0.96732,0.445
2881,,0.19748,0.95,0.21672,0.25,0.74744,0.935,0.89964,0.37
2882,,0.1298,0.9,0.1844,0.225,0.71512,0.885,0.83196,0.295
2883,,0.06212,0.85,0.15208,0.2,0.6828,0.835,0.76428,0.22
2884,,-0.00556,0.8,0.11976,0.175,0.65048,0.785,0.6966,0.145
2885,1,1.0,0.715,0.06644,0.165,0.66816,0.8,0.67892,0.085
2886,,0.93232,0.665,0.03412,0.14,0.63584,0.75,0.61124,0.01
2887,,0.86464,0.615,0.0018,0.115,0.60352,0.7,0.54356,-0.065
2888,8,0.81196,0.565,-0.01552,0.14,0.6562,0.75,0.56088,1.0
2889,3,0.72328,0.48,1.0,0.13,0.67388,0.765,0.5432,0.94
2890,,0.6556,0.43,0.96768,0.105,0.64156,0.715,0.47552,0.865
2891,,0.58792,0.38,0.93536,0.08,0.60924,0.665,0.40784,0.79
2892,,0.52024,0.33,0.90304,0.055,0.57692,0.615,0.34016,0.715
2893,,0.45256,0.28,0.87072,0.03,0.5446,0.565,0.27248,0.64
2894,,0.38488,0.23,0.8384,0.005,0.51228,0.515,0.2048,0.565
2895,,0.3172,0.18,0.80608,-0.02,0.47996,0.465,0.13712,0.49
2896,4,0.26452,0.13,0.78876,1.0,0.53264,0.515,0.15444,0.465
2897,,0.19684,0.08,0.75644,0.975,0.50032,0.465,0.08676,0.39
2898,,0.12916,0.03,0.72412,0.95,0.468,0.415,0.01908,0.315
2899,,0.06148,-0.02,0.6918,0.925,0.43568,0.365,-0.0486,0.24
2900,7,0.0438,-0.035,0.70948,0.985,0.52436,0.45,1.0,0.25
2901,2,-0.05888,1.0,0.64216,0.96,0.52704,0.45,0.96732,0.175
2902,1,1.0,0.915,0.58884,0.95,0.54472,0.465,0.94964,0.115
2903,,0.93232,0.865,0.55652,0.925,0.5124,0.415,0.88196,0.04
2904,,0.86464,0.815,0.5242,0.9,0.48008,0.365,0.81428,-0.035
2905,8,0.81196,0.765,0.50688,0.925,0.53276,0.415,0.8316,1.0
2906,,0.74428,0.715,0.47456,0.9,0.50044,0.365,0.76392,0.925
2907,,0.6766,0.665,0.44224,0.875,0.46812,0.315,0.69624,0.85
2908,,0.60892,0.615,0.40992,0.85,0.4358,0.265,0.62856,0.775
2909,,0.54124,0.565,0.3776,0.825,0.40348,0.215,0.56088,0.7
2910,,0.47356,0.515,0.34528,0.8,0.37116,0.165,0.4932,0.625
2911,,0.40588,0.465,0.31296,0.775,0.33884,0.115,0.42552,0.55
2912,,0.3382,0.415,0.28064,0.75,0.30652,0.065,0.35784,0.475
2913,,0.27052,0.365,0.24832,0.725,0.2742,0.015,0.29016,0.4
2914,,0.20284,0.315,0.216,0.7,0.24188,-0.035,0.22248,0.325
2915,6,0.20016,0.315,0.24868,0.775,0.05956,1.0,0.2898,0.35
2916,,0.13248,0.265,0.21636,0.75,0.02724,0.95,0.22212,0.275
2917,,0.0648,0.215,0.18404,0.725,-0.00508,0.9,0.15444,0.2
2918,5,0.04712,0.2,0.20172,0.785,1.0,0.7,0.20776,0.21
2919,,-0.02056,0.15,0.1694,0.76,0.96768,0.65,0.14008,0.135
2920,1,1.0,0.065,0.11608,0.75,0.98536,0.665,0.1224,0.075
2921,,0.93232,0.015,0.08376,0.725,0.95304,0.615,0.05472,-0.0
2922,,0.86464,-0.035,0.05144,0.7,0.92072,0.565,-0.01296,-0.075
2923,8,0.81196,-0.085,0.03412,0.725,0.9734,0.615,0.00436,1.0
2924,2,0.70928,1.0,-0.0332,0.7,0.97608,0.615,-0.02832,0.925
2925,3,0.6206,0.915,1.0,0.69,0.99376,0.63,-0.046,0.865
2926,7,0.60292,0.9,1.0,0.75,1.0,0.715,1.0,0.875
2927,,0.53524,0.85,0.96768,0.725,0.96768,0.665,0.93232,0.8
2928,,0.46756,0.8,0.93536,0.7,0.93536,0.615,0.86464,0.725
2929,,0.39988,0.75,0.90304,0.675,0.90304,0.565,0.79696,0.65
2930,,0.3322,0.7,0.87072,0.65,0.87072,0.515,0.72928,0.575
2931,,0.26452,0.65,0.8384,0.625,0.8384,0.465,0.6616,0.5
2932,,0.19684,0.6,0.80608,0.6,0.80608,0.415,0.59392,0.425
2933,,0.12916,0.55,0.77376,0.575,0.77376,0.365,0.52624,0.35
2934,,0.06148,0.5,0.74144,0.55,0.74144,0.315,0.45856,0.275
2935,,-0.0062,0.45,0.70912,0.525,0.70912,0.265,0.39088,0.2
2936,1,1.0,0.365,0.6558,0.515,0.7268,0.28,0.3732,0.14
2937,,0.93232,0.315,0.62348,0.49,0.69448,0.23,0.30552,0.065
2938,,0.86464,0.265,0.59116,0.465,0.66216,0.18,0.23784,-0.01
2939,8,0.81196,0.215,0.57384,0.49,0.71484,0.23,0.25516,1.0
2940,,0.74428,0.165,0.54152,0.465,0.68252,0.18,0.18748,0.925
2941,,0.6766,0.115,0.5092,0.44,0.6502,0.13,0.1198,0.85
2942,,0.60892,0.065,0.47688,0.415,0.61788,0.08,0.05212,0.775
2943,,0.54124,0.015,0.44456,0.39,0.58556,0.03,-0.01556,0.7
2944,7,0.52356,0.0,0.46224,0.45,0.67424,0.115,1.0,0.71
2945,,0.45588,-0.05,0.42992,0.425,0.64192,0.065,0.93232,0.635
2946,2,0.3532,1.0,0.3626,0.4,0.6446,0.065,0.89964,0.56
2947,,0.28552,0.95,0.33028,0.375,0.61228,0.015,0.83196,0.485
2948,,0.21784,0.9,0.29796,0.35,0.57996,-0.035,0.76428,0.41
2949,6,0.21516,0.9,0.33064,0.425,0.39764,1.0,0.8316,0.435
2950,,0.14748,0.85,0.29832,0.4,0.36532,0.95,0.76392,0.36
2951,,0.0798,0.8,0.266,0.375,0.333,0.9,0.69624,0.285
2952,,0.01212,0.75,0.23368,0.35,0.30068,0.85,0.62856,0.21
2953,,-0.05556,0.7,0.20136,0.325,0.26836,0.8,0.56088,0.135
2954,1,1.0,0.615,0.14804,0.315,0.28604,0.815,0.5432,0.075
2955,,0.93232,0.565,0.11572,0.29,0.25372,0.765,0.47552,-0.0
2956,,0.86464,0.515,0.0834,0.265,0.2214,0.715,0.40784,-0.075
2957,8,0.81196,0.465,0.06608,0.29,0.27408,0.765,0.42516,1.0
2958,,0.74428,0.415,0.03376,0.265,0.24176,0.715,0.35748,0.925
2959,,0.6766,0.365,0.00144,0.24,0.20944,0.665,0.2898,0.85
2960,,0.60892,0.315,-0.03088,0.215,0.17712,0.615,0.22212,0.775
2961,3,0.52024,0.23,1.0,0.205,0.1948,0.63,0.20444,0.715
2962,,0.45256,0.18,0.96768,0.18,0.16248,0.58,0.13676,0.64
2963,,0.38488,0.13,0.93536,0.155,0.13016,0.53,0.06908,0.565
2964,,0.3172,0.08,0.90304,0.13,0.09784,0.48,0.0014,0.49
2965,,0.24952,0.03,0.87072,0.105,0.06552,0.43,-0.06628,0.415
2966,7,0.23184,0.015,0.8884,0.165,0.1542,0.515,1.0,0.425
2967,,0.16416,-0.035,0.85608,0.14,0.12188,0.465,0.93232,0.35
2968,2,0.06148,1.0,0.78876,0.115,0.12456,0.465,0.89964,0.275
2969,,-0.0062,0.95,0.75644,0.09,0.09224,0.415,0.83196,0.2
2970,1,1.0,0.865,0.70312,0.08,0.10992,0.43,0.81428,0.14
2971,,0.93232,0.815,0.6708,0.055,0.0776,0.38,0.7466,0.065
2972,,0.86464,0.765,0.63848,0.03,0.04528,0.33,0.67892,-0.01
2973,8,0.81196,0.715,0.62116,0.055,0.09796,0.38,0.69624,1.0
2974,,0.74428,0.665,0.58884,0.03,0.06564,0.33,0.62856,0.925
2975,,0.6766,0.615,0.55652,0.005,0.03332,0.28,0.56088,0.85
2976,,0.60892,0.565,0.5242,-0.02,0.001,0.23,0.4932,0.775
2977,4,0.55624,0.515,0.50688,1.0,0.05368,0.28,0.51052,0.75
2978,,0.48856,0.465,0.47456,0.975,0.02136,0.23,0.44284,0.675
2979,,0.42088,0.415,0.44224,0.95,-0.01096,0.18,0.37516,0.6
2980,5,0.4032,0.4,0.45992,1.0,1.0,-0.02,0.42848,0.61
2981,6,0.40052,0.4,0.4926,1.0,0.81768,1.0,0.4958,0.635
2982,,0.33284,0.35,0.46028,0.975,0.78536,0.95,0.42812,0.56
2983,,0.26516,0.3,0.42796,0.95,0.75304,0.9,0.36044,0.485
2984,,0.19748,0.25,0.39564,0.925,0.72072,0.85,0.29276,0.41
2985,,0.1298,0.2,0.36332,0.9,0.6884,0.8,0.22508,0.335
2986,,0.06212,0.15,0.331,0.875,0.65608,0.75,0.1574,0.26
2987,,-0.00556,0.1,0.29868,0.85,0.62376,0.7,0.08972,0.185
2988,1,1.0,0.015,0.24536,0.84,0.64144,0.715,0.07204,0.125
2989,,0.93232,-0.035,0.21304,0.815,0.60912,0.665,0.00436,0.05
2990,2,0.82964,1.0,0.14572,0.79,0.6118,0.665,-0.02832,-0.025
2991,7,0.81196,0.985,0.1634,0.85,0.70048,0.75,1.0,-0.015
2992,8,0.75928,0.935,0.14608,0.875,0.75316,0.8,1.0,1.0
2993,,0.6916,0.885,0.11376,0.85,0.72084,0.75,0.93232,0.925
2994,,0.62392,0.835,0.08144,0.825,0.68852,0.7,0.86464,0.85
2995,,0.55624,0.785,0.04912,0.8,0.6562,0.65,0.79696,0.775
2996,,0.48856,0.735,0.0168,0.775,0.62388,0.6,0.72928,0.7
2997,,0.42088,0.685,-0.01552,0.75,0.59156,0.55,0.6616,0.625
2998,3,0.3322,0.6,1.0,0.74,0.60924,0.565,0.64392,0.565
2999,,0.26452,0.55,0.96768,0.715,0.57692,0.515,0.57624,0.49
3000,,0.19684,0.5,0.93536,0.69,0.5446,0.465,0.50856,0.415
3001,,0.12916,0.45,0.90304,0.665,0.51228,0.415,0.44088,0.34
3002,,0.06148,0.4,0.87072,0.64,0.47996,0.365,0.3732,0.265
3003,,-0.0062,0.35,0.8384,0.615,0.44764,0.315,0.30552,0.19
3004,1,1.0,0.265,0.78508,0.605,0.46532,0.33,0.28784,0.13
3005,,0.93232,0.215,0.75276,0.58,0.433,0.28,0.22016,0.055
3006,,0.86464,0.165,0.72044,0.555,0.40068,0.23,0.15248,-0.02
3007,8,0.81196,0.115,0.70312,0.58,0.45336,0.28,0.1698,1.0
3008,,0.74428,0.065,0.6708,0.555,0.42104,0.23,0.10212,0.925
3009,,0.6766,0.015,0.63848,0.53,0.38872,0.18,0.03444,0.85
3010,,0.60892,-0.035,0.60616,0.505,0.3564,0.13,-0.03324,0.775
3011,2,0.50624,1.0,0.53884,0.48,0.35908,0.13,-0.06592,0.7
3012,7,0.48856,0.985,0.55652,0.54,0.44776,0.215,1.0,0.71
3013,,0.42088,0.935,0.5242,0.515,0.41544,0.165,0.93232,0.635
3014,,0.3532,0.885,0.49188,0.49,0.38312,0.115,0.86464,0.56
3015,,0.28552,0.835,0.45956,0.465,0.3508,0.065,0.79696,0.485
3016,,0.21784,0.785,0.42724,0.44,0.31848,0.015,0.72928,0.41
3017,,0.15016,0.735,0.39492,0.415,0.28616,-0.035,0.6616,0.335
3018,6,0.14748,0.735,0.4276,0.49,0.10384,1.0,0.72892,0.36
3019,,0.0798,0.685,0.39528,0.465,0.07152,0.95,0.66124,0.285
3020,,0.01212,0.635,0.36296,0.44,0.0392,0.9,0.59356,0.21
3021,,-0.05556,0.585,0.33064,0.415,0.00688,0.85,0.52588,0.135
3022,1,1.0,0.5,0.27732,0.405,0.02456,0.865,0.5082,0.075
3023,,0.93232,0.45,0.245,0.38,-0.00776,0.815,0.44052,-0.0
3024,5,0.91464,0.435,0.26268,0.44,1.0,0.615,0.49384,0.01
3025,,0.84696,0.385,0.23036,0.415,0.96768,0.565,0.42616,-0.065
3026,8,0.79428,0.335,0.21304,0.44,1.0,0.615,0.44348,1.0
3027,,0.7266,0.285,0.18072,0.415,0.96768,0.565,0.3758,0.925
3028,,0.65892,0.235,0.1484,0.39,0.93536,0.515,0.30812,0.85
3029,,0.59124,0.185,0.11608,0.365,0.90304,0.465,0.24044,0.775
3030,,0.52356,0.135,0.08376,0.34,0.87072,0.415,0.17276,0.7
3031,,0.45588,0.085,0.05144,0.315,0.8384,0.365,0.10508,0.625
3032,,0.3882,0.035,0.01912,0.29,0.80608,0.315,0.0374,0.55
3033,,0.32052,-0.015,-0.0132,0.265,0.77376,0.265,-0.03028,0.475
3034,7,0.30284,-0.03,0.00448,0.325,0.86244,0.35,1.0,0.485
3035,2,0.20016,1.0,-0.06284,0.3,0.86512,0.35,0.96732,0.41
3036,3,0.11148,0.915,1.0,0.29,0.8828,0.365,0.94964,0.35
3037,,0.0438,0.865,0.96768,0.265,0.85048,0.315,0.88196,0.275
3038,,-0.02388,0.815,0.93536,0.24,0.81816,0.265,0.81428,0.2
3039,1,1.0,0.73,0.88204,0.23,0.83584,0.28,0.7966,0.14
3040,,0.93232,0.68,0.84972,0.205,0.80352,0.23,0.72892,0.065
3041,,0.86464,0.63,0.8174,0.18,0.7712,0.18,0.66124,-0.01
3042,8,0.81196,0.58,0.80008,0.205,0.82388,0.23,0.67856,1.0
3043,,0.74428,0.53,0.76776,0.18,0.79156,0.18,0.61088,0.925
3044,,0.6766,0.48,0.73544,0.155,0.75924,0.13,0.5432,0.85
3045,,0.60892,0.43,0.70312,0.13,0.72692,0.08,0.47552,0.775
3046,,0.54124,0.38,0.6708,0.105,0.6946,0.03,0.40784,0.7
3047,,0.47356,0.33,0.63848,0.08,0.66228,-0.02,0.34016,0.625
3048,6,0.47088,0.33,0.67116,0.155,0.47996,1.0,0.40748,0.65
3049,,0.4032,0.28,0.63884,0.13,0.44764,0.95,0.3398,0.575
3050,,0.33552,0.23,0.60652,0.105,0.41532,0.9,0.27212,0.5
3051,,0.26784,0.18,0.5742,0.08,0.383,0.85,0.20444,0.425
3052,,0.20016,0.13,0.54188,0.055,0.35068,0.8,0.13676,0.35
3053,,0.13248,0.08,0.50956,0.03,0.31836,0.75,0.06908,0.275
3054,,0.0648,0.03,0.47724,0.005,0.28604,0.7,0.0014,0.2
3055,,-0.00288,-0.02,0.44492,-0.02,0.25372,0.65,-0.06628,0.125
3056,7,-0.02056,-0.035,0.4626,0.04,0.3424,0.735,1.0,0.135
3057,2,-0.12324,1.0,0.39528,0.015,0.34508,0.735,0.96732,0.06
3058,1,1.0,0.915,0.34196,0.005,0.36276,0.75,0.94964,-0.0
3059,,0.93232,0.865,0.30964,-0.02,0.33044,0.7,0.88196,-0.075
3060,8,0.87964,0.815,0.29232,0.005,0.38312,0.75,0.89928,1.0
3061,,0.81196,0.765,0.26,-0.02,0.3508,0.7,0.8316,0.925
3062,4,0.75928,0.715,0.24268,1.0,0.40348,0.75,0.84892,0.9
3063,,0.6916,0.665,0.21036,0.975,0.37116,0.7,0.78124,0.825
3064,,0.62392,0.615,0.17804,0.95,0.33884,0.65,0.71356,0.75
3065,,0.55624,0.565,0.14572,0.925,0.30652,0.6,0.64588,0.675
3066,,0.48856,0.515,0.1134,0.9,0.2742,0.55,0.5782,0.6
3067,,0.42088,0.465,0.08108,0.875,0.24188,0.5,0.51052,0.525
3068,,0.3532,0.415,0.04876,0.85,0.20956,0.45,0.44284,0.45
3069,,0.28552,0.365,0.01644,0.825,0.17724,0.4,0.37516,0.375
3070,,0.21784,0.315,-0.01588,0.8,0.14492,0.35,0.30748,0.3
3071,3,0.12916,0.23,1.0,0.79,0.1626,0.365,0.2898,0.24
3072,,0.06148,0.18,0.96768,0.765,0.13028,0.315,0.22212,0.165
3073,,-0.0062,0.13,0.93536,0.74,0.09796,0.265,0.15444,0.09
3074,1,1.0,0.045,0.88204,0.73,0.11564,0.28,0.13676,0.03
3075,,0.93232,-0.005,0.84972,0.705,0.08332,0.23,0.06908,-0.045
3076,8,0.87964,-0.055,0.8324,0.73,0.136,0.28,0.0864,1.0
3077,2,0.77696,1.0,0.76508,0.705,0.13868,0.28,0.05372,0.925
3078,,0.70928,0.95,0.73276,0.68,0.10636,0.23,-0.01396,0.85
3079,7,0.6916,0.935,0.75044,0.74,0.19504,0.315,1.0,0.86
3080,,0.62392,0.885,0.71812,0.715,0.16272,0.265,0.93232,0.785
3081,,0.55624,0.835,0.6858,0.69,0.1304,0.215,0.86464,0.71
3082,,0.48856,0.785,0.65348,0.665,0.09808,0.165,0.79696,0.635
3083,,0.42088,0.735,0.62116,0.64,0.06576,0.115,0.72928,0.56
3084,,0.3532,0.685,0.58884,0.615,0.03344,0.065,0.6616,0.485
3085,,0.28552,0.635,0.55652,0.59,0.00112,0.015,0.59392,0.41
3086,,0.21784,0.585,0.5242,0.565,-0.0312,-0.035,0.52624,0.335
3087,6,0.21516,0.585,0.55688,0.64,-0.21352,1.0,0.59356,0.36
3088,5,0.19748,0.57,0.57456,0.7,1.0,0.8,0.64688,0.37
3089,,0.1298,0.52,0.54224,0.675,0.96768,0.75,0.5792,0.295
3090,,0.06212,0.47,0.50992,0.65,0.93536,0.7,0.51152,0.22
3091,,-0.00556,0.42,0.4776,0.625,0.90304,0.65,0.44384,0.145
3092,1,1.0,0.335,0.42428,0.615,0.92072,0.665,0.42616,0.085
3093,,0.93232,0.285,0.39196,0.59,0.8884,0.615,0.35848,0.01
3094,,0.86464,0.235,0.35964,0.565,0.85608,0.565,0.2908,-0.065
3095,8,0.81196,0.185,0.34232,0.59,0.90876,0.615,0.30812,1.0
3096,,0.74428,0.135,0.31,0.565,0.87644,0.565,0.24044,0.925
3097,,0.6766,0.085,0.27768,0.54,0.84412,0.515,0.17276,0.85
3098,,0.60892,0.035,0.24536,0.515,0.8118,0.465,0.10508,0.775
3099,,0.54124,-0.015,0.21304,0.49,0.77948,0.415,0.0374,0.7
3100,2,0.43856,1.0,0.14572,0.465,0.78216,0.415,0.00472,0.625
3101,,0.37088,0.95,0.1134,0.44,0.74984,0.365,-0.06296,0.55
3102,7,0.3532,0.935,0.13108,0.5,0.83852,0.45,1.0,0.56
3103,,0.28552,0.885,0.09876,0.475,0.8062,0.4,0.93232,0.485
3104,,0.21784,0.835,0.06644,0.45,0.77388,0.35,0.86464,0.41
3105,,0.15016,0.785,0.03412,0.425,0.74156,0.3,0.79696,0.335
3106,,0.08248,0.735,0.0018,0.4,0.70924,0.25,0.72928,0.26
3107,,0.0148,0.685,-0.03052,0.375,0.67692,0.2,0.6616,0.185
3108,3,-0.07388,0.6,1.0,0.365,0.6946,0.215,0.64392,0.125
3109,1,1.0,0.515,0.94668,0.355,0.71228,0.23,0.62624,0.065
3110,,0.93232,0.465,0.91436,0.33,0.67996,0.18,0.55856,-0.01
3111,8,0.87964,0.415,0.89704,0.355,0.73264,0.23,0.57588,1.0
3112,,0.81196,0.365,0.86472,0.33,0.70032,0.18,0.5082,0.925
3113,,0.74428,0.315,0.8324,0.305,0.668,0.13,0.44052,0.85
3114,,0.6766,0.265,0.80008,0.28,0.63568,0.08,0.37284,0.775
3115,,0.60892,0.215,0.76776,0.255,0.60336,0.03,0.30516,0.7
3116,,0.54124,0.165,0.73544,0.23,0.57104,-0.02,0.23748,0.625
3117,6,0.53856,0.165,0.76812,0.305,0.38872,1.0,0.3048,0.65
3118,,0.47088,0.115,0.7358,0.28,0.3564,0.95,0.23712,0.575
3119,,0.4032,0.065,0.70348,0.255,0.32408,0.9,0.16944,0.5
3120,,0.33552,0.015,0.67116,0.23,0.29176,0.85,0.10176,0.425
3121,,0.26784,-0.035,0.63884,0.205,0.25944,0.8,0.03408,0.35
3122,2,0.16516,1.0,0.57152,0.18,0.26212,0.8,0.0014,0.275
3123,,0.09748,0.95,0.5392,0.155,0.2298,0.75,-0.06628,0.2
3124,7,0.0798,0.935,0.55688,0.215,0.31848,0.835,1.0,0.21
3125,,0.01212,0.885,0.52456,0.19,0.28616,0.785,0.93232,0.135
3126,,-0.05556,0.835,0.49224,0.165,0.25384,0.735,0.86464,0.06
3127,1,1.0,0.75,0.43892,0.155,0.27152,0.75,0.84696,-0.0
3128,,0.93232,0.7,0.4066,0.13,0.2392,0.7,0.77928,-0.075
3129,8,0.87964,0.65,0.38928,0.155,0.29188,0.75,0.7966,1.0
3130,,0.81196,0.6,0.35696,0.13,0.25956,0.7,0.72892,0.925
3131,,0.74428,0.55,0.32464,0.105,0.22724,0.65,0.66124,0.85
3132,,0.6766,0.5,0.29232,0.08,0.19492,0.6,0.59356,0.775
3133,,0.60892,0.45,0.26,0.055,0.1626,0.55,0.52588,0.7
3134,,0.54124,0.4,0.22768,0.03,0.13028,0.5,0.4582,0.625
3135,,0.47356,0.35,0.19536,0.005,0.09796,0.45,0.39052,0.55
3136,,0.40588,0.3,0.16304,-0.02,0.06564,0.4,0.32284,0.475
3137,4,0.3532,0.25,0.14572,1.0,0.11832,0.45,0.34016,0.45
3138,,0.28552,0.2,0.1134,0.975,0.086,0.4,0.27248,0.375
3139,,0.21784,0.15,0.08108,0.95,0.05368,0.35,0.2048,0.3
3140,,0.15016,0.1,0.04876,0.925,0.02136,0.3,0.13712,0.225
3141,,0.08248,0.05,0.01644,0.9,-0.01096,0.25,0.06944,0.15
3142,5,0.0648,0.035,0.03412,0.96,1.0,0.05,0.12276,0.16
3143,,-0.00288,-0.015,0.0018,0.935,0.96768,0.0,0.05508,0.085
3144,2,-0.10556,1.0,-0.06552,0.91,0.97036,0.0,0.0224,0.01
3145,1,1.0,0.915,-0.11884,0.9,0.98804,0.015,0.00472,-0.05
3146,3,0.91132,0.83,1.0,0.89,1.0,0.03,-0.01296,-0.11
3147,8,0.85864,0.78,0.98268,0.915,1.0,0.08,0.00436,1.0
3148,,0.79096,0.73,0.95036,0.89,0.96768,0.03,-0.06332,0.925
3149,7,0.77328,0.715,0.96804,0.95,1.0,0.115,1.0,0.935
3150,,0.7056,0.665,0.93572,0.925,0.96768,0.065,0.93232,0.86
3151,,0.63792,0.615,0.9034,0.9,0.93536,0.015,0.86464,0.785
3152,,0.57024,0.565,0.87108,0.875,0.90304,-0.035,0.79696,0.71
3153,6,0.56756,0.565,0.90376,0.95,0.72072,1.0,0.86428,0.735
3154,,0.49988,0.515,0.87144,0.925,0.6884,0.95,0.7966,0.66
3155,,0.4322,0.465,0.83912,0.9,0.65608,0.9,0.72892,0.585
3156,,0.36452,0.415,0.8068,0.875,0.62376,0.85,0.66124,0.51
3157,,0.29684,0.365,0.77448,0.85,0.59144,0.8,0.59356,0.435
3158,,0.22916,0.315,0.74216,0.825,0.55912,0.75,0.52588,0.36
3159,,0.16148,0.265,0.70984,0.8,0.5268,0.7,0.4582,0.285
3160,,0.0938,0.215,0.67752,0.775,0.49448,0.65,0.39052,0.21
3161,,0.02612,0.165,0.6452,0.75,0.46216,0.6,0.32284,0.135
3162,,-0.04156,0.115,0.61288,0.725,0.42984,0.55,0.25516,0.06
3163,1,1.0,0.03,0.55956,0.715,0.44752,0.565,0.23748,-0.0
3164,,0.93232,-0.02,0.52724,0.69,0.4152,0.515,0.1698,-0.075
3165,8,0.87964,-0.07,0.50992,0.715,0.46788,0.565,0.18712,1.0
3166,2,0.77696,1.0,0.4426,0.69,0.47056,0.565,0.15444,0.925
3167,,0.70928,0.95,0.41028,0.665,0.43824,0.515,0.08676,0.85
3168,,0.6416,0.9,0.37796,0.64,0.40592,0.465,0.01908,0.775
3169,,0.57392,0.85,0.34564,0.615,0.3736,0.415,-0.0486,0.7
3170,7,0.55624,0.835,0.36332,0.675,0.46228,0.5,1.0,0.71
3171,,0.48856,0.785,0.331,0.65,0.42996,0.45,0.93232,0.635
3172,,0.42088,0.735,0.29868,0.625,0.39764,0.4,0.86464,0.56
3173,,0.3532,0.685,0.26636,0.6,0.36532,0.35,0.79696,0.485
3174,,0.28552,0.635,0.23404,0.575,0.333,0.3,0.72928,0.41
3175,,0.21784,0.585,0.20172,0.55,0.30068,0.25,0.6616,0.335
3176,,0.15016,0.535,0.1694,0.525,0.26836,0.2,0.59392,0.26
3177,,0.08248,0.485,0.13708,0.5,0.23604,0.15,0.52624,0.185
3178,,0.0148,0.435,0.10476,0.475,0.20372,0.1,0.45856,0.11
3179,,-0.05288,0.385,0.07244,0.45,0.1714,0.05,0.39088,0.035
3180,1,1.0,0.3,0.01912,0.44,0.18908,0.065,0.3732,-0.025
3181,8,0.94732,0.25,0.0018,0.465,0.24176,0.115,0.39052,1.0
3182,,0.87964,0.2,-0.03052,0.44,0.20944,0.065,0.32284,0.925
3183,3,0.79096,0.115,1.0,0.43,0.22712,0.08,0.30516,0.865
3184,,0.72328,0.065,0.96768,0.405,0.1948,0.03,0.23748,0.79
3185,,0.6556,0.015,0.93536,0.38,0.16248,-0.02,0.1698,0.715
3186,6,0.65292,0.015,0.96804,0.455,-0.01984,1.0,0.23712,0.74
3187,5,0.63524,0.0,0.98572,0.515,1.0,0.8,0.29044,0.75
3188,,0.56756,-0.05,0.9534,0.49,0.96768,0.75,0.22276,0.675
3189,2,0.46488,1.0,0.88608,0.465,0.97036,0.75,0.19008,0.6
3190,,0.3972,0.95,0.85376,0.44,0.93804,0.7,0.1224,0.525
3191,,0.32952,0.9,0.82144,0.415,0.90572,0.65,0.05472,0.45
3192,,0.26184,0.85,0.78912,0.39,0.8734,0.6,-0.01296,0.375
3193,7,0.24416,0.835,0.8068,0.45,0.96208,0.685,1.0,0.385
3194,,0.17648,0.785,0.77448,0.425,0.92976,0.635,0.93232,0.31
3195,,0.1088,0.735,0.74216,0.4,0.89744,0.585,0.86464,0.235
3196,,0.04112,0.685,0.70984,0.375,0.86512,0.535,0.79696,0.16
3197,,-0.02656,0.635,0.67752,0.35,0.8328,0.485,0.72928,0.085
3198,1,1.0,0.55,0.6242,0.34,0.85048,0.5,0.7116,0.025
3199,,0.93232,0.5,0.59188,0.315,0.81816,0.45,0.64392,-0.05
3200,8,0.87964,0.45,0.57456,0.34,0.87084,0.5,0.66124,1.0
3201,,0.81196,0.4,0.54224,0.315,0.83852,0.45,0.59356,0.925
3202,,0.74428,0.35,0.50992,0.29,0.8062,0.4,0.52588,0.85
3203,,0.6766,0.3,0.4776,0.265,0.77388,0.35,0.4582,0.775
3204,,0.60892,0.25,0.44528,0.24,0.74156,0.3,0.39052,0.7
3205,,0.54124,0.2,0.41296,0.215,0.70924,0.25,0.32284,0.625
3206,,0.47356,0.15,0.38064,0.19,0.67692,0.2,0.25516,0.55
3207,,0.40588,0.1,0.34832,0.165,0.6446,0.15,0.18748,0.475
3208,,0.3382,0.05,0.316,0.14,0.61228,0.1,0.1198,0.4
3209,,0.27052,0.0,0.28368,0.115,0.57996,0.05,0.05212,0.325
3210,,0.20284,-0.05,0.25136,0.09,0.54764,0.0,-0.01556,0.25
3211,2,0.10016,1.0,0.18404,0.065,0.55032,0.0,-0.04824,0.175
3212,7,0.08248,0.985,0.20172,0.125,0.639,0.085,1.0,0.185
3213,,0.0148,0.935,0.1694,0.1,0.60668,0.035,0.93232,0.11
3214,,-0.05288,0.885,0.13708,0.075,0.57436,-0.015,0.86464,0.035
3215,1,1.0,0.8,0.08376,0.065,0.59204,0.0,0.84696,-0.025
3216,8,0.94732,0.75,0.06644,0.09,0.64472,0.05,0.86428,1.0
3217,,0.87964,0.7,0.03412,0.065,0.6124,0.0,0.7966,0.925
3218,,0.81196,0.65,0.0018,0.04,0.58008,-0.05,0.72892,0.85
3219,6,0.80928,0.65,0.03448,0.115,0.39776,1.0,0.79624,0.875
3220,,0.7416,0.6,0.00216,0.09,0.36544,0.95,0.72856,0.8
3221,,0.67392,0.55,-0.03016,0.065,0.33312,0.9,0.66088,0.725
3222,3,0.58524,0.465,1.0,0.055,0.3508,0.915,0.6432,0.665
3223,,0.51756,0.415,0.96768,0.03,0.31848,0.865,0.57552,0.59
3224,,0.44988,0.365,0.93536,0.005,0.28616,0.815,0.50784,0.515
3225,,0.3822,0.315,0.90304,-0.02,0.25384,0.765,0.44016,0.44
3226,4,0.32952,0.265,0.88572,1.0,0.30652,0.815,0.45748,0.415
3227,,0.26184,0.215,0.8534,0.975,0.2742,0.765,0.3898,0.34
3228,,0.19416,0.165,0.82108,0.95,0.24188,0.715,0.32212,0.265
3229,,0.12648,0.115,0.78876,0.925,0.20956,0.665,0.25444,0.19
3230,,0.0588,0.065,0.75644,0.9,0.17724,0.615,0.18676,0.115
3231,,-0.00888,0.015,0.72412,0.875,0.14492,0.565,0.11908,0.04
3232,1,1.0,-0.07,0.6708,0.865,0.1626,0.58,0.1014,-0.02
3233,2,0.89732,1.0,0.60348,0.84,0.16528,0.58,0.06872,-0.095
3234,8,0.84464,0.95,0.58616,0.865,0.21796,0.63,0.08604,1.0
3235,,0.77696,0.9,0.55384,0.84,0.18564,0.58,0.01836,0.925
3236,,0.70928,0.85,0.52152,0.815,0.15332,0.53,-0.04932,0.85
3237,7,0.6916,0.835,0.5392,0.875,0.242,0.615,1.0,0.86
3238,,0.62392,0.785,0.50688,0.85,0.20968,0.565,0.93232,0.785
3239,,0.55624,0.735,0.47456,0.825,0.17736,0.515,0.86464,0.71
3240,,0.48856,0.685,0.44224,0.8,0.14504,0.465,0.79696,0.635
3241,,0.42088,0.635,0.40992,0.775,0.11272,0.415,0.72928,0.56
3242,,0.3532,0.585,0.3776,0.75,0.0804,0.365,0.6616,0.485
3243,,0.28552,0.535,0.34528,0.725,0.04808,0.315,0.59392,0.41
3244,,0.21784,0.485,0.31296,0.7,0.01576,0.265,0.52624,0.335
3245,,0.15016,0.435,0.28064,0.675,-0.01656,0.215,0.45856,0.26
3246,5,0.13248,0.42,0.29832,0.735,1.0,0.015,0.51188,0.27
3247,,0.0648,0.37,0.266,0.71,0.96768,-0.035,0.4442,0.195
3248,6,0.06212,0.37,0.29868,0.785,0.78536,1.0,0.51152,0.22
3249,,-0.00556,0.32,0.26636,0.76,0.75304,0.95,0.44384,0.145
3250,1,1.0,0.235,0.21304,0.75,0.77072,0.965,0.42616,0.085
3251,,0.93232,0.185,0.18072,0.725,0.7384,0.915,0.35848,0.01
3252,,0.86464,0.135,0.1484,0.7,0.70608,0.865,0.2908,-0.065
3253,8,0.81196,0.085,0.13108,0.725,0.75876,0.915,0.30812,1.0
3254,,0.74428,0.035,0.09876,0.7,0.72644,0.865,0.24044,0.925
3255,,0.6766,-0.015,0.06644,0.675,0.69412,0.815,0.17276,0.85
3256,2,0.57392,1.0,-0.00088,0.65,0.6968,0.815,0.14008,0.775
3257,3,0.48524,0.915,1.0,0.64,0.71448,0.83,0.1224,0.715
3258,,0.41756,0.865,0.96768,0.615,0.68216,0.78,0.05472,0.64
3259,,0.34988,0.815,0.93536,0.59,0.64984,0.73,-0.01296,0.565
3260,7,0.3322,0.8,0.95304,0.65,0.73852,0.815,1.0,0.575
3261,,0.26452,0.75,0.92072,0.625,0.7062,0.765,0.93232,0.5
3262,,0.19684,0.7,0.8884,0.6,0.67388,0.715,0.86464,0.425
3263,,0.12916,0.65,0.85608,0.575,0.64156,0.665,0.79696,0.35
3264,,0.06148,0.6,0.82376,0.55,0.60924,0.615,0.72928,0.275
3265,,-0.0062,0.55,0.79144,0.525,0.57692,0.565,0.6616,0.2
3266,1,1.0,0.465,0.73812,0.515,0.5946,0.58,0.64392,0.14
3267,,0.93232,0.415,0.7058,0.49,0.56228,0.53,0.57624,0.065
3268,,0.86464,0.365,0.67348,0.465,0.52996,0.48,0.50856,-0.01
3269,8,0.81196,0.315,0.65616,0.49,0.58264,0.53,0.52588,1.0
3270,,0.74428,0.265,0.62384,0.465,0.55032,0.48,0.4582,0.925
3271,,0.6766,0.215,0.59152,0.44,0.518,0.43,0.39052,0.85
3272,,0.60892,0.165,0.5592,0.415,0.48568,0.38,0.32284,0.775
3273,,0.54124,0.115,0.52688,0.39,0.45336,0.33,0.25516,0.7
3274,,0.47356,0.065,0.49456,0.365,0.42104,0.28,0.18748,0.625
3275,,0.40588,0.015,0.46224,0.34,0.38872,0.23,0.1198,0.55
3276,,0.3382,-0.035,0.42992,0.315,0.3564,0.18,0.05212,0.475
3277,2,0.23552,1.0,0.3626,0.29,0.35908,0.18,0.01944,0.4
3278,,0.16784,0.95,0.33028,0.265,0.32676,0.13,-0.04824,0.325
3279,7,0.15016,0.935,0.34796,0.325,0.41544,0.215,1.0,0.335
3280,,0.08248,0.885,0.31564,0.3,0.38312,0.165,0.93232,0.26
3281,,0.0148,0.835,0.28332,0.275,0.3508,0.115,0.86464,0.185
3282,,-0.05288,0.785,0.251,0.25,0.31848,0.065,0.79696,0.11
3283,1,1.0,0.7,0.19768,0.24,0.33616,0.08,0.77928,0.05
3284,,0.93232,0.65,0.16536,0.215,0.30384,0.03,0.7116,-0.025
3285,8,0.87964,0.6,0.14804,0.24,0.35652,0.08,0.72892,1.0
3286,,0.81196,0.55,0.11572,0.215,0.3242,0.03,0.66124,0.925
3287,,0.74428,0.5,0.0834,0.19,0.29188,-0.02,0.59356,0.85
3288,6,0.7416,0.5,0.11608,0.265,0.10956,1.0,0.66088,0.875
3289,,0.67392,0.45,0.08376,0.24,0.07724,0.95,0.5932,0.8
3290,,0.60624,0.4,0.05144,0.215,0.04492,0.9,0.52552,0.725
3291,,0.53856,0.35,0.01912,0.19,0.0126,0.85,0.45784,0.65
3292,,0.47088,0.3,-0.0132,0.165,-0.01972,0.8,0.39016,0.575
3293,5,0.4532,0.285,0.00448,0.225,1.0,0.6,0.44348,0.585
3294,,0.38552,0.235,-0.02784,0.2,0.96768,0.55,0.3758,0.51
3295,3,0.29684,0.15,1.0,0.19,0.98536,0.565,0.35812,0.45
3296,,0.22916,0.1,0.96768,0.165,0.95304,0.515,0.29044,0.375
3297,,0.16148,0.05,0.93536,0.14,0.92072,0.465,0.22276,0.3
3298,,0.0938,0.0,0.90304,0.115,0.8884,0.415,0.15508,0.225
3299,,0.02612,-0.05,0.87072,0.09,0.85608,0.365,0.0874,0.15
3300,2,-0.07656,1.0,0.8034,0.065,0.85876,0.365,0.05472,0.075
3301,1,1.0,0.915,0.75008,0.055,0.87644,0.38,0.03704,0.015
3302,,0.93232,0.865,0.71776,0.03,0.84412,0.33,-0.03064,-0.06
3303,8,0.87964,0.815,0.70044,0.055,0.8968,0.38,-0.01332,1.0
3304,7,0.86196,0.8,0.71812,0.115,0.98548,0.465,1.0,1.0
3305,,0.79428,0.75,0.6858,0.09,0.95316,0.415,0.93232,0.925
3306,,0.7266,0.7,0.65348,0.065,0.92084,0.365,0.86464,0.85
3307,,0.65892,0.65,0.62116,0.04,0.88852,0.315,0.79696,0.775
3308,,0.59124,0.6,0.58884,0.015,0.8562,0.265,0.72928,0.7
3309,,0.52356,0.55,0.55652,-0.01,0.82388,0.215,0.6616,0.625
3310,4,0.47088,0.5,0.5392,1.0,0.87656,0.265,0.67892,0.6
3311,,0.4032,0.45,0.50688,0.975,0.84424,0.215,0.61124,0.525
3312,,0.33552,0.4,0.47456,0.95,0.81192,0.165,0.54356,0.45
3313,,0.26784,0.35,0.44224,0.925,0.7796,0.115,0.47588,0.375
3314,,0.20016,0.3,0.40992,0.9,0.74728,0.065,0.4082,0.3
3315,,0.13248,0.25,0.3776,0.875,0.71496,0.015,0.34052,0.225
3316,,0.0648,0.2,0.34528,0.85,0.68264,-0.035,0.27284,0.15
3317,6,0.06212,0.2,0.37796,0.925,0.50032,1.0,0.34016,0.175
3318,,-0.00556,0.15,0.34564,0.9,0.468,0.95,0.27248,0.1
3319,1,1.0,0.065,0.29232,0.89,0.48568,0.965,0.2548,0.04
3320,,0.93232,0.015,0.26,0.865,0.45336,0.915,0.18712,-0.035
3321,8,0.87964,-0.035,0.24268,0.89,0.50604,0.965,0.20444,1.0
3322,2,0.77696,1.0,0.17536,0.865,0.50872,0.965,0.17176,0.925
3323,,0.70928,0.95,0.14304,0.84,0.4764,0.915,0.10408,0.85
3324,,0.6416,0.9,0.11072,0.815,0.44408,0.865,0.0364,0.775
3325,,0.57392,0.85,0.0784,0.79,0.41176,0.815,-0.03128,0.7
3326,7,0.55624,0.835,0.09608,0.85,0.50044,0.9,1.0,0.71
3327,,0.48856,0.785,0.06376,0.825,0.46812,0.85,0.93232,0.635
3328,,0.42088,0.735,0.03144,0.8,0.4358,0.8,0.86464,0.56
3329,,0.3532,0.685,-0.00088,0.775,0.40348,0.75,0.79696,0.485
3330,3,0.26452,0.6,1.0,0.765,0.42116,0.765,0.77928,0.425
3331,,0.19684,0.55,0.96768,0.74,0.38884,0.715,0.7116,0.35
3332,,0.12916,0.5,0.93536,0.715,0.35652,0.665,0.64392,0.275
3333,,0.06148,0.45,0.90304,0.69,0.3242,0.615,0.57624,0.2
3334,,-0.0062,0.4,0.87072,0.665,0.29188,0.565,0.50856,0.125
3335,1,1.0,0.315,0.8174,0.655,0.30956,0.58,0.49088,0.065
3336,,0.93232,0.265,0.78508,0.63,0.27724,0.53,0.4232,-0.01
3337,8,0.87964,0.215,0.76776,0.655,0.32992,0.58,0.44052,1.0
3338,,0.81196,0.165,0.73544,0.63,0.2976,0.53,0.37284,0.925
3339,,0.74428,0.115,0.70312,0.605,0.26528,0.48,0.30516,0.85
3340,,0.6766,0.065,0.6708,0.58,0.23296,0.43,0.23748,0.775
3341,,0.60892,0.015,0.63848,0.555,0.20064,0.38,0.1698,0.7
3342,,0.54124,-0.035,0.60616,0.53,0.16832,0.33,0.10212,0.625
3343,2,0.43856,1.0,0.53884,0.505,0.171,0.33,0.06944,0.55
3344,,0.37088,0.95,0.50652,0.48,0.13868,0.28,0.00176,0.475
3345,,0.3032,0.9,0.4742,0.455,0.10636,0.23,-0.06592,0.4
3346,7,0.28552,0.885,0.49188,0.515,0.19504,0.315,1.0,0.41
3347,,0.21784,0.835,0.45956,0.49,0.16272,0.265,0.93232,0.335
3348,,0.15016,0.785,0.42724,0.465,0.1304,0.215,0.86464,0.26
3349,,0.08248,0.735,0.39492,0.44,0.09808,0.165,0.79696,0.185
3350,,0.0148,0.685,0.3626,0.415,0.06576,0.115,0.72928,0.11
3351,,-0.05288,0.635,0.33028,0.39,0.03344,0.065,0.6616,0.035
3352,1,1.0,0.55,0.27696,0.38,0.05112,0.08,0.64392,-0.025
3353,8,0.94732,0.5,0.25964,0.405,0.1038,0.13,0.66124,1.0
3354,,0.87964,0.45,0.22732,0.38,0.07148,0.08,0.59356,0.925
3355,,0.81196,0.4,0.195,0.355,0.03916,0.03,0.52588,0.85
3356,,0.74428,0.35,0.16268,0.33,0.00684,-0.02,0.4582,0.775
3357,6,0.7416,0.35,0.19536,0.405,-0.17548,1.0,0.52552,0.8
3358,5,0.72392,0.335,0.21304,0.465,1.0,0.8,0.57884,0.81
3359,,0.65624,0.285,0.18072,0.44,0.96768,0.75,0.51116,0.735
3360,,0.58856,0.235,0.1484,0.415,0.93536,0.7,0.44348,0.66
3361,,0.52088,0.185,0.11608,0.39,0.90304,0.65,0.3758,0.585
3362,,0.4532,0.135,0.08376,0.365,0.87072,0.6,0.30812,0.51
3363,,0.38552,0.085,0.05144,0.34,0.8384,0.55,0.24044,0.435
3364,,0.31784,0.035,0.01912,0.315,0.80608,0.5,0.17276,0.36
3365,,0.25016,-0.015,-0.0132,0.29,0.77376,0.45,0.10508,0.285
3366,2,0.14748,1.0,-0.08052,0.265,0.77644,0.45,0.0724,0.21
3367,3,0.0588,0.915,1.0,0.255,0.79412,0.465,0.05472,0.15
3368,,-0.00888,0.865,0.96768,0.23,0.7618,0.415,-0.01296,0.075
3369,7,-0.02656,0.85,0.98536,0.29,0.85048,0.5,1.0,0.085
3370,1,1.0,0.765,0.93204,0.28,0.86816,0.515,0.98232,0.025
3371,,0.93232,0.715,0.89972,0.255,0.83584,0.465,0.91464,-0.05
3372,8,0.87964,0.665,0.8824,0.28,0.88852,0.515,0.93196,1.0
3373,,0.81196,0.615,0.85008,0.255,0.8562,0.465,0.86428,0.925
3374,,0.74428,0.565,0.81776,0.23,0.82388,0.415,0.7966,0.85
3375,,0.6766,0.515,0.78544,0.205,0.79156,0.365,0.72892,0.775
3376,,0.60892,0.465,0.75312,0.18,0.75924,0.315,0.66124,0.7
3377,,0.54124,0.415,0.7208,0.155,0.72692,0.265,0.59356,0.625
3378,,0.47356,0.365,0.68848,0.13,0.6946,0.215,0.52588,0.55
3379,,0.40588,0.315,0.65616,0.105,0.66228,0.165,0.4582,0.475
3380,,0.3382,0.265,0.62384,0.08,0.62996,0.115,0.39052,0.4
3381,,0.27052,0.215,0.59152,0.055,0.59764,0.065,0.32284,0.325
3382,,0.20284,0.165,0.5592,0.03,0.56532,0.015,0.25516,0.25
3383,,0.13516,0.115,0.52688,0.005,0.533,-0.035,0.18748,0.175
3384,6,0.13248,0.115,0.55956,0.08,0.35068,1.0,0.2548,0.2
3385,,0.0648,0.065,0.52724,0.055,0.31836,0.95,0.18712,0.125
3386,,-0.00288,0.015,0.49492,0.03,0.28604,0.9,0.11944,0.05
3387,1,1.0,-0.07,0.4416,0.02,0.30372,0.915,0.10176,-0.01
3388,2,0.89732,1.0,0.37428,-0.005,0.3064,0.915,0.06908,-0.085
3389,8,0.84464,0.95,0.35696,0.02,0.35908,0.965,0.0864,1.0
3390,,0.77696,0.9,0.32464,-0.005,0.32676,0.915,0.01872,0.925
3391,4,0.72428,0.85,0.30732,1.0,0.37944,0.965,0.03604,0.9
3392,,0.6566,0.8,0.275,0.975,0.34712,0.915,-0.03164,0.825
3393,7,0.63892,0.785,0.29268,1.0,0.4358,1.0,1.0,0.835
3394,,0.57124,0.735,0.26036,0.975,0.40348,0.95,0.93232,0.76
3395,,0.50356,0.685,0.22804,0.95,0.37116,0.9,0.86464,0.685
3396,,0.43588,0.635,0.19572,0.925,0.33884,0.85,0.79696,0.61
3397,,0.3682,0.585,0.1634,0.9,0.30652,0.8,0.72928,0.535
3398,,0.30052,0.535,0.13108,0.875,0.2742,0.75,0.6616,0.46
3399,,0.23284,0.485,0.09876,0.85,0.24188,0.7,0.59392,0.385
3400,,0.16516,0.435,0.06644,0.825,0.20956,0.65,0.52624,0.31
3401,,0.09748,0.385,0.03412,0.8,0.17724,0.6,0.45856,0.235
3402,,0.0298,0.335,0.0018,0.775,0.14492,0.55,0.39088,0.16
3403,,-0.03788,0.285,-0.03052,0.75,0.1126,0.5,0.3232,0.085
3404,1,1.0,0.2,-0.08384,0.74,0.13028,0.515,0.30552,0.025
3405,3,0.91132,0.115,1.0,0.73,0.14796,0.53,0.28784,-0.035
3406,8,0.85864,0.065,0.98268,0.755,0.20064,0.58,0.30516,1.0
3407,,0.79096,0.015,0.95036,0.73,0.16832,0.53,0.23748,0.925
3408,,0.72328,-0.035,0.91804,0.705,0.136,0.48,0.1698,0.85
3409,2,0.6206,1.0,0.85072,0.68,0.13868,0.48,0.13712,0.775
3410,,0.55292,0.95,0.8184,0.655,0.10636,0.43,0.06944,0.7
3411,,0.48524,0.9,0.78608,0.63,0.07404,0.38,0.00176,0.625
3412,,0.41756,0.85,0.75376,0.605,0.04172,0.33,-0.06592,0.55
3413,7,0.39988,0.835,0.77144,0.665,0.1304,0.415,1.0,0.56
3414,,0.3322,0.785,0.73912,0.64,0.09808,0.365,0.93232,0.485
3415,,0.26452,0.735,0.7068,0.615,0.06576,0.315,0.86464,0.41
3416,,0.19684,0.685,0.67448,0.59,0.03344,0.265,0.79696,0.335
3417,,0.12916,0.635,0.64216,0.565,0.00112,0.215,0.72928,0.26
3418,,0.06148,0.585,0.60984,0.54,-0.0312,0.165,0.6616,0.185
3419,5,0.0438,0.57,0.62752,0.6,1.0,-0.035,0.71492,0.195
