step,active_motive,motive_1,motive_2,motive_3,motive_4,motive_5,motive_6,motive_7,motive_8
0,,-0.25092,0.90143,0.46399,0.19732,-0.68796,-0.68801,-0.88383,0.73235
1,7,-0.28592,0.83875,0.40399,0.17,-0.67296,-0.64533,1.0,0.73967
2,5,-0.37092,0.77607,0.39399,0.21268,1.0,-0.60265,0.99,0.67699
3,6,-0.44092,0.69839,0.34899,0.22036,1.0,1.0,1.0,0.64931
4,1,1.0,0.70571,0.33899,0.19304,0.965,0.97268,0.99,0.65663
5,,0.965,0.67803,0.32899,0.20072,0.98,0.98036,0.98,0.62895
6,,0.93,0.65035,0.31899,0.2084,0.995,0.98804,0.97,0.60127
7,,0.895,0.62267,0.30899,0.21608,1.0,0.99572,0.96,0.57359
8,,0.86,0.59499,0.29899,0.22376,1.0,1.0,0.95,0.54591
9,,0.825,0.56731,0.28899,0.23144,1.0,1.0,0.94,0.51823
10,,0.79,0.53963,0.27899,0.23912,1.0,1.0,0.93,0.49055
11,,0.755,0.51195,0.26899,0.2468,1.0,1.0,0.92,0.46287
12,,0.72,0.48427,0.25899,0.25448,1.0,1.0,0.91,0.43519
13,,0.685,0.45659,0.24899,0.26216,1.0,1.0,0.9,0.40751
14,,0.65,0.42891,0.23899,0.26984,1.0,1.0,0.89,0.37983
15,,0.615,0.40123,0.22899,0.27752,1.0,1.0,0.88,0.35215
16,,0.58,0.37355,0.21899,0.2852,1.0,1.0,0.87,0.32447
17,,0.545,0.34587,0.20899,0.29288,1.0,1.0,0.86,0.29679
18,,0.51,0.31819,0.19899,0.30056,1.0,1.0,0.85,0.26911
19,,0.475,0.29051,0.18899,0.30824,1.0,1.0,0.84,0.24143
20,,0.44,0.26283,0.17899,0.31592,1.0,1.0,0.83,0.21375
21,,0.405,0.23515,0.16899,0.3236,1.0,1.0,0.82,0.18607
22,,0.37,0.20747,0.15899,0.33128,1.0,1.0,0.81,0.15839
23,,0.335,0.17979,0.14899,0.33896,1.0,1.0,0.8,0.13071
24,,0.3,0.15211,0.13899,0.34664,1.0,1.0,0.79,0.10303
25,,0.265,0.12443,0.12899,0.35432,1.0,1.0,0.78,0.07535
26,,0.23,0.09675,0.11899,0.362,1.0,1.0,0.77,0.04767
27,,0.195,0.06907,0.10899,0.36968,1.0,1.0,0.76,0.01999
28,,0.16,0.04139,0.09899,0.37736,1.0,1.0,0.75,-0.00769
29,8,0.16,0.01371,0.05399,0.33504,0.98,1.0,0.775,1.0
30,,0.125,-0.01397,0.04399,0.34272,0.995,1.0,0.765,0.97232
31,2,0.125,1.0,0.06899,0.3504,0.975,0.95768,0.72,0.94464
32,,0.09,0.97232,0.05899,0.35808,0.99,0.96536,0.71,0.91696
33,,0.055,0.94464,0.04899,0.36576,1.0,0.97304,0.7,0.88928
34,,0.02,0.91696,0.03899,0.37344,1.0,0.98072,0.69,0.8616
35,,-0.015,0.88928,0.02899,0.38112,1.0,0.9884,0.68,0.83392
36,1,1.0,0.8966,0.01899,0.3538,0.965,0.96108,0.67,0.84124
37,,0.965,0.86892,0.00899,0.36148,0.98,0.96876,0.66,0.81356
38,,0.93,0.84124,-0.00101,0.36916,0.995,0.97644,0.65,0.78588
39,3,0.895,0.84856,1.0,0.41184,1.0,0.94912,0.59,0.7232
40,,0.86,0.82088,0.99,0.41952,1.0,0.9568,0.58,0.69552
41,,0.825,0.7932,0.98,0.4272,1.0,0.96448,0.57,0.66784
42,,0.79,0.76552,0.97,0.43488,1.0,0.97216,0.56,0.64016
43,,0.755,0.73784,0.96,0.44256,1.0,0.97984,0.55,0.61248
44,,0.72,0.71016,0.95,0.45024,1.0,0.98752,0.54,0.5848
45,,0.685,0.68248,0.94,0.45792,1.0,0.9952,0.53,0.55712
46,,0.65,0.6548,0.93,0.4656,1.0,1.0,0.52,0.52944
47,,0.615,0.62712,0.92,0.47328,1.0,1.0,0.51,0.50176
48,,0.58,0.59944,0.91,0.48096,1.0,1.0,0.5,0.47408
49,,0.545,0.57176,0.9,0.48864,1.0,1.0,0.49,0.4464
50,,0.51,0.54408,0.89,0.49632,1.0,1.0,0.48,0.41872
51,,0.475,0.5164,0.88,0.504,1.0,1.0,0.47,0.39104
52,,0.44,0.48872,0.87,0.51168,1.0,1.0,0.46,0.36336
53,,0.405,0.46104,0.86,0.51936,1.0,1.0,0.45,0.33568
54,,0.37,0.43336,0.85,0.52704,1.0,1.0,0.44,0.308
55,,0.335,0.40568,0.84,0.53472,1.0,1.0,0.43,0.28032
56,,0.3,0.378,0.83,0.5424,1.0,1.0,0.42,0.25264
57,,0.265,0.35032,0.82,0.55008,1.0,1.0,0.41,0.22496
58,,0.23,0.32264,0.81,0.55776,1.0,1.0,0.4,0.19728
59,,0.195,0.29496,0.8,0.56544,1.0,1.0,0.39,0.1696
60,,0.16,0.26728,0.79,0.57312,1.0,1.0,0.38,0.14192
61,,0.125,0.2396,0.78,0.5808,1.0,1.0,0.37,0.11424
62,,0.09,0.21192,0.77,0.58848,1.0,1.0,0.36,0.08656
63,,0.055,0.18424,0.76,0.59616,1.0,1.0,0.35,0.05888
64,,0.02,0.15656,0.75,0.60384,1.0,1.0,0.34,0.0312
65,,-0.015,0.12888,0.74,0.61152,1.0,1.0,0.33,0.00352
66,1,1.0,0.1362,0.73,0.5842,0.965,0.97268,0.32,0.01084
67,,0.965,0.10852,0.72,0.59188,0.98,0.98036,0.31,-0.01684
68,8,0.965,0.08084,0.675,0.54956,0.96,0.98804,0.335,1.0
69,,0.93,0.05316,0.665,0.55724,0.975,0.99572,0.325,0.97232
70,,0.895,0.02548,0.655,0.56492,0.99,1.0,0.315,0.94464
71,,0.86,-0.0022,0.645,0.5726,1.0,1.0,0.305,0.91696
72,2,0.86,1.0,0.67,0.58028,0.98,0.95768,0.26,0.88928
73,,0.825,0.97232,0.66,0.58796,0.995,0.96536,0.25,0.8616
74,,0.79,0.94464,0.65,0.59564,1.0,0.97304,0.24,0.83392
75,,0.755,0.91696,0.64,0.60332,1.0,0.98072,0.23,0.80624
76,,0.72,0.88928,0.63,0.611,1.0,0.9884,0.22,0.77856
77,,0.685,0.8616,0.62,0.61868,1.0,0.99608,0.21,0.75088
78,,0.65,0.83392,0.61,0.62636,1.0,1.0,0.2,0.7232
79,,0.615,0.80624,0.6,0.63404,1.0,1.0,0.19,0.69552
80,,0.58,0.77856,0.59,0.64172,1.0,1.0,0.18,0.66784
81,,0.545,0.75088,0.58,0.6494,1.0,1.0,0.17,0.64016
82,,0.51,0.7232,0.57,0.65708,1.0,1.0,0.16,0.61248
83,,0.475,0.69552,0.56,0.66476,1.0,1.0,0.15,0.5848
84,,0.44,0.66784,0.55,0.67244,1.0,1.0,0.14,0.55712
85,,0.405,0.64016,0.54,0.68012,1.0,1.0,0.13,0.52944
86,,0.37,0.61248,0.53,0.6878,1.0,1.0,0.12,0.50176
87,,0.335,0.5848,0.52,0.69548,1.0,1.0,0.11,0.47408
88,,0.3,0.55712,0.51,0.70316,1.0,1.0,0.1,0.4464
89,,0.265,0.52944,0.5,0.71084,1.0,1.0,0.09,0.41872
90,,0.23,0.50176,0.49,0.71852,1.0,1.0,0.08,0.39104
91,,0.195,0.47408,0.48,0.7262,1.0,1.0,0.07,0.36336
92,,0.16,0.4464,0.47,0.73388,1.0,1.0,0.06,0.33568
93,,0.125,0.41872,0.46,0.74156,1.0,1.0,0.05,0.308
94,,0.09,0.39104,0.45,0.74924,1.0,1.0,0.04,0.28032
95,,0.055,0.36336,0.44,0.75692,1.0,1.0,0.03,0.25264
96,,0.02,0.33568,0.43,0.7646,1.0,1.0,0.02,0.22496
97,,-0.015,0.308,0.42,0.77228,1.0,1.0,0.01,0.19728
98,1,1.0,0.31532,0.41,0.74496,0.965,0.97268,-0.0,0.2046
99,,0.965,0.28764,0.4,0.75264,0.98,0.98036,-0.01,0.17692
100,7,0.93,0.22496,0.34,0.72532,0.995,1.0,1.0,0.18424
101,,0.895,0.19728,0.33,0.733,1.0,1.0,0.99,0.15656
102,,0.86,0.1696,0.32,0.74068,1.0,1.0,0.98,0.12888
103,,0.825,0.14192,0.31,0.74836,1.0,1.0,0.97,0.1012
104,,0.79,0.11424,0.3,0.75604,1.0,1.0,0.96,0.07352
105,,0.755,0.08656,0.29,0.76372,1.0,1.0,0.95,0.04584
106,,0.72,0.05888,0.28,0.7714,1.0,1.0,0.94,0.01816
107,,0.685,0.0312,0.27,0.77908,1.0,1.0,0.93,-0.00952
108,8,0.685,0.00352,0.225,0.73676,0.98,1.0,0.955,1.0
109,,0.65,-0.02416,0.215,0.74444,0.995,1.0,0.945,0.97232
110,2,0.65,1.0,0.24,0.75212,0.975,0.95768,0.9,0.94464
111,,0.615,0.97232,0.23,0.7598,0.99,0.96536,0.89,0.91696
112,,0.58,0.94464,0.22,0.76748,1.0,0.97304,0.88,0.88928
113,,0.545,0.91696,0.21,0.77516,1.0,0.98072,0.87,0.8616
114,,0.51,0.88928,0.2,0.78284,1.0,0.9884,0.86,0.83392
115,,0.475,0.8616,0.19,0.79052,1.0,0.99608,0.85,0.80624
116,,0.44,0.83392,0.18,0.7982,1.0,1.0,0.84,0.77856
117,,0.405,0.80624,0.17,0.80588,1.0,1.0,0.83,0.75088
118,,0.37,0.77856,0.16,0.81356,1.0,1.0,0.82,0.7232
119,,0.335,0.75088,0.15,0.82124,1.0,1.0,0.81,0.69552
120,,0.3,0.7232,0.14,0.82892,1.0,1.0,0.8,0.66784
121,,0.265,0.69552,0.13,0.8366,1.0,1.0,0.79,0.64016
122,,0.23,0.66784,0.12,0.84428,1.0,1.0,0.78,0.61248
123,,0.195,0.64016,0.11,0.85196,1.0,1.0,0.77,0.5848
124,,0.16,0.61248,0.1,0.85964,1.0,1.0,0.76,0.55712
125,,0.125,0.5848,0.09,0.86732,1.0,1.0,0.75,0.52944
126,,0.09,0.55712,0.08,0.875,1.0,1.0,0.74,0.50176
127,,0.055,0.52944,0.07,0.88268,1.0,1.0,0.73,0.47408
128,,0.02,0.50176,0.06,0.89036,1.0,1.0,0.72,0.4464
129,,-0.015,0.47408,0.05,0.89804,1.0,1.0,0.71,0.41872
130,1,1.0,0.4814,0.04,0.87072,0.965,0.97268,0.7,0.42604
131,,0.965,0.45372,0.03,0.8784,0.98,0.98036,0.69,0.39836
132,,0.93,0.42604,0.02,0.88608,0.995,0.98804,0.68,0.37068
133,,0.895,0.39836,0.01,0.89376,1.0,0.99572,0.67,0.343
134,,0.86,0.37068,-0.0,0.90144,1.0,1.0,0.66,0.31532
135,,0.825,0.343,-0.01,0.90912,1.0,1.0,0.65,0.28764
136,3,0.79,0.35032,1.0,0.9518,1.0,0.97268,0.59,0.22496
137,,0.755,0.32264,0.99,0.95948,1.0,0.98036,0.58,0.19728
138,,0.72,0.29496,0.98,0.96716,1.0,0.98804,0.57,0.1696
139,,0.685,0.26728,0.97,0.97484,1.0,0.99572,0.56,0.14192
140,,0.65,0.2396,0.96,0.98252,1.0,1.0,0.55,0.11424
141,,0.615,0.21192,0.95,0.9902,1.0,1.0,0.54,0.08656
142,,0.58,0.18424,0.94,0.99788,1.0,1.0,0.53,0.05888
143,,0.545,0.15656,0.93,1.0,1.0,1.0,0.52,0.0312
144,,0.51,0.12888,0.92,1.0,1.0,1.0,0.51,0.00352
145,,0.475,0.1012,0.91,1.0,1.0,1.0,0.5,-0.02416
146,8,0.475,0.07352,0.865,0.95768,0.98,1.0,0.525,1.0
147,,0.44,0.04584,0.855,0.96536,0.995,1.0,0.515,0.97232
148,,0.405,0.01816,0.845,0.97304,1.0,1.0,0.505,0.94464
149,,0.37,-0.00952,0.835,0.98072,1.0,1.0,0.495,0.91696
150,2,0.37,1.0,0.86,0.9884,0.98,0.95768,0.45,0.88928
151,,0.335,0.97232,0.85,0.99608,0.995,0.96536,0.44,0.8616
152,,0.3,0.94464,0.84,1.0,1.0,0.97304,0.43,0.83392
153,,0.265,0.91696,0.83,1.0,1.0,0.98072,0.42,0.80624
154,,0.23,0.88928,0.82,1.0,1.0,0.9884,0.41,0.77856
155,,0.195,0.8616,0.81,1.0,1.0,0.99608,0.4,0.75088
156,,0.16,0.83392,0.8,1.0,1.0,1.0,0.39,0.7232
157,,0.125,0.80624,0.79,1.0,1.0,1.0,0.38,0.69552
158,,0.09,0.77856,0.78,1.0,1.0,1.0,0.37,0.66784
159,,0.055,0.75088,0.77,1.0,1.0,1.0,0.36,0.64016
160,,0.02,0.7232,0.76,1.0,1.0,1.0,0.35,0.61248
161,,-0.015,0.69552,0.75,1.0,1.0,1.0,0.34,0.5848
162,1,1.0,0.70284,0.74,0.97268,0.965,0.97268,0.33,0.59212
163,,0.965,0.67516,0.73,0.98036,0.98,0.98036,0.32,0.56444
164,,0.93,0.64748,0.72,0.98804,0.995,0.98804,0.31,0.53676
165,,0.895,0.6198,0.71,0.99572,1.0,0.99572,0.3,0.50908
166,,0.86,0.59212,0.7,1.0,1.0,1.0,0.29,0.4814
167,,0.825,0.56444,0.69,1.0,1.0,1.0,0.28,0.45372
168,,0.79,0.53676,0.68,1.0,1.0,1.0,0.27,0.42604
169,,0.755,0.50908,0.67,1.0,1.0,1.0,0.26,0.39836
170,,0.72,0.4814,0.66,1.0,1.0,1.0,0.25,0.37068
171,,0.685,0.45372,0.65,1.0,1.0,1.0,0.24,0.343
172,,0.65,0.42604,0.64,1.0,1.0,1.0,0.23,0.31532
173,,0.615,0.39836,0.63,1.0,1.0,1.0,0.22,0.28764
174,,0.58,0.37068,0.62,1.0,1.0,1.0,0.21,0.25996
175,,0.545,0.343,0.61,1.0,1.0,1.0,0.2,0.23228
176,,0.51,0.31532,0.6,1.0,1.0,1.0,0.19,0.2046
177,,0.475,0.28764,0.59,1.0,1.0,1.0,0.18,0.17692
178,,0.44,0.25996,0.58,1.0,1.0,1.0,0.17,0.14924
179,,0.405,0.23228,0.57,1.0,1.0,1.0,0.16,0.12156
180,,0.37,0.2046,0.56,1.0,1.0,1.0,0.15,0.09388
181,,0.335,0.17692,0.55,1.0,1.0,1.0,0.14,0.0662
182,,0.3,0.14924,0.54,1.0,1.0,1.0,0.13,0.03852
183,,0.265,0.12156,0.53,1.0,1.0,1.0,0.12,0.01084
184,,0.23,0.09388,0.52,1.0,1.0,1.0,0.11,-0.01684
185,8,0.23,0.0662,0.475,0.95768,0.98,1.0,0.135,1.0
186,,0.195,0.03852,0.465,0.96536,0.995,1.0,0.125,0.97232
187,,0.16,0.01084,0.455,0.97304,1.0,1.0,0.115,0.94464
188,,0.125,-0.01684,0.445,0.98072,1.0,1.0,0.105,0.91696
189,2,0.125,1.0,0.47,0.9884,0.98,0.95768,0.06,0.88928
190,,0.09,0.97232,0.46,0.99608,0.995,0.96536,0.05,0.8616
191,,0.055,0.94464,0.45,1.0,1.0,0.97304,0.04,0.83392
192,,0.02,0.91696,0.44,1.0,1.0,0.98072,0.03,0.80624
193,,-0.015,0.88928,0.43,1.0,1.0,0.9884,0.02,0.77856
194,1,1.0,0.8966,0.42,0.97268,0.965,0.96108,0.01,0.78588
195,,0.965,0.86892,0.41,0.98036,0.98,0.96876,-0.0,0.7582
196,,0.93,0.84124,0.4,0.98804,0.995,0.97644,-0.01,0.73052
197,7,0.895,0.77856,0.34,0.96072,1.0,1.0,1.0,0.73784
198,,0.86,0.75088,0.33,0.9684,1.0,1.0,0.99,0.71016
199,,0.825,0.7232,0.32,0.97608,1.0,1.0,0.98,0.68248
200,,0.79,0.69552,0.31,0.98376,1.0,1.0,0.97,0.6548
201,,0.755,0.66784,0.3,0.99144,1.0,1.0,0.96,0.62712
202,,0.72,0.64016,0.29,0.99912,1.0,1.0,0.95,0.59944
203,,0.685,0.61248,0.28,1.0,1.0,1.0,0.94,0.57176
204,,0.65,0.5848,0.27,1.0,1.0,1.0,0.93,0.54408
205,,0.615,0.55712,0.26,1.0,1.0,1.0,0.92,0.5164
206,,0.58,0.52944,0.25,1.0,1.0,1.0,0.91,0.48872
207,,0.545,0.50176,0.24,1.0,1.0,1.0,0.9,0.46104
208,,0.51,0.47408,0.23,1.0,1.0,1.0,0.89,0.43336
209,,0.475,0.4464,0.22,1.0,1.0,1.0,0.88,0.40568
210,,0.44,0.41872,0.21,1.0,1.0,1.0,0.87,0.378
211,,0.405,0.39104,0.2,1.0,1.0,1.0,0.86,0.35032
212,,0.37,0.36336,0.19,1.0,1.0,1.0,0.85,0.32264
213,,0.335,0.33568,0.18,1.0,1.0,1.0,0.84,0.29496
214,,0.3,0.308,0.17,1.0,1.0,1.0,0.83,0.26728
215,,0.265,0.28032,0.16,1.0,1.0,1.0,0.82,0.2396
216,,0.23,0.25264,0.15,1.0,1.0,1.0,0.81,0.21192
217,,0.195,0.22496,0.14,1.0,1.0,1.0,0.8,0.18424
218,,0.16,0.19728,0.13,1.0,1.0,1.0,0.79,0.15656
219,,0.125,0.1696,0.12,1.0,1.0,1.0,0.78,0.12888
220,,0.09,0.14192,0.11,1.0,1.0,1.0,0.77,0.1012
221,,0.055,0.11424,0.1,1.0,1.0,1.0,0.76,0.07352
222,,0.02,0.08656,0.09,1.0,1.0,1.0,0.75,0.04584
223,,-0.015,0.05888,0.08,1.0,1.0,1.0,0.74,0.01816
224,1,1.0,0.0662,0.07,0.97268,0.965,0.97268,0.73,0.02548
225,,0.965,0.03852,0.06,0.98036,0.98,0.98036,0.72,-0.0022
226,8,0.965,0.01084,0.015,0.93804,0.96,0.98804,0.745,1.0
227,,0.93,-0.01684,0.005,0.94572,0.975,0.99572,0.735,0.97232
228,2,0.93,1.0,0.03,0.9534,0.955,0.9534,0.69,0.94464
229,,0.895,0.97232,0.02,0.96108,0.97,0.96108,0.68,0.91696
230,,0.86,0.94464,0.01,0.96876,0.985,0.96876,0.67,0.88928
231,,0.825,0.91696,-0.0,0.97644,1.0,0.97644,0.66,0.8616
232,,0.79,0.88928,-0.01,0.98412,1.0,0.98412,0.65,0.83392
233,3,0.755,0.8966,1.0,1.0,1.0,0.9568,0.59,0.77124
234,,0.72,0.86892,0.99,1.0,1.0,0.96448,0.58,0.74356
235,,0.685,0.84124,0.98,1.0,1.0,0.97216,0.57,0.71588
236,,0.65,0.81356,0.97,1.0,1.0,0.97984,0.56,0.6882
237,,0.615,0.78588,0.96,1.0,1.0,0.98752,0.55,0.66052
238,,0.58,0.7582,0.95,1.0,1.0,0.9952,0.54,0.63284
239,,0.545,0.73052,0.94,1.0,1.0,1.0,0.53,0.60516
240,,0.51,0.70284,0.93,1.0,1.0,1.0,0.52,0.57748
241,,0.475,0.67516,0.92,1.0,1.0,1.0,0.51,0.5498
242,,0.44,0.64748,0.91,1.0,1.0,1.0,0.5,0.52212
243,,0.405,0.6198,0.9,1.0,1.0,1.0,0.49,0.49444
244,,0.37,0.59212,0.89,1.0,1.0,1.0,0.48,0.46676
245,,0.335,0.56444,0.88,1.0,1.0,1.0,0.47,0.43908
246,,0.3,0.53676,0.87,1.0,1.0,1.0,0.46,0.4114
247,,0.265,0.50908,0.86,1.0,1.0,1.0,0.45,0.38372
248,,0.23,0.4814,0.85,1.0,1.0,1.0,0.44,0.35604
249,,0.195,0.45372,0.84,1.0,1.0,1.0,0.43,0.32836
250,,0.16,0.42604,0.83,1.0,1.0,1.0,0.42,0.30068
251,,0.125,0.39836,0.82,1.0,1.0,1.0,0.41,0.273
252,,0.09,0.37068,0.81,1.0,1.0,1.0,0.4,0.24532
253,,0.055,0.343,0.8,1.0,1.0,1.0,0.39,0.21764
254,,0.02,0.31532,0.79,1.0,1.0,1.0,0.38,0.18996
255,,-0.015,0.28764,0.78,1.0,1.0,1.0,0.37,0.16228
256,1,1.0,0.29496,0.77,0.97268,0.965,0.97268,0.36,0.1696
257,,0.965,0.26728,0.76,0.98036,0.98,0.98036,0.35,0.14192
258,,0.93,0.2396,0.75,0.98804,0.995,0.98804,0.34,0.11424
259,,0.895,0.21192,0.74,0.99572,1.0,0.99572,0.33,0.08656
260,,0.86,0.18424,0.73,1.0,1.0,1.0,0.32,0.05888
261,,0.825,0.15656,0.72,1.0,1.0,1.0,0.31,0.0312
262,,0.79,0.12888,0.71,1.0,1.0,1.0,0.3,0.00352
263,,0.755,0.1012,0.7,1.0,1.0,1.0,0.29,-0.02416
264,8,0.755,0.07352,0.655,0.95768,0.98,1.0,0.315,1.0
265,,0.72,0.04584,0.645,0.96536,0.995,1.0,0.305,0.97232
266,,0.685,0.01816,0.635,0.97304,1.0,1.0,0.295,0.94464
267,,0.65,-0.00952,0.625,0.98072,1.0,1.0,0.285,0.91696
268,2,0.65,1.0,0.65,0.9884,0.98,0.95768,0.24,0.88928
269,,0.615,0.97232,0.64,0.99608,0.995,0.96536,0.23,0.8616
270,,0.58,0.94464,0.63,1.0,1.0,0.97304,0.22,0.83392
271,,0.545,0.91696,0.62,1.0,1.0,0.98072,0.21,0.80624
272,,0.51,0.88928,0.61,1.0,1.0,0.9884,0.2,0.77856
273,,0.475,0.8616,0.6,1.0,1.0,0.99608,0.19,0.75088
274,,0.44,0.83392,0.59,1.0,1.0,1.0,0.18,0.7232
275,,0.405,0.80624,0.58,1.0,1.0,1.0,0.17,0.69552
276,,0.37,0.77856,0.57,1.0,1.0,1.0,0.16,0.66784
277,,0.335,0.75088,0.56,1.0,1.0,1.0,0.15,0.64016
278,,0.3,0.7232,0.55,1.0,1.0,1.0,0.14,0.61248
279,,0.265,0.69552,0.54,1.0,1.0,1.0,0.13,0.5848
280,,0.23,0.66784,0.53,1.0,1.0,1.0,0.12,0.55712
281,,0.195,0.64016,0.52,1.0,1.0,1.0,0.11,0.52944
282,,0.16,0.61248,0.51,1.0,1.0,1.0,0.1,0.50176
283,,0.125,0.5848,0.5,1.0,1.0,1.0,0.09,0.47408
284,,0.09,0.55712,0.49,1.0,1.0,1.0,0.08,0.4464
285,,0.055,0.52944,0.48,1.0,1.0,1.0,0.07,0.41872
286,,0.02,0.50176,0.47,1.0,1.0,1.0,0.06,0.39104
287,,-0.015,0.47408,0.46,1.0,1.0,1.0,0.05,0.36336
288,1,1.0,0.4814,0.45,0.97268,0.965,0.97268,0.04,0.37068
289,,0.965,0.45372,0.44,0.98036,0.98,0.98036,0.03,0.343
290,,0.93,0.42604,0.43,0.98804,0.995,0.98804,0.02,0.31532
291,,0.895,0.39836,0.42,0.99572,1.0,0.99572,0.01,0.28764
292,,0.86,0.37068,0.41,1.0,1.0,1.0,-0.0,0.25996
293,,0.825,0.343,0.4,1.0,1.0,1.0,-0.01,0.23228
294,7,0.79,0.28032,0.34,0.97268,1.0,1.0,1.0,0.2396
295,,0.755,0.25264,0.33,0.98036,1.0,1.0,0.99,0.21192
296,,0.72,0.22496,0.32,0.98804,1.0,1.0,0.98,0.18424
297,,0.685,0.19728,0.31,0.99572,1.0,1.0,0.97,0.15656
298,,0.65,0.1696,0.3,1.0,1.0,1.0,0.96,0.12888
299,,0.615,0.14192,0.29,1.0,1.0,1.0,0.95,0.1012
300,,0.58,0.11424,0.28,1.0,1.0,1.0,0.94,0.07352
301,,0.545,0.08656,0.27,1.0,1.0,1.0,0.93,0.04584
302,,0.51,0.05888,0.26,1.0,1.0,1.0,0.92,0.01816
303,,0.475,0.0312,0.25,1.0,1.0,1.0,0.91,-0.00952
304,8,0.475,0.00352,0.205,0.95768,0.98,1.0,0.935,1.0
305,,0.44,-0.02416,0.195,0.96536,0.995,1.0,0.925,0.97232
306,2,0.44,1.0,0.22,0.97304,0.975,0.95768,0.88,0.94464
307,,0.405,0.97232,0.21,0.98072,0.99,0.96536,0.87,0.91696
308,,0.37,0.94464,0.2,0.9884,1.0,0.97304,0.86,0.88928
309,,0.335,0.91696,0.19,0.99608,1.0,0.98072,0.85,0.8616
310,,0.3,0.88928,0.18,1.0,1.0,0.9884,0.84,0.83392
311,,0.265,0.8616,0.17,1.0,1.0,0.99608,0.83,0.80624
312,,0.23,0.83392,0.16,1.0,1.0,1.0,0.82,0.77856
313,,0.195,0.80624,0.15,1.0,1.0,1.0,0.81,0.75088
314,,0.16,0.77856,0.14,1.0,1.0,1.0,0.8,0.7232
315,,0.125,0.75088,0.13,1.0,1.0,1.0,0.79,0.69552
316,,0.09,0.7232,0.12,1.0,1.0,1.0,0.78,0.66784
317,,0.055,0.69552,0.11,1.0,1.0,1.0,0.77,0.64016
318,,0.02,0.66784,0.1,1.0,1.0,1.0,0.76,0.61248
319,,-0.015,0.64016,0.09,1.0,1.0,1.0,0.75,0.5848
320,1,1.0,0.64748,0.08,0.97268,0.965,0.97268,0.74,0.59212
321,,0.965,0.6198,0.07,0.98036,0.98,0.98036,0.73,0.56444
322,,0.93,0.59212,0.06,0.98804,0.995,0.98804,0.72,0.53676
323,,0.895,0.56444,0.05,0.99572,1.0,0.99572,0.71,0.50908
324,,0.86,0.53676,0.04,1.0,1.0,1.0,0.7,0.4814
325,,0.825,0.50908,0.03,1.0,1.0,1.0,0.69,0.45372
326,,0.79,0.4814,0.02,1.0,1.0,1.0,0.68,0.42604
327,,0.755,0.45372,0.01,1.0,1.0,1.0,0.67,0.39836
328,,0.72,0.42604,-0.0,1.0,1.0,1.0,0.66,0.37068
329,,0.685,0.39836,-0.01,1.0,1.0,1.0,0.65,0.343
330,3,0.65,0.40568,1.0,1.0,1.0,0.97268,0.59,0.28032
331,,0.615,0.378,0.99,1.0,1.0,0.98036,0.58,0.25264
332,,0.58,0.35032,0.98,1.0,1.0,0.98804,0.57,0.22496
333,,0.545,0.32264,0.97,1.0,1.0,0.99572,0.56,0.19728
334,,0.51,0.29496,0.96,1.0,1.0,1.0,0.55,0.1696
335,,0.475,0.26728,0.95,1.0,1.0,1.0,0.54,0.14192
336,,0.44,0.2396,0.94,1.0,1.0,1.0,0.53,0.11424
337,,0.405,0.21192,0.93,1.0,1.0,1.0,0.52,0.08656
338,,0.37,0.18424,0.92,1.0,1.0,1.0,0.51,0.05888
339,,0.335,0.15656,0.91,1.0,1.0,1.0,0.5,0.0312
340,,0.3,0.12888,0.9,1.0,1.0,1.0,0.49,0.00352
341,,0.265,0.1012,0.89,1.0,1.0,1.0,0.48,-0.02416
342,8,0.265,0.07352,0.845,0.95768,0.98,1.0,0.505,1.0
343,,0.23,0.04584,0.835,0.96536,0.995,1.0,0.495,0.97232
344,,0.195,0.01816,0.825,0.97304,1.0,1.0,0.485,0.94464
345,,0.16,-0.00952,0.815,0.98072,1.0,1.0,0.475,0.91696
346,2,0.16,1.0,0.84,0.9884,0.98,0.95768,0.43,0.88928
347,,0.125,0.97232,0.83,0.99608,0.995,0.96536,0.42,0.8616
348,,0.09,0.94464,0.82,1.0,1.0,0.97304,0.41,0.83392
349,,0.055,0.91696,0.81,1.0,1.0,0.98072,0.4,0.80624
350,,0.02,0.88928,0.8,1.0,1.0,0.9884,0.39,0.77856
351,,-0.015,0.8616,0.79,1.0,1.0,0.99608,0.38,0.75088
352,1,1.0,0.86892,0.78,0.97268,0.965,0.96876,0.37,0.7582
353,,0.965,0.84124,0.77,0.98036,0.98,0.97644,0.36,0.73052
354,,0.93,0.81356,0.76,0.98804,0.995,0.98412,0.35,0.70284
355,,0.895,0.78588,0.75,0.99572,1.0,0.9918,0.34,0.67516
356,,0.86,0.7582,0.74,1.0,1.0,0.99948,0.33,0.64748
357,,0.825,0.73052,0.73,1.0,1.0,1.0,0.32,0.6198
358,,0.79,0.70284,0.72,1.0,1.0,1.0,0.31,0.59212
359,,0.755,0.67516,0.71,1.0,1.0,1.0,0.3,0.56444
360,,0.72,0.64748,0.7,1.0,1.0,1.0,0.29,0.53676
361,,0.685,0.6198,0.69,1.0,1.0,1.0,0.28,0.50908
362,,0.65,0.59212,0.68,1.0,1.0,1.0,0.27,0.4814
363,,0.615,0.56444,0.67,1.0,1.0,1.0,0.26,0.45372
364,,0.58,0.53676,0.66,1.0,1.0,1.0,0.25,0.42604
365,,0.545,0.50908,0.65,1.0,1.0,1.0,0.24,0.39836
366,,0.51,0.4814,0.64,1.0,1.0,1.0,0.23,0.37068
367,,0.475,0.45372,0.63,1.0,1.0,1.0,0.22,0.343
368,,0.44,0.42604,0.62,1.0,1.0,1.0,0.21,0.31532
369,,0.405,0.39836,0.61,1.0,1.0,1.0,0.2,0.28764
370,,0.37,0.37068,0.6,1.0,1.0,1.0,0.19,0.25996
371,,0.335,0.343,0.59,1.0,1.0,1.0,0.18,0.23228
372,,0.3,0.31532,0.58,1.0,1.0,1.0,0.17,0.2046
373,,0.265,0.28764,0.57,1.0,1.0,1.0,0.16,0.17692
374,,0.23,0.25996,0.56,1.0,1.0,1.0,0.15,0.14924
375,,0.195,0.23228,0.55,1.0,1.0,1.0,0.14,0.12156
376,,0.16,0.2046,0.54,1.0,1.0,1.0,0.13,0.09388
377,,0.125,0.17692,0.53,1.0,1.0,1.0,0.12,0.0662
378,,0.09,0.14924,0.52,1.0,1.0,1.0,0.11,0.03852
379,,0.055,0.12156,0.51,1.0,1.0,1.0,0.1,0.01084
380,,0.02,0.09388,0.5,1.0,1.0,1.0,0.09,-0.01684
381,8,0.02,0.0662,0.455,0.95768,0.98,1.0,0.115,1.0
382,,-0.015,0.03852,0.445,0.96536,0.995,1.0,0.105,0.97232
383,1,1.0,0.04584,0.435,0.93804,0.96,0.97268,0.095,0.97964
384,,0.965,0.01816,0.425,0.94572,0.975,0.98036,0.085,0.95196
385,,0.93,-0.00952,0.415,0.9534,0.99,0.98804,0.075,0.92428
386,2,0.93,1.0,0.44,0.96108,0.97,0.94572,0.03,0.8966
387,,0.895,0.97232,0.43,0.96876,0.985,0.9534,0.02,0.86892
388,,0.86,0.94464,0.42,0.97644,1.0,0.96108,0.01,0.84124
389,,0.825,0.91696,0.41,0.98412,1.0,0.96876,-0.0,0.81356
390,,0.79,0.88928,0.4,0.9918,1.0,0.97644,-0.01,0.78588
391,7,0.755,0.8266,0.34,0.96448,1.0,1.0,1.0,0.7932
392,,0.72,0.79892,0.33,0.97216,1.0,1.0,0.99,0.76552
393,,0.685,0.77124,0.32,0.97984,1.0,1.0,0.98,0.73784
394,,0.65,0.74356,0.31,0.98752,1.0,1.0,0.97,0.71016
395,,0.615,0.71588,0.3,0.9952,1.0,1.0,0.96,0.68248
396,,0.58,0.6882,0.29,1.0,1.0,1.0,0.95,0.6548
397,,0.545,0.66052,0.28,1.0,1.0,1.0,0.94,0.62712
398,,0.51,0.63284,0.27,1.0,1.0,1.0,0.93,0.59944
399,,0.475,0.60516,0.26,1.0,1.0,1.0,0.92,0.57176
400,,0.44,0.57748,0.25,1.0,1.0,1.0,0.91,0.54408
401,,0.405,0.5498,0.24,1.0,1.0,1.0,0.9,0.5164
402,,0.37,0.52212,0.23,1.0,1.0,1.0,0.89,0.48872
403,,0.335,0.49444,0.22,1.0,1.0,1.0,0.88,0.46104
404,,0.3,0.46676,0.21,1.0,1.0,1.0,0.87,0.43336
405,,0.265,0.43908,0.2,1.0,1.0,1.0,0.86,0.40568
406,,0.23,0.4114,0.19,1.0,1.0,1.0,0.85,0.378
407,,0.195,0.38372,0.18,1.0,1.0,1.0,0.84,0.35032
408,,0.16,0.35604,0.17,1.0,1.0,1.0,0.83,0.32264
409,,0.125,0.32836,0.16,1.0,1.0,1.0,0.82,0.29496
410,,0.09,0.30068,0.15,1.0,1.0,1.0,0.81,0.26728
411,,0.055,0.273,0.14,1.0,1.0,1.0,0.8,0.2396
412,,0.02,0.24532,0.13,1.0,1.0,1.0,0.79,0.21192
413,,-0.015,0.21764,0.12,1.0,1.0,1.0,0.78,0.18424
414,1,1.0,0.22496,0.11,0.97268,0.965,0.97268,0.77,0.19156
415,,0.965,0.19728,0.1,0.98036,0.98,0.98036,0.76,0.16388
416,,0.93,0.1696,0.09,0.98804,0.995,0.98804,0.75,0.1362
417,,0.895,0.14192,0.08,0.99572,1.0,0.99572,0.74,0.10852
418,,0.86,0.11424,0.07,1.0,1.0,1.0,0.73,0.08084
419,,0.825,0.08656,0.06,1.0,1.0,1.0,0.72,0.05316
420,,0.79,0.05888,0.05,1.0,1.0,1.0,0.71,0.02548
421,,0.755,0.0312,0.04,1.0,1.0,1.0,0.7,-0.0022
422,8,0.755,0.00352,-0.005,0.95768,0.98,1.0,0.725,1.0
423,3,0.72,0.01084,1.0,1.0,0.995,0.97268,0.665,0.93732
424,,0.685,-0.01684,0.99,1.0,1.0,0.98036,0.655,0.90964
425,2,0.685,1.0,1.0,1.0,0.98,0.93804,0.61,0.88196
426,,0.65,0.97232,0.99,1.0,0.995,0.94572,0.6,0.85428
427,,0.615,0.94464,0.98,1.0,1.0,0.9534,0.59,0.8266
428,,0.58,0.91696,0.97,1.0,1.0,0.96108,0.58,0.79892
429,,0.545,0.88928,0.96,1.0,1.0,0.96876,0.57,0.77124
430,,0.51,0.8616,0.95,1.0,1.0,0.97644,0.56,0.74356
431,,0.475,0.83392,0.94,1.0,1.0,0.98412,0.55,0.71588
432,,0.44,0.80624,0.93,1.0,1.0,0.9918,0.54,0.6882
433,,0.405,0.77856,0.92,1.0,1.0,0.99948,0.53,0.66052
434,,0.37,0.75088,0.91,1.0,1.0,1.0,0.52,0.63284
435,,0.335,0.7232,0.9,1.0,1.0,1.0,0.51,0.60516
436,,0.3,0.69552,0.89,1.0,1.0,1.0,0.5,0.57748
437,,0.265,0.66784,0.88,1.0,1.0,1.0,0.49,0.5498
438,,0.23,0.64016,0.87,1.0,1.0,1.0,0.48,0.52212
439,,0.195,0.61248,0.86,1.0,1.0,1.0,0.47,0.49444
440,,0.16,0.5848,0.85,1.0,1.0,1.0,0.46,0.46676
441,,0.125,0.55712,0.84,1.0,1.0,1.0,0.45,0.43908
442,,0.09,0.52944,0.83,1.0,1.0,1.0,0.44,0.4114
443,,0.055,0.50176,0.82,1.0,1.0,1.0,0.43,0.38372
444,,0.02,0.47408,0.81,1.0,1.0,1.0,0.42,0.35604
445,,-0.015,0.4464,0.8,1.0,1.0,1.0,0.41,0.32836
446,1,1.0,0.45372,0.79,0.97268,0.965,0.97268,0.4,0.33568
447,,0.965,0.42604,0.78,0.98036,0.98,0.98036,0.39,0.308
448,,0.93,0.39836,0.77,0.98804,0.995,0.98804,0.38,0.28032
449,,0.895,0.37068,0.76,0.99572,1.0,0.99572,0.37,0.25264
450,,0.86,0.343,0.75,1.0,1.0,1.0,0.36,0.22496
451,,0.825,0.31532,0.74,1.0,1.0,1.0,0.35,0.19728
452,,0.79,0.28764,0.73,1.0,1.0,1.0,0.34,0.1696
453,,0.755,0.25996,0.72,1.0,1.0,1.0,0.33,0.14192
454,,0.72,0.23228,0.71,1.0,1.0,1.0,0.32,0.11424
455,,0.685,0.2046,0.7,1.0,1.0,1.0,0.31,0.08656
456,,0.65,0.17692,0.69,1.0,1.0,1.0,0.3,0.05888
457,,0.615,0.14924,0.68,1.0,1.0,1.0,0.29,0.0312
458,,0.58,0.12156,0.67,1.0,1.0,1.0,0.28,0.00352
459,,0.545,0.09388,0.66,1.0,1.0,1.0,0.27,-0.02416
460,8,0.545,0.0662,0.615,0.95768,0.98,1.0,0.295,1.0
461,,0.51,0.03852,0.605,0.96536,0.995,1.0,0.285,0.97232
462,,0.475,0.01084,0.595,0.97304,1.0,1.0,0.275,0.94464
463,,0.44,-0.01684,0.585,0.98072,1.0,1.0,0.265,0.91696
464,2,0.44,1.0,0.61,0.9884,0.98,0.95768,0.22,0.88928
465,,0.405,0.97232,0.6,0.99608,0.995,0.96536,0.21,0.8616
466,,0.37,0.94464,0.59,1.0,1.0,0.97304,0.2,0.83392
467,,0.335,0.91696,0.58,1.0,1.0,0.98072,0.19,0.80624
468,,0.3,0.88928,0.57,1.0,1.0,0.9884,0.18,0.77856
469,,0.265,0.8616,0.56,1.0,1.0,0.99608,0.17,0.75088
470,,0.23,0.83392,0.55,1.0,1.0,1.0,0.16,0.7232
471,,0.195,0.80624,0.54,1.0,1.0,1.0,0.15,0.69552
472,,0.16,0.77856,0.53,1.0,1.0,1.0,0.14,0.66784
473,,0.125,0.75088,0.52,1.0,1.0,1.0,0.13,0.64016
474,,0.09,0.7232,0.51,1.0,1.0,1.0,0.12,0.61248
475,,0.055,0.69552,0.5,1.0,1.0,1.0,0.11,0.5848
476,,0.02,0.66784,0.49,1.0,1.0,1.0,0.1,0.55712
477,,-0.015,0.64016,0.48,1.0,1.0,1.0,0.09,0.52944
478,1,1.0,0.64748,0.47,0.97268,0.965,0.97268,0.08,0.53676
479,,0.965,0.6198,0.46,0.98036,0.98,0.98036,0.07,0.50908
480,,0.93,0.59212,0.45,0.98804,0.995,0.98804,0.06,0.4814
481,,0.895,0.56444,0.44,0.99572,1.0,0.99572,0.05,0.45372
482,,0.86,0.53676,0.43,1.0,1.0,1.0,0.04,0.42604
483,,0.825,0.50908,0.42,1.0,1.0,1.0,0.03,0.39836
484,,0.79,0.4814,0.41,1.0,1.0,1.0,0.02,0.37068
485,,0.755,0.45372,0.4,1.0,1.0,1.0,0.01,0.343
486,,0.72,0.42604,0.39,1.0,1.0,1.0,-0.0,0.31532
487,,0.685,0.39836,0.38,1.0,1.0,1.0,-0.01,0.28764
488,7,0.65,0.33568,0.32,0.97268,1.0,1.0,1.0,0.29496
489,,0.615,0.308,0.31,0.98036,1.0,1.0,0.99,0.26728
490,,0.58,0.28032,0.3,0.98804,1.0,1.0,0.98,0.2396
491,,0.545,0.25264,0.29,0.99572,1.0,1.0,0.97,0.21192
492,,0.51,0.22496,0.28,1.0,1.0,1.0,0.96,0.18424
493,,0.475,0.19728,0.27,1.0,1.0,1.0,0.95,0.15656
494,,0.44,0.1696,0.26,1.0,1.0,1.0,0.94,0.12888
495,,0.405,0.14192,0.25,1.0,1.0,1.0,0.93,0.1012
496,,0.37,0.11424,0.24,1.0,1.0,1.0,0.92,0.07352
497,,0.335,0.08656,0.23,1.0,1.0,1.0,0.91,0.04584
498,,0.3,0.05888,0.22,1.0,1.0,1.0,0.9,0.01816
499,,0.265,0.0312,0.21,1.0,1.0,1.0,0.89,-0.00952
500,8,0.265,0.00352,0.165,0.95768,0.98,1.0,0.915,1.0
501,,0.23,-0.02416,0.155,0.96536,0.995,1.0,0.905,0.97232
502,2,0.23,1.0,0.18,0.97304,0.975,0.95768,0.86,0.94464
503,,0.195,0.97232,0.17,0.98072,0.99,0.96536,0.85,0.91696
504,,0.16,0.94464,0.16,0.9884,1.0,0.97304,0.84,0.88928
505,,0.125,0.91696,0.15,0.99608,1.0,0.98072,0.83,0.8616
506,,0.09,0.88928,0.14,1.0,1.0,0.9884,0.82,0.83392
507,,0.055,0.8616,0.13,1.0,1.0,0.99608,0.81,0.80624
508,,0.02,0.83392,0.12,1.0,1.0,1.0,0.8,0.77856
509,,-0.015,0.80624,0.11,1.0,1.0,1.0,0.79,0.75088
510,1,1.0,0.81356,0.1,0.97268,0.965,0.97268,0.78,0.7582
511,,0.965,0.78588,0.09,0.98036,0.98,0.98036,0.77,0.73052
512,,0.93,0.7582,0.08,0.98804,0.995,0.98804,0.76,0.70284
513,,0.895,0.73052,0.07,0.99572,1.0,0.99572,0.75,0.67516
514,,0.86,0.70284,0.06,1.0,1.0,1.0,0.74,0.64748
515,,0.825,0.67516,0.05,1.0,1.0,1.0,0.73,0.6198
516,,0.79,0.64748,0.04,1.0,1.0,1.0,0.72,0.59212
517,,0.755,0.6198,0.03,1.0,1.0,1.0,0.71,0.56444
518,,0.72,0.59212,0.02,1.0,1.0,1.0,0.7,0.53676
519,,0.685,0.56444,0.01,1.0,1.0,1.0,0.69,0.50908
520,,0.65,0.53676,-0.0,1.0,1.0,1.0,0.68,0.4814
521,,0.615,0.50908,-0.01,1.0,1.0,1.0,0.67,0.45372
522,3,0.58,0.5164,1.0,1.0,1.0,0.97268,0.61,0.39104
523,,0.545,0.48872,0.99,1.0,1.0,0.98036,0.6,0.36336
524,,0.51,0.46104,0.98,1.0,1.0,0.98804,0.59,0.33568
525,,0.475,0.43336,0.97,1.0,1.0,0.99572,0.58,0.308
526,,0.44,0.40568,0.96,1.0,1.0,1.0,0.57,0.28032
527,,0.405,0.378,0.95,1.0,1.0,1.0,0.56,0.25264
528,,0.37,0.35032,0.94,1.0,1.0,1.0,0.55,0.22496
529,,0.335,0.32264,0.93,1.0,1.0,1.0,0.54,0.19728
530,,0.3,0.29496,0.92,1.0,1.0,1.0,0.53,0.1696
531,,0.265,0.26728,0.91,1.0,1.0,1.0,0.52,0.14192
532,,0.23,0.2396,0.9,1.0,1.0,1.0,0.51,0.11424
533,,0.195,0.21192,0.89,1.0,1.0,1.0,0.5,0.08656
534,,0.16,0.18424,0.88,1.0,1.0,1.0,0.49,0.05888
535,,0.125,0.15656,0.87,1.0,1.0,1.0,0.48,0.0312
536,,0.09,0.12888,0.86,1.0,1.0,1.0,0.47,0.00352
537,,0.055,0.1012,0.85,1.0,1.0,1.0,0.46,-0.02416
538,8,0.055,0.07352,0.805,0.95768,0.98,1.0,0.485,1.0
539,,0.02,0.04584,0.795,0.96536,0.995,1.0,0.475,0.97232
540,,-0.015,0.01816,0.785,0.97304,1.0,1.0,0.465,0.94464
541,1,1.0,0.02548,0.775,0.94572,0.965,0.97268,0.455,0.95196
542,,0.965,-0.0022,0.765,0.9534,0.98,0.98036,0.445,0.92428
543,2,0.965,1.0,0.79,0.96108,0.96,0.93804,0.4,0.8966
544,,0.93,0.97232,0.78,0.96876,0.975,0.94572,0.39,0.86892
545,,0.895,0.94464,0.77,0.97644,0.99,0.9534,0.38,0.84124
546,,0.86,0.91696,0.76,0.98412,1.0,0.96108,0.37,0.81356
547,,0.825,0.88928,0.75,0.9918,1.0,0.96876,0.36,0.78588
548,,0.79,0.8616,0.74,0.99948,1.0,0.97644,0.35,0.7582
549,,0.755,0.83392,0.73,1.0,1.0,0.98412,0.34,0.73052
550,,0.72,0.80624,0.72,1.0,1.0,0.9918,0.33,0.70284
551,,0.685,0.77856,0.71,1.0,1.0,0.99948,0.32,0.67516
552,,0.65,0.75088,0.7,1.0,1.0,1.0,0.31,0.64748
553,,0.615,0.7232,0.69,1.0,1.0,1.0,0.3,0.6198
554,,0.58,0.69552,0.68,1.0,1.0,1.0,0.29,0.59212
555,,0.545,0.66784,0.67,1.0,1.0,1.0,0.28,0.56444
556,,0.51,0.64016,0.66,1.0,1.0,1.0,0.27,0.53676
557,,0.475,0.61248,0.65,1.0,1.0,1.0,0.26,0.50908
558,,0.44,0.5848,0.64,1.0,1.0,1.0,0.25,0.4814
559,,0.405,0.55712,0.63,1.0,1.0,1.0,0.24,0.45372
560,,0.37,0.52944,0.62,1.0,1.0,1.0,0.23,0.42604
561,,0.335,0.50176,0.61,1.0,1.0,1.0,0.22,0.39836
562,,0.3,0.47408,0.6,1.0,1.0,1.0,0.21,0.37068
563,,0.265,0.4464,0.59,1.0,1.0,1.0,0.2,0.343
564,,0.23,0.41872,0.58,1.0,1.0,1.0,0.19,0.31532
565,,0.195,0.39104,0.57,1.0,1.0,1.0,0.18,0.28764
566,,0.16,0.36336,0.56,1.0,1.0,1.0,0.17,0.25996
567,,0.125,0.33568,0.55,1.0,1.0,1.0,0.16,0.23228
568,,0.09,0.308,0.54,1.0,1.0,1.0,0.15,0.2046
569,,0.055,0.28032,0.53,1.0,1.0,1.0,0.14,0.17692
570,,0.02,0.25264,0.52,1.0,1.0,1.0,0.13,0.14924
571,,-0.015,0.22496,0.51,1.0,1.0,1.0,0.12,0.12156
572,1,1.0,0.23228,0.5,0.97268,0.965,0.97268,0.11,0.12888
573,,0.965,0.2046,0.49,0.98036,0.98,0.98036,0.1,0.1012
574,,0.93,0.17692,0.48,0.98804,0.995,0.98804,0.09,0.07352
575,,0.895,0.14924,0.47,0.99572,1.0,0.99572,0.08,0.04584
576,,0.86,0.12156,0.46,1.0,1.0,1.0,0.07,0.01816
577,,0.825,0.09388,0.45,1.0,1.0,1.0,0.06,-0.00952
578,8,0.825,0.0662,0.405,0.95768,0.98,1.0,0.085,1.0
579,,0.79,0.03852,0.395,0.96536,0.995,1.0,0.075,0.97232
580,,0.755,0.01084,0.385,0.97304,1.0,1.0,0.065,0.94464
581,,0.72,-0.01684,0.375,0.98072,1.0,1.0,0.055,0.91696
582,2,0.72,1.0,0.4,0.9884,0.98,0.95768,0.01,0.88928
583,,0.685,0.97232,0.39,0.99608,0.995,0.96536,-0.0,0.8616
584,,0.65,0.94464,0.38,1.0,1.0,0.97304,-0.01,0.83392
585,7,0.615,0.88196,0.32,0.97268,1.0,1.0,1.0,0.84124
586,,0.58,0.85428,0.31,0.98036,1.0,1.0,0.99,0.81356
587,,0.545,0.8266,0.3,0.98804,1.0,1.0,0.98,0.78588
588,,0.51,0.79892,0.29,0.99572,1.0,1.0,0.97,0.7582
589,,0.475,0.77124,0.28,1.0,1.0,1.0,0.96,0.73052
590,,0.44,0.74356,0.27,1.0,1.0,1.0,0.95,0.70284
591,,0.405,0.71588,0.26,1.0,1.0,1.0,0.94,0.67516
592,,0.37,0.6882,0.25,1.0,1.0,1.0,0.93,0.64748
593,,0.335,0.66052,0.24,1.0,1.0,1.0,0.92,0.6198
594,,0.3,0.63284,0.23,1.0,1.0,1.0,0.91,0.59212
595,,0.265,0.60516,0.22,1.0,1.0,1.0,0.9,0.56444
596,,0.23,0.57748,0.21,1.0,1.0,1.0,0.89,0.53676
597,,0.195,0.5498,0.2,1.0,1.0,1.0,0.88,0.50908
598,,0.16,0.52212,0.19,1.0,1.0,1.0,0.87,0.4814
599,,0.125,0.49444,0.18,1.0,1.0,1.0,0.86,0.45372
600,,0.09,0.46676,0.17,1.0,1.0,1.0,0.85,0.42604
601,,0.055,0.43908,0.16,1.0,1.0,1.0,0.84,0.39836
602,,0.02,0.4114,0.15,1.0,1.0,1.0,0.83,0.37068
603,,-0.015,0.38372,0.14,1.0,1.0,1.0,0.82,0.343
604,1,1.0,0.39104,0.13,0.97268,0.965,0.97268,0.81,0.35032
605,,0.965,0.36336,0.12,0.98036,0.98,0.98036,0.8,0.32264
606,,0.93,0.33568,0.11,0.98804,0.995,0.98804,0.79,0.29496
607,,0.895,0.308,0.1,0.99572,1.0,0.99572,0.78,0.26728
608,,0.86,0.28032,0.09,1.0,1.0,1.0,0.77,0.2396
609,,0.825,0.25264,0.08,1.0,1.0,1.0,0.76,0.21192
610,,0.79,0.22496,0.07,1.0,1.0,1.0,0.75,0.18424
611,,0.755,0.19728,0.06,1.0,1.0,1.0,0.74,0.15656
612,,0.72,0.1696,0.05,1.0,1.0,1.0,0.73,0.12888
613,,0.685,0.14192,0.04,1.0,1.0,1.0,0.72,0.1012
614,,0.65,0.11424,0.03,1.0,1.0,1.0,0.71,0.07352
615,,0.615,0.08656,0.02,1.0,1.0,1.0,0.7,0.04584
616,,0.58,0.05888,0.01,1.0,1.0,1.0,0.69,0.01816
617,,0.545,0.0312,-0.0,1.0,1.0,1.0,0.68,-0.00952
618,8,0.545,0.00352,-0.045,0.95768,0.98,1.0,0.705,1.0
619,3,0.51,0.01084,1.0,1.0,0.995,0.97268,0.645,0.93732
620,,0.475,-0.01684,0.99,1.0,1.0,0.98036,0.635,0.90964
621,2,0.475,1.0,1.0,1.0,0.98,0.93804,0.59,0.88196
622,,0.44,0.97232,0.99,1.0,0.995,0.94572,0.58,0.85428
623,,0.405,0.94464,0.98,1.0,1.0,0.9534,0.57,0.8266
624,,0.37,0.91696,0.97,1.0,1.0,0.96108,0.56,0.79892
625,,0.335,0.88928,0.96,1.0,1.0,0.96876,0.55,0.77124
626,,0.3,0.8616,0.95,1.0,1.0,0.97644,0.54,0.74356
627,,0.265,0.83392,0.94,1.0,1.0,0.98412,0.53,0.71588
628,,0.23,0.80624,0.93,1.0,1.0,0.9918,0.52,0.6882
629,,0.195,0.77856,0.92,1.0,1.0,0.99948,0.51,0.66052
630,,0.16,0.75088,0.91,1.0,1.0,1.0,0.5,0.63284
631,,0.125,0.7232,0.9,1.0,1.0,1.0,0.49,0.60516
632,,0.09,0.69552,0.89,1.0,1.0,1.0,0.48,0.57748
633,,0.055,0.66784,0.88,1.0,1.0,1.0,0.47,0.5498
634,,0.02,0.64016,0.87,1.0,1.0,1.0,0.46,0.52212
635,,-0.015,0.61248,0.86,1.0,1.0,1.0,0.45,0.49444
636,1,1.0,0.6198,0.85,0.97268,0.965,0.97268,0.44,0.50176
637,,0.965,0.59212,0.84,0.98036,0.98,0.98036,0.43,0.47408
638,,0.93,0.56444,0.83,0.98804,0.995,0.98804,0.42,0.4464
639,,0.895,0.53676,0.82,0.99572,1.0,0.99572,0.41,0.41872
640,,0.86,0.50908,0.81,1.0,1.0,1.0,0.4,0.39104
641,,0.825,0.4814,0.8,1.0,1.0,1.0,0.39,0.36336
642,,0.79,0.45372,0.79,1.0,1.0,1.0,0.38,0.33568
643,,0.755,0.42604,0.78,1.0,1.0,1.0,0.37,0.308
644,,0.72,0.39836,0.77,1.0,1.0,1.0,0.36,0.28032
645,,0.685,0.37068,0.76,1.0,1.0,1.0,0.35,0.25264
646,,0.65,0.343,0.75,1.0,1.0,1.0,0.34,0.22496
647,,0.615,0.31532,0.74,1.0,1.0,1.0,0.33,0.19728
648,,0.58,0.28764,0.73,1.0,1.0,1.0,0.32,0.1696
649,,0.545,0.25996,0.72,1.0,1.0,1.0,0.31,0.14192
650,,0.51,0.23228,0.71,1.0,1.0,1.0,0.3,0.11424
651,,0.475,0.2046,0.7,1.0,1.0,1.0,0.29,0.08656
652,,0.44,0.17692,0.69,1.0,1.0,1.0,0.28,0.05888
653,,0.405,0.14924,0.68,1.0,1.0,1.0,0.27,0.0312
654,,0.37,0.12156,0.67,1.0,1.0,1.0,0.26,0.00352
655,,0.335,0.09388,0.66,1.0,1.0,1.0,0.25,-0.02416
656,8,0.335,0.0662,0.615,0.95768,0.98,1.0,0.275,1.0
657,,0.3,0.03852,0.605,0.96536,0.995,1.0,0.265,0.97232
658,,0.265,0.01084,0.595,0.97304,1.0,1.0,0.255,0.94464
659,,0.23,-0.01684,0.585,0.98072,1.0,1.0,0.245,0.91696
660,2,0.23,1.0,0.61,0.9884,0.98,0.95768,0.2,0.88928
661,,0.195,0.97232,0.6,0.99608,0.995,0.96536,0.19,0.8616
662,,0.16,0.94464,0.59,1.0,1.0,0.97304,0.18,0.83392
663,,0.125,0.91696,0.58,1.0,1.0,0.98072,0.17,0.80624
664,,0.09,0.88928,0.57,1.0,1.0,0.9884,0.16,0.77856
665,,0.055,0.8616,0.56,1.0,1.0,0.99608,0.15,0.75088
666,,0.02,0.83392,0.55,1.0,1.0,1.0,0.14,0.7232
667,,-0.015,0.80624,0.54,1.0,1.0,1.0,0.13,0.69552
668,1,1.0,0.81356,0.53,0.97268,0.965,0.97268,0.12,0.70284
669,,0.965,0.78588,0.52,0.98036,0.98,0.98036,0.11,0.67516
670,,0.93,0.7582,0.51,0.98804,0.995,0.98804,0.1,0.64748
671,,0.895,0.73052,0.5,0.99572,1.0,0.99572,0.09,0.6198
672,,0.86,0.70284,0.49,1.0,1.0,1.0,0.08,0.59212
673,,0.825,0.67516,0.48,1.0,1.0,1.0,0.07,0.56444
674,,0.79,0.64748,0.47,1.0,1.0,1.0,0.06,0.53676
675,,0.755,0.6198,0.46,1.0,1.0,1.0,0.05,0.50908
676,,0.72,0.59212,0.45,1.0,1.0,1.0,0.04,0.4814
677,,0.685,0.56444,0.44,1.0,1.0,1.0,0.03,0.45372
678,,0.65,0.53676,0.43,1.0,1.0,1.0,0.02,0.42604
679,,0.615,0.50908,0.42,1.0,1.0,1.0,0.01,0.39836
680,,0.58,0.4814,0.41,1.0,1.0,1.0,-0.0,0.37068
681,,0.545,0.45372,0.4,1.0,1.0,1.0,-0.01,0.343
682,7,0.51,0.39104,0.34,0.97268,1.0,1.0,1.0,0.35032
683,,0.475,0.36336,0.33,0.98036,1.0,1.0,0.99,0.32264
684,,0.44,0.33568,0.32,0.98804,1.0,1.0,0.98,0.29496
685,,0.405,0.308,0.31,0.99572,1.0,1.0,0.97,0.26728
686,,0.37,0.28032,0.3,1.0,1.0,1.0,0.96,0.2396
687,,0.335,0.25264,0.29,1.0,1.0,1.0,0.95,0.21192
688,,0.3,0.22496,0.28,1.0,1.0,1.0,0.94,0.18424
689,,0.265,0.19728,0.27,1.0,1.0,1.0,0.93,0.15656
690,,0.23,0.1696,0.26,1.0,1.0,1.0,0.92,0.12888
691,,0.195,0.14192,0.25,1.0,1.0,1.0,0.91,0.1012
692,,0.16,0.11424,0.24,1.0,1.0,1.0,0.9,0.07352
693,,0.125,0.08656,0.23,1.0,1.0,1.0,0.89,0.04584
694,,0.09,0.05888,0.22,1.0,1.0,1.0,0.88,0.01816
695,,0.055,0.0312,0.21,1.0,1.0,1.0,0.87,-0.00952
696,8,0.055,0.00352,0.165,0.95768,0.98,1.0,0.895,1.0
697,,0.02,-0.02416,0.155,0.96536,0.995,1.0,0.885,0.97232
698,2,0.02,1.0,0.18,0.97304,0.975,0.95768,0.84,0.94464
699,,-0.015,0.97232,0.17,0.98072,0.99,0.96536,0.83,0.91696
700,1,1.0,0.97964,0.16,0.9534,0.955,0.93804,0.82,0.92428
701,,0.965,0.95196,0.15,0.96108,0.97,0.94572,0.81,0.8966
702,,0.93,0.92428,0.14,0.96876,0.985,0.9534,0.8,0.86892
703,,0.895,0.8966,0.13,0.97644,1.0,0.96108,0.79,0.84124
704,,0.86,0.86892,0.12,0.98412,1.0,0.96876,0.78,0.81356
705,,0.825,0.84124,0.11,0.9918,1.0,0.97644,0.77,0.78588
706,,0.79,0.81356,0.1,0.99948,1.0,0.98412,0.76,0.7582
707,,0.755,0.78588,0.09,1.0,1.0,0.9918,0.75,0.73052
708,,0.72,0.7582,0.08,1.0,1.0,0.99948,0.74,0.70284
709,,0.685,0.73052,0.07,1.0,1.0,1.0,0.73,0.67516
710,,0.65,0.70284,0.06,1.0,1.0,1.0,0.72,0.64748
711,,0.615,0.67516,0.05,1.0,1.0,1.0,0.71,0.6198
712,,0.58,0.64748,0.04,1.0,1.0,1.0,0.7,0.59212
713,,0.545,0.6198,0.03,1.0,1.0,1.0,0.69,0.56444
714,,0.51,0.59212,0.02,1.0,1.0,1.0,0.68,0.53676
715,,0.475,0.56444,0.01,1.0,1.0,1.0,0.67,0.50908
716,,0.44,0.53676,-0.0,1.0,1.0,1.0,0.66,0.4814
717,,0.405,0.50908,-0.01,1.0,1.0,1.0,0.65,0.45372
718,3,0.37,0.5164,1.0,1.0,1.0,0.97268,0.59,0.39104
719,,0.335,0.48872,0.99,1.0,1.0,0.98036,0.58,0.36336
720,,0.3,0.46104,0.98,1.0,1.0,0.98804,0.57,0.33568
721,,0.265,0.43336,0.97,1.0,1.0,0.99572,0.56,0.308
722,,0.23,0.40568,0.96,1.0,1.0,1.0,0.55,0.28032
723,,0.195,0.378,0.95,1.0,1.0,1.0,0.54,0.25264
724,,0.16,0.35032,0.94,1.0,1.0,1.0,0.53,0.22496
725,,0.125,0.32264,0.93,1.0,1.0,1.0,0.52,0.19728
726,,0.09,0.29496,0.92,1.0,1.0,1.0,0.51,0.1696
727,,0.055,0.26728,0.91,1.0,1.0,1.0,0.5,0.14192
728,,0.02,0.2396,0.9,1.0,1.0,1.0,0.49,0.11424
729,,-0.015,0.21192,0.89,1.0,1.0,1.0,0.48,0.08656
730,1,1.0,0.21924,0.88,0.97268,0.965,0.97268,0.47,0.09388
731,,0.965,0.19156,0.87,0.98036,0.98,0.98036,0.46,0.0662
732,,0.93,0.16388,0.86,0.98804,0.995,0.98804,0.45,0.03852
733,,0.895,0.1362,0.85,0.99572,1.0,0.99572,0.44,0.01084
734,,0.86,0.10852,0.84,1.0,1.0,1.0,0.43,-0.01684
735,8,0.86,0.08084,0.795,0.95768,0.98,1.0,0.455,1.0
736,,0.825,0.05316,0.785,0.96536,0.995,1.0,0.445,0.97232
737,,0.79,0.02548,0.775,0.97304,1.0,1.0,0.435,0.94464
738,,0.755,-0.0022,0.765,0.98072,1.0,1.0,0.425,0.91696
739,2,0.755,1.0,0.79,0.9884,0.98,0.95768,0.38,0.88928
740,,0.72,0.97232,0.78,0.99608,0.995,0.96536,0.37,0.8616
741,,0.685,0.94464,0.77,1.0,1.0,0.97304,0.36,0.83392
742,,0.65,0.91696,0.76,1.0,1.0,0.98072,0.35,0.80624
743,,0.615,0.88928,0.75,1.0,1.0,0.9884,0.34,0.77856
744,,0.58,0.8616,0.74,1.0,1.0,0.99608,0.33,0.75088
745,,0.545,0.83392,0.73,1.0,1.0,1.0,0.32,0.7232
746,,0.51,0.80624,0.72,1.0,1.0,1.0,0.31,0.69552
747,,0.475,0.77856,0.71,1.0,1.0,1.0,0.3,0.66784
748,,0.44,0.75088,0.7,1.0,1.0,1.0,0.29,0.64016
749,,0.405,0.7232,0.69,1.0,1.0,1.0,0.28,0.61248
750,,0.37,0.69552,0.68,1.0,1.0,1.0,0.27,0.5848
751,,0.335,0.66784,0.67,1.0,1.0,1.0,0.26,0.55712
752,,0.3,0.64016,0.66,1.0,1.0,1.0,0.25,0.52944
753,,0.265,0.61248,0.65,1.0,1.0,1.0,0.24,0.50176
754,,0.23,0.5848,0.64,1.0,1.0,1.0,0.23,0.47408
755,,0.195,0.55712,0.63,1.0,1.0,1.0,0.22,0.4464
756,,0.16,0.52944,0.62,1.0,1.0,1.0,0.21,0.41872
757,,0.125,0.50176,0.61,1.0,1.0,1.0,0.2,0.39104
758,,0.09,0.47408,0.6,1.0,1.0,1.0,0.19,0.36336
759,,0.055,0.4464,0.59,1.0,1.0,1.0,0.18,0.33568
760,,0.02,0.41872,0.58,1.0,1.0,1.0,0.17,0.308
761,,-0.015,0.39104,0.57,1.0,1.0,1.0,0.16,0.28032
762,1,1.0,0.39836,0.56,0.97268,0.965,0.97268,0.15,0.28764
763,,0.965,0.37068,0.55,0.98036,0.98,0.98036,0.14,0.25996
764,,0.93,0.343,0.54,0.98804,0.995,0.98804,0.13,0.23228
765,,0.895,0.31532,0.53,0.99572,1.0,0.99572,0.12,0.2046
766,,0.86,0.28764,0.52,1.0,1.0,1.0,0.11,0.17692
767,,0.825,0.25996,0.51,1.0,1.0,1.0,0.1,0.14924
768,,0.79,0.23228,0.5,1.0,1.0,1.0,0.09,0.12156
769,,0.755,0.2046,0.49,1.0,1.0,1.0,0.08,0.09388
770,,0.72,0.17692,0.48,1.0,1.0,1.0,0.07,0.0662
771,,0.685,0.14924,0.47,1.0,1.0,1.0,0.06,0.03852
772,,0.65,0.12156,0.46,1.0,1.0,1.0,0.05,0.01084
773,,0.615,0.09388,0.45,1.0,1.0,1.0,0.04,-0.01684
774,8,0.615,0.0662,0.405,0.95768,0.98,1.0,0.065,1.0
775,,0.58,0.03852,0.395,0.96536,0.995,1.0,0.055,0.97232
776,,0.545,0.01084,0.385,0.97304,1.0,1.0,0.045,0.94464
777,,0.51,-0.01684,0.375,0.98072,1.0,1.0,0.035,0.91696
778,2,0.51,1.0,0.4,0.9884,0.98,0.95768,-0.01,0.88928
779,7,0.475,0.93732,0.34,0.96108,0.995,1.0,1.0,0.8966
780,,0.44,0.90964,0.33,0.96876,1.0,1.0,0.99,0.86892
781,,0.405,0.88196,0.32,0.97644,1.0,1.0,0.98,0.84124
782,,0.37,0.85428,0.31,0.98412,1.0,1.0,0.97,0.81356
783,,0.335,0.8266,0.3,0.9918,1.0,1.0,0.96,0.78588
784,,0.3,0.79892,0.29,0.99948,1.0,1.0,0.95,0.7582
785,,0.265,0.77124,0.28,1.0,1.0,1.0,0.94,0.73052
786,,0.23,0.74356,0.27,1.0,1.0,1.0,0.93,0.70284
787,,0.195,0.71588,0.26,1.0,1.0,1.0,0.92,0.67516
788,,0.16,0.6882,0.25,1.0,1.0,1.0,0.91,0.64748
789,,0.125,0.66052,0.24,1.0,1.0,1.0,0.9,0.6198
790,,0.09,0.63284,0.23,1.0,1.0,1.0,0.89,0.59212
791,,0.055,0.60516,0.22,1.0,1.0,1.0,0.88,0.56444
792,,0.02,0.57748,0.21,1.0,1.0,1.0,0.87,0.53676
793,,-0.015,0.5498,0.2,1.0,1.0,1.0,0.86,0.50908
794,1,1.0,0.55712,0.19,0.97268,0.965,0.97268,0.85,0.5164
795,,0.965,0.52944,0.18,0.98036,0.98,0.98036,0.84,0.48872
796,,0.93,0.50176,0.17,0.98804,0.995,0.98804,0.83,0.46104
797,,0.895,0.47408,0.16,0.99572,1.0,0.99572,0.82,0.43336
798,,0.86,0.4464,0.15,1.0,1.0,1.0,0.81,0.40568
799,,0.825,0.41872,0.14,1.0,1.0,1.0,0.8,0.378
800,,0.79,0.39104,0.13,1.0,1.0,1.0,0.79,0.35032
801,,0.755,0.36336,0.12,1.0,1.0,1.0,0.78,0.32264
802,,0.72,0.33568,0.11,1.0,1.0,1.0,0.77,0.29496
803,,0.685,0.308,0.1,1.0,1.0,1.0,0.76,0.26728
804,,0.65,0.28032,0.09,1.0,1.0,1.0,0.75,0.2396
805,,0.615,0.25264,0.08,1.0,1.0,1.0,0.74,0.21192
806,,0.58,0.22496,0.07,1.0,1.0,1.0,0.73,0.18424
807,,0.545,0.19728,0.06,1.0,1.0,1.0,0.72,0.15656
808,,0.51,0.1696,0.05,1.0,1.0,1.0,0.71,0.12888
809,,0.475,0.14192,0.04,1.0,1.0,1.0,0.7,0.1012
810,,0.44,0.11424,0.03,1.0,1.0,1.0,0.69,0.07352
811,,0.405,0.08656,0.02,1.0,1.0,1.0,0.68,0.04584
812,,0.37,0.05888,0.01,1.0,1.0,1.0,0.67,0.01816
813,,0.335,0.0312,-0.0,1.0,1.0,1.0,0.66,-0.00952
814,8,0.335,0.00352,-0.045,0.95768,0.98,1.0,0.685,1.0
815,3,0.3,0.01084,1.0,1.0,0.995,0.97268,0.625,0.93732
816,,0.265,-0.01684,0.99,1.0,1.0,0.98036,0.615,0.90964
817,2,0.265,1.0,1.0,1.0,0.98,0.93804,0.57,0.88196
818,,0.23,0.97232,0.99,1.0,0.995,0.94572,0.56,0.85428
819,,0.195,0.94464,0.98,1.0,1.0,0.9534,0.55,0.8266
820,,0.16,0.91696,0.97,1.0,1.0,0.96108,0.54,0.79892
821,,0.125,0.88928,0.96,1.0,1.0,0.96876,0.53,0.77124
822,,0.09,0.8616,0.95,1.0,1.0,0.97644,0.52,0.74356
823,,0.055,0.83392,0.94,1.0,1.0,0.98412,0.51,0.71588
824,,0.02,0.80624,0.93,1.0,1.0,0.9918,0.5,0.6882
825,,-0.015,0.77856,0.92,1.0,1.0,0.99948,0.49,0.66052
826,1,1.0,0.78588,0.91,0.97268,0.965,0.97216,0.48,0.66784
827,,0.965,0.7582,0.9,0.98036,0.98,0.97984,0.47,0.64016
828,,0.93,0.73052,0.89,0.98804,0.995,0.98752,0.46,0.61248
829,,0.895,0.70284,0.88,0.99572,1.0,0.9952,0.45,0.5848
830,,0.86,0.67516,0.87,1.0,1.0,1.0,0.44,0.55712
831,,0.825,0.64748,0.86,1.0,1.0,1.0,0.43,0.52944
832,,0.79,0.6198,0.85,1.0,1.0,1.0,0.42,0.50176
833,,0.755,0.59212,0.84,1.0,1.0,1.0,0.41,0.47408
834,,0.72,0.56444,0.83,1.0,1.0,1.0,0.4,0.4464
835,,0.685,0.53676,0.82,1.0,1.0,1.0,0.39,0.41872
836,,0.65,0.50908,0.81,1.0,1.0,1.0,0.38,0.39104
837,,0.615,0.4814,0.8,1.0,1.0,1.0,0.37,0.36336
838,,0.58,0.45372,0.79,1.0,1.0,1.0,0.36,0.33568
839,,0.545,0.42604,0.78,1.0,1.0,1.0,0.35,0.308
840,,0.51,0.39836,0.77,1.0,1.0,1.0,0.34,0.28032
841,,0.475,0.37068,0.76,1.0,1.0,1.0,0.33,0.25264
842,,0.44,0.343,0.75,1.0,1.0,1.0,0.32,0.22496
843,,0.405,0.31532,0.74,1.0,1.0,1.0,0.31,0.19728
844,,0.37,0.28764,0.73,1.0,1.0,1.0,0.3,0.1696
845,,0.335,0.25996,0.72,1.0,1.0,1.0,0.29,0.14192
846,,0.3,0.23228,0.71,1.0,1.0,1.0,0.28,0.11424
847,,0.265,0.2046,0.7,1.0,1.0,1.0,0.27,0.08656
848,,0.23,0.17692,0.69,1.0,1.0,1.0,0.26,0.05888
849,,0.195,0.14924,0.68,1.0,1.0,1.0,0.25,0.0312
850,,0.16,0.12156,0.67,1.0,1.0,1.0,0.24,0.00352
851,,0.125,0.09388,0.66,1.0,1.0,1.0,0.23,-0.02416
852,8,0.125,0.0662,0.615,0.95768,0.98,1.0,0.255,1.0
853,,0.09,0.03852,0.605,0.96536,0.995,1.0,0.245,0.97232
854,,0.055,0.01084,0.595,0.97304,1.0,1.0,0.235,0.94464
855,,0.02,-0.01684,0.585,0.98072,1.0,1.0,0.225,0.91696
856,2,0.02,1.0,0.61,0.9884,0.98,0.95768,0.18,0.88928
857,,-0.015,0.97232,0.6,0.99608,0.995,0.96536,0.17,0.8616
858,1,1.0,0.97964,0.59,0.96876,0.96,0.93804,0.16,0.86892
859,,0.965,0.95196,0.58,0.97644,0.975,0.94572,0.15,0.84124
860,,0.93,0.92428,0.57,0.98412,0.99,0.9534,0.14,0.81356
861,,0.895,0.8966,0.56,0.9918,1.0,0.96108,0.13,0.78588
862,,0.86,0.86892,0.55,0.99948,1.0,0.96876,0.12,0.7582
863,,0.825,0.84124,0.54,1.0,1.0,0.97644,0.11,0.73052
864,,0.79,0.81356,0.53,1.0,1.0,0.98412,0.1,0.70284
865,,0.755,0.78588,0.52,1.0,1.0,0.9918,0.09,0.67516
866,,0.72,0.7582,0.51,1.0,1.0,0.99948,0.08,0.64748
867,,0.685,0.73052,0.5,1.0,1.0,1.0,0.07,0.6198
868,,0.65,0.70284,0.49,1.0,1.0,1.0,0.06,0.59212
869,,0.615,0.67516,0.48,1.0,1.0,1.0,0.05,0.56444
870,,0.58,0.64748,0.47,1.0,1.0,1.0,0.04,0.53676
871,,0.545,0.6198,0.46,1.0,1.0,1.0,0.03,0.50908
872,,0.51,0.59212,0.45,1.0,1.0,1.0,0.02,0.4814
873,,0.475,0.56444,0.44,1.0,1.0,1.0,0.01,0.45372
874,,0.44,0.53676,0.43,1.0,1.0,1.0,-0.0,0.42604
875,,0.405,0.50908,0.42,1.0,1.0,1.0,-0.01,0.39836
876,7,0.37,0.4464,0.36,0.97268,1.0,1.0,1.0,0.40568
877,,0.335,0.41872,0.35,0.98036,1.0,1.0,0.99,0.378
878,,0.3,0.39104,0.34,0.98804,1.0,1.0,0.98,0.35032
879,,0.265,0.36336,0.33,0.99572,1.0,1.0,0.97,0.32264
880,,0.23,0.33568,0.32,1.0,1.0,1.0,0.96,0.29496
881,,0.195,0.308,0.31,1.0,1.0,1.0,0.95,0.26728
882,,0.16,0.28032,0.3,1.0,1.0,1.0,0.94,0.2396
883,,0.125,0.25264,0.29,1.0,1.0,1.0,0.93,0.21192
884,,0.09,0.22496,0.28,1.0,1.0,1.0,0.92,0.18424
885,,0.055,0.19728,0.27,1.0,1.0,1.0,0.91,0.15656
886,,0.02,0.1696,0.26,1.0,1.0,1.0,0.9,0.12888
887,,-0.015,0.14192,0.25,1.0,1.0,1.0,0.89,0.1012
888,1,1.0,0.14924,0.24,0.97268,0.965,0.97268,0.88,0.10852
889,,0.965,0.12156,0.23,0.98036,0.98,0.98036,0.87,0.08084
890,,0.93,0.09388,0.22,0.98804,0.995,0.98804,0.86,0.05316
891,,0.895,0.0662,0.21,0.99572,1.0,0.99572,0.85,0.02548
892,,0.86,0.03852,0.2,1.0,1.0,1.0,0.84,-0.0022
893,8,0.86,0.01084,0.155,0.95768,0.98,1.0,0.865,1.0
894,,0.825,-0.01684,0.145,0.96536,0.995,1.0,0.855,0.97232
895,2,0.825,1.0,0.17,0.97304,0.975,0.95768,0.81,0.94464
896,,0.79,0.97232,0.16,0.98072,0.99,0.96536,0.8,0.91696
897,,0.755,0.94464,0.15,0.9884,1.0,0.97304,0.79,0.88928
898,,0.72,0.91696,0.14,0.99608,1.0,0.98072,0.78,0.8616
899,,0.685,0.88928,0.13,1.0,1.0,0.9884,0.77,0.83392
900,,0.65,0.8616,0.12,1.0,1.0,0.99608,0.76,0.80624
901,,0.615,0.83392,0.11,1.0,1.0,1.0,0.75,0.77856
902,,0.58,0.80624,0.1,1.0,1.0,1.0,0.74,0.75088
903,,0.545,0.77856,0.09,1.0,1.0,1.0,0.73,0.7232
904,,0.51,0.75088,0.08,1.0,1.0,1.0,0.72,0.69552
905,,0.475,0.7232,0.07,1.0,1.0,1.0,0.71,0.66784
906,,0.44,0.69552,0.06,1.0,1.0,1.0,0.7,0.64016
907,,0.405,0.66784,0.05,1.0,1.0,1.0,0.69,0.61248
908,,0.37,0.64016,0.04,1.0,1.0,1.0,0.68,0.5848
909,,0.335,0.61248,0.03,1.0,1.0,1.0,0.67,0.55712
910,,0.3,0.5848,0.02,1.0,1.0,1.0,0.66,0.52944
911,,0.265,0.55712,0.01,1.0,1.0,1.0,0.65,0.50176
912,,0.23,0.52944,-0.0,1.0,1.0,1.0,0.64,0.47408
913,,0.195,0.50176,-0.01,1.0,1.0,1.0,0.63,0.4464
914,3,0.16,0.50908,1.0,1.0,1.0,0.97268,0.57,0.38372
915,,0.125,0.4814,0.99,1.0,1.0,0.98036,0.56,0.35604
916,,0.09,0.45372,0.98,1.0,1.0,0.98804,0.55,0.32836
917,,0.055,0.42604,0.97,1.0,1.0,0.99572,0.54,0.30068
918,,0.02,0.39836,0.96,1.0,1.0,1.0,0.53,0.273
919,,-0.015,0.37068,0.95,1.0,1.0,1.0,0.52,0.24532
920,1,1.0,0.378,0.94,0.97268,0.965,0.97268,0.51,0.25264
921,,0.965,0.35032,0.93,0.98036,0.98,0.98036,0.5,0.22496
922,,0.93,0.32264,0.92,0.98804,0.995,0.98804,0.49,0.19728
923,,0.895,0.29496,0.91,0.99572,1.0,0.99572,0.48,0.1696
924,,0.86,0.26728,0.9,1.0,1.0,1.0,0.47,0.14192
925,,0.825,0.2396,0.89,1.0,1.0,1.0,0.46,0.11424
926,,0.79,0.21192,0.88,1.0,1.0,1.0,0.45,0.08656
927,,0.755,0.18424,0.87,1.0,1.0,1.0,0.44,0.05888
928,,0.72,0.15656,0.86,1.0,1.0,1.0,0.43,0.0312
929,,0.685,0.12888,0.85,1.0,1.0,1.0,0.42,0.00352
930,,0.65,0.1012,0.84,1.0,1.0,1.0,0.41,-0.02416
931,8,0.65,0.07352,0.795,0.95768,0.98,1.0,0.435,1.0
932,,0.615,0.04584,0.785,0.96536,0.995,1.0,0.425,0.97232
933,,0.58,0.01816,0.775,0.97304,1.0,1.0,0.415,0.94464
934,,0.545,-0.00952,0.765,0.98072,1.0,1.0,0.405,0.91696
935,2,0.545,1.0,0.79,0.9884,0.98,0.95768,0.36,0.88928
936,,0.51,0.97232,0.78,0.99608,0.995,0.96536,0.35,0.8616
937,,0.475,0.94464,0.77,1.0,1.0,0.97304,0.34,0.83392
938,,0.44,0.91696,0.76,1.0,1.0,0.98072,0.33,0.80624
939,,0.405,0.88928,0.75,1.0,1.0,0.9884,0.32,0.77856
940,,0.37,0.8616,0.74,1.0,1.0,0.99608,0.31,0.75088
941,,0.335,0.83392,0.73,1.0,1.0,1.0,0.3,0.7232
942,,0.3,0.80624,0.72,1.0,1.0,1.0,0.29,0.69552
943,,0.265,0.77856,0.71,1.0,1.0,1.0,0.28,0.66784
944,,0.23,0.75088,0.7,1.0,1.0,1.0,0.27,0.64016
945,,0.195,0.7232,0.69,1.0,1.0,1.0,0.26,0.61248
946,,0.16,0.69552,0.68,1.0,1.0,1.0,0.25,0.5848
947,,0.125,0.66784,0.67,1.0,1.0,1.0,0.24,0.55712
948,,0.09,0.64016,0.66,1.0,1.0,1.0,0.23,0.52944
949,,0.055,0.61248,0.65,1.0,1.0,1.0,0.22,0.50176
950,,0.02,0.5848,0.64,1.0,1.0,1.0,0.21,0.47408
951,,-0.015,0.55712,0.63,1.0,1.0,1.0,0.2,0.4464
952,1,1.0,0.56444,0.62,0.97268,0.965,0.97268,0.19,0.45372
953,,0.965,0.53676,0.61,0.98036,0.98,0.98036,0.18,0.42604
954,,0.93,0.50908,0.6,0.98804,0.995,0.98804,0.17,0.39836
955,,0.895,0.4814,0.59,0.99572,1.0,0.99572,0.16,0.37068
956,,0.86,0.45372,0.58,1.0,1.0,1.0,0.15,0.343
957,,0.825,0.42604,0.57,1.0,1.0,1.0,0.14,0.31532
958,,0.79,0.39836,0.56,1.0,1.0,1.0,0.13,0.28764
959,,0.755,0.37068,0.55,1.0,1.0,1.0,0.12,0.25996
960,,0.72,0.343,0.54,1.0,1.0,1.0,0.11,0.23228
961,,0.685,0.31532,0.53,1.0,1.0,1.0,0.1,0.2046
962,,0.65,0.28764,0.52,1.0,1.0,1.0,0.09,0.17692
963,,0.615,0.25996,0.51,1.0,1.0,1.0,0.08,0.14924
964,,0.58,0.23228,0.5,1.0,1.0,1.0,0.07,0.12156
965,,0.545,0.2046,0.49,1.0,1.0,1.0,0.06,0.09388
966,,0.51,0.17692,0.48,1.0,1.0,1.0,0.05,0.0662
967,,0.475,0.14924,0.47,1.0,1.0,1.0,0.04,0.03852
968,,0.44,0.12156,0.46,1.0,1.0,1.0,0.03,0.01084
969,,0.405,0.09388,0.45,1.0,1.0,1.0,0.02,-0.01684
970,8,0.405,0.0662,0.405,0.95768,0.98,1.0,0.045,1.0
971,,0.37,0.03852,0.395,0.96536,0.995,1.0,0.035,0.97232
972,,0.335,0.01084,0.385,0.97304,1.0,1.0,0.025,0.94464
973,,0.3,-0.01684,0.375,0.98072,1.0,1.0,0.015,0.91696
974,2,0.3,1.0,0.4,0.9884,0.98,0.95768,-0.03,0.88928
975,7,0.265,0.93732,0.34,0.96108,0.995,1.0,1.0,0.8966
976,,0.23,0.90964,0.33,0.96876,1.0,1.0,0.99,0.86892
977,,0.195,0.88196,0.32,0.97644,1.0,1.0,0.98,0.84124
978,,0.16,0.85428,0.31,0.98412,1.0,1.0,0.97,0.81356
979,,0.125,0.8266,0.3,0.9918,1.0,1.0,0.96,0.78588
980,,0.09,0.79892,0.29,0.99948,1.0,1.0,0.95,0.7582
981,,0.055,0.77124,0.28,1.0,1.0,1.0,0.94,0.73052
982,,0.02,0.74356,0.27,1.0,1.0,1.0,0.93,0.70284
983,,-0.015,0.71588,0.26,1.0,1.0,1.0,0.92,0.67516
984,1,1.0,0.7232,0.25,0.97268,0.965,0.97268,0.91,0.68248
985,,0.965,0.69552,0.24,0.98036,0.98,0.98036,0.9,0.6548
986,,0.93,0.66784,0.23,0.98804,0.995,0.98804,0.89,0.62712
987,,0.895,0.64016,0.22,0.99572,1.0,0.99572,0.88,0.59944
988,,0.86,0.61248,0.21,1.0,1.0,1.0,0.87,0.57176
989,,0.825,0.5848,0.2,1.0,1.0,1.0,0.86,0.54408
990,,0.79,0.55712,0.19,1.0,1.0,1.0,0.85,0.5164
991,,0.755,0.52944,0.18,1.0,1.0,1.0,0.84,0.48872
992,,0.72,0.50176,0.17,1.0,1.0,1.0,0.83,0.46104
993,,0.685,0.47408,0.16,1.0,1.0,1.0,0.82,0.43336
994,,0.65,0.4464,0.15,1.0,1.0,1.0,0.81,0.40568
995,,0.615,0.41872,0.14,1.0,1.0,1.0,0.8,0.378
996,,0.58,0.39104,0.13,1.0,1.0,1.0,0.79,0.35032
997,,0.545,0.36336,0.12,1.0,1.0,1.0,0.78,0.32264
998,,0.51,0.33568,0.11,1.0,1.0,1.0,0.77,0.29496
999,,0.475,0.308,0.1,1.0,1.0,1.0,0.76,0.26728
1000,,0.44,0.28032,0.09,1.0,1.0,1.0,0.75,0.2396
1001,,0.405,0.25264,0.08,1.0,1.0,1.0,0.74,0.21192
1002,,0.37,0.22496,0.07,1.0,1.0,1.0,0.73,0.18424
1003,,0.335,0.19728,0.06,1.0,1.0,1.0,0.72,0.15656
1004,,0.3,0.1696,0.05,1.0,1.0,1.0,0.71,0.12888
1005,,0.265,0.14192,0.04,1.0,1.0,1.0,0.7,0.1012
1006,,0.23,0.11424,0.03,1.0,1.0,1.0,0.69,0.07352
1007,,0.195,0.08656,0.02,1.0,1.0,1.0,0.68,0.04584
1008,,0.16,0.05888,0.01,1.0,1.0,1.0,0.67,0.01816
1009,,0.125,0.0312,-0.0,1.0,1.0,1.0,0.66,-0.00952
1010,8,0.125,0.00352,-0.045,0.95768,0.98,1.0,0.685,1.0
1011,3,0.09,0.01084,1.0,1.0,0.995,0.97268,0.625,0.93732
1012,,0.055,-0.01684,0.99,1.0,1.0,0.98036,0.615,0.90964
1013,2,0.055,1.0,1.0,1.0,0.98,0.93804,0.57,0.88196
1014,,0.02,0.97232,0.99,1.0,0.995,0.94572,0.56,0.85428
1015,,-0.015,0.94464,0.98,1.0,1.0,0.9534,0.55,0.8266
1016,1,1.0,0.95196,0.97,0.97268,0.965,0.92608,0.54,0.83392
1017,,0.965,0.92428,0.96,0.98036,0.98,0.93376,0.53,0.80624
1018,,0.93,0.8966,0.95,0.98804,0.995,0.94144,0.52,0.77856
1019,,0.895,0.86892,0.94,0.99572,1.0,0.94912,0.51,0.75088
1020,,0.86,0.84124,0.93,1.0,1.0,0.9568,0.5,0.7232
1021,,0.825,0.81356,0.92,1.0,1.0,0.96448,0.49,0.69552
1022,,0.79,0.78588,0.91,1.0,1.0,0.97216,0.48,0.66784
1023,,0.755,0.7582,0.9,1.0,1.0,0.97984,0.47,0.64016
1024,,0.72,0.73052,0.89,1.0,1.0,0.98752,0.46,0.61248
1025,,0.685,0.70284,0.88,1.0,1.0,0.9952,0.45,0.5848
1026,,0.65,0.67516,0.87,1.0,1.0,1.0,0.44,0.55712
1027,,0.615,0.64748,0.86,1.0,1.0,1.0,0.43,0.52944
1028,,0.58,0.6198,0.85,1.0,1.0,1.0,0.42,0.50176
1029,,0.545,0.59212,0.84,1.0,1.0,1.0,0.41,0.47408
1030,,0.51,0.56444,0.83,1.0,1.0,1.0,0.4,0.4464
1031,,0.475,0.53676,0.82,1.0,1.0,1.0,0.39,0.41872
1032,,0.44,0.50908,0.81,1.0,1.0,1.0,0.38,0.39104
1033,,0.405,0.4814,0.8,1.0,1.0,1.0,0.37,0.36336
1034,,0.37,0.45372,0.79,1.0,1.0,1.0,0.36,0.33568
1035,,0.335,0.42604,0.78,1.0,1.0,1.0,0.35,0.308
1036,,0.3,0.39836,0.77,1.0,1.0,1.0,0.34,0.28032
1037,,0.265,0.37068,0.76,1.0,1.0,1.0,0.33,0.25264
1038,,0.23,0.343,0.75,1.0,1.0,1.0,0.32,0.22496
1039,,0.195,0.31532,0.74,1.0,1.0,1.0,0.31,0.19728
1040,,0.16,0.28764,0.73,1.0,1.0,1.0,0.3,0.1696
1041,,0.125,0.25996,0.72,1.0,1.0,1.0,0.29,0.14192
1042,,0.09,0.23228,0.71,1.0,1.0,1.0,0.28,0.11424
1043,,0.055,0.2046,0.7,1.0,1.0,1.0,0.27,0.08656
1044,,0.02,0.17692,0.69,1.0,1.0,1.0,0.26,0.05888
1045,,-0.015,0.14924,0.68,1.0,1.0,1.0,0.25,0.0312
1046,1,1.0,0.15656,0.67,0.97268,0.965,0.97268,0.24,0.03852
1047,,0.965,0.12888,0.66,0.98036,0.98,0.98036,0.23,0.01084
1048,,0.93,0.1012,0.65,0.98804,0.995,0.98804,0.22,-0.01684
1049,8,0.93,0.07352,0.605,0.94572,0.975,0.99572,0.245,1.0
1050,,0.895,0.04584,0.595,0.9534,0.99,1.0,0.235,0.97232
1051,,0.86,0.01816,0.585,0.96108,1.0,1.0,0.225,0.94464
1052,,0.825,-0.00952,0.575,0.96876,1.0,1.0,0.215,0.91696
1053,2,0.825,1.0,0.6,0.97644,0.98,0.95768,0.17,0.88928
1054,,0.79,0.97232,0.59,0.98412,0.995,0.96536,0.16,0.8616
1055,,0.755,0.94464,0.58,0.9918,1.0,0.97304,0.15,0.83392
1056,,0.72,0.91696,0.57,0.99948,1.0,0.98072,0.14,0.80624
1057,,0.685,0.88928,0.56,1.0,1.0,0.9884,0.13,0.77856
1058,,0.65,0.8616,0.55,1.0,1.0,0.99608,0.12,0.75088
1059,,0.615,0.83392,0.54,1.0,1.0,1.0,0.11,0.7232
1060,,0.58,0.80624,0.53,1.0,1.0,1.0,0.1,0.69552
1061,,0.545,0.77856,0.52,1.0,1.0,1.0,0.09,0.66784
1062,,0.51,0.75088,0.51,1.0,1.0,1.0,0.08,0.64016
1063,,0.475,0.7232,0.5,1.0,1.0,1.0,0.07,0.61248
1064,,0.44,0.69552,0.49,1.0,1.0,1.0,0.06,0.5848
1065,,0.405,0.66784,0.48,1.0,1.0,1.0,0.05,0.55712
1066,,0.37,0.64016,0.47,1.0,1.0,1.0,0.04,0.52944
1067,,0.335,0.61248,0.46,1.0,1.0,1.0,0.03,0.50176
1068,,0.3,0.5848,0.45,1.0,1.0,1.0,0.02,0.47408
1069,,0.265,0.55712,0.44,1.0,1.0,1.0,0.01,0.4464
1070,,0.23,0.52944,0.43,1.0,1.0,1.0,-0.0,0.41872
1071,,0.195,0.50176,0.42,1.0,1.0,1.0,-0.01,0.39104
1072,7,0.16,0.43908,0.36,0.97268,1.0,1.0,1.0,0.39836
1073,,0.125,0.4114,0.35,0.98036,1.0,1.0,0.99,0.37068
1074,,0.09,0.38372,0.34,0.98804,1.0,1.0,0.98,0.343
1075,,0.055,0.35604,0.33,0.99572,1.0,1.0,0.97,0.31532
1076,,0.02,0.32836,0.32,1.0,1.0,1.0,0.96,0.28764
1077,,-0.015,0.30068,0.31,1.0,1.0,1.0,0.95,0.25996
1078,1,1.0,0.308,0.3,0.97268,0.965,0.97268,0.94,0.26728
1079,,0.965,0.28032,0.29,0.98036,0.98,0.98036,0.93,0.2396
1080,,0.93,0.25264,0.28,0.98804,0.995,0.98804,0.92,0.21192
1081,,0.895,0.22496,0.27,0.99572,1.0,0.99572,0.91,0.18424
1082,,0.86,0.19728,0.26,1.0,1.0,1.0,0.9,0.15656
1083,,0.825,0.1696,0.25,1.0,1.0,1.0,0.89,0.12888
1084,,0.79,0.14192,0.24,1.0,1.0,1.0,0.88,0.1012
1085,,0.755,0.11424,0.23,1.0,1.0,1.0,0.87,0.07352
1086,,0.72,0.08656,0.22,1.0,1.0,1.0,0.86,0.04584
1087,,0.685,0.05888,0.21,1.0,1.0,1.0,0.85,0.01816
1088,,0.65,0.0312,0.2,1.0,1.0,1.0,0.84,-0.00952
1089,8,0.65,0.00352,0.155,0.95768,0.98,1.0,0.865,1.0
1090,,0.615,-0.02416,0.145,0.96536,0.995,1.0,0.855,0.97232
1091,2,0.615,1.0,0.17,0.97304,0.975,0.95768,0.81,0.94464
1092,,0.58,0.97232,0.16,0.98072,0.99,0.96536,0.8,0.91696
1093,,0.545,0.94464,0.15,0.9884,1.0,0.97304,0.79,0.88928
1094,,0.51,0.91696,0.14,0.99608,1.0,0.98072,0.78,0.8616
1095,,0.475,0.88928,0.13,1.0,1.0,0.9884,0.77,0.83392
1096,,0.44,0.8616,0.12,1.0,1.0,0.99608,0.76,0.80624
1097,,0.405,0.83392,0.11,1.0,1.0,1.0,0.75,0.77856
1098,,0.37,0.80624,0.1,1.0,1.0,1.0,0.74,0.75088
1099,,0.335,0.77856,0.09,1.0,1.0,1.0,0.73,0.7232
1100,,0.3,0.75088,0.08,1.0,1.0,1.0,0.72,0.69552
1101,,0.265,0.7232,0.07,1.0,1.0,1.0,0.71,0.66784
1102,,0.23,0.69552,0.06,1.0,1.0,1.0,0.7,0.64016
1103,,0.195,0.66784,0.05,1.0,1.0,1.0,0.69,0.61248
1104,,0.16,0.64016,0.04,1.0,1.0,1.0,0.68,0.5848
1105,,0.125,0.61248,0.03,1.0,1.0,1.0,0.67,0.55712
1106,,0.09,0.5848,0.02,1.0,1.0,1.0,0.66,0.52944
1107,,0.055,0.55712,0.01,1.0,1.0,1.0,0.65,0.50176
1108,,0.02,0.52944,-0.0,1.0,1.0,1.0,0.64,0.47408
1109,,-0.015,0.50176,-0.01,1.0,1.0,1.0,0.63,0.4464
1110,1,1.0,0.50908,-0.02,0.97268,0.965,0.97268,0.62,0.45372
1111,3,0.965,0.5164,1.0,1.0,0.98,0.94536,0.56,0.39104
1112,,0.93,0.48872,0.99,1.0,0.995,0.95304,0.55,0.36336
1113,,0.895,0.46104,0.98,1.0,1.0,0.96072,0.54,0.33568
1114,,0.86,0.43336,0.97,1.0,1.0,0.9684,0.53,0.308
1115,,0.825,0.40568,0.96,1.0,1.0,0.97608,0.52,0.28032
1116,,0.79,0.378,0.95,1.0,1.0,0.98376,0.51,0.25264
1117,,0.755,0.35032,0.94,1.0,1.0,0.99144,0.5,0.22496
1118,,0.72,0.32264,0.93,1.0,1.0,0.99912,0.49,0.19728
1119,,0.685,0.29496,0.92,1.0,1.0,1.0,0.48,0.1696
1120,,0.65,0.26728,0.91,1.0,1.0,1.0,0.47,0.14192
1121,,0.615,0.2396,0.9,1.0,1.0,1.0,0.46,0.11424
1122,,0.58,0.21192,0.89,1.0,1.0,1.0,0.45,0.08656
1123,,0.545,0.18424,0.88,1.0,1.0,1.0,0.44,0.05888
1124,,0.51,0.15656,0.87,1.0,1.0,1.0,0.43,0.0312
1125,,0.475,0.12888,0.86,1.0,1.0,1.0,0.42,0.00352
1126,,0.44,0.1012,0.85,1.0,1.0,1.0,0.41,-0.02416
1127,8,0.44,0.07352,0.805,0.95768,0.98,1.0,0.435,1.0
1128,,0.405,0.04584,0.795,0.96536,0.995,1.0,0.425,0.97232
1129,,0.37,0.01816,0.785,0.97304,1.0,1.0,0.415,0.94464
1130,,0.335,-0.00952,0.775,0.98072,1.0,1.0,0.405,0.91696
1131,2,0.335,1.0,0.8,0.9884,0.98,0.95768,0.36,0.88928
1132,,0.3,0.97232,0.79,0.99608,0.995,0.96536,0.35,0.8616
1133,,0.265,0.94464,0.78,1.0,1.0,0.97304,0.34,0.83392
1134,,0.23,0.91696,0.77,1.0,1.0,0.98072,0.33,0.80624
1135,,0.195,0.88928,0.76,1.0,1.0,0.9884,0.32,0.77856
1136,,0.16,0.8616,0.75,1.0,1.0,0.99608,0.31,0.75088
1137,,0.125,0.83392,0.74,1.0,1.0,1.0,0.3,0.7232
1138,,0.09,0.80624,0.73,1.0,1.0,1.0,0.29,0.69552
1139,,0.055,0.77856,0.72,1.0,1.0,1.0,0.28,0.66784
1140,,0.02,0.75088,0.71,1.0,1.0,1.0,0.27,0.64016
1141,,-0.015,0.7232,0.7,1.0,1.0,1.0,0.26,0.61248
1142,1,1.0,0.73052,0.69,0.97268,0.965,0.97268,0.25,0.6198
1143,,0.965,0.70284,0.68,0.98036,0.98,0.98036,0.24,0.59212
1144,,0.93,0.67516,0.67,0.98804,0.995,0.98804,0.23,0.56444
1145,,0.895,0.64748,0.66,0.99572,1.0,0.99572,0.22,0.53676
1146,,0.86,0.6198,0.65,1.0,1.0,1.0,0.21,0.50908
1147,,0.825,0.59212,0.64,1.0,1.0,1.0,0.2,0.4814
1148,,0.79,0.56444,0.63,1.0,1.0,1.0,0.19,0.45372
1149,,0.755,0.53676,0.62,1.0,1.0,1.0,0.18,0.42604
1150,,0.72,0.50908,0.61,1.0,1.0,1.0,0.17,0.39836
1151,,0.685,0.4814,0.6,1.0,1.0,1.0,0.16,0.37068
1152,,0.65,0.45372,0.59,1.0,1.0,1.0,0.15,0.343
1153,,0.615,0.42604,0.58,1.0,1.0,1.0,0.14,0.31532
1154,,0.58,0.39836,0.57,1.0,1.0,1.0,0.13,0.28764
1155,,0.545,0.37068,0.56,1.0,1.0,1.0,0.12,0.25996
1156,,0.51,0.343,0.55,1.0,1.0,1.0,0.11,0.23228
1157,,0.475,0.31532,0.54,1.0,1.0,1.0,0.1,0.2046
1158,,0.44,0.28764,0.53,1.0,1.0,1.0,0.09,0.17692
1159,,0.405,0.25996,0.52,1.0,1.0,1.0,0.08,0.14924
1160,,0.37,0.23228,0.51,1.0,1.0,1.0,0.07,0.12156
1161,,0.335,0.2046,0.5,1.0,1.0,1.0,0.06,0.09388
1162,,0.3,0.17692,0.49,1.0,1.0,1.0,0.05,0.0662
1163,,0.265,0.14924,0.48,1.0,1.0,1.0,0.04,0.03852
1164,,0.23,0.12156,0.47,1.0,1.0,1.0,0.03,0.01084
1165,,0.195,0.09388,0.46,1.0,1.0,1.0,0.02,-0.01684
1166,8,0.195,0.0662,0.415,0.95768,0.98,1.0,0.045,1.0
1167,,0.16,0.03852,0.405,0.96536,0.995,1.0,0.035,0.97232
1168,,0.125,0.01084,0.395,0.97304,1.0,1.0,0.025,0.94464
1169,,0.09,-0.01684,0.385,0.98072,1.0,1.0,0.015,0.91696
1170,2,0.09,1.0,0.41,0.9884,0.98,0.95768,-0.03,0.88928
1171,7,0.055,0.93732,0.35,0.96108,0.995,1.0,1.0,0.8966
1172,,0.02,0.90964,0.34,0.96876,1.0,1.0,0.99,0.86892
1173,,-0.015,0.88196,0.33,0.97644,1.0,1.0,0.98,0.84124
1174,1,1.0,0.88928,0.32,0.94912,0.965,0.97268,0.97,0.84856
1175,,0.965,0.8616,0.31,0.9568,0.98,0.98036,0.96,0.82088
1176,,0.93,0.83392,0.3,0.96448,0.995,0.98804,0.95,0.7932
1177,,0.895,0.80624,0.29,0.97216,1.0,0.99572,0.94,0.76552
1178,,0.86,0.77856,0.28,0.97984,1.0,1.0,0.93,0.73784
1179,,0.825,0.75088,0.27,0.98752,1.0,1.0,0.92,0.71016
1180,,0.79,0.7232,0.26,0.9952,1.0,1.0,0.91,0.68248
1181,,0.755,0.69552,0.25,1.0,1.0,1.0,0.9,0.6548
1182,,0.72,0.66784,0.24,1.0,1.0,1.0,0.89,0.62712
1183,,0.685,0.64016,0.23,1.0,1.0,1.0,0.88,0.59944
1184,,0.65,0.61248,0.22,1.0,1.0,1.0,0.87,0.57176
1185,,0.615,0.5848,0.21,1.0,1.0,1.0,0.86,0.54408
1186,,0.58,0.55712,0.2,1.0,1.0,1.0,0.85,0.5164
1187,,0.545,0.52944,0.19,1.0,1.0,1.0,0.84,0.48872
1188,,0.51,0.50176,0.18,1.0,1.0,1.0,0.83,0.46104
1189,,0.475,0.47408,0.17,1.0,1.0,1.0,0.82,0.43336
1190,,0.44,0.4464,0.16,1.0,1.0,1.0,0.81,0.40568
1191,,0.405,0.41872,0.15,1.0,1.0,1.0,0.8,0.378
1192,,0.37,0.39104,0.14,1.0,1.0,1.0,0.79,0.35032
1193,,0.335,0.36336,0.13,1.0,1.0,1.0,0.78,0.32264
1194,,0.3,0.33568,0.12,1.0,1.0,1.0,0.77,0.29496
1195,,0.265,0.308,0.11,1.0,1.0,1.0,0.76,0.26728
1196,,0.23,0.28032,0.1,1.0,1.0,1.0,0.75,0.2396
1197,,0.195,0.25264,0.09,1.0,1.0,1.0,0.74,0.21192
1198,,0.16,0.22496,0.08,1.0,1.0,1.0,0.73,0.18424
1199,,0.125,0.19728,0.07,1.0,1.0,1.0,0.72,0.15656
1200,,0.09,0.1696,0.06,1.0,1.0,1.0,0.71,0.12888
1201,,0.055,0.14192,0.05,1.0,1.0,1.0,0.7,0.1012
1202,,0.02,0.11424,0.04,1.0,1.0,1.0,0.69,0.07352
1203,,-0.015,0.08656,0.03,1.0,1.0,1.0,0.68,0.04584
1204,1,1.0,0.09388,0.02,0.97268,0.965,0.97268,0.67,0.05316
1205,,0.965,0.0662,0.01,0.98036,0.98,0.98036,0.66,0.02548
1206,,0.93,0.03852,-0.0,0.98804,0.995,0.98804,0.65,-0.0022
1207,8,0.93,0.01084,-0.045,0.94572,0.975,0.99572,0.675,1.0
1208,3,0.895,0.01816,1.0,0.9884,0.99,0.9684,0.615,0.93732
1209,,0.86,-0.00952,0.99,0.99608,1.0,0.97608,0.605,0.90964
1210,2,0.86,1.0,1.0,1.0,0.98,0.93376,0.56,0.88196
1211,,0.825,0.97232,0.99,1.0,0.995,0.94144,0.55,0.85428
1212,,0.79,0.94464,0.98,1.0,1.0,0.94912,0.54,0.8266
1213,,0.755,0.91696,0.97,1.0,1.0,0.9568,0.53,0.79892
1214,,0.72,0.88928,0.96,1.0,1.0,0.96448,0.52,0.77124
1215,,0.685,0.8616,0.95,1.0,1.0,0.97216,0.51,0.74356
1216,,0.65,0.83392,0.94,1.0,1.0,0.97984,0.5,0.71588
1217,,0.615,0.80624,0.93,1.0,1.0,0.98752,0.49,0.6882
1218,,0.58,0.77856,0.92,1.0,1.0,0.9952,0.48,0.66052
1219,,0.545,0.75088,0.91,1.0,1.0,1.0,0.47,0.63284
1220,,0.51,0.7232,0.9,1.0,1.0,1.0,0.46,0.60516
1221,,0.475,0.69552,0.89,1.0,1.0,1.0,0.45,0.57748
1222,,0.44,0.66784,0.88,1.0,1.0,1.0,0.44,0.5498
1223,,0.405,0.64016,0.87,1.0,1.0,1.0,0.43,0.52212
1224,,0.37,0.61248,0.86,1.0,1.0,1.0,0.42,0.49444
1225,,0.335,0.5848,0.85,1.0,1.0,1.0,0.41,0.46676
1226,,0.3,0.55712,0.84,1.0,1.0,1.0,0.4,0.43908
1227,,0.265,0.52944,0.83,1.0,1.0,1.0,0.39,0.4114
1228,,0.23,0.50176,0.82,1.0,1.0,1.0,0.38,0.38372
1229,,0.195,0.47408,0.81,1.0,1.0,1.0,0.37,0.35604
1230,,0.16,0.4464,0.8,1.0,1.0,1.0,0.36,0.32836
1231,,0.125,0.41872,0.79,1.0,1.0,1.0,0.35,0.30068
1232,,0.09,0.39104,0.78,1.0,1.0,1.0,0.34,0.273
1233,,0.055,0.36336,0.77,1.0,1.0,1.0,0.33,0.24532
1234,,0.02,0.33568,0.76,1.0,1.0,1.0,0.32,0.21764
1235,,-0.015,0.308,0.75,1.0,1.0,1.0,0.31,0.18996
1236,1,1.0,0.31532,0.74,0.97268,0.965,0.97268,0.3,0.19728
1237,,0.965,0.28764,0.73,0.98036,0.98,0.98036,0.29,0.1696
1238,,0.93,0.25996,0.72,0.98804,0.995,0.98804,0.28,0.14192
1239,,0.895,0.23228,0.71,0.99572,1.0,0.99572,0.27,0.11424
1240,,0.86,0.2046,0.7,1.0,1.0,1.0,0.26,0.08656
1241,,0.825,0.17692,0.69,1.0,1.0,1.0,0.25,0.05888
1242,,0.79,0.14924,0.68,1.0,1.0,1.0,0.24,0.0312
1243,,0.755,0.12156,0.67,1.0,1.0,1.0,0.23,0.00352
1244,,0.72,0.09388,0.66,1.0,1.0,1.0,0.22,-0.02416
1245,8,0.72,0.0662,0.615,0.95768,0.98,1.0,0.245,1.0
1246,,0.685,0.03852,0.605,0.96536,0.995,1.0,0.235,0.97232
1247,,0.65,0.01084,0.595,0.97304,1.0,1.0,0.225,0.94464
1248,,0.615,-0.01684,0.585,0.98072,1.0,1.0,0.215,0.91696
1249,2,0.615,1.0,0.61,0.9884,0.98,0.95768,0.17,0.88928
1250,,0.58,0.97232,0.6,0.99608,0.995,0.96536,0.16,0.8616
1251,,0.545,0.94464,0.59,1.0,1.0,0.97304,0.15,0.83392
1252,,0.51,0.91696,0.58,1.0,1.0,0.98072,0.14,0.80624
1253,,0.475,0.88928,0.57,1.0,1.0,0.9884,0.13,0.77856
1254,,0.44,0.8616,0.56,1.0,1.0,0.99608,0.12,0.75088
1255,,0.405,0.83392,0.55,1.0,1.0,1.0,0.11,0.7232
1256,,0.37,0.80624,0.54,1.0,1.0,1.0,0.1,0.69552
1257,,0.335,0.77856,0.53,1.0,1.0,1.0,0.09,0.66784
1258,,0.3,0.75088,0.52,1.0,1.0,1.0,0.08,0.64016
1259,,0.265,0.7232,0.51,1.0,1.0,1.0,0.07,0.61248
1260,,0.23,0.69552,0.5,1.0,1.0,1.0,0.06,0.5848
1261,,0.195,0.66784,0.49,1.0,1.0,1.0,0.05,0.55712
1262,,0.16,0.64016,0.48,1.0,1.0,1.0,0.04,0.52944
1263,,0.125,0.61248,0.47,1.0,1.0,1.0,0.03,0.50176
1264,,0.09,0.5848,0.46,1.0,1.0,1.0,0.02,0.47408
1265,,0.055,0.55712,0.45,1.0,1.0,1.0,0.01,0.4464
1266,,0.02,0.52944,0.44,1.0,1.0,1.0,-0.0,0.41872
1267,,-0.015,0.50176,0.43,1.0,1.0,1.0,-0.01,0.39104
1268,1,1.0,0.50908,0.42,0.97268,0.965,0.97268,-0.02,0.39836
1269,7,0.965,0.4464,0.36,0.94536,0.98,1.0,1.0,0.40568
1270,,0.93,0.41872,0.35,0.95304,0.995,1.0,0.99,0.378
1271,,0.895,0.39104,0.34,0.96072,1.0,1.0,0.98,0.35032
1272,,0.86,0.36336,0.33,0.9684,1.0,1.0,0.97,0.32264
1273,,0.825,0.33568,0.32,0.97608,1.0,1.0,0.96,0.29496
1274,,0.79,0.308,0.31,0.98376,1.0,1.0,0.95,0.26728
1275,,0.755,0.28032,0.3,0.99144,1.0,1.0,0.94,0.2396
1276,,0.72,0.25264,0.29,0.99912,1.0,1.0,0.93,0.21192
1277,,0.685,0.22496,0.28,1.0,1.0,1.0,0.92,0.18424
1278,,0.65,0.19728,0.27,1.0,1.0,1.0,0.91,0.15656
1279,,0.615,0.1696,0.26,1.0,1.0,1.0,0.9,0.12888
1280,,0.58,0.14192,0.25,1.0,1.0,1.0,0.89,0.1012
1281,,0.545,0.11424,0.24,1.0,1.0,1.0,0.88,0.07352
1282,,0.51,0.08656,0.23,1.0,1.0,1.0,0.87,0.04584
1283,,0.475,0.05888,0.22,1.0,1.0,1.0,0.86,0.01816
1284,,0.44,0.0312,0.21,1.0,1.0,1.0,0.85,-0.00952
1285,8,0.44,0.00352,0.165,0.95768,0.98,1.0,0.875,1.0
1286,,0.405,-0.02416,0.155,0.96536,0.995,1.0,0.865,0.97232
1287,2,0.405,1.0,0.18,0.97304,0.975,0.95768,0.82,0.94464
1288,,0.37,0.97232,0.17,0.98072,0.99,0.96536,0.81,0.91696
1289,,0.335,0.94464,0.16,0.9884,1.0,0.97304,0.8,0.88928
1290,,0.3,0.91696,0.15,0.99608,1.0,0.98072,0.79,0.8616
1291,,0.265,0.88928,0.14,1.0,1.0,0.9884,0.78,0.83392
1292,,0.23,0.8616,0.13,1.0,1.0,0.99608,0.77,0.80624
1293,,0.195,0.83392,0.12,1.0,1.0,1.0,0.76,0.77856
1294,,0.16,0.80624,0.11,1.0,1.0,1.0,0.75,0.75088
1295,,0.125,0.77856,0.1,1.0,1.0,1.0,0.74,0.7232
1296,,0.09,0.75088,0.09,1.0,1.0,1.0,0.73,0.69552
1297,,0.055,0.7232,0.08,1.0,1.0,1.0,0.72,0.66784
1298,,0.02,0.69552,0.07,1.0,1.0,1.0,0.71,0.64016
1299,,-0.015,0.66784,0.06,1.0,1.0,1.0,0.7,0.61248
1300,1,1.0,0.67516,0.05,0.97268,0.965,0.97268,0.69,0.6198
1301,,0.965,0.64748,0.04,0.98036,0.98,0.98036,0.68,0.59212
1302,,0.93,0.6198,0.03,0.98804,0.995,0.98804,0.67,0.56444
1303,,0.895,0.59212,0.02,0.99572,1.0,0.99572,0.66,0.53676
1304,,0.86,0.56444,0.01,1.0,1.0,1.0,0.65,0.50908
1305,,0.825,0.53676,-0.0,1.0,1.0,1.0,0.64,0.4814
1306,,0.79,0.50908,-0.01,1.0,1.0,1.0,0.63,0.45372
1307,3,0.755,0.5164,1.0,1.0,1.0,0.97268,0.57,0.39104
1308,,0.72,0.48872,0.99,1.0,1.0,0.98036,0.56,0.36336
1309,,0.685,0.46104,0.98,1.0,1.0,0.98804,0.55,0.33568
1310,,0.65,0.43336,0.97,1.0,1.0,0.99572,0.54,0.308
1311,,0.615,0.40568,0.96,1.0,1.0,1.0,0.53,0.28032
1312,,0.58,0.378,0.95,1.0,1.0,1.0,0.52,0.25264
1313,,0.545,0.35032,0.94,1.0,1.0,1.0,0.51,0.22496
1314,,0.51,0.32264,0.93,1.0,1.0,1.0,0.5,0.19728
1315,,0.475,0.29496,0.92,1.0,1.0,1.0,0.49,0.1696
1316,,0.44,0.26728,0.91,1.0,1.0,1.0,0.48,0.14192
1317,,0.405,0.2396,0.9,1.0,1.0,1.0,0.47,0.11424
1318,,0.37,0.21192,0.89,1.0,1.0,1.0,0.46,0.08656
1319,,0.335,0.18424,0.88,1.0,1.0,1.0,0.45,0.05888
1320,,0.3,0.15656,0.87,1.0,1.0,1.0,0.44,0.0312
1321,,0.265,0.12888,0.86,1.0,1.0,1.0,0.43,0.00352
1322,,0.23,0.1012,0.85,1.0,1.0,1.0,0.42,-0.02416
1323,8,0.23,0.07352,0.805,0.95768,0.98,1.0,0.445,1.0
1324,,0.195,0.04584,0.795,0.96536,0.995,1.0,0.435,0.97232
1325,,0.16,0.01816,0.785,0.97304,1.0,1.0,0.425,0.94464
1326,,0.125,-0.00952,0.775,0.98072,1.0,1.0,0.415,0.91696
1327,2,0.125,1.0,0.8,0.9884,0.98,0.95768,0.37,0.88928
1328,,0.09,0.97232,0.79,0.99608,0.995,0.96536,0.36,0.8616
1329,,0.055,0.94464,0.78,1.0,1.0,0.97304,0.35,0.83392
1330,,0.02,0.91696,0.77,1.0,1.0,0.98072,0.34,0.80624
1331,,-0.015,0.88928,0.76,1.0,1.0,0.9884,0.33,0.77856
1332,1,1.0,0.8966,0.75,0.97268,0.965,0.96108,0.32,0.78588
1333,,0.965,0.86892,0.74,0.98036,0.98,0.96876,0.31,0.7582
1334,,0.93,0.84124,0.73,0.98804,0.995,0.97644,0.3,0.73052
1335,,0.895,0.81356,0.72,0.99572,1.0,0.98412,0.29,0.70284
1336,,0.86,0.78588,0.71,1.0,1.0,0.9918,0.28,0.67516
1337,,0.825,0.7582,0.7,1.0,1.0,0.99948,0.27,0.64748
1338,,0.79,0.73052,0.69,1.0,1.0,1.0,0.26,0.6198
1339,,0.755,0.70284,0.68,1.0,1.0,1.0,0.25,0.59212
1340,,0.72,0.67516,0.67,1.0,1.0,1.0,0.24,0.56444
1341,,0.685,0.64748,0.66,1.0,1.0,1.0,0.23,0.53676
1342,,0.65,0.6198,0.65,1.0,1.0,1.0,0.22,0.50908
1343,,0.615,0.59212,0.64,1.0,1.0,1.0,0.21,0.4814
1344,,0.58,0.56444,0.63,1.0,1.0,1.0,0.2,0.45372
1345,,0.545,0.53676,0.62,1.0,1.0,1.0,0.19,0.42604
1346,,0.51,0.50908,0.61,1.0,1.0,1.0,0.18,0.39836
1347,,0.475,0.4814,0.6,1.0,1.0,1.0,0.17,0.37068
1348,,0.44,0.45372,0.59,1.0,1.0,1.0,0.16,0.343
1349,,0.405,0.42604,0.58,1.0,1.0,1.0,0.15,0.31532
1350,,0.37,0.39836,0.57,1.0,1.0,1.0,0.14,0.28764
1351,,0.335,0.37068,0.56,1.0,1.0,1.0,0.13,0.25996
1352,,0.3,0.343,0.55,1.0,1.0,1.0,0.12,0.23228
1353,,0.265,0.31532,0.54,1.0,1.0,1.0,0.11,0.2046
1354,,0.23,0.28764,0.53,1.0,1.0,1.0,0.1,0.17692
1355,,0.195,0.25996,0.52,1.0,1.0,1.0,0.09,0.14924
1356,,0.16,0.23228,0.51,1.0,1.0,1.0,0.08,0.12156
1357,,0.125,0.2046,0.5,1.0,1.0,1.0,0.07,0.09388
1358,,0.09,0.17692,0.49,1.0,1.0,1.0,0.06,0.0662
1359,,0.055,0.14924,0.48,1.0,1.0,1.0,0.05,0.03852
1360,,0.02,0.12156,0.47,1.0,1.0,1.0,0.04,0.01084
1361,,-0.015,0.09388,0.46,1.0,1.0,1.0,0.03,-0.01684
1362,8,-0.015,0.0662,0.415,0.95768,0.98,1.0,0.055,1.0
1363,1,1.0,0.07352,0.405,0.93036,0.945,0.97268,0.045,1.0
1364,,0.965,0.04584,0.395,0.93804,0.96,0.98036,0.035,0.97232
1365,,0.93,0.01816,0.385,0.94572,0.975,0.98804,0.025,0.94464
1366,,0.895,-0.00952,0.375,0.9534,0.99,0.99572,0.015,0.91696
1367,2,0.895,1.0,0.4,0.96108,0.97,0.9534,-0.03,0.88928
1368,7,0.86,0.93732,0.34,0.93376,0.985,0.99608,1.0,0.8966
1369,,0.825,0.90964,0.33,0.94144,1.0,1.0,0.99,0.86892
1370,,0.79,0.88196,0.32,0.94912,1.0,1.0,0.98,0.84124
1371,,0.755,0.85428,0.31,0.9568,1.0,1.0,0.97,0.81356
1372,,0.72,0.8266,0.3,0.96448,1.0,1.0,0.96,0.78588
1373,,0.685,0.79892,0.29,0.97216,1.0,1.0,0.95,0.7582
1374,,0.65,0.77124,0.28,0.97984,1.0,1.0,0.94,0.73052
1375,,0.615,0.74356,0.27,0.98752,1.0,1.0,0.93,0.70284
1376,,0.58,0.71588,0.26,0.9952,1.0,1.0,0.92,0.67516
1377,,0.545,0.6882,0.25,1.0,1.0,1.0,0.91,0.64748
1378,,0.51,0.66052,0.24,1.0,1.0,1.0,0.9,0.6198
1379,,0.475,0.63284,0.23,1.0,1.0,1.0,0.89,0.59212
1380,,0.44,0.60516,0.22,1.0,1.0,1.0,0.88,0.56444
1381,,0.405,0.57748,0.21,1.0,1.0,1.0,0.87,0.53676
1382,,0.37,0.5498,0.2,1.0,1.0,1.0,0.86,0.50908
1383,,0.335,0.52212,0.19,1.0,1.0,1.0,0.85,0.4814
1384,,0.3,0.49444,0.18,1.0,1.0,1.0,0.84,0.45372
1385,,0.265,0.46676,0.17,1.0,1.0,1.0,0.83,0.42604
1386,,0.23,0.43908,0.16,1.0,1.0,1.0,0.82,0.39836
1387,,0.195,0.4114,0.15,1.0,1.0,1.0,0.81,0.37068
1388,,0.16,0.38372,0.14,1.0,1.0,1.0,0.8,0.343
1389,,0.125,0.35604,0.13,1.0,1.0,1.0,0.79,0.31532
1390,,0.09,0.32836,0.12,1.0,1.0,1.0,0.78,0.28764
1391,,0.055,0.30068,0.11,1.0,1.0,1.0,0.77,0.25996
1392,,0.02,0.273,0.1,1.0,1.0,1.0,0.76,0.23228
1393,,-0.015,0.24532,0.09,1.0,1.0,1.0,0.75,0.2046
1394,1,1.0,0.25264,0.08,0.97268,0.965,0.97268,0.74,0.21192
1395,,0.965,0.22496,0.07,0.98036,0.98,0.98036,0.73,0.18424
1396,,0.93,0.19728,0.06,0.98804,0.995,0.98804,0.72,0.15656
1397,,0.895,0.1696,0.05,0.99572,1.0,0.99572,0.71,0.12888
1398,,0.86,0.14192,0.04,1.0,1.0,1.0,0.7,0.1012
1399,,0.825,0.11424,0.03,1.0,1.0,1.0,0.69,0.07352
1400,,0.79,0.08656,0.02,1.0,1.0,1.0,0.68,0.04584
1401,,0.755,0.05888,0.01,1.0,1.0,1.0,0.67,0.01816
1402,,0.72,0.0312,-0.0,1.0,1.0,1.0,0.66,-0.00952
1403,8,0.72,0.00352,-0.045,0.95768,0.98,1.0,0.685,1.0
1404,3,0.685,0.01084,1.0,1.0,0.995,0.97268,0.625,0.93732
1405,,0.65,-0.01684,0.99,1.0,1.0,0.98036,0.615,0.90964
1406,2,0.65,1.0,1.0,1.0,0.98,0.93804,0.57,0.88196
1407,,0.615,0.97232,0.99,1.0,0.995,0.94572,0.56,0.85428
1408,,0.58,0.94464,0.98,1.0,1.0,0.9534,0.55,0.8266
1409,,0.545,0.91696,0.97,1.0,1.0,0.96108,0.54,0.79892
1410,,0.51,0.88928,0.96,1.0,1.0,0.96876,0.53,0.77124
1411,,0.475,0.8616,0.95,1.0,1.0,0.97644,0.52,0.74356
1412,,0.44,0.83392,0.94,1.0,1.0,0.98412,0.51,0.71588
1413,,0.405,0.80624,0.93,1.0,1.0,0.9918,0.5,0.6882
1414,,0.37,0.77856,0.92,1.0,1.0,0.99948,0.49,0.66052
1415,,0.335,0.75088,0.91,1.0,1.0,1.0,0.48,0.63284
1416,,0.3,0.7232,0.9,1.0,1.0,1.0,0.47,0.60516
1417,,0.265,0.69552,0.89,1.0,1.0,1.0,0.46,0.57748
1418,,0.23,0.66784,0.88,1.0,1.0,1.0,0.45,0.5498
1419,,0.195,0.64016,0.87,1.0,1.0,1.0,0.44,0.52212
1420,,0.16,0.61248,0.86,1.0,1.0,1.0,0.43,0.49444
1421,,0.125,0.5848,0.85,1.0,1.0,1.0,0.42,0.46676
1422,,0.09,0.55712,0.84,1.0,1.0,1.0,0.41,0.43908
1423,,0.055,0.52944,0.83,1.0,1.0,1.0,0.4,0.4114
1424,,0.02,0.50176,0.82,1.0,1.0,1.0,0.39,0.38372
1425,,-0.015,0.47408,0.81,1.0,1.0,1.0,0.38,0.35604
1426,1,1.0,0.4814,0.8,0.97268,0.965,0.97268,0.37,0.36336
1427,,0.965,0.45372,0.79,0.98036,0.98,0.98036,0.36,0.33568
1428,,0.93,0.42604,0.78,0.98804,0.995,0.98804,0.35,0.308
1429,,0.895,0.39836,0.77,0.99572,1.0,0.99572,0.34,0.28032
1430,,0.86,0.37068,0.76,1.0,1.0,1.0,0.33,0.25264
1431,,0.825,0.343,0.75,1.0,1.0,1.0,0.32,0.22496
1432,,0.79,0.31532,0.74,1.0,1.0,1.0,0.31,0.19728
1433,,0.755,0.28764,0.73,1.0,1.0,1.0,0.3,0.1696
1434,,0.72,0.25996,0.72,1.0,1.0,1.0,0.29,0.14192
1435,,0.685,0.23228,0.71,1.0,1.0,1.0,0.28,0.11424
1436,,0.65,0.2046,0.7,1.0,1.0,1.0,0.27,0.08656
1437,,0.615,0.17692,0.69,1.0,1.0,1.0,0.26,0.05888
1438,,0.58,0.14924,0.68,1.0,1.0,1.0,0.25,0.0312
1439,,0.545,0.12156,0.67,1.0,1.0,1.0,0.24,0.00352
1440,,0.51,0.09388,0.66,1.0,1.0,1.0,0.23,-0.02416
1441,8,0.51,0.0662,0.615,0.95768,0.98,1.0,0.255,1.0
1442,,0.475,0.03852,0.605,0.96536,0.995,1.0,0.245,0.97232
1443,,0.44,0.01084,0.595,0.97304,1.0,1.0,0.235,0.94464
1444,,0.405,-0.01684,0.585,0.98072,1.0,1.0,0.225,0.91696
1445,2,0.405,1.0,0.61,0.9884,0.98,0.95768,0.18,0.88928
1446,,0.37,0.97232,0.6,0.99608,0.995,0.96536,0.17,0.8616
1447,,0.335,0.94464,0.59,1.0,1.0,0.97304,0.16,0.83392
1448,,0.3,0.91696,0.58,1.0,1.0,0.98072,0.15,0.80624
1449,,0.265,0.88928,0.57,1.0,1.0,0.9884,0.14,0.77856
1450,,0.23,0.8616,0.56,1.0,1.0,0.99608,0.13,0.75088
1451,,0.195,0.83392,0.55,1.0,1.0,1.0,0.12,0.7232
1452,,0.16,0.80624,0.54,1.0,1.0,1.0,0.11,0.69552
1453,,0.125,0.77856,0.53,1.0,1.0,1.0,0.1,0.66784
1454,,0.09,0.75088,0.52,1.0,1.0,1.0,0.09,0.64016
1455,,0.055,0.7232,0.51,1.0,1.0,1.0,0.08,0.61248
1456,,0.02,0.69552,0.5,1.0,1.0,1.0,0.07,0.5848
1457,,-0.015,0.66784,0.49,1.0,1.0,1.0,0.06,0.55712
1458,1,1.0,0.67516,0.48,0.97268,0.965,0.97268,0.05,0.56444
1459,,0.965,0.64748,0.47,0.98036,0.98,0.98036,0.04,0.53676
1460,,0.93,0.6198,0.46,0.98804,0.995,0.98804,0.03,0.50908
1461,,0.895,0.59212,0.45,0.99572,1.0,0.99572,0.02,0.4814
1462,,0.86,0.56444,0.44,1.0,1.0,1.0,0.01,0.45372
1463,,0.825,0.53676,0.43,1.0,1.0,1.0,-0.0,0.42604
1464,,0.79,0.50908,0.42,1.0,1.0,1.0,-0.01,0.39836
1465,7,0.755,0.4464,0.36,0.97268,1.0,1.0,1.0,0.40568
1466,,0.72,0.41872,0.35,0.98036,1.0,1.0,0.99,0.378
1467,,0.685,0.39104,0.34,0.98804,1.0,1.0,0.98,0.35032
1468,,0.65,0.36336,0.33,0.99572,1.0,1.0,0.97,0.32264
1469,,0.615,0.33568,0.32,1.0,1.0,1.0,0.96,0.29496
1470,,0.58,0.308,0.31,1.0,1.0,1.0,0.95,0.26728
1471,,0.545,0.28032,0.3,1.0,1.0,1.0,0.94,0.2396
1472,,0.51,0.25264,0.29,1.0,1.0,1.0,0.93,0.21192
1473,,0.475,0.22496,0.28,1.0,1.0,1.0,0.92,0.18424
1474,,0.44,0.19728,0.27,1.0,1.0,1.0,0.91,0.15656
1475,,0.405,0.1696,0.26,1.0,1.0,1.0,0.9,0.12888
1476,,0.37,0.14192,0.25,1.0,1.0,1.0,0.89,0.1012
1477,,0.335,0.11424,0.24,1.0,1.0,1.0,0.88,0.07352
1478,,0.3,0.08656,0.23,1.0,1.0,1.0,0.87,0.04584
1479,,0.265,0.05888,0.22,1.0,1.0,1.0,0.86,0.01816
1480,,0.23,0.0312,0.21,1.0,1.0,1.0,0.85,-0.00952
1481,8,0.23,0.00352,0.165,0.95768,0.98,1.0,0.875,1.0
1482,,0.195,-0.02416,0.155,0.96536,0.995,1.0,0.865,0.97232
1483,2,0.195,1.0,0.18,0.97304,0.975,0.95768,0.82,0.94464
1484,,0.16,0.97232,0.17,0.98072,0.99,0.96536,0.81,0.91696
1485,,0.125,0.94464,0.16,0.9884,1.0,0.97304,0.8,0.88928
1486,,0.09,0.91696,0.15,0.99608,1.0,0.98072,0.79,0.8616
1487,,0.055,0.88928,0.14,1.0,1.0,0.9884,0.78,0.83392
1488,,0.02,0.8616,0.13,1.0,1.0,0.99608,0.77,0.80624
1489,,-0.015,0.83392,0.12,1.0,1.0,1.0,0.76,0.77856
1490,1,1.0,0.84124,0.11,0.97268,0.965,0.97268,0.75,0.78588
1491,,0.965,0.81356,0.1,0.98036,0.98,0.98036,0.74,0.7582
1492,,0.93,0.78588,0.09,0.98804,0.995,0.98804,0.73,0.73052
1493,,0.895,0.7582,0.08,0.99572,1.0,0.99572,0.72,0.70284
1494,,0.86,0.73052,0.07,1.0,1.0,1.0,0.71,0.67516
1495,,0.825,0.70284,0.06,1.0,1.0,1.0,0.7,0.64748
1496,,0.79,0.67516,0.05,1.0,1.0,1.0,0.69,0.6198
1497,,0.755,0.64748,0.04,1.0,1.0,1.0,0.68,0.59212
1498,,0.72,0.6198,0.03,1.0,1.0,1.0,0.67,0.56444
1499,,0.685,0.59212,0.02,1.0,1.0,1.0,0.66,0.53676
1500,,0.65,0.56444,0.01,1.0,1.0,1.0,0.65,0.50908
1501,,0.615,0.53676,-0.0,1.0,1.0,1.0,0.64,0.4814
1502,,0.58,0.50908,-0.01,1.0,1.0,1.0,0.63,0.45372
1503,3,0.545,0.5164,1.0,1.0,1.0,0.97268,0.57,0.39104
1504,,0.51,0.48872,0.99,1.0,1.0,0.98036,0.56,0.36336
1505,,0.475,0.46104,0.98,1.0,1.0,0.98804,0.55,0.33568
1506,,0.44,0.43336,0.97,1.0,1.0,0.99572,0.54,0.308
1507,,0.405,0.40568,0.96,1.0,1.0,1.0,0.53,0.28032
1508,,0.37,0.378,0.95,1.0,1.0,1.0,0.52,0.25264
1509,,0.335,0.35032,0.94,1.0,1.0,1.0,0.51,0.22496
1510,,0.3,0.32264,0.93,1.0,1.0,1.0,0.5,0.19728
1511,,0.265,0.29496,0.92,1.0,1.0,1.0,0.49,0.1696
1512,,0.23,0.26728,0.91,1.0,1.0,1.0,0.48,0.14192
1513,,0.195,0.2396,0.9,1.0,1.0,1.0,0.47,0.11424
1514,,0.16,0.21192,0.89,1.0,1.0,1.0,0.46,0.08656
1515,,0.125,0.18424,0.88,1.0,1.0,1.0,0.45,0.05888
1516,,0.09,0.15656,0.87,1.0,1.0,1.0,0.44,0.0312
1517,,0.055,0.12888,0.86,1.0,1.0,1.0,0.43,0.00352
1518,,0.02,0.1012,0.85,1.0,1.0,1.0,0.42,-0.02416
1519,8,0.02,0.07352,0.805,0.95768,0.98,1.0,0.445,1.0
1520,,-0.015,0.04584,0.795,0.96536,0.995,1.0,0.435,0.97232
1521,1,1.0,0.05316,0.785,0.93804,0.96,0.97268,0.425,0.97964
1522,,0.965,0.02548,0.775,0.94572,0.975,0.98036,0.415,0.95196
1523,,0.93,-0.0022,0.765,0.9534,0.99,0.98804,0.405,0.92428
1524,2,0.93,1.0,0.79,0.96108,0.97,0.94572,0.36,0.8966
1525,,0.895,0.97232,0.78,0.96876,0.985,0.9534,0.35,0.86892
1526,,0.86,0.94464,0.77,0.97644,1.0,0.96108,0.34,0.84124
1527,,0.825,0.91696,0.76,0.98412,1.0,0.96876,0.33,0.81356
1528,,0.79,0.88928,0.75,0.9918,1.0,0.97644,0.32,0.78588
1529,,0.755,0.8616,0.74,0.99948,1.0,0.98412,0.31,0.7582
1530,,0.72,0.83392,0.73,1.0,1.0,0.9918,0.3,0.73052
1531,,0.685,0.80624,0.72,1.0,1.0,0.99948,0.29,0.70284
1532,,0.65,0.77856,0.71,1.0,1.0,1.0,0.28,0.67516
1533,,0.615,0.75088,0.7,1.0,1.0,1.0,0.27,0.64748
1534,,0.58,0.7232,0.69,1.0,1.0,1.0,0.26,0.6198
1535,,0.545,0.69552,0.68,1.0,1.0,1.0,0.25,0.59212
1536,,0.51,0.66784,0.67,1.0,1.0,1.0,0.24,0.56444
1537,,0.475,0.64016,0.66,1.0,1.0,1.0,0.23,0.53676
1538,,0.44,0.61248,0.65,1.0,1.0,1.0,0.22,0.50908
1539,,0.405,0.5848,0.64,1.0,1.0,1.0,0.21,0.4814
1540,,0.37,0.55712,0.63,1.0,1.0,1.0,0.2,0.45372
1541,,0.335,0.52944,0.62,1.0,1.0,1.0,0.19,0.42604
1542,,0.3,0.50176,0.61,1.0,1.0,1.0,0.18,0.39836
1543,,0.265,0.47408,0.6,1.0,1.0,1.0,0.17,0.37068
1544,,0.23,0.4464,0.59,1.0,1.0,1.0,0.16,0.343
1545,,0.195,0.41872,0.58,1.0,1.0,1.0,0.15,0.31532
1546,,0.16,0.39104,0.57,1.0,1.0,1.0,0.14,0.28764
1547,,0.125,0.36336,0.56,1.0,1.0,1.0,0.13,0.25996
1548,,0.09,0.33568,0.55,1.0,1.0,1.0,0.12,0.23228
1549,,0.055,0.308,0.54,1.0,1.0,1.0,0.11,0.2046
1550,,0.02,0.28032,0.53,1.0,1.0,1.0,0.1,0.17692
1551,,-0.015,0.25264,0.52,1.0,1.0,1.0,0.09,0.14924
1552,1,1.0,0.25996,0.51,0.97268,0.965,0.97268,0.08,0.15656
1553,,0.965,0.23228,0.5,0.98036,0.98,0.98036,0.07,0.12888
1554,,0.93,0.2046,0.49,0.98804,0.995,0.98804,0.06,0.1012
1555,,0.895,0.17692,0.48,0.99572,1.0,0.99572,0.05,0.07352
1556,,0.86,0.14924,0.47,1.0,1.0,1.0,0.04,0.04584
1557,,0.825,0.12156,0.46,1.0,1.0,1.0,0.03,0.01816
1558,,0.79,0.09388,0.45,1.0,1.0,1.0,0.02,-0.00952
1559,8,0.79,0.0662,0.405,0.95768,0.98,1.0,0.045,1.0
1560,,0.755,0.03852,0.395,0.96536,0.995,1.0,0.035,0.97232
1561,,0.72,0.01084,0.385,0.97304,1.0,1.0,0.025,0.94464
1562,,0.685,-0.01684,0.375,0.98072,1.0,1.0,0.015,0.91696
1563,2,0.685,1.0,0.4,0.9884,0.98,0.95768,-0.03,0.88928
1564,7,0.65,0.93732,0.34,0.96108,0.995,1.0,1.0,0.8966
1565,,0.615,0.90964,0.33,0.96876,1.0,1.0,0.99,0.86892
1566,,0.58,0.88196,0.32,0.97644,1.0,1.0,0.98,0.84124
1567,,0.545,0.85428,0.31,0.98412,1.0,1.0,0.97,0.81356
1568,,0.51,0.8266,0.3,0.9918,1.0,1.0,0.96,0.78588
1569,,0.475,0.79892,0.29,0.99948,1.0,1.0,0.95,0.7582
1570,,0.44,0.77124,0.28,1.0,1.0,1.0,0.94,0.73052
1571,,0.405,0.74356,0.27,1.0,1.0,1.0,0.93,0.70284
1572,,0.37,0.71588,0.26,1.0,1.0,1.0,0.92,0.67516
1573,,0.335,0.6882,0.25,1.0,1.0,1.0,0.91,0.64748
1574,,0.3,0.66052,0.24,1.0,1.0,1.0,0.9,0.6198
1575,,0.265,0.63284,0.23,1.0,1.0,1.0,0.89,0.59212
1576,,0.23,0.60516,0.22,1.0,1.0,1.0,0.88,0.56444
1577,,0.195,0.57748,0.21,1.0,1.0,1.0,0.87,0.53676
1578,,0.16,0.5498,0.2,1.0,1.0,1.0,0.86,0.50908
1579,,0.125,0.52212,0.19,1.0,1.0,1.0,0.85,0.4814
1580,,0.09,0.49444,0.18,1.0,1.0,1.0,0.84,0.45372
1581,,0.055,0.46676,0.17,1.0,1.0,1.0,0.83,0.42604
1582,,0.02,0.43908,0.16,1.0,1.0,1.0,0.82,0.39836
1583,,-0.015,0.4114,0.15,1.0,1.0,1.0,0.81,0.37068
1584,1,1.0,0.41872,0.14,0.97268,0.965,0.97268,0.8,0.378
1585,,0.965,0.39104,0.13,0.98036,0.98,0.98036,0.79,0.35032
1586,,0.93,0.36336,0.12,0.98804,0.995,0.98804,0.78,0.32264
1587,,0.895,0.33568,0.11,0.99572,1.0,0.99572,0.77,0.29496
1588,,0.86,0.308,0.1,1.0,1.0,1.0,0.76,0.26728
1589,,0.825,0.28032,0.09,1.0,1.0,1.0,0.75,0.2396
1590,,0.79,0.25264,0.08,1.0,1.0,1.0,0.74,0.21192
1591,,0.755,0.22496,0.07,1.0,1.0,1.0,0.73,0.18424
1592,,0.72,0.19728,0.06,1.0,1.0,1.0,0.72,0.15656
1593,,0.685,0.1696,0.05,1.0,1.0,1.0,0.71,0.12888
1594,,0.65,0.14192,0.04,1.0,1.0,1.0,0.7,0.1012
1595,,0.615,0.11424,0.03,1.0,1.0,1.0,0.69,0.07352
1596,,0.58,0.08656,0.02,1.0,1.0,1.0,0.68,0.04584
1597,,0.545,0.05888,0.01,1.0,1.0,1.0,0.67,0.01816
1598,,0.51,0.0312,-0.0,1.0,1.0,1.0,0.66,-0.00952
1599,8,0.51,0.00352,-0.045,0.95768,0.98,1.0,0.685,1.0
1600,3,0.475,0.01084,1.0,1.0,0.995,0.97268,0.625,0.93732
1601,,0.44,-0.01684,0.99,1.0,1.0,0.98036,0.615,0.90964
1602,2,0.44,1.0,1.0,1.0,0.98,0.93804,0.57,0.88196
1603,,0.405,0.97232,0.99,1.0,0.995,0.94572,0.56,0.85428
1604,,0.37,0.94464,0.98,1.0,1.0,0.9534,0.55,0.8266
1605,,0.335,0.91696,0.97,1.0,1.0,0.96108,0.54,0.79892
1606,,0.3,0.88928,0.96,1.0,1.0,0.96876,0.53,0.77124
1607,,0.265,0.8616,0.95,1.0,1.0,0.97644,0.52,0.74356
1608,,0.23,0.83392,0.94,1.0,1.0,0.98412,0.51,0.71588
1609,,0.195,0.80624,0.93,1.0,1.0,0.9918,0.5,0.6882
1610,,0.16,0.77856,0.92,1.0,1.0,0.99948,0.49,0.66052
1611,,0.125,0.75088,0.91,1.0,1.0,1.0,0.48,0.63284
1612,,0.09,0.7232,0.9,1.0,1.0,1.0,0.47,0.60516
1613,,0.055,0.69552,0.89,1.0,1.0,1.0,0.46,0.57748
1614,,0.02,0.66784,0.88,1.0,1.0,1.0,0.45,0.5498
1615,,-0.015,0.64016,0.87,1.0,1.0,1.0,0.44,0.52212
1616,1,1.0,0.64748,0.86,0.97268,0.965,0.97268,0.43,0.52944
1617,,0.965,0.6198,0.85,0.98036,0.98,0.98036,0.42,0.50176
1618,,0.93,0.59212,0.84,0.98804,0.995,0.98804,0.41,0.47408
1619,,0.895,0.56444,0.83,0.99572,1.0,0.99572,0.4,0.4464
1620,,0.86,0.53676,0.82,1.0,1.0,1.0,0.39,0.41872
1621,,0.825,0.50908,0.81,1.0,1.0,1.0,0.38,0.39104
1622,,0.79,0.4814,0.8,1.0,1.0,1.0,0.37,0.36336
1623,,0.755,0.45372,0.79,1.0,1.0,1.0,0.36,0.33568
1624,,0.72,0.42604,0.78,1.0,1.0,1.0,0.35,0.308
1625,,0.685,0.39836,0.77,1.0,1.0,1.0,0.34,0.28032
1626,,0.65,0.37068,0.76,1.0,1.0,1.0,0.33,0.25264
1627,,0.615,0.343,0.75,1.0,1.0,1.0,0.32,0.22496
1628,,0.58,0.31532,0.74,1.0,1.0,1.0,0.31,0.19728
1629,,0.545,0.28764,0.73,1.0,1.0,1.0,0.3,0.1696
1630,,0.51,0.25996,0.72,1.0,1.0,1.0,0.29,0.14192
1631,,0.475,0.23228,0.71,1.0,1.0,1.0,0.28,0.11424
1632,,0.44,0.2046,0.7,1.0,1.0,1.0,0.27,0.08656
1633,,0.405,0.17692,0.69,1.0,1.0,1.0,0.26,0.05888
1634,,0.37,0.14924,0.68,1.0,1.0,1.0,0.25,0.0312
1635,,0.335,0.12156,0.67,1.0,1.0,1.0,0.24,0.00352
1636,,0.3,0.09388,0.66,1.0,1.0,1.0,0.23,-0.02416
1637,8,0.3,0.0662,0.615,0.95768,0.98,1.0,0.255,1.0
1638,,0.265,0.03852,0.605,0.96536,0.995,1.0,0.245,0.97232
1639,,0.23,0.01084,0.595,0.97304,1.0,1.0,0.235,0.94464
1640,,0.195,-0.01684,0.585,0.98072,1.0,1.0,0.225,0.91696
1641,2,0.195,1.0,0.61,0.9884,0.98,0.95768,0.18,0.88928
1642,,0.16,0.97232,0.6,0.99608,0.995,0.96536,0.17,0.8616
1643,,0.125,0.94464,0.59,1.0,1.0,0.97304,0.16,0.83392
1644,,0.09,0.91696,0.58,1.0,1.0,0.98072,0.15,0.80624
1645,,0.055,0.88928,0.57,1.0,1.0,0.9884,0.14,0.77856
1646,,0.02,0.8616,0.56,1.0,1.0,0.99608,0.13,0.75088
1647,,-0.015,0.83392,0.55,1.0,1.0,1.0,0.12,0.7232
1648,1,1.0,0.84124,0.54,0.97268,0.965,0.97268,0.11,0.73052
1649,,0.965,0.81356,0.53,0.98036,0.98,0.98036,0.1,0.70284
1650,,0.93,0.78588,0.52,0.98804,0.995,0.98804,0.09,0.67516
1651,,0.895,0.7582,0.51,0.99572,1.0,0.99572,0.08,0.64748
1652,,0.86,0.73052,0.5,1.0,1.0,1.0,0.07,0.6198
1653,,0.825,0.70284,0.49,1.0,1.0,1.0,0.06,0.59212
1654,,0.79,0.67516,0.48,1.0,1.0,1.0,0.05,0.56444
1655,,0.755,0.64748,0.47,1.0,1.0,1.0,0.04,0.53676
1656,,0.72,0.6198,0.46,1.0,1.0,1.0,0.03,0.50908
1657,,0.685,0.59212,0.45,1.0,1.0,1.0,0.02,0.4814
1658,,0.65,0.56444,0.44,1.0,1.0,1.0,0.01,0.45372
1659,,0.615,0.53676,0.43,1.0,1.0,1.0,-0.0,0.42604
1660,,0.58,0.50908,0.42,1.0,1.0,1.0,-0.01,0.39836
1661,7,0.545,0.4464,0.36,0.97268,1.0,1.0,1.0,0.40568
1662,,0.51,0.41872,0.35,0.98036,1.0,1.0,0.99,0.378
1663,,0.475,0.39104,0.34,0.98804,1.0,1.0,0.98,0.35032
1664,,0.44,0.36336,0.33,0.99572,1.0,1.0,0.97,0.32264
1665,,0.405,0.33568,0.32,1.0,1.0,1.0,0.96,0.29496
1666,,0.37,0.308,0.31,1.0,1.0,1.0,0.95,0.26728
1667,,0.335,0.28032,0.3,1.0,1.0,1.0,0.94,0.2396
1668,,0.3,0.25264,0.29,1.0,1.0,1.0,0.93,0.21192
1669,,0.265,0.22496,0.28,1.0,1.0,1.0,0.92,0.18424
1670,,0.23,0.19728,0.27,1.0,1.0,1.0,0.91,0.15656
1671,,0.195,0.1696,0.26,1.0,1.0,1.0,0.9,0.12888
1672,,0.16,0.14192,0.25,1.0,1.0,1.0,0.89,0.1012
1673,,0.125,0.11424,0.24,1.0,1.0,1.0,0.88,0.07352
1674,,0.09,0.08656,0.23,1.0,1.0,1.0,0.87,0.04584
1675,,0.055,0.05888,0.22,1.0,1.0,1.0,0.86,0.01816
1676,,0.02,0.0312,0.21,1.0,1.0,1.0,0.85,-0.00952
1677,8,0.02,0.00352,0.165,0.95768,0.98,1.0,0.875,1.0
1678,,-0.015,-0.02416,0.155,0.96536,0.995,1.0,0.865,0.97232
1679,2,-0.015,1.0,0.18,0.97304,0.975,0.95768,0.82,0.94464
1680,1,1.0,1.0,0.17,0.94572,0.94,0.93036,0.81,0.95196
1681,,0.965,0.97232,0.16,0.9534,0.955,0.93804,0.8,0.92428
1682,,0.93,0.94464,0.15,0.96108,0.97,0.94572,0.79,0.8966
1683,,0.895,0.91696,0.14,0.96876,0.985,0.9534,0.78,0.86892
1684,,0.86,0.88928,0.13,0.97644,1.0,0.96108,0.77,0.84124
1685,,0.825,0.8616,0.12,0.98412,1.0,0.96876,0.76,0.81356
1686,,0.79,0.83392,0.11,0.9918,1.0,0.97644,0.75,0.78588
1687,,0.755,0.80624,0.1,0.99948,1.0,0.98412,0.74,0.7582
1688,,0.72,0.77856,0.09,1.0,1.0,0.9918,0.73,0.73052
1689,,0.685,0.75088,0.08,1.0,1.0,0.99948,0.72,0.70284
1690,,0.65,0.7232,0.07,1.0,1.0,1.0,0.71,0.67516
1691,,0.615,0.69552,0.06,1.0,1.0,1.0,0.7,0.64748
1692,,0.58,0.66784,0.05,1.0,1.0,1.0,0.69,0.6198
1693,,0.545,0.64016,0.04,1.0,1.0,1.0,0.68,0.59212
1694,,0.51,0.61248,0.03,1.0,1.0,1.0,0.67,0.56444
1695,,0.475,0.5848,0.02,1.0,1.0,1.0,0.66,0.53676
1696,,0.44,0.55712,0.01,1.0,1.0,1.0,0.65,0.50908
1697,,0.405,0.52944,-0.0,1.0,1.0,1.0,0.64,0.4814
1698,,0.37,0.50176,-0.01,1.0,1.0,1.0,0.63,0.45372
1699,3,0.335,0.50908,1.0,1.0,1.0,0.97268,0.57,0.39104
1700,,0.3,0.4814,0.99,1.0,1.0,0.98036,0.56,0.36336
1701,,0.265,0.45372,0.98,1.0,1.0,0.98804,0.55,0.33568
1702,,0.23,0.42604,0.97,1.0,1.0,0.99572,0.54,0.308
1703,,0.195,0.39836,0.96,1.0,1.0,1.0,0.53,0.28032
1704,,0.16,0.37068,0.95,1.0,1.0,1.0,0.52,0.25264
1705,,0.125,0.343,0.94,1.0,1.0,1.0,0.51,0.22496
1706,,0.09,0.31532,0.93,1.0,1.0,1.0,0.5,0.19728
1707,,0.055,0.28764,0.92,1.0,1.0,1.0,0.49,0.1696
1708,,0.02,0.25996,0.91,1.0,1.0,1.0,0.48,0.14192
1709,,-0.015,0.23228,0.9,1.0,1.0,1.0,0.47,0.11424
1710,1,1.0,0.2396,0.89,0.97268,0.965,0.97268,0.46,0.12156
1711,,0.965,0.21192,0.88,0.98036,0.98,0.98036,0.45,0.09388
1712,,0.93,0.18424,0.87,0.98804,0.995,0.98804,0.44,0.0662
1713,,0.895,0.15656,0.86,0.99572,1.0,0.99572,0.43,0.03852
1714,,0.86,0.12888,0.85,1.0,1.0,1.0,0.42,0.01084
1715,,0.825,0.1012,0.84,1.0,1.0,1.0,0.41,-0.01684
1716,8,0.825,0.07352,0.795,0.95768,0.98,1.0,0.435,1.0
1717,,0.79,0.04584,0.785,0.96536,0.995,1.0,0.425,0.97232
1718,,0.755,0.01816,0.775,0.97304,1.0,1.0,0.415,0.94464
1719,,0.72,-0.00952,0.765,0.98072,1.0,1.0,0.405,0.91696
1720,2,0.72,1.0,0.79,0.9884,0.98,0.95768,0.36,0.88928
1721,,0.685,0.97232,0.78,0.99608,0.995,0.96536,0.35,0.8616
1722,,0.65,0.94464,0.77,1.0,1.0,0.97304,0.34,0.83392
1723,,0.615,0.91696,0.76,1.0,1.0,0.98072,0.33,0.80624
1724,,0.58,0.88928,0.75,1.0,1.0,0.9884,0.32,0.77856
1725,,0.545,0.8616,0.74,1.0,1.0,0.99608,0.31,0.75088
1726,,0.51,0.83392,0.73,1.0,1.0,1.0,0.3,0.7232
1727,,0.475,0.80624,0.72,1.0,1.0,1.0,0.29,0.69552
1728,,0.44,0.77856,0.71,1.0,1.0,1.0,0.28,0.66784
1729,,0.405,0.75088,0.7,1.0,1.0,1.0,0.27,0.64016
1730,,0.37,0.7232,0.69,1.0,1.0,1.0,0.26,0.61248
1731,,0.335,0.69552,0.68,1.0,1.0,1.0,0.25,0.5848
1732,,0.3,0.66784,0.67,1.0,1.0,1.0,0.24,0.55712
1733,,0.265,0.64016,0.66,1.0,1.0,1.0,0.23,0.52944
1734,,0.23,0.61248,0.65,1.0,1.0,1.0,0.22,0.50176
1735,,0.195,0.5848,0.64,1.0,1.0,1.0,0.21,0.47408
1736,,0.16,0.55712,0.63,1.0,1.0,1.0,0.2,0.4464
1737,,0.125,0.52944,0.62,1.0,1.0,1.0,0.19,0.41872
1738,,0.09,0.50176,0.61,1.0,1.0,1.0,0.18,0.39104
1739,,0.055,0.47408,0.6,1.0,1.0,1.0,0.17,0.36336
1740,,0.02,0.4464,0.59,1.0,1.0,1.0,0.16,0.33568
1741,,-0.015,0.41872,0.58,1.0,1.0,1.0,0.15,0.308
1742,1,1.0,0.42604,0.57,0.97268,0.965,0.97268,0.14,0.31532
1743,,0.965,0.39836,0.56,0.98036,0.98,0.98036,0.13,0.28764
1744,,0.93,0.37068,0.55,0.98804,0.995,0.98804,0.12,0.25996
1745,,0.895,0.343,0.54,0.99572,1.0,0.99572,0.11,0.23228
1746,,0.86,0.31532,0.53,1.0,1.0,1.0,0.1,0.2046
1747,,0.825,0.28764,0.52,1.0,1.0,1.0,0.09,0.17692
1748,,0.79,0.25996,0.51,1.0,1.0,1.0,0.08,0.14924
1749,,0.755,0.23228,0.5,1.0,1.0,1.0,0.07,0.12156
1750,,0.72,0.2046,0.49,1.0,1.0,1.0,0.06,0.09388
1751,,0.685,0.17692,0.48,1.0,1.0,1.0,0.05,0.0662
1752,,0.65,0.14924,0.47,1.0,1.0,1.0,0.04,0.03852
1753,,0.615,0.12156,0.46,1.0,1.0,1.0,0.03,0.01084
1754,,0.58,0.09388,0.45,1.0,1.0,1.0,0.02,-0.01684
1755,8,0.58,0.0662,0.405,0.95768,0.98,1.0,0.045,1.0
1756,,0.545,0.03852,0.395,0.96536,0.995,1.0,0.035,0.97232
1757,,0.51,0.01084,0.385,0.97304,1.0,1.0,0.025,0.94464
1758,,0.475,-0.01684,0.375,0.98072,1.0,1.0,0.015,0.91696
1759,2,0.475,1.0,0.4,0.9884,0.98,0.95768,-0.03,0.88928
1760,7,0.44,0.93732,0.34,0.96108,0.995,1.0,1.0,0.8966
1761,,0.405,0.90964,0.33,0.96876,1.0,1.0,0.99,0.86892
1762,,0.37,0.88196,0.32,0.97644,1.0,1.0,0.98,0.84124
1763,,0.335,0.85428,0.31,0.98412,1.0,1.0,0.97,0.81356
1764,,0.3,0.8266,0.3,0.9918,1.0,1.0,0.96,0.78588
1765,,0.265,0.79892,0.29,0.99948,1.0,1.0,0.95,0.7582
1766,,0.23,0.77124,0.28,1.0,1.0,1.0,0.94,0.73052
1767,,0.195,0.74356,0.27,1.0,1.0,1.0,0.93,0.70284
1768,,0.16,0.71588,0.26,1.0,1.0,1.0,0.92,0.67516
1769,,0.125,0.6882,0.25,1.0,1.0,1.0,0.91,0.64748
1770,,0.09,0.66052,0.24,1.0,1.0,1.0,0.9,0.6198
1771,,0.055,0.63284,0.23,1.0,1.0,1.0,0.89,0.59212
1772,,0.02,0.60516,0.22,1.0,1.0,1.0,0.88,0.56444
1773,,-0.015,0.57748,0.21,1.0,1.0,1.0,0.87,0.53676
1774,1,1.0,0.5848,0.2,0.97268,0.965,0.97268,0.86,0.54408
1775,,0.965,0.55712,0.19,0.98036,0.98,0.98036,0.85,0.5164
1776,,0.93,0.52944,0.18,0.98804,0.995,0.98804,0.84,0.48872
1777,,0.895,0.50176,0.17,0.99572,1.0,0.99572,0.83,0.46104
1778,,0.86,0.47408,0.16,1.0,1.0,1.0,0.82,0.43336
1779,,0.825,0.4464,0.15,1.0,1.0,1.0,0.81,0.40568
1780,,0.79,0.41872,0.14,1.0,1.0,1.0,0.8,0.378
1781,,0.755,0.39104,0.13,1.0,1.0,1.0,0.79,0.35032
1782,,0.72,0.36336,0.12,1.0,1.0,1.0,0.78,0.32264
1783,,0.685,0.33568,0.11,1.0,1.0,1.0,0.77,0.29496
1784,,0.65,0.308,0.1,1.0,1.0,1.0,0.76,0.26728
1785,,0.615,0.28032,0.09,1.0,1.0,1.0,0.75,0.2396
1786,,0.58,0.25264,0.08,1.0,1.0,1.0,0.74,0.21192
1787,,0.545,0.22496,0.07,1.0,1.0,1.0,0.73,0.18424
1788,,0.51,0.19728,0.06,1.0,1.0,1.0,0.72,0.15656
1789,,0.475,0.1696,0.05,1.0,1.0,1.0,0.71,0.12888
1790,,0.44,0.14192,0.04,1.0,1.0,1.0,0.7,0.1012
1791,,0.405,0.11424,0.03,1.0,1.0,1.0,0.69,0.07352
1792,,0.37,0.08656,0.02,1.0,1.0,1.0,0.68,0.04584
1793,,0.335,0.05888,0.01,1.0,1.0,1.0,0.67,0.01816
1794,,0.3,0.0312,-0.0,1.0,1.0,1.0,0.66,-0.00952
1795,8,0.3,0.00352,-0.045,0.95768,0.98,1.0,0.685,1.0
1796,3,0.265,0.01084,1.0,1.0,0.995,0.97268,0.625,0.93732
1797,,0.23,-0.01684,0.99,1.0,1.0,0.98036,0.615,0.90964
1798,2,0.23,1.0,1.0,1.0,0.98,0.93804,0.57,0.88196
1799,,0.195,0.97232,0.99,1.0,0.995,0.94572,0.56,0.85428
1800,,0.16,0.94464,0.98,1.0,1.0,0.9534,0.55,0.8266
1801,,0.125,0.91696,0.97,1.0,1.0,0.96108,0.54,0.79892
1802,,0.09,0.88928,0.96,1.0,1.0,0.96876,0.53,0.77124
1803,,0.055,0.8616,0.95,1.0,1.0,0.97644,0.52,0.74356
1804,,0.02,0.83392,0.94,1.0,1.0,0.98412,0.51,0.71588
1805,,-0.015,0.80624,0.93,1.0,1.0,0.9918,0.5,0.6882
1806,1,1.0,0.81356,0.92,0.97268,0.965,0.96448,0.49,0.69552
1807,,0.965,0.78588,0.91,0.98036,0.98,0.97216,0.48,0.66784
1808,,0.93,0.7582,0.9,0.98804,0.995,0.97984,0.47,0.64016
1809,,0.895,0.73052,0.89,0.99572,1.0,0.98752,0.46,0.61248
1810,,0.86,0.70284,0.88,1.0,1.0,0.9952,0.45,0.5848
1811,,0.825,0.67516,0.87,1.0,1.0,1.0,0.44,0.55712
1812,,0.79,0.64748,0.86,1.0,1.0,1.0,0.43,0.52944
1813,,0.755,0.6198,0.85,1.0,1.0,1.0,0.42,0.50176
1814,,0.72,0.59212,0.84,1.0,1.0,1.0,0.41,0.47408
1815,,0.685,0.56444,0.83,1.0,1.0,1.0,0.4,0.4464
1816,,0.65,0.53676,0.82,1.0,1.0,1.0,0.39,0.41872
1817,,0.615,0.50908,0.81,1.0,1.0,1.0,0.38,0.39104
1818,,0.58,0.4814,0.8,1.0,1.0,1.0,0.37,0.36336
1819,,0.545,0.45372,0.79,1.0,1.0,1.0,0.36,0.33568
1820,,0.51,0.42604,0.78,1.0,1.0,1.0,0.35,0.308
1821,,0.475,0.39836,0.77,1.0,1.0,1.0,0.34,0.28032
1822,,0.44,0.37068,0.76,1.0,1.0,1.0,0.33,0.25264
1823,,0.405,0.343,0.75,1.0,1.0,1.0,0.32,0.22496
1824,,0.37,0.31532,0.74,1.0,1.0,1.0,0.31,0.19728
1825,,0.335,0.28764,0.73,1.0,1.0,1.0,0.3,0.1696
1826,,0.3,0.25996,0.72,1.0,1.0,1.0,0.29,0.14192
1827,,0.265,0.23228,0.71,1.0,1.0,1.0,0.28,0.11424
1828,,0.23,0.2046,0.7,1.0,1.0,1.0,0.27,0.08656
1829,,0.195,0.17692,0.69,1.0,1.0,1.0,0.26,0.05888
1830,,0.16,0.14924,0.68,1.0,1.0,1.0,0.25,0.0312
1831,,0.125,0.12156,0.67,1.0,1.0,1.0,0.24,0.00352
1832,,0.09,0.09388,0.66,1.0,1.0,1.0,0.23,-0.02416
1833,8,0.09,0.0662,0.615,0.95768,0.98,1.0,0.255,1.0
1834,,0.055,0.03852,0.605,0.96536,0.995,1.0,0.245,0.97232
1835,,0.02,0.01084,0.595,0.97304,1.0,1.0,0.235,0.94464
1836,,-0.015,-0.01684,0.585,0.98072,1.0,1.0,0.225,0.91696
1837,2,-0.015,1.0,0.61,0.9884,0.98,0.95768,0.18,0.88928
1838,1,1.0,1.0,0.6,0.96108,0.945,0.93036,0.17,0.8966
1839,,0.965,0.97232,0.59,0.96876,0.96,0.93804,0.16,0.86892
1840,,0.93,0.94464,0.58,0.97644,0.975,0.94572,0.15,0.84124
1841,,0.895,0.91696,0.57,0.98412,0.99,0.9534,0.14,0.81356
1842,,0.86,0.88928,0.56,0.9918,1.0,0.96108,0.13,0.78588
1843,,0.825,0.8616,0.55,0.99948,1.0,0.96876,0.12,0.7582
1844,,0.79,0.83392,0.54,1.0,1.0,0.97644,0.11,0.73052
1845,,0.755,0.80624,0.53,1.0,1.0,0.98412,0.1,0.70284
1846,,0.72,0.77856,0.52,1.0,1.0,0.9918,0.09,0.67516
1847,,0.685,0.75088,0.51,1.0,1.0,0.99948,0.08,0.64748
1848,,0.65,0.7232,0.5,1.0,1.0,1.0,0.07,0.6198
1849,,0.615,0.69552,0.49,1.0,1.0,1.0,0.06,0.59212
1850,,0.58,0.66784,0.48,1.0,1.0,1.0,0.05,0.56444
1851,,0.545,0.64016,0.47,1.0,1.0,1.0,0.04,0.53676
1852,,0.51,0.61248,0.46,1.0,1.0,1.0,0.03,0.50908
1853,,0.475,0.5848,0.45,1.0,1.0,1.0,0.02,0.4814
1854,,0.44,0.55712,0.44,1.0,1.0,1.0,0.01,0.45372
1855,,0.405,0.52944,0.43,1.0,1.0,1.0,-0.0,0.42604
1856,,0.37,0.50176,0.42,1.0,1.0,1.0,-0.01,0.39836
1857,7,0.335,0.43908,0.36,0.97268,1.0,1.0,1.0,0.40568
1858,,0.3,0.4114,0.35,0.98036,1.0,1.0,0.99,0.378
1859,,0.265,0.38372,0.34,0.98804,1.0,1.0,0.98,0.35032
1860,,0.23,0.35604,0.33,0.99572,1.0,1.0,0.97,0.32264
1861,,0.195,0.32836,0.32,1.0,1.0,1.0,0.96,0.29496
1862,,0.16,0.30068,0.31,1.0,1.0,1.0,0.95,0.26728
1863,,0.125,0.273,0.3,1.0,1.0,1.0,0.94,0.2396
1864,,0.09,0.24532,0.29,1.0,1.0,1.0,0.93,0.21192
1865,,0.055,0.21764,0.28,1.0,1.0,1.0,0.92,0.18424
1866,,0.02,0.18996,0.27,1.0,1.0,1.0,0.91,0.15656
1867,,-0.015,0.16228,0.26,1.0,1.0,1.0,0.9,0.12888
1868,1,1.0,0.1696,0.25,0.97268,0.965,0.97268,0.89,0.1362
1869,,0.965,0.14192,0.24,0.98036,0.98,0.98036,0.88,0.10852
1870,,0.93,0.11424,0.23,0.98804,0.995,0.98804,0.87,0.08084
1871,,0.895,0.08656,0.22,0.99572,1.0,0.99572,0.86,0.05316
1872,,0.86,0.05888,0.21,1.0,1.0,1.0,0.85,0.02548
1873,,0.825,0.0312,0.2,1.0,1.0,1.0,0.84,-0.0022
1874,8,0.825,0.00352,0.155,0.95768,0.98,1.0,0.865,1.0
1875,,0.79,-0.02416,0.145,0.96536,0.995,1.0,0.855,0.97232
1876,2,0.79,1.0,0.17,0.97304,0.975,0.95768,0.81,0.94464
1877,,0.755,0.97232,0.16,0.98072,0.99,0.96536,0.8,0.91696
1878,,0.72,0.94464,0.15,0.9884,1.0,0.97304,0.79,0.88928
1879,,0.685,0.91696,0.14,0.99608,1.0,0.98072,0.78,0.8616
1880,,0.65,0.88928,0.13,1.0,1.0,0.9884,0.77,0.83392
1881,,0.615,0.8616,0.12,1.0,1.0,0.99608,0.76,0.80624
1882,,0.58,0.83392,0.11,1.0,1.0,1.0,0.75,0.77856
1883,,0.545,0.80624,0.1,1.0,1.0,1.0,0.74,0.75088
1884,,0.51,0.77856,0.09,1.0,1.0,1.0,0.73,0.7232
1885,,0.475,0.75088,0.08,1.0,1.0,1.0,0.72,0.69552
1886,,0.44,0.7232,0.07,1.0,1.0,1.0,0.71,0.66784
1887,,0.405,0.69552,0.06,1.0,1.0,1.0,0.7,0.64016
1888,,0.37,0.66784,0.05,1.0,1.0,1.0,0.69,0.61248
1889,,0.335,0.64016,0.04,1.0,1.0,1.0,0.68,0.5848
1890,,0.3,0.61248,0.03,1.0,1.0,1.0,0.67,0.55712
1891,,0.265,0.5848,0.02,1.0,1.0,1.0,0.66,0.52944
1892,,0.23,0.55712,0.01,1.0,1.0,1.0,0.65,0.50176
1893,,0.195,0.52944,-0.0,1.0,1.0,1.0,0.64,0.47408
1894,,0.16,0.50176,-0.01,1.0,1.0,1.0,0.63,0.4464
1895,3,0.125,0.50908,1.0,1.0,1.0,0.97268,0.57,0.38372
1896,,0.09,0.4814,0.99,1.0,1.0,0.98036,0.56,0.35604
1897,,0.055,0.45372,0.98,1.0,1.0,0.98804,0.55,0.32836
1898,,0.02,0.42604,0.97,1.0,1.0,0.99572,0.54,0.30068
1899,,-0.015,0.39836,0.96,1.0,1.0,1.0,0.53,0.273
1900,1,1.0,0.40568,0.95,0.97268,0.965,0.97268,0.52,0.28032
1901,,0.965,0.378,0.94,0.98036,0.98,0.98036,0.51,0.25264
1902,,0.93,0.35032,0.93,0.98804,0.995,0.98804,0.5,0.22496
1903,,0.895,0.32264,0.92,0.99572,1.0,0.99572,0.49,0.19728
1904,,0.86,0.29496,0.91,1.0,1.0,1.0,0.48,0.1696
1905,,0.825,0.26728,0.9,1.0,1.0,1.0,0.47,0.14192
1906,,0.79,0.2396,0.89,1.0,1.0,1.0,0.46,0.11424
1907,,0.755,0.21192,0.88,1.0,1.0,1.0,0.45,0.08656
1908,,0.72,0.18424,0.87,1.0,1.0,1.0,0.44,0.05888
1909,,0.685,0.15656,0.86,1.0,1.0,1.0,0.43,0.0312
1910,,0.65,0.12888,0.85,1.0,1.0,1.0,0.42,0.00352
1911,,0.615,0.1012,0.84,1.0,1.0,1.0,0.41,-0.02416
1912,8,0.615,0.07352,0.795,0.95768,0.98,1.0,0.435,1.0
1913,,0.58,0.04584,0.785,0.96536,0.995,1.0,0.425,0.97232
1914,,0.545,0.01816,0.775,0.97304,1.0,1.0,0.415,0.94464
1915,,0.51,-0.00952,0.765,0.98072,1.0,1.0,0.405,0.91696
1916,2,0.51,1.0,0.79,0.9884,0.98,0.95768,0.36,0.88928
1917,,0.475,0.97232,0.78,0.99608,0.995,0.96536,0.35,0.8616
1918,,0.44,0.94464,0.77,1.0,1.0,0.97304,0.34,0.83392
1919,,0.405,0.91696,0.76,1.0,1.0,0.98072,0.33,0.80624
1920,,0.37,0.88928,0.75,1.0,1.0,0.9884,0.32,0.77856
1921,,0.335,0.8616,0.74,1.0,1.0,0.99608,0.31,0.75088
1922,,0.3,0.83392,0.73,1.0,1.0,1.0,0.3,0.7232
1923,,0.265,0.80624,0.72,1.0,1.0,1.0,0.29,0.69552
1924,,0.23,0.77856,0.71,1.0,1.0,1.0,0.28,0.66784
1925,,0.195,0.75088,0.7,1.0,1.0,1.0,0.27,0.64016
1926,,0.16,0.7232,0.69,1.0,1.0,1.0,0.26,0.61248
1927,,0.125,0.69552,0.68,1.0,1.0,1.0,0.25,0.5848
1928,,0.09,0.66784,0.67,1.0,1.0,1.0,0.24,0.55712
1929,,0.055,0.64016,0.66,1.0,1.0,1.0,0.23,0.52944
1930,,0.02,0.61248,0.65,1.0,1.0,1.0,0.22,0.50176
1931,,-0.015,0.5848,0.64,1.0,1.0,1.0,0.21,0.47408
1932,1,1.0,0.59212,0.63,0.97268,0.965,0.97268,0.2,0.4814
1933,,0.965,0.56444,0.62,0.98036,0.98,0.98036,0.19,0.45372
1934,,0.93,0.53676,0.61,0.98804,0.995,0.98804,0.18,0.42604
1935,,0.895,0.50908,0.6,0.99572,1.0,0.99572,0.17,0.39836
1936,,0.86,0.4814,0.59,1.0,1.0,1.0,0.16,0.37068
1937,,0.825,0.45372,0.58,1.0,1.0,1.0,0.15,0.343
1938,,0.79,0.42604,0.57,1.0,1.0,1.0,0.14,0.31532
1939,,0.755,0.39836,0.56,1.0,1.0,1.0,0.13,0.28764
1940,,0.72,0.37068,0.55,1.0,1.0,1.0,0.12,0.25996
1941,,0.685,0.343,0.54,1.0,1.0,1.0,0.11,0.23228
1942,,0.65,0.31532,0.53,1.0,1.0,1.0,0.1,0.2046
1943,,0.615,0.28764,0.52,1.0,1.0,1.0,0.09,0.17692
1944,,0.58,0.25996,0.51,1.0,1.0,1.0,0.08,0.14924
1945,,0.545,0.23228,0.5,1.0,1.0,1.0,0.07,0.12156
1946,,0.51,0.2046,0.49,1.0,1.0,1.0,0.06,0.09388
1947,,0.475,0.17692,0.48,1.0,1.0,1.0,0.05,0.0662
1948,,0.44,0.14924,0.47,1.0,1.0,1.0,0.04,0.03852
1949,,0.405,0.12156,0.46,1.0,1.0,1.0,0.03,0.01084
1950,,0.37,0.09388,0.45,1.0,1.0,1.0,0.02,-0.01684
1951,8,0.37,0.0662,0.405,0.95768,0.98,1.0,0.045,1.0
1952,,0.335,0.03852,0.395,0.96536,0.995,1.0,0.035,0.97232
1953,,0.3,0.01084,0.385,0.97304,1.0,1.0,0.025,0.94464
1954,,0.265,-0.01684,0.375,0.98072,1.0,1.0,0.015,0.91696
1955,2,0.265,1.0,0.4,0.9884,0.98,0.95768,-0.03,0.88928
1956,7,0.23,0.93732,0.34,0.96108,0.995,1.0,1.0,0.8966
1957,,0.195,0.90964,0.33,0.96876,1.0,1.0,0.99,0.86892
1958,,0.16,0.88196,0.32,0.97644,1.0,1.0,0.98,0.84124
1959,,0.125,0.85428,0.31,0.98412,1.0,1.0,0.97,0.81356
1960,,0.09,0.8266,0.3,0.9918,1.0,1.0,0.96,0.78588
1961,,0.055,0.79892,0.29,0.99948,1.0,1.0,0.95,0.7582
1962,,0.02,0.77124,0.28,1.0,1.0,1.0,0.94,0.73052
1963,,-0.015,0.74356,0.27,1.0,1.0,1.0,0.93,0.70284
1964,1,1.0,0.75088,0.26,0.97268,0.965,0.97268,0.92,0.71016
1965,,0.965,0.7232,0.25,0.98036,0.98,0.98036,0.91,0.68248
1966,,0.93,0.69552,0.24,0.98804,0.995,0.98804,0.9,0.6548
1967,,0.895,0.66784,0.23,0.99572,1.0,0.99572,0.89,0.62712
1968,,0.86,0.64016,0.22,1.0,1.0,1.0,0.88,0.59944
1969,,0.825,0.61248,0.21,1.0,1.0,1.0,0.87,0.57176
1970,,0.79,0.5848,0.2,1.0,1.0,1.0,0.86,0.54408
1971,,0.755,0.55712,0.19,1.0,1.0,1.0,0.85,0.5164
1972,,0.72,0.52944,0.18,1.0,1.0,1.0,0.84,0.48872
1973,,0.685,0.50176,0.17,1.0,1.0,1.0,0.83,0.46104
1974,,0.65,0.47408,0.16,1.0,1.0,1.0,0.82,0.43336
1975,,0.615,0.4464,0.15,1.0,1.0,1.0,0.81,0.40568
1976,,0.58,0.41872,0.14,1.0,1.0,1.0,0.8,0.378
1977,,0.545,0.39104,0.13,1.0,1.0,1.0,0.79,0.35032
1978,,0.51,0.36336,0.12,1.0,1.0,1.0,0.78,0.32264
1979,,0.475,0.33568,0.11,1.0,1.0,1.0,0.77,0.29496
1980,,0.44,0.308,0.1,1.0,1.0,1.0,0.76,0.26728
1981,,0.405,0.28032,0.09,1.0,1.0,1.0,0.75,0.2396
1982,,0.37,0.25264,0.08,1.0,1.0,1.0,0.74,0.21192
1983,,0.335,0.22496,0.07,1.0,1.0,1.0,0.73,0.18424
1984,,0.3,0.19728,0.06,1.0,1.0,1.0,0.72,0.15656
1985,,0.265,0.1696,0.05,1.0,1.0,1.0,0.71,0.12888
1986,,0.23,0.14192,0.04,1.0,1.0,1.0,0.7,0.1012
1987,,0.195,0.11424,0.03,1.0,1.0,1.0,0.69,0.07352
1988,,0.16,0.08656,0.02,1.0,1.0,1.0,0.68,0.04584
1989,,0.125,0.05888,0.01,1.0,1.0,1.0,0.67,0.01816
1990,,0.09,0.0312,-0.0,1.0,1.0,1.0,0.66,-0.00952
1991,8,0.09,0.00352,-0.045,0.95768,0.98,1.0,0.685,1.0
1992,3,0.055,0.01084,1.0,1.0,0.995,0.97268,0.625,0.93732
1993,,0.02,-0.01684,0.99,1.0,1.0,0.98036,0.615,0.90964
1994,2,0.02,1.0,1.0,1.0,0.98,0.93804,0.57,0.88196
1995,,-0.015,0.97232,0.99,1.0,0.995,0.94572,0.56,0.85428
1996,1,1.0,0.97964,0.98,0.97268,0.96,0.9184,0.55,0.8616
1997,,0.965,0.95196,0.97,0.98036,0.975,0.92608,0.54,0.83392
1998,,0.93,0.92428,0.96,0.98804,0.99,0.93376,0.53,0.80624
1999,,0.895,0.8966,0.95,0.99572,1.0,0.94144,0.52,0.77856
2000,,0.86,0.86892,0.94,1.0,1.0,0.94912,0.51,0.75088
2001,,0.825,0.84124,0.93,1.0,1.0,0.9568,0.5,0.7232
2002,,0.79,0.81356,0.92,1.0,1.0,0.96448,0.49,0.69552
2003,,0.755,0.78588,0.91,1.0,1.0,0.97216,0.48,0.66784
2004,,0.72,0.7582,0.9,1.0,1.0,0.97984,0.47,0.64016
2005,,0.685,0.73052,0.89,1.0,1.0,0.98752,0.46,0.61248
2006,,0.65,0.70284,0.88,1.0,1.0,0.9952,0.45,0.5848
2007,,0.615,0.67516,0.87,1.0,1.0,1.0,0.44,0.55712
2008,,0.58,0.64748,0.86,1.0,1.0,1.0,0.43,0.52944
2009,,0.545,0.6198,0.85,1.0,1.0,1.0,0.42,0.50176
2010,,0.51,0.59212,0.84,1.0,1.0,1.0,0.41,0.47408
2011,,0.475,0.56444,0.83,1.0,1.0,1.0,0.4,0.4464
2012,,0.44,0.53676,0.82,1.0,1.0,1.0,0.39,0.41872
2013,,0.405,0.50908,0.81,1.0,1.0,1.0,0.38,0.39104
2014,,0.37,0.4814,0.8,1.0,1.0,1.0,0.37,0.36336
2015,,0.335,0.45372,0.79,1.0,1.0,1.0,0.36,0.33568
2016,,0.3,0.42604,0.78,1.0,1.0,1.0,0.35,0.308
2017,,0.265,0.39836,0.77,1.0,1.0,1.0,0.34,0.28032
2018,,0.23,0.37068,0.76,1.0,1.0,1.0,0.33,0.25264
2019,,0.195,0.343,0.75,1.0,1.0,1.0,0.32,0.22496
2020,,0.16,0.31532,0.74,1.0,1.0,1.0,0.31,0.19728
2021,,0.125,0.28764,0.73,1.0,1.0,1.0,0.3,0.1696
2022,,0.09,0.25996,0.72,1.0,1.0,1.0,0.29,0.14192
2023,,0.055,0.23228,0.71,1.0,1.0,1.0,0.28,0.11424
2024,,0.02,0.2046,0.7,1.0,1.0,1.0,0.27,0.08656
2025,,-0.015,0.17692,0.69,1.0,1.0,1.0,0.26,0.05888
2026,1,1.0,0.18424,0.68,0.97268,0.965,0.97268,0.25,0.0662
2027,,0.965,0.15656,0.67,0.98036,0.98,0.98036,0.24,0.03852
2028,,0.93,0.12888,0.66,0.98804,0.995,0.98804,0.23,0.01084
2029,,0.895,0.1012,0.65,0.99572,1.0,0.99572,0.22,-0.01684
2030,8,0.895,0.07352,0.605,0.9534,0.98,1.0,0.245,1.0
2031,,0.86,0.04584,0.595,0.96108,0.995,1.0,0.235,0.97232
2032,,0.825,0.01816,0.585,0.96876,1.0,1.0,0.225,0.94464
2033,,0.79,-0.00952,0.575,0.97644,1.0,1.0,0.215,0.91696
2034,2,0.79,1.0,0.6,0.98412,0.98,0.95768,0.17,0.88928
2035,,0.755,0.97232,0.59,0.9918,0.995,0.96536,0.16,0.8616
2036,,0.72,0.94464,0.58,0.99948,1.0,0.97304,0.15,0.83392
2037,,0.685,0.91696,0.57,1.0,1.0,0.98072,0.14,0.80624
2038,,0.65,0.88928,0.56,1.0,1.0,0.9884,0.13,0.77856
2039,,0.615,0.8616,0.55,1.0,1.0,0.99608,0.12,0.75088
2040,,0.58,0.83392,0.54,1.0,1.0,1.0,0.11,0.7232
2041,,0.545,0.80624,0.53,1.0,1.0,1.0,0.1,0.69552
2042,,0.51,0.77856,0.52,1.0,1.0,1.0,0.09,0.66784
2043,,0.475,0.75088,0.51,1.0,1.0,1.0,0.08,0.64016
2044,,0.44,0.7232,0.5,1.0,1.0,1.0,0.07,0.61248
2045,,0.405,0.69552,0.49,1.0,1.0,1.0,0.06,0.5848
2046,,0.37,0.66784,0.48,1.0,1.0,1.0,0.05,0.55712
2047,,0.335,0.64016,0.47,1.0,1.0,1.0,0.04,0.52944
2048,,0.3,0.61248,0.46,1.0,1.0,1.0,0.03,0.50176
2049,,0.265,0.5848,0.45,1.0,1.0,1.0,0.02,0.47408
2050,,0.23,0.55712,0.44,1.0,1.0,1.0,0.01,0.4464
2051,,0.195,0.52944,0.43,1.0,1.0,1.0,-0.0,0.41872
2052,,0.16,0.50176,0.42,1.0,1.0,1.0,-0.01,0.39104
2053,7,0.125,0.43908,0.36,0.97268,1.0,1.0,1.0,0.39836
2054,,0.09,0.4114,0.35,0.98036,1.0,1.0,0.99,0.37068
2055,,0.055,0.38372,0.34,0.98804,1.0,1.0,0.98,0.343
2056,,0.02,0.35604,0.33,0.99572,1.0,1.0,0.97,0.31532
2057,,-0.015,0.32836,0.32,1.0,1.0,1.0,0.96,0.28764
2058,1,1.0,0.33568,0.31,0.97268,0.965,0.97268,0.95,0.29496
2059,,0.965,0.308,0.3,0.98036,0.98,0.98036,0.94,0.26728
2060,,0.93,0.28032,0.29,0.98804,0.995,0.98804,0.93,0.2396
2061,,0.895,0.25264,0.28,0.99572,1.0,0.99572,0.92,0.21192
2062,,0.86,0.22496,0.27,1.0,1.0,1.0,0.91,0.18424
2063,,0.825,0.19728,0.26,1.0,1.0,1.0,0.9,0.15656
2064,,0.79,0.1696,0.25,1.0,1.0,1.0,0.89,0.12888
2065,,0.755,0.14192,0.24,1.0,1.0,1.0,0.88,0.1012
2066,,0.72,0.11424,0.23,1.0,1.0,1.0,0.87,0.07352
2067,,0.685,0.08656,0.22,1.0,1.0,1.0,0.86,0.04584
2068,,0.65,0.05888,0.21,1.0,1.0,1.0,0.85,0.01816
2069,,0.615,0.0312,0.2,1.0,1.0,1.0,0.84,-0.00952
2070,8,0.615,0.00352,0.155,0.95768,0.98,1.0,0.865,1.0
2071,,0.58,-0.02416,0.145,0.96536,0.995,1.0,0.855,0.97232
2072,2,0.58,1.0,0.17,0.97304,0.975,0.95768,0.81,0.94464
2073,,0.545,0.97232,0.16,0.98072,0.99,0.96536,0.8,0.91696
2074,,0.51,0.94464,0.15,0.9884,1.0,0.97304,0.79,0.88928
2075,,0.475,0.91696,0.14,0.99608,1.0,0.98072,0.78,0.8616
2076,,0.44,0.88928,0.13,1.0,1.0,0.9884,0.77,0.83392
2077,,0.405,0.8616,0.12,1.0,1.0,0.99608,0.76,0.80624
2078,,0.37,0.83392,0.11,1.0,1.0,1.0,0.75,0.77856
2079,,0.335,0.80624,0.1,1.0,1.0,1.0,0.74,0.75088
2080,,0.3,0.77856,0.09,1.0,1.0,1.0,0.73,0.7232
2081,,0.265,0.75088,0.08,1.0,1.0,1.0,0.72,0.69552
2082,,0.23,0.7232,0.07,1.0,1.0,1.0,0.71,0.66784
2083,,0.195,0.69552,0.06,1.0,1.0,1.0,0.7,0.64016
2084,,0.16,0.66784,0.05,1.0,1.0,1.0,0.69,0.61248
2085,,0.125,0.64016,0.04,1.0,1.0,1.0,0.68,0.5848
2086,,0.09,0.61248,0.03,1.0,1.0,1.0,0.67,0.55712
2087,,0.055,0.5848,0.02,1.0,1.0,1.0,0.66,0.52944
2088,,0.02,0.55712,0.01,1.0,1.0,1.0,0.65,0.50176
2089,,-0.015,0.52944,-0.0,1.0,1.0,1.0,0.64,0.47408
2090,1,1.0,0.53676,-0.01,0.97268,0.965,0.97268,0.63,0.4814
2091,3,0.965,0.54408,1.0,1.0,0.98,0.94536,0.57,0.41872
2092,,0.93,0.5164,0.99,1.0,0.995,0.95304,0.56,0.39104
2093,,0.895,0.48872,0.98,1.0,1.0,0.96072,0.55,0.36336
2094,,0.86,0.46104,0.97,1.0,1.0,0.9684,0.54,0.33568
2095,,0.825,0.43336,0.96,1.0,1.0,0.97608,0.53,0.308
2096,,0.79,0.40568,0.95,1.0,1.0,0.98376,0.52,0.28032
2097,,0.755,0.378,0.94,1.0,1.0,0.99144,0.51,0.25264
2098,,0.72,0.35032,0.93,1.0,1.0,0.99912,0.5,0.22496
2099,,0.685,0.32264,0.92,1.0,1.0,1.0,0.49,0.19728
2100,,0.65,0.29496,0.91,1.0,1.0,1.0,0.48,0.1696
2101,,0.615,0.26728,0.9,1.0,1.0,1.0,0.47,0.14192
2102,,0.58,0.2396,0.89,1.0,1.0,1.0,0.46,0.11424
2103,,0.545,0.21192,0.88,1.0,1.0,1.0,0.45,0.08656
2104,,0.51,0.18424,0.87,1.0,1.0,1.0,0.44,0.05888
2105,,0.475,0.15656,0.86,1.0,1.0,1.0,0.43,0.0312
2106,,0.44,0.12888,0.85,1.0,1.0,1.0,0.42,0.00352
2107,,0.405,0.1012,0.84,1.0,1.0,1.0,0.41,-0.02416
2108,8,0.405,0.07352,0.795,0.95768,0.98,1.0,0.435,1.0
2109,,0.37,0.04584,0.785,0.96536,0.995,1.0,0.425,0.97232
2110,,0.335,0.01816,0.775,0.97304,1.0,1.0,0.415,0.94464
2111,,0.3,-0.00952,0.765,0.98072,1.0,1.0,0.405,0.91696
2112,2,0.3,1.0,0.79,0.9884,0.98,0.95768,0.36,0.88928
2113,,0.265,0.97232,0.78,0.99608,0.995,0.96536,0.35,0.8616
2114,,0.23,0.94464,0.77,1.0,1.0,0.97304,0.34,0.83392
2115,,0.195,0.91696,0.76,1.0,1.0,0.98072,0.33,0.80624
2116,,0.16,0.88928,0.75,1.0,1.0,0.9884,0.32,0.77856
2117,,0.125,0.8616,0.74,1.0,1.0,0.99608,0.31,0.75088
2118,,0.09,0.83392,0.73,1.0,1.0,1.0,0.3,0.7232
2119,,0.055,0.80624,0.72,1.0,1.0,1.0,0.29,0.69552
2120,,0.02,0.77856,0.71,1.0,1.0,1.0,0.28,0.66784
2121,,-0.015,0.75088,0.7,1.0,1.0,1.0,0.27,0.64016
2122,1,1.0,0.7582,0.69,0.97268,0.965,0.97268,0.26,0.64748
2123,,0.965,0.73052,0.68,0.98036,0.98,0.98036,0.25,0.6198
2124,,0.93,0.70284,0.67,0.98804,0.995,0.98804,0.24,0.59212
2125,,0.895,0.67516,0.66,0.99572,1.0,0.99572,0.23,0.56444
2126,,0.86,0.64748,0.65,1.0,1.0,1.0,0.22,0.53676
2127,,0.825,0.6198,0.64,1.0,1.0,1.0,0.21,0.50908
2128,,0.79,0.59212,0.63,1.0,1.0,1.0,0.2,0.4814
2129,,0.755,0.56444,0.62,1.0,1.0,1.0,0.19,0.45372
2130,,0.72,0.53676,0.61,1.0,1.0,1.0,0.18,0.42604
2131,,0.685,0.50908,0.6,1.0,1.0,1.0,0.17,0.39836
2132,,0.65,0.4814,0.59,1.0,1.0,1.0,0.16,0.37068
2133,,0.615,0.45372,0.58,1.0,1.0,1.0,0.15,0.343
2134,,0.58,0.42604,0.57,1.0,1.0,1.0,0.14,0.31532
2135,,0.545,0.39836,0.56,1.0,1.0,1.0,0.13,0.28764
2136,,0.51,0.37068,0.55,1.0,1.0,1.0,0.12,0.25996
2137,,0.475,0.343,0.54,1.0,1.0,1.0,0.11,0.23228
2138,,0.44,0.31532,0.53,1.0,1.0,1.0,0.1,0.2046
2139,,0.405,0.28764,0.52,1.0,1.0,1.0,0.09,0.17692
2140,,0.37,0.25996,0.51,1.0,1.0,1.0,0.08,0.14924
2141,,0.335,0.23228,0.5,1.0,1.0,1.0,0.07,0.12156
2142,,0.3,0.2046,0.49,1.0,1.0,1.0,0.06,0.09388
2143,,0.265,0.17692,0.48,1.0,1.0,1.0,0.05,0.0662
2144,,0.23,0.14924,0.47,1.0,1.0,1.0,0.04,0.03852
2145,,0.195,0.12156,0.46,1.0,1.0,1.0,0.03,0.01084
2146,,0.16,0.09388,0.45,1.0,1.0,1.0,0.02,-0.01684
2147,8,0.16,0.0662,0.405,0.95768,0.98,1.0,0.045,1.0
2148,,0.125,0.03852,0.395,0.96536,0.995,1.0,0.035,0.97232
2149,,0.09,0.01084,0.385,0.97304,1.0,1.0,0.025,0.94464
2150,,0.055,-0.01684,0.375,0.98072,1.0,1.0,0.015,0.91696
2151,2,0.055,1.0,0.4,0.9884,0.98,0.95768,-0.03,0.88928
2152,7,0.02,0.93732,0.34,0.96108,0.995,1.0,1.0,0.8966
2153,,-0.015,0.90964,0.33,0.96876,1.0,1.0,0.99,0.86892
2154,1,1.0,0.91696,0.32,0.94144,0.965,0.97268,0.98,0.87624
2155,,0.965,0.88928,0.31,0.94912,0.98,0.98036,0.97,0.84856
2156,,0.93,0.8616,0.3,0.9568,0.995,0.98804,0.96,0.82088
2157,,0.895,0.83392,0.29,0.96448,1.0,0.99572,0.95,0.7932
2158,,0.86,0.80624,0.28,0.97216,1.0,1.0,0.94,0.76552
2159,,0.825,0.77856,0.27,0.97984,1.0,1.0,0.93,0.73784
2160,,0.79,0.75088,0.26,0.98752,1.0,1.0,0.92,0.71016
2161,,0.755,0.7232,0.25,0.9952,1.0,1.0,0.91,0.68248
2162,,0.72,0.69552,0.24,1.0,1.0,1.0,0.9,0.6548
2163,,0.685,0.66784,0.23,1.0,1.0,1.0,0.89,0.62712
2164,,0.65,0.64016,0.22,1.0,1.0,1.0,0.88,0.59944
2165,,0.615,0.61248,0.21,1.0,1.0,1.0,0.87,0.57176
2166,,0.58,0.5848,0.2,1.0,1.0,1.0,0.86,0.54408
2167,,0.545,0.55712,0.19,1.0,1.0,1.0,0.85,0.5164
2168,,0.51,0.52944,0.18,1.0,1.0,1.0,0.84,0.48872
2169,,0.475,0.50176,0.17,1.0,1.0,1.0,0.83,0.46104
2170,,0.44,0.47408,0.16,1.0,1.0,1.0,0.82,0.43336
2171,,0.405,0.4464,0.15,1.0,1.0,1.0,0.81,0.40568
2172,,0.37,0.41872,0.14,1.0,1.0,1.0,0.8,0.378
2173,,0.335,0.39104,0.13,1.0,1.0,1.0,0.79,0.35032
2174,,0.3,0.36336,0.12,1.0,1.0,1.0,0.78,0.32264
2175,,0.265,0.33568,0.11,1.0,1.0,1.0,0.77,0.29496
2176,,0.23,0.308,0.1,1.0,1.0,1.0,0.76,0.26728
2177,,0.195,0.28032,0.09,1.0,1.0,1.0,0.75,0.2396
2178,,0.16,0.25264,0.08,1.0,1.0,1.0,0.74,0.21192
2179,,0.125,0.22496,0.07,1.0,1.0,1.0,0.73,0.18424
2180,,0.09,0.19728,0.06,1.0,1.0,1.0,0.72,0.15656
2181,,0.055,0.1696,0.05,1.0,1.0,1.0,0.71,0.12888
2182,,0.02,0.14192,0.04,1.0,1.0,1.0,0.7,0.1012
2183,,-0.015,0.11424,0.03,1.0,1.0,1.0,0.69,0.07352
2184,1,1.0,0.12156,0.02,0.97268,0.965,0.97268,0.68,0.08084
2185,,0.965,0.09388,0.01,0.98036,0.98,0.98036,0.67,0.05316
2186,,0.93,0.0662,-0.0,0.98804,0.995,0.98804,0.66,0.02548
2187,,0.895,0.03852,-0.01,0.99572,1.0,0.99572,0.65,-0.0022
2188,3,0.86,0.04584,1.0,1.0,1.0,0.9684,0.59,-0.06488
2189,8,0.86,0.01816,0.955,0.95768,0.98,0.97608,0.615,1.0
2190,,0.825,-0.00952,0.945,0.96536,0.995,0.98376,0.605,0.97232
2191,2,0.825,1.0,0.97,0.97304,0.975,0.94144,0.56,0.94464
2192,,0.79,0.97232,0.96,0.98072,0.99,0.94912,0.55,0.91696
2193,,0.755,0.94464,0.95,0.9884,1.0,0.9568,0.54,0.88928
2194,,0.72,0.91696,0.94,0.99608,1.0,0.96448,0.53,0.8616
2195,,0.685,0.88928,0.93,1.0,1.0,0.97216,0.52,0.83392
2196,,0.65,0.8616,0.92,1.0,1.0,0.97984,0.51,0.80624
2197,,0.615,0.83392,0.91,1.0,1.0,0.98752,0.5,0.77856
2198,,0.58,0.80624,0.9,1.0,1.0,0.9952,0.49,0.75088
2199,,0.545,0.77856,0.89,1.0,1.0,1.0,0.48,0.7232
2200,,0.51,0.75088,0.88,1.0,1.0,1.0,0.47,0.69552
2201,,0.475,0.7232,0.87,1.0,1.0,1.0,0.46,0.66784
2202,,0.44,0.69552,0.86,1.0,1.0,1.0,0.45,0.64016
2203,,0.405,0.66784,0.85,1.0,1.0,1.0,0.44,0.61248
2204,,0.37,0.64016,0.84,1.0,1.0,1.0,0.43,0.5848
2205,,0.335,0.61248,0.83,1.0,1.0,1.0,0.42,0.55712
2206,,0.3,0.5848,0.82,1.0,1.0,1.0,0.41,0.52944
2207,,0.265,0.55712,0.81,1.0,1.0,1.0,0.4,0.50176
2208,,0.23,0.52944,0.8,1.0,1.0,1.0,0.39,0.47408
2209,,0.195,0.50176,0.79,1.0,1.0,1.0,0.38,0.4464
2210,,0.16,0.47408,0.78,1.0,1.0,1.0,0.37,0.41872
2211,,0.125,0.4464,0.77,1.0,1.0,1.0,0.36,0.39104
2212,,0.09,0.41872,0.76,1.0,1.0,1.0,0.35,0.36336
2213,,0.055,0.39104,0.75,1.0,1.0,1.0,0.34,0.33568
2214,,0.02,0.36336,0.74,1.0,1.0,1.0,0.33,0.308
2215,,-0.015,0.33568,0.73,1.0,1.0,1.0,0.32,0.28032
2216,1,1.0,0.343,0.72,0.97268,0.965,0.97268,0.31,0.28764
2217,,0.965,0.31532,0.71,0.98036,0.98,0.98036,0.3,0.25996
2218,,0.93,0.28764,0.7,0.98804,0.995,0.98804,0.29,0.23228
2219,,0.895,0.25996,0.69,0.99572,1.0,0.99572,0.28,0.2046
2220,,0.86,0.23228,0.68,1.0,1.0,1.0,0.27,0.17692
2221,,0.825,0.2046,0.67,1.0,1.0,1.0,0.26,0.14924
2222,,0.79,0.17692,0.66,1.0,1.0,1.0,0.25,0.12156
2223,,0.755,0.14924,0.65,1.0,1.0,1.0,0.24,0.09388
2224,,0.72,0.12156,0.64,1.0,1.0,1.0,0.23,0.0662
2225,,0.685,0.09388,0.63,1.0,1.0,1.0,0.22,0.03852
2226,,0.65,0.0662,0.62,1.0,1.0,1.0,0.21,0.01084
2227,,0.615,0.03852,0.61,1.0,1.0,1.0,0.2,-0.01684
2228,8,0.615,0.01084,0.565,0.95768,0.98,1.0,0.225,1.0
2229,,0.58,-0.01684,0.555,0.96536,0.995,1.0,0.215,0.97232
2230,2,0.58,1.0,0.58,0.97304,0.975,0.95768,0.17,0.94464
2231,,0.545,0.97232,0.57,0.98072,0.99,0.96536,0.16,0.91696
2232,,0.51,0.94464,0.56,0.9884,1.0,0.97304,0.15,0.88928
2233,,0.475,0.91696,0.55,0.99608,1.0,0.98072,0.14,0.8616
2234,,0.44,0.88928,0.54,1.0,1.0,0.9884,0.13,0.83392
2235,,0.405,0.8616,0.53,1.0,1.0,0.99608,0.12,0.80624
2236,,0.37,0.83392,0.52,1.0,1.0,1.0,0.11,0.77856
2237,,0.335,0.80624,0.51,1.0,1.0,1.0,0.1,0.75088
2238,,0.3,0.77856,0.5,1.0,1.0,1.0,0.09,0.7232
2239,,0.265,0.75088,0.49,1.0,1.0,1.0,0.08,0.69552
2240,,0.23,0.7232,0.48,1.0,1.0,1.0,0.07,0.66784
2241,,0.195,0.69552,0.47,1.0,1.0,1.0,0.06,0.64016
2242,,0.16,0.66784,0.46,1.0,1.0,1.0,0.05,0.61248
2243,,0.125,0.64016,0.45,1.0,1.0,1.0,0.04,0.5848
2244,,0.09,0.61248,0.44,1.0,1.0,1.0,0.03,0.55712
2245,,0.055,0.5848,0.43,1.0,1.0,1.0,0.02,0.52944
2246,,0.02,0.55712,0.42,1.0,1.0,1.0,0.01,0.50176
2247,,-0.015,0.52944,0.41,1.0,1.0,1.0,-0.0,0.47408
2248,1,1.0,0.53676,0.4,0.97268,0.965,0.97268,-0.01,0.4814
2249,7,0.965,0.47408,0.34,0.94536,0.98,1.0,1.0,0.48872
2250,,0.93,0.4464,0.33,0.95304,0.995,1.0,0.99,0.46104
2251,,0.895,0.41872,0.32,0.96072,1.0,1.0,0.98,0.43336
2252,,0.86,0.39104,0.31,0.9684,1.0,1.0,0.97,0.40568
2253,,0.825,0.36336,0.3,0.97608,1.0,1.0,0.96,0.378
2254,,0.79,0.33568,0.29,0.98376,1.0,1.0,0.95,0.35032
2255,,0.755,0.308,0.28,0.99144,1.0,1.0,0.94,0.32264
2256,,0.72,0.28032,0.27,0.99912,1.0,1.0,0.93,0.29496
2257,,0.685,0.25264,0.26,1.0,1.0,1.0,0.92,0.26728
2258,,0.65,0.22496,0.25,1.0,1.0,1.0,0.91,0.2396
2259,,0.615,0.19728,0.24,1.0,1.0,1.0,0.9,0.21192
2260,,0.58,0.1696,0.23,1.0,1.0,1.0,0.89,0.18424
2261,,0.545,0.14192,0.22,1.0,1.0,1.0,0.88,0.15656
2262,,0.51,0.11424,0.21,1.0,1.0,1.0,0.87,0.12888
2263,,0.475,0.08656,0.2,1.0,1.0,1.0,0.86,0.1012
2264,,0.44,0.05888,0.19,1.0,1.0,1.0,0.85,0.07352
2265,,0.405,0.0312,0.18,1.0,1.0,1.0,0.84,0.04584
2266,,0.37,0.00352,0.17,1.0,1.0,1.0,0.83,0.01816
2267,,0.335,-0.02416,0.16,1.0,1.0,1.0,0.82,-0.00952
2268,2,0.335,1.0,0.185,1.0,0.98,0.95768,0.775,-0.0372
2269,8,0.335,0.97232,0.14,0.95768,0.96,0.96536,0.8,1.0
2270,,0.3,0.94464,0.13,0.96536,0.975,0.97304,0.79,0.97232
2271,,0.265,0.91696,0.12,0.97304,0.99,0.98072,0.78,0.94464
2272,,0.23,0.88928,0.11,0.98072,1.0,0.9884,0.77,0.91696
2273,,0.195,0.8616,0.1,0.9884,1.0,0.99608,0.76,0.88928
2274,,0.16,0.83392,0.09,0.99608,1.0,1.0,0.75,0.8616
2275,,0.125,0.80624,0.08,1.0,1.0,1.0,0.74,0.83392
2276,,0.09,0.77856,0.07,1.0,1.0,1.0,0.73,0.80624
2277,,0.055,0.75088,0.06,1.0,1.0,1.0,0.72,0.77856
2278,,0.02,0.7232,0.05,1.0,1.0,1.0,0.71,0.75088
2279,,-0.015,0.69552,0.04,1.0,1.0,1.0,0.7,0.7232
2280,1,1.0,0.70284,0.03,0.97268,0.965,0.97268,0.69,0.73052
2281,,0.965,0.67516,0.02,0.98036,0.98,0.98036,0.68,0.70284
2282,,0.93,0.64748,0.01,0.98804,0.995,0.98804,0.67,0.67516
2283,,0.895,0.6198,-0.0,0.99572,1.0,0.99572,0.66,0.64748
2284,,0.86,0.59212,-0.01,1.0,1.0,1.0,0.65,0.6198
2285,3,0.825,0.59944,1.0,1.0,1.0,0.97268,0.59,0.55712
2286,,0.79,0.57176,0.99,1.0,1.0,0.98036,0.58,0.52944
2287,,0.755,0.54408,0.98,1.0,1.0,0.98804,0.57,0.50176
2288,,0.72,0.5164,0.97,1.0,1.0,0.99572,0.56,0.47408
2289,,0.685,0.48872,0.96,1.0,1.0,1.0,0.55,0.4464
2290,,0.65,0.46104,0.95,1.0,1.0,1.0,0.54,0.41872
2291,,0.615,0.43336,0.94,1.0,1.0,1.0,0.53,0.39104
2292,,0.58,0.40568,0.93,1.0,1.0,1.0,0.52,0.36336
2293,,0.545,0.378,0.92,1.0,1.0,1.0,0.51,0.33568
2294,,0.51,0.35032,0.91,1.0,1.0,1.0,0.5,0.308
2295,,0.475,0.32264,0.9,1.0,1.0,1.0,0.49,0.28032
2296,,0.44,0.29496,0.89,1.0,1.0,1.0,0.48,0.25264
2297,,0.405,0.26728,0.88,1.0,1.0,1.0,0.47,0.22496
2298,,0.37,0.2396,0.87,1.0,1.0,1.0,0.46,0.19728
2299,,0.335,0.21192,0.86,1.0,1.0,1.0,0.45,0.1696
2300,,0.3,0.18424,0.85,1.0,1.0,1.0,0.44,0.14192
2301,,0.265,0.15656,0.84,1.0,1.0,1.0,0.43,0.11424
2302,,0.23,0.12888,0.83,1.0,1.0,1.0,0.42,0.08656
2303,,0.195,0.1012,0.82,1.0,1.0,1.0,0.41,0.05888
2304,,0.16,0.07352,0.81,1.0,1.0,1.0,0.4,0.0312
2305,,0.125,0.04584,0.8,1.0,1.0,1.0,0.39,0.00352
2306,,0.09,0.01816,0.79,1.0,1.0,1.0,0.38,-0.02416
2307,8,0.09,-0.00952,0.745,0.95768,0.98,1.0,0.405,1.0
2308,2,0.09,1.0,0.77,0.96536,0.96,0.95768,0.36,0.97232
2309,,0.055,0.97232,0.76,0.97304,0.975,0.96536,0.35,0.94464
2310,,0.02,0.94464,0.75,0.98072,0.99,0.97304,0.34,0.91696
2311,,-0.015,0.91696,0.74,0.9884,1.0,0.98072,0.33,0.88928
2312,1,1.0,0.92428,0.73,0.96108,0.965,0.9534,0.32,0.8966
2313,,0.965,0.8966,0.72,0.96876,0.98,0.96108,0.31,0.86892
2314,,0.93,0.86892,0.71,0.97644,0.995,0.96876,0.3,0.84124
2315,,0.895,0.84124,0.7,0.98412,1.0,0.97644,0.29,0.81356
2316,,0.86,0.81356,0.69,0.9918,1.0,0.98412,0.28,0.78588
2317,,0.825,0.78588,0.68,0.99948,1.0,0.9918,0.27,0.7582
2318,,0.79,0.7582,0.67,1.0,1.0,0.99948,0.26,0.73052
2319,,0.755,0.73052,0.66,1.0,1.0,1.0,0.25,0.70284
2320,,0.72,0.70284,0.65,1.0,1.0,1.0,0.24,0.67516
2321,,0.685,0.67516,0.64,1.0,1.0,1.0,0.23,0.64748
2322,,0.65,0.64748,0.63,1.0,1.0,1.0,0.22,0.6198
2323,,0.615,0.6198,0.62,1.0,1.0,1.0,0.21,0.59212
2324,,0.58,0.59212,0.61,1.0,1.0,1.0,0.2,0.56444
2325,,0.545,0.56444,0.6,1.0,1.0,1.0,0.19,0.53676
2326,,0.51,0.53676,0.59,1.0,1.0,1.0,0.18,0.50908
2327,,0.475,0.50908,0.58,1.0,1.0,1.0,0.17,0.4814
2328,,0.44,0.4814,0.57,1.0,1.0,1.0,0.16,0.45372
2329,,0.405,0.45372,0.56,1.0,1.0,1.0,0.15,0.42604
2330,,0.37,0.42604,0.55,1.0,1.0,1.0,0.14,0.39836
2331,,0.335,0.39836,0.54,1.0,1.0,1.0,0.13,0.37068
2332,,0.3,0.37068,0.53,1.0,1.0,1.0,0.12,0.343
2333,,0.265,0.343,0.52,1.0,1.0,1.0,0.11,0.31532
2334,,0.23,0.31532,0.51,1.0,1.0,1.0,0.1,0.28764
2335,,0.195,0.28764,0.5,1.0,1.0,1.0,0.09,0.25996
2336,,0.16,0.25996,0.49,1.0,1.0,1.0,0.08,0.23228
2337,,0.125,0.23228,0.48,1.0,1.0,1.0,0.07,0.2046
2338,,0.09,0.2046,0.47,1.0,1.0,1.0,0.06,0.17692
2339,,0.055,0.17692,0.46,1.0,1.0,1.0,0.05,0.14924
2340,,0.02,0.14924,0.45,1.0,1.0,1.0,0.04,0.12156
2341,,-0.015,0.12156,0.44,1.0,1.0,1.0,0.03,0.09388
2342,1,1.0,0.12888,0.43,0.97268,0.965,0.97268,0.02,0.1012
2343,,0.965,0.1012,0.42,0.98036,0.98,0.98036,0.01,0.07352
2344,,0.93,0.07352,0.41,0.98804,0.995,0.98804,-0.0,0.04584
2345,,0.895,0.04584,0.4,0.99572,1.0,0.99572,-0.01,0.01816
2346,7,0.86,-0.01684,0.34,0.9684,1.0,1.0,1.0,0.02548
2347,2,0.86,1.0,0.365,0.97608,0.98,0.95768,0.955,-0.0022
2348,8,0.86,0.97232,0.32,0.93376,0.96,0.96536,0.98,1.0
2349,,0.825,0.94464,0.31,0.94144,0.975,0.97304,0.97,0.97232
2350,,0.79,0.91696,0.3,0.94912,0.99,0.98072,0.96,0.94464
2351,,0.755,0.88928,0.29,0.9568,1.0,0.9884,0.95,0.91696
2352,,0.72,0.8616,0.28,0.96448,1.0,0.99608,0.94,0.88928
2353,,0.685,0.83392,0.27,0.97216,1.0,1.0,0.93,0.8616
2354,,0.65,0.80624,0.26,0.97984,1.0,1.0,0.92,0.83392
2355,,0.615,0.77856,0.25,0.98752,1.0,1.0,0.91,0.80624
2356,,0.58,0.75088,0.24,0.9952,1.0,1.0,0.9,0.77856
2357,,0.545,0.7232,0.23,1.0,1.0,1.0,0.89,0.75088
2358,,0.51,0.69552,0.22,1.0,1.0,1.0,0.88,0.7232
2359,,0.475,0.66784,0.21,1.0,1.0,1.0,0.87,0.69552
2360,,0.44,0.64016,0.2,1.0,1.0,1.0,0.86,0.66784
2361,,0.405,0.61248,0.19,1.0,1.0,1.0,0.85,0.64016
2362,,0.37,0.5848,0.18,1.0,1.0,1.0,0.84,0.61248
2363,,0.335,0.55712,0.17,1.0,1.0,1.0,0.83,0.5848
2364,,0.3,0.52944,0.16,1.0,1.0,1.0,0.82,0.55712
2365,,0.265,0.50176,0.15,1.0,1.0,1.0,0.81,0.52944
2366,,0.23,0.47408,0.14,1.0,1.0,1.0,0.8,0.50176
2367,,0.195,0.4464,0.13,1.0,1.0,1.0,0.79,0.47408
2368,,0.16,0.41872,0.12,1.0,1.0,1.0,0.78,0.4464
2369,,0.125,0.39104,0.11,1.0,1.0,1.0,0.77,0.41872
2370,,0.09,0.36336,0.1,1.0,1.0,1.0,0.76,0.39104
2371,,0.055,0.33568,0.09,1.0,1.0,1.0,0.75,0.36336
2372,,0.02,0.308,0.08,1.0,1.0,1.0,0.74,0.33568
2373,,-0.015,0.28032,0.07,1.0,1.0,1.0,0.73,0.308
2374,1,1.0,0.28764,0.06,0.97268,0.965,0.97268,0.72,0.31532
2375,,0.965,0.25996,0.05,0.98036,0.98,0.98036,0.71,0.28764
2376,,0.93,0.23228,0.04,0.98804,0.995,0.98804,0.7,0.25996
2377,,0.895,0.2046,0.03,0.99572,1.0,0.99572,0.69,0.23228
2378,,0.86,0.17692,0.02,1.0,1.0,1.0,0.68,0.2046
2379,,0.825,0.14924,0.01,1.0,1.0,1.0,0.67,0.17692
2380,,0.79,0.12156,-0.0,1.0,1.0,1.0,0.66,0.14924
2381,,0.755,0.09388,-0.01,1.0,1.0,1.0,0.65,0.12156
2382,3,0.72,0.1012,1.0,1.0,1.0,0.97268,0.59,0.05888
2383,,0.685,0.07352,0.99,1.0,1.0,0.98036,0.58,0.0312
2384,,0.65,0.04584,0.98,1.0,1.0,0.98804,0.57,0.00352
2385,,0.615,0.01816,0.97,1.0,1.0,0.99572,0.56,-0.02416
2386,8,0.615,-0.00952,0.925,0.95768,0.98,1.0,0.585,1.0
2387,2,0.615,1.0,0.95,0.96536,0.96,0.95768,0.54,0.97232
2388,,0.58,0.97232,0.94,0.97304,0.975,0.96536,0.53,0.94464
2389,,0.545,0.94464,0.93,0.98072,0.99,0.97304,0.52,0.91696
2390,,0.51,0.91696,0.92,0.9884,1.0,0.98072,0.51,0.88928
2391,,0.475,0.88928,0.91,0.99608,1.0,0.9884,0.5,0.8616
2392,,0.44,0.8616,0.9,1.0,1.0,0.99608,0.49,0.83392
2393,,0.405,0.83392,0.89,1.0,1.0,1.0,0.48,0.80624
2394,,0.37,0.80624,0.88,1.0,1.0,1.0,0.47,0.77856
2395,,0.335,0.77856,0.87,1.0,1.0,1.0,0.46,0.75088
2396,,0.3,0.75088,0.86,1.0,1.0,1.0,0.45,0.7232
2397,,0.265,0.7232,0.85,1.0,1.0,1.0,0.44,0.69552
2398,,0.23,0.69552,0.84,1.0,1.0,1.0,0.43,0.66784
2399,,0.195,0.66784,0.83,1.0,1.0,1.0,0.42,0.64016
2400,,0.16,0.64016,0.82,1.0,1.0,1.0,0.41,0.61248
2401,,0.125,0.61248,0.81,1.0,1.0,1.0,0.4,0.5848
2402,,0.09,0.5848,0.8,1.0,1.0,1.0,0.39,0.55712
2403,,0.055,0.55712,0.79,1.0,1.0,1.0,0.38,0.52944
2404,,0.02,0.52944,0.78,1.0,1.0,1.0,0.37,0.50176
2405,,-0.015,0.50176,0.77,1.0,1.0,1.0,0.36,0.47408
2406,1,1.0,0.50908,0.76,0.97268,0.965,0.97268,0.35,0.4814
2407,,0.965,0.4814,0.75,0.98036,0.98,0.98036,0.34,0.45372
2408,,0.93,0.45372,0.74,0.98804,0.995,0.98804,0.33,0.42604
2409,,0.895,0.42604,0.73,0.99572,1.0,0.99572,0.32,0.39836
2410,,0.86,0.39836,0.72,1.0,1.0,1.0,0.31,0.37068
2411,,0.825,0.37068,0.71,1.0,1.0,1.0,0.3,0.343
2412,,0.79,0.343,0.7,1.0,1.0,1.0,0.29,0.31532
2413,,0.755,0.31532,0.69,1.0,1.0,1.0,0.28,0.28764
2414,,0.72,0.28764,0.68,1.0,1.0,1.0,0.27,0.25996
2415,,0.685,0.25996,0.67,1.0,1.0,1.0,0.26,0.23228
2416,,0.65,0.23228,0.66,1.0,1.0,1.0,0.25,0.2046
2417,,0.615,0.2046,0.65,1.0,1.0,1.0,0.24,0.17692
2418,,0.58,0.17692,0.64,1.0,1.0,1.0,0.23,0.14924
2419,,0.545,0.14924,0.63,1.0,1.0,1.0,0.22,0.12156
2420,,0.51,0.12156,0.62,1.0,1.0,1.0,0.21,0.09388
2421,,0.475,0.09388,0.61,1.0,1.0,1.0,0.2,0.0662
2422,,0.44,0.0662,0.6,1.0,1.0,1.0,0.19,0.03852
2423,,0.405,0.03852,0.59,1.0,1.0,1.0,0.18,0.01084
2424,,0.37,0.01084,0.58,1.0,1.0,1.0,0.17,-0.01684
2425,8,0.37,-0.01684,0.535,0.95768,0.98,1.0,0.195,1.0
2426,2,0.37,1.0,0.56,0.96536,0.96,0.95768,0.15,0.97232
2427,,0.335,0.97232,0.55,0.97304,0.975,0.96536,0.14,0.94464
2428,,0.3,0.94464,0.54,0.98072,0.99,0.97304,0.13,0.91696
2429,,0.265,0.91696,0.53,0.9884,1.0,0.98072,0.12,0.88928
2430,,0.23,0.88928,0.52,0.99608,1.0,0.9884,0.11,0.8616
2431,,0.195,0.8616,0.51,1.0,1.0,0.99608,0.1,0.83392
2432,,0.16,0.83392,0.5,1.0,1.0,1.0,0.09,0.80624
2433,,0.125,0.80624,0.49,1.0,1.0,1.0,0.08,0.77856
2434,,0.09,0.77856,0.48,1.0,1.0,1.0,0.07,0.75088
2435,,0.055,0.75088,0.47,1.0,1.0,1.0,0.06,0.7232
2436,,0.02,0.7232,0.46,1.0,1.0,1.0,0.05,0.69552
2437,,-0.015,0.69552,0.45,1.0,1.0,1.0,0.04,0.66784
2438,1,1.0,0.70284,0.44,0.97268,0.965,0.97268,0.03,0.67516
2439,,0.965,0.67516,0.43,0.98036,0.98,0.98036,0.02,0.64748
2440,,0.93,0.64748,0.42,0.98804,0.995,0.98804,0.01,0.6198
2441,,0.895,0.6198,0.41,0.99572,1.0,0.99572,-0.0,0.59212
2442,,0.86,0.59212,0.4,1.0,1.0,1.0,-0.01,0.56444
2443,7,0.825,0.52944,0.34,0.97268,1.0,1.0,1.0,0.57176
2444,,0.79,0.50176,0.33,0.98036,1.0,1.0,0.99,0.54408
2445,,0.755,0.47408,0.32,0.98804,1.0,1.0,0.98,0.5164
2446,,0.72,0.4464,0.31,0.99572,1.0,1.0,0.97,0.48872
2447,,0.685,0.41872,0.3,1.0,1.0,1.0,0.96,0.46104
2448,,0.65,0.39104,0.29,1.0,1.0,1.0,0.95,0.43336
2449,,0.615,0.36336,0.28,1.0,1.0,1.0,0.94,0.40568
2450,,0.58,0.33568,0.27,1.0,1.0,1.0,0.93,0.378
2451,,0.545,0.308,0.26,1.0,1.0,1.0,0.92,0.35032
2452,,0.51,0.28032,0.25,1.0,1.0,1.0,0.91,0.32264
2453,,0.475,0.25264,0.24,1.0,1.0,1.0,0.9,0.29496
2454,,0.44,0.22496,0.23,1.0,1.0,1.0,0.89,0.26728
2455,,0.405,0.19728,0.22,1.0,1.0,1.0,0.88,0.2396
2456,,0.37,0.1696,0.21,1.0,1.0,1.0,0.87,0.21192
2457,,0.335,0.14192,0.2,1.0,1.0,1.0,0.86,0.18424
2458,,0.3,0.11424,0.19,1.0,1.0,1.0,0.85,0.15656
2459,,0.265,0.08656,0.18,1.0,1.0,1.0,0.84,0.12888
2460,,0.23,0.05888,0.17,1.0,1.0,1.0,0.83,0.1012
2461,,0.195,0.0312,0.16,1.0,1.0,1.0,0.82,0.07352
2462,,0.16,0.00352,0.15,1.0,1.0,1.0,0.81,0.04584
2463,,0.125,-0.02416,0.14,1.0,1.0,1.0,0.8,0.01816
2464,2,0.125,1.0,0.165,1.0,0.98,0.95768,0.755,-0.00952
2465,8,0.125,0.97232,0.12,0.95768,0.96,0.96536,0.78,1.0
2466,,0.09,0.94464,0.11,0.96536,0.975,0.97304,0.77,0.97232
2467,,0.055,0.91696,0.1,0.97304,0.99,0.98072,0.76,0.94464
2468,,0.02,0.88928,0.09,0.98072,1.0,0.9884,0.75,0.91696
2469,,-0.015,0.8616,0.08,0.9884,1.0,0.99608,0.74,0.88928
2470,1,1.0,0.86892,0.07,0.96108,0.965,0.96876,0.73,0.8966
2471,,0.965,0.84124,0.06,0.96876,0.98,0.97644,0.72,0.86892
2472,,0.93,0.81356,0.05,0.97644,0.995,0.98412,0.71,0.84124
2473,,0.895,0.78588,0.04,0.98412,1.0,0.9918,0.7,0.81356
2474,,0.86,0.7582,0.03,0.9918,1.0,0.99948,0.69,0.78588
2475,,0.825,0.73052,0.02,0.99948,1.0,1.0,0.68,0.7582
2476,,0.79,0.70284,0.01,1.0,1.0,1.0,0.67,0.73052
2477,,0.755,0.67516,-0.0,1.0,1.0,1.0,0.66,0.70284
2478,,0.72,0.64748,-0.01,1.0,1.0,1.0,0.65,0.67516
2479,3,0.685,0.6548,1.0,1.0,1.0,0.97268,0.59,0.61248
2480,,0.65,0.62712,0.99,1.0,1.0,0.98036,0.58,0.5848
2481,,0.615,0.59944,0.98,1.0,1.0,0.98804,0.57,0.55712
2482,,0.58,0.57176,0.97,1.0,1.0,0.99572,0.56,0.52944
2483,,0.545,0.54408,0.96,1.0,1.0,1.0,0.55,0.50176
2484,,0.51,0.5164,0.95,1.0,1.0,1.0,0.54,0.47408
2485,,0.475,0.48872,0.94,1.0,1.0,1.0,0.53,0.4464
2486,,0.44,0.46104,0.93,1.0,1.0,1.0,0.52,0.41872
2487,,0.405,0.43336,0.92,1.0,1.0,1.0,0.51,0.39104
2488,,0.37,0.40568,0.91,1.0,1.0,1.0,0.5,0.36336
2489,,0.335,0.378,0.9,1.0,1.0,1.0,0.49,0.33568
2490,,0.3,0.35032,0.89,1.0,1.0,1.0,0.48,0.308
2491,,0.265,0.32264,0.88,1.0,1.0,1.0,0.47,0.28032
2492,,0.23,0.29496,0.87,1.0,1.0,1.0,0.46,0.25264
2493,,0.195,0.26728,0.86,1.0,1.0,1.0,0.45,0.22496
2494,,0.16,0.2396,0.85,1.0,1.0,1.0,0.44,0.19728
2495,,0.125,0.21192,0.84,1.0,1.0,1.0,0.43,0.1696
2496,,0.09,0.18424,0.83,1.0,1.0,1.0,0.42,0.14192
2497,,0.055,0.15656,0.82,1.0,1.0,1.0,0.41,0.11424
2498,,0.02,0.12888,0.81,1.0,1.0,1.0,0.4,0.08656
2499,,-0.015,0.1012,0.8,1.0,1.0,1.0,0.39,0.05888
2500,1,1.0,0.10852,0.79,0.97268,0.965,0.97268,0.38,0.0662
2501,,0.965,0.08084,0.78,0.98036,0.98,0.98036,0.37,0.03852
2502,,0.93,0.05316,0.77,0.98804,0.995,0.98804,0.36,0.01084
2503,,0.895,0.02548,0.76,0.99572,1.0,0.99572,0.35,-0.01684
2504,8,0.895,-0.0022,0.715,0.9534,0.98,1.0,0.375,1.0
2505,2,0.895,1.0,0.74,0.96108,0.96,0.95768,0.33,0.97232
2506,,0.86,0.97232,0.73,0.96876,0.975,0.96536,0.32,0.94464
2507,,0.825,0.94464,0.72,0.97644,0.99,0.97304,0.31,0.91696
2508,,0.79,0.91696,0.71,0.98412,1.0,0.98072,0.3,0.88928
2509,,0.755,0.88928,0.7,0.9918,1.0,0.9884,0.29,0.8616
2510,,0.72,0.8616,0.69,0.99948,1.0,0.99608,0.28,0.83392
2511,,0.685,0.83392,0.68,1.0,1.0,1.0,0.27,0.80624
2512,,0.65,0.80624,0.67,1.0,1.0,1.0,0.26,0.77856
2513,,0.615,0.77856,0.66,1.0,1.0,1.0,0.25,0.75088
2514,,0.58,0.75088,0.65,1.0,1.0,1.0,0.24,0.7232
2515,,0.545,0.7232,0.64,1.0,1.0,1.0,0.23,0.69552
2516,,0.51,0.69552,0.63,1.0,1.0,1.0,0.22,0.66784
2517,,0.475,0.66784,0.62,1.0,1.0,1.0,0.21,0.64016
2518,,0.44,0.64016,0.61,1.0,1.0,1.0,0.2,0.61248
2519,,0.405,0.61248,0.6,1.0,1.0,1.0,0.19,0.5848
2520,,0.37,0.5848,0.59,1.0,1.0,1.0,0.18,0.55712
2521,,0.335,0.55712,0.58,1.0,1.0,1.0,0.17,0.52944
2522,,0.3,0.52944,0.57,1.0,1.0,1.0,0.16,0.50176
2523,,0.265,0.50176,0.56,1.0,1.0,1.0,0.15,0.47408
2524,,0.23,0.47408,0.55,1.0,1.0,1.0,0.14,0.4464
2525,,0.195,0.4464,0.54,1.0,1.0,1.0,0.13,0.41872
2526,,0.16,0.41872,0.53,1.0,1.0,1.0,0.12,0.39104
2527,,0.125,0.39104,0.52,1.0,1.0,1.0,0.11,0.36336
2528,,0.09,0.36336,0.51,1.0,1.0,1.0,0.1,0.33568
2529,,0.055,0.33568,0.5,1.0,1.0,1.0,0.09,0.308
2530,,0.02,0.308,0.49,1.0,1.0,1.0,0.08,0.28032
2531,,-0.015,0.28032,0.48,1.0,1.0,1.0,0.07,0.25264
2532,1,1.0,0.28764,0.47,0.97268,0.965,0.97268,0.06,0.25996
2533,,0.965,0.25996,0.46,0.98036,0.98,0.98036,0.05,0.23228
2534,,0.93,0.23228,0.45,0.98804,0.995,0.98804,0.04,0.2046
2535,,0.895,0.2046,0.44,0.99572,1.0,0.99572,0.03,0.17692
2536,,0.86,0.17692,0.43,1.0,1.0,1.0,0.02,0.14924
2537,,0.825,0.14924,0.42,1.0,1.0,1.0,0.01,0.12156
2538,,0.79,0.12156,0.41,1.0,1.0,1.0,-0.0,0.09388
2539,,0.755,0.09388,0.4,1.0,1.0,1.0,-0.01,0.0662
2540,7,0.72,0.0312,0.34,0.97268,1.0,1.0,1.0,0.07352
2541,,0.685,0.00352,0.33,0.98036,1.0,1.0,0.99,0.04584
2542,,0.65,-0.02416,0.32,0.98804,1.0,1.0,0.98,0.01816
2543,2,0.65,1.0,0.345,0.99572,0.98,0.95768,0.935,-0.00952
2544,8,0.65,0.97232,0.3,0.9534,0.96,0.96536,0.96,1.0
2545,,0.615,0.94464,0.29,0.96108,0.975,0.97304,0.95,0.97232
2546,,0.58,0.91696,0.28,0.96876,0.99,0.98072,0.94,0.94464
2547,,0.545,0.88928,0.27,0.97644,1.0,0.9884,0.93,0.91696
2548,,0.51,0.8616,0.26,0.98412,1.0,0.99608,0.92,0.88928
2549,,0.475,0.83392,0.25,0.9918,1.0,1.0,0.91,0.8616
2550,,0.44,0.80624,0.24,0.99948,1.0,1.0,0.9,0.83392
2551,,0.405,0.77856,0.23,1.0,1.0,1.0,0.89,0.80624
2552,,0.37,0.75088,0.22,1.0,1.0,1.0,0.88,0.77856
2553,,0.335,0.7232,0.21,1.0,1.0,1.0,0.87,0.75088
2554,,0.3,0.69552,0.2,1.0,1.0,1.0,0.86,0.7232
2555,,0.265,0.66784,0.19,1.0,1.0,1.0,0.85,0.69552
2556,,0.23,0.64016,0.18,1.0,1.0,1.0,0.84,0.66784
2557,,0.195,0.61248,0.17,1.0,1.0,1.0,0.83,0.64016
2558,,0.16,0.5848,0.16,1.0,1.0,1.0,0.82,0.61248
2559,,0.125,0.55712,0.15,1.0,1.0,1.0,0.81,0.5848
2560,,0.09,0.52944,0.14,1.0,1.0,1.0,0.8,0.55712
2561,,0.055,0.50176,0.13,1.0,1.0,1.0,0.79,0.52944
2562,,0.02,0.47408,0.12,1.0,1.0,1.0,0.78,0.50176
2563,,-0.015,0.4464,0.11,1.0,1.0,1.0,0.77,0.47408
2564,1,1.0,0.45372,0.1,0.97268,0.965,0.97268,0.76,0.4814
2565,,0.965,0.42604,0.09,0.98036,0.98,0.98036,0.75,0.45372
2566,,0.93,0.39836,0.08,0.98804,0.995,0.98804,0.74,0.42604
2567,,0.895,0.37068,0.07,0.99572,1.0,0.99572,0.73,0.39836
2568,,0.86,0.343,0.06,1.0,1.0,1.0,0.72,0.37068
2569,,0.825,0.31532,0.05,1.0,1.0,1.0,0.71,0.343
2570,,0.79,0.28764,0.04,1.0,1.0,1.0,0.7,0.31532
2571,,0.755,0.25996,0.03,1.0,1.0,1.0,0.69,0.28764
2572,,0.72,0.23228,0.02,1.0,1.0,1.0,0.68,0.25996
2573,,0.685,0.2046,0.01,1.0,1.0,1.0,0.67,0.23228
2574,,0.65,0.17692,-0.0,1.0,1.0,1.0,0.66,0.2046
2575,,0.615,0.14924,-0.01,1.0,1.0,1.0,0.65,0.17692
2576,3,0.58,0.15656,1.0,1.0,1.0,0.97268,0.59,0.11424
2577,,0.545,0.12888,0.99,1.0,1.0,0.98036,0.58,0.08656
2578,,0.51,0.1012,0.98,1.0,1.0,0.98804,0.57,0.05888
2579,,0.475,0.07352,0.97,1.0,1.0,0.99572,0.56,0.0312
2580,,0.44,0.04584,0.96,1.0,1.0,1.0,0.55,0.00352
2581,,0.405,0.01816,0.95,1.0,1.0,1.0,0.54,-0.02416
2582,8,0.405,-0.00952,0.905,0.95768,0.98,1.0,0.565,1.0
2583,2,0.405,1.0,0.93,0.96536,0.96,0.95768,0.52,0.97232
2584,,0.37,0.97232,0.92,0.97304,0.975,0.96536,0.51,0.94464
2585,,0.335,0.94464,0.91,0.98072,0.99,0.97304,0.5,0.91696
2586,,0.3,0.91696,0.9,0.9884,1.0,0.98072,0.49,0.88928
2587,,0.265,0.88928,0.89,0.99608,1.0,0.9884,0.48,0.8616
2588,,0.23,0.8616,0.88,1.0,1.0,0.99608,0.47,0.83392
2589,,0.195,0.83392,0.87,1.0,1.0,1.0,0.46,0.80624
2590,,0.16,0.80624,0.86,1.0,1.0,1.0,0.45,0.77856
2591,,0.125,0.77856,0.85,1.0,1.0,1.0,0.44,0.75088
2592,,0.09,0.75088,0.84,1.0,1.0,1.0,0.43,0.7232
2593,,0.055,0.7232,0.83,1.0,1.0,1.0,0.42,0.69552
2594,,0.02,0.69552,0.82,1.0,1.0,1.0,0.41,0.66784
2595,,-0.015,0.66784,0.81,1.0,1.0,1.0,0.4,0.64016
2596,1,1.0,0.67516,0.8,0.97268,0.965,0.97268,0.39,0.64748
2597,,0.965,0.64748,0.79,0.98036,0.98,0.98036,0.38,0.6198
2598,,0.93,0.6198,0.78,0.98804,0.995,0.98804,0.37,0.59212
2599,,0.895,0.59212,0.77,0.99572,1.0,0.99572,0.36,0.56444
2600,,0.86,0.56444,0.76,1.0,1.0,1.0,0.35,0.53676
2601,,0.825,0.53676,0.75,1.0,1.0,1.0,0.34,0.50908
2602,,0.79,0.50908,0.74,1.0,1.0,1.0,0.33,0.4814
2603,,0.755,0.4814,0.73,1.0,1.0,1.0,0.32,0.45372
2604,,0.72,0.45372,0.72,1.0,1.0,1.0,0.31,0.42604
2605,,0.685,0.42604,0.71,1.0,1.0,1.0,0.3,0.39836
2606,,0.65,0.39836,0.7,1.0,1.0,1.0,0.29,0.37068
2607,,0.615,0.37068,0.69,1.0,1.0,1.0,0.28,0.343
2608,,0.58,0.343,0.68,1.0,1.0,1.0,0.27,0.31532
2609,,0.545,0.31532,0.67,1.0,1.0,1.0,0.26,0.28764
2610,,0.51,0.28764,0.66,1.0,1.0,1.0,0.25,0.25996
2611,,0.475,0.25996,0.65,1.0,1.0,1.0,0.24,0.23228
2612,,0.44,0.23228,0.64,1.0,1.0,1.0,0.23,0.2046
2613,,0.405,0.2046,0.63,1.0,1.0,1.0,0.22,0.17692
2614,,0.37,0.17692,0.62,1.0,1.0,1.0,0.21,0.14924
2615,,0.335,0.14924,0.61,1.0,1.0,1.0,0.2,0.12156
2616,,0.3,0.12156,0.6,1.0,1.0,1.0,0.19,0.09388
2617,,0.265,0.09388,0.59,1.0,1.0,1.0,0.18,0.0662
2618,,0.23,0.0662,0.58,1.0,1.0,1.0,0.17,0.03852
2619,,0.195,0.03852,0.57,1.0,1.0,1.0,0.16,0.01084
2620,,0.16,0.01084,0.56,1.0,1.0,1.0,0.15,-0.01684
2621,8,0.16,-0.01684,0.515,0.95768,0.98,1.0,0.175,1.0
2622,2,0.16,1.0,0.54,0.96536,0.96,0.95768,0.13,0.97232
2623,,0.125,0.97232,0.53,0.97304,0.975,0.96536,0.12,0.94464
2624,,0.09,0.94464,0.52,0.98072,0.99,0.97304,0.11,0.91696
2625,,0.055,0.91696,0.51,0.9884,1.0,0.98072,0.1,0.88928
2626,,0.02,0.88928,0.5,0.99608,1.0,0.9884,0.09,0.8616
2627,,-0.015,0.8616,0.49,1.0,1.0,0.99608,0.08,0.83392
2628,1,1.0,0.86892,0.48,0.97268,0.965,0.96876,0.07,0.84124
2629,,0.965,0.84124,0.47,0.98036,0.98,0.97644,0.06,0.81356
2630,,0.93,0.81356,0.46,0.98804,0.995,0.98412,0.05,0.78588
2631,,0.895,0.78588,0.45,0.99572,1.0,0.9918,0.04,0.7582
2632,,0.86,0.7582,0.44,1.0,1.0,0.99948,0.03,0.73052
2633,,0.825,0.73052,0.43,1.0,1.0,1.0,0.02,0.70284
2634,,0.79,0.70284,0.42,1.0,1.0,1.0,0.01,0.67516
2635,,0.755,0.67516,0.41,1.0,1.0,1.0,-0.0,0.64748
2636,,0.72,0.64748,0.4,1.0,1.0,1.0,-0.01,0.6198
2637,7,0.685,0.5848,0.34,0.97268,1.0,1.0,1.0,0.62712
2638,,0.65,0.55712,0.33,0.98036,1.0,1.0,0.99,0.59944
2639,,0.615,0.52944,0.32,0.98804,1.0,1.0,0.98,0.57176
2640,,0.58,0.50176,0.31,0.99572,1.0,1.0,0.97,0.54408
2641,,0.545,0.47408,0.3,1.0,1.0,1.0,0.96,0.5164
2642,,0.51,0.4464,0.29,1.0,1.0,1.0,0.95,0.48872
2643,,0.475,0.41872,0.28,1.0,1.0,1.0,0.94,0.46104
2644,,0.44,0.39104,0.27,1.0,1.0,1.0,0.93,0.43336
2645,,0.405,0.36336,0.26,1.0,1.0,1.0,0.92,0.40568
2646,,0.37,0.33568,0.25,1.0,1.0,1.0,0.91,0.378
2647,,0.335,0.308,0.24,1.0,1.0,1.0,0.9,0.35032
2648,,0.3,0.28032,0.23,1.0,1.0,1.0,0.89,0.32264
2649,,0.265,0.25264,0.22,1.0,1.0,1.0,0.88,0.29496
2650,,0.23,0.22496,0.21,1.0,1.0,1.0,0.87,0.26728
2651,,0.195,0.19728,0.2,1.0,1.0,1.0,0.86,0.2396
2652,,0.16,0.1696,0.19,1.0,1.0,1.0,0.85,0.21192
2653,,0.125,0.14192,0.18,1.0,1.0,1.0,0.84,0.18424
2654,,0.09,0.11424,0.17,1.0,1.0,1.0,0.83,0.15656
2655,,0.055,0.08656,0.16,1.0,1.0,1.0,0.82,0.12888
2656,,0.02,0.05888,0.15,1.0,1.0,1.0,0.81,0.1012
2657,,-0.015,0.0312,0.14,1.0,1.0,1.0,0.8,0.07352
2658,1,1.0,0.03852,0.13,0.97268,0.965,0.97268,0.79,0.08084
2659,,0.965,0.01084,0.12,0.98036,0.98,0.98036,0.78,0.05316
2660,,0.93,-0.01684,0.11,0.98804,0.995,0.98804,0.77,0.02548
2661,2,0.93,1.0,0.135,0.99572,0.975,0.94572,0.725,-0.0022
2662,8,0.93,0.97232,0.09,0.9534,0.955,0.9534,0.75,1.0
2663,,0.895,0.94464,0.08,0.96108,0.97,0.96108,0.74,0.97232
2664,,0.86,0.91696,0.07,0.96876,0.985,0.96876,0.73,0.94464
2665,,0.825,0.88928,0.06,0.97644,1.0,0.97644,0.72,0.91696
2666,,0.79,0.8616,0.05,0.98412,1.0,0.98412,0.71,0.88928
2667,,0.755,0.83392,0.04,0.9918,1.0,0.9918,0.7,0.8616
2668,,0.72,0.80624,0.03,0.99948,1.0,0.99948,0.69,0.83392
2669,,0.685,0.77856,0.02,1.0,1.0,1.0,0.68,0.80624
2670,,0.65,0.75088,0.01,1.0,1.0,1.0,0.67,0.77856
2671,,0.615,0.7232,-0.0,1.0,1.0,1.0,0.66,0.75088
2672,,0.58,0.69552,-0.01,1.0,1.0,1.0,0.65,0.7232
2673,3,0.545,0.70284,1.0,1.0,1.0,0.97268,0.59,0.66052
2674,,0.51,0.67516,0.99,1.0,1.0,0.98036,0.58,0.63284
2675,,0.475,0.64748,0.98,1.0,1.0,0.98804,0.57,0.60516
2676,,0.44,0.6198,0.97,1.0,1.0,0.99572,0.56,0.57748
2677,,0.405,0.59212,0.96,1.0,1.0,1.0,0.55,0.5498
2678,,0.37,0.56444,0.95,1.0,1.0,1.0,0.54,0.52212
2679,,0.335,0.53676,0.94,1.0,1.0,1.0,0.53,0.49444
2680,,0.3,0.50908,0.93,1.0,1.0,1.0,0.52,0.46676
2681,,0.265,0.4814,0.92,1.0,1.0,1.0,0.51,0.43908
2682,,0.23,0.45372,0.91,1.0,1.0,1.0,0.5,0.4114
2683,,0.195,0.42604,0.9,1.0,1.0,1.0,0.49,0.38372
2684,,0.16,0.39836,0.89,1.0,1.0,1.0,0.48,0.35604
2685,,0.125,0.37068,0.88,1.0,1.0,1.0,0.47,0.32836
2686,,0.09,0.343,0.87,1.0,1.0,1.0,0.46,0.30068
2687,,0.055,0.31532,0.86,1.0,1.0,1.0,0.45,0.273
2688,,0.02,0.28764,0.85,1.0,1.0,1.0,0.44,0.24532
2689,,-0.015,0.25996,0.84,1.0,1.0,1.0,0.43,0.21764
2690,1,1.0,0.26728,0.83,0.97268,0.965,0.97268,0.42,0.22496
2691,,0.965,0.2396,0.82,0.98036,0.98,0.98036,0.41,0.19728
2692,,0.93,0.21192,0.81,0.98804,0.995,0.98804,0.4,0.1696
2693,,0.895,0.18424,0.8,0.99572,1.0,0.99572,0.39,0.14192
2694,,0.86,0.15656,0.79,1.0,1.0,1.0,0.38,0.11424
2695,,0.825,0.12888,0.78,1.0,1.0,1.0,0.37,0.08656
2696,,0.79,0.1012,0.77,1.0,1.0,1.0,0.36,0.05888
2697,,0.755,0.07352,0.76,1.0,1.0,1.0,0.35,0.0312
2698,,0.72,0.04584,0.75,1.0,1.0,1.0,0.34,0.00352
2699,,0.685,0.01816,0.74,1.0,1.0,1.0,0.33,-0.02416
2700,8,0.685,-0.00952,0.695,0.95768,0.98,1.0,0.355,1.0
2701,2,0.685,1.0,0.72,0.96536,0.96,0.95768,0.31,0.97232
2702,,0.65,0.97232,0.71,0.97304,0.975,0.96536,0.3,0.94464
2703,,0.615,0.94464,0.7,0.98072,0.99,0.97304,0.29,0.91696
2704,,0.58,0.91696,0.69,0.9884,1.0,0.98072,0.28,0.88928
2705,,0.545,0.88928,0.68,0.99608,1.0,0.9884,0.27,0.8616
2706,,0.51,0.8616,0.67,1.0,1.0,0.99608,0.26,0.83392
2707,,0.475,0.83392,0.66,1.0,1.0,1.0,0.25,0.80624
2708,,0.44,0.80624,0.65,1.0,1.0,1.0,0.24,0.77856
2709,,0.405,0.77856,0.64,1.0,1.0,1.0,0.23,0.75088
2710,,0.37,0.75088,0.63,1.0,1.0,1.0,0.22,0.7232
2711,,0.335,0.7232,0.62,1.0,1.0,1.0,0.21,0.69552
2712,,0.3,0.69552,0.61,1.0,1.0,1.0,0.2,0.66784
2713,,0.265,0.66784,0.6,1.0,1.0,1.0,0.19,0.64016
2714,,0.23,0.64016,0.59,1.0,1.0,1.0,0.18,0.61248
2715,,0.195,0.61248,0.58,1.0,1.0,1.0,0.17,0.5848
2716,,0.16,0.5848,0.57,1.0,1.0,1.0,0.16,0.55712
2717,,0.125,0.55712,0.56,1.0,1.0,1.0,0.15,0.52944
2718,,0.09,0.52944,0.55,1.0,1.0,1.0,0.14,0.50176
2719,,0.055,0.50176,0.54,1.0,1.0,1.0,0.13,0.47408
2720,,0.02,0.47408,0.53,1.0,1.0,1.0,0.12,0.4464
2721,,-0.015,0.4464,0.52,1.0,1.0,1.0,0.11,0.41872
2722,1,1.0,0.45372,0.51,0.97268,0.965,0.97268,0.1,0.42604
2723,,0.965,0.42604,0.5,0.98036,0.98,0.98036,0.09,0.39836
2724,,0.93,0.39836,0.49,0.98804,0.995,0.98804,0.08,0.37068
2725,,0.895,0.37068,0.48,0.99572,1.0,0.99572,0.07,0.343
2726,,0.86,0.343,0.47,1.0,1.0,1.0,0.06,0.31532
2727,,0.825,0.31532,0.46,1.0,1.0,1.0,0.05,0.28764
2728,,0.79,0.28764,0.45,1.0,1.0,1.0,0.04,0.25996
2729,,0.755,0.25996,0.44,1.0,1.0,1.0,0.03,0.23228
2730,,0.72,0.23228,0.43,1.0,1.0,1.0,0.02,0.2046
2731,,0.685,0.2046,0.42,1.0,1.0,1.0,0.01,0.17692
2732,,0.65,0.17692,0.41,1.0,1.0,1.0,-0.0,0.14924
2733,,0.615,0.14924,0.4,1.0,1.0,1.0,-0.01,0.12156
2734,7,0.58,0.08656,0.34,0.97268,1.0,1.0,1.0,0.12888
2735,,0.545,0.05888,0.33,0.98036,1.0,1.0,0.99,0.1012
2736,,0.51,0.0312,0.32,0.98804,1.0,1.0,0.98,0.07352
2737,,0.475,0.00352,0.31,0.99572,1.0,1.0,0.97,0.04584
2738,,0.44,-0.02416,0.3,1.0,1.0,1.0,0.96,0.01816
2739,2,0.44,1.0,0.325,1.0,0.98,0.95768,0.915,-0.00952
2740,8,0.44,0.97232,0.28,0.95768,0.96,0.96536,0.94,1.0
2741,,0.405,0.94464,0.27,0.96536,0.975,0.97304,0.93,0.97232
2742,,0.37,0.91696,0.26,0.97304,0.99,0.98072,0.92,0.94464
2743,,0.335,0.88928,0.25,0.98072,1.0,0.9884,0.91,0.91696
2744,,0.3,0.8616,0.24,0.9884,1.0,0.99608,0.9,0.88928
2745,,0.265,0.83392,0.23,0.99608,1.0,1.0,0.89,0.8616
2746,,0.23,0.80624,0.22,1.0,1.0,1.0,0.88,0.83392
2747,,0.195,0.77856,0.21,1.0,1.0,1.0,0.87,0.80624
2748,,0.16,0.75088,0.2,1.0,1.0,1.0,0.86,0.77856
2749,,0.125,0.7232,0.19,1.0,1.0,1.0,0.85,0.75088
2750,,0.09,0.69552,0.18,1.0,1.0,1.0,0.84,0.7232
2751,,0.055,0.66784,0.17,1.0,1.0,1.0,0.83,0.69552
2752,,0.02,0.64016,0.16,1.0,1.0,1.0,0.82,0.66784
2753,,-0.015,0.61248,0.15,1.0,1.0,1.0,0.81,0.64016
2754,1,1.0,0.6198,0.14,0.97268,0.965,0.97268,0.8,0.64748
2755,,0.965,0.59212,0.13,0.98036,0.98,0.98036,0.79,0.6198
2756,,0.93,0.56444,0.12,0.98804,0.995,0.98804,0.78,0.59212
2757,,0.895,0.53676,0.11,0.99572,1.0,0.99572,0.77,0.56444
2758,,0.86,0.50908,0.1,1.0,1.0,1.0,0.76,0.53676
2759,,0.825,0.4814,0.09,1.0,1.0,1.0,0.75,0.50908
2760,,0.79,0.45372,0.08,1.0,1.0,1.0,0.74,0.4814
2761,,0.755,0.42604,0.07,1.0,1.0,1.0,0.73,0.45372
2762,,0.72,0.39836,0.06,1.0,1.0,1.0,0.72,0.42604
2763,,0.685,0.37068,0.05,1.0,1.0,1.0,0.71,0.39836
2764,,0.65,0.343,0.04,1.0,1.0,1.0,0.7,0.37068
2765,,0.615,0.31532,0.03,1.0,1.0,1.0,0.69,0.343
2766,,0.58,0.28764,0.02,1.0,1.0,1.0,0.68,0.31532
2767,,0.545,0.25996,0.01,1.0,1.0,1.0,0.67,0.28764
2768,,0.51,0.23228,-0.0,1.0,1.0,1.0,0.66,0.25996
2769,,0.475,0.2046,-0.01,1.0,1.0,1.0,0.65,0.23228
2770,3,0.44,0.21192,1.0,1.0,1.0,0.97268,0.59,0.1696
2771,,0.405,0.18424,0.99,1.0,1.0,0.98036,0.58,0.14192
2772,,0.37,0.15656,0.98,1.0,1.0,0.98804,0.57,0.11424
2773,,0.335,0.12888,0.97,1.0,1.0,0.99572,0.56,0.08656
2774,,0.3,0.1012,0.96,1.0,1.0,1.0,0.55,0.05888
2775,,0.265,0.07352,0.95,1.0,1.0,1.0,0.54,0.0312
2776,,0.23,0.04584,0.94,1.0,1.0,1.0,0.53,0.00352
2777,,0.195,0.01816,0.93,1.0,1.0,1.0,0.52,-0.02416
2778,8,0.195,-0.00952,0.885,0.95768,0.98,1.0,0.545,1.0
2779,2,0.195,1.0,0.91,0.96536,0.96,0.95768,0.5,0.97232
2780,,0.16,0.97232,0.9,0.97304,0.975,0.96536,0.49,0.94464
2781,,0.125,0.94464,0.89,0.98072,0.99,0.97304,0.48,0.91696
2782,,0.09,0.91696,0.88,0.9884,1.0,0.98072,0.47,0.88928
2783,,0.055,0.88928,0.87,0.99608,1.0,0.9884,0.46,0.8616
2784,,0.02,0.8616,0.86,1.0,1.0,0.99608,0.45,0.83392
2785,,-0.015,0.83392,0.85,1.0,1.0,1.0,0.44,0.80624
2786,1,1.0,0.84124,0.84,0.97268,0.965,0.97268,0.43,0.81356
2787,,0.965,0.81356,0.83,0.98036,0.98,0.98036,0.42,0.78588
2788,,0.93,0.78588,0.82,0.98804,0.995,0.98804,0.41,0.7582
2789,,0.895,0.7582,0.81,0.99572,1.0,0.99572,0.4,0.73052
2790,,0.86,0.73052,0.8,1.0,1.0,1.0,0.39,0.70284
2791,,0.825,0.70284,0.79,1.0,1.0,1.0,0.38,0.67516
2792,,0.79,0.67516,0.78,1.0,1.0,1.0,0.37,0.64748
2793,,0.755,0.64748,0.77,1.0,1.0,1.0,0.36,0.6198
2794,,0.72,0.6198,0.76,1.0,1.0,1.0,0.35,0.59212
2795,,0.685,0.59212,0.75,1.0,1.0,1.0,0.34,0.56444
2796,,0.65,0.56444,0.74,1.0,1.0,1.0,0.33,0.53676
2797,,0.615,0.53676,0.73,1.0,1.0,1.0,0.32,0.50908
2798,,0.58,0.50908,0.72,1.0,1.0,1.0,0.31,0.4814
2799,,0.545,0.4814,0.71,1.0,1.0,1.0,0.3,0.45372
2800,,0.51,0.45372,0.7,1.0,1.0,1.0,0.29,0.42604
2801,,0.475,0.42604,0.69,1.0,1.0,1.0,0.28,0.39836
2802,,0.44,0.39836,0.68,1.0,1.0,1.0,0.27,0.37068
2803,,0.405,0.37068,0.67,1.0,1.0,1.0,0.26,0.343
2804,,0.37,0.343,0.66,1.0,1.0,1.0,0.25,0.31532
2805,,0.335,0.31532,0.65,1.0,1.0,1.0,0.24,0.28764
2806,,0.3,0.28764,0.64,1.0,1.0,1.0,0.23,0.25996
2807,,0.265,0.25996,0.63,1.0,1.0,1.0,0.22,0.23228
2808,,0.23,0.23228,0.62,1.0,1.0,1.0,0.21,0.2046
2809,,0.195,0.2046,0.61,1.0,1.0,1.0,0.2,0.17692
2810,,0.16,0.17692,0.6,1.0,1.0,1.0,0.19,0.14924
2811,,0.125,0.14924,0.59,1.0,1.0,1.0,0.18,0.12156
2812,,0.09,0.12156,0.58,1.0,1.0,1.0,0.17,0.09388
2813,,0.055,0.09388,0.57,1.0,1.0,1.0,0.16,0.0662
2814,,0.02,0.0662,0.56,1.0,1.0,1.0,0.15,0.03852
2815,,-0.015,0.03852,0.55,1.0,1.0,1.0,0.14,0.01084
2816,1,1.0,0.04584,0.54,0.97268,0.965,0.97268,0.13,0.01816
2817,,0.965,0.01816,0.53,0.98036,0.98,0.98036,0.12,-0.00952
2818,8,0.965,-0.00952,0.485,0.93804,0.96,0.98804,0.145,1.0
2819,2,0.965,1.0,0.51,0.94572,0.94,0.94572,0.1,0.97232
2820,,0.93,0.97232,0.5,0.9534,0.955,0.9534,0.09,0.94464
2821,,0.895,0.94464,0.49,0.96108,0.97,0.96108,0.08,0.91696
2822,,0.86,0.91696,0.48,0.96876,0.985,0.96876,0.07,0.88928
2823,,0.825,0.88928,0.47,0.97644,1.0,0.97644,0.06,0.8616
2824,,0.79,0.8616,0.46,0.98412,1.0,0.98412,0.05,0.83392
2825,,0.755,0.83392,0.45,0.9918,1.0,0.9918,0.04,0.80624
2826,,0.72,0.80624,0.44,0.99948,1.0,0.99948,0.03,0.77856
2827,,0.685,0.77856,0.43,1.0,1.0,1.0,0.02,0.75088
2828,,0.65,0.75088,0.42,1.0,1.0,1.0,0.01,0.7232
2829,,0.615,0.7232,0.41,1.0,1.0,1.0,-0.0,0.69552
2830,,0.58,0.69552,0.4,1.0,1.0,1.0,-0.01,0.66784
2831,7,0.545,0.63284,0.34,0.97268,1.0,1.0,1.0,0.67516
2832,,0.51,0.60516,0.33,0.98036,1.0,1.0,0.99,0.64748
2833,,0.475,0.57748,0.32,0.98804,1.0,1.0,0.98,0.6198
2834,,0.44,0.5498,0.31,0.99572,1.0,1.0,0.97,0.59212
2835,,0.405,0.52212,0.3,1.0,1.0,1.0,0.96,0.56444
2836,,0.37,0.49444,0.29,1.0,1.0,1.0,0.95,0.53676
2837,,0.335,0.46676,0.28,1.0,1.0,1.0,0.94,0.50908
2838,,0.3,0.43908,0.27,1.0,1.0,1.0,0.93,0.4814
2839,,0.265,0.4114,0.26,1.0,1.0,1.0,0.92,0.45372
2840,,0.23,0.38372,0.25,1.0,1.0,1.0,0.91,0.42604
2841,,0.195,0.35604,0.24,1.0,1.0,1.0,0.9,0.39836
2842,,0.16,0.32836,0.23,1.0,1.0,1.0,0.89,0.37068
2843,,0.125,0.30068,0.22,1.0,1.0,1.0,0.88,0.343
2844,,0.09,0.273,0.21,1.0,1.0,1.0,0.87,0.31532
2845,,0.055,0.24532,0.2,1.0,1.0,1.0,0.86,0.28764
2846,,0.02,0.21764,0.19,1.0,1.0,1.0,0.85,0.25996
2847,,-0.015,0.18996,0.18,1.0,1.0,1.0,0.84,0.23228
2848,1,1.0,0.19728,0.17,0.97268,0.965,0.97268,0.83,0.2396
2849,,0.965,0.1696,0.16,0.98036,0.98,0.98036,0.82,0.21192
2850,,0.93,0.14192,0.15,0.98804,0.995,0.98804,0.81,0.18424
2851,,0.895,0.11424,0.14,0.99572,1.0,0.99572,0.8,0.15656
2852,,0.86,0.08656,0.13,1.0,1.0,1.0,0.79,0.12888
2853,,0.825,0.05888,0.12,1.0,1.0,1.0,0.78,0.1012
2854,,0.79,0.0312,0.11,1.0,1.0,1.0,0.77,0.07352
2855,,0.755,0.00352,0.1,1.0,1.0,1.0,0.76,0.04584
2856,,0.72,-0.02416,0.09,1.0,1.0,1.0,0.75,0.01816
2857,2,0.72,1.0,0.115,1.0,0.98,0.95768,0.705,-0.00952
2858,8,0.72,0.97232,0.07,0.95768,0.96,0.96536,0.73,1.0
2859,,0.685,0.94464,0.06,0.96536,0.975,0.97304,0.72,0.97232
2860,,0.65,0.91696,0.05,0.97304,0.99,0.98072,0.71,0.94464
2861,,0.615,0.88928,0.04,0.98072,1.0,0.9884,0.7,0.91696
2862,,0.58,0.8616,0.03,0.9884,1.0,0.99608,0.69,0.88928
2863,,0.545,0.83392,0.02,0.99608,1.0,1.0,0.68,0.8616
2864,,0.51,0.80624,0.01,1.0,1.0,1.0,0.67,0.83392
2865,,0.475,0.77856,-0.0,1.0,1.0,1.0,0.66,0.80624
2866,,0.44,0.75088,-0.01,1.0,1.0,1.0,0.65,0.77856
2867,3,0.405,0.7582,1.0,1.0,1.0,0.97268,0.59,0.71588
2868,,0.37,0.73052,0.99,1.0,1.0,0.98036,0.58,0.6882
2869,,0.335,0.70284,0.98,1.0,1.0,0.98804,0.57,0.66052
2870,,0.3,0.67516,0.97,1.0,1.0,0.99572,0.56,0.63284
2871,,0.265,0.64748,0.96,1.0,1.0,1.0,0.55,0.60516
2872,,0.23,0.6198,0.95,1.0,1.0,1.0,0.54,0.57748
2873,,0.195,0.59212,0.94,1.0,1.0,1.0,0.53,0.5498
2874,,0.16,0.56444,0.93,1.0,1.0,1.0,0.52,0.52212
2875,,0.125,0.53676,0.92,1.0,1.0,1.0,0.51,0.49444
2876,,0.09,0.50908,0.91,1.0,1.0,1.0,0.5,0.46676
2877,,0.055,0.4814,0.9,1.0,1.0,1.0,0.49,0.43908
2878,,0.02,0.45372,0.89,1.0,1.0,1.0,0.48,0.4114
2879,,-0.015,0.42604,0.88,1.0,1.0,1.0,0.47,0.38372
2880,1,1.0,0.43336,0.87,0.97268,0.965,0.97268,0.46,0.39104
2881,,0.965,0.40568,0.86,0.98036,0.98,0.98036,0.45,0.36336
2882,,0.93,0.378,0.85,0.98804,0.995,0.98804,0.44,0.33568
2883,,0.895,0.35032,0.84,0.99572,1.0,0.99572,0.43,0.308
2884,,0.86,0.32264,0.83,1.0,1.0,1.0,0.42,0.28032
2885,,0.825,0.29496,0.82,1.0,1.0,1.0,0.41,0.25264
2886,,0.79,0.26728,0.81,1.0,1.0,1.0,0.4,0.22496
2887,,0.755,0.2396,0.8,1.0,1.0,1.0,0.39,0.19728
2888,,0.72,0.21192,0.79,1.0,1.0,1.0,0.38,0.1696
2889,,0.685,0.18424,0.78,1.0,1.0,1.0,0.37,0.14192
2890,,0.65,0.15656,0.77,1.0,1.0,1.0,0.36,0.11424
2891,,0.615,0.12888,0.76,1.0,1.0,1.0,0.35,0.08656
2892,,0.58,0.1012,0.75,1.0,1.0,1.0,0.34,0.05888
2893,,0.545,0.07352,0.74,1.0,1.0,1.0,0.33,0.0312
2894,,0.51,0.04584,0.73,1.0,1.0,1.0,0.32,0.00352
2895,,0.475,0.01816,0.72,1.0,1.0,1.0,0.31,-0.02416
2896,8,0.475,-0.00952,0.675,0.95768,0.98,1.0,0.335,1.0
2897,2,0.475,1.0,0.7,0.96536,0.96,0.95768,0.29,0.97232
2898,,0.44,0.97232,0.69,0.97304,0.975,0.96536,0.28,0.94464
2899,,0.405,0.94464,0.68,0.98072,0.99,0.97304,0.27,0.91696
2900,,0.37,0.91696,0.67,0.9884,1.0,0.98072,0.26,0.88928
2901,,0.335,0.88928,0.66,0.99608,1.0,0.9884,0.25,0.8616
2902,,0.3,0.8616,0.65,1.0,1.0,0.99608,0.24,0.83392
2903,,0.265,0.83392,0.64,1.0,1.0,1.0,0.23,0.80624
2904,,0.23,0.80624,0.63,1.0,1.0,1.0,0.22,0.77856
2905,,0.195,0.77856,0.62,1.0,1.0,1.0,0.21,0.75088
2906,,0.16,0.75088,0.61,1.0,1.0,1.0,0.2,0.7232
2907,,0.125,0.7232,0.6,1.0,1.0,1.0,0.19,0.69552
2908,,0.09,0.69552,0.59,1.0,1.0,1.0,0.18,0.66784
2909,,0.055,0.66784,0.58,1.0,1.0,1.0,0.17,0.64016
2910,,0.02,0.64016,0.57,1.0,1.0,1.0,0.16,0.61248
2911,,-0.015,0.61248,0.56,1.0,1.0,1.0,0.15,0.5848
2912,1,1.0,0.6198,0.55,0.97268,0.965,0.97268,0.14,0.59212
2913,,0.965,0.59212,0.54,0.98036,0.98,0.98036,0.13,0.56444
2914,,0.93,0.56444,0.53,0.98804,0.995,0.98804,0.12,0.53676
2915,,0.895,0.53676,0.52,0.99572,1.0,0.99572,0.11,0.50908
2916,,0.86,0.50908,0.51,1.0,1.0,1.0,0.1,0.4814
2917,,0.825,0.4814,0.5,1.0,1.0,1.0,0.09,0.45372
2918,,0.79,0.45372,0.49,1.0,1.0,1.0,0.08,0.42604
2919,,0.755,0.42604,0.48,1.0,1.0,1.0,0.07,0.39836
2920,,0.72,0.39836,0.47,1.0,1.0,1.0,0.06,0.37068
2921,,0.685,0.37068,0.46,1.0,1.0,1.0,0.05,0.343
2922,,0.65,0.343,0.45,1.0,1.0,1.0,0.04,0.31532
2923,,0.615,0.31532,0.44,1.0,1.0,1.0,0.03,0.28764
2924,,0.58,0.28764,0.43,1.0,1.0,1.0,0.02,0.25996
2925,,0.545,0.25996,0.42,1.0,1.0,1.0,0.01,0.23228
2926,,0.51,0.23228,0.41,1.0,1.0,1.0,-0.0,0.2046
2927,,0.475,0.2046,0.4,1.0,1.0,1.0,-0.01,0.17692
2928,7,0.44,0.14192,0.34,0.97268,1.0,1.0,1.0,0.18424
2929,,0.405,0.11424,0.33,0.98036,1.0,1.0,0.99,0.15656
2930,,0.37,0.08656,0.32,0.98804,1.0,1.0,0.98,0.12888
2931,,0.335,0.05888,0.31,0.99572,1.0,1.0,0.97,0.1012
2932,,0.3,0.0312,0.3,1.0,1.0,1.0,0.96,0.07352
2933,,0.265,0.00352,0.29,1.0,1.0,1.0,0.95,0.04584
2934,,0.23,-0.02416,0.28,1.0,1.0,1.0,0.94,0.01816
2935,2,0.23,1.0,0.305,1.0,0.98,0.95768,0.895,-0.00952
2936,8,0.23,0.97232,0.26,0.95768,0.96,0.96536,0.92,1.0
2937,,0.195,0.94464,0.25,0.96536,0.975,0.97304,0.91,0.97232
2938,,0.16,0.91696,0.24,0.97304,0.99,0.98072,0.9,0.94464
2939,,0.125,0.88928,0.23,0.98072,1.0,0.9884,0.89,0.91696
2940,,0.09,0.8616,0.22,0.9884,1.0,0.99608,0.88,0.88928
2941,,0.055,0.83392,0.21,0.99608,1.0,1.0,0.87,0.8616
2942,,0.02,0.80624,0.2,1.0,1.0,1.0,0.86,0.83392
2943,,-0.015,0.77856,0.19,1.0,1.0,1.0,0.85,0.80624
2944,1,1.0,0.78588,0.18,0.97268,0.965,0.97268,0.84,0.81356
2945,,0.965,0.7582,0.17,0.98036,0.98,0.98036,0.83,0.78588
2946,,0.93,0.73052,0.16,0.98804,0.995,0.98804,0.82,0.7582
2947,,0.895,0.70284,0.15,0.99572,1.0,0.99572,0.81,0.73052
2948,,0.86,0.67516,0.14,1.0,1.0,1.0,0.8,0.70284
2949,,0.825,0.64748,0.13,1.0,1.0,1.0,0.79,0.67516
2950,,0.79,0.6198,0.12,1.0,1.0,1.0,0.78,0.64748
2951,,0.755,0.59212,0.11,1.0,1.0,1.0,0.77,0.6198
2952,,0.72,0.56444,0.1,1.0,1.0,1.0,0.76,0.59212
2953,,0.685,0.53676,0.09,1.0,1.0,1.0,0.75,0.56444
2954,,0.65,0.50908,0.08,1.0,1.0,1.0,0.74,0.53676
2955,,0.615,0.4814,0.07,1.0,1.0,1.0,0.73,0.50908
2956,,0.58,0.45372,0.06,1.0,1.0,1.0,0.72,0.4814
2957,,0.545,0.42604,0.05,1.0,1.0,1.0,0.71,0.45372
2958,,0.51,0.39836,0.04,1.0,1.0,1.0,0.7,0.42604
2959,,0.475,0.37068,0.03,1.0,1.0,1.0,0.69,0.39836
2960,,0.44,0.343,0.02,1.0,1.0,1.0,0.68,0.37068
2961,,0.405,0.31532,0.01,1.0,1.0,1.0,0.67,0.343
2962,,0.37,0.28764,-0.0,1.0,1.0,1.0,0.66,0.31532
2963,,0.335,0.25996,-0.01,1.0,1.0,1.0,0.65,0.28764
2964,3,0.3,0.26728,1.0,1.0,1.0,0.97268,0.59,0.22496
2965,,0.265,0.2396,0.99,1.0,1.0,0.98036,0.58,0.19728
2966,,0.23,0.21192,0.98,1.0,1.0,0.98804,0.57,0.1696
2967,,0.195,0.18424,0.97,1.0,1.0,0.99572,0.56,0.14192
2968,,0.16,0.15656,0.96,1.0,1.0,1.0,0.55,0.11424
2969,,0.125,0.12888,0.95,1.0,1.0,1.0,0.54,0.08656
2970,,0.09,0.1012,0.94,1.0,1.0,1.0,0.53,0.05888
2971,,0.055,0.07352,0.93,1.0,1.0,1.0,0.52,0.0312
2972,,0.02,0.04584,0.92,1.0,1.0,1.0,0.51,0.00352
2973,,-0.015,0.01816,0.91,1.0,1.0,1.0,0.5,-0.02416
2974,8,-0.015,-0.00952,0.865,0.95768,0.98,1.0,0.525,1.0
2975,1,1.0,-0.0022,0.855,0.93036,0.945,0.97268,0.515,1.0
2976,2,1.0,1.0,0.88,0.93804,0.925,0.93036,0.47,0.97232
2977,,0.965,0.97232,0.87,0.94572,0.94,0.93804,0.46,0.94464
2978,,0.93,0.94464,0.86,0.9534,0.955,0.94572,0.45,0.91696
2979,,0.895,0.91696,0.85,0.96108,0.97,0.9534,0.44,0.88928
2980,,0.86,0.88928,0.84,0.96876,0.985,0.96108,0.43,0.8616
2981,,0.825,0.8616,0.83,0.97644,1.0,0.96876,0.42,0.83392
2982,,0.79,0.83392,0.82,0.98412,1.0,0.97644,0.41,0.80624
2983,,0.755,0.80624,0.81,0.9918,1.0,0.98412,0.4,0.77856
2984,,0.72,0.77856,0.8,0.99948,1.0,0.9918,0.39,0.75088
2985,,0.685,0.75088,0.79,1.0,1.0,0.99948,0.38,0.7232
2986,,0.65,0.7232,0.78,1.0,1.0,1.0,0.37,0.69552
2987,,0.615,0.69552,0.77,1.0,1.0,1.0,0.36,0.66784
2988,,0.58,0.66784,0.76,1.0,1.0,1.0,0.35,0.64016
2989,,0.545,0.64016,0.75,1.0,1.0,1.0,0.34,0.61248
2990,,0.51,0.61248,0.74,1.0,1.0,1.0,0.33,0.5848
2991,,0.475,0.5848,0.73,1.0,1.0,1.0,0.32,0.55712
2992,,0.44,0.55712,0.72,1.0,1.0,1.0,0.31,0.52944
2993,,0.405,0.52944,0.71,1.0,1.0,1.0,0.3,0.50176
2994,,0.37,0.50176,0.7,1.0,1.0,1.0,0.29,0.47408
2995,,0.335,0.47408,0.69,1.0,1.0,1.0,0.28,0.4464
2996,,0.3,0.4464,0.68,1.0,1.0,1.0,0.27,0.41872
2997,,0.265,0.41872,0.67,1.0,1.0,1.0,0.26,0.39104
2998,,0.23,0.39104,0.66,1.0,1.0,1.0,0.25,0.36336
2999,,0.195,0.36336,0.65,1.0,1.0,1.0,0.24,0.33568
3000,,0.16,0.33568,0.64,1.0,1.0,1.0,0.23,0.308
3001,,0.125,0.308,0.63,1.0,1.0,1.0,0.22,0.28032
3002,,0.09,0.28032,0.62,1.0,1.0,1.0,0.21,0.25264
3003,,0.055,0.25264,0.61,1.0,1.0,1.0,0.2,0.22496
3004,,0.02,0.22496,0.6,1.0,1.0,1.0,0.19,0.19728
3005,,-0.015,0.19728,0.59,1.0,1.0,1.0,0.18,0.1696
3006,1,1.0,0.2046,0.58,0.97268,0.965,0.97268,0.17,0.17692
3007,,0.965,0.17692,0.57,0.98036,0.98,0.98036,0.16,0.14924
3008,,0.93,0.14924,0.56,0.98804,0.995,0.98804,0.15,0.12156
3009,,0.895,0.12156,0.55,0.99572,1.0,0.99572,0.14,0.09388
3010,,0.86,0.09388,0.54,1.0,1.0,1.0,0.13,0.0662
3011,,0.825,0.0662,0.53,1.0,1.0,1.0,0.12,0.03852
3012,,0.79,0.03852,0.52,1.0,1.0,1.0,0.11,0.01084
3013,,0.755,0.01084,0.51,1.0,1.0,1.0,0.1,-0.01684
3014,8,0.755,-0.01684,0.465,0.95768,0.98,1.0,0.125,1.0
3015,2,0.755,1.0,0.49,0.96536,0.96,0.95768,0.08,0.97232
3016,,0.72,0.97232,0.48,0.97304,0.975,0.96536,0.07,0.94464
3017,,0.685,0.94464,0.47,0.98072,0.99,0.97304,0.06,0.91696
3018,,0.65,0.91696,0.46,0.9884,1.0,0.98072,0.05,0.88928
3019,,0.615,0.88928,0.45,0.99608,1.0,0.9884,0.04,0.8616
3020,,0.58,0.8616,0.44,1.0,1.0,0.99608,0.03,0.83392
3021,,0.545,0.83392,0.43,1.0,1.0,1.0,0.02,0.80624
3022,,0.51,0.80624,0.42,1.0,1.0,1.0,0.01,0.77856
3023,,0.475,0.77856,0.41,1.0,1.0,1.0,-0.0,0.75088
3024,,0.44,0.75088,0.4,1.0,1.0,1.0,-0.01,0.7232
3025,7,0.405,0.6882,0.34,0.97268,1.0,1.0,1.0,0.73052
3026,,0.37,0.66052,0.33,0.98036,1.0,1.0,0.99,0.70284
3027,,0.335,0.63284,0.32,0.98804,1.0,1.0,0.98,0.67516
3028,,0.3,0.60516,0.31,0.99572,1.0,1.0,0.97,0.64748
3029,,0.265,0.57748,0.3,1.0,1.0,1.0,0.96,0.6198
3030,,0.23,0.5498,0.29,1.0,1.0,1.0,0.95,0.59212
3031,,0.195,0.52212,0.28,1.0,1.0,1.0,0.94,0.56444
3032,,0.16,0.49444,0.27,1.0,1.0,1.0,0.93,0.53676
3033,,0.125,0.46676,0.26,1.0,1.0,1.0,0.92,0.50908
3034,,0.09,0.43908,0.25,1.0,1.0,1.0,0.91,0.4814
3035,,0.055,0.4114,0.24,1.0,1.0,1.0,0.9,0.45372
3036,,0.02,0.38372,0.23,1.0,1.0,1.0,0.89,0.42604
3037,,-0.015,0.35604,0.22,1.0,1.0,1.0,0.88,0.39836
3038,1,1.0,0.36336,0.21,0.97268,0.965,0.97268,0.87,0.40568
3039,,0.965,0.33568,0.2,0.98036,0.98,0.98036,0.86,0.378
3040,,0.93,0.308,0.19,0.98804,0.995,0.98804,0.85,0.35032
3041,,0.895,0.28032,0.18,0.99572,1.0,0.99572,0.84,0.32264
3042,,0.86,0.25264,0.17,1.0,1.0,1.0,0.83,0.29496
3043,,0.825,0.22496,0.16,1.0,1.0,1.0,0.82,0.26728
3044,,0.79,0.19728,0.15,1.0,1.0,1.0,0.81,0.2396
3045,,0.755,0.1696,0.14,1.0,1.0,1.0,0.8,0.21192
3046,,0.72,0.14192,0.13,1.0,1.0,1.0,0.79,0.18424
3047,,0.685,0.11424,0.12,1.0,1.0,1.0,0.78,0.15656
3048,,0.65,0.08656,0.11,1.0,1.0,1.0,0.77,0.12888
3049,,0.615,0.05888,0.1,1.0,1.0,1.0,0.76,0.1012
3050,,0.58,0.0312,0.09,1.0,1.0,1.0,0.75,0.07352
3051,,0.545,0.00352,0.08,1.0,1.0,1.0,0.74,0.04584
3052,,0.51,-0.02416,0.07,1.0,1.0,1.0,0.73,0.01816
3053,2,0.51,1.0,0.095,1.0,0.98,0.95768,0.685,-0.00952
3054,8,0.51,0.97232,0.05,0.95768,0.96,0.96536,0.71,1.0
3055,,0.475,0.94464,0.04,0.96536,0.975,0.97304,0.7,0.97232
3056,,0.44,0.91696,0.03,0.97304,0.99,0.98072,0.69,0.94464
3057,,0.405,0.88928,0.02,0.98072,1.0,0.9884,0.68,0.91696
3058,,0.37,0.8616,0.01,0.9884,1.0,0.99608,0.67,0.88928
3059,,0.335,0.83392,-0.0,0.99608,1.0,1.0,0.66,0.8616
3060,,0.3,0.80624,-0.01,1.0,1.0,1.0,0.65,0.83392
3061,3,0.265,0.81356,1.0,1.0,1.0,0.97268,0.59,0.77124
3062,,0.23,0.78588,0.99,1.0,1.0,0.98036,0.58,0.74356
3063,,0.195,0.7582,0.98,1.0,1.0,0.98804,0.57,0.71588
3064,,0.16,0.73052,0.97,1.0,1.0,0.99572,0.56,0.6882
3065,,0.125,0.70284,0.96,1.0,1.0,1.0,0.55,0.66052
3066,,0.09,0.67516,0.95,1.0,1.0,1.0,0.54,0.63284
3067,,0.055,0.64748,0.94,1.0,1.0,1.0,0.53,0.60516
3068,,0.02,0.6198,0.93,1.0,1.0,1.0,0.52,0.57748
3069,,-0.015,0.59212,0.92,1.0,1.0,1.0,0.51,0.5498
3070,1,1.0,0.59944,0.91,0.97268,0.965,0.97268,0.5,0.55712
3071,,0.965,0.57176,0.9,0.98036,0.98,0.98036,0.49,0.52944
3072,,0.93,0.54408,0.89,0.98804,0.995,0.98804,0.48,0.50176
3073,,0.895,0.5164,0.88,0.99572,1.0,0.99572,0.47,0.47408
3074,,0.86,0.48872,0.87,1.0,1.0,1.0,0.46,0.4464
3075,,0.825,0.46104,0.86,1.0,1.0,1.0,0.45,0.41872
3076,,0.79,0.43336,0.85,1.0,1.0,1.0,0.44,0.39104
3077,,0.755,0.40568,0.84,1.0,1.0,1.0,0.43,0.36336
3078,,0.72,0.378,0.83,1.0,1.0,1.0,0.42,0.33568
3079,,0.685,0.35032,0.82,1.0,1.0,1.0,0.41,0.308
3080,,0.65,0.32264,0.81,1.0,1.0,1.0,0.4,0.28032
3081,,0.615,0.29496,0.8,1.0,1.0,1.0,0.39,0.25264
3082,,0.58,0.26728,0.79,1.0,1.0,1.0,0.38,0.22496
3083,,0.545,0.2396,0.78,1.0,1.0,1.0,0.37,0.19728
3084,,0.51,0.21192,0.77,1.0,1.0,1.0,0.36,0.1696
3085,,0.475,0.18424,0.76,1.0,1.0,1.0,0.35,0.14192
3086,,0.44,0.15656,0.75,1.0,1.0,1.0,0.34,0.11424
3087,,0.405,0.12888,0.74,1.0,1.0,1.0,0.33,0.08656
3088,,0.37,0.1012,0.73,1.0,1.0,1.0,0.32,0.05888
3089,,0.335,0.07352,0.72,1.0,1.0,1.0,0.31,0.0312
3090,,0.3,0.04584,0.71,1.0,1.0,1.0,0.3,0.00352
3091,,0.265,0.01816,0.7,1.0,1.0,1.0,0.29,-0.02416
3092,8,0.265,-0.00952,0.655,0.95768,0.98,1.0,0.315,1.0
3093,2,0.265,1.0,0.68,0.96536,0.96,0.95768,0.27,0.97232
3094,,0.23,0.97232,0.67,0.97304,0.975,0.96536,0.26,0.94464
3095,,0.195,0.94464,0.66,0.98072,0.99,0.97304,0.25,0.91696
3096,,0.16,0.91696,0.65,0.9884,1.0,0.98072,0.24,0.88928
3097,,0.125,0.88928,0.64,0.99608,1.0,0.9884,0.23,0.8616
3098,,0.09,0.8616,0.63,1.0,1.0,0.99608,0.22,0.83392
3099,,0.055,0.83392,0.62,1.0,1.0,1.0,0.21,0.80624
3100,,0.02,0.80624,0.61,1.0,1.0,1.0,0.2,0.77856
3101,,-0.015,0.77856,0.6,1.0,1.0,1.0,0.19,0.75088
3102,1,1.0,0.78588,0.59,0.97268,0.965,0.97268,0.18,0.7582
3103,,0.965,0.7582,0.58,0.98036,0.98,0.98036,0.17,0.73052
3104,,0.93,0.73052,0.57,0.98804,0.995,0.98804,0.16,0.70284
3105,,0.895,0.70284,0.56,0.99572,1.0,0.99572,0.15,0.67516
3106,,0.86,0.67516,0.55,1.0,1.0,1.0,0.14,0.64748
3107,,0.825,0.64748,0.54,1.0,1.0,1.0,0.13,0.6198
3108,,0.79,0.6198,0.53,1.0,1.0,1.0,0.12,0.59212
3109,,0.755,0.59212,0.52,1.0,1.0,1.0,0.11,0.56444
3110,,0.72,0.56444,0.51,1.0,1.0,1.0,0.1,0.53676
3111,,0.685,0.53676,0.5,1.0,1.0,1.0,0.09,0.50908
3112,,0.65,0.50908,0.49,1.0,1.0,1.0,0.08,0.4814
3113,,0.615,0.4814,0.48,1.0,1.0,1.0,0.07,0.45372
3114,,0.58,0.45372,0.47,1.0,1.0,1.0,0.06,0.42604
3115,,0.545,0.42604,0.46,1.0,1.0,1.0,0.05,0.39836
3116,,0.51,0.39836,0.45,1.0,1.0,1.0,0.04,0.37068
3117,,0.475,0.37068,0.44,1.0,1.0,1.0,0.03,0.343
3118,,0.44,0.343,0.43,1.0,1.0,1.0,0.02,0.31532
3119,,0.405,0.31532,0.42,1.0,1.0,1.0,0.01,0.28764
3120,,0.37,0.28764,0.41,1.0,1.0,1.0,-0.0,0.25996
3121,,0.335,0.25996,0.4,1.0,1.0,1.0,-0.01,0.23228
3122,7,0.3,0.19728,0.34,0.97268,1.0,1.0,1.0,0.2396
3123,,0.265,0.1696,0.33,0.98036,1.0,1.0,0.99,0.21192
3124,,0.23,0.14192,0.32,0.98804,1.0,1.0,0.98,0.18424
3125,,0.195,0.11424,0.31,0.99572,1.0,1.0,0.97,0.15656
3126,,0.16,0.08656,0.3,1.0,1.0,1.0,0.96,0.12888
3127,,0.125,0.05888,0.29,1.0,1.0,1.0,0.95,0.1012
3128,,0.09,0.0312,0.28,1.0,1.0,1.0,0.94,0.07352
3129,,0.055,0.00352,0.27,1.0,1.0,1.0,0.93,0.04584
3130,,0.02,-0.02416,0.26,1.0,1.0,1.0,0.92,0.01816
3131,2,0.02,1.0,0.285,1.0,0.98,0.95768,0.875,-0.00952
3132,8,0.02,0.97232,0.24,0.95768,0.96,0.96536,0.9,1.0
3133,,-0.015,0.94464,0.23,0.96536,0.975,0.97304,0.89,0.97232
3134,1,1.0,0.95196,0.22,0.93804,0.94,0.94572,0.88,0.97964
3135,,0.965,0.92428,0.21,0.94572,0.955,0.9534,0.87,0.95196
3136,,0.93,0.8966,0.2,0.9534,0.97,0.96108,0.86,0.92428
3137,,0.895,0.86892,0.19,0.96108,0.985,0.96876,0.85,0.8966
3138,,0.86,0.84124,0.18,0.96876,1.0,0.97644,0.84,0.86892
3139,,0.825,0.81356,0.17,0.97644,1.0,0.98412,0.83,0.84124
3140,,0.79,0.78588,0.16,0.98412,1.0,0.9918,0.82,0.81356
3141,,0.755,0.7582,0.15,0.9918,1.0,0.99948,0.81,0.78588
3142,,0.72,0.73052,0.14,0.99948,1.0,1.0,0.8,0.7582
3143,,0.685,0.70284,0.13,1.0,1.0,1.0,0.79,0.73052
3144,,0.65,0.67516,0.12,1.0,1.0,1.0,0.78,0.70284
3145,,0.615,0.64748,0.11,1.0,1.0,1.0,0.77,0.67516
3146,,0.58,0.6198,0.1,1.0,1.0,1.0,0.76,0.64748
3147,,0.545,0.59212,0.09,1.0,1.0,1.0,0.75,0.6198
3148,,0.51,0.56444,0.08,1.0,1.0,1.0,0.74,0.59212
3149,,0.475,0.53676,0.07,1.0,1.0,1.0,0.73,0.56444
3150,,0.44,0.50908,0.06,1.0,1.0,1.0,0.72,0.53676
3151,,0.405,0.4814,0.05,1.0,1.0,1.0,0.71,0.50908
3152,,0.37,0.45372,0.04,1.0,1.0,1.0,0.7,0.4814
3153,,0.335,0.42604,0.03,1.0,1.0,1.0,0.69,0.45372
3154,,0.3,0.39836,0.02,1.0,1.0,1.0,0.68,0.42604
3155,,0.265,0.37068,0.01,1.0,1.0,1.0,0.67,0.39836
3156,,0.23,0.343,-0.0,1.0,1.0,1.0,0.66,0.37068
3157,,0.195,0.31532,-0.01,1.0,1.0,1.0,0.65,0.343
3158,3,0.16,0.32264,1.0,1.0,1.0,0.97268,0.59,0.28032
3159,,0.125,0.29496,0.99,1.0,1.0,0.98036,0.58,0.25264
3160,,0.09,0.26728,0.98,1.0,1.0,0.98804,0.57,0.22496
3161,,0.055,0.2396,0.97,1.0,1.0,0.99572,0.56,0.19728
3162,,0.02,0.21192,0.96,1.0,1.0,1.0,0.55,0.1696
3163,,-0.015,0.18424,0.95,1.0,1.0,1.0,0.54,0.14192
3164,1,1.0,0.19156,0.94,0.97268,0.965,0.97268,0.53,0.14924
3165,,0.965,0.16388,0.93,0.98036,0.98,0.98036,0.52,0.12156
3166,,0.93,0.1362,0.92,0.98804,0.995,0.98804,0.51,0.09388
3167,,0.895,0.10852,0.91,0.99572,1.0,0.99572,0.5,0.0662
3168,,0.86,0.08084,0.9,1.0,1.0,1.0,0.49,0.03852
3169,,0.825,0.05316,0.89,1.0,1.0,1.0,0.48,0.01084
3170,,0.79,0.02548,0.88,1.0,1.0,1.0,0.47,-0.01684
3171,8,0.79,-0.0022,0.835,0.95768,0.98,1.0,0.495,1.0
3172,2,0.79,1.0,0.86,0.96536,0.96,0.95768,0.45,0.97232
3173,,0.755,0.97232,0.85,0.97304,0.975,0.96536,0.44,0.94464
3174,,0.72,0.94464,0.84,0.98072,0.99,0.97304,0.43,0.91696
3175,,0.685,0.91696,0.83,0.9884,1.0,0.98072,0.42,0.88928
3176,,0.65,0.88928,0.82,0.99608,1.0,0.9884,0.41,0.8616
3177,,0.615,0.8616,0.81,1.0,1.0,0.99608,0.4,0.83392
3178,,0.58,0.83392,0.8,1.0,1.0,1.0,0.39,0.80624
3179,,0.545,0.80624,0.79,1.0,1.0,1.0,0.38,0.77856
3180,,0.51,0.77856,0.78,1.0,1.0,1.0,0.37,0.75088
3181,,0.475,0.75088,0.77,1.0,1.0,1.0,0.36,0.7232
3182,,0.44,0.7232,0.76,1.0,1.0,1.0,0.35,0.69552
3183,,0.405,0.69552,0.75,1.0,1.0,1.0,0.34,0.66784
3184,,0.37,0.66784,0.74,1.0,1.0,1.0,0.33,0.64016
3185,,0.335,0.64016,0.73,1.0,1.0,1.0,0.32,0.61248
3186,,0.3,0.61248,0.72,1.0,1.0,1.0,0.31,0.5848
3187,,0.265,0.5848,0.71,1.0,1.0,1.0,0.3,0.55712
3188,,0.23,0.55712,0.7,1.0,1.0,1.0,0.29,0.52944
3189,,0.195,0.52944,0.69,1.0,1.0,1.0,0.28,0.50176
3190,,0.16,0.50176,0.68,1.0,1.0,1.0,0.27,0.47408
3191,,0.125,0.47408,0.67,1.0,1.0,1.0,0.26,0.4464
3192,,0.09,0.4464,0.66,1.0,1.0,1.0,0.25,0.41872
3193,,0.055,0.41872,0.65,1.0,1.0,1.0,0.24,0.39104
3194,,0.02,0.39104,0.64,1.0,1.0,1.0,0.23,0.36336
3195,,-0.015,0.36336,0.63,1.0,1.0,1.0,0.22,0.33568
3196,1,1.0,0.37068,0.62,0.97268,0.965,0.97268,0.21,0.343
3197,,0.965,0.343,0.61,0.98036,0.98,0.98036,0.2,0.31532
3198,,0.93,0.31532,0.6,0.98804,0.995,0.98804,0.19,0.28764
3199,,0.895,0.28764,0.59,0.99572,1.0,0.99572,0.18,0.25996
3200,,0.86,0.25996,0.58,1.0,1.0,1.0,0.17,0.23228
3201,,0.825,0.23228,0.57,1.0,1.0,1.0,0.16,0.2046
3202,,0.79,0.2046,0.56,1.0,1.0,1.0,0.15,0.17692
3203,,0.755,0.17692,0.55,1.0,1.0,1.0,0.14,0.14924
3204,,0.72,0.14924,0.54,1.0,1.0,1.0,0.13,0.12156
3205,,0.685,0.12156,0.53,1.0,1.0,1.0,0.12,0.09388
3206,,0.65,0.09388,0.52,1.0,1.0,1.0,0.11,0.0662
3207,,0.615,0.0662,0.51,1.0,1.0,1.0,0.1,0.03852
3208,,0.58,0.03852,0.5,1.0,1.0,1.0,0.09,0.01084
3209,,0.545,0.01084,0.49,1.0,1.0,1.0,0.08,-0.01684
3210,8,0.545,-0.01684,0.445,0.95768,0.98,1.0,0.105,1.0
3211,2,0.545,1.0,0.47,0.96536,0.96,0.95768,0.06,0.97232
3212,,0.51,0.97232,0.46,0.97304,0.975,0.96536,0.05,0.94464
3213,,0.475,0.94464,0.45,0.98072,0.99,0.97304,0.04,0.91696
3214,,0.44,0.91696,0.44,0.9884,1.0,0.98072,0.03,0.88928
3215,,0.405,0.88928,0.43,0.99608,1.0,0.9884,0.02,0.8616
3216,,0.37,0.8616,0.42,1.0,1.0,0.99608,0.01,0.83392
3217,,0.335,0.83392,0.41,1.0,1.0,1.0,-0.0,0.80624
3218,,0.3,0.80624,0.4,1.0,1.0,1.0,-0.01,0.77856
3219,7,0.265,0.74356,0.34,0.97268,1.0,1.0,1.0,0.78588
3220,,0.23,0.71588,0.33,0.98036,1.0,1.0,0.99,0.7582
3221,,0.195,0.6882,0.32,0.98804,1.0,1.0,0.98,0.73052
3222,,0.16,0.66052,0.31,0.99572,1.0,1.0,0.97,0.70284
3223,,0.125,0.63284,0.3,1.0,1.0,1.0,0.96,0.67516
3224,,0.09,0.60516,0.29,1.0,1.0,1.0,0.95,0.64748
3225,,0.055,0.57748,0.28,1.0,1.0,1.0,0.94,0.6198
3226,,0.02,0.5498,0.27,1.0,1.0,1.0,0.93,0.59212
3227,,-0.015,0.52212,0.26,1.0,1.0,1.0,0.92,0.56444
3228,1,1.0,0.52944,0.25,0.97268,0.965,0.97268,0.91,0.57176
3229,,0.965,0.50176,0.24,0.98036,0.98,0.98036,0.9,0.54408
3230,,0.93,0.47408,0.23,0.98804,0.995,0.98804,0.89,0.5164
3231,,0.895,0.4464,0.22,0.99572,1.0,0.99572,0.88,0.48872
3232,,0.86,0.41872,0.21,1.0,1.0,1.0,0.87,0.46104
3233,,0.825,0.39104,0.2,1.0,1.0,1.0,0.86,0.43336
3234,,0.79,0.36336,0.19,1.0,1.0,1.0,0.85,0.40568
3235,,0.755,0.33568,0.18,1.0,1.0,1.0,0.84,0.378
3236,,0.72,0.308,0.17,1.0,1.0,1.0,0.83,0.35032
3237,,0.685,0.28032,0.16,1.0,1.0,1.0,0.82,0.32264
3238,,0.65,0.25264,0.15,1.0,1.0,1.0,0.81,0.29496
3239,,0.615,0.22496,0.14,1.0,1.0,1.0,0.8,0.26728
3240,,0.58,0.19728,0.13,1.0,1.0,1.0,0.79,0.2396
3241,,0.545,0.1696,0.12,1.0,1.0,1.0,0.78,0.21192
3242,,0.51,0.14192,0.11,1.0,1.0,1.0,0.77,0.18424
3243,,0.475,0.11424,0.1,1.0,1.0,1.0,0.76,0.15656
3244,,0.44,0.08656,0.09,1.0,1.0,1.0,0.75,0.12888
3245,,0.405,0.05888,0.08,1.0,1.0,1.0,0.74,0.1012
3246,,0.37,0.0312,0.07,1.0,1.0,1.0,0.73,0.07352
3247,,0.335,0.00352,0.06,1.0,1.0,1.0,0.72,0.04584
3248,,0.3,-0.02416,0.05,1.0,1.0,1.0,0.71,0.01816
3249,2,0.3,1.0,0.075,1.0,0.98,0.95768,0.665,-0.00952
3250,8,0.3,0.97232,0.03,0.95768,0.96,0.96536,0.69,1.0
3251,,0.265,0.94464,0.02,0.96536,0.975,0.97304,0.68,0.97232
3252,,0.23,0.91696,0.01,0.97304,0.99,0.98072,0.67,0.94464
3253,,0.195,0.88928,-0.0,0.98072,1.0,0.9884,0.66,0.91696
3254,,0.16,0.8616,-0.01,0.9884,1.0,0.99608,0.65,0.88928
3255,3,0.125,0.86892,1.0,1.0,1.0,0.96876,0.59,0.8266
3256,,0.09,0.84124,0.99,1.0,1.0,0.97644,0.58,0.79892
3257,,0.055,0.81356,0.98,1.0,1.0,0.98412,0.57,0.77124
3258,,0.02,0.78588,0.97,1.0,1.0,0.9918,0.56,0.74356
3259,,-0.015,0.7582,0.96,1.0,1.0,0.99948,0.55,0.71588
3260,1,1.0,0.76552,0.95,0.97268,0.965,0.97216,0.54,0.7232
3261,,0.965,0.73784,0.94,0.98036,0.98,0.97984,0.53,0.69552
3262,,0.93,0.71016,0.93,0.98804,0.995,0.98752,0.52,0.66784
3263,,0.895,0.68248,0.92,0.99572,1.0,0.9952,0.51,0.64016
3264,,0.86,0.6548,0.91,1.0,1.0,1.0,0.5,0.61248
3265,,0.825,0.62712,0.9,1.0,1.0,1.0,0.49,0.5848
3266,,0.79,0.59944,0.89,1.0,1.0,1.0,0.48,0.55712
3267,,0.755,0.57176,0.88,1.0,1.0,1.0,0.47,0.52944
3268,,0.72,0.54408,0.87,1.0,1.0,1.0,0.46,0.50176
3269,,0.685,0.5164,0.86,1.0,1.0,1.0,0.45,0.47408
3270,,0.65,0.48872,0.85,1.0,1.0,1.0,0.44,0.4464
3271,,0.615,0.46104,0.84,1.0,1.0,1.0,0.43,0.41872
3272,,0.58,0.43336,0.83,1.0,1.0,1.0,0.42,0.39104
3273,,0.545,0.40568,0.82,1.0,1.0,1.0,0.41,0.36336
3274,,0.51,0.378,0.81,1.0,1.0,1.0,0.4,0.33568
3275,,0.475,0.35032,0.8,1.0,1.0,1.0,0.39,0.308
3276,,0.44,0.32264,0.79,1.0,1.0,1.0,0.38,0.28032
3277,,0.405,0.29496,0.78,1.0,1.0,1.0,0.37,0.25264
3278,,0.37,0.26728,0.77,1.0,1.0,1.0,0.36,0.22496
3279,,0.335,0.2396,0.76,1.0,1.0,1.0,0.35,0.19728
3280,,0.3,0.21192,0.75,1.0,1.0,1.0,0.34,0.1696
3281,,0.265,0.18424,0.74,1.0,1.0,1.0,0.33,0.14192
3282,,0.23,0.15656,0.73,1.0,1.0,1.0,0.32,0.11424
3283,,0.195,0.12888,0.72,1.0,1.0,1.0,0.31,0.08656
3284,,0.16,0.1012,0.71,1.0,1.0,1.0,0.3,0.05888
3285,,0.125,0.07352,0.7,1.0,1.0,1.0,0.29,0.0312
3286,,0.09,0.04584,0.69,1.0,1.0,1.0,0.28,0.00352
3287,,0.055,0.01816,0.68,1.0,1.0,1.0,0.27,-0.02416
3288,8,0.055,-0.00952,0.635,0.95768,0.98,1.0,0.295,1.0
3289,2,0.055,1.0,0.66,0.96536,0.96,0.95768,0.25,0.97232
3290,,0.02,0.97232,0.65,0.97304,0.975,0.96536,0.24,0.94464
3291,,-0.015,0.94464,0.64,0.98072,0.99,0.97304,0.23,0.91696
3292,1,1.0,0.95196,0.63,0.9534,0.955,0.94572,0.22,0.92428
3293,,0.965,0.92428,0.62,0.96108,0.97,0.9534,0.21,0.8966
3294,,0.93,0.8966,0.61,0.96876,0.985,0.96108,0.2,0.86892
3295,,0.895,0.86892,0.6,0.97644,1.0,0.96876,0.19,0.84124
3296,,0.86,0.84124,0.59,0.98412,1.0,0.97644,0.18,0.81356
3297,,0.825,0.81356,0.58,0.9918,1.0,0.98412,0.17,0.78588
3298,,0.79,0.78588,0.57,0.99948,1.0,0.9918,0.16,0.7582
3299,,0.755,0.7582,0.56,1.0,1.0,0.99948,0.15,0.73052
3300,,0.72,0.73052,0.55,1.0,1.0,1.0,0.14,0.70284
3301,,0.685,0.70284,0.54,1.0,1.0,1.0,0.13,0.67516
3302,,0.65,0.67516,0.53,1.0,1.0,1.0,0.12,0.64748
3303,,0.615,0.64748,0.52,1.0,1.0,1.0,0.11,0.6198
3304,,0.58,0.6198,0.51,1.0,1.0,1.0,0.1,0.59212
3305,,0.545,0.59212,0.5,1.0,1.0,1.0,0.09,0.56444
3306,,0.51,0.56444,0.49,1.0,1.0,1.0,0.08,0.53676
3307,,0.475,0.53676,0.48,1.0,1.0,1.0,0.07,0.50908
3308,,0.44,0.50908,0.47,1.0,1.0,1.0,0.06,0.4814
3309,,0.405,0.4814,0.46,1.0,1.0,1.0,0.05,0.45372
3310,,0.37,0.45372,0.45,1.0,1.0,1.0,0.04,0.42604
3311,,0.335,0.42604,0.44,1.0,1.0,1.0,0.03,0.39836
3312,,0.3,0.39836,0.43,1.0,1.0,1.0,0.02,0.37068
3313,,0.265,0.37068,0.42,1.0,1.0,1.0,0.01,0.343
3314,,0.23,0.343,0.41,1.0,1.0,1.0,-0.0,0.31532
3315,,0.195,0.31532,0.4,1.0,1.0,1.0,-0.01,0.28764
3316,7,0.16,0.25264,0.34,0.97268,1.0,1.0,1.0,0.29496
3317,,0.125,0.22496,0.33,0.98036,1.0,1.0,0.99,0.26728
3318,,0.09,0.19728,0.32,0.98804,1.0,1.0,0.98,0.2396
3319,,0.055,0.1696,0.31,0.99572,1.0,1.0,0.97,0.21192
3320,,0.02,0.14192,0.3,1.0,1.0,1.0,0.96,0.18424
3321,,-0.015,0.11424,0.29,1.0,1.0,1.0,0.95,0.15656
3322,1,1.0,0.12156,0.28,0.97268,0.965,0.97268,0.94,0.16388
3323,,0.965,0.09388,0.27,0.98036,0.98,0.98036,0.93,0.1362
3324,,0.93,0.0662,0.26,0.98804,0.995,0.98804,0.92,0.10852
3325,,0.895,0.03852,0.25,0.99572,1.0,0.99572,0.91,0.08084
3326,,0.86,0.01084,0.24,1.0,1.0,1.0,0.9,0.05316
3327,,0.825,-0.01684,0.23,1.0,1.0,1.0,0.89,0.02548
3328,2,0.825,1.0,0.255,1.0,0.98,0.95768,0.845,-0.0022
3329,8,0.825,0.97232,0.21,0.95768,0.96,0.96536,0.87,1.0
3330,,0.79,0.94464,0.2,0.96536,0.975,0.97304,0.86,0.97232
3331,,0.755,0.91696,0.19,0.97304,0.99,0.98072,0.85,0.94464
3332,,0.72,0.88928,0.18,0.98072,1.0,0.9884,0.84,0.91696
3333,,0.685,0.8616,0.17,0.9884,1.0,0.99608,0.83,0.88928
3334,,0.65,0.83392,0.16,0.99608,1.0,1.0,0.82,0.8616
3335,,0.615,0.80624,0.15,1.0,1.0,1.0,0.81,0.83392
3336,,0.58,0.77856,0.14,1.0,1.0,1.0,0.8,0.80624
3337,,0.545,0.75088,0.13,1.0,1.0,1.0,0.79,0.77856
3338,,0.51,0.7232,0.12,1.0,1.0,1.0,0.78,0.75088
3339,,0.475,0.69552,0.11,1.0,1.0,1.0,0.77,0.7232
3340,,0.44,0.66784,0.1,1.0,1.0,1.0,0.76,0.69552
3341,,0.405,0.64016,0.09,1.0,1.0,1.0,0.75,0.66784
3342,,0.37,0.61248,0.08,1.0,1.0,1.0,0.74,0.64016
3343,,0.335,0.5848,0.07,1.0,1.0,1.0,0.73,0.61248
3344,,0.3,0.55712,0.06,1.0,1.0,1.0,0.72,0.5848
3345,,0.265,0.52944,0.05,1.0,1.0,1.0,0.71,0.55712
3346,,0.23,0.50176,0.04,1.0,1.0,1.0,0.7,0.52944
3347,,0.195,0.47408,0.03,1.0,1.0,1.0,0.69,0.50176
3348,,0.16,0.4464,0.02,1.0,1.0,1.0,0.68,0.47408
3349,,0.125,0.41872,0.01,1.0,1.0,1.0,0.67,0.4464
3350,,0.09,0.39104,-0.0,1.0,1.0,1.0,0.66,0.41872
3351,,0.055,0.36336,-0.01,1.0,1.0,1.0,0.65,0.39104
3352,3,0.02,0.37068,1.0,1.0,1.0,0.97268,0.59,0.32836
3353,,-0.015,0.343,0.99,1.0,1.0,0.98036,0.58,0.30068
3354,1,1.0,0.35032,0.98,0.97268,0.965,0.95304,0.57,0.308
3355,,0.965,0.32264,0.97,0.98036,0.98,0.96072,0.56,0.28032
3356,,0.93,0.29496,0.96,0.98804,0.995,0.9684,0.55,0.25264
3357,,0.895,0.26728,0.95,0.99572,1.0,0.97608,0.54,0.22496
3358,,0.86,0.2396,0.94,1.0,1.0,0.98376,0.53,0.19728
3359,,0.825,0.21192,0.93,1.0,1.0,0.99144,0.52,0.1696
3360,,0.79,0.18424,0.92,1.0,1.0,0.99912,0.51,0.14192
3361,,0.755,0.15656,0.91,1.0,1.0,1.0,0.5,0.11424
3362,,0.72,0.12888,0.9,1.0,1.0,1.0,0.49,0.08656
3363,,0.685,0.1012,0.89,1.0,1.0,1.0,0.48,0.05888
3364,,0.65,0.07352,0.88,1.0,1.0,1.0,0.47,0.0312
3365,,0.615,0.04584,0.87,1.0,1.0,1.0,0.46,0.00352
3366,,0.58,0.01816,0.86,1.0,1.0,1.0,0.45,-0.02416
3367,8,0.58,-0.00952,0.815,0.95768,0.98,1.0,0.475,1.0
3368,2,0.58,1.0,0.84,0.96536,0.96,0.95768,0.43,0.97232
3369,,0.545,0.97232,0.83,0.97304,0.975,0.96536,0.42,0.94464
3370,,0.51,0.94464,0.82,0.98072,0.99,0.97304,0.41,0.91696
3371,,0.475,0.91696,0.81,0.9884,1.0,0.98072,0.4,0.88928
3372,,0.44,0.88928,0.8,0.99608,1.0,0.9884,0.39,0.8616
3373,,0.405,0.8616,0.79,1.0,1.0,0.99608,0.38,0.83392
3374,,0.37,0.83392,0.78,1.0,1.0,1.0,0.37,0.80624
3375,,0.335,0.80624,0.77,1.0,1.0,1.0,0.36,0.77856
3376,,0.3,0.77856,0.76,1.0,1.0,1.0,0.35,0.75088
3377,,0.265,0.75088,0.75,1.0,1.0,1.0,0.34,0.7232
3378,,0.23,0.7232,0.74,1.0,1.0,1.0,0.33,0.69552
3379,,0.195,0.69552,0.73,1.0,1.0,1.0,0.32,0.66784
3380,,0.16,0.66784,0.72,1.0,1.0,1.0,0.31,0.64016
3381,,0.125,0.64016,0.71,1.0,1.0,1.0,0.3,0.61248
3382,,0.09,0.61248,0.7,1.0,1.0,1.0,0.29,0.5848
3383,,0.055,0.5848,0.69,1.0,1.0,1.0,0.28,0.55712
3384,,0.02,0.55712,0.68,1.0,1.0,1.0,0.27,0.52944
3385,,-0.015,0.52944,0.67,1.0,1.0,1.0,0.26,0.50176
3386,1,1.0,0.53676,0.66,0.97268,0.965,0.97268,0.25,0.50908
3387,,0.965,0.50908,0.65,0.98036,0.98,0.98036,0.24,0.4814
3388,,0.93,0.4814,0.64,0.98804,0.995,0.98804,0.23,0.45372
3389,,0.895,0.45372,0.63,0.99572,1.0,0.99572,0.22,0.42604
3390,,0.86,0.42604,0.62,1.0,1.0,1.0,0.21,0.39836
3391,,0.825,0.39836,0.61,1.0,1.0,1.0,0.2,0.37068
3392,,0.79,0.37068,0.6,1.0,1.0,1.0,0.19,0.343
3393,,0.755,0.343,0.59,1.0,1.0,1.0,0.18,0.31532
3394,,0.72,0.31532,0.58,1.0,1.0,1.0,0.17,0.28764
3395,,0.685,0.28764,0.57,1.0,1.0,1.0,0.16,0.25996
3396,,0.65,0.25996,0.56,1.0,1.0,1.0,0.15,0.23228
3397,,0.615,0.23228,0.55,1.0,1.0,1.0,0.14,0.2046
3398,,0.58,0.2046,0.54,1.0,1.0,1.0,0.13,0.17692
3399,,0.545,0.17692,0.53,1.0,1.0,1.0,0.12,0.14924
3400,,0.51,0.14924,0.52,1.0,1.0,1.0,0.11,0.12156
3401,,0.475,0.12156,0.51,1.0,1.0,1.0,0.1,0.09388
3402,,0.44,0.09388,0.5,1.0,1.0,1.0,0.09,0.0662
3403,,0.405,0.0662,0.49,1.0,1.0,1.0,0.08,0.03852
3404,,0.37,0.03852,0.48,1.0,1.0,1.0,0.07,0.01084
3405,,0.335,0.01084,0.47,1.0,1.0,1.0,0.06,-0.01684
3406,8,0.335,-0.01684,0.425,0.95768,0.98,1.0,0.085,1.0
3407,2,0.335,1.0,0.45,0.96536,0.96,0.95768,0.04,0.97232
3408,,0.3,0.97232,0.44,0.97304,0.975,0.96536,0.03,0.94464
3409,,0.265,0.94464,0.43,0.98072,0.99,0.97304,0.02,0.91696
3410,,0.23,0.91696,0.42,0.9884,1.0,0.98072,0.01,0.88928
3411,,0.195,0.88928,0.41,0.99608,1.0,0.9884,-0.0,0.8616
3412,,0.16,0.8616,0.4,1.0,1.0,0.99608,-0.01,0.83392
3413,7,0.125,0.79892,0.34,0.97268,1.0,1.0,1.0,0.84124
3414,,0.09,0.77124,0.33,0.98036,1.0,1.0,0.99,0.81356
3415,,0.055,0.74356,0.32,0.98804,1.0,1.0,0.98,0.78588
3416,,0.02,0.71588,0.31,0.99572,1.0,1.0,0.97,0.7582
3417,,-0.015,0.6882,0.3,1.0,1.0,1.0,0.96,0.73052
3418,1,1.0,0.69552,0.29,0.97268,0.965,0.97268,0.95,0.73784
3419,,0.965,0.66784,0.28,0.98036,0.98,0.98036,0.94,0.71016
3420,,0.93,0.64016,0.27,0.98804,0.995,0.98804,0.93,0.68248
3421,,0.895,0.61248,0.26,0.99572,1.0,0.99572,0.92,0.6548
3422,,0.86,0.5848,0.25,1.0,1.0,1.0,0.91,0.62712
3423,,0.825,0.55712,0.24,1.0,1.0,1.0,0.9,0.59944
3424,,0.79,0.52944,0.23,1.0,1.0,1.0,0.89,0.57176
3425,,0.755,0.50176,0.22,1.0,1.0,1.0,0.88,0.54408
3426,,0.72,0.47408,0.21,1.0,1.0,1.0,0.87,0.5164
3427,,0.685,0.4464,0.2,1.0,1.0,1.0,0.86,0.48872
3428,,0.65,0.41872,0.19,1.0,1.0,1.0,0.85,0.46104
3429,,0.615,0.39104,0.18,1.0,1.0,1.0,0.84,0.43336
3430,,0.58,0.36336,0.17,1.0,1.0,1.0,0.83,0.40568
3431,,0.545,0.33568,0.16,1.0,1.0,1.0,0.82,0.378
3432,,0.51,0.308,0.15,1.0,1.0,1.0,0.81,0.35032
3433,,0.475,0.28032,0.14,1.0,1.0,1.0,0.8,0.32264
3434,,0.44,0.25264,0.13,1.0,1.0,1.0,0.79,0.29496
3435,,0.405,0.22496,0.12,1.0,1.0,1.0,0.78,0.26728
3436,,0.37,0.19728,0.11,1.0,1.0,1.0,0.77,0.2396
3437,,0.335,0.1696,0.1,1.0,1.0,1.0,0.76,0.21192
3438,,0.3,0.14192,0.09,1.0,1.0,1.0,0.75,0.18424
3439,,0.265,0.11424,0.08,1.0,1.0,1.0,0.74,0.15656
3440,,0.23,0.08656,0.07,1.0,1.0,1.0,0.73,0.12888
3441,,0.195,0.05888,0.06,1.0,1.0,1.0,0.72,0.1012
3442,,0.16,0.0312,0.05,1.0,1.0,1.0,0.71,0.07352
3443,,0.125,0.00352,0.04,1.0,1.0,1.0,0.7,0.04584
3444,,0.09,-0.02416,0.03,1.0,1.0,1.0,0.69,0.01816
3445,2,0.09,1.0,0.055,1.0,0.98,0.95768,0.645,-0.00952
3446,8,0.09,0.97232,0.01,0.95768,0.96,0.96536,0.67,1.0
3447,,0.055,0.94464,-0.0,0.96536,0.975,0.97304,0.66,0.97232
3448,,0.02,0.91696,-0.01,0.97304,0.99,0.98072,0.65,0.94464
3449,3,-0.015,0.92428,1.0,1.0,1.0,0.9534,0.59,0.88196
3450,1,1.0,0.9316,0.99,0.97268,0.965,0.92608,0.58,0.88928
3451,,0.965,0.90392,0.98,0.98036,0.98,0.93376,0.57,0.8616
3452,,0.93,0.87624,0.97,0.98804,0.995,0.94144,0.56,0.83392
3453,,0.895,0.84856,0.96,0.99572,1.0,0.94912,0.55,0.80624
3454,,0.86,0.82088,0.95,1.0,1.0,0.9568,0.54,0.77856
3455,,0.825,0.7932,0.94,1.0,1.0,0.96448,0.53,0.75088
3456,,0.79,0.76552,0.93,1.0,1.0,0.97216,0.52,0.7232
3457,,0.755,0.73784,0.92,1.0,1.0,0.97984,0.51,0.69552
3458,,0.72,0.71016,0.91,1.0,1.0,0.98752,0.5,0.66784
3459,,0.685,0.68248,0.9,1.0,1.0,0.9952,0.49,0.64016
3460,,0.65,0.6548,0.89,1.0,1.0,1.0,0.48,0.61248
3461,,0.615,0.62712,0.88,1.0,1.0,1.0,0.47,0.5848
3462,,0.58,0.59944,0.87,1.0,1.0,1.0,0.46,0.55712
3463,,0.545,0.57176,0.86,1.0,1.0,1.0,0.45,0.52944
3464,,0.51,0.54408,0.85,1.0,1.0,1.0,0.44,0.50176
3465,,0.475,0.5164,0.84,1.0,1.0,1.0,0.43,0.47408
3466,,0.44,0.48872,0.83,1.0,1.0,1.0,0.42,0.4464
3467,,0.405,0.46104,0.82,1.0,1.0,1.0,0.41,0.41872
3468,,0.37,0.43336,0.81,1.0,1.0,1.0,0.4,0.39104
3469,,0.335,0.40568,0.8,1.0,1.0,1.0,0.39,0.36336
3470,,0.3,0.378,0.79,1.0,1.0,1.0,0.38,0.33568
3471,,0.265,0.35032,0.78,1.0,1.0,1.0,0.37,0.308
3472,,0.23,0.32264,0.77,1.0,1.0,1.0,0.36,0.28032
3473,,0.195,0.29496,0.76,1.0,1.0,1.0,0.35,0.25264
3474,,0.16,0.26728,0.75,1.0,1.0,1.0,0.34,0.22496
3475,,0.125,0.2396,0.74,1.0,1.0,1.0,0.33,0.19728
3476,,0.09,0.21192,0.73,1.0,1.0,1.0,0.32,0.1696
3477,,0.055,0.18424,0.72,1.0,1.0,1.0,0.31,0.14192
3478,,0.02,0.15656,0.71,1.0,1.0,1.0,0.3,0.11424
3479,,-0.015,0.12888,0.7,1.0,1.0,1.0,0.29,0.08656
3480,1,1.0,0.1362,0.69,0.97268,0.965,0.97268,0.28,0.09388
3481,,0.965,0.10852,0.68,0.98036,0.98,0.98036,0.27,0.0662
3482,,0.93,0.08084,0.67,0.98804,0.995,0.98804,0.26,0.03852
3483,,0.895,0.05316,0.66,0.99572,1.0,0.99572,0.25,0.01084
3484,,0.86,0.02548,0.65,1.0,1.0,1.0,0.24,-0.01684
3485,8,0.86,-0.0022,0.605,0.95768,0.98,1.0,0.265,1.0
3486,2,0.86,1.0,0.63,0.96536,0.96,0.95768,0.22,0.97232
3487,,0.825,0.97232,0.62,0.97304,0.975,0.96536,0.21,0.94464
3488,,0.79,0.94464,0.61,0.98072,0.99,0.97304,0.2,0.91696
3489,,0.755,0.91696,0.6,0.9884,1.0,0.98072,0.19,0.88928
3490,,0.72,0.88928,0.59,0.99608,1.0,0.9884,0.18,0.8616
3491,,0.685,0.8616,0.58,1.0,1.0,0.99608,0.17,0.83392
3492,,0.65,0.83392,0.57,1.0,1.0,1.0,0.16,0.80624
3493,,0.615,0.80624,0.56,1.0,1.0,1.0,0.15,0.77856
3494,,0.58,0.77856,0.55,1.0,1.0,1.0,0.14,0.75088
3495,,0.545,0.75088,0.54,1.0,1.0,1.0,0.13,0.7232
3496,,0.51,0.7232,0.53,1.0,1.0,1.0,0.12,0.69552
3497,,0.475,0.69552,0.52,1.0,1.0,1.0,0.11,0.66784
3498,,0.44,0.66784,0.51,1.0,1.0,1.0,0.1,0.64016
3499,,0.405,0.64016,0.5,1.0,1.0,1.0,0.09,0.61248
3500,,0.37,0.61248,0.49,1.0,1.0,1.0,0.08,0.5848
3501,,0.335,0.5848,0.48,1.0,1.0,1.0,0.07,0.55712
3502,,0.3,0.55712,0.47,1.0,1.0,1.0,0.06,0.52944
3503,,0.265,0.52944,0.46,1.0,1.0,1.0,0.05,0.50176
3504,,0.23,0.50176,0.45,1.0,1.0,1.0,0.04,0.47408
3505,,0.195,0.47408,0.44,1.0,1.0,1.0,0.03,0.4464
3506,,0.16,0.4464,0.43,1.0,1.0,1.0,0.02,0.41872
3507,,0.125,0.41872,0.42,1.0,1.0,1.0,0.01,0.39104
3508,,0.09,0.39104,0.41,1.0,1.0,1.0,-0.0,0.36336
3509,,0.055,0.36336,0.4,1.0,1.0,1.0,-0.01,0.33568
3510,7,0.02,0.30068,0.34,0.97268,1.0,1.0,1.0,0.343
3511,,-0.015,0.273,0.33,0.98036,1.0,1.0,0.99,0.31532
3512,1,1.0,0.28032,0.32,0.95304,0.965,0.97268,0.98,0.32264
3513,,0.965,0.25264,0.31,0.96072,0.98,0.98036,0.97,0.29496
3514,,0.93,0.22496,0.3,0.9684,0.995,0.98804,0.96,0.26728
3515,,0.895,0.19728,0.29,0.97608,1.0,0.99572,0.95,0.2396
3516,,0.86,0.1696,0.28,0.98376,1.0,1.0,0.94,0.21192
3517,,0.825,0.14192,0.27,0.99144,1.0,1.0,0.93,0.18424
3518,,0.79,0.11424,0.26,0.99912,1.0,1.0,0.92,0.15656
3519,,0.755,0.08656,0.25,1.0,1.0,1.0,0.91,0.12888
3520,,0.72,0.05888,0.24,1.0,1.0,1.0,0.9,0.1012
3521,,0.685,0.0312,0.23,1.0,1.0,1.0,0.89,0.07352
3522,,0.65,0.00352,0.22,1.0,1.0,1.0,0.88,0.04584
3523,,0.615,-0.02416,0.21,1.0,1.0,1.0,0.87,0.01816
3524,2,0.615,1.0,0.235,1.0,0.98,0.95768,0.825,-0.00952
3525,8,0.615,0.97232,0.19,0.95768,0.96,0.96536,0.85,1.0
3526,,0.58,0.94464,0.18,0.96536,0.975,0.97304,0.84,0.97232
3527,,0.545,0.91696,0.17,0.97304,0.99,0.98072,0.83,0.94464
3528,,0.51,0.88928,0.16,0.98072,1.0,0.9884,0.82,0.91696
3529,,0.475,0.8616,0.15,0.9884,1.0,0.99608,0.81,0.88928
3530,,0.44,0.83392,0.14,0.99608,1.0,1.0,0.8,0.8616
3531,,0.405,0.80624,0.13,1.0,1.0,1.0,0.79,0.83392
3532,,0.37,0.77856,0.12,1.0,1.0,1.0,0.78,0.80624
3533,,0.335,0.75088,0.11,1.0,1.0,1.0,0.77,0.77856
3534,,0.3,0.7232,0.1,1.0,1.0,1.0,0.76,0.75088
3535,,0.265,0.69552,0.09,1.0,1.0,1.0,0.75,0.7232
3536,,0.23,0.66784,0.08,1.0,1.0,1.0,0.74,0.69552
3537,,0.195,0.64016,0.07,1.0,1.0,1.0,0.73,0.66784
3538,,0.16,0.61248,0.06,1.0,1.0,1.0,0.72,0.64016
3539,,0.125,0.5848,0.05,1.0,1.0,1.0,0.71,0.61248
3540,,0.09,0.55712,0.04,1.0,1.0,1.0,0.7,0.5848
3541,,0.055,0.52944,0.03,1.0,1.0,1.0,0.69,0.55712
3542,,0.02,0.50176,0.02,1.0,1.0,1.0,0.68,0.52944
3543,,-0.015,0.47408,0.01,1.0,1.0,1.0,0.67,0.50176
3544,1,1.0,0.4814,-0.0,0.97268,0.965,0.97268,0.66,0.50908
3545,,0.965,0.45372,-0.01,0.98036,0.98,0.98036,0.65,0.4814
3546,3,0.93,0.46104,1.0,1.0,0.995,0.95304,0.59,0.41872
3547,,0.895,0.43336,0.99,1.0,1.0,0.96072,0.58,0.39104
3548,,0.86,0.40568,0.98,1.0,1.0,0.9684,0.57,0.36336
3549,,0.825,0.378,0.97,1.0,1.0,0.97608,0.56,0.33568
3550,,0.79,0.35032,0.96,1.0,1.0,0.98376,0.55,0.308
3551,,0.755,0.32264,0.95,1.0,1.0,0.99144,0.54,0.28032
3552,,0.72,0.29496,0.94,1.0,1.0,0.99912,0.53,0.25264
3553,,0.685,0.26728,0.93,1.0,1.0,1.0,0.52,0.22496
3554,,0.65,0.2396,0.92,1.0,1.0,1.0,0.51,0.19728
3555,,0.615,0.21192,0.91,1.0,1.0,1.0,0.5,0.1696
3556,,0.58,0.18424,0.9,1.0,1.0,1.0,0.49,0.14192
3557,,0.545,0.15656,0.89,1.0,1.0,1.0,0.48,0.11424
3558,,0.51,0.12888,0.88,1.0,1.0,1.0,0.47,0.08656
3559,,0.475,0.1012,0.87,1.0,1.0,1.0,0.46,0.05888
3560,,0.44,0.07352,0.86,1.0,1.0,1.0,0.45,0.0312
3561,,0.405,0.04584,0.85,1.0,1.0,1.0,0.44,0.00352
3562,,0.37,0.01816,0.84,1.0,1.0,1.0,0.43,-0.02416
3563,8,0.37,-0.00952,0.795,0.95768,0.98,1.0,0.455,1.0
3564,2,0.37,1.0,0.82,0.96536,0.96,0.95768,0.41,0.97232
3565,,0.335,0.97232,0.81,0.97304,0.975,0.96536,0.4,0.94464
3566,,0.3,0.94464,0.8,0.98072,0.99,0.97304,0.39,0.91696
3567,,0.265,0.91696,0.79,0.9884,1.0,0.98072,0.38,0.88928
3568,,0.23,0.88928,0.78,0.99608,1.0,0.9884,0.37,0.8616
3569,,0.195,0.8616,0.77,1.0,1.0,0.99608,0.36,0.83392
3570,,0.16,0.83392,0.76,1.0,1.0,1.0,0.35,0.80624
3571,,0.125,0.80624,0.75,1.0,1.0,1.0,0.34,0.77856
3572,,0.09,0.77856,0.74,1.0,1.0,1.0,0.33,0.75088
3573,,0.055,0.75088,0.73,1.0,1.0,1.0,0.32,0.7232
3574,,0.02,0.7232,0.72,1.0,1.0,1.0,0.31,0.69552
3575,,-0.015,0.69552,0.71,1.0,1.0,1.0,0.3,0.66784
3576,1,1.0,0.70284,0.7,0.97268,0.965,0.97268,0.29,0.67516
3577,,0.965,0.67516,0.69,0.98036,0.98,0.98036,0.28,0.64748
3578,,0.93,0.64748,0.68,0.98804,0.995,0.98804,0.27,0.6198
3579,,0.895,0.6198,0.67,0.99572,1.0,0.99572,0.26,0.59212
3580,,0.86,0.59212,0.66,1.0,1.0,1.0,0.25,0.56444
3581,,0.825,0.56444,0.65,1.0,1.0,1.0,0.24,0.53676
3582,,0.79,0.53676,0.64,1.0,1.0,1.0,0.23,0.50908
3583,,0.755,0.50908,0.63,1.0,1.0,1.0,0.22,0.4814
3584,,0.72,0.4814,0.62,1.0,1.0,1.0,0.21,0.45372
3585,,0.685,0.45372,0.61,1.0,1.0,1.0,0.2,0.42604
3586,,0.65,0.42604,0.6,1.0,1.0,1.0,0.19,0.39836
3587,,0.615,0.39836,0.59,1.0,1.0,1.0,0.18,0.37068
3588,,0.58,0.37068,0.58,1.0,1.0,1.0,0.17,0.343
3589,,0.545,0.343,0.57,1.0,1.0,1.0,0.16,0.31532
3590,,0.51,0.31532,0.56,1.0,1.0,1.0,0.15,0.28764
3591,,0.475,0.28764,0.55,1.0,1.0,1.0,0.14,0.25996
3592,,0.44,0.25996,0.54,1.0,1.0,1.0,0.13,0.23228
3593,,0.405,0.23228,0.53,1.0,1.0,1.0,0.12,0.2046
3594,,0.37,0.2046,0.52,1.0,1.0,1.0,0.11,0.17692
3595,,0.335,0.17692,0.51,1.0,1.0,1.0,0.1,0.14924
3596,,0.3,0.14924,0.5,1.0,1.0,1.0,0.09,0.12156
3597,,0.265,0.12156,0.49,1.0,1.0,1.0,0.08,0.09388
3598,,0.23,0.09388,0.48,1.0,1.0,1.0,0.07,0.0662
3599,,0.195,0.0662,0.47,1.0,1.0,1.0,0.06,0.03852
3600,,0.16,0.03852,0.46,1.0,1.0,1.0,0.05,0.01084
3601,,0.125,0.01084,0.45,1.0,1.0,1.0,0.04,-0.01684
3602,8,0.125,-0.01684,0.405,0.95768,0.98,1.0,0.065,1.0
3603,2,0.125,1.0,0.43,0.96536,0.96,0.95768,0.02,0.97232
3604,,0.09,0.97232,0.42,0.97304,0.975,0.96536,0.01,0.94464
3605,,0.055,0.94464,0.41,0.98072,0.99,0.97304,-0.0,0.91696
3606,,0.02,0.91696,0.4,0.9884,1.0,0.98072,-0.01,0.88928
3607,7,-0.015,0.85428,0.34,0.96108,1.0,1.0,1.0,0.8966
3608,1,1.0,0.8616,0.33,0.93376,0.965,0.97268,0.99,0.90392
3609,,0.965,0.83392,0.32,0.94144,0.98,0.98036,0.98,0.87624
3610,,0.93,0.80624,0.31,0.94912,0.995,0.98804,0.97,0.84856
3611,,0.895,0.77856,0.3,0.9568,1.0,0.99572,0.96,0.82088
3612,,0.86,0.75088,0.29,0.96448,1.0,1.0,0.95,0.7932
3613,,0.825,0.7232,0.28,0.97216,1.0,1.0,0.94,0.76552
3614,,0.79,0.69552,0.27,0.97984,1.0,1.0,0.93,0.73784
3615,,0.755,0.66784,0.26,0.98752,1.0,1.0,0.92,0.71016
3616,,0.72,0.64016,0.25,0.9952,1.0,1.0,0.91,0.68248
3617,,0.685,0.61248,0.24,1.0,1.0,1.0,0.9,0.6548
3618,,0.65,0.5848,0.23,1.0,1.0,1.0,0.89,0.62712
3619,,0.615,0.55712,0.22,1.0,1.0,1.0,0.88,0.59944
3620,,0.58,0.52944,0.21,1.0,1.0,1.0,0.87,0.57176
3621,,0.545,0.50176,0.2,1.0,1.0,1.0,0.86,0.54408
3622,,0.51,0.47408,0.19,1.0,1.0,1.0,0.85,0.5164
3623,,0.475,0.4464,0.18,1.0,1.0,1.0,0.84,0.48872
3624,,0.44,0.41872,0.17,1.0,1.0,1.0,0.83,0.46104
3625,,0.405,0.39104,0.16,1.0,1.0,1.0,0.82,0.43336
3626,,0.37,0.36336,0.15,1.0,1.0,1.0,0.81,0.40568
3627,,0.335,0.33568,0.14,1.0,1.0,1.0,0.8,0.378
3628,,0.3,0.308,0.13,1.0,1.0,1.0,0.79,0.35032
3629,,0.265,0.28032,0.12,1.0,1.0,1.0,0.78,0.32264
3630,,0.23,0.25264,0.11,1.0,1.0,1.0,0.77,0.29496
3631,,0.195,0.22496,0.1,1.0,1.0,1.0,0.76,0.26728
3632,,0.16,0.19728,0.09,1.0,1.0,1.0,0.75,0.2396
3633,,0.125,0.1696,0.08,1.0,1.0,1.0,0.74,0.21192
3634,,0.09,0.14192,0.07,1.0,1.0,1.0,0.73,0.18424
3635,,0.055,0.11424,0.06,1.0,1.0,1.0,0.72,0.15656
3636,,0.02,0.08656,0.05,1.0,1.0,1.0,0.71,0.12888
3637,,-0.015,0.05888,0.04,1.0,1.0,1.0,0.7,0.1012
3638,1,1.0,0.0662,0.03,0.97268,0.965,0.97268,0.69,0.10852
3639,,0.965,0.03852,0.02,0.98036,0.98,0.98036,0.68,0.08084
3640,,0.93,0.01084,0.01,0.98804,0.995,0.98804,0.67,0.05316
3641,,0.895,-0.01684,-0.0,0.99572,1.0,0.99572,0.66,0.02548
3642,2,0.895,1.0,0.025,1.0,0.98,0.9534,0.615,-0.0022
3643,8,0.895,0.97232,-0.02,0.95768,0.96,0.96108,0.64,1.0
3644,3,0.86,0.97964,1.0,1.0,0.975,0.93376,0.58,0.93732
3645,,0.825,0.95196,0.99,1.0,0.99,0.94144,0.57,0.90964
3646,,0.79,0.92428,0.98,1.0,1.0,0.94912,0.56,0.88196
3647,,0.755,0.8966,0.97,1.0,1.0,0.9568,0.55,0.85428
3648,,0.72,0.86892,0.96,1.0,1.0,0.96448,0.54,0.8266
3649,,0.685,0.84124,0.95,1.0,1.0,0.97216,0.53,0.79892
3650,,0.65,0.81356,0.94,1.0,1.0,0.97984,0.52,0.77124
3651,,0.615,0.78588,0.93,1.0,1.0,0.98752,0.51,0.74356
3652,,0.58,0.7582,0.92,1.0,1.0,0.9952,0.5,0.71588
3653,,0.545,0.73052,0.91,1.0,1.0,1.0,0.49,0.6882
3654,,0.51,0.70284,0.9,1.0,1.0,1.0,0.48,0.66052
3655,,0.475,0.67516,0.89,1.0,1.0,1.0,0.47,0.63284
3656,,0.44,0.64748,0.88,1.0,1.0,1.0,0.46,0.60516
3657,,0.405,0.6198,0.87,1.0,1.0,1.0,0.45,0.57748
3658,,0.37,0.59212,0.86,1.0,1.0,1.0,0.44,0.5498
3659,,0.335,0.56444,0.85,1.0,1.0,1.0,0.43,0.52212
3660,,0.3,0.53676,0.84,1.0,1.0,1.0,0.42,0.49444
3661,,0.265,0.50908,0.83,1.0,1.0,1.0,0.41,0.46676
3662,,0.23,0.4814,0.82,1.0,1.0,1.0,0.4,0.43908
3663,,0.195,0.45372,0.81,1.0,1.0,1.0,0.39,0.4114
3664,,0.16,0.42604,0.8,1.0,1.0,1.0,0.38,0.38372
3665,,0.125,0.39836,0.79,1.0,1.0,1.0,0.37,0.35604
3666,,0.09,0.37068,0.78,1.0,1.0,1.0,0.36,0.32836
3667,,0.055,0.343,0.77,1.0,1.0,1.0,0.35,0.30068
3668,,0.02,0.31532,0.76,1.0,1.0,1.0,0.34,0.273
3669,,-0.015,0.28764,0.75,1.0,1.0,1.0,0.33,0.24532
3670,1,1.0,0.29496,0.74,0.97268,0.965,0.97268,0.32,0.25264
3671,,0.965,0.26728,0.73,0.98036,0.98,0.98036,0.31,0.22496
3672,,0.93,0.2396,0.72,0.98804,0.995,0.98804,0.3,0.19728
3673,,0.895,0.21192,0.71,0.99572,1.0,0.99572,0.29,0.1696
3674,,0.86,0.18424,0.7,1.0,1.0,1.0,0.28,0.14192
3675,,0.825,0.15656,0.69,1.0,1.0,1.0,0.27,0.11424
3676,,0.79,0.12888,0.68,1.0,1.0,1.0,0.26,0.08656
3677,,0.755,0.1012,0.67,1.0,1.0,1.0,0.25,0.05888
3678,,0.72,0.07352,0.66,1.0,1.0,1.0,0.24,0.0312
3679,,0.685,0.04584,0.65,1.0,1.0,1.0,0.23,0.00352
3680,,0.65,0.01816,0.64,1.0,1.0,1.0,0.22,-0.02416
3681,8,0.65,-0.00952,0.595,0.95768,0.98,1.0,0.245,1.0
3682,2,0.65,1.0,0.62,0.96536,0.96,0.95768,0.2,0.97232
3683,,0.615,0.97232,0.61,0.97304,0.975,0.96536,0.19,0.94464
3684,,0.58,0.94464,0.6,0.98072,0.99,0.97304,0.18,0.91696
3685,,0.545,0.91696,0.59,0.9884,1.0,0.98072,0.17,0.88928
3686,,0.51,0.88928,0.58,0.99608,1.0,0.9884,0.16,0.8616
3687,,0.475,0.8616,0.57,1.0,1.0,0.99608,0.15,0.83392
3688,,0.44,0.83392,0.56,1.0,1.0,1.0,0.14,0.80624
3689,,0.405,0.80624,0.55,1.0,1.0,1.0,0.13,0.77856
3690,,0.37,0.77856,0.54,1.0,1.0,1.0,0.12,0.75088
3691,,0.335,0.75088,0.53,1.0,1.0,1.0,0.11,0.7232
3692,,0.3,0.7232,0.52,1.0,1.0,1.0,0.1,0.69552
3693,,0.265,0.69552,0.51,1.0,1.0,1.0,0.09,0.66784
3694,,0.23,0.66784,0.5,1.0,1.0,1.0,0.08,0.64016
3695,,0.195,0.64016,0.49,1.0,1.0,1.0,0.07,0.61248
3696,,0.16,0.61248,0.48,1.0,1.0,1.0,0.06,0.5848
3697,,0.125,0.5848,0.47,1.0,1.0,1.0,0.05,0.55712
3698,,0.09,0.55712,0.46,1.0,1.0,1.0,0.04,0.52944
3699,,0.055,0.52944,0.45,1.0,1.0,1.0,0.03,0.50176
3700,,0.02,0.50176,0.44,1.0,1.0,1.0,0.02,0.47408
3701,,-0.015,0.47408,0.43,1.0,1.0,1.0,0.01,0.4464
3702,1,1.0,0.4814,0.42,0.97268,0.965,0.97268,-0.0,0.45372
3703,,0.965,0.45372,0.41,0.98036,0.98,0.98036,-0.01,0.42604
3704,7,0.93,0.39104,0.35,0.95304,0.995,1.0,1.0,0.43336
3705,,0.895,0.36336,0.34,0.96072,1.0,1.0,0.99,0.40568
3706,,0.86,0.33568,0.33,0.9684,1.0,1.0,0.98,0.378
3707,,0.825,0.308,0.32,0.97608,1.0,1.0,0.97,0.35032
3708,,0.79,0.28032,0.31,0.98376,1.0,1.0,0.96,0.32264
3709,,0.755,0.25264,0.3,0.99144,1.0,1.0,0.95,0.29496
3710,,0.72,0.22496,0.29,0.99912,1.0,1.0,0.94,0.26728
3711,,0.685,0.19728,0.28,1.0,1.0,1.0,0.93,0.2396
3712,,0.65,0.1696,0.27,1.0,1.0,1.0,0.92,0.21192
3713,,0.615,0.14192,0.26,1.0,1.0,1.0,0.91,0.18424
3714,,0.58,0.11424,0.25,1.0,1.0,1.0,0.9,0.15656
3715,,0.545,0.08656,0.24,1.0,1.0,1.0,0.89,0.12888
3716,,0.51,0.05888,0.23,1.0,1.0,1.0,0.88,0.1012
3717,,0.475,0.0312,0.22,1.0,1.0,1.0,0.87,0.07352
3718,,0.44,0.00352,0.21,1.0,1.0,1.0,0.86,0.04584
3719,,0.405,-0.02416,0.2,1.0,1.0,1.0,0.85,0.01816
3720,2,0.405,1.0,0.225,1.0,0.98,0.95768,0.805,-0.00952
3721,8,0.405,0.97232,0.18,0.95768,0.96,0.96536,0.83,1.0
3722,,0.37,0.94464,0.17,0.96536,0.975,0.97304,0.82,0.97232
3723,,0.335,0.91696,0.16,0.97304,0.99,0.98072,0.81,0.94464
3724,,0.3,0.88928,0.15,0.98072,1.0,0.9884,0.8,0.91696
3725,,0.265,0.8616,0.14,0.9884,1.0,0.99608,0.79,0.88928
3726,,0.23,0.83392,0.13,0.99608,1.0,1.0,0.78,0.8616
3727,,0.195,0.80624,0.12,1.0,1.0,1.0,0.77,0.83392
3728,,0.16,0.77856,0.11,1.0,1.0,1.0,0.76,0.80624
3729,,0.125,0.75088,0.1,1.0,1.0,1.0,0.75,0.77856
3730,,0.09,0.7232,0.09,1.0,1.0,1.0,0.74,0.75088
3731,,0.055,0.69552,0.08,1.0,1.0,1.0,0.73,0.7232
3732,,0.02,0.66784,0.07,1.0,1.0,1.0,0.72,0.69552
3733,,-0.015,0.64016,0.06,1.0,1.0,1.0,0.71,0.66784
3734,1,1.0,0.64748,0.05,0.97268,0.965,0.97268,0.7,0.67516
3735,,0.965,0.6198,0.04,0.98036,0.98,0.98036,0.69,0.64748
3736,,0.93,0.59212,0.03,0.98804,0.995,0.98804,0.68,0.6198
3737,,0.895,0.56444,0.02,0.99572,1.0,0.99572,0.67,0.59212
3738,,0.86,0.53676,0.01,1.0,1.0,1.0,0.66,0.56444
3739,,0.825,0.50908,-0.0,1.0,1.0,1.0,0.65,0.53676
3740,,0.79,0.4814,-0.01,1.0,1.0,1.0,0.64,0.50908
3741,3,0.755,0.48872,1.0,1.0,1.0,0.97268,0.58,0.4464
3742,,0.72,0.46104,0.99,1.0,1.0,0.98036,0.57,0.41872
3743,,0.685,0.43336,0.98,1.0,1.0,0.98804,0.56,0.39104
3744,,0.65,0.40568,0.97,1.0,1.0,0.99572,0.55,0.36336
3745,,0.615,0.378,0.96,1.0,1.0,1.0,0.54,0.33568
3746,,0.58,0.35032,0.95,1.0,1.0,1.0,0.53,0.308
3747,,0.545,0.32264,0.94,1.0,1.0,1.0,0.52,0.28032
3748,,0.51,0.29496,0.93,1.0,1.0,1.0,0.51,0.25264
3749,,0.475,0.26728,0.92,1.0,1.0,1.0,0.5,0.22496
3750,,0.44,0.2396,0.91,1.0,1.0,1.0,0.49,0.19728
3751,,0.405,0.21192,0.9,1.0,1.0,1.0,0.48,0.1696
3752,,0.37,0.18424,0.89,1.0,1.0,1.0,0.47,0.14192
3753,,0.335,0.15656,0.88,1.0,1.0,1.0,0.46,0.11424
3754,,0.3,0.12888,0.87,1.0,1.0,1.0,0.45,0.08656
3755,,0.265,0.1012,0.86,1.0,1.0,1.0,0.44,0.05888
3756,,0.23,0.07352,0.85,1.0,1.0,1.0,0.43,0.0312
3757,,0.195,0.04584,0.84,1.0,1.0,1.0,0.42,0.00352
3758,,0.16,0.01816,0.83,1.0,1.0,1.0,0.41,-0.02416
3759,8,0.16,-0.00952,0.785,0.95768,0.98,1.0,0.435,1.0
3760,2,0.16,1.0,0.81,0.96536,0.96,0.95768,0.39,0.97232
3761,,0.125,0.97232,0.8,0.97304,0.975,0.96536,0.38,0.94464
3762,,0.09,0.94464,0.79,0.98072,0.99,0.97304,0.37,0.91696
3763,,0.055,0.91696,0.78,0.9884,1.0,0.98072,0.36,0.88928
3764,,0.02,0.88928,0.77,0.99608,1.0,0.9884,0.35,0.8616
3765,,-0.015,0.8616,0.76,1.0,1.0,0.99608,0.34,0.83392
3766,1,1.0,0.86892,0.75,0.97268,0.965,0.96876,0.33,0.84124
3767,,0.965,0.84124,0.74,0.98036,0.98,0.97644,0.32,0.81356
3768,,0.93,0.81356,0.73,0.98804,0.995,0.98412,0.31,0.78588
3769,,0.895,0.78588,0.72,0.99572,1.0,0.9918,0.3,0.7582
3770,,0.86,0.7582,0.71,1.0,1.0,0.99948,0.29,0.73052
3771,,0.825,0.73052,0.7,1.0,1.0,1.0,0.28,0.70284
3772,,0.79,0.70284,0.69,1.0,1.0,1.0,0.27,0.67516
3773,,0.755,0.67516,0.68,1.0,1.0,1.0,0.26,0.64748
3774,,0.72,0.64748,0.67,1.0,1.0,1.0,0.25,0.6198
3775,,0.685,0.6198,0.66,1.0,1.0,1.0,0.24,0.59212
3776,,0.65,0.59212,0.65,1.0,1.0,1.0,0.23,0.56444
3777,,0.615,0.56444,0.64,1.0,1.0,1.0,0.22,0.53676
3778,,0.58,0.53676,0.63,1.0,1.0,1.0,0.21,0.50908
3779,,0.545,0.50908,0.62,1.0,1.0,1.0,0.2,0.4814
3780,,0.51,0.4814,0.61,1.0,1.0,1.0,0.19,0.45372
3781,,0.475,0.45372,0.6,1.0,1.0,1.0,0.18,0.42604
3782,,0.44,0.42604,0.59,1.0,1.0,1.0,0.17,0.39836
3783,,0.405,0.39836,0.58,1.0,1.0,1.0,0.16,0.37068
3784,,0.37,0.37068,0.57,1.0,1.0,1.0,0.15,0.343
3785,,0.335,0.343,0.56,1.0,1.0,1.0,0.14,0.31532
3786,,0.3,0.31532,0.55,1.0,1.0,1.0,0.13,0.28764
3787,,0.265,0.28764,0.54,1.0,1.0,1.0,0.12,0.25996
3788,,0.23,0.25996,0.53,1.0,1.0,1.0,0.11,0.23228
3789,,0.195,0.23228,0.52,1.0,1.0,1.0,0.1,0.2046
3790,,0.16,0.2046,0.51,1.0,1.0,1.0,0.09,0.17692
3791,,0.125,0.17692,0.5,1.0,1.0,1.0,0.08,0.14924
3792,,0.09,0.14924,0.49,1.0,1.0,1.0,0.07,0.12156
3793,,0.055,0.12156,0.48,1.0,1.0,1.0,0.06,0.09388
3794,,0.02,0.09388,0.47,1.0,1.0,1.0,0.05,0.0662
3795,,-0.015,0.0662,0.46,1.0,1.0,1.0,0.04,0.03852
3796,1,1.0,0.07352,0.45,0.97268,0.965,0.97268,0.03,0.04584
3797,,0.965,0.04584,0.44,0.98036,0.98,0.98036,0.02,0.01816
3798,,0.93,0.01816,0.43,0.98804,0.995,0.98804,0.01,-0.00952
3799,8,0.93,-0.00952,0.385,0.94572,0.975,0.99572,0.035,1.0
3800,2,0.93,1.0,0.41,0.9534,0.955,0.9534,-0.01,0.97232
3801,7,0.895,0.93732,0.35,0.92608,0.97,0.99608,1.0,0.97964
3802,,0.86,0.90964,0.34,0.93376,0.985,1.0,0.99,0.95196
3803,,0.825,0.88196,0.33,0.94144,1.0,1.0,0.98,0.92428
3804,,0.79,0.85428,0.32,0.94912,1.0,1.0,0.97,0.8966
3805,,0.755,0.8266,0.31,0.9568,1.0,1.0,0.96,0.86892
3806,,0.72,0.79892,0.3,0.96448,1.0,1.0,0.95,0.84124
3807,,0.685,0.77124,0.29,0.97216,1.0,1.0,0.94,0.81356
3808,,0.65,0.74356,0.28,0.97984,1.0,1.0,0.93,0.78588
3809,,0.615,0.71588,0.27,0.98752,1.0,1.0,0.92,0.7582
3810,,0.58,0.6882,0.26,0.9952,1.0,1.0,0.91,0.73052
3811,,0.545,0.66052,0.25,1.0,1.0,1.0,0.9,0.70284
3812,,0.51,0.63284,0.24,1.0,1.0,1.0,0.89,0.67516
3813,,0.475,0.60516,0.23,1.0,1.0,1.0,0.88,0.64748
3814,,0.44,0.57748,0.22,1.0,1.0,1.0,0.87,0.6198
3815,,0.405,0.5498,0.21,1.0,1.0,1.0,0.86,0.59212
3816,,0.37,0.52212,0.2,1.0,1.0,1.0,0.85,0.56444
3817,,0.335,0.49444,0.19,1.0,1.0,1.0,0.84,0.53676
3818,,0.3,0.46676,0.18,1.0,1.0,1.0,0.83,0.50908
3819,,0.265,0.43908,0.17,1.0,1.0,1.0,0.82,0.4814
3820,,0.23,0.4114,0.16,1.0,1.0,1.0,0.81,0.45372
3821,,0.195,0.38372,0.15,1.0,1.0,1.0,0.8,0.42604
3822,,0.16,0.35604,0.14,1.0,1.0,1.0,0.79,0.39836
3823,,0.125,0.32836,0.13,1.0,1.0,1.0,0.78,0.37068
3824,,0.09,0.30068,0.12,1.0,1.0,1.0,0.77,0.343
3825,,0.055,0.273,0.11,1.0,1.0,1.0,0.76,0.31532
3826,,0.02,0.24532,0.1,1.0,1.0,1.0,0.75,0.28764
3827,,-0.015,0.21764,0.09,1.0,1.0,1.0,0.74,0.25996
3828,1,1.0,0.22496,0.08,0.97268,0.965,0.97268,0.73,0.26728
3829,,0.965,0.19728,0.07,0.98036,0.98,0.98036,0.72,0.2396
3830,,0.93,0.1696,0.06,0.98804,0.995,0.98804,0.71,0.21192
3831,,0.895,0.14192,0.05,0.99572,1.0,0.99572,0.7,0.18424
3832,,0.86,0.11424,0.04,1.0,1.0,1.0,0.69,0.15656
3833,,0.825,0.08656,0.03,1.0,1.0,1.0,0.68,0.12888
3834,,0.79,0.05888,0.02,1.0,1.0,1.0,0.67,0.1012
3835,,0.755,0.0312,0.01,1.0,1.0,1.0,0.66,0.07352
3836,,0.72,0.00352,-0.0,1.0,1.0,1.0,0.65,0.04584
3837,,0.685,-0.02416,-0.01,1.0,1.0,1.0,0.64,0.01816
3838,2,0.685,1.0,0.015,1.0,0.98,0.95768,0.595,-0.00952
3839,8,0.685,0.97232,-0.03,0.95768,0.96,0.96536,0.62,1.0
3840,3,0.65,0.97964,1.0,1.0,0.975,0.93804,0.56,0.93732
3841,,0.615,0.95196,0.99,1.0,0.99,0.94572,0.55,0.90964
3842,,0.58,0.92428,0.98,1.0,1.0,0.9534,0.54,0.88196
3843,,0.545,0.8966,0.97,1.0,1.0,0.96108,0.53,0.85428
3844,,0.51,0.86892,0.96,1.0,1.0,0.96876,0.52,0.8266
3845,,0.475,0.84124,0.95,1.0,1.0,0.97644,0.51,0.79892
3846,,0.44,0.81356,0.94,1.0,1.0,0.98412,0.5,0.77124
3847,,0.405,0.78588,0.93,1.0,1.0,0.9918,0.49,0.74356
3848,,0.37,0.7582,0.92,1.0,1.0,0.99948,0.48,0.71588
3849,,0.335,0.73052,0.91,1.0,1.0,1.0,0.47,0.6882
3850,,0.3,0.70284,0.9,1.0,1.0,1.0,0.46,0.66052
3851,,0.265,0.67516,0.89,1.0,1.0,1.0,0.45,0.63284
3852,,0.23,0.64748,0.88,1.0,1.0,1.0,0.44,0.60516
3853,,0.195,0.6198,0.87,1.0,1.0,1.0,0.43,0.57748
3854,,0.16,0.59212,0.86,1.0,1.0,1.0,0.42,0.5498
3855,,0.125,0.56444,0.85,1.0,1.0,1.0,0.41,0.52212
3856,,0.09,0.53676,0.84,1.0,1.0,1.0,0.4,0.49444
3857,,0.055,0.50908,0.83,1.0,1.0,1.0,0.39,0.46676
3858,,0.02,0.4814,0.82,1.0,1.0,1.0,0.38,0.43908
3859,,-0.015,0.45372,0.81,1.0,1.0,1.0,0.37,0.4114
3860,1,1.0,0.46104,0.8,0.97268,0.965,0.97268,0.36,0.41872
3861,,0.965,0.43336,0.79,0.98036,0.98,0.98036,0.35,0.39104
3862,,0.93,0.40568,0.78,0.98804,0.995,0.98804,0.34,0.36336
3863,,0.895,0.378,0.77,0.99572,1.0,0.99572,0.33,0.33568
3864,,0.86,0.35032,0.76,1.0,1.0,1.0,0.32,0.308
3865,,0.825,0.32264,0.75,1.0,1.0,1.0,0.31,0.28032
3866,,0.79,0.29496,0.74,1.0,1.0,1.0,0.3,0.25264
3867,,0.755,0.26728,0.73,1.0,1.0,1.0,0.29,0.22496
3868,,0.72,0.2396,0.72,1.0,1.0,1.0,0.28,0.19728
3869,,0.685,0.21192,0.71,1.0,1.0,1.0,0.27,0.1696
3870,,0.65,0.18424,0.7,1.0,1.0,1.0,0.26,0.14192
3871,,0.615,0.15656,0.69,1.0,1.0,1.0,0.25,0.11424
3872,,0.58,0.12888,0.68,1.0,1.0,1.0,0.24,0.08656
3873,,0.545,0.1012,0.67,1.0,1.0,1.0,0.23,0.05888
3874,,0.51,0.07352,0.66,1.0,1.0,1.0,0.22,0.0312
3875,,0.475,0.04584,0.65,1.0,1.0,1.0,0.21,0.00352
3876,,0.44,0.01816,0.64,1.0,1.0,1.0,0.2,-0.02416
3877,8,0.44,-0.00952,0.595,0.95768,0.98,1.0,0.225,1.0
3878,2,0.44,1.0,0.62,0.96536,0.96,0.95768,0.18,0.97232
3879,,0.405,0.97232,0.61,0.97304,0.975,0.96536,0.17,0.94464
3880,,0.37,0.94464,0.6,0.98072,0.99,0.97304,0.16,0.91696
3881,,0.335,0.91696,0.59,0.9884,1.0,0.98072,0.15,0.88928
3882,,0.3,0.88928,0.58,0.99608,1.0,0.9884,0.14,0.8616
3883,,0.265,0.8616,0.57,1.0,1.0,0.99608,0.13,0.83392
3884,,0.23,0.83392,0.56,1.0,1.0,1.0,0.12,0.80624
3885,,0.195,0.80624,0.55,1.0,1.0,1.0,0.11,0.77856
3886,,0.16,0.77856,0.54,1.0,1.0,1.0,0.1,0.75088
3887,,0.125,0.75088,0.53,1.0,1.0,1.0,0.09,0.7232
3888,,0.09,0.7232,0.52,1.0,1.0,1.0,0.08,0.69552
3889,,0.055,0.69552,0.51,1.0,1.0,1.0,0.07,0.66784
3890,,0.02,0.66784,0.5,1.0,1.0,1.0,0.06,0.64016
3891,,-0.015,0.64016,0.49,1.0,1.0,1.0,0.05,0.61248
3892,1,1.0,0.64748,0.48,0.97268,0.965,0.97268,0.04,0.6198
3893,,0.965,0.6198,0.47,0.98036,0.98,0.98036,0.03,0.59212
3894,,0.93,0.59212,0.46,0.98804,0.995,0.98804,0.02,0.56444
3895,,0.895,0.56444,0.45,0.99572,1.0,0.99572,0.01,0.53676
3896,,0.86,0.53676,0.44,1.0,1.0,1.0,-0.0,0.50908
3897,,0.825,0.50908,0.43,1.0,1.0,1.0,-0.01,0.4814
3898,7,0.79,0.4464,0.37,0.97268,1.0,1.0,1.0,0.48872
3899,,0.755,0.41872,0.36,0.98036,1.0,1.0,0.99,0.46104
3900,,0.72,0.39104,0.35,0.98804,1.0,1.0,0.98,0.43336
3901,,0.685,0.36336,0.34,0.99572,1.0,1.0,0.97,0.40568
3902,,0.65,0.33568,0.33,1.0,1.0,1.0,0.96,0.378
3903,,0.615,0.308,0.32,1.0,1.0,1.0,0.95,0.35032
3904,,0.58,0.28032,0.31,1.0,1.0,1.0,0.94,0.32264
3905,,0.545,0.25264,0.3,1.0,1.0,1.0,0.93,0.29496
3906,,0.51,0.22496,0.29,1.0,1.0,1.0,0.92,0.26728
3907,,0.475,0.19728,0.28,1.0,1.0,1.0,0.91,0.2396
3908,,0.44,0.1696,0.27,1.0,1.0,1.0,0.9,0.21192
3909,,0.405,0.14192,0.26,1.0,1.0,1.0,0.89,0.18424
3910,,0.37,0.11424,0.25,1.0,1.0,1.0,0.88,0.15656
3911,,0.335,0.08656,0.24,1.0,1.0,1.0,0.87,0.12888
3912,,0.3,0.05888,0.23,1.0,1.0,1.0,0.86,0.1012
3913,,0.265,0.0312,0.22,1.0,1.0,1.0,0.85,0.07352
3914,,0.23,0.00352,0.21,1.0,1.0,1.0,0.84,0.04584
3915,,0.195,-0.02416,0.2,1.0,1.0,1.0,0.83,0.01816
3916,2,0.195,1.0,0.225,1.0,0.98,0.95768,0.785,-0.00952
3917,8,0.195,0.97232,0.18,0.95768,0.96,0.96536,0.81,1.0
3918,,0.16,0.94464,0.17,0.96536,0.975,0.97304,0.8,0.97232
3919,,0.125,0.91696,0.16,0.97304,0.99,0.98072,0.79,0.94464
3920,,0.09,0.88928,0.15,0.98072,1.0,0.9884,0.78,0.91696
3921,,0.055,0.8616,0.14,0.9884,1.0,0.99608,0.77,0.88928
3922,,0.02,0.83392,0.13,0.99608,1.0,1.0,0.76,0.8616
3923,,-0.015,0.80624,0.12,1.0,1.0,1.0,0.75,0.83392
3924,1,1.0,0.81356,0.11,0.97268,0.965,0.97268,0.74,0.84124
3925,,0.965,0.78588,0.1,0.98036,0.98,0.98036,0.73,0.81356
3926,,0.93,0.7582,0.09,0.98804,0.995,0.98804,0.72,0.78588
3927,,0.895,0.73052,0.08,0.99572,1.0,0.99572,0.71,0.7582
3928,,0.86,0.70284,0.07,1.0,1.0,1.0,0.7,0.73052
3929,,0.825,0.67516,0.06,1.0,1.0,1.0,0.69,0.70284
3930,,0.79,0.64748,0.05,1.0,1.0,1.0,0.68,0.67516
3931,,0.755,0.6198,0.04,1.0,1.0,1.0,0.67,0.64748
3932,,0.72,0.59212,0.03,1.0,1.0,1.0,0.66,0.6198
3933,,0.685,0.56444,0.02,1.0,1.0,1.0,0.65,0.59212
3934,,0.65,0.53676,0.01,1.0,1.0,1.0,0.64,0.56444
3935,,0.615,0.50908,-0.0,1.0,1.0,1.0,0.63,0.53676
3936,,0.58,0.4814,-0.01,1.0,1.0,1.0,0.62,0.50908
3937,3,0.545,0.48872,1.0,1.0,1.0,0.97268,0.56,0.4464
3938,,0.51,0.46104,0.99,1.0,1.0,0.98036,0.55,0.41872
3939,,0.475,0.43336,0.98,1.0,1.0,0.98804,0.54,0.39104
3940,,0.44,0.40568,0.97,1.0,1.0,0.99572,0.53,0.36336
3941,,0.405,0.378,0.96,1.0,1.0,1.0,0.52,0.33568
3942,,0.37,0.35032,0.95,1.0,1.0,1.0,0.51,0.308
3943,,0.335,0.32264,0.94,1.0,1.0,1.0,0.5,0.28032
3944,,0.3,0.29496,0.93,1.0,1.0,1.0,0.49,0.25264
3945,,0.265,0.26728,0.92,1.0,1.0,1.0,0.48,0.22496
3946,,0.23,0.2396,0.91,1.0,1.0,1.0,0.47,0.19728
3947,,0.195,0.21192,0.9,1.0,1.0,1.0,0.46,0.1696
3948,,0.16,0.18424,0.89,1.0,1.0,1.0,0.45,0.14192
3949,,0.125,0.15656,0.88,1.0,1.0,1.0,0.44,0.11424
3950,,0.09,0.12888,0.87,1.0,1.0,1.0,0.43,0.08656
3951,,0.055,0.1012,0.86,1.0,1.0,1.0,0.42,0.05888
3952,,0.02,0.07352,0.85,1.0,1.0,1.0,0.41,0.0312
3953,,-0.015,0.04584,0.84,1.0,1.0,1.0,0.4,0.00352
3954,1,1.0,0.05316,0.83,0.97268,0.965,0.97268,0.39,0.01084
3955,,0.965,0.02548,0.82,0.98036,0.98,0.98036,0.38,-0.01684
3956,8,0.965,-0.0022,0.775,0.93804,0.96,0.98804,0.405,1.0
3957,2,0.965,1.0,0.8,0.94572,0.94,0.94572,0.36,0.97232
3958,,0.93,0.97232,0.79,0.9534,0.955,0.9534,0.35,0.94464
3959,,0.895,0.94464,0.78,0.96108,0.97,0.96108,0.34,0.91696
3960,,0.86,0.91696,0.77,0.96876,0.985,0.96876,0.33,0.88928
3961,,0.825,0.88928,0.76,0.97644,1.0,0.97644,0.32,0.8616
3962,,0.79,0.8616,0.75,0.98412,1.0,0.98412,0.31,0.83392
3963,,0.755,0.83392,0.74,0.9918,1.0,0.9918,0.3,0.80624
3964,,0.72,0.80624,0.73,0.99948,1.0,0.99948,0.29,0.77856
3965,,0.685,0.77856,0.72,1.0,1.0,1.0,0.28,0.75088
3966,,0.65,0.75088,0.71,1.0,1.0,1.0,0.27,0.7232
3967,,0.615,0.7232,0.7,1.0,1.0,1.0,0.26,0.69552
3968,,0.58,0.69552,0.69,1.0,1.0,1.0,0.25,0.66784
3969,,0.545,0.66784,0.68,1.0,1.0,1.0,0.24,0.64016
3970,,0.51,0.64016,0.67,1.0,1.0,1.0,0.23,0.61248
3971,,0.475,0.61248,0.66,1.0,1.0,1.0,0.22,0.5848
3972,,0.44,0.5848,0.65,1.0,1.0,1.0,0.21,0.55712
3973,,0.405,0.55712,0.64,1.0,1.0,1.0,0.2,0.52944
3974,,0.37,0.52944,0.63,1.0,1.0,1.0,0.19,0.50176
3975,,0.335,0.50176,0.62,1.0,1.0,1.0,0.18,0.47408
3976,,0.3,0.47408,0.61,1.0,1.0,1.0,0.17,0.4464
3977,,0.265,0.4464,0.6,1.0,1.0,1.0,0.16,0.41872
3978,,0.23,0.41872,0.59,1.0,1.0,1.0,0.15,0.39104
3979,,0.195,0.39104,0.58,1.0,1.0,1.0,0.14,0.36336
3980,,0.16,0.36336,0.57,1.0,1.0,1.0,0.13,0.33568
3981,,0.125,0.33568,0.56,1.0,1.0,1.0,0.12,0.308
3982,,0.09,0.308,0.55,1.0,1.0,1.0,0.11,0.28032
3983,,0.055,0.28032,0.54,1.0,1.0,1.0,0.1,0.25264
3984,,0.02,0.25264,0.53,1.0,1.0,1.0,0.09,0.22496
3985,,-0.015,0.22496,0.52,1.0,1.0,1.0,0.08,0.19728
3986,1,1.0,0.23228,0.51,0.97268,0.965,0.97268,0.07,0.2046
3987,,0.965,0.2046,0.5,0.98036,0.98,0.98036,0.06,0.17692
3988,,0.93,0.17692,0.49,0.98804,0.995,0.98804,0.05,0.14924
3989,,0.895,0.14924,0.48,0.99572,1.0,0.99572,0.04,0.12156
3990,,0.86,0.12156,0.47,1.0,1.0,1.0,0.03,0.09388
3991,,0.825,0.09388,0.46,1.0,1.0,1.0,0.02,0.0662
3992,,0.79,0.0662,0.45,1.0,1.0,1.0,0.01,0.03852
3993,,0.755,0.03852,0.44,1.0,1.0,1.0,-0.0,0.01084
3994,,0.72,0.01084,0.43,1.0,1.0,1.0,-0.01,-0.01684
3995,8,0.72,-0.01684,0.385,0.95768,0.98,1.0,0.015,1.0
3996,2,0.72,1.0,0.41,0.96536,0.96,0.95768,-0.03,0.97232
3997,7,0.685,0.93732,0.35,0.93804,0.975,1.0,1.0,0.97964
3998,,0.65,0.90964,0.34,0.94572,0.99,1.0,0.99,0.95196
3999,,0.615,0.88196,0.33,0.9534,1.0,1.0,0.98,0.92428
4000,,0.58,0.85428,0.32,0.96108,1.0,1.0,0.97,0.8966
4001,,0.545,0.8266,0.31,0.96876,1.0,1.0,0.96,0.86892
4002,,0.51,0.79892,0.3,0.97644,1.0,1.0,0.95,0.84124
4003,,0.475,0.77124,0.29,0.98412,1.0,1.0,0.94,0.81356
4004,,0.44,0.74356,0.28,0.9918,1.0,1.0,0.93,0.78588
4005,,0.405,0.71588,0.27,0.99948,1.0,1.0,0.92,0.7582
4006,,0.37,0.6882,0.26,1.0,1.0,1.0,0.91,0.73052
4007,,0.335,0.66052,0.25,1.0,1.0,1.0,0.9,0.70284
4008,,0.3,0.63284,0.24,1.0,1.0,1.0,0.89,0.67516
4009,,0.265,0.60516,0.23,1.0,1.0,1.0,0.88,0.64748
4010,,0.23,0.57748,0.22,1.0,1.0,1.0,0.87,0.6198
4011,,0.195,0.5498,0.21,1.0,1.0,1.0,0.86,0.59212
4012,,0.16,0.52212,0.2,1.0,1.0,1.0,0.85,0.56444
4013,,0.125,0.49444,0.19,1.0,1.0,1.0,0.84,0.53676
4014,,0.09,0.46676,0.18,1.0,1.0,1.0,0.83,0.50908
4015,,0.055,0.43908,0.17,1.0,1.0,1.0,0.82,0.4814
4016,,0.02,0.4114,0.16,1.0,1.0,1.0,0.81,0.45372
4017,,-0.015,0.38372,0.15,1.0,1.0,1.0,0.8,0.42604
4018,1,1.0,0.39104,0.14,0.97268,0.965,0.97268,0.79,0.43336
4019,,0.965,0.36336,0.13,0.98036,0.98,0.98036,0.78,0.40568
4020,,0.93,0.33568,0.12,0.98804,0.995,0.98804,0.77,0.378
4021,,0.895,0.308,0.11,0.99572,1.0,0.99572,0.76,0.35032
4022,,0.86,0.28032,0.1,1.0,1.0,1.0,0.75,0.32264
4023,,0.825,0.25264,0.09,1.0,1.0,1.0,0.74,0.29496
4024,,0.79,0.22496,0.08,1.0,1.0,1.0,0.73,0.26728
4025,,0.755,0.19728,0.07,1.0,1.0,1.0,0.72,0.2396
4026,,0.72,0.1696,0.06,1.0,1.0,1.0,0.71,0.21192
4027,,0.685,0.14192,0.05,1.0,1.0,1.0,0.7,0.18424
4028,,0.65,0.11424,0.04,1.0,1.0,1.0,0.69,0.15656
4029,,0.615,0.08656,0.03,1.0,1.0,1.0,0.68,0.12888
4030,,0.58,0.05888,0.02,1.0,1.0,1.0,0.67,0.1012
4031,,0.545,0.0312,0.01,1.0,1.0,1.0,0.66,0.07352
4032,,0.51,0.00352,-0.0,1.0,1.0,1.0,0.65,0.04584
4033,,0.475,-0.02416,-0.01,1.0,1.0,1.0,0.64,0.01816
4034,2,0.475,1.0,0.015,1.0,0.98,0.95768,0.595,-0.00952
4035,8,0.475,0.97232,-0.03,0.95768,0.96,0.96536,0.62,1.0
4036,3,0.44,0.97964,1.0,1.0,0.975,0.93804,0.56,0.93732
4037,,0.405,0.95196,0.99,1.0,0.99,0.94572,0.55,0.90964
4038,,0.37,0.92428,0.98,1.0,1.0,0.9534,0.54,0.88196
4039,,0.335,0.8966,0.97,1.0,1.0,0.96108,0.53,0.85428
4040,,0.3,0.86892,0.96,1.0,1.0,0.96876,0.52,0.8266
4041,,0.265,0.84124,0.95,1.0,1.0,0.97644,0.51,0.79892
4042,,0.23,0.81356,0.94,1.0,1.0,0.98412,0.5,0.77124
4043,,0.195,0.78588,0.93,1.0,1.0,0.9918,0.49,0.74356
4044,,0.16,0.7582,0.92,1.0,1.0,0.99948,0.48,0.71588
4045,,0.125,0.73052,0.91,1.0,1.0,1.0,0.47,0.6882
4046,,0.09,0.70284,0.9,1.0,1.0,1.0,0.46,0.66052
4047,,0.055,0.67516,0.89,1.0,1.0,1.0,0.45,0.63284
4048,,0.02,0.64748,0.88,1.0,1.0,1.0,0.44,0.60516
4049,,-0.015,0.6198,0.87,1.0,1.0,1.0,0.43,0.57748
4050,1,1.0,0.62712,0.86,0.97268,0.965,0.97268,0.42,0.5848
4051,,0.965,0.59944,0.85,0.98036,0.98,0.98036,0.41,0.55712
4052,,0.93,0.57176,0.84,0.98804,0.995,0.98804,0.4,0.52944
4053,,0.895,0.54408,0.83,0.99572,1.0,0.99572,0.39,0.50176
4054,,0.86,0.5164,0.82,1.0,1.0,1.0,0.38,0.47408
4055,,0.825,0.48872,0.81,1.0,1.0,1.0,0.37,0.4464
4056,,0.79,0.46104,0.8,1.0,1.0,1.0,0.36,0.41872
4057,,0.755,0.43336,0.79,1.0,1.0,1.0,0.35,0.39104
4058,,0.72,0.40568,0.78,1.0,1.0,1.0,0.34,0.36336
4059,,0.685,0.378,0.77,1.0,1.0,1.0,0.33,0.33568
4060,,0.65,0.35032,0.76,1.0,1.0,1.0,0.32,0.308
4061,,0.615,0.32264,0.75,1.0,1.0,1.0,0.31,0.28032
4062,,0.58,0.29496,0.74,1.0,1.0,1.0,0.3,0.25264
4063,,0.545,0.26728,0.73,1.0,1.0,1.0,0.29,0.22496
4064,,0.51,0.2396,0.72,1.0,1.0,1.0,0.28,0.19728
4065,,0.475,0.21192,0.71,1.0,1.0,1.0,0.27,0.1696
4066,,0.44,0.18424,0.7,1.0,1.0,1.0,0.26,0.14192
4067,,0.405,0.15656,0.69,1.0,1.0,1.0,0.25,0.11424
4068,,0.37,0.12888,0.68,1.0,1.0,1.0,0.24,0.08656
4069,,0.335,0.1012,0.67,1.0,1.0,1.0,0.23,0.05888
4070,,0.3,0.07352,0.66,1.0,1.0,1.0,0.22,0.0312
4071,,0.265,0.04584,0.65,1.0,1.0,1.0,0.21,0.00352
4072,,0.23,0.01816,0.64,1.0,1.0,1.0,0.2,-0.02416
4073,8,0.23,-0.00952,0.595,0.95768,0.98,1.0,0.225,1.0
4074,2,0.23,1.0,0.62,0.96536,0.96,0.95768,0.18,0.97232
4075,,0.195,0.97232,0.61,0.97304,0.975,0.96536,0.17,0.94464
4076,,0.16,0.94464,0.6,0.98072,0.99,0.97304,0.16,0.91696
4077,,0.125,0.91696,0.59,0.9884,1.0,0.98072,0.15,0.88928
4078,,0.09,0.88928,0.58,0.99608,1.0,0.9884,0.14,0.8616
4079,,0.055,0.8616,0.57,1.0,1.0,0.99608,0.13,0.83392
4080,,0.02,0.83392,0.56,1.0,1.0,1.0,0.12,0.80624
4081,,-0.015,0.80624,0.55,1.0,1.0,1.0,0.11,0.77856
4082,1,1.0,0.81356,0.54,0.97268,0.965,0.97268,0.1,0.78588
4083,,0.965,0.78588,0.53,0.98036,0.98,0.98036,0.09,0.7582
4084,,0.93,0.7582,0.52,0.98804,0.995,0.98804,0.08,0.73052
4085,,0.895,0.73052,0.51,0.99572,1.0,0.99572,0.07,0.70284
4086,,0.86,0.70284,0.5,1.0,1.0,1.0,0.06,0.67516
4087,,0.825,0.67516,0.49,1.0,1.0,1.0,0.05,0.64748
4088,,0.79,0.64748,0.48,1.0,1.0,1.0,0.04,0.6198
4089,,0.755,0.6198,0.47,1.0,1.0,1.0,0.03,0.59212
4090,,0.72,0.59212,0.46,1.0,1.0,1.0,0.02,0.56444
4091,,0.685,0.56444,0.45,1.0,1.0,1.0,0.01,0.53676
4092,,0.65,0.53676,0.44,1.0,1.0,1.0,-0.0,0.50908
4093,,0.615,0.50908,0.43,1.0,1.0,1.0,-0.01,0.4814
4094,7,0.58,0.4464,0.37,0.97268,1.0,1.0,1.0,0.48872
4095,,0.545,0.41872,0.36,0.98036,1.0,1.0,0.99,0.46104
4096,,0.51,0.39104,0.35,0.98804,1.0,1.0,0.98,0.43336
4097,,0.475,0.36336,0.34,0.99572,1.0,1.0,0.97,0.40568
4098,,0.44,0.33568,0.33,1.0,1.0,1.0,0.96,0.378
4099,,0.405,0.308,0.32,1.0,1.0,1.0,0.95,0.35032
4100,,0.37,0.28032,0.31,1.0,1.0,1.0,0.94,0.32264
4101,,0.335,0.25264,0.3,1.0,1.0,1.0,0.93,0.29496
4102,,0.3,0.22496,0.29,1.0,1.0,1.0,0.92,0.26728
4103,,0.265,0.19728,0.28,1.0,1.0,1.0,0.91,0.2396
4104,,0.23,0.1696,0.27,1.0,1.0,1.0,0.9,0.21192
4105,,0.195,0.14192,0.26,1.0,1.0,1.0,0.89,0.18424
4106,,0.16,0.11424,0.25,1.0,1.0,1.0,0.88,0.15656
4107,,0.125,0.08656,0.24,1.0,1.0,1.0,0.87,0.12888
4108,,0.09,0.05888,0.23,1.0,1.0,1.0,0.86,0.1012
4109,,0.055,0.0312,0.22,1.0,1.0,1.0,0.85,0.07352
4110,,0.02,0.00352,0.21,1.0,1.0,1.0,0.84,0.04584
4111,,-0.015,-0.02416,0.2,1.0,1.0,1.0,0.83,0.01816
4112,2,-0.015,1.0,0.225,1.0,0.98,0.95768,0.785,-0.00952
4113,1,1.0,1.0,0.215,0.97268,0.945,0.93036,0.775,-0.0022
4114,8,1.0,0.97232,0.17,0.93036,0.925,0.93804,0.8,1.0
4115,,0.965,0.94464,0.16,0.93804,0.94,0.94572,0.79,0.97232
4116,,0.93,0.91696,0.15,0.94572,0.955,0.9534,0.78,0.94464
4117,,0.895,0.88928,0.14,0.9534,0.97,0.96108,0.77,0.91696
4118,,0.86,0.8616,0.13,0.96108,0.985,0.96876,0.76,0.88928
4119,,0.825,0.83392,0.12,0.96876,1.0,0.97644,0.75,0.8616
4120,,0.79,0.80624,0.11,0.97644,1.0,0.98412,0.74,0.83392
4121,,0.755,0.77856,0.1,0.98412,1.0,0.9918,0.73,0.80624
4122,,0.72,0.75088,0.09,0.9918,1.0,0.99948,0.72,0.77856
4123,,0.685,0.7232,0.08,0.99948,1.0,1.0,0.71,0.75088
4124,,0.65,0.69552,0.07,1.0,1.0,1.0,0.7,0.7232
4125,,0.615,0.66784,0.06,1.0,1.0,1.0,0.69,0.69552
4126,,0.58,0.64016,0.05,1.0,1.0,1.0,0.68,0.66784
4127,,0.545,0.61248,0.04,1.0,1.0,1.0,0.67,0.64016
4128,,0.51,0.5848,0.03,1.0,1.0,1.0,0.66,0.61248
4129,,0.475,0.55712,0.02,1.0,1.0,1.0,0.65,0.5848
4130,,0.44,0.52944,0.01,1.0,1.0,1.0,0.64,0.55712
4131,,0.405,0.50176,-0.0,1.0,1.0,1.0,0.63,0.52944
4132,,0.37,0.47408,-0.01,1.0,1.0,1.0,0.62,0.50176
4133,3,0.335,0.4814,1.0,1.0,1.0,0.97268,0.56,0.43908
4134,,0.3,0.45372,0.99,1.0,1.0,0.98036,0.55,0.4114
4135,,0.265,0.42604,0.98,1.0,1.0,0.98804,0.54,0.38372
4136,,0.23,0.39836,0.97,1.0,1.0,0.99572,0.53,0.35604
4137,,0.195,0.37068,0.96,1.0,1.0,1.0,0.52,0.32836
4138,,0.16,0.343,0.95,1.0,1.0,1.0,0.51,0.30068
4139,,0.125,0.31532,0.94,1.0,1.0,1.0,0.5,0.273
4140,,0.09,0.28764,0.93,1.0,1.0,1.0,0.49,0.24532
4141,,0.055,0.25996,0.92,1.0,1.0,1.0,0.48,0.21764
4142,,0.02,0.23228,0.91,1.0,1.0,1.0,0.47,0.18996
4143,,-0.015,0.2046,0.9,1.0,1.0,1.0,0.46,0.16228
4144,1,1.0,0.21192,0.89,0.97268,0.965,0.97268,0.45,0.1696
4145,,0.965,0.18424,0.88,0.98036,0.98,0.98036,0.44,0.14192
4146,,0.93,0.15656,0.87,0.98804,0.995,0.98804,0.43,0.11424
4147,,0.895,0.12888,0.86,0.99572,1.0,0.99572,0.42,0.08656
4148,,0.86,0.1012,0.85,1.0,1.0,1.0,0.41,0.05888
4149,,0.825,0.07352,0.84,1.0,1.0,1.0,0.4,0.0312
4150,,0.79,0.04584,0.83,1.0,1.0,1.0,0.39,0.00352
4151,,0.755,0.01816,0.82,1.0,1.0,1.0,0.38,-0.02416
4152,8,0.755,-0.00952,0.775,0.95768,0.98,1.0,0.405,1.0
4153,2,0.755,1.0,0.8,0.96536,0.96,0.95768,0.36,0.97232
4154,,0.72,0.97232,0.79,0.97304,0.975,0.96536,0.35,0.94464
4155,,0.685,0.94464,0.78,0.98072,0.99,0.97304,0.34,0.91696
4156,,0.65,0.91696,0.77,0.9884,1.0,0.98072,0.33,0.88928
4157,,0.615,0.88928,0.76,0.99608,1.0,0.9884,0.32,0.8616
4158,,0.58,0.8616,0.75,1.0,1.0,0.99608,0.31,0.83392
4159,,0.545,0.83392,0.74,1.0,1.0,1.0,0.3,0.80624
4160,,0.51,0.80624,0.73,1.0,1.0,1.0,0.29,0.77856
4161,,0.475,0.77856,0.72,1.0,1.0,1.0,0.28,0.75088
4162,,0.44,0.75088,0.71,1.0,1.0,1.0,0.27,0.7232
4163,,0.405,0.7232,0.7,1.0,1.0,1.0,0.26,0.69552
4164,,0.37,0.69552,0.69,1.0,1.0,1.0,0.25,0.66784
4165,,0.335,0.66784,0.68,1.0,1.0,1.0,0.24,0.64016
4166,,0.3,0.64016,0.67,1.0,1.0,1.0,0.23,0.61248
4167,,0.265,0.61248,0.66,1.0,1.0,1.0,0.22,0.5848
4168,,0.23,0.5848,0.65,1.0,1.0,1.0,0.21,0.55712
4169,,0.195,0.55712,0.64,1.0,1.0,1.0,0.2,0.52944
4170,,0.16,0.52944,0.63,1.0,1.0,1.0,0.19,0.50176
4171,,0.125,0.50176,0.62,1.0,1.0,1.0,0.18,0.47408
4172,,0.09,0.47408,0.61,1.0,1.0,1.0,0.17,0.4464
4173,,0.055,0.4464,0.6,1.0,1.0,1.0,0.16,0.41872
4174,,0.02,0.41872,0.59,1.0,1.0,1.0,0.15,0.39104
4175,,-0.015,0.39104,0.58,1.0,1.0,1.0,0.14,0.36336
4176,1,1.0,0.39836,0.57,0.97268,0.965,0.97268,0.13,0.37068
4177,,0.965,0.37068,0.56,0.98036,0.98,0.98036,0.12,0.343
4178,,0.93,0.343,0.55,0.98804,0.995,0.98804,0.11,0.31532
4179,,0.895,0.31532,0.54,0.99572,1.0,0.99572,0.1,0.28764
4180,,0.86,0.28764,0.53,1.0,1.0,1.0,0.09,0.25996
4181,,0.825,0.25996,0.52,1.0,1.0,1.0,0.08,0.23228
4182,,0.79,0.23228,0.51,1.0,1.0,1.0,0.07,0.2046
4183,,0.755,0.2046,0.5,1.0,1.0,1.0,0.06,0.17692
4184,,0.72,0.17692,0.49,1.0,1.0,1.0,0.05,0.14924
4185,,0.685,0.14924,0.48,1.0,1.0,1.0,0.04,0.12156
4186,,0.65,0.12156,0.47,1.0,1.0,1.0,0.03,0.09388
4187,,0.615,0.09388,0.46,1.0,1.0,1.0,0.02,0.0662
4188,,0.58,0.0662,0.45,1.0,1.0,1.0,0.01,0.03852
4189,,0.545,0.03852,0.44,1.0,1.0,1.0,-0.0,0.01084
4190,,0.51,0.01084,0.43,1.0,1.0,1.0,-0.01,-0.01684
4191,8,0.51,-0.01684,0.385,0.95768,0.98,1.0,0.015,1.0
4192,2,0.51,1.0,0.41,0.96536,0.96,0.95768,-0.03,0.97232
4193,7,0.475,0.93732,0.35,0.93804,0.975,1.0,1.0,0.97964
4194,,0.44,0.90964,0.34,0.94572,0.99,1.0,0.99,0.95196
4195,,0.405,0.88196,0.33,0.9534,1.0,1.0,0.98,0.92428
4196,,0.37,0.85428,0.32,0.96108,1.0,1.0,0.97,0.8966
4197,,0.335,0.8266,0.31,0.96876,1.0,1.0,0.96,0.86892
4198,,0.3,0.79892,0.3,0.97644,1.0,1.0,0.95,0.84124
4199,,0.265,0.77124,0.29,0.98412,1.0,1.0,0.94,0.81356
4200,,0.23,0.74356,0.28,0.9918,1.0,1.0,0.93,0.78588
4201,,0.195,0.71588,0.27,0.99948,1.0,1.0,0.92,0.7582
4202,,0.16,0.6882,0.26,1.0,1.0,1.0,0.91,0.73052
4203,,0.125,0.66052,0.25,1.0,1.0,1.0,0.9,0.70284
4204,,0.09,0.63284,0.24,1.0,1.0,1.0,0.89,0.67516
4205,,0.055,0.60516,0.23,1.0,1.0,1.0,0.88,0.64748
4206,,0.02,0.57748,0.22,1.0,1.0,1.0,0.87,0.6198
4207,,-0.015,0.5498,0.21,1.0,1.0,1.0,0.86,0.59212
4208,1,1.0,0.55712,0.2,0.97268,0.965,0.97268,0.85,0.59944
4209,,0.965,0.52944,0.19,0.98036,0.98,0.98036,0.84,0.57176
4210,,0.93,0.50176,0.18,0.98804,0.995,0.98804,0.83,0.54408
4211,,0.895,0.47408,0.17,0.99572,1.0,0.99572,0.82,0.5164
4212,,0.86,0.4464,0.16,1.0,1.0,1.0,0.81,0.48872
4213,,0.825,0.41872,0.15,1.0,1.0,1.0,0.8,0.46104
4214,,0.79,0.39104,0.14,1.0,1.0,1.0,0.79,0.43336
4215,,0.755,0.36336,0.13,1.0,1.0,1.0,0.78,0.40568
4216,,0.72,0.33568,0.12,1.0,1.0,1.0,0.77,0.378
4217,,0.685,0.308,0.11,1.0,1.0,1.0,0.76,0.35032
4218,,0.65,0.28032,0.1,1.0,1.0,1.0,0.75,0.32264
4219,,0.615,0.25264,0.09,1.0,1.0,1.0,0.74,0.29496
4220,,0.58,0.22496,0.08,1.0,1.0,1.0,0.73,0.26728
4221,,0.545,0.19728,0.07,1.0,1.0,1.0,0.72,0.2396
4222,,0.51,0.1696,0.06,1.0,1.0,1.0,0.71,0.21192
4223,,0.475,0.14192,0.05,1.0,1.0,1.0,0.7,0.18424
4224,,0.44,0.11424,0.04,1.0,1.0,1.0,0.69,0.15656
4225,,0.405,0.08656,0.03,1.0,1.0,1.0,0.68,0.12888
4226,,0.37,0.05888,0.02,1.0,1.0,1.0,0.67,0.1012
4227,,0.335,0.0312,0.01,1.0,1.0,1.0,0.66,0.07352
4228,,0.3,0.00352,-0.0,1.0,1.0,1.0,0.65,0.04584
4229,,0.265,-0.02416,-0.01,1.0,1.0,1.0,0.64,0.01816
4230,2,0.265,1.0,0.015,1.0,0.98,0.95768,0.595,-0.00952
4231,8,0.265,0.97232,-0.03,0.95768,0.96,0.96536,0.62,1.0
4232,3,0.23,0.97964,1.0,1.0,0.975,0.93804,0.56,0.93732
4233,,0.195,0.95196,0.99,1.0,0.99,0.94572,0.55,0.90964
4234,,0.16,0.92428,0.98,1.0,1.0,0.9534,0.54,0.88196
4235,,0.125,0.8966,0.97,1.0,1.0,0.96108,0.53,0.85428
4236,,0.09,0.86892,0.96,1.0,1.0,0.96876,0.52,0.8266
4237,,0.055,0.84124,0.95,1.0,1.0,0.97644,0.51,0.79892
4238,,0.02,0.81356,0.94,1.0,1.0,0.98412,0.5,0.77124
4239,,-0.015,0.78588,0.93,1.0,1.0,0.9918,0.49,0.74356
4240,1,1.0,0.7932,0.92,0.97268,0.965,0.96448,0.48,0.75088
4241,,0.965,0.76552,0.91,0.98036,0.98,0.97216,0.47,0.7232
4242,,0.93,0.73784,0.9,0.98804,0.995,0.97984,0.46,0.69552
4243,,0.895,0.71016,0.89,0.99572,1.0,0.98752,0.45,0.66784
4244,,0.86,0.68248,0.88,1.0,1.0,0.9952,0.44,0.64016
4245,,0.825,0.6548,0.87,1.0,1.0,1.0,0.43,0.61248
4246,,0.79,0.62712,0.86,1.0,1.0,1.0,0.42,0.5848
4247,,0.755,0.59944,0.85,1.0,1.0,1.0,0.41,0.55712
4248,,0.72,0.57176,0.84,1.0,1.0,1.0,0.4,0.52944
4249,,0.685,0.54408,0.83,1.0,1.0,1.0,0.39,0.50176
4250,,0.65,0.5164,0.82,1.0,1.0,1.0,0.38,0.47408
4251,,0.615,0.48872,0.81,1.0,1.0,1.0,0.37,0.4464
4252,,0.58,0.46104,0.8,1.0,1.0,1.0,0.36,0.41872
4253,,0.545,0.43336,0.79,1.0,1.0,1.0,0.35,0.39104
4254,,0.51,0.40568,0.78,1.0,1.0,1.0,0.34,0.36336
4255,,0.475,0.378,0.77,1.0,1.0,1.0,0.33,0.33568
4256,,0.44,0.35032,0.76,1.0,1.0,1.0,0.32,0.308
4257,,0.405,0.32264,0.75,1.0,1.0,1.0,0.31,0.28032
4258,,0.37,0.29496,0.74,1.0,1.0,1.0,0.3,0.25264
4259,,0.335,0.26728,0.73,1.0,1.0,1.0,0.29,0.22496
4260,,0.3,0.2396,0.72,1.0,1.0,1.0,0.28,0.19728
4261,,0.265,0.21192,0.71,1.0,1.0,1.0,0.27,0.1696
4262,,0.23,0.18424,0.7,1.0,1.0,1.0,0.26,0.14192
4263,,0.195,0.15656,0.69,1.0,1.0,1.0,0.25,0.11424
4264,,0.16,0.12888,0.68,1.0,1.0,1.0,0.24,0.08656
4265,,0.125,0.1012,0.67,1.0,1.0,1.0,0.23,0.05888
4266,,0.09,0.07352,0.66,1.0,1.0,1.0,0.22,0.0312
4267,,0.055,0.04584,0.65,1.0,1.0,1.0,0.21,0.00352
4268,,0.02,0.01816,0.64,1.0,1.0,1.0,0.2,-0.02416
4269,8,0.02,-0.00952,0.595,0.95768,0.98,1.0,0.225,1.0
4270,2,0.02,1.0,0.62,0.96536,0.96,0.95768,0.18,0.97232
4271,,-0.015,0.97232,0.61,0.97304,0.975,0.96536,0.17,0.94464
4272,1,1.0,0.97964,0.6,0.94572,0.94,0.93804,0.16,0.95196
4273,,0.965,0.95196,0.59,0.9534,0.955,0.94572,0.15,0.92428
4274,,0.93,0.92428,0.58,0.96108,0.97,0.9534,0.14,0.8966
4275,,0.895,0.8966,0.57,0.96876,0.985,0.96108,0.13,0.86892
4276,,0.86,0.86892,0.56,0.97644,1.0,0.96876,0.12,0.84124
4277,,0.825,0.84124,0.55,0.98412,1.0,0.97644,0.11,0.81356
4278,,0.79,0.81356,0.54,0.9918,1.0,0.98412,0.1,0.78588
4279,,0.755,0.78588,0.53,0.99948,1.0,0.9918,0.09,0.7582
4280,,0.72,0.7582,0.52,1.0,1.0,0.99948,0.08,0.73052
4281,,0.685,0.73052,0.51,1.0,1.0,1.0,0.07,0.70284
4282,,0.65,0.70284,0.5,1.0,1.0,1.0,0.06,0.67516
4283,,0.615,0.67516,0.49,1.0,1.0,1.0,0.05,0.64748
4284,,0.58,0.64748,0.48,1.0,1.0,1.0,0.04,0.6198
4285,,0.545,0.6198,0.47,1.0,1.0,1.0,0.03,0.59212
4286,,0.51,0.59212,0.46,1.0,1.0,1.0,0.02,0.56444
4287,,0.475,0.56444,0.45,1.0,1.0,1.0,0.01,0.53676
4288,,0.44,0.53676,0.44,1.0,1.0,1.0,-0.0,0.50908
4289,,0.405,0.50908,0.43,1.0,1.0,1.0,-0.01,0.4814
4290,7,0.37,0.4464,0.37,0.97268,1.0,1.0,1.0,0.48872
4291,,0.335,0.41872,0.36,0.98036,1.0,1.0,0.99,0.46104
4292,,0.3,0.39104,0.35,0.98804,1.0,1.0,0.98,0.43336
4293,,0.265,0.36336,0.34,0.99572,1.0,1.0,0.97,0.40568
4294,,0.23,0.33568,0.33,1.0,1.0,1.0,0.96,0.378
4295,,0.195,0.308,0.32,1.0,1.0,1.0,0.95,0.35032
4296,,0.16,0.28032,0.31,1.0,1.0,1.0,0.94,0.32264
4297,,0.125,0.25264,0.3,1.0,1.0,1.0,0.93,0.29496
4298,,0.09,0.22496,0.29,1.0,1.0,1.0,0.92,0.26728
4299,,0.055,0.19728,0.28,1.0,1.0,1.0,0.91,0.2396
4300,,0.02,0.1696,0.27,1.0,1.0,1.0,0.9,0.21192
4301,,-0.015,0.14192,0.26,1.0,1.0,1.0,0.89,0.18424
4302,1,1.0,0.14924,0.25,0.97268,0.965,0.97268,0.88,0.19156
4303,,0.965,0.12156,0.24,0.98036,0.98,0.98036,0.87,0.16388
4304,,0.93,0.09388,0.23,0.98804,0.995,0.98804,0.86,0.1362
4305,,0.895,0.0662,0.22,0.99572,1.0,0.99572,0.85,0.10852
4306,,0.86,0.03852,0.21,1.0,1.0,1.0,0.84,0.08084
4307,,0.825,0.01084,0.2,1.0,1.0,1.0,0.83,0.05316
4308,,0.79,-0.01684,0.19,1.0,1.0,1.0,0.82,0.02548
4309,2,0.79,1.0,0.215,1.0,0.98,0.95768,0.775,-0.0022
4310,8,0.79,0.97232,0.17,0.95768,0.96,0.96536,0.8,1.0
4311,,0.755,0.94464,0.16,0.96536,0.975,0.97304,0.79,0.97232
4312,,0.72,0.91696,0.15,0.97304,0.99,0.98072,0.78,0.94464
4313,,0.685,0.88928,0.14,0.98072,1.0,0.9884,0.77,0.91696
4314,,0.65,0.8616,0.13,0.9884,1.0,0.99608,0.76,0.88928
4315,,0.615,0.83392,0.12,0.99608,1.0,1.0,0.75,0.8616
4316,,0.58,0.80624,0.11,1.0,1.0,1.0,0.74,0.83392
4317,,0.545,0.77856,0.1,1.0,1.0,1.0,0.73,0.80624
4318,,0.51,0.75088,0.09,1.0,1.0,1.0,0.72,0.77856
4319,,0.475,0.7232,0.08,1.0,1.0,1.0,0.71,0.75088
4320,,0.44,0.69552,0.07,1.0,1.0,1.0,0.7,0.7232
4321,,0.405,0.66784,0.06,1.0,1.0,1.0,0.69,0.69552
4322,,0.37,0.64016,0.05,1.0,1.0,1.0,0.68,0.66784
4323,,0.335,0.61248,0.04,1.0,1.0,1.0,0.67,0.64016
4324,,0.3,0.5848,0.03,1.0,1.0,1.0,0.66,0.61248
4325,,0.265,0.55712,0.02,1.0,1.0,1.0,0.65,0.5848
4326,,0.23,0.52944,0.01,1.0,1.0,1.0,0.64,0.55712
4327,,0.195,0.50176,-0.0,1.0,1.0,1.0,0.63,0.52944
4328,,0.16,0.47408,-0.01,1.0,1.0,1.0,0.62,0.50176
4329,3,0.125,0.4814,1.0,1.0,1.0,0.97268,0.56,0.43908
4330,,0.09,0.45372,0.99,1.0,1.0,0.98036,0.55,0.4114
4331,,0.055,0.42604,0.98,1.0,1.0,0.98804,0.54,0.38372
4332,,0.02,0.39836,0.97,1.0,1.0,0.99572,0.53,0.35604
4333,,-0.015,0.37068,0.96,1.0,1.0,1.0,0.52,0.32836
4334,1,1.0,0.378,0.95,0.97268,0.965,0.97268,0.51,0.33568
4335,,0.965,0.35032,0.94,0.98036,0.98,0.98036,0.5,0.308
4336,,0.93,0.32264,0.93,0.98804,0.995,0.98804,0.49,0.28032
4337,,0.895,0.29496,0.92,0.99572,1.0,0.99572,0.48,0.25264
4338,,0.86,0.26728,0.91,1.0,1.0,1.0,0.47,0.22496
4339,,0.825,0.2396,0.9,1.0,1.0,1.0,0.46,0.19728
4340,,0.79,0.21192,0.89,1.0,1.0,1.0,0.45,0.1696
4341,,0.755,0.18424,0.88,1.0,1.0,1.0,0.44,0.14192
4342,,0.72,0.15656,0.87,1.0,1.0,1.0,0.43,0.11424
4343,,0.685,0.12888,0.86,1.0,1.0,1.0,0.42,0.08656
4344,,0.65,0.1012,0.85,1.0,1.0,1.0,0.41,0.05888
4345,,0.615,0.07352,0.84,1.0,1.0,1.0,0.4,0.0312
4346,,0.58,0.04584,0.83,1.0,1.0,1.0,0.39,0.00352
4347,,0.545,0.01816,0.82,1.0,1.0,1.0,0.38,-0.02416
4348,8,0.545,-0.00952,0.775,0.95768,0.98,1.0,0.405,1.0
4349,2,0.545,1.0,0.8,0.96536,0.96,0.95768,0.36,0.97232
4350,,0.51,0.97232,0.79,0.97304,0.975,0.96536,0.35,0.94464
4351,,0.475,0.94464,0.78,0.98072,0.99,0.97304,0.34,0.91696
4352,,0.44,0.91696,0.77,0.9884,1.0,0.98072,0.33,0.88928
4353,,0.405,0.88928,0.76,0.99608,1.0,0.9884,0.32,0.8616
4354,,0.37,0.8616,0.75,1.0,1.0,0.99608,0.31,0.83392
4355,,0.335,0.83392,0.74,1.0,1.0,1.0,0.3,0.80624
4356,,0.3,0.80624,0.73,1.0,1.0,1.0,0.29,0.77856
4357,,0.265,0.77856,0.72,1.0,1.0,1.0,0.28,0.75088
4358,,0.23,0.75088,0.71,1.0,1.0,1.0,0.27,0.7232
4359,,0.195,0.7232,0.7,1.0,1.0,1.0,0.26,0.69552
4360,,0.16,0.69552,0.69,1.0,1.0,1.0,0.25,0.66784
4361,,0.125,0.66784,0.68,1.0,1.0,1.0,0.24,0.64016
4362,,0.09,0.64016,0.67,1.0,1.0,1.0,0.23,0.61248
4363,,0.055,0.61248,0.66,1.0,1.0,1.0,0.22,0.5848
4364,,0.02,0.5848,0.65,1.0,1.0,1.0,0.21,0.55712
4365,,-0.015,0.55712,0.64,1.0,1.0,1.0,0.2,0.52944
4366,1,1.0,0.56444,0.63,0.97268,0.965,0.97268,0.19,0.53676
4367,,0.965,0.53676,0.62,0.98036,0.98,0.98036,0.18,0.50908
4368,,0.93,0.50908,0.61,0.98804,0.995,0.98804,0.17,0.4814
4369,,0.895,0.4814,0.6,0.99572,1.0,0.99572,0.16,0.45372
4370,,0.86,0.45372,0.59,1.0,1.0,1.0,0.15,0.42604
4371,,0.825,0.42604,0.58,1.0,1.0,1.0,0.14,0.39836
4372,,0.79,0.39836,0.57,1.0,1.0,1.0,0.13,0.37068
4373,,0.755,0.37068,0.56,1.0,1.0,1.0,0.12,0.343
4374,,0.72,0.343,0.55,1.0,1.0,1.0,0.11,0.31532
4375,,0.685,0.31532,0.54,1.0,1.0,1.0,0.1,0.28764
4376,,0.65,0.28764,0.53,1.0,1.0,1.0,0.09,0.25996
4377,,0.615,0.25996,0.52,1.0,1.0,1.0,0.08,0.23228
4378,,0.58,0.23228,0.51,1.0,1.0,1.0,0.07,0.2046
4379,,0.545,0.2046,0.5,1.0,1.0,1.0,0.06,0.17692
4380,,0.51,0.17692,0.49,1.0,1.0,1.0,0.05,0.14924
4381,,0.475,0.14924,0.48,1.0,1.0,1.0,0.04,0.12156
4382,,0.44,0.12156,0.47,1.0,1.0,1.0,0.03,0.09388
4383,,0.405,0.09388,0.46,1.0,1.0,1.0,0.02,0.0662
4384,,0.37,0.0662,0.45,1.0,1.0,1.0,0.01,0.03852
4385,,0.335,0.03852,0.44,1.0,1.0,1.0,-0.0,0.01084
4386,,0.3,0.01084,0.43,1.0,1.0,1.0,-0.01,-0.01684
4387,8,0.3,-0.01684,0.385,0.95768,0.98,1.0,0.015,1.0
4388,2,0.3,1.0,0.41,0.96536,0.96,0.95768,-0.03,0.97232
4389,7,0.265,0.93732,0.35,0.93804,0.975,1.0,1.0,0.97964
4390,,0.23,0.90964,0.34,0.94572,0.99,1.0,0.99,0.95196
4391,,0.195,0.88196,0.33,0.9534,1.0,1.0,0.98,0.92428
4392,,0.16,0.85428,0.32,0.96108,1.0,1.0,0.97,0.8966
4393,,0.125,0.8266,0.31,0.96876,1.0,1.0,0.96,0.86892
4394,,0.09,0.79892,0.3,0.97644,1.0,1.0,0.95,0.84124
4395,,0.055,0.77124,0.29,0.98412,1.0,1.0,0.94,0.81356
4396,,0.02,0.74356,0.28,0.9918,1.0,1.0,0.93,0.78588
4397,,-0.015,0.71588,0.27,0.99948,1.0,1.0,0.92,0.7582
4398,1,1.0,0.7232,0.26,0.97216,0.965,0.97268,0.91,0.76552
4399,,0.965,0.69552,0.25,0.97984,0.98,0.98036,0.9,0.73784
4400,,0.93,0.66784,0.24,0.98752,0.995,0.98804,0.89,0.71016
4401,,0.895,0.64016,0.23,0.9952,1.0,0.99572,0.88,0.68248
4402,,0.86,0.61248,0.22,1.0,1.0,1.0,0.87,0.6548
4403,,0.825,0.5848,0.21,1.0,1.0,1.0,0.86,0.62712
4404,,0.79,0.55712,0.2,1.0,1.0,1.0,0.85,0.59944
4405,,0.755,0.52944,0.19,1.0,1.0,1.0,0.84,0.57176
4406,,0.72,0.50176,0.18,1.0,1.0,1.0,0.83,0.54408
4407,,0.685,0.47408,0.17,1.0,1.0,1.0,0.82,0.5164
4408,,0.65,0.4464,0.16,1.0,1.0,1.0,0.81,0.48872
4409,,0.615,0.41872,0.15,1.0,1.0,1.0,0.8,0.46104
4410,,0.58,0.39104,0.14,1.0,1.0,1.0,0.79,0.43336
4411,,0.545,0.36336,0.13,1.0,1.0,1.0,0.78,0.40568
4412,,0.51,0.33568,0.12,1.0,1.0,1.0,0.77,0.378
4413,,0.475,0.308,0.11,1.0,1.0,1.0,0.76,0.35032
4414,,0.44,0.28032,0.1,1.0,1.0,1.0,0.75,0.32264
4415,,0.405,0.25264,0.09,1.0,1.0,1.0,0.74,0.29496
4416,,0.37,0.22496,0.08,1.0,1.0,1.0,0.73,0.26728
4417,,0.335,0.19728,0.07,1.0,1.0,1.0,0.72,0.2396
4418,,0.3,0.1696,0.06,1.0,1.0,1.0,0.71,0.21192
4419,,0.265,0.14192,0.05,1.0,1.0,1.0,0.7,0.18424
4420,,0.23,0.11424,0.04,1.0,1.0,1.0,0.69,0.15656
4421,,0.195,0.08656,0.03,1.0,1.0,1.0,0.68,0.12888
4422,,0.16,0.05888,0.02,1.0,1.0,1.0,0.67,0.1012
4423,,0.125,0.0312,0.01,1.0,1.0,1.0,0.66,0.07352
4424,,0.09,0.00352,-0.0,1.0,1.0,1.0,0.65,0.04584
4425,,0.055,-0.02416,-0.01,1.0,1.0,1.0,0.64,0.01816
4426,2,0.055,1.0,0.015,1.0,0.98,0.95768,0.595,-0.00952
4427,8,0.055,0.97232,-0.03,0.95768,0.96,0.96536,0.62,1.0
4428,3,0.02,0.97964,1.0,1.0,0.975,0.93804,0.56,0.93732
4429,,-0.015,0.95196,0.99,1.0,0.99,0.94572,0.55,0.90964
4430,1,1.0,0.95928,0.98,0.97268,0.955,0.9184,0.54,0.91696
4431,,0.965,0.9316,0.97,0.98036,0.97,0.92608,0.53,0.88928
4432,,0.93,0.90392,0.96,0.98804,0.985,0.93376,0.52,0.8616
4433,,0.895,0.87624,0.95,0.99572,1.0,0.94144,0.51,0.83392
4434,,0.86,0.84856,0.94,1.0,1.0,0.94912,0.5,0.80624
4435,,0.825,0.82088,0.93,1.0,1.0,0.9568,0.49,0.77856
4436,,0.79,0.7932,0.92,1.0,1.0,0.96448,0.48,0.75088
4437,,0.755,0.76552,0.91,1.0,1.0,0.97216,0.47,0.7232
4438,,0.72,0.73784,0.9,1.0,1.0,0.97984,0.46,0.69552
4439,,0.685,0.71016,0.89,1.0,1.0,0.98752,0.45,0.66784
4440,,0.65,0.68248,0.88,1.0,1.0,0.9952,0.44,0.64016
4441,,0.615,0.6548,0.87,1.0,1.0,1.0,0.43,0.61248
4442,,0.58,0.62712,0.86,1.0,1.0,1.0,0.42,0.5848
4443,,0.545,0.59944,0.85,1.0,1.0,1.0,0.41,0.55712
4444,,0.51,0.57176,0.84,1.0,1.0,1.0,0.4,0.52944
4445,,0.475,0.54408,0.83,1.0,1.0,1.0,0.39,0.50176
4446,,0.44,0.5164,0.82,1.0,1.0,1.0,0.38,0.47408
4447,,0.405,0.48872,0.81,1.0,1.0,1.0,0.37,0.4464
4448,,0.37,0.46104,0.8,1.0,1.0,1.0,0.36,0.41872
4449,,0.335,0.43336,0.79,1.0,1.0,1.0,0.35,0.39104
4450,,0.3,0.40568,0.78,1.0,1.0,1.0,0.34,0.36336
4451,,0.265,0.378,0.77,1.0,1.0,1.0,0.33,0.33568
4452,,0.23,0.35032,0.76,1.0,1.0,1.0,0.32,0.308
4453,,0.195,0.32264,0.75,1.0,1.0,1.0,0.31,0.28032
4454,,0.16,0.29496,0.74,1.0,1.0,1.0,0.3,0.25264
4455,,0.125,0.26728,0.73,1.0,1.0,1.0,0.29,0.22496
4456,,0.09,0.2396,0.72,1.0,1.0,1.0,0.28,0.19728
4457,,0.055,0.21192,0.71,1.0,1.0,1.0,0.27,0.1696
4458,,0.02,0.18424,0.7,1.0,1.0,1.0,0.26,0.14192
4459,,-0.015,0.15656,0.69,1.0,1.0,1.0,0.25,0.11424
4460,1,1.0,0.16388,0.68,0.97268,0.965,0.97268,0.24,0.12156
4461,,0.965,0.1362,0.67,0.98036,0.98,0.98036,0.23,0.09388
4462,,0.93,0.10852,0.66,0.98804,0.995,0.98804,0.22,0.0662
4463,,0.895,0.08084,0.65,0.99572,1.0,0.99572,0.21,0.03852
4464,,0.86,0.05316,0.64,1.0,1.0,1.0,0.2,0.01084
4465,,0.825,0.02548,0.63,1.0,1.0,1.0,0.19,-0.01684
4466,8,0.825,-0.0022,0.585,0.95768,0.98,1.0,0.215,1.0
4467,2,0.825,1.0,0.61,0.96536,0.96,0.95768,0.17,0.97232
4468,,0.79,0.97232,0.6,0.97304,0.975,0.96536,0.16,0.94464
4469,,0.755,0.94464,0.59,0.98072,0.99,0.97304,0.15,0.91696
4470,,0.72,0.91696,0.58,0.9884,1.0,0.98072,0.14,0.88928
4471,,0.685,0.88928,0.57,0.99608,1.0,0.9884,0.13,0.8616
4472,,0.65,0.8616,0.56,1.0,1.0,0.99608,0.12,0.83392
4473,,0.615,0.83392,0.55,1.0,1.0,1.0,0.11,0.80624
4474,,0.58,0.80624,0.54,1.0,1.0,1.0,0.1,0.77856
4475,,0.545,0.77856,0.53,1.0,1.0,1.0,0.09,0.75088
4476,,0.51,0.75088,0.52,1.0,1.0,1.0,0.08,0.7232
4477,,0.475,0.7232,0.51,1.0,1.0,1.0,0.07,0.69552
4478,,0.44,0.69552,0.5,1.0,1.0,1.0,0.06,0.66784
4479,,0.405,0.66784,0.49,1.0,1.0,1.0,0.05,0.64016
4480,,0.37,0.64016,0.48,1.0,1.0,1.0,0.04,0.61248
4481,,0.335,0.61248,0.47,1.0,1.0,1.0,0.03,0.5848
4482,,0.3,0.5848,0.46,1.0,1.0,1.0,0.02,0.55712
4483,,0.265,0.55712,0.45,1.0,1.0,1.0,0.01,0.52944
4484,,0.23,0.52944,0.44,1.0,1.0,1.0,-0.0,0.50176
4485,,0.195,0.50176,0.43,1.0,1.0,1.0,-0.01,0.47408
4486,7,0.16,0.43908,0.37,0.97268,1.0,1.0,1.0,0.4814
4487,,0.125,0.4114,0.36,0.98036,1.0,1.0,0.99,0.45372
4488,,0.09,0.38372,0.35,0.98804,1.0,1.0,0.98,0.42604
4489,,0.055,0.35604,0.34,0.99572,1.0,1.0,0.97,0.39836
4490,,0.02,0.32836,0.33,1.0,1.0,1.0,0.96,0.37068
4491,,-0.015,0.30068,0.32,1.0,1.0,1.0,0.95,0.343
4492,1,1.0,0.308,0.31,0.97268,0.965,0.97268,0.94,0.35032
4493,,0.965,0.28032,0.3,0.98036,0.98,0.98036,0.93,0.32264
4494,,0.93,0.25264,0.29,0.98804,0.995,0.98804,0.92,0.29496
4495,,0.895,0.22496,0.28,0.99572,1.0,0.99572,0.91,0.26728
4496,,0.86,0.19728,0.27,1.0,1.0,1.0,0.9,0.2396
4497,,0.825,0.1696,0.26,1.0,1.0,1.0,0.89,0.21192
4498,,0.79,0.14192,0.25,1.0,1.0,1.0,0.88,0.18424
4499,,0.755,0.11424,0.24,1.0,1.0,1.0,0.87,0.15656
4500,,0.72,0.08656,0.23,1.0,1.0,1.0,0.86,0.12888
4501,,0.685,0.05888,0.22,1.0,1.0,1.0,0.85,0.1012
4502,,0.65,0.0312,0.21,1.0,1.0,1.0,0.84,0.07352
4503,,0.615,0.00352,0.2,1.0,1.0,1.0,0.83,0.04584
4504,,0.58,-0.02416,0.19,1.0,1.0,1.0,0.82,0.01816
4505,2,0.58,1.0,0.215,1.0,0.98,0.95768,0.775,-0.00952
4506,8,0.58,0.97232,0.17,0.95768,0.96,0.96536,0.8,1.0
4507,,0.545,0.94464,0.16,0.96536,0.975,0.97304,0.79,0.97232
4508,,0.51,0.91696,0.15,0.97304,0.99,0.98072,0.78,0.94464
4509,,0.475,0.88928,0.14,0.98072,1.0,0.9884,0.77,0.91696
4510,,0.44,0.8616,0.13,0.9884,1.0,0.99608,0.76,0.88928
4511,,0.405,0.83392,0.12,0.99608,1.0,1.0,0.75,0.8616
4512,,0.37,0.80624,0.11,1.0,1.0,1.0,0.74,0.83392
4513,,0.335,0.77856,0.1,1.0,1.0,1.0,0.73,0.80624
4514,,0.3,0.75088,0.09,1.0,1.0,1.0,0.72,0.77856
4515,,0.265,0.7232,0.08,1.0,1.0,1.0,0.71,0.75088
4516,,0.23,0.69552,0.07,1.0,1.0,1.0,0.7,0.7232
4517,,0.195,0.66784,0.06,1.0,1.0,1.0,0.69,0.69552
4518,,0.16,0.64016,0.05,1.0,1.0,1.0,0.68,0.66784
4519,,0.125,0.61248,0.04,1.0,1.0,1.0,0.67,0.64016
4520,,0.09,0.5848,0.03,1.0,1.0,1.0,0.66,0.61248
4521,,0.055,0.55712,0.02,1.0,1.0,1.0,0.65,0.5848
4522,,0.02,0.52944,0.01,1.0,1.0,1.0,0.64,0.55712
4523,,-0.015,0.50176,-0.0,1.0,1.0,1.0,0.63,0.52944
4524,1,1.0,0.50908,-0.01,0.97268,0.965,0.97268,0.62,0.53676
4525,3,0.965,0.5164,1.0,1.0,0.98,0.94536,0.56,0.47408
4526,,0.93,0.48872,0.99,1.0,0.995,0.95304,0.55,0.4464
4527,,0.895,0.46104,0.98,1.0,1.0,0.96072,0.54,0.41872
4528,,0.86,0.43336,0.97,1.0,1.0,0.9684,0.53,0.39104
4529,,0.825,0.40568,0.96,1.0,1.0,0.97608,0.52,0.36336
4530,,0.79,0.378,0.95,1.0,1.0,0.98376,0.51,0.33568
4531,,0.755,0.35032,0.94,1.0,1.0,0.99144,0.5,0.308
4532,,0.72,0.32264,0.93,1.0,1.0,0.99912,0.49,0.28032
4533,,0.685,0.29496,0.92,1.0,1.0,1.0,0.48,0.25264
4534,,0.65,0.26728,0.91,1.0,1.0,1.0,0.47,0.22496
4535,,0.615,0.2396,0.9,1.0,1.0,1.0,0.46,0.19728
4536,,0.58,0.21192,0.89,1.0,1.0,1.0,0.45,0.1696
4537,,0.545,0.18424,0.88,1.0,1.0,1.0,0.44,0.14192
4538,,0.51,0.15656,0.87,1.0,1.0,1.0,0.43,0.11424
4539,,0.475,0.12888,0.86,1.0,1.0,1.0,0.42,0.08656
4540,,0.44,0.1012,0.85,1.0,1.0,1.0,0.41,0.05888
4541,,0.405,0.07352,0.84,1.0,1.0,1.0,0.4,0.0312
4542,,0.37,0.04584,0.83,1.0,1.0,1.0,0.39,0.00352
4543,,0.335,0.01816,0.82,1.0,1.0,1.0,0.38,-0.02416
4544,8,0.335,-0.00952,0.775,0.95768,0.98,1.0,0.405,1.0
4545,2,0.335,1.0,0.8,0.96536,0.96,0.95768,0.36,0.97232
4546,,0.3,0.97232,0.79,0.97304,0.975,0.96536,0.35,0.94464
4547,,0.265,0.94464,0.78,0.98072,0.99,0.97304,0.34,0.91696
4548,,0.23,0.91696,0.77,0.9884,1.0,0.98072,0.33,0.88928
4549,,0.195,0.88928,0.76,0.99608,1.0,0.9884,0.32,0.8616
4550,,0.16,0.8616,0.75,1.0,1.0,0.99608,0.31,0.83392
4551,,0.125,0.83392,0.74,1.0,1.0,1.0,0.3,0.80624
4552,,0.09,0.80624,0.73,1.0,1.0,1.0,0.29,0.77856
4553,,0.055,0.77856,0.72,1.0,1.0,1.0,0.28,0.75088
4554,,0.02,0.75088,0.71,1.0,1.0,1.0,0.27,0.7232
4555,,-0.015,0.7232,0.7,1.0,1.0,1.0,0.26,0.69552
4556,1,1.0,0.73052,0.69,0.97268,0.965,0.97268,0.25,0.70284
4557,,0.965,0.70284,0.68,0.98036,0.98,0.98036,0.24,0.67516
4558,,0.93,0.67516,0.67,0.98804,0.995,0.98804,0.23,0.64748
4559,,0.895,0.64748,0.66,0.99572,1.0,0.99572,0.22,0.6198
4560,,0.86,0.6198,0.65,1.0,1.0,1.0,0.21,0.59212
4561,,0.825,0.59212,0.64,1.0,1.0,1.0,0.2,0.56444
4562,,0.79,0.56444,0.63,1.0,1.0,1.0,0.19,0.53676
4563,,0.755,0.53676,0.62,1.0,1.0,1.0,0.18,0.50908
4564,,0.72,0.50908,0.61,1.0,1.0,1.0,0.17,0.4814
4565,,0.685,0.4814,0.6,1.0,1.0,1.0,0.16,0.45372
4566,,0.65,0.45372,0.59,1.0,1.0,1.0,0.15,0.42604
4567,,0.615,0.42604,0.58,1.0,1.0,1.0,0.14,0.39836
4568,,0.58,0.39836,0.57,1.0,1.0,1.0,0.13,0.37068
4569,,0.545,0.37068,0.56,1.0,1.0,1.0,0.12,0.343
4570,,0.51,0.343,0.55,1.0,1.0,1.0,0.11,0.31532
4571,,0.475,0.31532,0.54,1.0,1.0,1.0,0.1,0.28764
4572,,0.44,0.28764,0.53,1.0,1.0,1.0,0.09,0.25996
4573,,0.405,0.25996,0.52,1.0,1.0,1.0,0.08,0.23228
4574,,0.37,0.23228,0.51,1.0,1.0,1.0,0.07,0.2046
4575,,0.335,0.2046,0.5,1.0,1.0,1.0,0.06,0.17692
4576,,0.3,0.17692,0.49,1.0,1.0,1.0,0.05,0.14924
4577,,0.265,0.14924,0.48,1.0,1.0,1.0,0.04,0.12156
4578,,0.23,0.12156,0.47,1.0,1.0,1.0,0.03,0.09388
4579,,0.195,0.09388,0.46,1.0,1.0,1.0,0.02,0.0662
4580,,0.16,0.0662,0.45,1.0,1.0,1.0,0.01,0.03852
4581,,0.125,0.03852,0.44,1.0,1.0,1.0,-0.0,0.01084
4582,,0.09,0.01084,0.43,1.0,1.0,1.0,-0.01,-0.01684
4583,8,0.09,-0.01684,0.385,0.95768,0.98,1.0,0.015,1.0
4584,2,0.09,1.0,0.41,0.96536,0.96,0.95768,-0.03,0.97232
4585,7,0.055,0.93732,0.35,0.93804,0.975,1.0,1.0,0.97964
4586,,0.02,0.90964,0.34,0.94572,0.99,1.0,0.99,0.95196
4587,,-0.015,0.88196,0.33,0.9534,1.0,1.0,0.98,0.92428
4588,1,1.0,0.88928,0.32,0.92608,0.965,0.97268,0.97,0.9316
4589,,0.965,0.8616,0.31,0.93376,0.98,0.98036,0.96,0.90392
4590,,0.93,0.83392,0.3,0.94144,0.995,0.98804,0.95,0.87624
4591,,0.895,0.80624,0.29,0.94912,1.0,0.99572,0.94,0.84856
4592,,0.86,0.77856,0.28,0.9568,1.0,1.0,0.93,0.82088
4593,,0.825,0.75088,0.27,0.96448,1.0,1.0,0.92,0.7932
4594,,0.79,0.7232,0.26,0.97216,1.0,1.0,0.91,0.76552
4595,,0.755,0.69552,0.25,0.97984,1.0,1.0,0.9,0.73784
4596,,0.72,0.66784,0.24,0.98752,1.0,1.0,0.89,0.71016
4597,,0.685,0.64016,0.23,0.9952,1.0,1.0,0.88,0.68248
4598,,0.65,0.61248,0.22,1.0,1.0,1.0,0.87,0.6548
4599,,0.615,0.5848,0.21,1.0,1.0,1.0,0.86,0.62712
4600,,0.58,0.55712,0.2,1.0,1.0,1.0,0.85,0.59944
4601,,0.545,0.52944,0.19,1.0,1.0,1.0,0.84,0.57176
4602,,0.51,0.50176,0.18,1.0,1.0,1.0,0.83,0.54408
4603,,0.475,0.47408,0.17,1.0,1.0,1.0,0.82,0.5164
4604,,0.44,0.4464,0.16,1.0,1.0,1.0,0.81,0.48872
4605,,0.405,0.41872,0.15,1.0,1.0,1.0,0.8,0.46104
4606,,0.37,0.39104,0.14,1.0,1.0,1.0,0.79,0.43336
4607,,0.335,0.36336,0.13,1.0,1.0,1.0,0.78,0.40568
4608,,0.3,0.33568,0.12,1.0,1.0,1.0,0.77,0.378
4609,,0.265,0.308,0.11,1.0,1.0,1.0,0.76,0.35032
4610,,0.23,0.28032,0.1,1.0,1.0,1.0,0.75,0.32264
4611,,0.195,0.25264,0.09,1.0,1.0,1.0,0.74,0.29496
4612,,0.16,0.22496,0.08,1.0,1.0,1.0,0.73,0.26728
4613,,0.125,0.19728,0.07,1.0,1.0,1.0,0.72,0.2396
4614,,0.09,0.1696,0.06,1.0,1.0,1.0,0.71,0.21192
4615,,0.055,0.14192,0.05,1.0,1.0,1.0,0.7,0.18424
4616,,0.02,0.11424,0.04,1.0,1.0,1.0,0.69,0.15656
4617,,-0.015,0.08656,0.03,1.0,1.0,1.0,0.68,0.12888
4618,1,1.0,0.09388,0.02,0.97268,0.965,0.97268,0.67,0.1362
4619,,0.965,0.0662,0.01,0.98036,0.98,0.98036,0.66,0.10852
4620,,0.93,0.03852,-0.0,0.98804,0.995,0.98804,0.65,0.08084
4621,,0.895,0.01084,-0.01,0.99572,1.0,0.99572,0.64,0.05316
4622,3,0.86,0.01816,1.0,1.0,1.0,0.9684,0.58,-0.00952
4623,8,0.86,-0.00952,0.955,0.95768,0.98,0.97608,0.605,1.0
4624,2,0.86,1.0,0.98,0.96536,0.96,0.93376,0.56,0.97232
4625,,0.825,0.97232,0.97,0.97304,0.975,0.94144,0.55,0.94464
4626,,0.79,0.94464,0.96,0.98072,0.99,0.94912,0.54,0.91696
4627,,0.755,0.91696,0.95,0.9884,1.0,0.9568,0.53,0.88928
4628,,0.72,0.88928,0.94,0.99608,1.0,0.96448,0.52,0.8616
4629,,0.685,0.8616,0.93,1.0,1.0,0.97216,0.51,0.83392
4630,,0.65,0.83392,0.92,1.0,1.0,0.97984,0.5,0.80624
4631,,0.615,0.80624,0.91,1.0,1.0,0.98752,0.49,0.77856
4632,,0.58,0.77856,0.9,1.0,1.0,0.9952,0.48,0.75088
4633,,0.545,0.75088,0.89,1.0,1.0,1.0,0.47,0.7232
4634,,0.51,0.7232,0.88,1.0,1.0,1.0,0.46,0.69552
4635,,0.475,0.69552,0.87,1.0,1.0,1.0,0.45,0.66784
4636,,0.44,0.66784,0.86,1.0,1.0,1.0,0.44,0.64016
4637,,0.405,0.64016,0.85,1.0,1.0,1.0,0.43,0.61248
4638,,0.37,0.61248,0.84,1.0,1.0,1.0,0.42,0.5848
4639,,0.335,0.5848,0.83,1.0,1.0,1.0,0.41,0.55712
4640,,0.3,0.55712,0.82,1.0,1.0,1.0,0.4,0.52944
4641,,0.265,0.52944,0.81,1.0,1.0,1.0,0.39,0.50176
4642,,0.23,0.50176,0.8,1.0,1.0,1.0,0.38,0.47408
4643,,0.195,0.47408,0.79,1.0,1.0,1.0,0.37,0.4464
4644,,0.16,0.4464,0.78,1.0,1.0,1.0,0.36,0.41872
4645,,0.125,0.41872,0.77,1.0,1.0,1.0,0.35,0.39104
4646,,0.09,0.39104,0.76,1.0,1.0,1.0,0.34,0.36336
4647,,0.055,0.36336,0.75,1.0,1.0,1.0,0.33,0.33568
4648,,0.02,0.33568,0.74,1.0,1.0,1.0,0.32,0.308
4649,,-0.015,0.308,0.73,1.0,1.0,1.0,0.31,0.28032
4650,1,1.0,0.31532,0.72,0.97268,0.965,0.97268,0.3,0.28764
4651,,0.965,0.28764,0.71,0.98036,0.98,0.98036,0.29,0.25996
4652,,0.93,0.25996,0.7,0.98804,0.995,0.98804,0.28,0.23228
4653,,0.895,0.23228,0.69,0.99572,1.0,0.99572,0.27,0.2046
4654,,0.86,0.2046,0.68,1.0,1.0,1.0,0.26,0.17692
4655,,0.825,0.17692,0.67,1.0,1.0,1.0,0.25,0.14924
4656,,0.79,0.14924,0.66,1.0,1.0,1.0,0.24,0.12156
4657,,0.755,0.12156,0.65,1.0,1.0,1.0,0.23,0.09388
4658,,0.72,0.09388,0.64,1.0,1.0,1.0,0.22,0.0662
4659,,0.685,0.0662,0.63,1.0,1.0,1.0,0.21,0.03852
4660,,0.65,0.03852,0.62,1.0,1.0,1.0,0.2,0.01084
4661,,0.615,0.01084,0.61,1.0,1.0,1.0,0.19,-0.01684
4662,8,0.615,-0.01684,0.565,0.95768,0.98,1.0,0.215,1.0
4663,2,0.615,1.0,0.59,0.96536,0.96,0.95768,0.17,0.97232
4664,,0.58,0.97232,0.58,0.97304,0.975,0.96536,0.16,0.94464
4665,,0.545,0.94464,0.57,0.98072,0.99,0.97304,0.15,0.91696
4666,,0.51,0.91696,0.56,0.9884,1.0,0.98072,0.14,0.88928
4667,,0.475,0.88928,0.55,0.99608,1.0,0.9884,0.13,0.8616
4668,,0.44,0.8616,0.54,1.0,1.0,0.99608,0.12,0.83392
4669,,0.405,0.83392,0.53,1.0,1.0,1.0,0.11,0.80624
4670,,0.37,0.80624,0.52,1.0,1.0,1.0,0.1,0.77856
4671,,0.335,0.77856,0.51,1.0,1.0,1.0,0.09,0.75088
4672,,0.3,0.75088,0.5,1.0,1.0,1.0,0.08,0.7232
4673,,0.265,0.7232,0.49,1.0,1.0,1.0,0.07,0.69552
4674,,0.23,0.69552,0.48,1.0,1.0,1.0,0.06,0.66784
4675,,0.195,0.66784,0.47,1.0,1.0,1.0,0.05,0.64016
4676,,0.16,0.64016,0.46,1.0,1.0,1.0,0.04,0.61248
4677,,0.125,0.61248,0.45,1.0,1.0,1.0,0.03,0.5848
4678,,0.09,0.5848,0.44,1.0,1.0,1.0,0.02,0.55712
4679,,0.055,0.55712,0.43,1.0,1.0,1.0,0.01,0.52944
4680,,0.02,0.52944,0.42,1.0,1.0,1.0,-0.0,0.50176
4681,,-0.015,0.50176,0.41,1.0,1.0,1.0,-0.01,0.47408
4682,1,1.0,0.50908,0.4,0.97268,0.965,0.97268,-0.02,0.4814
4683,7,0.965,0.4464,0.34,0.94536,0.98,1.0,1.0,0.48872
4684,,0.93,0.41872,0.33,0.95304,0.995,1.0,0.99,0.46104
4685,,0.895,0.39104,0.32,0.96072,1.0,1.0,0.98,0.43336
4686,,0.86,0.36336,0.31,0.9684,1.0,1.0,0.97,0.40568
4687,,0.825,0.33568,0.3,0.97608,1.0,1.0,0.96,0.378
4688,,0.79,0.308,0.29,0.98376,1.0,1.0,0.95,0.35032
4689,,0.755,0.28032,0.28,0.99144,1.0,1.0,0.94,0.32264
4690,,0.72,0.25264,0.27,0.99912,1.0,1.0,0.93,0.29496
4691,,0.685,0.22496,0.26,1.0,1.0,1.0,0.92,0.26728
4692,,0.65,0.19728,0.25,1.0,1.0,1.0,0.91,0.2396
4693,,0.615,0.1696,0.24,1.0,1.0,1.0,0.9,0.21192
4694,,0.58,0.14192,0.23,1.0,1.0,1.0,0.89,0.18424
4695,,0.545,0.11424,0.22,1.0,1.0,1.0,0.88,0.15656
4696,,0.51,0.08656,0.21,1.0,1.0,1.0,0.87,0.12888
4697,,0.475,0.05888,0.2,1.0,1.0,1.0,0.86,0.1012
4698,,0.44,0.0312,0.19,1.0,1.0,1.0,0.85,0.07352
4699,,0.405,0.00352,0.18,1.0,1.0,1.0,0.84,0.04584
4700,,0.37,-0.02416,0.17,1.0,1.0,1.0,0.83,0.01816
4701,2,0.37,1.0,0.195,1.0,0.98,0.95768,0.785,-0.00952
4702,8,0.37,0.97232,0.15,0.95768,0.96,0.96536,0.81,1.0
4703,,0.335,0.94464,0.14,0.96536,0.975,0.97304,0.8,0.97232
4704,,0.3,0.91696,0.13,0.97304,0.99,0.98072,0.79,0.94464
4705,,0.265,0.88928,0.12,0.98072,1.0,0.9884,0.78,0.91696
4706,,0.23,0.8616,0.11,0.9884,1.0,0.99608,0.77,0.88928
4707,,0.195,0.83392,0.1,0.99608,1.0,1.0,0.76,0.8616
4708,,0.16,0.80624,0.09,1.0,1.0,1.0,0.75,0.83392
4709,,0.125,0.77856,0.08,1.0,1.0,1.0,0.74,0.80624
4710,,0.09,0.75088,0.07,1.0,1.0,1.0,0.73,0.77856
4711,,0.055,0.7232,0.06,1.0,1.0,1.0,0.72,0.75088
4712,,0.02,0.69552,0.05,1.0,1.0,1.0,0.71,0.7232
4713,,-0.015,0.66784,0.04,1.0,1.0,1.0,0.7,0.69552
4714,1,1.0,0.67516,0.03,0.97268,0.965,0.97268,0.69,0.70284
4715,,0.965,0.64748,0.02,0.98036,0.98,0.98036,0.68,0.67516
4716,,0.93,0.6198,0.01,0.98804,0.995,0.98804,0.67,0.64748
4717,,0.895,0.59212,-0.0,0.99572,1.0,0.99572,0.66,0.6198
4718,,0.86,0.56444,-0.01,1.0,1.0,1.0,0.65,0.59212
4719,3,0.825,0.57176,1.0,1.0,1.0,0.97268,0.59,0.52944
4720,,0.79,0.54408,0.99,1.0,1.0,0.98036,0.58,0.50176
4721,,0.755,0.5164,0.98,1.0,1.0,0.98804,0.57,0.47408
4722,,0.72,0.48872,0.97,1.0,1.0,0.99572,0.56,0.4464
4723,,0.685,0.46104,0.96,1.0,1.0,1.0,0.55,0.41872
4724,,0.65,0.43336,0.95,1.0,1.0,1.0,0.54,0.39104
4725,,0.615,0.40568,0.94,1.0,1.0,1.0,0.53,0.36336
4726,,0.58,0.378,0.93,1.0,1.0,1.0,0.52,0.33568
4727,,0.545,0.35032,0.92,1.0,1.0,1.0,0.51,0.308
4728,,0.51,0.32264,0.91,1.0,1.0,1.0,0.5,0.28032
4729,,0.475,0.29496,0.9,1.0,1.0,1.0,0.49,0.25264
4730,,0.44,0.26728,0.89,1.0,1.0,1.0,0.48,0.22496
4731,,0.405,0.2396,0.88,1.0,1.0,1.0,0.47,0.19728
4732,,0.37,0.21192,0.87,1.0,1.0,1.0,0.46,0.1696
4733,,0.335,0.18424,0.86,1.0,1.0,1.0,0.45,0.14192
4734,,0.3,0.15656,0.85,1.0,1.0,1.0,0.44,0.11424
4735,,0.265,0.12888,0.84,1.0,1.0,1.0,0.43,0.08656
4736,,0.23,0.1012,0.83,1.0,1.0,1.0,0.42,0.05888
4737,,0.195,0.07352,0.82,1.0,1.0,1.0,0.41,0.0312
4738,,0.16,0.04584,0.81,1.0,1.0,1.0,0.4,0.00352
4739,,0.125,0.01816,0.8,1.0,1.0,1.0,0.39,-0.02416
4740,8,0.125,-0.00952,0.755,0.95768,0.98,1.0,0.415,1.0
4741,2,0.125,1.0,0.78,0.96536,0.96,0.95768,0.37,0.97232
4742,,0.09,0.97232,0.77,0.97304,0.975,0.96536,0.36,0.94464
4743,,0.055,0.94464,0.76,0.98072,0.99,0.97304,0.35,0.91696
4744,,0.02,0.91696,0.75,0.9884,1.0,0.98072,0.34,0.88928
4745,,-0.015,0.88928,0.74,0.99608,1.0,0.9884,0.33,0.8616
4746,1,1.0,0.8966,0.73,0.96876,0.965,0.96108,0.32,0.86892
4747,,0.965,0.86892,0.72,0.97644,0.98,0.96876,0.31,0.84124
4748,,0.93,0.84124,0.71,0.98412,0.995,0.97644,0.3,0.81356
4749,,0.895,0.81356,0.7,0.9918,1.0,0.98412,0.29,0.78588
4750,,0.86,0.78588,0.69,0.99948,1.0,0.9918,0.28,0.7582
4751,,0.825,0.7582,0.68,1.0,1.0,0.99948,0.27,0.73052
4752,,0.79,0.73052,0.67,1.0,1.0,1.0,0.26,0.70284
4753,,0.755,0.70284,0.66,1.0,1.0,1.0,0.25,0.67516
4754,,0.72,0.67516,0.65,1.0,1.0,1.0,0.24,0.64748
4755,,0.685,0.64748,0.64,1.0,1.0,1.0,0.23,0.6198
4756,,0.65,0.6198,0.63,1.0,1.0,1.0,0.22,0.59212
4757,,0.615,0.59212,0.62,1.0,1.0,1.0,0.21,0.56444
4758,,0.58,0.56444,0.61,1.0,1.0,1.0,0.2,0.53676
4759,,0.545,0.53676,0.6,1.0,1.0,1.0,0.19,0.50908
4760,,0.51,0.50908,0.59,1.0,1.0,1.0,0.18,0.4814
4761,,0.475,0.4814,0.58,1.0,1.0,1.0,0.17,0.45372
4762,,0.44,0.45372,0.57,1.0,1.0,1.0,0.16,0.42604
4763,,0.405,0.42604,0.56,1.0,1.0,1.0,0.15,0.39836
4764,,0.37,0.39836,0.55,1.0,1.0,1.0,0.14,0.37068
4765,,0.335,0.37068,0.54,1.0,1.0,1.0,0.13,0.343
4766,,0.3,0.343,0.53,1.0,1.0,1.0,0.12,0.31532
4767,,0.265,0.31532,0.52,1.0,1.0,1.0,0.11,0.28764
4768,,0.23,0.28764,0.51,1.0,1.0,1.0,0.1,0.25996
4769,,0.195,0.25996,0.5,1.0,1.0,1.0,0.09,0.23228
4770,,0.16,0.23228,0.49,1.0,1.0,1.0,0.08,0.2046
4771,,0.125,0.2046,0.48,1.0,1.0,1.0,0.07,0.17692
4772,,0.09,0.17692,0.47,1.0,1.0,1.0,0.06,0.14924
4773,,0.055,0.14924,0.46,1.0,1.0,1.0,0.05,0.12156
4774,,0.02,0.12156,0.45,1.0,1.0,1.0,0.04,0.09388
4775,,-0.015,0.09388,0.44,1.0,1.0,1.0,0.03,0.0662
4776,1,1.0,0.1012,0.43,0.97268,0.965,0.97268,0.02,0.07352
4777,,0.965,0.07352,0.42,0.98036,0.98,0.98036,0.01,0.04584
4778,,0.93,0.04584,0.41,0.98804,0.995,0.98804,-0.0,0.01816
4779,,0.895,0.01816,0.4,0.99572,1.0,0.99572,-0.01,-0.00952
4780,7,0.86,-0.04452,0.34,0.9684,1.0,1.0,1.0,-0.0022
4781,2,0.86,1.0,0.365,0.97608,0.98,0.95768,0.955,-0.02988
4782,8,0.86,0.97232,0.32,0.93376,0.96,0.96536,0.98,1.0
4783,,0.825,0.94464,0.31,0.94144,0.975,0.97304,0.97,0.97232
4784,,0.79,0.91696,0.3,0.94912,0.99,0.98072,0.96,0.94464
4785,,0.755,0.88928,0.29,0.9568,1.0,0.9884,0.95,0.91696
4786,,0.72,0.8616,0.28,0.96448,1.0,0.99608,0.94,0.88928
4787,,0.685,0.83392,0.27,0.97216,1.0,1.0,0.93,0.8616
4788,,0.65,0.80624,0.26,0.97984,1.0,1.0,0.92,0.83392
4789,,0.615,0.77856,0.25,0.98752,1.0,1.0,0.91,0.80624
4790,,0.58,0.75088,0.24,0.9952,1.0,1.0,0.9,0.77856
4791,,0.545,0.7232,0.23,1.0,1.0,1.0,0.89,0.75088
4792,,0.51,0.69552,0.22,1.0,1.0,1.0,0.88,0.7232
4793,,0.475,0.66784,0.21,1.0,1.0,1.0,0.87,0.69552
4794,,0.44,0.64016,0.2,1.0,1.0,1.0,0.86,0.66784
4795,,0.405,0.61248,0.19,1.0,1.0,1.0,0.85,0.64016
4796,,0.37,0.5848,0.18,1.0,1.0,1.0,0.84,0.61248
4797,,0.335,0.55712,0.17,1.0,1.0,1.0,0.83,0.5848
4798,,0.3,0.52944,0.16,1.0,1.0,1.0,0.82,0.55712
4799,,0.265,0.50176,0.15,1.0,1.0,1.0,0.81,0.52944
4800,,0.23,0.47408,0.14,1.0,1.0,1.0,0.8,0.50176
4801,,0.195,0.4464,0.13,1.0,1.0,1.0,0.79,0.47408
4802,,0.16,0.41872,0.12,1.0,1.0,1.0,0.78,0.4464
4803,,0.125,0.39104,0.11,1.0,1.0,1.0,0.77,0.41872
4804,,0.09,0.36336,0.1,1.0,1.0,1.0,0.76,0.39104
4805,,0.055,0.33568,0.09,1.0,1.0,1.0,0.75,0.36336
4806,,0.02,0.308,0.08,1.0,1.0,1.0,0.74,0.33568
4807,,-0.015,0.28032,0.07,1.0,1.0,1.0,0.73,0.308
4808,1,1.0,0.28764,0.06,0.97268,0.965,0.97268,0.72,0.31532
4809,,0.965,0.25996,0.05,0.98036,0.98,0.98036,0.71,0.28764
4810,,0.93,0.23228,0.04,0.98804,0.995,0.98804,0.7,0.25996
4811,,0.895,0.2046,0.03,0.99572,1.0,0.99572,0.69,0.23228
4812,,0.86,0.17692,0.02,1.0,1.0,1.0,0.68,0.2046
4813,,0.825,0.14924,0.01,1.0,1.0,1.0,0.67,0.17692
4814,,0.79,0.12156,-0.0,1.0,1.0,1.0,0.66,0.14924
4815,,0.755,0.09388,-0.01,1.0,1.0,1.0,0.65,0.12156
4816,3,0.72,0.1012,1.0,1.0,1.0,0.97268,0.59,0.05888
4817,,0.685,0.07352,0.99,1.0,1.0,0.98036,0.58,0.0312
4818,,0.65,0.04584,0.98,1.0,1.0,0.98804,0.57,0.00352
4819,,0.615,0.01816,0.97,1.0,1.0,0.99572,0.56,-0.02416
4820,8,0.615,-0.00952,0.925,0.95768,0.98,1.0,0.585,1.0
4821,2,0.615,1.0,0.95,0.96536,0.96,0.95768,0.54,0.97232
4822,,0.58,0.97232,0.94,0.97304,0.975,0.96536,0.53,0.94464
4823,,0.545,0.94464,0.93,0.98072,0.99,0.97304,0.52,0.91696
4824,,0.51,0.91696,0.92,0.9884,1.0,0.98072,0.51,0.88928
4825,,0.475,0.88928,0.91,0.99608,1.0,0.9884,0.5,0.8616
4826,,0.44,0.8616,0.9,1.0,1.0,0.99608,0.49,0.83392
4827,,0.405,0.83392,0.89,1.0,1.0,1.0,0.48,0.80624
4828,,0.37,0.80624,0.88,1.0,1.0,1.0,0.47,0.77856
4829,,0.335,0.77856,0.87,1.0,1.0,1.0,0.46,0.75088
4830,,0.3,0.75088,0.86,1.0,1.0,1.0,0.45,0.7232
4831,,0.265,0.7232,0.85,1.0,1.0,1.0,0.44,0.69552
4832,,0.23,0.69552,0.84,1.0,1.0,1.0,0.43,0.66784
4833,,0.195,0.66784,0.83,1.0,1.0,1.0,0.42,0.64016
4834,,0.16,0.64016,0.82,1.0,1.0,1.0,0.41,0.61248
4835,,0.125,0.61248,0.81,1.0,1.0,1.0,0.4,0.5848
4836,,0.09,0.5848,0.8,1.0,1.0,1.0,0.39,0.55712
4837,,0.055,0.55712,0.79,1.0,1.0,1.0,0.38,0.52944
4838,,0.02,0.52944,0.78,1.0,1.0,1.0,0.37,0.50176
4839,,-0.015,0.50176,0.77,1.0,1.0,1.0,0.36,0.47408
4840,1,1.0,0.50908,0.76,0.97268,0.965,0.97268,0.35,0.4814
4841,,0.965,0.4814,0.75,0.98036,0.98,0.98036,0.34,0.45372
4842,,0.93,0.45372,0.74,0.98804,0.995,0.98804,0.33,0.42604
4843,,0.895,0.42604,0.73,0.99572,1.0,0.99572,0.32,0.39836
4844,,0.86,0.39836,0.72,1.0,1.0,1.0,0.31,0.37068
4845,,0.825,0.37068,0.71,1.0,1.0,1.0,0.3,0.343
4846,,0.79,0.343,0.7,1.0,1.0,1.0,0.29,0.31532
4847,,0.755,0.31532,0.69,1.0,1.0,1.0,0.28,0.28764
4848,,0.72,0.28764,0.68,1.0,1.0,1.0,0.27,0.25996
4849,,0.685,0.25996,0.67,1.0,1.0,1.0,0.26,0.23228
4850,,0.65,0.23228,0.66,1.0,1.0,1.0,0.25,0.2046
4851,,0.615,0.2046,0.65,1.0,1.0,1.0,0.24,0.17692
4852,,0.58,0.17692,0.64,1.0,1.0,1.0,0.23,0.14924
4853,,0.545,0.14924,0.63,1.0,1.0,1.0,0.22,0.12156
4854,,0.51,0.12156,0.62,1.0,1.0,1.0,0.21,0.09388
4855,,0.475,0.09388,0.61,1.0,1.0,1.0,0.2,0.0662
4856,,0.44,0.0662,0.6,1.0,1.0,1.0,0.19,0.03852
4857,,0.405,0.03852,0.59,1.0,1.0,1.0,0.18,0.01084
4858,,0.37,0.01084,0.58,1.0,1.0,1.0,0.17,-0.01684
4859,8,0.37,-0.01684,0.535,0.95768,0.98,1.0,0.195,1.0
4860,2,0.37,1.0,0.56,0.96536,0.96,0.95768,0.15,0.97232
4861,,0.335,0.97232,0.55,0.97304,0.975,0.96536,0.14,0.94464
4862,,0.3,0.94464,0.54,0.98072,0.99,0.97304,0.13,0.91696
4863,,0.265,0.91696,0.53,0.9884,1.0,0.98072,0.12,0.88928
4864,,0.23,0.88928,0.52,0.99608,1.0,0.9884,0.11,0.8616
4865,,0.195,0.8616,0.51,1.0,1.0,0.99608,0.1,0.83392
4866,,0.16,0.83392,0.5,1.0,1.0,1.0,0.09,0.80624
4867,,0.125,0.80624,0.49,1.0,1.0,1.0,0.08,0.77856
4868,,0.09,0.77856,0.48,1.0,1.0,1.0,0.07,0.75088
4869,,0.055,0.75088,0.47,1.0,1.0,1.0,0.06,0.7232
4870,,0.02,0.7232,0.46,1.0,1.0,1.0,0.05,0.69552
4871,,-0.015,0.69552,0.45,1.0,1.0,1.0,0.04,0.66784
4872,1,1.0,0.70284,0.44,0.97268,0.965,0.97268,0.03,0.67516
4873,,0.965,0.67516,0.43,0.98036,0.98,0.98036,0.02,0.64748
4874,,0.93,0.64748,0.42,0.98804,0.995,0.98804,0.01,0.6198
4875,,0.895,0.6198,0.41,0.99572,1.0,0.99572,-0.0,0.59212
4876,,0.86,0.59212,0.4,1.0,1.0,1.0,-0.01,0.56444
4877,7,0.825,0.52944,0.34,0.97268,1.0,1.0,1.0,0.57176
4878,,0.79,0.50176,0.33,0.98036,1.0,1.0,0.99,0.54408
4879,,0.755,0.47408,0.32,0.98804,1.0,1.0,0.98,0.5164
4880,,0.72,0.4464,0.31,0.99572,1.0,1.0,0.97,0.48872
4881,,0.685,0.41872,0.3,1.0,1.0,1.0,0.96,0.46104
4882,,0.65,0.39104,0.29,1.0,1.0,1.0,0.95,0.43336
4883,,0.615,0.36336,0.28,1.0,1.0,1.0,0.94,0.40568
4884,,0.58,0.33568,0.27,1.0,1.0,1.0,0.93,0.378
4885,,0.545,0.308,0.26,1.0,1.0,1.0,0.92,0.35032
4886,,0.51,0.28032,0.25,1.0,1.0,1.0,0.91,0.32264
4887,,0.475,0.25264,0.24,1.0,1.0,1.0,0.9,0.29496
4888,,0.44,0.22496,0.23,1.0,1.0,1.0,0.89,0.26728
4889,,0.405,0.19728,0.22,1.0,1.0,1.0,0.88,0.2396
4890,,0.37,0.1696,0.21,1.0,1.0,1.0,0.87,0.21192
4891,,0.335,0.14192,0.2,1.0,1.0,1.0,0.86,0.18424
4892,,0.3,0.11424,0.19,1.0,1.0,1.0,0.85,0.15656
4893,,0.265,0.08656,0.18,1.0,1.0,1.0,0.84,0.12888
4894,,0.23,0.05888,0.17,1.0,1.0,1.0,0.83,0.1012
4895,,0.195,0.0312,0.16,1.0,1.0,1.0,0.82,0.07352
4896,,0.16,0.00352,0.15,1.0,1.0,1.0,0.81,0.04584
4897,,0.125,-0.02416,0.14,1.0,1.0,1.0,0.8,0.01816
4898,2,0.125,1.0,0.165,1.0,0.98,0.95768,0.755,-0.00952
4899,8,0.125,0.97232,0.12,0.95768,0.96,0.96536,0.78,1.0
4900,,0.09,0.94464,0.11,0.96536,0.975,0.97304,0.77,0.97232
4901,,0.055,0.91696,0.1,0.97304,0.99,0.98072,0.76,0.94464
4902,,0.02,0.88928,0.09,0.98072,1.0,0.9884,0.75,0.91696
4903,,-0.015,0.8616,0.08,0.9884,1.0,0.99608,0.74,0.88928
4904,1,1.0,0.86892,0.07,0.96108,0.965,0.96876,0.73,0.8966
4905,,0.965,0.84124,0.06,0.96876,0.98,0.97644,0.72,0.86892
4906,,0.93,0.81356,0.05,0.97644,0.995,0.98412,0.71,0.84124
4907,,0.895,0.78588,0.04,0.98412,1.0,0.9918,0.7,0.81356
4908,,0.86,0.7582,0.03,0.9918,1.0,0.99948,0.69,0.78588
4909,,0.825,0.73052,0.02,0.99948,1.0,1.0,0.68,0.7582
4910,,0.79,0.70284,0.01,1.0,1.0,1.0,0.67,0.73052
4911,,0.755,0.67516,-0.0,1.0,1.0,1.0,0.66,0.70284
4912,,0.72,0.64748,-0.01,1.0,1.0,1.0,0.65,0.67516
4913,3,0.685,0.6548,1.0,1.0,1.0,0.97268,0.59,0.61248
4914,,0.65,0.62712,0.99,1.0,1.0,0.98036,0.58,0.5848
4915,,0.615,0.59944,0.98,1.0,1.0,0.98804,0.57,0.55712
4916,,0.58,0.57176,0.97,1.0,1.0,0.99572,0.56,0.52944
4917,,0.545,0.54408,0.96,1.0,1.0,1.0,0.55,0.50176
4918,,0.51,0.5164,0.95,1.0,1.0,1.0,0.54,0.47408
4919,,0.475,0.48872,0.94,1.0,1.0,1.0,0.53,0.4464
4920,,0.44,0.46104,0.93,1.0,1.0,1.0,0.52,0.41872
4921,,0.405,0.43336,0.92,1.0,1.0,1.0,0.51,0.39104
4922,,0.37,0.40568,0.91,1.0,1.0,1.0,0.5,0.36336
4923,,0.335,0.378,0.9,1.0,1.0,1.0,0.49,0.33568
4924,,0.3,0.35032,0.89,1.0,1.0,1.0,0.48,0.308
4925,,0.265,0.32264,0.88,1.0,1.0,1.0,0.47,0.28032
4926,,0.23,0.29496,0.87,1.0,1.0,1.0,0.46,0.25264
4927,,0.195,0.26728,0.86,1.0,1.0,1.0,0.45,0.22496
4928,,0.16,0.2396,0.85,1.0,1.0,1.0,0.44,0.19728
4929,,0.125,0.21192,0.84,1.0,1.0,1.0,0.43,0.1696
4930,,0.09,0.18424,0.83,1.0,1.0,1.0,0.42,0.14192
4931,,0.055,0.15656,0.82,1.0,1.0,1.0,0.41,0.11424
4932,,0.02,0.12888,0.81,1.0,1.0,1.0,0.4,0.08656
4933,,-0.015,0.1012,0.8,1.0,1.0,1.0,0.39,0.05888
4934,1,1.0,0.10852,0.79,0.97268,0.965,0.97268,0.38,0.0662
4935,,0.965,0.08084,0.78,0.98036,0.98,0.98036,0.37,0.03852
4936,,0.93,0.05316,0.77,0.98804,0.995,0.98804,0.36,0.01084
4937,,0.895,0.02548,0.76,0.99572,1.0,0.99572,0.35,-0.01684
4938,8,0.895,-0.0022,0.715,0.9534,0.98,1.0,0.375,1.0
4939,2,0.895,1.0,0.74,0.96108,0.96,0.95768,0.33,0.97232
4940,,0.86,0.97232,0.73,0.96876,0.975,0.96536,0.32,0.94464
4941,,0.825,0.94464,0.72,0.97644,0.99,0.97304,0.31,0.91696
4942,,0.79,0.91696,0.71,0.98412,1.0,0.98072,0.3,0.88928
4943,,0.755,0.88928,0.7,0.9918,1.0,0.9884,0.29,0.8616
4944,,0.72,0.8616,0.69,0.99948,1.0,0.99608,0.28,0.83392
4945,,0.685,0.83392,0.68,1.0,1.0,1.0,0.27,0.80624
4946,,0.65,0.80624,0.67,1.0,1.0,1.0,0.26,0.77856
4947,,0.615,0.77856,0.66,1.0,1.0,1.0,0.25,0.75088
4948,,0.58,0.75088,0.65,1.0,1.0,1.0,0.24,0.7232
4949,,0.545,0.7232,0.64,1.0,1.0,1.0,0.23,0.69552
4950,,0.51,0.69552,0.63,1.0,1.0,1.0,0.22,0.66784
4951,,0.475,0.66784,0.62,1.0,1.0,1.0,0.21,0.64016
4952,,0.44,0.64016,0.61,1.0,1.0,1.0,0.2,0.61248
4953,,0.405,0.61248,0.6,1.0,1.0,1.0,0.19,0.5848
4954,,0.37,0.5848,0.59,1.0,1.0,1.0,0.18,0.55712
4955,,0.335,0.55712,0.58,1.0,1.0,1.0,0.17,0.52944
4956,,0.3,0.52944,0.57,1.0,1.0,1.0,0.16,0.50176
4957,,0.265,0.50176,0.56,1.0,1.0,1.0,0.15,0.47408
4958,,0.23,0.47408,0.55,1.0,1.0,1.0,0.14,0.4464
4959,,0.195,0.4464,0.54,1.0,1.0,1.0,0.13,0.41872
4960,,0.16,0.41872,0.53,1.0,1.0,1.0,0.12,0.39104
4961,,0.125,0.39104,0.52,1.0,1.0,1.0,0.11,0.36336
4962,,0.09,0.36336,0.51,1.0,1.0,1.0,0.1,0.33568
4963,,0.055,0.33568,0.5,1.0,1.0,1.0,0.09,0.308
4964,,0.02,0.308,0.49,1.0,1.0,1.0,0.08,0.28032
4965,,-0.015,0.28032,0.48,1.0,1.0,1.0,0.07,0.25264
4966,1,1.0,0.28764,0.47,0.97268,0.965,0.97268,0.06,0.25996
4967,,0.965,0.25996,0.46,0.98036,0.98,0.98036,0.05,0.23228
4968,,0.93,0.23228,0.45,0.98804,0.995,0.98804,0.04,0.2046
4969,,0.895,0.2046,0.44,0.99572,1.0,0.99572,0.03,0.17692
4970,,0.86,0.17692,0.43,1.0,1.0,1.0,0.02,0.14924
4971,,0.825,0.14924,0.42,1.0,1.0,1.0,0.01,0.12156
4972,,0.79,0.12156,0.41,1.0,1.0,1.0,-0.0,0.09388
4973,,0.755,0.09388,0.4,1.0,1.0,1.0,-0.01,0.0662
4974,7,0.72,0.0312,0.34,0.97268,1.0,1.0,1.0,0.07352
4975,,0.685,0.00352,0.33,0.98036,1.0,1.0,0.99,0.04584
4976,,0.65,-0.02416,0.32,0.98804,1.0,1.0,0.98,0.01816
4977,2,0.65,1.0,0.345,0.99572,0.98,0.95768,0.935,-0.00952
4978,8,0.65,0.97232,0.3,0.9534,0.96,0.96536,0.96,1.0
4979,,0.615,0.94464,0.29,0.96108,0.975,0.97304,0.95,0.97232
4980,,0.58,0.91696,0.28,0.96876,0.99,0.98072,0.94,0.94464
4981,,0.545,0.88928,0.27,0.97644,1.0,0.9884,0.93,0.91696
4982,,0.51,0.8616,0.26,0.98412,1.0,0.99608,0.92,0.88928
4983,,0.475,0.83392,0.25,0.9918,1.0,1.0,0.91,0.8616
4984,,0.44,0.80624,0.24,0.99948,1.0,1.0,0.9,0.83392
4985,,0.405,0.77856,0.23,1.0,1.0,1.0,0.89,0.80624
4986,,0.37,0.75088,0.22,1.0,1.0,1.0,0.88,0.77856
4987,,0.335,0.7232,0.21,1.0,1.0,1.0,0.87,0.75088
4988,,0.3,0.69552,0.2,1.0,1.0,1.0,0.86,0.7232
4989,,0.265,0.66784,0.19,1.0,1.0,1.0,0.85,0.69552
4990,,0.23,0.64016,0.18,1.0,1.0,1.0,0.84,0.66784
4991,,0.195,0.61248,0.17,1.0,1.0,1.0,0.83,0.64016
4992,,0.16,0.5848,0.16,1.0,1.0,1.0,0.82,0.61248
4993,,0.125,0.55712,0.15,1.0,1.0,1.0,0.81,0.5848
4994,,0.09,0.52944,0.14,1.0,1.0,1.0,0.8,0.55712
4995,,0.055,0.50176,0.13,1.0,1.0,1.0,0.79,0.52944
4996,,0.02,0.47408,0.12,1.0,1.0,1.0,0.78,0.50176
4997,,-0.015,0.4464,0.11,1.0,1.0,1.0,0.77,0.47408
4998,1,1.0,0.45372,0.1,0.97268,0.965,0.97268,0.76,0.4814
4999,,0.965,0.42604,0.09,0.98036,0.98,0.98036,0.75,0.45372
5000,,0.93,0.39836,0.08,0.98804,0.995,0.98804,0.74,0.42604
5001,,0.895,0.37068,0.07,0.99572,1.0,0.99572,0.73,0.39836
5002,,0.86,0.343,0.06,1.0,1.0,1.0,0.72,0.37068
5003,,0.825,0.31532,0.05,1.0,1.0,1.0,0.71,0.343
5004,,0.79,0.28764,0.04,1.0,1.0,1.0,0.7,0.31532
5005,,0.755,0.25996,0.03,1.0,1.0,1.0,0.69,0.28764
5006,,0.72,0.23228,0.02,1.0,1.0,1.0,0.68,0.25996
5007,,0.685,0.2046,0.01,1.0,1.0,1.0,0.67,0.23228
5008,,0.65,0.17692,-0.0,1.0,1.0,1.0,0.66,0.2046
5009,,0.615,0.14924,-0.01,1.0,1.0,1.0,0.65,0.17692
5010,3,0.58,0.15656,1.0,1.0,1.0,0.97268,0.59,0.11424
5011,,0.545,0.12888,0.99,1.0,1.0,0.98036,0.58,0.08656
5012,,0.51,0.1012,0.98,1.0,1.0,0.98804,0.57,0.05888
5013,,0.475,0.07352,0.97,1.0,1.0,0.99572,0.56,0.0312
5014,,0.44,0.04584,0.96,1.0,1.0,1.0,0.55,0.00352
5015,,0.405,0.01816,0.95,1.0,1.0,1.0,0.54,-0.02416
5016,8,0.405,-0.00952,0.905,0.95768,0.98,1.0,0.565,1.0
5017,2,0.405,1.0,0.93,0.96536,0.96,0.95768,0.52,0.97232
5018,,0.37,0.97232,0.92,0.97304,0.975,0.96536,0.51,0.94464
5019,,0.335,0.94464,0.91,0.98072,0.99,0.97304,0.5,0.91696
5020,,0.3,0.91696,0.9,0.9884,1.0,0.98072,0.49,0.88928
5021,,0.265,0.88928,0.89,0.99608,1.0,0.9884,0.48,0.8616
5022,,0.23,0.8616,0.88,1.0,1.0,0.99608,0.47,0.83392
5023,,0.195,0.83392,0.87,1.0,1.0,1.0,0.46,0.80624
5024,,0.16,0.80624,0.86,1.0,1.0,1.0,0.45,0.77856
5025,,0.125,0.77856,0.85,1.0,1.0,1.0,0.44,0.75088
5026,,0.09,0.75088,0.84,1.0,1.0,1.0,0.43,0.7232
5027,,0.055,0.7232,0.83,1.0,1.0,1.0,0.42,0.69552
5028,,0.02,0.69552,0.82,1.0,1.0,1.0,0.41,0.66784
5029,,-0.015,0.66784,0.81,1.0,1.0,1.0,0.4,0.64016
5030,1,1.0,0.67516,0.8,0.97268,0.965,0.97268,0.39,0.64748
5031,,0.965,0.64748,0.79,0.98036,0.98,0.98036,0.38,0.6198
5032,,0.93,0.6198,0.78,0.98804,0.995,0.98804,0.37,0.59212
5033,,0.895,0.59212,0.77,0.99572,1.0,0.99572,0.36,0.56444
5034,,0.86,0.56444,0.76,1.0,1.0,1.0,0.35,0.53676
5035,,0.825,0.53676,0.75,1.0,1.0,1.0,0.34,0.50908
5036,,0.79,0.50908,0.74,1.0,1.0,1.0,0.33,0.4814
5037,,0.755,0.4814,0.73,1.0,1.0,1.0,0.32,0.45372
5038,,0.72,0.45372,0.72,1.0,1.0,1.0,0.31,0.42604
5039,,0.685,0.42604,0.71,1.0,1.0,1.0,0.3,0.39836
5040,,0.65,0.39836,0.7,1.0,1.0,1.0,0.29,0.37068
5041,,0.615,0.37068,0.69,1.0,1.0,1.0,0.28,0.343
5042,,0.58,0.343,0.68,1.0,1.0,1.0,0.27,0.31532
5043,,0.545,0.31532,0.67,1.0,1.0,1.0,0.26,0.28764
5044,,0.51,0.28764,0.66,1.0,1.0,1.0,0.25,0.25996
5045,,0.475,0.25996,0.65,1.0,1.0,1.0,0.24,0.23228
5046,,0.44,0.23228,0.64,1.0,1.0,1.0,0.23,0.2046
5047,,0.405,0.2046,0.63,1.0,1.0,1.0,0.22,0.17692
5048,,0.37,0.17692,0.62,1.0,1.0,1.0,0.21,0.14924
5049,,0.335,0.14924,0.61,1.0,1.0,1.0,0.2,0.12156
5050,,0.3,0.12156,0.6,1.0,1.0,1.0,0.19,0.09388
5051,,0.265,0.09388,0.59,1.0,1.0,1.0,0.18,0.0662
5052,,0.23,0.0662,0.58,1.0,1.0,1.0,0.17,0.03852
5053,,0.195,0.03852,0.57,1.0,1.0,1.0,0.16,0.01084
5054,,0.16,0.01084,0.56,1.0,1.0,1.0,0.15,-0.01684
5055,8,0.16,-0.01684,0.515,0.95768,0.98,1.0,0.175,1.0
5056,2,0.16,1.0,0.54,0.96536,0.96,0.95768,0.13,0.97232
5057,,0.125,0.97232,0.53,0.97304,0.975,0.96536,0.12,0.94464
5058,,0.09,0.94464,0.52,0.98072,0.99,0.97304,0.11,0.91696
5059,,0.055,0.91696,0.51,0.9884,1.0,0.98072,0.1,0.88928
5060,,0.02,0.88928,0.5,0.99608,1.0,0.9884,0.09,0.8616
5061,,-0.015,0.8616,0.49,1.0,1.0,0.99608,0.08,0.83392
5062,1,1.0,0.86892,0.48,0.97268,0.965,0.96876,0.07,0.84124
5063,,0.965,0.84124,0.47,0.98036,0.98,0.97644,0.06,0.81356
5064,,0.93,0.81356,0.46,0.98804,0.995,0.98412,0.05,0.78588
5065,,0.895,0.78588,0.45,0.99572,1.0,0.9918,0.04,0.7582
5066,,0.86,0.7582,0.44,1.0,1.0,0.99948,0.03,0.73052
5067,,0.825,0.73052,0.43,1.0,1.0,1.0,0.02,0.70284
5068,,0.79,0.70284,0.42,1.0,1.0,1.0,0.01,0.67516
5069,,0.755,0.67516,0.41,1.0,1.0,1.0,-0.0,0.64748
5070,,0.72,0.64748,0.4,1.0,1.0,1.0,-0.01,0.6198
5071,7,0.685,0.5848,0.34,0.97268,1.0,1.0,1.0,0.62712
5072,,0.65,0.55712,0.33,0.98036,1.0,1.0,0.99,0.59944
5073,,0.615,0.52944,0.32,0.98804,1.0,1.0,0.98,0.57176
5074,,0.58,0.50176,0.31,0.99572,1.0,1.0,0.97,0.54408
5075,,0.545,0.47408,0.3,1.0,1.0,1.0,0.96,0.5164
5076,,0.51,0.4464,0.29,1.0,1.0,1.0,0.95,0.48872
5077,,0.475,0.41872,0.28,1.0,1.0,1.0,0.94,0.46104
5078,,0.44,0.39104,0.27,1.0,1.0,1.0,0.93,0.43336
5079,,0.405,0.36336,0.26,1.0,1.0,1.0,0.92,0.40568
5080,,0.37,0.33568,0.25,1.0,1.0,1.0,0.91,0.378
5081,,0.335,0.308,0.24,1.0,1.0,1.0,0.9,0.35032
5082,,0.3,0.28032,0.23,1.0,1.0,1.0,0.89,0.32264
5083,,0.265,0.25264,0.22,1.0,1.0,1.0,0.88,0.29496
5084,,0.23,0.22496,0.21,1.0,1.0,1.0,0.87,0.26728
5085,,0.195,0.19728,0.2,1.0,1.0,1.0,0.86,0.2396
5086,,0.16,0.1696,0.19,1.0,1.0,1.0,0.85,0.21192
5087,,0.125,0.14192,0.18,1.0,1.0,1.0,0.84,0.18424
5088,,0.09,0.11424,0.17,1.0,1.0,1.0,0.83,0.15656
5089,,0.055,0.08656,0.16,1.0,1.0,1.0,0.82,0.12888
5090,,0.02,0.05888,0.15,1.0,1.0,1.0,0.81,0.1012
5091,,-0.015,0.0312,0.14,1.0,1.0,1.0,0.8,0.07352
5092,1,1.0,0.03852,0.13,0.97268,0.965,0.97268,0.79,0.08084
5093,,0.965,0.01084,0.12,0.98036,0.98,0.98036,0.78,0.05316
5094,,0.93,-0.01684,0.11,0.98804,0.995,0.98804,0.77,0.02548
5095,2,0.93,1.0,0.135,0.99572,0.975,0.94572,0.725,-0.0022
5096,8,0.93,0.97232,0.09,0.9534,0.955,0.9534,0.75,1.0
5097,,0.895,0.94464,0.08,0.96108,0.97,0.96108,0.74,0.97232
5098,,0.86,0.91696,0.07,0.96876,0.985,0.96876,0.73,0.94464
5099,,0.825,0.88928,0.06,0.97644,1.0,0.97644,0.72,0.91696
5100,,0.79,0.8616,0.05,0.98412,1.0,0.98412,0.71,0.88928
5101,,0.755,0.83392,0.04,0.9918,1.0,0.9918,0.7,0.8616
5102,,0.72,0.80624,0.03,0.99948,1.0,0.99948,0.69,0.83392
5103,,0.685,0.77856,0.02,1.0,1.0,1.0,0.68,0.80624
5104,,0.65,0.75088,0.01,1.0,1.0,1.0,0.67,0.77856
5105,,0.615,0.7232,-0.0,1.0,1.0,1.0,0.66,0.75088
5106,,0.58,0.69552,-0.01,1.0,1.0,1.0,0.65,0.7232
5107,3,0.545,0.70284,1.0,1.0,1.0,0.97268,0.59,0.66052
5108,,0.51,0.67516,0.99,1.0,1.0,0.98036,0.58,0.63284
5109,,0.475,0.64748,0.98,1.0,1.0,0.98804,0.57,0.60516
5110,,0.44,0.6198,0.97,1.0,1.0,0.99572,0.56,0.57748
5111,,0.405,0.59212,0.96,1.0,1.0,1.0,0.55,0.5498
5112,,0.37,0.56444,0.95,1.0,1.0,1.0,0.54,0.52212
5113,,0.335,0.53676,0.94,1.0,1.0,1.0,0.53,0.49444
5114,,0.3,0.50908,0.93,1.0,1.0,1.0,0.52,0.46676
5115,,0.265,0.4814,0.92,1.0,1.0,1.0,0.51,0.43908
5116,,0.23,0.45372,0.91,1.0,1.0,1.0,0.5,0.4114
5117,,0.195,0.42604,0.9,1.0,1.0,1.0,0.49,0.38372
5118,,0.16,0.39836,0.89,1.0,1.0,1.0,0.48,0.35604
5119,,0.125,0.37068,0.88,1.0,1.0,1.0,0.47,0.32836
5120,,0.09,0.343,0.87,1.0,1.0,1.0,0.46,0.30068
5121,,0.055,0.31532,0.86,1.0,1.0,1.0,0.45,0.273
5122,,0.02,0.28764,0.85,1.0,1.0,1.0,0.44,0.24532
5123,,-0.015,0.25996,0.84,1.0,1.0,1.0,0.43,0.21764
5124,1,1.0,0.26728,0.83,0.97268,0.965,0.97268,0.42,0.22496
5125,,0.965,0.2396,0.82,0.98036,0.98,0.98036,0.41,0.19728
5126,,0.93,0.21192,0.81,0.98804,0.995,0.98804,0.4,0.1696
5127,,0.895,0.18424,0.8,0.99572,1.0,0.99572,0.39,0.14192
5128,,0.86,0.15656,0.79,1.0,1.0,1.0,0.38,0.11424
5129,,0.825,0.12888,0.78,1.0,1.0,1.0,0.37,0.08656
5130,,0.79,0.1012,0.77,1.0,1.0,1.0,0.36,0.05888
5131,,0.755,0.07352,0.76,1.0,1.0,1.0,0.35,0.0312
5132,,0.72,0.04584,0.75,1.0,1.0,1.0,0.34,0.00352
5133,,0.685,0.01816,0.74,1.0,1.0,1.0,0.33,-0.02416
5134,8,0.685,-0.00952,0.695,0.95768,0.98,1.0,0.355,1.0
5135,2,0.685,1.0,0.72,0.96536,0.96,0.95768,0.31,0.97232
5136,,0.65,0.97232,0.71,0.97304,0.975,0.96536,0.3,0.94464
5137,,0.615,0.94464,0.7,0.98072,0.99,0.97304,0.29,0.91696
5138,,0.58,0.91696,0.69,0.9884,1.0,0.98072,0.28,0.88928
5139,,0.545,0.88928,0.68,0.99608,1.0,0.9884,0.27,0.8616
5140,,0.51,0.8616,0.67,1.0,1.0,0.99608,0.26,0.83392
5141,,0.475,0.83392,0.66,1.0,1.0,1.0,0.25,0.80624
5142,,0.44,0.80624,0.65,1.0,1.0,1.0,0.24,0.77856
5143,,0.405,0.77856,0.64,1.0,1.0,1.0,0.23,0.75088
5144,,0.37,0.75088,0.63,1.0,1.0,1.0,0.22,0.7232
5145,,0.335,0.7232,0.62,1.0,1.0,1.0,0.21,0.69552
5146,,0.3,0.69552,0.61,1.0,1.0,1.0,0.2,0.66784
5147,,0.265,0.66784,0.6,1.0,1.0,1.0,0.19,0.64016
5148,,0.23,0.64016,0.59,1.0,1.0,1.0,0.18,0.61248
5149,,0.195,0.61248,0.58,1.0,1.0,1.0,0.17,0.5848
5150,,0.16,0.5848,0.57,1.0,1.0,1.0,0.16,0.55712
5151,,0.125,0.55712,0.56,1.0,1.0,1.0,0.15,0.52944
5152,,0.09,0.52944,0.55,1.0,1.0,1.0,0.14,0.50176
5153,,0.055,0.50176,0.54,1.0,1.0,1.0,0.13,0.47408
5154,,0.02,0.47408,0.53,1.0,1.0,1.0,0.12,0.4464
5155,,-0.015,0.4464,0.52,1.0,1.0,1.0,0.11,0.41872
5156,1,1.0,0.45372,0.51,0.97268,0.965,0.97268,0.1,0.42604
5157,,0.965,0.42604,0.5,0.98036,0.98,0.98036,0.09,0.39836
5158,,0.93,0.39836,0.49,0.98804,0.995,0.98804,0.08,0.37068
5159,,0.895,0.37068,0.48,0.99572,1.0,0.99572,0.07,0.343
5160,,0.86,0.343,0.47,1.0,1.0,1.0,0.06,0.31532
5161,,0.825,0.31532,0.46,1.0,1.0,1.0,0.05,0.28764
5162,,0.79,0.28764,0.45,1.0,1.0,1.0,0.04,0.25996
5163,,0.755,0.25996,0.44,1.0,1.0,1.0,0.03,0.23228
5164,,0.72,0.23228,0.43,1.0,1.0,1.0,0.02,0.2046
5165,,0.685,0.2046,0.42,1.0,1.0,1.0,0.01,0.17692
5166,,0.65,0.17692,0.41,1.0,1.0,1.0,-0.0,0.14924
5167,,0.615,0.14924,0.4,1.0,1.0,1.0,-0.01,0.12156
5168,7,0.58,0.08656,0.34,0.97268,1.0,1.0,1.0,0.12888
5169,,0.545,0.05888,0.33,0.98036,1.0,1.0,0.99,0.1012
5170,,0.51,0.0312,0.32,0.98804,1.0,1.0,0.98,0.07352
5171,,0.475,0.00352,0.31,0.99572,1.0,1.0,0.97,0.04584
5172,,0.44,-0.02416,0.3,1.0,1.0,1.0,0.96,0.01816
5173,2,0.44,1.0,0.325,1.0,0.98,0.95768,0.915,-0.00952
5174,8,0.44,0.97232,0.28,0.95768,0.96,0.96536,0.94,1.0
5175,,0.405,0.94464,0.27,0.96536,0.975,0.97304,0.93,0.97232
5176,,0.37,0.91696,0.26,0.97304,0.99,0.98072,0.92,0.94464
5177,,0.335,0.88928,0.25,0.98072,1.0,0.9884,0.91,0.91696
5178,,0.3,0.8616,0.24,0.9884,1.0,0.99608,0.9,0.88928
5179,,0.265,0.83392,0.23,0.99608,1.0,1.0,0.89,0.8616
5180,,0.23,0.80624,0.22,1.0,1.0,1.0,0.88,0.83392
5181,,0.195,0.77856,0.21,1.0,1.0,1.0,0.87,0.80624
5182,,0.16,0.75088,0.2,1.0,1.0,1.0,0.86,0.77856
5183,,0.125,0.7232,0.19,1.0,1.0,1.0,0.85,0.75088
5184,,0.09,0.69552,0.18,1.0,1.0,1.0,0.84,0.7232
5185,,0.055,0.66784,0.17,1.0,1.0,1.0,0.83,0.69552
5186,,0.02,0.64016,0.16,1.0,1.0,1.0,0.82,0.66784
5187,,-0.015,0.61248,0.15,1.0,1.0,1.0,0.81,0.64016
5188,1,1.0,0.6198,0.14,0.97268,0.965,0.97268,0.8,0.64748
5189,,0.965,0.59212,0.13,0.98036,0.98,0.98036,0.79,0.6198
5190,,0.93,0.56444,0.12,0.98804,0.995,0.98804,0.78,0.59212
5191,,0.895,0.53676,0.11,0.99572,1.0,0.99572,0.77,0.56444
5192,,0.86,0.50908,0.1,1.0,1.0,1.0,0.76,0.53676
5193,,0.825,0.4814,0.09,1.0,1.0,1.0,0.75,0.50908
5194,,0.79,0.45372,0.08,1.0,1.0,1.0,0.74,0.4814
5195,,0.755,0.42604,0.07,1.0,1.0,1.0,0.73,0.45372
5196,,0.72,0.39836,0.06,1.0,1.0,1.0,0.72,0.42604
5197,,0.685,0.37068,0.05,1.0,1.0,1.0,0.71,0.39836
5198,,0.65,0.343,0.04,1.0,1.0,1.0,0.7,0.37068
5199,,0.615,0.31532,0.03,1.0,1.0,1.0,0.69,0.343
5200,,0.58,0.28764,0.02,1.0,1.0,1.0,0.68,0.31532
5201,,0.545,0.25996,0.01,1.0,1.0,1.0,0.67,0.28764
5202,,0.51,0.23228,-0.0,1.0,1.0,1.0,0.66,0.25996
5203,,0.475,0.2046,-0.01,1.0,1.0,1.0,0.65,0.23228
5204,3,0.44,0.21192,1.0,1.0,1.0,0.97268,0.59,0.1696
5205,,0.405,0.18424,0.99,1.0,1.0,0.98036,0.58,0.14192
5206,,0.37,0.15656,0.98,1.0,1.0,0.98804,0.57,0.11424
5207,,0.335,0.12888,0.97,1.0,1.0,0.99572,0.56,0.08656
5208,,0.3,0.1012,0.96,1.0,1.0,1.0,0.55,0.05888
5209,,0.265,0.07352,0.95,1.0,1.0,1.0,0.54,0.0312
5210,,0.23,0.04584,0.94,1.0,1.0,1.0,0.53,0.00352
5211,,0.195,0.01816,0.93,1.0,1.0,1.0,0.52,-0.02416
5212,8,0.195,-0.00952,0.885,0.95768,0.98,1.0,0.545,1.0
5213,2,0.195,1.0,0.91,0.96536,0.96,0.95768,0.5,0.97232
5214,,0.16,0.97232,0.9,0.97304,0.975,0.96536,0.49,0.94464
5215,,0.125,0.94464,0.89,0.98072,0.99,0.97304,0.48,0.91696
5216,,0.09,0.91696,0.88,0.9884,1.0,0.98072,0.47,0.88928
5217,,0.055,0.88928,0.87,0.99608,1.0,0.9884,0.46,0.8616
5218,,0.02,0.8616,0.86,1.0,1.0,0.99608,0.45,0.83392
5219,,-0.015,0.83392,0.85,1.0,1.0,1.0,0.44,0.80624
5220,1,1.0,0.84124,0.84,0.97268,0.965,0.97268,0.43,0.81356
5221,,0.965,0.81356,0.83,0.98036,0.98,0.98036,0.42,0.78588
5222,,0.93,0.78588,0.82,0.98804,0.995,0.98804,0.41,0.7582
5223,,0.895,0.7582,0.81,0.99572,1.0,0.99572,0.4,0.73052
5224,,0.86,0.73052,0.8,1.0,1.0,1.0,0.39,0.70284
5225,,0.825,0.70284,0.79,1.0,1.0,1.0,0.38,0.67516
5226,,0.79,0.67516,0.78,1.0,1.0,1.0,0.37,0.64748
5227,,0.755,0.64748,0.77,1.0,1.0,1.0,0.36,0.6198
5228,,0.72,0.6198,0.76,1.0,1.0,1.0,0.35,0.59212
5229,,0.685,0.59212,0.75,1.0,1.0,1.0,0.34,0.56444
5230,,0.65,0.56444,0.74,1.0,1.0,1.0,0.33,0.53676
5231,,0.615,0.53676,0.73,1.0,1.0,1.0,0.32,0.50908
5232,,0.58,0.50908,0.72,1.0,1.0,1.0,0.31,0.4814
5233,,0.545,0.4814,0.71,1.0,1.0,1.0,0.3,0.45372
5234,,0.51,0.45372,0.7,1.0,1.0,1.0,0.29,0.42604
5235,,0.475,0.42604,0.69,1.0,1.0,1.0,0.28,0.39836
5236,,0.44,0.39836,0.68,1.0,1.0,1.0,0.27,0.37068
5237,,0.405,0.37068,0.67,1.0,1.0,1.0,0.26,0.343
5238,,0.37,0.343,0.66,1.0,1.0,1.0,0.25,0.31532
5239,,0.335,0.31532,0.65,1.0,1.0,1.0,0.24,0.28764
5240,,0.3,0.28764,0.64,1.0,1.0,1.0,0.23,0.25996
5241,,0.265,0.25996,0.63,1.0,1.0,1.0,0.22,0.23228
5242,,0.23,0.23228,0.62,1.0,1.0,1.0,0.21,0.2046
5243,,0.195,0.2046,0.61,1.0,1.0,1.0,0.2,0.17692
5244,,0.16,0.17692,0.6,1.0,1.0,1.0,0.19,0.14924
5245,,0.125,0.14924,0.59,1.0,1.0,1.0,0.18,0.12156
5246,,0.09,0.12156,0.58,1.0,1.0,1.0,0.17,0.09388
5247,,0.055,0.09388,0.57,1.0,1.0,1.0,0.16,0.0662
5248,,0.02,0.0662,0.56,1.0,1.0,1.0,0.15,0.03852
5249,,-0.015,0.03852,0.55,1.0,1.0,1.0,0.14,0.01084
5250,1,1.0,0.04584,0.54,0.97268,0.965,0.97268,0.13,0.01816
5251,,0.965,0.01816,0.53,0.98036,0.98,0.98036,0.12,-0.00952
5252,8,0.965,-0.00952,0.485,0.93804,0.96,0.98804,0.145,1.0
5253,2,0.965,1.0,0.51,0.94572,0.94,0.94572,0.1,0.97232
5254,,0.93,0.97232,0.5,0.9534,0.955,0.9534,0.09,0.94464
5255,,0.895,0.94464,0.49,0.96108,0.97,0.96108,0.08,0.91696
5256,,0.86,0.91696,0.48,0.96876,0.985,0.96876,0.07,0.88928
5257,,0.825,0.88928,0.47,0.97644,1.0,0.97644,0.06,0.8616
5258,,0.79,0.8616,0.46,0.98412,1.0,0.98412,0.05,0.83392
5259,,0.755,0.83392,0.45,0.9918,1.0,0.9918,0.04,0.80624
5260,,0.72,0.80624,0.44,0.99948,1.0,0.99948,0.03,0.77856
5261,,0.685,0.77856,0.43,1.0,1.0,1.0,0.02,0.75088
5262,,0.65,0.75088,0.42,1.0,1.0,1.0,0.01,0.7232
5263,,0.615,0.7232,0.41,1.0,1.0,1.0,-0.0,0.69552
5264,,0.58,0.69552,0.4,1.0,1.0,1.0,-0.01,0.66784
5265,7,0.545,0.63284,0.34,0.97268,1.0,1.0,1.0,0.67516
5266,,0.51,0.60516,0.33,0.98036,1.0,1.0,0.99,0.64748
5267,,0.475,0.57748,0.32,0.98804,1.0,1.0,0.98,0.6198
5268,,0.44,0.5498,0.31,0.99572,1.0,1.0,0.97,0.59212
5269,,0.405,0.52212,0.3,1.0,1.0,1.0,0.96,0.56444
5270,,0.37,0.49444,0.29,1.0,1.0,1.0,0.95,0.53676
5271,,0.335,0.46676,0.28,1.0,1.0,1.0,0.94,0.50908
5272,,0.3,0.43908,0.27,1.0,1.0,1.0,0.93,0.4814
5273,,0.265,0.4114,0.26,1.0,1.0,1.0,0.92,0.45372
5274,,0.23,0.38372,0.25,1.0,1.0,1.0,0.91,0.42604
5275,,0.195,0.35604,0.24,1.0,1.0,1.0,0.9,0.39836
5276,,0.16,0.32836,0.23,1.0,1.0,1.0,0.89,0.37068
5277,,0.125,0.30068,0.22,1.0,1.0,1.0,0.88,0.343
5278,,0.09,0.273,0.21,1.0,1.0,1.0,0.87,0.31532
5279,,0.055,0.24532,0.2,1.0,1.0,1.0,0.86,0.28764
5280,,0.02,0.21764,0.19,1.0,1.0,1.0,0.85,0.25996
5281,,-0.015,0.18996,0.18,1.0,1.0,1.0,0.84,0.23228
5282,1,1.0,0.19728,0.17,0.97268,0.965,0.97268,0.83,0.2396
5283,,0.965,0.1696,0.16,0.98036,0.98,0.98036,0.82,0.21192
5284,,0.93,0.14192,0.15,0.98804,0.995,0.98804,0.81,0.18424
5285,,0.895,0.11424,0.14,0.99572,1.0,0.99572,0.8,0.15656
5286,,0.86,0.08656,0.13,1.0,1.0,1.0,0.79,0.12888
5287,,0.825,0.05888,0.12,1.0,1.0,1.0,0.78,0.1012
5288,,0.79,0.0312,0.11,1.0,1.0,1.0,0.77,0.07352
5289,,0.755,0.00352,0.1,1.0,1.0,1.0,0.76,0.04584
5290,,0.72,-0.02416,0.09,1.0,1.0,1.0,0.75,0.01816
5291,2,0.72,1.0,0.115,1.0,0.98,0.95768,0.705,-0.00952
5292,8,0.72,0.97232,0.07,0.95768,0.96,0.96536,0.73,1.0
5293,,0.685,0.94464,0.06,0.96536,0.975,0.97304,0.72,0.97232
5294,,0.65,0.91696,0.05,0.97304,0.99,0.98072,0.71,0.94464
5295,,0.615,0.88928,0.04,0.98072,1.0,0.9884,0.7,0.91696
5296,,0.58,0.8616,0.03,0.9884,1.0,0.99608,0.69,0.88928
5297,,0.545,0.83392,0.02,0.99608,1.0,1.0,0.68,0.8616
5298,,0.51,0.80624,0.01,1.0,1.0,1.0,0.67,0.83392
5299,,0.475,0.77856,-0.0,1.0,1.0,1.0,0.66,0.80624
5300,,0.44,0.75088,-0.01,1.0,1.0,1.0,0.65,0.77856
5301,3,0.405,0.7582,1.0,1.0,1.0,0.97268,0.59,0.71588
5302,,0.37,0.73052,0.99,1.0,1.0,0.98036,0.58,0.6882
5303,,0.335,0.70284,0.98,1.0,1.0,0.98804,0.57,0.66052
5304,,0.3,0.67516,0.97,1.0,1.0,0.99572,0.56,0.63284
5305,,0.265,0.64748,0.96,1.0,1.0,1.0,0.55,0.60516
5306,,0.23,0.6198,0.95,1.0,1.0,1.0,0.54,0.57748
5307,,0.195,0.59212,0.94,1.0,1.0,1.0,0.53,0.5498
5308,,0.16,0.56444,0.93,1.0,1.0,1.0,0.52,0.52212
5309,,0.125,0.53676,0.92,1.0,1.0,1.0,0.51,0.49444
5310,,0.09,0.50908,0.91,1.0,1.0,1.0,0.5,0.46676
5311,,0.055,0.4814,0.9,1.0,1.0,1.0,0.49,0.43908
5312,,0.02,0.45372,0.89,1.0,1.0,1.0,0.48,0.4114
5313,,-0.015,0.42604,0.88,1.0,1.0,1.0,0.47,0.38372
5314,1,1.0,0.43336,0.87,0.97268,0.965,0.97268,0.46,0.39104
5315,,0.965,0.40568,0.86,0.98036,0.98,0.98036,0.45,0.36336
5316,,0.93,0.378,0.85,0.98804,0.995,0.98804,0.44,0.33568
5317,,0.895,0.35032,0.84,0.99572,1.0,0.99572,0.43,0.308
5318,,0.86,0.32264,0.83,1.0,1.0,1.0,0.42,0.28032
5319,,0.825,0.29496,0.82,1.0,1.0,1.0,0.41,0.25264
5320,,0.79,0.26728,0.81,1.0,1.0,1.0,0.4,0.22496
5321,,0.755,0.2396,0.8,1.0,1.0,1.0,0.39,0.19728
5322,,0.72,0.21192,0.79,1.0,1.0,1.0,0.38,0.1696
5323,,0.685,0.18424,0.78,1.0,1.0,1.0,0.37,0.14192
5324,,0.65,0.15656,0.77,1.0,1.0,1.0,0.36,0.11424
5325,,0.615,0.12888,0.76,1.0,1.0,1.0,0.35,0.08656
5326,,0.58,0.1012,0.75,1.0,1.0,1.0,0.34,0.05888
5327,,0.545,0.07352,0.74,1.0,1.0,1.0,0.33,0.0312
5328,,0.51,0.04584,0.73,1.0,1.0,1.0,0.32,0.00352
5329,,0.475,0.01816,0.72,1.0,1.0,1.0,0.31,-0.02416
5330,8,0.475,-0.00952,0.675,0.95768,0.98,1.0,0.335,1.0
5331,2,0.475,1.0,0.7,0.96536,0.96,0.95768,0.29,0.97232
5332,,0.44,0.97232,0.69,0.97304,0.975,0.96536,0.28,0.94464
5333,,0.405,0.94464,0.68,0.98072,0.99,0.97304,0.27,0.91696
5334,,0.37,0.91696,0.67,0.9884,1.0,0.98072,0.26,0.88928
5335,,0.335,0.88928,0.66,0.99608,1.0,0.9884,0.25,0.8616
5336,,0.3,0.8616,0.65,1.0,1.0,0.99608,0.24,0.83392
5337,,0.265,0.83392,0.64,1.0,1.0,1.0,0.23,0.80624
5338,,0.23,0.80624,0.63,1.0,1.0,1.0,0.22,0.77856
5339,,0.195,0.77856,0.62,1.0,1.0,1.0,0.21,0.75088
5340,,0.16,0.75088,0.61,1.0,1.0,1.0,0.2,0.7232
5341,,0.125,0.7232,0.6,1.0,1.0,1.0,0.19,0.69552
5342,,0.09,0.69552,0.59,1.0,1.0,1.0,0.18,0.66784
5343,,0.055,0.66784,0.58,1.0,1.0,1.0,0.17,0.64016
5344,,0.02,0.64016,0.57,1.0,1.0,1.0,0.16,0.61248
5345,,-0.015,0.61248,0.56,1.0,1.0,1.0,0.15,0.5848
5346,1,1.0,0.6198,0.55,0.97268,0.965,0.97268,0.14,0.59212
5347,,0.965,0.59212,0.54,0.98036,0.98,0.98036,0.13,0.56444
5348,,0.93,0.56444,0.53,0.98804,0.995,0.98804,0.12,0.53676
5349,,0.895,0.53676,0.52,0.99572,1.0,0.99572,0.11,0.50908
5350,,0.86,0.50908,0.51,1.0,1.0,1.0,0.1,0.4814
5351,,0.825,0.4814,0.5,1.0,1.0,1.0,0.09,0.45372
5352,,0.79,0.45372,0.49,1.0,1.0,1.0,0.08,0.42604
5353,,0.755,0.42604,0.48,1.0,1.0,1.0,0.07,0.39836
5354,,0.72,0.39836,0.47,1.0,1.0,1.0,0.06,0.37068
5355,,0.685,0.37068,0.46,1.0,1.0,1.0,0.05,0.343
5356,,0.65,0.343,0.45,1.0,1.0,1.0,0.04,0.31532
5357,,0.615,0.31532,0.44,1.0,1.0,1.0,0.03,0.28764
5358,,0.58,0.28764,0.43,1.0,1.0,1.0,0.02,0.25996
5359,,0.545,0.25996,0.42,1.0,1.0,1.0,0.01,0.23228
5360,,0.51,0.23228,0.41,1.0,1.0,1.0,-0.0,0.2046
5361,,0.475,0.2046,0.4,1.0,1.0,1.0,-0.01,0.17692
5362,7,0.44,0.14192,0.34,0.97268,1.0,1.0,1.0,0.18424
5363,,0.405,0.11424,0.33,0.98036,1.0,1.0,0.99,0.15656
5364,,0.37,0.08656,0.32,0.98804,1.0,1.0,0.98,0.12888
5365,,0.335,0.05888,0.31,0.99572,1.0,1.0,0.97,0.1012
5366,,0.3,0.0312,0.3,1.0,1.0,1.0,0.96,0.07352
5367,,0.265,0.00352,0.29,1.0,1.0,1.0,0.95,0.04584
5368,,0.23,-0.02416,0.28,1.0,1.0,1.0,0.94,0.01816
5369,2,0.23,1.0,0.305,1.0,0.98,0.95768,0.895,-0.00952
5370,8,0.23,0.97232,0.26,0.95768,0.96,0.96536,0.92,1.0
5371,,0.195,0.94464,0.25,0.96536,0.975,0.97304,0.91,0.97232
5372,,0.16,0.91696,0.24,0.97304,0.99,0.98072,0.9,0.94464
5373,,0.125,0.88928,0.23,0.98072,1.0,0.9884,0.89,0.91696
5374,,0.09,0.8616,0.22,0.9884,1.0,0.99608,0.88,0.88928
5375,,0.055,0.83392,0.21,0.99608,1.0,1.0,0.87,0.8616
5376,,0.02,0.80624,0.2,1.0,1.0,1.0,0.86,0.83392
5377,,-0.015,0.77856,0.19,1.0,1.0,1.0,0.85,0.80624
5378,1,1.0,0.78588,0.18,0.97268,0.965,0.97268,0.84,0.81356
5379,,0.965,0.7582,0.17,0.98036,0.98,0.98036,0.83,0.78588
5380,,0.93,0.73052,0.16,0.98804,0.995,0.98804,0.82,0.7582
5381,,0.895,0.70284,0.15,0.99572,1.0,0.99572,0.81,0.73052
5382,,0.86,0.67516,0.14,1.0,1.0,1.0,0.8,0.70284
5383,,0.825,0.64748,0.13,1.0,1.0,1.0,0.79,0.67516
5384,,0.79,0.6198,0.12,1.0,1.0,1.0,0.78,0.64748
5385,,0.755,0.59212,0.11,1.0,1.0,1.0,0.77,0.6198
5386,,0.72,0.56444,0.1,1.0,1.0,1.0,0.76,0.59212
5387,,0.685,0.53676,0.09,1.0,1.0,1.0,0.75,0.56444
5388,,0.65,0.50908,0.08,1.0,1.0,1.0,0.74,0.53676
5389,,0.615,0.4814,0.07,1.0,1.0,1.0,0.73,0.50908
5390,,0.58,0.45372,0.06,1.0,1.0,1.0,0.72,0.4814
5391,,0.545,0.42604,0.05,1.0,1.0,1.0,0.71,0.45372
5392,,0.51,0.39836,0.04,1.0,1.0,1.0,0.7,0.42604
5393,,0.475,0.37068,0.03,1.0,1.0,1.0,0.69,0.39836
5394,,0.44,0.343,0.02,1.0,1.0,1.0,0.68,0.37068
5395,,0.405,0.31532,0.01,1.0,1.0,1.0,0.67,0.343
5396,,0.37,0.28764,-0.0,1.0,1.0,1.0,0.66,0.31532
5397,,0.335,0.25996,-0.01,1.0,1.0,1.0,0.65,0.28764
5398,3,0.3,0.26728,1.0,1.0,1.0,0.97268,0.59,0.22496
5399,,0.265,0.2396,0.99,1.0,1.0,0.98036,0.58,0.19728
5400,,0.23,0.21192,0.98,1.0,1.0,0.98804,0.57,0.1696
5401,,0.195,0.18424,0.97,1.0,1.0,0.99572,0.56,0.14192
5402,,0.16,0.15656,0.96,1.0,1.0,1.0,0.55,0.11424
5403,,0.125,0.12888,0.95,1.0,1.0,1.0,0.54,0.08656
5404,,0.09,0.1012,0.94,1.0,1.0,1.0,0.53,0.05888
5405,,0.055,0.07352,0.93,1.0,1.0,1.0,0.52,0.0312
5406,,0.02,0.04584,0.92,1.0,1.0,1.0,0.51,0.00352
5407,,-0.015,0.01816,0.91,1.0,1.0,1.0,0.5,-0.02416
5408,8,-0.015,-0.00952,0.865,0.95768,0.98,1.0,0.525,1.0
5409,1,1.0,-0.0022,0.855,0.93036,0.945,0.97268,0.515,1.0
5410,2,1.0,1.0,0.88,0.93804,0.925,0.93036,0.47,0.97232
5411,,0.965,0.97232,0.87,0.94572,0.94,0.93804,0.46,0.94464
5412,,0.93,0.94464,0.86,0.9534,0.955,0.94572,0.45,0.91696
5413,,0.895,0.91696,0.85,0.96108,0.97,0.9534,0.44,0.88928
5414,,0.86,0.88928,0.84,0.96876,0.985,0.96108,0.43,0.8616
5415,,0.825,0.8616,0.83,0.97644,1.0,0.96876,0.42,0.83392
5416,,0.79,0.83392,0.82,0.98412,1.0,0.97644,0.41,0.80624
5417,,0.755,0.80624,0.81,0.9918,1.0,0.98412,0.4,0.77856
5418,,0.72,0.77856,0.8,0.99948,1.0,0.9918,0.39,0.75088
5419,,0.685,0.75088,0.79,1.0,1.0,0.99948,0.38,0.7232
5420,,0.65,0.7232,0.78,1.0,1.0,1.0,0.37,0.69552
5421,,0.615,0.69552,0.77,1.0,1.0,1.0,0.36,0.66784
5422,,0.58,0.66784,0.76,1.0,1.0,1.0,0.35,0.64016
5423,,0.545,0.64016,0.75,1.0,1.0,1.0,0.34,0.61248
5424,,0.51,0.61248,0.74,1.0,1.0,1.0,0.33,0.5848
5425,,0.475,0.5848,0.73,1.0,1.0,1.0,0.32,0.55712
5426,,0.44,0.55712,0.72,1.0,1.0,1.0,0.31,0.52944
5427,,0.405,0.52944,0.71,1.0,1.0,1.0,0.3,0.50176
5428,,0.37,0.50176,0.7,1.0,1.0,1.0,0.29,0.47408
5429,,0.335,0.47408,0.69,1.0,1.0,1.0,0.28,0.4464
5430,,0.3,0.4464,0.68,1.0,1.0,1.0,0.27,0.41872
5431,,0.265,0.41872,0.67,1.0,1.0,1.0,0.26,0.39104
5432,,0.23,0.39104,0.66,1.0,1.0,1.0,0.25,0.36336
5433,,0.195,0.36336,0.65,1.0,1.0,1.0,0.24,0.33568
5434,,0.16,0.33568,0.64,1.0,1.0,1.0,0.23,0.308
5435,,0.125,0.308,0.63,1.0,1.0,1.0,0.22,0.28032
5436,,0.09,0.28032,0.62,1.0,1.0,1.0,0.21,0.25264
5437,,0.055,0.25264,0.61,1.0,1.0,1.0,0.2,0.22496
5438,,0.02,0.22496,0.6,1.0,1.0,1.0,0.19,0.19728
5439,,-0.015,0.19728,0.59,1.0,1.0,1.0,0.18,0.1696
5440,1,1.0,0.2046,0.58,0.97268,0.965,0.97268,0.17,0.17692
5441,,0.965,0.17692,0.57,0.98036,0.98,0.98036,0.16,0.14924
5442,,0.93,0.14924,0.56,0.98804,0.995,0.98804,0.15,0.12156
5443,,0.895,0.12156,0.55,0.99572,1.0,0.99572,0.14,0.09388
5444,,0.86,0.09388,0.54,1.0,1.0,1.0,0.13,0.0662
5445,,0.825,0.0662,0.53,1.0,1.0,1.0,0.12,0.03852
5446,,0.79,0.03852,0.52,1.0,1.0,1.0,0.11,0.01084
5447,,0.755,0.01084,0.51,1.0,1.0,1.0,0.1,-0.01684
5448,8,0.755,-0.01684,0.465,0.95768,0.98,1.0,0.125,1.0
5449,2,0.755,1.0,0.49,0.96536,0.96,0.95768,0.08,0.97232
5450,,0.72,0.97232,0.48,0.97304,0.975,0.96536,0.07,0.94464
5451,,0.685,0.94464,0.47,0.98072,0.99,0.97304,0.06,0.91696
5452,,0.65,0.91696,0.46,0.9884,1.0,0.98072,0.05,0.88928
5453,,0.615,0.88928,0.45,0.99608,1.0,0.9884,0.04,0.8616
5454,,0.58,0.8616,0.44,1.0,1.0,0.99608,0.03,0.83392
5455,,0.545,0.83392,0.43,1.0,1.0,1.0,0.02,0.80624
5456,,0.51,0.80624,0.42,1.0,1.0,1.0,0.01,0.77856
5457,,0.475,0.77856,0.41,1.0,1.0,1.0,-0.0,0.75088
5458,,0.44,0.75088,0.4,1.0,1.0,1.0,-0.01,0.7232
5459,7,0.405,0.6882,0.34,0.97268,1.0,1.0,1.0,0.73052
5460,,0.37,0.66052,0.33,0.98036,1.0,1.0,0.99,0.70284
5461,,0.335,0.63284,0.32,0.98804,1.0,1.0,0.98,0.67516
5462,,0.3,0.60516,0.31,0.99572,1.0,1.0,0.97,0.64748
5463,,0.265,0.57748,0.3,1.0,1.0,1.0,0.96,0.6198
5464,,0.23,0.5498,0.29,1.0,1.0,1.0,0.95,0.59212
5465,,0.195,0.52212,0.28,1.0,1.0,1.0,0.94,0.56444
5466,,0.16,0.49444,0.27,1.0,1.0,1.0,0.93,0.53676
5467,,0.125,0.46676,0.26,1.0,1.0,1.0,0.92,0.50908
5468,,0.09,0.43908,0.25,1.0,1.0,1.0,0.91,0.4814
5469,,0.055,0.4114,0.24,1.0,1.0,1.0,0.9,0.45372
5470,,0.02,0.38372,0.23,1.0,1.0,1.0,0.89,0.42604
5471,,-0.015,0.35604,0.22,1.0,1.0,1.0,0.88,0.39836
5472,1,1.0,0.36336,0.21,0.97268,0.965,0.97268,0.87,0.40568
5473,,0.965,0.33568,0.2,0.98036,0.98,0.98036,0.86,0.378
5474,,0.93,0.308,0.19,0.98804,0.995,0.98804,0.85,0.35032
5475,,0.895,0.28032,0.18,0.99572,1.0,0.99572,0.84,0.32264
5476,,0.86,0.25264,0.17,1.0,1.0,1.0,0.83,0.29496
5477,,0.825,0.22496,0.16,1.0,1.0,1.0,0.82,0.26728
5478,,0.79,0.19728,0.15,1.0,1.0,1.0,0.81,0.2396
5479,,0.755,0.1696,0.14,1.0,1.0,1.0,0.8,0.21192
5480,,0.72,0.14192,0.13,1.0,1.0,1.0,0.79,0.18424
5481,,0.685,0.11424,0.12,1.0,1.0,1.0,0.78,0.15656
5482,,0.65,0.08656,0.11,1.0,1.0,1.0,0.77,0.12888
5483,,0.615,0.05888,0.1,1.0,1.0,1.0,0.76,0.1012
5484,,0.58,0.0312,0.09,1.0,1.0,1.0,0.75,0.07352
5485,,0.545,0.00352,0.08,1.0,1.0,1.0,0.74,0.04584
5486,,0.51,-0.02416,0.07,1.0,1.0,1.0,0.73,0.01816
5487,2,0.51,1.0,0.095,1.0,0.98,0.95768,0.685,-0.00952
5488,8,0.51,0.97232,0.05,0.95768,0.96,0.96536,0.71,1.0
5489,,0.475,0.94464,0.04,0.96536,0.975,0.97304,0.7,0.97232
5490,,0.44,0.91696,0.03,0.97304,0.99,0.98072,0.69,0.94464
5491,,0.405,0.88928,0.02,0.98072,1.0,0.9884,0.68,0.91696
5492,,0.37,0.8616,0.01,0.9884,1.0,0.99608,0.67,0.88928
5493,,0.335,0.83392,-0.0,0.99608,1.0,1.0,0.66,0.8616
5494,,0.3,0.80624,-0.01,1.0,1.0,1.0,0.65,0.83392
5495,3,0.265,0.81356,1.0,1.0,1.0,0.97268,0.59,0.77124
5496,,0.23,0.78588,0.99,1.0,1.0,0.98036,0.58,0.74356
5497,,0.195,0.7582,0.98,1.0,1.0,0.98804,0.57,0.71588
5498,,0.16,0.73052,0.97,1.0,1.0,0.99572,0.56,0.6882
5499,,0.125,0.70284,0.96,1.0,1.0,1.0,0.55,0.66052
5500,,0.09,0.67516,0.95,1.0,1.0,1.0,0.54,0.63284
5501,,0.055,0.64748,0.94,1.0,1.0,1.0,0.53,0.60516
5502,,0.02,0.6198,0.93,1.0,1.0,1.0,0.52,0.57748
5503,,-0.015,0.59212,0.92,1.0,1.0,1.0,0.51,0.5498
5504,1,1.0,0.59944,0.91,0.97268,0.965,0.97268,0.5,0.55712
5505,,0.965,0.57176,0.9,0.98036,0.98,0.98036,0.49,0.52944
5506,,0.93,0.54408,0.89,0.98804,0.995,0.98804,0.48,0.50176
5507,,0.895,0.5164,0.88,0.99572,1.0,0.99572,0.47,0.47408
5508,,0.86,0.48872,0.87,1.0,1.0,1.0,0.46,0.4464
5509,,0.825,0.46104,0.86,1.0,1.0,1.0,0.45,0.41872
5510,,0.79,0.43336,0.85,1.0,1.0,1.0,0.44,0.39104
5511,,0.755,0.40568,0.84,1.0,1.0,1.0,0.43,0.36336
5512,,0.72,0.378,0.83,1.0,1.0,1.0,0.42,0.33568
5513,,0.685,0.35032,0.82,1.0,1.0,1.0,0.41,0.308
5514,,0.65,0.32264,0.81,1.0,1.0,1.0,0.4,0.28032
5515,,0.615,0.29496,0.8,1.0,1.0,1.0,0.39,0.25264
5516,,0.58,0.26728,0.79,1.0,1.0,1.0,0.38,0.22496
5517,,0.545,0.2396,0.78,1.0,1.0,1.0,0.37,0.19728
5518,,0.51,0.21192,0.77,1.0,1.0,1.0,0.36,0.1696
5519,,0.475,0.18424,0.76,1.0,1.0,1.0,0.35,0.14192
5520,,0.44,0.15656,0.75,1.0,1.0,1.0,0.34,0.11424
5521,,0.405,0.12888,0.74,1.0,1.0,1.0,0.33,0.08656
5522,,0.37,0.1012,0.73,1.0,1.0,1.0,0.32,0.05888
5523,,0.335,0.07352,0.72,1.0,1.0,1.0,0.31,0.0312
5524,,0.3,0.04584,0.71,1.0,1.0,1.0,0.3,0.00352
5525,,0.265,0.01816,0.7,1.0,1.0,1.0,0.29,-0.02416
5526,8,0.265,-0.00952,0.655,0.95768,0.98,1.0,0.315,1.0
5527,2,0.265,1.0,0.68,0.96536,0.96,0.95768,0.27,0.97232
5528,,0.23,0.97232,0.67,0.97304,0.975,0.96536,0.26,0.94464
5529,,0.195,0.94464,0.66,0.98072,0.99,0.97304,0.25,0.91696
5530,,0.16,0.91696,0.65,0.9884,1.0,0.98072,0.24,0.88928
5531,,0.125,0.88928,0.64,0.99608,1.0,0.9884,0.23,0.8616
5532,,0.09,0.8616,0.63,1.0,1.0,0.99608,0.22,0.83392
5533,,0.055,0.83392,0.62,1.0,1.0,1.0,0.21,0.80624
5534,,0.02,0.80624,0.61,1.0,1.0,1.0,0.2,0.77856
5535,,-0.015,0.77856,0.6,1.0,1.0,1.0,0.19,0.75088
5536,1,1.0,0.78588,0.59,0.97268,0.965,0.97268,0.18,0.7582
5537,,0.965,0.7582,0.58,0.98036,0.98,0.98036,0.17,0.73052
5538,,0.93,0.73052,0.57,0.98804,0.995,0.98804,0.16,0.70284
5539,,0.895,0.70284,0.56,0.99572,1.0,0.99572,0.15,0.67516
5540,,0.86,0.67516,0.55,1.0,1.0,1.0,0.14,0.64748
5541,,0.825,0.64748,0.54,1.0,1.0,1.0,0.13,0.6198
5542,,0.79,0.6198,0.53,1.0,1.0,1.0,0.12,0.59212
5543,,0.755,0.59212,0.52,1.0,1.0,1.0,0.11,0.56444
5544,,0.72,0.56444,0.51,1.0,1.0,1.0,0.1,0.53676
5545,,0.685,0.53676,0.5,1.0,1.0,1.0,0.09,0.50908
5546,,0.65,0.50908,0.49,1.0,1.0,1.0,0.08,0.4814
5547,,0.615,0.4814,0.48,1.0,1.0,1.0,0.07,0.45372
5548,,0.58,0.45372,0.47,1.0,1.0,1.0,0.06,0.42604
5549,,0.545,0.42604,0.46,1.0,1.0,1.0,0.05,0.39836
5550,,0.51,0.39836,0.45,1.0,1.0,1.0,0.04,0.37068
5551,,0.475,0.37068,0.44,1.0,1.0,1.0,0.03,0.343
5552,,0.44,0.343,0.43,1.0,1.0,1.0,0.02,0.31532
5553,,0.405,0.31532,0.42,1.0,1.0,1.0,0.01,0.28764
5554,,0.37,0.28764,0.41,1.0,1.0,1.0,-0.0,0.25996
5555,,0.335,0.25996,0.4,1.0,1.0,1.0,-0.01,0.23228
5556,7,0.3,0.19728,0.34,0.97268,1.0,1.0,1.0,0.2396
5557,,0.265,0.1696,0.33,0.98036,1.0,1.0,0.99,0.21192
5558,,0.23,0.14192,0.32,0.98804,1.0,1.0,0.98,0.18424
5559,,0.195,0.11424,0.31,0.99572,1.0,1.0,0.97,0.15656
5560,,0.16,0.08656,0.3,1.0,1.0,1.0,0.96,0.12888
5561,,0.125,0.05888,0.29,1.0,1.0,1.0,0.95,0.1012
5562,,0.09,0.0312,0.28,1.0,1.0,1.0,0.94,0.07352
5563,,0.055,0.00352,0.27,1.0,1.0,1.0,0.93,0.04584
5564,,0.02,-0.02416,0.26,1.0,1.0,1.0,0.92,0.01816
5565,2,0.02,1.0,0.285,1.0,0.98,0.95768,0.875,-0.00952
5566,8,0.02,0.97232,0.24,0.95768,0.96,0.96536,0.9,1.0
5567,,-0.015,0.94464,0.23,0.96536,0.975,0.97304,0.89,0.97232
5568,1,1.0,0.95196,0.22,0.93804,0.94,0.94572,0.88,0.97964
5569,,0.965,0.92428,0.21,0.94572,0.955,0.9534,0.87,0.95196
5570,,0.93,0.8966,0.2,0.9534,0.97,0.96108,0.86,0.92428
5571,,0.895,0.86892,0.19,0.96108,0.985,0.96876,0.85,0.8966
5572,,0.86,0.84124,0.18,0.96876,1.0,0.97644,0.84,0.86892
5573,,0.825,0.81356,0.17,0.97644,1.0,0.98412,0.83,0.84124
5574,,0.79,0.78588,0.16,0.98412,1.0,0.9918,0.82,0.81356
5575,,0.755,0.7582,0.15,0.9918,1.0,0.99948,0.81,0.78588
5576,,0.72,0.73052,0.14,0.99948,1.0,1.0,0.8,0.7582
5577,,0.685,0.70284,0.13,1.0,1.0,1.0,0.79,0.73052
5578,,0.65,0.67516,0.12,1.0,1.0,1.0,0.78,0.70284
5579,,0.615,0.64748,0.11,1.0,1.0,1.0,0.77,0.67516
5580,,0.58,0.6198,0.1,1.0,1.0,1.0,0.76,0.64748
5581,,0.545,0.59212,0.09,1.0,1.0,1.0,0.75,0.6198
5582,,0.51,0.56444,0.08,1.0,1.0,1.0,0.74,0.59212
5583,,0.475,0.53676,0.07,1.0,1.0,1.0,0.73,0.56444
5584,,0.44,0.50908,0.06,1.0,1.0,1.0,0.72,0.53676
5585,,0.405,0.4814,0.05,1.0,1.0,1.0,0.71,0.50908
5586,,0.37,0.45372,0.04,1.0,1.0,1.0,0.7,0.4814
5587,,0.335,0.42604,0.03,1.0,1.0,1.0,0.69,0.45372
5588,,0.3,0.39836,0.02,1.0,1.0,1.0,0.68,0.42604
5589,,0.265,0.37068,0.01,1.0,1.0,1.0,0.67,0.39836
5590,,0.23,0.343,-0.0,1.0,1.0,1.0,0.66,0.37068
5591,,0.195,0.31532,-0.01,1.0,1.0,1.0,0.65,0.343
5592,3,0.16,0.32264,1.0,1.0,1.0,0.97268,0.59,0.28032
5593,,0.125,0.29496,0.99,1.0,1.0,0.98036,0.58,0.25264
5594,,0.09,0.26728,0.98,1.0,1.0,0.98804,0.57,0.22496
5595,,0.055,0.2396,0.97,1.0,1.0,0.99572,0.56,0.19728
5596,,0.02,0.21192,0.96,1.0,1.0,1.0,0.55,0.1696
5597,,-0.015,0.18424,0.95,1.0,1.0,1.0,0.54,0.14192
5598,1,1.0,0.19156,0.94,0.97268,0.965,0.97268,0.53,0.14924
5599,,0.965,0.16388,0.93,0.98036,0.98,0.98036,0.52,0.12156
5600,,0.93,0.1362,0.92,0.98804,0.995,0.98804,0.51,0.09388
5601,,0.895,0.10852,0.91,0.99572,1.0,0.99572,0.5,0.0662
5602,,0.86,0.08084,0.9,1.0,1.0,1.0,0.49,0.03852
5603,,0.825,0.05316,0.89,1.0,1.0,1.0,0.48,0.01084
5604,,0.79,0.02548,0.88,1.0,1.0,1.0,0.47,-0.01684
5605,8,0.79,-0.0022,0.835,0.95768,0.98,1.0,0.495,1.0
5606,2,0.79,1.0,0.86,0.96536,0.96,0.95768,0.45,0.97232
5607,,0.755,0.97232,0.85,0.97304,0.975,0.96536,0.44,0.94464
5608,,0.72,0.94464,0.84,0.98072,0.99,0.97304,0.43,0.91696
5609,,0.685,0.91696,0.83,0.9884,1.0,0.98072,0.42,0.88928
5610,,0.65,0.88928,0.82,0.99608,1.0,0.9884,0.41,0.8616
5611,,0.615,0.8616,0.81,1.0,1.0,0.99608,0.4,0.83392
5612,,0.58,0.83392,0.8,1.0,1.0,1.0,0.39,0.80624
5613,,0.545,0.80624,0.79,1.0,1.0,1.0,0.38,0.77856
5614,,0.51,0.77856,0.78,1.0,1.0,1.0,0.37,0.75088
5615,,0.475,0.75088,0.77,1.0,1.0,1.0,0.36,0.7232
5616,,0.44,0.7232,0.76,1.0,1.0,1.0,0.35,0.69552
5617,,0.405,0.69552,0.75,1.0,1.0,1.0,0.34,0.66784
5618,,0.37,0.66784,0.74,1.0,1.0,1.0,0.33,0.64016
5619,,0.335,0.64016,0.73,1.0,1.0,1.0,0.32,0.61248
5620,,0.3,0.61248,0.72,1.0,1.0,1.0,0.31,0.5848
5621,,0.265,0.5848,0.71,1.0,1.0,1.0,0.3,0.55712
5622,,0.23,0.55712,0.7,1.0,1.0,1.0,0.29,0.52944
5623,,0.195,0.52944,0.69,1.0,1.0,1.0,0.28,0.50176
5624,,0.16,0.50176,0.68,1.0,1.0,1.0,0.27,0.47408
5625,,0.125,0.47408,0.67,1.0,1.0,1.0,0.26,0.4464
5626,,0.09,0.4464,0.66,1.0,1.0,1.0,0.25,0.41872
5627,,0.055,0.41872,0.65,1.0,1.0,1.0,0.24,0.39104
5628,,0.02,0.39104,0.64,1.0,1.0,1.0,0.23,0.36336
5629,,-0.015,0.36336,0.63,1.0,1.0,1.0,0.22,0.33568
5630,1,1.0,0.37068,0.62,0.97268,0.965,0.97268,0.21,0.343
5631,,0.965,0.343,0.61,0.98036,0.98,0.98036,0.2,0.31532
5632,,0.93,0.31532,0.6,0.98804,0.995,0.98804,0.19,0.28764
5633,,0.895,0.28764,0.59,0.99572,1.0,0.99572,0.18,0.25996
5634,,0.86,0.25996,0.58,1.0,1.0,1.0,0.17,0.23228
5635,,0.825,0.23228,0.57,1.0,1.0,1.0,0.16,0.2046
5636,,0.79,0.2046,0.56,1.0,1.0,1.0,0.15,0.17692
5637,,0.755,0.17692,0.55,1.0,1.0,1.0,0.14,0.14924
5638,,0.72,0.14924,0.54,1.0,1.0,1.0,0.13,0.12156
5639,,0.685,0.12156,0.53,1.0,1.0,1.0,0.12,0.09388
5640,,0.65,0.09388,0.52,1.0,1.0,1.0,0.11,0.0662
5641,,0.615,0.0662,0.51,1.0,1.0,1.0,0.1,0.03852
5642,,0.58,0.03852,0.5,1.0,1.0,1.0,0.09,0.01084
5643,,0.545,0.01084,0.49,1.0,1.0,1.0,0.08,-0.01684
5644,8,0.545,-0.01684,0.445,0.95768,0.98,1.0,0.105,1.0
5645,2,0.545,1.0,0.47,0.96536,0.96,0.95768,0.06,0.97232
5646,,0.51,0.97232,0.46,0.97304,0.975,0.96536,0.05,0.94464
5647,,0.475,0.94464,0.45,0.98072,0.99,0.97304,0.04,0.91696
5648,,0.44,0.91696,0.44,0.9884,1.0,0.98072,0.03,0.88928
5649,,0.405,0.88928,0.43,0.99608,1.0,0.9884,0.02,0.8616
5650,,0.37,0.8616,0.42,1.0,1.0,0.99608,0.01,0.83392
5651,,0.335,0.83392,0.41,1.0,1.0,1.0,-0.0,0.80624
5652,,0.3,0.80624,0.4,1.0,1.0,1.0,-0.01,0.77856
5653,7,0.265,0.74356,0.34,0.97268,1.0,1.0,1.0,0.78588
5654,,0.23,0.71588,0.33,0.98036,1.0,1.0,0.99,0.7582
5655,,0.195,0.6882,0.32,0.98804,1.0,1.0,0.98,0.73052
5656,,0.16,0.66052,0.31,0.99572,1.0,1.0,0.97,0.70284
5657,,0.125,0.63284,0.3,1.0,1.0,1.0,0.96,0.67516
5658,,0.09,0.60516,0.29,1.0,1.0,1.0,0.95,0.64748
5659,,0.055,0.57748,0.28,1.0,1.0,1.0,0.94,0.6198
5660,,0.02,0.5498,0.27,1.0,1.0,1.0,0.93,0.59212
5661,,-0.015,0.52212,0.26,1.0,1.0,1.0,0.92,0.56444
5662,1,1.0,0.52944,0.25,0.97268,0.965,0.97268,0.91,0.57176
5663,,0.965,0.50176,0.24,0.98036,0.98,0.98036,0.9,0.54408
5664,,0.93,0.47408,0.23,0.98804,0.995,0.98804,0.89,0.5164
5665,,0.895,0.4464,0.22,0.99572,1.0,0.99572,0.88,0.48872
5666,,0.86,0.41872,0.21,1.0,1.0,1.0,0.87,0.46104
5667,,0.825,0.39104,0.2,1.0,1.0,1.0,0.86,0.43336
5668,,0.79,0.36336,0.19,1.0,1.0,1.0,0.85,0.40568
5669,,0.755,0.33568,0.18,1.0,1.0,1.0,0.84,0.378
5670,,0.72,0.308,0.17,1.0,1.0,1.0,0.83,0.35032
5671,,0.685,0.28032,0.16,1.0,1.0,1.0,0.82,0.32264
5672,,0.65,0.25264,0.15,1.0,1.0,1.0,0.81,0.29496
5673,,0.615,0.22496,0.14,1.0,1.0,1.0,0.8,0.26728
5674,,0.58,0.19728,0.13,1.0,1.0,1.0,0.79,0.2396
5675,,0.545,0.1696,0.12,1.0,1.0,1.0,0.78,0.21192
5676,,0.51,0.14192,0.11,1.0,1.0,1.0,0.77,0.18424
5677,,0.475,0.11424,0.1,1.0,1.0,1.0,0.76,0.15656
5678,,0.44,0.08656,0.09,1.0,1.0,1.0,0.75,0.12888
5679,,0.405,0.05888,0.08,1.0,1.0,1.0,0.74,0.1012
5680,,0.37,0.0312,0.07,1.0,1.0,1.0,0.73,0.07352
5681,,0.335,0.00352,0.06,1.0,1.0,1.0,0.72,0.04584
5682,,0.3,-0.02416,0.05,1.0,1.0,1.0,0.71,0.01816
5683,2,0.3,1.0,0.075,1.0,0.98,0.95768,0.665,-0.00952
5684,8,0.3,0.97232,0.03,0.95768,0.96,0.96536,0.69,1.0
5685,,0.265,0.94464,0.02,0.96536,0.975,0.97304,0.68,0.97232
5686,,0.23,0.91696,0.01,0.97304,0.99,0.98072,0.67,0.94464
5687,,0.195,0.88928,-0.0,0.98072,1.0,0.9884,0.66,0.91696
5688,,0.16,0.8616,-0.01,0.9884,1.0,0.99608,0.65,0.88928
5689,3,0.125,0.86892,1.0,1.0,1.0,0.96876,0.59,0.8266
5690,,0.09,0.84124,0.99,1.0,1.0,0.97644,0.58,0.79892
5691,,0.055,0.81356,0.98,1.0,1.0,0.98412,0.57,0.77124
5692,,0.02,0.78588,0.97,1.0,1.0,0.9918,0.56,0.74356
5693,,-0.015,0.7582,0.96,1.0,1.0,0.99948,0.55,0.71588
5694,1,1.0,0.76552,0.95,0.97268,0.965,0.97216,0.54,0.7232
5695,,0.965,0.73784,0.94,0.98036,0.98,0.97984,0.53,0.69552
5696,,0.93,0.71016,0.93,0.98804,0.995,0.98752,0.52,0.66784
5697,,0.895,0.68248,0.92,0.99572,1.0,0.9952,0.51,0.64016
5698,,0.86,0.6548,0.91,1.0,1.0,1.0,0.5,0.61248
5699,,0.825,0.62712,0.9,1.0,1.0,1.0,0.49,0.5848
5700,,0.79,0.59944,0.89,1.0,1.0,1.0,0.48,0.55712
5701,,0.755,0.57176,0.88,1.0,1.0,1.0,0.47,0.52944
5702,,0.72,0.54408,0.87,1.0,1.0,1.0,0.46,0.50176
5703,,0.685,0.5164,0.86,1.0,1.0,1.0,0.45,0.47408
5704,,0.65,0.48872,0.85,1.0,1.0,1.0,0.44,0.4464
5705,,0.615,0.46104,0.84,1.0,1.0,1.0,0.43,0.41872
5706,,0.58,0.43336,0.83,1.0,1.0,1.0,0.42,0.39104
5707,,0.545,0.40568,0.82,1.0,1.0,1.0,0.41,0.36336
5708,,0.51,0.378,0.81,1.0,1.0,1.0,0.4,0.33568
5709,,0.475,0.35032,0.8,1.0,1.0,1.0,0.39,0.308
5710,,0.44,0.32264,0.79,1.0,1.0,1.0,0.38,0.28032
5711,,0.405,0.29496,0.78,1.0,1.0,1.0,0.37,0.25264
5712,,0.37,0.26728,0.77,1.0,1.0,1.0,0.36,0.22496
5713,,0.335,0.2396,0.76,1.0,1.0,1.0,0.35,0.19728
5714,,0.3,0.21192,0.75,1.0,1.0,1.0,0.34,0.1696
5715,,0.265,0.18424,0.74,1.0,1.0,1.0,0.33,0.14192
5716,,0.23,0.15656,0.73,1.0,1.0,1.0,0.32,0.11424
5717,,0.195,0.12888,0.72,1.0,1.0,1.0,0.31,0.08656
5718,,0.16,0.1012,0.71,1.0,1.0,1.0,0.3,0.05888
5719,,0.125,0.07352,0.7,1.0,1.0,1.0,0.29,0.0312
5720,,0.09,0.04584,0.69,1.0,1.0,1.0,0.28,0.00352
5721,,0.055,0.01816,0.68,1.0,1.0,1.0,0.27,-0.02416
5722,8,0.055,-0.00952,0.635,0.95768,0.98,1.0,0.295,1.0
5723,2,0.055,1.0,0.66,0.96536,0.96,0.95768,0.25,0.97232
5724,,0.02,0.97232,0.65,0.97304,0.975,0.96536,0.24,0.94464
5725,,-0.015,0.94464,0.64,0.98072,0.99,0.97304,0.23,0.91696
5726,1,1.0,0.95196,0.63,0.9534,0.955,0.94572,0.22,0.92428
5727,,0.965,0.92428,0.62,0.96108,0.97,0.9534,0.21,0.8966
5728,,0.93,0.8966,0.61,0.96876,0.985,0.96108,0.2,0.86892
5729,,0.895,0.86892,0.6,0.97644,1.0,0.96876,0.19,0.84124
5730,,0.86,0.84124,0.59,0.98412,1.0,0.97644,0.18,0.81356
5731,,0.825,0.81356,0.58,0.9918,1.0,0.98412,0.17,0.78588
5732,,0.79,0.78588,0.57,0.99948,1.0,0.9918,0.16,0.7582
5733,,0.755,0.7582,0.56,1.0,1.0,0.99948,0.15,0.73052
5734,,0.72,0.73052,0.55,1.0,1.0,1.0,0.14,0.70284
5735,,0.685,0.70284,0.54,1.0,1.0,1.0,0.13,0.67516
5736,,0.65,0.67516,0.53,1.0,1.0,1.0,0.12,0.64748
5737,,0.615,0.64748,0.52,1.0,1.0,1.0,0.11,0.6198
5738,,0.58,0.6198,0.51,1.0,1.0,1.0,0.1,0.59212
5739,,0.545,0.59212,0.5,1.0,1.0,1.0,0.09,0.56444
5740,,0.51,0.56444,0.49,1.0,1.0,1.0,0.08,0.53676
5741,,0.475,0.53676,0.48,1.0,1.0,1.0,0.07,0.50908
5742,,0.44,0.50908,0.47,1.0,1.0,1.0,0.06,0.4814
5743,,0.405,0.4814,0.46,1.0,1.0,1.0,0.05,0.45372
5744,,0.37,0.45372,0.45,1.0,1.0,1.0,0.04,0.42604
5745,,0.335,0.42604,0.44,1.0,1.0,1.0,0.03,0.39836
5746,,0.3,0.39836,0.43,1.0,1.0,1.0,0.02,0.37068
5747,,0.265,0.37068,0.42,1.0,1.0,1.0,0.01,0.343
5748,,0.23,0.343,0.41,1.0,1.0,1.0,-0.0,0.31532
5749,,0.195,0.31532,0.4,1.0,1.0,1.0,-0.01,0.28764
5750,7,0.16,0.25264,0.34,0.97268,1.0,1.0,1.0,0.29496
5751,,0.125,0.22496,0.33,0.98036,1.0,1.0,0.99,0.26728
5752,,0.09,0.19728,0.32,0.98804,1.0,1.0,0.98,0.2396
5753,,0.055,0.1696,0.31,0.99572,1.0,1.0,0.97,0.21192
5754,,0.02,0.14192,0.3,1.0,1.0,1.0,0.96,0.18424
5755,,-0.015,0.11424,0.29,1.0,1.0,1.0,0.95,0.15656
5756,1,1.0,0.12156,0.28,0.97268,0.965,0.97268,0.94,0.16388
5757,,0.965,0.09388,0.27,0.98036,0.98,0.98036,0.93,0.1362
5758,,0.93,0.0662,0.26,0.98804,0.995,0.98804,0.92,0.10852
5759,,0.895,0.03852,0.25,0.99572,1.0,0.99572,0.91,0.08084
5760,,0.86,0.01084,0.24,1.0,1.0,1.0,0.9,0.05316
5761,,0.825,-0.01684,0.23,1.0,1.0,1.0,0.89,0.02548
5762,2,0.825,1.0,0.255,1.0,0.98,0.95768,0.845,-0.0022
5763,8,0.825,0.97232,0.21,0.95768,0.96,0.96536,0.87,1.0
5764,,0.79,0.94464,0.2,0.96536,0.975,0.97304,0.86,0.97232
5765,,0.755,0.91696,0.19,0.97304,0.99,0.98072,0.85,0.94464
5766,,0.72,0.88928,0.18,0.98072,1.0,0.9884,0.84,0.91696
5767,,0.685,0.8616,0.17,0.9884,1.0,0.99608,0.83,0.88928
5768,,0.65,0.83392,0.16,0.99608,1.0,1.0,0.82,0.8616
5769,,0.615,0.80624,0.15,1.0,1.0,1.0,0.81,0.83392
5770,,0.58,0.77856,0.14,1.0,1.0,1.0,0.8,0.80624
5771,,0.545,0.75088,0.13,1.0,1.0,1.0,0.79,0.77856
5772,,0.51,0.7232,0.12,1.0,1.0,1.0,0.78,0.75088
5773,,0.475,0.69552,0.11,1.0,1.0,1.0,0.77,0.7232
5774,,0.44,0.66784,0.1,1.0,1.0,1.0,0.76,0.69552
5775,,0.405,0.64016,0.09,1.0,1.0,1.0,0.75,0.66784
5776,,0.37,0.61248,0.08,1.0,1.0,1.0,0.74,0.64016
5777,,0.335,0.5848,0.07,1.0,1.0,1.0,0.73,0.61248
5778,,0.3,0.55712,0.06,1.0,1.0,1.0,0.72,0.5848
5779,,0.265,0.52944,0.05,1.0,1.0,1.0,0.71,0.55712
5780,,0.23,0.50176,0.04,1.0,1.0,1.0,0.7,0.52944
5781,,0.195,0.47408,0.03,1.0,1.0,1.0,0.69,0.50176
5782,,0.16,0.4464,0.02,1.0,1.0,1.0,0.68,0.47408
5783,,0.125,0.41872,0.01,1.0,1.0,1.0,0.67,0.4464
5784,,0.09,0.39104,-0.0,1.0,1.0,1.0,0.66,0.41872
5785,,0.055,0.36336,-0.01,1.0,1.0,1.0,0.65,0.39104
5786,3,0.02,0.37068,1.0,1.0,1.0,0.97268,0.59,0.32836
5787,,-0.015,0.343,0.99,1.0,1.0,0.98036,0.58,0.30068
5788,1,1.0,0.35032,0.98,0.97268,0.965,0.95304,0.57,0.308
5789,,0.965,0.32264,0.97,0.98036,0.98,0.96072,0.56,0.28032
5790,,0.93,0.29496,0.96,0.98804,0.995,0.9684,0.55,0.25264
5791,,0.895,0.26728,0.95,0.99572,1.0,0.97608,0.54,0.22496
5792,,0.86,0.2396,0.94,1.0,1.0,0.98376,0.53,0.19728
5793,,0.825,0.21192,0.93,1.0,1.0,0.99144,0.52,0.1696
5794,,0.79,0.18424,0.92,1.0,1.0,0.99912,0.51,0.14192
5795,,0.755,0.15656,0.91,1.0,1.0,1.0,0.5,0.11424
5796,,0.72,0.12888,0.9,1.0,1.0,1.0,0.49,0.08656
5797,,0.685,0.1012,0.89,1.0,1.0,1.0,0.48,0.05888
5798,,0.65,0.07352,0.88,1.0,1.0,1.0,0.47,0.0312
5799,,0.615,0.04584,0.87,1.0,1.0,1.0,0.46,0.00352
5800,,0.58,0.01816,0.86,1.0,1.0,1.0,0.45,-0.02416
5801,8,0.58,-0.00952,0.815,0.95768,0.98,1.0,0.475,1.0
5802,2,0.58,1.0,0.84,0.96536,0.96,0.95768,0.43,0.97232
5803,,0.545,0.97232,0.83,0.97304,0.975,0.96536,0.42,0.94464
5804,,0.51,0.94464,0.82,0.98072,0.99,0.97304,0.41,0.91696
5805,,0.475,0.91696,0.81,0.9884,1.0,0.98072,0.4,0.88928
5806,,0.44,0.88928,0.8,0.99608,1.0,0.9884,0.39,0.8616
5807,,0.405,0.8616,0.79,1.0,1.0,0.99608,0.38,0.83392
5808,,0.37,0.83392,0.78,1.0,1.0,1.0,0.37,0.80624
5809,,0.335,0.80624,0.77,1.0,1.0,1.0,0.36,0.77856
5810,,0.3,0.77856,0.76,1.0,1.0,1.0,0.35,0.75088
5811,,0.265,0.75088,0.75,1.0,1.0,1.0,0.34,0.7232
5812,,0.23,0.7232,0.74,1.0,1.0,1.0,0.33,0.69552
5813,,0.195,0.69552,0.73,1.0,1.0,1.0,0.32,0.66784
5814,,0.16,0.66784,0.72,1.0,1.0,1.0,0.31,0.64016
5815,,0.125,0.64016,0.71,1.0,1.0,1.0,0.3,0.61248
5816,,0.09,0.61248,0.7,1.0,1.0,1.0,0.29,0.5848
5817,,0.055,0.5848,0.69,1.0,1.0,1.0,0.28,0.55712
5818,,0.02,0.55712,0.68,1.0,1.0,1.0,0.27,0.52944
5819,,-0.015,0.52944,0.67,1.0,1.0,1.0,0.26,0.50176
5820,1,1.0,0.53676,0.66,0.97268,0.965,0.97268,0.25,0.50908
5821,,0.965,0.50908,0.65,0.98036,0.98,0.98036,0.24,0.4814
5822,,0.93,0.4814,0.64,0.98804,0.995,0.98804,0.23,0.45372
5823,,0.895,0.45372,0.63,0.99572,1.0,0.99572,0.22,0.42604
5824,,0.86,0.42604,0.62,1.0,1.0,1.0,0.21,0.39836
5825,,0.825,0.39836,0.61,1.0,1.0,1.0,0.2,0.37068
5826,,0.79,0.37068,0.6,1.0,1.0,1.0,0.19,0.343
5827,,0.755,0.343,0.59,1.0,1.0,1.0,0.18,0.31532
5828,,0.72,0.31532,0.58,1.0,1.0,1.0,0.17,0.28764
5829,,0.685,0.28764,0.57,1.0,1.0,1.0,0.16,0.25996
5830,,0.65,0.25996,0.56,1.0,1.0,1.0,0.15,0.23228
5831,,0.615,0.23228,0.55,1.0,1.0,1.0,0.14,0.2046
5832,,0.58,0.2046,0.54,1.0,1.0,1.0,0.13,0.17692
5833,,0.545,0.17692,0.53,1.0,1.0,1.0,0.12,0.14924
5834,,0.51,0.14924,0.52,1.0,1.0,1.0,0.11,0.12156
5835,,0.475,0.12156,0.51,1.0,1.0,1.0,0.1,0.09388
5836,,0.44,0.09388,0.5,1.0,1.0,1.0,0.09,0.0662
5837,,0.405,0.0662,0.49,1.0,1.0,1.0,0.08,0.03852
5838,,0.37,0.03852,0.48,1.0,1.0,1.0,0.07,0.01084
5839,,0.335,0.01084,0.47,1.0,1.0,1.0,0.06,-0.01684
5840,8,0.335,-0.01684,0.425,0.95768,0.98,1.0,0.085,1.0
5841,2,0.335,1.0,0.45,0.96536,0.96,0.95768,0.04,0.97232
5842,,0.3,0.97232,0.44,0.97304,0.975,0.96536,0.03,0.94464
5843,,0.265,0.94464,0.43,0.98072,0.99,0.97304,0.02,0.91696
5844,,0.23,0.91696,0.42,0.9884,1.0,0.98072,0.01,0.88928
5845,,0.195,0.88928,0.41,0.99608,1.0,0.9884,-0.0,0.8616
5846,,0.16,0.8616,0.4,1.0,1.0,0.99608,-0.01,0.83392
5847,7,0.125,0.79892,0.34,0.97268,1.0,1.0,1.0,0.84124
5848,,0.09,0.77124,0.33,0.98036,1.0,1.0,0.99,0.81356
5849,,0.055,0.74356,0.32,0.98804,1.0,1.0,0.98,0.78588
5850,,0.02,0.71588,0.31,0.99572,1.0,1.0,0.97,0.7582
5851,,-0.015,0.6882,0.3,1.0,1.0,1.0,0.96,0.73052
5852,1,1.0,0.69552,0.29,0.97268,0.965,0.97268,0.95,0.73784
5853,,0.965,0.66784,0.28,0.98036,0.98,0.98036,0.94,0.71016
5854,,0.93,0.64016,0.27,0.98804,0.995,0.98804,0.93,0.68248
5855,,0.895,0.61248,0.26,0.99572,1.0,0.99572,0.92,0.6548
5856,,0.86,0.5848,0.25,1.0,1.0,1.0,0.91,0.62712
5857,,0.825,0.55712,0.24,1.0,1.0,1.0,0.9,0.59944
5858,,0.79,0.52944,0.23,1.0,1.0,1.0,0.89,0.57176
5859,,0.755,0.50176,0.22,1.0,1.0,1.0,0.88,0.54408
5860,,0.72,0.47408,0.21,1.0,1.0,1.0,0.87,0.5164
5861,,0.685,0.4464,0.2,1.0,1.0,1.0,0.86,0.48872
5862,,0.65,0.41872,0.19,1.0,1.0,1.0,0.85,0.46104
5863,,0.615,0.39104,0.18,1.0,1.0,1.0,0.84,0.43336
5864,,0.58,0.36336,0.17,1.0,1.0,1.0,0.83,0.40568
5865,,0.545,0.33568,0.16,1.0,1.0,1.0,0.82,0.378
5866,,0.51,0.308,0.15,1.0,1.0,1.0,0.81,0.35032
5867,,0.475,0.28032,0.14,1.0,1.0,1.0,0.8,0.32264
5868,,0.44,0.25264,0.13,1.0,1.0,1.0,0.79,0.29496
5869,,0.405,0.22496,0.12,1.0,1.0,1.0,0.78,0.26728
5870,,0.37,0.19728,0.11,1.0,1.0,1.0,0.77,0.2396
5871,,0.335,0.1696,0.1,1.0,1.0,1.0,0.76,0.21192
5872,,0.3,0.14192,0.09,1.0,1.0,1.0,0.75,0.18424
5873,,0.265,0.11424,0.08,1.0,1.0,1.0,0.74,0.15656
5874,,0.23,0.08656,0.07,1.0,1.0,1.0,0.73,0.12888
5875,,0.195,0.05888,0.06,1.0,1.0,1.0,0.72,0.1012
5876,,0.16,0.0312,0.05,1.0,1.0,1.0,0.71,0.07352
5877,,0.125,0.00352,0.04,1.0,1.0,1.0,0.7,0.04584
5878,,0.09,-0.02416,0.03,1.0,1.0,1.0,0.69,0.01816
5879,2,0.09,1.0,0.055,1.0,0.98,0.95768,0.645,-0.00952
5880,8,0.09,0.97232,0.01,0.95768,0.96,0.96536,0.67,1.0
5881,,0.055,0.94464,-0.0,0.96536,0.975,0.97304,0.66,0.97232
5882,,0.02,0.91696,-0.01,0.97304,0.99,0.98072,0.65,0.94464
5883,3,-0.015,0.92428,1.0,1.0,1.0,0.9534,0.59,0.88196
5884,1,1.0,0.9316,0.99,0.97268,0.965,0.92608,0.58,0.88928
5885,,0.965,0.90392,0.98,0.98036,0.98,0.93376,0.57,0.8616
5886,,0.93,0.87624,0.97,0.98804,0.995,0.94144,0.56,0.83392
5887,,0.895,0.84856,0.96,0.99572,1.0,0.94912,0.55,0.80624
5888,,0.86,0.82088,0.95,1.0,1.0,0.9568,0.54,0.77856
5889,,0.825,0.7932,0.94,1.0,1.0,0.96448,0.53,0.75088
5890,,0.79,0.76552,0.93,1.0,1.0,0.97216,0.52,0.7232
5891,,0.755,0.73784,0.92,1.0,1.0,0.97984,0.51,0.69552
5892,,0.72,0.71016,0.91,1.0,1.0,0.98752,0.5,0.66784
5893,,0.685,0.68248,0.9,1.0,1.0,0.9952,0.49,0.64016
5894,,0.65,0.6548,0.89,1.0,1.0,1.0,0.48,0.61248
5895,,0.615,0.62712,0.88,1.0,1.0,1.0,0.47,0.5848
5896,,0.58,0.59944,0.87,1.0,1.0,1.0,0.46,0.55712
5897,,0.545,0.57176,0.86,1.0,1.0,1.0,0.45,0.52944
5898,,0.51,0.54408,0.85,1.0,1.0,1.0,0.44,0.50176
5899,,0.475,0.5164,0.84,1.0,1.0,1.0,0.43,0.47408
5900,,0.44,0.48872,0.83,1.0,1.0,1.0,0.42,0.4464
5901,,0.405,0.46104,0.82,1.0,1.0,1.0,0.41,0.41872
5902,,0.37,0.43336,0.81,1.0,1.0,1.0,0.4,0.39104
5903,,0.335,0.40568,0.8,1.0,1.0,1.0,0.39,0.36336
5904,,0.3,0.378,0.79,1.0,1.0,1.0,0.38,0.33568
5905,,0.265,0.35032,0.78,1.0,1.0,1.0,0.37,0.308
5906,,0.23,0.32264,0.77,1.0,1.0,1.0,0.36,0.28032
5907,,0.195,0.29496,0.76,1.0,1.0,1.0,0.35,0.25264
5908,,0.16,0.26728,0.75,1.0,1.0,1.0,0.34,0.22496
5909,,0.125,0.2396,0.74,1.0,1.0,1.0,0.33,0.19728
5910,,0.09,0.21192,0.73,1.0,1.0,1.0,0.32,0.1696
5911,,0.055,0.18424,0.72,1.0,1.0,1.0,0.31,0.14192
5912,,0.02,0.15656,0.71,1.0,1.0,1.0,0.3,0.11424
5913,,-0.015,0.12888,0.7,1.0,1.0,1.0,0.29,0.08656
5914,1,1.0,0.1362,0.69,0.97268,0.965,0.97268,0.28,0.09388
5915,,0.965,0.10852,0.68,0.98036,0.98,0.98036,0.27,0.0662
5916,,0.93,0.08084,0.67,0.98804,0.995,0.98804,0.26,0.03852
5917,,0.895,0.05316,0.66,0.99572,1.0,0.99572,0.25,0.01084
5918,,0.86,0.02548,0.65,1.0,1.0,1.0,0.24,-0.01684
5919,8,0.86,-0.0022,0.605,0.95768,0.98,1.0,0.265,1.0
5920,2,0.86,1.0,0.63,0.96536,0.96,0.95768,0.22,0.97232
5921,,0.825,0.97232,0.62,0.97304,0.975,0.96536,0.21,0.94464
5922,,0.79,0.94464,0.61,0.98072,0.99,0.97304,0.2,0.91696
5923,,0.755,0.91696,0.6,0.9884,1.0,0.98072,0.19,0.88928
5924,,0.72,0.88928,0.59,0.99608,1.0,0.9884,0.18,0.8616
5925,,0.685,0.8616,0.58,1.0,1.0,0.99608,0.17,0.83392
5926,,0.65,0.83392,0.57,1.0,1.0,1.0,0.16,0.80624
5927,,0.615,0.80624,0.56,1.0,1.0,1.0,0.15,0.77856
5928,,0.58,0.77856,0.55,1.0,1.0,1.0,0.14,0.75088
5929,,0.545,0.75088,0.54,1.0,1.0,1.0,0.13,0.7232
5930,,0.51,0.7232,0.53,1.0,1.0,1.0,0.12,0.69552
5931,,0.475,0.69552,0.52,1.0,1.0,1.0,0.11,0.66784
5932,,0.44,0.66784,0.51,1.0,1.0,1.0,0.1,0.64016
5933,,0.405,0.64016,0.5,1.0,1.0,1.0,0.09,0.61248
5934,,0.37,0.61248,0.49,1.0,1.0,1.0,0.08,0.5848
5935,,0.335,0.5848,0.48,1.0,1.0,1.0,0.07,0.55712
5936,,0.3,0.55712,0.47,1.0,1.0,1.0,0.06,0.52944
5937,,0.265,0.52944,0.46,1.0,1.0,1.0,0.05,0.50176
5938,,0.23,0.50176,0.45,1.0,1.0,1.0,0.04,0.47408
5939,,0.195,0.47408,0.44,1.0,1.0,1.0,0.03,0.4464
5940,,0.16,0.4464,0.43,1.0,1.0,1.0,0.02,0.41872
5941,,0.125,0.41872,0.42,1.0,1.0,1.0,0.01,0.39104
5942,,0.09,0.39104,0.41,1.0,1.0,1.0,-0.0,0.36336
5943,,0.055,0.36336,0.4,1.0,1.0,1.0,-0.01,0.33568
5944,7,0.02,0.30068,0.34,0.97268,1.0,1.0,1.0,0.343
5945,,-0.015,0.273,0.33,0.98036,1.0,1.0,0.99,0.31532
5946,1,1.0,0.28032,0.32,0.95304,0.965,0.97268,0.98,0.32264
5947,,0.965,0.25264,0.31,0.96072,0.98,0.98036,0.97,0.29496
5948,,0.93,0.22496,0.3,0.9684,0.995,0.98804,0.96,0.26728
5949,,0.895,0.19728,0.29,0.97608,1.0,0.99572,0.95,0.2396
5950,,0.86,0.1696,0.28,0.98376,1.0,1.0,0.94,0.21192
5951,,0.825,0.14192,0.27,0.99144,1.0,1.0,0.93,0.18424
5952,,0.79,0.11424,0.26,0.99912,1.0,1.0,0.92,0.15656
5953,,0.755,0.08656,0.25,1.0,1.0,1.0,0.91,0.12888
5954,,0.72,0.05888,0.24,1.0,1.0,1.0,0.9,0.1012
5955,,0.685,0.0312,0.23,1.0,1.0,1.0,0.89,0.07352
5956,,0.65,0.00352,0.22,1.0,1.0,1.0,0.88,0.04584
5957,,0.615,-0.02416,0.21,1.0,1.0,1.0,0.87,0.01816
5958,2,0.615,1.0,0.235,1.0,0.98,0.95768,0.825,-0.00952
5959,8,0.615,0.97232,0.19,0.95768,0.96,0.96536,0.85,1.0
5960,,0.58,0.94464,0.18,0.96536,0.975,0.97304,0.84,0.97232
5961,,0.545,0.91696,0.17,0.97304,0.99,0.98072,0.83,0.94464
5962,,0.51,0.88928,0.16,0.98072,1.0,0.9884,0.82,0.91696
5963,,0.475,0.8616,0.15,0.9884,1.0,0.99608,0.81,0.88928
5964,,0.44,0.83392,0.14,0.99608,1.0,1.0,0.8,0.8616
5965,,0.405,0.80624,0.13,1.0,1.0,1.0,0.79,0.83392
5966,,0.37,0.77856,0.12,1.0,1.0,1.0,0.78,0.80624
5967,,0.335,0.75088,0.11,1.0,1.0,1.0,0.77,0.77856
5968,,0.3,0.7232,0.1,1.0,1.0,1.0,0.76,0.75088
5969,,0.265,0.69552,0.09,1.0,1.0,1.0,0.75,0.7232
5970,,0.23,0.66784,0.08,1.0,1.0,1.0,0.74,0.69552
5971,,0.195,0.64016,0.07,1.0,1.0,1.0,0.73,0.66784
5972,,0.16,0.61248,0.06,1.0,1.0,1.0,0.72,0.64016
5973,,0.125,0.5848,0.05,1.0,1.0,1.0,0.71,0.61248
5974,,0.09,0.55712,0.04,1.0,1.0,1.0,0.7,0.5848
5975,,0.055,0.52944,0.03,1.0,1.0,1.0,0.69,0.55712
5976,,0.02,0.50176,0.02,1.0,1.0,1.0,0.68,0.52944
5977,,-0.015,0.47408,0.01,1.0,1.0,1.0,0.67,0.50176
5978,1,1.0,0.4814,-0.0,0.97268,0.965,0.97268,0.66,0.50908
5979,,0.965,0.45372,-0.01,0.98036,0.98,0.98036,0.65,0.4814
5980,3,0.93,0.46104,1.0,1.0,0.995,0.95304,0.59,0.41872
5981,,0.895,0.43336,0.99,1.0,1.0,0.96072,0.58,0.39104
5982,,0.86,0.40568,0.98,1.0,1.0,0.9684,0.57,0.36336
5983,,0.825,0.378,0.97,1.0,1.0,0.97608,0.56,0.33568
5984,,0.79,0.35032,0.96,1.0,1.0,0.98376,0.55,0.308
5985,,0.755,0.32264,0.95,1.0,1.0,0.99144,0.54,0.28032
5986,,0.72,0.29496,0.94,1.0,1.0,0.99912,0.53,0.25264
5987,,0.685,0.26728,0.93,1.0,1.0,1.0,0.52,0.22496
5988,,0.65,0.2396,0.92,1.0,1.0,1.0,0.51,0.19728
5989,,0.615,0.21192,0.91,1.0,1.0,1.0,0.5,0.1696
5990,,0.58,0.18424,0.9,1.0,1.0,1.0,0.49,0.14192
5991,,0.545,0.15656,0.89,1.0,1.0,1.0,0.48,0.11424
5992,,0.51,0.12888,0.88,1.0,1.0,1.0,0.47,0.08656
5993,,0.475,0.1012,0.87,1.0,1.0,1.0,0.46,0.05888
5994,,0.44,0.07352,0.86,1.0,1.0,1.0,0.45,0.0312
5995,,0.405,0.04584,0.85,1.0,1.0,1.0,0.44,0.00352
5996,,0.37,0.01816,0.84,1.0,1.0,1.0,0.43,-0.02416
5997,8,0.37,-0.00952,0.795,0.95768,0.98,1.0,0.455,1.0
5998,2,0.37,1.0,0.82,0.96536,0.96,0.95768,0.41,0.97232
5999,,0.335,0.97232,0.81,0.97304,0.975,0.96536,0.4,0.94464
6000,,0.3,0.94464,0.8,0.98072,0.99,0.97304,0.39,0.91696
6001,,0.265,0.91696,0.79,0.9884,1.0,0.98072,0.38,0.88928
6002,,0.23,0.88928,0.78,0.99608,1.0,0.9884,0.37,0.8616
6003,,0.195,0.8616,0.77,1.0,1.0,0.99608,0.36,0.83392
6004,,0.16,0.83392,0.76,1.0,1.0,1.0,0.35,0.80624
6005,,0.125,0.80624,0.75,1.0,1.0,1.0,0.34,0.77856
6006,,0.09,0.77856,0.74,1.0,1.0,1.0,0.33,0.75088
6007,,0.055,0.75088,0.73,1.0,1.0,1.0,0.32,0.7232
6008,,0.02,0.7232,0.72,1.0,1.0,1.0,0.31,0.69552
6009,,-0.015,0.69552,0.71,1.0,1.0,1.0,0.3,0.66784
6010,1,1.0,0.70284,0.7,0.97268,0.965,0.97268,0.29,0.67516
6011,,0.965,0.67516,0.69,0.98036,0.98,0.98036,0.28,0.64748
6012,,0.93,0.64748,0.68,0.98804,0.995,0.98804,0.27,0.6198
6013,,0.895,0.6198,0.67,0.99572,1.0,0.99572,0.26,0.59212
6014,,0.86,0.59212,0.66,1.0,1.0,1.0,0.25,0.56444
6015,,0.825,0.56444,0.65,1.0,1.0,1.0,0.24,0.53676
6016,,0.79,0.53676,0.64,1.0,1.0,1.0,0.23,0.50908
6017,,0.755,0.50908,0.63,1.0,1.0,1.0,0.22,0.4814
6018,,0.72,0.4814,0.62,1.0,1.0,1.0,0.21,0.45372
6019,,0.685,0.45372,0.61,1.0,1.0,1.0,0.2,0.42604
6020,,0.65,0.42604,0.6,1.0,1.0,1.0,0.19,0.39836
6021,,0.615,0.39836,0.59,1.0,1.0,1.0,0.18,0.37068
6022,,0.58,0.37068,0.58,1.0,1.0,1.0,0.17,0.343
6023,,0.545,0.343,0.57,1.0,1.0,1.0,0.16,0.31532
6024,,0.51,0.31532,0.56,1.0,1.0,1.0,0.15,0.28764
6025,,0.475,0.28764,0.55,1.0,1.0,1.0,0.14,0.25996
6026,,0.44,0.25996,0.54,1.0,1.0,1.0,0.13,0.23228
6027,,0.405,0.23228,0.53,1.0,1.0,1.0,0.12,0.2046
6028,,0.37,0.2046,0.52,1.0,1.0,1.0,0.11,0.17692
6029,,0.335,0.17692,0.51,1.0,1.0,1.0,0.1,0.14924
6030,,0.3,0.14924,0.5,1.0,1.0,1.0,0.09,0.12156
6031,,0.265,0.12156,0.49,1.0,1.0,1.0,0.08,0.09388
6032,,0.23,0.09388,0.48,1.0,1.0,1.0,0.07,0.0662
6033,,0.195,0.0662,0.47,1.0,1.0,1.0,0.06,0.03852
6034,,0.16,0.03852,0.46,1.0,1.0,1.0,0.05,0.01084
6035,,0.125,0.01084,0.45,1.0,1.0,1.0,0.04,-0.01684
6036,8,0.125,-0.01684,0.405,0.95768,0.98,1.0,0.065,1.0
6037,2,0.125,1.0,0.43,0.96536,0.96,0.95768,0.02,0.97232
6038,,0.09,0.97232,0.42,0.97304,0.975,0.96536,0.01,0.94464
6039,,0.055,0.94464,0.41,0.98072,0.99,0.97304,-0.0,0.91696
6040,,0.02,0.91696,0.4,0.9884,1.0,0.98072,-0.01,0.88928
6041,7,-0.015,0.85428,0.34,0.96108,1.0,1.0,1.0,0.8966
6042,1,1.0,0.8616,0.33,0.93376,0.965,0.97268,0.99,0.90392
6043,,0.965,0.83392,0.32,0.94144,0.98,0.98036,0.98,0.87624
6044,,0.93,0.80624,0.31,0.94912,0.995,0.98804,0.97,0.84856
6045,,0.895,0.77856,0.3,0.9568,1.0,0.99572,0.96,0.82088
6046,,0.86,0.75088,0.29,0.96448,1.0,1.0,0.95,0.7932
6047,,0.825,0.7232,0.28,0.97216,1.0,1.0,0.94,0.76552
6048,,0.79,0.69552,0.27,0.97984,1.0,1.0,0.93,0.73784
6049,,0.755,0.66784,0.26,0.98752,1.0,1.0,0.92,0.71016
6050,,0.72,0.64016,0.25,0.9952,1.0,1.0,0.91,0.68248
6051,,0.685,0.61248,0.24,1.0,1.0,1.0,0.9,0.6548
6052,,0.65,0.5848,0.23,1.0,1.0,1.0,0.89,0.62712
6053,,0.615,0.55712,0.22,1.0,1.0,1.0,0.88,0.59944
6054,,0.58,0.52944,0.21,1.0,1.0,1.0,0.87,0.57176
6055,,0.545,0.50176,0.2,1.0,1.0,1.0,0.86,0.54408
6056,,0.51,0.47408,0.19,1.0,1.0,1.0,0.85,0.5164
6057,,0.475,0.4464,0.18,1.0,1.0,1.0,0.84,0.48872
6058,,0.44,0.41872,0.17,1.0,1.0,1.0,0.83,0.46104
6059,,0.405,0.39104,0.16,1.0,1.0,1.0,0.82,0.43336
6060,,0.37,0.36336,0.15,1.0,1.0,1.0,0.81,0.40568
6061,,0.335,0.33568,0.14,1.0,1.0,1.0,0.8,0.378
6062,,0.3,0.308,0.13,1.0,1.0,1.0,0.79,0.35032
6063,,0.265,0.28032,0.12,1.0,1.0,1.0,0.78,0.32264
6064,,0.23,0.25264,0.11,1.0,1.0,1.0,0.77,0.29496
6065,,0.195,0.22496,0.1,1.0,1.0,1.0,0.76,0.26728
6066,,0.16,0.19728,0.09,1.0,1.0,1.0,0.75,0.2396
6067,,0.125,0.1696,0.08,1.0,1.0,1.0,0.74,0.21192
6068,,0.09,0.14192,0.07,1.0,1.0,1.0,0.73,0.18424
6069,,0.055,0.11424,0.06,1.0,1.0,1.0,0.72,0.15656
6070,,0.02,0.08656,0.05,1.0,1.0,1.0,0.71,0.12888
6071,,-0.015,0.05888,0.04,1.0,1.0,1.0,0.7,0.1012
6072,1,1.0,0.0662,0.03,0.97268,0.965,0.97268,0.69,0.10852
6073,,0.965,0.03852,0.02,0.98036,0.98,0.98036,0.68,0.08084
6074,,0.93,0.01084,0.01,0.98804,0.995,0.98804,0.67,0.05316
6075,,0.895,-0.01684,-0.0,0.99572,1.0,0.99572,0.66,0.02548
6076,2,0.895,1.0,0.025,1.0,0.98,0.9534,0.615,-0.0022
6077,8,0.895,0.97232,-0.02,0.95768,0.96,0.96108,0.64,1.0
6078,3,0.86,0.97964,1.0,1.0,0.975,0.93376,0.58,0.93732
6079,,0.825,0.95196,0.99,1.0,0.99,0.94144,0.57,0.90964
6080,,0.79,0.92428,0.98,1.0,1.0,0.94912,0.56,0.88196
6081,,0.755,0.8966,0.97,1.0,1.0,0.9568,0.55,0.85428
6082,,0.72,0.86892,0.96,1.0,1.0,0.96448,0.54,0.8266
6083,,0.685,0.84124,0.95,1.0,1.0,0.97216,0.53,0.79892
6084,,0.65,0.81356,0.94,1.0,1.0,0.97984,0.52,0.77124
6085,,0.615,0.78588,0.93,1.0,1.0,0.98752,0.51,0.74356
6086,,0.58,0.7582,0.92,1.0,1.0,0.9952,0.5,0.71588
6087,,0.545,0.73052,0.91,1.0,1.0,1.0,0.49,0.6882
6088,,0.51,0.70284,0.9,1.0,1.0,1.0,0.48,0.66052
6089,,0.475,0.67516,0.89,1.0,1.0,1.0,0.47,0.63284
6090,,0.44,0.64748,0.88,1.0,1.0,1.0,0.46,0.60516
6091,,0.405,0.6198,0.87,1.0,1.0,1.0,0.45,0.57748
6092,,0.37,0.59212,0.86,1.0,1.0,1.0,0.44,0.5498
6093,,0.335,0.56444,0.85,1.0,1.0,1.0,0.43,0.52212
6094,,0.3,0.53676,0.84,1.0,1.0,1.0,0.42,0.49444
6095,,0.265,0.50908,0.83,1.0,1.0,1.0,0.41,0.46676
6096,,0.23,0.4814,0.82,1.0,1.0,1.0,0.4,0.43908
6097,,0.195,0.45372,0.81,1.0,1.0,1.0,0.39,0.4114
6098,,0.16,0.42604,0.8,1.0,1.0,1.0,0.38,0.38372
6099,,0.125,0.39836,0.79,1.0,1.0,1.0,0.37,0.35604
6100,,0.09,0.37068,0.78,1.0,1.0,1.0,0.36,0.32836
6101,,0.055,0.343,0.77,1.0,1.0,1.0,0.35,0.30068
6102,,0.02,0.31532,0.76,1.0,1.0,1.0,0.34,0.273
6103,,-0.015,0.28764,0.75,1.0,1.0,1.0,0.33,0.24532
6104,1,1.0,0.29496,0.74,0.97268,0.965,0.97268,0.32,0.25264
6105,,0.965,0.26728,0.73,0.98036,0.98,0.98036,0.31,0.22496
6106,,0.93,0.2396,0.72,0.98804,0.995,0.98804,0.3,0.19728
6107,,0.895,0.21192,0.71,0.99572,1.0,0.99572,0.29,0.1696
6108,,0.86,0.18424,0.7,1.0,1.0,1.0,0.28,0.14192
6109,,0.825,0.15656,0.69,1.0,1.0,1.0,0.27,0.11424
6110,,0.79,0.12888,0.68,1.0,1.0,1.0,0.26,0.08656
6111,,0.755,0.1012,0.67,1.0,1.0,1.0,0.25,0.05888
6112,,0.72,0.07352,0.66,1.0,1.0,1.0,0.24,0.0312
6113,,0.685,0.04584,0.65,1.0,1.0,1.0,0.23,0.00352
6114,,0.65,0.01816,0.64,1.0,1.0,1.0,0.22,-0.02416
6115,8,0.65,-0.00952,0.595,0.95768,0.98,1.0,0.245,1.0
6116,2,0.65,1.0,0.62,0.96536,0.96,0.95768,0.2,0.97232
6117,,0.615,0.97232,0.61,0.97304,0.975,0.96536,0.19,0.94464
6118,,0.58,0.94464,0.6,0.98072,0.99,0.97304,0.18,0.91696
6119,,0.545,0.91696,0.59,0.9884,1.0,0.98072,0.17,0.88928
6120,,0.51,0.88928,0.58,0.99608,1.0,0.9884,0.16,0.8616
6121,,0.475,0.8616,0.57,1.0,1.0,0.99608,0.15,0.83392
6122,,0.44,0.83392,0.56,1.0,1.0,1.0,0.14,0.80624
6123,,0.405,0.80624,0.55,1.0,1.0,1.0,0.13,0.77856
6124,,0.37,0.77856,0.54,1.0,1.0,1.0,0.12,0.75088
6125,,0.335,0.75088,0.53,1.0,1.0,1.0,0.11,0.7232
6126,,0.3,0.7232,0.52,1.0,1.0,1.0,0.1,0.69552
6127,,0.265,0.69552,0.51,1.0,1.0,1.0,0.09,0.66784
6128,,0.23,0.66784,0.5,1.0,1.0,1.0,0.08,0.64016
6129,,0.195,0.64016,0.49,1.0,1.0,1.0,0.07,0.61248
6130,,0.16,0.61248,0.48,1.0,1.0,1.0,0.06,0.5848
6131,,0.125,0.5848,0.47,1.0,1.0,1.0,0.05,0.55712
6132,,0.09,0.55712,0.46,1.0,1.0,1.0,0.04,0.52944
6133,,0.055,0.52944,0.45,1.0,1.0,1.0,0.03,0.50176
6134,,0.02,0.50176,0.44,1.0,1.0,1.0,0.02,0.47408
6135,,-0.015,0.47408,0.43,1.0,1.0,1.0,0.01,0.4464
6136,1,1.0,0.4814,0.42,0.97268,0.965,0.97268,-0.0,0.45372
6137,,0.965,0.45372,0.41,0.98036,0.98,0.98036,-0.01,0.42604
6138,7,0.93,0.39104,0.35,0.95304,0.995,1.0,1.0,0.43336
6139,,0.895,0.36336,0.34,0.96072,1.0,1.0,0.99,0.40568
6140,,0.86,0.33568,0.33,0.9684,1.0,1.0,0.98,0.378
6141,,0.825,0.308,0.32,0.97608,1.0,1.0,0.97,0.35032
6142,,0.79,0.28032,0.31,0.98376,1.0,1.0,0.96,0.32264
6143,,0.755,0.25264,0.3,0.99144,1.0,1.0,0.95,0.29496
6144,,0.72,0.22496,0.29,0.99912,1.0,1.0,0.94,0.26728
6145,,0.685,0.19728,0.28,1.0,1.0,1.0,0.93,0.2396
6146,,0.65,0.1696,0.27,1.0,1.0,1.0,0.92,0.21192
6147,,0.615,0.14192,0.26,1.0,1.0,1.0,0.91,0.18424
6148,,0.58,0.11424,0.25,1.0,1.0,1.0,0.9,0.15656
6149,,0.545,0.08656,0.24,1.0,1.0,1.0,0.89,0.12888
6150,,0.51,0.05888,0.23,1.0,1.0,1.0,0.88,0.1012
6151,,0.475,0.0312,0.22,1.0,1.0,1.0,0.87,0.07352
6152,,0.44,0.00352,0.21,1.0,1.0,1.0,0.86,0.04584
6153,,0.405,-0.02416,0.2,1.0,1.0,1.0,0.85,0.01816
6154,2,0.405,1.0,0.225,1.0,0.98,0.95768,0.805,-0.00952
6155,8,0.405,0.97232,0.18,0.95768,0.96,0.96536,0.83,1.0
6156,,0.37,0.94464,0.17,0.96536,0.975,0.97304,0.82,0.97232
6157,,0.335,0.91696,0.16,0.97304,0.99,0.98072,0.81,0.94464
6158,,0.3,0.88928,0.15,0.98072,1.0,0.9884,0.8,0.91696
6159,,0.265,0.8616,0.14,0.9884,1.0,0.99608,0.79,0.88928
6160,,0.23,0.83392,0.13,0.99608,1.0,1.0,0.78,0.8616
6161,,0.195,0.80624,0.12,1.0,1.0,1.0,0.77,0.83392
6162,,0.16,0.77856,0.11,1.0,1.0,1.0,0.76,0.80624
6163,,0.125,0.75088,0.1,1.0,1.0,1.0,0.75,0.77856
6164,,0.09,0.7232,0.09,1.0,1.0,1.0,0.74,0.75088
6165,,0.055,0.69552,0.08,1.0,1.0,1.0,0.73,0.7232
6166,,0.02,0.66784,0.07,1.0,1.0,1.0,0.72,0.69552
6167,,-0.015,0.64016,0.06,1.0,1.0,1.0,0.71,0.66784
6168,1,1.0,0.64748,0.05,0.97268,0.965,0.97268,0.7,0.67516
6169,,0.965,0.6198,0.04,0.98036,0.98,0.98036,0.69,0.64748
6170,,0.93,0.59212,0.03,0.98804,0.995,0.98804,0.68,0.6198
6171,,0.895,0.56444,0.02,0.99572,1.0,0.99572,0.67,0.59212
6172,,0.86,0.53676,0.01,1.0,1.0,1.0,0.66,0.56444
6173,,0.825,0.50908,-0.0,1.0,1.0,1.0,0.65,0.53676
6174,,0.79,0.4814,-0.01,1.0,1.0,1.0,0.64,0.50908
6175,3,0.755,0.48872,1.0,1.0,1.0,0.97268,0.58,0.4464
6176,,0.72,0.46104,0.99,1.0,1.0,0.98036,0.57,0.41872
6177,,0.685,0.43336,0.98,1.0,1.0,0.98804,0.56,0.39104
6178,,0.65,0.40568,0.97,1.0,1.0,0.99572,0.55,0.36336
6179,,0.615,0.378,0.96,1.0,1.0,1.0,0.54,0.33568
6180,,0.58,0.35032,0.95,1.0,1.0,1.0,0.53,0.308
6181,,0.545,0.32264,0.94,1.0,1.0,1.0,0.52,0.28032
6182,,0.51,0.29496,0.93,1.0,1.0,1.0,0.51,0.25264
6183,,0.475,0.26728,0.92,1.0,1.0,1.0,0.5,0.22496
6184,,0.44,0.2396,0.91,1.0,1.0,1.0,0.49,0.19728
6185,,0.405,0.21192,0.9,1.0,1.0,1.0,0.48,0.1696
6186,,0.37,0.18424,0.89,1.0,1.0,1.0,0.47,0.14192
6187,,0.335,0.15656,0.88,1.0,1.0,1.0,0.46,0.11424
6188,,0.3,0.12888,0.87,1.0,1.0,1.0,0.45,0.08656
6189,,0.265,0.1012,0.86,1.0,1.0,1.0,0.44,0.05888
6190,,0.23,0.07352,0.85,1.0,1.0,1.0,0.43,0.0312
6191,,0.195,0.04584,0.84,1.0,1.0,1.0,0.42,0.00352
6192,,0.16,0.01816,0.83,1.0,1.0,1.0,0.41,-0.02416
6193,8,0.16,-0.00952,0.785,0.95768,0.98,1.0,0.435,1.0
6194,2,0.16,1.0,0.81,0.96536,0.96,0.95768,0.39,0.97232
6195,,0.125,0.97232,0.8,0.97304,0.975,0.96536,0.38,0.94464
6196,,0.09,0.94464,0.79,0.98072,0.99,0.97304,0.37,0.91696
6197,,0.055,0.91696,0.78,0.9884,1.0,0.98072,0.36,0.88928
6198,,0.02,0.88928,0.77,0.99608,1.0,0.9884,0.35,0.8616
6199,,-0.015,0.8616,0.76,1.0,1.0,0.99608,0.34,0.83392
6200,1,1.0,0.86892,0.75,0.97268,0.965,0.96876,0.33,0.84124
6201,,0.965,0.84124,0.74,0.98036,0.98,0.97644,0.32,0.81356
6202,,0.93,0.81356,0.73,0.98804,0.995,0.98412,0.31,0.78588
6203,,0.895,0.78588,0.72,0.99572,1.0,0.9918,0.3,0.7582
6204,,0.86,0.7582,0.71,1.0,1.0,0.99948,0.29,0.73052
6205,,0.825,0.73052,0.7,1.0,1.0,1.0,0.28,0.70284
6206,,0.79,0.70284,0.69,1.0,1.0,1.0,0.27,0.67516
6207,,0.755,0.67516,0.68,1.0,1.0,1.0,0.26,0.64748
6208,,0.72,0.64748,0.67,1.0,1.0,1.0,0.25,0.6198
6209,,0.685,0.6198,0.66,1.0,1.0,1.0,0.24,0.59212
6210,,0.65,0.59212,0.65,1.0,1.0,1.0,0.23,0.56444
6211,,0.615,0.56444,0.64,1.0,1.0,1.0,0.22,0.53676
6212,,0.58,0.53676,0.63,1.0,1.0,1.0,0.21,0.50908
6213,,0.545,0.50908,0.62,1.0,1.0,1.0,0.2,0.4814
6214,,0.51,0.4814,0.61,1.0,1.0,1.0,0.19,0.45372
6215,,0.475,0.45372,0.6,1.0,1.0,1.0,0.18,0.42604
6216,,0.44,0.42604,0.59,1.0,1.0,1.0,0.17,0.39836
6217,,0.405,0.39836,0.58,1.0,1.0,1.0,0.16,0.37068
6218,,0.37,0.37068,0.57,1.0,1.0,1.0,0.15,0.343
6219,,0.335,0.343,0.56,1.0,1.0,1.0,0.14,0.31532
6220,,0.3,0.31532,0.55,1.0,1.0,1.0,0.13,0.28764
6221,,0.265,0.28764,0.54,1.0,1.0,1.0,0.12,0.25996
6222,,0.23,0.25996,0.53,1.0,1.0,1.0,0.11,0.23228
6223,,0.195,0.23228,0.52,1.0,1.0,1.0,0.1,0.2046
6224,,0.16,0.2046,0.51,1.0,1.0,1.0,0.09,0.17692
6225,,0.125,0.17692,0.5,1.0,1.0,1.0,0.08,0.14924
6226,,0.09,0.14924,0.49,1.0,1.0,1.0,0.07,0.12156
6227,,0.055,0.12156,0.48,1.0,1.0,1.0,0.06,0.09388
6228,,0.02,0.09388,0.47,1.0,1.0,1.0,0.05,0.0662
6229,,-0.015,0.0662,0.46,1.0,1.0,1.0,0.04,0.03852
6230,1,1.0,0.07352,0.45,0.97268,0.965,0.97268,0.03,0.04584
6231,,0.965,0.04584,0.44,0.98036,0.98,0.98036,0.02,0.01816
6232,,0.93,0.01816,0.43,0.98804,0.995,0.98804,0.01,-0.00952
6233,8,0.93,-0.00952,0.385,0.94572,0.975,0.99572,0.035,1.0
6234,2,0.93,1.0,0.41,0.9534,0.955,0.9534,-0.01,0.97232
6235,7,0.895,0.93732,0.35,0.92608,0.97,0.99608,1.0,0.97964
6236,,0.86,0.90964,0.34,0.93376,0.985,1.0,0.99,0.95196
6237,,0.825,0.88196,0.33,0.94144,1.0,1.0,0.98,0.92428
6238,,0.79,0.85428,0.32,0.94912,1.0,1.0,0.97,0.8966
6239,,0.755,0.8266,0.31,0.9568,1.0,1.0,0.96,0.86892
6240,,0.72,0.79892,0.3,0.96448,1.0,1.0,0.95,0.84124
6241,,0.685,0.77124,0.29,0.97216,1.0,1.0,0.94,0.81356
6242,,0.65,0.74356,0.28,0.97984,1.0,1.0,0.93,0.78588
6243,,0.615,0.71588,0.27,0.98752,1.0,1.0,0.92,0.7582
6244,,0.58,0.6882,0.26,0.9952,1.0,1.0,0.91,0.73052
6245,,0.545,0.66052,0.25,1.0,1.0,1.0,0.9,0.70284
6246,,0.51,0.63284,0.24,1.0,1.0,1.0,0.89,0.67516
6247,,0.475,0.60516,0.23,1.0,1.0,1.0,0.88,0.64748
6248,,0.44,0.57748,0.22,1.0,1.0,1.0,0.87,0.6198
6249,,0.405,0.5498,0.21,1.0,1.0,1.0,0.86,0.59212
6250,,0.37,0.52212,0.2,1.0,1.0,1.0,0.85,0.56444
6251,,0.335,0.49444,0.19,1.0,1.0,1.0,0.84,0.53676
6252,,0.3,0.46676,0.18,1.0,1.0,1.0,0.83,0.50908
6253,,0.265,0.43908,0.17,1.0,1.0,1.0,0.82,0.4814
6254,,0.23,0.4114,0.16,1.0,1.0,1.0,0.81,0.45372
6255,,0.195,0.38372,0.15,1.0,1.0,1.0,0.8,0.42604
6256,,0.16,0.35604,0.14,1.0,1.0,1.0,0.79,0.39836
6257,,0.125,0.32836,0.13,1.0,1.0,1.0,0.78,0.37068
6258,,0.09,0.30068,0.12,1.0,1.0,1.0,0.77,0.343
6259,,0.055,0.273,0.11,1.0,1.0,1.0,0.76,0.31532
6260,,0.02,0.24532,0.1,1.0,1.0,1.0,0.75,0.28764
6261,,-0.015,0.21764,0.09,1.0,1.0,1.0,0.74,0.25996
6262,1,1.0,0.22496,0.08,0.97268,0.965,0.97268,0.73,0.26728
6263,,0.965,0.19728,0.07,0.98036,0.98,0.98036,0.72,0.2396
6264,,0.93,0.1696,0.06,0.98804,0.995,0.98804,0.71,0.21192
6265,,0.895,0.14192,0.05,0.99572,1.0,0.99572,0.7,0.18424
6266,,0.86,0.11424,0.04,1.0,1.0,1.0,0.69,0.15656
6267,,0.825,0.08656,0.03,1.0,1.0,1.0,0.68,0.12888
6268,,0.79,0.05888,0.02,1.0,1.0,1.0,0.67,0.1012
6269,,0.755,0.0312,0.01,1.0,1.0,1.0,0.66,0.07352
6270,,0.72,0.00352,-0.0,1.0,1.0,1.0,0.65,0.04584
6271,,0.685,-0.02416,-0.01,1.0,1.0,1.0,0.64,0.01816
6272,2,0.685,1.0,0.015,1.0,0.98,0.95768,0.595,-0.00952
6273,8,0.685,0.97232,-0.03,0.95768,0.96,0.96536,0.62,1.0
6274,3,0.65,0.97964,1.0,1.0,0.975,0.93804,0.56,0.93732
6275,,0.615,0.95196,0.99,1.0,0.99,0.94572,0.55,0.90964
6276,,0.58,0.92428,0.98,1.0,1.0,0.9534,0.54,0.88196
6277,,0.545,0.8966,0.97,1.0,1.0,0.96108,0.53,0.85428
6278,,0.51,0.86892,0.96,1.0,1.0,0.96876,0.52,0.8266
6279,,0.475,0.84124,0.95,1.0,1.0,0.97644,0.51,0.79892
6280,,0.44,0.81356,0.94,1.0,1.0,0.98412,0.5,0.77124
6281,,0.405,0.78588,0.93,1.0,1.0,0.9918,0.49,0.74356
6282,,0.37,0.7582,0.92,1.0,1.0,0.99948,0.48,0.71588
6283,,0.335,0.73052,0.91,1.0,1.0,1.0,0.47,0.6882
6284,,0.3,0.70284,0.9,1.0,1.0,1.0,0.46,0.66052
6285,,0.265,0.67516,0.89,1.0,1.0,1.0,0.45,0.63284
6286,,0.23,0.64748,0.88,1.0,1.0,1.0,0.44,0.60516
6287,,0.195,0.6198,0.87,1.0,1.0,1.0,0.43,0.57748
6288,,0.16,0.59212,0.86,1.0,1.0,1.0,0.42,0.5498
6289,,0.125,0.56444,0.85,1.0,1.0,1.0,0.41,0.52212
6290,,0.09,0.53676,0.84,1.0,1.0,1.0,0.4,0.49444
6291,,0.055,0.50908,0.83,1.0,1.0,1.0,0.39,0.46676
6292,,0.02,0.4814,0.82,1.0,1.0,1.0,0.38,0.43908
6293,,-0.015,0.45372,0.81,1.0,1.0,1.0,0.37,0.4114
6294,1,1.0,0.46104,0.8,0.97268,0.965,0.97268,0.36,0.41872
6295,,0.965,0.43336,0.79,0.98036,0.98,0.98036,0.35,0.39104
6296,,0.93,0.40568,0.78,0.98804,0.995,0.98804,0.34,0.36336
6297,,0.895,0.378,0.77,0.99572,1.0,0.99572,0.33,0.33568
6298,,0.86,0.35032,0.76,1.0,1.0,1.0,0.32,0.308
6299,,0.825,0.32264,0.75,1.0,1.0,1.0,0.31,0.28032
6300,,0.79,0.29496,0.74,1.0,1.0,1.0,0.3,0.25264
6301,,0.755,0.26728,0.73,1.0,1.0,1.0,0.29,0.22496
6302,,0.72,0.2396,0.72,1.0,1.0,1.0,0.28,0.19728
6303,,0.685,0.21192,0.71,1.0,1.0,1.0,0.27,0.1696
6304,,0.65,0.18424,0.7,1.0,1.0,1.0,0.26,0.14192
6305,,0.615,0.15656,0.69,1.0,1.0,1.0,0.25,0.11424
6306,,0.58,0.12888,0.68,1.0,1.0,1.0,0.24,0.08656
6307,,0.545,0.1012,0.67,1.0,1.0,1.0,0.23,0.05888
6308,,0.51,0.07352,0.66,1.0,1.0,1.0,0.22,0.0312
6309,,0.475,0.04584,0.65,1.0,1.0,1.0,0.21,0.00352
6310,,0.44,0.01816,0.64,1.0,1.0,1.0,0.2,-0.02416
6311,8,0.44,-0.00952,0.595,0.95768,0.98,1.0,0.225,1.0
6312,2,0.44,1.0,0.62,0.96536,0.96,0.95768,0.18,0.97232
6313,,0.405,0.97232,0.61,0.97304,0.975,0.96536,0.17,0.94464
6314,,0.37,0.94464,0.6,0.98072,0.99,0.97304,0.16,0.91696
6315,,0.335,0.91696,0.59,0.9884,1.0,0.98072,0.15,0.88928
6316,,0.3,0.88928,0.58,0.99608,1.0,0.9884,0.14,0.8616
6317,,0.265,0.8616,0.57,1.0,1.0,0.99608,0.13,0.83392
6318,,0.23,0.83392,0.56,1.0,1.0,1.0,0.12,0.80624
6319,,0.195,0.80624,0.55,1.0,1.0,1.0,0.11,0.77856
6320,,0.16,0.77856,0.54,1.0,1.0,1.0,0.1,0.75088
6321,,0.125,0.75088,0.53,1.0,1.0,1.0,0.09,0.7232
6322,,0.09,0.7232,0.52,1.0,1.0,1.0,0.08,0.69552
6323,,0.055,0.69552,0.51,1.0,1.0,1.0,0.07,0.66784
6324,,0.02,0.66784,0.5,1.0,1.0,1.0,0.06,0.64016
6325,,-0.015,0.64016,0.49,1.0,1.0,1.0,0.05,0.61248
6326,1,1.0,0.64748,0.48,0.97268,0.965,0.97268,0.04,0.6198
6327,,0.965,0.6198,0.47,0.98036,0.98,0.98036,0.03,0.59212
6328,,0.93,0.59212,0.46,0.98804,0.995,0.98804,0.02,0.56444
6329,,0.895,0.56444,0.45,0.99572,1.0,0.99572,0.01,0.53676
6330,,0.86,0.53676,0.44,1.0,1.0,1.0,-0.0,0.50908
6331,,0.825,0.50908,0.43,1.0,1.0,1.0,-0.01,0.4814
6332,7,0.79,0.4464,0.37,0.97268,1.0,1.0,1.0,0.48872
6333,,0.755,0.41872,0.36,0.98036,1.0,1.0,0.99,0.46104
6334,,0.72,0.39104,0.35,0.98804,1.0,1.0,0.98,0.43336
6335,,0.685,0.36336,0.34,0.99572,1.0,1.0,0.97,0.40568
6336,,0.65,0.33568,0.33,1.0,1.0,1.0,0.96,0.378
6337,,0.615,0.308,0.32,1.0,1.0,1.0,0.95,0.35032
6338,,0.58,0.28032,0.31,1.0,1.0,1.0,0.94,0.32264
6339,,0.545,0.25264,0.3,1.0,1.0,1.0,0.93,0.29496
6340,,0.51,0.22496,0.29,1.0,1.0,1.0,0.92,0.26728
6341,,0.475,0.19728,0.28,1.0,1.0,1.0,0.91,0.2396
6342,,0.44,0.1696,0.27,1.0,1.0,1.0,0.9,0.21192
6343,,0.405,0.14192,0.26,1.0,1.0,1.0,0.89,0.18424
6344,,0.37,0.11424,0.25,1.0,1.0,1.0,0.88,0.15656
6345,,0.335,0.08656,0.24,1.0,1.0,1.0,0.87,0.12888
6346,,0.3,0.05888,0.23,1.0,1.0,1.0,0.86,0.1012
6347,,0.265,0.0312,0.22,1.0,1.0,1.0,0.85,0.07352
6348,,0.23,0.00352,0.21,1.0,1.0,1.0,0.84,0.04584
6349,,0.195,-0.02416,0.2,1.0,1.0,1.0,0.83,0.01816
6350,2,0.195,1.0,0.225,1.0,0.98,0.95768,0.785,-0.00952
6351,8,0.195,0.97232,0.18,0.95768,0.96,0.96536,0.81,1.0
6352,,0.16,0.94464,0.17,0.96536,0.975,0.97304,0.8,0.97232
6353,,0.125,0.91696,0.16,0.97304,0.99,0.98072,0.79,0.94464
6354,,0.09,0.88928,0.15,0.98072,1.0,0.9884,0.78,0.91696
6355,,0.055,0.8616,0.14,0.9884,1.0,0.99608,0.77,0.88928
6356,,0.02,0.83392,0.13,0.99608,1.0,1.0,0.76,0.8616
6357,,-0.015,0.80624,0.12,1.0,1.0,1.0,0.75,0.83392
6358,1,1.0,0.81356,0.11,0.97268,0.965,0.97268,0.74,0.84124
6359,,0.965,0.78588,0.1,0.98036,0.98,0.98036,0.73,0.81356
6360,,0.93,0.7582,0.09,0.98804,0.995,0.98804,0.72,0.78588
6361,,0.895,0.73052,0.08,0.99572,1.0,0.99572,0.71,0.7582
6362,,0.86,0.70284,0.07,1.0,1.0,1.0,0.7,0.73052
6363,,0.825,0.67516,0.06,1.0,1.0,1.0,0.69,0.70284
6364,,0.79,0.64748,0.05,1.0,1.0,1.0,0.68,0.67516
6365,,0.755,0.6198,0.04,1.0,1.0,1.0,0.67,0.64748
6366,,0.72,0.59212,0.03,1.0,1.0,1.0,0.66,0.6198
6367,,0.685,0.56444,0.02,1.0,1.0,1.0,0.65,0.59212
6368,,0.65,0.53676,0.01,1.0,1.0,1.0,0.64,0.56444
6369,,0.615,0.50908,-0.0,1.0,1.0,1.0,0.63,0.53676
6370,,0.58,0.4814,-0.01,1.0,1.0,1.0,0.62,0.50908
6371,3,0.545,0.48872,1.0,1.0,1.0,0.97268,0.56,0.4464
6372,,0.51,0.46104,0.99,1.0,1.0,0.98036,0.55,0.41872
6373,,0.475,0.43336,0.98,1.0,1.0,0.98804,0.54,0.39104
6374,,0.44,0.40568,0.97,1.0,1.0,0.99572,0.53,0.36336
6375,,0.405,0.378,0.96,1.0,1.0,1.0,0.52,0.33568
6376,,0.37,0.35032,0.95,1.0,1.0,1.0,0.51,0.308
6377,,0.335,0.32264,0.94,1.0,1.0,1.0,0.5,0.28032
6378,,0.3,0.29496,0.93,1.0,1.0,1.0,0.49,0.25264
6379,,0.265,0.26728,0.92,1.0,1.0,1.0,0.48,0.22496
6380,,0.23,0.2396,0.91,1.0,1.0,1.0,0.47,0.19728
6381,,0.195,0.21192,0.9,1.0,1.0,1.0,0.46,0.1696
6382,,0.16,0.18424,0.89,1.0,1.0,1.0,0.45,0.14192
6383,,0.125,0.15656,0.88,1.0,1.0,1.0,0.44,0.11424
6384,,0.09,0.12888,0.87,1.0,1.0,1.0,0.43,0.08656
6385,,0.055,0.1012,0.86,1.0,1.0,1.0,0.42,0.05888
6386,,0.02,0.07352,0.85,1.0,1.0,1.0,0.41,0.0312
6387,,-0.015,0.04584,0.84,1.0,1.0,1.0,0.4,0.00352
6388,1,1.0,0.05316,0.83,0.97268,0.965,0.97268,0.39,0.01084
6389,,0.965,0.02548,0.82,0.98036,0.98,0.98036,0.38,-0.01684
6390,8,0.965,-0.0022,0.775,0.93804,0.96,0.98804,0.405,1.0
6391,2,0.965,1.0,0.8,0.94572,0.94,0.94572,0.36,0.97232
6392,,0.93,0.97232,0.79,0.9534,0.955,0.9534,0.35,0.94464
6393,,0.895,0.94464,0.78,0.96108,0.97,0.96108,0.34,0.91696
6394,,0.86,0.91696,0.77,0.96876,0.985,0.96876,0.33,0.88928
6395,,0.825,0.88928,0.76,0.97644,1.0,0.97644,0.32,0.8616
6396,,0.79,0.8616,0.75,0.98412,1.0,0.98412,0.31,0.83392
6397,,0.755,0.83392,0.74,0.9918,1.0,0.9918,0.3,0.80624
6398,,0.72,0.80624,0.73,0.99948,1.0,0.99948,0.29,0.77856
6399,,0.685,0.77856,0.72,1.0,1.0,1.0,0.28,0.75088
6400,,0.65,0.75088,0.71,1.0,1.0,1.0,0.27,0.7232
6401,,0.615,0.7232,0.7,1.0,1.0,1.0,0.26,0.69552
6402,,0.58,0.69552,0.69,1.0,1.0,1.0,0.25,0.66784
6403,,0.545,0.66784,0.68,1.0,1.0,1.0,0.24,0.64016
6404,,0.51,0.64016,0.67,1.0,1.0,1.0,0.23,0.61248
6405,,0.475,0.61248,0.66,1.0,1.0,1.0,0.22,0.5848
6406,,0.44,0.5848,0.65,1.0,1.0,1.0,0.21,0.55712
6407,,0.405,0.55712,0.64,1.0,1.0,1.0,0.2,0.52944
6408,,0.37,0.52944,0.63,1.0,1.0,1.0,0.19,0.50176
6409,,0.335,0.50176,0.62,1.0,1.0,1.0,0.18,0.47408
6410,,0.3,0.47408,0.61,1.0,1.0,1.0,0.17,0.4464
6411,,0.265,0.4464,0.6,1.0,1.0,1.0,0.16,0.41872
6412,,0.23,0.41872,0.59,1.0,1.0,1.0,0.15,0.39104
6413,,0.195,0.39104,0.58,1.0,1.0,1.0,0.14,0.36336
6414,,0.16,0.36336,0.57,1.0,1.0,1.0,0.13,0.33568
6415,,0.125,0.33568,0.56,1.0,1.0,1.0,0.12,0.308
6416,,0.09,0.308,0.55,1.0,1.0,1.0,0.11,0.28032
6417,,0.055,0.28032,0.54,1.0,1.0,1.0,0.1,0.25264
6418,,0.02,0.25264,0.53,1.0,1.0,1.0,0.09,0.22496
6419,,-0.015,0.22496,0.52,1.0,1.0,1.0,0.08,0.19728
6420,1,1.0,0.23228,0.51,0.97268,0.965,0.97268,0.07,0.2046
6421,,0.965,0.2046,0.5,0.98036,0.98,0.98036,0.06,0.17692
6422,,0.93,0.17692,0.49,0.98804,0.995,0.98804,0.05,0.14924
6423,,0.895,0.14924,0.48,0.99572,1.0,0.99572,0.04,0.12156
6424,,0.86,0.12156,0.47,1.0,1.0,1.0,0.03,0.09388
6425,,0.825,0.09388,0.46,1.0,1.0,1.0,0.02,0.0662
6426,,0.79,0.0662,0.45,1.0,1.0,1.0,0.01,0.03852
6427,,0.755,0.03852,0.44,1.0,1.0,1.0,-0.0,0.01084
6428,,0.72,0.01084,0.43,1.0,1.0,1.0,-0.01,-0.01684
6429,8,0.72,-0.01684,0.385,0.95768,0.98,1.0,0.015,1.0
6430,2,0.72,1.0,0.41,0.96536,0.96,0.95768,-0.03,0.97232
6431,7,0.685,0.93732,0.35,0.93804,0.975,1.0,1.0,0.97964
6432,,0.65,0.90964,0.34,0.94572,0.99,1.0,0.99,0.95196
6433,,0.615,0.88196,0.33,0.9534,1.0,1.0,0.98,0.92428
6434,,0.58,0.85428,0.32,0.96108,1.0,1.0,0.97,0.8966
6435,,0.545,0.8266,0.31,0.96876,1.0,1.0,0.96,0.86892
6436,,0.51,0.79892,0.3,0.97644,1.0,1.0,0.95,0.84124
6437,,0.475,0.77124,0.29,0.98412,1.0,1.0,0.94,0.81356
6438,,0.44,0.74356,0.28,0.9918,1.0,1.0,0.93,0.78588
6439,,0.405,0.71588,0.27,0.99948,1.0,1.0,0.92,0.7582
6440,,0.37,0.6882,0.26,1.0,1.0,1.0,0.91,0.73052
6441,,0.335,0.66052,0.25,1.0,1.0,1.0,0.9,0.70284
6442,,0.3,0.63284,0.24,1.0,1.0,1.0,0.89,0.67516
6443,,0.265,0.60516,0.23,1.0,1.0,1.0,0.88,0.64748
6444,,0.23,0.57748,0.22,1.0,1.0,1.0,0.87,0.6198
6445,,0.195,0.5498,0.21,1.0,1.0,1.0,0.86,0.59212
6446,,0.16,0.52212,0.2,1.0,1.0,1.0,0.85,0.56444
6447,,0.125,0.49444,0.19,1.0,1.0,1.0,0.84,0.53676
6448,,0.09,0.46676,0.18,1.0,1.0,1.0,0.83,0.50908
6449,,0.055,0.43908,0.17,1.0,1.0,1.0,0.82,0.4814
6450,,0.02,0.4114,0.16,1.0,1.0,1.0,0.81,0.45372
6451,,-0.015,0.38372,0.15,1.0,1.0,1.0,0.8,0.42604
6452,1,1.0,0.39104,0.14,0.97268,0.965,0.97268,0.79,0.43336
6453,,0.965,0.36336,0.13,0.98036,0.98,0.98036,0.78,0.40568
6454,,0.93,0.33568,0.12,0.98804,0.995,0.98804,0.77,0.378
6455,,0.895,0.308,0.11,0.99572,1.0,0.99572,0.76,0.35032
6456,,0.86,0.28032,0.1,1.0,1.0,1.0,0.75,0.32264
6457,,0.825,0.25264,0.09,1.0,1.0,1.0,0.74,0.29496
6458,,0.79,0.22496,0.08,1.0,1.0,1.0,0.73,0.26728
6459,,0.755,0.19728,0.07,1.0,1.0,1.0,0.72,0.2396
6460,,0.72,0.1696,0.06,1.0,1.0,1.0,0.71,0.21192
6461,,0.685,0.14192,0.05,1.0,1.0,1.0,0.7,0.18424
6462,,0.65,0.11424,0.04,1.0,1.0,1.0,0.69,0.15656
6463,,0.615,0.08656,0.03,1.0,1.0,1.0,0.68,0.12888
6464,,0.58,0.05888,0.02,1.0,1.0,1.0,0.67,0.1012
6465,,0.545,0.0312,0.01,1.0,1.0,1.0,0.66,0.07352
6466,,0.51,0.00352,-0.0,1.0,1.0,1.0,0.65,0.04584
6467,,0.475,-0.02416,-0.01,1.0,1.0,1.0,0.64,0.01816
6468,2,0.475,1.0,0.015,1.0,0.98,0.95768,0.595,-0.00952
6469,8,0.475,0.97232,-0.03,0.95768,0.96,0.96536,0.62,1.0
6470,3,0.44,0.97964,1.0,1.0,0.975,0.93804,0.56,0.93732
6471,,0.405,0.95196,0.99,1.0,0.99,0.94572,0.55,0.90964
6472,,0.37,0.92428,0.98,1.0,1.0,0.9534,0.54,0.88196
6473,,0.335,0.8966,0.97,1.0,1.0,0.96108,0.53,0.85428
6474,,0.3,0.86892,0.96,1.0,1.0,0.96876,0.52,0.8266
6475,,0.265,0.84124,0.95,1.0,1.0,0.97644,0.51,0.79892
6476,,0.23,0.81356,0.94,1.0,1.0,0.98412,0.5,0.77124
6477,,0.195,0.78588,0.93,1.0,1.0,0.9918,0.49,0.74356
6478,,0.16,0.7582,0.92,1.0,1.0,0.99948,0.48,0.71588
6479,,0.125,0.73052,0.91,1.0,1.0,1.0,0.47,0.6882
6480,,0.09,0.70284,0.9,1.0,1.0,1.0,0.46,0.66052
6481,,0.055,0.67516,0.89,1.0,1.0,1.0,0.45,0.63284
6482,,0.02,0.64748,0.88,1.0,1.0,1.0,0.44,0.60516
6483,,-0.015,0.6198,0.87,1.0,1.0,1.0,0.43,0.57748
6484,1,1.0,0.62712,0.86,0.97268,0.965,0.97268,0.42,0.5848
6485,,0.965,0.59944,0.85,0.98036,0.98,0.98036,0.41,0.55712
6486,,0.93,0.57176,0.84,0.98804,0.995,0.98804,0.4,0.52944
6487,,0.895,0.54408,0.83,0.99572,1.0,0.99572,0.39,0.50176
6488,,0.86,0.5164,0.82,1.0,1.0,1.0,0.38,0.47408
6489,,0.825,0.48872,0.81,1.0,1.0,1.0,0.37,0.4464
6490,,0.79,0.46104,0.8,1.0,1.0,1.0,0.36,0.41872
6491,,0.755,0.43336,0.79,1.0,1.0,1.0,0.35,0.39104
6492,,0.72,0.40568,0.78,1.0,1.0,1.0,0.34,0.36336
6493,,0.685,0.378,0.77,1.0,1.0,1.0,0.33,0.33568
6494,,0.65,0.35032,0.76,1.0,1.0,1.0,0.32,0.308
6495,,0.615,0.32264,0.75,1.0,1.0,1.0,0.31,0.28032
6496,,0.58,0.29496,0.74,1.0,1.0,1.0,0.3,0.25264
6497,,0.545,0.26728,0.73,1.0,1.0,1.0,0.29,0.22496
6498,,0.51,0.2396,0.72,1.0,1.0,1.0,0.28,0.19728
6499,,0.475,0.21192,0.71,1.0,1.0,1.0,0.27,0.1696
6500,,0.44,0.18424,0.7,1.0,1.0,1.0,0.26,0.14192
6501,,0.405,0.15656,0.69,1.0,1.0,1.0,0.25,0.11424
6502,,0.37,0.12888,0.68,1.0,1.0,1.0,0.24,0.08656
6503,,0.335,0.1012,0.67,1.0,1.0,1.0,0.23,0.05888
6504,,0.3,0.07352,0.66,1.0,1.0,1.0,0.22,0.0312
6505,,0.265,0.04584,0.65,1.0,1.0,1.0,0.21,0.00352
6506,,0.23,0.01816,0.64,1.0,1.0,1.0,0.2,-0.02416
6507,8,0.23,-0.00952,0.595,0.95768,0.98,1.0,0.225,1.0
6508,2,0.23,1.0,0.62,0.96536,0.96,0.95768,0.18,0.97232
6509,,0.195,0.97232,0.61,0.97304,0.975,0.96536,0.17,0.94464
6510,,0.16,0.94464,0.6,0.98072,0.99,0.97304,0.16,0.91696
6511,,0.125,0.91696,0.59,0.9884,1.0,0.98072,0.15,0.88928
6512,,0.09,0.88928,0.58,0.99608,1.0,0.9884,0.14,0.8616
6513,,0.055,0.8616,0.57,1.0,1.0,0.99608,0.13,0.83392
6514,,0.02,0.83392,0.56,1.0,1.0,1.0,0.12,0.80624
6515,,-0.015,0.80624,0.55,1.0,1.0,1.0,0.11,0.77856
6516,1,1.0,0.81356,0.54,0.97268,0.965,0.97268,0.1,0.78588
6517,,0.965,0.78588,0.53,0.98036,0.98,0.98036,0.09,0.7582
6518,,0.93,0.7582,0.52,0.98804,0.995,0.98804,0.08,0.73052
6519,,0.895,0.73052,0.51,0.99572,1.0,0.99572,0.07,0.70284
6520,,0.86,0.70284,0.5,1.0,1.0,1.0,0.06,0.67516
6521,,0.825,0.67516,0.49,1.0,1.0,1.0,0.05,0.64748
6522,,0.79,0.64748,0.48,1.0,1.0,1.0,0.04,0.6198
6523,,0.755,0.6198,0.47,1.0,1.0,1.0,0.03,0.59212
6524,,0.72,0.59212,0.46,1.0,1.0,1.0,0.02,0.56444
6525,,0.685,0.56444,0.45,1.0,1.0,1.0,0.01,0.53676
6526,,0.65,0.53676,0.44,1.0,1.0,1.0,-0.0,0.50908
6527,,0.615,0.50908,0.43,1.0,1.0,1.0,-0.01,0.4814
6528,7,0.58,0.4464,0.37,0.97268,1.0,1.0,1.0,0.48872
6529,,0.545,0.41872,0.36,0.98036,1.0,1.0,0.99,0.46104
6530,,0.51,0.39104,0.35,0.98804,1.0,1.0,0.98,0.43336
6531,,0.475,0.36336,0.34,0.99572,1.0,1.0,0.97,0.40568
6532,,0.44,0.33568,0.33,1.0,1.0,1.0,0.96,0.378
6533,,0.405,0.308,0.32,1.0,1.0,1.0,0.95,0.35032
6534,,0.37,0.28032,0.31,1.0,1.0,1.0,0.94,0.32264
6535,,0.335,0.25264,0.3,1.0,1.0,1.0,0.93,0.29496
6536,,0.3,0.22496,0.29,1.0,1.0,1.0,0.92,0.26728
6537,,0.265,0.19728,0.28,1.0,1.0,1.0,0.91,0.2396
6538,,0.23,0.1696,0.27,1.0,1.0,1.0,0.9,0.21192
6539,,0.195,0.14192,0.26,1.0,1.0,1.0,0.89,0.18424
6540,,0.16,0.11424,0.25,1.0,1.0,1.0,0.88,0.15656
6541,,0.125,0.08656,0.24,1.0,1.0,1.0,0.87,0.12888
6542,,0.09,0.05888,0.23,1.0,1.0,1.0,0.86,0.1012
6543,,0.055,0.0312,0.22,1.0,1.0,1.0,0.85,0.07352
6544,,0.02,0.00352,0.21,1.0,1.0,1.0,0.84,0.04584
6545,,-0.015,-0.02416,0.2,1.0,1.0,1.0,0.83,0.01816
6546,2,-0.015,1.0,0.225,1.0,0.98,0.95768,0.785,-0.00952
6547,1,1.0,1.0,0.215,0.97268,0.945,0.93036,0.775,-0.0022
6548,8,1.0,0.97232,0.17,0.93036,0.925,0.93804,0.8,1.0
6549,,0.965,0.94464,0.16,0.93804,0.94,0.94572,0.79,0.97232
6550,,0.93,0.91696,0.15,0.94572,0.955,0.9534,0.78,0.94464
6551,,0.895,0.88928,0.14,0.9534,0.97,0.96108,0.77,0.91696
6552,,0.86,0.8616,0.13,0.96108,0.985,0.96876,0.76,0.88928
6553,,0.825,0.83392,0.12,0.96876,1.0,0.97644,0.75,0.8616
6554,,0.79,0.80624,0.11,0.97644,1.0,0.98412,0.74,0.83392
6555,,0.755,0.77856,0.1,0.98412,1.0,0.9918,0.73,0.80624
6556,,0.72,0.75088,0.09,0.9918,1.0,0.99948,0.72,0.77856
6557,,0.685,0.7232,0.08,0.99948,1.0,1.0,0.71,0.75088
6558,,0.65,0.69552,0.07,1.0,1.0,1.0,0.7,0.7232
6559,,0.615,0.66784,0.06,1.0,1.0,1.0,0.69,0.69552
6560,,0.58,0.64016,0.05,1.0,1.0,1.0,0.68,0.66784
6561,,0.545,0.61248,0.04,1.0,1.0,1.0,0.67,0.64016
6562,,0.51,0.5848,0.03,1.0,1.0,1.0,0.66,0.61248
6563,,0.475,0.55712,0.02,1.0,1.0,1.0,0.65,0.5848
6564,,0.44,0.52944,0.01,1.0,1.0,1.0,0.64,0.55712
6565,,0.405,0.50176,-0.0,1.0,1.0,1.0,0.63,0.52944
6566,,0.37,0.47408,-0.01,1.0,1.0,1.0,0.62,0.50176
6567,3,0.335,0.4814,1.0,1.0,1.0,0.97268,0.56,0.43908
6568,,0.3,0.45372,0.99,1.0,1.0,0.98036,0.55,0.4114
6569,,0.265,0.42604,0.98,1.0,1.0,0.98804,0.54,0.38372
6570,,0.23,0.39836,0.97,1.0,1.0,0.99572,0.53,0.35604
6571,,0.195,0.37068,0.96,1.0,1.0,1.0,0.52,0.32836
6572,,0.16,0.343,0.95,1.0,1.0,1.0,0.51,0.30068
6573,,0.125,0.31532,0.94,1.0,1.0,1.0,0.5,0.273
6574,,0.09,0.28764,0.93,1.0,1.0,1.0,0.49,0.24532
6575,,0.055,0.25996,0.92,1.0,1.0,1.0,0.48,0.21764
6576,,0.02,0.23228,0.91,1.0,1.0,1.0,0.47,0.18996
6577,,-0.015,0.2046,0.9,1.0,1.0,1.0,0.46,0.16228
6578,1,1.0,0.21192,0.89,0.97268,0.965,0.97268,0.45,0.1696
6579,,0.965,0.18424,0.88,0.98036,0.98,0.98036,0.44,0.14192
6580,,0.93,0.15656,0.87,0.98804,0.995,0.98804,0.43,0.11424
6581,,0.895,0.12888,0.86,0.99572,1.0,0.99572,0.42,0.08656
6582,,0.86,0.1012,0.85,1.0,1.0,1.0,0.41,0.05888
6583,,0.825,0.07352,0.84,1.0,1.0,1.0,0.4,0.0312
6584,,0.79,0.04584,0.83,1.0,1.0,1.0,0.39,0.00352
6585,,0.755,0.01816,0.82,1.0,1.0,1.0,0.38,-0.02416
6586,8,0.755,-0.00952,0.775,0.95768,0.98,1.0,0.405,1.0
6587,2,0.755,1.0,0.8,0.96536,0.96,0.95768,0.36,0.97232
6588,,0.72,0.97232,0.79,0.97304,0.975,0.96536,0.35,0.94464
6589,,0.685,0.94464,0.78,0.98072,0.99,0.97304,0.34,0.91696
6590,,0.65,0.91696,0.77,0.9884,1.0,0.98072,0.33,0.88928
6591,,0.615,0.88928,0.76,0.99608,1.0,0.9884,0.32,0.8616
6592,,0.58,0.8616,0.75,1.0,1.0,0.99608,0.31,0.83392
6593,,0.545,0.83392,0.74,1.0,1.0,1.0,0.3,0.80624
6594,,0.51,0.80624,0.73,1.0,1.0,1.0,0.29,0.77856
6595,,0.475,0.77856,0.72,1.0,1.0,1.0,0.28,0.75088
6596,,0.44,0.75088,0.71,1.0,1.0,1.0,0.27,0.7232
6597,,0.405,0.7232,0.7,1.0,1.0,1.0,0.26,0.69552
6598,,0.37,0.69552,0.69,1.0,1.0,1.0,0.25,0.66784
6599,,0.335,0.66784,0.68,1.0,1.0,1.0,0.24,0.64016
6600,,0.3,0.64016,0.67,1.0,1.0,1.0,0.23,0.61248
6601,,0.265,0.61248,0.66,1.0,1.0,1.0,0.22,0.5848
6602,,0.23,0.5848,0.65,1.0,1.0,1.0,0.21,0.55712
6603,,0.195,0.55712,0.64,1.0,1.0,1.0,0.2,0.52944
6604,,0.16,0.52944,0.63,1.0,1.0,1.0,0.19,0.50176
6605,,0.125,0.50176,0.62,1.0,1.0,1.0,0.18,0.47408
6606,,0.09,0.47408,0.61,1.0,1.0,1.0,0.17,0.4464
6607,,0.055,0.4464,0.6,1.0,1.0,1.0,0.16,0.41872
6608,,0.02,0.41872,0.59,1.0,1.0,1.0,0.15,0.39104
6609,,-0.015,0.39104,0.58,1.0,1.0,1.0,0.14,0.36336
6610,1,1.0,0.39836,0.57,0.97268,0.965,0.97268,0.13,0.37068
6611,,0.965,0.37068,0.56,0.98036,0.98,0.98036,0.12,0.343
6612,,0.93,0.343,0.55,0.98804,0.995,0.98804,0.11,0.31532
6613,,0.895,0.31532,0.54,0.99572,1.0,0.99572,0.1,0.28764
6614,,0.86,0.28764,0.53,1.0,1.0,1.0,0.09,0.25996
6615,,0.825,0.25996,0.52,1.0,1.0,1.0,0.08,0.23228
6616,,0.79,0.23228,0.51,1.0,1.0,1.0,0.07,0.2046
6617,,0.755,0.2046,0.5,1.0,1.0,1.0,0.06,0.17692
6618,,0.72,0.17692,0.49,1.0,1.0,1.0,0.05,0.14924
6619,,0.685,0.14924,0.48,1.0,1.0,1.0,0.04,0.12156
6620,,0.65,0.12156,0.47,1.0,1.0,1.0,0.03,0.09388
6621,,0.615,0.09388,0.46,1.0,1.0,1.0,0.02,0.0662
6622,,0.58,0.0662,0.45,1.0,1.0,1.0,0.01,0.03852
6623,,0.545,0.03852,0.44,1.0,1.0,1.0,-0.0,0.01084
6624,,0.51,0.01084,0.43,1.0,1.0,1.0,-0.01,-0.01684
6625,8,0.51,-0.01684,0.385,0.95768,0.98,1.0,0.015,1.0
6626,2,0.51,1.0,0.41,0.96536,0.96,0.95768,-0.03,0.97232
6627,7,0.475,0.93732,0.35,0.93804,0.975,1.0,1.0,0.97964
6628,,0.44,0.90964,0.34,0.94572,0.99,1.0,0.99,0.95196
6629,,0.405,0.88196,0.33,0.9534,1.0,1.0,0.98,0.92428
6630,,0.37,0.85428,0.32,0.96108,1.0,1.0,0.97,0.8966
6631,,0.335,0.8266,0.31,0.96876,1.0,1.0,0.96,0.86892
6632,,0.3,0.79892,0.3,0.97644,1.0,1.0,0.95,0.84124
6633,,0.265,0.77124,0.29,0.98412,1.0,1.0,0.94,0.81356
6634,,0.23,0.74356,0.28,0.9918,1.0,1.0,0.93,0.78588
6635,,0.195,0.71588,0.27,0.99948,1.0,1.0,0.92,0.7582
6636,,0.16,0.6882,0.26,1.0,1.0,1.0,0.91,0.73052
6637,,0.125,0.66052,0.25,1.0,1.0,1.0,0.9,0.70284
6638,,0.09,0.63284,0.24,1.0,1.0,1.0,0.89,0.67516
6639,,0.055,0.60516,0.23,1.0,1.0,1.0,0.88,0.64748
6640,,0.02,0.57748,0.22,1.0,1.0,1.0,0.87,0.6198
6641,,-0.015,0.5498,0.21,1.0,1.0,1.0,0.86,0.59212
6642,1,1.0,0.55712,0.2,0.97268,0.965,0.97268,0.85,0.59944
6643,,0.965,0.52944,0.19,0.98036,0.98,0.98036,0.84,0.57176
6644,,0.93,0.50176,0.18,0.98804,0.995,0.98804,0.83,0.54408
6645,,0.895,0.47408,0.17,0.99572,1.0,0.99572,0.82,0.5164
6646,,0.86,0.4464,0.16,1.0,1.0,1.0,0.81,0.48872
6647,,0.825,0.41872,0.15,1.0,1.0,1.0,0.8,0.46104
6648,,0.79,0.39104,0.14,1.0,1.0,1.0,0.79,0.43336
6649,,0.755,0.36336,0.13,1.0,1.0,1.0,0.78,0.40568
6650,,0.72,0.33568,0.12,1.0,1.0,1.0,0.77,0.378
6651,,0.685,0.308,0.11,1.0,1.0,1.0,0.76,0.35032
6652,,0.65,0.28032,0.1,1.0,1.0,1.0,0.75,0.32264
6653,,0.615,0.25264,0.09,1.0,1.0,1.0,0.74,0.29496
6654,,0.58,0.22496,0.08,1.0,1.0,1.0,0.73,0.26728
6655,,0.545,0.19728,0.07,1.0,1.0,1.0,0.72,0.2396
6656,,0.51,0.1696,0.06,1.0,1.0,1.0,0.71,0.21192
6657,,0.475,0.14192,0.05,1.0,1.0,1.0,0.7,0.18424
6658,,0.44,0.11424,0.04,1.0,1.0,1.0,0.69,0.15656
6659,,0.405,0.08656,0.03,1.0,1.0,1.0,0.68,0.12888
6660,,0.37,0.05888,0.02,1.0,1.0,1.0,0.67,0.1012
6661,,0.335,0.0312,0.01,1.0,1.0,1.0,0.66,0.07352
6662,,0.3,0.00352,-0.0,1.0,1.0,1.0,0.65,0.04584
6663,,0.265,-0.02416,-0.01,1.0,1.0,1.0,0.64,0.01816
6664,2,0.265,1.0,0.015,1.0,0.98,0.95768,0.595,-0.00952
6665,8,0.265,0.97232,-0.03,0.95768,0.96,0.96536,0.62,1.0
6666,3,0.23,0.97964,1.0,1.0,0.975,0.93804,0.56,0.93732
6667,,0.195,0.95196,0.99,1.0,0.99,0.94572,0.55,0.90964
6668,,0.16,0.92428,0.98,1.0,1.0,0.9534,0.54,0.88196
6669,,0.125,0.8966,0.97,1.0,1.0,0.96108,0.53,0.85428
6670,,0.09,0.86892,0.96,1.0,1.0,0.96876,0.52,0.8266
6671,,0.055,0.84124,0.95,1.0,1.0,0.97644,0.51,0.79892
6672,,0.02,0.81356,0.94,1.0,1.0,0.98412,0.5,0.77124
6673,,-0.015,0.78588,0.93,1.0,1.0,0.9918,0.49,0.74356
6674,1,1.0,0.7932,0.92,0.97268,0.965,0.96448,0.48,0.75088
6675,,0.965,0.76552,0.91,0.98036,0.98,0.97216,0.47,0.7232
6676,,0.93,0.73784,0.9,0.98804,0.995,0.97984,0.46,0.69552
6677,,0.895,0.71016,0.89,0.99572,1.0,0.98752,0.45,0.66784
6678,,0.86,0.68248,0.88,1.0,1.0,0.9952,0.44,0.64016
6679,,0.825,0.6548,0.87,1.0,1.0,1.0,0.43,0.61248
6680,,0.79,0.62712,0.86,1.0,1.0,1.0,0.42,0.5848
6681,,0.755,0.59944,0.85,1.0,1.0,1.0,0.41,0.55712
6682,,0.72,0.57176,0.84,1.0,1.0,1.0,0.4,0.52944
6683,,0.685,0.54408,0.83,1.0,1.0,1.0,0.39,0.50176
6684,,0.65,0.5164,0.82,1.0,1.0,1.0,0.38,0.47408
6685,,0.615,0.48872,0.81,1.0,1.0,1.0,0.37,0.4464
6686,,0.58,0.46104,0.8,1.0,1.0,1.0,0.36,0.41872
6687,,0.545,0.43336,0.79,1.0,1.0,1.0,0.35,0.39104
6688,,0.51,0.40568,0.78,1.0,1.0,1.0,0.34,0.36336
6689,,0.475,0.378,0.77,1.0,1.0,1.0,0.33,0.33568
6690,,0.44,0.35032,0.76,1.0,1.0,1.0,0.32,0.308
6691,,0.405,0.32264,0.75,1.0,1.0,1.0,0.31,0.28032
6692,,0.37,0.29496,0.74,1.0,1.0,1.0,0.3,0.25264
6693,,0.335,0.26728,0.73,1.0,1.0,1.0,0.29,0.22496
6694,,0.3,0.2396,0.72,1.0,1.0,1.0,0.28,0.19728
6695,,0.265,0.21192,0.71,1.0,1.0,1.0,0.27,0.1696
6696,,0.23,0.18424,0.7,1.0,1.0,1.0,0.26,0.14192
6697,,0.195,0.15656,0.69,1.0,1.0,1.0,0.25,0.11424
6698,,0.16,0.12888,0.68,1.0,1.0,1.0,0.24,0.08656
6699,,0.125,0.1012,0.67,1.0,1.0,1.0,0.23,0.05888
6700,,0.09,0.07352,0.66,1.0,1.0,1.0,0.22,0.0312
6701,,0.055,0.04584,0.65,1.0,1.0,1.0,0.21,0.00352
6702,,0.02,0.01816,0.64,1.0,1.0,1.0,0.2,-0.02416
6703,8,0.02,-0.00952,0.595,0.95768,0.98,1.0,0.225,1.0
6704,2,0.02,1.0,0.62,0.96536,0.96,0.95768,0.18,0.97232
6705,,-0.015,0.97232,0.61,0.97304,0.975,0.96536,0.17,0.94464
6706,1,1.0,0.97964,0.6,0.94572,0.94,0.93804,0.16,0.95196
6707,,0.965,0.95196,0.59,0.9534,0.955,0.94572,0.15,0.92428
6708,,0.93,0.92428,0.58,0.96108,0.97,0.9534,0.14,0.8966
6709,,0.895,0.8966,0.57,0.96876,0.985,0.96108,0.13,0.86892
6710,,0.86,0.86892,0.56,0.97644,1.0,0.96876,0.12,0.84124
6711,,0.825,0.84124,0.55,0.98412,1.0,0.97644,0.11,0.81356
6712,,0.79,0.81356,0.54,0.9918,1.0,0.98412,0.1,0.78588
6713,,0.755,0.78588,0.53,0.99948,1.0,0.9918,0.09,0.7582
6714,,0.72,0.7582,0.52,1.0,1.0,0.99948,0.08,0.73052
6715,,0.685,0.73052,0.51,1.0,1.0,1.0,0.07,0.70284
6716,,0.65,0.70284,0.5,1.0,1.0,1.0,0.06,0.67516
6717,,0.615,0.67516,0.49,1.0,1.0,1.0,0.05,0.64748
6718,,0.58,0.64748,0.48,1.0,1.0,1.0,0.04,0.6198
6719,,0.545,0.6198,0.47,1.0,1.0,1.0,0.03,0.59212
6720,,0.51,0.59212,0.46,1.0,1.0,1.0,0.02,0.56444
6721,,0.475,0.56444,0.45,1.0,1.0,1.0,0.01,0.53676
6722,,0.44,0.53676,0.44,1.0,1.0,1.0,-0.0,0.50908
6723,,0.405,0.50908,0.43,1.0,1.0,1.0,-0.01,0.4814
6724,7,0.37,0.4464,0.37,0.97268,1.0,1.0,1.0,0.48872
6725,,0.335,0.41872,0.36,0.98036,1.0,1.0,0.99,0.46104
6726,,0.3,0.39104,0.35,0.98804,1.0,1.0,0.98,0.43336
6727,,0.265,0.36336,0.34,0.99572,1.0,1.0,0.97,0.40568
6728,,0.23,0.33568,0.33,1.0,1.0,1.0,0.96,0.378
6729,,0.195,0.308,0.32,1.0,1.0,1.0,0.95,0.35032
6730,,0.16,0.28032,0.31,1.0,1.0,1.0,0.94,0.32264
6731,,0.125,0.25264,0.3,1.0,1.0,1.0,0.93,0.29496
6732,,0.09,0.22496,0.29,1.0,1.0,1.0,0.92,0.26728
6733,,0.055,0.19728,0.28,1.0,1.0,1.0,0.91,0.2396
6734,,0.02,0.1696,0.27,1.0,1.0,1.0,0.9,0.21192
6735,,-0.015,0.14192,0.26,1.0,1.0,1.0,0.89,0.18424
6736,1,1.0,0.14924,0.25,0.97268,0.965,0.97268,0.88,0.19156
6737,,0.965,0.12156,0.24,0.98036,0.98,0.98036,0.87,0.16388
6738,,0.93,0.09388,0.23,0.98804,0.995,0.98804,0.86,0.1362
6739,,0.895,0.0662,0.22,0.99572,1.0,0.99572,0.85,0.10852
6740,,0.86,0.03852,0.21,1.0,1.0,1.0,0.84,0.08084
6741,,0.825,0.01084,0.2,1.0,1.0,1.0,0.83,0.05316
6742,,0.79,-0.01684,0.19,1.0,1.0,1.0,0.82,0.02548
6743,2,0.79,1.0,0.215,1.0,0.98,0.95768,0.775,-0.0022
6744,8,0.79,0.97232,0.17,0.95768,0.96,0.96536,0.8,1.0
6745,,0.755,0.94464,0.16,0.96536,0.975,0.97304,0.79,0.97232
6746,,0.72,0.91696,0.15,0.97304,0.99,0.98072,0.78,0.94464
6747,,0.685,0.88928,0.14,0.98072,1.0,0.9884,0.77,0.91696
6748,,0.65,0.8616,0.13,0.9884,1.0,0.99608,0.76,0.88928
6749,,0.615,0.83392,0.12,0.99608,1.0,1.0,0.75,0.8616
6750,,0.58,0.80624,0.11,1.0,1.0,1.0,0.74,0.83392
6751,,0.545,0.77856,0.1,1.0,1.0,1.0,0.73,0.80624
6752,,0.51,0.75088,0.09,1.0,1.0,1.0,0.72,0.77856
6753,,0.475,0.7232,0.08,1.0,1.0,1.0,0.71,0.75088
6754,,0.44,0.69552,0.07,1.0,1.0,1.0,0.7,0.7232
6755,,0.405,0.66784,0.06,1.0,1.0,1.0,0.69,0.69552
6756,,0.37,0.64016,0.05,1.0,1.0,1.0,0.68,0.66784
6757,,0.335,0.61248,0.04,1.0,1.0,1.0,0.67,0.64016
6758,,0.3,0.5848,0.03,1.0,1.0,1.0,0.66,0.61248
6759,,0.265,0.55712,0.02,1.0,1.0,1.0,0.65,0.5848
6760,,0.23,0.52944,0.01,1.0,1.0,1.0,0.64,0.55712
6761,,0.195,0.50176,-0.0,1.0,1.0,1.0,0.63,0.52944
6762,,0.16,0.47408,-0.01,1.0,1.0,1.0,0.62,0.50176
6763,3,0.125,0.4814,1.0,1.0,1.0,0.97268,0.56,0.43908
6764,,0.09,0.45372,0.99,1.0,1.0,0.98036,0.55,0.4114
6765,,0.055,0.42604,0.98,1.0,1.0,0.98804,0.54,0.38372
6766,,0.02,0.39836,0.97,1.0,1.0,0.99572,0.53,0.35604
6767,,-0.015,0.37068,0.96,1.0,1.0,1.0,0.52,0.32836
6768,1,1.0,0.378,0.95,0.97268,0.965,0.97268,0.51,0.33568
6769,,0.965,0.35032,0.94,0.98036,0.98,0.98036,0.5,0.308
6770,,0.93,0.32264,0.93,0.98804,0.995,0.98804,0.49,0.28032
6771,,0.895,0.29496,0.92,0.99572,1.0,0.99572,0.48,0.25264
6772,,0.86,0.26728,0.91,1.0,1.0,1.0,0.47,0.22496
6773,,0.825,0.2396,0.9,1.0,1.0,1.0,0.46,0.19728
6774,,0.79,0.21192,0.89,1.0,1.0,1.0,0.45,0.1696
6775,,0.755,0.18424,0.88,1.0,1.0,1.0,0.44,0.14192
6776,,0.72,0.15656,0.87,1.0,1.0,1.0,0.43,0.11424
6777,,0.685,0.12888,0.86,1.0,1.0,1.0,0.42,0.08656
6778,,0.65,0.1012,0.85,1.0,1.0,1.0,0.41,0.05888
6779,,0.615,0.07352,0.84,1.0,1.0,1.0,0.4,0.0312
6780,,0.58,0.04584,0.83,1.0,1.0,1.0,0.39,0.00352
6781,,0.545,0.01816,0.82,1.0,1.0,1.0,0.38,-0.02416
6782,8,0.545,-0.00952,0.775,0.95768,0.98,1.0,0.405,1.0
6783,2,0.545,1.0,0.8,0.96536,0.96,0.95768,0.36,0.97232
6784,,0.51,0.97232,0.79,0.97304,0.975,0.96536,0.35,0.94464
6785,,0.475,0.94464,0.78,0.98072,0.99,0.97304,0.34,0.91696
6786,,0.44,0.91696,0.77,0.9884,1.0,0.98072,0.33,0.88928
6787,,0.405,0.88928,0.76,0.99608,1.0,0.9884,0.32,0.8616
6788,,0.37,0.8616,0.75,1.0,1.0,0.99608,0.31,0.83392
6789,,0.335,0.83392,0.74,1.0,1.0,1.0,0.3,0.80624
6790,,0.3,0.80624,0.73,1.0,1.0,1.0,0.29,0.77856
6791,,0.265,0.77856,0.72,1.0,1.0,1.0,0.28,0.75088
6792,,0.23,0.75088,0.71,1.0,1.0,1.0,0.27,0.7232
6793,,0.195,0.7232,0.7,1.0,1.0,1.0,0.26,0.69552
6794,,0.16,0.69552,0.69,1.0,1.0,1.0,0.25,0.66784
6795,,0.125,0.66784,0.68,1.0,1.0,1.0,0.24,0.64016
6796,,0.09,0.64016,0.67,1.0,1.0,1.0,0.23,0.61248
6797,,0.055,0.61248,0.66,1.0,1.0,1.0,0.22,0.5848
6798,,0.02,0.5848,0.65,1.0,1.0,1.0,0.21,0.55712
6799,,-0.015,0.55712,0.64,1.0,1.0,1.0,0.2,0.52944
6800,1,1.0,0.56444,0.63,0.97268,0.965,0.97268,0.19,0.53676
6801,,0.965,0.53676,0.62,0.98036,0.98,0.98036,0.18,0.50908
6802,,0.93,0.50908,0.61,0.98804,0.995,0.98804,0.17,0.4814
6803,,0.895,0.4814,0.6,0.99572,1.0,0.99572,0.16,0.45372
6804,,0.86,0.45372,0.59,1.0,1.0,1.0,0.15,0.42604
6805,,0.825,0.42604,0.58,1.0,1.0,1.0,0.14,0.39836
6806,,0.79,0.39836,0.57,1.0,1.0,1.0,0.13,0.37068
6807,,0.755,0.37068,0.56,1.0,1.0,1.0,0.12,0.343
6808,,0.72,0.343,0.55,1.0,1.0,1.0,0.11,0.31532
6809,,0.685,0.31532,0.54,1.0,1.0,1.0,0.1,0.28764
6810,,0.65,0.28764,0.53,1.0,1.0,1.0,0.09,0.25996
6811,,0.615,0.25996,0.52,1.0,1.0,1.0,0.08,0.23228
6812,,0.58,0.23228,0.51,1.0,1.0,1.0,0.07,0.2046
6813,,0.545,0.2046,0.5,1.0,1.0,1.0,0.06,0.17692
6814,,0.51,0.17692,0.49,1.0,1.0,1.0,0.05,0.14924
6815,,0.475,0.14924,0.48,1.0,1.0,1.0,0.04,0.12156
6816,,0.44,0.12156,0.47,1.0,1.0,1.0,0.03,0.09388
6817,,0.405,0.09388,0.46,1.0,1.0,1.0,0.02,0.0662
6818,,0.37,0.0662,0.45,1.0,1.0,1.0,0.01,0.03852
6819,,0.335,0.03852,0.44,1.0,1.0,1.0,-0.0,0.01084
6820,,0.3,0.01084,0.43,1.0,1.0,1.0,-0.01,-0.01684
6821,8,0.3,-0.01684,0.385,0.95768,0.98,1.0,0.015,1.0
6822,2,0.3,1.0,0.41,0.96536,0.96,0.95768,-0.03,0.97232
6823,7,0.265,0.93732,0.35,0.93804,0.975,1.0,1.0,0.97964
6824,,0.23,0.90964,0.34,0.94572,0.99,1.0,0.99,0.95196
6825,,0.195,0.88196,0.33,0.9534,1.0,1.0,0.98,0.92428
6826,,0.16,0.85428,0.32,0.96108,1.0,1.0,0.97,0.8966
6827,,0.125,0.8266,0.31,0.96876,1.0,1.0,0.96,0.86892
6828,,0.09,0.79892,0.3,0.97644,1.0,1.0,0.95,0.84124
6829,,0.055,0.77124,0.29,0.98412,1.0,1.0,0.94,0.81356
6830,,0.02,0.74356,0.28,0.9918,1.0,1.0,0.93,0.78588
6831,,-0.015,0.71588,0.27,0.99948,1.0,1.0,0.92,0.7582
6832,1,1.0,0.7232,0.26,0.97216,0.965,0.97268,0.91,0.76552
6833,,0.965,0.69552,0.25,0.97984,0.98,0.98036,0.9,0.73784
6834,,0.93,0.66784,0.24,0.98752,0.995,0.98804,0.89,0.71016
6835,,0.895,0.64016,0.23,0.9952,1.0,0.99572,0.88,0.68248
6836,,0.86,0.61248,0.22,1.0,1.0,1.0,0.87,0.6548
6837,,0.825,0.5848,0.21,1.0,1.0,1.0,0.86,0.62712
6838,,0.79,0.55712,0.2,1.0,1.0,1.0,0.85,0.59944
6839,,0.755,0.52944,0.19,1.0,1.0,1.0,0.84,0.57176
6840,,0.72,0.50176,0.18,1.0,1.0,1.0,0.83,0.54408
6841,,0.685,0.47408,0.17,1.0,1.0,1.0,0.82,0.5164
6842,,0.65,0.4464,0.16,1.0,1.0,1.0,0.81,0.48872
6843,,0.615,0.41872,0.15,1.0,1.0,1.0,0.8,0.46104
6844,,0.58,0.39104,0.14,1.0,1.0,1.0,0.79,0.43336
6845,,0.545,0.36336,0.13,1.0,1.0,1.0,0.78,0.40568
6846,,0.51,0.33568,0.12,1.0,1.0,1.0,0.77,0.378
6847,,0.475,0.308,0.11,1.0,1.0,1.0,0.76,0.35032
6848,,0.44,0.28032,0.1,1.0,1.0,1.0,0.75,0.32264
6849,,0.405,0.25264,0.09,1.0,1.0,1.0,0.74,0.29496
6850,,0.37,0.22496,0.08,1.0,1.0,1.0,0.73,0.26728
6851,,0.335,0.19728,0.07,1.0,1.0,1.0,0.72,0.2396
6852,,0.3,0.1696,0.06,1.0,1.0,1.0,0.71,0.21192
6853,,0.265,0.14192,0.05,1.0,1.0,1.0,0.7,0.18424
6854,,0.23,0.11424,0.04,1.0,1.0,1.0,0.69,0.15656
6855,,0.195,0.08656,0.03,1.0,1.0,1.0,0.68,0.12888
6856,,0.16,0.05888,0.02,1.0,1.0,1.0,0.67,0.1012
6857,,0.125,0.0312,0.01,1.0,1.0,1.0,0.66,0.07352
6858,,0.09,0.00352,-0.0,1.0,1.0,1.0,0.65,0.04584
6859,,0.055,-0.02416,-0.01,1.0,1.0,1.0,0.64,0.01816
6860,2,0.055,1.0,0.015,1.0,0.98,0.95768,0.595,-0.00952
6861,8,0.055,0.97232,-0.03,0.95768,0.96,0.96536,0.62,1.0
6862,3,0.02,0.97964,1.0,1.0,0.975,0.93804,0.56,0.93732
6863,,-0.015,0.95196,0.99,1.0,0.99,0.94572,0.55,0.90964
6864,1,1.0,0.95928,0.98,0.97268,0.955,0.9184,0.54,0.91696
6865,,0.965,0.9316,0.97,0.98036,0.97,0.92608,0.53,0.88928
6866,,0.93,0.90392,0.96,0.98804,0.985,0.93376,0.52,0.8616
6867,,0.895,0.87624,0.95,0.99572,1.0,0.94144,0.51,0.83392
6868,,0.86,0.84856,0.94,1.0,1.0,0.94912,0.5,0.80624
6869,,0.825,0.82088,0.93,1.0,1.0,0.9568,0.49,0.77856
6870,,0.79,0.7932,0.92,1.0,1.0,0.96448,0.48,0.75088
6871,,0.755,0.76552,0.91,1.0,1.0,0.97216,0.47,0.7232
6872,,0.72,0.73784,0.9,1.0,1.0,0.97984,0.46,0.69552
6873,,0.685,0.71016,0.89,1.0,1.0,0.98752,0.45,0.66784
6874,,0.65,0.68248,0.88,1.0,1.0,0.9952,0.44,0.64016
6875,,0.615,0.6548,0.87,1.0,1.0,1.0,0.43,0.61248
6876,,0.58,0.62712,0.86,1.0,1.0,1.0,0.42,0.5848
6877,,0.545,0.59944,0.85,1.0,1.0,1.0,0.41,0.55712
6878,,0.51,0.57176,0.84,1.0,1.0,1.0,0.4,0.52944
6879,,0.475,0.54408,0.83,1.0,1.0,1.0,0.39,0.50176
6880,,0.44,0.5164,0.82,1.0,1.0,1.0,0.38,0.47408
6881,,0.405,0.48872,0.81,1.0,1.0,1.0,0.37,0.4464
6882,,0.37,0.46104,0.8,1.0,1.0,1.0,0.36,0.41872
6883,,0.335,0.43336,0.79,1.0,1.0,1.0,0.35,0.39104
6884,,0.3,0.40568,0.78,1.0,1.0,1.0,0.34,0.36336
6885,,0.265,0.378,0.77,1.0,1.0,1.0,0.33,0.33568
6886,,0.23,0.35032,0.76,1.0,1.0,1.0,0.32,0.308
6887,,0.195,0.32264,0.75,1.0,1.0,1.0,0.31,0.28032
6888,,0.16,0.29496,0.74,1.0,1.0,1.0,0.3,0.25264
6889,,0.125,0.26728,0.73,1.0,1.0,1.0,0.29,0.22496
6890,,0.09,0.2396,0.72,1.0,1.0,1.0,0.28,0.19728
6891,,0.055,0.21192,0.71,1.0,1.0,1.0,0.27,0.1696
6892,,0.02,0.18424,0.7,1.0,1.0,1.0,0.26,0.14192
6893,,-0.015,0.15656,0.69,1.0,1.0,1.0,0.25,0.11424
6894,1,1.0,0.16388,0.68,0.97268,0.965,0.97268,0.24,0.12156
6895,,0.965,0.1362,0.67,0.98036,0.98,0.98036,0.23,0.09388
6896,,0.93,0.10852,0.66,0.98804,0.995,0.98804,0.22,0.0662
6897,,0.895,0.08084,0.65,0.99572,1.0,0.99572,0.21,0.03852
6898,,0.86,0.05316,0.64,1.0,1.0,1.0,0.2,0.01084
6899,,0.825,0.02548,0.63,1.0,1.0,1.0,0.19,-0.01684
6900,8,0.825,-0.0022,0.585,0.95768,0.98,1.0,0.215,1.0
6901,2,0.825,1.0,0.61,0.96536,0.96,0.95768,0.17,0.97232
6902,,0.79,0.97232,0.6,0.97304,0.975,0.96536,0.16,0.94464
6903,,0.755,0.94464,0.59,0.98072,0.99,0.97304,0.15,0.91696
6904,,0.72,0.91696,0.58,0.9884,1.0,0.98072,0.14,0.88928
6905,,0.685,0.88928,0.57,0.99608,1.0,0.9884,0.13,0.8616
6906,,0.65,0.8616,0.56,1.0,1.0,0.99608,0.12,0.83392
6907,,0.615,0.83392,0.55,1.0,1.0,1.0,0.11,0.80624
6908,,0.58,0.80624,0.54,1.0,1.0,1.0,0.1,0.77856
6909,,0.545,0.77856,0.53,1.0,1.0,1.0,0.09,0.75088
6910,,0.51,0.75088,0.52,1.0,1.0,1.0,0.08,0.7232
6911,,0.475,0.7232,0.51,1.0,1.0,1.0,0.07,0.69552
6912,,0.44,0.69552,0.5,1.0,1.0,1.0,0.06,0.66784
6913,,0.405,0.66784,0.49,1.0,1.0,1.0,0.05,0.64016
6914,,0.37,0.64016,0.48,1.0,1.0,1.0,0.04,0.61248
6915,,0.335,0.61248,0.47,1.0,1.0,1.0,0.03,0.5848
6916,,0.3,0.5848,0.46,1.0,1.0,1.0,0.02,0.55712
6917,,0.265,0.55712,0.45,1.0,1.0,1.0,0.01,0.52944
6918,,0.23,0.52944,0.44,1.0,1.0,1.0,-0.0,0.50176
6919,,0.195,0.50176,0.43,1.0,1.0,1.0,-0.01,0.47408
6920,7,0.16,0.43908,0.37,0.97268,1.0,1.0,1.0,0.4814
6921,,0.125,0.4114,0.36,0.98036,1.0,1.0,0.99,0.45372
6922,,0.09,0.38372,0.35,0.98804,1.0,1.0,0.98,0.42604
6923,,0.055,0.35604,0.34,0.99572,1.0,1.0,0.97,0.39836
6924,,0.02,0.32836,0.33,1.0,1.0,1.0,0.96,0.37068
6925,,-0.015,0.30068,0.32,1.0,1.0,1.0,0.95,0.343
6926,1,1.0,0.308,0.31,0.97268,0.965,0.97268,0.94,0.35032
6927,,0.965,0.28032,0.3,0.98036,0.98,0.98036,0.93,0.32264
6928,,0.93,0.25264,0.29,0.98804,0.995,0.98804,0.92,0.29496
6929,,0.895,0.22496,0.28,0.99572,1.0,0.99572,0.91,0.26728
6930,,0.86,0.19728,0.27,1.0,1.0,1.0,0.9,0.2396
6931,,0.825,0.1696,0.26,1.0,1.0,1.0,0.89,0.21192
6932,,0.79,0.14192,0.25,1.0,1.0,1.0,0.88,0.18424
6933,,0.755,0.11424,0.24,1.0,1.0,1.0,0.87,0.15656
6934,,0.72,0.08656,0.23,1.0,1.0,1.0,0.86,0.12888
6935,,0.685,0.05888,0.22,1.0,1.0,1.0,0.85,0.1012
6936,,0.65,0.0312,0.21,1.0,1.0,1.0,0.84,0.07352
6937,,0.615,0.00352,0.2,1.0,1.0,1.0,0.83,0.04584
6938,,0.58,-0.02416,0.19,1.0,1.0,1.0,0.82,0.01816
6939,2,0.58,1.0,0.215,1.0,0.98,0.95768,0.775,-0.00952
6940,8,0.58,0.97232,0.17,0.95768,0.96,0.96536,0.8,1.0
6941,,0.545,0.94464,0.16,0.96536,0.975,0.97304,0.79,0.97232
6942,,0.51,0.91696,0.15,0.97304,0.99,0.98072,0.78,0.94464
6943,,0.475,0.88928,0.14,0.98072,1.0,0.9884,0.77,0.91696
6944,,0.44,0.8616,0.13,0.9884,1.0,0.99608,0.76,0.88928
6945,,0.405,0.83392,0.12,0.99608,1.0,1.0,0.75,0.8616
6946,,0.37,0.80624,0.11,1.0,1.0,1.0,0.74,0.83392
6947,,0.335,0.77856,0.1,1.0,1.0,1.0,0.73,0.80624
6948,,0.3,0.75088,0.09,1.0,1.0,1.0,0.72,0.77856
6949,,0.265,0.7232,0.08,1.0,1.0,1.0,0.71,0.75088
6950,,0.23,0.69552,0.07,1.0,1.0,1.0,0.7,0.7232
6951,,0.195,0.66784,0.06,1.0,1.0,1.0,0.69,0.69552
6952,,0.16,0.64016,0.05,1.0,1.0,1.0,0.68,0.66784
6953,,0.125,0.61248,0.04,1.0,1.0,1.0,0.67,0.64016
6954,,0.09,0.5848,0.03,1.0,1.0,1.0,0.66,0.61248
6955,,0.055,0.55712,0.02,1.0,1.0,1.0,0.65,0.5848
6956,,0.02,0.52944,0.01,1.0,1.0,1.0,0.64,0.55712
6957,,-0.015,0.50176,-0.0,1.0,1.0,1.0,0.63,0.52944
6958,1,1.0,0.50908,-0.01,0.97268,0.965,0.97268,0.62,0.53676
6959,3,0.965,0.5164,1.0,1.0,0.98,0.94536,0.56,0.47408
6960,,0.93,0.48872,0.99,1.0,0.995,0.95304,0.55,0.4464
6961,,0.895,0.46104,0.98,1.0,1.0,0.96072,0.54,0.41872
6962,,0.86,0.43336,0.97,1.0,1.0,0.9684,0.53,0.39104
6963,,0.825,0.40568,0.96,1.0,1.0,0.97608,0.52,0.36336
6964,,0.79,0.378,0.95,1.0,1.0,0.98376,0.51,0.33568
6965,,0.755,0.35032,0.94,1.0,1.0,0.99144,0.5,0.308
6966,,0.72,0.32264,0.93,1.0,1.0,0.99912,0.49,0.28032
6967,,0.685,0.29496,0.92,1.0,1.0,1.0,0.48,0.25264
6968,,0.65,0.26728,0.91,1.0,1.0,1.0,0.47,0.22496
6969,,0.615,0.2396,0.9,1.0,1.0,1.0,0.46,0.19728
6970,,0.58,0.21192,0.89,1.0,1.0,1.0,0.45,0.1696
6971,,0.545,0.18424,0.88,1.0,1.0,1.0,0.44,0.14192
6972,,0.51,0.15656,0.87,1.0,1.0,1.0,0.43,0.11424
6973,,0.475,0.12888,0.86,1.0,1.0,1.0,0.42,0.08656
6974,,0.44,0.1012,0.85,1.0,1.0,1.0,0.41,0.05888
6975,,0.405,0.07352,0.84,1.0,1.0,1.0,0.4,0.0312
6976,,0.37,0.04584,0.83,1.0,1.0,1.0,0.39,0.00352
6977,,0.335,0.01816,0.82,1.0,1.0,1.0,0.38,-0.02416
6978,8,0.335,-0.00952,0.775,0.95768,0.98,1.0,0.405,1.0
6979,2,0.335,1.0,0.8,0.96536,0.96,0.95768,0.36,0.97232
6980,,0.3,0.97232,0.79,0.97304,0.975,0.96536,0.35,0.94464
6981,,0.265,0.94464,0.78,0.98072,0.99,0.97304,0.34,0.91696
6982,,0.23,0.91696,0.77,0.9884,1.0,0.98072,0.33,0.88928
6983,,0.195,0.88928,0.76,0.99608,1.0,0.9884,0.32,0.8616
6984,,0.16,0.8616,0.75,1.0,1.0,0.99608,0.31,0.83392
6985,,0.125,0.83392,0.74,1.0,1.0,1.0,0.3,0.80624
6986,,0.09,0.80624,0.73,1.0,1.0,1.0,0.29,0.77856
6987,,0.055,0.77856,0.72,1.0,1.0,1.0,0.28,0.75088
6988,,0.02,0.75088,0.71,1.0,1.0,1.0,0.27,0.7232
6989,,-0.015,0.7232,0.7,1.0,1.0,1.0,0.26,0.69552
6990,1,1.0,0.73052,0.69,0.97268,0.965,0.97268,0.25,0.70284
6991,,0.965,0.70284,0.68,0.98036,0.98,0.98036,0.24,0.67516
6992,,0.93,0.67516,0.67,0.98804,0.995,0.98804,0.23,0.64748
6993,,0.895,0.64748,0.66,0.99572,1.0,0.99572,0.22,0.6198
6994,,0.86,0.6198,0.65,1.0,1.0,1.0,0.21,0.59212
6995,,0.825,0.59212,0.64,1.0,1.0,1.0,0.2,0.56444
6996,,0.79,0.56444,0.63,1.0,1.0,1.0,0.19,0.53676
6997,,0.755,0.53676,0.62,1.0,1.0,1.0,0.18,0.50908
6998,,0.72,0.50908,0.61,1.0,1.0,1.0,0.17,0.4814
6999,,0.685,0.4814,0.6,1.0,1.0,1.0,0.16,0.45372
7000,,0.65,0.45372,0.59,1.0,1.0,1.0,0.15,0.42604
7001,,0.615,0.42604,0.58,1.0,1.0,1.0,0.14,0.39836
7002,,0.58,0.39836,0.57,1.0,1.0,1.0,0.13,0.37068
7003,,0.545,0.37068,0.56,1.0,1.0,1.0,0.12,0.343
7004,,0.51,0.343,0.55,1.0,1.0,1.0,0.11,0.31532
7005,,0.475,0.31532,0.54,1.0,1.0,1.0,0.1,0.28764
7006,,0.44,0.28764,0.53,1.0,1.0,1.0,0.09,0.25996
7007,,0.405,0.25996,0.52,1.0,1.0,1.0,0.08,0.23228
7008,,0.37,0.23228,0.51,1.0,1.0,1.0,0.07,0.2046
7009,,0.335,0.2046,0.5,1.0,1.0,1.0,0.06,0.17692
7010,,0.3,0.17692,0.49,1.0,1.0,1.0,0.05,0.14924
7011,,0.265,0.14924,0.48,1.0,1.0,1.0,0.04,0.12156
7012,,0.23,0.12156,0.47,1.0,1.0,1.0,0.03,0.09388
7013,,0.195,0.09388,0.46,1.0,1.0,1.0,0.02,0.0662
7014,,0.16,0.0662,0.45,1.0,1.0,1.0,0.01,0.03852
7015,,0.125,0.03852,0.44,1.0,1.0,1.0,-0.0,0.01084
7016,,0.09,0.01084,0.43,1.0,1.0,1.0,-0.01,-0.01684
7017,8,0.09,-0.01684,0.385,0.95768,0.98,1.0,0.015,1.0
7018,2,0.09,1.0,0.41,0.96536,0.96,0.95768,-0.03,0.97232
7019,7,0.055,0.93732,0.35,0.93804,0.975,1.0,1.0,0.97964
7020,,0.02,0.90964,0.34,0.94572,0.99,1.0,0.99,0.95196
7021,,-0.015,0.88196,0.33,0.9534,1.0,1.0,0.98,0.92428
7022,1,1.0,0.88928,0.32,0.92608,0.965,0.97268,0.97,0.9316
7023,,0.965,0.8616,0.31,0.93376,0.98,0.98036,0.96,0.90392
7024,,0.93,0.83392,0.3,0.94144,0.995,0.98804,0.95,0.87624
7025,,0.895,0.80624,0.29,0.94912,1.0,0.99572,0.94,0.84856
7026,,0.86,0.77856,0.28,0.9568,1.0,1.0,0.93,0.82088
7027,,0.825,0.75088,0.27,0.96448,1.0,1.0,0.92,0.7932
7028,,0.79,0.7232,0.26,0.97216,1.0,1.0,0.91,0.76552
7029,,0.755,0.69552,0.25,0.97984,1.0,1.0,0.9,0.73784
7030,,0.72,0.66784,0.24,0.98752,1.0,1.0,0.89,0.71016
7031,,0.685,0.64016,0.23,0.9952,1.0,1.0,0.88,0.68248
7032,,0.65,0.61248,0.22,1.0,1.0,1.0,0.87,0.6548
7033,,0.615,0.5848,0.21,1.0,1.0,1.0,0.86,0.62712
7034,,0.58,0.55712,0.2,1.0,1.0,1.0,0.85,0.59944
7035,,0.545,0.52944,0.19,1.0,1.0,1.0,0.84,0.57176
7036,,0.51,0.50176,0.18,1.0,1.0,1.0,0.83,0.54408
7037,,0.475,0.47408,0.17,1.0,1.0,1.0,0.82,0.5164
7038,,0.44,0.4464,0.16,1.0,1.0,1.0,0.81,0.48872
7039,,0.405,0.41872,0.15,1.0,1.0,1.0,0.8,0.46104
7040,,0.37,0.39104,0.14,1.0,1.0,1.0,0.79,0.43336
7041,,0.335,0.36336,0.13,1.0,1.0,1.0,0.78,0.40568
7042,,0.3,0.33568,0.12,1.0,1.0,1.0,0.77,0.378
7043,,0.265,0.308,0.11,1.0,1.0,1.0,0.76,0.35032
7044,,0.23,0.28032,0.1,1.0,1.0,1.0,0.75,0.32264
7045,,0.195,0.25264,0.09,1.0,1.0,1.0,0.74,0.29496
7046,,0.16,0.22496,0.08,1.0,1.0,1.0,0.73,0.26728
7047,,0.125,0.19728,0.07,1.0,1.0,1.0,0.72,0.2396
7048,,0.09,0.1696,0.06,1.0,1.0,1.0,0.71,0.21192
7049,,0.055,0.14192,0.05,1.0,1.0,1.0,0.7,0.18424
7050,,0.02,0.11424,0.04,1.0,1.0,1.0,0.69,0.15656
7051,,-0.015,0.08656,0.03,1.0,1.0,1.0,0.68,0.12888
7052,1,1.0,0.09388,0.02,0.97268,0.965,0.97268,0.67,0.1362
7053,,0.965,0.0662,0.01,0.98036,0.98,0.98036,0.66,0.10852
7054,,0.93,0.03852,-0.0,0.98804,0.995,0.98804,0.65,0.08084
7055,,0.895,0.01084,-0.01,0.99572,1.0,0.99572,0.64,0.05316
7056,3,0.86,0.01816,1.0,1.0,1.0,0.9684,0.58,-0.00952
7057,8,0.86,-0.00952,0.955,0.95768,0.98,0.97608,0.605,1.0
7058,2,0.86,1.0,0.98,0.96536,0.96,0.93376,0.56,0.97232
7059,,0.825,0.97232,0.97,0.97304,0.975,0.94144,0.55,0.94464
7060,,0.79,0.94464,0.96,0.98072,0.99,0.94912,0.54,0.91696
7061,,0.755,0.91696,0.95,0.9884,1.0,0.9568,0.53,0.88928
7062,,0.72,0.88928,0.94,0.99608,1.0,0.96448,0.52,0.8616
7063,,0.685,0.8616,0.93,1.0,1.0,0.97216,0.51,0.83392
7064,,0.65,0.83392,0.92,1.0,1.0,0.97984,0.5,0.80624
7065,,0.615,0.80624,0.91,1.0,1.0,0.98752,0.49,0.77856
7066,,0.58,0.77856,0.9,1.0,1.0,0.9952,0.48,0.75088
7067,,0.545,0.75088,0.89,1.0,1.0,1.0,0.47,0.7232
7068,,0.51,0.7232,0.88,1.0,1.0,1.0,0.46,0.69552
7069,,0.475,0.69552,0.87,1.0,1.0,1.0,0.45,0.66784
7070,,0.44,0.66784,0.86,1.0,1.0,1.0,0.44,0.64016
7071,,0.405,0.64016,0.85,1.0,1.0,1.0,0.43,0.61248
7072,,0.37,0.61248,0.84,1.0,1.0,1.0,0.42,0.5848
7073,,0.335,0.5848,0.83,1.0,1.0,1.0,0.41,0.55712
7074,,0.3,0.55712,0.82,1.0,1.0,1.0,0.4,0.52944
7075,,0.265,0.52944,0.81,1.0,1.0,1.0,0.39,0.50176
7076,,0.23,0.50176,0.8,1.0,1.0,1.0,0.38,0.47408
7077,,0.195,0.47408,0.79,1.0,1.0,1.0,0.37,0.4464
7078,,0.16,0.4464,0.78,1.0,1.0,1.0,0.36,0.41872
7079,,0.125,0.41872,0.77,1.0,1.0,1.0,0.35,0.39104
7080,,0.09,0.39104,0.76,1.0,1.0,1.0,0.34,0.36336
7081,,0.055,0.36336,0.75,1.0,1.0,1.0,0.33,0.33568
7082,,0.02,0.33568,0.74,1.0,1.0,1.0,0.32,0.308
7083,,-0.015,0.308,0.73,1.0,1.0,1.0,0.31,0.28032
7084,1,1.0,0.31532,0.72,0.97268,0.965,0.97268,0.3,0.28764
7085,,0.965,0.28764,0.71,0.98036,0.98,0.98036,0.29,0.25996
7086,,0.93,0.25996,0.7,0.98804,0.995,0.98804,0.28,0.23228
7087,,0.895,0.23228,0.69,0.99572,1.0,0.99572,0.27,0.2046
7088,,0.86,0.2046,0.68,1.0,1.0,1.0,0.26,0.17692
7089,,0.825,0.17692,0.67,1.0,1.0,1.0,0.25,0.14924
7090,,0.79,0.14924,0.66,1.0,1.0,1.0,0.24,0.12156
7091,,0.755,0.12156,0.65,1.0,1.0,1.0,0.23,0.09388
7092,,0.72,0.09388,0.64,1.0,1.0,1.0,0.22,0.0662
7093,,0.685,0.0662,0.63,1.0,1.0,1.0,0.21,0.03852
7094,,0.65,0.03852,0.62,1.0,1.0,1.0,0.2,0.01084
7095,,0.615,0.01084,0.61,1.0,1.0,1.0,0.19,-0.01684
7096,8,0.615,-0.01684,0.565,0.95768,0.98,1.0,0.215,1.0
7097,2,0.615,1.0,0.59,0.96536,0.96,0.95768,0.17,0.97232
7098,,0.58,0.97232,0.58,0.97304,0.975,0.96536,0.16,0.94464
7099,,0.545,0.94464,0.57,0.98072,0.99,0.97304,0.15,0.91696
7100,,0.51,0.91696,0.56,0.9884,1.0,0.98072,0.14,0.88928
7101,,0.475,0.88928,0.55,0.99608,1.0,0.9884,0.13,0.8616
7102,,0.44,0.8616,0.54,1.0,1.0,0.99608,0.12,0.83392
7103,,0.405,0.83392,0.53,1.0,1.0,1.0,0.11,0.80624
7104,,0.37,0.80624,0.52,1.0,1.0,1.0,0.1,0.77856
7105,,0.335,0.77856,0.51,1.0,1.0,1.0,0.09,0.75088
7106,,0.3,0.75088,0.5,1.0,1.0,1.0,0.08,0.7232
7107,,0.265,0.7232,0.49,1.0,1.0,1.0,0.07,0.69552
7108,,0.23,0.69552,0.48,1.0,1.0,1.0,0.06,0.66784
7109,,0.195,0.66784,0.47,1.0,1.0,1.0,0.05,0.64016
7110,,0.16,0.64016,0.46,1.0,1.0,1.0,0.04,0.61248
7111,,0.125,0.61248,0.45,1.0,1.0,1.0,0.03,0.5848
7112,,0.09,0.5848,0.44,1.0,1.0,1.0,0.02,0.55712
7113,,0.055,0.55712,0.43,1.0,1.0,1.0,0.01,0.52944
7114,,0.02,0.52944,0.42,1.0,1.0,1.0,-0.0,0.50176
7115,,-0.015,0.50176,0.41,1.0,1.0,1.0,-0.01,0.47408
7116,1,1.0,0.50908,0.4,0.97268,0.965,0.97268,-0.02,0.4814
7117,7,0.965,0.4464,0.34,0.94536,0.98,1.0,1.0,0.48872
7118,,0.93,0.41872,0.33,0.95304,0.995,1.0,0.99,0.46104
7119,,0.895,0.39104,0.32,0.96072,1.0,1.0,0.98,0.43336
7120,,0.86,0.36336,0.31,0.9684,1.0,1.0,0.97,0.40568
7121,,0.825,0.33568,0.3,0.97608,1.0,1.0,0.96,0.378
7122,,0.79,0.308,0.29,0.98376,1.0,1.0,0.95,0.35032
7123,,0.755,0.28032,0.28,0.99144,1.0,1.0,0.94,0.32264
7124,,0.72,0.25264,0.27,0.99912,1.0,1.0,0.93,0.29496
7125,,0.685,0.22496,0.26,1.0,1.0,1.0,0.92,0.26728
7126,,0.65,0.19728,0.25,1.0,1.0,1.0,0.91,0.2396
7127,,0.615,0.1696,0.24,1.0,1.0,1.0,0.9,0.21192
7128,,0.58,0.14192,0.23,1.0,1.0,1.0,0.89,0.18424
7129,,0.545,0.11424,0.22,1.0,1.0,1.0,0.88,0.15656
7130,,0.51,0.08656,0.21,1.0,1.0,1.0,0.87,0.12888
7131,,0.475,0.05888,0.2,1.0,1.0,1.0,0.86,0.1012
7132,,0.44,0.0312,0.19,1.0,1.0,1.0,0.85,0.07352
7133,,0.405,0.00352,0.18,1.0,1.0,1.0,0.84,0.04584
7134,,0.37,-0.02416,0.17,1.0,1.0,1.0,0.83,0.01816
7135,2,0.37,1.0,0.195,1.0,0.98,0.95768,0.785,-0.00952
7136,8,0.37,0.97232,0.15,0.95768,0.96,0.96536,0.81,1.0
7137,,0.335,0.94464,0.14,0.96536,0.975,0.97304,0.8,0.97232
7138,,0.3,0.91696,0.13,0.97304,0.99,0.98072,0.79,0.94464
7139,,0.265,0.88928,0.12,0.98072,1.0,0.9884,0.78,0.91696
7140,,0.23,0.8616,0.11,0.9884,1.0,0.99608,0.77,0.88928
7141,,0.195,0.83392,0.1,0.99608,1.0,1.0,0.76,0.8616
7142,,0.16,0.80624,0.09,1.0,1.0,1.0,0.75,0.83392
7143,,0.125,0.77856,0.08,1.0,1.0,1.0,0.74,0.80624
7144,,0.09,0.75088,0.07,1.0,1.0,1.0,0.73,0.77856
7145,,0.055,0.7232,0.06,1.0,1.0,1.0,0.72,0.75088
7146,,0.02,0.69552,0.05,1.0,1.0,1.0,0.71,0.7232
7147,,-0.015,0.66784,0.04,1.0,1.0,1.0,0.7,0.69552
7148,1,1.0,0.67516,0.03,0.97268,0.965,0.97268,0.69,0.70284
7149,,0.965,0.64748,0.02,0.98036,0.98,0.98036,0.68,0.67516
7150,,0.93,0.6198,0.01,0.98804,0.995,0.98804,0.67,0.64748
7151,,0.895,0.59212,-0.0,0.99572,1.0,0.99572,0.66,0.6198
7152,,0.86,0.56444,-0.01,1.0,1.0,1.0,0.65,0.59212
7153,3,0.825,0.57176,1.0,1.0,1.0,0.97268,0.59,0.52944
7154,,0.79,0.54408,0.99,1.0,1.0,0.98036,0.58,0.50176
7155,,0.755,0.5164,0.98,1.0,1.0,0.98804,0.57,0.47408
7156,,0.72,0.48872,0.97,1.0,1.0,0.99572,0.56,0.4464
7157,,0.685,0.46104,0.96,1.0,1.0,1.0,0.55,0.41872
7158,,0.65,0.43336,0.95,1.0,1.0,1.0,0.54,0.39104
7159,,0.615,0.40568,0.94,1.0,1.0,1.0,0.53,0.36336
7160,,0.58,0.378,0.93,1.0,1.0,1.0,0.52,0.33568
7161,,0.545,0.35032,0.92,1.0,1.0,1.0,0.51,0.308
7162,,0.51,0.32264,0.91,1.0,1.0,1.0,0.5,0.28032
7163,,0.475,0.29496,0.9,1.0,1.0,1.0,0.49,0.25264
7164,,0.44,0.26728,0.89,1.0,1.0,1.0,0.48,0.22496
7165,,0.405,0.2396,0.88,1.0,1.0,1.0,0.47,0.19728
7166,,0.37,0.21192,0.87,1.0,1.0,1.0,0.46,0.1696
7167,,0.335,0.18424,0.86,1.0,1.0,1.0,0.45,0.14192
7168,,0.3,0.15656,0.85,1.0,1.0,1.0,0.44,0.11424
7169,,0.265,0.12888,0.84,1.0,1.0,1.0,0.43,0.08656
7170,,0.23,0.1012,0.83,1.0,1.0,1.0,0.42,0.05888
7171,,0.195,0.07352,0.82,1.0,1.0,1.0,0.41,0.0312
7172,,0.16,0.04584,0.81,1.0,1.0,1.0,0.4,0.00352
7173,,0.125,0.01816,0.8,1.0,1.0,1.0,0.39,-0.02416
7174,8,0.125,-0.00952,0.755,0.95768,0.98,1.0,0.415,1.0
7175,2,0.125,1.0,0.78,0.96536,0.96,0.95768,0.37,0.97232
7176,,0.09,0.97232,0.77,0.97304,0.975,0.96536,0.36,0.94464
7177,,0.055,0.94464,0.76,0.98072,0.99,0.97304,0.35,0.91696
7178,,0.02,0.91696,0.75,0.9884,1.0,0.98072,0.34,0.88928
7179,,-0.015,0.88928,0.74,0.99608,1.0,0.9884,0.33,0.8616
7180,1,1.0,0.8966,0.73,0.96876,0.965,0.96108,0.32,0.86892
7181,,0.965,0.86892,0.72,0.97644,0.98,0.96876,0.31,0.84124
7182,,0.93,0.84124,0.71,0.98412,0.995,0.97644,0.3,0.81356
7183,,0.895,0.81356,0.7,0.9918,1.0,0.98412,0.29,0.78588
7184,,0.86,0.78588,0.69,0.99948,1.0,0.9918,0.28,0.7582
7185,,0.825,0.7582,0.68,1.0,1.0,0.99948,0.27,0.73052
7186,,0.79,0.73052,0.67,1.0,1.0,1.0,0.26,0.70284
7187,,0.755,0.70284,0.66,1.0,1.0,1.0,0.25,0.67516
7188,,0.72,0.67516,0.65,1.0,1.0,1.0,0.24,0.64748
7189,,0.685,0.64748,0.64,1.0,1.0,1.0,0.23,0.6198
7190,,0.65,0.6198,0.63,1.0,1.0,1.0,0.22,0.59212
7191,,0.615,0.59212,0.62,1.0,1.0,1.0,0.21,0.56444
7192,,0.58,0.56444,0.61,1.0,1.0,1.0,0.2,0.53676
7193,,0.545,0.53676,0.6,1.0,1.0,1.0,0.19,0.50908
7194,,0.51,0.50908,0.59,1.0,1.0,1.0,0.18,0.4814
7195,,0.475,0.4814,0.58,1.0,1.0,1.0,0.17,0.45372
7196,,0.44,0.45372,0.57,1.0,1.0,1.0,0.16,0.42604
7197,,0.405,0.42604,0.56,1.0,1.0,1.0,0.15,0.39836
7198,,0.37,0.39836,0.55,1.0,1.0,1.0,0.14,0.37068
7199,,0.335,0.37068,0.54,1.0,1.0,1.0,0.13,0.343
7200,,0.3,0.343,0.53,1.0,1.0,1.0,0.12,0.31532
7201,,0.265,0.31532,0.52,1.0,1.0,1.0,0.11,0.28764
7202,,0.23,0.28764,0.51,1.0,1.0,1.0,0.1,0.25996
7203,,0.195,0.25996,0.5,1.0,1.0,1.0,0.09,0.23228
7204,,0.16,0.23228,0.49,1.0,1.0,1.0,0.08,0.2046
7205,,0.125,0.2046,0.48,1.0,1.0,1.0,0.07,0.17692
7206,,0.09,0.17692,0.47,1.0,1.0,1.0,0.06,0.14924
7207,,0.055,0.14924,0.46,1.0,1.0,1.0,0.05,0.12156
7208,,0.02,0.12156,0.45,1.0,1.0,1.0,0.04,0.09388
7209,,-0.015,0.09388,0.44,1.0,1.0,1.0,0.03,0.0662
7210,1,1.0,0.1012,0.43,0.97268,0.965,0.97268,0.02,0.07352
7211,,0.965,0.07352,0.42,0.98036,0.98,0.98036,0.01,0.04584
7212,,0.93,0.04584,0.41,0.98804,0.995,0.98804,-0.0,0.01816
7213,,0.895,0.01816,0.4,0.99572,1.0,0.99572,-0.01,-0.00952
7214,7,0.86,-0.04452,0.34,0.9684,1.0,1.0,1.0,-0.0022
7215,2,0.86,1.0,0.365,0.97608,0.98,0.95768,0.955,-0.02988
7216,8,0.86,0.97232,0.32,0.93376,0.96,0.96536,0.98,1.0
7217,,0.825,0.94464,0.31,0.94144,0.975,0.97304,0.97,0.97232
7218,,0.79,0.91696,0.3,0.94912,0.99,0.98072,0.96,0.94464
7219,,0.755,0.88928,0.29,0.9568,1.0,0.9884,0.95,0.91696
7220,,0.72,0.8616,0.28,0.96448,1.0,0.99608,0.94,0.88928
7221,,0.685,0.83392,0.27,0.97216,1.0,1.0,0.93,0.8616
7222,,0.65,0.80624,0.26,0.97984,1.0,1.0,0.92,0.83392
7223,,0.615,0.77856,0.25,0.98752,1.0,1.0,0.91,0.80624
7224,,0.58,0.75088,0.24,0.9952,1.0,1.0,0.9,0.77856
7225,,0.545,0.7232,0.23,1.0,1.0,1.0,0.89,0.75088
7226,,0.51,0.69552,0.22,1.0,1.0,1.0,0.88,0.7232
7227,,0.475,0.66784,0.21,1.0,1.0,1.0,0.87,0.69552
7228,,0.44,0.64016,0.2,1.0,1.0,1.0,0.86,0.66784
7229,,0.405,0.61248,0.19,1.0,1.0,1.0,0.85,0.64016
7230,,0.37,0.5848,0.18,1.0,1.0,1.0,0.84,0.61248
7231,,0.335,0.55712,0.17,1.0,1.0,1.0,0.83,0.5848
7232,,0.3,0.52944,0.16,1.0,1.0,1.0,0.82,0.55712
7233,,0.265,0.50176,0.15,1.0,1.0,1.0,0.81,0.52944
7234,,0.23,0.47408,0.14,1.0,1.0,1.0,0.8,0.50176
7235,,0.195,0.4464,0.13,1.0,1.0,1.0,0.79,0.47408
7236,,0.16,0.41872,0.12,1.0,1.0,1.0,0.78,0.4464
7237,,0.125,0.39104,0.11,1.0,1.0,1.0,0.77,0.41872
7238,,0.09,0.36336,0.1,1.0,1.0,1.0,0.76,0.39104
7239,,0.055,0.33568,0.09,1.0,1.0,1.0,0.75,0.36336
7240,,0.02,0.308,0.08,1.0,1.0,1.0,0.74,0.33568
7241,,-0.015,0.28032,0.07,1.0,1.0,1.0,0.73,0.308
7242,1,1.0,0.28764,0.06,0.97268,0.965,0.97268,0.72,0.31532
7243,,0.965,0.25996,0.05,0.98036,0.98,0.98036,0.71,0.28764
7244,,0.93,0.23228,0.04,0.98804,0.995,0.98804,0.7,0.25996
7245,,0.895,0.2046,0.03,0.99572,1.0,0.99572,0.69,0.23228
7246,,0.86,0.17692,0.02,1.0,1.0,1.0,0.68,0.2046
7247,,0.825,0.14924,0.01,1.0,1.0,1.0,0.67,0.17692
7248,,0.79,0.12156,-0.0,1.0,1.0,1.0,0.66,0.14924
7249,,0.755,0.09388,-0.01,1.0,1.0,1.0,0.65,0.12156
7250,3,0.72,0.1012,1.0,1.0,1.0,0.97268,0.59,0.05888
7251,,0.685,0.07352,0.99,1.0,1.0,0.98036,0.58,0.0312
7252,,0.65,0.04584,0.98,1.0,1.0,0.98804,0.57,0.00352
7253,,0.615,0.01816,0.97,1.0,1.0,0.99572,0.56,-0.02416
7254,8,0.615,-0.00952,0.925,0.95768,0.98,1.0,0.585,1.0
7255,2,0.615,1.0,0.95,0.96536,0.96,0.95768,0.54,0.97232
7256,,0.58,0.97232,0.94,0.97304,0.975,0.96536,0.53,0.94464
7257,,0.545,0.94464,0.93,0.98072,0.99,0.97304,0.52,0.91696
7258,,0.51,0.91696,0.92,0.9884,1.0,0.98072,0.51,0.88928
7259,,0.475,0.88928,0.91,0.99608,1.0,0.9884,0.5,0.8616
7260,,0.44,0.8616,0.9,1.0,1.0,0.99608,0.49,0.83392
7261,,0.405,0.83392,0.89,1.0,1.0,1.0,0.48,0.80624
7262,,0.37,0.80624,0.88,1.0,1.0,1.0,0.47,0.77856
7263,,0.335,0.77856,0.87,1.0,1.0,1.0,0.46,0.75088
7264,,0.3,0.75088,0.86,1.0,1.0,1.0,0.45,0.7232
7265,,0.265,0.7232,0.85,1.0,1.0,1.0,0.44,0.69552
7266,,0.23,0.69552,0.84,1.0,1.0,1.0,0.43,0.66784
7267,,0.195,0.66784,0.83,1.0,1.0,1.0,0.42,0.64016
7268,,0.16,0.64016,0.82,1.0,1.0,1.0,0.41,0.61248
7269,,0.125,0.61248,0.81,1.0,1.0,1.0,0.4,0.5848
7270,,0.09,0.5848,0.8,1.0,1.0,1.0,0.39,0.55712
7271,,0.055,0.55712,0.79,1.0,1.0,1.0,0.38,0.52944
7272,,0.02,0.52944,0.78,1.0,1.0,1.0,0.37,0.50176
7273,,-0.015,0.50176,0.77,1.0,1.0,1.0,0.36,0.47408
7274,1,1.0,0.50908,0.76,0.97268,0.965,0.97268,0.35,0.4814
7275,,0.965,0.4814,0.75,0.98036,0.98,0.98036,0.34,0.45372
7276,,0.93,0.45372,0.74,0.98804,0.995,0.98804,0.33,0.42604
7277,,0.895,0.42604,0.73,0.99572,1.0,0.99572,0.32,0.39836
7278,,0.86,0.39836,0.72,1.0,1.0,1.0,0.31,0.37068
7279,,0.825,0.37068,0.71,1.0,1.0,1.0,0.3,0.343
7280,,0.79,0.343,0.7,1.0,1.0,1.0,0.29,0.31532
7281,,0.755,0.31532,0.69,1.0,1.0,1.0,0.28,0.28764
7282,,0.72,0.28764,0.68,1.0,1.0,1.0,0.27,0.25996
7283,,0.685,0.25996,0.67,1.0,1.0,1.0,0.26,0.23228
7284,,0.65,0.23228,0.66,1.0,1.0,1.0,0.25,0.2046
7285,,0.615,0.2046,0.65,1.0,1.0,1.0,0.24,0.17692
7286,,0.58,0.17692,0.64,1.0,1.0,1.0,0.23,0.14924
7287,,0.545,0.14924,0.63,1.0,1.0,1.0,0.22,0.12156
7288,,0.51,0.12156,0.62,1.0,1.0,1.0,0.21,0.09388
7289,,0.475,0.09388,0.61,1.0,1.0,1.0,0.2,0.0662
7290,,0.44,0.0662,0.6,1.0,1.0,1.0,0.19,0.03852
7291,,0.405,0.03852,0.59,1.0,1.0,1.0,0.18,0.01084
7292,,0.37,0.01084,0.58,1.0,1.0,1.0,0.17,-0.01684
7293,8,0.37,-0.01684,0.535,0.95768,0.98,1.0,0.195,1.0
7294,2,0.37,1.0,0.56,0.96536,0.96,0.95768,0.15,0.97232
7295,,0.335,0.97232,0.55,0.97304,0.975,0.96536,0.14,0.94464
7296,,0.3,0.94464,0.54,0.98072,0.99,0.97304,0.13,0.91696
7297,,0.265,0.91696,0.53,0.9884,1.0,0.98072,0.12,0.88928
7298,,0.23,0.88928,0.52,0.99608,1.0,0.9884,0.11,0.8616
7299,,0.195,0.8616,0.51,1.0,1.0,0.99608,0.1,0.83392
7300,,0.16,0.83392,0.5,1.0,1.0,1.0,0.09,0.80624
7301,,0.125,0.80624,0.49,1.0,1.0,1.0,0.08,0.77856
7302,,0.09,0.77856,0.48,1.0,1.0,1.0,0.07,0.75088
7303,,0.055,0.75088,0.47,1.0,1.0,1.0,0.06,0.7232
7304,,0.02,0.7232,0.46,1.0,1.0,1.0,0.05,0.69552
7305,,-0.015,0.69552,0.45,1.0,1.0,1.0,0.04,0.66784
7306,1,1.0,0.70284,0.44,0.97268,0.965,0.97268,0.03,0.67516
7307,,0.965,0.67516,0.43,0.98036,0.98,0.98036,0.02,0.64748
7308,,0.93,0.64748,0.42,0.98804,0.995,0.98804,0.01,0.6198
7309,,0.895,0.6198,0.41,0.99572,1.0,0.99572,-0.0,0.59212
7310,,0.86,0.59212,0.4,1.0,1.0,1.0,-0.01,0.56444
7311,7,0.825,0.52944,0.34,0.97268,1.0,1.0,1.0,0.57176
7312,,0.79,0.50176,0.33,0.98036,1.0,1.0,0.99,0.54408
7313,,0.755,0.47408,0.32,0.98804,1.0,1.0,0.98,0.5164
7314,,0.72,0.4464,0.31,0.99572,1.0,1.0,0.97,0.48872
7315,,0.685,0.41872,0.3,1.0,1.0,1.0,0.96,0.46104
7316,,0.65,0.39104,0.29,1.0,1.0,1.0,0.95,0.43336
7317,,0.615,0.36336,0.28,1.0,1.0,1.0,0.94,0.40568
7318,,0.58,0.33568,0.27,1.0,1.0,1.0,0.93,0.378
7319,,0.545,0.308,0.26,1.0,1.0,1.0,0.92,0.35032
7320,,0.51,0.28032,0.25,1.0,1.0,1.0,0.91,0.32264
7321,,0.475,0.25264,0.24,1.0,1.0,1.0,0.9,0.29496
7322,,0.44,0.22496,0.23,1.0,1.0,1.0,0.89,0.26728
7323,,0.405,0.19728,0.22,1.0,1.0,1.0,0.88,0.2396
7324,,0.37,0.1696,0.21,1.0,1.0,1.0,0.87,0.21192
7325,,0.335,0.14192,0.2,1.0,1.0,1.0,0.86,0.18424
7326,,0.3,0.11424,0.19,1.0,1.0,1.0,0.85,0.15656
7327,,0.265,0.08656,0.18,1.0,1.0,1.0,0.84,0.12888
7328,,0.23,0.05888,0.17,1.0,1.0,1.0,0.83,0.1012
7329,,0.195,0.0312,0.16,1.0,1.0,1.0,0.82,0.07352
7330,,0.16,0.00352,0.15,1.0,1.0,1.0,0.81,0.04584
7331,,0.125,-0.02416,0.14,1.0,1.0,1.0,0.8,0.01816
7332,2,0.125,1.0,0.165,1.0,0.98,0.95768,0.755,-0.00952
7333,8,0.125,0.97232,0.12,0.95768,0.96,0.96536,0.78,1.0
7334,,0.09,0.94464,0.11,0.96536,0.975,0.97304,0.77,0.97232
7335,,0.055,0.91696,0.1,0.97304,0.99,0.98072,0.76,0.94464
7336,,0.02,0.88928,0.09,0.98072,1.0,0.9884,0.75,0.91696
7337,,-0.015,0.8616,0.08,0.9884,1.0,0.99608,0.74,0.88928
7338,1,1.0,0.86892,0.07,0.96108,0.965,0.96876,0.73,0.8966
7339,,0.965,0.84124,0.06,0.96876,0.98,0.97644,0.72,0.86892
7340,,0.93,0.81356,0.05,0.97644,0.995,0.98412,0.71,0.84124
7341,,0.895,0.78588,0.04,0.98412,1.0,0.9918,0.7,0.81356
7342,,0.86,0.7582,0.03,0.9918,1.0,0.99948,0.69,0.78588
7343,,0.825,0.73052,0.02,0.99948,1.0,1.0,0.68,0.7582
7344,,0.79,0.70284,0.01,1.0,1.0,1.0,0.67,0.73052
7345,,0.755,0.67516,-0.0,1.0,1.0,1.0,0.66,0.70284
7346,,0.72,0.64748,-0.01,1.0,1.0,1.0,0.65,0.67516
7347,3,0.685,0.6548,1.0,1.0,1.0,0.97268,0.59,0.61248
7348,,0.65,0.62712,0.99,1.0,1.0,0.98036,0.58,0.5848
7349,,0.615,0.59944,0.98,1.0,1.0,0.98804,0.57,0.55712
7350,,0.58,0.57176,0.97,1.0,1.0,0.99572,0.56,0.52944
7351,,0.545,0.54408,0.96,1.0,1.0,1.0,0.55,0.50176
7352,,0.51,0.5164,0.95,1.0,1.0,1.0,0.54,0.47408
7353,,0.475,0.48872,0.94,1.0,1.0,1.0,0.53,0.4464
7354,,0.44,0.46104,0.93,1.0,1.0,1.0,0.52,0.41872
7355,,0.405,0.43336,0.92,1.0,1.0,1.0,0.51,0.39104
7356,,0.37,0.40568,0.91,1.0,1.0,1.0,0.5,0.36336
7357,,0.335,0.378,0.9,1.0,1.0,1.0,0.49,0.33568
7358,,0.3,0.35032,0.89,1.0,1.0,1.0,0.48,0.308
7359,,0.265,0.32264,0.88,1.0,1.0,1.0,0.47,0.28032
7360,,0.23,0.29496,0.87,1.0,1.0,1.0,0.46,0.25264
7361,,0.195,0.26728,0.86,1.0,1.0,1.0,0.45,0.22496
7362,,0.16,0.2396,0.85,1.0,1.0,1.0,0.44,0.19728
7363,,0.125,0.21192,0.84,1.0,1.0,1.0,0.43,0.1696
7364,,0.09,0.18424,0.83,1.0,1.0,1.0,0.42,0.14192
7365,,0.055,0.15656,0.82,1.0,1.0,1.0,0.41,0.11424
7366,,0.02,0.12888,0.81,1.0,1.0,1.0,0.4,0.08656
7367,,-0.015,0.1012,0.8,1.0,1.0,1.0,0.39,0.05888
7368,1,1.0,0.10852,0.79,0.97268,0.965,0.97268,0.38,0.0662
7369,,0.965,0.08084,0.78,0.98036,0.98,0.98036,0.37,0.03852
7370,,0.93,0.05316,0.77,0.98804,0.995,0.98804,0.36,0.01084
7371,,0.895,0.02548,0.76,0.99572,1.0,0.99572,0.35,-0.01684
7372,8,0.895,-0.0022,0.715,0.9534,0.98,1.0,0.375,1.0
7373,2,0.895,1.0,0.74,0.96108,0.96,0.95768,0.33,0.97232
7374,,0.86,0.97232,0.73,0.96876,0.975,0.96536,0.32,0.94464
7375,,0.825,0.94464,0.72,0.97644,0.99,0.97304,0.31,0.91696
7376,,0.79,0.91696,0.71,0.98412,1.0,0.98072,0.3,0.88928
7377,,0.755,0.88928,0.7,0.9918,1.0,0.9884,0.29,0.8616
7378,,0.72,0.8616,0.69,0.99948,1.0,0.99608,0.28,0.83392
7379,,0.685,0.83392,0.68,1.0,1.0,1.0,0.27,0.80624
7380,,0.65,0.80624,0.67,1.0,1.0,1.0,0.26,0.77856
7381,,0.615,0.77856,0.66,1.0,1.0,1.0,0.25,0.75088
7382,,0.58,0.75088,0.65,1.0,1.0,1.0,0.24,0.7232
7383,,0.545,0.7232,0.64,1.0,1.0,1.0,0.23,0.69552
7384,,0.51,0.69552,0.63,1.0,1.0,1.0,0.22,0.66784
7385,,0.475,0.66784,0.62,1.0,1.0,1.0,0.21,0.64016
7386,,0.44,0.64016,0.61,1.0,1.0,1.0,0.2,0.61248
7387,,0.405,0.61248,0.6,1.0,1.0,1.0,0.19,0.5848
7388,,0.37,0.5848,0.59,1.0,1.0,1.0,0.18,0.55712
7389,,0.335,0.55712,0.58,1.0,1.0,1.0,0.17,0.52944
7390,,0.3,0.52944,0.57,1.0,1.0,1.0,0.16,0.50176
7391,,0.265,0.50176,0.56,1.0,1.0,1.0,0.15,0.47408
7392,,0.23,0.47408,0.55,1.0,1.0,1.0,0.14,0.4464
7393,,0.195,0.4464,0.54,1.0,1.0,1.0,0.13,0.41872
7394,,0.16,0.41872,0.53,1.0,1.0,1.0,0.12,0.39104
7395,,0.125,0.39104,0.52,1.0,1.0,1.0,0.11,0.36336
7396,,0.09,0.36336,0.51,1.0,1.0,1.0,0.1,0.33568
7397,,0.055,0.33568,0.5,1.0,1.0,1.0,0.09,0.308
7398,,0.02,0.308,0.49,1.0,1.0,1.0,0.08,0.28032
7399,,-0.015,0.28032,0.48,1.0,1.0,1.0,0.07,0.25264
7400,1,1.0,0.28764,0.47,0.97268,0.965,0.97268,0.06,0.25996
7401,,0.965,0.25996,0.46,0.98036,0.98,0.98036,0.05,0.23228
7402,,0.93,0.23228,0.45,0.98804,0.995,0.98804,0.04,0.2046
7403,,0.895,0.2046,0.44,0.99572,1.0,0.99572,0.03,0.17692
7404,,0.86,0.17692,0.43,1.0,1.0,1.0,0.02,0.14924
7405,,0.825,0.14924,0.42,1.0,1.0,1.0,0.01,0.12156
7406,,0.79,0.12156,0.41,1.0,1.0,1.0,-0.0,0.09388
7407,,0.755,0.09388,0.4,1.0,1.0,1.0,-0.01,0.0662
7408,7,0.72,0.0312,0.34,0.97268,1.0,1.0,1.0,0.07352
7409,,0.685,0.00352,0.33,0.98036,1.0,1.0,0.99,0.04584
7410,,0.65,-0.02416,0.32,0.98804,1.0,1.0,0.98,0.01816
7411,2,0.65,1.0,0.345,0.99572,0.98,0.95768,0.935,-0.00952
7412,8,0.65,0.97232,0.3,0.9534,0.96,0.96536,0.96,1.0
7413,,0.615,0.94464,0.29,0.96108,0.975,0.97304,0.95,0.97232
7414,,0.58,0.91696,0.28,0.96876,0.99,0.98072,0.94,0.94464
7415,,0.545,0.88928,0.27,0.97644,1.0,0.9884,0.93,0.91696
7416,,0.51,0.8616,0.26,0.98412,1.0,0.99608,0.92,0.88928
7417,,0.475,0.83392,0.25,0.9918,1.0,1.0,0.91,0.8616
7418,,0.44,0.80624,0.24,0.99948,1.0,1.0,0.9,0.83392
7419,,0.405,0.77856,0.23,1.0,1.0,1.0,0.89,0.80624
7420,,0.37,0.75088,0.22,1.0,1.0,1.0,0.88,0.77856
7421,,0.335,0.7232,0.21,1.0,1.0,1.0,0.87,0.75088
7422,,0.3,0.69552,0.2,1.0,1.0,1.0,0.86,0.7232
7423,,0.265,0.66784,0.19,1.0,1.0,1.0,0.85,0.69552
7424,,0.23,0.64016,0.18,1.0,1.0,1.0,0.84,0.66784
7425,,0.195,0.61248,0.17,1.0,1.0,1.0,0.83,0.64016
7426,,0.16,0.5848,0.16,1.0,1.0,1.0,0.82,0.61248
7427,,0.125,0.55712,0.15,1.0,1.0,1.0,0.81,0.5848
7428,,0.09,0.52944,0.14,1.0,1.0,1.0,0.8,0.55712
7429,,0.055,0.50176,0.13,1.0,1.0,1.0,0.79,0.52944
7430,,0.02,0.47408,0.12,1.0,1.0,1.0,0.78,0.50176
7431,,-0.015,0.4464,0.11,1.0,1.0,1.0,0.77,0.47408
7432,1,1.0,0.45372,0.1,0.97268,0.965,0.97268,0.76,0.4814
7433,,0.965,0.42604,0.09,0.98036,0.98,0.98036,0.75,0.45372
7434,,0.93,0.39836,0.08,0.98804,0.995,0.98804,0.74,0.42604
7435,,0.895,0.37068,0.07,0.99572,1.0,0.99572,0.73,0.39836
7436,,0.86,0.343,0.06,1.0,1.0,1.0,0.72,0.37068
7437,,0.825,0.31532,0.05,1.0,1.0,1.0,0.71,0.343
7438,,0.79,0.28764,0.04,1.0,1.0,1.0,0.7,0.31532
7439,,0.755,0.25996,0.03,1.0,1.0,1.0,0.69,0.28764
7440,,0.72,0.23228,0.02,1.0,1.0,1.0,0.68,0.25996
7441,,0.685,0.2046,0.01,1.0,1.0,1.0,0.67,0.23228
7442,,0.65,0.17692,-0.0,1.0,1.0,1.0,0.66,0.2046
7443,,0.615,0.14924,-0.01,1.0,1.0,1.0,0.65,0.17692
7444,3,0.58,0.15656,1.0,1.0,1.0,0.97268,0.59,0.11424
7445,,0.545,0.12888,0.99,1.0,1.0,0.98036,0.58,0.08656
7446,,0.51,0.1012,0.98,1.0,1.0,0.98804,0.57,0.05888
7447,,0.475,0.07352,0.97,1.0,1.0,0.99572,0.56,0.0312
7448,,0.44,0.04584,0.96,1.0,1.0,1.0,0.55,0.00352
7449,,0.405,0.01816,0.95,1.0,1.0,1.0,0.54,-0.02416
7450,8,0.405,-0.00952,0.905,0.95768,0.98,1.0,0.565,1.0
7451,2,0.405,1.0,0.93,0.96536,0.96,0.95768,0.52,0.97232
7452,,0.37,0.97232,0.92,0.97304,0.975,0.96536,0.51,0.94464
7453,,0.335,0.94464,0.91,0.98072,0.99,0.97304,0.5,0.91696
7454,,0.3,0.91696,0.9,0.9884,1.0,0.98072,0.49,0.88928
7455,,0.265,0.88928,0.89,0.99608,1.0,0.9884,0.48,0.8616
7456,,0.23,0.8616,0.88,1.0,1.0,0.99608,0.47,0.83392
7457,,0.195,0.83392,0.87,1.0,1.0,1.0,0.46,0.80624
7458,,0.16,0.80624,0.86,1.0,1.0,1.0,0.45,0.77856
7459,,0.125,0.77856,0.85,1.0,1.0,1.0,0.44,0.75088
7460,,0.09,0.75088,0.84,1.0,1.0,1.0,0.43,0.7232
7461,,0.055,0.7232,0.83,1.0,1.0,1.0,0.42,0.69552
7462,,0.02,0.69552,0.82,1.0,1.0,1.0,0.41,0.66784
7463,,-0.015,0.66784,0.81,1.0,1.0,1.0,0.4,0.64016
7464,1,1.0,0.67516,0.8,0.97268,0.965,0.97268,0.39,0.64748
7465,,0.965,0.64748,0.79,0.98036,0.98,0.98036,0.38,0.6198
7466,,0.93,0.6198,0.78,0.98804,0.995,0.98804,0.37,0.59212
7467,,0.895,0.59212,0.77,0.99572,1.0,0.99572,0.36,0.56444
7468,,0.86,0.56444,0.76,1.0,1.0,1.0,0.35,0.53676
7469,,0.825,0.53676,0.75,1.0,1.0,1.0,0.34,0.50908
7470,,0.79,0.50908,0.74,1.0,1.0,1.0,0.33,0.4814
7471,,0.755,0.4814,0.73,1.0,1.0,1.0,0.32,0.45372
7472,,0.72,0.45372,0.72,1.0,1.0,1.0,0.31,0.42604
7473,,0.685,0.42604,0.71,1.0,1.0,1.0,0.3,0.39836
7474,,0.65,0.39836,0.7,1.0,1.0,1.0,0.29,0.37068
7475,,0.615,0.37068,0.69,1.0,1.0,1.0,0.28,0.343
7476,,0.58,0.343,0.68,1.0,1.0,1.0,0.27,0.31532
7477,,0.545,0.31532,0.67,1.0,1.0,1.0,0.26,0.28764
7478,,0.51,0.28764,0.66,1.0,1.0,1.0,0.25,0.25996
7479,,0.475,0.25996,0.65,1.0,1.0,1.0,0.24,0.23228
7480,,0.44,0.23228,0.64,1.0,1.0,1.0,0.23,0.2046
7481,,0.405,0.2046,0.63,1.0,1.0,1.0,0.22,0.17692
7482,,0.37,0.17692,0.62,1.0,1.0,1.0,0.21,0.14924
7483,,0.335,0.14924,0.61,1.0,1.0,1.0,0.2,0.12156
7484,,0.3,0.12156,0.6,1.0,1.0,1.0,0.19,0.09388
7485,,0.265,0.09388,0.59,1.0,1.0,1.0,0.18,0.0662
7486,,0.23,0.0662,0.58,1.0,1.0,1.0,0.17,0.03852
7487,,0.195,0.03852,0.57,1.0,1.0,1.0,0.16,0.01084
7488,,0.16,0.01084,0.56,1.0,1.0,1.0,0.15,-0.01684
7489,8,0.16,-0.01684,0.515,0.95768,0.98,1.0,0.175,1.0
7490,2,0.16,1.0,0.54,0.96536,0.96,0.95768,0.13,0.97232
7491,,0.125,0.97232,0.53,0.97304,0.975,0.96536,0.12,0.94464
7492,,0.09,0.94464,0.52,0.98072,0.99,0.97304,0.11,0.91696
7493,,0.055,0.91696,0.51,0.9884,1.0,0.98072,0.1,0.88928
7494,,0.02,0.88928,0.5,0.99608,1.0,0.9884,0.09,0.8616
7495,,-0.015,0.8616,0.49,1.0,1.0,0.99608,0.08,0.83392
7496,1,1.0,0.86892,0.48,0.97268,0.965,0.96876,0.07,0.84124
7497,,0.965,0.84124,0.47,0.98036,0.98,0.97644,0.06,0.81356
7498,,0.93,0.81356,0.46,0.98804,0.995,0.98412,0.05,0.78588
7499,,0.895,0.78588,0.45,0.99572,1.0,0.9918,0.04,0.7582
7500,,0.86,0.7582,0.44,1.0,1.0,0.99948,0.03,0.73052
7501,,0.825,0.73052,0.43,1.0,1.0,1.0,0.02,0.70284
7502,,0.79,0.70284,0.42,1.0,1.0,1.0,0.01,0.67516
7503,,0.755,0.67516,0.41,1.0,1.0,1.0,-0.0,0.64748
7504,,0.72,0.64748,0.4,1.0,1.0,1.0,-0.01,0.6198
7505,7,0.685,0.5848,0.34,0.97268,1.0,1.0,1.0,0.62712
7506,,0.65,0.55712,0.33,0.98036,1.0,1.0,0.99,0.59944
7507,,0.615,0.52944,0.32,0.98804,1.0,1.0,0.98,0.57176
7508,,0.58,0.50176,0.31,0.99572,1.0,1.0,0.97,0.54408
7509,,0.545,0.47408,0.3,1.0,1.0,1.0,0.96,0.5164
7510,,0.51,0.4464,0.29,1.0,1.0,1.0,0.95,0.48872
7511,,0.475,0.41872,0.28,1.0,1.0,1.0,0.94,0.46104
7512,,0.44,0.39104,0.27,1.0,1.0,1.0,0.93,0.43336
7513,,0.405,0.36336,0.26,1.0,1.0,1.0,0.92,0.40568
7514,,0.37,0.33568,0.25,1.0,1.0,1.0,0.91,0.378
7515,,0.335,0.308,0.24,1.0,1.0,1.0,0.9,0.35032
7516,,0.3,0.28032,0.23,1.0,1.0,1.0,0.89,0.32264
7517,,0.265,0.25264,0.22,1.0,1.0,1.0,0.88,0.29496
7518,,0.23,0.22496,0.21,1.0,1.0,1.0,0.87,0.26728
7519,,0.195,0.19728,0.2,1.0,1.0,1.0,0.86,0.2396
7520,,0.16,0.1696,0.19,1.0,1.0,1.0,0.85,0.21192
7521,,0.125,0.14192,0.18,1.0,1.0,1.0,0.84,0.18424
7522,,0.09,0.11424,0.17,1.0,1.0,1.0,0.83,0.15656
7523,,0.055,0.08656,0.16,1.0,1.0,1.0,0.82,0.12888
7524,,0.02,0.05888,0.15,1.0,1.0,1.0,0.81,0.1012
7525,,-0.015,0.0312,0.14,1.0,1.0,1.0,0.8,0.07352
7526,1,1.0,0.03852,0.13,0.97268,0.965,0.97268,0.79,0.08084
7527,,0.965,0.01084,0.12,0.98036,0.98,0.98036,0.78,0.05316
7528,,0.93,-0.01684,0.11,0.98804,0.995,0.98804,0.77,0.02548
7529,2,0.93,1.0,0.135,0.99572,0.975,0.94572,0.725,-0.0022
7530,8,0.93,0.97232,0.09,0.9534,0.955,0.9534,0.75,1.0
7531,,0.895,0.94464,0.08,0.96108,0.97,0.96108,0.74,0.97232
7532,,0.86,0.91696,0.07,0.96876,0.985,0.96876,0.73,0.94464
7533,,0.825,0.88928,0.06,0.97644,1.0,0.97644,0.72,0.91696
7534,,0.79,0.8616,0.05,0.98412,1.0,0.98412,0.71,0.88928
7535,,0.755,0.83392,0.04,0.9918,1.0,0.9918,0.7,0.8616
7536,,0.72,0.80624,0.03,0.99948,1.0,0.99948,0.69,0.83392
7537,,0.685,0.77856,0.02,1.0,1.0,1.0,0.68,0.80624
7538,,0.65,0.75088,0.01,1.0,1.0,1.0,0.67,0.77856
7539,,0.615,0.7232,-0.0,1.0,1.0,1.0,0.66,0.75088
7540,,0.58,0.69552,-0.01,1.0,1.0,1.0,0.65,0.7232
7541,3,0.545,0.70284,1.0,1.0,1.0,0.97268,0.59,0.66052
7542,,0.51,0.67516,0.99,1.0,1.0,0.98036,0.58,0.63284
7543,,0.475,0.64748,0.98,1.0,1.0,0.98804,0.57,0.60516
7544,,0.44,0.6198,0.97,1.0,1.0,0.99572,0.56,0.57748
7545,,0.405,0.59212,0.96,1.0,1.0,1.0,0.55,0.5498
7546,,0.37,0.56444,0.95,1.0,1.0,1.0,0.54,0.52212
7547,,0.335,0.53676,0.94,1.0,1.0,1.0,0.53,0.49444
7548,,0.3,0.50908,0.93,1.0,1.0,1.0,0.52,0.46676
7549,,0.265,0.4814,0.92,1.0,1.0,1.0,0.51,0.43908
7550,,0.23,0.45372,0.91,1.0,1.0,1.0,0.5,0.4114
7551,,0.195,0.42604,0.9,1.0,1.0,1.0,0.49,0.38372
7552,,0.16,0.39836,0.89,1.0,1.0,1.0,0.48,0.35604
7553,,0.125,0.37068,0.88,1.0,1.0,1.0,0.47,0.32836
7554,,0.09,0.343,0.87,1.0,1.0,1.0,0.46,0.30068
7555,,0.055,0.31532,0.86,1.0,1.0,1.0,0.45,0.273
7556,,0.02,0.28764,0.85,1.0,1.0,1.0,0.44,0.24532
7557,,-0.015,0.25996,0.84,1.0,1.0,1.0,0.43,0.21764
7558,1,1.0,0.26728,0.83,0.97268,0.965,0.97268,0.42,0.22496
7559,,0.965,0.2396,0.82,0.98036,0.98,0.98036,0.41,0.19728
7560,,0.93,0.21192,0.81,0.98804,0.995,0.98804,0.4,0.1696
7561,,0.895,0.18424,0.8,0.99572,1.0,0.99572,0.39,0.14192
7562,,0.86,0.15656,0.79,1.0,1.0,1.0,0.38,0.11424
7563,,0.825,0.12888,0.78,1.0,1.0,1.0,0.37,0.08656
7564,,0.79,0.1012,0.77,1.0,1.0,1.0,0.36,0.05888
7565,,0.755,0.07352,0.76,1.0,1.0,1.0,0.35,0.0312
7566,,0.72,0.04584,0.75,1.0,1.0,1.0,0.34,0.00352
7567,,0.685,0.01816,0.74,1.0,1.0,1.0,0.33,-0.02416
7568,8,0.685,-0.00952,0.695,0.95768,0.98,1.0,0.355,1.0
7569,2,0.685,1.0,0.72,0.96536,0.96,0.95768,0.31,0.97232
7570,,0.65,0.97232,0.71,0.97304,0.975,0.96536,0.3,0.94464
7571,,0.615,0.94464,0.7,0.98072,0.99,0.97304,0.29,0.91696
7572,,0.58,0.91696,0.69,0.9884,1.0,0.98072,0.28,0.88928
7573,,0.545,0.88928,0.68,0.99608,1.0,0.9884,0.27,0.8616
7574,,0.51,0.8616,0.67,1.0,1.0,0.99608,0.26,0.83392
7575,,0.475,0.83392,0.66,1.0,1.0,1.0,0.25,0.80624
7576,,0.44,0.80624,0.65,1.0,1.0,1.0,0.24,0.77856
7577,,0.405,0.77856,0.64,1.0,1.0,1.0,0.23,0.75088
7578,,0.37,0.75088,0.63,1.0,1.0,1.0,0.22,0.7232
7579,,0.335,0.7232,0.62,1.0,1.0,1.0,0.21,0.69552
7580,,0.3,0.69552,0.61,1.0,1.0,1.0,0.2,0.66784
7581,,0.265,0.66784,0.6,1.0,1.0,1.0,0.19,0.64016
7582,,0.23,0.64016,0.59,1.0,1.0,1.0,0.18,0.61248
7583,,0.195,0.61248,0.58,1.0,1.0,1.0,0.17,0.5848
7584,,0.16,0.5848,0.57,1.0,1.0,1.0,0.16,0.55712
7585,,0.125,0.55712,0.56,1.0,1.0,1.0,0.15,0.52944
7586,,0.09,0.52944,0.55,1.0,1.0,1.0,0.14,0.50176
7587,,0.055,0.50176,0.54,1.0,1.0,1.0,0.13,0.47408
7588,,0.02,0.47408,0.53,1.0,1.0,1.0,0.12,0.4464
7589,,-0.015,0.4464,0.52,1.0,1.0,1.0,0.11,0.41872
7590,1,1.0,0.45372,0.51,0.97268,0.965,0.97268,0.1,0.42604
7591,,0.965,0.42604,0.5,0.98036,0.98,0.98036,0.09,0.39836
7592,,0.93,0.39836,0.49,0.98804,0.995,0.98804,0.08,0.37068
7593,,0.895,0.37068,0.48,0.99572,1.0,0.99572,0.07,0.343
7594,,0.86,0.343,0.47,1.0,1.0,1.0,0.06,0.31532
7595,,0.825,0.31532,0.46,1.0,1.0,1.0,0.05,0.28764
7596,,0.79,0.28764,0.45,1.0,1.0,1.0,0.04,0.25996
7597,,0.755,0.25996,0.44,1.0,1.0,1.0,0.03,0.23228
7598,,0.72,0.23228,0.43,1.0,1.0,1.0,0.02,0.2046
7599,,0.685,0.2046,0.42,1.0,1.0,1.0,0.01,0.17692
7600,,0.65,0.17692,0.41,1.0,1.0,1.0,-0.0,0.14924
7601,,0.615,0.14924,0.4,1.0,1.0,1.0,-0.01,0.12156
7602,7,0.58,0.08656,0.34,0.97268,1.0,1.0,1.0,0.12888
7603,,0.545,0.05888,0.33,0.98036,1.0,1.0,0.99,0.1012
7604,,0.51,0.0312,0.32,0.98804,1.0,1.0,0.98,0.07352
7605,,0.475,0.00352,0.31,0.99572,1.0,1.0,0.97,0.04584
7606,,0.44,-0.02416,0.3,1.0,1.0,1.0,0.96,0.01816
7607,2,0.44,1.0,0.325,1.0,0.98,0.95768,0.915,-0.00952
7608,8,0.44,0.97232,0.28,0.95768,0.96,0.96536,0.94,1.0
7609,,0.405,0.94464,0.27,0.96536,0.975,0.97304,0.93,0.97232
7610,,0.37,0.91696,0.26,0.97304,0.99,0.98072,0.92,0.94464
7611,,0.335,0.88928,0.25,0.98072,1.0,0.9884,0.91,0.91696
7612,,0.3,0.8616,0.24,0.9884,1.0,0.99608,0.9,0.88928
7613,,0.265,0.83392,0.23,0.99608,1.0,1.0,0.89,0.8616
7614,,0.23,0.80624,0.22,1.0,1.0,1.0,0.88,0.83392
7615,,0.195,0.77856,0.21,1.0,1.0,1.0,0.87,0.80624
7616,,0.16,0.75088,0.2,1.0,1.0,1.0,0.86,0.77856
7617,,0.125,0.7232,0.19,1.0,1.0,1.0,0.85,0.75088
7618,,0.09,0.69552,0.18,1.0,1.0,1.0,0.84,0.7232
7619,,0.055,0.66784,0.17,1.0,1.0,1.0,0.83,0.69552
7620,,0.02,0.64016,0.16,1.0,1.0,1.0,0.82,0.66784
7621,,-0.015,0.61248,0.15,1.0,1.0,1.0,0.81,0.64016
7622,1,1.0,0.6198,0.14,0.97268,0.965,0.97268,0.8,0.64748
7623,,0.965,0.59212,0.13,0.98036,0.98,0.98036,0.79,0.6198
7624,,0.93,0.56444,0.12,0.98804,0.995,0.98804,0.78,0.59212
7625,,0.895,0.53676,0.11,0.99572,1.0,0.99572,0.77,0.56444
7626,,0.86,0.50908,0.1,1.0,1.0,1.0,0.76,0.53676
7627,,0.825,0.4814,0.09,1.0,1.0,1.0,0.75,0.50908
7628,,0.79,0.45372,0.08,1.0,1.0,1.0,0.74,0.4814
7629,,0.755,0.42604,0.07,1.0,1.0,1.0,0.73,0.45372
7630,,0.72,0.39836,0.06,1.0,1.0,1.0,0.72,0.42604
7631,,0.685,0.37068,0.05,1.0,1.0,1.0,0.71,0.39836
7632,,0.65,0.343,0.04,1.0,1.0,1.0,0.7,0.37068
7633,,0.615,0.31532,0.03,1.0,1.0,1.0,0.69,0.343
7634,,0.58,0.28764,0.02,1.0,1.0,1.0,0.68,0.31532
7635,,0.545,0.25996,0.01,1.0,1.0,1.0,0.67,0.28764
7636,,0.51,0.23228,-0.0,1.0,1.0,1.0,0.66,0.25996
7637,,0.475,0.2046,-0.01,1.0,1.0,1.0,0.65,0.23228
7638,3,0.44,0.21192,1.0,1.0,1.0,0.97268,0.59,0.1696
7639,,0.405,0.18424,0.99,1.0,1.0,0.98036,0.58,0.14192
7640,,0.37,0.15656,0.98,1.0,1.0,0.98804,0.57,0.11424
7641,,0.335,0.12888,0.97,1.0,1.0,0.99572,0.56,0.08656
7642,,0.3,0.1012,0.96,1.0,1.0,1.0,0.55,0.05888
7643,,0.265,0.07352,0.95,1.0,1.0,1.0,0.54,0.0312
7644,,0.23,0.04584,0.94,1.0,1.0,1.0,0.53,0.00352
7645,,0.195,0.01816,0.93,1.0,1.0,1.0,0.52,-0.02416
7646,8,0.195,-0.00952,0.885,0.95768,0.98,1.0,0.545,1.0
7647,2,0.195,1.0,0.91,0.96536,0.96,0.95768,0.5,0.97232
7648,,0.16,0.97232,0.9,0.97304,0.975,0.96536,0.49,0.94464
7649,,0.125,0.94464,0.89,0.98072,0.99,0.97304,0.48,0.91696
7650,,0.09,0.91696,0.88,0.9884,1.0,0.98072,0.47,0.88928
7651,,0.055,0.88928,0.87,0.99608,1.0,0.9884,0.46,0.8616
7652,,0.02,0.8616,0.86,1.0,1.0,0.99608,0.45,0.83392
7653,,-0.015,0.83392,0.85,1.0,1.0,1.0,0.44,0.80624
7654,1,1.0,0.84124,0.84,0.97268,0.965,0.97268,0.43,0.81356
7655,,0.965,0.81356,0.83,0.98036,0.98,0.98036,0.42,0.78588
7656,,0.93,0.78588,0.82,0.98804,0.995,0.98804,0.41,0.7582
7657,,0.895,0.7582,0.81,0.99572,1.0,0.99572,0.4,0.73052
7658,,0.86,0.73052,0.8,1.0,1.0,1.0,0.39,0.70284
7659,,0.825,0.70284,0.79,1.0,1.0,1.0,0.38,0.67516
7660,,0.79,0.67516,0.78,1.0,1.0,1.0,0.37,0.64748
7661,,0.755,0.64748,0.77,1.0,1.0,1.0,0.36,0.6198
7662,,0.72,0.6198,0.76,1.0,1.0,1.0,0.35,0.59212
7663,,0.685,0.59212,0.75,1.0,1.0,1.0,0.34,0.56444
7664,,0.65,0.56444,0.74,1.0,1.0,1.0,0.33,0.53676
7665,,0.615,0.53676,0.73,1.0,1.0,1.0,0.32,0.50908
7666,,0.58,0.50908,0.72,1.0,1.0,1.0,0.31,0.4814
7667,,0.545,0.4814,0.71,1.0,1.0,1.0,0.3,0.45372
7668,,0.51,0.45372,0.7,1.0,1.0,1.0,0.29,0.42604
7669,,0.475,0.42604,0.69,1.0,1.0,1.0,0.28,0.39836
7670,,0.44,0.39836,0.68,1.0,1.0,1.0,0.27,0.37068
7671,,0.405,0.37068,0.67,1.0,1.0,1.0,0.26,0.343
7672,,0.37,0.343,0.66,1.0,1.0,1.0,0.25,0.31532
7673,,0.335,0.31532,0.65,1.0,1.0,1.0,0.24,0.28764
7674,,0.3,0.28764,0.64,1.0,1.0,1.0,0.23,0.25996
7675,,0.265,0.25996,0.63,1.0,1.0,1.0,0.22,0.23228
7676,,0.23,0.23228,0.62,1.0,1.0,1.0,0.21,0.2046
7677,,0.195,0.2046,0.61,1.0,1.0,1.0,0.2,0.17692
7678,,0.16,0.17692,0.6,1.0,1.0,1.0,0.19,0.14924
7679,,0.125,0.14924,0.59,1.0,1.0,1.0,0.18,0.12156
7680,,0.09,0.12156,0.58,1.0,1.0,1.0,0.17,0.09388
7681,,0.055,0.09388,0.57,1.0,1.0,1.0,0.16,0.0662
7682,,0.02,0.0662,0.56,1.0,1.0,1.0,0.15,0.03852
7683,,-0.015,0.03852,0.55,1.0,1.0,1.0,0.14,0.01084
7684,1,1.0,0.04584,0.54,0.97268,0.965,0.97268,0.13,0.01816
7685,,0.965,0.01816,0.53,0.98036,0.98,0.98036,0.12,-0.00952
7686,8,0.965,-0.00952,0.485,0.93804,0.96,0.98804,0.145,1.0
7687,2,0.965,1.0,0.51,0.94572,0.94,0.94572,0.1,0.97232
7688,,0.93,0.97232,0.5,0.9534,0.955,0.9534,0.09,0.94464
7689,,0.895,0.94464,0.49,0.96108,0.97,0.96108,0.08,0.91696
7690,,0.86,0.91696,0.48,0.96876,0.985,0.96876,0.07,0.88928
7691,,0.825,0.88928,0.47,0.97644,1.0,0.97644,0.06,0.8616
7692,,0.79,0.8616,0.46,0.98412,1.0,0.98412,0.05,0.83392
7693,,0.755,0.83392,0.45,0.9918,1.0,0.9918,0.04,0.80624
7694,,0.72,0.80624,0.44,0.99948,1.0,0.99948,0.03,0.77856
7695,,0.685,0.77856,0.43,1.0,1.0,1.0,0.02,0.75088
7696,,0.65,0.75088,0.42,1.0,1.0,1.0,0.01,0.7232
7697,,0.615,0.7232,0.41,1.0,1.0,1.0,-0.0,0.69552
7698,,0.58,0.69552,0.4,1.0,1.0,1.0,-0.01,0.66784
7699,7,0.545,0.63284,0.34,0.97268,1.0,1.0,1.0,0.67516
7700,,0.51,0.60516,0.33,0.98036,1.0,1.0,0.99,0.64748
7701,,0.475,0.57748,0.32,0.98804,1.0,1.0,0.98,0.6198
7702,,0.44,0.5498,0.31,0.99572,1.0,1.0,0.97,0.59212
7703,,0.405,0.52212,0.3,1.0,1.0,1.0,0.96,0.56444
7704,,0.37,0.49444,0.29,1.0,1.0,1.0,0.95,0.53676
7705,,0.335,0.46676,0.28,1.0,1.0,1.0,0.94,0.50908
7706,,0.3,0.43908,0.27,1.0,1.0,1.0,0.93,0.4814
7707,,0.265,0.4114,0.26,1.0,1.0,1.0,0.92,0.45372
7708,,0.23,0.38372,0.25,1.0,1.0,1.0,0.91,0.42604
7709,,0.195,0.35604,0.24,1.0,1.0,1.0,0.9,0.39836
7710,,0.16,0.32836,0.23,1.0,1.0,1.0,0.89,0.37068
7711,,0.125,0.30068,0.22,1.0,1.0,1.0,0.88,0.343
7712,,0.09,0.273,0.21,1.0,1.0,1.0,0.87,0.31532
7713,,0.055,0.24532,0.2,1.0,1.0,1.0,0.86,0.28764
7714,,0.02,0.21764,0.19,1.0,1.0,1.0,0.85,0.25996
7715,,-0.015,0.18996,0.18,1.0,1.0,1.0,0.84,0.23228
7716,1,1.0,0.19728,0.17,0.97268,0.965,0.97268,0.83,0.2396
7717,,0.965,0.1696,0.16,0.98036,0.98,0.98036,0.82,0.21192
7718,,0.93,0.14192,0.15,0.98804,0.995,0.98804,0.81,0.18424
7719,,0.895,0.11424,0.14,0.99572,1.0,0.99572,0.8,0.15656
7720,,0.86,0.08656,0.13,1.0,1.0,1.0,0.79,0.12888
7721,,0.825,0.05888,0.12,1.0,1.0,1.0,0.78,0.1012
7722,,0.79,0.0312,0.11,1.0,1.0,1.0,0.77,0.07352
7723,,0.755,0.00352,0.1,1.0,1.0,1.0,0.76,0.04584
7724,,0.72,-0.02416,0.09,1.0,1.0,1.0,0.75,0.01816
7725,2,0.72,1.0,0.115,1.0,0.98,0.95768,0.705,-0.00952
7726,8,0.72,0.97232,0.07,0.95768,0.96,0.96536,0.73,1.0
7727,,0.685,0.94464,0.06,0.96536,0.975,0.97304,0.72,0.97232
7728,,0.65,0.91696,0.05,0.97304,0.99,0.98072,0.71,0.94464
7729,,0.615,0.88928,0.04,0.98072,1.0,0.9884,0.7,0.91696
7730,,0.58,0.8616,0.03,0.9884,1.0,0.99608,0.69,0.88928
7731,,0.545,0.83392,0.02,0.99608,1.0,1.0,0.68,0.8616
7732,,0.51,0.80624,0.01,1.0,1.0,1.0,0.67,0.83392
7733,,0.475,0.77856,-0.0,1.0,1.0,1.0,0.66,0.80624
7734,,0.44,0.75088,-0.01,1.0,1.0,1.0,0.65,0.77856
7735,3,0.405,0.7582,1.0,1.0,1.0,0.97268,0.59,0.71588
7736,,0.37,0.73052,0.99,1.0,1.0,0.98036,0.58,0.6882
7737,,0.335,0.70284,0.98,1.0,1.0,0.98804,0.57,0.66052
7738,,0.3,0.67516,0.97,1.0,1.0,0.99572,0.56,0.63284
7739,,0.265,0.64748,0.96,1.0,1.0,1.0,0.55,0.60516
7740,,0.23,0.6198,0.95,1.0,1.0,1.0,0.54,0.57748
7741,,0.195,0.59212,0.94,1.0,1.0,1.0,0.53,0.5498
7742,,0.16,0.56444,0.93,1.0,1.0,1.0,0.52,0.52212
7743,,0.125,0.53676,0.92,1.0,1.0,1.0,0.51,0.49444
7744,,0.09,0.50908,0.91,1.0,1.0,1.0,0.5,0.46676
7745,,0.055,0.4814,0.9,1.0,1.0,1.0,0.49,0.43908
7746,,0.02,0.45372,0.89,1.0,1.0,1.0,0.48,0.4114
7747,,-0.015,0.42604,0.88,1.0,1.0,1.0,0.47,0.38372
7748,1,1.0,0.43336,0.87,0.97268,0.965,0.97268,0.46,0.39104
7749,,0.965,0.40568,0.86,0.98036,0.98,0.98036,0.45,0.36336
7750,,0.93,0.378,0.85,0.98804,0.995,0.98804,0.44,0.33568
7751,,0.895,0.35032,0.84,0.99572,1.0,0.99572,0.43,0.308
7752,,0.86,0.32264,0.83,1.0,1.0,1.0,0.42,0.28032
7753,,0.825,0.29496,0.82,1.0,1.0,1.0,0.41,0.25264
7754,,0.79,0.26728,0.81,1.0,1.0,1.0,0.4,0.22496
7755,,0.755,0.2396,0.8,1.0,1.0,1.0,0.39,0.19728
7756,,0.72,0.21192,0.79,1.0,1.0,1.0,0.38,0.1696
7757,,0.685,0.18424,0.78,1.0,1.0,1.0,0.37,0.14192
7758,,0.65,0.15656,0.77,1.0,1.0,1.0,0.36,0.11424
7759,,0.615,0.12888,0.76,1.0,1.0,1.0,0.35,0.08656
7760,,0.58,0.1012,0.75,1.0,1.0,1.0,0.34,0.05888
7761,,0.545,0.07352,0.74,1.0,1.0,1.0,0.33,0.0312
7762,,0.51,0.04584,0.73,1.0,1.0,1.0,0.32,0.00352
7763,,0.475,0.01816,0.72,1.0,1.0,1.0,0.31,-0.02416
7764,8,0.475,-0.00952,0.675,0.95768,0.98,1.0,0.335,1.0
7765,2,0.475,1.0,0.7,0.96536,0.96,0.95768,0.29,0.97232
7766,,0.44,0.97232,0.69,0.97304,0.975,0.96536,0.28,0.94464
7767,,0.405,0.94464,0.68,0.98072,0.99,0.97304,0.27,0.91696
7768,,0.37,0.91696,0.67,0.9884,1.0,0.98072,0.26,0.88928
7769,,0.335,0.88928,0.66,0.99608,1.0,0.9884,0.25,0.8616
7770,,0.3,0.8616,0.65,1.0,1.0,0.99608,0.24,0.83392
7771,,0.265,0.83392,0.64,1.0,1.0,1.0,0.23,0.80624
7772,,0.23,0.80624,0.63,1.0,1.0,1.0,0.22,0.77856
7773,,0.195,0.77856,0.62,1.0,1.0,1.0,0.21,0.75088
7774,,0.16,0.75088,0.61,1.0,1.0,1.0,0.2,0.7232
7775,,0.125,0.7232,0.6,1.0,1.0,1.0,0.19,0.69552
7776,,0.09,0.69552,0.59,1.0,1.0,1.0,0.18,0.66784
7777,,0.055,0.66784,0.58,1.0,1.0,1.0,0.17,0.64016
7778,,0.02,0.64016,0.57,1.0,1.0,1.0,0.16,0.61248
7779,,-0.015,0.61248,0.56,1.0,1.0,1.0,0.15,0.5848
7780,1,1.0,0.6198,0.55,0.97268,0.965,0.97268,0.14,0.59212
7781,,0.965,0.59212,0.54,0.98036,0.98,0.98036,0.13,0.56444
7782,,0.93,0.56444,0.53,0.98804,0.995,0.98804,0.12,0.53676
7783,,0.895,0.53676,0.52,0.99572,1.0,0.99572,0.11,0.50908
7784,,0.86,0.50908,0.51,1.0,1.0,1.0,0.1,0.4814
7785,,0.825,0.4814,0.5,1.0,1.0,1.0,0.09,0.45372
7786,,0.79,0.45372,0.49,1.0,1.0,1.0,0.08,0.42604
7787,,0.755,0.42604,0.48,1.0,1.0,1.0,0.07,0.39836
7788,,0.72,0.39836,0.47,1.0,1.0,1.0,0.06,0.37068
7789,,0.685,0.37068,0.46,1.0,1.0,1.0,0.05,0.343
7790,,0.65,0.343,0.45,1.0,1.0,1.0,0.04,0.31532
7791,,0.615,0.31532,0.44,1.0,1.0,1.0,0.03,0.28764
7792,,0.58,0.28764,0.43,1.0,1.0,1.0,0.02,0.25996
7793,,0.545,0.25996,0.42,1.0,1.0,1.0,0.01,0.23228
7794,,0.51,0.23228,0.41,1.0,1.0,1.0,-0.0,0.2046
7795,,0.475,0.2046,0.4,1.0,1.0,1.0,-0.01,0.17692
7796,7,0.44,0.14192,0.34,0.97268,1.0,1.0,1.0,0.18424
7797,,0.405,0.11424,0.33,0.98036,1.0,1.0,0.99,0.15656
7798,,0.37,0.08656,0.32,0.98804,1.0,1.0,0.98,0.12888
7799,,0.335,0.05888,0.31,0.99572,1.0,1.0,0.97,0.1012
7800,,0.3,0.0312,0.3,1.0,1.0,1.0,0.96,0.07352
7801,,0.265,0.00352,0.29,1.0,1.0,1.0,0.95,0.04584
7802,,0.23,-0.02416,0.28,1.0,1.0,1.0,0.94,0.01816
7803,2,0.23,1.0,0.305,1.0,0.98,0.95768,0.895,-0.00952
7804,8,0.23,0.97232,0.26,0.95768,0.96,0.96536,0.92,1.0
7805,,0.195,0.94464,0.25,0.96536,0.975,0.97304,0.91,0.97232
7806,,0.16,0.91696,0.24,0.97304,0.99,0.98072,0.9,0.94464
7807,,0.125,0.88928,0.23,0.98072,1.0,0.9884,0.89,0.91696
7808,,0.09,0.8616,0.22,0.9884,1.0,0.99608,0.88,0.88928
7809,,0.055,0.83392,0.21,0.99608,1.0,1.0,0.87,0.8616
7810,,0.02,0.80624,0.2,1.0,1.0,1.0,0.86,0.83392
7811,,-0.015,0.77856,0.19,1.0,1.0,1.0,0.85,0.80624
7812,1,1.0,0.78588,0.18,0.97268,0.965,0.97268,0.84,0.81356
7813,,0.965,0.7582,0.17,0.98036,0.98,0.98036,0.83,0.78588
7814,,0.93,0.73052,0.16,0.98804,0.995,0.98804,0.82,0.7582
7815,,0.895,0.70284,0.15,0.99572,1.0,0.99572,0.81,0.73052
7816,,0.86,0.67516,0.14,1.0,1.0,1.0,0.8,0.70284
7817,,0.825,0.64748,0.13,1.0,1.0,1.0,0.79,0.67516
7818,,0.79,0.6198,0.12,1.0,1.0,1.0,0.78,0.64748
7819,,0.755,0.59212,0.11,1.0,1.0,1.0,0.77,0.6198
7820,,0.72,0.56444,0.1,1.0,1.0,1.0,0.76,0.59212
7821,,0.685,0.53676,0.09,1.0,1.0,1.0,0.75,0.56444
7822,,0.65,0.50908,0.08,1.0,1.0,1.0,0.74,0.53676
7823,,0.615,0.4814,0.07,1.0,1.0,1.0,0.73,0.50908
7824,,0.58,0.45372,0.06,1.0,1.0,1.0,0.72,0.4814
7825,,0.545,0.42604,0.05,1.0,1.0,1.0,0.71,0.45372
7826,,0.51,0.39836,0.04,1.0,1.0,1.0,0.7,0.42604
7827,,0.475,0.37068,0.03,1.0,1.0,1.0,0.69,0.39836
7828,,0.44,0.343,0.02,1.0,1.0,1.0,0.68,0.37068
7829,,0.405,0.31532,0.01,1.0,1.0,1.0,0.67,0.343
7830,,0.37,0.28764,-0.0,1.0,1.0,1.0,0.66,0.31532
7831,,0.335,0.25996,-0.01,1.0,1.0,1.0,0.65,0.28764
7832,3,0.3,0.26728,1.0,1.0,1.0,0.97268,0.59,0.22496
7833,,0.265,0.2396,0.99,1.0,1.0,0.98036,0.58,0.19728
7834,,0.23,0.21192,0.98,1.0,1.0,0.98804,0.57,0.1696
7835,,0.195,0.18424,0.97,1.0,1.0,0.99572,0.56,0.14192
7836,,0.16,0.15656,0.96,1.0,1.0,1.0,0.55,0.11424
7837,,0.125,0.12888,0.95,1.0,1.0,1.0,0.54,0.08656
7838,,0.09,0.1012,0.94,1.0,1.0,1.0,0.53,0.05888
7839,,0.055,0.07352,0.93,1.0,1.0,1.0,0.52,0.0312
7840,,0.02,0.04584,0.92,1.0,1.0,1.0,0.51,0.00352
7841,,-0.015,0.01816,0.91,1.0,1.0,1.0,0.5,-0.02416
7842,8,-0.015,-0.00952,0.865,0.95768,0.98,1.0,0.525,1.0
7843,1,1.0,-0.0022,0.855,0.93036,0.945,0.97268,0.515,1.0
7844,2,1.0,1.0,0.88,0.93804,0.925,0.93036,0.47,0.97232
7845,,0.965,0.97232,0.87,0.94572,0.94,0.93804,0.46,0.94464
7846,,0.93,0.94464,0.86,0.9534,0.955,0.94572,0.45,0.91696
7847,,0.895,0.91696,0.85,0.96108,0.97,0.9534,0.44,0.88928
7848,,0.86,0.88928,0.84,0.96876,0.985,0.96108,0.43,0.8616
7849,,0.825,0.8616,0.83,0.97644,1.0,0.96876,0.42,0.83392
7850,,0.79,0.83392,0.82,0.98412,1.0,0.97644,0.41,0.80624
7851,,0.755,0.80624,0.81,0.9918,1.0,0.98412,0.4,0.77856
7852,,0.72,0.77856,0.8,0.99948,1.0,0.9918,0.39,0.75088
7853,,0.685,0.75088,0.79,1.0,1.0,0.99948,0.38,0.7232
7854,,0.65,0.7232,0.78,1.0,1.0,1.0,0.37,0.69552
7855,,0.615,0.69552,0.77,1.0,1.0,1.0,0.36,0.66784
7856,,0.58,0.66784,0.76,1.0,1.0,1.0,0.35,0.64016
7857,,0.545,0.64016,0.75,1.0,1.0,1.0,0.34,0.61248
7858,,0.51,0.61248,0.74,1.0,1.0,1.0,0.33,0.5848
7859,,0.475,0.5848,0.73,1.0,1.0,1.0,0.32,0.55712
7860,,0.44,0.55712,0.72,1.0,1.0,1.0,0.31,0.52944
7861,,0.405,0.52944,0.71,1.0,1.0,1.0,0.3,0.50176
7862,,0.37,0.50176,0.7,1.0,1.0,1.0,0.29,0.47408
7863,,0.335,0.47408,0.69,1.0,1.0,1.0,0.28,0.4464
7864,,0.3,0.4464,0.68,1.0,1.0,1.0,0.27,0.41872
7865,,0.265,0.41872,0.67,1.0,1.0,1.0,0.26,0.39104
7866,,0.23,0.39104,0.66,1.0,1.0,1.0,0.25,0.36336
7867,,0.195,0.36336,0.65,1.0,1.0,1.0,0.24,0.33568
7868,,0.16,0.33568,0.64,1.0,1.0,1.0,0.23,0.308
7869,,0.125,0.308,0.63,1.0,1.0,1.0,0.22,0.28032
7870,,0.09,0.28032,0.62,1.0,1.0,1.0,0.21,0.25264
7871,,0.055,0.25264,0.61,1.0,1.0,1.0,0.2,0.22496
7872,,0.02,0.22496,0.6,1.0,1.0,1.0,0.19,0.19728
7873,,-0.015,0.19728,0.59,1.0,1.0,1.0,0.18,0.1696
7874,1,1.0,0.2046,0.58,0.97268,0.965,0.97268,0.17,0.17692
7875,,0.965,0.17692,0.57,0.98036,0.98,0.98036,0.16,0.14924
7876,,0.93,0.14924,0.56,0.98804,0.995,0.98804,0.15,0.12156
7877,,0.895,0.12156,0.55,0.99572,1.0,0.99572,0.14,0.09388
7878,,0.86,0.09388,0.54,1.0,1.0,1.0,0.13,0.0662
7879,,0.825,0.0662,0.53,1.0,1.0,1.0,0.12,0.03852
7880,,0.79,0.03852,0.52,1.0,1.0,1.0,0.11,0.01084
7881,,0.755,0.01084,0.51,1.0,1.0,1.0,0.1,-0.01684
7882,8,0.755,-0.01684,0.465,0.95768,0.98,1.0,0.125,1.0
7883,2,0.755,1.0,0.49,0.96536,0.96,0.95768,0.08,0.97232
7884,,0.72,0.97232,0.48,0.97304,0.975,0.96536,0.07,0.94464
7885,,0.685,0.94464,0.47,0.98072,0.99,0.97304,0.06,0.91696
7886,,0.65,0.91696,0.46,0.9884,1.0,0.98072,0.05,0.88928
7887,,0.615,0.88928,0.45,0.99608,1.0,0.9884,0.04,0.8616
7888,,0.58,0.8616,0.44,1.0,1.0,0.99608,0.03,0.83392
7889,,0.545,0.83392,0.43,1.0,1.0,1.0,0.02,0.80624
7890,,0.51,0.80624,0.42,1.0,1.0,1.0,0.01,0.77856
7891,,0.475,0.77856,0.41,1.0,1.0,1.0,-0.0,0.75088
7892,,0.44,0.75088,0.4,1.0,1.0,1.0,-0.01,0.7232
7893,7,0.405,0.6882,0.34,0.97268,1.0,1.0,1.0,0.73052
7894,,0.37,0.66052,0.33,0.98036,1.0,1.0,0.99,0.70284
7895,,0.335,0.63284,0.32,0.98804,1.0,1.0,0.98,0.67516
7896,,0.3,0.60516,0.31,0.99572,1.0,1.0,0.97,0.64748
7897,,0.265,0.57748,0.3,1.0,1.0,1.0,0.96,0.6198
7898,,0.23,0.5498,0.29,1.0,1.0,1.0,0.95,0.59212
7899,,0.195,0.52212,0.28,1.0,1.0,1.0,0.94,0.56444
7900,,0.16,0.49444,0.27,1.0,1.0,1.0,0.93,0.53676
7901,,0.125,0.46676,0.26,1.0,1.0,1.0,0.92,0.50908
7902,,0.09,0.43908,0.25,1.0,1.0,1.0,0.91,0.4814
7903,,0.055,0.4114,0.24,1.0,1.0,1.0,0.9,0.45372
7904,,0.02,0.38372,0.23,1.0,1.0,1.0,0.89,0.42604
7905,,-0.015,0.35604,0.22,1.0,1.0,1.0,0.88,0.39836
7906,1,1.0,0.36336,0.21,0.97268,0.965,0.97268,0.87,0.40568
7907,,0.965,0.33568,0.2,0.98036,0.98,0.98036,0.86,0.378
7908,,0.93,0.308,0.19,0.98804,0.995,0.98804,0.85,0.35032
7909,,0.895,0.28032,0.18,0.99572,1.0,0.99572,0.84,0.32264
7910,,0.86,0.25264,0.17,1.0,1.0,1.0,0.83,0.29496
7911,,0.825,0.22496,0.16,1.0,1.0,1.0,0.82,0.26728
7912,,0.79,0.19728,0.15,1.0,1.0,1.0,0.81,0.2396
7913,,0.755,0.1696,0.14,1.0,1.0,1.0,0.8,0.21192
7914,,0.72,0.14192,0.13,1.0,1.0,1.0,0.79,0.18424
7915,,0.685,0.11424,0.12,1.0,1.0,1.0,0.78,0.15656
7916,,0.65,0.08656,0.11,1.0,1.0,1.0,0.77,0.12888
7917,,0.615,0.05888,0.1,1.0,1.0,1.0,0.76,0.1012
7918,,0.58,0.0312,0.09,1.0,1.0,1.0,0.75,0.07352
7919,,0.545,0.00352,0.08,1.0,1.0,1.0,0.74,0.04584
7920,,0.51,-0.02416,0.07,1.0,1.0,1.0,0.73,0.01816
7921,2,0.51,1.0,0.095,1.0,0.98,0.95768,0.685,-0.00952
7922,8,0.51,0.97232,0.05,0.95768,0.96,0.96536,0.71,1.0
7923,,0.475,0.94464,0.04,0.96536,0.975,0.97304,0.7,0.97232
7924,,0.44,0.91696,0.03,0.97304,0.99,0.98072,0.69,0.94464
7925,,0.405,0.88928,0.02,0.98072,1.0,0.9884,0.68,0.91696
7926,,0.37,0.8616,0.01,0.9884,1.0,0.99608,0.67,0.88928
7927,,0.335,0.83392,-0.0,0.99608,1.0,1.0,0.66,0.8616
7928,,0.3,0.80624,-0.01,1.0,1.0,1.0,0.65,0.83392
7929,3,0.265,0.81356,1.0,1.0,1.0,0.97268,0.59,0.77124
7930,,0.23,0.78588,0.99,1.0,1.0,0.98036,0.58,0.74356
7931,,0.195,0.7582,0.98,1.0,1.0,0.98804,0.57,0.71588
7932,,0.16,0.73052,0.97,1.0,1.0,0.99572,0.56,0.6882
7933,,0.125,0.70284,0.96,1.0,1.0,1.0,0.55,0.66052
7934,,0.09,0.67516,0.95,1.0,1.0,1.0,0.54,0.63284
7935,,0.055,0.64748,0.94,1.0,1.0,1.0,0.53,0.60516
7936,,0.02,0.6198,0.93,1.0,1.0,1.0,0.52,0.57748
7937,,-0.015,0.59212,0.92,1.0,1.0,1.0,0.51,0.5498
7938,1,1.0,0.59944,0.91,0.97268,0.965,0.97268,0.5,0.55712
7939,,0.965,0.57176,0.9,0.98036,0.98,0.98036,0.49,0.52944
7940,,0.93,0.54408,0.89,0.98804,0.995,0.98804,0.48,0.50176
7941,,0.895,0.5164,0.88,0.99572,1.0,0.99572,0.47,0.47408
7942,,0.86,0.48872,0.87,1.0,1.0,1.0,0.46,0.4464
7943,,0.825,0.46104,0.86,1.0,1.0,1.0,0.45,0.41872
7944,,0.79,0.43336,0.85,1.0,1.0,1.0,0.44,0.39104
7945,,0.755,0.40568,0.84,1.0,1.0,1.0,0.43,0.36336
7946,,0.72,0.378,0.83,1.0,1.0,1.0,0.42,0.33568
7947,,0.685,0.35032,0.82,1.0,1.0,1.0,0.41,0.308
7948,,0.65,0.32264,0.81,1.0,1.0,1.0,0.4,0.28032
7949,,0.615,0.29496,0.8,1.0,1.0,1.0,0.39,0.25264
7950,,0.58,0.26728,0.79,1.0,1.0,1.0,0.38,0.22496
7951,,0.545,0.2396,0.78,1.0,1.0,1.0,0.37,0.19728
7952,,0.51,0.21192,0.77,1.0,1.0,1.0,0.36,0.1696
7953,,0.475,0.18424,0.76,1.0,1.0,1.0,0.35,0.14192
7954,,0.44,0.15656,0.75,1.0,1.0,1.0,0.34,0.11424
7955,,0.405,0.12888,0.74,1.0,1.0,1.0,0.33,0.08656
7956,,0.37,0.1012,0.73,1.0,1.0,1.0,0.32,0.05888
7957,,0.335,0.07352,0.72,1.0,1.0,1.0,0.31,0.0312
7958,,0.3,0.04584,0.71,1.0,1.0,1.0,0.3,0.00352
7959,,0.265,0.01816,0.7,1.0,1.0,1.0,0.29,-0.02416
7960,8,0.265,-0.00952,0.655,0.95768,0.98,1.0,0.315,1.0
7961,2,0.265,1.0,0.68,0.96536,0.96,0.95768,0.27,0.97232
7962,,0.23,0.97232,0.67,0.97304,0.975,0.96536,0.26,0.94464
7963,,0.195,0.94464,0.66,0.98072,0.99,0.97304,0.25,0.91696
7964,,0.16,0.91696,0.65,0.9884,1.0,0.98072,0.24,0.88928
7965,,0.125,0.88928,0.64,0.99608,1.0,0.9884,0.23,0.8616
7966,,0.09,0.8616,0.63,1.0,1.0,0.99608,0.22,0.83392
7967,,0.055,0.83392,0.62,1.0,1.0,1.0,0.21,0.80624
7968,,0.02,0.80624,0.61,1.0,1.0,1.0,0.2,0.77856
7969,,-0.015,0.77856,0.6,1.0,1.0,1.0,0.19,0.75088
7970,1,1.0,0.78588,0.59,0.97268,0.965,0.97268,0.18,0.7582
7971,,0.965,0.7582,0.58,0.98036,0.98,0.98036,0.17,0.73052
7972,,0.93,0.73052,0.57,0.98804,0.995,0.98804,0.16,0.70284
7973,,0.895,0.70284,0.56,0.99572,1.0,0.99572,0.15,0.67516
7974,,0.86,0.67516,0.55,1.0,1.0,1.0,0.14,0.64748
7975,,0.825,0.64748,0.54,1.0,1.0,1.0,0.13,0.6198
7976,,0.79,0.6198,0.53,1.0,1.0,1.0,0.12,0.59212
7977,,0.755,0.59212,0.52,1.0,1.0,1.0,0.11,0.56444
7978,,0.72,0.56444,0.51,1.0,1.0,1.0,0.1,0.53676
7979,,0.685,0.53676,0.5,1.0,1.0,1.0,0.09,0.50908
7980,,0.65,0.50908,0.49,1.0,1.0,1.0,0.08,0.4814
7981,,0.615,0.4814,0.48,1.0,1.0,1.0,0.07,0.45372
7982,,0.58,0.45372,0.47,1.0,1.0,1.0,0.06,0.42604
7983,,0.545,0.42604,0.46,1.0,1.0,1.0,0.05,0.39836
7984,,0.51,0.39836,0.45,1.0,1.0,1.0,0.04,0.37068
7985,,0.475,0.37068,0.44,1.0,1.0,1.0,0.03,0.343
7986,,0.44,0.343,0.43,1.0,1.0,1.0,0.02,0.31532
7987,,0.405,0.31532,0.42,1.0,1.0,1.0,0.01,0.28764
7988,,0.37,0.28764,0.41,1.0,1.0,1.0,-0.0,0.25996
7989,,0.335,0.25996,0.4,1.0,1.0,1.0,-0.01,0.23228
7990,7,0.3,0.19728,0.34,0.97268,1.0,1.0,1.0,0.2396
7991,,0.265,0.1696,0.33,0.98036,1.0,1.0,0.99,0.21192
7992,,0.23,0.14192,0.32,0.98804,1.0,1.0,0.98,0.18424
7993,,0.195,0.11424,0.31,0.99572,1.0,1.0,0.97,0.15656
7994,,0.16,0.08656,0.3,1.0,1.0,1.0,0.96,0.12888
7995,,0.125,0.05888,0.29,1.0,1.0,1.0,0.95,0.1012
7996,,0.09,0.0312,0.28,1.0,1.0,1.0,0.94,0.07352
7997,,0.055,0.00352,0.27,1.0,1.0,1.0,0.93,0.04584
7998,,0.02,-0.02416,0.26,1.0,1.0,1.0,0.92,0.01816
7999,2,0.02,1.0,0.285,1.0,0.98,0.95768,0.875,-0.00952
8000,8,0.02,0.97232,0.24,0.95768,0.96,0.96536,0.9,1.0
8001,,-0.015,0.94464,0.23,0.96536,0.975,0.97304,0.89,0.97232
8002,1,1.0,0.95196,0.22,0.93804,0.94,0.94572,0.88,0.97964
8003,,0.965,0.92428,0.21,0.94572,0.955,0.9534,0.87,0.95196
8004,,0.93,0.8966,0.2,0.9534,0.97,0.96108,0.86,0.92428
8005,,0.895,0.86892,0.19,0.96108,0.985,0.96876,0.85,0.8966
8006,,0.86,0.84124,0.18,0.96876,1.0,0.97644,0.84,0.86892
8007,,0.825,0.81356,0.17,0.97644,1.0,0.98412,0.83,0.84124
8008,,0.79,0.78588,0.16,0.98412,1.0,0.9918,0.82,0.81356
8009,,0.755,0.7582,0.15,0.9918,1.0,0.99948,0.81,0.78588
8010,,0.72,0.73052,0.14,0.99948,1.0,1.0,0.8,0.7582
8011,,0.685,0.70284,0.13,1.0,1.0,1.0,0.79,0.73052
8012,,0.65,0.67516,0.12,1.0,1.0,1.0,0.78,0.70284
8013,,0.615,0.64748,0.11,1.0,1.0,1.0,0.77,0.67516
8014,,0.58,0.6198,0.1,1.0,1.0,1.0,0.76,0.64748
8015,,0.545,0.59212,0.09,1.0,1.0,1.0,0.75,0.6198
8016,,0.51,0.56444,0.08,1.0,1.0,1.0,0.74,0.59212
8017,,0.475,0.53676,0.07,1.0,1.0,1.0,0.73,0.56444
8018,,0.44,0.50908,0.06,1.0,1.0,1.0,0.72,0.53676
8019,,0.405,0.4814,0.05,1.0,1.0,1.0,0.71,0.50908
8020,,0.37,0.45372,0.04,1.0,1.0,1.0,0.7,0.4814
8021,,0.335,0.42604,0.03,1.0,1.0,1.0,0.69,0.45372
8022,,0.3,0.39836,0.02,1.0,1.0,1.0,0.68,0.42604
8023,,0.265,0.37068,0.01,1.0,1.0,1.0,0.67,0.39836
8024,,0.23,0.343,-0.0,1.0,1.0,1.0,0.66,0.37068
8025,,0.195,0.31532,-0.01,1.0,1.0,1.0,0.65,0.343
8026,3,0.16,0.32264,1.0,1.0,1.0,0.97268,0.59,0.28032
8027,,0.125,0.29496,0.99,1.0,1.0,0.98036,0.58,0.25264
8028,,0.09,0.26728,0.98,1.0,1.0,0.98804,0.57,0.22496
8029,,0.055,0.2396,0.97,1.0,1.0,0.99572,0.56,0.19728
8030,,0.02,0.21192,0.96,1.0,1.0,1.0,0.55,0.1696
8031,,-0.015,0.18424,0.95,1.0,1.0,1.0,0.54,0.14192
8032,1,1.0,0.19156,0.94,0.97268,0.965,0.97268,0.53,0.14924
8033,,0.965,0.16388,0.93,0.98036,0.98,0.98036,0.52,0.12156
8034,,0.93,0.1362,0.92,0.98804,0.995,0.98804,0.51,0.09388
8035,,0.895,0.10852,0.91,0.99572,1.0,0.99572,0.5,0.0662
8036,,0.86,0.08084,0.9,1.0,1.0,1.0,0.49,0.03852
8037,,0.825,0.05316,0.89,1.0,1.0,1.0,0.48,0.01084
8038,,0.79,0.02548,0.88,1.0,1.0,1.0,0.47,-0.01684
8039,8,0.79,-0.0022,0.835,0.95768,0.98,1.0,0.495,1.0
8040,2,0.79,1.0,0.86,0.96536,0.96,0.95768,0.45,0.97232
8041,,0.755,0.97232,0.85,0.97304,0.975,0.96536,0.44,0.94464
8042,,0.72,0.94464,0.84,0.98072,0.99,0.97304,0.43,0.91696
8043,,0.685,0.91696,0.83,0.9884,1.0,0.98072,0.42,0.88928
8044,,0.65,0.88928,0.82,0.99608,1.0,0.9884,0.41,0.8616
8045,,0.615,0.8616,0.81,1.0,1.0,0.99608,0.4,0.83392
8046,,0.58,0.83392,0.8,1.0,1.0,1.0,0.39,0.80624
8047,,0.545,0.80624,0.79,1.0,1.0,1.0,0.38,0.77856
8048,,0.51,0.77856,0.78,1.0,1.0,1.0,0.37,0.75088
8049,,0.475,0.75088,0.77,1.0,1.0,1.0,0.36,0.7232
8050,,0.44,0.7232,0.76,1.0,1.0,1.0,0.35,0.69552
8051,,0.405,0.69552,0.75,1.0,1.0,1.0,0.34,0.66784
8052,,0.37,0.66784,0.74,1.0,1.0,1.0,0.33,0.64016
8053,,0.335,0.64016,0.73,1.0,1.0,1.0,0.32,0.61248
8054,,0.3,0.61248,0.72,1.0,1.0,1.0,0.31,0.5848
8055,,0.265,0.5848,0.71,1.0,1.0,1.0,0.3,0.55712
8056,,0.23,0.55712,0.7,1.0,1.0,1.0,0.29,0.52944
8057,,0.195,0.52944,0.69,1.0,1.0,1.0,0.28,0.50176
8058,,0.16,0.50176,0.68,1.0,1.0,1.0,0.27,0.47408
8059,,0.125,0.47408,0.67,1.0,1.0,1.0,0.26,0.4464
8060,,0.09,0.4464,0.66,1.0,1.0,1.0,0.25,0.41872
8061,,0.055,0.41872,0.65,1.0,1.0,1.0,0.24,0.39104
8062,,0.02,0.39104,0.64,1.0,1.0,1.0,0.23,0.36336
8063,,-0.015,0.36336,0.63,1.0,1.0,1.0,0.22,0.33568
8064,1,1.0,0.37068,0.62,0.97268,0.965,0.97268,0.21,0.343
8065,,0.965,0.343,0.61,0.98036,0.98,0.98036,0.2,0.31532
8066,,0.93,0.31532,0.6,0.98804,0.995,0.98804,0.19,0.28764
8067,,0.895,0.28764,0.59,0.99572,1.0,0.99572,0.18,0.25996
8068,,0.86,0.25996,0.58,1.0,1.0,1.0,0.17,0.23228
8069,,0.825,0.23228,0.57,1.0,1.0,1.0,0.16,0.2046
8070,,0.79,0.2046,0.56,1.0,1.0,1.0,0.15,0.17692
8071,,0.755,0.17692,0.55,1.0,1.0,1.0,0.14,0.14924
8072,,0.72,0.14924,0.54,1.0,1.0,1.0,0.13,0.12156
8073,,0.685,0.12156,0.53,1.0,1.0,1.0,0.12,0.09388
8074,,0.65,0.09388,0.52,1.0,1.0,1.0,0.11,0.0662
8075,,0.615,0.0662,0.51,1.0,1.0,1.0,0.1,0.03852
8076,,0.58,0.03852,0.5,1.0,1.0,1.0,0.09,0.01084
8077,,0.545,0.01084,0.49,1.0,1.0,1.0,0.08,-0.01684
8078,8,0.545,-0.01684,0.445,0.95768,0.98,1.0,0.105,1.0
8079,2,0.545,1.0,0.47,0.96536,0.96,0.95768,0.06,0.97232
8080,,0.51,0.97232,0.46,0.97304,0.975,0.96536,0.05,0.94464
8081,,0.475,0.94464,0.45,0.98072,0.99,0.97304,0.04,0.91696
8082,,0.44,0.91696,0.44,0.9884,1.0,0.98072,0.03,0.88928
8083,,0.405,0.88928,0.43,0.99608,1.0,0.9884,0.02,0.8616
8084,,0.37,0.8616,0.42,1.0,1.0,0.99608,0.01,0.83392
8085,,0.335,0.83392,0.41,1.0,1.0,1.0,-0.0,0.80624
8086,,0.3,0.80624,0.4,1.0,1.0,1.0,-0.01,0.77856
8087,7,0.265,0.74356,0.34,0.97268,1.0,1.0,1.0,0.78588
8088,,0.23,0.71588,0.33,0.98036,1.0,1.0,0.99,0.7582
8089,,0.195,0.6882,0.32,0.98804,1.0,1.0,0.98,0.73052
8090,,0.16,0.66052,0.31,0.99572,1.0,1.0,0.97,0.70284
8091,,0.125,0.63284,0.3,1.0,1.0,1.0,0.96,0.67516
8092,,0.09,0.60516,0.29,1.0,1.0,1.0,0.95,0.64748
8093,,0.055,0.57748,0.28,1.0,1.0,1.0,0.94,0.6198
8094,,0.02,0.5498,0.27,1.0,1.0,1.0,0.93,0.59212
8095,,-0.015,0.52212,0.26,1.0,1.0,1.0,0.92,0.56444
8096,1,1.0,0.52944,0.25,0.97268,0.965,0.97268,0.91,0.57176
8097,,0.965,0.50176,0.24,0.98036,0.98,0.98036,0.9,0.54408
8098,,0.93,0.47408,0.23,0.98804,0.995,0.98804,0.89,0.5164
8099,,0.895,0.4464,0.22,0.99572,1.0,0.99572,0.88,0.48872
8100,,0.86,0.41872,0.21,1.0,1.0,1.0,0.87,0.46104
8101,,0.825,0.39104,0.2,1.0,1.0,1.0,0.86,0.43336
8102,,0.79,0.36336,0.19,1.0,1.0,1.0,0.85,0.40568
8103,,0.755,0.33568,0.18,1.0,1.0,1.0,0.84,0.378
8104,,0.72,0.308,0.17,1.0,1.0,1.0,0.83,0.35032
8105,,0.685,0.28032,0.16,1.0,1.0,1.0,0.82,0.32264
8106,,0.65,0.25264,0.15,1.0,1.0,1.0,0.81,0.29496
8107,,0.615,0.22496,0.14,1.0,1.0,1.0,0.8,0.26728
8108,,0.58,0.19728,0.13,1.0,1.0,1.0,0.79,0.2396
8109,,0.545,0.1696,0.12,1.0,1.0,1.0,0.78,0.21192
8110,,0.51,0.14192,0.11,1.0,1.0,1.0,0.77,0.18424
8111,,0.475,0.11424,0.1,1.0,1.0,1.0,0.76,0.15656
8112,,0.44,0.08656,0.09,1.0,1.0,1.0,0.75,0.12888
8113,,0.405,0.05888,0.08,1.0,1.0,1.0,0.74,0.1012
8114,,0.37,0.0312,0.07,1.0,1.0,1.0,0.73,0.07352
8115,,0.335,0.00352,0.06,1.0,1.0,1.0,0.72,0.04584
8116,,0.3,-0.02416,0.05,1.0,1.0,1.0,0.71,0.01816
8117,2,0.3,1.0,0.075,1.0,0.98,0.95768,0.665,-0.00952
8118,8,0.3,0.97232,0.03,0.95768,0.96,0.96536,0.69,1.0
8119,,0.265,0.94464,0.02,0.96536,0.975,0.97304,0.68,0.97232
8120,,0.23,0.91696,0.01,0.97304,0.99,0.98072,0.67,0.94464
8121,,0.195,0.88928,-0.0,0.98072,1.0,0.9884,0.66,0.91696
8122,,0.16,0.8616,-0.01,0.9884,1.0,0.99608,0.65,0.88928
8123,3,0.125,0.86892,1.0,1.0,1.0,0.96876,0.59,0.8266
8124,,0.09,0.84124,0.99,1.0,1.0,0.97644,0.58,0.79892
8125,,0.055,0.81356,0.98,1.0,1.0,0.98412,0.57,0.77124
8126,,0.02,0.78588,0.97,1.0,1.0,0.9918,0.56,0.74356
8127,,-0.015,0.7582,0.96,1.0,1.0,0.99948,0.55,0.71588
8128,1,1.0,0.76552,0.95,0.97268,0.965,0.97216,0.54,0.7232
8129,,0.965,0.73784,0.94,0.98036,0.98,0.97984,0.53,0.69552
8130,,0.93,0.71016,0.93,0.98804,0.995,0.98752,0.52,0.66784
8131,,0.895,0.68248,0.92,0.99572,1.0,0.9952,0.51,0.64016
8132,,0.86,0.6548,0.91,1.0,1.0,1.0,0.5,0.61248
8133,,0.825,0.62712,0.9,1.0,1.0,1.0,0.49,0.5848
8134,,0.79,0.59944,0.89,1.0,1.0,1.0,0.48,0.55712
8135,,0.755,0.57176,0.88,1.0,1.0,1.0,0.47,0.52944
8136,,0.72,0.54408,0.87,1.0,1.0,1.0,0.46,0.50176
8137,,0.685,0.5164,0.86,1.0,1.0,1.0,0.45,0.47408
8138,,0.65,0.48872,0.85,1.0,1.0,1.0,0.44,0.4464
8139,,0.615,0.46104,0.84,1.0,1.0,1.0,0.43,0.41872
8140,,0.58,0.43336,0.83,1.0,1.0,1.0,0.42,0.39104
8141,,0.545,0.40568,0.82,1.0,1.0,1.0,0.41,0.36336
8142,,0.51,0.378,0.81,1.0,1.0,1.0,0.4,0.33568
8143,,0.475,0.35032,0.8,1.0,1.0,1.0,0.39,0.308
8144,,0.44,0.32264,0.79,1.0,1.0,1.0,0.38,0.28032
8145,,0.405,0.29496,0.78,1.0,1.0,1.0,0.37,0.25264
8146,,0.37,0.26728,0.77,1.0,1.0,1.0,0.36,0.22496
8147,,0.335,0.2396,0.76,1.0,1.0,1.0,0.35,0.19728
8148,,0.3,0.21192,0.75,1.0,1.0,1.0,0.34,0.1696
8149,,0.265,0.18424,0.74,1.0,1.0,1.0,0.33,0.14192
8150,,0.23,0.15656,0.73,1.0,1.0,1.0,0.32,0.11424
8151,,0.195,0.12888,0.72,1.0,1.0,1.0,0.31,0.08656
8152,,0.16,0.1012,0.71,1.0,1.0,1.0,0.3,0.05888
8153,,0.125,0.07352,0.7,1.0,1.0,1.0,0.29,0.0312
8154,,0.09,0.04584,0.69,1.0,1.0,1.0,0.28,0.00352
8155,,0.055,0.01816,0.68,1.0,1.0,1.0,0.27,-0.02416
8156,8,0.055,-0.00952,0.635,0.95768,0.98,1.0,0.295,1.0
8157,2,0.055,1.0,0.66,0.96536,0.96,0.95768,0.25,0.97232
8158,,0.02,0.97232,0.65,0.97304,0.975,0.96536,0.24,0.94464
8159,,-0.015,0.94464,0.64,0.98072,0.99,0.97304,0.23,0.91696
8160,1,1.0,0.95196,0.63,0.9534,0.955,0.94572,0.22,0.92428
8161,,0.965,0.92428,0.62,0.96108,0.97,0.9534,0.21,0.8966
8162,,0.93,0.8966,0.61,0.96876,0.985,0.96108,0.2,0.86892
8163,,0.895,0.86892,0.6,0.97644,1.0,0.96876,0.19,0.84124
8164,,0.86,0.84124,0.59,0.98412,1.0,0.97644,0.18,0.81356
8165,,0.825,0.81356,0.58,0.9918,1.0,0.98412,0.17,0.78588
8166,,0.79,0.78588,0.57,0.99948,1.0,0.9918,0.16,0.7582
8167,,0.755,0.7582,0.56,1.0,1.0,0.99948,0.15,0.73052
8168,,0.72,0.73052,0.55,1.0,1.0,1.0,0.14,0.70284
8169,,0.685,0.70284,0.54,1.0,1.0,1.0,0.13,0.67516
8170,,0.65,0.67516,0.53,1.0,1.0,1.0,0.12,0.64748
8171,,0.615,0.64748,0.52,1.0,1.0,1.0,0.11,0.6198
8172,,0.58,0.6198,0.51,1.0,1.0,1.0,0.1,0.59212
8173,,0.545,0.59212,0.5,1.0,1.0,1.0,0.09,0.56444
8174,,0.51,0.56444,0.49,1.0,1.0,1.0,0.08,0.53676
8175,,0.475,0.53676,0.48,1.0,1.0,1.0,0.07,0.50908
8176,,0.44,0.50908,0.47,1.0,1.0,1.0,0.06,0.4814
8177,,0.405,0.4814,0.46,1.0,1.0,1.0,0.05,0.45372
8178,,0.37,0.45372,0.45,1.0,1.0,1.0,0.04,0.42604
8179,,0.335,0.42604,0.44,1.0,1.0,1.0,0.03,0.39836
8180,,0.3,0.39836,0.43,1.0,1.0,1.0,0.02,0.37068
8181,,0.265,0.37068,0.42,1.0,1.0,1.0,0.01,0.343
8182,,0.23,0.343,0.41,1.0,1.0,1.0,-0.0,0.31532
8183,,0.195,0.31532,0.4,1.0,1.0,1.0,-0.01,0.28764
8184,7,0.16,0.25264,0.34,0.97268,1.0,1.0,1.0,0.29496
8185,,0.125,0.22496,0.33,0.98036,1.0,1.0,0.99,0.26728
8186,,0.09,0.19728,0.32,0.98804,1.0,1.0,0.98,0.2396
8187,,0.055,0.1696,0.31,0.99572,1.0,1.0,0.97,0.21192
8188,,0.02,0.14192,0.3,1.0,1.0,1.0,0.96,0.18424
8189,,-0.015,0.11424,0.29,1.0,1.0,1.0,0.95,0.15656
8190,1,1.0,0.12156,0.28,0.97268,0.965,0.97268,0.94,0.16388
8191,,0.965,0.09388,0.27,0.98036,0.98,0.98036,0.93,0.1362
8192,,0.93,0.0662,0.26,0.98804,0.995,0.98804,0.92,0.10852
8193,,0.895,0.03852,0.25,0.99572,1.0,0.99572,0.91,0.08084
8194,,0.86,0.01084,0.24,1.0,1.0,1.0,0.9,0.05316
8195,,0.825,-0.01684,0.23,1.0,1.0,1.0,0.89,0.02548
8196,2,0.825,1.0,0.255,1.0,0.98,0.95768,0.845,-0.0022
8197,8,0.825,0.97232,0.21,0.95768,0.96,0.96536,0.87,1.0
8198,,0.79,0.94464,0.2,0.96536,0.975,0.97304,0.86,0.97232
8199,,0.755,0.91696,0.19,0.97304,0.99,0.98072,0.85,0.94464
8200,,0.72,0.88928,0.18,0.98072,1.0,0.9884,0.84,0.91696
8201,,0.685,0.8616,0.17,0.9884,1.0,0.99608,0.83,0.88928
8202,,0.65,0.83392,0.16,0.99608,1.0,1.0,0.82,0.8616
8203,,0.615,0.80624,0.15,1.0,1.0,1.0,0.81,0.83392
8204,,0.58,0.77856,0.14,1.0,1.0,1.0,0.8,0.80624
8205,,0.545,0.75088,0.13,1.0,1.0,1.0,0.79,0.77856
8206,,0.51,0.7232,0.12,1.0,1.0,1.0,0.78,0.75088
8207,,0.475,0.69552,0.11,1.0,1.0,1.0,0.77,0.7232
8208,,0.44,0.66784,0.1,1.0,1.0,1.0,0.76,0.69552
8209,,0.405,0.64016,0.09,1.0,1.0,1.0,0.75,0.66784
8210,,0.37,0.61248,0.08,1.0,1.0,1.0,0.74,0.64016
8211,,0.335,0.5848,0.07,1.0,1.0,1.0,0.73,0.61248
8212,,0.3,0.55712,0.06,1.0,1.0,1.0,0.72,0.5848
8213,,0.265,0.52944,0.05,1.0,1.0,1.0,0.71,0.55712
8214,,0.23,0.50176,0.04,1.0,1.0,1.0,0.7,0.52944
8215,,0.195,0.47408,0.03,1.0,1.0,1.0,0.69,0.50176
8216,,0.16,0.4464,0.02,1.0,1.0,1.0,0.68,0.47408
8217,,0.125,0.41872,0.01,1.0,1.0,1.0,0.67,0.4464
8218,,0.09,0.39104,-0.0,1.0,1.0,1.0,0.66,0.41872
8219,,0.055,0.36336,-0.01,1.0,1.0,1.0,0.65,0.39104
8220,3,0.02,0.37068,1.0,1.0,1.0,0.97268,0.59,0.32836
8221,,-0.015,0.343,0.99,1.0,1.0,0.98036,0.58,0.30068
8222,1,1.0,0.35032,0.98,0.97268,0.965,0.95304,0.57,0.308
8223,,0.965,0.32264,0.97,0.98036,0.98,0.96072,0.56,0.28032
8224,,0.93,0.29496,0.96,0.98804,0.995,0.9684,0.55,0.25264
8225,,0.895,0.26728,0.95,0.99572,1.0,0.97608,0.54,0.22496
8226,,0.86,0.2396,0.94,1.0,1.0,0.98376,0.53,0.19728
8227,,0.825,0.21192,0.93,1.0,1.0,0.99144,0.52,0.1696
8228,,0.79,0.18424,0.92,1.0,1.0,0.99912,0.51,0.14192
8229,,0.755,0.15656,0.91,1.0,1.0,1.0,0.5,0.11424
8230,,0.72,0.12888,0.9,1.0,1.0,1.0,0.49,0.08656
8231,,0.685,0.1012,0.89,1.0,1.0,1.0,0.48,0.05888
8232,,0.65,0.07352,0.88,1.0,1.0,1.0,0.47,0.0312
8233,,0.615,0.04584,0.87,1.0,1.0,1.0,0.46,0.00352
8234,,0.58,0.01816,0.86,1.0,1.0,1.0,0.45,-0.02416
8235,8,0.58,-0.00952,0.815,0.95768,0.98,1.0,0.475,1.0
8236,2,0.58,1.0,0.84,0.96536,0.96,0.95768,0.43,0.97232
8237,,0.545,0.97232,0.83,0.97304,0.975,0.96536,0.42,0.94464
8238,,0.51,0.94464,0.82,0.98072,0.99,0.97304,0.41,0.91696
8239,,0.475,0.91696,0.81,0.9884,1.0,0.98072,0.4,0.88928
8240,,0.44,0.88928,0.8,0.99608,1.0,0.9884,0.39,0.8616
8241,,0.405,0.8616,0.79,1.0,1.0,0.99608,0.38,0.83392
8242,,0.37,0.83392,0.78,1.0,1.0,1.0,0.37,0.80624
8243,,0.335,0.80624,0.77,1.0,1.0,1.0,0.36,0.77856
8244,,0.3,0.77856,0.76,1.0,1.0,1.0,0.35,0.75088
8245,,0.265,0.75088,0.75,1.0,1.0,1.0,0.34,0.7232
8246,,0.23,0.7232,0.74,1.0,1.0,1.0,0.33,0.69552
8247,,0.195,0.69552,0.73,1.0,1.0,1.0,0.32,0.66784
8248,,0.16,0.66784,0.72,1.0,1.0,1.0,0.31,0.64016
8249,,0.125,0.64016,0.71,1.0,1.0,1.0,0.3,0.61248
8250,,0.09,0.61248,0.7,1.0,1.0,1.0,0.29,0.5848
8251,,0.055,0.5848,0.69,1.0,1.0,1.0,0.28,0.55712
8252,,0.02,0.55712,0.68,1.0,1.0,1.0,0.27,0.52944
8253,,-0.015,0.52944,0.67,1.0,1.0,1.0,0.26,0.50176
8254,1,1.0,0.53676,0.66,0.97268,0.965,0.97268,0.25,0.50908
8255,,0.965,0.50908,0.65,0.98036,0.98,0.98036,0.24,0.4814
8256,,0.93,0.4814,0.64,0.98804,0.995,0.98804,0.23,0.45372
8257,,0.895,0.45372,0.63,0.99572,1.0,0.99572,0.22,0.42604
8258,,0.86,0.42604,0.62,1.0,1.0,1.0,0.21,0.39836
8259,,0.825,0.39836,0.61,1.0,1.0,1.0,0.2,0.37068
8260,,0.79,0.37068,0.6,1.0,1.0,1.0,0.19,0.343
8261,,0.755,0.343,0.59,1.0,1.0,1.0,0.18,0.31532
8262,,0.72,0.31532,0.58,1.0,1.0,1.0,0.17,0.28764
8263,,0.685,0.28764,0.57,1.0,1.0,1.0,0.16,0.25996
8264,,0.65,0.25996,0.56,1.0,1.0,1.0,0.15,0.23228
8265,,0.615,0.23228,0.55,1.0,1.0,1.0,0.14,0.2046
8266,,0.58,0.2046,0.54,1.0,1.0,1.0,0.13,0.17692
8267,,0.545,0.17692,0.53,1.0,1.0,1.0,0.12,0.14924
8268,,0.51,0.14924,0.52,1.0,1.0,1.0,0.11,0.12156
8269,,0.475,0.12156,0.51,1.0,1.0,1.0,0.1,0.09388
8270,,0.44,0.09388,0.5,1.0,1.0,1.0,0.09,0.0662
8271,,0.405,0.0662,0.49,1.0,1.0,1.0,0.08,0.03852
8272,,0.37,0.03852,0.48,1.0,1.0,1.0,0.07,0.01084
8273,,0.335,0.01084,0.47,1.0,1.0,1.0,0.06,-0.01684
8274,8,0.335,-0.01684,0.425,0.95768,0.98,1.0,0.085,1.0
8275,2,0.335,1.0,0.45,0.96536,0.96,0.95768,0.04,0.97232
8276,,0.3,0.97232,0.44,0.97304,0.975,0.96536,0.03,0.94464
8277,,0.265,0.94464,0.43,0.98072,0.99,0.97304,0.02,0.91696
8278,,0.23,0.91696,0.42,0.9884,1.0,0.98072,0.01,0.88928
8279,,0.195,0.88928,0.41,0.99608,1.0,0.9884,-0.0,0.8616
8280,,0.16,0.8616,0.4,1.0,1.0,0.99608,-0.01,0.83392
8281,7,0.125,0.79892,0.34,0.97268,1.0,1.0,1.0,0.84124
8282,,0.09,0.77124,0.33,0.98036,1.0,1.0,0.99,0.81356
8283,,0.055,0.74356,0.32,0.98804,1.0,1.0,0.98,0.78588
8284,,0.02,0.71588,0.31,0.99572,1.0,1.0,0.97,0.7582
8285,,-0.015,0.6882,0.3,1.0,1.0,1.0,0.96,0.73052
8286,1,1.0,0.69552,0.29,0.97268,0.965,0.97268,0.95,0.73784
8287,,0.965,0.66784,0.28,0.98036,0.98,0.98036,0.94,0.71016
8288,,0.93,0.64016,0.27,0.98804,0.995,0.98804,0.93,0.68248
8289,,0.895,0.61248,0.26,0.99572,1.0,0.99572,0.92,0.6548
8290,,0.86,0.5848,0.25,1.0,1.0,1.0,0.91,0.62712
8291,,0.825,0.55712,0.24,1.0,1.0,1.0,0.9,0.59944
8292,,0.79,0.52944,0.23,1.0,1.0,1.0,0.89,0.57176
8293,,0.755,0.50176,0.22,1.0,1.0,1.0,0.88,0.54408
8294,,0.72,0.47408,0.21,1.0,1.0,1.0,0.87,0.5164
8295,,0.685,0.4464,0.2,1.0,1.0,1.0,0.86,0.48872
8296,,0.65,0.41872,0.19,1.0,1.0,1.0,0.85,0.46104
8297,,0.615,0.39104,0.18,1.0,1.0,1.0,0.84,0.43336
8298,,0.58,0.36336,0.17,1.0,1.0,1.0,0.83,0.40568
8299,,0.545,0.33568,0.16,1.0,1.0,1.0,0.82,0.378
8300,,0.51,0.308,0.15,1.0,1.0,1.0,0.81,0.35032
8301,,0.475,0.28032,0.14,1.0,1.0,1.0,0.8,0.32264
8302,,0.44,0.25264,0.13,1.0,1.0,1.0,0.79,0.29496
8303,,0.405,0.22496,0.12,1.0,1.0,1.0,0.78,0.26728
8304,,0.37,0.19728,0.11,1.0,1.0,1.0,0.77,0.2396
8305,,0.335,0.1696,0.1,1.0,1.0,1.0,0.76,0.21192
8306,,0.3,0.14192,0.09,1.0,1.0,1.0,0.75,0.18424
8307,,0.265,0.11424,0.08,1.0,1.0,1.0,0.74,0.15656
8308,,0.23,0.08656,0.07,1.0,1.0,1.0,0.73,0.12888
8309,,0.195,0.05888,0.06,1.0,1.0,1.0,0.72,0.1012
8310,,0.16,0.0312,0.05,1.0,1.0,1.0,0.71,0.07352
8311,,0.125,0.00352,0.04,1.0,1.0,1.0,0.7,0.04584
8312,,0.09,-0.02416,0.03,1.0,1.0,1.0,0.69,0.01816
8313,2,0.09,1.0,0.055,1.0,0.98,0.95768,0.645,-0.00952
8314,8,0.09,0.97232,0.01,0.95768,0.96,0.96536,0.67,1.0
8315,,0.055,0.94464,-0.0,0.96536,0.975,0.97304,0.66,0.97232
8316,,0.02,0.91696,-0.01,0.97304,0.99,0.98072,0.65,0.94464
8317,3,-0.015,0.92428,1.0,1.0,1.0,0.9534,0.59,0.88196
8318,1,1.0,0.9316,0.99,0.97268,0.965,0.92608,0.58,0.88928
8319,,0.965,0.90392,0.98,0.98036,0.98,0.93376,0.57,0.8616
8320,,0.93,0.87624,0.97,0.98804,0.995,0.94144,0.56,0.83392
8321,,0.895,0.84856,0.96,0.99572,1.0,0.94912,0.55,0.80624
8322,,0.86,0.82088,0.95,1.0,1.0,0.9568,0.54,0.77856
8323,,0.825,0.7932,0.94,1.0,1.0,0.96448,0.53,0.75088
8324,,0.79,0.76552,0.93,1.0,1.0,0.97216,0.52,0.7232
8325,,0.755,0.73784,0.92,1.0,1.0,0.97984,0.51,0.69552
8326,,0.72,0.71016,0.91,1.0,1.0,0.98752,0.5,0.66784
8327,,0.685,0.68248,0.9,1.0,1.0,0.9952,0.49,0.64016
8328,,0.65,0.6548,0.89,1.0,1.0,1.0,0.48,0.61248
8329,,0.615,0.62712,0.88,1.0,1.0,1.0,0.47,0.5848
8330,,0.58,0.59944,0.87,1.0,1.0,1.0,0.46,0.55712
8331,,0.545,0.57176,0.86,1.0,1.0,1.0,0.45,0.52944
8332,,0.51,0.54408,0.85,1.0,1.0,1.0,0.44,0.50176
8333,,0.475,0.5164,0.84,1.0,1.0,1.0,0.43,0.47408
8334,,0.44,0.48872,0.83,1.0,1.0,1.0,0.42,0.4464
8335,,0.405,0.46104,0.82,1.0,1.0,1.0,0.41,0.41872
8336,,0.37,0.43336,0.81,1.0,1.0,1.0,0.4,0.39104
8337,,0.335,0.40568,0.8,1.0,1.0,1.0,0.39,0.36336
8338,,0.3,0.378,0.79,1.0,1.0,1.0,0.38,0.33568
8339,,0.265,0.35032,0.78,1.0,1.0,1.0,0.37,0.308
8340,,0.23,0.32264,0.77,1.0,1.0,1.0,0.36,0.28032
8341,,0.195,0.29496,0.76,1.0,1.0,1.0,0.35,0.25264
8342,,0.16,0.26728,0.75,1.0,1.0,1.0,0.34,0.22496
8343,,0.125,0.2396,0.74,1.0,1.0,1.0,0.33,0.19728
8344,,0.09,0.21192,0.73,1.0,1.0,1.0,0.32,0.1696
8345,,0.055,0.18424,0.72,1.0,1.0,1.0,0.31,0.14192
8346,,0.02,0.15656,0.71,1.0,1.0,1.0,0.3,0.11424
8347,,-0.015,0.12888,0.7,1.0,1.0,1.0,0.29,0.08656
8348,1,1.0,0.1362,0.69,0.97268,0.965,0.97268,0.28,0.09388
8349,,0.965,0.10852,0.68,0.98036,0.98,0.98036,0.27,0.0662
8350,,0.93,0.08084,0.67,0.98804,0.995,0.98804,0.26,0.03852
8351,,0.895,0.05316,0.66,0.99572,1.0,0.99572,0.25,0.01084
8352,,0.86,0.02548,0.65,1.0,1.0,1.0,0.24,-0.01684
8353,8,0.86,-0.0022,0.605,0.95768,0.98,1.0,0.265,1.0
8354,2,0.86,1.0,0.63,0.96536,0.96,0.95768,0.22,0.97232
8355,,0.825,0.97232,0.62,0.97304,0.975,0.96536,0.21,0.94464
8356,,0.79,0.94464,0.61,0.98072,0.99,0.97304,0.2,0.91696
8357,,0.755,0.91696,0.6,0.9884,1.0,0.98072,0.19,0.88928
8358,,0.72,0.88928,0.59,0.99608,1.0,0.9884,0.18,0.8616
8359,,0.685,0.8616,0.58,1.0,1.0,0.99608,0.17,0.83392
8360,,0.65,0.83392,0.57,1.0,1.0,1.0,0.16,0.80624
8361,,0.615,0.80624,0.56,1.0,1.0,1.0,0.15,0.77856
8362,,0.58,0.77856,0.55,1.0,1.0,1.0,0.14,0.75088
8363,,0.545,0.75088,0.54,1.0,1.0,1.0,0.13,0.7232
8364,,0.51,0.7232,0.53,1.0,1.0,1.0,0.12,0.69552
8365,,0.475,0.69552,0.52,1.0,1.0,1.0,0.11,0.66784
8366,,0.44,0.66784,0.51,1.0,1.0,1.0,0.1,0.64016
8367,,0.405,0.64016,0.5,1.0,1.0,1.0,0.09,0.61248
8368,,0.37,0.61248,0.49,1.0,1.0,1.0,0.08,0.5848
8369,,0.335,0.5848,0.48,1.0,1.0,1.0,0.07,0.55712
8370,,0.3,0.55712,0.47,1.0,1.0,1.0,0.06,0.52944
8371,,0.265,0.52944,0.46,1.0,1.0,1.0,0.05,0.50176
8372,,0.23,0.50176,0.45,1.0,1.0,1.0,0.04,0.47408
8373,,0.195,0.47408,0.44,1.0,1.0,1.0,0.03,0.4464
8374,,0.16,0.4464,0.43,1.0,1.0,1.0,0.02,0.41872
8375,,0.125,0.41872,0.42,1.0,1.0,1.0,0.01,0.39104
8376,,0.09,0.39104,0.41,1.0,1.0,1.0,-0.0,0.36336
8377,,0.055,0.36336,0.4,1.0,1.0,1.0,-0.01,0.33568
8378,7,0.02,0.30068,0.34,0.97268,1.0,1.0,1.0,0.343
8379,,-0.015,0.273,0.33,0.98036,1.0,1.0,0.99,0.31532
8380,1,1.0,0.28032,0.32,0.95304,0.965,0.97268,0.98,0.32264
8381,,0.965,0.25264,0.31,0.96072,0.98,0.98036,0.97,0.29496
8382,,0.93,0.22496,0.3,0.9684,0.995,0.98804,0.96,0.26728
8383,,0.895,0.19728,0.29,0.97608,1.0,0.99572,0.95,0.2396
8384,,0.86,0.1696,0.28,0.98376,1.0,1.0,0.94,0.21192
8385,,0.825,0.14192,0.27,0.99144,1.0,1.0,0.93,0.18424
8386,,0.79,0.11424,0.26,0.99912,1.0,1.0,0.92,0.15656
8387,,0.755,0.08656,0.25,1.0,1.0,1.0,0.91,0.12888
8388,,0.72,0.05888,0.24,1.0,1.0,1.0,0.9,0.1012
8389,,0.685,0.0312,0.23,1.0,1.0,1.0,0.89,0.07352
8390,,0.65,0.00352,0.22,1.0,1.0,1.0,0.88,0.04584
8391,,0.615,-0.02416,0.21,1.0,1.0,1.0,0.87,0.01816
8392,2,0.615,1.0,0.235,1.0,0.98,0.95768,0.825,-0.00952
8393,8,0.615,0.97232,0.19,0.95768,0.96,0.96536,0.85,1.0
8394,,0.58,0.94464,0.18,0.96536,0.975,0.97304,0.84,0.97232
8395,,0.545,0.91696,0.17,0.97304,0.99,0.98072,0.83,0.94464
8396,,0.51,0.88928,0.16,0.98072,1.0,0.9884,0.82,0.91696
8397,,0.475,0.8616,0.15,0.9884,1.0,0.99608,0.81,0.88928
8398,,0.44,0.83392,0.14,0.99608,1.0,1.0,0.8,0.8616
8399,,0.405,0.80624,0.13,1.0,1.0,1.0,0.79,0.83392
8400,,0.37,0.77856,0.12,1.0,1.0,1.0,0.78,0.80624
8401,,0.335,0.75088,0.11,1.0,1.0,1.0,0.77,0.77856
8402,,0.3,0.7232,0.1,1.0,1.0,1.0,0.76,0.75088
8403,,0.265,0.69552,0.09,1.0,1.0,1.0,0.75,0.7232
8404,,0.23,0.66784,0.08,1.0,1.0,1.0,0.74,0.69552
8405,,0.195,0.64016,0.07,1.0,1.0,1.0,0.73,0.66784
8406,,0.16,0.61248,0.06,1.0,1.0,1.0,0.72,0.64016
8407,,0.125,0.5848,0.05,1.0,1.0,1.0,0.71,0.61248
8408,,0.09,0.55712,0.04,1.0,1.0,1.0,0.7,0.5848
8409,,0.055,0.52944,0.03,1.0,1.0,1.0,0.69,0.55712
8410,,0.02,0.50176,0.02,1.0,1.0,1.0,0.68,0.52944
8411,,-0.015,0.47408,0.01,1.0,1.0,1.0,0.67,0.50176
8412,1,1.0,0.4814,-0.0,0.97268,0.965,0.97268,0.66,0.50908
8413,,0.965,0.45372,-0.01,0.98036,0.98,0.98036,0.65,0.4814
8414,3,0.93,0.46104,1.0,1.0,0.995,0.95304,0.59,0.41872
8415,,0.895,0.43336,0.99,1.0,1.0,0.96072,0.58,0.39104
8416,,0.86,0.40568,0.98,1.0,1.0,0.9684,0.57,0.36336
8417,,0.825,0.378,0.97,1.0,1.0,0.97608,0.56,0.33568
8418,,0.79,0.35032,0.96,1.0,1.0,0.98376,0.55,0.308
8419,,0.755,0.32264,0.95,1.0,1.0,0.99144,0.54,0.28032
8420,,0.72,0.29496,0.94,1.0,1.0,0.99912,0.53,0.25264
8421,,0.685,0.26728,0.93,1.0,1.0,1.0,0.52,0.22496
8422,,0.65,0.2396,0.92,1.0,1.0,1.0,0.51,0.19728
8423,,0.615,0.21192,0.91,1.0,1.0,1.0,0.5,0.1696
8424,,0.58,0.18424,0.9,1.0,1.0,1.0,0.49,0.14192
8425,,0.545,0.15656,0.89,1.0,1.0,1.0,0.48,0.11424
8426,,0.51,0.12888,0.88,1.0,1.0,1.0,0.47,0.08656
8427,,0.475,0.1012,0.87,1.0,1.0,1.0,0.46,0.05888
8428,,0.44,0.07352,0.86,1.0,1.0,1.0,0.45,0.0312
8429,,0.405,0.04584,0.85,1.0,1.0,1.0,0.44,0.00352
8430,,0.37,0.01816,0.84,1.0,1.0,1.0,0.43,-0.02416
8431,8,0.37,-0.00952,0.795,0.95768,0.98,1.0,0.455,1.0
8432,2,0.37,1.0,0.82,0.96536,0.96,0.95768,0.41,0.97232
8433,,0.335,0.97232,0.81,0.97304,0.975,0.96536,0.4,0.94464
8434,,0.3,0.94464,0.8,0.98072,0.99,0.97304,0.39,0.91696
8435,,0.265,0.91696,0.79,0.9884,1.0,0.98072,0.38,0.88928
8436,,0.23,0.88928,0.78,0.99608,1.0,0.9884,0.37,0.8616
8437,,0.195,0.8616,0.77,1.0,1.0,0.99608,0.36,0.83392
8438,,0.16,0.83392,0.76,1.0,1.0,1.0,0.35,0.80624
8439,,0.125,0.80624,0.75,1.0,1.0,1.0,0.34,0.77856
8440,,0.09,0.77856,0.74,1.0,1.0,1.0,0.33,0.75088
8441,,0.055,0.75088,0.73,1.0,1.0,1.0,0.32,0.7232
8442,,0.02,0.7232,0.72,1.0,1.0,1.0,0.31,0.69552
8443,,-0.015,0.69552,0.71,1.0,1.0,1.0,0.3,0.66784
8444,1,1.0,0.70284,0.7,0.97268,0.965,0.97268,0.29,0.67516
8445,,0.965,0.67516,0.69,0.98036,0.98,0.98036,0.28,0.64748
8446,,0.93,0.64748,0.68,0.98804,0.995,0.98804,0.27,0.6198
8447,,0.895,0.6198,0.67,0.99572,1.0,0.99572,0.26,0.59212
8448,,0.86,0.59212,0.66,1.0,1.0,1.0,0.25,0.56444
8449,,0.825,0.56444,0.65,1.0,1.0,1.0,0.24,0.53676
8450,,0.79,0.53676,0.64,1.0,1.0,1.0,0.23,0.50908
8451,,0.755,0.50908,0.63,1.0,1.0,1.0,0.22,0.4814
8452,,0.72,0.4814,0.62,1.0,1.0,1.0,0.21,0.45372
8453,,0.685,0.45372,0.61,1.0,1.0,1.0,0.2,0.42604
8454,,0.65,0.42604,0.6,1.0,1.0,1.0,0.19,0.39836
8455,,0.615,0.39836,0.59,1.0,1.0,1.0,0.18,0.37068
8456,,0.58,0.37068,0.58,1.0,1.0,1.0,0.17,0.343
8457,,0.545,0.343,0.57,1.0,1.0,1.0,0.16,0.31532
8458,,0.51,0.31532,0.56,1.0,1.0,1.0,0.15,0.28764
8459,,0.475,0.28764,0.55,1.0,1.0,1.0,0.14,0.25996
8460,,0.44,0.25996,0.54,1.0,1.0,1.0,0.13,0.23228
8461,,0.405,0.23228,0.53,1.0,1.0,1.0,0.12,0.2046
8462,,0.37,0.2046,0.52,1.0,1.0,1.0,0.11,0.17692
8463,,0.335,0.17692,0.51,1.0,1.0,1.0,0.1,0.14924
8464,,0.3,0.14924,0.5,1.0,1.0,1.0,0.09,0.12156
8465,,0.265,0.12156,0.49,1.0,1.0,1.0,0.08,0.09388
8466,,0.23,0.09388,0.48,1.0,1.0,1.0,0.07,0.0662
8467,,0.195,0.0662,0.47,1.0,1.0,1.0,0.06,0.03852
8468,,0.16,0.03852,0.46,1.0,1.0,1.0,0.05,0.01084
8469,,0.125,0.01084,0.45,1.0,1.0,1.0,0.04,-0.01684
8470,8,0.125,-0.01684,0.405,0.95768,0.98,1.0,0.065,1.0
8471,2,0.125,1.0,0.43,0.96536,0.96,0.95768,0.02,0.97232
8472,,0.09,0.97232,0.42,0.97304,0.975,0.96536,0.01,0.94464
8473,,0.055,0.94464,0.41,0.98072,0.99,0.97304,-0.0,0.91696
8474,,0.02,0.91696,0.4,0.9884,1.0,0.98072,-0.01,0.88928
8475,7,-0.015,0.85428,0.34,0.96108,1.0,1.0,1.0,0.8966
8476,1,1.0,0.8616,0.33,0.93376,0.965,0.97268,0.99,0.90392
8477,,0.965,0.83392,0.32,0.94144,0.98,0.98036,0.98,0.87624
8478,,0.93,0.80624,0.31,0.94912,0.995,0.98804,0.97,0.84856
8479,,0.895,0.77856,0.3,0.9568,1.0,0.99572,0.96,0.82088
8480,,0.86,0.75088,0.29,0.96448,1.0,1.0,0.95,0.7932
8481,,0.825,0.7232,0.28,0.97216,1.0,1.0,0.94,0.76552
8482,,0.79,0.69552,0.27,0.97984,1.0,1.0,0.93,0.73784
8483,,0.755,0.66784,0.26,0.98752,1.0,1.0,0.92,0.71016
8484,,0.72,0.64016,0.25,0.9952,1.0,1.0,0.91,0.68248
8485,,0.685,0.61248,0.24,1.0,1.0,1.0,0.9,0.6548
8486,,0.65,0.5848,0.23,1.0,1.0,1.0,0.89,0.62712
8487,,0.615,0.55712,0.22,1.0,1.0,1.0,0.88,0.59944
8488,,0.58,0.52944,0.21,1.0,1.0,1.0,0.87,0.57176
8489,,0.545,0.50176,0.2,1.0,1.0,1.0,0.86,0.54408
8490,,0.51,0.47408,0.19,1.0,1.0,1.0,0.85,0.5164
8491,,0.475,0.4464,0.18,1.0,1.0,1.0,0.84,0.48872
8492,,0.44,0.41872,0.17,1.0,1.0,1.0,0.83,0.46104
8493,,0.405,0.39104,0.16,1.0,1.0,1.0,0.82,0.43336
8494,,0.37,0.36336,0.15,1.0,1.0,1.0,0.81,0.40568
8495,,0.335,0.33568,0.14,1.0,1.0,1.0,0.8,0.378
8496,,0.3,0.308,0.13,1.0,1.0,1.0,0.79,0.35032
8497,,0.265,0.28032,0.12,1.0,1.0,1.0,0.78,0.32264
8498,,0.23,0.25264,0.11,1.0,1.0,1.0,0.77,0.29496
8499,,0.195,0.22496,0.1,1.0,1.0,1.0,0.76,0.26728
8500,,0.16,0.19728,0.09,1.0,1.0,1.0,0.75,0.2396
8501,,0.125,0.1696,0.08,1.0,1.0,1.0,0.74,0.21192
8502,,0.09,0.14192,0.07,1.0,1.0,1.0,0.73,0.18424
8503,,0.055,0.11424,0.06,1.0,1.0,1.0,0.72,0.15656
8504,,0.02,0.08656,0.05,1.0,1.0,1.0,0.71,0.12888
8505,,-0.015,0.05888,0.04,1.0,1.0,1.0,0.7,0.1012
8506,1,1.0,0.0662,0.03,0.97268,0.965,0.97268,0.69,0.10852
8507,,0.965,0.03852,0.02,0.98036,0.98,0.98036,0.68,0.08084
8508,,0.93,0.01084,0.01,0.98804,0.995,0.98804,0.67,0.05316
8509,,0.895,-0.01684,-0.0,0.99572,1.0,0.99572,0.66,0.02548
8510,2,0.895,1.0,0.025,1.0,0.98,0.9534,0.615,-0.0022
8511,8,0.895,0.97232,-0.02,0.95768,0.96,0.96108,0.64,1.0
8512,3,0.86,0.97964,1.0,1.0,0.975,0.93376,0.58,0.93732
8513,,0.825,0.95196,0.99,1.0,0.99,0.94144,0.57,0.90964
8514,,0.79,0.92428,0.98,1.0,1.0,0.94912,0.56,0.88196
8515,,0.755,0.8966,0.97,1.0,1.0,0.9568,0.55,0.85428
8516,,0.72,0.86892,0.96,1.0,1.0,0.96448,0.54,0.8266
8517,,0.685,0.84124,0.95,1.0,1.0,0.97216,0.53,0.79892
8518,,0.65,0.81356,0.94,1.0,1.0,0.97984,0.52,0.77124
8519,,0.615,0.78588,0.93,1.0,1.0,0.98752,0.51,0.74356
8520,,0.58,0.7582,0.92,1.0,1.0,0.9952,0.5,0.71588
8521,,0.545,0.73052,0.91,1.0,1.0,1.0,0.49,0.6882
8522,,0.51,0.70284,0.9,1.0,1.0,1.0,0.48,0.66052
8523,,0.475,0.67516,0.89,1.0,1.0,1.0,0.47,0.63284
8524,,0.44,0.64748,0.88,1.0,1.0,1.0,0.46,0.60516
8525,,0.405,0.6198,0.87,1.0,1.0,1.0,0.45,0.57748
8526,,0.37,0.59212,0.86,1.0,1.0,1.0,0.44,0.5498
8527,,0.335,0.56444,0.85,1.0,1.0,1.0,0.43,0.52212
8528,,0.3,0.53676,0.84,1.0,1.0,1.0,0.42,0.49444
8529,,0.265,0.50908,0.83,1.0,1.0,1.0,0.41,0.46676
8530,,0.23,0.4814,0.82,1.0,1.0,1.0,0.4,0.43908
8531,,0.195,0.45372,0.81,1.0,1.0,1.0,0.39,0.4114
8532,,0.16,0.42604,0.8,1.0,1.0,1.0,0.38,0.38372
8533,,0.125,0.39836,0.79,1.0,1.0,1.0,0.37,0.35604
8534,,0.09,0.37068,0.78,1.0,1.0,1.0,0.36,0.32836
8535,,0.055,0.343,0.77,1.0,1.0,1.0,0.35,0.30068
8536,,0.02,0.31532,0.76,1.0,1.0,1.0,0.34,0.273
8537,,-0.015,0.28764,0.75,1.0,1.0,1.0,0.33,0.24532
8538,1,1.0,0.29496,0.74,0.97268,0.965,0.97268,0.32,0.25264
8539,,0.965,0.26728,0.73,0.98036,0.98,0.98036,0.31,0.22496
8540,,0.93,0.2396,0.72,0.98804,0.995,0.98804,0.3,0.19728
8541,,0.895,0.21192,0.71,0.99572,1.0,0.99572,0.29,0.1696
8542,,0.86,0.18424,0.7,1.0,1.0,1.0,0.28,0.14192
8543,,0.825,0.15656,0.69,1.0,1.0,1.0,0.27,0.11424
8544,,0.79,0.12888,0.68,1.0,1.0,1.0,0.26,0.08656
8545,,0.755,0.1012,0.67,1.0,1.0,1.0,0.25,0.05888
8546,,0.72,0.07352,0.66,1.0,1.0,1.0,0.24,0.0312
8547,,0.685,0.04584,0.65,1.0,1.0,1.0,0.23,0.00352
8548,,0.65,0.01816,0.64,1.0,1.0,1.0,0.22,-0.02416
8549,8,0.65,-0.00952,0.595,0.95768,0.98,1.0,0.245,1.0
8550,2,0.65,1.0,0.62,0.96536,0.96,0.95768,0.2,0.97232
8551,,0.615,0.97232,0.61,0.97304,0.975,0.96536,0.19,0.94464
8552,,0.58,0.94464,0.6,0.98072,0.99,0.97304,0.18,0.91696
8553,,0.545,0.91696,0.59,0.9884,1.0,0.98072,0.17,0.88928
8554,,0.51,0.88928,0.58,0.99608,1.0,0.9884,0.16,0.8616
8555,,0.475,0.8616,0.57,1.0,1.0,0.99608,0.15,0.83392
8556,,0.44,0.83392,0.56,1.0,1.0,1.0,0.14,0.80624
8557,,0.405,0.80624,0.55,1.0,1.0,1.0,0.13,0.77856
8558,,0.37,0.77856,0.54,1.0,1.0,1.0,0.12,0.75088
8559,,0.335,0.75088,0.53,1.0,1.0,1.0,0.11,0.7232
8560,,0.3,0.7232,0.52,1.0,1.0,1.0,0.1,0.69552
8561,,0.265,0.69552,0.51,1.0,1.0,1.0,0.09,0.66784
8562,,0.23,0.66784,0.5,1.0,1.0,1.0,0.08,0.64016
8563,,0.195,0.64016,0.49,1.0,1.0,1.0,0.07,0.61248
8564,,0.16,0.61248,0.48,1.0,1.0,1.0,0.06,0.5848
8565,,0.125,0.5848,0.47,1.0,1.0,1.0,0.05,0.55712
8566,,0.09,0.55712,0.46,1.0,1.0,1.0,0.04,0.52944
8567,,0.055,0.52944,0.45,1.0,1.0,1.0,0.03,0.50176
8568,,0.02,0.50176,0.44,1.0,1.0,1.0,0.02,0.47408
8569,,-0.015,0.47408,0.43,1.0,1.0,1.0,0.01,0.4464
8570,1,1.0,0.4814,0.42,0.97268,0.965,0.97268,-0.0,0.45372
8571,,0.965,0.45372,0.41,0.98036,0.98,0.98036,-0.01,0.42604
8572,7,0.93,0.39104,0.35,0.95304,0.995,1.0,1.0,0.43336
8573,,0.895,0.36336,0.34,0.96072,1.0,1.0,0.99,0.40568
8574,,0.86,0.33568,0.33,0.9684,1.0,1.0,0.98,0.378
8575,,0.825,0.308,0.32,0.97608,1.0,1.0,0.97,0.35032
8576,,0.79,0.28032,0.31,0.98376,1.0,1.0,0.96,0.32264
8577,,0.755,0.25264,0.3,0.99144,1.0,1.0,0.95,0.29496
8578,,0.72,0.22496,0.29,0.99912,1.0,1.0,0.94,0.26728
8579,,0.685,0.19728,0.28,1.0,1.0,1.0,0.93,0.2396
8580,,0.65,0.1696,0.27,1.0,1.0,1.0,0.92,0.21192
8581,,0.615,0.14192,0.26,1.0,1.0,1.0,0.91,0.18424
8582,,0.58,0.11424,0.25,1.0,1.0,1.0,0.9,0.15656
8583,,0.545,0.08656,0.24,1.0,1.0,1.0,0.89,0.12888
8584,,0.51,0.05888,0.23,1.0,1.0,1.0,0.88,0.1012
8585,,0.475,0.0312,0.22,1.0,1.0,1.0,0.87,0.07352
8586,,0.44,0.00352,0.21,1.0,1.0,1.0,0.86,0.04584
8587,,0.405,-0.02416,0.2,1.0,1.0,1.0,0.85,0.01816
8588,2,0.405,1.0,0.225,1.0,0.98,0.95768,0.805,-0.00952
8589,8,0.405,0.97232,0.18,0.95768,0.96,0.96536,0.83,1.0
8590,,0.37,0.94464,0.17,0.96536,0.975,0.97304,0.82,0.97232
8591,,0.335,0.91696,0.16,0.97304,0.99,0.98072,0.81,0.94464
8592,,0.3,0.88928,0.15,0.98072,1.0,0.9884,0.8,0.91696
8593,,0.265,0.8616,0.14,0.9884,1.0,0.99608,0.79,0.88928
8594,,0.23,0.83392,0.13,0.99608,1.0,1.0,0.78,0.8616
8595,,0.195,0.80624,0.12,1.0,1.0,1.0,0.77,0.83392
8596,,0.16,0.77856,0.11,1.0,1.0,1.0,0.76,0.80624
8597,,0.125,0.75088,0.1,1.0,1.0,1.0,0.75,0.77856
8598,,0.09,0.7232,0.09,1.0,1.0,1.0,0.74,0.75088
8599,,0.055,0.69552,0.08,1.0,1.0,1.0,0.73,0.7232
8600,,0.02,0.66784,0.07,1.0,1.0,1.0,0.72,0.69552
8601,,-0.015,0.64016,0.06,1.0,1.0,1.0,0.71,0.66784
8602,1,1.0,0.64748,0.05,0.97268,0.965,0.97268,0.7,0.67516
8603,,0.965,0.6198,0.04,0.98036,0.98,0.98036,0.69,0.64748
8604,,0.93,0.59212,0.03,0.98804,0.995,0.98804,0.68,0.6198
8605,,0.895,0.56444,0.02,0.99572,1.0,0.99572,0.67,0.59212
8606,,0.86,0.53676,0.01,1.0,1.0,1.0,0.66,0.56444
8607,,0.825,0.50908,-0.0,1.0,1.0,1.0,0.65,0.53676
8608,,0.79,0.4814,-0.01,1.0,1.0,1.0,0.64,0.50908
8609,3,0.755,0.48872,1.0,1.0,1.0,0.97268,0.58,0.4464
8610,,0.72,0.46104,0.99,1.0,1.0,0.98036,0.57,0.41872
8611,,0.685,0.43336,0.98,1.0,1.0,0.98804,0.56,0.39104
8612,,0.65,0.40568,0.97,1.0,1.0,0.99572,0.55,0.36336
8613,,0.615,0.378,0.96,1.0,1.0,1.0,0.54,0.33568
8614,,0.58,0.35032,0.95,1.0,1.0,1.0,0.53,0.308
8615,,0.545,0.32264,0.94,1.0,1.0,1.0,0.52,0.28032
8616,,0.51,0.29496,0.93,1.0,1.0,1.0,0.51,0.25264
8617,,0.475,0.26728,0.92,1.0,1.0,1.0,0.5,0.22496
8618,,0.44,0.2396,0.91,1.0,1.0,1.0,0.49,0.19728
8619,,0.405,0.21192,0.9,1.0,1.0,1.0,0.48,0.1696
8620,,0.37,0.18424,0.89,1.0,1.0,1.0,0.47,0.14192
8621,,0.335,0.15656,0.88,1.0,1.0,1.0,0.46,0.11424
8622,,0.3,0.12888,0.87,1.0,1.0,1.0,0.45,0.08656
8623,,0.265,0.1012,0.86,1.0,1.0,1.0,0.44,0.05888
8624,,0.23,0.07352,0.85,1.0,1.0,1.0,0.43,0.0312
8625,,0.195,0.04584,0.84,1.0,1.0,1.0,0.42,0.00352
8626,,0.16,0.01816,0.83,1.0,1.0,1.0,0.41,-0.02416
8627,8,0.16,-0.00952,0.785,0.95768,0.98,1.0,0.435,1.0
8628,2,0.16,1.0,0.81,0.96536,0.96,0.95768,0.39,0.97232
8629,,0.125,0.97232,0.8,0.97304,0.975,0.96536,0.38,0.94464
8630,,0.09,0.94464,0.79,0.98072,0.99,0.97304,0.37,0.91696
8631,,0.055,0.91696,0.78,0.9884,1.0,0.98072,0.36,0.88928
8632,,0.02,0.88928,0.77,0.99608,1.0,0.9884,0.35,0.8616
8633,,-0.015,0.8616,0.76,1.0,1.0,0.99608,0.34,0.83392
8634,1,1.0,0.86892,0.75,0.97268,0.965,0.96876,0.33,0.84124
8635,,0.965,0.84124,0.74,0.98036,0.98,0.97644,0.32,0.81356
8636,,0.93,0.81356,0.73,0.98804,0.995,0.98412,0.31,0.78588
8637,,0.895,0.78588,0.72,0.99572,1.0,0.9918,0.3,0.7582
8638,,0.86,0.7582,0.71,1.0,1.0,0.99948,0.29,0.73052
8639,,0.825,0.73052,0.7,1.0,1.0,1.0,0.28,0.70284
8640,,0.79,0.70284,0.69,1.0,1.0,1.0,0.27,0.67516
8641,,0.755,0.67516,0.68,1.0,1.0,1.0,0.26,0.64748
8642,,0.72,0.64748,0.67,1.0,1.0,1.0,0.25,0.6198
8643,,0.685,0.6198,0.66,1.0,1.0,1.0,0.24,0.59212
8644,,0.65,0.59212,0.65,1.0,1.0,1.0,0.23,0.56444
8645,,0.615,0.56444,0.64,1.0,1.0,1.0,0.22,0.53676
8646,,0.58,0.53676,0.63,1.0,1.0,1.0,0.21,0.50908
8647,,0.545,0.50908,0.62,1.0,1.0,1.0,0.2,0.4814
8648,,0.51,0.4814,0.61,1.0,1.0,1.0,0.19,0.45372
8649,,0.475,0.45372,0.6,1.0,1.0,1.0,0.18,0.42604
8650,,0.44,0.42604,0.59,1.0,1.0,1.0,0.17,0.39836
8651,,0.405,0.39836,0.58,1.0,1.0,1.0,0.16,0.37068
8652,,0.37,0.37068,0.57,1.0,1.0,1.0,0.15,0.343
8653,,0.335,0.343,0.56,1.0,1.0,1.0,0.14,0.31532
8654,,0.3,0.31532,0.55,1.0,1.0,1.0,0.13,0.28764
8655,,0.265,0.28764,0.54,1.0,1.0,1.0,0.12,0.25996
8656,,0.23,0.25996,0.53,1.0,1.0,1.0,0.11,0.23228
8657,,0.195,0.23228,0.52,1.0,1.0,1.0,0.1,0.2046
8658,,0.16,0.2046,0.51,1.0,1.0,1.0,0.09,0.17692
8659,,0.125,0.17692,0.5,1.0,1.0,1.0,0.08,0.14924
8660,,0.09,0.14924,0.49,1.0,1.0,1.0,0.07,0.12156
8661,,0.055,0.12156,0.48,1.0,1.0,1.0,0.06,0.09388
8662,,0.02,0.09388,0.47,1.0,1.0,1.0,0.05,0.0662
8663,,-0.015,0.0662,0.46,1.0,1.0,1.0,0.04,0.03852
8664,1,1.0,0.07352,0.45,0.97268,0.965,0.97268,0.03,0.04584
8665,,0.965,0.04584,0.44,0.98036,0.98,0.98036,0.02,0.01816
8666,,0.93,0.01816,0.43,0.98804,0.995,0.98804,0.01,-0.00952
8667,8,0.93,-0.00952,0.385,0.94572,0.975,0.99572,0.035,1.0
8668,2,0.93,1.0,0.41,0.9534,0.955,0.9534,-0.01,0.97232
8669,7,0.895,0.93732,0.35,0.92608,0.97,0.99608,1.0,0.97964
8670,,0.86,0.90964,0.34,0.93376,0.985,1.0,0.99,0.95196
8671,,0.825,0.88196,0.33,0.94144,1.0,1.0,0.98,0.92428
8672,,0.79,0.85428,0.32,0.94912,1.0,1.0,0.97,0.8966
8673,,0.755,0.8266,0.31,0.9568,1.0,1.0,0.96,0.86892
8674,,0.72,0.79892,0.3,0.96448,1.0,1.0,0.95,0.84124
8675,,0.685,0.77124,0.29,0.97216,1.0,1.0,0.94,0.81356
8676,,0.65,0.74356,0.28,0.97984,1.0,1.0,0.93,0.78588
8677,,0.615,0.71588,0.27,0.98752,1.0,1.0,0.92,0.7582
8678,,0.58,0.6882,0.26,0.9952,1.0,1.0,0.91,0.73052
8679,,0.545,0.66052,0.25,1.0,1.0,1.0,0.9,0.70284
8680,,0.51,0.63284,0.24,1.0,1.0,1.0,0.89,0.67516
8681,,0.475,0.60516,0.23,1.0,1.0,1.0,0.88,0.64748
8682,,0.44,0.57748,0.22,1.0,1.0,1.0,0.87,0.6198
8683,,0.405,0.5498,0.21,1.0,1.0,1.0,0.86,0.59212
8684,,0.37,0.52212,0.2,1.0,1.0,1.0,0.85,0.56444
8685,,0.335,0.49444,0.19,1.0,1.0,1.0,0.84,0.53676
8686,,0.3,0.46676,0.18,1.0,1.0,1.0,0.83,0.50908
8687,,0.265,0.43908,0.17,1.0,1.0,1.0,0.82,0.4814
8688,,0.23,0.4114,0.16,1.0,1.0,1.0,0.81,0.45372
8689,,0.195,0.38372,0.15,1.0,1.0,1.0,0.8,0.42604
8690,,0.16,0.35604,0.14,1.0,1.0,1.0,0.79,0.39836
8691,,0.125,0.32836,0.13,1.0,1.0,1.0,0.78,0.37068
8692,,0.09,0.30068,0.12,1.0,1.0,1.0,0.77,0.343
8693,,0.055,0.273,0.11,1.0,1.0,1.0,0.76,0.31532
8694,,0.02,0.24532,0.1,1.0,1.0,1.0,0.75,0.28764
8695,,-0.015,0.21764,0.09,1.0,1.0,1.0,0.74,0.25996
8696,1,1.0,0.22496,0.08,0.97268,0.965,0.97268,0.73,0.26728
8697,,0.965,0.19728,0.07,0.98036,0.98,0.98036,0.72,0.2396
8698,,0.93,0.1696,0.06,0.98804,0.995,0.98804,0.71,0.21192
8699,,0.895,0.14192,0.05,0.99572,1.0,0.99572,0.7,0.18424
8700,,0.86,0.11424,0.04,1.0,1.0,1.0,0.69,0.15656
8701,,0.825,0.08656,0.03,1.0,1.0,1.0,0.68,0.12888
8702,,0.79,0.05888,0.02,1.0,1.0,1.0,0.67,0.1012
8703,,0.755,0.0312,0.01,1.0,1.0,1.0,0.66,0.07352
8704,,0.72,0.00352,-0.0,1.0,1.0,1.0,0.65,0.04584
8705,,0.685,-0.02416,-0.01,1.0,1.0,1.0,0.64,0.01816
8706,2,0.685,1.0,0.015,1.0,0.98,0.95768,0.595,-0.00952
8707,8,0.685,0.97232,-0.03,0.95768,0.96,0.96536,0.62,1.0
8708,3,0.65,0.97964,1.0,1.0,0.975,0.93804,0.56,0.93732
8709,,0.615,0.95196,0.99,1.0,0.99,0.94572,0.55,0.90964
8710,,0.58,0.92428,0.98,1.0,1.0,0.9534,0.54,0.88196
8711,,0.545,0.8966,0.97,1.0,1.0,0.96108,0.53,0.85428
8712,,0.51,0.86892,0.96,1.0,1.0,0.96876,0.52,0.8266
8713,,0.475,0.84124,0.95,1.0,1.0,0.97644,0.51,0.79892
8714,,0.44,0.81356,0.94,1.0,1.0,0.98412,0.5,0.77124
8715,,0.405,0.78588,0.93,1.0,1.0,0.9918,0.49,0.74356
8716,,0.37,0.7582,0.92,1.0,1.0,0.99948,0.48,0.71588
8717,,0.335,0.73052,0.91,1.0,1.0,1.0,0.47,0.6882
8718,,0.3,0.70284,0.9,1.0,1.0,1.0,0.46,0.66052
8719,,0.265,0.67516,0.89,1.0,1.0,1.0,0.45,0.63284
8720,,0.23,0.64748,0.88,1.0,1.0,1.0,0.44,0.60516
8721,,0.195,0.6198,0.87,1.0,1.0,1.0,0.43,0.57748
8722,,0.16,0.59212,0.86,1.0,1.0,1.0,0.42,0.5498
8723,,0.125,0.56444,0.85,1.0,1.0,1.0,0.41,0.52212
8724,,0.09,0.53676,0.84,1.0,1.0,1.0,0.4,0.49444
8725,,0.055,0.50908,0.83,1.0,1.0,1.0,0.39,0.46676
8726,,0.02,0.4814,0.82,1.0,1.0,1.0,0.38,0.43908
8727,,-0.015,0.45372,0.81,1.0,1.0,1.0,0.37,0.4114
8728,1,1.0,0.46104,0.8,0.97268,0.965,0.97268,0.36,0.41872
8729,,0.965,0.43336,0.79,0.98036,0.98,0.98036,0.35,0.39104
8730,,0.93,0.40568,0.78,0.98804,0.995,0.98804,0.34,0.36336
8731,,0.895,0.378,0.77,0.99572,1.0,0.99572,0.33,0.33568
8732,,0.86,0.35032,0.76,1.0,1.0,1.0,0.32,0.308
8733,,0.825,0.32264,0.75,1.0,1.0,1.0,0.31,0.28032
8734,,0.79,0.29496,0.74,1.0,1.0,1.0,0.3,0.25264
8735,,0.755,0.26728,0.73,1.0,1.0,1.0,0.29,0.22496
8736,,0.72,0.2396,0.72,1.0,1.0,1.0,0.28,0.19728
8737,,0.685,0.21192,0.71,1.0,1.0,1.0,0.27,0.1696
8738,,0.65,0.18424,0.7,1.0,1.0,1.0,0.26,0.14192
8739,,0.615,0.15656,0.69,1.0,1.0,1.0,0.25,0.11424
8740,,0.58,0.12888,0.68,1.0,1.0,1.0,0.24,0.08656
8741,,0.545,0.1012,0.67,1.0,1.0,1.0,0.23,0.05888
8742,,0.51,0.07352,0.66,1.0,1.0,1.0,0.22,0.0312
8743,,0.475,0.04584,0.65,1.0,1.0,1.0,0.21,0.00352
8744,,0.44,0.01816,0.64,1.0,1.0,1.0,0.2,-0.02416
8745,8,0.44,-0.00952,0.595,0.95768,0.98,1.0,0.225,1.0
8746,2,0.44,1.0,0.62,0.96536,0.96,0.95768,0.18,0.97232
8747,,0.405,0.97232,0.61,0.97304,0.975,0.96536,0.17,0.94464
8748,,0.37,0.94464,0.6,0.98072,0.99,0.97304,0.16,0.91696
8749,,0.335,0.91696,0.59,0.9884,1.0,0.98072,0.15,0.88928
8750,,0.3,0.88928,0.58,0.99608,1.0,0.9884,0.14,0.8616
8751,,0.265,0.8616,0.57,1.0,1.0,0.99608,0.13,0.83392
8752,,0.23,0.83392,0.56,1.0,1.0,1.0,0.12,0.80624
8753,,0.195,0.80624,0.55,1.0,1.0,1.0,0.11,0.77856
8754,,0.16,0.77856,0.54,1.0,1.0,1.0,0.1,0.75088
8755,,0.125,0.75088,0.53,1.0,1.0,1.0,0.09,0.7232
8756,,0.09,0.7232,0.52,1.0,1.0,1.0,0.08,0.69552
8757,,0.055,0.69552,0.51,1.0,1.0,1.0,0.07,0.66784
8758,,0.02,0.66784,0.5,1.0,1.0,1.0,0.06,0.64016
8759,,-0.015,0.64016,0.49,1.0,1.0,1.0,0.05,0.61248
8760,1,1.0,0.64748,0.48,0.97268,0.965,0.97268,0.04,0.6198
8761,,0.965,0.6198,0.47,0.98036,0.98,0.98036,0.03,0.59212
8762,,0.93,0.59212,0.46,0.98804,0.995,0.98804,0.02,0.56444
8763,,0.895,0.56444,0.45,0.99572,1.0,0.99572,0.01,0.53676
8764,,0.86,0.53676,0.44,1.0,1.0,1.0,-0.0,0.50908
8765,,0.825,0.50908,0.43,1.0,1.0,1.0,-0.01,0.4814
8766,7,0.79,0.4464,0.37,0.97268,1.0,1.0,1.0,0.48872
8767,,0.755,0.41872,0.36,0.98036,1.0,1.0,0.99,0.46104
8768,,0.72,0.39104,0.35,0.98804,1.0,1.0,0.98,0.43336
8769,,0.685,0.36336,0.34,0.99572,1.0,1.0,0.97,0.40568
8770,,0.65,0.33568,0.33,1.0,1.0,1.0,0.96,0.378
8771,,0.615,0.308,0.32,1.0,1.0,1.0,0.95,0.35032
8772,,0.58,0.28032,0.31,1.0,1.0,1.0,0.94,0.32264
8773,,0.545,0.25264,0.3,1.0,1.0,1.0,0.93,0.29496
8774,,0.51,0.22496,0.29,1.0,1.0,1.0,0.92,0.26728
8775,,0.475,0.19728,0.28,1.0,1.0,1.0,0.91,0.2396
8776,,0.44,0.1696,0.27,1.0,1.0,1.0,0.9,0.21192
8777,,0.405,0.14192,0.26,1.0,1.0,1.0,0.89,0.18424
8778,,0.37,0.11424,0.25,1.0,1.0,1.0,0.88,0.15656
8779,,0.335,0.08656,0.24,1.0,1.0,1.0,0.87,0.12888
8780,,0.3,0.05888,0.23,1.0,1.0,1.0,0.86,0.1012
8781,,0.265,0.0312,0.22,1.0,1.0,1.0,0.85,0.07352
8782,,0.23,0.00352,0.21,1.0,1.0,1.0,0.84,0.04584
8783,,0.195,-0.02416,0.2,1.0,1.0,1.0,0.83,0.01816
8784,2,0.195,1.0,0.225,1.0,0.98,0.95768,0.785,-0.00952
8785,8,0.195,0.97232,0.18,0.95768,0.96,0.96536,0.81,1.0
8786,,0.16,0.94464,0.17,0.96536,0.975,0.97304,0.8,0.97232
8787,,0.125,0.91696,0.16,0.97304,0.99,0.98072,0.79,0.94464
8788,,0.09,0.88928,0.15,0.98072,1.0,0.9884,0.78,0.91696
8789,,0.055,0.8616,0.14,0.9884,1.0,0.99608,0.77,0.88928
8790,,0.02,0.83392,0.13,0.99608,1.0,1.0,0.76,0.8616
8791,,-0.015,0.80624,0.12,1.0,1.0,1.0,0.75,0.83392
8792,1,1.0,0.81356,0.11,0.97268,0.965,0.97268,0.74,0.84124
8793,,0.965,0.78588,0.1,0.98036,0.98,0.98036,0.73,0.81356
8794,,0.93,0.7582,0.09,0.98804,0.995,0.98804,0.72,0.78588
8795,,0.895,0.73052,0.08,0.99572,1.0,0.99572,0.71,0.7582
8796,,0.86,0.70284,0.07,1.0,1.0,1.0,0.7,0.73052
8797,,0.825,0.67516,0.06,1.0,1.0,1.0,0.69,0.70284
8798,,0.79,0.64748,0.05,1.0,1.0,1.0,0.68,0.67516
8799,,0.755,0.6198,0.04,1.0,1.0,1.0,0.67,0.64748
8800,,0.72,0.59212,0.03,1.0,1.0,1.0,0.66,0.6198
8801,,0.685,0.56444,0.02,1.0,1.0,1.0,0.65,0.59212
8802,,0.65,0.53676,0.01,1.0,1.0,1.0,0.64,0.56444
8803,,0.615,0.50908,-0.0,1.0,1.0,1.0,0.63,0.53676
8804,,0.58,0.4814,-0.01,1.0,1.0,1.0,0.62,0.50908
8805,3,0.545,0.48872,1.0,1.0,1.0,0.97268,0.56,0.4464
8806,,0.51,0.46104,0.99,1.0,1.0,0.98036,0.55,0.41872
8807,,0.475,0.43336,0.98,1.0,1.0,0.98804,0.54,0.39104
8808,,0.44,0.40568,0.97,1.0,1.0,0.99572,0.53,0.36336
8809,,0.405,0.378,0.96,1.0,1.0,1.0,0.52,0.33568
8810,,0.37,0.35032,0.95,1.0,1.0,1.0,0.51,0.308
8811,,0.335,0.32264,0.94,1.0,1.0,1.0,0.5,0.28032
8812,,0.3,0.29496,0.93,1.0,1.0,1.0,0.49,0.25264
8813,,0.265,0.26728,0.92,1.0,1.0,1.0,0.48,0.22496
8814,,0.23,0.2396,0.91,1.0,1.0,1.0,0.47,0.19728
8815,,0.195,0.21192,0.9,1.0,1.0,1.0,0.46,0.1696
8816,,0.16,0.18424,0.89,1.0,1.0,1.0,0.45,0.14192
8817,,0.125,0.15656,0.88,1.0,1.0,1.0,0.44,0.11424
8818,,0.09,0.12888,0.87,1.0,1.0,1.0,0.43,0.08656
8819,,0.055,0.1012,0.86,1.0,1.0,1.0,0.42,0.05888
8820,,0.02,0.07352,0.85,1.0,1.0,1.0,0.41,0.0312
8821,,-0.015,0.04584,0.84,1.0,1.0,1.0,0.4,0.00352
8822,1,1.0,0.05316,0.83,0.97268,0.965,0.97268,0.39,0.01084
8823,,0.965,0.02548,0.82,0.98036,0.98,0.98036,0.38,-0.01684
8824,8,0.965,-0.0022,0.775,0.93804,0.96,0.98804,0.405,1.0
8825,2,0.965,1.0,0.8,0.94572,0.94,0.94572,0.36,0.97232
8826,,0.93,0.97232,0.79,0.9534,0.955,0.9534,0.35,0.94464
8827,,0.895,0.94464,0.78,0.96108,0.97,0.96108,0.34,0.91696
8828,,0.86,0.91696,0.77,0.96876,0.985,0.96876,0.33,0.88928
8829,,0.825,0.88928,0.76,0.97644,1.0,0.97644,0.32,0.8616
8830,,0.79,0.8616,0.75,0.98412,1.0,0.98412,0.31,0.83392
8831,,0.755,0.83392,0.74,0.9918,1.0,0.9918,0.3,0.80624
8832,,0.72,0.80624,0.73,0.99948,1.0,0.99948,0.29,0.77856
8833,,0.685,0.77856,0.72,1.0,1.0,1.0,0.28,0.75088
8834,,0.65,0.75088,0.71,1.0,1.0,1.0,0.27,0.7232
8835,,0.615,0.7232,0.7,1.0,1.0,1.0,0.26,0.69552
8836,,0.58,0.69552,0.69,1.0,1.0,1.0,0.25,0.66784
8837,,0.545,0.66784,0.68,1.0,1.0,1.0,0.24,0.64016
8838,,0.51,0.64016,0.67,1.0,1.0,1.0,0.23,0.61248
8839,,0.475,0.61248,0.66,1.0,1.0,1.0,0.22,0.5848
8840,,0.44,0.5848,0.65,1.0,1.0,1.0,0.21,0.55712
8841,,0.405,0.55712,0.64,1.0,1.0,1.0,0.2,0.52944
8842,,0.37,0.52944,0.63,1.0,1.0,1.0,0.19,0.50176
8843,,0.335,0.50176,0.62,1.0,1.0,1.0,0.18,0.47408
8844,,0.3,0.47408,0.61,1.0,1.0,1.0,0.17,0.4464
8845,,0.265,0.4464,0.6,1.0,1.0,1.0,0.16,0.41872
8846,,0.23,0.41872,0.59,1.0,1.0,1.0,0.15,0.39104
8847,,0.195,0.39104,0.58,1.0,1.0,1.0,0.14,0.36336
8848,,0.16,0.36336,0.57,1.0,1.0,1.0,0.13,0.33568
8849,,0.125,0.33568,0.56,1.0,1.0,1.0,0.12,0.308
8850,,0.09,0.308,0.55,1.0,1.0,1.0,0.11,0.28032
8851,,0.055,0.28032,0.54,1.0,1.0,1.0,0.1,0.25264
8852,,0.02,0.25264,0.53,1.0,1.0,1.0,0.09,0.22496
8853,,-0.015,0.22496,0.52,1.0,1.0,1.0,0.08,0.19728
8854,1,1.0,0.23228,0.51,0.97268,0.965,0.97268,0.07,0.2046
8855,,0.965,0.2046,0.5,0.98036,0.98,0.98036,0.06,0.17692
8856,,0.93,0.17692,0.49,0.98804,0.995,0.98804,0.05,0.14924
8857,,0.895,0.14924,0.48,0.99572,1.0,0.99572,0.04,0.12156
8858,,0.86,0.12156,0.47,1.0,1.0,1.0,0.03,0.09388
8859,,0.825,0.09388,0.46,1.0,1.0,1.0,0.02,0.0662
8860,,0.79,0.0662,0.45,1.0,1.0,1.0,0.01,0.03852
8861,,0.755,0.03852,0.44,1.0,1.0,1.0,-0.0,0.01084
8862,,0.72,0.01084,0.43,1.0,1.0,1.0,-0.01,-0.01684
8863,8,0.72,-0.01684,0.385,0.95768,0.98,1.0,0.015,1.0
8864,2,0.72,1.0,0.41,0.96536,0.96,0.95768,-0.03,0.97232
8865,7,0.685,0.93732,0.35,0.93804,0.975,1.0,1.0,0.97964
8866,,0.65,0.90964,0.34,0.94572,0.99,1.0,0.99,0.95196
8867,,0.615,0.88196,0.33,0.9534,1.0,1.0,0.98,0.92428
8868,,0.58,0.85428,0.32,0.96108,1.0,1.0,0.97,0.8966
8869,,0.545,0.8266,0.31,0.96876,1.0,1.0,0.96,0.86892
8870,,0.51,0.79892,0.3,0.97644,1.0,1.0,0.95,0.84124
8871,,0.475,0.77124,0.29,0.98412,1.0,1.0,0.94,0.81356
8872,,0.44,0.74356,0.28,0.9918,1.0,1.0,0.93,0.78588
8873,,0.405,0.71588,0.27,0.99948,1.0,1.0,0.92,0.7582
8874,,0.37,0.6882,0.26,1.0,1.0,1.0,0.91,0.73052
8875,,0.335,0.66052,0.25,1.0,1.0,1.0,0.9,0.70284
8876,,0.3,0.63284,0.24,1.0,1.0,1.0,0.89,0.67516
8877,,0.265,0.60516,0.23,1.0,1.0,1.0,0.88,0.64748
8878,,0.23,0.57748,0.22,1.0,1.0,1.0,0.87,0.6198
8879,,0.195,0.5498,0.21,1.0,1.0,1.0,0.86,0.59212
8880,,0.16,0.52212,0.2,1.0,1.0,1.0,0.85,0.56444
8881,,0.125,0.49444,0.19,1.0,1.0,1.0,0.84,0.53676
8882,,0.09,0.46676,0.18,1.0,1.0,1.0,0.83,0.50908
8883,,0.055,0.43908,0.17,1.0,1.0,1.0,0.82,0.4814
8884,,0.02,0.4114,0.16,1.0,1.0,1.0,0.81,0.45372
8885,,-0.015,0.38372,0.15,1.0,1.0,1.0,0.8,0.42604
8886,1,1.0,0.39104,0.14,0.97268,0.965,0.97268,0.79,0.43336
8887,,0.965,0.36336,0.13,0.98036,0.98,0.98036,0.78,0.40568
8888,,0.93,0.33568,0.12,0.98804,0.995,0.98804,0.77,0.378
8889,,0.895,0.308,0.11,0.99572,1.0,0.99572,0.76,0.35032
8890,,0.86,0.28032,0.1,1.0,1.0,1.0,0.75,0.32264
8891,,0.825,0.25264,0.09,1.0,1.0,1.0,0.74,0.29496
8892,,0.79,0.22496,0.08,1.0,1.0,1.0,0.73,0.26728
8893,,0.755,0.19728,0.07,1.0,1.0,1.0,0.72,0.2396
8894,,0.72,0.1696,0.06,1.0,1.0,1.0,0.71,0.21192
8895,,0.685,0.14192,0.05,1.0,1.0,1.0,0.7,0.18424
8896,,0.65,0.11424,0.04,1.0,1.0,1.0,0.69,0.15656
8897,,0.615,0.08656,0.03,1.0,1.0,1.0,0.68,0.12888
8898,,0.58,0.05888,0.02,1.0,1.0,1.0,0.67,0.1012
8899,,0.545,0.0312,0.01,1.0,1.0,1.0,0.66,0.07352
8900,,0.51,0.00352,-0.0,1.0,1.0,1.0,0.65,0.04584
8901,,0.475,-0.02416,-0.01,1.0,1.0,1.0,0.64,0.01816
8902,2,0.475,1.0,0.015,1.0,0.98,0.95768,0.595,-0.00952
8903,8,0.475,0.97232,-0.03,0.95768,0.96,0.96536,0.62,1.0
8904,3,0.44,0.97964,1.0,1.0,0.975,0.93804,0.56,0.93732
8905,,0.405,0.95196,0.99,1.0,0.99,0.94572,0.55,0.90964
8906,,0.37,0.92428,0.98,1.0,1.0,0.9534,0.54,0.88196
8907,,0.335,0.8966,0.97,1.0,1.0,0.96108,0.53,0.85428
8908,,0.3,0.86892,0.96,1.0,1.0,0.96876,0.52,0.8266
8909,,0.265,0.84124,0.95,1.0,1.0,0.97644,0.51,0.79892
8910,,0.23,0.81356,0.94,1.0,1.0,0.98412,0.5,0.77124
8911,,0.195,0.78588,0.93,1.0,1.0,0.9918,0.49,0.74356
8912,,0.16,0.7582,0.92,1.0,1.0,0.99948,0.48,0.71588
8913,,0.125,0.73052,0.91,1.0,1.0,1.0,0.47,0.6882
8914,,0.09,0.70284,0.9,1.0,1.0,1.0,0.46,0.66052
8915,,0.055,0.67516,0.89,1.0,1.0,1.0,0.45,0.63284
8916,,0.02,0.64748,0.88,1.0,1.0,1.0,0.44,0.60516
8917,,-0.015,0.6198,0.87,1.0,1.0,1.0,0.43,0.57748
8918,1,1.0,0.62712,0.86,0.97268,0.965,0.97268,0.42,0.5848
8919,,0.965,0.59944,0.85,0.98036,0.98,0.98036,0.41,0.55712
8920,,0.93,0.57176,0.84,0.98804,0.995,0.98804,0.4,0.52944
8921,,0.895,0.54408,0.83,0.99572,1.0,0.99572,0.39,0.50176
8922,,0.86,0.5164,0.82,1.0,1.0,1.0,0.38,0.47408
8923,,0.825,0.48872,0.81,1.0,1.0,1.0,0.37,0.4464
8924,,0.79,0.46104,0.8,1.0,1.0,1.0,0.36,0.41872
8925,,0.755,0.43336,0.79,1.0,1.0,1.0,0.35,0.39104
8926,,0.72,0.40568,0.78,1.0,1.0,1.0,0.34,0.36336
8927,,0.685,0.378,0.77,1.0,1.0,1.0,0.33,0.33568
8928,,0.65,0.35032,0.76,1.0,1.0,1.0,0.32,0.308
8929,,0.615,0.32264,0.75,1.0,1.0,1.0,0.31,0.28032
8930,,0.58,0.29496,0.74,1.0,1.0,1.0,0.3,0.25264
8931,,0.545,0.26728,0.73,1.0,1.0,1.0,0.29,0.22496
8932,,0.51,0.2396,0.72,1.0,1.0,1.0,0.28,0.19728
8933,,0.475,0.21192,0.71,1.0,1.0,1.0,0.27,0.1696
8934,,0.44,0.18424,0.7,1.0,1.0,1.0,0.26,0.14192
8935,,0.405,0.15656,0.69,1.0,1.0,1.0,0.25,0.11424
8936,,0.37,0.12888,0.68,1.0,1.0,1.0,0.24,0.08656
8937,,0.335,0.1012,0.67,1.0,1.0,1.0,0.23,0.05888
8938,,0.3,0.07352,0.66,1.0,1.0,1.0,0.22,0.0312
8939,,0.265,0.04584,0.65,1.0,1.0,1.0,0.21,0.00352
8940,,0.23,0.01816,0.64,1.0,1.0,1.0,0.2,-0.02416
8941,8,0.23,-0.00952,0.595,0.95768,0.98,1.0,0.225,1.0
8942,2,0.23,1.0,0.62,0.96536,0.96,0.95768,0.18,0.97232
8943,,0.195,0.97232,0.61,0.97304,0.975,0.96536,0.17,0.94464
8944,,0.16,0.94464,0.6,0.98072,0.99,0.97304,0.16,0.91696
8945,,0.125,0.91696,0.59,0.9884,1.0,0.98072,0.15,0.88928
8946,,0.09,0.88928,0.58,0.99608,1.0,0.9884,0.14,0.8616
8947,,0.055,0.8616,0.57,1.0,1.0,0.99608,0.13,0.83392
8948,,0.02,0.83392,0.56,1.0,1.0,1.0,0.12,0.80624
8949,,-0.015,0.80624,0.55,1.0,1.0,1.0,0.11,0.77856
8950,1,1.0,0.81356,0.54,0.97268,0.965,0.97268,0.1,0.78588
8951,,0.965,0.78588,0.53,0.98036,0.98,0.98036,0.09,0.7582
8952,,0.93,0.7582,0.52,0.98804,0.995,0.98804,0.08,0.73052
8953,,0.895,0.73052,0.51,0.99572,1.0,0.99572,0.07,0.70284
8954,,0.86,0.70284,0.5,1.0,1.0,1.0,0.06,0.67516
8955,,0.825,0.67516,0.49,1.0,1.0,1.0,0.05,0.64748
8956,,0.79,0.64748,0.48,1.0,1.0,1.0,0.04,0.6198
8957,,0.755,0.6198,0.47,1.0,1.0,1.0,0.03,0.59212
8958,,0.72,0.59212,0.46,1.0,1.0,1.0,0.02,0.56444
8959,,0.685,0.56444,0.45,1.0,1.0,1.0,0.01,0.53676
8960,,0.65,0.53676,0.44,1.0,1.0,1.0,-0.0,0.50908
8961,,0.615,0.50908,0.43,1.0,1.0,1.0,-0.01,0.4814
8962,7,0.58,0.4464,0.37,0.97268,1.0,1.0,1.0,0.48872
8963,,0.545,0.41872,0.36,0.98036,1.0,1.0,0.99,0.46104
8964,,0.51,0.39104,0.35,0.98804,1.0,1.0,0.98,0.43336
8965,,0.475,0.36336,0.34,0.99572,1.0,1.0,0.97,0.40568
8966,,0.44,0.33568,0.33,1.0,1.0,1.0,0.96,0.378
8967,,0.405,0.308,0.32,1.0,1.0,1.0,0.95,0.35032
8968,,0.37,0.28032,0.31,1.0,1.0,1.0,0.94,0.32264
8969,,0.335,0.25264,0.3,1.0,1.0,1.0,0.93,0.29496
8970,,0.3,0.22496,0.29,1.0,1.0,1.0,0.92,0.26728
8971,,0.265,0.19728,0.28,1.0,1.0,1.0,0.91,0.2396
8972,,0.23,0.1696,0.27,1.0,1.0,1.0,0.9,0.21192
8973,,0.195,0.14192,0.26,1.0,1.0,1.0,0.89,0.18424
8974,,0.16,0.11424,0.25,1.0,1.0,1.0,0.88,0.15656
8975,,0.125,0.08656,0.24,1.0,1.0,1.0,0.87,0.12888
8976,,0.09,0.05888,0.23,1.0,1.0,1.0,0.86,0.1012
8977,,0.055,0.0312,0.22,1.0,1.0,1.0,0.85,0.07352
8978,,0.02,0.00352,0.21,1.0,1.0,1.0,0.84,0.04584
8979,,-0.015,-0.02416,0.2,1.0,1.0,1.0,0.83,0.01816
8980,2,-0.015,1.0,0.225,1.0,0.98,0.95768,0.785,-0.00952
8981,1,1.0,1.0,0.215,0.97268,0.945,0.93036,0.775,-0.0022
8982,8,1.0,0.97232,0.17,0.93036,0.925,0.93804,0.8,1.0
8983,,0.965,0.94464,0.16,0.93804,0.94,0.94572,0.79,0.97232
8984,,0.93,0.91696,0.15,0.94572,0.955,0.9534,0.78,0.94464
8985,,0.895,0.88928,0.14,0.9534,0.97,0.96108,0.77,0.91696
8986,,0.86,0.8616,0.13,0.96108,0.985,0.96876,0.76,0.88928
8987,,0.825,0.83392,0.12,0.96876,1.0,0.97644,0.75,0.8616
8988,,0.79,0.80624,0.11,0.97644,1.0,0.98412,0.74,0.83392
8989,,0.755,0.77856,0.1,0.98412,1.0,0.9918,0.73,0.80624
8990,,0.72,0.75088,0.09,0.9918,1.0,0.99948,0.72,0.77856
8991,,0.685,0.7232,0.08,0.99948,1.0,1.0,0.71,0.75088
8992,,0.65,0.69552,0.07,1.0,1.0,1.0,0.7,0.7232
8993,,0.615,0.66784,0.06,1.0,1.0,1.0,0.69,0.69552
8994,,0.58,0.64016,0.05,1.0,1.0,1.0,0.68,0.66784
8995,,0.545,0.61248,0.04,1.0,1.0,1.0,0.67,0.64016
8996,,0.51,0.5848,0.03,1.0,1.0,1.0,0.66,0.61248
8997,,0.475,0.55712,0.02,1.0,1.0,1.0,0.65,0.5848
8998,,0.44,0.52944,0.01,1.0,1.0,1.0,0.64,0.55712
8999,,0.405,0.50176,-0.0,1.0,1.0,1.0,0.63,0.52944
9000,,0.37,0.47408,-0.01,1.0,1.0,1.0,0.62,0.50176
9001,3,0.335,0.4814,1.0,1.0,1.0,0.97268,0.56,0.43908
9002,,0.3,0.45372,0.99,1.0,1.0,0.98036,0.55,0.4114
9003,,0.265,0.42604,0.98,1.0,1.0,0.98804,0.54,0.38372
9004,,0.23,0.39836,0.97,1.0,1.0,0.99572,0.53,0.35604
9005,,0.195,0.37068,0.96,1.0,1.0,1.0,0.52,0.32836
9006,,0.16,0.343,0.95,1.0,1.0,1.0,0.51,0.30068
9007,,0.125,0.31532,0.94,1.0,1.0,1.0,0.5,0.273
9008,,0.09,0.28764,0.93,1.0,1.0,1.0,0.49,0.24532
9009,,0.055,0.25996,0.92,1.0,1.0,1.0,0.48,0.21764
9010,,0.02,0.23228,0.91,1.0,1.0,1.0,0.47,0.18996
9011,,-0.015,0.2046,0.9,1.0,1.0,1.0,0.46,0.16228
9012,1,1.0,0.21192,0.89,0.97268,0.965,0.97268,0.45,0.1696
9013,,0.965,0.18424,0.88,0.98036,0.98,0.98036,0.44,0.14192
9014,,0.93,0.15656,0.87,0.98804,0.995,0.98804,0.43,0.11424
9015,,0.895,0.12888,0.86,0.99572,1.0,0.99572,0.42,0.08656
9016,,0.86,0.1012,0.85,1.0,1.0,1.0,0.41,0.05888
9017,,0.825,0.07352,0.84,1.0,1.0,1.0,0.4,0.0312
9018,,0.79,0.04584,0.83,1.0,1.0,1.0,0.39,0.00352
9019,,0.755,0.01816,0.82,1.0,1.0,1.0,0.38,-0.02416
9020,8,0.755,-0.00952,0.775,0.95768,0.98,1.0,0.405,1.0
9021,2,0.755,1.0,0.8,0.96536,0.96,0.95768,0.36,0.97232
9022,,0.72,0.97232,0.79,0.97304,0.975,0.96536,0.35,0.94464
9023,,0.685,0.94464,0.78,0.98072,0.99,0.97304,0.34,0.91696
9024,,0.65,0.91696,0.77,0.9884,1.0,0.98072,0.33,0.88928
9025,,0.615,0.88928,0.76,0.99608,1.0,0.9884,0.32,0.8616
9026,,0.58,0.8616,0.75,1.0,1.0,0.99608,0.31,0.83392
9027,,0.545,0.83392,0.74,1.0,1.0,1.0,0.3,0.80624
9028,,0.51,0.80624,0.73,1.0,1.0,1.0,0.29,0.77856
9029,,0.475,0.77856,0.72,1.0,1.0,1.0,0.28,0.75088
9030,,0.44,0.75088,0.71,1.0,1.0,1.0,0.27,0.7232
9031,,0.405,0.7232,0.7,1.0,1.0,1.0,0.26,0.69552
9032,,0.37,0.69552,0.69,1.0,1.0,1.0,0.25,0.66784
9033,,0.335,0.66784,0.68,1.0,1.0,1.0,0.24,0.64016
9034,,0.3,0.64016,0.67,1.0,1.0,1.0,0.23,0.61248
9035,,0.265,0.61248,0.66,1.0,1.0,1.0,0.22,0.5848
9036,,0.23,0.5848,0.65,1.0,1.0,1.0,0.21,0.55712
9037,,0.195,0.55712,0.64,1.0,1.0,1.0,0.2,0.52944
9038,,0.16,0.52944,0.63,1.0,1.0,1.0,0.19,0.50176
9039,,0.125,0.50176,0.62,1.0,1.0,1.0,0.18,0.47408
9040,,0.09,0.47408,0.61,1.0,1.0,1.0,0.17,0.4464
9041,,0.055,0.4464,0.6,1.0,1.0,1.0,0.16,0.41872
9042,,0.02,0.41872,0.59,1.0,1.0,1.0,0.15,0.39104
9043,,-0.015,0.39104,0.58,1.0,1.0,1.0,0.14,0.36336
9044,1,1.0,0.39836,0.57,0.97268,0.965,0.97268,0.13,0.37068
9045,,0.965,0.37068,0.56,0.98036,0.98,0.98036,0.12,0.343
9046,,0.93,0.343,0.55,0.98804,0.995,0.98804,0.11,0.31532
9047,,0.895,0.31532,0.54,0.99572,1.0,0.99572,0.1,0.28764
9048,,0.86,0.28764,0.53,1.0,1.0,1.0,0.09,0.25996
9049,,0.825,0.25996,0.52,1.0,1.0,1.0,0.08,0.23228
9050,,0.79,0.23228,0.51,1.0,1.0,1.0,0.07,0.2046
9051,,0.755,0.2046,0.5,1.0,1.0,1.0,0.06,0.17692
9052,,0.72,0.17692,0.49,1.0,1.0,1.0,0.05,0.14924
9053,,0.685,0.14924,0.48,1.0,1.0,1.0,0.04,0.12156
9054,,0.65,0.12156,0.47,1.0,1.0,1.0,0.03,0.09388
9055,,0.615,0.09388,0.46,1.0,1.0,1.0,0.02,0.0662
9056,,0.58,0.0662,0.45,1.0,1.0,1.0,0.01,0.03852
9057,,0.545,0.03852,0.44,1.0,1.0,1.0,-0.0,0.01084
9058,,0.51,0.01084,0.43,1.0,1.0,1.0,-0.01,-0.01684
9059,8,0.51,-0.01684,0.385,0.95768,0.98,1.0,0.015,1.0
9060,2,0.51,1.0,0.41,0.96536,0.96,0.95768,-0.03,0.97232
9061,7,0.475,0.93732,0.35,0.93804,0.975,1.0,1.0,0.97964
9062,,0.44,0.90964,0.34,0.94572,0.99,1.0,0.99,0.95196
9063,,0.405,0.88196,0.33,0.9534,1.0,1.0,0.98,0.92428
9064,,0.37,0.85428,0.32,0.96108,1.0,1.0,0.97,0.8966
9065,,0.335,0.8266,0.31,0.96876,1.0,1.0,0.96,0.86892
9066,,0.3,0.79892,0.3,0.97644,1.0,1.0,0.95,0.84124
9067,,0.265,0.77124,0.29,0.98412,1.0,1.0,0.94,0.81356
9068,,0.23,0.74356,0.28,0.9918,1.0,1.0,0.93,0.78588
9069,,0.195,0.71588,0.27,0.99948,1.0,1.0,0.92,0.7582
9070,,0.16,0.6882,0.26,1.0,1.0,1.0,0.91,0.73052
9071,,0.125,0.66052,0.25,1.0,1.0,1.0,0.9,0.70284
9072,,0.09,0.63284,0.24,1.0,1.0,1.0,0.89,0.67516
9073,,0.055,0.60516,0.23,1.0,1.0,1.0,0.88,0.64748
9074,,0.02,0.57748,0.22,1.0,1.0,1.0,0.87,0.6198
9075,,-0.015,0.5498,0.21,1.0,1.0,1.0,0.86,0.59212
9076,1,1.0,0.55712,0.2,0.97268,0.965,0.97268,0.85,0.59944
9077,,0.965,0.52944,0.19,0.98036,0.98,0.98036,0.84,0.57176
9078,,0.93,0.50176,0.18,0.98804,0.995,0.98804,0.83,0.54408
9079,,0.895,0.47408,0.17,0.99572,1.0,0.99572,0.82,0.5164
9080,,0.86,0.4464,0.16,1.0,1.0,1.0,0.81,0.48872
9081,,0.825,0.41872,0.15,1.0,1.0,1.0,0.8,0.46104
9082,,0.79,0.39104,0.14,1.0,1.0,1.0,0.79,0.43336
9083,,0.755,0.36336,0.13,1.0,1.0,1.0,0.78,0.40568
9084,,0.72,0.33568,0.12,1.0,1.0,1.0,0.77,0.378
9085,,0.685,0.308,0.11,1.0,1.0,1.0,0.76,0.35032
9086,,0.65,0.28032,0.1,1.0,1.0,1.0,0.75,0.32264
9087,,0.615,0.25264,0.09,1.0,1.0,1.0,0.74,0.29496
9088,,0.58,0.22496,0.08,1.0,1.0,1.0,0.73,0.26728
9089,,0.545,0.19728,0.07,1.0,1.0,1.0,0.72,0.2396
9090,,0.51,0.1696,0.06,1.0,1.0,1.0,0.71,0.21192
9091,,0.475,0.14192,0.05,1.0,1.0,1.0,0.7,0.18424
9092,,0.44,0.11424,0.04,1.0,1.0,1.0,0.69,0.15656
9093,,0.405,0.08656,0.03,1.0,1.0,1.0,0.68,0.12888
9094,,0.37,0.05888,0.02,1.0,1.0,1.0,0.67,0.1012
9095,,0.335,0.0312,0.01,1.0,1.0,1.0,0.66,0.07352
9096,,0.3,0.00352,-0.0,1.0,1.0,1.0,0.65,0.04584
9097,,0.265,-0.02416,-0.01,1.0,1.0,1.0,0.64,0.01816
9098,2,0.265,1.0,0.015,1.0,0.98,0.95768,0.595,-0.00952
9099,8,0.265,0.97232,-0.03,0.95768,0.96,0.96536,0.62,1.0
9100,3,0.23,0.97964,1.0,1.0,0.975,0.93804,0.56,0.93732
9101,,0.195,0.95196,0.99,1.0,0.99,0.94572,0.55,0.90964
9102,,0.16,0.92428,0.98,1.0,1.0,0.9534,0.54,0.88196
9103,,0.125,0.8966,0.97,1.0,1.0,0.96108,0.53,0.85428
9104,,0.09,0.86892,0.96,1.0,1.0,0.96876,0.52,0.8266
9105,,0.055,0.84124,0.95,1.0,1.0,0.97644,0.51,0.79892
9106,,0.02,0.81356,0.94,1.0,1.0,0.98412,0.5,0.77124
9107,,-0.015,0.78588,0.93,1.0,1.0,0.9918,0.49,0.74356
9108,1,1.0,0.7932,0.92,0.97268,0.965,0.96448,0.48,0.75088
9109,,0.965,0.76552,0.91,0.98036,0.98,0.97216,0.47,0.7232
9110,,0.93,0.73784,0.9,0.98804,0.995,0.97984,0.46,0.69552
9111,,0.895,0.71016,0.89,0.99572,1.0,0.98752,0.45,0.66784
9112,,0.86,0.68248,0.88,1.0,1.0,0.9952,0.44,0.64016
9113,,0.825,0.6548,0.87,1.0,1.0,1.0,0.43,0.61248
9114,,0.79,0.62712,0.86,1.0,1.0,1.0,0.42,0.5848
9115,,0.755,0.59944,0.85,1.0,1.0,1.0,0.41,0.55712
9116,,0.72,0.57176,0.84,1.0,1.0,1.0,0.4,0.52944
9117,,0.685,0.54408,0.83,1.0,1.0,1.0,0.39,0.50176
9118,,0.65,0.5164,0.82,1.0,1.0,1.0,0.38,0.47408
9119,,0.615,0.48872,0.81,1.0,1.0,1.0,0.37,0.4464
9120,,0.58,0.46104,0.8,1.0,1.0,1.0,0.36,0.41872
9121,,0.545,0.43336,0.79,1.0,1.0,1.0,0.35,0.39104
9122,,0.51,0.40568,0.78,1.0,1.0,1.0,0.34,0.36336
9123,,0.475,0.378,0.77,1.0,1.0,1.0,0.33,0.33568
9124,,0.44,0.35032,0.76,1.0,1.0,1.0,0.32,0.308
9125,,0.405,0.32264,0.75,1.0,1.0,1.0,0.31,0.28032
9126,,0.37,0.29496,0.74,1.0,1.0,1.0,0.3,0.25264
9127,,0.335,0.26728,0.73,1.0,1.0,1.0,0.29,0.22496
9128,,0.3,0.2396,0.72,1.0,1.0,1.0,0.28,0.19728
9129,,0.265,0.21192,0.71,1.0,1.0,1.0,0.27,0.1696
9130,,0.23,0.18424,0.7,1.0,1.0,1.0,0.26,0.14192
9131,,0.195,0.15656,0.69,1.0,1.0,1.0,0.25,0.11424
9132,,0.16,0.12888,0.68,1.0,1.0,1.0,0.24,0.08656
9133,,0.125,0.1012,0.67,1.0,1.0,1.0,0.23,0.05888
9134,,0.09,0.07352,0.66,1.0,1.0,1.0,0.22,0.0312
9135,,0.055,0.04584,0.65,1.0,1.0,1.0,0.21,0.00352
9136,,0.02,0.01816,0.64,1.0,1.0,1.0,0.2,-0.02416
9137,8,0.02,-0.00952,0.595,0.95768,0.98,1.0,0.225,1.0
9138,2,0.02,1.0,0.62,0.96536,0.96,0.95768,0.18,0.97232
9139,,-0.015,0.97232,0.61,0.97304,0.975,0.96536,0.17,0.94464
9140,1,1.0,0.97964,0.6,0.94572,0.94,0.93804,0.16,0.95196
9141,,0.965,0.95196,0.59,0.9534,0.955,0.94572,0.15,0.92428
9142,,0.93,0.92428,0.58,0.96108,0.97,0.9534,0.14,0.8966
9143,,0.895,0.8966,0.57,0.96876,0.985,0.96108,0.13,0.86892
9144,,0.86,0.86892,0.56,0.97644,1.0,0.96876,0.12,0.84124
9145,,0.825,0.84124,0.55,0.98412,1.0,0.97644,0.11,0.81356
9146,,0.79,0.81356,0.54,0.9918,1.0,0.98412,0.1,0.78588
9147,,0.755,0.78588,0.53,0.99948,1.0,0.9918,0.09,0.7582
9148,,0.72,0.7582,0.52,1.0,1.0,0.99948,0.08,0.73052
9149,,0.685,0.73052,0.51,1.0,1.0,1.0,0.07,0.70284
9150,,0.65,0.70284,0.5,1.0,1.0,1.0,0.06,0.67516
9151,,0.615,0.67516,0.49,1.0,1.0,1.0,0.05,0.64748
9152,,0.58,0.64748,0.48,1.0,1.0,1.0,0.04,0.6198
9153,,0.545,0.6198,0.47,1.0,1.0,1.0,0.03,0.59212
9154,,0.51,0.59212,0.46,1.0,1.0,1.0,0.02,0.56444
9155,,0.475,0.56444,0.45,1.0,1.0,1.0,0.01,0.53676
9156,,0.44,0.53676,0.44,1.0,1.0,1.0,-0.0,0.50908
9157,,0.405,0.50908,0.43,1.0,1.0,1.0,-0.01,0.4814
9158,7,0.37,0.4464,0.37,0.97268,1.0,1.0,1.0,0.48872
9159,,0.335,0.41872,0.36,0.98036,1.0,1.0,0.99,0.46104
9160,,0.3,0.39104,0.35,0.98804,1.0,1.0,0.98,0.43336
9161,,0.265,0.36336,0.34,0.99572,1.0,1.0,0.97,0.40568
9162,,0.23,0.33568,0.33,1.0,1.0,1.0,0.96,0.378
9163,,0.195,0.308,0.32,1.0,1.0,1.0,0.95,0.35032
9164,,0.16,0.28032,0.31,1.0,1.0,1.0,0.94,0.32264
9165,,0.125,0.25264,0.3,1.0,1.0,1.0,0.93,0.29496
9166,,0.09,0.22496,0.29,1.0,1.0,1.0,0.92,0.26728
9167,,0.055,0.19728,0.28,1.0,1.0,1.0,0.91,0.2396
9168,,0.02,0.1696,0.27,1.0,1.0,1.0,0.9,0.21192
9169,,-0.015,0.14192,0.26,1.0,1.0,1.0,0.89,0.18424
9170,1,1.0,0.14924,0.25,0.97268,0.965,0.97268,0.88,0.19156
9171,,0.965,0.12156,0.24,0.98036,0.98,0.98036,0.87,0.16388
9172,,0.93,0.09388,0.23,0.98804,0.995,0.98804,0.86,0.1362
9173,,0.895,0.0662,0.22,0.99572,1.0,0.99572,0.85,0.10852
9174,,0.86,0.03852,0.21,1.0,1.0,1.0,0.84,0.08084
9175,,0.825,0.01084,0.2,1.0,1.0,1.0,0.83,0.05316
9176,,0.79,-0.01684,0.19,1.0,1.0,1.0,0.82,0.02548
9177,2,0.79,1.0,0.215,1.0,0.98,0.95768,0.775,-0.0022
9178,8,0.79,0.97232,0.17,0.95768,0.96,0.96536,0.8,1.0
9179,,0.755,0.94464,0.16,0.96536,0.975,0.97304,0.79,0.97232
9180,,0.72,0.91696,0.15,0.97304,0.99,0.98072,0.78,0.94464
9181,,0.685,0.88928,0.14,0.98072,1.0,0.9884,0.77,0.91696
9182,,0.65,0.8616,0.13,0.9884,1.0,0.99608,0.76,0.88928
9183,,0.615,0.83392,0.12,0.99608,1.0,1.0,0.75,0.8616
9184,,0.58,0.80624,0.11,1.0,1.0,1.0,0.74,0.83392
9185,,0.545,0.77856,0.1,1.0,1.0,1.0,0.73,0.80624
9186,,0.51,0.75088,0.09,1.0,1.0,1.0,0.72,0.77856
9187,,0.475,0.7232,0.08,1.0,1.0,1.0,0.71,0.75088
9188,,0.44,0.69552,0.07,1.0,1.0,1.0,0.7,0.7232
9189,,0.405,0.66784,0.06,1.0,1.0,1.0,0.69,0.69552
9190,,0.37,0.64016,0.05,1.0,1.0,1.0,0.68,0.66784
9191,,0.335,0.61248,0.04,1.0,1.0,1.0,0.67,0.64016
9192,,0.3,0.5848,0.03,1.0,1.0,1.0,0.66,0.61248
9193,,0.265,0.55712,0.02,1.0,1.0,1.0,0.65,0.5848
9194,,0.23,0.52944,0.01,1.0,1.0,1.0,0.64,0.55712
9195,,0.195,0.50176,-0.0,1.0,1.0,1.0,0.63,0.52944
9196,,0.16,0.47408,-0.01,1.0,1.0,1.0,0.62,0.50176
9197,3,0.125,0.4814,1.0,1.0,1.0,0.97268,0.56,0.43908
9198,,0.09,0.45372,0.99,1.0,1.0,0.98036,0.55,0.4114
9199,,0.055,0.42604,0.98,1.0,1.0,0.98804,0.54,0.38372
9200,,0.02,0.39836,0.97,1.0,1.0,0.99572,0.53,0.35604
9201,,-0.015,0.37068,0.96,1.0,1.0,1.0,0.52,0.32836
9202,1,1.0,0.378,0.95,0.97268,0.965,0.97268,0.51,0.33568
9203,,0.965,0.35032,0.94,0.98036,0.98,0.98036,0.5,0.308
9204,,0.93,0.32264,0.93,0.98804,0.995,0.98804,0.49,0.28032
9205,,0.895,0.29496,0.92,0.99572,1.0,0.99572,0.48,0.25264
9206,,0.86,0.26728,0.91,1.0,1.0,1.0,0.47,0.22496
9207,,0.825,0.2396,0.9,1.0,1.0,1.0,0.46,0.19728
9208,,0.79,0.21192,0.89,1.0,1.0,1.0,0.45,0.1696
9209,,0.755,0.18424,0.88,1.0,1.0,1.0,0.44,0.14192
9210,,0.72,0.15656,0.87,1.0,1.0,1.0,0.43,0.11424
9211,,0.685,0.12888,0.86,1.0,1.0,1.0,0.42,0.08656
9212,,0.65,0.1012,0.85,1.0,1.0,1.0,0.41,0.05888
9213,,0.615,0.07352,0.84,1.0,1.0,1.0,0.4,0.0312
9214,,0.58,0.04584,0.83,1.0,1.0,1.0,0.39,0.00352
9215,,0.545,0.01816,0.82,1.0,1.0,1.0,0.38,-0.02416
9216,8,0.545,-0.00952,0.775,0.95768,0.98,1.0,0.405,1.0
9217,2,0.545,1.0,0.8,0.96536,0.96,0.95768,0.36,0.97232
9218,,0.51,0.97232,0.79,0.97304,0.975,0.96536,0.35,0.94464
9219,,0.475,0.94464,0.78,0.98072,0.99,0.97304,0.34,0.91696
9220,,0.44,0.91696,0.77,0.9884,1.0,0.98072,0.33,0.88928
9221,,0.405,0.88928,0.76,0.99608,1.0,0.9884,0.32,0.8616
9222,,0.37,0.8616,0.75,1.0,1.0,0.99608,0.31,0.83392
9223,,0.335,0.83392,0.74,1.0,1.0,1.0,0.3,0.80624
9224,,0.3,0.80624,0.73,1.0,1.0,1.0,0.29,0.77856
9225,,0.265,0.77856,0.72,1.0,1.0,1.0,0.28,0.75088
9226,,0.23,0.75088,0.71,1.0,1.0,1.0,0.27,0.7232
9227,,0.195,0.7232,0.7,1.0,1.0,1.0,0.26,0.69552
9228,,0.16,0.69552,0.69,1.0,1.0,1.0,0.25,0.66784
9229,,0.125,0.66784,0.68,1.0,1.0,1.0,0.24,0.64016
9230,,0.09,0.64016,0.67,1.0,1.0,1.0,0.23,0.61248
9231,,0.055,0.61248,0.66,1.0,1.0,1.0,0.22,0.5848
9232,,0.02,0.5848,0.65,1.0,1.0,1.0,0.21,0.55712
9233,,-0.015,0.55712,0.64,1.0,1.0,1.0,0.2,0.52944
9234,1,1.0,0.56444,0.63,0.97268,0.965,0.97268,0.19,0.53676
9235,,0.965,0.53676,0.62,0.98036,0.98,0.98036,0.18,0.50908
9236,,0.93,0.50908,0.61,0.98804,0.995,0.98804,0.17,0.4814
9237,,0.895,0.4814,0.6,0.99572,1.0,0.99572,0.16,0.45372
9238,,0.86,0.45372,0.59,1.0,1.0,1.0,0.15,0.42604
9239,,0.825,0.42604,0.58,1.0,1.0,1.0,0.14,0.39836
9240,,0.79,0.39836,0.57,1.0,1.0,1.0,0.13,0.37068
9241,,0.755,0.37068,0.56,1.0,1.0,1.0,0.12,0.343
9242,,0.72,0.343,0.55,1.0,1.0,1.0,0.11,0.31532
9243,,0.685,0.31532,0.54,1.0,1.0,1.0,0.1,0.28764
9244,,0.65,0.28764,0.53,1.0,1.0,1.0,0.09,0.25996
9245,,0.615,0.25996,0.52,1.0,1.0,1.0,0.08,0.23228
9246,,0.58,0.23228,0.51,1.0,1.0,1.0,0.07,0.2046
9247,,0.545,0.2046,0.5,1.0,1.0,1.0,0.06,0.17692
9248,,0.51,0.17692,0.49,1.0,1.0,1.0,0.05,0.14924
9249,,0.475,0.14924,0.48,1.0,1.0,1.0,0.04,0.12156
9250,,0.44,0.12156,0.47,1.0,1.0,1.0,0.03,0.09388
9251,,0.405,0.09388,0.46,1.0,1.0,1.0,0.02,0.0662
9252,,0.37,0.0662,0.45,1.0,1.0,1.0,0.01,0.03852
9253,,0.335,0.03852,0.44,1.0,1.0,1.0,-0.0,0.01084
9254,,0.3,0.01084,0.43,1.0,1.0,1.0,-0.01,-0.01684
9255,8,0.3,-0.01684,0.385,0.95768,0.98,1.0,0.015,1.0
9256,2,0.3,1.0,0.41,0.96536,0.96,0.95768,-0.03,0.97232
9257,7,0.265,0.93732,0.35,0.93804,0.975,1.0,1.0,0.97964
9258,,0.23,0.90964,0.34,0.94572,0.99,1.0,0.99,0.95196
9259,,0.195,0.88196,0.33,0.9534,1.0,1.0,0.98,0.92428
9260,,0.16,0.85428,0.32,0.96108,1.0,1.0,0.97,0.8966
9261,,0.125,0.8266,0.31,0.96876,1.0,1.0,0.96,0.86892
9262,,0.09,0.79892,0.3,0.97644,1.0,1.0,0.95,0.84124
9263,,0.055,0.77124,0.29,0.98412,1.0,1.0,0.94,0.81356
9264,,0.02,0.74356,0.28,0.9918,1.0,1.0,0.93,0.78588
9265,,-0.015,0.71588,0.27,0.99948,1.0,1.0,0.92,0.7582
9266,1,1.0,0.7232,0.26,0.97216,0.965,0.97268,0.91,0.76552
9267,,0.965,0.69552,0.25,0.97984,0.98,0.98036,0.9,0.73784
9268,,0.93,0.66784,0.24,0.98752,0.995,0.98804,0.89,0.71016
9269,,0.895,0.64016,0.23,0.9952,1.0,0.99572,0.88,0.68248
9270,,0.86,0.61248,0.22,1.0,1.0,1.0,0.87,0.6548
9271,,0.825,0.5848,0.21,1.0,1.0,1.0,0.86,0.62712
9272,,0.79,0.55712,0.2,1.0,1.0,1.0,0.85,0.59944
9273,,0.755,0.52944,0.19,1.0,1.0,1.0,0.84,0.57176
9274,,0.72,0.50176,0.18,1.0,1.0,1.0,0.83,0.54408
9275,,0.685,0.47408,0.17,1.0,1.0,1.0,0.82,0.5164
9276,,0.65,0.4464,0.16,1.0,1.0,1.0,0.81,0.48872
9277,,0.615,0.41872,0.15,1.0,1.0,1.0,0.8,0.46104
9278,,0.58,0.39104,0.14,1.0,1.0,1.0,0.79,0.43336
9279,,0.545,0.36336,0.13,1.0,1.0,1.0,0.78,0.40568
9280,,0.51,0.33568,0.12,1.0,1.0,1.0,0.77,0.378
9281,,0.475,0.308,0.11,1.0,1.0,1.0,0.76,0.35032
9282,,0.44,0.28032,0.1,1.0,1.0,1.0,0.75,0.32264
9283,,0.405,0.25264,0.09,1.0,1.0,1.0,0.74,0.29496
9284,,0.37,0.22496,0.08,1.0,1.0,1.0,0.73,0.26728
9285,,0.335,0.19728,0.07,1.0,1.0,1.0,0.72,0.2396
9286,,0.3,0.1696,0.06,1.0,1.0,1.0,0.71,0.21192
9287,,0.265,0.14192,0.05,1.0,1.0,1.0,0.7,0.18424
9288,,0.23,0.11424,0.04,1.0,1.0,1.0,0.69,0.15656
9289,,0.195,0.08656,0.03,1.0,1.0,1.0,0.68,0.12888
9290,,0.16,0.05888,0.02,1.0,1.0,1.0,0.67,0.1012
9291,,0.125,0.0312,0.01,1.0,1.0,1.0,0.66,0.07352
9292,,0.09,0.00352,-0.0,1.0,1.0,1.0,0.65,0.04584
9293,,0.055,-0.02416,-0.01,1.0,1.0,1.0,0.64,0.01816
9294,2,0.055,1.0,0.015,1.0,0.98,0.95768,0.595,-0.00952
9295,8,0.055,0.97232,-0.03,0.95768,0.96,0.96536,0.62,1.0
9296,3,0.02,0.97964,1.0,1.0,0.975,0.93804,0.56,0.93732
9297,,-0.015,0.95196,0.99,1.0,0.99,0.94572,0.55,0.90964
9298,1,1.0,0.95928,0.98,0.97268,0.955,0.9184,0.54,0.91696
9299,,0.965,0.9316,0.97,0.98036,0.97,0.92608,0.53,0.88928
9300,,0.93,0.90392,0.96,0.98804,0.985,0.93376,0.52,0.8616
9301,,0.895,0.87624,0.95,0.99572,1.0,0.94144,0.51,0.83392
9302,,0.86,0.84856,0.94,1.0,1.0,0.94912,0.5,0.80624
9303,,0.825,0.82088,0.93,1.0,1.0,0.9568,0.49,0.77856
9304,,0.79,0.7932,0.92,1.0,1.0,0.96448,0.48,0.75088
9305,,0.755,0.76552,0.91,1.0,1.0,0.97216,0.47,0.7232
9306,,0.72,0.73784,0.9,1.0,1.0,0.97984,0.46,0.69552
9307,,0.685,0.71016,0.89,1.0,1.0,0.98752,0.45,0.66784
9308,,0.65,0.68248,0.88,1.0,1.0,0.9952,0.44,0.64016
9309,,0.615,0.6548,0.87,1.0,1.0,1.0,0.43,0.61248
9310,,0.58,0.62712,0.86,1.0,1.0,1.0,0.42,0.5848
9311,,0.545,0.59944,0.85,1.0,1.0,1.0,0.41,0.55712
9312,,0.51,0.57176,0.84,1.0,1.0,1.0,0.4,0.52944
9313,,0.475,0.54408,0.83,1.0,1.0,1.0,0.39,0.50176
9314,,0.44,0.5164,0.82,1.0,1.0,1.0,0.38,0.47408
9315,,0.405,0.48872,0.81,1.0,1.0,1.0,0.37,0.4464
9316,,0.37,0.46104,0.8,1.0,1.0,1.0,0.36,0.41872
9317,,0.335,0.43336,0.79,1.0,1.0,1.0,0.35,0.39104
9318,,0.3,0.40568,0.78,1.0,1.0,1.0,0.34,0.36336
9319,,0.265,0.378,0.77,1.0,1.0,1.0,0.33,0.33568
9320,,0.23,0.35032,0.76,1.0,1.0,1.0,0.32,0.308
9321,,0.195,0.32264,0.75,1.0,1.0,1.0,0.31,0.28032
9322,,0.16,0.29496,0.74,1.0,1.0,1.0,0.3,0.25264
9323,,0.125,0.26728,0.73,1.0,1.0,1.0,0.29,0.22496
9324,,0.09,0.2396,0.72,1.0,1.0,1.0,0.28,0.19728
9325,,0.055,0.21192,0.71,1.0,1.0,1.0,0.27,0.1696
9326,,0.02,0.18424,0.7,1.0,1.0,1.0,0.26,0.14192
9327,,-0.015,0.15656,0.69,1.0,1.0,1.0,0.25,0.11424
9328,1,1.0,0.16388,0.68,0.97268,0.965,0.97268,0.24,0.12156
9329,,0.965,0.1362,0.67,0.98036,0.98,0.98036,0.23,0.09388
9330,,0.93,0.10852,0.66,0.98804,0.995,0.98804,0.22,0.0662
9331,,0.895,0.08084,0.65,0.99572,1.0,0.99572,0.21,0.03852
9332,,0.86,0.05316,0.64,1.0,1.0,1.0,0.2,0.01084
9333,,0.825,0.02548,0.63,1.0,1.0,1.0,0.19,-0.01684
9334,8,0.825,-0.0022,0.585,0.95768,0.98,1.0,0.215,1.0
9335,2,0.825,1.0,0.61,0.96536,0.96,0.95768,0.17,0.97232
9336,,0.79,0.97232,0.6,0.97304,0.975,0.96536,0.16,0.94464
9337,,0.755,0.94464,0.59,0.98072,0.99,0.97304,0.15,0.91696
9338,,0.72,0.91696,0.58,0.9884,1.0,0.98072,0.14,0.88928
9339,,0.685,0.88928,0.57,0.99608,1.0,0.9884,0.13,0.8616
9340,,0.65,0.8616,0.56,1.0,1.0,0.99608,0.12,0.83392
9341,,0.615,0.83392,0.55,1.0,1.0,1.0,0.11,0.80624
9342,,0.58,0.80624,0.54,1.0,1.0,1.0,0.1,0.77856
9343,,0.545,0.77856,0.53,1.0,1.0,1.0,0.09,0.75088
9344,,0.51,0.75088,0.52,1.0,1.0,1.0,0.08,0.7232
9345,,0.475,0.7232,0.51,1.0,1.0,1.0,0.07,0.69552
9346,,0.44,0.69552,0.5,1.0,1.0,1.0,0.06,0.66784
9347,,0.405,0.66784,0.49,1.0,1.0,1.0,0.05,0.64016
9348,,0.37,0.64016,0.48,1.0,1.0,1.0,0.04,0.61248
9349,,0.335,0.61248,0.47,1.0,1.0,1.0,0.03,0.5848
9350,,0.3,0.5848,0.46,1.0,1.0,1.0,0.02,0.55712
9351,,0.265,0.55712,0.45,1.0,1.0,1.0,0.01,0.52944
9352,,0.23,0.52944,0.44,1.0,1.0,1.0,-0.0,0.50176
9353,,0.195,0.50176,0.43,1.0,1.0,1.0,-0.01,0.47408
9354,7,0.16,0.43908,0.37,0.97268,1.0,1.0,1.0,0.4814
9355,,0.125,0.4114,0.36,0.98036,1.0,1.0,0.99,0.45372
9356,,0.09,0.38372,0.35,0.98804,1.0,1.0,0.98,0.42604
9357,,0.055,0.35604,0.34,0.99572,1.0,1.0,0.97,0.39836
9358,,0.02,0.32836,0.33,1.0,1.0,1.0,0.96,0.37068
9359,,-0.015,0.30068,0.32,1.0,1.0,1.0,0.95,0.343
9360,1,1.0,0.308,0.31,0.97268,0.965,0.97268,0.94,0.35032
9361,,0.965,0.28032,0.3,0.98036,0.98,0.98036,0.93,0.32264
9362,,0.93,0.25264,0.29,0.98804,0.995,0.98804,0.92,0.29496
9363,,0.895,0.22496,0.28,0.99572,1.0,0.99572,0.91,0.26728
9364,,0.86,0.19728,0.27,1.0,1.0,1.0,0.9,0.2396
9365,,0.825,0.1696,0.26,1.0,1.0,1.0,0.89,0.21192
9366,,0.79,0.14192,0.25,1.0,1.0,1.0,0.88,0.18424
9367,,0.755,0.11424,0.24,1.0,1.0,1.0,0.87,0.15656
9368,,0.72,0.08656,0.23,1.0,1.0,1.0,0.86,0.12888
9369,,0.685,0.05888,0.22,1.0,1.0,1.0,0.85,0.1012
9370,,0.65,0.0312,0.21,1.0,1.0,1.0,0.84,0.07352
9371,,0.615,0.00352,0.2,1.0,1.0,1.0,0.83,0.04584
9372,,0.58,-0.02416,0.19,1.0,1.0,1.0,0.82,0.01816
9373,2,0.58,1.0,0.215,1.0,0.98,0.95768,0.775,-0.00952
9374,8,0.58,0.97232,0.17,0.95768,0.96,0.96536,0.8,1.0
9375,,0.545,0.94464,0.16,0.96536,0.975,0.97304,0.79,0.97232
9376,,0.51,0.91696,0.15,0.97304,0.99,0.98072,0.78,0.94464
9377,,0.475,0.88928,0.14,0.98072,1.0,0.9884,0.77,0.91696
9378,,0.44,0.8616,0.13,0.9884,1.0,0.99608,0.76,0.88928
9379,,0.405,0.83392,0.12,0.99608,1.0,1.0,0.75,0.8616
9380,,0.37,0.80624,0.11,1.0,1.0,1.0,0.74,0.83392
9381,,0.335,0.77856,0.1,1.0,1.0,1.0,0.73,0.80624
9382,,0.3,0.75088,0.09,1.0,1.0,1.0,0.72,0.77856
9383,,0.265,0.7232,0.08,1.0,1.0,1.0,0.71,0.75088
9384,,0.23,0.69552,0.07,1.0,1.0,1.0,0.7,0.7232
9385,,0.195,0.66784,0.06,1.0,1.0,1.0,0.69,0.69552
9386,,0.16,0.64016,0.05,1.0,1.0,1.0,0.68,0.66784
9387,,0.125,0.61248,0.04,1.0,1.0,1.0,0.67,0.64016
9388,,0.09,0.5848,0.03,1.0,1.0,1.0,0.66,0.61248
9389,,0.055,0.55712,0.02,1.0,1.0,1.0,0.65,0.5848
9390,,0.02,0.52944,0.01,1.0,1.0,1.0,0.64,0.55712
9391,,-0.015,0.50176,-0.0,1.0,1.0,1.0,0.63,0.52944
9392,1,1.0,0.50908,-0.01,0.97268,0.965,0.97268,0.62,0.53676
9393,3,0.965,0.5164,1.0,1.0,0.98,0.94536,0.56,0.47408
9394,,0.93,0.48872,0.99,1.0,0.995,0.95304,0.55,0.4464
9395,,0.895,0.46104,0.98,1.0,1.0,0.96072,0.54,0.41872
9396,,0.86,0.43336,0.97,1.0,1.0,0.9684,0.53,0.39104
9397,,0.825,0.40568,0.96,1.0,1.0,0.97608,0.52,0.36336
9398,,0.79,0.378,0.95,1.0,1.0,0.98376,0.51,0.33568
9399,,0.755,0.35032,0.94,1.0,1.0,0.99144,0.5,0.308
9400,,0.72,0.32264,0.93,1.0,1.0,0.99912,0.49,0.28032
9401,,0.685,0.29496,0.92,1.0,1.0,1.0,0.48,0.25264
9402,,0.65,0.26728,0.91,1.0,1.0,1.0,0.47,0.22496
9403,,0.615,0.2396,0.9,1.0,1.0,1.0,0.46,0.19728
9404,,0.58,0.21192,0.89,1.0,1.0,1.0,0.45,0.1696
9405,,0.545,0.18424,0.88,1.0,1.0,1.0,0.44,0.14192
9406,,0.51,0.15656,0.87,1.0,1.0,1.0,0.43,0.11424
9407,,0.475,0.12888,0.86,1.0,1.0,1.0,0.42,0.08656
9408,,0.44,0.1012,0.85,1.0,1.0,1.0,0.41,0.05888
9409,,0.405,0.07352,0.84,1.0,1.0,1.0,0.4,0.0312
9410,,0.37,0.04584,0.83,1.0,1.0,1.0,0.39,0.00352
9411,,0.335,0.01816,0.82,1.0,1.0,1.0,0.38,-0.02416
9412,8,0.335,-0.00952,0.775,0.95768,0.98,1.0,0.405,1.0
9413,2,0.335,1.0,0.8,0.96536,0.96,0.95768,0.36,0.97232
9414,,0.3,0.97232,0.79,0.97304,0.975,0.96536,0.35,0.94464
9415,,0.265,0.94464,0.78,0.98072,0.99,0.97304,0.34,0.91696
9416,,0.23,0.91696,0.77,0.9884,1.0,0.98072,0.33,0.88928
9417,,0.195,0.88928,0.76,0.99608,1.0,0.9884,0.32,0.8616
9418,,0.16,0.8616,0.75,1.0,1.0,0.99608,0.31,0.83392
9419,,0.125,0.83392,0.74,1.0,1.0,1.0,0.3,0.80624
9420,,0.09,0.80624,0.73,1.0,1.0,1.0,0.29,0.77856
9421,,0.055,0.77856,0.72,1.0,1.0,1.0,0.28,0.75088
9422,,0.02,0.75088,0.71,1.0,1.0,1.0,0.27,0.7232
9423,,-0.015,0.7232,0.7,1.0,1.0,1.0,0.26,0.69552
9424,1,1.0,0.73052,0.69,0.97268,0.965,0.97268,0.25,0.70284
9425,,0.965,0.70284,0.68,0.98036,0.98,0.98036,0.24,0.67516
9426,,0.93,0.67516,0.67,0.98804,0.995,0.98804,0.23,0.64748
9427,,0.895,0.64748,0.66,0.99572,1.0,0.99572,0.22,0.6198
9428,,0.86,0.6198,0.65,1.0,1.0,1.0,0.21,0.59212
9429,,0.825,0.59212,0.64,1.0,1.0,1.0,0.2,0.56444
9430,,0.79,0.56444,0.63,1.0,1.0,1.0,0.19,0.53676
9431,,0.755,0.53676,0.62,1.0,1.0,1.0,0.18,0.50908
9432,,0.72,0.50908,0.61,1.0,1.0,1.0,0.17,0.4814
9433,,0.685,0.4814,0.6,1.0,1.0,1.0,0.16,0.45372
9434,,0.65,0.45372,0.59,1.0,1.0,1.0,0.15,0.42604
9435,,0.615,0.42604,0.58,1.0,1.0,1.0,0.14,0.39836
9436,,0.58,0.39836,0.57,1.0,1.0,1.0,0.13,0.37068
9437,,0.545,0.37068,0.56,1.0,1.0,1.0,0.12,0.343
9438,,0.51,0.343,0.55,1.0,1.0,1.0,0.11,0.31532
9439,,0.475,0.31532,0.54,1.0,1.0,1.0,0.1,0.28764
9440,,0.44,0.28764,0.53,1.0,1.0,1.0,0.09,0.25996
9441,,0.405,0.25996,0.52,1.0,1.0,1.0,0.08,0.23228
9442,,0.37,0.23228,0.51,1.0,1.0,1.0,0.07,0.2046
9443,,0.335,0.2046,0.5,1.0,1.0,1.0,0.06,0.17692
9444,,0.3,0.17692,0.49,1.0,1.0,1.0,0.05,0.14924
9445,,0.265,0.14924,0.48,1.0,1.0,1.0,0.04,0.12156
9446,,0.23,0.12156,0.47,1.0,1.0,1.0,0.03,0.09388
9447,,0.195,0.09388,0.46,1.0,1.0,1.0,0.02,0.0662
9448,,0.16,0.0662,0.45,1.0,1.0,1.0,0.01,0.03852
9449,,0.125,0.03852,0.44,1.0,1.0,1.0,-0.0,0.01084
9450,,0.09,0.01084,0.43,1.0,1.0,1.0,-0.01,-0.01684
9451,8,0.09,-0.01684,0.385,0.95768,0.98,1.0,0.015,1.0
9452,2,0.09,1.0,0.41,0.96536,0.96,0.95768,-0.03,0.97232
9453,7,0.055,0.93732,0.35,0.93804,0.975,1.0,1.0,0.97964
9454,,0.02,0.90964,0.34,0.94572,0.99,1.0,0.99,0.95196
9455,,-0.015,0.88196,0.33,0.9534,1.0,1.0,0.98,0.92428
9456,1,1.0,0.88928,0.32,0.92608,0.965,0.97268,0.97,0.9316
9457,,0.965,0.8616,0.31,0.93376,0.98,0.98036,0.96,0.90392
9458,,0.93,0.83392,0.3,0.94144,0.995,0.98804,0.95,0.87624
9459,,0.895,0.80624,0.29,0.94912,1.0,0.99572,0.94,0.84856
9460,,0.86,0.77856,0.28,0.9568,1.0,1.0,0.93,0.82088
9461,,0.825,0.75088,0.27,0.96448,1.0,1.0,0.92,0.7932
9462,,0.79,0.7232,0.26,0.97216,1.0,1.0,0.91,0.76552
9463,,0.755,0.69552,0.25,0.97984,1.0,1.0,0.9,0.73784
9464,,0.72,0.66784,0.24,0.98752,1.0,1.0,0.89,0.71016
9465,,0.685,0.64016,0.23,0.9952,1.0,1.0,0.88,0.68248
9466,,0.65,0.61248,0.22,1.0,1.0,1.0,0.87,0.6548
9467,,0.615,0.5848,0.21,1.0,1.0,1.0,0.86,0.62712
9468,,0.58,0.55712,0.2,1.0,1.0,1.0,0.85,0.59944
9469,,0.545,0.52944,0.19,1.0,1.0,1.0,0.84,0.57176
9470,,0.51,0.50176,0.18,1.0,1.0,1.0,0.83,0.54408
9471,,0.475,0.47408,0.17,1.0,1.0,1.0,0.82,0.5164
9472,,0.44,0.4464,0.16,1.0,1.0,1.0,0.81,0.48872
9473,,0.405,0.41872,0.15,1.0,1.0,1.0,0.8,0.46104
9474,,0.37,0.39104,0.14,1.0,1.0,1.0,0.79,0.43336
9475,,0.335,0.36336,0.13,1.0,1.0,1.0,0.78,0.40568
9476,,0.3,0.33568,0.12,1.0,1.0,1.0,0.77,0.378
9477,,0.265,0.308,0.11,1.0,1.0,1.0,0.76,0.35032
9478,,0.23,0.28032,0.1,1.0,1.0,1.0,0.75,0.32264
9479,,0.195,0.25264,0.09,1.0,1.0,1.0,0.74,0.29496
9480,,0.16,0.22496,0.08,1.0,1.0,1.0,0.73,0.26728
9481,,0.125,0.19728,0.07,1.0,1.0,1.0,0.72,0.2396
9482,,0.09,0.1696,0.06,1.0,1.0,1.0,0.71,0.21192
9483,,0.055,0.14192,0.05,1.0,1.0,1.0,0.7,0.18424
9484,,0.02,0.11424,0.04,1.0,1.0,1.0,0.69,0.15656
9485,,-0.015,0.08656,0.03,1.0,1.0,1.0,0.68,0.12888
9486,1,1.0,0.09388,0.02,0.97268,0.965,0.97268,0.67,0.1362
9487,,0.965,0.0662,0.01,0.98036,0.98,0.98036,0.66,0.10852
9488,,0.93,0.03852,-0.0,0.98804,0.995,0.98804,0.65,0.08084
9489,,0.895,0.01084,-0.01,0.99572,1.0,0.99572,0.64,0.05316
9490,3,0.86,0.01816,1.0,1.0,1.0,0.9684,0.58,-0.00952
9491,8,0.86,-0.00952,0.955,0.95768,0.98,0.97608,0.605,1.0
9492,2,0.86,1.0,0.98,0.96536,0.96,0.93376,0.56,0.97232
9493,,0.825,0.97232,0.97,0.97304,0.975,0.94144,0.55,0.94464
9494,,0.79,0.94464,0.96,0.98072,0.99,0.94912,0.54,0.91696
9495,,0.755,0.91696,0.95,0.9884,1.0,0.9568,0.53,0.88928
9496,,0.72,0.88928,0.94,0.99608,1.0,0.96448,0.52,0.8616
9497,,0.685,0.8616,0.93,1.0,1.0,0.97216,0.51,0.83392
9498,,0.65,0.83392,0.92,1.0,1.0,0.97984,0.5,0.80624
9499,,0.615,0.80624,0.91,1.0,1.0,0.98752,0.49,0.77856
9500,,0.58,0.77856,0.9,1.0,1.0,0.9952,0.48,0.75088
9501,,0.545,0.75088,0.89,1.0,1.0,1.0,0.47,0.7232
9502,,0.51,0.7232,0.88,1.0,1.0,1.0,0.46,0.69552
9503,,0.475,0.69552,0.87,1.0,1.0,1.0,0.45,0.66784
9504,,0.44,0.66784,0.86,1.0,1.0,1.0,0.44,0.64016
9505,,0.405,0.64016,0.85,1.0,1.0,1.0,0.43,0.61248
9506,,0.37,0.61248,0.84,1.0,1.0,1.0,0.42,0.5848
9507,,0.335,0.5848,0.83,1.0,1.0,1.0,0.41,0.55712
9508,,0.3,0.55712,0.82,1.0,1.0,1.0,0.4,0.52944
9509,,0.265,0.52944,0.81,1.0,1.0,1.0,0.39,0.50176
9510,,0.23,0.50176,0.8,1.0,1.0,1.0,0.38,0.47408
9511,,0.195,0.47408,0.79,1.0,1.0,1.0,0.37,0.4464
9512,,0.16,0.4464,0.78,1.0,1.0,1.0,0.36,0.41872
9513,,0.125,0.41872,0.77,1.0,1.0,1.0,0.35,0.39104
9514,,0.09,0.39104,0.76,1.0,1.0,1.0,0.34,0.36336
9515,,0.055,0.36336,0.75,1.0,1.0,1.0,0.33,0.33568
9516,,0.02,0.33568,0.74,1.0,1.0,1.0,0.32,0.308
9517,,-0.015,0.308,0.73,1.0,1.0,1.0,0.31,0.28032
9518,1,1.0,0.31532,0.72,0.97268,0.965,0.97268,0.3,0.28764
9519,,0.965,0.28764,0.71,0.98036,0.98,0.98036,0.29,0.25996
9520,,0.93,0.25996,0.7,0.98804,0.995,0.98804,0.28,0.23228
9521,,0.895,0.23228,0.69,0.99572,1.0,0.99572,0.27,0.2046
9522,,0.86,0.2046,0.68,1.0,1.0,1.0,0.26,0.17692
9523,,0.825,0.17692,0.67,1.0,1.0,1.0,0.25,0.14924
9524,,0.79,0.14924,0.66,1.0,1.0,1.0,0.24,0.12156
9525,,0.755,0.12156,0.65,1.0,1.0,1.0,0.23,0.09388
9526,,0.72,0.09388,0.64,1.0,1.0,1.0,0.22,0.0662
9527,,0.685,0.0662,0.63,1.0,1.0,1.0,0.21,0.03852
9528,,0.65,0.03852,0.62,1.0,1.0,1.0,0.2,0.01084
9529,,0.615,0.01084,0.61,1.0,1.0,1.0,0.19,-0.01684
9530,8,0.615,-0.01684,0.565,0.95768,0.98,1.0,0.215,1.0
9531,2,0.615,1.0,0.59,0.96536,0.96,0.95768,0.17,0.97232
9532,,0.58,0.97232,0.58,0.97304,0.975,0.96536,0.16,0.94464
9533,,0.545,0.94464,0.57,0.98072,0.99,0.97304,0.15,0.91696
9534,,0.51,0.91696,0.56,0.9884,1.0,0.98072,0.14,0.88928
9535,,0.475,0.88928,0.55,0.99608,1.0,0.9884,0.13,0.8616
9536,,0.44,0.8616,0.54,1.0,1.0,0.99608,0.12,0.83392
9537,,0.405,0.83392,0.53,1.0,1.0,1.0,0.11,0.80624
9538,,0.37,0.80624,0.52,1.0,1.0,1.0,0.1,0.77856
9539,,0.335,0.77856,0.51,1.0,1.0,1.0,0.09,0.75088
9540,,0.3,0.75088,0.5,1.0,1.0,1.0,0.08,0.7232
9541,,0.265,0.7232,0.49,1.0,1.0,1.0,0.07,0.69552
9542,,0.23,0.69552,0.48,1.0,1.0,1.0,0.06,0.66784
9543,,0.195,0.66784,0.47,1.0,1.0,1.0,0.05,0.64016
9544,,0.16,0.64016,0.46,1.0,1.0,1.0,0.04,0.61248
9545,,0.125,0.61248,0.45,1.0,1.0,1.0,0.03,0.5848
9546,,0.09,0.5848,0.44,1.0,1.0,1.0,0.02,0.55712
9547,,0.055,0.55712,0.43,1.0,1.0,1.0,0.01,0.52944
9548,,0.02,0.52944,0.42,1.0,1.0,1.0,-0.0,0.50176
9549,,-0.015,0.50176,0.41,1.0,1.0,1.0,-0.01,0.47408
9550,1,1.0,0.50908,0.4,0.97268,0.965,0.97268,-0.02,0.4814
9551,7,0.965,0.4464,0.34,0.94536,0.98,1.0,1.0,0.48872
9552,,0.93,0.41872,0.33,0.95304,0.995,1.0,0.99,0.46104
9553,,0.895,0.39104,0.32,0.96072,1.0,1.0,0.98,0.43336
9554,,0.86,0.36336,0.31,0.9684,1.0,1.0,0.97,0.40568
9555,,0.825,0.33568,0.3,0.97608,1.0,1.0,0.96,0.378
9556,,0.79,0.308,0.29,0.98376,1.0,1.0,0.95,0.35032
9557,,0.755,0.28032,0.28,0.99144,1.0,1.0,0.94,0.32264
9558,,0.72,0.25264,0.27,0.99912,1.0,1.0,0.93,0.29496
9559,,0.685,0.22496,0.26,1.0,1.0,1.0,0.92,0.26728
9560,,0.65,0.19728,0.25,1.0,1.0,1.0,0.91,0.2396
9561,,0.615,0.1696,0.24,1.0,1.0,1.0,0.9,0.21192
9562,,0.58,0.14192,0.23,1.0,1.0,1.0,0.89,0.18424
9563,,0.545,0.11424,0.22,1.0,1.0,1.0,0.88,0.15656
9564,,0.51,0.08656,0.21,1.0,1.0,1.0,0.87,0.12888
9565,,0.475,0.05888,0.2,1.0,1.0,1.0,0.86,0.1012
9566,,0.44,0.0312,0.19,1.0,1.0,1.0,0.85,0.07352
9567,,0.405,0.00352,0.18,1.0,1.0,1.0,0.84,0.04584
9568,,0.37,-0.02416,0.17,1.0,1.0,1.0,0.83,0.01816
9569,2,0.37,1.0,0.195,1.0,0.98,0.95768,0.785,-0.00952
9570,8,0.37,0.97232,0.15,0.95768,0.96,0.96536,0.81,1.0
9571,,0.335,0.94464,0.14,0.96536,0.975,0.97304,0.8,0.97232
9572,,0.3,0.91696,0.13,0.97304,0.99,0.98072,0.79,0.94464
9573,,0.265,0.88928,0.12,0.98072,1.0,0.9884,0.78,0.91696
9574,,0.23,0.8616,0.11,0.9884,1.0,0.99608,0.77,0.88928
9575,,0.195,0.83392,0.1,0.99608,1.0,1.0,0.76,0.8616
9576,,0.16,0.80624,0.09,1.0,1.0,1.0,0.75,0.83392
9577,,0.125,0.77856,0.08,1.0,1.0,1.0,0.74,0.80624
9578,,0.09,0.75088,0.07,1.0,1.0,1.0,0.73,0.77856
9579,,0.055,0.7232,0.06,1.0,1.0,1.0,0.72,0.75088
9580,,0.02,0.69552,0.05,1.0,1.0,1.0,0.71,0.7232
9581,,-0.015,0.66784,0.04,1.0,1.0,1.0,0.7,0.69552
9582,1,1.0,0.67516,0.03,0.97268,0.965,0.97268,0.69,0.70284
9583,,0.965,0.64748,0.02,0.98036,0.98,0.98036,0.68,0.67516
9584,,0.93,0.6198,0.01,0.98804,0.995,0.98804,0.67,0.64748
9585,,0.895,0.59212,-0.0,0.99572,1.0,0.99572,0.66,0.6198
9586,,0.86,0.56444,-0.01,1.0,1.0,1.0,0.65,0.59212
9587,3,0.825,0.57176,1.0,1.0,1.0,0.97268,0.59,0.52944
9588,,0.79,0.54408,0.99,1.0,1.0,0.98036,0.58,0.50176
9589,,0.755,0.5164,0.98,1.0,1.0,0.98804,0.57,0.47408
9590,,0.72,0.48872,0.97,1.0,1.0,0.99572,0.56,0.4464
9591,,0.685,0.46104,0.96,1.0,1.0,1.0,0.55,0.41872
9592,,0.65,0.43336,0.95,1.0,1.0,1.0,0.54,0.39104
9593,,0.615,0.40568,0.94,1.0,1.0,1.0,0.53,0.36336
9594,,0.58,0.378,0.93,1.0,1.0,1.0,0.52,0.33568
9595,,0.545,0.35032,0.92,1.0,1.0,1.0,0.51,0.308
9596,,0.51,0.32264,0.91,1.0,1.0,1.0,0.5,0.28032
9597,,0.475,0.29496,0.9,1.0,1.0,1.0,0.49,0.25264
9598,,0.44,0.26728,0.89,1.0,1.0,1.0,0.48,0.22496
9599,,0.405,0.2396,0.88,1.0,1.0,1.0,0.47,0.19728
9600,,0.37,0.21192,0.87,1.0,1.0,1.0,0.46,0.1696
9601,,0.335,0.18424,0.86,1.0,1.0,1.0,0.45,0.14192
9602,,0.3,0.15656,0.85,1.0,1.0,1.0,0.44,0.11424
9603,,0.265,0.12888,0.84,1.0,1.0,1.0,0.43,0.08656
9604,,0.23,0.1012,0.83,1.0,1.0,1.0,0.42,0.05888
9605,,0.195,0.07352,0.82,1.0,1.0,1.0,0.41,0.0312
9606,,0.16,0.04584,0.81,1.0,1.0,1.0,0.4,0.00352
9607,,0.125,0.01816,0.8,1.0,1.0,1.0,0.39,-0.02416
9608,8,0.125,-0.00952,0.755,0.95768,0.98,1.0,0.415,1.0
9609,2,0.125,1.0,0.78,0.96536,0.96,0.95768,0.37,0.97232
9610,,0.09,0.97232,0.77,0.97304,0.975,0.96536,0.36,0.94464
9611,,0.055,0.94464,0.76,0.98072,0.99,0.97304,0.35,0.91696
9612,,0.02,0.91696,0.75,0.9884,1.0,0.98072,0.34,0.88928
9613,,-0.015,0.88928,0.74,0.99608,1.0,0.9884,0.33,0.8616
9614,1,1.0,0.8966,0.73,0.96876,0.965,0.96108,0.32,0.86892
9615,,0.965,0.86892,0.72,0.97644,0.98,0.96876,0.31,0.84124
9616,,0.93,0.84124,0.71,0.98412,0.995,0.97644,0.3,0.81356
9617,,0.895,0.81356,0.7,0.9918,1.0,0.98412,0.29,0.78588
9618,,0.86,0.78588,0.69,0.99948,1.0,0.9918,0.28,0.7582
9619,,0.825,0.7582,0.68,1.0,1.0,0.99948,0.27,0.73052
9620,,0.79,0.73052,0.67,1.0,1.0,1.0,0.26,0.70284
9621,,0.755,0.70284,0.66,1.0,1.0,1.0,0.25,0.67516
9622,,0.72,0.67516,0.65,1.0,1.0,1.0,0.24,0.64748
9623,,0.685,0.64748,0.64,1.0,1.0,1.0,0.23,0.6198
9624,,0.65,0.6198,0.63,1.0,1.0,1.0,0.22,0.59212
9625,,0.615,0.59212,0.62,1.0,1.0,1.0,0.21,0.56444
9626,,0.58,0.56444,0.61,1.0,1.0,1.0,0.2,0.53676
9627,,0.545,0.53676,0.6,1.0,1.0,1.0,0.19,0.50908
9628,,0.51,0.50908,0.59,1.0,1.0,1.0,0.18,0.4814
9629,,0.475,0.4814,0.58,1.0,1.0,1.0,0.17,0.45372
9630,,0.44,0.45372,0.57,1.0,1.0,1.0,0.16,0.42604
9631,,0.405,0.42604,0.56,1.0,1.0,1.0,0.15,0.39836
9632,,0.37,0.39836,0.55,1.0,1.0,1.0,0.14,0.37068
9633,,0.335,0.37068,0.54,1.0,1.0,1.0,0.13,0.343
9634,,0.3,0.343,0.53,1.0,1.0,1.0,0.12,0.31532
9635,,0.265,0.31532,0.52,1.0,1.0,1.0,0.11,0.28764
9636,,0.23,0.28764,0.51,1.0,1.0,1.0,0.1,0.25996
9637,,0.195,0.25996,0.5,1.0,1.0,1.0,0.09,0.23228
9638,,0.16,0.23228,0.49,1.0,1.0,1.0,0.08,0.2046
9639,,0.125,0.2046,0.48,1.0,1.0,1.0,0.07,0.17692
9640,,0.09,0.17692,0.47,1.0,1.0,1.0,0.06,0.14924
9641,,0.055,0.14924,0.46,1.0,1.0,1.0,0.05,0.12156
9642,,0.02,0.12156,0.45,1.0,1.0,1.0,0.04,0.09388
9643,,-0.015,0.09388,0.44,1.0,1.0,1.0,0.03,0.0662
9644,1,1.0,0.1012,0.43,0.97268,0.965,0.97268,0.02,0.07352
9645,,0.965,0.07352,0.42,0.98036,0.98,0.98036,0.01,0.04584
9646,,0.93,0.04584,0.41,0.98804,0.995,0.98804,-0.0,0.01816
9647,,0.895,0.01816,0.4,0.99572,1.0,0.99572,-0.01,-0.00952
9648,7,0.86,-0.04452,0.34,0.9684,1.0,1.0,1.0,-0.0022
9649,2,0.86,1.0,0.365,0.97608,0.98,0.95768,0.955,-0.02988
9650,8,0.86,0.97232,0.32,0.93376,0.96,0.96536,0.98,1.0
9651,,0.825,0.94464,0.31,0.94144,0.975,0.97304,0.97,0.97232
9652,,0.79,0.91696,0.3,0.94912,0.99,0.98072,0.96,0.94464
9653,,0.755,0.88928,0.29,0.9568,1.0,0.9884,0.95,0.91696
9654,,0.72,0.8616,0.28,0.96448,1.0,0.99608,0.94,0.88928
9655,,0.685,0.83392,0.27,0.97216,1.0,1.0,0.93,0.8616
9656,,0.65,0.80624,0.26,0.97984,1.0,1.0,0.92,0.83392
9657,,0.615,0.77856,0.25,0.98752,1.0,1.0,0.91,0.80624
9658,,0.58,0.75088,0.24,0.9952,1.0,1.0,0.9,0.77856
9659,,0.545,0.7232,0.23,1.0,1.0,1.0,0.89,0.75088
9660,,0.51,0.69552,0.22,1.0,1.0,1.0,0.88,0.7232
9661,,0.475,0.66784,0.21,1.0,1.0,1.0,0.87,0.69552
9662,,0.44,0.64016,0.2,1.0,1.0,1.0,0.86,0.66784
9663,,0.405,0.61248,0.19,1.0,1.0,1.0,0.85,0.64016
9664,,0.37,0.5848,0.18,1.0,1.0,1.0,0.84,0.61248
9665,,0.335,0.55712,0.17,1.0,1.0,1.0,0.83,0.5848
9666,,0.3,0.52944,0.16,1.0,1.0,1.0,0.82,0.55712
9667,,0.265,0.50176,0.15,1.0,1.0,1.0,0.81,0.52944
9668,,0.23,0.47408,0.14,1.0,1.0,1.0,0.8,0.50176
9669,,0.195,0.4464,0.13,1.0,1.0,1.0,0.79,0.47408
9670,,0.16,0.41872,0.12,1.0,1.0,1.0,0.78,0.4464
9671,,0.125,0.39104,0.11,1.0,1.0,1.0,0.77,0.41872
9672,,0.09,0.36336,0.1,1.0,1.0,1.0,0.76,0.39104
9673,,0.055,0.33568,0.09,1.0,1.0,1.0,0.75,0.36336
9674,,0.02,0.308,0.08,1.0,1.0,1.0,0.74,0.33568
9675,,-0.015,0.28032,0.07,1.0,1.0,1.0,0.73,0.308
9676,1,1.0,0.28764,0.06,0.97268,0.965,0.97268,0.72,0.31532
