step,active_motive,motive_1,motive_2,motive_3,motive_4,motive_5,motive_6,motive_7,motive_8
0,,-0.25092,0.90143,0.46399,0.19732,-0.68796,-0.68801,-0.88383,0.73235
1,7,-0.27592,0.88375,0.46399,0.215,-0.66296,-0.67033,1.0,0.71467
2,6,-0.30092,0.86607,0.46399,0.23268,-0.63796,1.0,1.0,0.69699
3,5,-0.57592,0.84839,0.46399,0.25036,1.0,1.0,1.0,0.67931
4,1,1.0,0.83071,0.46399,0.26804,0.775,1.0,1.0,0.66163
5,,0.925,0.76303,0.41399,0.23572,0.75,0.96768,0.95,0.59395
6,,0.85,0.69535,0.36399,0.2034,0.725,0.93536,0.9,0.52627
7,,0.775,0.62767,0.31399,0.17108,0.7,0.90304,0.85,0.45859
8,,0.7,0.55999,0.26399,0.13876,0.675,0.87072,0.8,0.39091
9,,0.625,0.49231,0.21399,0.10644,0.65,0.8384,0.75,0.32323
10,,0.55,0.42463,0.16399,0.07412,0.625,0.80608,0.7,0.25555
11,,0.475,0.35695,0.11399,0.0418,0.6,0.77376,0.65,0.18787
12,,0.4,0.28927,0.06399,0.00948,0.575,0.74144,0.6,0.12019
13,,0.325,0.22159,0.01399,-0.02284,0.55,0.70912,0.55,0.05251
14,4,0.3,0.20391,0.01399,1.0,0.575,0.7268,0.55,0.03483
15,,0.225,0.13623,-0.03601,0.96768,0.55,0.69448,0.5,-0.03285
16,3,0.2,0.11855,1.0,0.98536,0.575,0.71216,0.5,-0.05053
17,8,0.175,0.10087,1.0,1.0,0.6,0.72984,0.5,1.0
18,,0.1,0.03319,0.95,0.96768,0.575,0.69752,0.45,0.93232
19,,0.025,-0.03449,0.9,0.93536,0.55,0.6652,0.4,0.86464
20,2,0.0,1.0,0.9,0.95304,0.575,0.68288,0.4,0.84696
21,,-0.075,0.93232,0.85,0.92072,0.55,0.65056,0.35,0.77928
22,1,1.0,0.91464,0.85,0.9384,0.325,0.66824,0.35,0.7616
23,,0.925,0.84696,0.8,0.90608,0.3,0.63592,0.3,0.69392
24,,0.85,0.77928,0.75,0.87376,0.275,0.6036,0.25,0.62624
25,,0.775,0.7116,0.7,0.84144,0.25,0.57128,0.2,0.55856
26,,0.7,0.64392,0.65,0.80912,0.225,0.53896,0.15,0.49088
27,,0.625,0.57624,0.6,0.7768,0.2,0.50664,0.1,0.4232
28,,0.55,0.50856,0.55,0.74448,0.175,0.47432,0.05,0.35552
29,,0.475,0.44088,0.5,0.71216,0.15,0.442,0.0,0.28784
30,,0.4,0.3732,0.45,0.67984,0.125,0.40968,-0.05,0.22016
31,7,0.375,0.35552,0.45,0.69752,0.15,0.42736,1.0,0.20248
32,,0.3,0.28784,0.4,0.6652,0.125,0.39504,0.95,0.1348
33,,0.225,0.22016,0.35,0.63288,0.1,0.36272,0.9,0.06712
34,,0.15,0.15248,0.3,0.60056,0.075,0.3304,0.85,-0.00056
35,8,0.125,0.1348,0.3,0.61824,0.1,0.34808,0.85,1.0
36,,0.05,0.06712,0.25,0.58592,0.075,0.31576,0.8,0.93232
37,,-0.025,-0.00056,0.2,0.5536,0.05,0.28344,0.75,0.86464
38,1,1.0,-0.01824,0.2,0.57128,-0.175,0.30112,0.75,0.84696
39,5,0.725,-0.03592,0.2,0.58896,1.0,0.3188,0.75,0.82928
40,2,0.7,1.0,0.2,0.60664,1.0,0.33648,0.75,0.8116
41,,0.625,0.93232,0.15,0.57432,0.975,0.30416,0.7,0.74392
42,,0.55,0.86464,0.1,0.542,0.95,0.27184,0.65,0.67624
43,,0.475,0.79696,0.05,0.50968,0.925,0.23952,0.6,0.60856
44,,0.4,0.72928,0.0,0.47736,0.9,0.2072,0.55,0.54088
45,,0.325,0.6616,-0.05,0.44504,0.875,0.17488,0.5,0.4732
46,3,0.3,0.64392,1.0,0.46272,0.9,0.19256,0.5,0.45552
47,,0.225,0.57624,0.95,0.4304,0.875,0.16024,0.45,0.38784
48,,0.15,0.50856,0.9,0.39808,0.85,0.12792,0.4,0.32016
49,,0.075,0.44088,0.85,0.36576,0.825,0.0956,0.35,0.25248
50,,-0.0,0.3732,0.8,0.33344,0.8,0.06328,0.3,0.1848
51,,-0.075,0.30552,0.75,0.30112,0.775,0.03096,0.25,0.11712
52,1,1.0,0.28784,0.75,0.3188,0.55,0.04864,0.25,0.09944
53,,0.925,0.22016,0.7,0.28648,0.525,0.01632,0.2,0.03176
54,,0.85,0.15248,0.65,0.25416,0.5,-0.016,0.15,-0.03592
55,8,0.825,0.1348,0.65,0.27184,0.525,0.00168,0.15,1.0
56,,0.75,0.06712,0.6,0.23952,0.5,-0.03064,0.1,0.93232
57,6,0.725,0.04944,0.6,0.2572,0.525,1.0,0.1,0.91464
58,,0.65,-0.01824,0.55,0.22488,0.5,0.96768,0.05,0.84696
59,2,0.625,1.0,0.55,0.24256,0.525,0.98536,0.05,0.82928
60,,0.55,0.93232,0.5,0.21024,0.5,0.95304,0.0,0.7616
61,,0.475,0.86464,0.45,0.17792,0.475,0.92072,-0.05,0.69392
62,7,0.45,0.84696,0.45,0.1956,0.5,0.9384,1.0,0.67624
63,,0.375,0.77928,0.4,0.16328,0.475,0.90608,0.95,0.60856
64,,0.3,0.7116,0.35,0.13096,0.45,0.87376,0.9,0.54088
65,,0.225,0.64392,0.3,0.09864,0.425,0.84144,0.85,0.4732
66,,0.15,0.57624,0.25,0.06632,0.4,0.80912,0.8,0.40552
67,,0.075,0.50856,0.2,0.034,0.375,0.7768,0.75,0.33784
68,,-0.0,0.44088,0.15,0.00168,0.35,0.74448,0.7,0.27016
69,,-0.075,0.3732,0.1,-0.03064,0.325,0.71216,0.65,0.20248
70,1,1.0,0.35552,0.1,-0.01296,0.1,0.72984,0.65,0.1848
71,4,0.975,0.33784,0.1,1.0,0.125,0.74752,0.65,0.16712
72,,0.9,0.27016,0.05,0.96768,0.1,0.7152,0.6,0.09944
73,,0.825,0.20248,0.0,0.93536,0.075,0.68288,0.55,0.03176
74,,0.75,0.1348,-0.05,0.90304,0.05,0.65056,0.5,-0.03592
75,3,0.725,0.11712,1.0,0.92072,0.075,0.66824,0.5,-0.0536
76,8,0.7,0.09944,1.0,0.9384,0.1,0.68592,0.5,1.0
77,,0.625,0.03176,0.95,0.90608,0.075,0.6536,0.45,0.93232
78,,0.55,-0.03592,0.9,0.87376,0.05,0.62128,0.4,0.86464
79,2,0.525,1.0,0.9,0.89144,0.075,0.63896,0.4,0.84696
80,,0.45,0.93232,0.85,0.85912,0.05,0.60664,0.35,0.77928
81,,0.375,0.86464,0.8,0.8268,0.025,0.57432,0.3,0.7116
82,,0.3,0.79696,0.75,0.79448,0.0,0.542,0.25,0.64392
83,,0.225,0.72928,0.7,0.76216,-0.025,0.50968,0.2,0.57624
84,5,-0.05,0.7116,0.7,0.77984,1.0,0.52736,0.2,0.55856
85,1,1.0,0.69392,0.7,0.79752,0.775,0.54504,0.2,0.54088
86,,0.925,0.62624,0.65,0.7652,0.75,0.51272,0.15,0.4732
87,,0.85,0.55856,0.6,0.73288,0.725,0.4804,0.1,0.40552
88,,0.775,0.49088,0.55,0.70056,0.7,0.44808,0.05,0.33784
89,,0.7,0.4232,0.5,0.66824,0.675,0.41576,0.0,0.27016
90,,0.625,0.35552,0.45,0.63592,0.65,0.38344,-0.05,0.20248
91,7,0.6,0.33784,0.45,0.6536,0.675,0.40112,1.0,0.1848
92,,0.525,0.27016,0.4,0.62128,0.65,0.3688,0.95,0.11712
93,,0.45,0.20248,0.35,0.58896,0.625,0.33648,0.9,0.04944
94,,0.375,0.1348,0.3,0.55664,0.6,0.30416,0.85,-0.01824
95,8,0.35,0.11712,0.3,0.57432,0.625,0.32184,0.85,1.0
96,,0.275,0.04944,0.25,0.542,0.6,0.28952,0.8,0.93232
97,,0.2,-0.01824,0.2,0.50968,0.575,0.2572,0.75,0.86464
98,2,0.175,1.0,0.2,0.52736,0.6,0.27488,0.75,0.84696
99,,0.1,0.93232,0.15,0.49504,0.575,0.24256,0.7,0.77928
100,,0.025,0.86464,0.1,0.46272,0.55,0.21024,0.65,0.7116
101,,-0.05,0.79696,0.05,0.4304,0.525,0.17792,0.6,0.64392
102,1,1.0,0.77928,0.05,0.44808,0.3,0.1956,0.6,0.62624
103,,0.925,0.7116,0.0,0.41576,0.275,0.16328,0.55,0.55856
104,,0.85,0.64392,-0.05,0.38344,0.25,0.13096,0.5,0.49088
105,3,0.825,0.62624,1.0,0.40112,0.275,0.14864,0.5,0.4732
106,,0.75,0.55856,0.95,0.3688,0.25,0.11632,0.45,0.40552
107,,0.675,0.49088,0.9,0.33648,0.225,0.084,0.4,0.33784
108,,0.6,0.4232,0.85,0.30416,0.2,0.05168,0.35,0.27016
109,,0.525,0.35552,0.8,0.27184,0.175,0.01936,0.3,0.20248
110,,0.45,0.28784,0.75,0.23952,0.15,-0.01296,0.25,0.1348
111,6,0.425,0.27016,0.75,0.2572,0.175,1.0,0.25,0.11712
112,,0.35,0.20248,0.7,0.22488,0.15,0.96768,0.2,0.04944
113,,0.275,0.1348,0.65,0.19256,0.125,0.93536,0.15,-0.01824
114,8,0.25,0.11712,0.65,0.21024,0.15,0.95304,0.15,1.0
115,,0.175,0.04944,0.6,0.17792,0.125,0.92072,0.1,0.93232
116,,0.1,-0.01824,0.55,0.1456,0.1,0.8884,0.05,0.86464
117,2,0.075,1.0,0.55,0.16328,0.125,0.90608,0.05,0.84696
118,,-0.0,0.93232,0.5,0.13096,0.1,0.87376,0.0,0.77928
119,,-0.075,0.86464,0.45,0.09864,0.075,0.84144,-0.05,0.7116
120,1,1.0,0.84696,0.45,0.11632,-0.15,0.85912,-0.05,0.69392
121,5,0.725,0.82928,0.45,0.134,1.0,0.8768,-0.05,0.67624
122,7,0.7,0.8116,0.45,0.15168,1.0,0.89448,1.0,0.65856
123,,0.625,0.74392,0.4,0.11936,0.975,0.86216,0.95,0.59088
124,,0.55,0.67624,0.35,0.08704,0.95,0.82984,0.9,0.5232
125,,0.475,0.60856,0.3,0.05472,0.925,0.79752,0.85,0.45552
126,,0.4,0.54088,0.25,0.0224,0.9,0.7652,0.8,0.38784
127,,0.325,0.4732,0.2,-0.00992,0.875,0.73288,0.75,0.32016
128,4,0.3,0.45552,0.2,1.0,0.9,0.75056,0.75,0.30248
129,,0.225,0.38784,0.15,0.96768,0.875,0.71824,0.7,0.2348
130,,0.15,0.32016,0.1,0.93536,0.85,0.68592,0.65,0.16712
131,,0.075,0.25248,0.05,0.90304,0.825,0.6536,0.6,0.09944
132,,-0.0,0.1848,0.0,0.87072,0.8,0.62128,0.55,0.03176
133,,-0.075,0.11712,-0.05,0.8384,0.775,0.58896,0.5,-0.03592
134,1,1.0,0.09944,-0.05,0.85608,0.55,0.60664,0.5,-0.0536
135,8,0.975,0.08176,-0.05,0.87376,0.575,0.62432,0.5,1.0
136,3,0.95,0.06408,1.0,0.89144,0.6,0.642,0.5,0.98232
137,,0.875,-0.0036,0.95,0.85912,0.575,0.60968,0.45,0.91464
138,2,0.85,1.0,0.95,0.8768,0.6,0.62736,0.45,0.89696
139,,0.775,0.93232,0.9,0.84448,0.575,0.59504,0.4,0.82928
140,,0.7,0.86464,0.85,0.81216,0.55,0.56272,0.35,0.7616
141,,0.625,0.79696,0.8,0.77984,0.525,0.5304,0.3,0.69392
142,,0.55,0.72928,0.75,0.74752,0.5,0.49808,0.25,0.62624
143,,0.475,0.6616,0.7,0.7152,0.475,0.46576,0.2,0.55856
144,,0.4,0.59392,0.65,0.68288,0.45,0.43344,0.15,0.49088
145,,0.325,0.52624,0.6,0.65056,0.425,0.40112,0.1,0.4232
146,,0.25,0.45856,0.55,0.61824,0.4,0.3688,0.05,0.35552
147,,0.175,0.39088,0.5,0.58592,0.375,0.33648,0.0,0.28784
148,,0.1,0.3232,0.45,0.5536,0.35,0.30416,-0.05,0.22016
149,7,0.075,0.30552,0.45,0.57128,0.375,0.32184,1.0,0.20248
150,,-0.0,0.23784,0.4,0.53896,0.35,0.28952,0.95,0.1348
151,,-0.075,0.17016,0.35,0.50664,0.325,0.2572,0.9,0.06712
152,1,1.0,0.15248,0.35,0.52432,0.1,0.27488,0.9,0.04944
153,,0.925,0.0848,0.3,0.492,0.075,0.24256,0.85,-0.01824
154,8,0.9,0.06712,0.3,0.50968,0.1,0.26024,0.85,1.0
155,,0.825,-0.00056,0.25,0.47736,0.075,0.22792,0.8,0.93232
156,2,0.8,1.0,0.25,0.49504,0.1,0.2456,0.8,0.91464
157,,0.725,0.93232,0.2,0.46272,0.075,0.21328,0.75,0.84696
158,,0.65,0.86464,0.15,0.4304,0.05,0.18096,0.7,0.77928
159,,0.575,0.79696,0.1,0.39808,0.025,0.14864,0.65,0.7116
160,,0.5,0.72928,0.05,0.36576,0.0,0.11632,0.6,0.64392
161,,0.425,0.6616,0.0,0.33344,-0.025,0.084,0.55,0.57624
162,5,0.15,0.64392,0.0,0.35112,1.0,0.10168,0.55,0.55856
163,,0.075,0.57624,-0.05,0.3188,0.975,0.06936,0.5,0.49088
164,3,0.05,0.55856,1.0,0.33648,1.0,0.08704,0.5,0.4732
165,,-0.025,0.49088,0.95,0.30416,0.975,0.05472,0.45,0.40552
166,1,1.0,0.4732,0.95,0.32184,0.75,0.0724,0.45,0.38784
167,,0.925,0.40552,0.9,0.28952,0.725,0.04008,0.4,0.32016
168,,0.85,0.33784,0.85,0.2572,0.7,0.00776,0.35,0.25248
169,,0.775,0.27016,0.8,0.22488,0.675,-0.02456,0.3,0.1848
170,6,0.75,0.25248,0.8,0.24256,0.7,1.0,0.3,0.16712
171,,0.675,0.1848,0.75,0.21024,0.675,0.96768,0.25,0.09944
172,,0.6,0.11712,0.7,0.17792,0.65,0.93536,0.2,0.03176
173,,0.525,0.04944,0.65,0.1456,0.625,0.90304,0.15,-0.03592
174,8,0.5,0.03176,0.65,0.16328,0.65,0.92072,0.15,1.0
175,,0.425,-0.03592,0.6,0.13096,0.625,0.8884,0.1,0.93232
176,2,0.4,1.0,0.6,0.14864,0.65,0.90608,0.1,0.91464
177,,0.325,0.93232,0.55,0.11632,0.625,0.87376,0.05,0.84696
178,,0.25,0.86464,0.5,0.084,0.6,0.84144,0.0,0.77928
179,,0.175,0.79696,0.45,0.05168,0.575,0.80912,-0.05,0.7116
180,7,0.15,0.77928,0.45,0.06936,0.6,0.8268,1.0,0.69392
181,,0.075,0.7116,0.4,0.03704,0.575,0.79448,0.95,0.62624
182,,-0.0,0.64392,0.35,0.00472,0.55,0.76216,0.9,0.55856
183,,-0.075,0.57624,0.3,-0.0276,0.525,0.72984,0.85,0.49088
184,1,1.0,0.55856,0.3,-0.00992,0.3,0.74752,0.85,0.4732
185,4,0.975,0.54088,0.3,1.0,0.325,0.7652,0.85,0.45552
186,,0.9,0.4732,0.25,0.96768,0.3,0.73288,0.8,0.38784
187,,0.825,0.40552,0.2,0.93536,0.275,0.70056,0.75,0.32016
188,,0.75,0.33784,0.15,0.90304,0.25,0.66824,0.7,0.25248
189,,0.675,0.27016,0.1,0.87072,0.225,0.63592,0.65,0.1848
190,,0.6,0.20248,0.05,0.8384,0.2,0.6036,0.6,0.11712
191,,0.525,0.1348,0.0,0.80608,0.175,0.57128,0.55,0.04944
192,,0.45,0.06712,-0.05,0.77376,0.15,0.53896,0.5,-0.01824
193,3,0.425,0.04944,1.0,0.79144,0.175,0.55664,0.5,-0.03592
194,8,0.4,0.03176,1.0,0.80912,0.2,0.57432,0.5,1.0
195,,0.325,-0.03592,0.95,0.7768,0.175,0.542,0.45,0.93232
196,2,0.3,1.0,0.95,0.79448,0.2,0.55968,0.45,0.91464
197,,0.225,0.93232,0.9,0.76216,0.175,0.52736,0.4,0.84696
198,,0.15,0.86464,0.85,0.72984,0.15,0.49504,0.35,0.77928
199,,0.075,0.79696,0.8,0.69752,0.125,0.46272,0.3,0.7116
200,,-0.0,0.72928,0.75,0.6652,0.1,0.4304,0.25,0.64392
201,,-0.075,0.6616,0.7,0.63288,0.075,0.39808,0.2,0.57624
202,1,1.0,0.64392,0.7,0.65056,-0.15,0.41576,0.2,0.55856
203,5,0.725,0.62624,0.7,0.66824,1.0,0.43344,0.2,0.54088
204,,0.65,0.55856,0.65,0.63592,0.975,0.40112,0.15,0.4732
205,,0.575,0.49088,0.6,0.6036,0.95,0.3688,0.1,0.40552
206,,0.5,0.4232,0.55,0.57128,0.925,0.33648,0.05,0.33784
207,,0.425,0.35552,0.5,0.53896,0.9,0.30416,0.0,0.27016
208,,0.35,0.28784,0.45,0.50664,0.875,0.27184,-0.05,0.20248
209,7,0.325,0.27016,0.45,0.52432,0.9,0.28952,1.0,0.1848
210,,0.25,0.20248,0.4,0.492,0.875,0.2572,0.95,0.11712
211,,0.175,0.1348,0.35,0.45968,0.85,0.22488,0.9,0.04944
212,,0.1,0.06712,0.3,0.42736,0.825,0.19256,0.85,-0.01824
213,8,0.075,0.04944,0.3,0.44504,0.85,0.21024,0.85,1.0
214,,-0.0,-0.01824,0.25,0.41272,0.825,0.17792,0.8,0.93232
215,2,-0.025,1.0,0.25,0.4304,0.85,0.1956,0.8,0.91464
216,1,1.0,0.98232,0.25,0.44808,0.625,0.21328,0.8,0.89696
217,,0.925,0.91464,0.2,0.41576,0.6,0.18096,0.75,0.82928
218,,0.85,0.84696,0.15,0.38344,0.575,0.14864,0.7,0.7616
219,,0.775,0.77928,0.1,0.35112,0.55,0.11632,0.65,0.69392
220,,0.7,0.7116,0.05,0.3188,0.525,0.084,0.6,0.62624
221,,0.625,0.64392,0.0,0.28648,0.5,0.05168,0.55,0.55856
222,,0.55,0.57624,-0.05,0.25416,0.475,0.01936,0.5,0.49088
223,3,0.525,0.55856,1.0,0.27184,0.5,0.03704,0.5,0.4732
224,,0.45,0.49088,0.95,0.23952,0.475,0.00472,0.45,0.40552
225,,0.375,0.4232,0.9,0.2072,0.45,-0.0276,0.4,0.33784
226,6,0.35,0.40552,0.9,0.22488,0.475,1.0,0.4,0.32016
227,,0.275,0.33784,0.85,0.19256,0.45,0.96768,0.35,0.25248
228,,0.2,0.27016,0.8,0.16024,0.425,0.93536,0.3,0.1848
229,,0.125,0.20248,0.75,0.12792,0.4,0.90304,0.25,0.11712
230,,0.05,0.1348,0.7,0.0956,0.375,0.87072,0.2,0.04944
231,,-0.025,0.06712,0.65,0.06328,0.35,0.8384,0.15,-0.01824
232,1,1.0,0.04944,0.65,0.08096,0.125,0.85608,0.15,-0.03592
233,8,0.975,0.03176,0.65,0.09864,0.15,0.87376,0.15,1.0
234,,0.9,-0.03592,0.6,0.06632,0.125,0.84144,0.1,0.93232
235,2,0.875,1.0,0.6,0.084,0.15,0.85912,0.1,0.91464
236,,0.8,0.93232,0.55,0.05168,0.125,0.8268,0.05,0.84696
237,,0.725,0.86464,0.5,0.01936,0.1,0.79448,0.0,0.77928
238,,0.65,0.79696,0.45,-0.01296,0.075,0.76216,-0.05,0.7116
239,7,0.625,0.77928,0.45,0.00472,0.1,0.77984,1.0,0.69392
240,,0.55,0.7116,0.4,-0.0276,0.075,0.74752,0.95,0.62624
241,4,0.525,0.69392,0.4,1.0,0.1,0.7652,0.95,0.60856
242,,0.45,0.62624,0.35,0.96768,0.075,0.73288,0.9,0.54088
243,,0.375,0.55856,0.3,0.93536,0.05,0.70056,0.85,0.4732
244,,0.3,0.49088,0.25,0.90304,0.025,0.66824,0.8,0.40552
245,,0.225,0.4232,0.2,0.87072,0.0,0.63592,0.75,0.33784
246,,0.15,0.35552,0.15,0.8384,-0.025,0.6036,0.7,0.27016
247,5,-0.125,0.33784,0.15,0.85608,1.0,0.62128,0.7,0.25248
248,1,1.0,0.32016,0.15,0.87376,0.775,0.63896,0.7,0.2348
249,,0.925,0.25248,0.1,0.84144,0.75,0.60664,0.65,0.16712
250,,0.85,0.1848,0.05,0.80912,0.725,0.57432,0.6,0.09944
251,,0.775,0.11712,0.0,0.7768,0.7,0.542,0.55,0.03176
252,,0.7,0.04944,-0.05,0.74448,0.675,0.50968,0.5,-0.03592
253,3,0.675,0.03176,1.0,0.76216,0.7,0.52736,0.5,-0.0536
254,8,0.65,0.01408,1.0,0.77984,0.725,0.54504,0.5,1.0
255,,0.575,-0.0536,0.95,0.74752,0.7,0.51272,0.45,0.93232
256,2,0.55,1.0,0.95,0.7652,0.725,0.5304,0.45,0.91464
257,,0.475,0.93232,0.9,0.73288,0.7,0.49808,0.4,0.84696
258,,0.4,0.86464,0.85,0.70056,0.675,0.46576,0.35,0.77928
259,,0.325,0.79696,0.8,0.66824,0.65,0.43344,0.3,0.7116
260,,0.25,0.72928,0.75,0.63592,0.625,0.40112,0.25,0.64392
261,,0.175,0.6616,0.7,0.6036,0.6,0.3688,0.2,0.57624
262,,0.1,0.59392,0.65,0.57128,0.575,0.33648,0.15,0.50856
263,,0.025,0.52624,0.6,0.53896,0.55,0.30416,0.1,0.44088
264,,-0.05,0.45856,0.55,0.50664,0.525,0.27184,0.05,0.3732
265,1,1.0,0.44088,0.55,0.52432,0.3,0.28952,0.05,0.35552
266,,0.925,0.3732,0.5,0.492,0.275,0.2572,0.0,0.28784
267,,0.85,0.30552,0.45,0.45968,0.25,0.22488,-0.05,0.22016
268,7,0.825,0.28784,0.45,0.47736,0.275,0.24256,1.0,0.20248
269,,0.75,0.22016,0.4,0.44504,0.25,0.21024,0.95,0.1348
270,,0.675,0.15248,0.35,0.41272,0.225,0.17792,0.9,0.06712
271,,0.6,0.0848,0.3,0.3804,0.2,0.1456,0.85,-0.00056
272,8,0.575,0.06712,0.3,0.39808,0.225,0.16328,0.85,1.0
273,,0.5,-0.00056,0.25,0.36576,0.2,0.13096,0.8,0.93232
274,2,0.475,1.0,0.25,0.38344,0.225,0.14864,0.8,0.91464
275,,0.4,0.93232,0.2,0.35112,0.2,0.11632,0.75,0.84696
276,,0.325,0.86464,0.15,0.3188,0.175,0.084,0.7,0.77928
277,,0.25,0.79696,0.1,0.28648,0.15,0.05168,0.65,0.7116
278,,0.175,0.72928,0.05,0.25416,0.125,0.01936,0.6,0.64392
279,,0.1,0.6616,0.0,0.22184,0.1,-0.01296,0.55,0.57624
280,6,0.075,0.64392,0.0,0.23952,0.125,1.0,0.55,0.55856
281,,-0.0,0.57624,-0.05,0.2072,0.1,0.96768,0.5,0.49088
282,3,-0.025,0.55856,1.0,0.22488,0.125,0.98536,0.5,0.4732
283,1,1.0,0.54088,1.0,0.24256,-0.1,1.0,0.5,0.45552
284,5,0.725,0.5232,1.0,0.26024,1.0,1.0,0.5,0.43784
285,,0.65,0.45552,0.95,0.22792,0.975,0.96768,0.45,0.37016
286,,0.575,0.38784,0.9,0.1956,0.95,0.93536,0.4,0.30248
287,,0.5,0.32016,0.85,0.16328,0.925,0.90304,0.35,0.2348
288,,0.425,0.25248,0.8,0.13096,0.9,0.87072,0.3,0.16712
289,,0.35,0.1848,0.75,0.09864,0.875,0.8384,0.25,0.09944
290,,0.275,0.11712,0.7,0.06632,0.85,0.80608,0.2,0.03176
291,,0.2,0.04944,0.65,0.034,0.825,0.77376,0.15,-0.03592
292,8,0.175,0.03176,0.65,0.05168,0.85,0.79144,0.15,1.0
293,,0.1,-0.03592,0.6,0.01936,0.825,0.75912,0.1,0.93232
294,2,0.075,1.0,0.6,0.03704,0.85,0.7768,0.1,0.91464
295,,-0.0,0.93232,0.55,0.00472,0.825,0.74448,0.05,0.84696
296,,-0.075,0.86464,0.5,-0.0276,0.8,0.71216,0.0,0.77928
297,1,1.0,0.84696,0.5,-0.00992,0.575,0.72984,0.0,0.7616
298,4,0.975,0.82928,0.5,1.0,0.6,0.74752,0.0,0.74392
299,,0.9,0.7616,0.45,0.96768,0.575,0.7152,-0.05,0.67624
300,7,0.875,0.74392,0.45,0.98536,0.6,0.73288,1.0,0.65856
301,,0.8,0.67624,0.4,0.95304,0.575,0.70056,0.95,0.59088
302,,0.725,0.60856,0.35,0.92072,0.55,0.66824,0.9,0.5232
303,,0.65,0.54088,0.3,0.8884,0.525,0.63592,0.85,0.45552
304,,0.575,0.4732,0.25,0.85608,0.5,0.6036,0.8,0.38784
305,,0.5,0.40552,0.2,0.82376,0.475,0.57128,0.75,0.32016
306,,0.425,0.33784,0.15,0.79144,0.45,0.53896,0.7,0.25248
307,,0.35,0.27016,0.1,0.75912,0.425,0.50664,0.65,0.1848
308,,0.275,0.20248,0.05,0.7268,0.4,0.47432,0.6,0.11712
309,,0.2,0.1348,0.0,0.69448,0.375,0.442,0.55,0.04944
310,,0.125,0.06712,-0.05,0.66216,0.35,0.40968,0.5,-0.01824
311,3,0.1,0.04944,1.0,0.67984,0.375,0.42736,0.5,-0.03592
312,8,0.075,0.03176,1.0,0.69752,0.4,0.44504,0.5,1.0
313,,-0.0,-0.03592,0.95,0.6652,0.375,0.41272,0.45,0.93232
314,2,-0.025,1.0,0.95,0.68288,0.4,0.4304,0.45,0.91464
315,1,1.0,0.98232,0.95,0.70056,0.175,0.44808,0.45,0.89696
316,,0.925,0.91464,0.9,0.66824,0.15,0.41576,0.4,0.82928
317,,0.85,0.84696,0.85,0.63592,0.125,0.38344,0.35,0.7616
318,,0.775,0.77928,0.8,0.6036,0.1,0.35112,0.3,0.69392
319,,0.7,0.7116,0.75,0.57128,0.075,0.3188,0.25,0.62624
320,,0.625,0.64392,0.7,0.53896,0.05,0.28648,0.2,0.55856
321,,0.55,0.57624,0.65,0.50664,0.025,0.25416,0.15,0.49088
322,,0.475,0.50856,0.6,0.47432,0.0,0.22184,0.1,0.4232
323,,0.4,0.44088,0.55,0.442,-0.025,0.18952,0.05,0.35552
324,5,0.125,0.4232,0.55,0.45968,1.0,0.2072,0.05,0.33784
325,,0.05,0.35552,0.5,0.42736,0.975,0.17488,0.0,0.27016
326,,-0.025,0.28784,0.45,0.39504,0.95,0.14256,-0.05,0.20248
327,7,-0.05,0.27016,0.45,0.41272,0.975,0.16024,1.0,0.1848
328,1,1.0,0.25248,0.45,0.4304,0.75,0.17792,1.0,0.16712
329,,0.925,0.1848,0.4,0.39808,0.725,0.1456,0.95,0.09944
330,,0.85,0.11712,0.35,0.36576,0.7,0.11328,0.9,0.03176
331,,0.775,0.04944,0.3,0.33344,0.675,0.08096,0.85,-0.03592
332,8,0.75,0.03176,0.3,0.35112,0.7,0.09864,0.85,1.0
333,,0.675,-0.03592,0.25,0.3188,0.675,0.06632,0.8,0.93232
334,2,0.65,1.0,0.25,0.33648,0.7,0.084,0.8,0.91464
335,,0.575,0.93232,0.2,0.30416,0.675,0.05168,0.75,0.84696
336,,0.5,0.86464,0.15,0.27184,0.65,0.01936,0.7,0.77928
337,,0.425,0.79696,0.1,0.23952,0.625,-0.01296,0.65,0.7116
338,6,0.4,0.77928,0.1,0.2572,0.65,1.0,0.65,0.69392
339,,0.325,0.7116,0.05,0.22488,0.625,0.96768,0.6,0.62624
340,,0.25,0.64392,0.0,0.19256,0.6,0.93536,0.55,0.55856
341,,0.175,0.57624,-0.05,0.16024,0.575,0.90304,0.5,0.49088
342,3,0.15,0.55856,1.0,0.17792,0.6,0.92072,0.5,0.4732
343,,0.075,0.49088,0.95,0.1456,0.575,0.8884,0.45,0.40552
344,,-0.0,0.4232,0.9,0.11328,0.55,0.85608,0.4,0.33784
345,,-0.075,0.35552,0.85,0.08096,0.525,0.82376,0.35,0.27016
346,1,1.0,0.33784,0.85,0.09864,0.3,0.84144,0.35,0.25248
347,,0.925,0.27016,0.8,0.06632,0.275,0.80912,0.3,0.1848
348,,0.85,0.20248,0.75,0.034,0.25,0.7768,0.25,0.11712
349,,0.775,0.1348,0.7,0.00168,0.225,0.74448,0.2,0.04944
350,,0.7,0.06712,0.65,-0.03064,0.2,0.71216,0.15,-0.01824
351,4,0.675,0.04944,0.65,1.0,0.225,0.72984,0.15,-0.03592
352,8,0.65,0.03176,0.65,1.0,0.25,0.74752,0.15,1.0
353,,0.575,-0.03592,0.6,0.96768,0.225,0.7152,0.1,0.93232
354,2,0.55,1.0,0.6,0.98536,0.25,0.73288,0.1,0.91464
355,,0.475,0.93232,0.55,0.95304,0.225,0.70056,0.05,0.84696
356,,0.4,0.86464,0.5,0.92072,0.2,0.66824,0.0,0.77928
357,,0.325,0.79696,0.45,0.8884,0.175,0.63592,-0.05,0.7116
358,7,0.3,0.77928,0.45,0.90608,0.2,0.6536,1.0,0.69392
359,,0.225,0.7116,0.4,0.87376,0.175,0.62128,0.95,0.62624
360,,0.15,0.64392,0.35,0.84144,0.15,0.58896,0.9,0.55856
361,,0.075,0.57624,0.3,0.80912,0.125,0.55664,0.85,0.49088
362,,-0.0,0.50856,0.25,0.7768,0.1,0.52432,0.8,0.4232
363,,-0.075,0.44088,0.2,0.74448,0.075,0.492,0.75,0.35552
364,1,1.0,0.4232,0.2,0.76216,-0.15,0.50968,0.75,0.33784
365,5,0.725,0.40552,0.2,0.77984,1.0,0.52736,0.75,0.32016
366,,0.65,0.33784,0.15,0.74752,0.975,0.49504,0.7,0.25248
367,,0.575,0.27016,0.1,0.7152,0.95,0.46272,0.65,0.1848
368,,0.5,0.20248,0.05,0.68288,0.925,0.4304,0.6,0.11712
369,,0.425,0.1348,0.0,0.65056,0.9,0.39808,0.55,0.04944
370,,0.35,0.06712,-0.05,0.61824,0.875,0.36576,0.5,-0.01824
371,3,0.325,0.04944,1.0,0.63592,0.9,0.38344,0.5,-0.03592
372,8,0.3,0.03176,1.0,0.6536,0.925,0.40112,0.5,1.0
373,,0.225,-0.03592,0.95,0.62128,0.9,0.3688,0.45,0.93232
374,2,0.2,1.0,0.95,0.63896,0.925,0.38648,0.45,0.91464
375,,0.125,0.93232,0.9,0.60664,0.9,0.35416,0.4,0.84696
376,,0.05,0.86464,0.85,0.57432,0.875,0.32184,0.35,0.77928
377,,-0.025,0.79696,0.8,0.542,0.85,0.28952,0.3,0.7116
378,1,1.0,0.77928,0.8,0.55968,0.625,0.3072,0.3,0.69392
379,,0.925,0.7116,0.75,0.52736,0.6,0.27488,0.25,0.62624
380,,0.85,0.64392,0.7,0.49504,0.575,0.24256,0.2,0.55856
381,,0.775,0.57624,0.65,0.46272,0.55,0.21024,0.15,0.49088
382,,0.7,0.50856,0.6,0.4304,0.525,0.17792,0.1,0.4232
383,,0.625,0.44088,0.55,0.39808,0.5,0.1456,0.05,0.35552
384,,0.55,0.3732,0.5,0.36576,0.475,0.11328,0.0,0.28784
385,,0.475,0.30552,0.45,0.33344,0.45,0.08096,-0.05,0.22016
386,7,0.45,0.28784,0.45,0.35112,0.475,0.09864,1.0,0.20248
387,,0.375,0.22016,0.4,0.3188,0.45,0.06632,0.95,0.1348
388,,0.3,0.15248,0.35,0.28648,0.425,0.034,0.9,0.06712
389,,0.225,0.0848,0.3,0.25416,0.4,0.00168,0.85,-0.00056
390,8,0.2,0.06712,0.3,0.27184,0.425,0.01936,0.85,1.0
391,,0.125,-0.00056,0.25,0.23952,0.4,-0.01296,0.8,0.93232
392,6,0.1,-0.01824,0.25,0.2572,0.425,1.0,0.8,0.91464
393,2,0.075,1.0,0.25,0.27488,0.45,1.0,0.8,0.89696
394,,-0.0,0.93232,0.2,0.24256,0.425,0.96768,0.75,0.82928
395,,-0.075,0.86464,0.15,0.21024,0.4,0.93536,0.7,0.7616
396,1,1.0,0.84696,0.15,0.22792,0.175,0.95304,0.7,0.74392
397,,0.925,0.77928,0.1,0.1956,0.15,0.92072,0.65,0.67624
398,,0.85,0.7116,0.05,0.16328,0.125,0.8884,0.6,0.60856
399,,0.775,0.64392,0.0,0.13096,0.1,0.85608,0.55,0.54088
400,,0.7,0.57624,-0.05,0.09864,0.075,0.82376,0.5,0.4732
401,3,0.675,0.55856,1.0,0.11632,0.1,0.84144,0.5,0.45552
402,,0.6,0.49088,0.95,0.084,0.075,0.80912,0.45,0.38784
403,,0.525,0.4232,0.9,0.05168,0.05,0.7768,0.4,0.32016
404,,0.45,0.35552,0.85,0.01936,0.025,0.74448,0.35,0.25248
405,,0.375,0.28784,0.8,-0.01296,0.0,0.71216,0.3,0.1848
406,4,0.35,0.27016,0.8,1.0,0.025,0.72984,0.3,0.16712
407,,0.275,0.20248,0.75,0.96768,0.0,0.69752,0.25,0.09944
408,,0.2,0.1348,0.7,0.93536,-0.025,0.6652,0.2,0.03176
409,5,-0.075,0.11712,0.7,0.95304,1.0,0.68288,0.2,0.01408
410,1,1.0,0.09944,0.7,0.97072,0.775,0.70056,0.2,-0.0036
411,8,0.975,0.08176,0.7,0.9884,0.8,0.71824,0.2,1.0
412,,0.9,0.01408,0.65,0.95608,0.775,0.68592,0.15,0.93232
413,,0.825,-0.0536,0.6,0.92376,0.75,0.6536,0.1,0.86464
414,2,0.8,1.0,0.6,0.94144,0.775,0.67128,0.1,0.84696
415,,0.725,0.93232,0.55,0.90912,0.75,0.63896,0.05,0.77928
416,,0.65,0.86464,0.5,0.8768,0.725,0.60664,0.0,0.7116
417,,0.575,0.79696,0.45,0.84448,0.7,0.57432,-0.05,0.64392
418,7,0.55,0.77928,0.45,0.86216,0.725,0.592,1.0,0.62624
419,,0.475,0.7116,0.4,0.82984,0.7,0.55968,0.95,0.55856
420,,0.4,0.64392,0.35,0.79752,0.675,0.52736,0.9,0.49088
421,,0.325,0.57624,0.3,0.7652,0.65,0.49504,0.85,0.4232
422,,0.25,0.50856,0.25,0.73288,0.625,0.46272,0.8,0.35552
423,,0.175,0.44088,0.2,0.70056,0.6,0.4304,0.75,0.28784
424,,0.1,0.3732,0.15,0.66824,0.575,0.39808,0.7,0.22016
425,,0.025,0.30552,0.1,0.63592,0.55,0.36576,0.65,0.15248
426,,-0.05,0.23784,0.05,0.6036,0.525,0.33344,0.6,0.0848
427,1,1.0,0.22016,0.05,0.62128,0.3,0.35112,0.6,0.06712
428,,0.925,0.15248,0.0,0.58896,0.275,0.3188,0.55,-0.00056
429,8,0.9,0.1348,0.0,0.60664,0.3,0.33648,0.55,1.0
430,,0.825,0.06712,-0.05,0.57432,0.275,0.30416,0.5,0.93232
431,3,0.8,0.04944,1.0,0.592,0.3,0.32184,0.5,0.91464
432,,0.725,-0.01824,0.95,0.55968,0.275,0.28952,0.45,0.84696
433,2,0.7,1.0,0.95,0.57736,0.3,0.3072,0.45,0.82928
434,,0.625,0.93232,0.9,0.54504,0.275,0.27488,0.4,0.7616
435,,0.55,0.86464,0.85,0.51272,0.25,0.24256,0.35,0.69392
436,,0.475,0.79696,0.8,0.4804,0.225,0.21024,0.3,0.62624
437,,0.4,0.72928,0.75,0.44808,0.2,0.17792,0.25,0.55856
438,,0.325,0.6616,0.7,0.41576,0.175,0.1456,0.2,0.49088
439,,0.25,0.59392,0.65,0.38344,0.15,0.11328,0.15,0.4232
440,,0.175,0.52624,0.6,0.35112,0.125,0.08096,0.1,0.35552
441,,0.1,0.45856,0.55,0.3188,0.1,0.04864,0.05,0.28784
442,,0.025,0.39088,0.5,0.28648,0.075,0.01632,0.0,0.22016
443,,-0.05,0.3232,0.45,0.25416,0.05,-0.016,-0.05,0.15248
444,7,-0.075,0.30552,0.45,0.27184,0.075,0.00168,1.0,0.1348
445,1,1.0,0.28784,0.45,0.28952,-0.15,0.01936,1.0,0.11712
446,5,0.725,0.27016,0.45,0.3072,1.0,0.03704,1.0,0.09944
447,,0.65,0.20248,0.4,0.27488,0.975,0.00472,0.95,0.03176
448,,0.575,0.1348,0.35,0.24256,0.95,-0.0276,0.9,-0.03592
449,8,0.55,0.11712,0.35,0.26024,0.975,-0.00992,0.9,1.0
450,6,0.525,0.09944,0.35,0.27792,1.0,1.0,0.9,0.98232
451,,0.45,0.03176,0.3,0.2456,0.975,0.96768,0.85,0.91464
452,,0.375,-0.03592,0.25,0.21328,0.95,0.93536,0.8,0.84696
453,2,0.35,1.0,0.25,0.23096,0.975,0.95304,0.8,0.82928
454,,0.275,0.93232,0.2,0.19864,0.95,0.92072,0.75,0.7616
455,,0.2,0.86464,0.15,0.16632,0.925,0.8884,0.7,0.69392
456,,0.125,0.79696,0.1,0.134,0.9,0.85608,0.65,0.62624
457,,0.05,0.72928,0.05,0.10168,0.875,0.82376,0.6,0.55856
458,,-0.025,0.6616,0.0,0.06936,0.85,0.79144,0.55,0.49088
459,1,1.0,0.64392,0.0,0.08704,0.625,0.80912,0.55,0.4732
460,,0.925,0.57624,-0.05,0.05472,0.6,0.7768,0.5,0.40552
461,3,0.9,0.55856,1.0,0.0724,0.625,0.79448,0.5,0.38784
462,,0.825,0.49088,0.95,0.04008,0.6,0.76216,0.45,0.32016
463,,0.75,0.4232,0.9,0.00776,0.575,0.72984,0.4,0.25248
464,,0.675,0.35552,0.85,-0.02456,0.55,0.69752,0.35,0.1848
465,4,0.65,0.33784,0.85,1.0,0.575,0.7152,0.35,0.16712
466,,0.575,0.27016,0.8,0.96768,0.55,0.68288,0.3,0.09944
467,,0.5,0.20248,0.75,0.93536,0.525,0.65056,0.25,0.03176
468,,0.425,0.1348,0.7,0.90304,0.5,0.61824,0.2,-0.03592
469,8,0.4,0.11712,0.7,0.92072,0.525,0.63592,0.2,1.0
470,,0.325,0.04944,0.65,0.8884,0.5,0.6036,0.15,0.93232
471,,0.25,-0.01824,0.6,0.85608,0.475,0.57128,0.1,0.86464
472,2,0.225,1.0,0.6,0.87376,0.5,0.58896,0.1,0.84696
473,,0.15,0.93232,0.55,0.84144,0.475,0.55664,0.05,0.77928
474,,0.075,0.86464,0.5,0.80912,0.45,0.52432,0.0,0.7116
475,,-0.0,0.79696,0.45,0.7768,0.425,0.492,-0.05,0.64392
476,7,-0.025,0.77928,0.45,0.79448,0.45,0.50968,1.0,0.62624
477,1,1.0,0.7616,0.45,0.81216,0.225,0.52736,1.0,0.60856
478,,0.925,0.69392,0.4,0.77984,0.2,0.49504,0.95,0.54088
479,,0.85,0.62624,0.35,0.74752,0.175,0.46272,0.9,0.4732
480,,0.775,0.55856,0.3,0.7152,0.15,0.4304,0.85,0.40552
481,,0.7,0.49088,0.25,0.68288,0.125,0.39808,0.8,0.33784
482,,0.625,0.4232,0.2,0.65056,0.1,0.36576,0.75,0.27016
483,,0.55,0.35552,0.15,0.61824,0.075,0.33344,0.7,0.20248
484,,0.475,0.28784,0.1,0.58592,0.05,0.30112,0.65,0.1348
485,,0.4,0.22016,0.05,0.5536,0.025,0.2688,0.6,0.06712
486,,0.325,0.15248,0.0,0.52128,0.0,0.23648,0.55,-0.00056
487,8,0.3,0.1348,0.0,0.53896,0.025,0.25416,0.55,1.0
488,,0.225,0.06712,-0.05,0.50664,0.0,0.22184,0.5,0.93232
489,3,0.2,0.04944,1.0,0.52432,0.025,0.23952,0.5,0.91464
490,,0.125,-0.01824,0.95,0.492,0.0,0.2072,0.45,0.84696
491,2,0.1,1.0,0.95,0.50968,0.025,0.22488,0.45,0.82928
492,,0.025,0.93232,0.9,0.47736,0.0,0.19256,0.4,0.7616
493,,-0.05,0.86464,0.85,0.44504,-0.025,0.16024,0.35,0.69392
494,1,1.0,0.84696,0.85,0.46272,-0.25,0.17792,0.35,0.67624
495,5,0.725,0.82928,0.85,0.4804,1.0,0.1956,0.35,0.65856
496,,0.65,0.7616,0.8,0.44808,0.975,0.16328,0.3,0.59088
497,,0.575,0.69392,0.75,0.41576,0.95,0.13096,0.25,0.5232
498,,0.5,0.62624,0.7,0.38344,0.925,0.09864,0.2,0.45552
499,,0.425,0.55856,0.65,0.35112,0.9,0.06632,0.15,0.38784
500,,0.35,0.49088,0.6,0.3188,0.875,0.034,0.1,0.32016
501,,0.275,0.4232,0.55,0.28648,0.85,0.00168,0.05,0.25248
502,,0.2,0.35552,0.5,0.25416,0.825,-0.03064,0.0,0.1848
503,6,0.175,0.33784,0.5,0.27184,0.85,1.0,0.0,0.16712
504,,0.1,0.27016,0.45,0.23952,0.825,0.96768,-0.05,0.09944
505,7,0.075,0.25248,0.45,0.2572,0.85,0.98536,1.0,0.08176
506,,-0.0,0.1848,0.4,0.22488,0.825,0.95304,0.95,0.01408
507,,-0.075,0.11712,0.35,0.19256,0.8,0.92072,0.9,-0.0536
508,1,1.0,0.09944,0.35,0.21024,0.575,0.9384,0.9,-0.07128
509,8,0.975,0.08176,0.35,0.22792,0.6,0.95608,0.9,1.0
510,,0.9,0.01408,0.3,0.1956,0.575,0.92376,0.85,0.93232
511,,0.825,-0.0536,0.25,0.16328,0.55,0.89144,0.8,0.86464
512,2,0.8,1.0,0.25,0.18096,0.575,0.90912,0.8,0.84696
513,,0.725,0.93232,0.2,0.14864,0.55,0.8768,0.75,0.77928
514,,0.65,0.86464,0.15,0.11632,0.525,0.84448,0.7,0.7116
515,,0.575,0.79696,0.1,0.084,0.5,0.81216,0.65,0.64392
516,,0.5,0.72928,0.05,0.05168,0.475,0.77984,0.6,0.57624
517,,0.425,0.6616,0.0,0.01936,0.45,0.74752,0.55,0.50856
518,,0.35,0.59392,-0.05,-0.01296,0.425,0.7152,0.5,0.44088
519,3,0.325,0.57624,1.0,0.00472,0.45,0.73288,0.5,0.4232
520,,0.25,0.50856,0.95,-0.0276,0.425,0.70056,0.45,0.35552
521,4,0.225,0.49088,0.95,1.0,0.45,0.71824,0.45,0.33784
522,,0.15,0.4232,0.9,0.96768,0.425,0.68592,0.4,0.27016
523,,0.075,0.35552,0.85,0.93536,0.4,0.6536,0.35,0.20248
524,,-0.0,0.28784,0.8,0.90304,0.375,0.62128,0.3,0.1348
525,,-0.075,0.22016,0.75,0.87072,0.35,0.58896,0.25,0.06712
526,1,1.0,0.20248,0.75,0.8884,0.125,0.60664,0.25,0.04944
527,,0.925,0.1348,0.7,0.85608,0.1,0.57432,0.2,-0.01824
528,8,0.9,0.11712,0.7,0.87376,0.125,0.592,0.2,1.0
529,,0.825,0.04944,0.65,0.84144,0.1,0.55968,0.15,0.93232
530,,0.75,-0.01824,0.6,0.80912,0.075,0.52736,0.1,0.86464
531,2,0.725,1.0,0.6,0.8268,0.1,0.54504,0.1,0.84696
532,,0.65,0.93232,0.55,0.79448,0.075,0.51272,0.05,0.77928
533,,0.575,0.86464,0.5,0.76216,0.05,0.4804,0.0,0.7116
534,,0.5,0.79696,0.45,0.72984,0.025,0.44808,-0.05,0.64392
535,7,0.475,0.77928,0.45,0.74752,0.05,0.46576,1.0,0.62624
536,,0.4,0.7116,0.4,0.7152,0.025,0.43344,0.95,0.55856
537,,0.325,0.64392,0.35,0.68288,0.0,0.40112,0.9,0.49088
538,,0.25,0.57624,0.3,0.65056,-0.025,0.3688,0.85,0.4232
539,5,-0.025,0.55856,0.3,0.66824,1.0,0.38648,0.85,0.40552
540,1,1.0,0.54088,0.3,0.68592,0.775,0.40416,0.85,0.38784
541,,0.925,0.4732,0.25,0.6536,0.75,0.37184,0.8,0.32016
542,,0.85,0.40552,0.2,0.62128,0.725,0.33952,0.75,0.25248
543,,0.775,0.33784,0.15,0.58896,0.7,0.3072,0.7,0.1848
544,,0.7,0.27016,0.1,0.55664,0.675,0.27488,0.65,0.11712
545,,0.625,0.20248,0.05,0.52432,0.65,0.24256,0.6,0.04944
546,,0.55,0.1348,0.0,0.492,0.625,0.21024,0.55,-0.01824
547,8,0.525,0.11712,0.0,0.50968,0.65,0.22792,0.55,1.0
548,,0.45,0.04944,-0.05,0.47736,0.625,0.1956,0.5,0.93232
549,3,0.425,0.03176,1.0,0.49504,0.65,0.21328,0.5,0.91464
550,,0.35,-0.03592,0.95,0.46272,0.625,0.18096,0.45,0.84696
551,2,0.325,1.0,0.95,0.4804,0.65,0.19864,0.45,0.82928
552,,0.25,0.93232,0.9,0.44808,0.625,0.16632,0.4,0.7616
553,,0.175,0.86464,0.85,0.41576,0.6,0.134,0.35,0.69392
554,,0.1,0.79696,0.8,0.38344,0.575,0.10168,0.3,0.62624
555,,0.025,0.72928,0.75,0.35112,0.55,0.06936,0.25,0.55856
556,,-0.05,0.6616,0.7,0.3188,0.525,0.03704,0.2,0.49088
557,1,1.0,0.64392,0.7,0.33648,0.3,0.05472,0.2,0.4732
558,,0.925,0.57624,0.65,0.30416,0.275,0.0224,0.15,0.40552
559,,0.85,0.50856,0.6,0.27184,0.25,-0.00992,0.1,0.33784
560,6,0.825,0.49088,0.6,0.28952,0.275,1.0,0.1,0.32016
561,,0.75,0.4232,0.55,0.2572,0.25,0.96768,0.05,0.25248
562,,0.675,0.35552,0.5,0.22488,0.225,0.93536,0.0,0.1848
563,,0.6,0.28784,0.45,0.19256,0.2,0.90304,-0.05,0.11712
564,7,0.575,0.27016,0.45,0.21024,0.225,0.92072,1.0,0.09944
565,,0.5,0.20248,0.4,0.17792,0.2,0.8884,0.95,0.03176
566,,0.425,0.1348,0.35,0.1456,0.175,0.85608,0.9,-0.03592
567,8,0.4,0.11712,0.35,0.16328,0.2,0.87376,0.9,1.0
568,,0.325,0.04944,0.3,0.13096,0.175,0.84144,0.85,0.93232
569,,0.25,-0.01824,0.25,0.09864,0.15,0.80912,0.8,0.86464
570,2,0.225,1.0,0.25,0.11632,0.175,0.8268,0.8,0.84696
571,,0.15,0.93232,0.2,0.084,0.15,0.79448,0.75,0.77928
572,,0.075,0.86464,0.15,0.05168,0.125,0.76216,0.7,0.7116
573,,-0.0,0.79696,0.1,0.01936,0.1,0.72984,0.65,0.64392
574,,-0.075,0.72928,0.05,-0.01296,0.075,0.69752,0.6,0.57624
575,1,1.0,0.7116,0.05,0.00472,-0.15,0.7152,0.6,0.55856
576,5,0.725,0.69392,0.05,0.0224,1.0,0.73288,0.6,0.54088
577,,0.65,0.62624,0.0,-0.00992,0.975,0.70056,0.55,0.4732
578,4,0.625,0.60856,0.0,1.0,1.0,0.71824,0.55,0.45552
579,,0.55,0.54088,-0.05,0.96768,0.975,0.68592,0.5,0.38784
580,3,0.525,0.5232,1.0,0.98536,1.0,0.7036,0.5,0.37016
581,,0.45,0.45552,0.95,0.95304,0.975,0.67128,0.45,0.30248
582,,0.375,0.38784,0.9,0.92072,0.95,0.63896,0.4,0.2348
583,,0.3,0.32016,0.85,0.8884,0.925,0.60664,0.35,0.16712
584,,0.225,0.25248,0.8,0.85608,0.9,0.57432,0.3,0.09944
585,,0.15,0.1848,0.75,0.82376,0.875,0.542,0.25,0.03176
586,,0.075,0.11712,0.7,0.79144,0.85,0.50968,0.2,-0.03592
587,8,0.05,0.09944,0.7,0.80912,0.875,0.52736,0.2,1.0
588,,-0.025,0.03176,0.65,0.7768,0.85,0.49504,0.15,0.93232
589,1,1.0,0.01408,0.65,0.79448,0.625,0.51272,0.15,0.91464
590,,0.925,-0.0536,0.6,0.76216,0.6,0.4804,0.1,0.84696
591,2,0.9,1.0,0.6,0.77984,0.625,0.49808,0.1,0.82928
592,,0.825,0.93232,0.55,0.74752,0.6,0.46576,0.05,0.7616
593,,0.75,0.86464,0.5,0.7152,0.575,0.43344,0.0,0.69392
594,,0.675,0.79696,0.45,0.68288,0.55,0.40112,-0.05,0.62624
595,7,0.65,0.77928,0.45,0.70056,0.575,0.4188,1.0,0.60856
596,,0.575,0.7116,0.4,0.66824,0.55,0.38648,0.95,0.54088
597,,0.5,0.64392,0.35,0.63592,0.525,0.35416,0.9,0.4732
598,,0.425,0.57624,0.3,0.6036,0.5,0.32184,0.85,0.40552
599,,0.35,0.50856,0.25,0.57128,0.475,0.28952,0.8,0.33784
600,,0.275,0.44088,0.2,0.53896,0.45,0.2572,0.75,0.27016
601,,0.2,0.3732,0.15,0.50664,0.425,0.22488,0.7,0.20248
602,,0.125,0.30552,0.1,0.47432,0.4,0.19256,0.65,0.1348
603,,0.05,0.23784,0.05,0.442,0.375,0.16024,0.6,0.06712
604,,-0.025,0.17016,0.0,0.40968,0.35,0.12792,0.55,-0.00056
605,1,1.0,0.15248,0.0,0.42736,0.125,0.1456,0.55,-0.01824
606,8,0.975,0.1348,0.0,0.44504,0.15,0.16328,0.55,1.0
607,,0.9,0.06712,-0.05,0.41272,0.125,0.13096,0.5,0.93232
608,3,0.875,0.04944,1.0,0.4304,0.15,0.14864,0.5,0.91464
609,,0.8,-0.01824,0.95,0.39808,0.125,0.11632,0.45,0.84696
610,2,0.775,1.0,0.95,0.41576,0.15,0.134,0.45,0.82928
611,,0.7,0.93232,0.9,0.38344,0.125,0.10168,0.4,0.7616
612,,0.625,0.86464,0.85,0.35112,0.1,0.06936,0.35,0.69392
613,,0.55,0.79696,0.8,0.3188,0.075,0.03704,0.3,0.62624
614,,0.475,0.72928,0.75,0.28648,0.05,0.00472,0.25,0.55856
615,,0.4,0.6616,0.7,0.25416,0.025,-0.0276,0.2,0.49088
616,6,0.375,0.64392,0.7,0.27184,0.05,1.0,0.2,0.4732
617,,0.3,0.57624,0.65,0.23952,0.025,0.96768,0.15,0.40552
618,,0.225,0.50856,0.6,0.2072,0.0,0.93536,0.1,0.33784
619,,0.15,0.44088,0.55,0.17488,-0.025,0.90304,0.05,0.27016
620,5,-0.125,0.4232,0.55,0.19256,1.0,0.92072,0.05,0.25248
621,1,1.0,0.40552,0.55,0.21024,0.775,0.9384,0.05,0.2348
622,,0.925,0.33784,0.5,0.17792,0.75,0.90608,0.0,0.16712
623,,0.85,0.27016,0.45,0.1456,0.725,0.87376,-0.05,0.09944
624,7,0.825,0.25248,0.45,0.16328,0.75,0.89144,1.0,0.08176
625,,0.75,0.1848,0.4,0.13096,0.725,0.85912,0.95,0.01408
626,,0.675,0.11712,0.35,0.09864,0.7,0.8268,0.9,-0.0536
627,8,0.65,0.09944,0.35,0.11632,0.725,0.84448,0.9,1.0
628,,0.575,0.03176,0.3,0.084,0.7,0.81216,0.85,0.93232
629,,0.5,-0.03592,0.25,0.05168,0.675,0.77984,0.8,0.86464
630,2,0.475,1.0,0.25,0.06936,0.7,0.79752,0.8,0.84696
631,,0.4,0.93232,0.2,0.03704,0.675,0.7652,0.75,0.77928
632,,0.325,0.86464,0.15,0.00472,0.65,0.73288,0.7,0.7116
633,,0.25,0.79696,0.1,-0.0276,0.625,0.70056,0.65,0.64392
634,4,0.225,0.77928,0.1,1.0,0.65,0.71824,0.65,0.62624
635,,0.15,0.7116,0.05,0.96768,0.625,0.68592,0.6,0.55856
636,,0.075,0.64392,0.0,0.93536,0.6,0.6536,0.55,0.49088
637,,-0.0,0.57624,-0.05,0.90304,0.575,0.62128,0.5,0.4232
638,3,-0.025,0.55856,1.0,0.92072,0.6,0.63896,0.5,0.40552
639,1,1.0,0.54088,1.0,0.9384,0.375,0.65664,0.5,0.38784
640,,0.925,0.4732,0.95,0.90608,0.35,0.62432,0.45,0.32016
641,,0.85,0.40552,0.9,0.87376,0.325,0.592,0.4,0.25248
642,,0.775,0.33784,0.85,0.84144,0.3,0.55968,0.35,0.1848
643,,0.7,0.27016,0.8,0.80912,0.275,0.52736,0.3,0.11712
644,,0.625,0.20248,0.75,0.7768,0.25,0.49504,0.25,0.04944
645,,0.55,0.1348,0.7,0.74448,0.225,0.46272,0.2,-0.01824
646,8,0.525,0.11712,0.7,0.76216,0.25,0.4804,0.2,1.0
647,,0.45,0.04944,0.65,0.72984,0.225,0.44808,0.15,0.93232
648,,0.375,-0.01824,0.6,0.69752,0.2,0.41576,0.1,0.86464
649,2,0.35,1.0,0.6,0.7152,0.225,0.43344,0.1,0.84696
650,,0.275,0.93232,0.55,0.68288,0.2,0.40112,0.05,0.77928
651,,0.2,0.86464,0.5,0.65056,0.175,0.3688,0.0,0.7116
652,,0.125,0.79696,0.45,0.61824,0.15,0.33648,-0.05,0.64392
653,7,0.1,0.77928,0.45,0.63592,0.175,0.35416,1.0,0.62624
654,,0.025,0.7116,0.4,0.6036,0.15,0.32184,0.95,0.55856
655,,-0.05,0.64392,0.35,0.57128,0.125,0.28952,0.9,0.49088
656,1,1.0,0.62624,0.35,0.58896,-0.1,0.3072,0.9,0.4732
657,5,0.725,0.60856,0.35,0.60664,1.0,0.32488,0.9,0.45552
658,,0.65,0.54088,0.3,0.57432,0.975,0.29256,0.85,0.38784
659,,0.575,0.4732,0.25,0.542,0.95,0.26024,0.8,0.32016
660,,0.5,0.40552,0.2,0.50968,0.925,0.22792,0.75,0.25248
661,,0.425,0.33784,0.15,0.47736,0.9,0.1956,0.7,0.1848
662,,0.35,0.27016,0.1,0.44504,0.875,0.16328,0.65,0.11712
663,,0.275,0.20248,0.05,0.41272,0.85,0.13096,0.6,0.04944
664,,0.2,0.1348,0.0,0.3804,0.825,0.09864,0.55,-0.01824
665,8,0.175,0.11712,0.0,0.39808,0.85,0.11632,0.55,1.0
666,,0.1,0.04944,-0.05,0.36576,0.825,0.084,0.5,0.93232
667,3,0.075,0.03176,1.0,0.38344,0.85,0.10168,0.5,0.91464
668,,-0.0,-0.03592,0.95,0.35112,0.825,0.06936,0.45,0.84696
669,2,-0.025,1.0,0.95,0.3688,0.85,0.08704,0.45,0.82928
670,1,1.0,0.98232,0.95,0.38648,0.625,0.10472,0.45,0.8116
671,,0.925,0.91464,0.9,0.35416,0.6,0.0724,0.4,0.74392
672,,0.85,0.84696,0.85,0.32184,0.575,0.04008,0.35,0.67624
673,,0.775,0.77928,0.8,0.28952,0.55,0.00776,0.3,0.60856
674,,0.7,0.7116,0.75,0.2572,0.525,-0.02456,0.25,0.54088
675,6,0.675,0.69392,0.75,0.27488,0.55,1.0,0.25,0.5232
676,,0.6,0.62624,0.7,0.24256,0.525,0.96768,0.2,0.45552
677,,0.525,0.55856,0.65,0.21024,0.5,0.93536,0.15,0.38784
678,,0.45,0.49088,0.6,0.17792,0.475,0.90304,0.1,0.32016
679,,0.375,0.4232,0.55,0.1456,0.45,0.87072,0.05,0.25248
680,,0.3,0.35552,0.5,0.11328,0.425,0.8384,0.0,0.1848
681,,0.225,0.28784,0.45,0.08096,0.4,0.80608,-0.05,0.11712
682,7,0.2,0.27016,0.45,0.09864,0.425,0.82376,1.0,0.09944
683,,0.125,0.20248,0.4,0.06632,0.4,0.79144,0.95,0.03176
684,,0.05,0.1348,0.35,0.034,0.375,0.75912,0.9,-0.03592
685,8,0.025,0.11712,0.35,0.05168,0.4,0.7768,0.9,1.0
686,,-0.05,0.04944,0.3,0.01936,0.375,0.74448,0.85,0.93232
687,1,1.0,0.03176,0.3,0.03704,0.15,0.76216,0.85,0.91464
688,,0.925,-0.03592,0.25,0.00472,0.125,0.72984,0.8,0.84696
689,2,0.9,1.0,0.25,0.0224,0.15,0.74752,0.8,0.82928
690,,0.825,0.93232,0.2,-0.00992,0.125,0.7152,0.75,0.7616
691,4,0.8,0.91464,0.2,1.0,0.15,0.73288,0.75,0.74392
692,,0.725,0.84696,0.15,0.96768,0.125,0.70056,0.7,0.67624
693,,0.65,0.77928,0.1,0.93536,0.1,0.66824,0.65,0.60856
694,,0.575,0.7116,0.05,0.90304,0.075,0.63592,0.6,0.54088
695,,0.5,0.64392,0.0,0.87072,0.05,0.6036,0.55,0.4732
696,,0.425,0.57624,-0.05,0.8384,0.025,0.57128,0.5,0.40552
697,3,0.4,0.55856,1.0,0.85608,0.05,0.58896,0.5,0.38784
698,,0.325,0.49088,0.95,0.82376,0.025,0.55664,0.45,0.32016
699,,0.25,0.4232,0.9,0.79144,0.0,0.52432,0.4,0.25248
700,,0.175,0.35552,0.85,0.75912,-0.025,0.492,0.35,0.1848
701,5,-0.1,0.33784,0.85,0.7768,1.0,0.50968,0.35,0.16712
702,1,1.0,0.32016,0.85,0.79448,0.775,0.52736,0.35,0.14944
703,,0.925,0.25248,0.8,0.76216,0.75,0.49504,0.3,0.08176
704,,0.85,0.1848,0.75,0.72984,0.725,0.46272,0.25,0.01408
705,,0.775,0.11712,0.7,0.69752,0.7,0.4304,0.2,-0.0536
706,8,0.75,0.09944,0.7,0.7152,0.725,0.44808,0.2,1.0
707,,0.675,0.03176,0.65,0.68288,0.7,0.41576,0.15,0.93232
708,,0.6,-0.03592,0.6,0.65056,0.675,0.38344,0.1,0.86464
709,2,0.575,1.0,0.6,0.66824,0.7,0.40112,0.1,0.84696
710,,0.5,0.93232,0.55,0.63592,0.675,0.3688,0.05,0.77928
711,,0.425,0.86464,0.5,0.6036,0.65,0.33648,0.0,0.7116
712,,0.35,0.79696,0.45,0.57128,0.625,0.30416,-0.05,0.64392
713,7,0.325,0.77928,0.45,0.58896,0.65,0.32184,1.0,0.62624
714,,0.25,0.7116,0.4,0.55664,0.625,0.28952,0.95,0.55856
715,,0.175,0.64392,0.35,0.52432,0.6,0.2572,0.9,0.49088
716,,0.1,0.57624,0.3,0.492,0.575,0.22488,0.85,0.4232
717,,0.025,0.50856,0.25,0.45968,0.55,0.19256,0.8,0.35552
718,,-0.05,0.44088,0.2,0.42736,0.525,0.16024,0.75,0.28784
719,1,1.0,0.4232,0.2,0.44504,0.3,0.17792,0.75,0.27016
720,,0.925,0.35552,0.15,0.41272,0.275,0.1456,0.7,0.20248
721,,0.85,0.28784,0.1,0.3804,0.25,0.11328,0.65,0.1348
722,,0.775,0.22016,0.05,0.34808,0.225,0.08096,0.6,0.06712
723,,0.7,0.15248,0.0,0.31576,0.2,0.04864,0.55,-0.00056
724,8,0.675,0.1348,0.0,0.33344,0.225,0.06632,0.55,1.0
725,,0.6,0.06712,-0.05,0.30112,0.2,0.034,0.5,0.93232
726,3,0.575,0.04944,1.0,0.3188,0.225,0.05168,0.5,0.91464
727,,0.5,-0.01824,0.95,0.28648,0.2,0.01936,0.45,0.84696
728,2,0.475,1.0,0.95,0.30416,0.225,0.03704,0.45,0.82928
729,,0.4,0.93232,0.9,0.27184,0.2,0.00472,0.4,0.7616
730,,0.325,0.86464,0.85,0.23952,0.175,-0.0276,0.35,0.69392
731,6,0.3,0.84696,0.85,0.2572,0.2,1.0,0.35,0.67624
732,,0.225,0.77928,0.8,0.22488,0.175,0.96768,0.3,0.60856
733,,0.15,0.7116,0.75,0.19256,0.15,0.93536,0.25,0.54088
734,,0.075,0.64392,0.7,0.16024,0.125,0.90304,0.2,0.4732
735,,-0.0,0.57624,0.65,0.12792,0.1,0.87072,0.15,0.40552
736,,-0.075,0.50856,0.6,0.0956,0.075,0.8384,0.1,0.33784
737,1,1.0,0.49088,0.6,0.11328,-0.15,0.85608,0.1,0.32016
738,5,0.725,0.4732,0.6,0.13096,1.0,0.87376,0.1,0.30248
739,,0.65,0.40552,0.55,0.09864,0.975,0.84144,0.05,0.2348
740,,0.575,0.33784,0.5,0.06632,0.95,0.80912,0.0,0.16712
741,,0.5,0.27016,0.45,0.034,0.925,0.7768,-0.05,0.09944
742,7,0.475,0.25248,0.45,0.05168,0.95,0.79448,1.0,0.08176
743,,0.4,0.1848,0.4,0.01936,0.925,0.76216,0.95,0.01408
744,,0.325,0.11712,0.35,-0.01296,0.9,0.72984,0.9,-0.0536
745,8,0.3,0.09944,0.35,0.00472,0.925,0.74752,0.9,1.0
746,,0.225,0.03176,0.3,-0.0276,0.9,0.7152,0.85,0.93232
747,4,0.2,0.01408,0.3,1.0,0.925,0.73288,0.85,0.91464
748,,0.125,-0.0536,0.25,0.96768,0.9,0.70056,0.8,0.84696
749,2,0.1,1.0,0.25,0.98536,0.925,0.71824,0.8,0.82928
750,,0.025,0.93232,0.2,0.95304,0.9,0.68592,0.75,0.7616
751,,-0.05,0.86464,0.15,0.92072,0.875,0.6536,0.7,0.69392
752,1,1.0,0.84696,0.15,0.9384,0.65,0.67128,0.7,0.67624
753,,0.925,0.77928,0.1,0.90608,0.625,0.63896,0.65,0.60856
754,,0.85,0.7116,0.05,0.87376,0.6,0.60664,0.6,0.54088
755,,0.775,0.64392,0.0,0.84144,0.575,0.57432,0.55,0.4732
756,,0.7,0.57624,-0.05,0.80912,0.55,0.542,0.5,0.40552
757,3,0.675,0.55856,1.0,0.8268,0.575,0.55968,0.5,0.38784
758,,0.6,0.49088,0.95,0.79448,0.55,0.52736,0.45,0.32016
759,,0.525,0.4232,0.9,0.76216,0.525,0.49504,0.4,0.25248
760,,0.45,0.35552,0.85,0.72984,0.5,0.46272,0.35,0.1848
761,,0.375,0.28784,0.8,0.69752,0.475,0.4304,0.3,0.11712
762,,0.3,0.22016,0.75,0.6652,0.45,0.39808,0.25,0.04944
763,,0.225,0.15248,0.7,0.63288,0.425,0.36576,0.2,-0.01824
764,8,0.2,0.1348,0.7,0.65056,0.45,0.38344,0.2,1.0
765,,0.125,0.06712,0.65,0.61824,0.425,0.35112,0.15,0.93232
766,,0.05,-0.00056,0.6,0.58592,0.4,0.3188,0.1,0.86464
767,2,0.025,1.0,0.6,0.6036,0.425,0.33648,0.1,0.84696
768,,-0.05,0.93232,0.55,0.57128,0.4,0.30416,0.05,0.77928
769,1,1.0,0.91464,0.55,0.58896,0.175,0.32184,0.05,0.7616
770,,0.925,0.84696,0.5,0.55664,0.15,0.28952,0.0,0.69392
771,,0.85,0.77928,0.45,0.52432,0.125,0.2572,-0.05,0.62624
772,7,0.825,0.7616,0.45,0.542,0.15,0.27488,1.0,0.60856
773,,0.75,0.69392,0.4,0.50968,0.125,0.24256,0.95,0.54088
774,,0.675,0.62624,0.35,0.47736,0.1,0.21024,0.9,0.4732
775,,0.6,0.55856,0.3,0.44504,0.075,0.17792,0.85,0.40552
776,,0.525,0.49088,0.25,0.41272,0.05,0.1456,0.8,0.33784
777,,0.45,0.4232,0.2,0.3804,0.025,0.11328,0.75,0.27016
778,,0.375,0.35552,0.15,0.34808,0.0,0.08096,0.7,0.20248
779,,0.3,0.28784,0.1,0.31576,-0.025,0.04864,0.65,0.1348
780,5,0.025,0.27016,0.1,0.33344,1.0,0.06632,0.65,0.11712
781,,-0.05,0.20248,0.05,0.30112,0.975,0.034,0.6,0.04944
782,1,1.0,0.1848,0.05,0.3188,0.75,0.05168,0.6,0.03176
783,,0.925,0.11712,0.0,0.28648,0.725,0.01936,0.55,-0.03592
784,8,0.9,0.09944,0.0,0.30416,0.75,0.03704,0.55,1.0
785,,0.825,0.03176,-0.05,0.27184,0.725,0.00472,0.5,0.93232
786,3,0.8,0.01408,1.0,0.28952,0.75,0.0224,0.5,0.91464
787,,0.725,-0.0536,0.95,0.2572,0.725,-0.00992,0.45,0.84696
788,2,0.7,1.0,0.95,0.27488,0.75,0.00776,0.45,0.82928
789,,0.625,0.93232,0.9,0.24256,0.725,-0.02456,0.4,0.7616
790,6,0.6,0.91464,0.9,0.26024,0.75,1.0,0.4,0.74392
791,,0.525,0.84696,0.85,0.22792,0.725,0.96768,0.35,0.67624
792,,0.45,0.77928,0.8,0.1956,0.7,0.93536,0.3,0.60856
793,,0.375,0.7116,0.75,0.16328,0.675,0.90304,0.25,0.54088
794,,0.3,0.64392,0.7,0.13096,0.65,0.87072,0.2,0.4732
795,,0.225,0.57624,0.65,0.09864,0.625,0.8384,0.15,0.40552
796,,0.15,0.50856,0.6,0.06632,0.6,0.80608,0.1,0.33784
797,,0.075,0.44088,0.55,0.034,0.575,0.77376,0.05,0.27016
798,,-0.0,0.3732,0.5,0.00168,0.55,0.74144,0.0,0.20248
799,,-0.075,0.30552,0.45,-0.03064,0.525,0.70912,-0.05,0.1348
800,1,1.0,0.28784,0.45,-0.01296,0.3,0.7268,-0.05,0.11712
801,7,0.975,0.27016,0.45,0.00472,0.325,0.74448,1.0,0.09944
802,,0.9,0.20248,0.4,-0.0276,0.3,0.71216,0.95,0.03176
803,4,0.875,0.1848,0.4,1.0,0.325,0.72984,0.95,0.01408
804,,0.8,0.11712,0.35,0.96768,0.3,0.69752,0.9,-0.0536
805,8,0.775,0.09944,0.35,0.98536,0.325,0.7152,0.9,1.0
806,,0.7,0.03176,0.3,0.95304,0.3,0.68288,0.85,0.93232
807,,0.625,-0.03592,0.25,0.92072,0.275,0.65056,0.8,0.86464
808,2,0.6,1.0,0.25,0.9384,0.3,0.66824,0.8,0.84696
809,,0.525,0.93232,0.2,0.90608,0.275,0.63592,0.75,0.77928
810,,0.45,0.86464,0.15,0.87376,0.25,0.6036,0.7,0.7116
811,,0.375,0.79696,0.1,0.84144,0.225,0.57128,0.65,0.64392
812,,0.3,0.72928,0.05,0.80912,0.2,0.53896,0.6,0.57624
813,,0.225,0.6616,0.0,0.7768,0.175,0.50664,0.55,0.50856
814,,0.15,0.59392,-0.05,0.74448,0.15,0.47432,0.5,0.44088
815,3,0.125,0.57624,1.0,0.76216,0.175,0.492,0.5,0.4232
816,,0.05,0.50856,0.95,0.72984,0.15,0.45968,0.45,0.35552
817,,-0.025,0.44088,0.9,0.69752,0.125,0.42736,0.4,0.28784
818,1,1.0,0.4232,0.9,0.7152,-0.1,0.44504,0.4,0.27016
819,5,0.725,0.40552,0.9,0.73288,1.0,0.46272,0.4,0.25248
820,,0.65,0.33784,0.85,0.70056,0.975,0.4304,0.35,0.1848
821,,0.575,0.27016,0.8,0.66824,0.95,0.39808,0.3,0.11712
822,,0.5,0.20248,0.75,0.63592,0.925,0.36576,0.25,0.04944
823,,0.425,0.1348,0.7,0.6036,0.9,0.33344,0.2,-0.01824
824,8,0.4,0.11712,0.7,0.62128,0.925,0.35112,0.2,1.0
825,,0.325,0.04944,0.65,0.58896,0.9,0.3188,0.15,0.93232
826,,0.25,-0.01824,0.6,0.55664,0.875,0.28648,0.1,0.86464
827,2,0.225,1.0,0.6,0.57432,0.9,0.30416,0.1,0.84696
828,,0.15,0.93232,0.55,0.542,0.875,0.27184,0.05,0.77928
829,,0.075,0.86464,0.5,0.50968,0.85,0.23952,0.0,0.7116
830,,-0.0,0.79696,0.45,0.47736,0.825,0.2072,-0.05,0.64392
831,7,-0.025,0.77928,0.45,0.49504,0.85,0.22488,1.0,0.62624
832,1,1.0,0.7616,0.45,0.51272,0.625,0.24256,1.0,0.60856
833,,0.925,0.69392,0.4,0.4804,0.6,0.21024,0.95,0.54088
834,,0.85,0.62624,0.35,0.44808,0.575,0.17792,0.9,0.4732
835,,0.775,0.55856,0.3,0.41576,0.55,0.1456,0.85,0.40552
836,,0.7,0.49088,0.25,0.38344,0.525,0.11328,0.8,0.33784
837,,0.625,0.4232,0.2,0.35112,0.5,0.08096,0.75,0.27016
838,,0.55,0.35552,0.15,0.3188,0.475,0.04864,0.7,0.20248
839,,0.475,0.28784,0.1,0.28648,0.45,0.01632,0.65,0.1348
840,,0.4,0.22016,0.05,0.25416,0.425,-0.016,0.6,0.06712
841,6,0.375,0.20248,0.05,0.27184,0.45,1.0,0.6,0.04944
842,,0.3,0.1348,0.0,0.23952,0.425,0.96768,0.55,-0.01824
843,8,0.275,0.11712,0.0,0.2572,0.45,0.98536,0.55,1.0
844,,0.2,0.04944,-0.05,0.22488,0.425,0.95304,0.5,0.93232
845,3,0.175,0.03176,1.0,0.24256,0.45,0.97072,0.5,0.91464
846,,0.1,-0.03592,0.95,0.21024,0.425,0.9384,0.45,0.84696
847,2,0.075,1.0,0.95,0.22792,0.45,0.95608,0.45,0.82928
848,,-0.0,0.93232,0.9,0.1956,0.425,0.92376,0.4,0.7616
849,,-0.075,0.86464,0.85,0.16328,0.4,0.89144,0.35,0.69392
850,1,1.0,0.84696,0.85,0.18096,0.175,0.90912,0.35,0.67624
851,,0.925,0.77928,0.8,0.14864,0.15,0.8768,0.3,0.60856
852,,0.85,0.7116,0.75,0.11632,0.125,0.84448,0.25,0.54088
853,,0.775,0.64392,0.7,0.084,0.1,0.81216,0.2,0.4732
854,,0.7,0.57624,0.65,0.05168,0.075,0.77984,0.15,0.40552
855,,0.625,0.50856,0.6,0.01936,0.05,0.74752,0.1,0.33784
856,,0.55,0.44088,0.55,-0.01296,0.025,0.7152,0.05,0.27016
857,4,0.525,0.4232,0.55,1.0,0.05,0.73288,0.05,0.25248
858,,0.45,0.35552,0.5,0.96768,0.025,0.70056,0.0,0.1848
859,,0.375,0.28784,0.45,0.93536,0.0,0.66824,-0.05,0.11712
860,7,0.35,0.27016,0.45,0.95304,0.025,0.68592,1.0,0.09944
861,,0.275,0.20248,0.4,0.92072,0.0,0.6536,0.95,0.03176
862,,0.2,0.1348,0.35,0.8884,-0.025,0.62128,0.9,-0.03592
863,8,0.175,0.11712,0.35,0.90608,0.0,0.63896,0.9,1.0
864,,0.1,0.04944,0.3,0.87376,-0.025,0.60664,0.85,0.93232
865,5,-0.175,0.03176,0.3,0.89144,1.0,0.62432,0.85,0.91464
866,1,1.0,0.01408,0.3,0.90912,0.775,0.642,0.85,0.89696
867,,0.925,-0.0536,0.25,0.8768,0.75,0.60968,0.8,0.82928
868,2,0.9,1.0,0.25,0.89448,0.775,0.62736,0.8,0.8116
869,,0.825,0.93232,0.2,0.86216,0.75,0.59504,0.75,0.74392
870,,0.75,0.86464,0.15,0.82984,0.725,0.56272,0.7,0.67624
871,,0.675,0.79696,0.1,0.79752,0.7,0.5304,0.65,0.60856
872,,0.6,0.72928,0.05,0.7652,0.675,0.49808,0.6,0.54088
873,,0.525,0.6616,0.0,0.73288,0.65,0.46576,0.55,0.4732
874,,0.45,0.59392,-0.05,0.70056,0.625,0.43344,0.5,0.40552
875,3,0.425,0.57624,1.0,0.71824,0.65,0.45112,0.5,0.38784
876,,0.35,0.50856,0.95,0.68592,0.625,0.4188,0.45,0.32016
877,,0.275,0.44088,0.9,0.6536,0.6,0.38648,0.4,0.25248
878,,0.2,0.3732,0.85,0.62128,0.575,0.35416,0.35,0.1848
879,,0.125,0.30552,0.8,0.58896,0.55,0.32184,0.3,0.11712
880,,0.05,0.23784,0.75,0.55664,0.525,0.28952,0.25,0.04944
881,,-0.025,0.17016,0.7,0.52432,0.5,0.2572,0.2,-0.01824
882,1,1.0,0.15248,0.7,0.542,0.275,0.27488,0.2,-0.03592
883,8,0.975,0.1348,0.7,0.55968,0.3,0.29256,0.2,1.0
884,,0.9,0.06712,0.65,0.52736,0.275,0.26024,0.15,0.93232
885,,0.825,-0.00056,0.6,0.49504,0.25,0.22792,0.1,0.86464
886,2,0.8,1.0,0.6,0.51272,0.275,0.2456,0.1,0.84696
887,,0.725,0.93232,0.55,0.4804,0.25,0.21328,0.05,0.77928
888,,0.65,0.86464,0.5,0.44808,0.225,0.18096,0.0,0.7116
889,,0.575,0.79696,0.45,0.41576,0.2,0.14864,-0.05,0.64392
890,7,0.55,0.77928,0.45,0.43344,0.225,0.16632,1.0,0.62624
891,,0.475,0.7116,0.4,0.40112,0.2,0.134,0.95,0.55856
892,,0.4,0.64392,0.35,0.3688,0.175,0.10168,0.9,0.49088
893,,0.325,0.57624,0.3,0.33648,0.15,0.06936,0.85,0.4232
894,,0.25,0.50856,0.25,0.30416,0.125,0.03704,0.8,0.35552
895,,0.175,0.44088,0.2,0.27184,0.1,0.00472,0.75,0.28784
896,,0.1,0.3732,0.15,0.23952,0.075,-0.0276,0.7,0.22016
897,6,0.075,0.35552,0.15,0.2572,0.1,1.0,0.7,0.20248
898,,-0.0,0.28784,0.1,0.22488,0.075,0.96768,0.65,0.1348
899,,-0.075,0.22016,0.05,0.19256,0.05,0.93536,0.6,0.06712
900,1,1.0,0.20248,0.05,0.21024,-0.175,0.95304,0.6,0.04944
901,5,0.725,0.1848,0.05,0.22792,1.0,0.97072,0.6,0.03176
902,,0.65,0.11712,0.0,0.1956,0.975,0.9384,0.55,-0.03592
903,8,0.625,0.09944,0.0,0.21328,1.0,0.95608,0.55,1.0
904,,0.55,0.03176,-0.05,0.18096,0.975,0.92376,0.5,0.93232
905,3,0.525,0.01408,1.0,0.19864,1.0,0.94144,0.5,0.91464
906,,0.45,-0.0536,0.95,0.16632,0.975,0.90912,0.45,0.84696
907,2,0.425,1.0,0.95,0.184,1.0,0.9268,0.45,0.82928
908,,0.35,0.93232,0.9,0.15168,0.975,0.89448,0.4,0.7616
909,,0.275,0.86464,0.85,0.11936,0.95,0.86216,0.35,0.69392
910,,0.2,0.79696,0.8,0.08704,0.925,0.82984,0.3,0.62624
911,,0.125,0.72928,0.75,0.05472,0.9,0.79752,0.25,0.55856
912,,0.05,0.6616,0.7,0.0224,0.875,0.7652,0.2,0.49088
913,,-0.025,0.59392,0.65,-0.00992,0.85,0.73288,0.15,0.4232
914,1,1.0,0.57624,0.65,0.00776,0.625,0.75056,0.15,0.40552
915,,0.925,0.50856,0.6,-0.02456,0.6,0.71824,0.1,0.33784
916,4,0.9,0.49088,0.6,1.0,0.625,0.73592,0.1,0.32016
917,,0.825,0.4232,0.55,0.96768,0.6,0.7036,0.05,0.25248
918,,0.75,0.35552,0.5,0.93536,0.575,0.67128,0.0,0.1848
919,,0.675,0.28784,0.45,0.90304,0.55,0.63896,-0.05,0.11712
920,7,0.65,0.27016,0.45,0.92072,0.575,0.65664,1.0,0.09944
921,,0.575,0.20248,0.4,0.8884,0.55,0.62432,0.95,0.03176
922,,0.5,0.1348,0.35,0.85608,0.525,0.592,0.9,-0.03592
923,8,0.475,0.11712,0.35,0.87376,0.55,0.60968,0.9,1.0
924,,0.4,0.04944,0.3,0.84144,0.525,0.57736,0.85,0.93232
925,,0.325,-0.01824,0.25,0.80912,0.5,0.54504,0.8,0.86464
926,2,0.3,1.0,0.25,0.8268,0.525,0.56272,0.8,0.84696
927,,0.225,0.93232,0.2,0.79448,0.5,0.5304,0.75,0.77928
928,,0.15,0.86464,0.15,0.76216,0.475,0.49808,0.7,0.7116
929,,0.075,0.79696,0.1,0.72984,0.45,0.46576,0.65,0.64392
930,,-0.0,0.72928,0.05,0.69752,0.425,0.43344,0.6,0.57624
931,,-0.075,0.6616,0.0,0.6652,0.4,0.40112,0.55,0.50856
932,1,1.0,0.64392,0.0,0.68288,0.175,0.4188,0.55,0.49088
933,,0.925,0.57624,-0.05,0.65056,0.15,0.38648,0.5,0.4232
934,3,0.9,0.55856,1.0,0.66824,0.175,0.40416,0.5,0.40552
935,,0.825,0.49088,0.95,0.63592,0.15,0.37184,0.45,0.33784
936,,0.75,0.4232,0.9,0.6036,0.125,0.33952,0.4,0.27016
937,,0.675,0.35552,0.85,0.57128,0.1,0.3072,0.35,0.20248
938,,0.6,0.28784,0.8,0.53896,0.075,0.27488,0.3,0.1348
939,,0.525,0.22016,0.75,0.50664,0.05,0.24256,0.25,0.06712
940,,0.45,0.15248,0.7,0.47432,0.025,0.21024,0.2,-0.00056
941,8,0.425,0.1348,0.7,0.492,0.05,0.22792,0.2,1.0
942,,0.35,0.06712,0.65,0.45968,0.025,0.1956,0.15,0.93232
943,,0.275,-0.00056,0.6,0.42736,0.0,0.16328,0.1,0.86464
944,2,0.25,1.0,0.6,0.44504,0.025,0.18096,0.1,0.84696
945,,0.175,0.93232,0.55,0.41272,0.0,0.14864,0.05,0.77928
946,,0.1,0.86464,0.5,0.3804,-0.025,0.11632,0.0,0.7116
947,5,-0.175,0.84696,0.5,0.39808,1.0,0.134,0.0,0.69392
948,1,1.0,0.82928,0.5,0.41576,0.775,0.15168,0.0,0.67624
949,,0.925,0.7616,0.45,0.38344,0.75,0.11936,-0.05,0.60856
950,7,0.9,0.74392,0.45,0.40112,0.775,0.13704,1.0,0.59088
951,,0.825,0.67624,0.4,0.3688,0.75,0.10472,0.95,0.5232
952,,0.75,0.60856,0.35,0.33648,0.725,0.0724,0.9,0.45552
953,,0.675,0.54088,0.3,0.30416,0.7,0.04008,0.85,0.38784
954,,0.6,0.4732,0.25,0.27184,0.675,0.00776,0.8,0.32016
955,,0.525,0.40552,0.2,0.23952,0.65,-0.02456,0.75,0.25248
956,6,0.5,0.38784,0.2,0.2572,0.675,1.0,0.75,0.2348
957,,0.425,0.32016,0.15,0.22488,0.65,0.96768,0.7,0.16712
958,,0.35,0.25248,0.1,0.19256,0.625,0.93536,0.65,0.09944
959,,0.275,0.1848,0.05,0.16024,0.6,0.90304,0.6,0.03176
960,,0.2,0.11712,0.0,0.12792,0.575,0.87072,0.55,-0.03592
961,8,0.175,0.09944,0.0,0.1456,0.6,0.8884,0.55,1.0
962,,0.1,0.03176,-0.05,0.11328,0.575,0.85608,0.5,0.93232
963,3,0.075,0.01408,1.0,0.13096,0.6,0.87376,0.5,0.91464
964,,-0.0,-0.0536,0.95,0.09864,0.575,0.84144,0.45,0.84696
965,2,-0.025,1.0,0.95,0.11632,0.6,0.85912,0.45,0.82928
966,1,1.0,0.98232,0.95,0.134,0.375,0.8768,0.45,0.8116
967,,0.925,0.91464,0.9,0.10168,0.35,0.84448,0.4,0.74392
968,,0.85,0.84696,0.85,0.06936,0.325,0.81216,0.35,0.67624
969,,0.775,0.77928,0.8,0.03704,0.3,0.77984,0.3,0.60856
970,,0.7,0.7116,0.75,0.00472,0.275,0.74752,0.25,0.54088
971,,0.625,0.64392,0.7,-0.0276,0.25,0.7152,0.2,0.4732
972,4,0.6,0.62624,0.7,1.0,0.275,0.73288,0.2,0.45552
973,,0.525,0.55856,0.65,0.96768,0.25,0.70056,0.15,0.38784
974,,0.45,0.49088,0.6,0.93536,0.225,0.66824,0.1,0.32016
975,,0.375,0.4232,0.55,0.90304,0.2,0.63592,0.05,0.25248
976,,0.3,0.35552,0.5,0.87072,0.175,0.6036,0.0,0.1848
977,,0.225,0.28784,0.45,0.8384,0.15,0.57128,-0.05,0.11712
978,7,0.2,0.27016,0.45,0.85608,0.175,0.58896,1.0,0.09944
979,,0.125,0.20248,0.4,0.82376,0.15,0.55664,0.95,0.03176
980,,0.05,0.1348,0.35,0.79144,0.125,0.52432,0.9,-0.03592
981,8,0.025,0.11712,0.35,0.80912,0.15,0.542,0.9,1.0
982,,-0.05,0.04944,0.3,0.7768,0.125,0.50968,0.85,0.93232
983,1,1.0,0.03176,0.3,0.79448,-0.1,0.52736,0.85,0.91464
984,5,0.725,0.01408,0.3,0.81216,1.0,0.54504,0.85,0.89696
985,,0.65,-0.0536,0.25,0.77984,0.975,0.51272,0.8,0.82928
986,2,0.625,1.0,0.25,0.79752,1.0,0.5304,0.8,0.8116
987,,0.55,0.93232,0.2,0.7652,0.975,0.49808,0.75,0.74392
988,,0.475,0.86464,0.15,0.73288,0.95,0.46576,0.7,0.67624
989,,0.4,0.79696,0.1,0.70056,0.925,0.43344,0.65,0.60856
990,,0.325,0.72928,0.05,0.66824,0.9,0.40112,0.6,0.54088
991,,0.25,0.6616,0.0,0.63592,0.875,0.3688,0.55,0.4732
992,,0.175,0.59392,-0.05,0.6036,0.85,0.33648,0.5,0.40552
993,3,0.15,0.57624,1.0,0.62128,0.875,0.35416,0.5,0.38784
994,,0.075,0.50856,0.95,0.58896,0.85,0.32184,0.45,0.32016
995,,-0.0,0.44088,0.9,0.55664,0.825,0.28952,0.4,0.25248
996,,-0.075,0.3732,0.85,0.52432,0.8,0.2572,0.35,0.1848
997,1,1.0,0.35552,0.85,0.542,0.575,0.27488,0.35,0.16712
998,,0.925,0.28784,0.8,0.50968,0.55,0.24256,0.3,0.09944
999,,0.85,0.22016,0.75,0.47736,0.525,0.21024,0.25,0.03176
1000,,0.775,0.15248,0.7,0.44504,0.5,0.17792,0.2,-0.03592
1001,8,0.75,0.1348,0.7,0.46272,0.525,0.1956,0.2,1.0
1002,,0.675,0.06712,0.65,0.4304,0.5,0.16328,0.15,0.93232
1003,,0.6,-0.00056,0.6,0.39808,0.475,0.13096,0.1,0.86464
1004,2,0.575,1.0,0.6,0.41576,0.5,0.14864,0.1,0.84696
1005,,0.5,0.93232,0.55,0.38344,0.475,0.11632,0.05,0.77928
1006,,0.425,0.86464,0.5,0.35112,0.45,0.084,0.0,0.7116
1007,,0.35,0.79696,0.45,0.3188,0.425,0.05168,-0.05,0.64392
1008,7,0.325,0.77928,0.45,0.33648,0.45,0.06936,1.0,0.62624
1009,,0.25,0.7116,0.4,0.30416,0.425,0.03704,0.95,0.55856
1010,,0.175,0.64392,0.35,0.27184,0.4,0.00472,0.9,0.49088
1011,,0.1,0.57624,0.3,0.23952,0.375,-0.0276,0.85,0.4232
1012,6,0.075,0.55856,0.3,0.2572,0.4,1.0,0.85,0.40552
1013,,-0.0,0.49088,0.25,0.22488,0.375,0.96768,0.8,0.33784
1014,,-0.075,0.4232,0.2,0.19256,0.35,0.93536,0.75,0.27016
1015,1,1.0,0.40552,0.2,0.21024,0.125,0.95304,0.75,0.25248
1016,,0.925,0.33784,0.15,0.17792,0.1,0.92072,0.7,0.1848
1017,,0.85,0.27016,0.1,0.1456,0.075,0.8884,0.65,0.11712
1018,,0.775,0.20248,0.05,0.11328,0.05,0.85608,0.6,0.04944
1019,,0.7,0.1348,0.0,0.08096,0.025,0.82376,0.55,-0.01824
1020,8,0.675,0.11712,0.0,0.09864,0.05,0.84144,0.55,1.0
1021,,0.6,0.04944,-0.05,0.06632,0.025,0.80912,0.5,0.93232
1022,3,0.575,0.03176,1.0,0.084,0.05,0.8268,0.5,0.91464
1023,,0.5,-0.03592,0.95,0.05168,0.025,0.79448,0.45,0.84696
1024,2,0.475,1.0,0.95,0.06936,0.05,0.81216,0.45,0.82928
1025,,0.4,0.93232,0.9,0.03704,0.025,0.77984,0.4,0.7616
1026,,0.325,0.86464,0.85,0.00472,0.0,0.74752,0.35,0.69392
1027,,0.25,0.79696,0.8,-0.0276,-0.025,0.7152,0.3,0.62624
1028,4,0.225,0.77928,0.8,1.0,0.0,0.73288,0.3,0.60856
1029,,0.15,0.7116,0.75,0.96768,-0.025,0.70056,0.25,0.54088
1030,5,-0.125,0.69392,0.75,0.98536,1.0,0.71824,0.25,0.5232
1031,1,1.0,0.67624,0.75,1.0,0.775,0.73592,0.25,0.50552
1032,,0.925,0.60856,0.7,0.96768,0.75,0.7036,0.2,0.43784
1033,,0.85,0.54088,0.65,0.93536,0.725,0.67128,0.15,0.37016
1034,,0.775,0.4732,0.6,0.90304,0.7,0.63896,0.1,0.30248
1035,,0.7,0.40552,0.55,0.87072,0.675,0.60664,0.05,0.2348
1036,,0.625,0.33784,0.5,0.8384,0.65,0.57432,0.0,0.16712
1037,,0.55,0.27016,0.45,0.80608,0.625,0.542,-0.05,0.09944
1038,7,0.525,0.25248,0.45,0.82376,0.65,0.55968,1.0,0.08176
1039,,0.45,0.1848,0.4,0.79144,0.625,0.52736,0.95,0.01408
1040,,0.375,0.11712,0.35,0.75912,0.6,0.49504,0.9,-0.0536
1041,8,0.35,0.09944,0.35,0.7768,0.625,0.51272,0.9,1.0
1042,,0.275,0.03176,0.3,0.74448,0.6,0.4804,0.85,0.93232
1043,,0.2,-0.03592,0.25,0.71216,0.575,0.44808,0.8,0.86464
1044,2,0.175,1.0,0.25,0.72984,0.6,0.46576,0.8,0.84696
1045,,0.1,0.93232,0.2,0.69752,0.575,0.43344,0.75,0.77928
1046,,0.025,0.86464,0.15,0.6652,0.55,0.40112,0.7,0.7116
1047,,-0.05,0.79696,0.1,0.63288,0.525,0.3688,0.65,0.64392
1048,1,1.0,0.77928,0.1,0.65056,0.3,0.38648,0.65,0.62624
1049,,0.925,0.7116,0.05,0.61824,0.275,0.35416,0.6,0.55856
1050,,0.85,0.64392,0.0,0.58592,0.25,0.32184,0.55,0.49088
1051,,0.775,0.57624,-0.05,0.5536,0.225,0.28952,0.5,0.4232
1052,3,0.75,0.55856,1.0,0.57128,0.25,0.3072,0.5,0.40552
1053,,0.675,0.49088,0.95,0.53896,0.225,0.27488,0.45,0.33784
1054,,0.6,0.4232,0.9,0.50664,0.2,0.24256,0.4,0.27016
1055,,0.525,0.35552,0.85,0.47432,0.175,0.21024,0.35,0.20248
1056,,0.45,0.28784,0.8,0.442,0.15,0.17792,0.3,0.1348
1057,,0.375,0.22016,0.75,0.40968,0.125,0.1456,0.25,0.06712
1058,,0.3,0.15248,0.7,0.37736,0.1,0.11328,0.2,-0.00056
1059,8,0.275,0.1348,0.7,0.39504,0.125,0.13096,0.2,1.0
1060,,0.2,0.06712,0.65,0.36272,0.1,0.09864,0.15,0.93232
1061,,0.125,-0.00056,0.6,0.3304,0.075,0.06632,0.1,0.86464
1062,2,0.1,1.0,0.6,0.34808,0.1,0.084,0.1,0.84696
1063,,0.025,0.93232,0.55,0.31576,0.075,0.05168,0.05,0.77928
1064,,-0.05,0.86464,0.5,0.28344,0.05,0.01936,0.0,0.7116
1065,1,1.0,0.84696,0.5,0.30112,-0.175,0.03704,0.0,0.69392
1066,5,0.725,0.82928,0.5,0.3188,1.0,0.05472,0.0,0.67624
1067,,0.65,0.7616,0.45,0.28648,0.975,0.0224,-0.05,0.60856
1068,7,0.625,0.74392,0.45,0.30416,1.0,0.04008,1.0,0.59088
1069,,0.55,0.67624,0.4,0.27184,0.975,0.00776,0.95,0.5232
1070,,0.475,0.60856,0.35,0.23952,0.95,-0.02456,0.9,0.45552
1071,6,0.45,0.59088,0.35,0.2572,0.975,1.0,0.9,0.43784
1072,,0.375,0.5232,0.3,0.22488,0.95,0.96768,0.85,0.37016
1073,,0.3,0.45552,0.25,0.19256,0.925,0.93536,0.8,0.30248
1074,,0.225,0.38784,0.2,0.16024,0.9,0.90304,0.75,0.2348
1075,,0.15,0.32016,0.15,0.12792,0.875,0.87072,0.7,0.16712
1076,,0.075,0.25248,0.1,0.0956,0.85,0.8384,0.65,0.09944
1077,,-0.0,0.1848,0.05,0.06328,0.825,0.80608,0.6,0.03176
1078,,-0.075,0.11712,0.0,0.03096,0.8,0.77376,0.55,-0.03592
1079,1,1.0,0.09944,0.0,0.04864,0.575,0.79144,0.55,-0.0536
1080,8,0.975,0.08176,0.0,0.06632,0.6,0.80912,0.55,1.0
1081,,0.9,0.01408,-0.05,0.034,0.575,0.7768,0.5,0.93232
1082,3,0.875,-0.0036,1.0,0.05168,0.6,0.79448,0.5,0.91464
1083,2,0.85,1.0,1.0,0.06936,0.625,0.81216,0.5,0.89696
1084,,0.775,0.93232,0.95,0.03704,0.6,0.77984,0.45,0.82928
1085,,0.7,0.86464,0.9,0.00472,0.575,0.74752,0.4,0.7616
1086,,0.625,0.79696,0.85,-0.0276,0.55,0.7152,0.35,0.69392
1087,4,0.6,0.77928,0.85,1.0,0.575,0.73288,0.35,0.67624
1088,,0.525,0.7116,0.8,0.96768,0.55,0.70056,0.3,0.60856
1089,,0.45,0.64392,0.75,0.93536,0.525,0.66824,0.25,0.54088
1090,,0.375,0.57624,0.7,0.90304,0.5,0.63592,0.2,0.4732
1091,,0.3,0.50856,0.65,0.87072,0.475,0.6036,0.15,0.40552
1092,,0.225,0.44088,0.6,0.8384,0.45,0.57128,0.1,0.33784
1093,,0.15,0.3732,0.55,0.80608,0.425,0.53896,0.05,0.27016
1094,,0.075,0.30552,0.5,0.77376,0.4,0.50664,0.0,0.20248
1095,,-0.0,0.23784,0.45,0.74144,0.375,0.47432,-0.05,0.1348
1096,7,-0.025,0.22016,0.45,0.75912,0.4,0.492,1.0,0.11712
1097,1,1.0,0.20248,0.45,0.7768,0.175,0.50968,1.0,0.09944
1098,,0.925,0.1348,0.4,0.74448,0.15,0.47736,0.95,0.03176
1099,,0.85,0.06712,0.35,0.71216,0.125,0.44504,0.9,-0.03592
1100,8,0.825,0.04944,0.35,0.72984,0.15,0.46272,0.9,1.0
1101,,0.75,-0.01824,0.3,0.69752,0.125,0.4304,0.85,0.93232
1102,2,0.725,1.0,0.3,0.7152,0.15,0.44808,0.85,0.91464
1103,,0.65,0.93232,0.25,0.68288,0.125,0.41576,0.8,0.84696
1104,,0.575,0.86464,0.2,0.65056,0.1,0.38344,0.75,0.77928
1105,,0.5,0.79696,0.15,0.61824,0.075,0.35112,0.7,0.7116
1106,,0.425,0.72928,0.1,0.58592,0.05,0.3188,0.65,0.64392
1107,,0.35,0.6616,0.05,0.5536,0.025,0.28648,0.6,0.57624
1108,,0.275,0.59392,0.0,0.52128,0.0,0.25416,0.55,0.50856
1109,,0.2,0.52624,-0.05,0.48896,-0.025,0.22184,0.5,0.44088
1110,3,0.175,0.50856,1.0,0.50664,0.0,0.23952,0.5,0.4232
1111,,0.1,0.44088,0.95,0.47432,-0.025,0.2072,0.45,0.35552
1112,5,-0.175,0.4232,0.95,0.492,1.0,0.22488,0.45,0.33784
1113,1,1.0,0.40552,0.95,0.50968,0.775,0.24256,0.45,0.32016
1114,,0.925,0.33784,0.9,0.47736,0.75,0.21024,0.4,0.25248
1115,,0.85,0.27016,0.85,0.44504,0.725,0.17792,0.35,0.1848
1116,,0.775,0.20248,0.8,0.41272,0.7,0.1456,0.3,0.11712
1117,,0.7,0.1348,0.75,0.3804,0.675,0.11328,0.25,0.04944
1118,,0.625,0.06712,0.7,0.34808,0.65,0.08096,0.2,-0.01824
1119,8,0.6,0.04944,0.7,0.36576,0.675,0.09864,0.2,1.0
1120,,0.525,-0.01824,0.65,0.33344,0.65,0.06632,0.15,0.93232
1121,2,0.5,1.0,0.65,0.35112,0.675,0.084,0.15,0.91464
1122,,0.425,0.93232,0.6,0.3188,0.65,0.05168,0.1,0.84696
1123,,0.35,0.86464,0.55,0.28648,0.625,0.01936,0.05,0.77928
1124,,0.275,0.79696,0.5,0.25416,0.6,-0.01296,0.0,0.7116
1125,6,0.25,0.77928,0.5,0.27184,0.625,1.0,0.0,0.69392
1126,,0.175,0.7116,0.45,0.23952,0.6,0.96768,-0.05,0.62624
1127,7,0.15,0.69392,0.45,0.2572,0.625,0.98536,1.0,0.60856
1128,,0.075,0.62624,0.4,0.22488,0.6,0.95304,0.95,0.54088
1129,,-0.0,0.55856,0.35,0.19256,0.575,0.92072,0.9,0.4732
1130,,-0.075,0.49088,0.3,0.16024,0.55,0.8884,0.85,0.40552
1131,1,1.0,0.4732,0.3,0.17792,0.325,0.90608,0.85,0.38784
1132,,0.925,0.40552,0.25,0.1456,0.3,0.87376,0.8,0.32016
1133,,0.85,0.33784,0.2,0.11328,0.275,0.84144,0.75,0.25248
1134,,0.775,0.27016,0.15,0.08096,0.25,0.80912,0.7,0.1848
1135,,0.7,0.20248,0.1,0.04864,0.225,0.7768,0.65,0.11712
1136,,0.625,0.1348,0.05,0.01632,0.2,0.74448,0.6,0.04944
1137,,0.55,0.06712,0.0,-0.016,0.175,0.71216,0.55,-0.01824
1138,8,0.525,0.04944,0.0,0.00168,0.2,0.72984,0.55,1.0
1139,,0.45,-0.01824,-0.05,-0.03064,0.175,0.69752,0.5,0.93232
1140,3,0.425,-0.03592,1.0,-0.01296,0.2,0.7152,0.5,0.91464
1141,2,0.4,1.0,1.0,0.00472,0.225,0.73288,0.5,0.89696
1142,,0.325,0.93232,0.95,-0.0276,0.2,0.70056,0.45,0.82928
1143,4,0.3,0.91464,0.95,1.0,0.225,0.71824,0.45,0.8116
1144,,0.225,0.84696,0.9,0.96768,0.2,0.68592,0.4,0.74392
1145,,0.15,0.77928,0.85,0.93536,0.175,0.6536,0.35,0.67624
1146,,0.075,0.7116,0.8,0.90304,0.15,0.62128,0.3,0.60856
1147,,-0.0,0.64392,0.75,0.87072,0.125,0.58896,0.25,0.54088
1148,,-0.075,0.57624,0.7,0.8384,0.1,0.55664,0.2,0.4732
1149,1,1.0,0.55856,0.7,0.85608,-0.125,0.57432,0.2,0.45552
1150,5,0.725,0.54088,0.7,0.87376,1.0,0.592,0.2,0.43784
1151,,0.65,0.4732,0.65,0.84144,0.975,0.55968,0.15,0.37016
1152,,0.575,0.40552,0.6,0.80912,0.95,0.52736,0.1,0.30248
1153,,0.5,0.33784,0.55,0.7768,0.925,0.49504,0.05,0.2348
1154,,0.425,0.27016,0.5,0.74448,0.9,0.46272,0.0,0.16712
1155,,0.35,0.20248,0.45,0.71216,0.875,0.4304,-0.05,0.09944
1156,7,0.325,0.1848,0.45,0.72984,0.9,0.44808,1.0,0.08176
1157,,0.25,0.11712,0.4,0.69752,0.875,0.41576,0.95,0.01408
1158,,0.175,0.04944,0.35,0.6652,0.85,0.38344,0.9,-0.0536
1159,8,0.15,0.03176,0.35,0.68288,0.875,0.40112,0.9,1.0
1160,,0.075,-0.03592,0.3,0.65056,0.85,0.3688,0.85,0.93232
1161,2,0.05,1.0,0.3,0.66824,0.875,0.38648,0.85,0.91464
1162,,-0.025,0.93232,0.25,0.63592,0.85,0.35416,0.8,0.84696
1163,1,1.0,0.91464,0.25,0.6536,0.625,0.37184,0.8,0.82928
1164,,0.925,0.84696,0.2,0.62128,0.6,0.33952,0.75,0.7616
1165,,0.85,0.77928,0.15,0.58896,0.575,0.3072,0.7,0.69392
1166,,0.775,0.7116,0.1,0.55664,0.55,0.27488,0.65,0.62624
1167,,0.7,0.64392,0.05,0.52432,0.525,0.24256,0.6,0.55856
1168,,0.625,0.57624,0.0,0.492,0.5,0.21024,0.55,0.49088
1169,,0.55,0.50856,-0.05,0.45968,0.475,0.17792,0.5,0.4232
1170,3,0.525,0.49088,1.0,0.47736,0.5,0.1956,0.5,0.40552
1171,,0.45,0.4232,0.95,0.44504,0.475,0.16328,0.45,0.33784
1172,,0.375,0.35552,0.9,0.41272,0.45,0.13096,0.4,0.27016
1173,,0.3,0.28784,0.85,0.3804,0.425,0.09864,0.35,0.20248
1174,,0.225,0.22016,0.8,0.34808,0.4,0.06632,0.3,0.1348
1175,,0.15,0.15248,0.75,0.31576,0.375,0.034,0.25,0.06712
1176,,0.075,0.0848,0.7,0.28344,0.35,0.00168,0.2,-0.00056
1177,8,0.05,0.06712,0.7,0.30112,0.375,0.01936,0.2,1.0
1178,,-0.025,-0.00056,0.65,0.2688,0.35,-0.01296,0.15,0.93232
1179,1,1.0,-0.01824,0.65,0.28648,0.125,0.00472,0.15,0.91464
1180,2,0.975,1.0,0.65,0.30416,0.15,0.0224,0.15,0.89696
1181,,0.9,0.93232,0.6,0.27184,0.125,-0.00992,0.1,0.82928
1182,6,0.875,0.91464,0.6,0.28952,0.15,1.0,0.1,0.8116
1183,,0.8,0.84696,0.55,0.2572,0.125,0.96768,0.05,0.74392
1184,,0.725,0.77928,0.5,0.22488,0.1,0.93536,0.0,0.67624
1185,,0.65,0.7116,0.45,0.19256,0.075,0.90304,-0.05,0.60856
1186,7,0.625,0.69392,0.45,0.21024,0.1,0.92072,1.0,0.59088
1187,,0.55,0.62624,0.4,0.17792,0.075,0.8884,0.95,0.5232
1188,,0.475,0.55856,0.35,0.1456,0.05,0.85608,0.9,0.45552
1189,,0.4,0.49088,0.3,0.11328,0.025,0.82376,0.85,0.38784
1190,,0.325,0.4232,0.25,0.08096,0.0,0.79144,0.8,0.32016
1191,,0.25,0.35552,0.2,0.04864,-0.025,0.75912,0.75,0.25248
1192,5,-0.025,0.33784,0.2,0.06632,1.0,0.7768,0.75,0.2348
1193,1,1.0,0.32016,0.2,0.084,0.775,0.79448,0.75,0.21712
1194,,0.925,0.25248,0.15,0.05168,0.75,0.76216,0.7,0.14944
1195,,0.85,0.1848,0.1,0.01936,0.725,0.72984,0.65,0.08176
1196,,0.775,0.11712,0.05,-0.01296,0.7,0.69752,0.6,0.01408
1197,4,0.75,0.09944,0.05,1.0,0.725,0.7152,0.6,-0.0036
1198,8,0.725,0.08176,0.05,1.0,0.75,0.73288,0.6,1.0
1199,,0.65,0.01408,0.0,0.96768,0.725,0.70056,0.55,0.93232
1200,,0.575,-0.0536,-0.05,0.93536,0.7,0.66824,0.5,0.86464
1201,2,0.55,1.0,-0.05,0.95304,0.725,0.68592,0.5,0.84696
1202,3,0.525,0.98232,1.0,0.97072,0.75,0.7036,0.5,0.82928
1203,,0.45,0.91464,0.95,0.9384,0.725,0.67128,0.45,0.7616
1204,,0.375,0.84696,0.9,0.90608,0.7,0.63896,0.4,0.69392
1205,,0.3,0.77928,0.85,0.87376,0.675,0.60664,0.35,0.62624
1206,,0.225,0.7116,0.8,0.84144,0.65,0.57432,0.3,0.55856
1207,,0.15,0.64392,0.75,0.80912,0.625,0.542,0.25,0.49088
1208,,0.075,0.57624,0.7,0.7768,0.6,0.50968,0.2,0.4232
1209,,-0.0,0.50856,0.65,0.74448,0.575,0.47736,0.15,0.35552
1210,,-0.075,0.44088,0.6,0.71216,0.55,0.44504,0.1,0.28784
1211,1,1.0,0.4232,0.6,0.72984,0.325,0.46272,0.1,0.27016
1212,,0.925,0.35552,0.55,0.69752,0.3,0.4304,0.05,0.20248
1213,,0.85,0.28784,0.5,0.6652,0.275,0.39808,0.0,0.1348
1214,,0.775,0.22016,0.45,0.63288,0.25,0.36576,-0.05,0.06712
1215,7,0.75,0.20248,0.45,0.65056,0.275,0.38344,1.0,0.04944
1216,,0.675,0.1348,0.4,0.61824,0.25,0.35112,0.95,-0.01824
1217,8,0.65,0.11712,0.4,0.63592,0.275,0.3688,0.95,1.0
1218,,0.575,0.04944,0.35,0.6036,0.25,0.33648,0.9,0.93232
1219,,0.5,-0.01824,0.3,0.57128,0.225,0.30416,0.85,0.86464
1220,2,0.475,1.0,0.3,0.58896,0.25,0.32184,0.85,0.84696
1221,,0.4,0.93232,0.25,0.55664,0.225,0.28952,0.8,0.77928
1222,,0.325,0.86464,0.2,0.52432,0.2,0.2572,0.75,0.7116
1223,,0.25,0.79696,0.15,0.492,0.175,0.22488,0.7,0.64392
1224,,0.175,0.72928,0.1,0.45968,0.15,0.19256,0.65,0.57624
1225,,0.1,0.6616,0.05,0.42736,0.125,0.16024,0.6,0.50856
1226,,0.025,0.59392,0.0,0.39504,0.1,0.12792,0.55,0.44088
1227,,-0.05,0.52624,-0.05,0.36272,0.075,0.0956,0.5,0.3732
1228,3,-0.075,0.50856,1.0,0.3804,0.1,0.11328,0.5,0.35552
1229,1,1.0,0.49088,1.0,0.39808,-0.125,0.13096,0.5,0.33784
1230,5,0.725,0.4732,1.0,0.41576,1.0,0.14864,0.5,0.32016
1231,,0.65,0.40552,0.95,0.38344,0.975,0.11632,0.45,0.25248
1232,,0.575,0.33784,0.9,0.35112,0.95,0.084,0.4,0.1848
1233,,0.5,0.27016,0.85,0.3188,0.925,0.05168,0.35,0.11712
1234,,0.425,0.20248,0.8,0.28648,0.9,0.01936,0.3,0.04944
1235,,0.35,0.1348,0.75,0.25416,0.875,-0.01296,0.25,-0.01824
1236,8,0.325,0.11712,0.75,0.27184,0.9,0.00472,0.25,1.0
1237,,0.25,0.04944,0.7,0.23952,0.875,-0.0276,0.2,0.93232
1238,6,0.225,0.03176,0.7,0.2572,0.9,1.0,0.2,0.91464
1239,,0.15,-0.03592,0.65,0.22488,0.875,0.96768,0.15,0.84696
1240,2,0.125,1.0,0.65,0.24256,0.9,0.98536,0.15,0.82928
1241,,0.05,0.93232,0.6,0.21024,0.875,0.95304,0.1,0.7616
1242,,-0.025,0.86464,0.55,0.17792,0.85,0.92072,0.05,0.69392
1243,1,1.0,0.84696,0.55,0.1956,0.625,0.9384,0.05,0.67624
1244,,0.925,0.77928,0.5,0.16328,0.6,0.90608,0.0,0.60856
1245,,0.85,0.7116,0.45,0.13096,0.575,0.87376,-0.05,0.54088
1246,7,0.825,0.69392,0.45,0.14864,0.6,0.89144,1.0,0.5232
1247,,0.75,0.62624,0.4,0.11632,0.575,0.85912,0.95,0.45552
1248,,0.675,0.55856,0.35,0.084,0.55,0.8268,0.9,0.38784
1249,,0.6,0.49088,0.3,0.05168,0.525,0.79448,0.85,0.32016
1250,,0.525,0.4232,0.25,0.01936,0.5,0.76216,0.8,0.25248
1251,,0.45,0.35552,0.2,-0.01296,0.475,0.72984,0.75,0.1848
1252,4,0.425,0.33784,0.2,1.0,0.5,0.74752,0.75,0.16712
1253,,0.35,0.27016,0.15,0.96768,0.475,0.7152,0.7,0.09944
1254,,0.275,0.20248,0.1,0.93536,0.45,0.68288,0.65,0.03176
1255,,0.2,0.1348,0.05,0.90304,0.425,0.65056,0.6,-0.03592
1256,8,0.175,0.11712,0.05,0.92072,0.45,0.66824,0.6,1.0
1257,,0.1,0.04944,0.0,0.8884,0.425,0.63592,0.55,0.93232
1258,,0.025,-0.01824,-0.05,0.85608,0.4,0.6036,0.5,0.86464
1259,3,0.0,-0.03592,1.0,0.87376,0.425,0.62128,0.5,0.84696
1260,2,-0.025,1.0,1.0,0.89144,0.45,0.63896,0.5,0.82928
1261,1,1.0,0.98232,1.0,0.90912,0.225,0.65664,0.5,0.8116
1262,,0.925,0.91464,0.95,0.8768,0.2,0.62432,0.45,0.74392
1263,,0.85,0.84696,0.9,0.84448,0.175,0.592,0.4,0.67624
1264,,0.775,0.77928,0.85,0.81216,0.15,0.55968,0.35,0.60856
1265,,0.7,0.7116,0.8,0.77984,0.125,0.52736,0.3,0.54088
1266,,0.625,0.64392,0.75,0.74752,0.1,0.49504,0.25,0.4732
1267,,0.55,0.57624,0.7,0.7152,0.075,0.46272,0.2,0.40552
1268,,0.475,0.50856,0.65,0.68288,0.05,0.4304,0.15,0.33784
1269,,0.4,0.44088,0.6,0.65056,0.025,0.39808,0.1,0.27016
1270,,0.325,0.3732,0.55,0.61824,0.0,0.36576,0.05,0.20248
1271,,0.25,0.30552,0.5,0.58592,-0.025,0.33344,0.0,0.1348
1272,5,-0.025,0.28784,0.5,0.6036,1.0,0.35112,0.0,0.11712
1273,1,1.0,0.27016,0.5,0.62128,0.775,0.3688,0.0,0.09944
1274,,0.925,0.20248,0.45,0.58896,0.75,0.33648,-0.05,0.03176
1275,7,0.9,0.1848,0.45,0.60664,0.775,0.35416,1.0,0.01408
1276,,0.825,0.11712,0.4,0.57432,0.75,0.32184,0.95,-0.0536
1277,8,0.8,0.09944,0.4,0.592,0.775,0.33952,0.95,1.0
1278,,0.725,0.03176,0.35,0.55968,0.75,0.3072,0.9,0.93232
1279,,0.65,-0.03592,0.3,0.52736,0.725,0.27488,0.85,0.86464
1280,2,0.625,1.0,0.3,0.54504,0.75,0.29256,0.85,0.84696
1281,,0.55,0.93232,0.25,0.51272,0.725,0.26024,0.8,0.77928
1282,,0.475,0.86464,0.2,0.4804,0.7,0.22792,0.75,0.7116
1283,,0.4,0.79696,0.15,0.44808,0.675,0.1956,0.7,0.64392
1284,,0.325,0.72928,0.1,0.41576,0.65,0.16328,0.65,0.57624
1285,,0.25,0.6616,0.05,0.38344,0.625,0.13096,0.6,0.50856
1286,,0.175,0.59392,0.0,0.35112,0.6,0.09864,0.55,0.44088
1287,,0.1,0.52624,-0.05,0.3188,0.575,0.06632,0.5,0.3732
1288,3,0.075,0.50856,1.0,0.33648,0.6,0.084,0.5,0.35552
1289,,-0.0,0.44088,0.95,0.30416,0.575,0.05168,0.45,0.28784
1290,,-0.075,0.3732,0.9,0.27184,0.55,0.01936,0.4,0.22016
1291,1,1.0,0.35552,0.9,0.28952,0.325,0.03704,0.4,0.20248
1292,,0.925,0.28784,0.85,0.2572,0.3,0.00472,0.35,0.1348
1293,,0.85,0.22016,0.8,0.22488,0.275,-0.0276,0.3,0.06712
1294,6,0.825,0.20248,0.8,0.24256,0.3,1.0,0.3,0.04944
1295,,0.75,0.1348,0.75,0.21024,0.275,0.96768,0.25,-0.01824
1296,8,0.725,0.11712,0.75,0.22792,0.3,0.98536,0.25,1.0
1297,,0.65,0.04944,0.7,0.1956,0.275,0.95304,0.2,0.93232
1298,,0.575,-0.01824,0.65,0.16328,0.25,0.92072,0.15,0.86464
1299,2,0.55,1.0,0.65,0.18096,0.275,0.9384,0.15,0.84696
1300,,0.475,0.93232,0.6,0.14864,0.25,0.90608,0.1,0.77928
1301,,0.4,0.86464,0.55,0.11632,0.225,0.87376,0.05,0.7116
1302,,0.325,0.79696,0.5,0.084,0.2,0.84144,0.0,0.64392
1303,,0.25,0.72928,0.45,0.05168,0.175,0.80912,-0.05,0.57624
1304,7,0.225,0.7116,0.45,0.06936,0.2,0.8268,1.0,0.55856
1305,,0.15,0.64392,0.4,0.03704,0.175,0.79448,0.95,0.49088
1306,,0.075,0.57624,0.35,0.00472,0.15,0.76216,0.9,0.4232
1307,,-0.0,0.50856,0.3,-0.0276,0.125,0.72984,0.85,0.35552
1308,4,-0.025,0.49088,0.3,1.0,0.15,0.74752,0.85,0.33784
1309,1,1.0,0.4732,0.3,1.0,-0.075,0.7652,0.85,0.32016
1310,5,0.725,0.45552,0.3,1.0,1.0,0.78288,0.85,0.30248
1311,,0.65,0.38784,0.25,0.96768,0.975,0.75056,0.8,0.2348
1312,,0.575,0.32016,0.2,0.93536,0.95,0.71824,0.75,0.16712
1313,,0.5,0.25248,0.15,0.90304,0.925,0.68592,0.7,0.09944
1314,,0.425,0.1848,0.1,0.87072,0.9,0.6536,0.65,0.03176
1315,,0.35,0.11712,0.05,0.8384,0.875,0.62128,0.6,-0.03592
1316,8,0.325,0.09944,0.05,0.85608,0.9,0.63896,0.6,1.0
1317,,0.25,0.03176,0.0,0.82376,0.875,0.60664,0.55,0.93232
1318,,0.175,-0.03592,-0.05,0.79144,0.85,0.57432,0.5,0.86464
1319,3,0.15,-0.0536,1.0,0.80912,0.875,0.592,0.5,0.84696
1320,2,0.125,1.0,1.0,0.8268,0.9,0.60968,0.5,0.82928
1321,,0.05,0.93232,0.95,0.79448,0.875,0.57736,0.45,0.7616
1322,,-0.025,0.86464,0.9,0.76216,0.85,0.54504,0.4,0.69392
1323,1,1.0,0.84696,0.9,0.77984,0.625,0.56272,0.4,0.67624
1324,,0.925,0.77928,0.85,0.74752,0.6,0.5304,0.35,0.60856
1325,,0.85,0.7116,0.8,0.7152,0.575,0.49808,0.3,0.54088
1326,,0.775,0.64392,0.75,0.68288,0.55,0.46576,0.25,0.4732
1327,,0.7,0.57624,0.7,0.65056,0.525,0.43344,0.2,0.40552
1328,,0.625,0.50856,0.65,0.61824,0.5,0.40112,0.15,0.33784
1329,,0.55,0.44088,0.6,0.58592,0.475,0.3688,0.1,0.27016
1330,,0.475,0.3732,0.55,0.5536,0.45,0.33648,0.05,0.20248
1331,,0.4,0.30552,0.5,0.52128,0.425,0.30416,0.0,0.1348
1332,,0.325,0.23784,0.45,0.48896,0.4,0.27184,-0.05,0.06712
1333,7,0.3,0.22016,0.45,0.50664,0.425,0.28952,1.0,0.04944
1334,,0.225,0.15248,0.4,0.47432,0.4,0.2572,0.95,-0.01824
1335,8,0.2,0.1348,0.4,0.492,0.425,0.27488,0.95,1.0
1336,,0.125,0.06712,0.35,0.45968,0.4,0.24256,0.9,0.93232
1337,,0.05,-0.00056,0.3,0.42736,0.375,0.21024,0.85,0.86464
1338,2,0.025,1.0,0.3,0.44504,0.4,0.22792,0.85,0.84696
1339,,-0.05,0.93232,0.25,0.41272,0.375,0.1956,0.8,0.77928
1340,1,1.0,0.91464,0.25,0.4304,0.15,0.21328,0.8,0.7616
1341,,0.925,0.84696,0.2,0.39808,0.125,0.18096,0.75,0.69392
1342,,0.85,0.77928,0.15,0.36576,0.1,0.14864,0.7,0.62624
1343,,0.775,0.7116,0.1,0.33344,0.075,0.11632,0.65,0.55856
1344,,0.7,0.64392,0.05,0.30112,0.05,0.084,0.6,0.49088
1345,,0.625,0.57624,0.0,0.2688,0.025,0.05168,0.55,0.4232
1346,,0.55,0.50856,-0.05,0.23648,0.0,0.01936,0.5,0.35552
1347,3,0.525,0.49088,1.0,0.25416,0.025,0.03704,0.5,0.33784
1348,,0.45,0.4232,0.95,0.22184,0.0,0.00472,0.45,0.27016
1349,,0.375,0.35552,0.9,0.18952,-0.025,-0.0276,0.4,0.20248
1350,6,0.35,0.33784,0.9,0.2072,0.0,1.0,0.4,0.1848
1351,,0.275,0.27016,0.85,0.17488,-0.025,0.96768,0.35,0.11712
1352,5,0.0,0.25248,0.85,0.19256,1.0,0.98536,0.35,0.09944
1353,,-0.075,0.1848,0.8,0.16024,0.975,0.95304,0.3,0.03176
1354,1,1.0,0.16712,0.8,0.17792,0.75,0.97072,0.3,0.01408
1355,,0.925,0.09944,0.75,0.1456,0.725,0.9384,0.25,-0.0536
1356,8,0.9,0.08176,0.75,0.16328,0.75,0.95608,0.25,1.0
1357,,0.825,0.01408,0.7,0.13096,0.725,0.92376,0.2,0.93232
1358,,0.75,-0.0536,0.65,0.09864,0.7,0.89144,0.15,0.86464
1359,2,0.725,1.0,0.65,0.11632,0.725,0.90912,0.15,0.84696
1360,,0.65,0.93232,0.6,0.084,0.7,0.8768,0.1,0.77928
1361,,0.575,0.86464,0.55,0.05168,0.675,0.84448,0.05,0.7116
1362,,0.5,0.79696,0.5,0.01936,0.65,0.81216,0.0,0.64392
1363,,0.425,0.72928,0.45,-0.01296,0.625,0.77984,-0.05,0.57624
1364,7,0.4,0.7116,0.45,0.00472,0.65,0.79752,1.0,0.55856
1365,,0.325,0.64392,0.4,-0.0276,0.625,0.7652,0.95,0.49088
1366,4,0.3,0.62624,0.4,1.0,0.65,0.78288,0.95,0.4732
1367,,0.225,0.55856,0.35,0.96768,0.625,0.75056,0.9,0.40552
1368,,0.15,0.49088,0.3,0.93536,0.6,0.71824,0.85,0.33784
1369,,0.075,0.4232,0.25,0.90304,0.575,0.68592,0.8,0.27016
1370,,-0.0,0.35552,0.2,0.87072,0.55,0.6536,0.75,0.20248
1371,,-0.075,0.28784,0.15,0.8384,0.525,0.62128,0.7,0.1348
1372,1,1.0,0.27016,0.15,0.85608,0.3,0.63896,0.7,0.11712
1373,,0.925,0.20248,0.1,0.82376,0.275,0.60664,0.65,0.04944
1374,,0.85,0.1348,0.05,0.79144,0.25,0.57432,0.6,-0.01824
1375,8,0.825,0.11712,0.05,0.80912,0.275,0.592,0.6,1.0
1376,,0.75,0.04944,0.0,0.7768,0.25,0.55968,0.55,0.93232
1377,,0.675,-0.01824,-0.05,0.74448,0.225,0.52736,0.5,0.86464
1378,3,0.65,-0.03592,1.0,0.76216,0.25,0.54504,0.5,0.84696
1379,2,0.625,1.0,1.0,0.77984,0.275,0.56272,0.5,0.82928
1380,,0.55,0.93232,0.95,0.74752,0.25,0.5304,0.45,0.7616
1381,,0.475,0.86464,0.9,0.7152,0.225,0.49808,0.4,0.69392
1382,,0.4,0.79696,0.85,0.68288,0.2,0.46576,0.35,0.62624
1383,,0.325,0.72928,0.8,0.65056,0.175,0.43344,0.3,0.55856
1384,,0.25,0.6616,0.75,0.61824,0.15,0.40112,0.25,0.49088
1385,,0.175,0.59392,0.7,0.58592,0.125,0.3688,0.2,0.4232
1386,,0.1,0.52624,0.65,0.5536,0.1,0.33648,0.15,0.35552
1387,,0.025,0.45856,0.6,0.52128,0.075,0.30416,0.1,0.28784
1388,,-0.05,0.39088,0.55,0.48896,0.05,0.27184,0.05,0.22016
1389,1,1.0,0.3732,0.55,0.50664,-0.175,0.28952,0.05,0.20248
1390,5,0.725,0.35552,0.55,0.52432,1.0,0.3072,0.05,0.1848
1391,,0.65,0.28784,0.5,0.492,0.975,0.27488,0.0,0.11712
1392,,0.575,0.22016,0.45,0.45968,0.95,0.24256,-0.05,0.04944
1393,7,0.55,0.20248,0.45,0.47736,0.975,0.26024,1.0,0.03176
1394,,0.475,0.1348,0.4,0.44504,0.95,0.22792,0.95,-0.03592
1395,8,0.45,0.11712,0.4,0.46272,0.975,0.2456,0.95,1.0
1396,,0.375,0.04944,0.35,0.4304,0.95,0.21328,0.9,0.93232
1397,,0.3,-0.01824,0.3,0.39808,0.925,0.18096,0.85,0.86464
1398,2,0.275,1.0,0.3,0.41576,0.95,0.19864,0.85,0.84696
1399,,0.2,0.93232,0.25,0.38344,0.925,0.16632,0.8,0.77928
1400,,0.125,0.86464,0.2,0.35112,0.9,0.134,0.75,0.7116
1401,,0.05,0.79696,0.15,0.3188,0.875,0.10168,0.7,0.64392
1402,,-0.025,0.72928,0.1,0.28648,0.85,0.06936,0.65,0.57624
1403,1,1.0,0.7116,0.1,0.30416,0.625,0.08704,0.65,0.55856
1404,,0.925,0.64392,0.05,0.27184,0.6,0.05472,0.6,0.49088
1405,,0.85,0.57624,0.0,0.23952,0.575,0.0224,0.55,0.4232
1406,,0.775,0.50856,-0.05,0.2072,0.55,-0.00992,0.5,0.35552
1407,3,0.75,0.49088,1.0,0.22488,0.575,0.00776,0.5,0.33784
1408,,0.675,0.4232,0.95,0.19256,0.55,-0.02456,0.45,0.27016
1409,6,0.65,0.40552,0.95,0.21024,0.575,1.0,0.45,0.25248
1410,,0.575,0.33784,0.9,0.17792,0.55,0.96768,0.4,0.1848
1411,,0.5,0.27016,0.85,0.1456,0.525,0.93536,0.35,0.11712
1412,,0.425,0.20248,0.8,0.11328,0.5,0.90304,0.3,0.04944
1413,,0.35,0.1348,0.75,0.08096,0.475,0.87072,0.25,-0.01824
1414,8,0.325,0.11712,0.75,0.09864,0.5,0.8884,0.25,1.0
1415,,0.25,0.04944,0.7,0.06632,0.475,0.85608,0.2,0.93232
1416,,0.175,-0.01824,0.65,0.034,0.45,0.82376,0.15,0.86464
1417,2,0.15,1.0,0.65,0.05168,0.475,0.84144,0.15,0.84696
1418,,0.075,0.93232,0.6,0.01936,0.45,0.80912,0.1,0.77928
1419,,-0.0,0.86464,0.55,-0.01296,0.425,0.7768,0.05,0.7116
1420,4,-0.025,0.84696,0.55,1.0,0.45,0.79448,0.05,0.69392
1421,1,1.0,0.82928,0.55,1.0,0.225,0.81216,0.05,0.67624
1422,,0.925,0.7616,0.5,0.96768,0.2,0.77984,0.0,0.60856
1423,,0.85,0.69392,0.45,0.93536,0.175,0.74752,-0.05,0.54088
1424,7,0.825,0.67624,0.45,0.95304,0.2,0.7652,1.0,0.5232
1425,,0.75,0.60856,0.4,0.92072,0.175,0.73288,0.95,0.45552
1426,,0.675,0.54088,0.35,0.8884,0.15,0.70056,0.9,0.38784
1427,,0.6,0.4732,0.3,0.85608,0.125,0.66824,0.85,0.32016
1428,,0.525,0.40552,0.25,0.82376,0.1,0.63592,0.8,0.25248
1429,,0.45,0.33784,0.2,0.79144,0.075,0.6036,0.75,0.1848
1430,,0.375,0.27016,0.15,0.75912,0.05,0.57128,0.7,0.11712
1431,,0.3,0.20248,0.1,0.7268,0.025,0.53896,0.65,0.04944
1432,,0.225,0.1348,0.05,0.69448,0.0,0.50664,0.6,-0.01824
1433,8,0.2,0.11712,0.05,0.71216,0.025,0.52432,0.6,1.0
1434,,0.125,0.04944,0.0,0.67984,0.0,0.492,0.55,0.93232
1435,,0.05,-0.01824,-0.05,0.64752,-0.025,0.45968,0.5,0.86464
1436,3,0.025,-0.03592,1.0,0.6652,0.0,0.47736,0.5,0.84696
1437,2,0.0,1.0,1.0,0.68288,0.025,0.49504,0.5,0.82928
1438,,-0.075,0.93232,0.95,0.65056,0.0,0.46272,0.45,0.7616
1439,1,1.0,0.91464,0.95,0.66824,-0.225,0.4804,0.45,0.74392
1440,5,0.725,0.89696,0.95,0.68592,1.0,0.49808,0.45,0.72624
1441,,0.65,0.82928,0.9,0.6536,0.975,0.46576,0.4,0.65856
1442,,0.575,0.7616,0.85,0.62128,0.95,0.43344,0.35,0.59088
1443,,0.5,0.69392,0.8,0.58896,0.925,0.40112,0.3,0.5232
1444,,0.425,0.62624,0.75,0.55664,0.9,0.3688,0.25,0.45552
1445,,0.35,0.55856,0.7,0.52432,0.875,0.33648,0.2,0.38784
1446,,0.275,0.49088,0.65,0.492,0.85,0.30416,0.15,0.32016
1447,,0.2,0.4232,0.6,0.45968,0.825,0.27184,0.1,0.25248
1448,,0.125,0.35552,0.55,0.42736,0.8,0.23952,0.05,0.1848
1449,,0.05,0.28784,0.5,0.39504,0.775,0.2072,0.0,0.11712
1450,,-0.025,0.22016,0.45,0.36272,0.75,0.17488,-0.05,0.04944
1451,7,-0.05,0.20248,0.45,0.3804,0.775,0.19256,1.0,0.03176
1452,1,1.0,0.1848,0.45,0.39808,0.55,0.21024,1.0,0.01408
1453,,0.925,0.11712,0.4,0.36576,0.525,0.17792,0.95,-0.0536
1454,8,0.9,0.09944,0.4,0.38344,0.55,0.1956,0.95,1.0
1455,,0.825,0.03176,0.35,0.35112,0.525,0.16328,0.9,0.93232
1456,,0.75,-0.03592,0.3,0.3188,0.5,0.13096,0.85,0.86464
1457,2,0.725,1.0,0.3,0.33648,0.525,0.14864,0.85,0.84696
1458,,0.65,0.93232,0.25,0.30416,0.5,0.11632,0.8,0.77928
1459,,0.575,0.86464,0.2,0.27184,0.475,0.084,0.75,0.7116
1460,,0.5,0.79696,0.15,0.23952,0.45,0.05168,0.7,0.64392
1461,,0.425,0.72928,0.1,0.2072,0.425,0.01936,0.65,0.57624
1462,,0.35,0.6616,0.05,0.17488,0.4,-0.01296,0.6,0.50856
1463,6,0.325,0.64392,0.05,0.19256,0.425,1.0,0.6,0.49088
1464,,0.25,0.57624,0.0,0.16024,0.4,0.96768,0.55,0.4232
1465,,0.175,0.50856,-0.05,0.12792,0.375,0.93536,0.5,0.35552
1466,3,0.15,0.49088,1.0,0.1456,0.4,0.95304,0.5,0.33784
1467,,0.075,0.4232,0.95,0.11328,0.375,0.92072,0.45,0.27016
1468,,-0.0,0.35552,0.9,0.08096,0.35,0.8884,0.4,0.20248
1469,,-0.075,0.28784,0.85,0.04864,0.325,0.85608,0.35,0.1348
1470,1,1.0,0.27016,0.85,0.06632,0.1,0.87376,0.35,0.11712
1471,,0.925,0.20248,0.8,0.034,0.075,0.84144,0.3,0.04944
1472,,0.85,0.1348,0.75,0.00168,0.05,0.80912,0.25,-0.01824
1473,8,0.825,0.11712,0.75,0.01936,0.075,0.8268,0.25,1.0
1474,,0.75,0.04944,0.7,-0.01296,0.05,0.79448,0.2,0.93232
1475,4,0.725,0.03176,0.7,1.0,0.075,0.81216,0.2,0.91464
1476,,0.65,-0.03592,0.65,0.96768,0.05,0.77984,0.15,0.84696
1477,2,0.625,1.0,0.65,0.98536,0.075,0.79752,0.15,0.82928
1478,,0.55,0.93232,0.6,0.95304,0.05,0.7652,0.1,0.7616
1479,,0.475,0.86464,0.55,0.92072,0.025,0.73288,0.05,0.69392
1480,,0.4,0.79696,0.5,0.8884,0.0,0.70056,0.0,0.62624
1481,,0.325,0.72928,0.45,0.85608,-0.025,0.66824,-0.05,0.55856
1482,7,0.3,0.7116,0.45,0.87376,0.0,0.68592,1.0,0.54088
1483,,0.225,0.64392,0.4,0.84144,-0.025,0.6536,0.95,0.4732
1484,5,-0.05,0.62624,0.4,0.85912,1.0,0.67128,0.95,0.45552
1485,1,1.0,0.60856,0.4,0.8768,0.775,0.68896,0.95,0.43784
1486,,0.925,0.54088,0.35,0.84448,0.75,0.65664,0.9,0.37016
1487,,0.85,0.4732,0.3,0.81216,0.725,0.62432,0.85,0.30248
1488,,0.775,0.40552,0.25,0.77984,0.7,0.592,0.8,0.2348
1489,,0.7,0.33784,0.2,0.74752,0.675,0.55968,0.75,0.16712
1490,,0.625,0.27016,0.15,0.7152,0.65,0.52736,0.7,0.09944
1491,,0.55,0.20248,0.1,0.68288,0.625,0.49504,0.65,0.03176
1492,,0.475,0.1348,0.05,0.65056,0.6,0.46272,0.6,-0.03592
1493,8,0.45,0.11712,0.05,0.66824,0.625,0.4804,0.6,1.0
1494,,0.375,0.04944,0.0,0.63592,0.6,0.44808,0.55,0.93232
1495,,0.3,-0.01824,-0.05,0.6036,0.575,0.41576,0.5,0.86464
1496,3,0.275,-0.03592,1.0,0.62128,0.6,0.43344,0.5,0.84696
1497,2,0.25,1.0,1.0,0.63896,0.625,0.45112,0.5,0.82928
1498,,0.175,0.93232,0.95,0.60664,0.6,0.4188,0.45,0.7616
1499,,0.1,0.86464,0.9,0.57432,0.575,0.38648,0.4,0.69392
1500,,0.025,0.79696,0.85,0.542,0.55,0.35416,0.35,0.62624
1501,,-0.05,0.72928,0.8,0.50968,0.525,0.32184,0.3,0.55856
1502,1,1.0,0.7116,0.8,0.52736,0.3,0.33952,0.3,0.54088
1503,,0.925,0.64392,0.75,0.49504,0.275,0.3072,0.25,0.4732
1504,,0.85,0.57624,0.7,0.46272,0.25,0.27488,0.2,0.40552
1505,,0.775,0.50856,0.65,0.4304,0.225,0.24256,0.15,0.33784
1506,,0.7,0.44088,0.6,0.39808,0.2,0.21024,0.1,0.27016
1507,,0.625,0.3732,0.55,0.36576,0.175,0.17792,0.05,0.20248
1508,,0.55,0.30552,0.5,0.33344,0.15,0.1456,0.0,0.1348
1509,,0.475,0.23784,0.45,0.30112,0.125,0.11328,-0.05,0.06712
1510,7,0.45,0.22016,0.45,0.3188,0.15,0.13096,1.0,0.04944
1511,,0.375,0.15248,0.4,0.28648,0.125,0.09864,0.95,-0.01824
1512,8,0.35,0.1348,0.4,0.30416,0.15,0.11632,0.95,1.0
1513,,0.275,0.06712,0.35,0.27184,0.125,0.084,0.9,0.93232
1514,,0.2,-0.00056,0.3,0.23952,0.1,0.05168,0.85,0.86464
1515,2,0.175,1.0,0.3,0.2572,0.125,0.06936,0.85,0.84696
1516,,0.1,0.93232,0.25,0.22488,0.1,0.03704,0.8,0.77928
1517,,0.025,0.86464,0.2,0.19256,0.075,0.00472,0.75,0.7116
1518,,-0.05,0.79696,0.15,0.16024,0.05,-0.0276,0.7,0.64392
1519,1,1.0,0.77928,0.15,0.17792,-0.175,-0.00992,0.7,0.62624
1520,5,0.725,0.7616,0.15,0.1956,1.0,0.00776,0.7,0.60856
1521,,0.65,0.69392,0.1,0.16328,0.975,-0.02456,0.65,0.54088
1522,6,0.625,0.67624,0.1,0.18096,1.0,1.0,0.65,0.5232
1523,,0.55,0.60856,0.05,0.14864,0.975,0.96768,0.6,0.45552
1524,,0.475,0.54088,0.0,0.11632,0.95,0.93536,0.55,0.38784
1525,,0.4,0.4732,-0.05,0.084,0.925,0.90304,0.5,0.32016
1526,3,0.375,0.45552,1.0,0.10168,0.95,0.92072,0.5,0.30248
1527,,0.3,0.38784,0.95,0.06936,0.925,0.8884,0.45,0.2348
1528,,0.225,0.32016,0.9,0.03704,0.9,0.85608,0.4,0.16712
1529,,0.15,0.25248,0.85,0.00472,0.875,0.82376,0.35,0.09944
1530,,0.075,0.1848,0.8,-0.0276,0.85,0.79144,0.3,0.03176
1531,4,0.05,0.16712,0.8,1.0,0.875,0.80912,0.3,0.01408
1532,,-0.025,0.09944,0.75,0.96768,0.85,0.7768,0.25,-0.0536
1533,8,-0.05,0.08176,0.75,0.98536,0.875,0.79448,0.25,1.0
1534,1,1.0,0.06408,0.75,1.0,0.65,0.81216,0.25,0.98232
1535,,0.925,-0.0036,0.7,0.96768,0.625,0.77984,0.2,0.91464
1536,2,0.9,1.0,0.7,0.98536,0.65,0.79752,0.2,0.89696
1537,,0.825,0.93232,0.65,0.95304,0.625,0.7652,0.15,0.82928
1538,,0.75,0.86464,0.6,0.92072,0.6,0.73288,0.1,0.7616
1539,,0.675,0.79696,0.55,0.8884,0.575,0.70056,0.05,0.69392
1540,,0.6,0.72928,0.5,0.85608,0.55,0.66824,0.0,0.62624
1541,,0.525,0.6616,0.45,0.82376,0.525,0.63592,-0.05,0.55856
1542,7,0.5,0.64392,0.45,0.84144,0.55,0.6536,1.0,0.54088
1543,,0.425,0.57624,0.4,0.80912,0.525,0.62128,0.95,0.4732
1544,,0.35,0.50856,0.35,0.7768,0.5,0.58896,0.9,0.40552
1545,,0.275,0.44088,0.3,0.74448,0.475,0.55664,0.85,0.33784
1546,,0.2,0.3732,0.25,0.71216,0.45,0.52432,0.8,0.27016
1547,,0.125,0.30552,0.2,0.67984,0.425,0.492,0.75,0.20248
1548,,0.05,0.23784,0.15,0.64752,0.4,0.45968,0.7,0.1348
1549,,-0.025,0.17016,0.1,0.6152,0.375,0.42736,0.65,0.06712
1550,1,1.0,0.15248,0.1,0.63288,0.15,0.44504,0.65,0.04944
1551,,0.925,0.0848,0.05,0.60056,0.125,0.41272,0.6,-0.01824
1552,8,0.9,0.06712,0.05,0.61824,0.15,0.4304,0.6,1.0
1553,,0.825,-0.00056,0.0,0.58592,0.125,0.39808,0.55,0.93232
1554,2,0.8,1.0,0.0,0.6036,0.15,0.41576,0.55,0.91464
1555,,0.725,0.93232,-0.05,0.57128,0.125,0.38344,0.5,0.84696
1556,3,0.7,0.91464,1.0,0.58896,0.15,0.40112,0.5,0.82928
1557,,0.625,0.84696,0.95,0.55664,0.125,0.3688,0.45,0.7616
1558,,0.55,0.77928,0.9,0.52432,0.1,0.33648,0.4,0.69392
1559,,0.475,0.7116,0.85,0.492,0.075,0.30416,0.35,0.62624
1560,,0.4,0.64392,0.8,0.45968,0.05,0.27184,0.3,0.55856
1561,,0.325,0.57624,0.75,0.42736,0.025,0.23952,0.25,0.49088
1562,,0.25,0.50856,0.7,0.39504,0.0,0.2072,0.2,0.4232
1563,,0.175,0.44088,0.65,0.36272,-0.025,0.17488,0.15,0.35552
1564,5,-0.1,0.4232,0.65,0.3804,1.0,0.19256,0.15,0.33784
1565,1,1.0,0.40552,0.65,0.39808,0.775,0.21024,0.15,0.32016
1566,,0.925,0.33784,0.6,0.36576,0.75,0.17792,0.1,0.25248
1567,,0.85,0.27016,0.55,0.33344,0.725,0.1456,0.05,0.1848
1568,,0.775,0.20248,0.5,0.30112,0.7,0.11328,0.0,0.11712
1569,,0.7,0.1348,0.45,0.2688,0.675,0.08096,-0.05,0.04944
1570,7,0.675,0.11712,0.45,0.28648,0.7,0.09864,1.0,0.03176
1571,,0.6,0.04944,0.4,0.25416,0.675,0.06632,0.95,-0.03592
1572,8,0.575,0.03176,0.4,0.27184,0.7,0.084,0.95,1.0
1573,,0.5,-0.03592,0.35,0.23952,0.675,0.05168,0.9,0.93232
1574,2,0.475,1.0,0.35,0.2572,0.7,0.06936,0.9,0.91464
1575,,0.4,0.93232,0.3,0.22488,0.675,0.03704,0.85,0.84696
1576,,0.325,0.86464,0.25,0.19256,0.65,0.00472,0.8,0.77928
1577,,0.25,0.79696,0.2,0.16024,0.625,-0.0276,0.75,0.7116
1578,6,0.225,0.77928,0.2,0.17792,0.65,1.0,0.75,0.69392
1579,,0.15,0.7116,0.15,0.1456,0.625,0.96768,0.7,0.62624
1580,,0.075,0.64392,0.1,0.11328,0.6,0.93536,0.65,0.55856
1581,,-0.0,0.57624,0.05,0.08096,0.575,0.90304,0.6,0.49088
1582,,-0.075,0.50856,0.0,0.04864,0.55,0.87072,0.55,0.4232
1583,1,1.0,0.49088,0.0,0.06632,0.325,0.8884,0.55,0.40552
1584,,0.925,0.4232,-0.05,0.034,0.3,0.85608,0.5,0.33784
1585,3,0.9,0.40552,1.0,0.05168,0.325,0.87376,0.5,0.32016
1586,,0.825,0.33784,0.95,0.01936,0.3,0.84144,0.45,0.25248
1587,,0.75,0.27016,0.9,-0.01296,0.275,0.80912,0.4,0.1848
1588,4,0.725,0.25248,0.9,1.0,0.3,0.8268,0.4,0.16712
1589,,0.65,0.1848,0.85,0.96768,0.275,0.79448,0.35,0.09944
1590,,0.575,0.11712,0.8,0.93536,0.25,0.76216,0.3,0.03176
1591,,0.5,0.04944,0.75,0.90304,0.225,0.72984,0.25,-0.03592
1592,8,0.475,0.03176,0.75,0.92072,0.25,0.74752,0.25,1.0
1593,,0.4,-0.03592,0.7,0.8884,0.225,0.7152,0.2,0.93232
1594,2,0.375,1.0,0.7,0.90608,0.25,0.73288,0.2,0.91464
1595,,0.3,0.93232,0.65,0.87376,0.225,0.70056,0.15,0.84696
1596,,0.225,0.86464,0.6,0.84144,0.2,0.66824,0.1,0.77928
1597,,0.15,0.79696,0.55,0.80912,0.175,0.63592,0.05,0.7116
1598,,0.075,0.72928,0.5,0.7768,0.15,0.6036,0.0,0.64392
1599,,-0.0,0.6616,0.45,0.74448,0.125,0.57128,-0.05,0.57624
1600,7,-0.025,0.64392,0.45,0.76216,0.15,0.58896,1.0,0.55856
1601,1,1.0,0.62624,0.45,0.77984,-0.075,0.60664,1.0,0.54088
1602,5,0.725,0.60856,0.45,0.79752,1.0,0.62432,1.0,0.5232
1603,,0.65,0.54088,0.4,0.7652,0.975,0.592,0.95,0.45552
1604,,0.575,0.4732,0.35,0.73288,0.95,0.55968,0.9,0.38784
1605,,0.5,0.40552,0.3,0.70056,0.925,0.52736,0.85,0.32016
1606,,0.425,0.33784,0.25,0.66824,0.9,0.49504,0.8,0.25248
1607,,0.35,0.27016,0.2,0.63592,0.875,0.46272,0.75,0.1848
1608,,0.275,0.20248,0.15,0.6036,0.85,0.4304,0.7,0.11712
1609,,0.2,0.1348,0.1,0.57128,0.825,0.39808,0.65,0.04944
1610,,0.125,0.06712,0.05,0.53896,0.8,0.36576,0.6,-0.01824
1611,8,0.1,0.04944,0.05,0.55664,0.825,0.38344,0.6,1.0
1612,,0.025,-0.01824,0.0,0.52432,0.8,0.35112,0.55,0.93232
1613,2,0.0,1.0,0.0,0.542,0.825,0.3688,0.55,0.91464
1614,,-0.075,0.93232,-0.05,0.50968,0.8,0.33648,0.5,0.84696
1615,1,1.0,0.91464,-0.05,0.52736,0.575,0.35416,0.5,0.82928
1616,3,0.975,0.89696,1.0,0.54504,0.6,0.37184,0.5,0.8116
1617,,0.9,0.82928,0.95,0.51272,0.575,0.33952,0.45,0.74392
1618,,0.825,0.7616,0.9,0.4804,0.55,0.3072,0.4,0.67624
1619,,0.75,0.69392,0.85,0.44808,0.525,0.27488,0.35,0.60856
1620,,0.675,0.62624,0.8,0.41576,0.5,0.24256,0.3,0.54088
1621,,0.6,0.55856,0.75,0.38344,0.475,0.21024,0.25,0.4732
1622,,0.525,0.49088,0.7,0.35112,0.45,0.17792,0.2,0.40552
1623,,0.45,0.4232,0.65,0.3188,0.425,0.1456,0.15,0.33784
1624,,0.375,0.35552,0.6,0.28648,0.4,0.11328,0.1,0.27016
1625,,0.3,0.28784,0.55,0.25416,0.375,0.08096,0.05,0.20248
1626,,0.225,0.22016,0.5,0.22184,0.35,0.04864,0.0,0.1348
1627,,0.15,0.15248,0.45,0.18952,0.325,0.01632,-0.05,0.06712
1628,7,0.125,0.1348,0.45,0.2072,0.35,0.034,1.0,0.04944
1629,,0.05,0.06712,0.4,0.17488,0.325,0.00168,0.95,-0.01824
1630,8,0.025,0.04944,0.4,0.19256,0.35,0.01936,0.95,1.0
1631,,-0.05,-0.01824,0.35,0.16024,0.325,-0.01296,0.9,0.93232
1632,1,1.0,-0.03592,0.35,0.17792,0.1,0.00472,0.9,0.91464
1633,2,0.975,1.0,0.35,0.1956,0.125,0.0224,0.9,0.89696
1634,,0.9,0.93232,0.3,0.16328,0.1,-0.00992,0.85,0.82928
1635,6,0.875,0.91464,0.3,0.18096,0.125,1.0,0.85,0.8116
1636,,0.8,0.84696,0.25,0.14864,0.1,0.96768,0.8,0.74392
1637,,0.725,0.77928,0.2,0.11632,0.075,0.93536,0.75,0.67624
1638,,0.65,0.7116,0.15,0.084,0.05,0.90304,0.7,0.60856
1639,,0.575,0.64392,0.1,0.05168,0.025,0.87072,0.65,0.54088
1640,,0.5,0.57624,0.05,0.01936,0.0,0.8384,0.6,0.4732
1641,,0.425,0.50856,0.0,-0.01296,-0.025,0.80608,0.55,0.40552
1642,5,0.15,0.49088,0.0,0.00472,1.0,0.82376,0.55,0.38784
1643,,0.075,0.4232,-0.05,-0.0276,0.975,0.79144,0.5,0.32016
1644,3,0.05,0.40552,1.0,-0.00992,1.0,0.80912,0.5,0.30248
1645,4,0.025,0.38784,1.0,1.0,1.0,0.8268,0.5,0.2848
1646,,-0.05,0.32016,0.95,0.96768,0.975,0.79448,0.45,0.21712
1647,1,1.0,0.30248,0.95,0.98536,0.75,0.81216,0.45,0.19944
1648,,0.925,0.2348,0.9,0.95304,0.725,0.77984,0.4,0.13176
1649,,0.85,0.16712,0.85,0.92072,0.7,0.74752,0.35,0.06408
1650,,0.775,0.09944,0.8,0.8884,0.675,0.7152,0.3,-0.0036
1651,8,0.75,0.08176,0.8,0.90608,0.7,0.73288,0.3,1.0
1652,,0.675,0.01408,0.75,0.87376,0.675,0.70056,0.25,0.93232
1653,,0.6,-0.0536,0.7,0.84144,0.65,0.66824,0.2,0.86464
1654,2,0.575,1.0,0.7,0.85912,0.675,0.68592,0.2,0.84696
1655,,0.5,0.93232,0.65,0.8268,0.65,0.6536,0.15,0.77928
1656,,0.425,0.86464,0.6,0.79448,0.625,0.62128,0.1,0.7116
1657,,0.35,0.79696,0.55,0.76216,0.6,0.58896,0.05,0.64392
1658,,0.275,0.72928,0.5,0.72984,0.575,0.55664,0.0,0.57624
1659,,0.2,0.6616,0.45,0.69752,0.55,0.52432,-0.05,0.50856
1660,7,0.175,0.64392,0.45,0.7152,0.575,0.542,1.0,0.49088
1661,,0.1,0.57624,0.4,0.68288,0.55,0.50968,0.95,0.4232
1662,,0.025,0.50856,0.35,0.65056,0.525,0.47736,0.9,0.35552
1663,,-0.05,0.44088,0.3,0.61824,0.5,0.44504,0.85,0.28784
1664,1,1.0,0.4232,0.3,0.63592,0.275,0.46272,0.85,0.27016
1665,,0.925,0.35552,0.25,0.6036,0.25,0.4304,0.8,0.20248
1666,,0.85,0.28784,0.2,0.57128,0.225,0.39808,0.75,0.1348
1667,,0.775,0.22016,0.15,0.53896,0.2,0.36576,0.7,0.06712
1668,,0.7,0.15248,0.1,0.50664,0.175,0.33344,0.65,-0.00056
1669,8,0.675,0.1348,0.1,0.52432,0.2,0.35112,0.65,1.0
1670,,0.6,0.06712,0.05,0.492,0.175,0.3188,0.6,0.93232
1671,,0.525,-0.00056,0.0,0.45968,0.15,0.28648,0.55,0.86464
1672,2,0.5,1.0,0.0,0.47736,0.175,0.30416,0.55,0.84696
1673,,0.425,0.93232,-0.05,0.44504,0.15,0.27184,0.5,0.77928
1674,3,0.4,0.91464,1.0,0.46272,0.175,0.28952,0.5,0.7616
1675,,0.325,0.84696,0.95,0.4304,0.15,0.2572,0.45,0.69392
1676,,0.25,0.77928,0.9,0.39808,0.125,0.22488,0.4,0.62624
1677,,0.175,0.7116,0.85,0.36576,0.1,0.19256,0.35,0.55856
1678,,0.1,0.64392,0.8,0.33344,0.075,0.16024,0.3,0.49088
1679,,0.025,0.57624,0.75,0.30112,0.05,0.12792,0.25,0.4232
1680,,-0.05,0.50856,0.7,0.2688,0.025,0.0956,0.2,0.35552
1681,1,1.0,0.49088,0.7,0.28648,-0.2,0.11328,0.2,0.33784
1682,5,0.725,0.4732,0.7,0.30416,1.0,0.13096,0.2,0.32016
1683,,0.65,0.40552,0.65,0.27184,0.975,0.09864,0.15,0.25248
1684,,0.575,0.33784,0.6,0.23952,0.95,0.06632,0.1,0.1848
1685,,0.5,0.27016,0.55,0.2072,0.925,0.034,0.05,0.11712
1686,,0.425,0.20248,0.5,0.17488,0.9,0.00168,0.0,0.04944
1687,,0.35,0.1348,0.45,0.14256,0.875,-0.03064,-0.05,-0.01824
1688,7,0.325,0.11712,0.45,0.16024,0.9,-0.01296,1.0,-0.03592
1689,8,0.3,0.09944,0.45,0.17792,0.925,0.00472,1.0,1.0
1690,,0.225,0.03176,0.4,0.1456,0.9,-0.0276,0.95,0.93232
1691,6,0.2,0.01408,0.4,0.16328,0.925,1.0,0.95,0.91464
1692,,0.125,-0.0536,0.35,0.13096,0.9,0.96768,0.9,0.84696
1693,2,0.1,1.0,0.35,0.14864,0.925,0.98536,0.9,0.82928
1694,,0.025,0.93232,0.3,0.11632,0.9,0.95304,0.85,0.7616
1695,,-0.05,0.86464,0.25,0.084,0.875,0.92072,0.8,0.69392
1696,1,1.0,0.84696,0.25,0.10168,0.65,0.9384,0.8,0.67624
1697,,0.925,0.77928,0.2,0.06936,0.625,0.90608,0.75,0.60856
1698,,0.85,0.7116,0.15,0.03704,0.6,0.87376,0.7,0.54088
1699,,0.775,0.64392,0.1,0.00472,0.575,0.84144,0.65,0.4732
1700,,0.7,0.57624,0.05,-0.0276,0.55,0.80912,0.6,0.40552
1701,4,0.675,0.55856,0.05,1.0,0.575,0.8268,0.6,0.38784
1702,,0.6,0.49088,0.0,0.96768,0.55,0.79448,0.55,0.32016
1703,,0.525,0.4232,-0.05,0.93536,0.525,0.76216,0.5,0.25248
1704,3,0.5,0.40552,1.0,0.95304,0.55,0.77984,0.5,0.2348
1705,,0.425,0.33784,0.95,0.92072,0.525,0.74752,0.45,0.16712
1706,,0.35,0.27016,0.9,0.8884,0.5,0.7152,0.4,0.09944
1707,,0.275,0.20248,0.85,0.85608,0.475,0.68288,0.35,0.03176
1708,,0.2,0.1348,0.8,0.82376,0.45,0.65056,0.3,-0.03592
1709,8,0.175,0.11712,0.8,0.84144,0.475,0.66824,0.3,1.0
1710,,0.1,0.04944,0.75,0.80912,0.45,0.63592,0.25,0.93232
1711,,0.025,-0.01824,0.7,0.7768,0.425,0.6036,0.2,0.86464
1712,2,0.0,1.0,0.7,0.79448,0.45,0.62128,0.2,0.84696
1713,,-0.075,0.93232,0.65,0.76216,0.425,0.58896,0.15,0.77928
1714,1,1.0,0.91464,0.65,0.77984,0.2,0.60664,0.15,0.7616
1715,,0.925,0.84696,0.6,0.74752,0.175,0.57432,0.1,0.69392
1716,,0.85,0.77928,0.55,0.7152,0.15,0.542,0.05,0.62624
1717,,0.775,0.7116,0.5,0.68288,0.125,0.50968,0.0,0.55856
1718,,0.7,0.64392,0.45,0.65056,0.1,0.47736,-0.05,0.49088
1719,7,0.675,0.62624,0.45,0.66824,0.125,0.49504,1.0,0.4732
1720,,0.6,0.55856,0.4,0.63592,0.1,0.46272,0.95,0.40552
1721,,0.525,0.49088,0.35,0.6036,0.075,0.4304,0.9,0.33784
1722,,0.45,0.4232,0.3,0.57128,0.05,0.39808,0.85,0.27016
1723,,0.375,0.35552,0.25,0.53896,0.025,0.36576,0.8,0.20248
1724,,0.3,0.28784,0.2,0.50664,0.0,0.33344,0.75,0.1348
1725,,0.225,0.22016,0.15,0.47432,-0.025,0.30112,0.7,0.06712
1726,5,-0.05,0.20248,0.15,0.492,1.0,0.3188,0.7,0.04944
1727,1,1.0,0.1848,0.15,0.50968,0.775,0.33648,0.7,0.03176
1728,,0.925,0.11712,0.1,0.47736,0.75,0.30416,0.65,-0.03592
1729,8,0.9,0.09944,0.1,0.49504,0.775,0.32184,0.65,1.0
1730,,0.825,0.03176,0.05,0.46272,0.75,0.28952,0.6,0.93232
1731,,0.75,-0.03592,0.0,0.4304,0.725,0.2572,0.55,0.86464
1732,2,0.725,1.0,0.0,0.44808,0.75,0.27488,0.55,0.84696
1733,,0.65,0.93232,-0.05,0.41576,0.725,0.24256,0.5,0.77928
1734,3,0.625,0.91464,1.0,0.43344,0.75,0.26024,0.5,0.7616
1735,,0.55,0.84696,0.95,0.40112,0.725,0.22792,0.45,0.69392
1736,,0.475,0.77928,0.9,0.3688,0.7,0.1956,0.4,0.62624
1737,,0.4,0.7116,0.85,0.33648,0.675,0.16328,0.35,0.55856
1738,,0.325,0.64392,0.8,0.30416,0.65,0.13096,0.3,0.49088
1739,,0.25,0.57624,0.75,0.27184,0.625,0.09864,0.25,0.4232
1740,,0.175,0.50856,0.7,0.23952,0.6,0.06632,0.2,0.35552
1741,,0.1,0.44088,0.65,0.2072,0.575,0.034,0.15,0.28784
1742,,0.025,0.3732,0.6,0.17488,0.55,0.00168,0.1,0.22016
1743,,-0.05,0.30552,0.55,0.14256,0.525,-0.03064,0.05,0.15248
1744,1,1.0,0.28784,0.55,0.16024,0.3,-0.01296,0.05,0.1348
1745,6,0.975,0.27016,0.55,0.17792,0.325,1.0,0.05,0.11712
1746,,0.9,0.20248,0.5,0.1456,0.3,0.96768,0.0,0.04944
1747,,0.825,0.1348,0.45,0.11328,0.275,0.93536,-0.05,-0.01824
1748,7,0.8,0.11712,0.45,0.13096,0.3,0.95304,1.0,-0.03592
1749,8,0.775,0.09944,0.45,0.14864,0.325,0.97072,1.0,1.0
1750,,0.7,0.03176,0.4,0.11632,0.3,0.9384,0.95,0.93232
1751,,0.625,-0.03592,0.35,0.084,0.275,0.90608,0.9,0.86464
1752,2,0.6,1.0,0.35,0.10168,0.3,0.92376,0.9,0.84696
1753,,0.525,0.93232,0.3,0.06936,0.275,0.89144,0.85,0.77928
1754,,0.45,0.86464,0.25,0.03704,0.25,0.85912,0.8,0.7116
1755,,0.375,0.79696,0.2,0.00472,0.225,0.8268,0.75,0.64392
1756,,0.3,0.72928,0.15,-0.0276,0.2,0.79448,0.7,0.57624
1757,4,0.275,0.7116,0.15,1.0,0.225,0.81216,0.7,0.55856
1758,,0.2,0.64392,0.1,0.96768,0.2,0.77984,0.65,0.49088
1759,,0.125,0.57624,0.05,0.93536,0.175,0.74752,0.6,0.4232
1760,,0.05,0.50856,0.0,0.90304,0.15,0.7152,0.55,0.35552
1761,,-0.025,0.44088,-0.05,0.87072,0.125,0.68288,0.5,0.28784
1762,3,-0.05,0.4232,1.0,0.8884,0.15,0.70056,0.5,0.27016
1763,1,1.0,0.40552,1.0,0.90608,-0.075,0.71824,0.5,0.25248
1764,5,0.725,0.38784,1.0,0.92376,1.0,0.73592,0.5,0.2348
1765,,0.65,0.32016,0.95,0.89144,0.975,0.7036,0.45,0.16712
1766,,0.575,0.25248,0.9,0.85912,0.95,0.67128,0.4,0.09944
1767,,0.5,0.1848,0.85,0.8268,0.925,0.63896,0.35,0.03176
1768,,0.425,0.11712,0.8,0.79448,0.9,0.60664,0.3,-0.03592
1769,8,0.4,0.09944,0.8,0.81216,0.925,0.62432,0.3,1.0
1770,,0.325,0.03176,0.75,0.77984,0.9,0.592,0.25,0.93232
1771,,0.25,-0.03592,0.7,0.74752,0.875,0.55968,0.2,0.86464
1772,2,0.225,1.0,0.7,0.7652,0.9,0.57736,0.2,0.84696
1773,,0.15,0.93232,0.65,0.73288,0.875,0.54504,0.15,0.77928
1774,,0.075,0.86464,0.6,0.70056,0.85,0.51272,0.1,0.7116
1775,,-0.0,0.79696,0.55,0.66824,0.825,0.4804,0.05,0.64392
1776,,-0.075,0.72928,0.5,0.63592,0.8,0.44808,0.0,0.57624
1777,1,1.0,0.7116,0.5,0.6536,0.575,0.46576,0.0,0.55856
1778,,0.925,0.64392,0.45,0.62128,0.55,0.43344,-0.05,0.49088
1779,7,0.9,0.62624,0.45,0.63896,0.575,0.45112,1.0,0.4732
1780,,0.825,0.55856,0.4,0.60664,0.55,0.4188,0.95,0.40552
1781,,0.75,0.49088,0.35,0.57432,0.525,0.38648,0.9,0.33784
1782,,0.675,0.4232,0.3,0.542,0.5,0.35416,0.85,0.27016
1783,,0.6,0.35552,0.25,0.50968,0.475,0.32184,0.8,0.20248
1784,,0.525,0.28784,0.2,0.47736,0.45,0.28952,0.75,0.1348
1785,,0.45,0.22016,0.15,0.44504,0.425,0.2572,0.7,0.06712
1786,,0.375,0.15248,0.1,0.41272,0.4,0.22488,0.65,-0.00056
1787,8,0.35,0.1348,0.1,0.4304,0.425,0.24256,0.65,1.0
1788,,0.275,0.06712,0.05,0.39808,0.4,0.21024,0.6,0.93232
1789,,0.2,-0.00056,0.0,0.36576,0.375,0.17792,0.55,0.86464
1790,2,0.175,1.0,0.0,0.38344,0.4,0.1956,0.55,0.84696
1791,,0.1,0.93232,-0.05,0.35112,0.375,0.16328,0.5,0.77928
1792,3,0.075,0.91464,1.0,0.3688,0.4,0.18096,0.5,0.7616
1793,,-0.0,0.84696,0.95,0.33648,0.375,0.14864,0.45,0.69392
1794,,-0.075,0.77928,0.9,0.30416,0.35,0.11632,0.4,0.62624
1795,1,1.0,0.7616,0.9,0.32184,0.125,0.134,0.4,0.60856
1796,,0.925,0.69392,0.85,0.28952,0.1,0.10168,0.35,0.54088
1797,,0.85,0.62624,0.8,0.2572,0.075,0.06936,0.3,0.4732
1798,,0.775,0.55856,0.75,0.22488,0.05,0.03704,0.25,0.40552
1799,,0.7,0.49088,0.7,0.19256,0.025,0.00472,0.2,0.33784
1800,,0.625,0.4232,0.65,0.16024,0.0,-0.0276,0.15,0.27016
1801,6,0.6,0.40552,0.65,0.17792,0.025,1.0,0.15,0.25248
1802,,0.525,0.33784,0.6,0.1456,0.0,0.96768,0.1,0.1848
1803,,0.45,0.27016,0.55,0.11328,-0.025,0.93536,0.05,0.11712
1804,5,0.175,0.25248,0.55,0.13096,1.0,0.95304,0.05,0.09944
1805,,0.1,0.1848,0.5,0.09864,0.975,0.92072,0.0,0.03176
1806,,0.025,0.11712,0.45,0.06632,0.95,0.8884,-0.05,-0.03592
1807,7,0.0,0.09944,0.45,0.084,0.975,0.90608,1.0,-0.0536
1808,8,-0.025,0.08176,0.45,0.10168,1.0,0.92376,1.0,1.0
1809,1,1.0,0.06408,0.45,0.11936,0.775,0.94144,1.0,0.98232
1810,,0.925,-0.0036,0.4,0.08704,0.75,0.90912,0.95,0.91464
1811,2,0.9,1.0,0.4,0.10472,0.775,0.9268,0.95,0.89696
1812,,0.825,0.93232,0.35,0.0724,0.75,0.89448,0.9,0.82928
1813,,0.75,0.86464,0.3,0.04008,0.725,0.86216,0.85,0.7616
1814,,0.675,0.79696,0.25,0.00776,0.7,0.82984,0.8,0.69392
1815,,0.6,0.72928,0.2,-0.02456,0.675,0.79752,0.75,0.62624
1816,4,0.575,0.7116,0.2,1.0,0.7,0.8152,0.75,0.60856
1817,,0.5,0.64392,0.15,0.96768,0.675,0.78288,0.7,0.54088
1818,,0.425,0.57624,0.1,0.93536,0.65,0.75056,0.65,0.4732
1819,,0.35,0.50856,0.05,0.90304,0.625,0.71824,0.6,0.40552
1820,,0.275,0.44088,0.0,0.87072,0.6,0.68592,0.55,0.33784
1821,,0.2,0.3732,-0.05,0.8384,0.575,0.6536,0.5,0.27016
1822,3,0.175,0.35552,1.0,0.85608,0.6,0.67128,0.5,0.25248
1823,,0.1,0.28784,0.95,0.82376,0.575,0.63896,0.45,0.1848
1824,,0.025,0.22016,0.9,0.79144,0.55,0.60664,0.4,0.11712
1825,,-0.05,0.15248,0.85,0.75912,0.525,0.57432,0.35,0.04944
1826,1,1.0,0.1348,0.85,0.7768,0.3,0.592,0.35,0.03176
1827,,0.925,0.06712,0.8,0.74448,0.275,0.55968,0.3,-0.03592
1828,8,0.9,0.04944,0.8,0.76216,0.3,0.57736,0.3,1.0
1829,,0.825,-0.01824,0.75,0.72984,0.275,0.54504,0.25,0.93232
1830,2,0.8,1.0,0.75,0.74752,0.3,0.56272,0.25,0.91464
1831,,0.725,0.93232,0.7,0.7152,0.275,0.5304,0.2,0.84696
1832,,0.65,0.86464,0.65,0.68288,0.25,0.49808,0.15,0.77928
1833,,0.575,0.79696,0.6,0.65056,0.225,0.46576,0.1,0.7116
1834,,0.5,0.72928,0.55,0.61824,0.2,0.43344,0.05,0.64392
1835,,0.425,0.6616,0.5,0.58592,0.175,0.40112,0.0,0.57624
1836,,0.35,0.59392,0.45,0.5536,0.15,0.3688,-0.05,0.50856
1837,7,0.325,0.57624,0.45,0.57128,0.175,0.38648,1.0,0.49088
1838,,0.25,0.50856,0.4,0.53896,0.15,0.35416,0.95,0.4232
1839,,0.175,0.44088,0.35,0.50664,0.125,0.32184,0.9,0.35552
1840,,0.1,0.3732,0.3,0.47432,0.1,0.28952,0.85,0.28784
1841,,0.025,0.30552,0.25,0.442,0.075,0.2572,0.8,0.22016
1842,,-0.05,0.23784,0.2,0.40968,0.05,0.22488,0.75,0.15248
1843,1,1.0,0.22016,0.2,0.42736,-0.175,0.24256,0.75,0.1348
1844,5,0.725,0.20248,0.2,0.44504,1.0,0.26024,0.75,0.11712
1845,,0.65,0.1348,0.15,0.41272,0.975,0.22792,0.7,0.04944
1846,,0.575,0.06712,0.1,0.3804,0.95,0.1956,0.65,-0.01824
1847,8,0.55,0.04944,0.1,0.39808,0.975,0.21328,0.65,1.0
1848,,0.475,-0.01824,0.05,0.36576,0.95,0.18096,0.6,0.93232
1849,2,0.45,1.0,0.05,0.38344,0.975,0.19864,0.6,0.91464
1850,,0.375,0.93232,0.0,0.35112,0.95,0.16632,0.55,0.84696
1851,,0.3,0.86464,-0.05,0.3188,0.925,0.134,0.5,0.77928
1852,3,0.275,0.84696,1.0,0.33648,0.95,0.15168,0.5,0.7616
1853,,0.2,0.77928,0.95,0.30416,0.925,0.11936,0.45,0.69392
1854,,0.125,0.7116,0.9,0.27184,0.9,0.08704,0.4,0.62624
1855,,0.05,0.64392,0.85,0.23952,0.875,0.05472,0.35,0.55856
1856,,-0.025,0.57624,0.8,0.2072,0.85,0.0224,0.3,0.49088
1857,1,1.0,0.55856,0.8,0.22488,0.625,0.04008,0.3,0.4732
1858,,0.925,0.49088,0.75,0.19256,0.6,0.00776,0.25,0.40552
1859,,0.85,0.4232,0.7,0.16024,0.575,-0.02456,0.2,0.33784
1860,6,0.825,0.40552,0.7,0.17792,0.6,1.0,0.2,0.32016
1861,,0.75,0.33784,0.65,0.1456,0.575,0.96768,0.15,0.25248
1862,,0.675,0.27016,0.6,0.11328,0.55,0.93536,0.1,0.1848
1863,,0.6,0.20248,0.55,0.08096,0.525,0.90304,0.05,0.11712
1864,,0.525,0.1348,0.5,0.04864,0.5,0.87072,0.0,0.04944
1865,,0.45,0.06712,0.45,0.01632,0.475,0.8384,-0.05,-0.01824
1866,7,0.425,0.04944,0.45,0.034,0.5,0.85608,1.0,-0.03592
1867,8,0.4,0.03176,0.45,0.05168,0.525,0.87376,1.0,1.0
1868,,0.325,-0.03592,0.4,0.01936,0.5,0.84144,0.95,0.93232
1869,2,0.3,1.0,0.4,0.03704,0.525,0.85912,0.95,0.91464
1870,,0.225,0.93232,0.35,0.00472,0.5,0.8268,0.9,0.84696
1871,,0.15,0.86464,0.3,-0.0276,0.475,0.79448,0.85,0.77928
1872,4,0.125,0.84696,0.3,1.0,0.5,0.81216,0.85,0.7616
1873,,0.05,0.77928,0.25,0.96768,0.475,0.77984,0.8,0.69392
1874,,-0.025,0.7116,0.2,0.93536,0.45,0.74752,0.75,0.62624
1875,1,1.0,0.69392,0.2,0.95304,0.225,0.7652,0.75,0.60856
1876,,0.925,0.62624,0.15,0.92072,0.2,0.73288,0.7,0.54088
1877,,0.85,0.55856,0.1,0.8884,0.175,0.70056,0.65,0.4732
1878,,0.775,0.49088,0.05,0.85608,0.15,0.66824,0.6,0.40552
1879,,0.7,0.4232,0.0,0.82376,0.125,0.63592,0.55,0.33784
1880,,0.625,0.35552,-0.05,0.79144,0.1,0.6036,0.5,0.27016
1881,3,0.6,0.33784,1.0,0.80912,0.125,0.62128,0.5,0.25248
1882,,0.525,0.27016,0.95,0.7768,0.1,0.58896,0.45,0.1848
1883,,0.45,0.20248,0.9,0.74448,0.075,0.55664,0.4,0.11712
1884,,0.375,0.1348,0.85,0.71216,0.05,0.52432,0.35,0.04944
1885,,0.3,0.06712,0.8,0.67984,0.025,0.492,0.3,-0.01824
1886,8,0.275,0.04944,0.8,0.69752,0.05,0.50968,0.3,1.0
1887,,0.2,-0.01824,0.75,0.6652,0.025,0.47736,0.25,0.93232
1888,2,0.175,1.0,0.75,0.68288,0.05,0.49504,0.25,0.91464
1889,,0.1,0.93232,0.7,0.65056,0.025,0.46272,0.2,0.84696
1890,,0.025,0.86464,0.65,0.61824,0.0,0.4304,0.15,0.77928
1891,,-0.05,0.79696,0.6,0.58592,-0.025,0.39808,0.1,0.7116
1892,1,1.0,0.77928,0.6,0.6036,-0.25,0.41576,0.1,0.69392
1893,5,0.725,0.7616,0.6,0.62128,1.0,0.43344,0.1,0.67624
1894,,0.65,0.69392,0.55,0.58896,0.975,0.40112,0.05,0.60856
1895,,0.575,0.62624,0.5,0.55664,0.95,0.3688,0.0,0.54088
1896,,0.5,0.55856,0.45,0.52432,0.925,0.33648,-0.05,0.4732
1897,7,0.475,0.54088,0.45,0.542,0.95,0.35416,1.0,0.45552
1898,,0.4,0.4732,0.4,0.50968,0.925,0.32184,0.95,0.38784
1899,,0.325,0.40552,0.35,0.47736,0.9,0.28952,0.9,0.32016
1900,,0.25,0.33784,0.3,0.44504,0.875,0.2572,0.85,0.25248
1901,,0.175,0.27016,0.25,0.41272,0.85,0.22488,0.8,0.1848
1902,,0.1,0.20248,0.2,0.3804,0.825,0.19256,0.75,0.11712
1903,,0.025,0.1348,0.15,0.34808,0.8,0.16024,0.7,0.04944
1904,,-0.05,0.06712,0.1,0.31576,0.775,0.12792,0.65,-0.01824
1905,1,1.0,0.04944,0.1,0.33344,0.55,0.1456,0.65,-0.03592
1906,8,0.975,0.03176,0.1,0.35112,0.575,0.16328,0.65,1.0
1907,,0.9,-0.03592,0.05,0.3188,0.55,0.13096,0.6,0.93232
1908,2,0.875,1.0,0.05,0.33648,0.575,0.14864,0.6,0.91464
1909,,0.8,0.93232,0.0,0.30416,0.55,0.11632,0.55,0.84696
1910,,0.725,0.86464,-0.05,0.27184,0.525,0.084,0.5,0.77928
1911,3,0.7,0.84696,1.0,0.28952,0.55,0.10168,0.5,0.7616
1912,,0.625,0.77928,0.95,0.2572,0.525,0.06936,0.45,0.69392
1913,,0.55,0.7116,0.9,0.22488,0.5,0.03704,0.4,0.62624
1914,,0.475,0.64392,0.85,0.19256,0.475,0.00472,0.35,0.55856
1915,,0.4,0.57624,0.8,0.16024,0.45,-0.0276,0.3,0.49088
1916,6,0.375,0.55856,0.8,0.17792,0.475,1.0,0.3,0.4732
1917,,0.3,0.49088,0.75,0.1456,0.45,0.96768,0.25,0.40552
1918,,0.225,0.4232,0.7,0.11328,0.425,0.93536,0.2,0.33784
1919,,0.15,0.35552,0.65,0.08096,0.4,0.90304,0.15,0.27016
1920,,0.075,0.28784,0.6,0.04864,0.375,0.87072,0.1,0.20248
1921,,-0.0,0.22016,0.55,0.01632,0.35,0.8384,0.05,0.1348
1922,,-0.075,0.15248,0.5,-0.016,0.325,0.80608,0.0,0.06712
1923,1,1.0,0.1348,0.5,0.00168,0.1,0.82376,0.0,0.04944
1924,,0.925,0.06712,0.45,-0.03064,0.075,0.79144,-0.05,-0.01824
1925,7,0.9,0.04944,0.45,-0.01296,0.1,0.80912,1.0,-0.03592
1926,8,0.875,0.03176,0.45,0.00472,0.125,0.8268,1.0,1.0
1927,,0.8,-0.03592,0.4,-0.0276,0.1,0.79448,0.95,0.93232
1928,2,0.775,1.0,0.4,-0.00992,0.125,0.81216,0.95,0.91464
1929,4,0.75,0.98232,0.4,1.0,0.15,0.82984,0.95,0.89696
1930,,0.675,0.91464,0.35,0.96768,0.125,0.79752,0.9,0.82928
1931,,0.6,0.84696,0.3,0.93536,0.1,0.7652,0.85,0.7616
1932,,0.525,0.77928,0.25,0.90304,0.075,0.73288,0.8,0.69392
1933,,0.45,0.7116,0.2,0.87072,0.05,0.70056,0.75,0.62624
1934,,0.375,0.64392,0.15,0.8384,0.025,0.66824,0.7,0.55856
1935,,0.3,0.57624,0.1,0.80608,0.0,0.63592,0.65,0.49088
1936,,0.225,0.50856,0.05,0.77376,-0.025,0.6036,0.6,0.4232
1937,5,-0.05,0.49088,0.05,0.79144,1.0,0.62128,0.6,0.40552
1938,1,1.0,0.4732,0.05,0.80912,0.775,0.63896,0.6,0.38784
1939,,0.925,0.40552,0.0,0.7768,0.75,0.60664,0.55,0.32016
1940,,0.85,0.33784,-0.05,0.74448,0.725,0.57432,0.5,0.25248
1941,3,0.825,0.32016,1.0,0.76216,0.75,0.592,0.5,0.2348
1942,,0.75,0.25248,0.95,0.72984,0.725,0.55968,0.45,0.16712
1943,,0.675,0.1848,0.9,0.69752,0.7,0.52736,0.4,0.09944
1944,,0.6,0.11712,0.85,0.6652,0.675,0.49504,0.35,0.03176
1945,,0.525,0.04944,0.8,0.63288,0.65,0.46272,0.3,-0.03592
1946,8,0.5,0.03176,0.8,0.65056,0.675,0.4804,0.3,1.0
1947,,0.425,-0.03592,0.75,0.61824,0.65,0.44808,0.25,0.93232
1948,2,0.4,1.0,0.75,0.63592,0.675,0.46576,0.25,0.91464
1949,,0.325,0.93232,0.7,0.6036,0.65,0.43344,0.2,0.84696
1950,,0.25,0.86464,0.65,0.57128,0.625,0.40112,0.15,0.77928
1951,,0.175,0.79696,0.6,0.53896,0.6,0.3688,0.1,0.7116
1952,,0.1,0.72928,0.55,0.50664,0.575,0.33648,0.05,0.64392
1953,,0.025,0.6616,0.5,0.47432,0.55,0.30416,0.0,0.57624
1954,,-0.05,0.59392,0.45,0.442,0.525,0.27184,-0.05,0.50856
1955,7,-0.075,0.57624,0.45,0.45968,0.55,0.28952,1.0,0.49088
1956,1,1.0,0.55856,0.45,0.47736,0.325,0.3072,1.0,0.4732
1957,,0.925,0.49088,0.4,0.44504,0.3,0.27488,0.95,0.40552
1958,,0.85,0.4232,0.35,0.41272,0.275,0.24256,0.9,0.33784
1959,,0.775,0.35552,0.3,0.3804,0.25,0.21024,0.85,0.27016
1960,,0.7,0.28784,0.25,0.34808,0.225,0.17792,0.8,0.20248
1961,,0.625,0.22016,0.2,0.31576,0.2,0.1456,0.75,0.1348
1962,,0.55,0.15248,0.15,0.28344,0.175,0.11328,0.7,0.06712
1963,,0.475,0.0848,0.1,0.25112,0.15,0.08096,0.65,-0.00056
1964,8,0.45,0.06712,0.1,0.2688,0.175,0.09864,0.65,1.0
1965,,0.375,-0.00056,0.05,0.23648,0.15,0.06632,0.6,0.93232
1966,2,0.35,1.0,0.05,0.25416,0.175,0.084,0.6,0.91464
1967,,0.275,0.93232,0.0,0.22184,0.15,0.05168,0.55,0.84696
1968,,0.2,0.86464,-0.05,0.18952,0.125,0.01936,0.5,0.77928
1969,3,0.175,0.84696,1.0,0.2072,0.15,0.03704,0.5,0.7616
1970,,0.1,0.77928,0.95,0.17488,0.125,0.00472,0.45,0.69392
1971,,0.025,0.7116,0.9,0.14256,0.1,-0.0276,0.4,0.62624
1972,6,0.0,0.69392,0.9,0.16024,0.125,1.0,0.4,0.60856
1973,,-0.075,0.62624,0.85,0.12792,0.1,0.96768,0.35,0.54088
1974,1,1.0,0.60856,0.85,0.1456,-0.125,0.98536,0.35,0.5232
1975,5,0.725,0.59088,0.85,0.16328,1.0,1.0,0.35,0.50552
1976,,0.65,0.5232,0.8,0.13096,0.975,0.96768,0.3,0.43784
1977,,0.575,0.45552,0.75,0.09864,0.95,0.93536,0.25,0.37016
1978,,0.5,0.38784,0.7,0.06632,0.925,0.90304,0.2,0.30248
1979,,0.425,0.32016,0.65,0.034,0.9,0.87072,0.15,0.2348
1980,,0.35,0.25248,0.6,0.00168,0.875,0.8384,0.1,0.16712
1981,,0.275,0.1848,0.55,-0.03064,0.85,0.80608,0.05,0.09944
1982,4,0.25,0.16712,0.55,1.0,0.875,0.82376,0.05,0.08176
1983,,0.175,0.09944,0.5,0.96768,0.85,0.79144,0.0,0.01408
1984,,0.1,0.03176,0.45,0.93536,0.825,0.75912,-0.05,-0.0536
1985,8,0.075,0.01408,0.45,0.95304,0.85,0.7768,-0.05,1.0
1986,7,0.05,-0.0036,0.45,0.97072,0.875,0.79448,1.0,0.98232
1987,2,0.025,1.0,0.45,0.9884,0.9,0.81216,1.0,0.96464
1988,,-0.05,0.93232,0.4,0.95608,0.875,0.77984,0.95,0.89696
1989,1,1.0,0.91464,0.4,0.97376,0.65,0.79752,0.95,0.87928
1990,,0.925,0.84696,0.35,0.94144,0.625,0.7652,0.9,0.8116
1991,,0.85,0.77928,0.3,0.90912,0.6,0.73288,0.85,0.74392
1992,,0.775,0.7116,0.25,0.8768,0.575,0.70056,0.8,0.67624
1993,,0.7,0.64392,0.2,0.84448,0.55,0.66824,0.75,0.60856
1994,,0.625,0.57624,0.15,0.81216,0.525,0.63592,0.7,0.54088
1995,,0.55,0.50856,0.1,0.77984,0.5,0.6036,0.65,0.4732
1996,,0.475,0.44088,0.05,0.74752,0.475,0.57128,0.6,0.40552
1997,,0.4,0.3732,0.0,0.7152,0.45,0.53896,0.55,0.33784
1998,,0.325,0.30552,-0.05,0.68288,0.425,0.50664,0.5,0.27016
1999,3,0.3,0.28784,1.0,0.70056,0.45,0.52432,0.5,0.25248
2000,,0.225,0.22016,0.95,0.66824,0.425,0.492,0.45,0.1848
2001,,0.15,0.15248,0.9,0.63592,0.4,0.45968,0.4,0.11712
2002,,0.075,0.0848,0.85,0.6036,0.375,0.42736,0.35,0.04944
2003,,-0.0,0.01712,0.8,0.57128,0.35,0.39504,0.3,-0.01824
2004,8,-0.025,-0.00056,0.8,0.58896,0.375,0.41272,0.3,1.0
2005,1,1.0,-0.01824,0.8,0.60664,0.15,0.4304,0.3,0.98232
2006,2,0.975,1.0,0.8,0.62432,0.175,0.44808,0.3,0.96464
2007,,0.9,0.93232,0.75,0.592,0.15,0.41576,0.25,0.89696
2008,,0.825,0.86464,0.7,0.55968,0.125,0.38344,0.2,0.82928
2009,,0.75,0.79696,0.65,0.52736,0.1,0.35112,0.15,0.7616
2010,,0.675,0.72928,0.6,0.49504,0.075,0.3188,0.1,0.69392
2011,,0.6,0.6616,0.55,0.46272,0.05,0.28648,0.05,0.62624
2012,,0.525,0.59392,0.5,0.4304,0.025,0.25416,0.0,0.55856
2013,,0.45,0.52624,0.45,0.39808,0.0,0.22184,-0.05,0.49088
2014,7,0.425,0.50856,0.45,0.41576,0.025,0.23952,1.0,0.4732
2015,,0.35,0.44088,0.4,0.38344,0.0,0.2072,0.95,0.40552
2016,,0.275,0.3732,0.35,0.35112,-0.025,0.17488,0.9,0.33784
2017,5,0.0,0.35552,0.35,0.3688,1.0,0.19256,0.9,0.32016
2018,,-0.075,0.28784,0.3,0.33648,0.975,0.16024,0.85,0.25248
2019,1,1.0,0.27016,0.3,0.35416,0.75,0.17792,0.85,0.2348
2020,,0.925,0.20248,0.25,0.32184,0.725,0.1456,0.8,0.16712
2021,,0.85,0.1348,0.2,0.28952,0.7,0.11328,0.75,0.09944
2022,,0.775,0.06712,0.15,0.2572,0.675,0.08096,0.7,0.03176
2023,,0.7,-0.00056,0.1,0.22488,0.65,0.04864,0.65,-0.03592
2024,8,0.675,-0.01824,0.1,0.24256,0.675,0.06632,0.65,1.0
2025,2,0.65,1.0,0.1,0.26024,0.7,0.084,0.65,0.98232
2026,,0.575,0.93232,0.05,0.22792,0.675,0.05168,0.6,0.91464
2027,,0.5,0.86464,0.0,0.1956,0.65,0.01936,0.55,0.84696
2028,,0.425,0.79696,-0.05,0.16328,0.625,-0.01296,0.5,0.77928
2029,3,0.4,0.77928,1.0,0.18096,0.65,0.00472,0.5,0.7616
2030,,0.325,0.7116,0.95,0.14864,0.625,-0.0276,0.45,0.69392
2031,6,0.3,0.69392,0.95,0.16632,0.65,1.0,0.45,0.67624
2032,,0.225,0.62624,0.9,0.134,0.625,0.96768,0.4,0.60856
2033,,0.15,0.55856,0.85,0.10168,0.6,0.93536,0.35,0.54088
2034,,0.075,0.49088,0.8,0.06936,0.575,0.90304,0.3,0.4732
2035,,-0.0,0.4232,0.75,0.03704,0.55,0.87072,0.25,0.40552
2036,,-0.075,0.35552,0.7,0.00472,0.525,0.8384,0.2,0.33784
2037,1,1.0,0.33784,0.7,0.0224,0.3,0.85608,0.2,0.32016
2038,,0.925,0.27016,0.65,-0.00992,0.275,0.82376,0.15,0.25248
2039,4,0.9,0.25248,0.65,1.0,0.3,0.84144,0.15,0.2348
2040,,0.825,0.1848,0.6,0.96768,0.275,0.80912,0.1,0.16712
2041,,0.75,0.11712,0.55,0.93536,0.25,0.7768,0.05,0.09944
2042,,0.675,0.04944,0.5,0.90304,0.225,0.74448,0.0,0.03176
2043,,0.6,-0.01824,0.45,0.87072,0.2,0.71216,-0.05,-0.03592
2044,7,0.575,-0.03592,0.45,0.8884,0.225,0.72984,1.0,-0.0536
2045,8,0.55,-0.0536,0.45,0.90608,0.25,0.74752,1.0,1.0
2046,2,0.525,1.0,0.45,0.92376,0.275,0.7652,1.0,0.98232
2047,,0.45,0.93232,0.4,0.89144,0.25,0.73288,0.95,0.91464
2048,,0.375,0.86464,0.35,0.85912,0.225,0.70056,0.9,0.84696
2049,,0.3,0.79696,0.3,0.8268,0.2,0.66824,0.85,0.77928
2050,,0.225,0.72928,0.25,0.79448,0.175,0.63592,0.8,0.7116
2051,,0.15,0.6616,0.2,0.76216,0.15,0.6036,0.75,0.64392
2052,,0.075,0.59392,0.15,0.72984,0.125,0.57128,0.7,0.57624
2053,,-0.0,0.52624,0.1,0.69752,0.1,0.53896,0.65,0.50856
2054,,-0.075,0.45856,0.05,0.6652,0.075,0.50664,0.6,0.44088
2055,1,1.0,0.44088,0.05,0.68288,-0.15,0.52432,0.6,0.4232
2056,5,0.725,0.4232,0.05,0.70056,1.0,0.542,0.6,0.40552
2057,,0.65,0.35552,0.0,0.66824,0.975,0.50968,0.55,0.33784
2058,,0.575,0.28784,-0.05,0.63592,0.95,0.47736,0.5,0.27016
2059,3,0.55,0.27016,1.0,0.6536,0.975,0.49504,0.5,0.25248
2060,,0.475,0.20248,0.95,0.62128,0.95,0.46272,0.45,0.1848
2061,,0.4,0.1348,0.9,0.58896,0.925,0.4304,0.4,0.11712
2062,,0.325,0.06712,0.85,0.55664,0.9,0.39808,0.35,0.04944
2063,,0.25,-0.00056,0.8,0.52432,0.875,0.36576,0.3,-0.01824
2064,8,0.225,-0.01824,0.8,0.542,0.9,0.38344,0.3,1.0
2065,2,0.2,1.0,0.8,0.55968,0.925,0.40112,0.3,0.98232
2066,,0.125,0.93232,0.75,0.52736,0.9,0.3688,0.25,0.91464
2067,,0.05,0.86464,0.7,0.49504,0.875,0.33648,0.2,0.84696
2068,,-0.025,0.79696,0.65,0.46272,0.85,0.30416,0.15,0.77928
2069,1,1.0,0.77928,0.65,0.4804,0.625,0.32184,0.15,0.7616
2070,,0.925,0.7116,0.6,0.44808,0.6,0.28952,0.1,0.69392
2071,,0.85,0.64392,0.55,0.41576,0.575,0.2572,0.05,0.62624
2072,,0.775,0.57624,0.5,0.38344,0.55,0.22488,0.0,0.55856
2073,,0.7,0.50856,0.45,0.35112,0.525,0.19256,-0.05,0.49088
2074,7,0.675,0.49088,0.45,0.3688,0.55,0.21024,1.0,0.4732
2075,,0.6,0.4232,0.4,0.33648,0.525,0.17792,0.95,0.40552
2076,,0.525,0.35552,0.35,0.30416,0.5,0.1456,0.9,0.33784
2077,,0.45,0.28784,0.3,0.27184,0.475,0.11328,0.85,0.27016
2078,,0.375,0.22016,0.25,0.23952,0.45,0.08096,0.8,0.20248
2079,,0.3,0.15248,0.2,0.2072,0.425,0.04864,0.75,0.1348
2080,,0.225,0.0848,0.15,0.17488,0.4,0.01632,0.7,0.06712
2081,,0.15,0.01712,0.1,0.14256,0.375,-0.016,0.65,-0.00056
2082,6,0.125,-0.00056,0.1,0.16024,0.4,1.0,0.65,-0.01824
2083,8,0.1,-0.01824,0.1,0.17792,0.425,1.0,0.65,1.0
2084,2,0.075,1.0,0.1,0.1956,0.45,1.0,0.65,0.98232
2085,,-0.0,0.93232,0.05,0.16328,0.425,0.96768,0.6,0.91464
2086,,-0.075,0.86464,0.0,0.13096,0.4,0.93536,0.55,0.84696
2087,1,1.0,0.84696,0.0,0.14864,0.175,0.95304,0.55,0.82928
2088,,0.925,0.77928,-0.05,0.11632,0.15,0.92072,0.5,0.7616
2089,3,0.9,0.7616,1.0,0.134,0.175,0.9384,0.5,0.74392
2090,,0.825,0.69392,0.95,0.10168,0.15,0.90608,0.45,0.67624
2091,,0.75,0.62624,0.9,0.06936,0.125,0.87376,0.4,0.60856
2092,,0.675,0.55856,0.85,0.03704,0.1,0.84144,0.35,0.54088
2093,,0.6,0.49088,0.8,0.00472,0.075,0.80912,0.3,0.4732
2094,,0.525,0.4232,0.75,-0.0276,0.05,0.7768,0.25,0.40552
2095,4,0.5,0.40552,0.75,1.0,0.075,0.79448,0.25,0.38784
2096,,0.425,0.33784,0.7,0.96768,0.05,0.76216,0.2,0.32016
2097,,0.35,0.27016,0.65,0.93536,0.025,0.72984,0.15,0.25248
2098,,0.275,0.20248,0.6,0.90304,0.0,0.69752,0.1,0.1848
2099,,0.2,0.1348,0.55,0.87072,-0.025,0.6652,0.05,0.11712
2100,5,-0.075,0.11712,0.55,0.8884,1.0,0.68288,0.05,0.09944
2101,1,1.0,0.09944,0.55,0.90608,0.775,0.70056,0.05,0.08176
2102,,0.925,0.03176,0.5,0.87376,0.75,0.66824,0.0,0.01408
2103,,0.85,-0.03592,0.45,0.84144,0.725,0.63592,-0.05,-0.0536
2104,8,0.825,-0.0536,0.45,0.85912,0.75,0.6536,-0.05,1.0
2105,2,0.8,1.0,0.45,0.8768,0.775,0.67128,-0.05,0.98232
2106,7,0.775,0.98232,0.45,0.89448,0.8,0.68896,1.0,0.96464
2107,,0.7,0.91464,0.4,0.86216,0.775,0.65664,0.95,0.89696
2108,,0.625,0.84696,0.35,0.82984,0.75,0.62432,0.9,0.82928
2109,,0.55,0.77928,0.3,0.79752,0.725,0.592,0.85,0.7616
2110,,0.475,0.7116,0.25,0.7652,0.7,0.55968,0.8,0.69392
2111,,0.4,0.64392,0.2,0.73288,0.675,0.52736,0.75,0.62624
2112,,0.325,0.57624,0.15,0.70056,0.65,0.49504,0.7,0.55856
2113,,0.25,0.50856,0.1,0.66824,0.625,0.46272,0.65,0.49088
2114,,0.175,0.44088,0.05,0.63592,0.6,0.4304,0.6,0.4232
2115,,0.1,0.3732,0.0,0.6036,0.575,0.39808,0.55,0.35552
2116,,0.025,0.30552,-0.05,0.57128,0.55,0.36576,0.5,0.28784
2117,3,0.0,0.28784,1.0,0.58896,0.575,0.38344,0.5,0.27016
2118,,-0.075,0.22016,0.95,0.55664,0.55,0.35112,0.45,0.20248
2119,1,1.0,0.20248,0.95,0.57432,0.325,0.3688,0.45,0.1848
2120,,0.925,0.1348,0.9,0.542,0.3,0.33648,0.4,0.11712
2121,,0.85,0.06712,0.85,0.50968,0.275,0.30416,0.35,0.04944
2122,,0.775,-0.00056,0.8,0.47736,0.25,0.27184,0.3,-0.01824
2123,8,0.75,-0.01824,0.8,0.49504,0.275,0.28952,0.3,1.0
2124,2,0.725,1.0,0.8,0.51272,0.3,0.3072,0.3,0.98232
2125,,0.65,0.93232,0.75,0.4804,0.275,0.27488,0.25,0.91464
2126,,0.575,0.86464,0.7,0.44808,0.25,0.24256,0.2,0.84696
2127,,0.5,0.79696,0.65,0.41576,0.225,0.21024,0.15,0.77928
2128,,0.425,0.72928,0.6,0.38344,0.2,0.17792,0.1,0.7116
2129,,0.35,0.6616,0.55,0.35112,0.175,0.1456,0.05,0.64392
2130,,0.275,0.59392,0.5,0.3188,0.15,0.11328,0.0,0.57624
2131,,0.2,0.52624,0.45,0.28648,0.125,0.08096,-0.05,0.50856
2132,7,0.175,0.50856,0.45,0.30416,0.15,0.09864,1.0,0.49088
2133,,0.1,0.44088,0.4,0.27184,0.125,0.06632,0.95,0.4232
2134,,0.025,0.3732,0.35,0.23952,0.1,0.034,0.9,0.35552
2135,,-0.05,0.30552,0.3,0.2072,0.075,0.00168,0.85,0.28784
2136,1,1.0,0.28784,0.3,0.22488,-0.15,0.01936,0.85,0.27016
2137,5,0.725,0.27016,0.3,0.24256,1.0,0.03704,0.85,0.25248
2138,,0.65,0.20248,0.25,0.21024,0.975,0.00472,0.8,0.1848
2139,,0.575,0.1348,0.2,0.17792,0.95,-0.0276,0.75,0.11712
2140,6,0.55,0.11712,0.2,0.1956,0.975,1.0,0.75,0.09944
2141,,0.475,0.04944,0.15,0.16328,0.95,0.96768,0.7,0.03176
2142,,0.4,-0.01824,0.1,0.13096,0.925,0.93536,0.65,-0.03592
2143,8,0.375,-0.03592,0.1,0.14864,0.95,0.95304,0.65,1.0
2144,2,0.35,1.0,0.1,0.16632,0.975,0.97072,0.65,0.98232
2145,,0.275,0.93232,0.05,0.134,0.95,0.9384,0.6,0.91464
2146,,0.2,0.86464,0.0,0.10168,0.925,0.90608,0.55,0.84696
2147,,0.125,0.79696,-0.05,0.06936,0.9,0.87376,0.5,0.77928
2148,3,0.1,0.77928,1.0,0.08704,0.925,0.89144,0.5,0.7616
2149,,0.025,0.7116,0.95,0.05472,0.9,0.85912,0.45,0.69392
2150,,-0.05,0.64392,0.9,0.0224,0.875,0.8268,0.4,0.62624
2151,1,1.0,0.62624,0.9,0.04008,0.65,0.84448,0.4,0.60856
2152,,0.925,0.55856,0.85,0.00776,0.625,0.81216,0.35,0.54088
2153,,0.85,0.49088,0.8,-0.02456,0.6,0.77984,0.3,0.4732
2154,4,0.825,0.4732,0.8,1.0,0.625,0.79752,0.3,0.45552
2155,,0.75,0.40552,0.75,0.96768,0.6,0.7652,0.25,0.38784
2156,,0.675,0.33784,0.7,0.93536,0.575,0.73288,0.2,0.32016
2157,,0.6,0.27016,0.65,0.90304,0.55,0.70056,0.15,0.25248
2158,,0.525,0.20248,0.6,0.87072,0.525,0.66824,0.1,0.1848
2159,,0.45,0.1348,0.55,0.8384,0.5,0.63592,0.05,0.11712
2160,,0.375,0.06712,0.5,0.80608,0.475,0.6036,0.0,0.04944
2161,,0.3,-0.00056,0.45,0.77376,0.45,0.57128,-0.05,-0.01824
2162,7,0.275,-0.01824,0.45,0.79144,0.475,0.58896,1.0,-0.03592
2163,8,0.25,-0.03592,0.45,0.80912,0.5,0.60664,1.0,1.0
2164,2,0.225,1.0,0.45,0.8268,0.525,0.62432,1.0,0.98232
2165,,0.15,0.93232,0.4,0.79448,0.5,0.592,0.95,0.91464
2166,,0.075,0.86464,0.35,0.76216,0.475,0.55968,0.9,0.84696
2167,,-0.0,0.79696,0.3,0.72984,0.45,0.52736,0.85,0.77928
2168,,-0.075,0.72928,0.25,0.69752,0.425,0.49504,0.8,0.7116
2169,1,1.0,0.7116,0.25,0.7152,0.2,0.51272,0.8,0.69392
2170,,0.925,0.64392,0.2,0.68288,0.175,0.4804,0.75,0.62624
2171,,0.85,0.57624,0.15,0.65056,0.15,0.44808,0.7,0.55856
2172,,0.775,0.50856,0.1,0.61824,0.125,0.41576,0.65,0.49088
2173,,0.7,0.44088,0.05,0.58592,0.1,0.38344,0.6,0.4232
2174,,0.625,0.3732,0.0,0.5536,0.075,0.35112,0.55,0.35552
2175,,0.55,0.30552,-0.05,0.52128,0.05,0.3188,0.5,0.28784
2176,3,0.525,0.28784,1.0,0.53896,0.075,0.33648,0.5,0.27016
2177,,0.45,0.22016,0.95,0.50664,0.05,0.30416,0.45,0.20248
2178,,0.375,0.15248,0.9,0.47432,0.025,0.27184,0.4,0.1348
2179,,0.3,0.0848,0.85,0.442,0.0,0.23952,0.35,0.06712
2180,,0.225,0.01712,0.8,0.40968,-0.025,0.2072,0.3,-0.00056
2181,5,-0.05,-0.00056,0.8,0.42736,1.0,0.22488,0.3,-0.01824
2182,1,1.0,-0.01824,0.8,0.44504,0.775,0.24256,0.3,-0.03592
2183,8,0.975,-0.03592,0.8,0.46272,0.8,0.26024,0.3,1.0
2184,2,0.95,1.0,0.8,0.4804,0.825,0.27792,0.3,0.98232
2185,,0.875,0.93232,0.75,0.44808,0.8,0.2456,0.25,0.91464
2186,,0.8,0.86464,0.7,0.41576,0.775,0.21328,0.2,0.84696
2187,,0.725,0.79696,0.65,0.38344,0.75,0.18096,0.15,0.77928
2188,,0.65,0.72928,0.6,0.35112,0.725,0.14864,0.1,0.7116
2189,,0.575,0.6616,0.55,0.3188,0.7,0.11632,0.05,0.64392
2190,,0.5,0.59392,0.5,0.28648,0.675,0.084,0.0,0.57624
2191,,0.425,0.52624,0.45,0.25416,0.65,0.05168,-0.05,0.50856
2192,7,0.4,0.50856,0.45,0.27184,0.675,0.06936,1.0,0.49088
2193,,0.325,0.44088,0.4,0.23952,0.65,0.03704,0.95,0.4232
2194,,0.25,0.3732,0.35,0.2072,0.625,0.00472,0.9,0.35552
2195,,0.175,0.30552,0.3,0.17488,0.6,-0.0276,0.85,0.28784
2196,6,0.15,0.28784,0.3,0.19256,0.625,1.0,0.85,0.27016
2197,,0.075,0.22016,0.25,0.16024,0.6,0.96768,0.8,0.20248
2198,,-0.0,0.15248,0.2,0.12792,0.575,0.93536,0.75,0.1348
2199,,-0.075,0.0848,0.15,0.0956,0.55,0.90304,0.7,0.06712
2200,1,1.0,0.06712,0.15,0.11328,0.325,0.92072,0.7,0.04944
2201,,0.925,-0.00056,0.1,0.08096,0.3,0.8884,0.65,-0.01824
2202,8,0.9,-0.01824,0.1,0.09864,0.325,0.90608,0.65,1.0
2203,2,0.875,1.0,0.1,0.11632,0.35,0.92376,0.65,0.98232
2204,,0.8,0.93232,0.05,0.084,0.325,0.89144,0.6,0.91464
2205,,0.725,0.86464,0.0,0.05168,0.3,0.85912,0.55,0.84696
2206,,0.65,0.79696,-0.05,0.01936,0.275,0.8268,0.5,0.77928
2207,3,0.625,0.77928,1.0,0.03704,0.3,0.84448,0.5,0.7616
2208,,0.55,0.7116,0.95,0.00472,0.275,0.81216,0.45,0.69392
2209,,0.475,0.64392,0.9,-0.0276,0.25,0.77984,0.4,0.62624
2210,4,0.45,0.62624,0.9,1.0,0.275,0.79752,0.4,0.60856
2211,,0.375,0.55856,0.85,0.96768,0.25,0.7652,0.35,0.54088
2212,,0.3,0.49088,0.8,0.93536,0.225,0.73288,0.3,0.4732
2213,,0.225,0.4232,0.75,0.90304,0.2,0.70056,0.25,0.40552
2214,,0.15,0.35552,0.7,0.87072,0.175,0.66824,0.2,0.33784
2215,,0.075,0.28784,0.65,0.8384,0.15,0.63592,0.15,0.27016
2216,,-0.0,0.22016,0.6,0.80608,0.125,0.6036,0.1,0.20248
2217,,-0.075,0.15248,0.55,0.77376,0.1,0.57128,0.05,0.1348
2218,1,1.0,0.1348,0.55,0.79144,-0.125,0.58896,0.05,0.11712
2219,5,0.725,0.11712,0.55,0.80912,1.0,0.60664,0.05,0.09944
2220,,0.65,0.04944,0.5,0.7768,0.975,0.57432,0.0,0.03176
2221,,0.575,-0.01824,0.45,0.74448,0.95,0.542,-0.05,-0.03592
2222,7,0.55,-0.03592,0.45,0.76216,0.975,0.55968,1.0,-0.0536
2223,8,0.525,-0.0536,0.45,0.77984,1.0,0.57736,1.0,1.0
2224,2,0.5,1.0,0.45,0.79752,1.0,0.59504,1.0,0.98232
2225,,0.425,0.93232,0.4,0.7652,0.975,0.56272,0.95,0.91464
2226,,0.35,0.86464,0.35,0.73288,0.95,0.5304,0.9,0.84696
2227,,0.275,0.79696,0.3,0.70056,0.925,0.49808,0.85,0.77928
2228,,0.2,0.72928,0.25,0.66824,0.9,0.46576,0.8,0.7116
2229,,0.125,0.6616,0.2,0.63592,0.875,0.43344,0.75,0.64392
2230,,0.05,0.59392,0.15,0.6036,0.85,0.40112,0.7,0.57624
2231,,-0.025,0.52624,0.1,0.57128,0.825,0.3688,0.65,0.50856
2232,1,1.0,0.50856,0.1,0.58896,0.6,0.38648,0.65,0.49088
2233,,0.925,0.44088,0.05,0.55664,0.575,0.35416,0.6,0.4232
2234,,0.85,0.3732,0.0,0.52432,0.55,0.32184,0.55,0.35552
2235,,0.775,0.30552,-0.05,0.492,0.525,0.28952,0.5,0.28784
2236,3,0.75,0.28784,1.0,0.50968,0.55,0.3072,0.5,0.27016
2237,,0.675,0.22016,0.95,0.47736,0.525,0.27488,0.45,0.20248
2238,,0.6,0.15248,0.9,0.44504,0.5,0.24256,0.4,0.1348
2239,,0.525,0.0848,0.85,0.41272,0.475,0.21024,0.35,0.06712
2240,,0.45,0.01712,0.8,0.3804,0.45,0.17792,0.3,-0.00056
2241,8,0.425,-0.00056,0.8,0.39808,0.475,0.1956,0.3,1.0
2242,2,0.4,1.0,0.8,0.41576,0.5,0.21328,0.3,0.98232
2243,,0.325,0.93232,0.75,0.38344,0.475,0.18096,0.25,0.91464
2244,,0.25,0.86464,0.7,0.35112,0.45,0.14864,0.2,0.84696
2245,,0.175,0.79696,0.65,0.3188,0.425,0.11632,0.15,0.77928
2246,,0.1,0.72928,0.6,0.28648,0.4,0.084,0.1,0.7116
2247,,0.025,0.6616,0.55,0.25416,0.375,0.05168,0.05,0.64392
2248,,-0.05,0.59392,0.5,0.22184,0.35,0.01936,0.0,0.57624
2249,1,1.0,0.57624,0.5,0.23952,0.125,0.03704,0.0,0.55856
2250,,0.925,0.50856,0.45,0.2072,0.1,0.00472,-0.05,0.49088
2251,7,0.9,0.49088,0.45,0.22488,0.125,0.0224,1.0,0.4732
2252,,0.825,0.4232,0.4,0.19256,0.1,-0.00992,0.95,0.40552
2253,6,0.8,0.40552,0.4,0.21024,0.125,1.0,0.95,0.38784
2254,,0.725,0.33784,0.35,0.17792,0.1,0.96768,0.9,0.32016
2255,,0.65,0.27016,0.3,0.1456,0.075,0.93536,0.85,0.25248
2256,,0.575,0.20248,0.25,0.11328,0.05,0.90304,0.8,0.1848
2257,,0.5,0.1348,0.2,0.08096,0.025,0.87072,0.75,0.11712
2258,,0.425,0.06712,0.15,0.04864,0.0,0.8384,0.7,0.04944
2259,,0.35,-0.00056,0.1,0.01632,-0.025,0.80608,0.65,-0.01824
2260,5,0.075,-0.01824,0.1,0.034,1.0,0.82376,0.65,-0.03592
2261,8,0.05,-0.03592,0.1,0.05168,1.0,0.84144,0.65,1.0
2262,2,0.025,1.0,0.1,0.06936,1.0,0.85912,0.65,0.98232
2263,,-0.05,0.93232,0.05,0.03704,0.975,0.8268,0.6,0.91464
2264,1,1.0,0.91464,0.05,0.05472,0.75,0.84448,0.6,0.89696
2265,,0.925,0.84696,0.0,0.0224,0.725,0.81216,0.55,0.82928
2266,,0.85,0.77928,-0.05,-0.00992,0.7,0.77984,0.5,0.7616
2267,3,0.825,0.7616,1.0,0.00776,0.725,0.79752,0.5,0.74392
2268,,0.75,0.69392,0.95,-0.02456,0.7,0.7652,0.45,0.67624
2269,4,0.725,0.67624,0.95,1.0,0.725,0.78288,0.45,0.65856
2270,,0.65,0.60856,0.9,0.96768,0.7,0.75056,0.4,0.59088
2271,,0.575,0.54088,0.85,0.93536,0.675,0.71824,0.35,0.5232
2272,,0.5,0.4732,0.8,0.90304,0.65,0.68592,0.3,0.45552
2273,,0.425,0.40552,0.75,0.87072,0.625,0.6536,0.25,0.38784
2274,,0.35,0.33784,0.7,0.8384,0.6,0.62128,0.2,0.32016
2275,,0.275,0.27016,0.65,0.80608,0.575,0.58896,0.15,0.25248
2276,,0.2,0.20248,0.6,0.77376,0.55,0.55664,0.1,0.1848
2277,,0.125,0.1348,0.55,0.74144,0.525,0.52432,0.05,0.11712
2278,,0.05,0.06712,0.5,0.70912,0.5,0.492,0.0,0.04944
2279,,-0.025,-0.00056,0.45,0.6768,0.475,0.45968,-0.05,-0.01824
2280,7,-0.05,-0.01824,0.45,0.69448,0.5,0.47736,1.0,-0.03592
2281,1,1.0,-0.03592,0.45,0.71216,0.275,0.49504,1.0,-0.0536
2282,8,0.975,-0.0536,0.45,0.72984,0.3,0.51272,1.0,1.0
2283,2,0.95,1.0,0.45,0.74752,0.325,0.5304,1.0,0.98232
2284,,0.875,0.93232,0.4,0.7152,0.3,0.49808,0.95,0.91464
2285,,0.8,0.86464,0.35,0.68288,0.275,0.46576,0.9,0.84696
2286,,0.725,0.79696,0.3,0.65056,0.25,0.43344,0.85,0.77928
2287,,0.65,0.72928,0.25,0.61824,0.225,0.40112,0.8,0.7116
2288,,0.575,0.6616,0.2,0.58592,0.2,0.3688,0.75,0.64392
2289,,0.5,0.59392,0.15,0.5536,0.175,0.33648,0.7,0.57624
2290,,0.425,0.52624,0.1,0.52128,0.15,0.30416,0.65,0.50856
2291,,0.35,0.45856,0.05,0.48896,0.125,0.27184,0.6,0.44088
2292,,0.275,0.39088,0.0,0.45664,0.1,0.23952,0.55,0.3732
2293,,0.2,0.3232,-0.05,0.42432,0.075,0.2072,0.5,0.30552
2294,3,0.175,0.30552,1.0,0.442,0.1,0.22488,0.5,0.28784
2295,,0.1,0.23784,0.95,0.40968,0.075,0.19256,0.45,0.22016
2296,,0.025,0.17016,0.9,0.37736,0.05,0.16024,0.4,0.15248
2297,,-0.05,0.10248,0.85,0.34504,0.025,0.12792,0.35,0.0848
2298,1,1.0,0.0848,0.85,0.36272,-0.2,0.1456,0.35,0.06712
2299,5,0.725,0.06712,0.85,0.3804,1.0,0.16328,0.35,0.04944
2300,,0.65,-0.00056,0.8,0.34808,0.975,0.13096,0.3,-0.01824
2301,8,0.625,-0.01824,0.8,0.36576,1.0,0.14864,0.3,1.0
2302,2,0.6,1.0,0.8,0.38344,1.0,0.16632,0.3,0.98232
2303,,0.525,0.93232,0.75,0.35112,0.975,0.134,0.25,0.91464
2304,,0.45,0.86464,0.7,0.3188,0.95,0.10168,0.2,0.84696
2305,,0.375,0.79696,0.65,0.28648,0.925,0.06936,0.15,0.77928
2306,,0.3,0.72928,0.6,0.25416,0.9,0.03704,0.1,0.7116
2307,,0.225,0.6616,0.55,0.22184,0.875,0.00472,0.05,0.64392
2308,,0.15,0.59392,0.5,0.18952,0.85,-0.0276,0.0,0.57624
2309,6,0.125,0.57624,0.5,0.2072,0.875,1.0,0.0,0.55856
2310,,0.05,0.50856,0.45,0.17488,0.85,0.96768,-0.05,0.49088
2311,7,0.025,0.49088,0.45,0.19256,0.875,0.98536,1.0,0.4732
2312,,-0.05,0.4232,0.4,0.16024,0.85,0.95304,0.95,0.40552
2313,1,1.0,0.40552,0.4,0.17792,0.625,0.97072,0.95,0.38784
2314,,0.925,0.33784,0.35,0.1456,0.6,0.9384,0.9,0.32016
2315,,0.85,0.27016,0.3,0.11328,0.575,0.90608,0.85,0.25248
2316,,0.775,0.20248,0.25,0.08096,0.55,0.87376,0.8,0.1848
2317,,0.7,0.1348,0.2,0.04864,0.525,0.84144,0.75,0.11712
2318,,0.625,0.06712,0.15,0.01632,0.5,0.80912,0.7,0.04944
2319,,0.55,-0.00056,0.1,-0.016,0.475,0.7768,0.65,-0.01824
2320,8,0.525,-0.01824,0.1,0.00168,0.5,0.79448,0.65,1.0
2321,2,0.5,1.0,0.1,0.01936,0.525,0.81216,0.65,0.98232
2322,,0.425,0.93232,0.05,-0.01296,0.5,0.77984,0.6,0.91464
2323,4,0.4,0.91464,0.05,1.0,0.525,0.79752,0.6,0.89696
2324,,0.325,0.84696,0.0,0.96768,0.5,0.7652,0.55,0.82928
2325,,0.25,0.77928,-0.05,0.93536,0.475,0.73288,0.5,0.7616
2326,3,0.225,0.7616,1.0,0.95304,0.5,0.75056,0.5,0.74392
2327,,0.15,0.69392,0.95,0.92072,0.475,0.71824,0.45,0.67624
2328,,0.075,0.62624,0.9,0.8884,0.45,0.68592,0.4,0.60856
2329,,-0.0,0.55856,0.85,0.85608,0.425,0.6536,0.35,0.54088
2330,,-0.075,0.49088,0.8,0.82376,0.4,0.62128,0.3,0.4732
2331,1,1.0,0.4732,0.8,0.84144,0.175,0.63896,0.3,0.45552
2332,,0.925,0.40552,0.75,0.80912,0.15,0.60664,0.25,0.38784
2333,,0.85,0.33784,0.7,0.7768,0.125,0.57432,0.2,0.32016
2334,,0.775,0.27016,0.65,0.74448,0.1,0.542,0.15,0.25248
2335,,0.7,0.20248,0.6,0.71216,0.075,0.50968,0.1,0.1848
2336,,0.625,0.1348,0.55,0.67984,0.05,0.47736,0.05,0.11712
2337,,0.55,0.06712,0.5,0.64752,0.025,0.44504,0.0,0.04944
2338,,0.475,-0.00056,0.45,0.6152,0.0,0.41272,-0.05,-0.01824
2339,7,0.45,-0.01824,0.45,0.63288,0.025,0.4304,1.0,-0.03592
2340,8,0.425,-0.03592,0.45,0.65056,0.05,0.44808,1.0,1.0
2341,2,0.4,1.0,0.45,0.66824,0.075,0.46576,1.0,0.98232
2342,,0.325,0.93232,0.4,0.63592,0.05,0.43344,0.95,0.91464
2343,,0.25,0.86464,0.35,0.6036,0.025,0.40112,0.9,0.84696
2344,,0.175,0.79696,0.3,0.57128,0.0,0.3688,0.85,0.77928
2345,,0.1,0.72928,0.25,0.53896,-0.025,0.33648,0.8,0.7116
2346,5,-0.175,0.7116,0.25,0.55664,1.0,0.35416,0.8,0.69392
2347,1,1.0,0.69392,0.25,0.57432,0.775,0.37184,0.8,0.67624
2348,,0.925,0.62624,0.2,0.542,0.75,0.33952,0.75,0.60856
2349,,0.85,0.55856,0.15,0.50968,0.725,0.3072,0.7,0.54088
2350,,0.775,0.49088,0.1,0.47736,0.7,0.27488,0.65,0.4732
2351,,0.7,0.4232,0.05,0.44504,0.675,0.24256,0.6,0.40552
2352,,0.625,0.35552,0.0,0.41272,0.65,0.21024,0.55,0.33784
2353,,0.55,0.28784,-0.05,0.3804,0.625,0.17792,0.5,0.27016
2354,3,0.525,0.27016,1.0,0.39808,0.65,0.1956,0.5,0.25248
2355,,0.45,0.20248,0.95,0.36576,0.625,0.16328,0.45,0.1848
2356,,0.375,0.1348,0.9,0.33344,0.6,0.13096,0.4,0.11712
2357,,0.3,0.06712,0.85,0.30112,0.575,0.09864,0.35,0.04944
2358,,0.225,-0.00056,0.8,0.2688,0.55,0.06632,0.3,-0.01824
2359,8,0.2,-0.01824,0.8,0.28648,0.575,0.084,0.3,1.0
2360,2,0.175,1.0,0.8,0.30416,0.6,0.10168,0.3,0.98232
2361,,0.1,0.93232,0.75,0.27184,0.575,0.06936,0.25,0.91464
2362,,0.025,0.86464,0.7,0.23952,0.55,0.03704,0.2,0.84696
2363,,-0.05,0.79696,0.65,0.2072,0.525,0.00472,0.15,0.77928
2364,1,1.0,0.77928,0.65,0.22488,0.3,0.0224,0.15,0.7616
2365,,0.925,0.7116,0.6,0.19256,0.275,-0.00992,0.1,0.69392
2366,6,0.9,0.69392,0.6,0.21024,0.3,1.0,0.1,0.67624
2367,,0.825,0.62624,0.55,0.17792,0.275,0.96768,0.05,0.60856
2368,,0.75,0.55856,0.5,0.1456,0.25,0.93536,0.0,0.54088
2369,,0.675,0.49088,0.45,0.11328,0.225,0.90304,-0.05,0.4732
2370,7,0.65,0.4732,0.45,0.13096,0.25,0.92072,1.0,0.45552
2371,,0.575,0.40552,0.4,0.09864,0.225,0.8884,0.95,0.38784
2372,,0.5,0.33784,0.35,0.06632,0.2,0.85608,0.9,0.32016
2373,,0.425,0.27016,0.3,0.034,0.175,0.82376,0.85,0.25248
2374,,0.35,0.20248,0.25,0.00168,0.15,0.79144,0.8,0.1848
2375,,0.275,0.1348,0.2,-0.03064,0.125,0.75912,0.75,0.11712
2376,4,0.25,0.11712,0.2,1.0,0.15,0.7768,0.75,0.09944
2377,,0.175,0.04944,0.15,0.96768,0.125,0.74448,0.7,0.03176
2378,,0.1,-0.01824,0.1,0.93536,0.1,0.71216,0.65,-0.03592
2379,8,0.075,-0.03592,0.1,0.95304,0.125,0.72984,0.65,1.0
2380,2,0.05,1.0,0.1,0.97072,0.15,0.74752,0.65,0.98232
2381,,-0.025,0.93232,0.05,0.9384,0.125,0.7152,0.6,0.91464
2382,1,1.0,0.91464,0.05,0.95608,-0.1,0.73288,0.6,0.89696
2383,5,0.725,0.89696,0.05,0.97376,1.0,0.75056,0.6,0.87928
2384,,0.65,0.82928,0.0,0.94144,0.975,0.71824,0.55,0.8116
2385,,0.575,0.7616,-0.05,0.90912,0.95,0.68592,0.5,0.74392
2386,3,0.55,0.74392,1.0,0.9268,0.975,0.7036,0.5,0.72624
2387,,0.475,0.67624,0.95,0.89448,0.95,0.67128,0.45,0.65856
2388,,0.4,0.60856,0.9,0.86216,0.925,0.63896,0.4,0.59088
2389,,0.325,0.54088,0.85,0.82984,0.9,0.60664,0.35,0.5232
2390,,0.25,0.4732,0.8,0.79752,0.875,0.57432,0.3,0.45552
2391,,0.175,0.40552,0.75,0.7652,0.85,0.542,0.25,0.38784
2392,,0.1,0.33784,0.7,0.73288,0.825,0.50968,0.2,0.32016
2393,,0.025,0.27016,0.65,0.70056,0.8,0.47736,0.15,0.25248
2394,,-0.05,0.20248,0.6,0.66824,0.775,0.44504,0.1,0.1848
2395,1,1.0,0.1848,0.6,0.68592,0.55,0.46272,0.1,0.16712
2396,,0.925,0.11712,0.55,0.6536,0.525,0.4304,0.05,0.09944
2397,,0.85,0.04944,0.5,0.62128,0.5,0.39808,0.0,0.03176
2398,,0.775,-0.01824,0.45,0.58896,0.475,0.36576,-0.05,-0.03592
2399,7,0.75,-0.03592,0.45,0.60664,0.5,0.38344,1.0,-0.0536
2400,8,0.725,-0.0536,0.45,0.62432,0.525,0.40112,1.0,1.0
2401,2,0.7,1.0,0.45,0.642,0.55,0.4188,1.0,0.98232
2402,,0.625,0.93232,0.4,0.60968,0.525,0.38648,0.95,0.91464
2403,,0.55,0.86464,0.35,0.57736,0.5,0.35416,0.9,0.84696
2404,,0.475,0.79696,0.3,0.54504,0.475,0.32184,0.85,0.77928
2405,,0.4,0.72928,0.25,0.51272,0.45,0.28952,0.8,0.7116
2406,,0.325,0.6616,0.2,0.4804,0.425,0.2572,0.75,0.64392
2407,,0.25,0.59392,0.15,0.44808,0.4,0.22488,0.7,0.57624
2408,,0.175,0.52624,0.1,0.41576,0.375,0.19256,0.65,0.50856
2409,,0.1,0.45856,0.05,0.38344,0.35,0.16024,0.6,0.44088
2410,,0.025,0.39088,0.0,0.35112,0.325,0.12792,0.55,0.3732
2411,,-0.05,0.3232,-0.05,0.3188,0.3,0.0956,0.5,0.30552
2412,1,1.0,0.30552,-0.05,0.33648,0.075,0.11328,0.5,0.28784
2413,3,0.975,0.28784,1.0,0.35416,0.1,0.13096,0.5,0.27016
2414,,0.9,0.22016,0.95,0.32184,0.075,0.09864,0.45,0.20248
2415,,0.825,0.15248,0.9,0.28952,0.05,0.06632,0.4,0.1348
2416,,0.75,0.0848,0.85,0.2572,0.025,0.034,0.35,0.06712
2417,,0.675,0.01712,0.8,0.22488,0.0,0.00168,0.3,-0.00056
2418,8,0.65,-0.00056,0.8,0.24256,0.025,0.01936,0.3,1.0
2419,2,0.625,1.0,0.8,0.26024,0.05,0.03704,0.3,0.98232
2420,,0.55,0.93232,0.75,0.22792,0.025,0.00472,0.25,0.91464
2421,,0.475,0.86464,0.7,0.1956,0.0,-0.0276,0.2,0.84696
2422,6,0.45,0.84696,0.7,0.21328,0.025,1.0,0.2,0.82928
2423,,0.375,0.77928,0.65,0.18096,0.0,0.96768,0.15,0.7616
2424,,0.3,0.7116,0.6,0.14864,-0.025,0.93536,0.1,0.69392
2425,5,0.025,0.69392,0.6,0.16632,1.0,0.95304,0.1,0.67624
2426,,-0.05,0.62624,0.55,0.134,0.975,0.92072,0.05,0.60856
2427,1,1.0,0.60856,0.55,0.15168,0.75,0.9384,0.05,0.59088
2428,,0.925,0.54088,0.5,0.11936,0.725,0.90608,0.0,0.5232
2429,,0.85,0.4732,0.45,0.08704,0.7,0.87376,-0.05,0.45552
2430,7,0.825,0.45552,0.45,0.10472,0.725,0.89144,1.0,0.43784
2431,,0.75,0.38784,0.4,0.0724,0.7,0.85912,0.95,0.37016
2432,,0.675,0.32016,0.35,0.04008,0.675,0.8268,0.9,0.30248
2433,,0.6,0.25248,0.3,0.00776,0.65,0.79448,0.85,0.2348
2434,,0.525,0.1848,0.25,-0.02456,0.625,0.76216,0.8,0.16712
2435,4,0.5,0.16712,0.25,1.0,0.65,0.77984,0.8,0.14944
2436,,0.425,0.09944,0.2,0.96768,0.625,0.74752,0.75,0.08176
2437,,0.35,0.03176,0.15,0.93536,0.6,0.7152,0.7,0.01408
2438,,0.275,-0.03592,0.1,0.90304,0.575,0.68288,0.65,-0.0536
2439,8,0.25,-0.0536,0.1,0.92072,0.6,0.70056,0.65,1.0
2440,2,0.225,1.0,0.1,0.9384,0.625,0.71824,0.65,0.98232
2441,,0.15,0.93232,0.05,0.90608,0.6,0.68592,0.6,0.91464
2442,,0.075,0.86464,0.0,0.87376,0.575,0.6536,0.55,0.84696
2443,,-0.0,0.79696,-0.05,0.84144,0.55,0.62128,0.5,0.77928
2444,3,-0.025,0.77928,1.0,0.85912,0.575,0.63896,0.5,0.7616
2445,1,1.0,0.7616,1.0,0.8768,0.35,0.65664,0.5,0.74392
2446,,0.925,0.69392,0.95,0.84448,0.325,0.62432,0.45,0.67624
2447,,0.85,0.62624,0.9,0.81216,0.3,0.592,0.4,0.60856
2448,,0.775,0.55856,0.85,0.77984,0.275,0.55968,0.35,0.54088
2449,,0.7,0.49088,0.8,0.74752,0.25,0.52736,0.3,0.4732
2450,,0.625,0.4232,0.75,0.7152,0.225,0.49504,0.25,0.40552
2451,,0.55,0.35552,0.7,0.68288,0.2,0.46272,0.2,0.33784
2452,,0.475,0.28784,0.65,0.65056,0.175,0.4304,0.15,0.27016
2453,,0.4,0.22016,0.6,0.61824,0.15,0.39808,0.1,0.20248
2454,,0.325,0.15248,0.55,0.58592,0.125,0.36576,0.05,0.1348
2455,,0.25,0.0848,0.5,0.5536,0.1,0.33344,0.0,0.06712
2456,,0.175,0.01712,0.45,0.52128,0.075,0.30112,-0.05,-0.00056
2457,7,0.15,-0.00056,0.45,0.53896,0.1,0.3188,1.0,-0.01824
2458,8,0.125,-0.01824,0.45,0.55664,0.125,0.33648,1.0,1.0
2459,2,0.1,1.0,0.45,0.57432,0.15,0.35416,1.0,0.98232
2460,,0.025,0.93232,0.4,0.542,0.125,0.32184,0.95,0.91464
2461,,-0.05,0.86464,0.35,0.50968,0.1,0.28952,0.9,0.84696
2462,1,1.0,0.84696,0.35,0.52736,-0.125,0.3072,0.9,0.82928
2463,5,0.725,0.82928,0.35,0.54504,1.0,0.32488,0.9,0.8116
2464,,0.65,0.7616,0.3,0.51272,0.975,0.29256,0.85,0.74392
2465,,0.575,0.69392,0.25,0.4804,0.95,0.26024,0.8,0.67624
2466,,0.5,0.62624,0.2,0.44808,0.925,0.22792,0.75,0.60856
2467,,0.425,0.55856,0.15,0.41576,0.9,0.1956,0.7,0.54088
2468,,0.35,0.49088,0.1,0.38344,0.875,0.16328,0.65,0.4732
2469,,0.275,0.4232,0.05,0.35112,0.85,0.13096,0.6,0.40552
2470,,0.2,0.35552,0.0,0.3188,0.825,0.09864,0.55,0.33784
2471,,0.125,0.28784,-0.05,0.28648,0.8,0.06632,0.5,0.27016
2472,3,0.1,0.27016,1.0,0.30416,0.825,0.084,0.5,0.25248
2473,,0.025,0.20248,0.95,0.27184,0.8,0.05168,0.45,0.1848
2474,,-0.05,0.1348,0.9,0.23952,0.775,0.01936,0.4,0.11712
2475,1,1.0,0.11712,0.9,0.2572,0.55,0.03704,0.4,0.09944
2476,,0.925,0.04944,0.85,0.22488,0.525,0.00472,0.35,0.03176
2477,,0.85,-0.01824,0.8,0.19256,0.5,-0.0276,0.3,-0.03592
2478,8,0.825,-0.03592,0.8,0.21024,0.525,-0.00992,0.3,1.0
2479,2,0.8,1.0,0.8,0.22792,0.55,0.00776,0.3,0.98232
2480,,0.725,0.93232,0.75,0.1956,0.525,-0.02456,0.25,0.91464
2481,6,0.7,0.91464,0.75,0.21328,0.55,1.0,0.25,0.89696
2482,,0.625,0.84696,0.7,0.18096,0.525,0.96768,0.2,0.82928
2483,,0.55,0.77928,0.65,0.14864,0.5,0.93536,0.15,0.7616
2484,,0.475,0.7116,0.6,0.11632,0.475,0.90304,0.1,0.69392
2485,,0.4,0.64392,0.55,0.084,0.45,0.87072,0.05,0.62624
2486,,0.325,0.57624,0.5,0.05168,0.425,0.8384,0.0,0.55856
2487,,0.25,0.50856,0.45,0.01936,0.4,0.80608,-0.05,0.49088
2488,7,0.225,0.49088,0.45,0.03704,0.425,0.82376,1.0,0.4732
2489,,0.15,0.4232,0.4,0.00472,0.4,0.79144,0.95,0.40552
2490,,0.075,0.35552,0.35,-0.0276,0.375,0.75912,0.9,0.33784
2491,4,0.05,0.33784,0.35,1.0,0.4,0.7768,0.9,0.32016
2492,,-0.025,0.27016,0.3,0.96768,0.375,0.74448,0.85,0.25248
2493,1,1.0,0.25248,0.3,0.98536,0.15,0.76216,0.85,0.2348
2494,,0.925,0.1848,0.25,0.95304,0.125,0.72984,0.8,0.16712
2495,,0.85,0.11712,0.2,0.92072,0.1,0.69752,0.75,0.09944
2496,,0.775,0.04944,0.15,0.8884,0.075,0.6652,0.7,0.03176
2497,,0.7,-0.01824,0.1,0.85608,0.05,0.63288,0.65,-0.03592
2498,8,0.675,-0.03592,0.1,0.87376,0.075,0.65056,0.65,1.0
2499,2,0.65,1.0,0.1,0.89144,0.1,0.66824,0.65,0.98232
2500,,0.575,0.93232,0.05,0.85912,0.075,0.63592,0.6,0.91464
2501,,0.5,0.86464,0.0,0.8268,0.05,0.6036,0.55,0.84696
2502,,0.425,0.79696,-0.05,0.79448,0.025,0.57128,0.5,0.77928
2503,3,0.4,0.77928,1.0,0.81216,0.05,0.58896,0.5,0.7616
2504,,0.325,0.7116,0.95,0.77984,0.025,0.55664,0.45,0.69392
2505,,0.25,0.64392,0.9,0.74752,0.0,0.52432,0.4,0.62624
2506,,0.175,0.57624,0.85,0.7152,-0.025,0.492,0.35,0.55856
2507,5,-0.1,0.55856,0.85,0.73288,1.0,0.50968,0.35,0.54088
2508,1,1.0,0.54088,0.85,0.75056,0.775,0.52736,0.35,0.5232
2509,,0.925,0.4732,0.8,0.71824,0.75,0.49504,0.3,0.45552
2510,,0.85,0.40552,0.75,0.68592,0.725,0.46272,0.25,0.38784
2511,,0.775,0.33784,0.7,0.6536,0.7,0.4304,0.2,0.32016
2512,,0.7,0.27016,0.65,0.62128,0.675,0.39808,0.15,0.25248
2513,,0.625,0.20248,0.6,0.58896,0.65,0.36576,0.1,0.1848
2514,,0.55,0.1348,0.55,0.55664,0.625,0.33344,0.05,0.11712
2515,,0.475,0.06712,0.5,0.52432,0.6,0.30112,0.0,0.04944
2516,,0.4,-0.00056,0.45,0.492,0.575,0.2688,-0.05,-0.01824
2517,7,0.375,-0.01824,0.45,0.50968,0.6,0.28648,1.0,-0.03592
2518,8,0.35,-0.03592,0.45,0.52736,0.625,0.30416,1.0,1.0
2519,2,0.325,1.0,0.45,0.54504,0.65,0.32184,1.0,0.98232
2520,,0.25,0.93232,0.4,0.51272,0.625,0.28952,0.95,0.91464
2521,,0.175,0.86464,0.35,0.4804,0.6,0.2572,0.9,0.84696
2522,,0.1,0.79696,0.3,0.44808,0.575,0.22488,0.85,0.77928
2523,,0.025,0.72928,0.25,0.41576,0.55,0.19256,0.8,0.7116
2524,,-0.05,0.6616,0.2,0.38344,0.525,0.16024,0.75,0.64392
2525,1,1.0,0.64392,0.2,0.40112,0.3,0.17792,0.75,0.62624
2526,,0.925,0.57624,0.15,0.3688,0.275,0.1456,0.7,0.55856
2527,,0.85,0.50856,0.1,0.33648,0.25,0.11328,0.65,0.49088
2528,,0.775,0.44088,0.05,0.30416,0.225,0.08096,0.6,0.4232
2529,,0.7,0.3732,0.0,0.27184,0.2,0.04864,0.55,0.35552
2530,,0.625,0.30552,-0.05,0.23952,0.175,0.01632,0.5,0.28784
2531,3,0.6,0.28784,1.0,0.2572,0.2,0.034,0.5,0.27016
2532,,0.525,0.22016,0.95,0.22488,0.175,0.00168,0.45,0.20248
2533,,0.45,0.15248,0.9,0.19256,0.15,-0.03064,0.4,0.1348
2534,6,0.425,0.1348,0.9,0.21024,0.175,1.0,0.4,0.11712
2535,,0.35,0.06712,0.85,0.17792,0.15,0.96768,0.35,0.04944
2536,,0.275,-0.00056,0.8,0.1456,0.125,0.93536,0.3,-0.01824
2537,8,0.25,-0.01824,0.8,0.16328,0.15,0.95304,0.3,1.0
2538,2,0.225,1.0,0.8,0.18096,0.175,0.97072,0.3,0.98232
2539,,0.15,0.93232,0.75,0.14864,0.15,0.9384,0.25,0.91464
2540,,0.075,0.86464,0.7,0.11632,0.125,0.90608,0.2,0.84696
2541,,-0.0,0.79696,0.65,0.084,0.1,0.87376,0.15,0.77928
2542,,-0.075,0.72928,0.6,0.05168,0.075,0.84144,0.1,0.7116
2543,1,1.0,0.7116,0.6,0.06936,-0.15,0.85912,0.1,0.69392
2544,5,0.725,0.69392,0.6,0.08704,1.0,0.8768,0.1,0.67624
2545,,0.65,0.62624,0.55,0.05472,0.975,0.84448,0.05,0.60856
2546,,0.575,0.55856,0.5,0.0224,0.95,0.81216,0.0,0.54088
2547,,0.5,0.49088,0.45,-0.00992,0.925,0.77984,-0.05,0.4732
2548,7,0.475,0.4732,0.45,0.00776,0.95,0.79752,1.0,0.45552
2549,,0.4,0.40552,0.4,-0.02456,0.925,0.7652,0.95,0.38784
2550,4,0.375,0.38784,0.4,1.0,0.95,0.78288,0.95,0.37016
2551,,0.3,0.32016,0.35,0.96768,0.925,0.75056,0.9,0.30248
2552,,0.225,0.25248,0.3,0.93536,0.9,0.71824,0.85,0.2348
2553,,0.15,0.1848,0.25,0.90304,0.875,0.68592,0.8,0.16712
2554,,0.075,0.11712,0.2,0.87072,0.85,0.6536,0.75,0.09944
2555,,-0.0,0.04944,0.15,0.8384,0.825,0.62128,0.7,0.03176
2556,,-0.075,-0.01824,0.1,0.80608,0.8,0.58896,0.65,-0.03592
2557,1,1.0,-0.03592,0.1,0.82376,0.575,0.60664,0.65,-0.0536
2558,8,0.975,-0.0536,0.1,0.84144,0.6,0.62432,0.65,1.0
2559,2,0.95,1.0,0.1,0.85912,0.625,0.642,0.65,0.98232
2560,,0.875,0.93232,0.05,0.8268,0.6,0.60968,0.6,0.91464
2561,,0.8,0.86464,0.0,0.79448,0.575,0.57736,0.55,0.84696
2562,,0.725,0.79696,-0.05,0.76216,0.55,0.54504,0.5,0.77928
2563,3,0.7,0.77928,1.0,0.77984,0.575,0.56272,0.5,0.7616
2564,,0.625,0.7116,0.95,0.74752,0.55,0.5304,0.45,0.69392
2565,,0.55,0.64392,0.9,0.7152,0.525,0.49808,0.4,0.62624
2566,,0.475,0.57624,0.85,0.68288,0.5,0.46576,0.35,0.55856
2567,,0.4,0.50856,0.8,0.65056,0.475,0.43344,0.3,0.49088
2568,,0.325,0.44088,0.75,0.61824,0.45,0.40112,0.25,0.4232
2569,,0.25,0.3732,0.7,0.58592,0.425,0.3688,0.2,0.35552
2570,,0.175,0.30552,0.65,0.5536,0.4,0.33648,0.15,0.28784
2571,,0.1,0.23784,0.6,0.52128,0.375,0.30416,0.1,0.22016
2572,,0.025,0.17016,0.55,0.48896,0.35,0.27184,0.05,0.15248
2573,,-0.05,0.10248,0.5,0.45664,0.325,0.23952,0.0,0.0848
2574,1,1.0,0.0848,0.5,0.47432,0.1,0.2572,0.0,0.06712
2575,,0.925,0.01712,0.45,0.442,0.075,0.22488,-0.05,-0.00056
2576,7,0.9,-0.00056,0.45,0.45968,0.1,0.24256,1.0,-0.01824
2577,8,0.875,-0.01824,0.45,0.47736,0.125,0.26024,1.0,1.0
2578,2,0.85,1.0,0.45,0.49504,0.15,0.27792,1.0,0.98232
2579,,0.775,0.93232,0.4,0.46272,0.125,0.2456,0.95,0.91464
2580,,0.7,0.86464,0.35,0.4304,0.1,0.21328,0.9,0.84696
2581,,0.625,0.79696,0.3,0.39808,0.075,0.18096,0.85,0.77928
2582,,0.55,0.72928,0.25,0.36576,0.05,0.14864,0.8,0.7116
2583,,0.475,0.6616,0.2,0.33344,0.025,0.11632,0.75,0.64392
2584,,0.4,0.59392,0.15,0.30112,0.0,0.084,0.7,0.57624
2585,,0.325,0.52624,0.1,0.2688,-0.025,0.05168,0.65,0.50856
2586,5,0.05,0.50856,0.1,0.28648,1.0,0.06936,0.65,0.49088
2587,,-0.025,0.44088,0.05,0.25416,0.975,0.03704,0.6,0.4232
2588,1,1.0,0.4232,0.05,0.27184,0.75,0.05472,0.6,0.40552
2589,,0.925,0.35552,0.0,0.23952,0.725,0.0224,0.55,0.33784
2590,,0.85,0.28784,-0.05,0.2072,0.7,-0.00992,0.5,0.27016
2591,3,0.825,0.27016,1.0,0.22488,0.725,0.00776,0.5,0.25248
2592,,0.75,0.20248,0.95,0.19256,0.7,-0.02456,0.45,0.1848
2593,6,0.725,0.1848,0.95,0.21024,0.725,1.0,0.45,0.16712
2594,,0.65,0.11712,0.9,0.17792,0.7,0.96768,0.4,0.09944
2595,,0.575,0.04944,0.85,0.1456,0.675,0.93536,0.35,0.03176
2596,,0.5,-0.01824,0.8,0.11328,0.65,0.90304,0.3,-0.03592
2597,8,0.475,-0.03592,0.8,0.13096,0.675,0.92072,0.3,1.0
2598,2,0.45,1.0,0.8,0.14864,0.7,0.9384,0.3,0.98232
2599,,0.375,0.93232,0.75,0.11632,0.675,0.90608,0.25,0.91464
2600,,0.3,0.86464,0.7,0.084,0.65,0.87376,0.2,0.84696
2601,,0.225,0.79696,0.65,0.05168,0.625,0.84144,0.15,0.77928
2602,,0.15,0.72928,0.6,0.01936,0.6,0.80912,0.1,0.7116
2603,,0.075,0.6616,0.55,-0.01296,0.575,0.7768,0.05,0.64392
2604,4,0.05,0.64392,0.55,1.0,0.6,0.79448,0.05,0.62624
2605,,-0.025,0.57624,0.5,0.96768,0.575,0.76216,0.0,0.55856
2606,1,1.0,0.55856,0.5,0.98536,0.35,0.77984,0.0,0.54088
2607,,0.925,0.49088,0.45,0.95304,0.325,0.74752,-0.05,0.4732
2608,7,0.9,0.4732,0.45,0.97072,0.35,0.7652,1.0,0.45552
2609,,0.825,0.40552,0.4,0.9384,0.325,0.73288,0.95,0.38784
2610,,0.75,0.33784,0.35,0.90608,0.3,0.70056,0.9,0.32016
2611,,0.675,0.27016,0.3,0.87376,0.275,0.66824,0.85,0.25248
2612,,0.6,0.20248,0.25,0.84144,0.25,0.63592,0.8,0.1848
2613,,0.525,0.1348,0.2,0.80912,0.225,0.6036,0.75,0.11712
2614,,0.45,0.06712,0.15,0.7768,0.2,0.57128,0.7,0.04944
2615,,0.375,-0.00056,0.1,0.74448,0.175,0.53896,0.65,-0.01824
2616,8,0.35,-0.01824,0.1,0.76216,0.2,0.55664,0.65,1.0
2617,2,0.325,1.0,0.1,0.77984,0.225,0.57432,0.65,0.98232
2618,,0.25,0.93232,0.05,0.74752,0.2,0.542,0.6,0.91464
2619,,0.175,0.86464,0.0,0.7152,0.175,0.50968,0.55,0.84696
2620,,0.1,0.79696,-0.05,0.68288,0.15,0.47736,0.5,0.77928
2621,3,0.075,0.77928,1.0,0.70056,0.175,0.49504,0.5,0.7616
2622,,-0.0,0.7116,0.95,0.66824,0.15,0.46272,0.45,0.69392
2623,,-0.075,0.64392,0.9,0.63592,0.125,0.4304,0.4,0.62624
2624,1,1.0,0.62624,0.9,0.6536,-0.1,0.44808,0.4,0.60856
2625,5,0.725,0.60856,0.9,0.67128,1.0,0.46576,0.4,0.59088
2626,,0.65,0.54088,0.85,0.63896,0.975,0.43344,0.35,0.5232
2627,,0.575,0.4732,0.8,0.60664,0.95,0.40112,0.3,0.45552
2628,,0.5,0.40552,0.75,0.57432,0.925,0.3688,0.25,0.38784
2629,,0.425,0.33784,0.7,0.542,0.9,0.33648,0.2,0.32016
2630,,0.35,0.27016,0.65,0.50968,0.875,0.30416,0.15,0.25248
2631,,0.275,0.20248,0.6,0.47736,0.85,0.27184,0.1,0.1848
2632,,0.2,0.1348,0.55,0.44504,0.825,0.23952,0.05,0.11712
2633,,0.125,0.06712,0.5,0.41272,0.8,0.2072,0.0,0.04944
2634,,0.05,-0.00056,0.45,0.3804,0.775,0.17488,-0.05,-0.01824
2635,7,0.025,-0.01824,0.45,0.39808,0.8,0.19256,1.0,-0.03592
2636,8,0.0,-0.03592,0.45,0.41576,0.825,0.21024,1.0,1.0
2637,2,-0.025,1.0,0.45,0.43344,0.85,0.22792,1.0,0.98232
2638,1,1.0,0.98232,0.45,0.45112,0.625,0.2456,1.0,0.96464
2639,,0.925,0.91464,0.4,0.4188,0.6,0.21328,0.95,0.89696
2640,,0.85,0.84696,0.35,0.38648,0.575,0.18096,0.9,0.82928
2641,,0.775,0.77928,0.3,0.35416,0.55,0.14864,0.85,0.7616
2642,,0.7,0.7116,0.25,0.32184,0.525,0.11632,0.8,0.69392
2643,,0.625,0.64392,0.2,0.28952,0.5,0.084,0.75,0.62624
2644,,0.55,0.57624,0.15,0.2572,0.475,0.05168,0.7,0.55856
2645,,0.475,0.50856,0.1,0.22488,0.45,0.01936,0.65,0.49088
2646,,0.4,0.44088,0.05,0.19256,0.425,-0.01296,0.6,0.4232
2647,6,0.375,0.4232,0.05,0.21024,0.45,1.0,0.6,0.40552
2648,,0.3,0.35552,0.0,0.17792,0.425,0.96768,0.55,0.33784
2649,,0.225,0.28784,-0.05,0.1456,0.4,0.93536,0.5,0.27016
2650,3,0.2,0.27016,1.0,0.16328,0.425,0.95304,0.5,0.25248
2651,,0.125,0.20248,0.95,0.13096,0.4,0.92072,0.45,0.1848
2652,,0.05,0.1348,0.9,0.09864,0.375,0.8884,0.4,0.11712
2653,,-0.025,0.06712,0.85,0.06632,0.35,0.85608,0.35,0.04944
2654,1,1.0,0.04944,0.85,0.084,0.125,0.87376,0.35,0.03176
2655,,0.925,-0.01824,0.8,0.05168,0.1,0.84144,0.3,-0.03592
2656,8,0.9,-0.03592,0.8,0.06936,0.125,0.85912,0.3,1.0
2657,2,0.875,1.0,0.8,0.08704,0.15,0.8768,0.3,0.98232
2658,,0.8,0.93232,0.75,0.05472,0.125,0.84448,0.25,0.91464
2659,,0.725,0.86464,0.7,0.0224,0.1,0.81216,0.2,0.84696
2660,,0.65,0.79696,0.65,-0.00992,0.075,0.77984,0.15,0.77928
2661,4,0.625,0.77928,0.65,1.0,0.1,0.79752,0.15,0.7616
2662,,0.55,0.7116,0.6,0.96768,0.075,0.7652,0.1,0.69392
2663,,0.475,0.64392,0.55,0.93536,0.05,0.73288,0.05,0.62624
2664,,0.4,0.57624,0.5,0.90304,0.025,0.70056,0.0,0.55856
2665,,0.325,0.50856,0.45,0.87072,0.0,0.66824,-0.05,0.49088
2666,7,0.3,0.49088,0.45,0.8884,0.025,0.68592,1.0,0.4732
2667,,0.225,0.4232,0.4,0.85608,0.0,0.6536,0.95,0.40552
2668,,0.15,0.35552,0.35,0.82376,-0.025,0.62128,0.9,0.33784
2669,5,-0.125,0.33784,0.35,0.84144,1.0,0.63896,0.9,0.32016
2670,1,1.0,0.32016,0.35,0.85912,0.775,0.65664,0.9,0.30248
2671,,0.925,0.25248,0.3,0.8268,0.75,0.62432,0.85,0.2348
2672,,0.85,0.1848,0.25,0.79448,0.725,0.592,0.8,0.16712
2673,,0.775,0.11712,0.2,0.76216,0.7,0.55968,0.75,0.09944
2674,,0.7,0.04944,0.15,0.72984,0.675,0.52736,0.7,0.03176
2675,,0.625,-0.01824,0.1,0.69752,0.65,0.49504,0.65,-0.03592
2676,8,0.6,-0.03592,0.1,0.7152,0.675,0.51272,0.65,1.0
2677,2,0.575,1.0,0.1,0.73288,0.7,0.5304,0.65,0.98232
2678,,0.5,0.93232,0.05,0.70056,0.675,0.49808,0.6,0.91464
2679,,0.425,0.86464,0.0,0.66824,0.65,0.46576,0.55,0.84696
2680,,0.35,0.79696,-0.05,0.63592,0.625,0.43344,0.5,0.77928
2681,3,0.325,0.77928,1.0,0.6536,0.65,0.45112,0.5,0.7616
2682,,0.25,0.7116,0.95,0.62128,0.625,0.4188,0.45,0.69392
2683,,0.175,0.64392,0.9,0.58896,0.6,0.38648,0.4,0.62624
2684,,0.1,0.57624,0.85,0.55664,0.575,0.35416,0.35,0.55856
2685,,0.025,0.50856,0.8,0.52432,0.55,0.32184,0.3,0.49088
2686,,-0.05,0.44088,0.75,0.492,0.525,0.28952,0.25,0.4232
2687,1,1.0,0.4232,0.75,0.50968,0.3,0.3072,0.25,0.40552
2688,,0.925,0.35552,0.7,0.47736,0.275,0.27488,0.2,0.33784
2689,,0.85,0.28784,0.65,0.44504,0.25,0.24256,0.15,0.27016
2690,,0.775,0.22016,0.6,0.41272,0.225,0.21024,0.1,0.20248
2691,,0.7,0.15248,0.55,0.3804,0.2,0.17792,0.05,0.1348
2692,,0.625,0.0848,0.5,0.34808,0.175,0.1456,0.0,0.06712
2693,,0.55,0.01712,0.45,0.31576,0.15,0.11328,-0.05,-0.00056
2694,7,0.525,-0.00056,0.45,0.33344,0.175,0.13096,1.0,-0.01824
2695,8,0.5,-0.01824,0.45,0.35112,0.2,0.14864,1.0,1.0
2696,2,0.475,1.0,0.45,0.3688,0.225,0.16632,1.0,0.98232
2697,,0.4,0.93232,0.4,0.33648,0.2,0.134,0.95,0.91464
2698,,0.325,0.86464,0.35,0.30416,0.175,0.10168,0.9,0.84696
2699,,0.25,0.79696,0.3,0.27184,0.15,0.06936,0.85,0.77928
2700,,0.175,0.72928,0.25,0.23952,0.125,0.03704,0.8,0.7116
2701,,0.1,0.6616,0.2,0.2072,0.1,0.00472,0.75,0.64392
2702,,0.025,0.59392,0.15,0.17488,0.075,-0.0276,0.7,0.57624
2703,6,0.0,0.57624,0.15,0.19256,0.1,1.0,0.7,0.55856
2704,,-0.075,0.50856,0.1,0.16024,0.075,0.96768,0.65,0.49088
2705,1,1.0,0.49088,0.1,0.17792,-0.15,0.98536,0.65,0.4732
2706,5,0.725,0.4732,0.1,0.1956,1.0,1.0,0.65,0.45552
2707,,0.65,0.40552,0.05,0.16328,0.975,0.96768,0.6,0.38784
2708,,0.575,0.33784,0.0,0.13096,0.95,0.93536,0.55,0.32016
2709,,0.5,0.27016,-0.05,0.09864,0.925,0.90304,0.5,0.25248
2710,3,0.475,0.25248,1.0,0.11632,0.95,0.92072,0.5,0.2348
2711,,0.4,0.1848,0.95,0.084,0.925,0.8884,0.45,0.16712
2712,,0.325,0.11712,0.9,0.05168,0.9,0.85608,0.4,0.09944
2713,,0.25,0.04944,0.85,0.01936,0.875,0.82376,0.35,0.03176
2714,,0.175,-0.01824,0.8,-0.01296,0.85,0.79144,0.3,-0.03592
2715,8,0.15,-0.03592,0.8,0.00472,0.875,0.80912,0.3,1.0
2716,2,0.125,1.0,0.8,0.0224,0.9,0.8268,0.3,0.98232
2717,,0.05,0.93232,0.75,-0.00992,0.875,0.79448,0.25,0.91464
2718,4,0.025,0.91464,0.75,1.0,0.9,0.81216,0.25,0.89696
2719,,-0.05,0.84696,0.7,0.96768,0.875,0.77984,0.2,0.82928
2720,1,1.0,0.82928,0.7,0.98536,0.65,0.79752,0.2,0.8116
2721,,0.925,0.7616,0.65,0.95304,0.625,0.7652,0.15,0.74392
2722,,0.85,0.69392,0.6,0.92072,0.6,0.73288,0.1,0.67624
2723,,0.775,0.62624,0.55,0.8884,0.575,0.70056,0.05,0.60856
2724,,0.7,0.55856,0.5,0.85608,0.55,0.66824,0.0,0.54088
2725,,0.625,0.49088,0.45,0.82376,0.525,0.63592,-0.05,0.4732
2726,7,0.6,0.4732,0.45,0.84144,0.55,0.6536,1.0,0.45552
2727,,0.525,0.40552,0.4,0.80912,0.525,0.62128,0.95,0.38784
2728,,0.45,0.33784,0.35,0.7768,0.5,0.58896,0.9,0.32016
2729,,0.375,0.27016,0.3,0.74448,0.475,0.55664,0.85,0.25248
2730,,0.3,0.20248,0.25,0.71216,0.45,0.52432,0.8,0.1848
2731,,0.225,0.1348,0.2,0.67984,0.425,0.492,0.75,0.11712
2732,,0.15,0.06712,0.15,0.64752,0.4,0.45968,0.7,0.04944
2733,,0.075,-0.00056,0.1,0.6152,0.375,0.42736,0.65,-0.01824
2734,8,0.05,-0.01824,0.1,0.63288,0.4,0.44504,0.65,1.0
2735,2,0.025,1.0,0.1,0.65056,0.425,0.46272,0.65,0.98232
2736,,-0.05,0.93232,0.05,0.61824,0.4,0.4304,0.6,0.91464
2737,1,1.0,0.91464,0.05,0.63592,0.175,0.44808,0.6,0.89696
2738,,0.925,0.84696,0.0,0.6036,0.15,0.41576,0.55,0.82928
2739,,0.85,0.77928,-0.05,0.57128,0.125,0.38344,0.5,0.7616
2740,3,0.825,0.7616,1.0,0.58896,0.15,0.40112,0.5,0.74392
2741,,0.75,0.69392,0.95,0.55664,0.125,0.3688,0.45,0.67624
2742,,0.675,0.62624,0.9,0.52432,0.1,0.33648,0.4,0.60856
2743,,0.6,0.55856,0.85,0.492,0.075,0.30416,0.35,0.54088
2744,,0.525,0.49088,0.8,0.45968,0.05,0.27184,0.3,0.4732
2745,,0.45,0.4232,0.75,0.42736,0.025,0.23952,0.25,0.40552
2746,,0.375,0.35552,0.7,0.39504,0.0,0.2072,0.2,0.33784
2747,,0.3,0.28784,0.65,0.36272,-0.025,0.17488,0.15,0.27016
2748,5,0.025,0.27016,0.65,0.3804,1.0,0.19256,0.15,0.25248
2749,,-0.05,0.20248,0.6,0.34808,0.975,0.16024,0.1,0.1848
2750,1,1.0,0.1848,0.6,0.36576,0.75,0.17792,0.1,0.16712
2751,,0.925,0.11712,0.55,0.33344,0.725,0.1456,0.05,0.09944
2752,,0.85,0.04944,0.5,0.30112,0.7,0.11328,0.0,0.03176
2753,,0.775,-0.01824,0.45,0.2688,0.675,0.08096,-0.05,-0.03592
2754,7,0.75,-0.03592,0.45,0.28648,0.7,0.09864,1.0,-0.0536
2755,8,0.725,-0.0536,0.45,0.30416,0.725,0.11632,1.0,1.0
2756,2,0.7,1.0,0.45,0.32184,0.75,0.134,1.0,0.98232
2757,,0.625,0.93232,0.4,0.28952,0.725,0.10168,0.95,0.91464
2758,,0.55,0.86464,0.35,0.2572,0.7,0.06936,0.9,0.84696
2759,,0.475,0.79696,0.3,0.22488,0.675,0.03704,0.85,0.77928
2760,,0.4,0.72928,0.25,0.19256,0.65,0.00472,0.8,0.7116
2761,,0.325,0.6616,0.2,0.16024,0.625,-0.0276,0.75,0.64392
2762,6,0.3,0.64392,0.2,0.17792,0.65,1.0,0.75,0.62624
2763,,0.225,0.57624,0.15,0.1456,0.625,0.96768,0.7,0.55856
2764,,0.15,0.50856,0.1,0.11328,0.6,0.93536,0.65,0.49088
2765,,0.075,0.44088,0.05,0.08096,0.575,0.90304,0.6,0.4232
2766,,-0.0,0.3732,0.0,0.04864,0.55,0.87072,0.55,0.35552
2767,,-0.075,0.30552,-0.05,0.01632,0.525,0.8384,0.5,0.28784
2768,1,1.0,0.28784,-0.05,0.034,0.3,0.85608,0.5,0.27016
2769,3,0.975,0.27016,1.0,0.05168,0.325,0.87376,0.5,0.25248
2770,,0.9,0.20248,0.95,0.01936,0.3,0.84144,0.45,0.1848
2771,,0.825,0.1348,0.9,-0.01296,0.275,0.80912,0.4,0.11712
2772,4,0.8,0.11712,0.9,1.0,0.3,0.8268,0.4,0.09944
2773,,0.725,0.04944,0.85,0.96768,0.275,0.79448,0.35,0.03176
2774,,0.65,-0.01824,0.8,0.93536,0.25,0.76216,0.3,-0.03592
2775,8,0.625,-0.03592,0.8,0.95304,0.275,0.77984,0.3,1.0
2776,2,0.6,1.0,0.8,0.97072,0.3,0.79752,0.3,0.98232
2777,,0.525,0.93232,0.75,0.9384,0.275,0.7652,0.25,0.91464
2778,,0.45,0.86464,0.7,0.90608,0.25,0.73288,0.2,0.84696
2779,,0.375,0.79696,0.65,0.87376,0.225,0.70056,0.15,0.77928
2780,,0.3,0.72928,0.6,0.84144,0.2,0.66824,0.1,0.7116
2781,,0.225,0.6616,0.55,0.80912,0.175,0.63592,0.05,0.64392
2782,,0.15,0.59392,0.5,0.7768,0.15,0.6036,0.0,0.57624
2783,,0.075,0.52624,0.45,0.74448,0.125,0.57128,-0.05,0.50856
2784,7,0.05,0.50856,0.45,0.76216,0.15,0.58896,1.0,0.49088
2785,,-0.025,0.44088,0.4,0.72984,0.125,0.55664,0.95,0.4232
2786,1,1.0,0.4232,0.4,0.74752,-0.1,0.57432,0.95,0.40552
2787,5,0.725,0.40552,0.4,0.7652,1.0,0.592,0.95,0.38784
2788,,0.65,0.33784,0.35,0.73288,0.975,0.55968,0.9,0.32016
2789,,0.575,0.27016,0.3,0.70056,0.95,0.52736,0.85,0.25248
2790,,0.5,0.20248,0.25,0.66824,0.925,0.49504,0.8,0.1848
2791,,0.425,0.1348,0.2,0.63592,0.9,0.46272,0.75,0.11712
2792,,0.35,0.06712,0.15,0.6036,0.875,0.4304,0.7,0.04944
2793,,0.275,-0.00056,0.1,0.57128,0.85,0.39808,0.65,-0.01824
2794,8,0.25,-0.01824,0.1,0.58896,0.875,0.41576,0.65,1.0
2795,2,0.225,1.0,0.1,0.60664,0.9,0.43344,0.65,0.98232
2796,,0.15,0.93232,0.05,0.57432,0.875,0.40112,0.6,0.91464
2797,,0.075,0.86464,0.0,0.542,0.85,0.3688,0.55,0.84696
2798,,-0.0,0.79696,-0.05,0.50968,0.825,0.33648,0.5,0.77928
2799,3,-0.025,0.77928,1.0,0.52736,0.85,0.35416,0.5,0.7616
2800,1,1.0,0.7616,1.0,0.54504,0.625,0.37184,0.5,0.74392
2801,,0.925,0.69392,0.95,0.51272,0.6,0.33952,0.45,0.67624
2802,,0.85,0.62624,0.9,0.4804,0.575,0.3072,0.4,0.60856
2803,,0.775,0.55856,0.85,0.44808,0.55,0.27488,0.35,0.54088
2804,,0.7,0.49088,0.8,0.41576,0.525,0.24256,0.3,0.4732
2805,,0.625,0.4232,0.75,0.38344,0.5,0.21024,0.25,0.40552
2806,,0.55,0.35552,0.7,0.35112,0.475,0.17792,0.2,0.33784
2807,,0.475,0.28784,0.65,0.3188,0.45,0.1456,0.15,0.27016
2808,,0.4,0.22016,0.6,0.28648,0.425,0.11328,0.1,0.20248
2809,,0.325,0.15248,0.55,0.25416,0.4,0.08096,0.05,0.1348
2810,,0.25,0.0848,0.5,0.22184,0.375,0.04864,0.0,0.06712
2811,,0.175,0.01712,0.45,0.18952,0.35,0.01632,-0.05,-0.00056
2812,7,0.15,-0.00056,0.45,0.2072,0.375,0.034,1.0,-0.01824
2813,8,0.125,-0.01824,0.45,0.22488,0.4,0.05168,1.0,1.0
2814,2,0.1,1.0,0.45,0.24256,0.425,0.06936,1.0,0.98232
2815,,0.025,0.93232,0.4,0.21024,0.4,0.03704,0.95,0.91464
2816,,-0.05,0.86464,0.35,0.17792,0.375,0.00472,0.9,0.84696
2817,1,1.0,0.84696,0.35,0.1956,0.15,0.0224,0.9,0.82928
2818,,0.925,0.77928,0.3,0.16328,0.125,-0.00992,0.85,0.7616
2819,6,0.9,0.7616,0.3,0.18096,0.15,1.0,0.85,0.74392
2820,,0.825,0.69392,0.25,0.14864,0.125,0.96768,0.8,0.67624
2821,,0.75,0.62624,0.2,0.11632,0.1,0.93536,0.75,0.60856
2822,,0.675,0.55856,0.15,0.084,0.075,0.90304,0.7,0.54088
2823,,0.6,0.49088,0.1,0.05168,0.05,0.87072,0.65,0.4732
2824,,0.525,0.4232,0.05,0.01936,0.025,0.8384,0.6,0.40552
2825,,0.45,0.35552,0.0,-0.01296,0.0,0.80608,0.55,0.33784
2826,4,0.425,0.33784,0.0,1.0,0.025,0.82376,0.55,0.32016
2827,,0.35,0.27016,-0.05,0.96768,0.0,0.79144,0.5,0.25248
2828,3,0.325,0.25248,1.0,0.98536,0.025,0.80912,0.5,0.2348
2829,,0.25,0.1848,0.95,0.95304,0.0,0.7768,0.45,0.16712
2830,,0.175,0.11712,0.9,0.92072,-0.025,0.74448,0.4,0.09944
2831,5,-0.1,0.09944,0.9,0.9384,1.0,0.76216,0.4,0.08176
2832,1,1.0,0.08176,0.9,0.95608,0.775,0.77984,0.4,0.06408
2833,,0.925,0.01408,0.85,0.92376,0.75,0.74752,0.35,-0.0036
2834,8,0.9,-0.0036,0.85,0.94144,0.775,0.7652,0.35,1.0
2835,2,0.875,1.0,0.85,0.95912,0.8,0.78288,0.35,0.98232
2836,,0.8,0.93232,0.8,0.9268,0.775,0.75056,0.3,0.91464
2837,,0.725,0.86464,0.75,0.89448,0.75,0.71824,0.25,0.84696
2838,,0.65,0.79696,0.7,0.86216,0.725,0.68592,0.2,0.77928
2839,,0.575,0.72928,0.65,0.82984,0.7,0.6536,0.15,0.7116
2840,,0.5,0.6616,0.6,0.79752,0.675,0.62128,0.1,0.64392
2841,,0.425,0.59392,0.55,0.7652,0.65,0.58896,0.05,0.57624
2842,,0.35,0.52624,0.5,0.73288,0.625,0.55664,0.0,0.50856
2843,,0.275,0.45856,0.45,0.70056,0.6,0.52432,-0.05,0.44088
2844,7,0.25,0.44088,0.45,0.71824,0.625,0.542,1.0,0.4232
2845,,0.175,0.3732,0.4,0.68592,0.6,0.50968,0.95,0.35552
2846,,0.1,0.30552,0.35,0.6536,0.575,0.47736,0.9,0.28784
2847,,0.025,0.23784,0.3,0.62128,0.55,0.44504,0.85,0.22016
2848,,-0.05,0.17016,0.25,0.58896,0.525,0.41272,0.8,0.15248
2849,1,1.0,0.15248,0.25,0.60664,0.3,0.4304,0.8,0.1348
2850,,0.925,0.0848,0.2,0.57432,0.275,0.39808,0.75,0.06712
2851,,0.85,0.01712,0.15,0.542,0.25,0.36576,0.7,-0.00056
2852,8,0.825,-0.00056,0.15,0.55968,0.275,0.38344,0.7,1.0
2853,2,0.8,1.0,0.15,0.57736,0.3,0.40112,0.7,0.98232
2854,,0.725,0.93232,0.1,0.54504,0.275,0.3688,0.65,0.91464
2855,,0.65,0.86464,0.05,0.51272,0.25,0.33648,0.6,0.84696
2856,,0.575,0.79696,0.0,0.4804,0.225,0.30416,0.55,0.77928
2857,,0.5,0.72928,-0.05,0.44808,0.2,0.27184,0.5,0.7116
2858,3,0.475,0.7116,1.0,0.46576,0.225,0.28952,0.5,0.69392
2859,,0.4,0.64392,0.95,0.43344,0.2,0.2572,0.45,0.62624
2860,,0.325,0.57624,0.9,0.40112,0.175,0.22488,0.4,0.55856
2861,,0.25,0.50856,0.85,0.3688,0.15,0.19256,0.35,0.49088
2862,,0.175,0.44088,0.8,0.33648,0.125,0.16024,0.3,0.4232
2863,,0.1,0.3732,0.75,0.30416,0.1,0.12792,0.25,0.35552
2864,,0.025,0.30552,0.7,0.27184,0.075,0.0956,0.2,0.28784
2865,,-0.05,0.23784,0.65,0.23952,0.05,0.06328,0.15,0.22016
2866,1,1.0,0.22016,0.65,0.2572,-0.175,0.08096,0.15,0.20248
2867,5,0.725,0.20248,0.65,0.27488,1.0,0.09864,0.15,0.1848
2868,,0.65,0.1348,0.6,0.24256,0.975,0.06632,0.1,0.11712
2869,,0.575,0.06712,0.55,0.21024,0.95,0.034,0.05,0.04944
2870,,0.5,-0.00056,0.5,0.17792,0.925,0.00168,0.0,-0.01824
2871,8,0.475,-0.01824,0.5,0.1956,0.95,0.01936,0.0,1.0
2872,2,0.45,1.0,0.5,0.21328,0.975,0.03704,0.0,0.98232
2873,,0.375,0.93232,0.45,0.18096,0.95,0.00472,-0.05,0.91464
2874,7,0.35,0.91464,0.45,0.19864,0.975,0.0224,1.0,0.89696
2875,,0.275,0.84696,0.4,0.16632,0.95,-0.00992,0.95,0.82928
2876,6,0.25,0.82928,0.4,0.184,0.975,1.0,0.95,0.8116
2877,,0.175,0.7616,0.35,0.15168,0.95,0.96768,0.9,0.74392
2878,,0.1,0.69392,0.3,0.11936,0.925,0.93536,0.85,0.67624
2879,,0.025,0.62624,0.25,0.08704,0.9,0.90304,0.8,0.60856
2880,,-0.05,0.55856,0.2,0.05472,0.875,0.87072,0.75,0.54088
2881,1,1.0,0.54088,0.2,0.0724,0.65,0.8884,0.75,0.5232
2882,,0.925,0.4732,0.15,0.04008,0.625,0.85608,0.7,0.45552
2883,,0.85,0.40552,0.1,0.00776,0.6,0.82376,0.65,0.38784
2884,,0.775,0.33784,0.05,-0.02456,0.575,0.79144,0.6,0.32016
2885,4,0.75,0.32016,0.05,1.0,0.6,0.80912,0.6,0.30248
2886,,0.675,0.25248,0.0,0.96768,0.575,0.7768,0.55,0.2348
2887,,0.6,0.1848,-0.05,0.93536,0.55,0.74448,0.5,0.16712
2888,3,0.575,0.16712,1.0,0.95304,0.575,0.76216,0.5,0.14944
2889,,0.5,0.09944,0.95,0.92072,0.55,0.72984,0.45,0.08176
2890,,0.425,0.03176,0.9,0.8884,0.525,0.69752,0.4,0.01408
2891,,0.35,-0.03592,0.85,0.85608,0.5,0.6652,0.35,-0.0536
2892,8,0.325,-0.0536,0.85,0.87376,0.525,0.68288,0.35,1.0
2893,2,0.3,1.0,0.85,0.89144,0.55,0.70056,0.35,0.98232
2894,,0.225,0.93232,0.8,0.85912,0.525,0.66824,0.3,0.91464
2895,,0.15,0.86464,0.75,0.8268,0.5,0.63592,0.25,0.84696
2896,,0.075,0.79696,0.7,0.79448,0.475,0.6036,0.2,0.77928
2897,,-0.0,0.72928,0.65,0.76216,0.45,0.57128,0.15,0.7116
2898,,-0.075,0.6616,0.6,0.72984,0.425,0.53896,0.1,0.64392
2899,1,1.0,0.64392,0.6,0.74752,0.2,0.55664,0.1,0.62624
2900,,0.925,0.57624,0.55,0.7152,0.175,0.52432,0.05,0.55856
2901,,0.85,0.50856,0.5,0.68288,0.15,0.492,0.0,0.49088
2902,,0.775,0.44088,0.45,0.65056,0.125,0.45968,-0.05,0.4232
2903,7,0.75,0.4232,0.45,0.66824,0.15,0.47736,1.0,0.40552
2904,,0.675,0.35552,0.4,0.63592,0.125,0.44504,0.95,0.33784
2905,,0.6,0.28784,0.35,0.6036,0.1,0.41272,0.9,0.27016
2906,,0.525,0.22016,0.3,0.57128,0.075,0.3804,0.85,0.20248
2907,,0.45,0.15248,0.25,0.53896,0.05,0.34808,0.8,0.1348
2908,,0.375,0.0848,0.2,0.50664,0.025,0.31576,0.75,0.06712
2909,,0.3,0.01712,0.15,0.47432,0.0,0.28344,0.7,-0.00056
2910,8,0.275,-0.00056,0.15,0.492,0.025,0.30112,0.7,1.0
2911,2,0.25,1.0,0.15,0.50968,0.05,0.3188,0.7,0.98232
2912,,0.175,0.93232,0.1,0.47736,0.025,0.28648,0.65,0.91464
2913,,0.1,0.86464,0.05,0.44504,0.0,0.25416,0.6,0.84696
2914,,0.025,0.79696,0.0,0.41272,-0.025,0.22184,0.55,0.77928
2915,5,-0.25,0.77928,0.0,0.4304,1.0,0.23952,0.55,0.7616
2916,1,1.0,0.7616,0.0,0.44808,0.775,0.2572,0.55,0.74392
2917,,0.925,0.69392,-0.05,0.41576,0.75,0.22488,0.5,0.67624
2918,3,0.9,0.67624,1.0,0.43344,0.775,0.24256,0.5,0.65856
2919,,0.825,0.60856,0.95,0.40112,0.75,0.21024,0.45,0.59088
2920,,0.75,0.54088,0.9,0.3688,0.725,0.17792,0.4,0.5232
2921,,0.675,0.4732,0.85,0.33648,0.7,0.1456,0.35,0.45552
2922,,0.6,0.40552,0.8,0.30416,0.675,0.11328,0.3,0.38784
2923,,0.525,0.33784,0.75,0.27184,0.65,0.08096,0.25,0.32016
2924,,0.45,0.27016,0.7,0.23952,0.625,0.04864,0.2,0.25248
2925,,0.375,0.20248,0.65,0.2072,0.6,0.01632,0.15,0.1848
2926,,0.3,0.1348,0.6,0.17488,0.575,-0.016,0.1,0.11712
2927,6,0.275,0.11712,0.6,0.19256,0.6,1.0,0.1,0.09944
2928,,0.2,0.04944,0.55,0.16024,0.575,0.96768,0.05,0.03176
2929,,0.125,-0.01824,0.5,0.12792,0.55,0.93536,0.0,-0.03592
2930,8,0.1,-0.03592,0.5,0.1456,0.575,0.95304,0.0,1.0
2931,2,0.075,1.0,0.5,0.16328,0.6,0.97072,0.0,0.98232
2932,,-0.0,0.93232,0.45,0.13096,0.575,0.9384,-0.05,0.91464
2933,7,-0.025,0.91464,0.45,0.14864,0.6,0.95608,1.0,0.89696
2934,1,1.0,0.89696,0.45,0.16632,0.375,0.97376,1.0,0.87928
2935,,0.925,0.82928,0.4,0.134,0.35,0.94144,0.95,0.8116
2936,,0.85,0.7616,0.35,0.10168,0.325,0.90912,0.9,0.74392
2937,,0.775,0.69392,0.3,0.06936,0.3,0.8768,0.85,0.67624
2938,,0.7,0.62624,0.25,0.03704,0.275,0.84448,0.8,0.60856
2939,,0.625,0.55856,0.2,0.00472,0.25,0.81216,0.75,0.54088
2940,,0.55,0.49088,0.15,-0.0276,0.225,0.77984,0.7,0.4732
2941,4,0.525,0.4732,0.15,1.0,0.25,0.79752,0.7,0.45552
2942,,0.45,0.40552,0.1,0.96768,0.225,0.7652,0.65,0.38784
2943,,0.375,0.33784,0.05,0.93536,0.2,0.73288,0.6,0.32016
2944,,0.3,0.27016,0.0,0.90304,0.175,0.70056,0.55,0.25248
2945,,0.225,0.20248,-0.05,0.87072,0.15,0.66824,0.5,0.1848
2946,3,0.2,0.1848,1.0,0.8884,0.175,0.68592,0.5,0.16712
2947,,0.125,0.11712,0.95,0.85608,0.15,0.6536,0.45,0.09944
2948,,0.05,0.04944,0.9,0.82376,0.125,0.62128,0.4,0.03176
2949,,-0.025,-0.01824,0.85,0.79144,0.1,0.58896,0.35,-0.03592
2950,8,-0.05,-0.03592,0.85,0.80912,0.125,0.60664,0.35,1.0
2951,1,1.0,-0.0536,0.85,0.8268,-0.1,0.62432,0.35,0.98232
2952,5,0.725,-0.07128,0.85,0.84448,1.0,0.642,0.35,0.96464
2953,2,0.7,1.0,0.85,0.86216,1.0,0.65968,0.35,0.94696
2954,,0.625,0.93232,0.8,0.82984,0.975,0.62736,0.3,0.87928
2955,,0.55,0.86464,0.75,0.79752,0.95,0.59504,0.25,0.8116
2956,,0.475,0.79696,0.7,0.7652,0.925,0.56272,0.2,0.74392
2957,,0.4,0.72928,0.65,0.73288,0.9,0.5304,0.15,0.67624
2958,,0.325,0.6616,0.6,0.70056,0.875,0.49808,0.1,0.60856
2959,,0.25,0.59392,0.55,0.66824,0.85,0.46576,0.05,0.54088
2960,,0.175,0.52624,0.5,0.63592,0.825,0.43344,0.0,0.4732
2961,,0.1,0.45856,0.45,0.6036,0.8,0.40112,-0.05,0.40552
2962,7,0.075,0.44088,0.45,0.62128,0.825,0.4188,1.0,0.38784
2963,,-0.0,0.3732,0.4,0.58896,0.8,0.38648,0.95,0.32016
2964,,-0.075,0.30552,0.35,0.55664,0.775,0.35416,0.9,0.25248
2965,1,1.0,0.28784,0.35,0.57432,0.55,0.37184,0.9,0.2348
2966,,0.925,0.22016,0.3,0.542,0.525,0.33952,0.85,0.16712
2967,,0.85,0.15248,0.25,0.50968,0.5,0.3072,0.8,0.09944
2968,,0.775,0.0848,0.2,0.47736,0.475,0.27488,0.75,0.03176
2969,,0.7,0.01712,0.15,0.44504,0.45,0.24256,0.7,-0.03592
2970,8,0.675,-0.00056,0.15,0.46272,0.475,0.26024,0.7,1.0
2971,2,0.65,1.0,0.15,0.4804,0.5,0.27792,0.7,0.98232
2972,,0.575,0.93232,0.1,0.44808,0.475,0.2456,0.65,0.91464
2973,,0.5,0.86464,0.05,0.41576,0.45,0.21328,0.6,0.84696
2974,,0.425,0.79696,0.0,0.38344,0.425,0.18096,0.55,0.77928
2975,,0.35,0.72928,-0.05,0.35112,0.4,0.14864,0.5,0.7116
2976,3,0.325,0.7116,1.0,0.3688,0.425,0.16632,0.5,0.69392
2977,,0.25,0.64392,0.95,0.33648,0.4,0.134,0.45,0.62624
2978,,0.175,0.57624,0.9,0.30416,0.375,0.10168,0.4,0.55856
2979,,0.1,0.50856,0.85,0.27184,0.35,0.06936,0.35,0.49088
2980,,0.025,0.44088,0.8,0.23952,0.325,0.03704,0.3,0.4232
2981,,-0.05,0.3732,0.75,0.2072,0.3,0.00472,0.25,0.35552
2982,1,1.0,0.35552,0.75,0.22488,0.075,0.0224,0.25,0.33784
2983,,0.925,0.28784,0.7,0.19256,0.05,-0.00992,0.2,0.27016
2984,6,0.9,0.27016,0.7,0.21024,0.075,1.0,0.2,0.25248
2985,,0.825,0.20248,0.65,0.17792,0.05,0.96768,0.15,0.1848
2986,,0.75,0.1348,0.6,0.1456,0.025,0.93536,0.1,0.11712
2987,,0.675,0.06712,0.55,0.11328,0.0,0.90304,0.05,0.04944
2988,,0.6,-0.00056,0.5,0.08096,-0.025,0.87072,0.0,-0.01824
2989,5,0.325,-0.01824,0.5,0.09864,1.0,0.8884,0.0,-0.03592
2990,8,0.3,-0.03592,0.5,0.11632,1.0,0.90608,0.0,1.0
2991,2,0.275,1.0,0.5,0.134,1.0,0.92376,0.0,0.98232
2992,,0.2,0.93232,0.45,0.10168,0.975,0.89144,-0.05,0.91464
2993,7,0.175,0.91464,0.45,0.11936,1.0,0.90912,1.0,0.89696
2994,,0.1,0.84696,0.4,0.08704,0.975,0.8768,0.95,0.82928
2995,,0.025,0.77928,0.35,0.05472,0.95,0.84448,0.9,0.7616
2996,,-0.05,0.7116,0.3,0.0224,0.925,0.81216,0.85,0.69392
2997,1,1.0,0.69392,0.3,0.04008,0.7,0.82984,0.85,0.67624
2998,,0.925,0.62624,0.25,0.00776,0.675,0.79752,0.8,0.60856
2999,,0.85,0.55856,0.2,-0.02456,0.65,0.7652,0.75,0.54088
3000,4,0.825,0.54088,0.2,1.0,0.675,0.78288,0.75,0.5232
3001,,0.75,0.4732,0.15,0.96768,0.65,0.75056,0.7,0.45552
3002,,0.675,0.40552,0.1,0.93536,0.625,0.71824,0.65,0.38784
3003,,0.6,0.33784,0.05,0.90304,0.6,0.68592,0.6,0.32016
3004,,0.525,0.27016,0.0,0.87072,0.575,0.6536,0.55,0.25248
3005,,0.45,0.20248,-0.05,0.8384,0.55,0.62128,0.5,0.1848
3006,3,0.425,0.1848,1.0,0.85608,0.575,0.63896,0.5,0.16712
3007,,0.35,0.11712,0.95,0.82376,0.55,0.60664,0.45,0.09944
3008,,0.275,0.04944,0.9,0.79144,0.525,0.57432,0.4,0.03176
3009,,0.2,-0.01824,0.85,0.75912,0.5,0.542,0.35,-0.03592
3010,8,0.175,-0.03592,0.85,0.7768,0.525,0.55968,0.35,1.0
3011,2,0.15,1.0,0.85,0.79448,0.55,0.57736,0.35,0.98232
3012,,0.075,0.93232,0.8,0.76216,0.525,0.54504,0.3,0.91464
3013,,-0.0,0.86464,0.75,0.72984,0.5,0.51272,0.25,0.84696
3014,,-0.075,0.79696,0.7,0.69752,0.475,0.4804,0.2,0.77928
3015,1,1.0,0.77928,0.7,0.7152,0.25,0.49808,0.2,0.7616
3016,,0.925,0.7116,0.65,0.68288,0.225,0.46576,0.15,0.69392
3017,,0.85,0.64392,0.6,0.65056,0.2,0.43344,0.1,0.62624
3018,,0.775,0.57624,0.55,0.61824,0.175,0.40112,0.05,0.55856
3019,,0.7,0.50856,0.5,0.58592,0.15,0.3688,0.0,0.49088
3020,,0.625,0.44088,0.45,0.5536,0.125,0.33648,-0.05,0.4232
3021,7,0.6,0.4232,0.45,0.57128,0.15,0.35416,1.0,0.40552
3022,,0.525,0.35552,0.4,0.53896,0.125,0.32184,0.95,0.33784
3023,,0.45,0.28784,0.35,0.50664,0.1,0.28952,0.9,0.27016
3024,,0.375,0.22016,0.3,0.47432,0.075,0.2572,0.85,0.20248
3025,,0.3,0.15248,0.25,0.442,0.05,0.22488,0.8,0.1348
3026,,0.225,0.0848,0.2,0.40968,0.025,0.19256,0.75,0.06712
3027,,0.15,0.01712,0.15,0.37736,0.0,0.16024,0.7,-0.00056
3028,8,0.125,-0.00056,0.15,0.39504,0.025,0.17792,0.7,1.0
3029,2,0.1,1.0,0.15,0.41272,0.05,0.1956,0.7,0.98232
3030,,0.025,0.93232,0.1,0.3804,0.025,0.16328,0.65,0.91464
3031,,-0.05,0.86464,0.05,0.34808,0.0,0.13096,0.6,0.84696
3032,1,1.0,0.84696,0.05,0.36576,-0.225,0.14864,0.6,0.82928
3033,5,0.725,0.82928,0.05,0.38344,1.0,0.16632,0.6,0.8116
3034,,0.65,0.7616,0.0,0.35112,0.975,0.134,0.55,0.74392
3035,,0.575,0.69392,-0.05,0.3188,0.95,0.10168,0.5,0.67624
3036,3,0.55,0.67624,1.0,0.33648,0.975,0.11936,0.5,0.65856
3037,,0.475,0.60856,0.95,0.30416,0.95,0.08704,0.45,0.59088
3038,,0.4,0.54088,0.9,0.27184,0.925,0.05472,0.4,0.5232
3039,,0.325,0.4732,0.85,0.23952,0.9,0.0224,0.35,0.45552
3040,,0.25,0.40552,0.8,0.2072,0.875,-0.00992,0.3,0.38784
3041,6,0.225,0.38784,0.8,0.22488,0.9,1.0,0.3,0.37016
3042,,0.15,0.32016,0.75,0.19256,0.875,0.96768,0.25,0.30248
3043,,0.075,0.25248,0.7,0.16024,0.85,0.93536,0.2,0.2348
3044,,-0.0,0.1848,0.65,0.12792,0.825,0.90304,0.15,0.16712
3045,,-0.075,0.11712,0.6,0.0956,0.8,0.87072,0.1,0.09944
3046,1,1.0,0.09944,0.6,0.11328,0.575,0.8884,0.1,0.08176
3047,,0.925,0.03176,0.55,0.08096,0.55,0.85608,0.05,0.01408
3048,,0.85,-0.03592,0.5,0.04864,0.525,0.82376,0.0,-0.0536
3049,8,0.825,-0.0536,0.5,0.06632,0.55,0.84144,0.0,1.0
3050,2,0.8,1.0,0.5,0.084,0.575,0.85912,0.0,0.98232
3051,,0.725,0.93232,0.45,0.05168,0.55,0.8268,-0.05,0.91464
3052,7,0.7,0.91464,0.45,0.06936,0.575,0.84448,1.0,0.89696
3053,,0.625,0.84696,0.4,0.03704,0.55,0.81216,0.95,0.82928
3054,,0.55,0.77928,0.35,0.00472,0.525,0.77984,0.9,0.7616
3055,,0.475,0.7116,0.3,-0.0276,0.5,0.74752,0.85,0.69392
3056,4,0.45,0.69392,0.3,1.0,0.525,0.7652,0.85,0.67624
3057,,0.375,0.62624,0.25,0.96768,0.5,0.73288,0.8,0.60856
3058,,0.3,0.55856,0.2,0.93536,0.475,0.70056,0.75,0.54088
3059,,0.225,0.49088,0.15,0.90304,0.45,0.66824,0.7,0.4732
3060,,0.15,0.4232,0.1,0.87072,0.425,0.63592,0.65,0.40552
3061,,0.075,0.35552,0.05,0.8384,0.4,0.6036,0.6,0.33784
3062,,-0.0,0.28784,0.0,0.80608,0.375,0.57128,0.55,0.27016
3063,,-0.075,0.22016,-0.05,0.77376,0.35,0.53896,0.5,0.20248
3064,1,1.0,0.20248,-0.05,0.79144,0.125,0.55664,0.5,0.1848
3065,3,0.975,0.1848,1.0,0.80912,0.15,0.57432,0.5,0.16712
3066,,0.9,0.11712,0.95,0.7768,0.125,0.542,0.45,0.09944
3067,,0.825,0.04944,0.9,0.74448,0.1,0.50968,0.4,0.03176
3068,,0.75,-0.01824,0.85,0.71216,0.075,0.47736,0.35,-0.03592
3069,8,0.725,-0.03592,0.85,0.72984,0.1,0.49504,0.35,1.0
3070,2,0.7,1.0,0.85,0.74752,0.125,0.51272,0.35,0.98232
3071,,0.625,0.93232,0.8,0.7152,0.1,0.4804,0.3,0.91464
3072,,0.55,0.86464,0.75,0.68288,0.075,0.44808,0.25,0.84696
3073,,0.475,0.79696,0.7,0.65056,0.05,0.41576,0.2,0.77928
3074,,0.4,0.72928,0.65,0.61824,0.025,0.38344,0.15,0.7116
3075,,0.325,0.6616,0.6,0.58592,0.0,0.35112,0.1,0.64392
3076,,0.25,0.59392,0.55,0.5536,-0.025,0.3188,0.05,0.57624
3077,5,-0.025,0.57624,0.55,0.57128,1.0,0.33648,0.05,0.55856
3078,1,1.0,0.55856,0.55,0.58896,0.775,0.35416,0.05,0.54088
3079,,0.925,0.49088,0.5,0.55664,0.75,0.32184,0.0,0.4732
3080,,0.85,0.4232,0.45,0.52432,0.725,0.28952,-0.05,0.40552
3081,7,0.825,0.40552,0.45,0.542,0.75,0.3072,1.0,0.38784
3082,,0.75,0.33784,0.4,0.50968,0.725,0.27488,0.95,0.32016
3083,,0.675,0.27016,0.35,0.47736,0.7,0.24256,0.9,0.25248
3084,,0.6,0.20248,0.3,0.44504,0.675,0.21024,0.85,0.1848
3085,,0.525,0.1348,0.25,0.41272,0.65,0.17792,0.8,0.11712
3086,,0.45,0.06712,0.2,0.3804,0.625,0.1456,0.75,0.04944
3087,,0.375,-0.00056,0.15,0.34808,0.6,0.11328,0.7,-0.01824
3088,8,0.35,-0.01824,0.15,0.36576,0.625,0.13096,0.7,1.0
3089,2,0.325,1.0,0.15,0.38344,0.65,0.14864,0.7,0.98232
3090,,0.25,0.93232,0.1,0.35112,0.625,0.11632,0.65,0.91464
3091,,0.175,0.86464,0.05,0.3188,0.6,0.084,0.6,0.84696
3092,,0.1,0.79696,0.0,0.28648,0.575,0.05168,0.55,0.77928
3093,,0.025,0.72928,-0.05,0.25416,0.55,0.01936,0.5,0.7116
3094,3,0.0,0.7116,1.0,0.27184,0.575,0.03704,0.5,0.69392
3095,,-0.075,0.64392,0.95,0.23952,0.55,0.00472,0.45,0.62624
3096,1,1.0,0.62624,0.95,0.2572,0.325,0.0224,0.45,0.60856
3097,,0.925,0.55856,0.9,0.22488,0.3,-0.00992,0.4,0.54088
3098,6,0.9,0.54088,0.9,0.24256,0.325,1.0,0.4,0.5232
3099,,0.825,0.4732,0.85,0.21024,0.3,0.96768,0.35,0.45552
3100,,0.75,0.40552,0.8,0.17792,0.275,0.93536,0.3,0.38784
3101,,0.675,0.33784,0.75,0.1456,0.25,0.90304,0.25,0.32016
3102,,0.6,0.27016,0.7,0.11328,0.225,0.87072,0.2,0.25248
3103,,0.525,0.20248,0.65,0.08096,0.2,0.8384,0.15,0.1848
3104,,0.45,0.1348,0.6,0.04864,0.175,0.80608,0.1,0.11712
3105,,0.375,0.06712,0.55,0.01632,0.15,0.77376,0.05,0.04944
3106,,0.3,-0.00056,0.5,-0.016,0.125,0.74144,0.0,-0.01824
3107,8,0.275,-0.01824,0.5,0.00168,0.15,0.75912,0.0,1.0
3108,2,0.25,1.0,0.5,0.01936,0.175,0.7768,0.0,0.98232
3109,,0.175,0.93232,0.45,-0.01296,0.15,0.74448,-0.05,0.91464
3110,7,0.15,0.91464,0.45,0.00472,0.175,0.76216,1.0,0.89696
3111,,0.075,0.84696,0.4,-0.0276,0.15,0.72984,0.95,0.82928
3112,4,0.05,0.82928,0.4,1.0,0.175,0.74752,0.95,0.8116
3113,,-0.025,0.7616,0.35,0.96768,0.15,0.7152,0.9,0.74392
3114,1,1.0,0.74392,0.35,0.98536,-0.075,0.73288,0.9,0.72624
3115,5,0.725,0.72624,0.35,1.0,1.0,0.75056,0.9,0.70856
3116,,0.65,0.65856,0.3,0.96768,0.975,0.71824,0.85,0.64088
3117,,0.575,0.59088,0.25,0.93536,0.95,0.68592,0.8,0.5732
3118,,0.5,0.5232,0.2,0.90304,0.925,0.6536,0.75,0.50552
3119,,0.425,0.45552,0.15,0.87072,0.9,0.62128,0.7,0.43784
3120,,0.35,0.38784,0.1,0.8384,0.875,0.58896,0.65,0.37016
3121,,0.275,0.32016,0.05,0.80608,0.85,0.55664,0.6,0.30248
3122,,0.2,0.25248,0.0,0.77376,0.825,0.52432,0.55,0.2348
3123,,0.125,0.1848,-0.05,0.74144,0.8,0.492,0.5,0.16712
3124,3,0.1,0.16712,1.0,0.75912,0.825,0.50968,0.5,0.14944
3125,,0.025,0.09944,0.95,0.7268,0.8,0.47736,0.45,0.08176
3126,,-0.05,0.03176,0.9,0.69448,0.775,0.44504,0.4,0.01408
3127,1,1.0,0.01408,0.9,0.71216,0.55,0.46272,0.4,-0.0036
3128,8,0.975,-0.0036,0.9,0.72984,0.575,0.4804,0.4,1.0
3129,2,0.95,1.0,0.9,0.74752,0.6,0.49808,0.4,0.98232
3130,,0.875,0.93232,0.85,0.7152,0.575,0.46576,0.35,0.91464
3131,,0.8,0.86464,0.8,0.68288,0.55,0.43344,0.3,0.84696
3132,,0.725,0.79696,0.75,0.65056,0.525,0.40112,0.25,0.77928
3133,,0.65,0.72928,0.7,0.61824,0.5,0.3688,0.2,0.7116
3134,,0.575,0.6616,0.65,0.58592,0.475,0.33648,0.15,0.64392
3135,,0.5,0.59392,0.6,0.5536,0.45,0.30416,0.1,0.57624
3136,,0.425,0.52624,0.55,0.52128,0.425,0.27184,0.05,0.50856
3137,,0.35,0.45856,0.5,0.48896,0.4,0.23952,0.0,0.44088
3138,,0.275,0.39088,0.45,0.45664,0.375,0.2072,-0.05,0.3732
3139,7,0.25,0.3732,0.45,0.47432,0.4,0.22488,1.0,0.35552
3140,,0.175,0.30552,0.4,0.442,0.375,0.19256,0.95,0.28784
3141,,0.1,0.23784,0.35,0.40968,0.35,0.16024,0.9,0.22016
3142,,0.025,0.17016,0.3,0.37736,0.325,0.12792,0.85,0.15248
3143,,-0.05,0.10248,0.25,0.34504,0.3,0.0956,0.8,0.0848
3144,1,1.0,0.0848,0.25,0.36272,0.075,0.11328,0.8,0.06712
3145,,0.925,0.01712,0.2,0.3304,0.05,0.08096,0.75,-0.00056
3146,8,0.9,-0.00056,0.2,0.34808,0.075,0.09864,0.75,1.0
3147,2,0.875,1.0,0.2,0.36576,0.1,0.11632,0.75,0.98232
3148,,0.8,0.93232,0.15,0.33344,0.075,0.084,0.7,0.91464
3149,,0.725,0.86464,0.1,0.30112,0.05,0.05168,0.65,0.84696
3150,,0.65,0.79696,0.05,0.2688,0.025,0.01936,0.6,0.77928
3151,,0.575,0.72928,0.0,0.23648,0.0,-0.01296,0.55,0.7116
3152,6,0.55,0.7116,0.0,0.25416,0.025,1.0,0.55,0.69392
3153,,0.475,0.64392,-0.05,0.22184,0.0,0.96768,0.5,0.62624
3154,3,0.45,0.62624,1.0,0.23952,0.025,0.98536,0.5,0.60856
3155,,0.375,0.55856,0.95,0.2072,0.0,0.95304,0.45,0.54088
3156,,0.3,0.49088,0.9,0.17488,-0.025,0.92072,0.4,0.4732
3157,5,0.025,0.4732,0.9,0.19256,1.0,0.9384,0.4,0.45552
3158,,-0.05,0.40552,0.85,0.16024,0.975,0.90608,0.35,0.38784
3159,1,1.0,0.38784,0.85,0.17792,0.75,0.92376,0.35,0.37016
3160,,0.925,0.32016,0.8,0.1456,0.725,0.89144,0.3,0.30248
3161,,0.85,0.25248,0.75,0.11328,0.7,0.85912,0.25,0.2348
3162,,0.775,0.1848,0.7,0.08096,0.675,0.8268,0.2,0.16712
3163,,0.7,0.11712,0.65,0.04864,0.65,0.79448,0.15,0.09944
3164,,0.625,0.04944,0.6,0.01632,0.625,0.76216,0.1,0.03176
3165,,0.55,-0.01824,0.55,-0.016,0.6,0.72984,0.05,-0.03592
3166,8,0.525,-0.03592,0.55,0.00168,0.625,0.74752,0.05,1.0
3167,2,0.5,1.0,0.55,0.01936,0.65,0.7652,0.05,0.98232
3168,,0.425,0.93232,0.5,-0.01296,0.625,0.73288,0.0,0.91464
3169,4,0.4,0.91464,0.5,1.0,0.65,0.75056,0.0,0.89696
3170,,0.325,0.84696,0.45,0.96768,0.625,0.71824,-0.05,0.82928
3171,7,0.3,0.82928,0.45,0.98536,0.65,0.73592,1.0,0.8116
3172,,0.225,0.7616,0.4,0.95304,0.625,0.7036,0.95,0.74392
3173,,0.15,0.69392,0.35,0.92072,0.6,0.67128,0.9,0.67624
3174,,0.075,0.62624,0.3,0.8884,0.575,0.63896,0.85,0.60856
3175,,-0.0,0.55856,0.25,0.85608,0.55,0.60664,0.8,0.54088
3176,,-0.075,0.49088,0.2,0.82376,0.525,0.57432,0.75,0.4732
3177,1,1.0,0.4732,0.2,0.84144,0.3,0.592,0.75,0.45552
3178,,0.925,0.40552,0.15,0.80912,0.275,0.55968,0.7,0.38784
3179,,0.85,0.33784,0.1,0.7768,0.25,0.52736,0.65,0.32016
3180,,0.775,0.27016,0.05,0.74448,0.225,0.49504,0.6,0.25248
3181,,0.7,0.20248,0.0,0.71216,0.2,0.46272,0.55,0.1848
3182,,0.625,0.1348,-0.05,0.67984,0.175,0.4304,0.5,0.11712
3183,3,0.6,0.11712,1.0,0.69752,0.2,0.44808,0.5,0.09944
3184,,0.525,0.04944,0.95,0.6652,0.175,0.41576,0.45,0.03176
3185,,0.45,-0.01824,0.9,0.63288,0.15,0.38344,0.4,-0.03592
3186,8,0.425,-0.03592,0.9,0.65056,0.175,0.40112,0.4,1.0
3187,2,0.4,1.0,0.9,0.66824,0.2,0.4188,0.4,0.98232
3188,,0.325,0.93232,0.85,0.63592,0.175,0.38648,0.35,0.91464
3189,,0.25,0.86464,0.8,0.6036,0.15,0.35416,0.3,0.84696
3190,,0.175,0.79696,0.75,0.57128,0.125,0.32184,0.25,0.77928
3191,,0.1,0.72928,0.7,0.53896,0.1,0.28952,0.2,0.7116
3192,,0.025,0.6616,0.65,0.50664,0.075,0.2572,0.15,0.64392
3193,,-0.05,0.59392,0.6,0.47432,0.05,0.22488,0.1,0.57624
3194,1,1.0,0.57624,0.6,0.492,-0.175,0.24256,0.1,0.55856
3195,5,0.725,0.55856,0.6,0.50968,1.0,0.26024,0.1,0.54088
3196,,0.65,0.49088,0.55,0.47736,0.975,0.22792,0.05,0.4732
3197,,0.575,0.4232,0.5,0.44504,0.95,0.1956,0.0,0.40552
3198,,0.5,0.35552,0.45,0.41272,0.925,0.16328,-0.05,0.33784
3199,7,0.475,0.33784,0.45,0.4304,0.95,0.18096,1.0,0.32016
3200,,0.4,0.27016,0.4,0.39808,0.925,0.14864,0.95,0.25248
3201,,0.325,0.20248,0.35,0.36576,0.9,0.11632,0.9,0.1848
3202,,0.25,0.1348,0.3,0.33344,0.875,0.084,0.85,0.11712
3203,,0.175,0.06712,0.25,0.30112,0.85,0.05168,0.8,0.04944
3204,,0.1,-0.00056,0.2,0.2688,0.825,0.01936,0.75,-0.01824
3205,8,0.075,-0.01824,0.2,0.28648,0.85,0.03704,0.75,1.0
3206,2,0.05,1.0,0.2,0.30416,0.875,0.05472,0.75,0.98232
3207,,-0.025,0.93232,0.15,0.27184,0.85,0.0224,0.7,0.91464
3208,1,1.0,0.91464,0.15,0.28952,0.625,0.04008,0.7,0.89696
3209,,0.925,0.84696,0.1,0.2572,0.6,0.00776,0.65,0.82928
3210,,0.85,0.77928,0.05,0.22488,0.575,-0.02456,0.6,0.7616
3211,6,0.825,0.7616,0.05,0.24256,0.6,1.0,0.6,0.74392
3212,,0.75,0.69392,0.0,0.21024,0.575,0.96768,0.55,0.67624
3213,,0.675,0.62624,-0.05,0.17792,0.55,0.93536,0.5,0.60856
3214,3,0.65,0.60856,1.0,0.1956,0.575,0.95304,0.5,0.59088
3215,,0.575,0.54088,0.95,0.16328,0.55,0.92072,0.45,0.5232
3216,,0.5,0.4732,0.9,0.13096,0.525,0.8884,0.4,0.45552
3217,,0.425,0.40552,0.85,0.09864,0.5,0.85608,0.35,0.38784
3218,,0.35,0.33784,0.8,0.06632,0.475,0.82376,0.3,0.32016
3219,,0.275,0.27016,0.75,0.034,0.45,0.79144,0.25,0.25248
3220,,0.2,0.20248,0.7,0.00168,0.425,0.75912,0.2,0.1848
3221,,0.125,0.1348,0.65,-0.03064,0.4,0.7268,0.15,0.11712
3222,4,0.1,0.11712,0.65,1.0,0.425,0.74448,0.15,0.09944
3223,,0.025,0.04944,0.6,0.96768,0.4,0.71216,0.1,0.03176
3224,,-0.05,-0.01824,0.55,0.93536,0.375,0.67984,0.05,-0.03592
3225,1,1.0,-0.03592,0.55,0.95304,0.15,0.69752,0.05,-0.0536
3226,8,0.975,-0.0536,0.55,0.97072,0.175,0.7152,0.05,1.0
3227,2,0.95,1.0,0.55,0.9884,0.2,0.73288,0.05,0.98232
3228,,0.875,0.93232,0.5,0.95608,0.175,0.70056,0.0,0.91464
3229,,0.8,0.86464,0.45,0.92376,0.15,0.66824,-0.05,0.84696
3230,7,0.775,0.84696,0.45,0.94144,0.175,0.68592,1.0,0.82928
3231,,0.7,0.77928,0.4,0.90912,0.15,0.6536,0.95,0.7616
3232,,0.625,0.7116,0.35,0.8768,0.125,0.62128,0.9,0.69392
3233,,0.55,0.64392,0.3,0.84448,0.1,0.58896,0.85,0.62624
3234,,0.475,0.57624,0.25,0.81216,0.075,0.55664,0.8,0.55856
3235,,0.4,0.50856,0.2,0.77984,0.05,0.52432,0.75,0.49088
3236,,0.325,0.44088,0.15,0.74752,0.025,0.492,0.7,0.4232
3237,,0.25,0.3732,0.1,0.7152,0.0,0.45968,0.65,0.35552
3238,,0.175,0.30552,0.05,0.68288,-0.025,0.42736,0.6,0.28784
3239,5,-0.1,0.28784,0.05,0.70056,1.0,0.44504,0.6,0.27016
3240,1,1.0,0.27016,0.05,0.71824,0.775,0.46272,0.6,0.25248
3241,,0.925,0.20248,0.0,0.68592,0.75,0.4304,0.55,0.1848
3242,,0.85,0.1348,-0.05,0.6536,0.725,0.39808,0.5,0.11712
3243,3,0.825,0.11712,1.0,0.67128,0.75,0.41576,0.5,0.09944
3244,,0.75,0.04944,0.95,0.63896,0.725,0.38344,0.45,0.03176
3245,,0.675,-0.01824,0.9,0.60664,0.7,0.35112,0.4,-0.03592
3246,8,0.65,-0.03592,0.9,0.62432,0.725,0.3688,0.4,1.0
3247,2,0.625,1.0,0.9,0.642,0.75,0.38648,0.4,0.98232
3248,,0.55,0.93232,0.85,0.60968,0.725,0.35416,0.35,0.91464
3249,,0.475,0.86464,0.8,0.57736,0.7,0.32184,0.3,0.84696
3250,,0.4,0.79696,0.75,0.54504,0.675,0.28952,0.25,0.77928
3251,,0.325,0.72928,0.7,0.51272,0.65,0.2572,0.2,0.7116
3252,,0.25,0.6616,0.65,0.4804,0.625,0.22488,0.15,0.64392
3253,,0.175,0.59392,0.6,0.44808,0.6,0.19256,0.1,0.57624
3254,,0.1,0.52624,0.55,0.41576,0.575,0.16024,0.05,0.50856
3255,,0.025,0.45856,0.5,0.38344,0.55,0.12792,0.0,0.44088
3256,,-0.05,0.39088,0.45,0.35112,0.525,0.0956,-0.05,0.3732
3257,7,-0.075,0.3732,0.45,0.3688,0.55,0.11328,1.0,0.35552
3258,1,1.0,0.35552,0.45,0.38648,0.325,0.13096,1.0,0.33784
3259,,0.925,0.28784,0.4,0.35416,0.3,0.09864,0.95,0.27016
3260,,0.85,0.22016,0.35,0.32184,0.275,0.06632,0.9,0.20248
3261,,0.775,0.15248,0.3,0.28952,0.25,0.034,0.85,0.1348
3262,,0.7,0.0848,0.25,0.2572,0.225,0.00168,0.8,0.06712
3263,,0.625,0.01712,0.2,0.22488,0.2,-0.03064,0.75,-0.00056
3264,6,0.6,-0.00056,0.2,0.24256,0.225,1.0,0.75,-0.01824
3265,8,0.575,-0.01824,0.2,0.26024,0.25,1.0,0.75,1.0
3266,2,0.55,1.0,0.2,0.27792,0.275,1.0,0.75,0.98232
3267,,0.475,0.93232,0.15,0.2456,0.25,0.96768,0.7,0.91464
3268,,0.4,0.86464,0.1,0.21328,0.225,0.93536,0.65,0.84696
3269,,0.325,0.79696,0.05,0.18096,0.2,0.90304,0.6,0.77928
3270,,0.25,0.72928,0.0,0.14864,0.175,0.87072,0.55,0.7116
3271,,0.175,0.6616,-0.05,0.11632,0.15,0.8384,0.5,0.64392
3272,3,0.15,0.64392,1.0,0.134,0.175,0.85608,0.5,0.62624
3273,,0.075,0.57624,0.95,0.10168,0.15,0.82376,0.45,0.55856
3274,,-0.0,0.50856,0.9,0.06936,0.125,0.79144,0.4,0.49088
3275,,-0.075,0.44088,0.85,0.03704,0.1,0.75912,0.35,0.4232
3276,1,1.0,0.4232,0.85,0.05472,-0.125,0.7768,0.35,0.40552
3277,5,0.725,0.40552,0.85,0.0724,1.0,0.79448,0.35,0.38784
3278,,0.65,0.33784,0.8,0.04008,0.975,0.76216,0.3,0.32016
3279,,0.575,0.27016,0.75,0.00776,0.95,0.72984,0.25,0.25248
3280,,0.5,0.20248,0.7,-0.02456,0.925,0.69752,0.2,0.1848
3281,4,0.475,0.1848,0.7,1.0,0.95,0.7152,0.2,0.16712
3282,,0.4,0.11712,0.65,0.96768,0.925,0.68288,0.15,0.09944
3283,,0.325,0.04944,0.6,0.93536,0.9,0.65056,0.1,0.03176
3284,,0.25,-0.01824,0.55,0.90304,0.875,0.61824,0.05,-0.03592
3285,8,0.225,-0.03592,0.55,0.92072,0.9,0.63592,0.05,1.0
3286,2,0.2,1.0,0.55,0.9384,0.925,0.6536,0.05,0.98232
3287,,0.125,0.93232,0.5,0.90608,0.9,0.62128,0.0,0.91464
3288,,0.05,0.86464,0.45,0.87376,0.875,0.58896,-0.05,0.84696
3289,7,0.025,0.84696,0.45,0.89144,0.9,0.60664,1.0,0.82928
3290,,-0.05,0.77928,0.4,0.85912,0.875,0.57432,0.95,0.7616
3291,1,1.0,0.7616,0.4,0.8768,0.65,0.592,0.95,0.74392
3292,,0.925,0.69392,0.35,0.84448,0.625,0.55968,0.9,0.67624
3293,,0.85,0.62624,0.3,0.81216,0.6,0.52736,0.85,0.60856
3294,,0.775,0.55856,0.25,0.77984,0.575,0.49504,0.8,0.54088
3295,,0.7,0.49088,0.2,0.74752,0.55,0.46272,0.75,0.4732
3296,,0.625,0.4232,0.15,0.7152,0.525,0.4304,0.7,0.40552
3297,,0.55,0.35552,0.1,0.68288,0.5,0.39808,0.65,0.33784
3298,,0.475,0.28784,0.05,0.65056,0.475,0.36576,0.6,0.27016
3299,,0.4,0.22016,0.0,0.61824,0.45,0.33344,0.55,0.20248
3300,,0.325,0.15248,-0.05,0.58592,0.425,0.30112,0.5,0.1348
3301,3,0.3,0.1348,1.0,0.6036,0.45,0.3188,0.5,0.11712
3302,,0.225,0.06712,0.95,0.57128,0.425,0.28648,0.45,0.04944
3303,,0.15,-0.00056,0.9,0.53896,0.4,0.25416,0.4,-0.01824
3304,8,0.125,-0.01824,0.9,0.55664,0.425,0.27184,0.4,1.0
3305,2,0.1,1.0,0.9,0.57432,0.45,0.28952,0.4,0.98232
3306,,0.025,0.93232,0.85,0.542,0.425,0.2572,0.35,0.91464
3307,,-0.05,0.86464,0.8,0.50968,0.4,0.22488,0.3,0.84696
3308,1,1.0,0.84696,0.8,0.52736,0.175,0.24256,0.3,0.82928
3309,,0.925,0.77928,0.75,0.49504,0.15,0.21024,0.25,0.7616
3310,,0.85,0.7116,0.7,0.46272,0.125,0.17792,0.2,0.69392
3311,,0.775,0.64392,0.65,0.4304,0.1,0.1456,0.15,0.62624
3312,,0.7,0.57624,0.6,0.39808,0.075,0.11328,0.1,0.55856
3313,,0.625,0.50856,0.55,0.36576,0.05,0.08096,0.05,0.49088
3314,,0.55,0.44088,0.5,0.33344,0.025,0.04864,0.0,0.4232
3315,,0.475,0.3732,0.45,0.30112,0.0,0.01632,-0.05,0.35552
3316,7,0.45,0.35552,0.45,0.3188,0.025,0.034,1.0,0.33784
3317,,0.375,0.28784,0.4,0.28648,0.0,0.00168,0.95,0.27016
3318,,0.3,0.22016,0.35,0.25416,-0.025,-0.03064,0.9,0.20248
3319,6,0.275,0.20248,0.35,0.27184,0.0,1.0,0.9,0.1848
3320,,0.2,0.1348,0.3,0.23952,-0.025,0.96768,0.85,0.11712
3321,5,-0.075,0.11712,0.3,0.2572,1.0,0.98536,0.85,0.09944
3322,1,1.0,0.09944,0.3,0.27488,0.775,1.0,0.85,0.08176
3323,,0.925,0.03176,0.25,0.24256,0.75,0.96768,0.8,0.01408
3324,,0.85,-0.03592,0.2,0.21024,0.725,0.93536,0.75,-0.0536
3325,8,0.825,-0.0536,0.2,0.22792,0.75,0.95304,0.75,1.0
3326,2,0.8,1.0,0.2,0.2456,0.775,0.97072,0.75,0.98232
3327,,0.725,0.93232,0.15,0.21328,0.75,0.9384,0.7,0.91464
3328,,0.65,0.86464,0.1,0.18096,0.725,0.90608,0.65,0.84696
3329,,0.575,0.79696,0.05,0.14864,0.7,0.87376,0.6,0.77928
3330,,0.5,0.72928,0.0,0.11632,0.675,0.84144,0.55,0.7116
3331,,0.425,0.6616,-0.05,0.084,0.65,0.80912,0.5,0.64392
3332,3,0.4,0.64392,1.0,0.10168,0.675,0.8268,0.5,0.62624
3333,,0.325,0.57624,0.95,0.06936,0.65,0.79448,0.45,0.55856
3334,,0.25,0.50856,0.9,0.03704,0.625,0.76216,0.4,0.49088
3335,,0.175,0.44088,0.85,0.00472,0.6,0.72984,0.35,0.4232
3336,,0.1,0.3732,0.8,-0.0276,0.575,0.69752,0.3,0.35552
3337,4,0.075,0.35552,0.8,1.0,0.6,0.7152,0.3,0.33784
3338,,-0.0,0.28784,0.75,0.96768,0.575,0.68288,0.25,0.27016
3339,,-0.075,0.22016,0.7,0.93536,0.55,0.65056,0.2,0.20248
3340,1,1.0,0.20248,0.7,0.95304,0.325,0.66824,0.2,0.1848
3341,,0.925,0.1348,0.65,0.92072,0.3,0.63592,0.15,0.11712
3342,,0.85,0.06712,0.6,0.8884,0.275,0.6036,0.1,0.04944
3343,,0.775,-0.00056,0.55,0.85608,0.25,0.57128,0.05,-0.01824
3344,8,0.75,-0.01824,0.55,0.87376,0.275,0.58896,0.05,1.0
3345,2,0.725,1.0,0.55,0.89144,0.3,0.60664,0.05,0.98232
3346,,0.65,0.93232,0.5,0.85912,0.275,0.57432,0.0,0.91464
3347,,0.575,0.86464,0.45,0.8268,0.25,0.542,-0.05,0.84696
3348,7,0.55,0.84696,0.45,0.84448,0.275,0.55968,1.0,0.82928
3349,,0.475,0.77928,0.4,0.81216,0.25,0.52736,0.95,0.7616
3350,,0.4,0.7116,0.35,0.77984,0.225,0.49504,0.9,0.69392
3351,,0.325,0.64392,0.3,0.74752,0.2,0.46272,0.85,0.62624
3352,,0.25,0.57624,0.25,0.7152,0.175,0.4304,0.8,0.55856
3353,,0.175,0.50856,0.2,0.68288,0.15,0.39808,0.75,0.49088
3354,,0.1,0.44088,0.15,0.65056,0.125,0.36576,0.7,0.4232
3355,,0.025,0.3732,0.1,0.61824,0.1,0.33344,0.65,0.35552
3356,,-0.05,0.30552,0.05,0.58592,0.075,0.30112,0.6,0.28784
3357,1,1.0,0.28784,0.05,0.6036,-0.15,0.3188,0.6,0.27016
3358,5,0.725,0.27016,0.05,0.62128,1.0,0.33648,0.6,0.25248
3359,,0.65,0.20248,0.0,0.58896,0.975,0.30416,0.55,0.1848
3360,,0.575,0.1348,-0.05,0.55664,0.95,0.27184,0.5,0.11712
3361,3,0.55,0.11712,1.0,0.57432,0.975,0.28952,0.5,0.09944
3362,,0.475,0.04944,0.95,0.542,0.95,0.2572,0.45,0.03176
3363,,0.4,-0.01824,0.9,0.50968,0.925,0.22488,0.4,-0.03592
3364,8,0.375,-0.03592,0.9,0.52736,0.95,0.24256,0.4,1.0
3365,2,0.35,1.0,0.9,0.54504,0.975,0.26024,0.4,0.98232
3366,,0.275,0.93232,0.85,0.51272,0.95,0.22792,0.35,0.91464
3367,,0.2,0.86464,0.8,0.4804,0.925,0.1956,0.3,0.84696
3368,,0.125,0.79696,0.75,0.44808,0.9,0.16328,0.25,0.77928
3369,,0.05,0.72928,0.7,0.41576,0.875,0.13096,0.2,0.7116
3370,,-0.025,0.6616,0.65,0.38344,0.85,0.09864,0.15,0.64392
3371,1,1.0,0.64392,0.65,0.40112,0.625,0.11632,0.15,0.62624
3372,,0.925,0.57624,0.6,0.3688,0.6,0.084,0.1,0.55856
3373,,0.85,0.50856,0.55,0.33648,0.575,0.05168,0.05,0.49088
3374,,0.775,0.44088,0.5,0.30416,0.55,0.01936,0.0,0.4232
3375,,0.7,0.3732,0.45,0.27184,0.525,-0.01296,-0.05,0.35552
3376,7,0.675,0.35552,0.45,0.28952,0.55,0.00472,1.0,0.33784
3377,,0.6,0.28784,0.4,0.2572,0.525,-0.0276,0.95,0.27016
3378,6,0.575,0.27016,0.4,0.27488,0.55,1.0,0.95,0.25248
3379,,0.5,0.20248,0.35,0.24256,0.525,0.96768,0.9,0.1848
3380,,0.425,0.1348,0.3,0.21024,0.5,0.93536,0.85,0.11712
3381,,0.35,0.06712,0.25,0.17792,0.475,0.90304,0.8,0.04944
3382,,0.275,-0.00056,0.2,0.1456,0.45,0.87072,0.75,-0.01824
3383,8,0.25,-0.01824,0.2,0.16328,0.475,0.8884,0.75,1.0
3384,2,0.225,1.0,0.2,0.18096,0.5,0.90608,0.75,0.98232
3385,,0.15,0.93232,0.15,0.14864,0.475,0.87376,0.7,0.91464
3386,,0.075,0.86464,0.1,0.11632,0.45,0.84144,0.65,0.84696
3387,,-0.0,0.79696,0.05,0.084,0.425,0.80912,0.6,0.77928
3388,,-0.075,0.72928,0.0,0.05168,0.4,0.7768,0.55,0.7116
3389,1,1.0,0.7116,0.0,0.06936,0.175,0.79448,0.55,0.69392
3390,,0.925,0.64392,-0.05,0.03704,0.15,0.76216,0.5,0.62624
3391,3,0.9,0.62624,1.0,0.05472,0.175,0.77984,0.5,0.60856
3392,,0.825,0.55856,0.95,0.0224,0.15,0.74752,0.45,0.54088
3393,,0.75,0.49088,0.9,-0.00992,0.125,0.7152,0.4,0.4732
3394,4,0.725,0.4732,0.9,1.0,0.15,0.73288,0.4,0.45552
3395,,0.65,0.40552,0.85,0.96768,0.125,0.70056,0.35,0.38784
3396,,0.575,0.33784,0.8,0.93536,0.1,0.66824,0.3,0.32016
3397,,0.5,0.27016,0.75,0.90304,0.075,0.63592,0.25,0.25248
3398,,0.425,0.20248,0.7,0.87072,0.05,0.6036,0.2,0.1848
3399,,0.35,0.1348,0.65,0.8384,0.025,0.57128,0.15,0.11712
3400,,0.275,0.06712,0.6,0.80608,0.0,0.53896,0.1,0.04944
3401,,0.2,-0.00056,0.55,0.77376,-0.025,0.50664,0.05,-0.01824
3402,5,-0.075,-0.01824,0.55,0.79144,1.0,0.52432,0.05,-0.03592
3403,1,1.0,-0.03592,0.55,0.80912,0.775,0.542,0.05,-0.0536
3404,8,0.975,-0.0536,0.55,0.8268,0.8,0.55968,0.05,1.0
3405,2,0.95,1.0,0.55,0.84448,0.825,0.57736,0.05,0.98232
3406,,0.875,0.93232,0.5,0.81216,0.8,0.54504,0.0,0.91464
3407,,0.8,0.86464,0.45,0.77984,0.775,0.51272,-0.05,0.84696
3408,7,0.775,0.84696,0.45,0.79752,0.8,0.5304,1.0,0.82928
3409,,0.7,0.77928,0.4,0.7652,0.775,0.49808,0.95,0.7616
3410,,0.625,0.7116,0.35,0.73288,0.75,0.46576,0.9,0.69392
3411,,0.55,0.64392,0.3,0.70056,0.725,0.43344,0.85,0.62624
3412,,0.475,0.57624,0.25,0.66824,0.7,0.40112,0.8,0.55856
3413,,0.4,0.50856,0.2,0.63592,0.675,0.3688,0.75,0.49088
3414,,0.325,0.44088,0.15,0.6036,0.65,0.33648,0.7,0.4232
3415,,0.25,0.3732,0.1,0.57128,0.625,0.30416,0.65,0.35552
3416,,0.175,0.30552,0.05,0.53896,0.6,0.27184,0.6,0.28784
3417,,0.1,0.23784,0.0,0.50664,0.575,0.23952,0.55,0.22016
3418,,0.025,0.17016,-0.05,0.47432,0.55,0.2072,0.5,0.15248
3419,3,0.0,0.15248,1.0,0.492,0.575,0.22488,0.5,0.1348
3420,,-0.075,0.0848,0.95,0.45968,0.55,0.19256,0.45,0.06712
3421,1,1.0,0.06712,0.95,0.47736,0.325,0.21024,0.45,0.04944
3422,,0.925,-0.00056,0.9,0.44504,0.3,0.17792,0.4,-0.01824
3423,8,0.9,-0.01824,0.9,0.46272,0.325,0.1956,0.4,1.0
3424,2,0.875,1.0,0.9,0.4804,0.35,0.21328,0.4,0.98232
3425,,0.8,0.93232,0.85,0.44808,0.325,0.18096,0.35,0.91464
3426,,0.725,0.86464,0.8,0.41576,0.3,0.14864,0.3,0.84696
3427,,0.65,0.79696,0.75,0.38344,0.275,0.11632,0.25,0.77928
3428,,0.575,0.72928,0.7,0.35112,0.25,0.084,0.2,0.7116
3429,,0.5,0.6616,0.65,0.3188,0.225,0.05168,0.15,0.64392
3430,,0.425,0.59392,0.6,0.28648,0.2,0.01936,0.1,0.57624
3431,,0.35,0.52624,0.55,0.25416,0.175,-0.01296,0.05,0.50856
3432,6,0.325,0.50856,0.55,0.27184,0.2,1.0,0.05,0.49088
3433,,0.25,0.44088,0.5,0.23952,0.175,0.96768,0.0,0.4232
3434,,0.175,0.3732,0.45,0.2072,0.15,0.93536,-0.05,0.35552
3435,7,0.15,0.35552,0.45,0.22488,0.175,0.95304,1.0,0.33784
3436,,0.075,0.28784,0.4,0.19256,0.15,0.92072,0.95,0.27016
3437,,-0.0,0.22016,0.35,0.16024,0.125,0.8884,0.9,0.20248
3438,,-0.075,0.15248,0.3,0.12792,0.1,0.85608,0.85,0.1348
3439,1,1.0,0.1348,0.3,0.1456,-0.125,0.87376,0.85,0.11712
