step,active_motive,motive_1,motive_2,motive_3,motive_4,motive_5,motive_6,motive_7,motive_8
0,,-0.25092,0.90143,0.46399,0.19732,-0.68796,-0.68801,-0.88383,0.73235
1,7,-0.27592,0.87975,0.46399,0.224,-0.64496,-0.64933,1.0,0.72367
2,6,-0.29692,0.86207,0.46799,0.25368,-0.81996,1.0,1.0,0.71799
3,5,-0.32192,0.84039,0.46799,0.28036,1.0,0.81768,1.0,0.70931
4,1,1.0,0.80171,0.44999,0.28904,1.0,0.83936,1.0,0.68263
5,,0.925,0.73403,0.39999,0.25672,0.975,0.80704,0.95,0.61495
6,,0.85,0.66635,0.34999,0.2244,0.95,0.77472,0.9,0.54727
7,,0.775,0.59867,0.29999,0.19208,0.925,0.7424,0.85,0.47959
8,,0.7,0.53099,0.24999,0.15976,0.9,0.71008,0.8,0.41191
9,,0.625,0.46331,0.19999,0.12744,0.875,0.67776,0.75,0.34423
10,,0.55,0.39563,0.14999,0.09512,0.85,0.64544,0.7,0.27655
11,,0.475,0.32795,0.09999,0.0628,0.825,0.61312,0.65,0.20887
12,,0.4,0.26027,0.04999,0.03048,0.8,0.5808,0.6,0.14119
13,,0.325,0.19259,-1e-05,-0.00184,0.775,0.54848,0.55,0.07351
14,4,0.291,0.16291,-0.00901,1.0,0.809,0.57816,0.559,0.05583
15,3,0.248,0.12423,1.0,1.0,0.834,0.59984,0.559,0.02915
16,,0.173,0.05655,0.95,0.96768,0.809,0.56752,0.509,-0.03853
17,8,0.139,0.02687,0.941,0.98536,0.843,0.5972,0.518,1.0
18,,0.064,-0.04081,0.891,0.95304,0.818,0.56488,0.468,0.93232
19,2,0.018,1.0,0.87,0.95872,0.839,0.58256,0.464,0.90264
20,,-0.057,0.93232,0.82,0.9264,0.814,0.55024,0.414,0.83496
21,1,1.0,0.89364,0.802,0.93508,0.839,0.57192,0.414,0.80828
22,,0.925,0.82596,0.752,0.90276,0.814,0.5396,0.364,0.7406
23,,0.85,0.75828,0.702,0.87044,0.789,0.50728,0.314,0.67292
24,,0.775,0.6906,0.652,0.83812,0.764,0.47496,0.264,0.60524
25,,0.7,0.62292,0.602,0.8058,0.739,0.44264,0.214,0.53756
26,,0.625,0.55524,0.552,0.77348,0.714,0.41032,0.164,0.46988
27,,0.55,0.48756,0.502,0.74116,0.689,0.378,0.114,0.4022
28,,0.475,0.41988,0.452,0.70884,0.664,0.34568,0.064,0.33452
29,,0.4,0.3522,0.402,0.67652,0.639,0.31336,0.014,0.26684
30,,0.325,0.28452,0.352,0.6442,0.614,0.28104,-0.036,0.19916
31,7,0.3,0.26284,0.352,0.67088,0.657,0.31972,1.0,0.19048
32,,0.225,0.19516,0.302,0.63856,0.632,0.2874,0.95,0.1228
33,,0.15,0.12748,0.252,0.60624,0.607,0.25508,0.9,0.05512
34,,0.075,0.0598,0.202,0.57392,0.582,0.22276,0.85,-0.01256
35,8,0.041,0.03012,0.193,0.5916,0.616,0.25244,0.859,1.0
36,,-0.034,-0.03756,0.143,0.55928,0.591,0.22012,0.809,0.93232
37,2,-0.08,1.0,0.122,0.56496,0.612,0.2378,0.805,0.90264
38,1,1.0,0.96132,0.104,0.57364,0.637,0.25948,0.805,0.87596
39,,0.925,0.89364,0.054,0.54132,0.612,0.22716,0.755,0.80828
40,,0.85,0.82596,0.004,0.509,0.587,0.19484,0.705,0.7406
41,,0.775,0.75828,-0.046,0.47668,0.562,0.16252,0.655,0.67292
42,3,0.732,0.7196,1.0,0.48536,0.587,0.1842,0.655,0.64624
43,,0.657,0.65192,0.95,0.45304,0.562,0.15188,0.605,0.57856
44,,0.582,0.58424,0.9,0.42072,0.537,0.11956,0.555,0.51088
45,,0.507,0.51656,0.85,0.3884,0.512,0.08724,0.505,0.4432
46,,0.432,0.44888,0.8,0.35608,0.487,0.05492,0.455,0.37552
47,,0.357,0.3812,0.75,0.32376,0.462,0.0226,0.405,0.30784
48,,0.282,0.31352,0.7,0.29144,0.437,-0.00972,0.355,0.24016
49,6,0.261,0.29584,0.704,0.32112,0.262,1.0,0.376,0.23448
50,,0.186,0.22816,0.654,0.2888,0.237,0.96768,0.326,0.1668
51,,0.111,0.16048,0.604,0.25648,0.212,0.93536,0.276,0.09912
52,,0.036,0.0928,0.554,0.22416,0.187,0.90304,0.226,0.03144
53,,-0.039,0.02512,0.504,0.19184,0.162,0.87072,0.176,-0.03624
54,1,1.0,-0.01356,0.486,0.20052,0.187,0.8924,0.176,-0.06292
55,8,0.966,-0.04324,0.477,0.2182,0.221,0.92208,0.185,1.0
56,2,0.92,1.0,0.456,0.22388,0.242,0.93976,0.181,0.97032
57,,0.845,0.93232,0.406,0.19156,0.217,0.90744,0.131,0.90264
58,,0.77,0.86464,0.356,0.15924,0.192,0.87512,0.081,0.83496
59,,0.695,0.79696,0.306,0.12692,0.167,0.8428,0.031,0.76728
60,,0.62,0.72928,0.256,0.0946,0.142,0.81048,-0.019,0.6996
61,7,0.595,0.7076,0.256,0.12128,0.185,0.84916,1.0,0.69092
62,,0.52,0.63992,0.206,0.08896,0.16,0.81684,0.95,0.62324
63,,0.445,0.57224,0.156,0.05664,0.135,0.78452,0.9,0.55556
64,,0.37,0.50456,0.106,0.02432,0.11,0.7522,0.85,0.48788
65,,0.295,0.43688,0.056,-0.008,0.085,0.71988,0.8,0.4202
66,4,0.261,0.4072,0.047,1.0,0.119,0.74956,0.809,0.40252
67,,0.186,0.33952,-0.003,0.96768,0.094,0.71724,0.759,0.33484
68,3,0.143,0.30084,1.0,0.97636,0.119,0.73892,0.759,0.30816
69,,0.068,0.23316,0.95,0.94404,0.094,0.7066,0.709,0.24048
70,,-0.007,0.16548,0.9,0.91172,0.069,0.67428,0.659,0.1728
71,1,1.0,0.1268,0.882,0.9204,0.094,0.69596,0.659,0.14612
72,,0.925,0.05912,0.832,0.88808,0.069,0.66364,0.609,0.07844
73,,0.85,-0.00856,0.782,0.85576,0.044,0.63132,0.559,0.01076
74,2,0.804,1.0,0.761,0.86144,0.065,0.649,0.555,-0.01892
75,8,0.77,0.97032,0.752,0.87912,0.099,0.67868,0.564,1.0
76,,0.695,0.90264,0.702,0.8468,0.074,0.64636,0.514,0.93232
77,,0.62,0.83496,0.652,0.81448,0.049,0.61404,0.464,0.86464
78,,0.545,0.76728,0.602,0.78216,0.024,0.58172,0.414,0.79696
79,,0.47,0.6996,0.552,0.74984,-0.001,0.5494,0.364,0.72928
80,5,0.445,0.67792,0.552,0.77652,1.0,0.36708,0.382,0.7206
81,,0.37,0.61024,0.502,0.7442,0.975,0.33476,0.332,0.65292
82,,0.295,0.54256,0.452,0.71188,0.95,0.30244,0.282,0.58524
83,,0.22,0.47488,0.402,0.67956,0.925,0.27012,0.232,0.51756
84,,0.145,0.4072,0.352,0.64724,0.9,0.2378,0.182,0.44988
85,,0.07,0.33952,0.302,0.61492,0.875,0.20548,0.132,0.3822
86,,-0.005,0.27184,0.252,0.5826,0.85,0.17316,0.082,0.31452
87,1,1.0,0.23316,0.234,0.59128,0.875,0.19484,0.082,0.28784
88,,0.925,0.16548,0.184,0.55896,0.85,0.16252,0.032,0.22016
89,,0.85,0.0978,0.134,0.52664,0.825,0.1302,-0.018,0.15248
90,7,0.825,0.07612,0.134,0.55332,0.868,0.16888,1.0,0.1438
91,,0.75,0.00844,0.084,0.521,0.843,0.13656,0.95,0.07612
92,,0.675,-0.05924,0.034,0.48868,0.818,0.10424,0.9,0.00844
93,2,0.629,1.0,0.013,0.49436,0.839,0.12192,0.896,-0.02124
94,8,0.595,0.97032,0.004,0.51204,0.873,0.1516,0.905,1.0
95,,0.52,0.90264,-0.046,0.47972,0.848,0.11928,0.855,0.93232
96,3,0.477,0.86396,1.0,0.4884,0.873,0.14096,0.855,0.90564
97,,0.402,0.79628,0.95,0.45608,0.848,0.10864,0.805,0.83796
98,,0.327,0.7286,0.9,0.42376,0.823,0.07632,0.755,0.77028
99,,0.252,0.66092,0.85,0.39144,0.798,0.044,0.705,0.7026
100,,0.177,0.59324,0.8,0.35912,0.773,0.01168,0.655,0.63492
101,,0.102,0.52556,0.75,0.3268,0.748,-0.02064,0.605,0.56724
102,6,0.081,0.50788,0.754,0.35648,0.573,1.0,0.626,0.56156
103,,0.006,0.4402,0.704,0.32416,0.548,0.96768,0.576,0.49388
104,,-0.069,0.37252,0.654,0.29184,0.523,0.93536,0.526,0.4262
105,1,1.0,0.33384,0.636,0.30052,0.548,0.95704,0.526,0.39952
106,,0.925,0.26616,0.586,0.2682,0.523,0.92472,0.476,0.33184
107,,0.85,0.19848,0.536,0.23588,0.498,0.8924,0.426,0.26416
108,,0.775,0.1308,0.486,0.20356,0.473,0.86008,0.376,0.19648
109,,0.7,0.06312,0.436,0.17124,0.448,0.82776,0.326,0.1288
110,,0.625,-0.00456,0.386,0.13892,0.423,0.79544,0.276,0.06112
111,2,0.579,1.0,0.365,0.1446,0.444,0.81312,0.272,0.03144
112,,0.504,0.93232,0.315,0.11228,0.419,0.7808,0.222,-0.03624
113,8,0.47,0.90264,0.306,0.12996,0.453,0.81048,0.231,1.0
114,,0.395,0.83496,0.256,0.09764,0.428,0.77816,0.181,0.93232
115,,0.32,0.76728,0.206,0.06532,0.403,0.74584,0.131,0.86464
116,,0.245,0.6996,0.156,0.033,0.378,0.71352,0.081,0.79696
117,,0.17,0.63192,0.106,0.00068,0.353,0.6812,0.031,0.72928
118,,0.095,0.56424,0.056,-0.03164,0.328,0.64888,-0.019,0.6616
119,4,0.061,0.53456,0.047,1.0,0.362,0.67856,-0.01,0.64392
120,7,0.036,0.51288,0.047,1.0,0.405,0.71724,1.0,0.63524
121,,-0.039,0.4452,-0.003,0.96768,0.38,0.68492,0.95,0.56756
122,1,1.0,0.40652,-0.021,0.97636,0.405,0.7066,0.95,0.54088
123,3,0.957,0.36784,1.0,0.98504,0.43,0.72828,0.95,0.5142
124,,0.882,0.30016,0.95,0.95272,0.405,0.69596,0.9,0.44652
125,,0.807,0.23248,0.9,0.9204,0.38,0.66364,0.85,0.37884
126,,0.732,0.1648,0.85,0.88808,0.355,0.63132,0.8,0.31116
127,,0.657,0.09712,0.8,0.85576,0.33,0.599,0.75,0.24348
128,,0.582,0.02944,0.75,0.82344,0.305,0.56668,0.7,0.1758
129,,0.507,-0.03824,0.7,0.79112,0.28,0.53436,0.65,0.10812
130,2,0.461,1.0,0.679,0.7968,0.301,0.55204,0.646,0.07844
131,,0.386,0.93232,0.629,0.76448,0.276,0.51972,0.596,0.01076
132,,0.311,0.86464,0.579,0.73216,0.251,0.4874,0.546,-0.05692
133,8,0.277,0.83496,0.57,0.74984,0.285,0.51708,0.555,1.0
134,,0.202,0.76728,0.52,0.71752,0.26,0.48476,0.505,0.93232
135,,0.127,0.6996,0.47,0.6852,0.235,0.45244,0.455,0.86464
136,,0.052,0.63192,0.42,0.65288,0.21,0.42012,0.405,0.79696
137,,-0.023,0.56424,0.37,0.62056,0.185,0.3878,0.355,0.72928
138,1,1.0,0.52556,0.352,0.62924,0.21,0.40948,0.355,0.7026
139,,0.925,0.45788,0.302,0.59692,0.185,0.37716,0.305,0.63492
140,,0.85,0.3902,0.252,0.5646,0.16,0.34484,0.255,0.56724
141,,0.775,0.32252,0.202,0.53228,0.135,0.31252,0.205,0.49956
142,,0.7,0.25484,0.152,0.49996,0.11,0.2802,0.155,0.43188
143,,0.625,0.18716,0.102,0.46764,0.085,0.24788,0.105,0.3642
144,,0.55,0.11948,0.052,0.43532,0.06,0.21556,0.055,0.29652
145,,0.475,0.0518,0.002,0.403,0.035,0.18324,0.005,0.22884
146,,0.4,-0.01588,-0.048,0.37068,0.01,0.15092,-0.045,0.16116
147,3,0.357,-0.05456,1.0,0.37936,0.035,0.1726,-0.045,0.13448
148,2,0.311,1.0,0.979,0.38504,0.056,0.19028,-0.049,0.1048
149,7,0.286,0.97832,0.979,0.41172,0.099,0.22896,1.0,0.09612
150,,0.211,0.91064,0.929,0.3794,0.074,0.19664,0.95,0.02844
151,,0.136,0.84296,0.879,0.34708,0.049,0.16432,0.9,-0.03924
152,8,0.102,0.81328,0.87,0.36476,0.083,0.194,0.909,1.0
153,,0.027,0.7456,0.82,0.33244,0.058,0.16168,0.859,0.93232
154,,-0.048,0.67792,0.77,0.30012,0.033,0.12936,0.809,0.86464
155,1,1.0,0.63924,0.752,0.3088,0.058,0.15104,0.809,0.83796
156,,0.925,0.57156,0.702,0.27648,0.033,0.11872,0.759,0.77028
157,,0.85,0.50388,0.652,0.24416,0.008,0.0864,0.709,0.7026
158,,0.775,0.4362,0.602,0.21184,-0.017,0.05408,0.659,0.63492
159,5,0.75,0.41452,0.602,0.23852,1.0,-0.12824,0.677,0.62624
160,6,0.729,0.39684,0.606,0.2682,0.825,1.0,0.698,0.62056
161,,0.654,0.32916,0.556,0.23588,0.8,0.96768,0.648,0.55288
162,,0.579,0.26148,0.506,0.20356,0.775,0.93536,0.598,0.4852
163,,0.504,0.1938,0.456,0.17124,0.75,0.90304,0.548,0.41752
164,,0.429,0.12612,0.406,0.13892,0.725,0.87072,0.498,0.34984
165,,0.354,0.05844,0.356,0.1066,0.7,0.8384,0.448,0.28216
166,,0.279,-0.00924,0.306,0.07428,0.675,0.80608,0.398,0.21448
167,2,0.233,1.0,0.285,0.07996,0.696,0.82376,0.394,0.1848
168,,0.158,0.93232,0.235,0.04764,0.671,0.79144,0.344,0.11712
169,,0.083,0.86464,0.185,0.01532,0.646,0.75912,0.294,0.04944
170,,0.008,0.79696,0.135,-0.017,0.621,0.7268,0.244,-0.01824
171,8,-0.026,0.76728,0.126,0.00068,0.655,0.75648,0.253,1.0
172,1,1.0,0.7286,0.108,0.00936,0.68,0.77816,0.253,0.97332
173,,0.925,0.66092,0.058,-0.02296,0.655,0.74584,0.203,0.90564
174,4,0.891,0.63124,0.049,1.0,0.689,0.77552,0.212,0.88796
175,,0.816,0.56356,-0.001,0.96768,0.664,0.7432,0.162,0.82028
176,3,0.773,0.52488,1.0,0.97636,0.689,0.76488,0.162,0.7936
177,,0.698,0.4572,0.95,0.94404,0.664,0.73256,0.112,0.72592
178,,0.623,0.38952,0.9,0.91172,0.639,0.70024,0.062,0.65824
179,,0.548,0.32184,0.85,0.8794,0.614,0.66792,0.012,0.59056
180,,0.473,0.25416,0.8,0.84708,0.589,0.6356,-0.038,0.52288
181,7,0.448,0.23248,0.8,0.87376,0.632,0.67428,1.0,0.5142
182,,0.373,0.1648,0.75,0.84144,0.607,0.64196,0.95,0.44652
183,,0.298,0.09712,0.7,0.80912,0.582,0.60964,0.9,0.37884
184,,0.223,0.02944,0.65,0.7768,0.557,0.57732,0.85,0.31116
185,,0.148,-0.03824,0.6,0.74448,0.532,0.545,0.8,0.24348
186,2,0.102,1.0,0.579,0.75016,0.553,0.56268,0.796,0.2138
187,,0.027,0.93232,0.529,0.71784,0.528,0.53036,0.746,0.14612
188,,-0.048,0.86464,0.479,0.68552,0.503,0.49804,0.696,0.07844
189,1,1.0,0.82596,0.461,0.6942,0.528,0.51972,0.696,0.05176
190,,0.925,0.75828,0.411,0.66188,0.503,0.4874,0.646,-0.01592
191,8,0.891,0.7286,0.402,0.67956,0.537,0.51708,0.655,1.0
192,,0.816,0.66092,0.352,0.64724,0.512,0.48476,0.605,0.93232
193,,0.741,0.59324,0.302,0.61492,0.487,0.45244,0.555,0.86464
194,,0.666,0.52556,0.252,0.5826,0.462,0.42012,0.505,0.79696
195,,0.591,0.45788,0.202,0.55028,0.437,0.3878,0.455,0.72928
196,,0.516,0.3902,0.152,0.51796,0.412,0.35548,0.405,0.6616
197,,0.441,0.32252,0.102,0.48564,0.387,0.32316,0.355,0.59392
198,,0.366,0.25484,0.052,0.45332,0.362,0.29084,0.305,0.52624
199,,0.291,0.18716,0.002,0.421,0.337,0.25852,0.255,0.45856
200,,0.216,0.11948,-0.048,0.38868,0.312,0.2262,0.205,0.39088
201,3,0.173,0.0808,1.0,0.39736,0.337,0.24788,0.205,0.3642
202,,0.098,0.01312,0.95,0.36504,0.312,0.21556,0.155,0.29652
203,,0.023,-0.05456,0.9,0.33272,0.287,0.18324,0.105,0.22884
204,2,-0.023,1.0,0.879,0.3384,0.308,0.20092,0.101,0.19916
205,1,1.0,0.96132,0.861,0.34708,0.333,0.2226,0.101,0.17248
206,,0.925,0.89364,0.811,0.31476,0.308,0.19028,0.051,0.1048
207,,0.85,0.82596,0.761,0.28244,0.283,0.15796,0.001,0.03712
208,,0.775,0.75828,0.711,0.25012,0.258,0.12564,-0.049,-0.03056
209,7,0.75,0.7366,0.711,0.2768,0.301,0.16432,1.0,-0.03924
210,8,0.716,0.70692,0.702,0.29448,0.335,0.194,1.0,1.0
211,,0.641,0.63924,0.652,0.26216,0.31,0.16168,0.95,0.93232
212,,0.566,0.57156,0.602,0.22984,0.285,0.12936,0.9,0.86464
213,,0.491,0.50388,0.552,0.19752,0.26,0.09704,0.85,0.79696
214,,0.416,0.4362,0.502,0.1652,0.235,0.06472,0.8,0.72928
215,,0.341,0.36852,0.452,0.13288,0.21,0.0324,0.75,0.6616
216,,0.266,0.30084,0.402,0.10056,0.185,8e-05,0.7,0.59392
217,,0.191,0.23316,0.352,0.06824,0.16,-0.03224,0.65,0.52624
218,6,0.17,0.21548,0.356,0.09792,-0.015,1.0,0.671,0.52056
219,5,0.145,0.1938,0.356,0.1246,1.0,0.81768,0.689,0.51188
220,,0.07,0.12612,0.306,0.09228,0.975,0.78536,0.639,0.4442
221,,-0.005,0.05844,0.256,0.05996,0.95,0.75304,0.589,0.37652
222,1,1.0,0.01976,0.238,0.06864,0.975,0.77472,0.589,0.34984
223,,0.925,-0.04792,0.188,0.03632,0.95,0.7424,0.539,0.28216
224,2,0.879,1.0,0.167,0.042,0.971,0.76008,0.535,0.25248
225,,0.804,0.93232,0.117,0.00968,0.946,0.72776,0.485,0.1848
226,,0.729,0.86464,0.067,-0.02264,0.921,0.69544,0.435,0.11712
227,4,0.695,0.83496,0.058,1.0,0.955,0.72512,0.444,0.09944
228,,0.62,0.76728,0.008,0.96768,0.93,0.6928,0.394,0.03176
229,,0.545,0.6996,-0.042,0.93536,0.905,0.66048,0.344,-0.03592
230,3,0.502,0.66092,1.0,0.94404,0.93,0.68216,0.344,-0.0626
231,8,0.468,0.63124,0.991,0.96172,0.964,0.71184,0.353,1.0
232,,0.393,0.56356,0.941,0.9294,0.939,0.67952,0.303,0.93232
233,,0.318,0.49588,0.891,0.89708,0.914,0.6472,0.253,0.86464
234,,0.243,0.4282,0.841,0.86476,0.889,0.61488,0.203,0.79696
235,,0.168,0.36052,0.791,0.83244,0.864,0.58256,0.153,0.72928
236,,0.093,0.29284,0.741,0.80012,0.839,0.55024,0.103,0.6616
237,,0.018,0.22516,0.691,0.7678,0.814,0.51792,0.053,0.59392
238,,-0.057,0.15748,0.641,0.73548,0.789,0.4856,0.003,0.52624
239,1,1.0,0.1188,0.623,0.74416,0.814,0.50728,0.003,0.49956
240,,0.925,0.05112,0.573,0.71184,0.789,0.47496,-0.047,0.43188
241,7,0.9,0.02944,0.573,0.73852,0.832,0.51364,1.0,0.4232
242,,0.825,-0.03824,0.523,0.7062,0.807,0.48132,0.95,0.35552
243,2,0.779,1.0,0.502,0.71188,0.828,0.499,0.946,0.32584
244,,0.704,0.93232,0.452,0.67956,0.803,0.46668,0.896,0.25816
245,,0.629,0.86464,0.402,0.64724,0.778,0.43436,0.846,0.19048
246,,0.554,0.79696,0.352,0.61492,0.753,0.40204,0.796,0.1228
247,,0.479,0.72928,0.302,0.5826,0.728,0.36972,0.746,0.05512
248,,0.404,0.6616,0.252,0.55028,0.703,0.3374,0.696,-0.01256
249,8,0.37,0.63192,0.243,0.56796,0.737,0.36708,0.705,1.0
250,,0.295,0.56424,0.193,0.53564,0.712,0.33476,0.655,0.93232
251,,0.22,0.49656,0.143,0.50332,0.687,0.30244,0.605,0.86464
252,,0.145,0.42888,0.093,0.471,0.662,0.27012,0.555,0.79696
253,,0.07,0.3612,0.043,0.43868,0.637,0.2378,0.505,0.72928
254,,-0.005,0.29352,-0.007,0.40636,0.612,0.20548,0.455,0.6616
255,3,-0.048,0.25484,1.0,0.41504,0.637,0.22716,0.455,0.63492
256,1,1.0,0.21616,0.982,0.42372,0.662,0.24884,0.455,0.60824
257,,0.925,0.14848,0.932,0.3914,0.637,0.21652,0.405,0.54056
258,,0.85,0.0808,0.882,0.35908,0.612,0.1842,0.355,0.47288
259,,0.775,0.01312,0.832,0.32676,0.587,0.15188,0.305,0.4052
260,,0.7,-0.05456,0.782,0.29444,0.562,0.11956,0.255,0.33752
261,2,0.654,1.0,0.761,0.30012,0.583,0.13724,0.251,0.30784
262,,0.579,0.93232,0.711,0.2678,0.558,0.10492,0.201,0.24016
263,,0.504,0.86464,0.661,0.23548,0.533,0.0726,0.151,0.17248
264,,0.429,0.79696,0.611,0.20316,0.508,0.04028,0.101,0.1048
265,,0.354,0.72928,0.561,0.17084,0.483,0.00796,0.051,0.03712
266,,0.279,0.6616,0.511,0.13852,0.458,-0.02436,0.001,-0.03056
267,8,0.245,0.63192,0.502,0.1562,0.492,0.00532,0.01,1.0
268,,0.17,0.56424,0.452,0.12388,0.467,-0.027,-0.04,0.93232
269,7,0.145,0.54256,0.452,0.15056,0.51,0.01168,1.0,0.92364
270,,0.07,0.47488,0.402,0.11824,0.485,-0.02064,0.95,0.85596
271,6,0.049,0.4572,0.406,0.14792,0.31,1.0,0.971,0.85028
272,,-0.026,0.38952,0.356,0.1156,0.285,0.96768,0.921,0.7826
273,1,1.0,0.35084,0.338,0.12428,0.31,0.98936,0.921,0.75592
274,,0.925,0.28316,0.288,0.09196,0.285,0.95704,0.871,0.68824
275,,0.85,0.21548,0.238,0.05964,0.26,0.92472,0.821,0.62056
276,,0.775,0.1478,0.188,0.02732,0.235,0.8924,0.771,0.55288
277,,0.7,0.08012,0.138,-0.005,0.21,0.86008,0.721,0.4852
278,4,0.666,0.05044,0.129,1.0,0.244,0.88976,0.73,0.46752
279,,0.591,-0.01724,0.079,0.96768,0.219,0.85744,0.68,0.39984
280,2,0.545,1.0,0.058,0.97336,0.24,0.87512,0.676,0.37016
281,,0.47,0.93232,0.008,0.94104,0.215,0.8428,0.626,0.30248
282,,0.395,0.86464,-0.042,0.90872,0.19,0.81048,0.576,0.2348
283,3,0.352,0.82596,1.0,0.9174,0.215,0.83216,0.576,0.20812
284,,0.277,0.75828,0.95,0.88508,0.19,0.79984,0.526,0.14044
285,,0.202,0.6906,0.9,0.85276,0.165,0.76752,0.476,0.07276
286,,0.127,0.62292,0.85,0.82044,0.14,0.7352,0.426,0.00508
287,,0.052,0.55524,0.8,0.78812,0.115,0.70288,0.376,-0.0626
288,8,0.018,0.52556,0.791,0.8058,0.149,0.73256,0.385,1.0
289,,-0.057,0.45788,0.741,0.77348,0.124,0.70024,0.335,0.93232
290,1,1.0,0.4192,0.723,0.78216,0.149,0.72192,0.335,0.90564
291,,0.925,0.35152,0.673,0.74984,0.124,0.6896,0.285,0.83796
292,,0.85,0.28384,0.623,0.71752,0.099,0.65728,0.235,0.77028
293,,0.775,0.21616,0.573,0.6852,0.074,0.62496,0.185,0.7026
294,,0.7,0.14848,0.523,0.65288,0.049,0.59264,0.135,0.63492
295,,0.625,0.0808,0.473,0.62056,0.024,0.56032,0.085,0.56724
296,,0.55,0.01312,0.423,0.58824,-0.001,0.528,0.035,0.49956
297,5,0.525,-0.00856,0.423,0.61492,1.0,0.34568,0.053,0.49088
298,2,0.479,1.0,0.402,0.6206,1.0,0.36336,0.049,0.4612
299,,0.404,0.93232,0.352,0.58828,0.975,0.33104,-0.001,0.39352
300,7,0.379,0.91064,0.352,0.61496,1.0,0.36972,1.0,0.38484
301,,0.304,0.84296,0.302,0.58264,0.975,0.3374,0.95,0.31716
302,,0.229,0.77528,0.252,0.55032,0.95,0.30508,0.9,0.24948
303,,0.154,0.7076,0.202,0.518,0.925,0.27276,0.85,0.1818
304,,0.079,0.63992,0.152,0.48568,0.9,0.24044,0.8,0.11412
305,,0.004,0.57224,0.102,0.45336,0.875,0.20812,0.75,0.04644
306,,-0.071,0.50456,0.052,0.42104,0.85,0.1758,0.7,-0.02124
307,1,1.0,0.46588,0.034,0.42972,0.875,0.19748,0.7,-0.04792
308,8,0.966,0.4362,0.025,0.4474,0.909,0.22716,0.709,1.0
309,,0.891,0.36852,-0.025,0.41508,0.884,0.19484,0.659,0.93232
310,3,0.848,0.32984,1.0,0.42376,0.909,0.21652,0.659,0.90564
311,,0.773,0.26216,0.95,0.39144,0.884,0.1842,0.609,0.83796
312,,0.698,0.19448,0.9,0.35912,0.859,0.15188,0.559,0.77028
313,,0.623,0.1268,0.85,0.3268,0.834,0.11956,0.509,0.7026
314,,0.548,0.05912,0.8,0.29448,0.809,0.08724,0.459,0.63492
315,,0.473,-0.00856,0.75,0.26216,0.784,0.05492,0.409,0.56724
316,2,0.427,1.0,0.729,0.26784,0.805,0.0726,0.405,0.53756
317,,0.352,0.93232,0.679,0.23552,0.78,0.04028,0.355,0.46988
318,,0.277,0.86464,0.629,0.2032,0.755,0.00796,0.305,0.4022
319,,0.202,0.79696,0.579,0.17088,0.73,-0.02436,0.255,0.33452
320,6,0.181,0.77928,0.583,0.20056,0.555,1.0,0.276,0.32884
321,,0.106,0.7116,0.533,0.16824,0.53,0.96768,0.226,0.26116
322,,0.031,0.64392,0.483,0.13592,0.505,0.93536,0.176,0.19348
323,,-0.044,0.57624,0.433,0.1036,0.48,0.90304,0.126,0.1258
324,1,1.0,0.53756,0.415,0.11228,0.505,0.92472,0.126,0.09912
325,,0.925,0.46988,0.365,0.07996,0.48,0.8924,0.076,0.03144
326,,0.85,0.4022,0.315,0.04764,0.455,0.86008,0.026,-0.03624
327,8,0.816,0.37252,0.306,0.06532,0.489,0.88976,0.035,1.0
328,,0.741,0.30484,0.256,0.033,0.464,0.85744,-0.015,0.93232
329,7,0.716,0.28316,0.256,0.05968,0.507,0.89612,1.0,0.92364
330,,0.641,0.21548,0.206,0.02736,0.482,0.8638,0.95,0.85596
331,,0.566,0.1478,0.156,-0.00496,0.457,0.83148,0.9,0.78828
332,4,0.532,0.11812,0.147,1.0,0.491,0.86116,0.909,0.7706
333,,0.457,0.05044,0.097,0.96768,0.466,0.82884,0.859,0.70292
334,,0.382,-0.01724,0.047,0.93536,0.441,0.79652,0.809,0.63524
335,2,0.336,1.0,0.026,0.94104,0.462,0.8142,0.805,0.60556
336,,0.261,0.93232,-0.024,0.90872,0.437,0.78188,0.755,0.53788
337,3,0.218,0.89364,1.0,0.9174,0.462,0.80356,0.755,0.5112
338,,0.143,0.82596,0.95,0.88508,0.437,0.77124,0.705,0.44352
339,,0.068,0.75828,0.9,0.85276,0.412,0.73892,0.655,0.37584
340,,-0.007,0.6906,0.85,0.82044,0.387,0.7066,0.605,0.30816
341,1,1.0,0.65192,0.832,0.82912,0.412,0.72828,0.605,0.28148
342,,0.925,0.58424,0.782,0.7968,0.387,0.69596,0.555,0.2138
343,,0.85,0.51656,0.732,0.76448,0.362,0.66364,0.505,0.14612
344,,0.775,0.44888,0.682,0.73216,0.337,0.63132,0.455,0.07844
345,,0.7,0.3812,0.632,0.69984,0.312,0.599,0.405,0.01076
346,,0.625,0.31352,0.582,0.66752,0.287,0.56668,0.355,-0.05692
347,8,0.591,0.28384,0.573,0.6852,0.321,0.59636,0.364,1.0
348,,0.516,0.21616,0.523,0.65288,0.296,0.56404,0.314,0.93232
349,,0.441,0.14848,0.473,0.62056,0.271,0.53172,0.264,0.86464
350,,0.366,0.0808,0.423,0.58824,0.246,0.4994,0.214,0.79696
351,,0.291,0.01312,0.373,0.55592,0.221,0.46708,0.164,0.72928
352,,0.216,-0.05456,0.323,0.5236,0.196,0.43476,0.114,0.6616
353,2,0.17,1.0,0.302,0.52928,0.217,0.45244,0.11,0.63192
354,,0.095,0.93232,0.252,0.49696,0.192,0.42012,0.06,0.56424
355,,0.02,0.86464,0.202,0.46464,0.167,0.3878,0.01,0.49656
356,,-0.055,0.79696,0.152,0.43232,0.142,0.35548,-0.04,0.42888
357,1,1.0,0.75828,0.134,0.441,0.167,0.37716,-0.04,0.4022
358,7,0.975,0.7366,0.134,0.46768,0.21,0.41584,1.0,0.39352
359,,0.9,0.66892,0.084,0.43536,0.185,0.38352,0.95,0.32584
360,,0.825,0.60124,0.034,0.40304,0.16,0.3512,0.9,0.25816
361,,0.75,0.53356,-0.016,0.37072,0.135,0.31888,0.85,0.19048
362,3,0.707,0.49488,1.0,0.3794,0.16,0.34056,0.85,0.1638
363,,0.632,0.4272,0.95,0.34708,0.135,0.30824,0.8,0.09612
364,,0.557,0.35952,0.9,0.31476,0.11,0.27592,0.75,0.02844
365,,0.482,0.29184,0.85,0.28244,0.085,0.2436,0.7,-0.03924
366,8,0.448,0.26216,0.841,0.30012,0.119,0.27328,0.709,1.0
367,,0.373,0.19448,0.791,0.2678,0.094,0.24096,0.659,0.93232
368,,0.298,0.1268,0.741,0.23548,0.069,0.20864,0.609,0.86464
369,,0.223,0.05912,0.691,0.20316,0.044,0.17632,0.559,0.79696
370,,0.148,-0.00856,0.641,0.17084,0.019,0.144,0.509,0.72928
371,2,0.102,1.0,0.62,0.17652,0.04,0.16168,0.505,0.6996
372,,0.027,0.93232,0.57,0.1442,0.015,0.12936,0.455,0.63192
373,,-0.048,0.86464,0.52,0.11188,-0.01,0.09704,0.405,0.56424
374,1,1.0,0.82596,0.502,0.12056,0.015,0.11872,0.405,0.53756
375,,0.925,0.75828,0.452,0.08824,-0.01,0.0864,0.355,0.46988
376,5,0.9,0.7366,0.452,0.11492,1.0,-0.09592,0.373,0.4612
377,6,0.879,0.71892,0.456,0.1446,0.825,1.0,0.394,0.45552
378,,0.804,0.65124,0.406,0.11228,0.8,0.96768,0.344,0.38784
379,,0.729,0.58356,0.356,0.07996,0.775,0.93536,0.294,0.32016
380,,0.654,0.51588,0.306,0.04764,0.75,0.90304,0.244,0.25248
381,,0.579,0.4482,0.256,0.01532,0.725,0.87072,0.194,0.1848
382,,0.504,0.38052,0.206,-0.017,0.7,0.8384,0.144,0.11712
383,4,0.47,0.35084,0.197,1.0,0.734,0.86808,0.153,0.09944
384,,0.395,0.28316,0.147,0.96768,0.709,0.83576,0.103,0.03176
385,,0.32,0.21548,0.097,0.93536,0.684,0.80344,0.053,-0.03592
386,8,0.286,0.1858,0.088,0.95304,0.718,0.83312,0.062,1.0
387,,0.211,0.11812,0.038,0.92072,0.693,0.8008,0.012,0.93232
388,,0.136,0.05044,-0.012,0.8884,0.668,0.76848,-0.038,0.86464
389,7,0.111,0.02876,-0.012,0.91508,0.711,0.80716,1.0,0.85596
390,3,0.068,-0.00992,1.0,0.92376,0.736,0.82884,1.0,0.82928
391,2,0.022,1.0,0.979,0.92944,0.757,0.84652,0.996,0.7996
392,,-0.053,0.93232,0.929,0.89712,0.732,0.8142,0.946,0.73192
393,1,1.0,0.89364,0.911,0.9058,0.757,0.83588,0.946,0.70524
394,,0.925,0.82596,0.861,0.87348,0.732,0.80356,0.896,0.63756
395,,0.85,0.75828,0.811,0.84116,0.707,0.77124,0.846,0.56988
396,,0.775,0.6906,0.761,0.80884,0.682,0.73892,0.796,0.5022
397,,0.7,0.62292,0.711,0.77652,0.657,0.7066,0.746,0.43452
398,,0.625,0.55524,0.661,0.7442,0.632,0.67428,0.696,0.36684
399,,0.55,0.48756,0.611,0.71188,0.607,0.64196,0.646,0.29916
400,,0.475,0.41988,0.561,0.67956,0.582,0.60964,0.596,0.23148
401,,0.4,0.3522,0.511,0.64724,0.557,0.57732,0.546,0.1638
402,,0.325,0.28452,0.461,0.61492,0.532,0.545,0.496,0.09612
403,,0.25,0.21684,0.411,0.5826,0.507,0.51268,0.446,0.02844
404,,0.175,0.14916,0.361,0.55028,0.482,0.48036,0.396,-0.03924
405,8,0.141,0.11948,0.352,0.56796,0.516,0.51004,0.405,1.0
406,,0.066,0.0518,0.302,0.53564,0.491,0.47772,0.355,0.93232
407,,-0.009,-0.01588,0.252,0.50332,0.466,0.4454,0.305,0.86464
408,2,-0.055,1.0,0.231,0.509,0.487,0.46308,0.301,0.83496
409,1,1.0,0.96132,0.213,0.51768,0.512,0.48476,0.301,0.80828
410,,0.925,0.89364,0.163,0.48536,0.487,0.45244,0.251,0.7406
411,,0.85,0.82596,0.113,0.45304,0.462,0.42012,0.201,0.67292
412,,0.775,0.75828,0.063,0.42072,0.437,0.3878,0.151,0.60524
413,,0.7,0.6906,0.013,0.3884,0.412,0.35548,0.101,0.53756
414,,0.625,0.62292,-0.037,0.35608,0.387,0.32316,0.051,0.46988
415,3,0.582,0.58424,1.0,0.36476,0.412,0.34484,0.051,0.4432
416,,0.507,0.51656,0.95,0.33244,0.387,0.31252,0.001,0.37552
417,,0.432,0.44888,0.9,0.30012,0.362,0.2802,-0.049,0.30784
418,7,0.407,0.4272,0.9,0.3268,0.405,0.31888,1.0,0.29916
419,,0.332,0.35952,0.85,0.29448,0.38,0.28656,0.95,0.23148
420,,0.257,0.29184,0.8,0.26216,0.355,0.25424,0.9,0.1638
421,,0.182,0.22416,0.75,0.22984,0.33,0.22192,0.85,0.09612
422,,0.107,0.15648,0.7,0.19752,0.305,0.1896,0.8,0.02844
423,,0.032,0.0888,0.65,0.1652,0.28,0.15728,0.75,-0.03924
424,8,-0.002,0.05912,0.641,0.18288,0.314,0.18696,0.759,1.0
425,1,1.0,0.02044,0.623,0.19156,0.339,0.20864,0.759,0.97332
426,,0.925,-0.04724,0.573,0.15924,0.314,0.17632,0.709,0.90564
427,2,0.879,1.0,0.552,0.16492,0.335,0.194,0.705,0.87596
428,,0.804,0.93232,0.502,0.1326,0.31,0.16168,0.655,0.80828
429,,0.729,0.86464,0.452,0.10028,0.285,0.12936,0.605,0.7406
430,,0.654,0.79696,0.402,0.06796,0.26,0.09704,0.555,0.67292
431,,0.579,0.72928,0.352,0.03564,0.235,0.06472,0.505,0.60524
432,,0.504,0.6616,0.302,0.00332,0.21,0.0324,0.455,0.53756
433,,0.429,0.59392,0.252,-0.029,0.185,8e-05,0.405,0.46988
434,4,0.395,0.56424,0.243,1.0,0.219,0.02976,0.414,0.4522
435,,0.32,0.49656,0.193,0.96768,0.194,-0.00256,0.364,0.38452
436,6,0.299,0.47888,0.197,0.99736,0.019,1.0,0.385,0.37884
437,,0.224,0.4112,0.147,0.96504,-0.006,0.96768,0.335,0.31116
438,5,0.199,0.38952,0.147,0.99172,1.0,0.78536,0.353,0.30248
439,,0.124,0.32184,0.097,0.9594,0.975,0.75304,0.303,0.2348
440,,0.049,0.25416,0.047,0.92708,0.95,0.72072,0.253,0.16712
441,,-0.026,0.18648,-0.003,0.89476,0.925,0.6884,0.203,0.09944
442,1,1.0,0.1478,-0.021,0.90344,0.95,0.71008,0.203,0.07276
443,3,0.957,0.10912,1.0,0.91212,0.975,0.73176,0.203,0.04608
444,,0.882,0.04144,0.95,0.8798,0.95,0.69944,0.153,-0.0216
445,8,0.848,0.01176,0.941,0.89748,0.984,0.72912,0.162,1.0
446,,0.773,-0.05592,0.891,0.86516,0.959,0.6968,0.112,0.93232
447,2,0.727,1.0,0.87,0.87084,0.98,0.71448,0.108,0.90264
448,,0.652,0.93232,0.82,0.83852,0.955,0.68216,0.058,0.83496
449,,0.577,0.86464,0.77,0.8062,0.93,0.64984,0.008,0.76728
450,,0.502,0.79696,0.72,0.77388,0.905,0.61752,-0.042,0.6996
451,7,0.477,0.77528,0.72,0.80056,0.948,0.6562,1.0,0.69092
452,,0.402,0.7076,0.67,0.76824,0.923,0.62388,0.95,0.62324
453,,0.327,0.63992,0.62,0.73592,0.898,0.59156,0.9,0.55556
454,,0.252,0.57224,0.57,0.7036,0.873,0.55924,0.85,0.48788
455,,0.177,0.50456,0.52,0.67128,0.848,0.52692,0.8,0.4202
456,,0.102,0.43688,0.47,0.63896,0.823,0.4946,0.75,0.35252
457,,0.027,0.3692,0.42,0.60664,0.798,0.46228,0.7,0.28484
458,,-0.048,0.30152,0.37,0.57432,0.773,0.42996,0.65,0.21716
459,1,1.0,0.26284,0.352,0.583,0.798,0.45164,0.65,0.19048
460,,0.925,0.19516,0.302,0.55068,0.773,0.41932,0.6,0.1228
461,,0.85,0.12748,0.252,0.51836,0.748,0.387,0.55,0.05512
462,,0.775,0.0598,0.202,0.48604,0.723,0.35468,0.5,-0.01256
463,8,0.741,0.03012,0.193,0.50372,0.757,0.38436,0.509,1.0
464,,0.666,-0.03756,0.143,0.4714,0.732,0.35204,0.459,0.93232
465,2,0.62,1.0,0.122,0.47708,0.753,0.36972,0.455,0.90264
466,,0.545,0.93232,0.072,0.44476,0.728,0.3374,0.405,0.83496
467,,0.47,0.86464,0.022,0.41244,0.703,0.30508,0.355,0.76728
468,,0.395,0.79696,-0.028,0.38012,0.678,0.27276,0.305,0.6996
469,3,0.352,0.75828,1.0,0.3888,0.703,0.29444,0.305,0.67292
470,,0.277,0.6906,0.95,0.35648,0.678,0.26212,0.255,0.60524
471,,0.202,0.62292,0.9,0.32416,0.653,0.2298,0.205,0.53756
472,,0.127,0.55524,0.85,0.29184,0.628,0.19748,0.155,0.46988
473,,0.052,0.48756,0.8,0.25952,0.603,0.16516,0.105,0.4022
474,,-0.023,0.41988,0.75,0.2272,0.578,0.13284,0.055,0.33452
475,1,1.0,0.3812,0.732,0.23588,0.603,0.15452,0.055,0.30784
476,,0.925,0.31352,0.682,0.20356,0.578,0.1222,0.005,0.24016
477,,0.85,0.24584,0.632,0.17124,0.553,0.08988,-0.045,0.17248
478,7,0.825,0.22416,0.632,0.19792,0.596,0.12856,1.0,0.1638
479,,0.75,0.15648,0.582,0.1656,0.571,0.09624,0.95,0.09612
480,,0.675,0.0888,0.532,0.13328,0.546,0.06392,0.9,0.02844
481,,0.6,0.02112,0.482,0.10096,0.521,0.0316,0.85,-0.03924
482,8,0.566,-0.00856,0.473,0.11864,0.555,0.06128,0.859,1.0
483,2,0.52,1.0,0.452,0.12432,0.576,0.07896,0.855,0.97032
484,,0.445,0.93232,0.402,0.092,0.551,0.04664,0.805,0.90264
485,,0.37,0.86464,0.352,0.05968,0.526,0.01432,0.755,0.83496
486,,0.295,0.79696,0.302,0.02736,0.501,-0.018,0.705,0.76728
487,6,0.274,0.77928,0.306,0.05704,0.326,1.0,0.726,0.7616
488,,0.199,0.7116,0.256,0.02472,0.301,0.96768,0.676,0.69392
489,,0.124,0.64392,0.206,-0.0076,0.276,0.93536,0.626,0.62624
490,4,0.09,0.61424,0.197,1.0,0.31,0.96504,0.635,0.60856
491,,0.015,0.54656,0.147,0.96768,0.285,0.93272,0.585,0.54088
492,,-0.06,0.47888,0.097,0.93536,0.26,0.9004,0.535,0.4732
493,1,1.0,0.4402,0.079,0.94404,0.285,0.92208,0.535,0.44652
494,,0.925,0.37252,0.029,0.91172,0.26,0.88976,0.485,0.37884
495,,0.85,0.30484,-0.021,0.8794,0.235,0.85744,0.435,0.31116
496,3,0.807,0.26616,1.0,0.88808,0.26,0.87912,0.435,0.28448
497,,0.732,0.19848,0.95,0.85576,0.235,0.8468,0.385,0.2168
498,,0.657,0.1308,0.9,0.82344,0.21,0.81448,0.335,0.14912
499,,0.582,0.06312,0.85,0.79112,0.185,0.78216,0.285,0.08144
500,,0.507,-0.00456,0.8,0.7588,0.16,0.74984,0.235,0.01376
501,2,0.461,1.0,0.779,0.76448,0.181,0.76752,0.231,-0.01592
502,8,0.427,0.97032,0.77,0.78216,0.215,0.7972,0.24,1.0
503,,0.352,0.90264,0.72,0.74984,0.19,0.76488,0.19,0.93232
504,,0.277,0.83496,0.67,0.71752,0.165,0.73256,0.14,0.86464
505,,0.202,0.76728,0.62,0.6852,0.14,0.70024,0.09,0.79696
506,,0.127,0.6996,0.57,0.65288,0.115,0.66792,0.04,0.72928
507,,0.052,0.63192,0.52,0.62056,0.09,0.6356,-0.01,0.6616
508,7,0.027,0.61024,0.52,0.64724,0.133,0.67428,1.0,0.65292
509,,-0.048,0.54256,0.47,0.61492,0.108,0.64196,0.95,0.58524
510,1,1.0,0.50388,0.452,0.6236,0.133,0.66364,0.95,0.55856
511,,0.925,0.4362,0.402,0.59128,0.108,0.63132,0.9,0.49088
512,,0.85,0.36852,0.352,0.55896,0.083,0.599,0.85,0.4232
513,,0.775,0.30084,0.302,0.52664,0.058,0.56668,0.8,0.35552
514,,0.7,0.23316,0.252,0.49432,0.033,0.53436,0.75,0.28784
515,,0.625,0.16548,0.202,0.462,0.008,0.50204,0.7,0.22016
516,,0.55,0.0978,0.152,0.42968,-0.017,0.46972,0.65,0.15248
517,5,0.525,0.07612,0.152,0.45636,1.0,0.2874,0.668,0.1438
518,,0.45,0.00844,0.102,0.42404,0.975,0.25508,0.618,0.07612
519,,0.375,-0.05924,0.052,0.39172,0.95,0.22276,0.568,0.00844
520,2,0.329,1.0,0.031,0.3974,0.971,0.24044,0.564,-0.02124
521,8,0.295,0.97032,0.022,0.41508,1.0,0.27012,0.573,1.0
522,,0.22,0.90264,-0.028,0.38276,0.975,0.2378,0.523,0.93232
523,3,0.177,0.86396,1.0,0.39144,1.0,0.25948,0.523,0.90564
524,,0.102,0.79628,0.95,0.35912,0.975,0.22716,0.473,0.83796
525,,0.027,0.7286,0.9,0.3268,0.95,0.19484,0.423,0.77028
526,,-0.048,0.66092,0.85,0.29448,0.925,0.16252,0.373,0.7026
527,1,1.0,0.62224,0.832,0.30316,0.95,0.1842,0.373,0.67592
528,,0.925,0.55456,0.782,0.27084,0.925,0.15188,0.323,0.60824
529,,0.85,0.48688,0.732,0.23852,0.9,0.11956,0.273,0.54056
530,,0.775,0.4192,0.682,0.2062,0.875,0.08724,0.223,0.47288
531,,0.7,0.35152,0.632,0.17388,0.85,0.05492,0.173,0.4052
532,,0.625,0.28384,0.582,0.14156,0.825,0.0226,0.123,0.33752
533,,0.55,0.21616,0.532,0.10924,0.8,-0.00972,0.073,0.26984
534,6,0.529,0.19848,0.536,0.13892,0.625,1.0,0.094,0.26416
535,,0.454,0.1308,0.486,0.1066,0.6,0.96768,0.044,0.19648
536,,0.379,0.06312,0.436,0.07428,0.575,0.93536,-0.006,0.1288
537,7,0.354,0.04144,0.436,0.10096,0.618,0.97404,1.0,0.12012
538,,0.279,-0.02624,0.386,0.06864,0.593,0.94172,0.95,0.05244
539,2,0.233,1.0,0.365,0.07432,0.614,0.9594,0.946,0.02276
540,,0.158,0.93232,0.315,0.042,0.589,0.92708,0.896,-0.04492
541,8,0.124,0.90264,0.306,0.05968,0.623,0.95676,0.905,1.0
542,,0.049,0.83496,0.256,0.02736,0.598,0.92444,0.855,0.93232
543,,-0.026,0.76728,0.206,-0.00496,0.573,0.89212,0.805,0.86464
544,1,1.0,0.7286,0.188,0.00372,0.598,0.9138,0.805,0.83796
545,,0.925,0.66092,0.138,-0.0286,0.573,0.88148,0.755,0.77028
546,4,0.891,0.63124,0.129,1.0,0.607,0.91116,0.764,0.7526
547,,0.816,0.56356,0.079,0.96768,0.582,0.87884,0.714,0.68492
548,,0.741,0.49588,0.029,0.93536,0.557,0.84652,0.664,0.61724
549,,0.666,0.4282,-0.021,0.90304,0.532,0.8142,0.614,0.54956
550,3,0.623,0.38952,1.0,0.91172,0.557,0.83588,0.614,0.52288
551,,0.548,0.32184,0.95,0.8794,0.532,0.80356,0.564,0.4552
552,,0.473,0.25416,0.9,0.84708,0.507,0.77124,0.514,0.38752
553,,0.398,0.18648,0.85,0.81476,0.482,0.73892,0.464,0.31984
554,,0.323,0.1188,0.8,0.78244,0.457,0.7066,0.414,0.25216
555,,0.248,0.05112,0.75,0.75012,0.432,0.67428,0.364,0.18448
556,,0.173,-0.01656,0.7,0.7178,0.407,0.64196,0.314,0.1168
557,2,0.127,1.0,0.679,0.72348,0.428,0.65964,0.31,0.08712
558,,0.052,0.93232,0.629,0.69116,0.403,0.62732,0.26,0.01944
559,,-0.023,0.86464,0.579,0.65884,0.378,0.595,0.21,-0.04824
560,8,-0.057,0.83496,0.57,0.67652,0.412,0.62468,0.219,1.0
561,1,1.0,0.79628,0.552,0.6852,0.437,0.64636,0.219,0.97332
562,,0.925,0.7286,0.502,0.65288,0.412,0.61404,0.169,0.90564
563,,0.85,0.66092,0.452,0.62056,0.387,0.58172,0.119,0.83796
564,,0.775,0.59324,0.402,0.58824,0.362,0.5494,0.069,0.77028
565,,0.7,0.52556,0.352,0.55592,0.337,0.51708,0.019,0.7026
566,,0.625,0.45788,0.302,0.5236,0.312,0.48476,-0.031,0.63492
567,7,0.6,0.4362,0.302,0.55028,0.355,0.52344,1.0,0.62624
568,,0.525,0.36852,0.252,0.51796,0.33,0.49112,0.95,0.55856
569,,0.45,0.30084,0.202,0.48564,0.305,0.4588,0.9,0.49088
570,,0.375,0.23316,0.152,0.45332,0.28,0.42648,0.85,0.4232
571,,0.3,0.16548,0.102,0.421,0.255,0.39416,0.8,0.35552
572,,0.225,0.0978,0.052,0.38868,0.23,0.36184,0.75,0.28784
573,,0.15,0.03012,0.002,0.35636,0.205,0.32952,0.7,0.22016
574,,0.075,-0.03756,-0.048,0.32404,0.18,0.2972,0.65,0.15248
575,3,0.032,-0.07624,1.0,0.33272,0.205,0.31888,0.65,0.1258
576,2,-0.014,1.0,0.979,0.3384,0.226,0.33656,0.646,0.09612
577,1,1.0,0.96132,0.961,0.34708,0.251,0.35824,0.646,0.06944
578,,0.925,0.89364,0.911,0.31476,0.226,0.32592,0.596,0.00176
579,,0.85,0.82596,0.861,0.28244,0.201,0.2936,0.546,-0.06592
580,8,0.816,0.79628,0.852,0.30012,0.235,0.32328,0.555,1.0
581,,0.741,0.7286,0.802,0.2678,0.21,0.29096,0.505,0.93232
582,,0.666,0.66092,0.752,0.23548,0.185,0.25864,0.455,0.86464
583,,0.591,0.59324,0.702,0.20316,0.16,0.22632,0.405,0.79696
584,,0.516,0.52556,0.652,0.17084,0.135,0.194,0.355,0.72928
585,,0.441,0.45788,0.602,0.13852,0.11,0.16168,0.305,0.6616
586,,0.366,0.3902,0.552,0.1062,0.085,0.12936,0.255,0.59392
587,,0.291,0.32252,0.502,0.07388,0.06,0.09704,0.205,0.52624
588,,0.216,0.25484,0.452,0.04156,0.035,0.06472,0.155,0.45856
589,,0.141,0.18716,0.402,0.00924,0.01,0.0324,0.105,0.39088
590,,0.066,0.11948,0.352,-0.02308,-0.015,8e-05,0.055,0.3232
591,4,0.032,0.0898,0.343,1.0,0.019,0.02976,0.064,0.30552
592,,-0.043,0.02212,0.293,0.96768,-0.006,-0.00256,0.014,0.23784
593,1,1.0,-0.01656,0.275,0.97636,0.019,0.01912,0.014,0.21116
594,2,0.954,1.0,0.254,0.98204,0.04,0.0368,0.01,0.18148
595,,0.879,0.93232,0.204,0.94972,0.015,0.00448,-0.04,0.1138
596,7,0.854,0.91064,0.204,0.9764,0.058,0.04316,1.0,0.10512
597,,0.779,0.84296,0.154,0.94408,0.033,0.01084,0.95,0.03744
598,,0.704,0.77528,0.104,0.91176,0.008,-0.02148,0.9,-0.03024
599,8,0.67,0.7456,0.095,0.92944,0.042,0.0082,0.909,1.0
600,,0.595,0.67792,0.045,0.89712,0.017,-0.02412,0.859,0.93232
601,6,0.574,0.66024,0.049,0.9268,-0.158,1.0,0.88,0.92664
602,5,0.549,0.63856,0.049,0.95348,1.0,0.81768,0.898,0.91796
603,,0.474,0.57088,-0.001,0.92116,0.975,0.78536,0.848,0.85028
604,3,0.431,0.5322,1.0,0.92984,1.0,0.80704,0.848,0.8236
605,,0.356,0.46452,0.95,0.89752,0.975,0.77472,0.798,0.75592
606,,0.281,0.39684,0.9,0.8652,0.95,0.7424,0.748,0.68824
607,,0.206,0.32916,0.85,0.83288,0.925,0.71008,0.698,0.62056
608,,0.131,0.26148,0.8,0.80056,0.9,0.67776,0.648,0.55288
609,,0.056,0.1938,0.75,0.76824,0.875,0.64544,0.598,0.4852
610,,-0.019,0.12612,0.7,0.73592,0.85,0.61312,0.548,0.41752
611,1,1.0,0.08744,0.682,0.7446,0.875,0.6348,0.548,0.39084
612,,0.925,0.01976,0.632,0.71228,0.85,0.60248,0.498,0.32316
613,,0.85,-0.04792,0.582,0.67996,0.825,0.57016,0.448,0.25548
614,2,0.804,1.0,0.561,0.68564,0.846,0.58784,0.444,0.2258
615,,0.729,0.93232,0.511,0.65332,0.821,0.55552,0.394,0.15812
616,,0.654,0.86464,0.461,0.621,0.796,0.5232,0.344,0.09044
617,,0.579,0.79696,0.411,0.58868,0.771,0.49088,0.294,0.02276
618,,0.504,0.72928,0.361,0.55636,0.746,0.45856,0.244,-0.04492
619,8,0.47,0.6996,0.352,0.57404,0.78,0.48824,0.253,1.0
620,,0.395,0.63192,0.302,0.54172,0.755,0.45592,0.203,0.93232
621,,0.32,0.56424,0.252,0.5094,0.73,0.4236,0.153,0.86464
622,,0.245,0.49656,0.202,0.47708,0.705,0.39128,0.103,0.79696
623,,0.17,0.42888,0.152,0.44476,0.68,0.35896,0.053,0.72928
624,,0.095,0.3612,0.102,0.41244,0.655,0.32664,0.003,0.6616
625,,0.02,0.29352,0.052,0.38012,0.63,0.29432,-0.047,0.59392
626,7,-0.005,0.27184,0.052,0.4068,0.673,0.333,1.0,0.58524
627,1,1.0,0.23316,0.034,0.41548,0.698,0.35468,1.0,0.55856
628,,0.925,0.16548,-0.016,0.38316,0.673,0.32236,0.95,0.49088
629,3,0.882,0.1268,1.0,0.39184,0.698,0.34404,0.95,0.4642
630,,0.807,0.05912,0.95,0.35952,0.673,0.31172,0.9,0.39652
631,,0.732,-0.00856,0.9,0.3272,0.648,0.2794,0.85,0.32884
632,2,0.686,1.0,0.879,0.33288,0.669,0.29708,0.846,0.29916
633,,0.611,0.93232,0.829,0.30056,0.644,0.26476,0.796,0.23148
634,,0.536,0.86464,0.779,0.26824,0.619,0.23244,0.746,0.1638
635,,0.461,0.79696,0.729,0.23592,0.594,0.20012,0.696,0.09612
636,,0.386,0.72928,0.679,0.2036,0.569,0.1678,0.646,0.02844
637,,0.311,0.6616,0.629,0.17128,0.544,0.13548,0.596,-0.03924
638,8,0.277,0.63192,0.62,0.18896,0.578,0.16516,0.605,1.0
639,,0.202,0.56424,0.57,0.15664,0.553,0.13284,0.555,0.93232
640,,0.127,0.49656,0.52,0.12432,0.528,0.10052,0.505,0.86464
641,,0.052,0.42888,0.47,0.092,0.503,0.0682,0.455,0.79696
642,,-0.023,0.3612,0.42,0.05968,0.478,0.03588,0.405,0.72928
643,1,1.0,0.32252,0.402,0.06836,0.503,0.05756,0.405,0.7026
644,,0.925,0.25484,0.352,0.03604,0.478,0.02524,0.355,0.63492
645,,0.85,0.18716,0.302,0.00372,0.453,-0.00708,0.305,0.56724
646,6,0.829,0.16948,0.306,0.0334,0.278,1.0,0.326,0.56156
647,,0.754,0.1018,0.256,0.00108,0.253,0.96768,0.276,0.49388
648,,0.679,0.03412,0.206,-0.03124,0.228,0.93536,0.226,0.4262
649,4,0.645,0.00444,0.197,1.0,0.262,0.96504,0.235,0.40852
650,,0.57,-0.06324,0.147,0.96768,0.237,0.93272,0.185,0.34084
651,2,0.524,1.0,0.126,0.97336,0.258,0.9504,0.181,0.31116
652,,0.449,0.93232,0.076,0.94104,0.233,0.91808,0.131,0.24348
653,,0.374,0.86464,0.026,0.90872,0.208,0.88576,0.081,0.1758
654,,0.299,0.79696,-0.024,0.8764,0.183,0.85344,0.031,0.10812
655,3,0.256,0.75828,1.0,0.88508,0.208,0.87512,0.031,0.08144
656,,0.181,0.6906,0.95,0.85276,0.183,0.8428,-0.019,0.01376
657,7,0.156,0.66892,0.95,0.87944,0.226,0.88148,1.0,0.00508
658,,0.081,0.60124,0.9,0.84712,0.201,0.84916,0.95,-0.0626
659,8,0.047,0.57156,0.891,0.8648,0.235,0.87884,0.959,1.0
660,,-0.028,0.50388,0.841,0.83248,0.21,0.84652,0.909,0.93232
661,1,1.0,0.4652,0.823,0.84116,0.235,0.8682,0.909,0.90564
662,,0.925,0.39752,0.773,0.80884,0.21,0.83588,0.859,0.83796
663,,0.85,0.32984,0.723,0.77652,0.185,0.80356,0.809,0.77028
664,,0.775,0.26216,0.673,0.7442,0.16,0.77124,0.759,0.7026
665,,0.7,0.19448,0.623,0.71188,0.135,0.73892,0.709,0.63492
666,,0.625,0.1268,0.573,0.67956,0.11,0.7066,0.659,0.56724
667,,0.55,0.05912,0.523,0.64724,0.085,0.67428,0.609,0.49956
668,,0.475,-0.00856,0.473,0.61492,0.06,0.64196,0.559,0.43188
669,2,0.429,1.0,0.452,0.6206,0.081,0.65964,0.555,0.4022
670,,0.354,0.93232,0.402,0.58828,0.056,0.62732,0.505,0.33452
671,,0.279,0.86464,0.352,0.55596,0.031,0.595,0.455,0.26684
672,,0.204,0.79696,0.302,0.52364,0.006,0.56268,0.405,0.19916
673,,0.129,0.72928,0.252,0.49132,-0.019,0.53036,0.355,0.13148
674,5,0.104,0.7076,0.252,0.518,1.0,0.34804,0.373,0.1228
675,,0.029,0.63992,0.202,0.48568,0.975,0.31572,0.323,0.05512
676,,-0.046,0.57224,0.152,0.45336,0.95,0.2834,0.273,-0.01256
677,1,1.0,0.53356,0.134,0.46204,0.975,0.30508,0.273,-0.03924
678,8,0.966,0.50388,0.125,0.47972,1.0,0.33476,0.282,1.0
679,,0.891,0.4362,0.075,0.4474,0.975,0.30244,0.232,0.93232
680,,0.816,0.36852,0.025,0.41508,0.95,0.27012,0.182,0.86464
681,,0.741,0.30084,-0.025,0.38276,0.925,0.2378,0.132,0.79696
682,3,0.698,0.26216,1.0,0.39144,0.95,0.25948,0.132,0.77028
683,,0.623,0.19448,0.95,0.35912,0.925,0.22716,0.082,0.7026
684,,0.548,0.1268,0.9,0.3268,0.9,0.19484,0.032,0.63492
685,,0.473,0.05912,0.85,0.29448,0.875,0.16252,-0.018,0.56724
686,7,0.448,0.03744,0.85,0.32116,0.918,0.2012,1.0,0.55856
687,,0.373,-0.03024,0.8,0.28884,0.893,0.16888,0.95,0.49088
688,2,0.327,1.0,0.779,0.29452,0.914,0.18656,0.946,0.4612
689,,0.252,0.93232,0.729,0.2622,0.889,0.15424,0.896,0.39352
690,,0.177,0.86464,0.679,0.22988,0.864,0.12192,0.846,0.32584
691,,0.102,0.79696,0.629,0.19756,0.839,0.0896,0.796,0.25816
692,,0.027,0.72928,0.579,0.16524,0.814,0.05728,0.746,0.19048
693,,-0.048,0.6616,0.529,0.13292,0.789,0.02496,0.696,0.1228
694,1,1.0,0.62292,0.511,0.1416,0.814,0.04664,0.696,0.09612
695,,0.925,0.55524,0.461,0.10928,0.789,0.01432,0.646,0.02844
696,,0.85,0.48756,0.411,0.07696,0.764,-0.018,0.596,-0.03924
697,8,0.816,0.45788,0.402,0.09464,0.798,0.01168,0.605,1.0
698,,0.741,0.3902,0.352,0.06232,0.773,-0.02064,0.555,0.93232
699,6,0.72,0.37252,0.356,0.092,0.598,1.0,0.576,0.92664
700,,0.645,0.30484,0.306,0.05968,0.573,0.96768,0.526,0.85896
701,,0.57,0.23716,0.256,0.02736,0.548,0.93536,0.476,0.79128
702,,0.495,0.16948,0.206,-0.00496,0.523,0.90304,0.426,0.7236
703,4,0.461,0.1398,0.197,1.0,0.557,0.93272,0.435,0.70592
704,,0.386,0.07212,0.147,0.96768,0.532,0.9004,0.385,0.63824
705,,0.311,0.00444,0.097,0.93536,0.507,0.86808,0.335,0.57056
706,,0.236,-0.06324,0.047,0.90304,0.482,0.83576,0.285,0.50288
707,2,0.19,1.0,0.026,0.90872,0.503,0.85344,0.281,0.4732
708,,0.115,0.93232,-0.024,0.8764,0.478,0.82112,0.231,0.40552
709,3,0.072,0.89364,1.0,0.88508,0.503,0.8428,0.231,0.37884
710,,-0.003,0.82596,0.95,0.85276,0.478,0.81048,0.181,0.31116
711,1,1.0,0.78728,0.932,0.86144,0.503,0.83216,0.181,0.28448
712,,0.925,0.7196,0.882,0.82912,0.478,0.79984,0.131,0.2168
713,,0.85,0.65192,0.832,0.7968,0.453,0.76752,0.081,0.14912
714,,0.775,0.58424,0.782,0.76448,0.428,0.7352,0.031,0.08144
715,,0.7,0.51656,0.732,0.73216,0.403,0.70288,-0.019,0.01376
716,7,0.675,0.49488,0.732,0.75884,0.446,0.74156,1.0,0.00508
717,,0.6,0.4272,0.682,0.72652,0.421,0.70924,0.95,-0.0626
718,8,0.566,0.39752,0.673,0.7442,0.455,0.73892,0.959,1.0
719,,0.491,0.32984,0.623,0.71188,0.43,0.7066,0.909,0.93232
720,,0.416,0.26216,0.573,0.67956,0.405,0.67428,0.859,0.86464
721,,0.341,0.19448,0.523,0.64724,0.38,0.64196,0.809,0.79696
722,,0.266,0.1268,0.473,0.61492,0.355,0.60964,0.759,0.72928
723,,0.191,0.05912,0.423,0.5826,0.33,0.57732,0.709,0.6616
724,,0.116,-0.00856,0.373,0.55028,0.305,0.545,0.659,0.59392
725,2,0.07,1.0,0.352,0.55596,0.326,0.56268,0.655,0.56424
726,,-0.005,0.93232,0.302,0.52364,0.301,0.53036,0.605,0.49656
727,1,1.0,0.89364,0.284,0.53232,0.326,0.55204,0.605,0.46988
728,,0.925,0.82596,0.234,0.5,0.301,0.51972,0.555,0.4022
729,,0.85,0.75828,0.184,0.46768,0.276,0.4874,0.505,0.33452
730,,0.775,0.6906,0.134,0.43536,0.251,0.45508,0.455,0.26684
731,,0.7,0.62292,0.084,0.40304,0.226,0.42276,0.405,0.19916
732,,0.625,0.55524,0.034,0.37072,0.201,0.39044,0.355,0.13148
733,,0.55,0.48756,-0.016,0.3384,0.176,0.35812,0.305,0.0638
734,3,0.507,0.44888,1.0,0.34708,0.201,0.3798,0.305,0.03712
735,,0.432,0.3812,0.95,0.31476,0.176,0.34748,0.255,-0.03056
736,8,0.398,0.35152,0.941,0.33244,0.21,0.37716,0.264,1.0
737,,0.323,0.28384,0.891,0.30012,0.185,0.34484,0.214,0.93232
738,,0.248,0.21616,0.841,0.2678,0.16,0.31252,0.164,0.86464
739,,0.173,0.14848,0.791,0.23548,0.135,0.2802,0.114,0.79696
740,,0.098,0.0808,0.741,0.20316,0.11,0.24788,0.064,0.72928
741,,0.023,0.01312,0.691,0.17084,0.085,0.21556,0.014,0.6616
742,,-0.052,-0.05456,0.641,0.13852,0.06,0.18324,-0.036,0.59392
743,2,-0.098,1.0,0.62,0.1442,0.081,0.20092,-0.04,0.56424
744,1,1.0,0.96132,0.602,0.15288,0.106,0.2226,-0.04,0.53756
745,7,0.975,0.93964,0.602,0.17956,0.149,0.26128,1.0,0.52888
746,,0.9,0.87196,0.552,0.14724,0.124,0.22896,0.95,0.4612
747,,0.825,0.80428,0.502,0.11492,0.099,0.19664,0.9,0.39352
748,,0.75,0.7366,0.452,0.0826,0.074,0.16432,0.85,0.32584
749,,0.675,0.66892,0.402,0.05028,0.049,0.132,0.8,0.25816
750,,0.6,0.60124,0.352,0.01796,0.024,0.09968,0.75,0.19048
751,,0.525,0.53356,0.302,-0.01436,-0.001,0.06736,0.7,0.1228
752,4,0.491,0.50388,0.293,1.0,0.033,0.09704,0.709,0.10512
753,,0.416,0.4362,0.243,0.96768,0.008,0.06472,0.659,0.03744
754,,0.341,0.36852,0.193,0.93536,-0.017,0.0324,0.609,-0.03024
755,8,0.307,0.33884,0.184,0.95304,0.017,0.06208,0.618,1.0
756,,0.232,0.27116,0.134,0.92072,-0.008,0.02976,0.568,0.93232
757,5,0.207,0.24948,0.134,0.9474,1.0,-0.15256,0.586,0.92364
758,6,0.186,0.2318,0.138,0.97708,0.825,1.0,0.607,0.91796
759,,0.111,0.16412,0.088,0.94476,0.8,0.96768,0.557,0.85028
760,,0.036,0.09644,0.038,0.91244,0.775,0.93536,0.507,0.7826
761,,-0.039,0.02876,-0.012,0.88012,0.75,0.90304,0.457,0.71492
762,1,1.0,-0.00992,-0.03,0.8888,0.775,0.92472,0.457,0.68824
763,3,0.957,-0.0486,1.0,0.89748,0.8,0.9464,0.457,0.66156
764,2,0.911,1.0,0.979,0.90316,0.821,0.96408,0.453,0.63188
765,,0.836,0.93232,0.929,0.87084,0.796,0.93176,0.403,0.5642
766,,0.761,0.86464,0.879,0.83852,0.771,0.89944,0.353,0.49652
767,,0.686,0.79696,0.829,0.8062,0.746,0.86712,0.303,0.42884
768,,0.611,0.72928,0.779,0.77388,0.721,0.8348,0.253,0.36116
769,,0.536,0.6616,0.729,0.74156,0.696,0.80248,0.203,0.29348
770,,0.461,0.59392,0.679,0.70924,0.671,0.77016,0.153,0.2258
771,,0.386,0.52624,0.629,0.67692,0.646,0.73784,0.103,0.15812
772,,0.311,0.45856,0.579,0.6446,0.621,0.70552,0.053,0.09044
773,,0.236,0.39088,0.529,0.61228,0.596,0.6732,0.003,0.02276
774,,0.161,0.3232,0.479,0.57996,0.571,0.64088,-0.047,-0.04492
775,7,0.136,0.30152,0.479,0.60664,0.614,0.67956,1.0,-0.0536
776,8,0.102,0.27184,0.47,0.62432,0.648,0.70924,1.0,1.0
777,,0.027,0.20416,0.42,0.592,0.623,0.67692,0.95,0.93232
778,,-0.048,0.13648,0.37,0.55968,0.598,0.6446,0.9,0.86464
779,1,1.0,0.0978,0.352,0.56836,0.623,0.66628,0.9,0.83796
780,,0.925,0.03012,0.302,0.53604,0.598,0.63396,0.85,0.77028
781,,0.85,-0.03756,0.252,0.50372,0.573,0.60164,0.8,0.7026
782,2,0.804,1.0,0.231,0.5094,0.594,0.61932,0.796,0.67292
783,,0.729,0.93232,0.181,0.47708,0.569,0.587,0.746,0.60524
784,,0.654,0.86464,0.131,0.44476,0.544,0.55468,0.696,0.53756
785,,0.579,0.79696,0.081,0.41244,0.519,0.52236,0.646,0.46988
786,,0.504,0.72928,0.031,0.38012,0.494,0.49004,0.596,0.4022
787,,0.429,0.6616,-0.019,0.3478,0.469,0.45772,0.546,0.33452
788,3,0.386,0.62292,1.0,0.35648,0.494,0.4794,0.546,0.30784
789,,0.311,0.55524,0.95,0.32416,0.469,0.44708,0.496,0.24016
790,,0.236,0.48756,0.9,0.29184,0.444,0.41476,0.446,0.17248
791,,0.161,0.41988,0.85,0.25952,0.419,0.38244,0.396,0.1048
792,,0.086,0.3522,0.8,0.2272,0.394,0.35012,0.346,0.03712
793,,0.011,0.28452,0.75,0.19488,0.369,0.3178,0.296,-0.03056
794,8,-0.023,0.25484,0.741,0.21256,0.403,0.34748,0.305,1.0
795,1,1.0,0.21616,0.723,0.22124,0.428,0.36916,0.305,0.97332
796,,0.925,0.14848,0.673,0.18892,0.403,0.33684,0.255,0.90564
797,,0.85,0.0808,0.623,0.1566,0.378,0.30452,0.205,0.83796
798,,0.775,0.01312,0.573,0.12428,0.353,0.2722,0.155,0.77028
799,,0.7,-0.05456,0.523,0.09196,0.328,0.23988,0.105,0.7026
800,2,0.654,1.0,0.502,0.09764,0.349,0.25756,0.101,0.67292
801,,0.579,0.93232,0.452,0.06532,0.324,0.22524,0.051,0.60524
802,,0.504,0.86464,0.402,0.033,0.299,0.19292,0.001,0.53756
803,,0.429,0.79696,0.352,0.00068,0.274,0.1606,-0.049,0.46988
804,7,0.404,0.77528,0.352,0.02736,0.317,0.19928,1.0,0.4612
805,,0.329,0.7076,0.302,-0.00496,0.292,0.16696,0.95,0.39352
806,4,0.295,0.67792,0.293,1.0,0.326,0.19664,0.959,0.37584
807,,0.22,0.61024,0.243,0.96768,0.301,0.16432,0.909,0.30816
808,,0.145,0.54256,0.193,0.93536,0.276,0.132,0.859,0.24048
809,,0.07,0.47488,0.143,0.90304,0.251,0.09968,0.809,0.1728
810,,-0.005,0.4072,0.093,0.87072,0.226,0.06736,0.759,0.10512
811,1,1.0,0.36852,0.075,0.8794,0.251,0.08904,0.759,0.07844
812,,0.925,0.30084,0.025,0.84708,0.226,0.05672,0.709,0.01076
813,,0.85,0.23316,-0.025,0.81476,0.201,0.0244,0.659,-0.05692
814,8,0.816,0.20348,-0.034,0.83244,0.235,0.05408,0.668,1.0
815,3,0.773,0.1648,1.0,0.84112,0.26,0.07576,0.668,0.97332
816,,0.698,0.09712,0.95,0.8088,0.235,0.04344,0.618,0.90564
817,,0.623,0.02944,0.9,0.77648,0.21,0.01112,0.568,0.83796
818,,0.548,-0.03824,0.85,0.74416,0.185,-0.0212,0.518,0.77028
819,2,0.502,1.0,0.829,0.74984,0.206,-0.00352,0.514,0.7406
820,6,0.481,0.98232,0.833,0.77952,0.031,1.0,0.535,0.73492
821,,0.406,0.91464,0.783,0.7472,0.006,0.96768,0.485,0.66724
822,,0.331,0.84696,0.733,0.71488,-0.019,0.93536,0.435,0.59956
823,5,0.306,0.82528,0.733,0.74156,1.0,0.75304,0.453,0.59088
824,,0.231,0.7576,0.683,0.70924,0.975,0.72072,0.403,0.5232
825,,0.156,0.68992,0.633,0.67692,0.95,0.6884,0.353,0.45552
826,,0.081,0.62224,0.583,0.6446,0.925,0.65608,0.303,0.38784
827,,0.006,0.55456,0.533,0.61228,0.9,0.62376,0.253,0.32016
828,,-0.069,0.48688,0.483,0.57996,0.875,0.59144,0.203,0.25248
829,1,1.0,0.4482,0.465,0.58864,0.9,0.61312,0.203,0.2258
830,,0.925,0.38052,0.415,0.55632,0.875,0.5808,0.153,0.15812
831,,0.85,0.31284,0.365,0.524,0.85,0.54848,0.103,0.09044
832,,0.775,0.24516,0.315,0.49168,0.825,0.51616,0.053,0.02276
833,,0.7,0.17748,0.265,0.45936,0.8,0.48384,0.003,-0.04492
834,8,0.666,0.1478,0.256,0.47704,0.834,0.51352,0.012,1.0
835,,0.591,0.08012,0.206,0.44472,0.809,0.4812,-0.038,0.93232
836,7,0.566,0.05844,0.206,0.4714,0.852,0.51988,1.0,0.92364
837,,0.491,-0.00924,0.156,0.43908,0.827,0.48756,0.95,0.85596
838,2,0.445,1.0,0.135,0.44476,0.848,0.50524,0.946,0.82628
839,,0.37,0.93232,0.085,0.41244,0.823,0.47292,0.896,0.7586
840,,0.295,0.86464,0.035,0.38012,0.798,0.4406,0.846,0.69092
841,,0.22,0.79696,-0.015,0.3478,0.773,0.40828,0.796,0.62324
842,3,0.177,0.75828,1.0,0.35648,0.798,0.42996,0.796,0.59656
843,,0.102,0.6906,0.95,0.32416,0.773,0.39764,0.746,0.52888
844,,0.027,0.62292,0.9,0.29184,0.748,0.36532,0.696,0.4612
845,,-0.048,0.55524,0.85,0.25952,0.723,0.333,0.646,0.39352
846,1,1.0,0.51656,0.832,0.2682,0.748,0.35468,0.646,0.36684
847,,0.925,0.44888,0.782,0.23588,0.723,0.32236,0.596,0.29916
848,,0.85,0.3812,0.732,0.20356,0.698,0.29004,0.546,0.23148
849,,0.775,0.31352,0.682,0.17124,0.673,0.25772,0.496,0.1638
850,,0.7,0.24584,0.632,0.13892,0.648,0.2254,0.446,0.09612
851,,0.625,0.17816,0.582,0.1066,0.623,0.19308,0.396,0.02844
852,,0.55,0.11048,0.532,0.07428,0.598,0.16076,0.346,-0.03924
853,8,0.516,0.0808,0.523,0.09196,0.632,0.19044,0.355,1.0
854,,0.441,0.01312,0.473,0.05964,0.607,0.15812,0.305,0.93232
855,,0.366,-0.05456,0.423,0.02732,0.582,0.1258,0.255,0.86464
856,2,0.32,1.0,0.402,0.033,0.603,0.14348,0.251,0.83496
857,,0.245,0.93232,0.352,0.00068,0.578,0.11116,0.201,0.76728
858,,0.17,0.86464,0.302,-0.03164,0.553,0.07884,0.151,0.6996
859,4,0.136,0.83496,0.293,1.0,0.587,0.10852,0.16,0.68192
860,,0.061,0.76728,0.243,0.96768,0.562,0.0762,0.11,0.61424
861,,-0.014,0.6996,0.193,0.93536,0.537,0.04388,0.06,0.54656
862,1,1.0,0.66092,0.175,0.94404,0.562,0.06556,0.06,0.51988
863,,0.925,0.59324,0.125,0.91172,0.537,0.03324,0.01,0.4522
864,,0.85,0.52556,0.075,0.8794,0.512,0.00092,-0.04,0.38452
865,7,0.825,0.50388,0.075,0.90608,0.555,0.0396,1.0,0.37584
866,,0.75,0.4362,0.025,0.87376,0.53,0.00728,0.95,0.30816
867,,0.675,0.36852,-0.025,0.84144,0.505,-0.02504,0.9,0.24048
868,6,0.654,0.35084,-0.021,0.87112,0.33,1.0,0.921,0.2348
869,3,0.611,0.31216,1.0,0.8798,0.355,1.0,0.921,0.20812
870,,0.536,0.24448,0.95,0.84748,0.33,0.96768,0.871,0.14044
871,,0.461,0.1768,0.9,0.81516,0.305,0.93536,0.821,0.07276
872,,0.386,0.10912,0.85,0.78284,0.28,0.90304,0.771,0.00508
873,,0.311,0.04144,0.8,0.75052,0.255,0.87072,0.721,-0.0626
874,8,0.277,0.01176,0.791,0.7682,0.289,0.9004,0.73,1.0
875,,0.202,-0.05592,0.741,0.73588,0.264,0.86808,0.68,0.93232
876,2,0.156,1.0,0.72,0.74156,0.285,0.88576,0.676,0.90264
877,,0.081,0.93232,0.67,0.70924,0.26,0.85344,0.626,0.83496
878,,0.006,0.86464,0.62,0.67692,0.235,0.82112,0.576,0.76728
879,,-0.069,0.79696,0.57,0.6446,0.21,0.7888,0.526,0.6996
880,1,1.0,0.75828,0.552,0.65328,0.235,0.81048,0.526,0.67292
881,,0.925,0.6906,0.502,0.62096,0.21,0.77816,0.476,0.60524
882,,0.85,0.62292,0.452,0.58864,0.185,0.74584,0.426,0.53756
883,,0.775,0.55524,0.402,0.55632,0.16,0.71352,0.376,0.46988
884,,0.7,0.48756,0.352,0.524,0.135,0.6812,0.326,0.4022
885,,0.625,0.41988,0.302,0.49168,0.11,0.64888,0.276,0.33452
886,,0.55,0.3522,0.252,0.45936,0.085,0.61656,0.226,0.26684
887,,0.475,0.28452,0.202,0.42704,0.06,0.58424,0.176,0.19916
888,,0.4,0.21684,0.152,0.39472,0.035,0.55192,0.126,0.13148
889,,0.325,0.14916,0.102,0.3624,0.01,0.5196,0.076,0.0638
890,,0.25,0.08148,0.052,0.33008,-0.015,0.48728,0.026,-0.00388
891,5,0.225,0.0598,0.052,0.35676,1.0,0.30496,0.044,-0.01256
892,8,0.191,0.03012,0.043,0.37444,1.0,0.33464,0.053,1.0
893,,0.116,-0.03756,-0.007,0.34212,0.975,0.30232,0.003,0.93232
894,2,0.07,1.0,-0.028,0.3478,0.996,0.32,-0.001,0.90264
895,3,0.027,0.96132,1.0,0.35648,1.0,0.34168,-0.001,0.87596
896,7,0.002,0.93964,1.0,0.38316,1.0,0.38036,1.0,0.86728
897,,-0.073,0.87196,0.95,0.35084,0.975,0.34804,0.95,0.7996
898,1,1.0,0.83328,0.932,0.35952,1.0,0.36972,0.95,0.77292
899,,0.925,0.7656,0.882,0.3272,0.975,0.3374,0.9,0.70524
900,,0.85,0.69792,0.832,0.29488,0.95,0.30508,0.85,0.63756
901,,0.775,0.63024,0.782,0.26256,0.925,0.27276,0.8,0.56988
902,,0.7,0.56256,0.732,0.23024,0.9,0.24044,0.75,0.5022
903,,0.625,0.49488,0.682,0.19792,0.875,0.20812,0.7,0.43452
904,,0.55,0.4272,0.632,0.1656,0.85,0.1758,0.65,0.36684
905,,0.475,0.35952,0.582,0.13328,0.825,0.14348,0.6,0.29916
906,,0.4,0.29184,0.532,0.10096,0.8,0.11116,0.55,0.23148
907,,0.325,0.22416,0.482,0.06864,0.775,0.07884,0.5,0.1638
908,,0.25,0.15648,0.432,0.03632,0.75,0.04652,0.45,0.09612
909,,0.175,0.0888,0.382,0.004,0.725,0.0142,0.4,0.02844
910,,0.1,0.02112,0.332,-0.02832,0.7,-0.01812,0.35,-0.03924
911,8,0.066,-0.00856,0.323,-0.01064,0.734,0.01156,0.359,1.0
912,4,0.032,-0.03824,0.314,1.0,0.768,0.04124,0.368,0.98232
913,2,-0.014,1.0,0.293,1.0,0.789,0.05892,0.364,0.95264
914,1,1.0,0.96132,0.275,1.0,0.814,0.0806,0.364,0.92596
915,,0.925,0.89364,0.225,0.96768,0.789,0.04828,0.314,0.85828
916,,0.85,0.82596,0.175,0.93536,0.764,0.01596,0.264,0.7906
917,,0.775,0.75828,0.125,0.90304,0.739,-0.01636,0.214,0.72292
918,6,0.754,0.7406,0.129,0.93272,0.564,1.0,0.235,0.71724
919,,0.679,0.67292,0.079,0.9004,0.539,0.96768,0.185,0.64956
920,,0.604,0.60524,0.029,0.86808,0.514,0.93536,0.135,0.58188
921,,0.529,0.53756,-0.021,0.83576,0.489,0.90304,0.085,0.5142
922,3,0.486,0.49888,1.0,0.84444,0.514,0.92472,0.085,0.48752
923,,0.411,0.4312,0.95,0.81212,0.489,0.8924,0.035,0.41984
924,,0.336,0.36352,0.9,0.7798,0.464,0.86008,-0.015,0.35216
925,7,0.311,0.34184,0.9,0.80648,0.507,0.89876,1.0,0.34348
926,,0.236,0.27416,0.85,0.77416,0.482,0.86644,0.95,0.2758
927,,0.161,0.20648,0.8,0.74184,0.457,0.83412,0.9,0.20812
928,,0.086,0.1388,0.75,0.70952,0.432,0.8018,0.85,0.14044
929,,0.011,0.07112,0.7,0.6772,0.407,0.76948,0.8,0.07276
930,,-0.064,0.00344,0.65,0.64488,0.382,0.73716,0.75,0.00508
931,1,1.0,-0.03524,0.632,0.65356,0.407,0.75884,0.75,-0.0216
932,2,0.954,1.0,0.611,0.65924,0.428,0.77652,0.746,-0.05128
933,8,0.92,0.97032,0.602,0.67692,0.462,0.8062,0.755,1.0
934,,0.845,0.90264,0.552,0.6446,0.437,0.77388,0.705,0.93232
935,,0.77,0.83496,0.502,0.61228,0.412,0.74156,0.655,0.86464
936,,0.695,0.76728,0.452,0.57996,0.387,0.70924,0.605,0.79696
937,,0.62,0.6996,0.402,0.54764,0.362,0.67692,0.555,0.72928
938,,0.545,0.63192,0.352,0.51532,0.337,0.6446,0.505,0.6616
939,,0.47,0.56424,0.302,0.483,0.312,0.61228,0.455,0.59392
940,,0.395,0.49656,0.252,0.45068,0.287,0.57996,0.405,0.52624
941,,0.32,0.42888,0.202,0.41836,0.262,0.54764,0.355,0.45856
942,,0.245,0.3612,0.152,0.38604,0.237,0.51532,0.305,0.39088
943,,0.17,0.29352,0.102,0.35372,0.212,0.483,0.255,0.3232
944,,0.095,0.22584,0.052,0.3214,0.187,0.45068,0.205,0.25552
945,,0.02,0.15816,0.002,0.28908,0.162,0.41836,0.155,0.18784
946,,-0.055,0.09048,-0.048,0.25676,0.137,0.38604,0.105,0.12016
947,1,1.0,0.0518,-0.066,0.26544,0.162,0.40772,0.105,0.09348
948,3,0.957,0.01312,1.0,0.27412,0.187,0.4294,0.105,0.0668
949,,0.882,-0.05456,0.95,0.2418,0.162,0.39708,0.055,-0.00088
950,2,0.836,1.0,0.929,0.24748,0.183,0.41476,0.051,-0.03056
951,8,0.802,0.97032,0.92,0.26516,0.217,0.44444,0.06,1.0
952,,0.727,0.90264,0.87,0.23284,0.192,0.41212,0.01,0.93232
953,,0.652,0.83496,0.82,0.20052,0.167,0.3798,-0.04,0.86464
954,7,0.627,0.81328,0.82,0.2272,0.21,0.41848,1.0,0.85596
955,,0.552,0.7456,0.77,0.19488,0.185,0.38616,0.95,0.78828
956,,0.477,0.67792,0.72,0.16256,0.16,0.35384,0.9,0.7206
957,,0.402,0.61024,0.67,0.13024,0.135,0.32152,0.85,0.65292
958,,0.327,0.54256,0.62,0.09792,0.11,0.2892,0.8,0.58524
959,,0.252,0.47488,0.57,0.0656,0.085,0.25688,0.75,0.51756
960,,0.177,0.4072,0.52,0.03328,0.06,0.22456,0.7,0.44988
961,,0.102,0.33952,0.47,0.00096,0.035,0.19224,0.65,0.3822
962,,0.027,0.27184,0.42,-0.03136,0.01,0.15992,0.6,0.31452
963,4,-0.007,0.24216,0.411,1.0,0.044,0.1896,0.609,0.29684
964,1,1.0,0.20348,0.393,1.0,0.069,0.21128,0.609,0.27016
965,,0.925,0.1358,0.343,0.96768,0.044,0.17896,0.559,0.20248
966,,0.85,0.06812,0.293,0.93536,0.019,0.14664,0.509,0.1348
967,,0.775,0.00044,0.243,0.90304,-0.006,0.11432,0.459,0.06712
968,5,0.75,-0.02124,0.243,0.92972,1.0,-0.068,0.477,0.05844
969,6,0.729,-0.03892,0.247,0.9594,0.825,1.0,0.498,0.05276
970,2,0.683,1.0,0.226,0.96508,0.846,1.0,0.494,0.02308
971,,0.608,0.93232,0.176,0.93276,0.821,0.96768,0.444,-0.0446
972,8,0.574,0.90264,0.167,0.95044,0.855,0.99736,0.453,1.0
973,,0.499,0.83496,0.117,0.91812,0.83,0.96504,0.403,0.93232
974,,0.424,0.76728,0.067,0.8858,0.805,0.93272,0.353,0.86464
975,,0.349,0.6996,0.017,0.85348,0.78,0.9004,0.303,0.79696
976,,0.274,0.63192,-0.033,0.82116,0.755,0.86808,0.253,0.72928
977,3,0.231,0.59324,1.0,0.82984,0.78,0.88976,0.253,0.7026
978,,0.156,0.52556,0.95,0.79752,0.755,0.85744,0.203,0.63492
979,,0.081,0.45788,0.9,0.7652,0.73,0.82512,0.153,0.56724
980,,0.006,0.3902,0.85,0.73288,0.705,0.7928,0.103,0.49956
981,,-0.069,0.32252,0.8,0.70056,0.68,0.76048,0.053,0.43188
982,1,1.0,0.28384,0.782,0.70924,0.705,0.78216,0.053,0.4052
983,,0.925,0.21616,0.732,0.67692,0.68,0.74984,0.003,0.33752
984,,0.85,0.14848,0.682,0.6446,0.655,0.71752,-0.047,0.26984
985,7,0.825,0.1268,0.682,0.67128,0.698,0.7562,1.0,0.26116
986,,0.75,0.05912,0.632,0.63896,0.673,0.72388,0.95,0.19348
987,,0.675,-0.00856,0.582,0.60664,0.648,0.69156,0.9,0.1258
988,2,0.629,1.0,0.561,0.61232,0.669,0.70924,0.896,0.09612
989,,0.554,0.93232,0.511,0.58,0.644,0.67692,0.846,0.02844
990,,0.479,0.86464,0.461,0.54768,0.619,0.6446,0.796,-0.03924
991,8,0.445,0.83496,0.452,0.56536,0.653,0.67428,0.805,1.0
992,,0.37,0.76728,0.402,0.53304,0.628,0.64196,0.755,0.93232
993,,0.295,0.6996,0.352,0.50072,0.603,0.60964,0.705,0.86464
994,,0.22,0.63192,0.302,0.4684,0.578,0.57732,0.655,0.79696
995,,0.145,0.56424,0.252,0.43608,0.553,0.545,0.605,0.72928
996,,0.07,0.49656,0.202,0.40376,0.528,0.51268,0.555,0.6616
997,,-0.005,0.42888,0.152,0.37144,0.503,0.48036,0.505,0.59392
998,1,1.0,0.3902,0.134,0.38012,0.528,0.50204,0.505,0.56724
999,,0.925,0.32252,0.084,0.3478,0.503,0.46972,0.455,0.49956
1000,,0.85,0.25484,0.034,0.31548,0.478,0.4374,0.405,0.43188
1001,,0.775,0.18716,-0.016,0.28316,0.453,0.40508,0.355,0.3642
1002,3,0.732,0.14848,1.0,0.29184,0.478,0.42676,0.355,0.33752
1003,,0.657,0.0808,0.95,0.25952,0.453,0.39444,0.305,0.26984
1004,,0.582,0.01312,0.9,0.2272,0.428,0.36212,0.255,0.20216
1005,,0.507,-0.05456,0.85,0.19488,0.403,0.3298,0.205,0.13448
1006,2,0.461,1.0,0.829,0.20056,0.424,0.34748,0.201,0.1048
1007,,0.386,0.93232,0.779,0.16824,0.399,0.31516,0.151,0.03712
1008,,0.311,0.86464,0.729,0.13592,0.374,0.28284,0.101,-0.03056
1009,8,0.277,0.83496,0.72,0.1536,0.408,0.31252,0.11,1.0
1010,,0.202,0.76728,0.67,0.12128,0.383,0.2802,0.06,0.93232
1011,,0.127,0.6996,0.62,0.08896,0.358,0.24788,0.01,0.86464
1012,,0.052,0.63192,0.57,0.05664,0.333,0.21556,-0.04,0.79696
1013,7,0.027,0.61024,0.57,0.08332,0.376,0.25424,1.0,0.78828
1014,,-0.048,0.54256,0.52,0.051,0.351,0.22192,0.95,0.7206
1015,1,1.0,0.50388,0.502,0.05968,0.376,0.2436,0.95,0.69392
1016,,0.925,0.4362,0.452,0.02736,0.351,0.21128,0.9,0.62624
1017,,0.85,0.36852,0.402,-0.00496,0.326,0.17896,0.85,0.55856
1018,4,0.816,0.33884,0.393,1.0,0.36,0.20864,0.859,0.54088
1019,,0.741,0.27116,0.343,0.96768,0.335,0.17632,0.809,0.4732
1020,,0.666,0.20348,0.293,0.93536,0.31,0.144,0.759,0.40552
1021,,0.591,0.1358,0.243,0.90304,0.285,0.11168,0.709,0.33784
1022,,0.516,0.06812,0.193,0.87072,0.26,0.07936,0.659,0.27016
1023,,0.441,0.00044,0.143,0.8384,0.235,0.04704,0.609,0.20248
1024,,0.366,-0.06724,0.093,0.80608,0.21,0.01472,0.559,0.1348
1025,2,0.32,1.0,0.072,0.81176,0.231,0.0324,0.555,0.10512
1026,,0.245,0.93232,0.022,0.77944,0.206,8e-05,0.505,0.03744
1027,,0.17,0.86464,-0.028,0.74712,0.181,-0.03224,0.455,-0.03024
1028,6,0.149,0.84696,-0.024,0.7768,0.006,1.0,0.476,-0.03592
1029,8,0.115,0.81728,-0.033,0.79448,0.04,1.0,0.485,1.0
1030,3,0.072,0.7786,1.0,0.80316,0.065,1.0,0.485,0.97332
1031,,-0.003,0.71092,0.95,0.77084,0.04,0.96768,0.435,0.90564
1032,1,1.0,0.67224,0.932,0.77952,0.065,0.98936,0.435,0.87896
1033,,0.925,0.60456,0.882,0.7472,0.04,0.95704,0.385,0.81128
1034,,0.85,0.53688,0.832,0.71488,0.015,0.92472,0.335,0.7436
1035,,0.775,0.4692,0.782,0.68256,-0.01,0.8924,0.285,0.67592
1036,5,0.75,0.44752,0.782,0.70924,1.0,0.71008,0.303,0.66724
1037,,0.675,0.37984,0.732,0.67692,0.975,0.67776,0.253,0.59956
1038,,0.6,0.31216,0.682,0.6446,0.95,0.64544,0.203,0.53188
1039,,0.525,0.24448,0.632,0.61228,0.925,0.61312,0.153,0.4642
1040,,0.45,0.1768,0.582,0.57996,0.9,0.5808,0.103,0.39652
1041,,0.375,0.10912,0.532,0.54764,0.875,0.54848,0.053,0.32884
1042,,0.3,0.04144,0.482,0.51532,0.85,0.51616,0.003,0.26116
1043,,0.225,-0.02624,0.432,0.483,0.825,0.48384,-0.047,0.19348
1044,7,0.2,-0.04792,0.432,0.50968,0.868,0.52252,1.0,0.1848
1045,2,0.154,1.0,0.411,0.51536,0.889,0.5402,0.996,0.15512
1046,,0.079,0.93232,0.361,0.48304,0.864,0.50788,0.946,0.08744
1047,,0.004,0.86464,0.311,0.45072,0.839,0.47556,0.896,0.01976
1048,,-0.071,0.79696,0.261,0.4184,0.814,0.44324,0.846,-0.04792
1049,1,1.0,0.75828,0.243,0.42708,0.839,0.46492,0.846,-0.0746
1050,8,0.966,0.7286,0.234,0.44476,0.873,0.4946,0.855,1.0
1051,,0.891,0.66092,0.184,0.41244,0.848,0.46228,0.805,0.93232
1052,,0.816,0.59324,0.134,0.38012,0.823,0.42996,0.755,0.86464
1053,,0.741,0.52556,0.084,0.3478,0.798,0.39764,0.705,0.79696
1054,,0.666,0.45788,0.034,0.31548,0.773,0.36532,0.655,0.72928
1055,,0.591,0.3902,-0.016,0.28316,0.748,0.333,0.605,0.6616
1056,3,0.548,0.35152,1.0,0.29184,0.773,0.35468,0.605,0.63492
1057,,0.473,0.28384,0.95,0.25952,0.748,0.32236,0.555,0.56724
1058,,0.398,0.21616,0.9,0.2272,0.723,0.29004,0.505,0.49956
1059,,0.323,0.14848,0.85,0.19488,0.698,0.25772,0.455,0.43188
1060,,0.248,0.0808,0.8,0.16256,0.673,0.2254,0.405,0.3642
1061,,0.173,0.01312,0.75,0.13024,0.648,0.19308,0.355,0.29652
1062,,0.098,-0.05456,0.7,0.09792,0.623,0.16076,0.305,0.22884
1063,2,0.052,1.0,0.679,0.1036,0.644,0.17844,0.301,0.19916
1064,,-0.023,0.93232,0.629,0.07128,0.619,0.14612,0.251,0.13148
1065,1,1.0,0.89364,0.611,0.07996,0.644,0.1678,0.251,0.1048
1066,,0.925,0.82596,0.561,0.04764,0.619,0.13548,0.201,0.03712
1067,,0.85,0.75828,0.511,0.01532,0.594,0.10316,0.151,-0.03056
1068,8,0.816,0.7286,0.502,0.033,0.628,0.13284,0.16,1.0
1069,,0.741,0.66092,0.452,0.00068,0.603,0.10052,0.11,0.93232
1070,,0.666,0.59324,0.402,-0.03164,0.578,0.0682,0.06,0.86464
1071,4,0.632,0.56356,0.393,1.0,0.612,0.09788,0.069,0.84696
1072,,0.557,0.49588,0.343,0.96768,0.587,0.06556,0.019,0.77928
1073,,0.482,0.4282,0.293,0.93536,0.562,0.03324,-0.031,0.7116
1074,7,0.457,0.40652,0.293,0.96204,0.605,0.07192,1.0,0.70292
1075,,0.382,0.33884,0.243,0.92972,0.58,0.0396,0.95,0.63524
1076,,0.307,0.27116,0.193,0.8974,0.555,0.00728,0.9,0.56756
1077,,0.232,0.20348,0.143,0.86508,0.53,-0.02504,0.85,0.49988
1078,6,0.211,0.1858,0.147,0.89476,0.355,1.0,0.871,0.4942
1079,,0.136,0.11812,0.097,0.86244,0.33,0.96768,0.821,0.42652
1080,,0.061,0.05044,0.047,0.83012,0.305,0.93536,0.771,0.35884
1081,,-0.014,-0.01724,-0.003,0.7978,0.28,0.90304,0.721,0.29116
1082,2,-0.06,1.0,-0.024,0.80348,0.301,0.92072,0.717,0.26148
1083,1,1.0,0.96132,-0.042,0.81216,0.326,0.9424,0.717,0.2348
1084,3,0.957,0.92264,1.0,0.82084,0.351,0.96408,0.717,0.20812
1085,,0.882,0.85496,0.95,0.78852,0.326,0.93176,0.667,0.14044
1086,,0.807,0.78728,0.9,0.7562,0.301,0.89944,0.617,0.07276
1087,,0.732,0.7196,0.85,0.72388,0.276,0.86712,0.567,0.00508
1088,,0.657,0.65192,0.8,0.69156,0.251,0.8348,0.517,-0.0626
1089,8,0.623,0.62224,0.791,0.70924,0.285,0.86448,0.526,1.0
1090,,0.548,0.55456,0.741,0.67692,0.26,0.83216,0.476,0.93232
1091,,0.473,0.48688,0.691,0.6446,0.235,0.79984,0.426,0.86464
1092,,0.398,0.4192,0.641,0.61228,0.21,0.76752,0.376,0.79696
1093,,0.323,0.35152,0.591,0.57996,0.185,0.7352,0.326,0.72928
1094,,0.248,0.28384,0.541,0.54764,0.16,0.70288,0.276,0.6616
1095,,0.173,0.21616,0.491,0.51532,0.135,0.67056,0.226,0.59392
1096,,0.098,0.14848,0.441,0.483,0.11,0.63824,0.176,0.52624
1097,,0.023,0.0808,0.391,0.45068,0.085,0.60592,0.126,0.45856
1098,,-0.052,0.01312,0.341,0.41836,0.06,0.5736,0.076,0.39088
1099,1,1.0,-0.02556,0.323,0.42704,0.085,0.59528,0.076,0.3642
1100,2,0.954,1.0,0.302,0.43272,0.106,0.61296,0.072,0.33452
1101,,0.879,0.93232,0.252,0.4004,0.081,0.58064,0.022,0.26684
1102,,0.804,0.86464,0.202,0.36808,0.056,0.54832,-0.028,0.19916
1103,7,0.779,0.84296,0.202,0.39476,0.099,0.587,1.0,0.19048
1104,,0.704,0.77528,0.152,0.36244,0.074,0.55468,0.95,0.1228
1105,,0.629,0.7076,0.102,0.33012,0.049,0.52236,0.9,0.05512
1106,,0.554,0.63992,0.052,0.2978,0.024,0.49004,0.85,-0.01256
1107,8,0.52,0.61024,0.043,0.31548,0.058,0.51972,0.859,1.0
1108,,0.445,0.54256,-0.007,0.28316,0.033,0.4874,0.809,0.93232
1109,3,0.402,0.50388,1.0,0.29184,0.058,0.50908,0.809,0.90564
1110,,0.327,0.4362,0.95,0.25952,0.033,0.47676,0.759,0.83796
1111,,0.252,0.36852,0.9,0.2272,0.008,0.44444,0.709,0.77028
1112,,0.177,0.30084,0.85,0.19488,-0.017,0.41212,0.659,0.7026
1113,5,0.152,0.27916,0.85,0.22156,1.0,0.2298,0.677,0.69392
1114,,0.077,0.21148,0.8,0.18924,0.975,0.19748,0.627,0.62624
1115,,0.002,0.1438,0.75,0.15692,0.95,0.16516,0.577,0.55856
1116,,-0.073,0.07612,0.7,0.1246,0.925,0.13284,0.527,0.49088
1117,1,1.0,0.03744,0.682,0.13328,0.95,0.15452,0.527,0.4642
1118,,0.925,-0.03024,0.632,0.10096,0.925,0.1222,0.477,0.39652
1119,2,0.879,1.0,0.611,0.10664,0.946,0.13988,0.473,0.36684
1120,,0.804,0.93232,0.561,0.07432,0.921,0.10756,0.423,0.29916
1121,,0.729,0.86464,0.511,0.042,0.896,0.07524,0.373,0.23148
1122,,0.654,0.79696,0.461,0.00968,0.871,0.04292,0.323,0.1638
1123,,0.579,0.72928,0.411,-0.02264,0.846,0.0106,0.273,0.09612
1124,4,0.545,0.6996,0.402,1.0,0.88,0.04028,0.282,0.07844
1125,,0.47,0.63192,0.352,0.96768,0.855,0.00796,0.232,0.01076
1126,,0.395,0.56424,0.302,0.93536,0.83,-0.02436,0.182,-0.05692
1127,8,0.361,0.53456,0.293,0.95304,0.864,0.00532,0.191,1.0
1128,,0.286,0.46688,0.243,0.92072,0.839,-0.027,0.141,0.93232
1129,6,0.265,0.4492,0.247,0.9504,0.664,1.0,0.162,0.92664
1130,,0.19,0.38152,0.197,0.91808,0.639,0.96768,0.112,0.85896
1131,,0.115,0.31384,0.147,0.88576,0.614,0.93536,0.062,0.79128
1132,,0.04,0.24616,0.097,0.85344,0.589,0.90304,0.012,0.7236
1133,,-0.035,0.17848,0.047,0.82112,0.564,0.87072,-0.038,0.65592
1134,7,-0.06,0.1568,0.047,0.8478,0.607,0.9094,1.0,0.64724
1135,1,1.0,0.11812,0.029,0.85648,0.632,0.93108,1.0,0.62056
1136,,0.925,0.05044,-0.021,0.82416,0.607,0.89876,0.95,0.55288
1137,3,0.882,0.01176,1.0,0.83284,0.632,0.92044,0.95,0.5262
1138,,0.807,-0.05592,0.95,0.80052,0.607,0.88812,0.9,0.45852
1139,2,0.761,1.0,0.929,0.8062,0.628,0.9058,0.896,0.42884
1140,,0.686,0.93232,0.879,0.77388,0.603,0.87348,0.846,0.36116
1141,,0.611,0.86464,0.829,0.74156,0.578,0.84116,0.796,0.29348
1142,,0.536,0.79696,0.779,0.70924,0.553,0.80884,0.746,0.2258
1143,,0.461,0.72928,0.729,0.67692,0.528,0.77652,0.696,0.15812
1144,,0.386,0.6616,0.679,0.6446,0.503,0.7442,0.646,0.09044
1145,,0.311,0.59392,0.629,0.61228,0.478,0.71188,0.596,0.02276
1146,,0.236,0.52624,0.579,0.57996,0.453,0.67956,0.546,-0.04492
1147,8,0.202,0.49656,0.57,0.59764,0.487,0.70924,0.555,1.0
1148,,0.127,0.42888,0.52,0.56532,0.462,0.67692,0.505,0.93232
1149,,0.052,0.3612,0.47,0.533,0.437,0.6446,0.455,0.86464
1150,,-0.023,0.29352,0.42,0.50068,0.412,0.61228,0.405,0.79696
1151,1,1.0,0.25484,0.402,0.50936,0.437,0.63396,0.405,0.77028
1152,,0.925,0.18716,0.352,0.47704,0.412,0.60164,0.355,0.7026
1153,,0.85,0.11948,0.302,0.44472,0.387,0.56932,0.305,0.63492
1154,,0.775,0.0518,0.252,0.4124,0.362,0.537,0.255,0.56724
1155,,0.7,-0.01588,0.202,0.38008,0.337,0.50468,0.205,0.49956
1156,2,0.654,1.0,0.181,0.38576,0.358,0.52236,0.201,0.46988
1157,,0.579,0.93232,0.131,0.35344,0.333,0.49004,0.151,0.4022
1158,,0.504,0.86464,0.081,0.32112,0.308,0.45772,0.101,0.33452
1159,,0.429,0.79696,0.031,0.2888,0.283,0.4254,0.051,0.26684
1160,,0.354,0.72928,-0.019,0.25648,0.258,0.39308,0.001,0.19916
1161,3,0.311,0.6906,1.0,0.26516,0.283,0.41476,0.001,0.17248
1162,,0.236,0.62292,0.95,0.23284,0.258,0.38244,-0.049,0.1048
1163,7,0.211,0.60124,0.95,0.25952,0.301,0.42112,1.0,0.09612
1164,,0.136,0.53356,0.9,0.2272,0.276,0.3888,0.95,0.02844
1165,,0.061,0.46588,0.85,0.19488,0.251,0.35648,0.9,-0.03924
1166,8,0.027,0.4362,0.841,0.21256,0.285,0.38616,0.909,1.0
1167,,-0.048,0.36852,0.791,0.18024,0.26,0.35384,0.859,0.93232
1168,1,1.0,0.32984,0.773,0.18892,0.285,0.37552,0.859,0.90564
1169,,0.925,0.26216,0.723,0.1566,0.26,0.3432,0.809,0.83796
1170,,0.85,0.19448,0.673,0.12428,0.235,0.31088,0.759,0.77028
1171,,0.775,0.1268,0.623,0.09196,0.21,0.27856,0.709,0.7026
1172,,0.7,0.05912,0.573,0.05964,0.185,0.24624,0.659,0.63492
1173,,0.625,-0.00856,0.523,0.02732,0.16,0.21392,0.609,0.56724
1174,2,0.579,1.0,0.502,0.033,0.181,0.2316,0.605,0.53756
1175,,0.504,0.93232,0.452,0.00068,0.156,0.19928,0.555,0.46988
1176,,0.429,0.86464,0.402,-0.03164,0.131,0.16696,0.505,0.4022
1177,4,0.395,0.83496,0.393,1.0,0.165,0.19664,0.514,0.38452
1178,,0.32,0.76728,0.343,0.96768,0.14,0.16432,0.464,0.31684
1179,,0.245,0.6996,0.293,0.93536,0.115,0.132,0.414,0.24916
1180,,0.17,0.63192,0.243,0.90304,0.09,0.09968,0.364,0.18148
1181,,0.095,0.56424,0.193,0.87072,0.065,0.06736,0.314,0.1138
1182,,0.02,0.49656,0.143,0.8384,0.04,0.03504,0.264,0.04612
1183,,-0.055,0.42888,0.093,0.80608,0.015,0.00272,0.214,-0.02156
1184,1,1.0,0.3902,0.075,0.81476,0.04,0.0244,0.214,-0.04824
1185,8,0.966,0.36052,0.066,0.83244,0.074,0.05408,0.223,1.0
1186,,0.891,0.29284,0.016,0.80012,0.049,0.02176,0.173,0.93232
1187,,0.816,0.22516,-0.034,0.7678,0.024,-0.01056,0.123,0.86464
1188,3,0.773,0.18648,1.0,0.77648,0.049,0.01112,0.123,0.83796
1189,,0.698,0.1188,0.95,0.74416,0.024,-0.0212,0.073,0.77028
1190,6,0.677,0.10112,0.954,0.77384,-0.151,1.0,0.094,0.7646
1191,5,0.652,0.07944,0.954,0.80052,1.0,0.81768,0.112,0.75592
1192,,0.577,0.01176,0.904,0.7682,0.975,0.78536,0.062,0.68824
1193,,0.502,-0.05592,0.854,0.73588,0.95,0.75304,0.012,0.62056
1194,2,0.456,1.0,0.833,0.74156,0.971,0.77072,0.008,0.59088
1195,,0.381,0.93232,0.783,0.70924,0.946,0.7384,-0.042,0.5232
1196,7,0.356,0.91064,0.783,0.73592,0.989,0.77708,1.0,0.51452
1197,,0.281,0.84296,0.733,0.7036,0.964,0.74476,0.95,0.44684
1198,,0.206,0.77528,0.683,0.67128,0.939,0.71244,0.9,0.37916
1199,,0.131,0.7076,0.633,0.63896,0.914,0.68012,0.85,0.31148
1200,,0.056,0.63992,0.583,0.60664,0.889,0.6478,0.8,0.2438
1201,,-0.019,0.57224,0.533,0.57432,0.864,0.61548,0.75,0.17612
1202,1,1.0,0.53356,0.515,0.583,0.889,0.63716,0.75,0.14944
1203,,0.925,0.46588,0.465,0.55068,0.864,0.60484,0.7,0.08176
1204,,0.85,0.3982,0.415,0.51836,0.839,0.57252,0.65,0.01408
1205,,0.775,0.33052,0.365,0.48604,0.814,0.5402,0.6,-0.0536
1206,8,0.741,0.30084,0.356,0.50372,0.848,0.56988,0.609,1.0
1207,,0.666,0.23316,0.306,0.4714,0.823,0.53756,0.559,0.93232
1208,,0.591,0.16548,0.256,0.43908,0.798,0.50524,0.509,0.86464
1209,,0.516,0.0978,0.206,0.40676,0.773,0.47292,0.459,0.79696
1210,,0.441,0.03012,0.156,0.37444,0.748,0.4406,0.409,0.72928
1211,,0.366,-0.03756,0.106,0.34212,0.723,0.40828,0.359,0.6616
1212,2,0.32,1.0,0.085,0.3478,0.744,0.42596,0.355,0.63192
1213,,0.245,0.93232,0.035,0.31548,0.719,0.39364,0.305,0.56424
1214,,0.17,0.86464,-0.015,0.28316,0.694,0.36132,0.255,0.49656
1215,3,0.127,0.82596,1.0,0.29184,0.719,0.383,0.255,0.46988
1216,,0.052,0.75828,0.95,0.25952,0.694,0.35068,0.205,0.4022
1217,,-0.023,0.6906,0.9,0.2272,0.669,0.31836,0.155,0.33452
1218,1,1.0,0.65192,0.882,0.23588,0.694,0.34004,0.155,0.30784
1219,,0.925,0.58424,0.832,0.20356,0.669,0.30772,0.105,0.24016
1220,,0.85,0.51656,0.782,0.17124,0.644,0.2754,0.055,0.17248
1221,,0.775,0.44888,0.732,0.13892,0.619,0.24308,0.005,0.1048
1222,,0.7,0.3812,0.682,0.1066,0.594,0.21076,-0.045,0.03712
1223,7,0.675,0.35952,0.682,0.13328,0.637,0.24944,1.0,0.02844
1224,,0.6,0.29184,0.632,0.10096,0.612,0.21712,0.95,-0.03924
1225,8,0.566,0.26216,0.623,0.11864,0.646,0.2468,0.959,1.0
1226,,0.491,0.19448,0.573,0.08632,0.621,0.21448,0.909,0.93232
1227,,0.416,0.1268,0.523,0.054,0.596,0.18216,0.859,0.86464
1228,,0.341,0.05912,0.473,0.02168,0.571,0.14984,0.809,0.79696
1229,,0.266,-0.00856,0.423,-0.01064,0.546,0.11752,0.759,0.72928
1230,4,0.232,-0.03824,0.414,1.0,0.58,0.1472,0.768,0.7116
1231,2,0.186,1.0,0.393,1.0,0.601,0.16488,0.764,0.68192
1232,,0.111,0.93232,0.343,0.96768,0.576,0.13256,0.714,0.61424
1233,,0.036,0.86464,0.293,0.93536,0.551,0.10024,0.664,0.54656
1234,,-0.039,0.79696,0.243,0.90304,0.526,0.06792,0.614,0.47888
1235,1,1.0,0.75828,0.225,0.91172,0.551,0.0896,0.614,0.4522
1236,,0.925,0.6906,0.175,0.8794,0.526,0.05728,0.564,0.38452
1237,,0.85,0.62292,0.125,0.84708,0.501,0.02496,0.514,0.31684
1238,,0.775,0.55524,0.075,0.81476,0.476,-0.00736,0.464,0.24916
1239,6,0.754,0.53756,0.079,0.84444,0.301,1.0,0.485,0.24348
1240,,0.679,0.46988,0.029,0.81212,0.276,0.96768,0.435,0.1758
1241,,0.604,0.4022,-0.021,0.7798,0.251,0.93536,0.385,0.10812
1242,3,0.561,0.36352,1.0,0.78848,0.276,0.95704,0.385,0.08144
1243,,0.486,0.29584,0.95,0.75616,0.251,0.92472,0.335,0.01376
1244,,0.411,0.22816,0.9,0.72384,0.226,0.8924,0.285,-0.05392
1245,8,0.377,0.19848,0.891,0.74152,0.26,0.92208,0.294,1.0
1246,,0.302,0.1308,0.841,0.7092,0.235,0.88976,0.244,0.93232
1247,,0.227,0.06312,0.791,0.67688,0.21,0.85744,0.194,0.86464
1248,,0.152,-0.00456,0.741,0.64456,0.185,0.82512,0.144,0.79696
1249,2,0.106,1.0,0.72,0.65024,0.206,0.8428,0.14,0.76728
1250,,0.031,0.93232,0.67,0.61792,0.181,0.81048,0.09,0.6996
1251,,-0.044,0.86464,0.62,0.5856,0.156,0.77816,0.04,0.63192
1252,1,1.0,0.82596,0.602,0.59428,0.181,0.79984,0.04,0.60524
1253,,0.925,0.75828,0.552,0.56196,0.156,0.76752,-0.01,0.53756
1254,7,0.9,0.7366,0.552,0.58864,0.199,0.8062,1.0,0.52888
1255,,0.825,0.66892,0.502,0.55632,0.174,0.77388,0.95,0.4612
1256,,0.75,0.60124,0.452,0.524,0.149,0.74156,0.9,0.39352
1257,,0.675,0.53356,0.402,0.49168,0.124,0.70924,0.85,0.32584
1258,,0.6,0.46588,0.352,0.45936,0.099,0.67692,0.8,0.25816
1259,,0.525,0.3982,0.302,0.42704,0.074,0.6446,0.75,0.19048
1260,,0.45,0.33052,0.252,0.39472,0.049,0.61228,0.7,0.1228
1261,,0.375,0.26284,0.202,0.3624,0.024,0.57996,0.65,0.05512
1262,,0.3,0.19516,0.152,0.33008,-0.001,0.54764,0.6,-0.01256
1263,8,0.266,0.16548,0.143,0.34776,0.033,0.57732,0.609,1.0
1264,,0.191,0.0978,0.093,0.31544,0.008,0.545,0.559,0.93232
1265,,0.116,0.03012,0.043,0.28312,-0.017,0.51268,0.509,0.86464
1266,5,0.091,0.00844,0.043,0.3098,1.0,0.33036,0.527,0.85596
1267,,0.016,-0.05924,-0.007,0.27748,0.975,0.29804,0.477,0.78828
1268,2,-0.03,1.0,-0.028,0.28316,0.996,0.31572,0.473,0.7586
1269,1,1.0,0.96132,-0.046,0.29184,1.0,0.3374,0.473,0.73192
1270,3,0.957,0.92264,1.0,0.30052,1.0,0.35908,0.473,0.70524
1271,,0.882,0.85496,0.95,0.2682,0.975,0.32676,0.423,0.63756
1272,,0.807,0.78728,0.9,0.23588,0.95,0.29444,0.373,0.56988
1273,,0.732,0.7196,0.85,0.20356,0.925,0.26212,0.323,0.5022
1274,,0.657,0.65192,0.8,0.17124,0.9,0.2298,0.273,0.43452
1275,,0.582,0.58424,0.75,0.13892,0.875,0.19748,0.223,0.36684
1276,,0.507,0.51656,0.7,0.1066,0.85,0.16516,0.173,0.29916
1277,,0.432,0.44888,0.65,0.07428,0.825,0.13284,0.123,0.23148
1278,,0.357,0.3812,0.6,0.04196,0.8,0.10052,0.073,0.1638
1279,,0.282,0.31352,0.55,0.00964,0.775,0.0682,0.023,0.09612
1280,,0.207,0.24584,0.5,-0.02268,0.75,0.03588,-0.027,0.02844
1281,7,0.182,0.22416,0.5,0.004,0.793,0.07456,1.0,0.01976
1282,,0.107,0.15648,0.45,-0.02832,0.768,0.04224,0.95,-0.04792
1283,8,0.073,0.1268,0.441,-0.01064,0.802,0.07192,0.959,1.0
1284,4,0.039,0.09712,0.432,1.0,0.836,0.1016,0.968,0.98232
1285,,-0.036,0.02944,0.382,0.96768,0.811,0.06928,0.918,0.91464
1286,1,1.0,-0.00924,0.364,0.97636,0.836,0.09096,0.918,0.88796
1287,2,0.954,1.0,0.343,0.98204,0.857,0.10864,0.914,0.85828
1288,,0.879,0.93232,0.293,0.94972,0.832,0.07632,0.864,0.7906
1289,,0.804,0.86464,0.243,0.9174,0.807,0.044,0.814,0.72292
1290,,0.729,0.79696,0.193,0.88508,0.782,0.01168,0.764,0.65524
1291,,0.654,0.72928,0.143,0.85276,0.757,-0.02064,0.714,0.58756
1292,6,0.633,0.7116,0.147,0.88244,0.582,1.0,0.735,0.58188
1293,,0.558,0.64392,0.097,0.85012,0.557,0.96768,0.685,0.5142
1294,,0.483,0.57624,0.047,0.8178,0.532,0.93536,0.635,0.44652
1295,,0.408,0.50856,-0.003,0.78548,0.507,0.90304,0.585,0.37884
1296,3,0.365,0.46988,1.0,0.79416,0.532,0.92472,0.585,0.35216
1297,,0.29,0.4022,0.95,0.76184,0.507,0.8924,0.535,0.28448
1298,,0.215,0.33452,0.9,0.72952,0.482,0.86008,0.485,0.2168
1299,,0.14,0.26684,0.85,0.6972,0.457,0.82776,0.435,0.14912
1300,,0.065,0.19916,0.8,0.66488,0.432,0.79544,0.385,0.08144
1301,,-0.01,0.13148,0.75,0.63256,0.407,0.76312,0.335,0.01376
1302,1,1.0,0.0928,0.732,0.64124,0.432,0.7848,0.335,-0.01292
1303,8,0.966,0.06312,0.723,0.65892,0.466,0.81448,0.344,1.0
1304,,0.891,-0.00456,0.673,0.6266,0.441,0.78216,0.294,0.93232
1305,2,0.845,1.0,0.652,0.63228,0.462,0.79984,0.29,0.90264
1306,,0.77,0.93232,0.602,0.59996,0.437,0.76752,0.24,0.83496
1307,,0.695,0.86464,0.552,0.56764,0.412,0.7352,0.19,0.76728
1308,,0.62,0.79696,0.502,0.53532,0.387,0.70288,0.14,0.6996
1309,,0.545,0.72928,0.452,0.503,0.362,0.67056,0.09,0.63192
1310,,0.47,0.6616,0.402,0.47068,0.337,0.63824,0.04,0.56424
1311,,0.395,0.59392,0.352,0.43836,0.312,0.60592,-0.01,0.49656
1312,7,0.37,0.57224,0.352,0.46504,0.355,0.6446,1.0,0.48788
1313,,0.295,0.50456,0.302,0.43272,0.33,0.61228,0.95,0.4202
1314,,0.22,0.43688,0.252,0.4004,0.305,0.57996,0.9,0.35252
1315,,0.145,0.3692,0.202,0.36808,0.28,0.54764,0.85,0.28484
1316,,0.07,0.30152,0.152,0.33576,0.255,0.51532,0.8,0.21716
1317,,-0.005,0.23384,0.102,0.30344,0.23,0.483,0.75,0.14948
1318,1,1.0,0.19516,0.084,0.31212,0.255,0.50468,0.75,0.1228
1319,,0.925,0.12748,0.034,0.2798,0.23,0.47236,0.7,0.05512
1320,,0.85,0.0598,-0.016,0.24748,0.205,0.44004,0.65,-0.01256
1321,3,0.807,0.02112,1.0,0.25616,0.23,0.46172,0.65,-0.03924
1322,8,0.773,-0.00856,0.991,0.27384,0.264,0.4914,0.659,1.0
1323,2,0.727,1.0,0.97,0.27952,0.285,0.50908,0.655,0.97032
1324,,0.652,0.93232,0.92,0.2472,0.26,0.47676,0.605,0.90264
1325,,0.577,0.86464,0.87,0.21488,0.235,0.44444,0.555,0.83496
1326,,0.502,0.79696,0.82,0.18256,0.21,0.41212,0.505,0.76728
1327,,0.427,0.72928,0.77,0.15024,0.185,0.3798,0.455,0.6996
1328,,0.352,0.6616,0.72,0.11792,0.16,0.34748,0.405,0.63192
1329,,0.277,0.59392,0.67,0.0856,0.135,0.31516,0.355,0.56424
1330,,0.202,0.52624,0.62,0.05328,0.11,0.28284,0.305,0.49656
1331,,0.127,0.45856,0.57,0.02096,0.085,0.25052,0.255,0.42888
1332,,0.052,0.39088,0.52,-0.01136,0.06,0.2182,0.205,0.3612
1333,4,0.018,0.3612,0.511,1.0,0.094,0.24788,0.214,0.34352
1334,,-0.057,0.29352,0.461,0.96768,0.069,0.21556,0.164,0.27584
1335,1,1.0,0.25484,0.443,0.97636,0.094,0.23724,0.164,0.24916
1336,,0.925,0.18716,0.393,0.94404,0.069,0.20492,0.114,0.18148
1337,,0.85,0.11948,0.343,0.91172,0.044,0.1726,0.064,0.1138
1338,,0.775,0.0518,0.293,0.8794,0.019,0.14028,0.014,0.04612
1339,,0.7,-0.01588,0.243,0.84708,-0.006,0.10796,-0.036,-0.02156
1340,7,0.675,-0.03756,0.243,0.87376,0.037,0.14664,1.0,-0.03024
1341,2,0.629,1.0,0.222,0.87944,0.058,0.16432,0.996,-0.05992
1342,8,0.595,0.97032,0.213,0.89712,0.092,0.194,1.0,1.0
1343,,0.52,0.90264,0.163,0.8648,0.067,0.16168,0.95,0.93232
1344,,0.445,0.83496,0.113,0.83248,0.042,0.12936,0.9,0.86464
1345,,0.37,0.76728,0.063,0.80016,0.017,0.09704,0.85,0.79696
1346,,0.295,0.6996,0.013,0.76784,-0.008,0.06472,0.8,0.72928
1347,5,0.27,0.67792,0.013,0.79452,1.0,-0.1176,0.818,0.7206
1348,6,0.249,0.66024,0.017,0.8242,0.825,1.0,0.839,0.71492
1349,,0.174,0.59256,-0.033,0.79188,0.8,0.96768,0.789,0.64724
1350,3,0.131,0.55388,1.0,0.80056,0.825,0.98936,0.789,0.62056
1351,,0.056,0.4862,0.95,0.76824,0.8,0.95704,0.739,0.55288
1352,,-0.019,0.41852,0.9,0.73592,0.775,0.92472,0.689,0.4852
1353,1,1.0,0.37984,0.882,0.7446,0.8,0.9464,0.689,0.45852
1354,,0.925,0.31216,0.832,0.71228,0.775,0.91408,0.639,0.39084
1355,,0.85,0.24448,0.782,0.67996,0.75,0.88176,0.589,0.32316
1356,,0.775,0.1768,0.732,0.64764,0.725,0.84944,0.539,0.25548
1357,,0.7,0.10912,0.682,0.61532,0.7,0.81712,0.489,0.1878
1358,,0.625,0.04144,0.632,0.583,0.675,0.7848,0.439,0.12012
1359,,0.55,-0.02624,0.582,0.55068,0.65,0.75248,0.389,0.05244
1360,2,0.504,1.0,0.561,0.55636,0.671,0.77016,0.385,0.02276
1361,,0.429,0.93232,0.511,0.52404,0.646,0.73784,0.335,-0.04492
1362,8,0.395,0.90264,0.502,0.54172,0.68,0.76752,0.344,1.0
1363,,0.32,0.83496,0.452,0.5094,0.655,0.7352,0.294,0.93232
1364,,0.245,0.76728,0.402,0.47708,0.63,0.70288,0.244,0.86464
1365,,0.17,0.6996,0.352,0.44476,0.605,0.67056,0.194,0.79696
1366,,0.095,0.63192,0.302,0.41244,0.58,0.63824,0.144,0.72928
1367,,0.02,0.56424,0.252,0.38012,0.555,0.60592,0.094,0.6616
1368,,-0.055,0.49656,0.202,0.3478,0.53,0.5736,0.044,0.59392
1369,1,1.0,0.45788,0.184,0.35648,0.555,0.59528,0.044,0.56724
1370,,0.925,0.3902,0.134,0.32416,0.53,0.56296,-0.006,0.49956
1371,7,0.9,0.36852,0.134,0.35084,0.573,0.60164,1.0,0.49088
1372,,0.825,0.30084,0.084,0.31852,0.548,0.56932,0.95,0.4232
1373,,0.75,0.23316,0.034,0.2862,0.523,0.537,0.9,0.35552
1374,,0.675,0.16548,-0.016,0.25388,0.498,0.50468,0.85,0.28784
1375,3,0.632,0.1268,1.0,0.26256,0.523,0.52636,0.85,0.26116
1376,,0.557,0.05912,0.95,0.23024,0.498,0.49404,0.8,0.19348
1377,,0.482,-0.00856,0.9,0.19792,0.473,0.46172,0.75,0.1258
1378,2,0.436,1.0,0.879,0.2036,0.494,0.4794,0.746,0.09612
1379,,0.361,0.93232,0.829,0.17128,0.469,0.44708,0.696,0.02844
1380,,0.286,0.86464,0.779,0.13896,0.444,0.41476,0.646,-0.03924
1381,8,0.252,0.83496,0.77,0.15664,0.478,0.44444,0.655,1.0
1382,,0.177,0.76728,0.72,0.12432,0.453,0.41212,0.605,0.93232
1383,,0.102,0.6996,0.67,0.092,0.428,0.3798,0.555,0.86464
1384,,0.027,0.63192,0.62,0.05968,0.403,0.34748,0.505,0.79696
1385,,-0.048,0.56424,0.57,0.02736,0.378,0.31516,0.455,0.72928
1386,1,1.0,0.52556,0.552,0.03604,0.403,0.33684,0.455,0.7026
1387,,0.925,0.45788,0.502,0.00372,0.378,0.30452,0.405,0.63492
1388,,0.85,0.3902,0.452,-0.0286,0.353,0.2722,0.355,0.56724
1389,4,0.816,0.36052,0.443,1.0,0.387,0.30188,0.364,0.54956
1390,,0.741,0.29284,0.393,0.96768,0.362,0.26956,0.314,0.48188
1391,,0.666,0.22516,0.343,0.93536,0.337,0.23724,0.264,0.4142
1392,,0.591,0.15748,0.293,0.90304,0.312,0.20492,0.214,0.34652
1393,,0.516,0.0898,0.243,0.87072,0.287,0.1726,0.164,0.27884
1394,,0.441,0.02212,0.193,0.8384,0.262,0.14028,0.114,0.21116
1395,,0.366,-0.04556,0.143,0.80608,0.237,0.10796,0.064,0.14348
1396,2,0.32,1.0,0.122,0.81176,0.258,0.12564,0.06,0.1138
1397,,0.245,0.93232,0.072,0.77944,0.233,0.09332,0.01,0.04612
1398,,0.17,0.86464,0.022,0.74712,0.208,0.061,-0.04,-0.02156
1399,7,0.145,0.84296,0.022,0.7738,0.251,0.09968,1.0,-0.03024
1400,8,0.111,0.81328,0.013,0.79148,0.285,0.12936,1.0,1.0
1401,,0.036,0.7456,-0.037,0.75916,0.26,0.09704,0.95,0.93232
1402,3,-0.007,0.70692,1.0,0.76784,0.285,0.11872,0.95,0.90564
1403,1,1.0,0.66824,0.982,0.77652,0.31,0.1404,0.95,0.87896
1404,,0.925,0.60056,0.932,0.7442,0.285,0.10808,0.9,0.81128
1405,,0.85,0.53288,0.882,0.71188,0.26,0.07576,0.85,0.7436
1406,,0.775,0.4652,0.832,0.67956,0.235,0.04344,0.8,0.67592
1407,,0.7,0.39752,0.782,0.64724,0.21,0.01112,0.75,0.60824
1408,,0.625,0.32984,0.732,0.61492,0.185,-0.0212,0.7,0.54056
1409,6,0.604,0.31216,0.736,0.6446,0.01,1.0,0.721,0.53488
1410,,0.529,0.24448,0.686,0.61228,-0.015,0.96768,0.671,0.4672
1411,5,0.504,0.2228,0.686,0.63896,1.0,0.78536,0.689,0.45852
1412,,0.429,0.15512,0.636,0.60664,0.975,0.75304,0.639,0.39084
1413,,0.354,0.08744,0.586,0.57432,0.95,0.72072,0.589,0.32316
1414,,0.279,0.01976,0.536,0.542,0.925,0.6884,0.539,0.25548
1415,,0.204,-0.04792,0.486,0.50968,0.9,0.65608,0.489,0.1878
1416,2,0.158,1.0,0.465,0.51536,0.921,0.67376,0.485,0.15812
1417,,0.083,0.93232,0.415,0.48304,0.896,0.64144,0.435,0.09044
1418,,0.008,0.86464,0.365,0.45072,0.871,0.60912,0.385,0.02276
1419,,-0.067,0.79696,0.315,0.4184,0.846,0.5768,0.335,-0.04492
1420,1,1.0,0.75828,0.297,0.42708,0.871,0.59848,0.335,-0.0716
1421,8,0.966,0.7286,0.288,0.44476,0.905,0.62816,0.344,1.0
1422,,0.891,0.66092,0.238,0.41244,0.88,0.59584,0.294,0.93232
1423,,0.816,0.59324,0.188,0.38012,0.855,0.56352,0.244,0.86464
1424,,0.741,0.52556,0.138,0.3478,0.83,0.5312,0.194,0.79696
1425,,0.666,0.45788,0.088,0.31548,0.805,0.49888,0.144,0.72928
1426,,0.591,0.3902,0.038,0.28316,0.78,0.46656,0.094,0.6616
1427,,0.516,0.32252,-0.012,0.25084,0.755,0.43424,0.044,0.59392
1428,3,0.473,0.28384,1.0,0.25952,0.78,0.45592,0.044,0.56724
1429,,0.398,0.21616,0.95,0.2272,0.755,0.4236,-0.006,0.49956
1430,7,0.373,0.19448,0.95,0.25388,0.798,0.46228,1.0,0.49088
1431,,0.298,0.1268,0.9,0.22156,0.773,0.42996,0.95,0.4232
1432,,0.223,0.05912,0.85,0.18924,0.748,0.39764,0.9,0.35552
1433,,0.148,-0.00856,0.8,0.15692,0.723,0.36532,0.85,0.28784
1434,2,0.102,1.0,0.779,0.1626,0.744,0.383,0.846,0.25816
1435,,0.027,0.93232,0.729,0.13028,0.719,0.35068,0.796,0.19048
1436,,-0.048,0.86464,0.679,0.09796,0.694,0.31836,0.746,0.1228
1437,1,1.0,0.82596,0.661,0.10664,0.719,0.34004,0.746,0.09612
1438,,0.925,0.75828,0.611,0.07432,0.694,0.30772,0.696,0.02844
1439,,0.85,0.6906,0.561,0.042,0.669,0.2754,0.646,-0.03924
1440,8,0.816,0.66092,0.552,0.05968,0.703,0.30508,0.655,1.0
1441,,0.741,0.59324,0.502,0.02736,0.678,0.27276,0.605,0.93232
1442,,0.666,0.52556,0.452,-0.00496,0.653,0.24044,0.555,0.86464
1443,4,0.632,0.49588,0.443,1.0,0.687,0.27012,0.564,0.84696
1444,,0.557,0.4282,0.393,0.96768,0.662,0.2378,0.514,0.77928
1445,,0.482,0.36052,0.343,0.93536,0.637,0.20548,0.464,0.7116
1446,,0.407,0.29284,0.293,0.90304,0.612,0.17316,0.414,0.64392
1447,,0.332,0.22516,0.243,0.87072,0.587,0.14084,0.364,0.57624
1448,,0.257,0.15748,0.193,0.8384,0.562,0.10852,0.314,0.50856
1449,,0.182,0.0898,0.143,0.80608,0.537,0.0762,0.264,0.44088
1450,,0.107,0.02212,0.093,0.77376,0.512,0.04388,0.214,0.3732
1451,,0.032,-0.04556,0.043,0.74144,0.487,0.01156,0.164,0.30552
1452,2,-0.014,1.0,0.022,0.74712,0.508,0.02924,0.16,0.27584
1453,1,1.0,0.96132,0.004,0.7558,0.533,0.05092,0.16,0.24916
1454,,0.925,0.89364,-0.046,0.72348,0.508,0.0186,0.11,0.18148
1455,3,0.882,0.85496,1.0,0.73216,0.533,0.04028,0.11,0.1548
1456,,0.807,0.78728,0.95,0.69984,0.508,0.00796,0.06,0.08712
1457,,0.732,0.7196,0.9,0.66752,0.483,-0.02436,0.01,0.01944
1458,6,0.711,0.70192,0.904,0.6972,0.308,1.0,0.031,0.01376
1459,,0.636,0.63424,0.854,0.66488,0.283,0.96768,-0.019,-0.05392
1460,8,0.602,0.60456,0.845,0.68256,0.317,0.99736,-0.01,1.0
1461,7,0.577,0.58288,0.845,0.70924,0.36,1.0,1.0,0.99132
1462,,0.502,0.5152,0.795,0.67692,0.335,0.96768,0.95,0.92364
1463,,0.427,0.44752,0.745,0.6446,0.31,0.93536,0.9,0.85596
1464,,0.352,0.37984,0.695,0.61228,0.285,0.90304,0.85,0.78828
1465,,0.277,0.31216,0.645,0.57996,0.26,0.87072,0.8,0.7206
1466,,0.202,0.24448,0.595,0.54764,0.235,0.8384,0.75,0.65292
1467,,0.127,0.1768,0.545,0.51532,0.21,0.80608,0.7,0.58524
1468,,0.052,0.10912,0.495,0.483,0.185,0.77376,0.65,0.51756
1469,,-0.023,0.04144,0.445,0.45068,0.16,0.74144,0.6,0.44988
1470,1,1.0,0.00276,0.427,0.45936,0.185,0.76312,0.6,0.4232
1471,,0.925,-0.06492,0.377,0.42704,0.16,0.7308,0.55,0.35552
1472,2,0.879,1.0,0.356,0.43272,0.181,0.74848,0.546,0.32584
1473,,0.804,0.93232,0.306,0.4004,0.156,0.71616,0.496,0.25816
1474,,0.729,0.86464,0.256,0.36808,0.131,0.68384,0.446,0.19048
1475,,0.654,0.79696,0.206,0.33576,0.106,0.65152,0.396,0.1228
1476,,0.579,0.72928,0.156,0.30344,0.081,0.6192,0.346,0.05512
1477,,0.504,0.6616,0.106,0.27112,0.056,0.58688,0.296,-0.01256
1478,8,0.47,0.63192,0.097,0.2888,0.09,0.61656,0.305,1.0
1479,,0.395,0.56424,0.047,0.25648,0.065,0.58424,0.255,0.93232
1480,,0.32,0.49656,-0.003,0.22416,0.04,0.55192,0.205,0.86464
1481,3,0.277,0.45788,1.0,0.23284,0.065,0.5736,0.205,0.83796
1482,,0.202,0.3902,0.95,0.20052,0.04,0.54128,0.155,0.77028
1483,,0.127,0.32252,0.9,0.1682,0.015,0.50896,0.105,0.7026
1484,,0.052,0.25484,0.85,0.13588,-0.01,0.47664,0.055,0.63492
1485,5,0.027,0.23316,0.85,0.16256,1.0,0.29432,0.073,0.62624
1486,,-0.048,0.16548,0.8,0.13024,0.975,0.262,0.023,0.55856
1487,1,1.0,0.1268,0.782,0.13892,1.0,0.28368,0.023,0.53188
1488,,0.925,0.05912,0.732,0.1066,0.975,0.25136,-0.027,0.4642
1489,7,0.9,0.03744,0.732,0.13328,1.0,0.29004,1.0,0.45552
1490,,0.825,-0.03024,0.682,0.10096,0.975,0.25772,0.95,0.38784
1491,2,0.779,1.0,0.661,0.10664,0.996,0.2754,0.946,0.35816
1492,,0.704,0.93232,0.611,0.07432,0.971,0.24308,0.896,0.29048
1493,,0.629,0.86464,0.561,0.042,0.946,0.21076,0.846,0.2228
1494,,0.554,0.79696,0.511,0.00968,0.921,0.17844,0.796,0.15512
1495,,0.479,0.72928,0.461,-0.02264,0.896,0.14612,0.746,0.08744
1496,4,0.445,0.6996,0.452,1.0,0.93,0.1758,0.755,0.06976
1497,,0.37,0.63192,0.402,0.96768,0.905,0.14348,0.705,0.00208
1498,,0.295,0.56424,0.352,0.93536,0.88,0.11116,0.655,-0.0656
1499,8,0.261,0.53456,0.343,0.95304,0.914,0.14084,0.664,1.0
1500,,0.186,0.46688,0.293,0.92072,0.889,0.10852,0.614,0.93232
1501,,0.111,0.3992,0.243,0.8884,0.864,0.0762,0.564,0.86464
1502,,0.036,0.33152,0.193,0.85608,0.839,0.04388,0.514,0.79696
1503,,-0.039,0.26384,0.143,0.82376,0.814,0.01156,0.464,0.72928
1504,1,1.0,0.22516,0.125,0.83244,0.839,0.03324,0.464,0.7026
1505,,0.925,0.15748,0.075,0.80012,0.814,0.00092,0.414,0.63492
1506,,0.85,0.0898,0.025,0.7678,0.789,-0.0314,0.364,0.56724
1507,6,0.829,0.07212,0.029,0.79748,0.614,1.0,0.385,0.56156
1508,,0.754,0.00444,-0.021,0.76516,0.589,0.96768,0.335,0.49388
1509,3,0.711,-0.03424,1.0,0.77384,0.614,0.98936,0.335,0.4672
1510,2,0.665,1.0,0.979,0.77952,0.635,1.0,0.331,0.43752
1511,,0.59,0.93232,0.929,0.7472,0.61,0.96768,0.281,0.36984
1512,,0.515,0.86464,0.879,0.71488,0.585,0.93536,0.231,0.30216
1513,,0.44,0.79696,0.829,0.68256,0.56,0.90304,0.181,0.23448
1514,,0.365,0.72928,0.779,0.65024,0.535,0.87072,0.131,0.1668
1515,,0.29,0.6616,0.729,0.61792,0.51,0.8384,0.081,0.09912
1516,,0.215,0.59392,0.679,0.5856,0.485,0.80608,0.031,0.03144
1517,,0.14,0.52624,0.629,0.55328,0.46,0.77376,-0.019,-0.03624
1518,8,0.106,0.49656,0.62,0.57096,0.494,0.80344,-0.01,1.0
1519,7,0.081,0.47488,0.62,0.59764,0.537,0.84212,1.0,0.99132
1520,,0.006,0.4072,0.57,0.56532,0.512,0.8098,0.95,0.92364
1521,,-0.069,0.33952,0.52,0.533,0.487,0.77748,0.9,0.85596
1522,1,1.0,0.30084,0.502,0.54168,0.512,0.79916,0.9,0.82928
1523,,0.925,0.23316,0.452,0.50936,0.487,0.76684,0.85,0.7616
1524,,0.85,0.16548,0.402,0.47704,0.462,0.73452,0.8,0.69392
1525,,0.775,0.0978,0.352,0.44472,0.437,0.7022,0.75,0.62624
1526,,0.7,0.03012,0.302,0.4124,0.412,0.66988,0.7,0.55856
1527,,0.625,-0.03756,0.252,0.38008,0.387,0.63756,0.65,0.49088
1528,2,0.579,1.0,0.231,0.38576,0.408,0.65524,0.646,0.4612
1529,,0.504,0.93232,0.181,0.35344,0.383,0.62292,0.596,0.39352
1530,,0.429,0.86464,0.131,0.32112,0.358,0.5906,0.546,0.32584
1531,,0.354,0.79696,0.081,0.2888,0.333,0.55828,0.496,0.25816
1532,,0.279,0.72928,0.031,0.25648,0.308,0.52596,0.446,0.19048
1533,,0.204,0.6616,-0.019,0.22416,0.283,0.49364,0.396,0.1228
1534,3,0.161,0.62292,1.0,0.23284,0.308,0.51532,0.396,0.09612
1535,,0.086,0.55524,0.95,0.20052,0.283,0.483,0.346,0.02844
1536,,0.011,0.48756,0.9,0.1682,0.258,0.45068,0.296,-0.03924
1537,8,-0.023,0.45788,0.891,0.18588,0.292,0.48036,0.305,1.0
1538,1,1.0,0.4192,0.873,0.19456,0.317,0.50204,0.305,0.97332
1539,,0.925,0.35152,0.823,0.16224,0.292,0.46972,0.255,0.90564
1540,,0.85,0.28384,0.773,0.12992,0.267,0.4374,0.205,0.83796
1541,,0.775,0.21616,0.723,0.0976,0.242,0.40508,0.155,0.77028
1542,,0.7,0.14848,0.673,0.06528,0.217,0.37276,0.105,0.7026
1543,,0.625,0.0808,0.623,0.03296,0.192,0.34044,0.055,0.63492
1544,,0.55,0.01312,0.573,0.00064,0.167,0.30812,0.005,0.56724
1545,,0.475,-0.05456,0.523,-0.03168,0.142,0.2758,-0.045,0.49956
1546,2,0.429,1.0,0.502,-0.026,0.163,0.29348,-0.049,0.46988
1547,7,0.404,0.97832,0.502,0.00068,0.206,0.33216,1.0,0.4612
1548,,0.329,0.91064,0.452,-0.03164,0.181,0.29984,0.95,0.39352
1549,4,0.295,0.88096,0.443,1.0,0.215,0.32952,0.959,0.37584
1550,,0.22,0.81328,0.393,0.96768,0.19,0.2972,0.909,0.30816
1551,,0.145,0.7456,0.343,0.93536,0.165,0.26488,0.859,0.24048
1552,,0.07,0.67792,0.293,0.90304,0.14,0.23256,0.809,0.1728
1553,,-0.005,0.61024,0.243,0.87072,0.115,0.20024,0.759,0.10512
1554,1,1.0,0.57156,0.225,0.8794,0.14,0.22192,0.759,0.07844
1555,,0.925,0.50388,0.175,0.84708,0.115,0.1896,0.709,0.01076
1556,,0.85,0.4362,0.125,0.81476,0.09,0.15728,0.659,-0.05692
1557,8,0.816,0.40652,0.116,0.83244,0.124,0.18696,0.668,1.0
1558,,0.741,0.33884,0.066,0.80012,0.099,0.15464,0.618,0.93232
1559,,0.666,0.27116,0.016,0.7678,0.074,0.12232,0.568,0.86464
1560,,0.591,0.20348,-0.034,0.73548,0.049,0.09,0.518,0.79696
1561,3,0.548,0.1648,1.0,0.74416,0.074,0.11168,0.518,0.77028
1562,,0.473,0.09712,0.95,0.71184,0.049,0.07936,0.468,0.7026
1563,,0.398,0.02944,0.9,0.67952,0.024,0.04704,0.418,0.63492
1564,,0.323,-0.03824,0.85,0.6472,-0.001,0.01472,0.368,0.56724
1565,2,0.277,1.0,0.829,0.65288,0.02,0.0324,0.364,0.53756
1566,,0.202,0.93232,0.779,0.62056,-0.005,8e-05,0.314,0.46988
1567,5,0.177,0.91064,0.779,0.64724,1.0,-0.18224,0.332,0.4612
1568,6,0.156,0.89296,0.783,0.67692,0.825,1.0,0.353,0.45552
1569,,0.081,0.82528,0.733,0.6446,0.8,0.96768,0.303,0.38784
1570,,0.006,0.7576,0.683,0.61228,0.775,0.93536,0.253,0.32016
1571,,-0.069,0.68992,0.633,0.57996,0.75,0.90304,0.203,0.25248
1572,1,1.0,0.65124,0.615,0.58864,0.775,0.92472,0.203,0.2258
1573,,0.925,0.58356,0.565,0.55632,0.75,0.8924,0.153,0.15812
1574,,0.85,0.51588,0.515,0.524,0.725,0.86008,0.103,0.09044
1575,,0.775,0.4482,0.465,0.49168,0.7,0.82776,0.053,0.02276
1576,,0.7,0.38052,0.415,0.45936,0.675,0.79544,0.003,-0.04492
1577,8,0.666,0.35084,0.406,0.47704,0.709,0.82512,0.012,1.0
1578,,0.591,0.28316,0.356,0.44472,0.684,0.7928,-0.038,0.93232
1579,7,0.566,0.26148,0.356,0.4714,0.727,0.83148,1.0,0.92364
1580,,0.491,0.1938,0.306,0.43908,0.702,0.79916,0.95,0.85596
1581,,0.416,0.12612,0.256,0.40676,0.677,0.76684,0.9,0.78828
1582,,0.341,0.05844,0.206,0.37444,0.652,0.73452,0.85,0.7206
1583,,0.266,-0.00924,0.156,0.34212,0.627,0.7022,0.8,0.65292
1584,2,0.22,1.0,0.135,0.3478,0.648,0.71988,0.796,0.62324
1585,,0.145,0.93232,0.085,0.31548,0.623,0.68756,0.746,0.55556
1586,,0.07,0.86464,0.035,0.28316,0.598,0.65524,0.696,0.48788
1587,,-0.005,0.79696,-0.015,0.25084,0.573,0.62292,0.646,0.4202
1588,3,-0.048,0.75828,1.0,0.25952,0.598,0.6446,0.646,0.39352
1589,1,1.0,0.7196,0.982,0.2682,0.623,0.66628,0.646,0.36684
1590,,0.925,0.65192,0.932,0.23588,0.598,0.63396,0.596,0.29916
1591,,0.85,0.58424,0.882,0.20356,0.573,0.60164,0.546,0.23148
1592,,0.775,0.51656,0.832,0.17124,0.548,0.56932,0.496,0.1638
1593,,0.7,0.44888,0.782,0.13892,0.523,0.537,0.446,0.09612
1594,,0.625,0.3812,0.732,0.1066,0.498,0.50468,0.396,0.02844
1595,,0.55,0.31352,0.682,0.07428,0.473,0.47236,0.346,-0.03924
1596,8,0.516,0.28384,0.673,0.09196,0.507,0.50204,0.355,1.0
1597,,0.441,0.21616,0.623,0.05964,0.482,0.46972,0.305,0.93232
1598,,0.366,0.14848,0.573,0.02732,0.457,0.4374,0.255,0.86464
1599,,0.291,0.0808,0.523,-0.005,0.432,0.40508,0.205,0.79696
1600,4,0.257,0.05112,0.514,1.0,0.466,0.43476,0.214,0.77928
1601,,0.182,-0.01656,0.464,0.96768,0.441,0.40244,0.164,0.7116
1602,2,0.136,1.0,0.443,0.97336,0.462,0.42012,0.16,0.68192
1603,,0.061,0.93232,0.393,0.94104,0.437,0.3878,0.11,0.61424
1604,,-0.014,0.86464,0.343,0.90872,0.412,0.35548,0.06,0.54656
1605,1,1.0,0.82596,0.325,0.9174,0.437,0.37716,0.06,0.51988
1606,,0.925,0.75828,0.275,0.88508,0.412,0.34484,0.01,0.4522
1607,,0.85,0.6906,0.225,0.85276,0.387,0.31252,-0.04,0.38452
1608,7,0.825,0.66892,0.225,0.87944,0.43,0.3512,1.0,0.37584
1609,,0.75,0.60124,0.175,0.84712,0.405,0.31888,0.95,0.30816
1610,,0.675,0.53356,0.125,0.8148,0.38,0.28656,0.9,0.24048
1611,,0.6,0.46588,0.075,0.78248,0.355,0.25424,0.85,0.1728
1612,,0.525,0.3982,0.025,0.75016,0.33,0.22192,0.8,0.10512
1613,,0.45,0.33052,-0.025,0.71784,0.305,0.1896,0.75,0.03744
1614,3,0.407,0.29184,1.0,0.72652,0.33,0.21128,0.75,0.01076
1615,,0.332,0.22416,0.95,0.6942,0.305,0.17896,0.7,-0.05692
1616,8,0.298,0.19448,0.941,0.71188,0.339,0.20864,0.709,1.0
1617,,0.223,0.1268,0.891,0.67956,0.314,0.17632,0.659,0.93232
1618,,0.148,0.05912,0.841,0.64724,0.289,0.144,0.609,0.86464
1619,,0.073,-0.00856,0.791,0.61492,0.264,0.11168,0.559,0.79696
1620,2,0.027,1.0,0.77,0.6206,0.285,0.12936,0.555,0.76728
1621,,-0.048,0.93232,0.72,0.58828,0.26,0.09704,0.505,0.6996
1622,1,1.0,0.89364,0.702,0.59696,0.285,0.11872,0.505,0.67292
1623,,0.925,0.82596,0.652,0.56464,0.26,0.0864,0.455,0.60524
1624,,0.85,0.75828,0.602,0.53232,0.235,0.05408,0.405,0.53756
1625,,0.775,0.6906,0.552,0.5,0.21,0.02176,0.355,0.46988
1626,,0.7,0.62292,0.502,0.46768,0.185,-0.01056,0.305,0.4022
1627,6,0.679,0.60524,0.506,0.49736,0.01,1.0,0.326,0.39652
1628,,0.604,0.53756,0.456,0.46504,-0.015,0.96768,0.276,0.32884
1629,5,0.579,0.51588,0.456,0.49172,1.0,0.78536,0.294,0.32016
1630,,0.504,0.4482,0.406,0.4594,0.975,0.75304,0.244,0.25248
1631,,0.429,0.38052,0.356,0.42708,0.95,0.72072,0.194,0.1848
1632,,0.354,0.31284,0.306,0.39476,0.925,0.6884,0.144,0.11712
1633,,0.279,0.24516,0.256,0.36244,0.9,0.65608,0.094,0.04944
1634,,0.204,0.17748,0.206,0.33012,0.875,0.62376,0.044,-0.01824
1635,8,0.17,0.1478,0.197,0.3478,0.909,0.65344,0.053,1.0
1636,,0.095,0.08012,0.147,0.31548,0.884,0.62112,0.003,0.93232
1637,,0.02,0.01244,0.097,0.28316,0.859,0.5888,-0.047,0.86464
1638,7,-0.005,-0.00924,0.097,0.30984,0.902,0.62748,1.0,0.85596
1639,2,-0.051,1.0,0.076,0.31552,0.923,0.64516,0.996,0.82628
1640,1,1.0,0.96132,0.058,0.3242,0.948,0.66684,0.996,0.7996
1641,,0.925,0.89364,0.008,0.29188,0.923,0.63452,0.946,0.73192
1642,,0.85,0.82596,-0.042,0.25956,0.898,0.6022,0.896,0.66424
1643,3,0.807,0.78728,1.0,0.26824,0.923,0.62388,0.896,0.63756
1644,,0.732,0.7196,0.95,0.23592,0.898,0.59156,0.846,0.56988
1645,,0.657,0.65192,0.9,0.2036,0.873,0.55924,0.796,0.5022
1646,,0.582,0.58424,0.85,0.17128,0.848,0.52692,0.746,0.43452
1647,,0.507,0.51656,0.8,0.13896,0.823,0.4946,0.696,0.36684
1648,,0.432,0.44888,0.75,0.10664,0.798,0.46228,0.646,0.29916
1649,,0.357,0.3812,0.7,0.07432,0.773,0.42996,0.596,0.23148
1650,,0.282,0.31352,0.65,0.042,0.748,0.39764,0.546,0.1638
1651,,0.207,0.24584,0.6,0.00968,0.723,0.36532,0.496,0.09612
1652,,0.132,0.17816,0.55,-0.02264,0.698,0.333,0.446,0.02844
1653,4,0.098,0.14848,0.541,1.0,0.732,0.36268,0.455,0.01076
1654,,0.023,0.0808,0.491,0.96768,0.707,0.33036,0.405,-0.05692
1655,8,-0.011,0.05112,0.482,0.98536,0.741,0.36004,0.414,1.0
1656,1,1.0,0.01244,0.464,0.99404,0.766,0.38172,0.414,0.97332
1657,,0.925,-0.05524,0.414,0.96172,0.741,0.3494,0.364,0.90564
1658,2,0.879,1.0,0.393,0.9674,0.762,0.36708,0.36,0.87596
1659,,0.804,0.93232,0.343,0.93508,0.737,0.33476,0.31,0.80828
1660,,0.729,0.86464,0.293,0.90276,0.712,0.30244,0.26,0.7406
1661,,0.654,0.79696,0.243,0.87044,0.687,0.27012,0.21,0.67292
1662,,0.579,0.72928,0.193,0.83812,0.662,0.2378,0.16,0.60524
1663,,0.504,0.6616,0.143,0.8058,0.637,0.20548,0.11,0.53756
1664,,0.429,0.59392,0.093,0.77348,0.612,0.17316,0.06,0.46988
1665,,0.354,0.52624,0.043,0.74116,0.587,0.14084,0.01,0.4022
1666,,0.279,0.45856,-0.007,0.70884,0.562,0.10852,-0.04,0.33452
1667,7,0.254,0.43688,-0.007,0.73552,0.605,0.1472,1.0,0.32584
1668,3,0.211,0.3982,1.0,0.7442,0.63,0.16888,1.0,0.29916
1669,,0.136,0.33052,0.95,0.71188,0.605,0.13656,0.95,0.23148
1670,,0.061,0.26284,0.9,0.67956,0.58,0.10424,0.9,0.1638
1671,,-0.014,0.19516,0.85,0.64724,0.555,0.07192,0.85,0.09612
1672,1,1.0,0.15648,0.832,0.65592,0.58,0.0936,0.85,0.06944
1673,,0.925,0.0888,0.782,0.6236,0.555,0.06128,0.8,0.00176
1674,,0.85,0.02112,0.732,0.59128,0.53,0.02896,0.75,-0.06592
1675,8,0.816,-0.00856,0.723,0.60896,0.564,0.05864,0.759,1.0
1676,2,0.77,1.0,0.702,0.61464,0.585,0.07632,0.755,0.97032
1677,,0.695,0.93232,0.652,0.58232,0.56,0.044,0.705,0.90264
1678,,0.62,0.86464,0.602,0.55,0.535,0.01168,0.655,0.83496
1679,,0.545,0.79696,0.552,0.51768,0.51,-0.02064,0.605,0.76728
1680,6,0.524,0.77928,0.556,0.54736,0.335,1.0,0.626,0.7616
1681,,0.449,0.7116,0.506,0.51504,0.31,0.96768,0.576,0.69392
1682,,0.374,0.64392,0.456,0.48272,0.285,0.93536,0.526,0.62624
1683,,0.299,0.57624,0.406,0.4504,0.26,0.90304,0.476,0.55856
1684,,0.224,0.50856,0.356,0.41808,0.235,0.87072,0.426,0.49088
1685,,0.149,0.44088,0.306,0.38576,0.21,0.8384,0.376,0.4232
1686,,0.074,0.3732,0.256,0.35344,0.185,0.80608,0.326,0.35552
1687,,-0.001,0.30552,0.206,0.32112,0.16,0.77376,0.276,0.28784
1688,1,1.0,0.26684,0.188,0.3298,0.185,0.79544,0.276,0.26116
1689,,0.925,0.19916,0.138,0.29748,0.16,0.76312,0.226,0.19348
1690,,0.85,0.13148,0.088,0.26516,0.135,0.7308,0.176,0.1258
1691,,0.775,0.0638,0.038,0.23284,0.11,0.69848,0.126,0.05812
1692,,0.7,-0.00388,-0.012,0.20052,0.085,0.66616,0.076,-0.00956
1693,3,0.657,-0.04256,1.0,0.2092,0.11,0.68784,0.076,-0.03624
1694,2,0.611,1.0,0.979,0.21488,0.131,0.70552,0.072,-0.06592
1695,8,0.577,0.97032,0.97,0.23256,0.165,0.7352,0.081,1.0
1696,,0.502,0.90264,0.92,0.20024,0.14,0.70288,0.031,0.93232
1697,,0.427,0.83496,0.87,0.16792,0.115,0.67056,-0.019,0.86464
1698,7,0.402,0.81328,0.87,0.1946,0.158,0.70924,1.0,0.85596
1699,,0.327,0.7456,0.82,0.16228,0.133,0.67692,0.95,0.78828
1700,,0.252,0.67792,0.77,0.12996,0.108,0.6446,0.9,0.7206
1701,,0.177,0.61024,0.72,0.09764,0.083,0.61228,0.85,0.65292
1702,,0.102,0.54256,0.67,0.06532,0.058,0.57996,0.8,0.58524
1703,,0.027,0.47488,0.62,0.033,0.033,0.54764,0.75,0.51756
1704,,-0.048,0.4072,0.57,0.00068,0.008,0.51532,0.7,0.44988
1705,1,1.0,0.36852,0.552,0.00936,0.033,0.537,0.7,0.4232
1706,,0.925,0.30084,0.502,-0.02296,0.008,0.50468,0.65,0.35552
1707,4,0.891,0.27116,0.493,1.0,0.042,0.53436,0.659,0.33784
1708,,0.816,0.20348,0.443,0.96768,0.017,0.50204,0.609,0.27016
1709,,0.741,0.1358,0.393,0.93536,-0.008,0.46972,0.559,0.20248
1710,5,0.716,0.11412,0.393,0.96204,1.0,0.2874,0.577,0.1938
1711,,0.641,0.04644,0.343,0.92972,0.975,0.25508,0.527,0.12612
1712,,0.566,-0.02124,0.293,0.8974,0.95,0.22276,0.477,0.05844
1713,2,0.52,1.0,0.272,0.90308,0.971,0.24044,0.473,0.02876
1714,,0.445,0.93232,0.222,0.87076,0.946,0.20812,0.423,-0.03892
1715,8,0.411,0.90264,0.213,0.88844,0.98,0.2378,0.432,1.0
1716,,0.336,0.83496,0.163,0.85612,0.955,0.20548,0.382,0.93232
1717,,0.261,0.76728,0.113,0.8238,0.93,0.17316,0.332,0.86464
1718,,0.186,0.6996,0.063,0.79148,0.905,0.14084,0.282,0.79696
1719,,0.111,0.63192,0.013,0.75916,0.88,0.10852,0.232,0.72928
1720,,0.036,0.56424,-0.037,0.72684,0.855,0.0762,0.182,0.6616
1721,3,-0.007,0.52556,1.0,0.73552,0.88,0.09788,0.182,0.63492
1722,1,1.0,0.48688,0.982,0.7442,0.905,0.11956,0.182,0.60824
1723,,0.925,0.4192,0.932,0.71188,0.88,0.08724,0.132,0.54056
1724,,0.85,0.35152,0.882,0.67956,0.855,0.05492,0.082,0.47288
1725,,0.775,0.28384,0.832,0.64724,0.83,0.0226,0.032,0.4052
1726,,0.7,0.21616,0.782,0.61492,0.805,-0.00972,-0.018,0.33752
1727,7,0.675,0.19448,0.782,0.6416,0.848,0.02896,1.0,0.32884
1728,,0.6,0.1268,0.732,0.60928,0.823,-0.00336,0.95,0.26116
1729,6,0.579,0.10912,0.736,0.63896,0.648,1.0,0.971,0.25548
1730,,0.504,0.04144,0.686,0.60664,0.623,0.96768,0.921,0.1878
1731,,0.429,-0.02624,0.636,0.57432,0.598,0.93536,0.871,0.12012
1732,2,0.383,1.0,0.615,0.58,0.619,0.95304,0.867,0.09044
1733,,0.308,0.93232,0.565,0.54768,0.594,0.92072,0.817,0.02276
1734,,0.233,0.86464,0.515,0.51536,0.569,0.8884,0.767,-0.04492
1735,8,0.199,0.83496,0.506,0.53304,0.603,0.91808,0.776,1.0
1736,,0.124,0.76728,0.456,0.50072,0.578,0.88576,0.726,0.93232
1737,,0.049,0.6996,0.406,0.4684,0.553,0.85344,0.676,0.86464
1738,,-0.026,0.63192,0.356,0.43608,0.528,0.82112,0.626,0.79696
1739,1,1.0,0.59324,0.338,0.44476,0.553,0.8428,0.626,0.77028
1740,,0.925,0.52556,0.288,0.41244,0.528,0.81048,0.576,0.7026
1741,,0.85,0.45788,0.238,0.38012,0.503,0.77816,0.526,0.63492
1742,,0.775,0.3902,0.188,0.3478,0.478,0.74584,0.476,0.56724
1743,,0.7,0.32252,0.138,0.31548,0.453,0.71352,0.426,0.49956
1744,,0.625,0.25484,0.088,0.28316,0.428,0.6812,0.376,0.43188
1745,,0.55,0.18716,0.038,0.25084,0.403,0.64888,0.326,0.3642
1746,,0.475,0.11948,-0.012,0.21852,0.378,0.61656,0.276,0.29652
1747,3,0.432,0.0808,1.0,0.2272,0.403,0.63824,0.276,0.26984
1748,,0.357,0.01312,0.95,0.19488,0.378,0.60592,0.226,0.20216
1749,,0.282,-0.05456,0.9,0.16256,0.353,0.5736,0.176,0.13448
1750,2,0.236,1.0,0.879,0.16824,0.374,0.59128,0.172,0.1048
1751,,0.161,0.93232,0.829,0.13592,0.349,0.55896,0.122,0.03712
1752,,0.086,0.86464,0.779,0.1036,0.324,0.52664,0.072,-0.03056
1753,8,0.052,0.83496,0.77,0.12128,0.358,0.55632,0.081,1.0
1754,,-0.023,0.76728,0.72,0.08896,0.333,0.524,0.031,0.93232
1755,1,1.0,0.7286,0.702,0.09764,0.358,0.54568,0.031,0.90564
1756,,0.925,0.66092,0.652,0.06532,0.333,0.51336,-0.019,0.83796
1757,7,0.9,0.63924,0.652,0.092,0.376,0.55204,1.0,0.82928
1758,,0.825,0.57156,0.602,0.05968,0.351,0.51972,0.95,0.7616
1759,,0.75,0.50388,0.552,0.02736,0.326,0.4874,0.9,0.69392
1760,,0.675,0.4362,0.502,-0.00496,0.301,0.45508,0.85,0.62624
1761,4,0.641,0.40652,0.493,1.0,0.335,0.48476,0.859,0.60856
1762,,0.566,0.33884,0.443,0.96768,0.31,0.45244,0.809,0.54088
1763,,0.491,0.27116,0.393,0.93536,0.285,0.42012,0.759,0.4732
1764,,0.416,0.20348,0.343,0.90304,0.26,0.3878,0.709,0.40552
1765,,0.341,0.1358,0.293,0.87072,0.235,0.35548,0.659,0.33784
1766,,0.266,0.06812,0.243,0.8384,0.21,0.32316,0.609,0.27016
1767,,0.191,0.00044,0.193,0.80608,0.185,0.29084,0.559,0.20248
1768,,0.116,-0.06724,0.143,0.77376,0.16,0.25852,0.509,0.1348
1769,2,0.07,1.0,0.122,0.77944,0.181,0.2762,0.505,0.10512
1770,,-0.005,0.93232,0.072,0.74712,0.156,0.24388,0.455,0.03744
1771,1,1.0,0.89364,0.054,0.7558,0.181,0.26556,0.455,0.01076
1772,,0.925,0.82596,0.004,0.72348,0.156,0.23324,0.405,-0.05692
1773,8,0.891,0.79628,-0.005,0.74116,0.19,0.26292,0.414,1.0
1774,3,0.848,0.7576,1.0,0.74984,0.215,0.2846,0.414,0.97332
1775,,0.773,0.68992,0.95,0.71752,0.19,0.25228,0.364,0.90564
1776,,0.698,0.62224,0.9,0.6852,0.165,0.21996,0.314,0.83796
1777,,0.623,0.55456,0.85,0.65288,0.14,0.18764,0.264,0.77028
1778,,0.548,0.48688,0.8,0.62056,0.115,0.15532,0.214,0.7026
1779,,0.473,0.4192,0.75,0.58824,0.09,0.123,0.164,0.63492
1780,,0.398,0.35152,0.7,0.55592,0.065,0.09068,0.114,0.56724
1781,,0.323,0.28384,0.65,0.5236,0.04,0.05836,0.064,0.49956
1782,,0.248,0.21616,0.6,0.49128,0.015,0.02604,0.014,0.43188
1783,,0.173,0.14848,0.55,0.45896,-0.01,-0.00628,-0.036,0.3642
1784,7,0.148,0.1268,0.55,0.48564,0.033,0.0324,1.0,0.35552
1785,,0.073,0.05912,0.5,0.45332,0.008,8e-05,0.95,0.28784
1786,,-0.002,-0.00856,0.45,0.421,-0.017,-0.03224,0.9,0.22016
1787,6,-0.023,-0.02624,0.454,0.45068,-0.192,1.0,0.921,0.21448
1788,5,-0.048,-0.04792,0.454,0.47736,1.0,0.81768,0.939,0.2058
1789,1,1.0,-0.0866,0.436,0.48604,1.0,0.83936,0.939,0.17912
1790,2,0.954,1.0,0.415,0.49172,1.0,0.85704,0.935,0.14944
1791,,0.879,0.93232,0.365,0.4594,0.975,0.82472,0.885,0.08176
1792,,0.804,0.86464,0.315,0.42708,0.95,0.7924,0.835,0.01408
1793,,0.729,0.79696,0.265,0.39476,0.925,0.76008,0.785,-0.0536
1794,8,0.695,0.76728,0.256,0.41244,0.959,0.78976,0.794,1.0
1795,,0.62,0.6996,0.206,0.38012,0.934,0.75744,0.744,0.93232
1796,,0.545,0.63192,0.156,0.3478,0.909,0.72512,0.694,0.86464
1797,,0.47,0.56424,0.106,0.31548,0.884,0.6928,0.644,0.79696
1798,,0.395,0.49656,0.056,0.28316,0.859,0.66048,0.594,0.72928
1799,,0.32,0.42888,0.006,0.25084,0.834,0.62816,0.544,0.6616
1800,,0.245,0.3612,-0.044,0.21852,0.809,0.59584,0.494,0.59392
1801,3,0.202,0.32252,1.0,0.2272,0.834,0.61752,0.494,0.56724
1802,,0.127,0.25484,0.95,0.19488,0.809,0.5852,0.444,0.49956
1803,,0.052,0.18716,0.9,0.16256,0.784,0.55288,0.394,0.43188
1804,,-0.023,0.11948,0.85,0.13024,0.759,0.52056,0.344,0.3642
1805,1,1.0,0.0808,0.832,0.13892,0.784,0.54224,0.344,0.33752
1806,,0.925,0.01312,0.782,0.1066,0.759,0.50992,0.294,0.26984
1807,,0.85,-0.05456,0.732,0.07428,0.734,0.4776,0.244,0.20216
1808,2,0.804,1.0,0.711,0.07996,0.755,0.49528,0.24,0.17248
1809,,0.729,0.93232,0.661,0.04764,0.73,0.46296,0.19,0.1048
1810,,0.654,0.86464,0.611,0.01532,0.705,0.43064,0.14,0.03712
1811,,0.579,0.79696,0.561,-0.017,0.68,0.39832,0.09,-0.03056
1812,8,0.545,0.76728,0.552,0.00068,0.714,0.428,0.099,1.0
1813,,0.47,0.6996,0.502,-0.03164,0.689,0.39568,0.049,0.93232
1814,4,0.436,0.66992,0.493,1.0,0.723,0.42536,0.058,0.91464
1815,,0.361,0.60224,0.443,0.96768,0.698,0.39304,0.008,0.84696
1816,,0.286,0.53456,0.393,0.93536,0.673,0.36072,-0.042,0.77928
1817,7,0.261,0.51288,0.393,0.96204,0.716,0.3994,1.0,0.7706
1818,,0.186,0.4452,0.343,0.92972,0.691,0.36708,0.95,0.70292
1819,,0.111,0.37752,0.293,0.8974,0.666,0.33476,0.9,0.63524
1820,,0.036,0.30984,0.243,0.86508,0.641,0.30244,0.85,0.56756
1821,,-0.039,0.24216,0.193,0.83276,0.616,0.27012,0.8,0.49988
1822,1,1.0,0.20348,0.175,0.84144,0.641,0.2918,0.8,0.4732
1823,,0.925,0.1358,0.125,0.80912,0.616,0.25948,0.75,0.40552
1824,,0.85,0.06812,0.075,0.7768,0.591,0.22716,0.7,0.33784
1825,,0.775,0.00044,0.025,0.74448,0.566,0.19484,0.65,0.27016
1826,,0.7,-0.06724,-0.025,0.71216,0.541,0.16252,0.6,0.20248
1827,2,0.654,1.0,-0.046,0.71784,0.562,0.1802,0.596,0.1728
1828,3,0.611,0.96132,1.0,0.72652,0.587,0.20188,0.596,0.14612
1829,,0.536,0.89364,0.95,0.6942,0.562,0.16956,0.546,0.07844
1830,,0.461,0.82596,0.9,0.66188,0.537,0.13724,0.496,0.01076
1831,,0.386,0.75828,0.85,0.62956,0.512,0.10492,0.446,-0.05692
1832,8,0.352,0.7286,0.841,0.64724,0.546,0.1346,0.455,1.0
1833,,0.277,0.66092,0.791,0.61492,0.521,0.10228,0.405,0.93232
1834,,0.202,0.59324,0.741,0.5826,0.496,0.06996,0.355,0.86464
1835,,0.127,0.52556,0.691,0.55028,0.471,0.03764,0.305,0.79696
1836,,0.052,0.45788,0.641,0.51796,0.446,0.00532,0.255,0.72928
1837,,-0.023,0.3902,0.591,0.48564,0.421,-0.027,0.205,0.6616
1838,6,-0.044,0.37252,0.595,0.51532,0.246,1.0,0.226,0.65592
1839,1,1.0,0.33384,0.577,0.524,0.271,1.0,0.226,0.62924
1840,,0.925,0.26616,0.527,0.49168,0.246,0.96768,0.176,0.56156
1841,,0.85,0.19848,0.477,0.45936,0.221,0.93536,0.126,0.49388
1842,,0.775,0.1308,0.427,0.42704,0.196,0.90304,0.076,0.4262
1843,,0.7,0.06312,0.377,0.39472,0.171,0.87072,0.026,0.35852
1844,,0.625,-0.00456,0.327,0.3624,0.146,0.8384,-0.024,0.29084
1845,7,0.6,-0.02624,0.327,0.38908,0.189,0.87708,1.0,0.28216
1846,2,0.554,1.0,0.306,0.39476,0.21,0.89476,0.996,0.25248
1847,,0.479,0.93232,0.256,0.36244,0.185,0.86244,0.946,0.1848
1848,,0.404,0.86464,0.206,0.33012,0.16,0.83012,0.896,0.11712
1849,,0.329,0.79696,0.156,0.2978,0.135,0.7978,0.846,0.04944
1850,,0.254,0.72928,0.106,0.26548,0.11,0.76548,0.796,-0.01824
1851,8,0.22,0.6996,0.097,0.28316,0.144,0.79516,0.805,1.0
1852,,0.145,0.63192,0.047,0.25084,0.119,0.76284,0.755,0.93232
1853,,0.07,0.56424,-0.003,0.21852,0.094,0.73052,0.705,0.86464
1854,3,0.027,0.52556,1.0,0.2272,0.119,0.7522,0.705,0.83796
1855,,-0.048,0.45788,0.95,0.19488,0.094,0.71988,0.655,0.77028
1856,1,1.0,0.4192,0.932,0.20356,0.119,0.74156,0.655,0.7436
1857,,0.925,0.35152,0.882,0.17124,0.094,0.70924,0.605,0.67592
1858,,0.85,0.28384,0.832,0.13892,0.069,0.67692,0.555,0.60824
1859,,0.775,0.21616,0.782,0.1066,0.044,0.6446,0.505,0.54056
1860,,0.7,0.14848,0.732,0.07428,0.019,0.61228,0.455,0.47288
1861,,0.625,0.0808,0.682,0.04196,-0.006,0.57996,0.405,0.4052
1862,5,0.6,0.05912,0.682,0.06864,1.0,0.39764,0.423,0.39652
1863,,0.525,-0.00856,0.632,0.03632,0.975,0.36532,0.373,0.32884
1864,2,0.479,1.0,0.611,0.042,0.996,0.383,0.369,0.29916
1865,,0.404,0.93232,0.561,0.00968,0.971,0.35068,0.319,0.23148
1866,,0.329,0.86464,0.511,-0.02264,0.946,0.31836,0.269,0.1638
1867,4,0.295,0.83496,0.502,1.0,0.98,0.34804,0.278,0.14612
1868,,0.22,0.76728,0.452,0.96768,0.955,0.31572,0.228,0.07844
1869,,0.145,0.6996,0.402,0.93536,0.93,0.2834,0.178,0.01076
1870,,0.07,0.63192,0.352,0.90304,0.905,0.25108,0.128,-0.05692
1871,8,0.036,0.60224,0.343,0.92072,0.939,0.28076,0.137,1.0
1872,,-0.039,0.53456,0.293,0.8884,0.914,0.24844,0.087,0.93232
1873,1,1.0,0.49588,0.275,0.89708,0.939,0.27012,0.087,0.90564
1874,,0.925,0.4282,0.225,0.86476,0.914,0.2378,0.037,0.83796
1875,,0.85,0.36052,0.175,0.83244,0.889,0.20548,-0.013,0.77028
1876,7,0.825,0.33884,0.175,0.85912,0.932,0.24416,1.0,0.7616
1877,,0.75,0.27116,0.125,0.8268,0.907,0.21184,0.95,0.69392
1878,,0.675,0.20348,0.075,0.79448,0.882,0.17952,0.9,0.62624
1879,,0.6,0.1358,0.025,0.76216,0.857,0.1472,0.85,0.55856
1880,,0.525,0.06812,-0.025,0.72984,0.832,0.11488,0.8,0.49088
1881,3,0.482,0.02944,1.0,0.73852,0.857,0.13656,0.8,0.4642
1882,,0.407,-0.03824,0.95,0.7062,0.832,0.10424,0.75,0.39652
1883,2,0.361,1.0,0.929,0.71188,0.853,0.12192,0.746,0.36684
1884,,0.286,0.93232,0.879,0.67956,0.828,0.0896,0.696,0.29916
1885,,0.211,0.86464,0.829,0.64724,0.803,0.05728,0.646,0.23148
1886,,0.136,0.79696,0.779,0.61492,0.778,0.02496,0.596,0.1638
1887,,0.061,0.72928,0.729,0.5826,0.753,-0.00736,0.546,0.09612
1888,6,0.04,0.7116,0.733,0.61228,0.578,1.0,0.567,0.09044
1889,,-0.035,0.64392,0.683,0.57996,0.553,0.96768,0.517,0.02276
1890,1,1.0,0.60524,0.665,0.58864,0.578,0.98936,0.517,-0.00392
1891,8,0.966,0.57556,0.656,0.60632,0.612,1.0,0.526,1.0
1892,,0.891,0.50788,0.606,0.574,0.587,0.96768,0.476,0.93232
1893,,0.816,0.4402,0.556,0.54168,0.562,0.93536,0.426,0.86464
1894,,0.741,0.37252,0.506,0.50936,0.537,0.90304,0.376,0.79696
1895,,0.666,0.30484,0.456,0.47704,0.512,0.87072,0.326,0.72928
1896,,0.591,0.23716,0.406,0.44472,0.487,0.8384,0.276,0.6616
1897,,0.516,0.16948,0.356,0.4124,0.462,0.80608,0.226,0.59392
1898,,0.441,0.1018,0.306,0.38008,0.437,0.77376,0.176,0.52624
1899,,0.366,0.03412,0.256,0.34776,0.412,0.74144,0.126,0.45856
1900,,0.291,-0.03356,0.206,0.31544,0.387,0.70912,0.076,0.39088
1901,2,0.245,1.0,0.185,0.32112,0.408,0.7268,0.072,0.3612
1902,,0.17,0.93232,0.135,0.2888,0.383,0.69448,0.022,0.29352
1903,,0.095,0.86464,0.085,0.25648,0.358,0.66216,-0.028,0.22584
1904,7,0.07,0.84296,0.085,0.28316,0.401,0.70084,1.0,0.21716
1905,,-0.005,0.77528,0.035,0.25084,0.376,0.66852,0.95,0.14948
1906,1,1.0,0.7366,0.017,0.25952,0.401,0.6902,0.95,0.1228
1907,,0.925,0.66892,-0.033,0.2272,0.376,0.65788,0.9,0.05512
1908,3,0.882,0.63024,1.0,0.23588,0.401,0.67956,0.9,0.02844
1909,,0.807,0.56256,0.95,0.20356,0.376,0.64724,0.85,-0.03924
1910,8,0.773,0.53288,0.941,0.22124,0.41,0.67692,0.859,1.0
1911,,0.698,0.4652,0.891,0.18892,0.385,0.6446,0.809,0.93232
1912,,0.623,0.39752,0.841,0.1566,0.36,0.61228,0.759,0.86464
1913,,0.548,0.32984,0.791,0.12428,0.335,0.57996,0.709,0.79696
1914,,0.473,0.26216,0.741,0.09196,0.31,0.54764,0.659,0.72928
1915,,0.398,0.19448,0.691,0.05964,0.285,0.51532,0.609,0.6616
1916,,0.323,0.1268,0.641,0.02732,0.26,0.483,0.559,0.59392
1917,,0.248,0.05912,0.591,-0.005,0.235,0.45068,0.509,0.52624
1918,4,0.214,0.02944,0.582,1.0,0.269,0.48036,0.518,0.50856
1919,,0.139,-0.03824,0.532,0.96768,0.244,0.44804,0.468,0.44088
1920,2,0.093,1.0,0.511,0.97336,0.265,0.46572,0.464,0.4112
1921,,0.018,0.93232,0.461,0.94104,0.24,0.4334,0.414,0.34352
1922,,-0.057,0.86464,0.411,0.90872,0.215,0.40108,0.364,0.27584
1923,1,1.0,0.82596,0.393,0.9174,0.24,0.42276,0.364,0.24916
1924,,0.925,0.75828,0.343,0.88508,0.215,0.39044,0.314,0.18148
1925,,0.85,0.6906,0.293,0.85276,0.19,0.35812,0.264,0.1138
1926,,0.775,0.62292,0.243,0.82044,0.165,0.3258,0.214,0.04612
1927,,0.7,0.55524,0.193,0.78812,0.14,0.29348,0.164,-0.02156
1928,8,0.666,0.52556,0.184,0.8058,0.174,0.32316,0.173,1.0
1929,,0.591,0.45788,0.134,0.77348,0.149,0.29084,0.123,0.93232
1930,,0.516,0.3902,0.084,0.74116,0.124,0.25852,0.073,0.86464
1931,,0.441,0.32252,0.034,0.70884,0.099,0.2262,0.023,0.79696
1932,,0.366,0.25484,-0.016,0.67652,0.074,0.19388,-0.027,0.72928
1933,7,0.341,0.23316,-0.016,0.7032,0.117,0.23256,1.0,0.7206
1934,3,0.298,0.19448,1.0,0.71188,0.142,0.25424,1.0,0.69392
1935,,0.223,0.1268,0.95,0.67956,0.117,0.22192,0.95,0.62624
1936,,0.148,0.05912,0.9,0.64724,0.092,0.1896,0.9,0.55856
1937,,0.073,-0.00856,0.85,0.61492,0.067,0.15728,0.85,0.49088
1938,2,0.027,1.0,0.829,0.6206,0.088,0.17496,0.846,0.4612
1939,,-0.048,0.93232,0.779,0.58828,0.063,0.14264,0.796,0.39352
1940,1,1.0,0.89364,0.761,0.59696,0.088,0.16432,0.796,0.36684
1941,,0.925,0.82596,0.711,0.56464,0.063,0.132,0.746,0.29916
1942,,0.85,0.75828,0.661,0.53232,0.038,0.09968,0.696,0.23148
1943,,0.775,0.6906,0.611,0.5,0.013,0.06736,0.646,0.1638
1944,,0.7,0.62292,0.561,0.46768,-0.012,0.03504,0.596,0.09612
1945,5,0.675,0.60124,0.561,0.49436,1.0,-0.14728,0.614,0.08744
1946,6,0.654,0.58356,0.565,0.52404,0.825,1.0,0.635,0.08176
1947,,0.579,0.51588,0.515,0.49172,0.8,0.96768,0.585,0.01408
1948,,0.504,0.4482,0.465,0.4594,0.775,0.93536,0.535,-0.0536
1949,8,0.47,0.41852,0.456,0.47708,0.809,0.96504,0.544,1.0
1950,,0.395,0.35084,0.406,0.44476,0.784,0.93272,0.494,0.93232
1951,,0.32,0.28316,0.356,0.41244,0.759,0.9004,0.444,0.86464
1952,,0.245,0.21548,0.306,0.38012,0.734,0.86808,0.394,0.79696
1953,,0.17,0.1478,0.256,0.3478,0.709,0.83576,0.344,0.72928
1954,,0.095,0.08012,0.206,0.31548,0.684,0.80344,0.294,0.6616
1955,,0.02,0.01244,0.156,0.28316,0.659,0.77112,0.244,0.59392
1956,,-0.055,-0.05524,0.106,0.25084,0.634,0.7388,0.194,0.52624
1957,2,-0.101,1.0,0.085,0.25652,0.655,0.75648,0.19,0.49656
1958,1,1.0,0.96132,0.067,0.2652,0.68,0.77816,0.19,0.46988
1959,,0.925,0.89364,0.017,0.23288,0.655,0.74584,0.14,0.4022
1960,,0.85,0.82596,-0.033,0.20056,0.63,0.71352,0.09,0.33452
1961,3,0.807,0.78728,1.0,0.20924,0.655,0.7352,0.09,0.30784
1962,,0.732,0.7196,0.95,0.17692,0.63,0.70288,0.04,0.24016
1963,,0.657,0.65192,0.9,0.1446,0.605,0.67056,-0.01,0.17248
1964,7,0.632,0.63024,0.9,0.17128,0.648,0.70924,1.0,0.1638
1965,,0.557,0.56256,0.85,0.13896,0.623,0.67692,0.95,0.09612
1966,,0.482,0.49488,0.8,0.10664,0.598,0.6446,0.9,0.02844
1967,,0.407,0.4272,0.75,0.07432,0.573,0.61228,0.85,-0.03924
1968,8,0.373,0.39752,0.741,0.092,0.607,0.64196,0.859,1.0
1969,,0.298,0.32984,0.691,0.05968,0.582,0.60964,0.809,0.93232
1970,,0.223,0.26216,0.641,0.02736,0.557,0.57732,0.759,0.86464
1971,,0.148,0.19448,0.591,-0.00496,0.532,0.545,0.709,0.79696
1972,4,0.114,0.1648,0.582,1.0,0.566,0.57468,0.718,0.77928
1973,,0.039,0.09712,0.532,0.96768,0.541,0.54236,0.668,0.7116
1974,,-0.036,0.02944,0.482,0.93536,0.516,0.51004,0.618,0.64392
1975,1,1.0,-0.00924,0.464,0.94404,0.541,0.53172,0.618,0.61724
1976,2,0.954,1.0,0.443,0.94972,0.562,0.5494,0.614,0.58756
1977,,0.879,0.93232,0.393,0.9174,0.537,0.51708,0.564,0.51988
1978,,0.804,0.86464,0.343,0.88508,0.512,0.48476,0.514,0.4522
1979,,0.729,0.79696,0.293,0.85276,0.487,0.45244,0.464,0.38452
1980,,0.654,0.72928,0.243,0.82044,0.462,0.42012,0.414,0.31684
1981,,0.579,0.6616,0.193,0.78812,0.437,0.3878,0.364,0.24916
1982,,0.504,0.59392,0.143,0.7558,0.412,0.35548,0.314,0.18148
1983,,0.429,0.52624,0.093,0.72348,0.387,0.32316,0.264,0.1138
1984,,0.354,0.45856,0.043,0.69116,0.362,0.29084,0.214,0.04612
1985,,0.279,0.39088,-0.007,0.65884,0.337,0.25852,0.164,-0.02156
1986,8,0.245,0.3612,-0.016,0.67652,0.371,0.2882,0.173,1.0
1987,3,0.202,0.32252,1.0,0.6852,0.396,0.30988,0.173,0.97332
1988,,0.127,0.25484,0.95,0.65288,0.371,0.27756,0.123,0.90564
1989,,0.052,0.18716,0.9,0.62056,0.346,0.24524,0.073,0.83796
1990,,-0.023,0.11948,0.85,0.58824,0.321,0.21292,0.023,0.77028
1991,1,1.0,0.0808,0.832,0.59692,0.346,0.2346,0.023,0.7436
1992,,0.925,0.01312,0.782,0.5646,0.321,0.20228,-0.027,0.67592
1993,7,0.9,-0.00856,0.782,0.59128,0.364,0.24096,1.0,0.66724
1994,2,0.854,1.0,0.761,0.59696,0.385,0.25864,0.996,0.63756
1995,,0.779,0.93232,0.711,0.56464,0.36,0.22632,0.946,0.56988
1996,,0.704,0.86464,0.661,0.53232,0.335,0.194,0.896,0.5022
1997,,0.629,0.79696,0.611,0.5,0.31,0.16168,0.846,0.43452
1998,,0.554,0.72928,0.561,0.46768,0.285,0.12936,0.796,0.36684
1999,,0.479,0.6616,0.511,0.43536,0.26,0.09704,0.746,0.29916
2000,,0.404,0.59392,0.461,0.40304,0.235,0.06472,0.696,0.23148
2001,,0.329,0.52624,0.411,0.37072,0.21,0.0324,0.646,0.1638
2002,,0.254,0.45856,0.361,0.3384,0.185,8e-05,0.596,0.09612
2003,,0.179,0.39088,0.311,0.30608,0.16,-0.03224,0.546,0.02844
2004,6,0.158,0.3732,0.315,0.33576,-0.015,1.0,0.567,0.02276
2005,5,0.133,0.35152,0.315,0.36244,1.0,0.81768,0.585,0.01408
2006,,0.058,0.28384,0.265,0.33012,0.975,0.78536,0.535,-0.0536
2007,8,0.024,0.25416,0.256,0.3478,1.0,0.81504,0.544,1.0
2008,,-0.051,0.18648,0.206,0.31548,0.975,0.78272,0.494,0.93232
2009,1,1.0,0.1478,0.188,0.32416,1.0,0.8044,0.494,0.90564
2010,,0.925,0.08012,0.138,0.29184,0.975,0.77208,0.444,0.83796
2011,,0.85,0.01244,0.088,0.25952,0.95,0.73976,0.394,0.77028
2012,,0.775,-0.05524,0.038,0.2272,0.925,0.70744,0.344,0.7026
2013,2,0.729,1.0,0.017,0.23288,0.946,0.72512,0.34,0.67292
2014,,0.654,0.93232,-0.033,0.20056,0.921,0.6928,0.29,0.60524
2015,3,0.611,0.89364,1.0,0.20924,0.946,0.71448,0.29,0.57856
2016,,0.536,0.82596,0.95,0.17692,0.921,0.68216,0.24,0.51088
2017,,0.461,0.75828,0.9,0.1446,0.896,0.64984,0.19,0.4432
2018,,0.386,0.6906,0.85,0.11228,0.871,0.61752,0.14,0.37552
2019,,0.311,0.62292,0.8,0.07996,0.846,0.5852,0.09,0.30784
2020,,0.236,0.55524,0.75,0.04764,0.821,0.55288,0.04,0.24016
2021,,0.161,0.48756,0.7,0.01532,0.796,0.52056,-0.01,0.17248
2022,7,0.136,0.46588,0.7,0.042,0.839,0.55924,1.0,0.1638
2023,,0.061,0.3982,0.65,0.00968,0.814,0.52692,0.95,0.09612
2024,,-0.014,0.33052,0.6,-0.02264,0.789,0.4946,0.9,0.02844
2025,4,-0.048,0.30084,0.591,1.0,0.823,0.52428,0.909,0.01076
2026,1,1.0,0.26216,0.573,1.0,0.848,0.54596,0.909,-0.01592
2027,8,0.966,0.23248,0.564,1.0,0.882,0.57564,0.918,1.0
2028,,0.891,0.1648,0.514,0.96768,0.857,0.54332,0.868,0.93232
2029,,0.816,0.09712,0.464,0.93536,0.832,0.511,0.818,0.86464
2030,,0.741,0.02944,0.414,0.90304,0.807,0.47868,0.768,0.79696
2031,,0.666,-0.03824,0.364,0.87072,0.782,0.44636,0.718,0.72928
2032,2,0.62,1.0,0.343,0.8764,0.803,0.46404,0.714,0.6996
2033,,0.545,0.93232,0.293,0.84408,0.778,0.43172,0.664,0.63192
2034,,0.47,0.86464,0.243,0.81176,0.753,0.3994,0.614,0.56424
2035,,0.395,0.79696,0.193,0.77944,0.728,0.36708,0.564,0.49656
2036,,0.32,0.72928,0.143,0.74712,0.703,0.33476,0.514,0.42888
2037,,0.245,0.6616,0.093,0.7148,0.678,0.30244,0.464,0.3612
2038,,0.17,0.59392,0.043,0.68248,0.653,0.27012,0.414,0.29352
2039,,0.095,0.52624,-0.007,0.65016,0.628,0.2378,0.364,0.22584
2040,3,0.052,0.48756,1.0,0.65884,0.653,0.25948,0.364,0.19916
2041,,-0.023,0.41988,0.95,0.62652,0.628,0.22716,0.314,0.13148
2042,1,1.0,0.3812,0.932,0.6352,0.653,0.24884,0.314,0.1048
2043,,0.925,0.31352,0.882,0.60288,0.628,0.21652,0.264,0.03712
2044,,0.85,0.24584,0.832,0.57056,0.603,0.1842,0.214,-0.03056
2045,8,0.816,0.21616,0.823,0.58824,0.637,0.21388,0.223,1.0
2046,,0.741,0.14848,0.773,0.55592,0.612,0.18156,0.173,0.93232
2047,,0.666,0.0808,0.723,0.5236,0.587,0.14924,0.123,0.86464
2048,,0.591,0.01312,0.673,0.49128,0.562,0.11692,0.073,0.79696
2049,,0.516,-0.05456,0.623,0.45896,0.537,0.0846,0.023,0.72928
2050,2,0.47,1.0,0.602,0.46464,0.558,0.10228,0.019,0.6996
2051,,0.395,0.93232,0.552,0.43232,0.533,0.06996,-0.031,0.63192
2052,7,0.37,0.91064,0.552,0.459,0.576,0.10864,1.0,0.62324
2053,,0.295,0.84296,0.502,0.42668,0.551,0.07632,0.95,0.55556
2054,,0.22,0.77528,0.452,0.39436,0.526,0.044,0.9,0.48788
2055,,0.145,0.7076,0.402,0.36204,0.501,0.01168,0.85,0.4202
2056,,0.07,0.63992,0.352,0.32972,0.476,-0.02064,0.8,0.35252
2057,6,0.049,0.62224,0.356,0.3594,0.301,1.0,0.821,0.34684
2058,,-0.026,0.55456,0.306,0.32708,0.276,0.96768,0.771,0.27916
2059,1,1.0,0.51588,0.288,0.33576,0.301,0.98936,0.771,0.25248
2060,,0.925,0.4482,0.238,0.30344,0.276,0.95704,0.721,0.1848
2061,,0.85,0.38052,0.188,0.27112,0.251,0.92472,0.671,0.11712
2062,,0.775,0.31284,0.138,0.2388,0.226,0.8924,0.621,0.04944
2063,,0.7,0.24516,0.088,0.20648,0.201,0.86008,0.571,-0.01824
2064,8,0.666,0.21548,0.079,0.22416,0.235,0.88976,0.58,1.0
2065,,0.591,0.1478,0.029,0.19184,0.21,0.85744,0.53,0.93232
2066,,0.516,0.08012,-0.021,0.15952,0.185,0.82512,0.48,0.86464
2067,3,0.473,0.04144,1.0,0.1682,0.21,0.8468,0.48,0.83796
2068,,0.398,-0.02624,0.95,0.13588,0.185,0.81448,0.43,0.77028
2069,2,0.352,1.0,0.929,0.14156,0.206,0.83216,0.426,0.7406
2070,,0.277,0.93232,0.879,0.10924,0.181,0.79984,0.376,0.67292
2071,,0.202,0.86464,0.829,0.07692,0.156,0.76752,0.326,0.60524
2072,,0.127,0.79696,0.779,0.0446,0.131,0.7352,0.276,0.53756
2073,,0.052,0.72928,0.729,0.01228,0.106,0.70288,0.226,0.46988
2074,,-0.023,0.6616,0.679,-0.02004,0.081,0.67056,0.176,0.4022
2075,1,1.0,0.62292,0.661,-0.01136,0.106,0.69224,0.176,0.37552
2076,4,0.966,0.59324,0.652,1.0,0.14,0.72192,0.185,0.35784
2077,,0.891,0.52556,0.602,0.96768,0.115,0.6896,0.135,0.29016
2078,,0.816,0.45788,0.552,0.93536,0.09,0.65728,0.085,0.22248
2079,,0.741,0.3902,0.502,0.90304,0.065,0.62496,0.035,0.1548
2080,,0.666,0.32252,0.452,0.87072,0.04,0.59264,-0.015,0.08712
2081,7,0.641,0.30084,0.452,0.8974,0.083,0.63132,1.0,0.07844
2082,,0.566,0.23316,0.402,0.86508,0.058,0.599,0.95,0.01076
2083,,0.491,0.16548,0.352,0.83276,0.033,0.56668,0.9,-0.05692
2084,8,0.457,0.1358,0.343,0.85044,0.067,0.59636,0.909,1.0
2085,,0.382,0.06812,0.293,0.81812,0.042,0.56404,0.859,0.93232
2086,,0.307,0.00044,0.243,0.7858,0.017,0.53172,0.809,0.86464
2087,,0.232,-0.06724,0.193,0.75348,-0.008,0.4994,0.759,0.79696
2088,2,0.186,1.0,0.172,0.75916,0.013,0.51708,0.755,0.76728
2089,,0.111,0.93232,0.122,0.72684,-0.012,0.48476,0.705,0.6996
2090,5,0.086,0.91064,0.122,0.75352,1.0,0.30244,0.723,0.69092
2091,,0.011,0.84296,0.072,0.7212,0.975,0.27012,0.673,0.62324
2092,,-0.064,0.77528,0.022,0.68888,0.95,0.2378,0.623,0.55556
2093,1,1.0,0.7366,0.004,0.69756,0.975,0.25948,0.623,0.52888
2094,,0.925,0.66892,-0.046,0.66524,0.95,0.22716,0.573,0.4612
2095,3,0.882,0.63024,1.0,0.67392,0.975,0.24884,0.573,0.43452
2096,,0.807,0.56256,0.95,0.6416,0.95,0.21652,0.523,0.36684
2097,,0.732,0.49488,0.9,0.60928,0.925,0.1842,0.473,0.29916
2098,,0.657,0.4272,0.85,0.57696,0.9,0.15188,0.423,0.23148
2099,,0.582,0.35952,0.8,0.54464,0.875,0.11956,0.373,0.1638
2100,,0.507,0.29184,0.75,0.51232,0.85,0.08724,0.323,0.09612
2101,,0.432,0.22416,0.7,0.48,0.825,0.05492,0.273,0.02844
2102,,0.357,0.15648,0.65,0.44768,0.8,0.0226,0.223,-0.03924
2103,8,0.323,0.1268,0.641,0.46536,0.834,0.05228,0.232,1.0
2104,,0.248,0.05912,0.591,0.43304,0.809,0.01996,0.182,0.93232
2105,,0.173,-0.00856,0.541,0.40072,0.784,-0.01236,0.132,0.86464
2106,6,0.152,-0.02624,0.545,0.4304,0.609,1.0,0.153,0.85896
2107,2,0.106,1.0,0.524,0.43608,0.63,1.0,0.149,0.82928
2108,,0.031,0.93232,0.474,0.40376,0.605,0.96768,0.099,0.7616
2109,,-0.044,0.86464,0.424,0.37144,0.58,0.93536,0.049,0.69392
2110,1,1.0,0.82596,0.406,0.38012,0.605,0.95704,0.049,0.66724
2111,,0.925,0.75828,0.356,0.3478,0.58,0.92472,-0.001,0.59956
2112,7,0.9,0.7366,0.356,0.37448,0.623,0.9634,1.0,0.59088
2113,,0.825,0.66892,0.306,0.34216,0.598,0.93108,0.95,0.5232
2114,,0.75,0.60124,0.256,0.30984,0.573,0.89876,0.9,0.45552
2115,,0.675,0.53356,0.206,0.27752,0.548,0.86644,0.85,0.38784
2116,,0.6,0.46588,0.156,0.2452,0.523,0.83412,0.8,0.32016
2117,,0.525,0.3982,0.106,0.21288,0.498,0.8018,0.75,0.25248
2118,,0.45,0.33052,0.056,0.18056,0.473,0.76948,0.7,0.1848
2119,,0.375,0.26284,0.006,0.14824,0.448,0.73716,0.65,0.11712
2120,,0.3,0.19516,-0.044,0.11592,0.423,0.70484,0.6,0.04944
2121,3,0.257,0.15648,1.0,0.1246,0.448,0.72652,0.6,0.02276
2122,,0.182,0.0888,0.95,0.09228,0.423,0.6942,0.55,-0.04492
2123,8,0.148,0.05912,0.941,0.10996,0.457,0.72388,0.559,1.0
2124,,0.073,-0.00856,0.891,0.07764,0.432,0.69156,0.509,0.93232
2125,2,0.027,1.0,0.87,0.08332,0.453,0.70924,0.505,0.90264
2126,,-0.048,0.93232,0.82,0.051,0.428,0.67692,0.455,0.83496
2127,1,1.0,0.89364,0.802,0.05968,0.453,0.6986,0.455,0.80828
2128,,0.925,0.82596,0.752,0.02736,0.428,0.66628,0.405,0.7406
2129,,0.85,0.75828,0.702,-0.00496,0.403,0.63396,0.355,0.67292
2130,4,0.816,0.7286,0.693,1.0,0.437,0.66364,0.364,0.65524
2131,,0.741,0.66092,0.643,0.96768,0.412,0.63132,0.314,0.58756
2132,,0.666,0.59324,0.593,0.93536,0.387,0.599,0.264,0.51988
2133,,0.591,0.52556,0.543,0.90304,0.362,0.56668,0.214,0.4522
2134,,0.516,0.45788,0.493,0.87072,0.337,0.53436,0.164,0.38452
2135,,0.441,0.3902,0.443,0.8384,0.312,0.50204,0.114,0.31684
2136,,0.366,0.32252,0.393,0.80608,0.287,0.46972,0.064,0.24916
2137,,0.291,0.25484,0.343,0.77376,0.262,0.4374,0.014,0.18148
2138,,0.216,0.18716,0.293,0.74144,0.237,0.40508,-0.036,0.1138
2139,7,0.191,0.16548,0.293,0.76812,0.28,0.44376,1.0,0.10512
2140,,0.116,0.0978,0.243,0.7358,0.255,0.41144,0.95,0.03744
2141,,0.041,0.03012,0.193,0.70348,0.23,0.37912,0.9,-0.03024
2142,8,0.007,0.00044,0.184,0.72116,0.264,0.4088,0.909,1.0
2143,,-0.068,-0.06724,0.134,0.68884,0.239,0.37648,0.859,0.93232
2144,1,1.0,-0.10592,0.116,0.69752,0.264,0.39816,0.859,0.90564
2145,2,0.954,1.0,0.095,0.7032,0.285,0.41584,0.855,0.87596
2146,,0.879,0.93232,0.045,0.67088,0.26,0.38352,0.805,0.80828
2147,,0.804,0.86464,-0.005,0.63856,0.235,0.3512,0.755,0.7406
2148,3,0.761,0.82596,1.0,0.64724,0.26,0.37288,0.755,0.71392
2149,,0.686,0.75828,0.95,0.61492,0.235,0.34056,0.705,0.64624
2150,,0.611,0.6906,0.9,0.5826,0.21,0.30824,0.655,0.57856
2151,,0.536,0.62292,0.85,0.55028,0.185,0.27592,0.605,0.51088
2152,,0.461,0.55524,0.8,0.51796,0.16,0.2436,0.555,0.4432
2153,,0.386,0.48756,0.75,0.48564,0.135,0.21128,0.505,0.37552
2154,,0.311,0.41988,0.7,0.45332,0.11,0.17896,0.455,0.30784
2155,,0.236,0.3522,0.65,0.421,0.085,0.14664,0.405,0.24016
2156,,0.161,0.28452,0.6,0.38868,0.06,0.11432,0.355,0.17248
2157,,0.086,0.21684,0.55,0.35636,0.035,0.082,0.305,0.1048
2158,,0.011,0.14916,0.5,0.32404,0.01,0.04968,0.255,0.03712
2159,,-0.064,0.08148,0.45,0.29172,-0.015,0.01736,0.205,-0.03056
2160,1,1.0,0.0428,0.432,0.3004,0.01,0.03904,0.205,-0.05724
2161,8,0.966,0.01312,0.423,0.31808,0.044,0.06872,0.214,1.0
2162,,0.891,-0.05456,0.373,0.28576,0.019,0.0364,0.164,0.93232
2163,2,0.845,1.0,0.352,0.29144,0.04,0.05408,0.16,0.90264
2164,,0.77,0.93232,0.302,0.25912,0.015,0.02176,0.11,0.83496
2165,,0.695,0.86464,0.252,0.2268,-0.01,-0.01056,0.06,0.76728
2166,6,0.674,0.84696,0.256,0.25648,-0.185,1.0,0.081,0.7616
2167,5,0.649,0.82528,0.256,0.28316,1.0,0.81768,0.099,0.75292
2168,,0.574,0.7576,0.206,0.25084,0.975,0.78536,0.049,0.68524
2169,,0.499,0.68992,0.156,0.21852,0.95,0.75304,-0.001,0.61756
2170,7,0.474,0.66824,0.156,0.2452,0.993,0.79172,1.0,0.60888
2171,,0.399,0.60056,0.106,0.21288,0.968,0.7594,0.95,0.5412
2172,,0.324,0.53288,0.056,0.18056,0.943,0.72708,0.9,0.47352
2173,,0.249,0.4652,0.006,0.14824,0.918,0.69476,0.85,0.40584
2174,,0.174,0.39752,-0.044,0.11592,0.893,0.66244,0.8,0.33816
2175,3,0.131,0.35884,1.0,0.1246,0.918,0.68412,0.8,0.31148
2176,,0.056,0.29116,0.95,0.09228,0.893,0.6518,0.75,0.2438
2177,,-0.019,0.22348,0.9,0.05996,0.868,0.61948,0.7,0.17612
2178,1,1.0,0.1848,0.882,0.06864,0.893,0.64116,0.7,0.14944
2179,,0.925,0.11712,0.832,0.03632,0.868,0.60884,0.65,0.08176
2180,,0.85,0.04944,0.782,0.004,0.843,0.57652,0.6,0.01408
2181,,0.775,-0.01824,0.732,-0.02832,0.818,0.5442,0.55,-0.0536
2182,8,0.741,-0.04792,0.723,-0.01064,0.852,0.57388,0.559,1.0
2183,2,0.695,1.0,0.702,-0.00496,0.873,0.59156,0.555,0.97032
2184,4,0.661,0.97032,0.693,1.0,0.907,0.62124,0.564,0.95264
2185,,0.586,0.90264,0.643,0.96768,0.882,0.58892,0.514,0.88496
2186,,0.511,0.83496,0.593,0.93536,0.857,0.5566,0.464,0.81728
2187,,0.436,0.76728,0.543,0.90304,0.832,0.52428,0.414,0.7496
2188,,0.361,0.6996,0.493,0.87072,0.807,0.49196,0.364,0.68192
2189,,0.286,0.63192,0.443,0.8384,0.782,0.45964,0.314,0.61424
2190,,0.211,0.56424,0.393,0.80608,0.757,0.42732,0.264,0.54656
2191,,0.136,0.49656,0.343,0.77376,0.732,0.395,0.214,0.47888
2192,,0.061,0.42888,0.293,0.74144,0.707,0.36268,0.164,0.4112
2193,,-0.014,0.3612,0.243,0.70912,0.682,0.33036,0.114,0.34352
2194,1,1.0,0.32252,0.225,0.7178,0.707,0.35204,0.114,0.31684
2195,,0.925,0.25484,0.175,0.68548,0.682,0.31972,0.064,0.24916
2196,,0.85,0.18716,0.125,0.65316,0.657,0.2874,0.014,0.18148
2197,,0.775,0.11948,0.075,0.62084,0.632,0.25508,-0.036,0.1138
2198,7,0.75,0.0978,0.075,0.64752,0.675,0.29376,1.0,0.10512
2199,,0.675,0.03012,0.025,0.6152,0.65,0.26144,0.95,0.03744
2200,,0.6,-0.03756,-0.025,0.58288,0.625,0.22912,0.9,-0.03024
2201,2,0.554,1.0,-0.046,0.58856,0.646,0.2468,0.896,-0.05992
2202,8,0.52,0.97032,-0.055,0.60624,0.68,0.27648,0.905,1.0
2203,3,0.477,0.93164,1.0,0.61492,0.705,0.29816,0.905,0.97332
2204,,0.402,0.86396,0.95,0.5826,0.68,0.26584,0.855,0.90564
2205,,0.327,0.79628,0.9,0.55028,0.655,0.23352,0.805,0.83796
2206,,0.252,0.7286,0.85,0.51796,0.63,0.2012,0.755,0.77028
2207,,0.177,0.66092,0.8,0.48564,0.605,0.16888,0.705,0.7026
2208,,0.102,0.59324,0.75,0.45332,0.58,0.13656,0.655,0.63492
2209,,0.027,0.52556,0.7,0.421,0.555,0.10424,0.605,0.56724
2210,,-0.048,0.45788,0.65,0.38868,0.53,0.07192,0.555,0.49956
2211,1,1.0,0.4192,0.632,0.39736,0.555,0.0936,0.555,0.47288
2212,,0.925,0.35152,0.582,0.36504,0.53,0.06128,0.505,0.4052
2213,,0.85,0.28384,0.532,0.33272,0.505,0.02896,0.455,0.33752
2214,,0.775,0.21616,0.482,0.3004,0.48,-0.00336,0.405,0.26984
2215,6,0.754,0.19848,0.486,0.33008,0.305,1.0,0.426,0.26416
2216,,0.679,0.1308,0.436,0.29776,0.28,0.96768,0.376,0.19648
2217,,0.604,0.06312,0.386,0.26544,0.255,0.93536,0.326,0.1288
2218,,0.529,-0.00456,0.336,0.23312,0.23,0.90304,0.276,0.06112
2219,2,0.483,1.0,0.315,0.2388,0.251,0.92072,0.272,0.03144
2220,,0.408,0.93232,0.265,0.20648,0.226,0.8884,0.222,-0.03624
2221,8,0.374,0.90264,0.256,0.22416,0.26,0.91808,0.231,1.0
2222,,0.299,0.83496,0.206,0.19184,0.235,0.88576,0.181,0.93232
2223,,0.224,0.76728,0.156,0.15952,0.21,0.85344,0.131,0.86464
2224,,0.149,0.6996,0.106,0.1272,0.185,0.82112,0.081,0.79696
2225,,0.074,0.63192,0.056,0.09488,0.16,0.7888,0.031,0.72928
2226,,-0.001,0.56424,0.006,0.06256,0.135,0.75648,-0.019,0.6616
2227,7,-0.026,0.54256,0.006,0.08924,0.178,0.79516,1.0,0.65292
2228,1,1.0,0.50388,-0.012,0.09792,0.203,0.81684,1.0,0.62624
2229,3,0.957,0.4652,1.0,0.1066,0.228,0.83852,1.0,0.59956
2230,,0.882,0.39752,0.95,0.07428,0.203,0.8062,0.95,0.53188
2231,,0.807,0.32984,0.9,0.04196,0.178,0.77388,0.9,0.4642
2232,,0.732,0.26216,0.85,0.00964,0.153,0.74156,0.85,0.39652
2233,,0.657,0.19448,0.8,-0.02268,0.128,0.70924,0.8,0.32884
2234,4,0.623,0.1648,0.791,1.0,0.162,0.73892,0.809,0.31116
2235,,0.548,0.09712,0.741,0.96768,0.137,0.7066,0.759,0.24348
2236,,0.473,0.02944,0.691,0.93536,0.112,0.67428,0.709,0.1758
2237,,0.398,-0.03824,0.641,0.90304,0.087,0.64196,0.659,0.10812
2238,2,0.352,1.0,0.62,0.90872,0.108,0.65964,0.655,0.07844
2239,,0.277,0.93232,0.57,0.8764,0.083,0.62732,0.605,0.01076
2240,,0.202,0.86464,0.52,0.84408,0.058,0.595,0.555,-0.05692
2241,8,0.168,0.83496,0.511,0.86176,0.092,0.62468,0.564,1.0
2242,,0.093,0.76728,0.461,0.82944,0.067,0.59236,0.514,0.93232
2243,,0.018,0.6996,0.411,0.79712,0.042,0.56004,0.464,0.86464
2244,,-0.057,0.63192,0.361,0.7648,0.017,0.52772,0.414,0.79696
2245,1,1.0,0.59324,0.343,0.77348,0.042,0.5494,0.414,0.77028
2246,,0.925,0.52556,0.293,0.74116,0.017,0.51708,0.364,0.7026
2247,,0.85,0.45788,0.243,0.70884,-0.008,0.48476,0.314,0.63492
2248,5,0.825,0.4362,0.243,0.73552,1.0,0.30244,0.332,0.62624
2249,,0.75,0.36852,0.193,0.7032,0.975,0.27012,0.282,0.55856
2250,,0.675,0.30084,0.143,0.67088,0.95,0.2378,0.232,0.49088
2251,,0.6,0.23316,0.093,0.63856,0.925,0.20548,0.182,0.4232
2252,,0.525,0.16548,0.043,0.60624,0.9,0.17316,0.132,0.35552
2253,,0.45,0.0978,-0.007,0.57392,0.875,0.14084,0.082,0.28784
2254,3,0.407,0.05912,1.0,0.5826,0.9,0.16252,0.082,0.26116
2255,,0.332,-0.00856,0.95,0.55028,0.875,0.1302,0.032,0.19348
2256,2,0.286,1.0,0.929,0.55596,0.896,0.14788,0.028,0.1638
2257,,0.211,0.93232,0.879,0.52364,0.871,0.11556,-0.022,0.09612
2258,7,0.186,0.91064,0.879,0.55032,0.914,0.15424,1.0,0.08744
2259,,0.111,0.84296,0.829,0.518,0.889,0.12192,0.95,0.01976
2260,,0.036,0.77528,0.779,0.48568,0.864,0.0896,0.9,-0.04792
2261,8,0.002,0.7456,0.77,0.50336,0.898,0.11928,0.909,1.0
2262,,-0.073,0.67792,0.72,0.47104,0.873,0.08696,0.859,0.93232
2263,1,1.0,0.63924,0.702,0.47972,0.898,0.10864,0.859,0.90564
2264,,0.925,0.57156,0.652,0.4474,0.873,0.07632,0.809,0.83796
2265,,0.85,0.50388,0.602,0.41508,0.848,0.044,0.759,0.77028
2266,,0.775,0.4362,0.552,0.38276,0.823,0.01168,0.709,0.7026
2267,,0.7,0.36852,0.502,0.35044,0.798,-0.02064,0.659,0.63492
2268,6,0.679,0.35084,0.506,0.38012,0.623,1.0,0.68,0.62924
2269,,0.604,0.28316,0.456,0.3478,0.598,0.96768,0.63,0.56156
2270,,0.529,0.21548,0.406,0.31548,0.573,0.93536,0.58,0.49388
2271,,0.454,0.1478,0.356,0.28316,0.548,0.90304,0.53,0.4262
2272,,0.379,0.08012,0.306,0.25084,0.523,0.87072,0.48,0.35852
2273,,0.304,0.01244,0.256,0.21852,0.498,0.8384,0.43,0.29084
2274,,0.229,-0.05524,0.206,0.1862,0.473,0.80608,0.38,0.22316
2275,2,0.183,1.0,0.185,0.19188,0.494,0.82376,0.376,0.19348
2276,,0.108,0.93232,0.135,0.15956,0.469,0.79144,0.326,0.1258
2277,,0.033,0.86464,0.085,0.12724,0.444,0.75912,0.276,0.05812
2278,,-0.042,0.79696,0.035,0.09492,0.419,0.7268,0.226,-0.00956
2279,1,1.0,0.75828,0.017,0.1036,0.444,0.74848,0.226,-0.03624
2280,8,0.966,0.7286,0.008,0.12128,0.478,0.77816,0.235,1.0
2281,,0.891,0.66092,-0.042,0.08896,0.453,0.74584,0.185,0.93232
2282,3,0.848,0.62224,1.0,0.09764,0.478,0.76752,0.185,0.90564
2283,,0.773,0.55456,0.95,0.06532,0.453,0.7352,0.135,0.83796
2284,,0.698,0.48688,0.9,0.033,0.428,0.70288,0.085,0.77028
2285,,0.623,0.4192,0.85,0.00068,0.403,0.67056,0.035,0.7026
2286,,0.548,0.35152,0.8,-0.03164,0.378,0.63824,-0.015,0.63492
2287,4,0.514,0.32184,0.791,1.0,0.412,0.66792,-0.006,0.61724
2288,7,0.489,0.30016,0.791,1.0,0.455,0.7066,1.0,0.60856
2289,,0.414,0.23248,0.741,0.96768,0.43,0.67428,0.95,0.54088
2290,,0.339,0.1648,0.691,0.93536,0.405,0.64196,0.9,0.4732
2291,,0.264,0.09712,0.641,0.90304,0.38,0.60964,0.85,0.40552
2292,,0.189,0.02944,0.591,0.87072,0.355,0.57732,0.8,0.33784
2293,,0.114,-0.03824,0.541,0.8384,0.33,0.545,0.75,0.27016
2294,2,0.068,1.0,0.52,0.84408,0.351,0.56268,0.746,0.24048
2295,,-0.007,0.93232,0.47,0.81176,0.326,0.53036,0.696,0.1728
2296,1,1.0,0.89364,0.452,0.82044,0.351,0.55204,0.696,0.14612
2297,,0.925,0.82596,0.402,0.78812,0.326,0.51972,0.646,0.07844
2298,,0.85,0.75828,0.352,0.7558,0.301,0.4874,0.596,0.01076
2299,,0.775,0.6906,0.302,0.72348,0.276,0.45508,0.546,-0.05692
2300,8,0.741,0.66092,0.293,0.74116,0.31,0.48476,0.555,1.0
2301,,0.666,0.59324,0.243,0.70884,0.285,0.45244,0.505,0.93232
2302,,0.591,0.52556,0.193,0.67652,0.26,0.42012,0.455,0.86464
2303,,0.516,0.45788,0.143,0.6442,0.235,0.3878,0.405,0.79696
2304,,0.441,0.3902,0.093,0.61188,0.21,0.35548,0.355,0.72928
2305,,0.366,0.32252,0.043,0.57956,0.185,0.32316,0.305,0.6616
2306,,0.291,0.25484,-0.007,0.54724,0.16,0.29084,0.255,0.59392
2307,3,0.248,0.21616,1.0,0.55592,0.185,0.31252,0.255,0.56724
2308,,0.173,0.14848,0.95,0.5236,0.16,0.2802,0.205,0.49956
2309,,0.098,0.0808,0.9,0.49128,0.135,0.24788,0.155,0.43188
2310,,0.023,0.01312,0.85,0.45896,0.11,0.21556,0.105,0.3642
2311,,-0.052,-0.05456,0.8,0.42664,0.085,0.18324,0.055,0.29652
2312,2,-0.098,1.0,0.779,0.43232,0.106,0.20092,0.051,0.26684
2313,1,1.0,0.96132,0.761,0.441,0.131,0.2226,0.051,0.24016
2314,,0.925,0.89364,0.711,0.40868,0.106,0.19028,0.001,0.17248
2315,,0.85,0.82596,0.661,0.37636,0.081,0.15796,-0.049,0.1048
2316,7,0.825,0.80428,0.661,0.40304,0.124,0.19664,1.0,0.09612
2317,,0.75,0.7366,0.611,0.37072,0.099,0.16432,0.95,0.02844
2318,,0.675,0.66892,0.561,0.3384,0.074,0.132,0.9,-0.03924
2319,8,0.641,0.63924,0.552,0.35608,0.108,0.16168,0.909,1.0
2320,,0.566,0.57156,0.502,0.32376,0.083,0.12936,0.859,0.93232
2321,,0.491,0.50388,0.452,0.29144,0.058,0.09704,0.809,0.86464
2322,,0.416,0.4362,0.402,0.25912,0.033,0.06472,0.759,0.79696
2323,,0.341,0.36852,0.352,0.2268,0.008,0.0324,0.709,0.72928
2324,,0.266,0.30084,0.302,0.19448,-0.017,8e-05,0.659,0.6616
2325,5,0.241,0.27916,0.302,0.22116,1.0,-0.18224,0.677,0.65292
2326,6,0.22,0.26148,0.306,0.25084,0.825,1.0,0.698,0.64724
2327,,0.145,0.1938,0.256,0.21852,0.8,0.96768,0.648,0.57956
2328,,0.07,0.12612,0.206,0.1862,0.775,0.93536,0.598,0.51188
2329,,-0.005,0.05844,0.156,0.15388,0.75,0.90304,0.548,0.4442
2330,1,1.0,0.01976,0.138,0.16256,0.775,0.92472,0.548,0.41752
2331,,0.925,-0.04792,0.088,0.13024,0.75,0.8924,0.498,0.34984
2332,2,0.879,1.0,0.067,0.13592,0.771,0.91008,0.494,0.32016
2333,,0.804,0.93232,0.017,0.1036,0.746,0.87776,0.444,0.25248
2334,,0.729,0.86464,-0.033,0.07128,0.721,0.84544,0.394,0.1848
2335,3,0.686,0.82596,1.0,0.07996,0.746,0.86712,0.394,0.15812
2336,,0.611,0.75828,0.95,0.04764,0.721,0.8348,0.344,0.09044
2337,,0.536,0.6906,0.9,0.01532,0.696,0.80248,0.294,0.02276
2338,,0.461,0.62292,0.85,-0.017,0.671,0.77016,0.244,-0.04492
2339,8,0.427,0.59324,0.841,0.00068,0.705,0.79984,0.253,1.0
2340,,0.352,0.52556,0.791,-0.03164,0.68,0.76752,0.203,0.93232
2341,4,0.318,0.49588,0.782,1.0,0.714,0.7972,0.212,0.91464
2342,,0.243,0.4282,0.732,0.96768,0.689,0.76488,0.162,0.84696
2343,,0.168,0.36052,0.682,0.93536,0.664,0.73256,0.112,0.77928
2344,,0.093,0.29284,0.632,0.90304,0.639,0.70024,0.062,0.7116
2345,,0.018,0.22516,0.582,0.87072,0.614,0.66792,0.012,0.64392
2346,,-0.057,0.15748,0.532,0.8384,0.589,0.6356,-0.038,0.57624
2347,1,1.0,0.1188,0.514,0.84708,0.614,0.65728,-0.038,0.54956
2348,7,0.975,0.09712,0.514,0.87376,0.657,0.69596,1.0,0.54088
2349,,0.9,0.02944,0.464,0.84144,0.632,0.66364,0.95,0.4732
2350,,0.825,-0.03824,0.414,0.80912,0.607,0.63132,0.9,0.40552
2351,2,0.779,1.0,0.393,0.8148,0.628,0.649,0.896,0.37584
2352,,0.704,0.93232,0.343,0.78248,0.603,0.61668,0.846,0.30816
2353,,0.629,0.86464,0.293,0.75016,0.578,0.58436,0.796,0.24048
2354,,0.554,0.79696,0.243,0.71784,0.553,0.55204,0.746,0.1728
2355,,0.479,0.72928,0.193,0.68552,0.528,0.51972,0.696,0.10512
2356,,0.404,0.6616,0.143,0.6532,0.503,0.4874,0.646,0.03744
2357,,0.329,0.59392,0.093,0.62088,0.478,0.45508,0.596,-0.03024
2358,8,0.295,0.56424,0.084,0.63856,0.512,0.48476,0.605,1.0
2359,,0.22,0.49656,0.034,0.60624,0.487,0.45244,0.555,0.93232
2360,,0.145,0.42888,-0.016,0.57392,0.462,0.42012,0.505,0.86464
2361,3,0.102,0.3902,1.0,0.5826,0.487,0.4418,0.505,0.83796
2362,,0.027,0.32252,0.95,0.55028,0.462,0.40948,0.455,0.77028
2363,,-0.048,0.25484,0.9,0.51796,0.437,0.37716,0.405,0.7026
2364,1,1.0,0.21616,0.882,0.52664,0.462,0.39884,0.405,0.67592
2365,,0.925,0.14848,0.832,0.49432,0.437,0.36652,0.355,0.60824
2366,,0.85,0.0808,0.782,0.462,0.412,0.3342,0.305,0.54056
2367,,0.775,0.01312,0.732,0.42968,0.387,0.30188,0.255,0.47288
2368,,0.7,-0.05456,0.682,0.39736,0.362,0.26956,0.205,0.4052
2369,2,0.654,1.0,0.661,0.40304,0.383,0.28724,0.201,0.37552
2370,,0.579,0.93232,0.611,0.37072,0.358,0.25492,0.151,0.30784
2371,,0.504,0.86464,0.561,0.3384,0.333,0.2226,0.101,0.24016
2372,,0.429,0.79696,0.511,0.30608,0.308,0.19028,0.051,0.17248
2373,,0.354,0.72928,0.461,0.27376,0.283,0.15796,0.001,0.1048
2374,,0.279,0.6616,0.411,0.24144,0.258,0.12564,-0.049,0.03712
2375,7,0.254,0.63992,0.411,0.26812,0.301,0.16432,1.0,0.02844
2376,,0.179,0.57224,0.361,0.2358,0.276,0.132,0.95,-0.03924
2377,8,0.145,0.54256,0.352,0.25348,0.31,0.16168,0.959,1.0
2378,,0.07,0.47488,0.302,0.22116,0.285,0.12936,0.909,0.93232
2379,,-0.005,0.4072,0.252,0.18884,0.26,0.09704,0.859,0.86464
2380,1,1.0,0.36852,0.234,0.19752,0.285,0.11872,0.859,0.83796
2381,,0.925,0.30084,0.184,0.1652,0.26,0.0864,0.809,0.77028
2382,,0.85,0.23316,0.134,0.13288,0.235,0.05408,0.759,0.7026
2383,,0.775,0.16548,0.084,0.10056,0.21,0.02176,0.709,0.63492
2384,,0.7,0.0978,0.034,0.06824,0.185,-0.01056,0.659,0.56724
2385,6,0.679,0.08012,0.038,0.09792,0.01,1.0,0.68,0.56156
2386,,0.604,0.01244,-0.012,0.0656,-0.015,0.96768,0.63,0.49388
2387,5,0.579,-0.00924,-0.012,0.09228,1.0,0.78536,0.648,0.4852
2388,3,0.536,-0.04792,1.0,0.10096,1.0,0.80704,0.648,0.45852
2389,2,0.49,1.0,0.979,0.10664,1.0,0.82472,0.644,0.42884
2390,,0.415,0.93232,0.929,0.07432,0.975,0.7924,0.594,0.36116
2391,,0.34,0.86464,0.879,0.042,0.95,0.76008,0.544,0.29348
2392,,0.265,0.79696,0.829,0.00968,0.925,0.72776,0.494,0.2258
2393,,0.19,0.72928,0.779,-0.02264,0.9,0.69544,0.444,0.15812
2394,4,0.156,0.6996,0.77,1.0,0.934,0.72512,0.453,0.14044
2395,,0.081,0.63192,0.72,0.96768,0.909,0.6928,0.403,0.07276
2396,,0.006,0.56424,0.67,0.93536,0.884,0.66048,0.353,0.00508
2397,,-0.069,0.49656,0.62,0.90304,0.859,0.62816,0.303,-0.0626
2398,1,1.0,0.45788,0.602,0.91172,0.884,0.64984,0.303,-0.08928
2399,8,0.966,0.4282,0.593,0.9294,0.918,0.67952,0.312,1.0
2400,,0.891,0.36052,0.543,0.89708,0.893,0.6472,0.262,0.93232
2401,,0.816,0.29284,0.493,0.86476,0.868,0.61488,0.212,0.86464
2402,,0.741,0.22516,0.443,0.83244,0.843,0.58256,0.162,0.79696
2403,,0.666,0.15748,0.393,0.80012,0.818,0.55024,0.112,0.72928
2404,,0.591,0.0898,0.343,0.7678,0.793,0.51792,0.062,0.6616
2405,,0.516,0.02212,0.293,0.73548,0.768,0.4856,0.012,0.59392
2406,,0.441,-0.04556,0.243,0.70316,0.743,0.45328,-0.038,0.52624
2407,2,0.395,1.0,0.222,0.70884,0.764,0.47096,-0.042,0.49656
2408,7,0.37,0.97832,0.222,0.73552,0.807,0.50964,1.0,0.48788
2409,,0.295,0.91064,0.172,0.7032,0.782,0.47732,0.95,0.4202
2410,,0.22,0.84296,0.122,0.67088,0.757,0.445,0.9,0.35252
2411,,0.145,0.77528,0.072,0.63856,0.732,0.41268,0.85,0.28484
2412,,0.07,0.7076,0.022,0.60624,0.707,0.38036,0.8,0.21716
2413,,-0.005,0.63992,-0.028,0.57392,0.682,0.34804,0.75,0.14948
2414,3,-0.048,0.60124,1.0,0.5826,0.707,0.36972,0.75,0.1228
2415,1,1.0,0.56256,0.982,0.59128,0.732,0.3914,0.75,0.09612
2416,,0.925,0.49488,0.932,0.55896,0.707,0.35908,0.7,0.02844
2417,,0.85,0.4272,0.882,0.52664,0.682,0.32676,0.65,-0.03924
2418,8,0.816,0.39752,0.873,0.54432,0.716,0.35644,0.659,1.0
2419,,0.741,0.32984,0.823,0.512,0.691,0.32412,0.609,0.93232
2420,,0.666,0.26216,0.773,0.47968,0.666,0.2918,0.559,0.86464
2421,,0.591,0.19448,0.723,0.44736,0.641,0.25948,0.509,0.79696
2422,,0.516,0.1268,0.673,0.41504,0.616,0.22716,0.459,0.72928
2423,,0.441,0.05912,0.623,0.38272,0.591,0.19484,0.409,0.6616
2424,,0.366,-0.00856,0.573,0.3504,0.566,0.16252,0.359,0.59392
2425,2,0.32,1.0,0.552,0.35608,0.587,0.1802,0.355,0.56424
2426,,0.245,0.93232,0.502,0.32376,0.562,0.14788,0.305,0.49656
2427,,0.17,0.86464,0.452,0.29144,0.537,0.11556,0.255,0.42888
2428,,0.095,0.79696,0.402,0.25912,0.512,0.08324,0.205,0.3612
2429,,0.02,0.72928,0.352,0.2268,0.487,0.05092,0.155,0.29352
2430,,-0.055,0.6616,0.302,0.19448,0.462,0.0186,0.105,0.22584
2431,1,1.0,0.62292,0.284,0.20316,0.487,0.04028,0.105,0.19916
2432,,0.925,0.55524,0.234,0.17084,0.462,0.00796,0.055,0.13148
2433,,0.85,0.48756,0.184,0.13852,0.437,-0.02436,0.005,0.0638
2434,6,0.829,0.46988,0.188,0.1682,0.262,1.0,0.026,0.05812
2435,,0.754,0.4022,0.138,0.13588,0.237,0.96768,-0.024,-0.00956
2436,7,0.729,0.38052,0.138,0.16256,0.28,1.0,1.0,-0.01824
2437,8,0.695,0.35084,0.129,0.18024,0.314,1.0,1.0,1.0
2438,,0.62,0.28316,0.079,0.14792,0.289,0.96768,0.95,0.93232
2439,,0.545,0.21548,0.029,0.1156,0.264,0.93536,0.9,0.86464
2440,,0.47,0.1478,-0.021,0.08328,0.239,0.90304,0.85,0.79696
2441,3,0.427,0.10912,1.0,0.09196,0.264,0.92472,0.85,0.77028
2442,,0.352,0.04144,0.95,0.05964,0.239,0.8924,0.8,0.7026
2443,,0.277,-0.02624,0.9,0.02732,0.214,0.86008,0.75,0.63492
2444,2,0.231,1.0,0.879,0.033,0.235,0.87776,0.746,0.60524
2445,,0.156,0.93232,0.829,0.00068,0.21,0.84544,0.696,0.53756
2446,,0.081,0.86464,0.779,-0.03164,0.185,0.81312,0.646,0.46988
2447,4,0.047,0.83496,0.77,1.0,0.219,0.8428,0.655,0.4522
2448,,-0.028,0.76728,0.72,0.96768,0.194,0.81048,0.605,0.38452
2449,1,1.0,0.7286,0.702,0.97636,0.219,0.83216,0.605,0.35784
2450,,0.925,0.66092,0.652,0.94404,0.194,0.79984,0.555,0.29016
2451,,0.85,0.59324,0.602,0.91172,0.169,0.76752,0.505,0.22248
2452,,0.775,0.52556,0.552,0.8794,0.144,0.7352,0.455,0.1548
2453,,0.7,0.45788,0.502,0.84708,0.119,0.70288,0.405,0.08712
2454,,0.625,0.3902,0.452,0.81476,0.094,0.67056,0.355,0.01944
2455,,0.55,0.32252,0.402,0.78244,0.069,0.63824,0.305,-0.04824
2456,8,0.516,0.29284,0.393,0.80012,0.103,0.66792,0.314,1.0
2457,,0.441,0.22516,0.343,0.7678,0.078,0.6356,0.264,0.93232
2458,,0.366,0.15748,0.293,0.73548,0.053,0.60328,0.214,0.86464
2459,,0.291,0.0898,0.243,0.70316,0.028,0.57096,0.164,0.79696
2460,,0.216,0.02212,0.193,0.67084,0.003,0.53864,0.114,0.72928
2461,,0.141,-0.04556,0.143,0.63852,-0.022,0.50632,0.064,0.6616
2462,2,0.095,1.0,0.122,0.6442,-0.001,0.524,0.06,0.63192
2463,5,0.07,0.97832,0.122,0.67088,1.0,0.34168,0.078,0.62324
2464,,-0.005,0.91064,0.072,0.63856,0.975,0.30936,0.028,0.55556
2465,1,1.0,0.87196,0.054,0.64724,1.0,0.33104,0.028,0.52888
2466,,0.925,0.80428,0.004,0.61492,0.975,0.29872,-0.022,0.4612
2467,7,0.9,0.7826,0.004,0.6416,1.0,0.3374,1.0,0.45252
2468,,0.825,0.71492,-0.046,0.60928,0.975,0.30508,0.95,0.38484
2469,3,0.782,0.67624,1.0,0.61796,1.0,0.32676,0.95,0.35816
2470,,0.707,0.60856,0.95,0.58564,0.975,0.29444,0.9,0.29048
2471,,0.632,0.54088,0.9,0.55332,0.95,0.26212,0.85,0.2228
2472,,0.557,0.4732,0.85,0.521,0.925,0.2298,0.8,0.15512
2473,,0.482,0.40552,0.8,0.48868,0.9,0.19748,0.75,0.08744
2474,,0.407,0.33784,0.75,0.45636,0.875,0.16516,0.7,0.01976
2475,,0.332,0.27016,0.7,0.42404,0.85,0.13284,0.65,-0.04792
2476,8,0.298,0.24048,0.691,0.44172,0.884,0.16252,0.659,1.0
2477,,0.223,0.1728,0.641,0.4094,0.859,0.1302,0.609,0.93232
2478,,0.148,0.10512,0.591,0.37708,0.834,0.09788,0.559,0.86464
2479,,0.073,0.03744,0.541,0.34476,0.809,0.06556,0.509,0.79696
2480,,-0.002,-0.03024,0.491,0.31244,0.784,0.03324,0.459,0.72928
2481,2,-0.048,1.0,0.47,0.31812,0.805,0.05092,0.455,0.6996
2482,1,1.0,0.96132,0.452,0.3268,0.83,0.0726,0.455,0.67292
2483,,0.925,0.89364,0.402,0.29448,0.805,0.04028,0.405,0.60524
2484,,0.85,0.82596,0.352,0.26216,0.78,0.00796,0.355,0.53756
2485,,0.775,0.75828,0.302,0.22984,0.755,-0.02436,0.305,0.46988
2486,6,0.754,0.7406,0.306,0.25952,0.58,1.0,0.326,0.4642
2487,,0.679,0.67292,0.256,0.2272,0.555,0.96768,0.276,0.39652
2488,,0.604,0.60524,0.206,0.19488,0.53,0.93536,0.226,0.32884
2489,,0.529,0.53756,0.156,0.16256,0.505,0.90304,0.176,0.26116
2490,,0.454,0.46988,0.106,0.13024,0.48,0.87072,0.126,0.19348
2491,,0.379,0.4022,0.056,0.09792,0.455,0.8384,0.076,0.1258
2492,,0.304,0.33452,0.006,0.0656,0.43,0.80608,0.026,0.05812
2493,,0.229,0.26684,-0.044,0.03328,0.405,0.77376,-0.024,-0.00956
2494,3,0.186,0.22816,1.0,0.04196,0.43,0.79544,-0.024,-0.03624
2495,8,0.152,0.19848,0.991,0.05964,0.464,0.82512,-0.015,1.0
2496,7,0.127,0.1768,0.991,0.08632,0.507,0.8638,1.0,0.99132
2497,,0.052,0.10912,0.941,0.054,0.482,0.83148,0.95,0.92364
2498,,-0.023,0.04144,0.891,0.02168,0.457,0.79916,0.9,0.85596
2499,1,1.0,0.00276,0.873,0.03036,0.482,0.82084,0.9,0.82928
2500,,0.925,-0.06492,0.823,-0.00196,0.457,0.78852,0.85,0.7616
2501,2,0.879,1.0,0.802,0.00372,0.478,0.8062,0.846,0.73192
2502,,0.804,0.93232,0.752,-0.0286,0.453,0.77388,0.796,0.66424
2503,4,0.77,0.90264,0.743,1.0,0.487,0.80356,0.805,0.64656
2504,,0.695,0.83496,0.693,0.96768,0.462,0.77124,0.755,0.57888
2505,,0.62,0.76728,0.643,0.93536,0.437,0.73892,0.705,0.5112
2506,,0.545,0.6996,0.593,0.90304,0.412,0.7066,0.655,0.44352
2507,,0.47,0.63192,0.543,0.87072,0.387,0.67428,0.605,0.37584
2508,,0.395,0.56424,0.493,0.8384,0.362,0.64196,0.555,0.30816
2509,,0.32,0.49656,0.443,0.80608,0.337,0.60964,0.505,0.24048
2510,,0.245,0.42888,0.393,0.77376,0.312,0.57732,0.455,0.1728
2511,,0.17,0.3612,0.343,0.74144,0.287,0.545,0.405,0.10512
2512,,0.095,0.29352,0.293,0.70912,0.262,0.51268,0.355,0.03744
2513,,0.02,0.22584,0.243,0.6768,0.237,0.48036,0.305,-0.03024
2514,8,-0.014,0.19616,0.234,0.69448,0.271,0.51004,0.314,1.0
2515,1,1.0,0.15748,0.216,0.70316,0.296,0.53172,0.314,0.97332
2516,,0.925,0.0898,0.166,0.67084,0.271,0.4994,0.264,0.90564
2517,,0.85,0.02212,0.116,0.63852,0.246,0.46708,0.214,0.83796
2518,,0.775,-0.04556,0.066,0.6062,0.221,0.43476,0.164,0.77028
2519,2,0.729,1.0,0.045,0.61188,0.242,0.45244,0.16,0.7406
2520,,0.654,0.93232,-0.005,0.57956,0.217,0.42012,0.11,0.67292
2521,3,0.611,0.89364,1.0,0.58824,0.242,0.4418,0.11,0.64624
2522,,0.536,0.82596,0.95,0.55592,0.217,0.40948,0.06,0.57856
2523,,0.461,0.75828,0.9,0.5236,0.192,0.37716,0.01,0.51088
2524,,0.386,0.6906,0.85,0.49128,0.167,0.34484,-0.04,0.4432
2525,7,0.361,0.66892,0.85,0.51796,0.21,0.38352,1.0,0.43452
2526,,0.286,0.60124,0.8,0.48564,0.185,0.3512,0.95,0.36684
2527,,0.211,0.53356,0.75,0.45332,0.16,0.31888,0.9,0.29916
2528,,0.136,0.46588,0.7,0.421,0.135,0.28656,0.85,0.23148
2529,,0.061,0.3982,0.65,0.38868,0.11,0.25424,0.8,0.1638
2530,,-0.014,0.33052,0.6,0.35636,0.085,0.22192,0.75,0.09612
2531,1,1.0,0.29184,0.582,0.36504,0.11,0.2436,0.75,0.06944
2532,,0.925,0.22416,0.532,0.33272,0.085,0.21128,0.7,0.00176
2533,,0.85,0.15648,0.482,0.3004,0.06,0.17896,0.65,-0.06592
2534,8,0.816,0.1268,0.473,0.31808,0.094,0.20864,0.659,1.0
2535,,0.741,0.05912,0.423,0.28576,0.069,0.17632,0.609,0.93232
2536,,0.666,-0.00856,0.373,0.25344,0.044,0.144,0.559,0.86464
2537,2,0.62,1.0,0.352,0.25912,0.065,0.16168,0.555,0.83496
2538,,0.545,0.93232,0.302,0.2268,0.04,0.12936,0.505,0.76728
2539,,0.47,0.86464,0.252,0.19448,0.015,0.09704,0.455,0.6996
2540,,0.395,0.79696,0.202,0.16216,-0.01,0.06472,0.405,0.63192
2541,5,0.37,0.77528,0.202,0.18884,1.0,-0.1176,0.423,0.62324
2542,6,0.349,0.7576,0.206,0.21852,0.825,1.0,0.444,0.61756
2543,,0.274,0.68992,0.156,0.1862,0.8,0.96768,0.394,0.54988
2544,,0.199,0.62224,0.106,0.15388,0.775,0.93536,0.344,0.4822
2545,,0.124,0.55456,0.056,0.12156,0.75,0.90304,0.294,0.41452
2546,,0.049,0.48688,0.006,0.08924,0.725,0.87072,0.244,0.34684
2547,,-0.026,0.4192,-0.044,0.05692,0.7,0.8384,0.194,0.27916
2548,3,-0.069,0.38052,1.0,0.0656,0.725,0.86008,0.194,0.25248
2549,1,1.0,0.34184,0.982,0.07428,0.75,0.88176,0.194,0.2258
2550,,0.925,0.27416,0.932,0.04196,0.725,0.84944,0.144,0.15812
2551,,0.85,0.20648,0.882,0.00964,0.7,0.81712,0.094,0.09044
2552,,0.775,0.1388,0.832,-0.02268,0.675,0.7848,0.044,0.02276
2553,4,0.741,0.10912,0.823,1.0,0.709,0.81448,0.053,0.00508
2554,,0.666,0.04144,0.773,0.96768,0.684,0.78216,0.003,-0.0626
2555,8,0.632,0.01176,0.764,0.98536,0.718,0.81184,0.012,1.0
2556,,0.557,-0.05592,0.714,0.95304,0.693,0.77952,-0.038,0.93232
2557,2,0.511,1.0,0.693,0.95872,0.714,0.7972,-0.042,0.90264
2558,7,0.486,0.97832,0.693,0.9854,0.757,0.83588,1.0,0.89396
2559,,0.411,0.91064,0.643,0.95308,0.732,0.80356,0.95,0.82628
2560,,0.336,0.84296,0.593,0.92076,0.707,0.77124,0.9,0.7586
2561,,0.261,0.77528,0.543,0.88844,0.682,0.73892,0.85,0.69092
2562,,0.186,0.7076,0.493,0.85612,0.657,0.7066,0.8,0.62324
2563,,0.111,0.63992,0.443,0.8238,0.632,0.67428,0.75,0.55556
2564,,0.036,0.57224,0.393,0.79148,0.607,0.64196,0.7,0.48788
2565,,-0.039,0.50456,0.343,0.75916,0.582,0.60964,0.65,0.4202
2566,1,1.0,0.46588,0.325,0.76784,0.607,0.63132,0.65,0.39352
2567,,0.925,0.3982,0.275,0.73552,0.582,0.599,0.6,0.32584
2568,,0.85,0.33052,0.225,0.7032,0.557,0.56668,0.55,0.25816
2569,,0.775,0.26284,0.175,0.67088,0.532,0.53436,0.5,0.19048
2570,,0.7,0.19516,0.125,0.63856,0.507,0.50204,0.45,0.1228
2571,,0.625,0.12748,0.075,0.60624,0.482,0.46972,0.4,0.05512
2572,,0.55,0.0598,0.025,0.57392,0.457,0.4374,0.35,-0.01256
2573,8,0.516,0.03012,0.016,0.5916,0.491,0.46708,0.359,1.0
2574,,0.441,-0.03756,-0.034,0.55928,0.466,0.43476,0.309,0.93232
2575,2,0.395,1.0,-0.055,0.56496,0.487,0.45244,0.305,0.90264
2576,3,0.352,0.96132,1.0,0.57364,0.512,0.47412,0.305,0.87596
2577,,0.277,0.89364,0.95,0.54132,0.487,0.4418,0.255,0.80828
2578,,0.202,0.82596,0.9,0.509,0.462,0.40948,0.205,0.7406
2579,,0.127,0.75828,0.85,0.47668,0.437,0.37716,0.155,0.67292
2580,,0.052,0.6906,0.8,0.44436,0.412,0.34484,0.105,0.60524
2581,,-0.023,0.62292,0.75,0.41204,0.387,0.31252,0.055,0.53756
2582,1,1.0,0.58424,0.732,0.42072,0.412,0.3342,0.055,0.51088
2583,,0.925,0.51656,0.682,0.3884,0.387,0.30188,0.005,0.4432
2584,,0.85,0.44888,0.632,0.35608,0.362,0.26956,-0.045,0.37552
2585,7,0.825,0.4272,0.632,0.38276,0.405,0.30824,1.0,0.36684
2586,,0.75,0.35952,0.582,0.35044,0.38,0.27592,0.95,0.29916
2587,,0.675,0.29184,0.532,0.31812,0.355,0.2436,0.9,0.23148
2588,,0.6,0.22416,0.482,0.2858,0.33,0.21128,0.85,0.1638
2589,,0.525,0.15648,0.432,0.25348,0.305,0.17896,0.8,0.09612
2590,,0.45,0.0888,0.382,0.22116,0.28,0.14664,0.75,0.02844
2591,,0.375,0.02112,0.332,0.18884,0.255,0.11432,0.7,-0.03924
2592,8,0.341,-0.00856,0.323,0.20652,0.289,0.144,0.709,1.0
2593,2,0.295,1.0,0.302,0.2122,0.31,0.16168,0.705,0.97032
2594,,0.22,0.93232,0.252,0.17988,0.285,0.12936,0.655,0.90264
2595,,0.145,0.86464,0.202,0.14756,0.26,0.09704,0.605,0.83496
2596,,0.07,0.79696,0.152,0.11524,0.235,0.06472,0.555,0.76728
2597,,-0.005,0.72928,0.102,0.08292,0.21,0.0324,0.505,0.6996
2598,1,1.0,0.6906,0.084,0.0916,0.235,0.05408,0.505,0.67292
2599,,0.925,0.62292,0.034,0.05928,0.21,0.02176,0.455,0.60524
2600,,0.85,0.55524,-0.016,0.02696,0.185,-0.01056,0.405,0.53756
2601,3,0.807,0.51656,1.0,0.03564,0.21,0.01112,0.405,0.51088
2602,,0.732,0.44888,0.95,0.00332,0.185,-0.0212,0.355,0.4432
2603,6,0.711,0.4312,0.954,0.033,0.01,1.0,0.376,0.43752
2604,,0.636,0.36352,0.904,0.00068,-0.015,0.96768,0.326,0.36984
2605,5,0.611,0.34184,0.904,0.02736,1.0,0.78536,0.344,0.36116
2606,,0.536,0.27416,0.854,-0.00496,0.975,0.75304,0.294,0.29348
2607,4,0.502,0.24448,0.845,1.0,1.0,0.78272,0.303,0.2758
2608,,0.427,0.1768,0.795,0.96768,0.975,0.7504,0.253,0.20812
2609,,0.352,0.10912,0.745,0.93536,0.95,0.71808,0.203,0.14044
2610,,0.277,0.04144,0.695,0.90304,0.925,0.68576,0.153,0.07276
2611,,0.202,-0.02624,0.645,0.87072,0.9,0.65344,0.103,0.00508
2612,2,0.156,1.0,0.624,0.8764,0.921,0.67112,0.099,-0.0246
2613,8,0.122,0.97032,0.615,0.89408,0.955,0.7008,0.108,1.0
2614,,0.047,0.90264,0.565,0.86176,0.93,0.66848,0.058,0.93232
2615,,-0.028,0.83496,0.515,0.82944,0.905,0.63616,0.008,0.86464
2616,1,1.0,0.79628,0.497,0.83812,0.93,0.65784,0.008,0.83796
2617,,0.925,0.7286,0.447,0.8058,0.905,0.62552,-0.042,0.77028
2618,7,0.9,0.70692,0.447,0.83248,0.948,0.6642,1.0,0.7616
2619,,0.825,0.63924,0.397,0.80016,0.923,0.63188,0.95,0.69392
2620,,0.75,0.57156,0.347,0.76784,0.898,0.59956,0.9,0.62624
2621,,0.675,0.50388,0.297,0.73552,0.873,0.56724,0.85,0.55856
2622,,0.6,0.4362,0.247,0.7032,0.848,0.53492,0.8,0.49088
2623,,0.525,0.36852,0.197,0.67088,0.823,0.5026,0.75,0.4232
2624,,0.45,0.30084,0.147,0.63856,0.798,0.47028,0.7,0.35552
2625,,0.375,0.23316,0.097,0.60624,0.773,0.43796,0.65,0.28784
2626,,0.3,0.16548,0.047,0.57392,0.748,0.40564,0.6,0.22016
2627,,0.225,0.0978,-0.003,0.5416,0.723,0.37332,0.55,0.15248
2628,3,0.182,0.05912,1.0,0.55028,0.748,0.395,0.55,0.1258
2629,,0.107,-0.00856,0.95,0.51796,0.723,0.36268,0.5,0.05812
2630,2,0.061,1.0,0.929,0.52364,0.744,0.38036,0.496,0.02844
2631,,-0.014,0.93232,0.879,0.49132,0.719,0.34804,0.446,-0.03924
2632,8,-0.048,0.90264,0.87,0.509,0.753,0.37772,0.455,1.0
2633,1,1.0,0.86396,0.852,0.51768,0.778,0.3994,0.455,0.97332
2634,,0.925,0.79628,0.802,0.48536,0.753,0.36708,0.405,0.90564
2635,,0.85,0.7286,0.752,0.45304,0.728,0.33476,0.355,0.83796
2636,,0.775,0.66092,0.702,0.42072,0.703,0.30244,0.305,0.77028
2637,,0.7,0.59324,0.652,0.3884,0.678,0.27012,0.255,0.7026
2638,,0.625,0.52556,0.602,0.35608,0.653,0.2378,0.205,0.63492
2639,,0.55,0.45788,0.552,0.32376,0.628,0.20548,0.155,0.56724
2640,,0.475,0.3902,0.502,0.29144,0.603,0.17316,0.105,0.49956
2641,,0.4,0.32252,0.452,0.25912,0.578,0.14084,0.055,0.43188
2642,,0.325,0.25484,0.402,0.2268,0.553,0.10852,0.005,0.3642
2643,,0.25,0.18716,0.352,0.19448,0.528,0.0762,-0.045,0.29652
2644,7,0.225,0.16548,0.352,0.22116,0.571,0.11488,1.0,0.28784
2645,,0.15,0.0978,0.302,0.18884,0.546,0.08256,0.95,0.22016
2646,,0.075,0.03012,0.252,0.15652,0.521,0.05024,0.9,0.15248
2647,,-0.0,-0.03756,0.202,0.1242,0.496,0.01792,0.85,0.0848
2648,2,-0.046,1.0,0.181,0.12988,0.517,0.0356,0.846,0.05512
2649,1,1.0,0.96132,0.163,0.13856,0.542,0.05728,0.846,0.02844
2650,,0.925,0.89364,0.113,0.10624,0.517,0.02496,0.796,-0.03924
2651,8,0.891,0.86396,0.104,0.12392,0.551,0.05464,0.805,1.0
2652,,0.816,0.79628,0.054,0.0916,0.526,0.02232,0.755,0.93232
2653,,0.741,0.7286,0.004,0.05928,0.501,-0.01,0.705,0.86464
2654,6,0.72,0.71092,0.008,0.08896,0.326,1.0,0.726,0.85896
2655,,0.645,0.64324,-0.042,0.05664,0.301,0.96768,0.676,0.79128
2656,3,0.602,0.60456,1.0,0.06532,0.326,0.98936,0.676,0.7646
2657,,0.527,0.53688,0.95,0.033,0.301,0.95704,0.626,0.69692
2658,,0.452,0.4692,0.9,0.00068,0.276,0.92472,0.576,0.62924
2659,,0.377,0.40152,0.85,-0.03164,0.251,0.8924,0.526,0.56156
2660,4,0.343,0.37184,0.841,1.0,0.285,0.92208,0.535,0.54388
2661,,0.268,0.30416,0.791,0.96768,0.26,0.88976,0.485,0.4762
2662,,0.193,0.23648,0.741,0.93536,0.235,0.85744,0.435,0.40852
2663,,0.118,0.1688,0.691,0.90304,0.21,0.82512,0.385,0.34084
2664,,0.043,0.10112,0.641,0.87072,0.185,0.7928,0.335,0.27316
2665,,-0.032,0.03344,0.591,0.8384,0.16,0.76048,0.285,0.20548
2666,1,1.0,-0.00524,0.573,0.84708,0.185,0.78216,0.285,0.1788
2667,2,0.954,1.0,0.552,0.85276,0.206,0.79984,0.281,0.14912
2668,,0.879,0.93232,0.502,0.82044,0.181,0.76752,0.231,0.08144
2669,,0.804,0.86464,0.452,0.78812,0.156,0.7352,0.181,0.01376
2670,,0.729,0.79696,0.402,0.7558,0.131,0.70288,0.131,-0.05392
2671,8,0.695,0.76728,0.393,0.77348,0.165,0.73256,0.14,1.0
2672,,0.62,0.6996,0.343,0.74116,0.14,0.70024,0.09,0.93232
2673,,0.545,0.63192,0.293,0.70884,0.115,0.66792,0.04,0.86464
2674,,0.47,0.56424,0.243,0.67652,0.09,0.6356,-0.01,0.79696
2675,7,0.445,0.54256,0.243,0.7032,0.133,0.67428,1.0,0.78828
2676,,0.37,0.47488,0.193,0.67088,0.108,0.64196,0.95,0.7206
2677,,0.295,0.4072,0.143,0.63856,0.083,0.60964,0.9,0.65292
2678,,0.22,0.33952,0.093,0.60624,0.058,0.57732,0.85,0.58524
2679,,0.145,0.27184,0.043,0.57392,0.033,0.545,0.8,0.51756
2680,,0.07,0.20416,-0.007,0.5416,0.008,0.51268,0.75,0.44988
2681,3,0.027,0.16548,1.0,0.55028,0.033,0.53436,0.75,0.4232
2682,,-0.048,0.0978,0.95,0.51796,0.008,0.50204,0.7,0.35552
2683,1,1.0,0.05912,0.932,0.52664,0.033,0.52372,0.7,0.32884
2684,,0.925,-0.00856,0.882,0.49432,0.008,0.4914,0.65,0.26116
2685,2,0.879,1.0,0.861,0.5,0.029,0.50908,0.646,0.23148
2686,,0.804,0.93232,0.811,0.46768,0.004,0.47676,0.596,0.1638
2687,,0.729,0.86464,0.761,0.43536,-0.021,0.44444,0.546,0.09612
2688,5,0.704,0.84296,0.761,0.46204,1.0,0.26212,0.564,0.08744
2689,,0.629,0.77528,0.711,0.42972,0.975,0.2298,0.514,0.01976
2690,,0.554,0.7076,0.661,0.3974,0.95,0.19748,0.464,-0.04792
2691,8,0.52,0.67792,0.652,0.41508,0.984,0.22716,0.473,1.0
2692,,0.445,0.61024,0.602,0.38276,0.959,0.19484,0.423,0.93232
2693,,0.37,0.54256,0.552,0.35044,0.934,0.16252,0.373,0.86464
2694,,0.295,0.47488,0.502,0.31812,0.909,0.1302,0.323,0.79696
2695,,0.22,0.4072,0.452,0.2858,0.884,0.09788,0.273,0.72928
2696,,0.145,0.33952,0.402,0.25348,0.859,0.06556,0.223,0.6616
2697,,0.07,0.27184,0.352,0.22116,0.834,0.03324,0.173,0.59392
2698,,-0.005,0.20416,0.302,0.18884,0.809,0.00092,0.123,0.52624
2699,1,1.0,0.16548,0.284,0.19752,0.834,0.0226,0.123,0.49956
2700,,0.925,0.0978,0.234,0.1652,0.809,-0.00972,0.073,0.43188
2701,6,0.904,0.08012,0.238,0.19488,0.634,1.0,0.094,0.4262
2702,,0.829,0.01244,0.188,0.16256,0.609,0.96768,0.044,0.35852
2703,,0.754,-0.05524,0.138,0.13024,0.584,0.93536,-0.006,0.29084
2704,2,0.708,1.0,0.117,0.13592,0.605,0.95304,-0.01,0.26116
2705,7,0.683,0.97832,0.117,0.1626,0.648,0.99172,1.0,0.25248
2706,,0.608,0.91064,0.067,0.13028,0.623,0.9594,0.95,0.1848
2707,,0.533,0.84296,0.017,0.09796,0.598,0.92708,0.9,0.11712
2708,,0.458,0.77528,-0.033,0.06564,0.573,0.89476,0.85,0.04944
2709,3,0.415,0.7366,1.0,0.07432,0.598,0.91644,0.85,0.02276
2710,,0.34,0.66892,0.95,0.042,0.573,0.88412,0.8,-0.04492
2711,8,0.306,0.63924,0.941,0.05968,0.607,0.9138,0.809,1.0
2712,,0.231,0.57156,0.891,0.02736,0.582,0.88148,0.759,0.93232
2713,,0.156,0.50388,0.841,-0.00496,0.557,0.84916,0.709,0.86464
2714,4,0.122,0.4742,0.832,1.0,0.591,0.87884,0.718,0.84696
2715,,0.047,0.40652,0.782,0.96768,0.566,0.84652,0.668,0.77928
2716,,-0.028,0.33884,0.732,0.93536,0.541,0.8142,0.618,0.7116
2717,1,1.0,0.30016,0.714,0.94404,0.566,0.83588,0.618,0.68492
2718,,0.925,0.23248,0.664,0.91172,0.541,0.80356,0.568,0.61724
2719,,0.85,0.1648,0.614,0.8794,0.516,0.77124,0.518,0.54956
2720,,0.775,0.09712,0.564,0.84708,0.491,0.73892,0.468,0.48188
2721,,0.7,0.02944,0.514,0.81476,0.466,0.7066,0.418,0.4142
2722,,0.625,-0.03824,0.464,0.78244,0.441,0.67428,0.368,0.34652
2723,2,0.579,1.0,0.443,0.78812,0.462,0.69196,0.364,0.31684
2724,,0.504,0.93232,0.393,0.7558,0.437,0.65964,0.314,0.24916
2725,,0.429,0.86464,0.343,0.72348,0.412,0.62732,0.264,0.18148
2726,,0.354,0.79696,0.293,0.69116,0.387,0.595,0.214,0.1138
2727,,0.279,0.72928,0.243,0.65884,0.362,0.56268,0.164,0.04612
2728,,0.204,0.6616,0.193,0.62652,0.337,0.53036,0.114,-0.02156
2729,8,0.17,0.63192,0.184,0.6442,0.371,0.56004,0.123,1.0
2730,,0.095,0.56424,0.134,0.61188,0.346,0.52772,0.073,0.93232
2731,,0.02,0.49656,0.084,0.57956,0.321,0.4954,0.023,0.86464
2732,,-0.055,0.42888,0.034,0.54724,0.296,0.46308,-0.027,0.79696
2733,1,1.0,0.3902,0.016,0.55592,0.321,0.48476,-0.027,0.77028
2734,7,0.975,0.36852,0.016,0.5826,0.364,0.52344,1.0,0.7616
2735,,0.9,0.30084,-0.034,0.55028,0.339,0.49112,0.95,0.69392
2736,3,0.857,0.26216,1.0,0.55896,0.364,0.5128,0.95,0.66724
2737,,0.782,0.19448,0.95,0.52664,0.339,0.48048,0.9,0.59956
2738,,0.707,0.1268,0.9,0.49432,0.314,0.44816,0.85,0.53188
2739,,0.632,0.05912,0.85,0.462,0.289,0.41584,0.8,0.4642
2740,,0.557,-0.00856,0.8,0.42968,0.264,0.38352,0.75,0.39652
2741,2,0.511,1.0,0.779,0.43536,0.285,0.4012,0.746,0.36684
2742,,0.436,0.93232,0.729,0.40304,0.26,0.36888,0.696,0.29916
2743,,0.361,0.86464,0.679,0.37072,0.235,0.33656,0.646,0.23148
2744,,0.286,0.79696,0.629,0.3384,0.21,0.30424,0.596,0.1638
2745,,0.211,0.72928,0.579,0.30608,0.185,0.27192,0.546,0.09612
2746,,0.136,0.6616,0.529,0.27376,0.16,0.2396,0.496,0.02844
2747,,0.061,0.59392,0.479,0.24144,0.135,0.20728,0.446,-0.03924
2748,8,0.027,0.56424,0.47,0.25912,0.169,0.23696,0.455,1.0
2749,,-0.048,0.49656,0.42,0.2268,0.144,0.20464,0.405,0.93232
2750,1,1.0,0.45788,0.402,0.23548,0.169,0.22632,0.405,0.90564
2751,,0.925,0.3902,0.352,0.20316,0.144,0.194,0.355,0.83796
2752,,0.85,0.32252,0.302,0.17084,0.119,0.16168,0.305,0.77028
2753,,0.775,0.25484,0.252,0.13852,0.094,0.12936,0.255,0.7026
2754,,0.7,0.18716,0.202,0.1062,0.069,0.09704,0.205,0.63492
2755,,0.625,0.11948,0.152,0.07388,0.044,0.06472,0.155,0.56724
2756,,0.55,0.0518,0.102,0.04156,0.019,0.0324,0.105,0.49956
2757,,0.475,-0.01588,0.052,0.00924,-0.006,8e-05,0.055,0.43188
2758,2,0.429,1.0,0.031,0.01492,0.015,0.01776,0.051,0.4022
2759,,0.354,0.93232,-0.019,-0.0174,-0.01,-0.01456,0.001,0.33452
2760,3,0.311,0.89364,1.0,-0.00872,0.015,0.00712,0.001,0.30784
2761,4,0.277,0.86396,0.991,1.0,0.049,0.0368,0.01,0.29016
2762,,0.202,0.79628,0.941,0.96768,0.024,0.00448,-0.04,0.22248
2763,7,0.177,0.7746,0.941,0.99436,0.067,0.04316,1.0,0.2138
2764,,0.102,0.70692,0.891,0.96204,0.042,0.01084,0.95,0.14612
2765,,0.027,0.63924,0.841,0.92972,0.017,-0.02148,0.9,0.07844
2766,6,0.006,0.62156,0.845,0.9594,-0.158,1.0,0.921,0.07276
2767,5,-0.019,0.59988,0.845,0.98608,1.0,0.81768,0.939,0.06408
2768,1,1.0,0.5612,0.827,0.99476,1.0,0.83936,0.939,0.0374
2769,,0.925,0.49352,0.777,0.96244,0.975,0.80704,0.889,-0.03028
2770,8,0.891,0.46384,0.768,0.98012,1.0,0.83672,0.898,1.0
2771,,0.816,0.39616,0.718,0.9478,0.975,0.8044,0.848,0.93232
2772,,0.741,0.32848,0.668,0.91548,0.95,0.77208,0.798,0.86464
2773,,0.666,0.2608,0.618,0.88316,0.925,0.73976,0.748,0.79696
2774,,0.591,0.19312,0.568,0.85084,0.9,0.70744,0.698,0.72928
2775,,0.516,0.12544,0.518,0.81852,0.875,0.67512,0.648,0.6616
2776,,0.441,0.05776,0.468,0.7862,0.85,0.6428,0.598,0.59392
2777,,0.366,-0.00992,0.418,0.75388,0.825,0.61048,0.548,0.52624
2778,2,0.32,1.0,0.397,0.75956,0.846,0.62816,0.544,0.49656
2779,,0.245,0.93232,0.347,0.72724,0.821,0.59584,0.494,0.42888
2780,,0.17,0.86464,0.297,0.69492,0.796,0.56352,0.444,0.3612
2781,,0.095,0.79696,0.247,0.6626,0.771,0.5312,0.394,0.29352
2782,,0.02,0.72928,0.197,0.63028,0.746,0.49888,0.344,0.22584
2783,,-0.055,0.6616,0.147,0.59796,0.721,0.46656,0.294,0.15816
2784,1,1.0,0.62292,0.129,0.60664,0.746,0.48824,0.294,0.13148
2785,,0.925,0.55524,0.079,0.57432,0.721,0.45592,0.244,0.0638
2786,,0.85,0.48756,0.029,0.542,0.696,0.4236,0.194,-0.00388
2787,8,0.816,0.45788,0.02,0.55968,0.73,0.45328,0.203,1.0
2788,,0.741,0.3902,-0.03,0.52736,0.705,0.42096,0.153,0.93232
2789,3,0.698,0.35152,1.0,0.53604,0.73,0.44264,0.153,0.90564
2790,,0.623,0.28384,0.95,0.50372,0.705,0.41032,0.103,0.83796
2791,,0.548,0.21616,0.9,0.4714,0.68,0.378,0.053,0.77028
2792,,0.473,0.14848,0.85,0.43908,0.655,0.34568,0.003,0.7026
2793,,0.398,0.0808,0.8,0.40676,0.63,0.31336,-0.047,0.63492
2794,7,0.373,0.05912,0.8,0.43344,0.673,0.35204,1.0,0.62624
2795,,0.298,-0.00856,0.75,0.40112,0.648,0.31972,0.95,0.55856
2796,2,0.252,1.0,0.729,0.4068,0.669,0.3374,0.946,0.52888
2797,,0.177,0.93232,0.679,0.37448,0.644,0.30508,0.896,0.4612
2798,,0.102,0.86464,0.629,0.34216,0.619,0.27276,0.846,0.39352
2799,,0.027,0.79696,0.579,0.30984,0.594,0.24044,0.796,0.32584
2800,,-0.048,0.72928,0.529,0.27752,0.569,0.20812,0.746,0.25816
2801,1,1.0,0.6906,0.511,0.2862,0.594,0.2298,0.746,0.23148
2802,,0.925,0.62292,0.461,0.25388,0.569,0.19748,0.696,0.1638
2803,,0.85,0.55524,0.411,0.22156,0.544,0.16516,0.646,0.09612
2804,,0.775,0.48756,0.361,0.18924,0.519,0.13284,0.596,0.02844
2805,,0.7,0.41988,0.311,0.15692,0.494,0.10052,0.546,-0.03924
2806,8,0.666,0.3902,0.302,0.1746,0.528,0.1302,0.555,1.0
2807,,0.591,0.32252,0.252,0.14228,0.503,0.09788,0.505,0.93232
2808,,0.516,0.25484,0.202,0.10996,0.478,0.06556,0.455,0.86464
2809,,0.441,0.18716,0.152,0.07764,0.453,0.03324,0.405,0.79696
2810,,0.366,0.11948,0.102,0.04532,0.428,0.00092,0.355,0.72928
2811,,0.291,0.0518,0.052,0.013,0.403,-0.0314,0.305,0.6616
2812,6,0.27,0.03412,0.056,0.04268,0.228,1.0,0.326,0.65592
2813,,0.195,-0.03356,0.006,0.01036,0.203,0.96768,0.276,0.58824
2814,2,0.149,1.0,-0.015,0.01604,0.224,0.98536,0.272,0.55856
2815,3,0.106,0.96132,1.0,0.02472,0.249,1.0,0.272,0.53188
2816,,0.031,0.89364,0.95,-0.0076,0.224,0.96768,0.222,0.4642
2817,4,-0.003,0.86396,0.941,1.0,0.258,0.99736,0.231,0.44652
2818,1,1.0,0.82528,0.923,1.0,0.283,1.0,0.231,0.41984
2819,,0.925,0.7576,0.873,0.96768,0.258,0.96768,0.181,0.35216
2820,,0.85,0.68992,0.823,0.93536,0.233,0.93536,0.131,0.28448
2821,,0.775,0.62224,0.773,0.90304,0.208,0.90304,0.081,0.2168
2822,,0.7,0.55456,0.723,0.87072,0.183,0.87072,0.031,0.14912
2823,,0.625,0.48688,0.673,0.8384,0.158,0.8384,-0.019,0.08144
2824,7,0.6,0.4652,0.673,0.86508,0.201,0.87708,1.0,0.07276
2825,,0.525,0.39752,0.623,0.83276,0.176,0.84476,0.95,0.00508
2826,,0.45,0.32984,0.573,0.80044,0.151,0.81244,0.9,-0.0626
2827,8,0.416,0.30016,0.564,0.81812,0.185,0.84212,0.909,1.0
2828,,0.341,0.23248,0.514,0.7858,0.16,0.8098,0.859,0.93232
2829,,0.266,0.1648,0.464,0.75348,0.135,0.77748,0.809,0.86464
2830,,0.191,0.09712,0.414,0.72116,0.11,0.74516,0.759,0.79696
2831,,0.116,0.02944,0.364,0.68884,0.085,0.71284,0.709,0.72928
2832,,0.041,-0.03824,0.314,0.65652,0.06,0.68052,0.659,0.6616
2833,2,-0.005,1.0,0.293,0.6622,0.081,0.6982,0.655,0.63192
2834,1,1.0,0.96132,0.275,0.67088,0.106,0.71988,0.655,0.60524
2835,,0.925,0.89364,0.225,0.63856,0.081,0.68756,0.605,0.53756
2836,,0.85,0.82596,0.175,0.60624,0.056,0.65524,0.555,0.46988
2837,,0.775,0.75828,0.125,0.57392,0.031,0.62292,0.505,0.4022
2838,,0.7,0.6906,0.075,0.5416,0.006,0.5906,0.455,0.33452
2839,,0.625,0.62292,0.025,0.50928,-0.019,0.55828,0.405,0.26684
2840,5,0.6,0.60124,0.025,0.53596,1.0,0.37596,0.423,0.25816
2841,,0.525,0.53356,-0.025,0.50364,0.975,0.34364,0.373,0.19048
2842,3,0.482,0.49488,1.0,0.51232,1.0,0.36532,0.373,0.1638
2843,,0.407,0.4272,0.95,0.48,0.975,0.333,0.323,0.09612
2844,,0.332,0.35952,0.9,0.44768,0.95,0.30068,0.273,0.02844
2845,,0.257,0.29184,0.85,0.41536,0.925,0.26836,0.223,-0.03924
2846,8,0.223,0.26216,0.841,0.43304,0.959,0.29804,0.232,1.0
2847,,0.148,0.19448,0.791,0.40072,0.934,0.26572,0.182,0.93232
2848,,0.073,0.1268,0.741,0.3684,0.909,0.2334,0.132,0.86464
2849,,-0.002,0.05912,0.691,0.33608,0.884,0.20108,0.082,0.79696
2850,1,1.0,0.02044,0.673,0.34476,0.909,0.22276,0.082,0.77028
2851,,0.925,-0.04724,0.623,0.31244,0.884,0.19044,0.032,0.7026
2852,2,0.879,1.0,0.602,0.31812,0.905,0.20812,0.028,0.67292
2853,,0.804,0.93232,0.552,0.2858,0.88,0.1758,-0.022,0.60524
2854,7,0.779,0.91064,0.552,0.31248,0.923,0.21448,1.0,0.59656
2855,,0.704,0.84296,0.502,0.28016,0.898,0.18216,0.95,0.52888
2856,,0.629,0.77528,0.452,0.24784,0.873,0.14984,0.9,0.4612
2857,,0.554,0.7076,0.402,0.21552,0.848,0.11752,0.85,0.39352
2858,,0.479,0.63992,0.352,0.1832,0.823,0.0852,0.8,0.32584
2859,,0.404,0.57224,0.302,0.15088,0.798,0.05288,0.75,0.25816
2860,,0.329,0.50456,0.252,0.11856,0.773,0.02056,0.7,0.19048
2861,,0.254,0.43688,0.202,0.08624,0.748,-0.01176,0.65,0.1228
2862,6,0.233,0.4192,0.206,0.11592,0.573,1.0,0.671,0.11712
2863,,0.158,0.35152,0.156,0.0836,0.548,0.96768,0.621,0.04944
2864,,0.083,0.28384,0.106,0.05128,0.523,0.93536,0.571,-0.01824
2865,8,0.049,0.25416,0.097,0.06896,0.557,0.96504,0.58,1.0
2866,,-0.026,0.18648,0.047,0.03664,0.532,0.93272,0.53,0.93232
2867,1,1.0,0.1478,0.029,0.04532,0.557,0.9544,0.53,0.90564
2868,,0.925,0.08012,-0.021,0.013,0.532,0.92208,0.48,0.83796
2869,3,0.882,0.04144,1.0,0.02168,0.557,0.94376,0.48,0.81128
2870,,0.807,-0.02624,0.95,-0.01064,0.532,0.91144,0.43,0.7436
2871,2,0.761,1.0,0.929,-0.00496,0.553,0.92912,0.426,0.71392
2872,4,0.727,0.97032,0.92,1.0,0.587,0.9588,0.435,0.69624
2873,,0.652,0.90264,0.87,0.96768,0.562,0.92648,0.385,0.62856
2874,,0.577,0.83496,0.82,0.93536,0.537,0.89416,0.335,0.56088
2875,,0.502,0.76728,0.77,0.90304,0.512,0.86184,0.285,0.4932
2876,,0.427,0.6996,0.72,0.87072,0.487,0.82952,0.235,0.42552
2877,,0.352,0.63192,0.67,0.8384,0.462,0.7972,0.185,0.35784
2878,,0.277,0.56424,0.62,0.80608,0.437,0.76488,0.135,0.29016
2879,,0.202,0.49656,0.57,0.77376,0.412,0.73256,0.085,0.22248
2880,,0.127,0.42888,0.52,0.74144,0.387,0.70024,0.035,0.1548
2881,,0.052,0.3612,0.47,0.70912,0.362,0.66792,-0.015,0.08712
2882,7,0.027,0.33952,0.47,0.7358,0.405,0.7066,1.0,0.07844
2883,,-0.048,0.27184,0.42,0.70348,0.38,0.67428,0.95,0.01076
2884,1,1.0,0.23316,0.402,0.71216,0.405,0.69596,0.95,-0.01592
2885,8,0.966,0.20348,0.393,0.72984,0.439,0.72564,0.959,1.0
2886,,0.891,0.1358,0.343,0.69752,0.414,0.69332,0.909,0.93232
2887,,0.816,0.06812,0.293,0.6652,0.389,0.661,0.859,0.86464
2888,,0.741,0.00044,0.243,0.63288,0.364,0.62868,0.809,0.79696
2889,,0.666,-0.06724,0.193,0.60056,0.339,0.59636,0.759,0.72928
2890,2,0.62,1.0,0.172,0.60624,0.36,0.61404,0.755,0.6996
2891,,0.545,0.93232,0.122,0.57392,0.335,0.58172,0.705,0.63192
2892,,0.47,0.86464,0.072,0.5416,0.31,0.5494,0.655,0.56424
2893,,0.395,0.79696,0.022,0.50928,0.285,0.51708,0.605,0.49656
2894,,0.32,0.72928,-0.028,0.47696,0.26,0.48476,0.555,0.42888
2895,3,0.277,0.6906,1.0,0.48564,0.285,0.50644,0.555,0.4022
2896,,0.202,0.62292,0.95,0.45332,0.26,0.47412,0.505,0.33452
2897,,0.127,0.55524,0.9,0.421,0.235,0.4418,0.455,0.26684
2898,,0.052,0.48756,0.85,0.38868,0.21,0.40948,0.405,0.19916
2899,,-0.023,0.41988,0.8,0.35636,0.185,0.37716,0.355,0.13148
2900,1,1.0,0.3812,0.782,0.36504,0.21,0.39884,0.355,0.1048
2901,,0.925,0.31352,0.732,0.33272,0.185,0.36652,0.305,0.03712
2902,,0.85,0.24584,0.682,0.3004,0.16,0.3342,0.255,-0.03056
2903,8,0.816,0.21616,0.673,0.31808,0.194,0.36388,0.264,1.0
2904,,0.741,0.14848,0.623,0.28576,0.169,0.33156,0.214,0.93232
2905,,0.666,0.0808,0.573,0.25344,0.144,0.29924,0.164,0.86464
2906,,0.591,0.01312,0.523,0.22112,0.119,0.26692,0.114,0.79696
2907,,0.516,-0.05456,0.473,0.1888,0.094,0.2346,0.064,0.72928
2908,2,0.47,1.0,0.452,0.19448,0.115,0.25228,0.06,0.6996
2909,,0.395,0.93232,0.402,0.16216,0.09,0.21996,0.01,0.63192
2910,,0.32,0.86464,0.352,0.12984,0.065,0.18764,-0.04,0.56424
2911,7,0.295,0.84296,0.352,0.15652,0.108,0.22632,1.0,0.55556
2912,,0.22,0.77528,0.302,0.1242,0.083,0.194,0.95,0.48788
2913,,0.145,0.7076,0.252,0.09188,0.058,0.16168,0.9,0.4202
2914,,0.07,0.63992,0.202,0.05956,0.033,0.12936,0.85,0.35252
2915,,-0.005,0.57224,0.152,0.02724,0.008,0.09704,0.8,0.28484
2916,1,1.0,0.53356,0.134,0.03592,0.033,0.11872,0.8,0.25816
2917,,0.925,0.46588,0.084,0.0036,0.008,0.0864,0.75,0.19048
2918,,0.85,0.3982,0.034,-0.02872,-0.017,0.05408,0.7,0.1228
2919,4,0.816,0.36852,0.025,1.0,0.017,0.08376,0.709,0.10512
2920,,0.741,0.30084,-0.025,0.96768,-0.008,0.05144,0.659,0.03744
2921,3,0.698,0.26216,1.0,0.97636,0.017,0.07312,0.659,0.01076
2922,,0.623,0.19448,0.95,0.94404,-0.008,0.0408,0.609,-0.05692
2923,8,0.589,0.1648,0.941,0.96172,0.026,0.07048,0.618,1.0
2924,,0.514,0.09712,0.891,0.9294,0.001,0.03816,0.568,0.93232
2925,,0.439,0.02944,0.841,0.89708,-0.024,0.00584,0.518,0.86464
2926,5,0.414,0.00776,0.841,0.92376,1.0,-0.17648,0.536,0.85596
2927,6,0.393,-0.00992,0.845,0.95344,0.825,1.0,0.557,0.85028
2928,2,0.347,1.0,0.824,0.95912,0.846,1.0,0.553,0.8206
2929,,0.272,0.93232,0.774,0.9268,0.821,0.96768,0.503,0.75292
2930,,0.197,0.86464,0.724,0.89448,0.796,0.93536,0.453,0.68524
2931,,0.122,0.79696,0.674,0.86216,0.771,0.90304,0.403,0.61756
2932,,0.047,0.72928,0.624,0.82984,0.746,0.87072,0.353,0.54988
2933,,-0.028,0.6616,0.574,0.79752,0.721,0.8384,0.303,0.4822
2934,1,1.0,0.62292,0.556,0.8062,0.746,0.86008,0.303,0.45552
2935,,0.925,0.55524,0.506,0.77388,0.721,0.82776,0.253,0.38784
2936,,0.85,0.48756,0.456,0.74156,0.696,0.79544,0.203,0.32016
2937,,0.775,0.41988,0.406,0.70924,0.671,0.76312,0.153,0.25248
2938,,0.7,0.3522,0.356,0.67692,0.646,0.7308,0.103,0.1848
2939,,0.625,0.28452,0.306,0.6446,0.621,0.69848,0.053,0.11712
2940,,0.55,0.21684,0.256,0.61228,0.596,0.66616,0.003,0.04944
2941,,0.475,0.14916,0.206,0.57996,0.571,0.63384,-0.047,-0.01824
2942,7,0.45,0.12748,0.206,0.60664,0.614,0.67252,1.0,-0.02692
2943,8,0.416,0.0978,0.197,0.62432,0.648,0.7022,1.0,1.0
2944,,0.341,0.03012,0.147,0.592,0.623,0.66988,0.95,0.93232
2945,,0.266,-0.03756,0.097,0.55968,0.598,0.63756,0.9,0.86464
2946,2,0.22,1.0,0.076,0.56536,0.619,0.65524,0.896,0.83496
2947,,0.145,0.93232,0.026,0.53304,0.594,0.62292,0.846,0.76728
2948,,0.07,0.86464,-0.024,0.50072,0.569,0.5906,0.796,0.6996
2949,3,0.027,0.82596,1.0,0.5094,0.594,0.61228,0.796,0.67292
2950,,-0.048,0.75828,0.95,0.47708,0.569,0.57996,0.746,0.60524
2951,1,1.0,0.7196,0.932,0.48576,0.594,0.60164,0.746,0.57856
2952,,0.925,0.65192,0.882,0.45344,0.569,0.56932,0.696,0.51088
2953,,0.85,0.58424,0.832,0.42112,0.544,0.537,0.646,0.4432
2954,,0.775,0.51656,0.782,0.3888,0.519,0.50468,0.596,0.37552
2955,,0.7,0.44888,0.732,0.35648,0.494,0.47236,0.546,0.30784
2956,,0.625,0.3812,0.682,0.32416,0.469,0.44004,0.496,0.24016
2957,,0.55,0.31352,0.632,0.29184,0.444,0.40772,0.446,0.17248
2958,,0.475,0.24584,0.582,0.25952,0.419,0.3754,0.396,0.1048
2959,,0.4,0.17816,0.532,0.2272,0.394,0.34308,0.346,0.03712
2960,,0.325,0.11048,0.482,0.19488,0.369,0.31076,0.296,-0.03056
2961,8,0.291,0.0808,0.473,0.21256,0.403,0.34044,0.305,1.0
2962,,0.216,0.01312,0.423,0.18024,0.378,0.30812,0.255,0.93232
2963,,0.141,-0.05456,0.373,0.14792,0.353,0.2758,0.205,0.86464
2964,2,0.095,1.0,0.352,0.1536,0.374,0.29348,0.201,0.83496
2965,,0.02,0.93232,0.302,0.12128,0.349,0.26116,0.151,0.76728
2966,,-0.055,0.86464,0.252,0.08896,0.324,0.22884,0.101,0.6996
2967,1,1.0,0.82596,0.234,0.09764,0.349,0.25052,0.101,0.67292
2968,,0.925,0.75828,0.184,0.06532,0.324,0.2182,0.051,0.60524
2969,,0.85,0.6906,0.134,0.033,0.299,0.18588,0.001,0.53756
2970,,0.775,0.62292,0.084,0.00068,0.274,0.15356,-0.049,0.46988
2971,7,0.75,0.60124,0.084,0.02736,0.317,0.19224,1.0,0.4612
2972,,0.675,0.53356,0.034,-0.00496,0.292,0.15992,0.95,0.39352
2973,4,0.641,0.50388,0.025,1.0,0.326,0.1896,0.959,0.37584
2974,,0.566,0.4362,-0.025,0.96768,0.301,0.15728,0.909,0.30816
2975,3,0.523,0.39752,1.0,0.97636,0.326,0.17896,0.909,0.28148
2976,,0.448,0.32984,0.95,0.94404,0.301,0.14664,0.859,0.2138
2977,,0.373,0.26216,0.9,0.91172,0.276,0.11432,0.809,0.14612
2978,,0.298,0.19448,0.85,0.8794,0.251,0.082,0.759,0.07844
2979,,0.223,0.1268,0.8,0.84708,0.226,0.04968,0.709,0.01076
2980,,0.148,0.05912,0.75,0.81476,0.201,0.01736,0.659,-0.05692
2981,8,0.114,0.02944,0.741,0.83244,0.235,0.04704,0.668,1.0
2982,,0.039,-0.03824,0.691,0.80012,0.21,0.01472,0.618,0.93232
2983,2,-0.007,1.0,0.67,0.8058,0.231,0.0324,0.614,0.90264
2984,1,1.0,0.96132,0.652,0.81448,0.256,0.05408,0.614,0.87596
2985,,0.925,0.89364,0.602,0.78216,0.231,0.02176,0.564,0.80828
2986,,0.85,0.82596,0.552,0.74984,0.206,-0.01056,0.514,0.7406
2987,6,0.829,0.80828,0.556,0.77952,0.031,1.0,0.535,0.73492
2988,,0.754,0.7406,0.506,0.7472,0.006,0.96768,0.485,0.66724
2989,,0.679,0.67292,0.456,0.71488,-0.019,0.93536,0.435,0.59956
2990,5,0.654,0.65124,0.456,0.74156,1.0,0.75304,0.453,0.59088
2991,,0.579,0.58356,0.406,0.70924,0.975,0.72072,0.403,0.5232
2992,,0.504,0.51588,0.356,0.67692,0.95,0.6884,0.353,0.45552
2993,,0.429,0.4482,0.306,0.6446,0.925,0.65608,0.303,0.38784
2994,,0.354,0.38052,0.256,0.61228,0.9,0.62376,0.253,0.32016
2995,,0.279,0.31284,0.206,0.57996,0.875,0.59144,0.203,0.25248
2996,,0.204,0.24516,0.156,0.54764,0.85,0.55912,0.153,0.1848
2997,,0.129,0.17748,0.106,0.51532,0.825,0.5268,0.103,0.11712
2998,,0.054,0.1098,0.056,0.483,0.8,0.49448,0.053,0.04944
2999,,-0.021,0.04212,0.006,0.45068,0.775,0.46216,0.003,-0.01824
3000,1,1.0,0.00344,-0.012,0.45936,0.8,0.48384,0.003,-0.04492
3001,8,0.966,-0.02624,-0.021,0.47704,0.834,0.51352,0.012,1.0
3002,2,0.92,1.0,-0.042,0.48272,0.855,0.5312,0.008,0.97032
3003,3,0.877,0.96132,1.0,0.4914,0.88,0.55288,0.008,0.94364
3004,,0.802,0.89364,0.95,0.45908,0.855,0.52056,-0.042,0.87596
3005,7,0.777,0.87196,0.95,0.48576,0.898,0.55924,1.0,0.86728
3006,,0.702,0.80428,0.9,0.45344,0.873,0.52692,0.95,0.7996
3007,,0.627,0.7366,0.85,0.42112,0.848,0.4946,0.9,0.73192
3008,,0.552,0.66892,0.8,0.3888,0.823,0.46228,0.85,0.66424
3009,,0.477,0.60124,0.75,0.35648,0.798,0.42996,0.8,0.59656
3010,,0.402,0.53356,0.7,0.32416,0.773,0.39764,0.75,0.52888
3011,,0.327,0.46588,0.65,0.29184,0.748,0.36532,0.7,0.4612
3012,,0.252,0.3982,0.6,0.25952,0.723,0.333,0.65,0.39352
3013,,0.177,0.33052,0.55,0.2272,0.698,0.30068,0.6,0.32584
3014,,0.102,0.26284,0.5,0.19488,0.673,0.26836,0.55,0.25816
3015,,0.027,0.19516,0.45,0.16256,0.648,0.23604,0.5,0.19048
3016,,-0.048,0.12748,0.4,0.13024,0.623,0.20372,0.45,0.1228
3017,1,1.0,0.0888,0.382,0.13892,0.648,0.2254,0.45,0.09612
3018,,0.925,0.02112,0.332,0.1066,0.623,0.19308,0.4,0.02844
3019,,0.85,-0.04656,0.282,0.07428,0.598,0.16076,0.35,-0.03924
3020,2,0.804,1.0,0.261,0.07996,0.619,0.17844,0.346,-0.06892
3021,8,0.77,0.97032,0.252,0.09764,0.653,0.20812,0.355,1.0
3022,,0.695,0.90264,0.202,0.06532,0.628,0.1758,0.305,0.93232
3023,,0.62,0.83496,0.152,0.033,0.603,0.14348,0.255,0.86464
3024,,0.545,0.76728,0.102,0.00068,0.578,0.11116,0.205,0.79696
3025,,0.47,0.6996,0.052,-0.03164,0.553,0.07884,0.155,0.72928
3026,4,0.436,0.66992,0.043,1.0,0.587,0.10852,0.164,0.7116
3027,,0.361,0.60224,-0.007,0.96768,0.562,0.0762,0.114,0.64392
3028,3,0.318,0.56356,1.0,0.97636,0.587,0.09788,0.114,0.61724
3029,,0.243,0.49588,0.95,0.94404,0.562,0.06556,0.064,0.54956
3030,,0.168,0.4282,0.9,0.91172,0.537,0.03324,0.014,0.48188
3031,,0.093,0.36052,0.85,0.8794,0.512,0.00092,-0.036,0.4142
3032,7,0.068,0.33884,0.85,0.90608,0.555,0.0396,1.0,0.40552
3033,,-0.007,0.27116,0.8,0.87376,0.53,0.00728,0.95,0.33784
3034,1,1.0,0.23248,0.782,0.88244,0.555,0.02896,0.95,0.31116
3035,,0.925,0.1648,0.732,0.85012,0.53,-0.00336,0.9,0.24348
3036,6,0.904,0.14712,0.736,0.8798,0.355,1.0,0.921,0.2378
3037,,0.829,0.07944,0.686,0.84748,0.33,0.96768,0.871,0.17012
3038,,0.754,0.01176,0.636,0.81516,0.305,0.93536,0.821,0.10244
3039,,0.679,-0.05592,0.586,0.78284,0.28,0.90304,0.771,0.03476
3040,2,0.633,1.0,0.565,0.78852,0.301,0.92072,0.767,0.00508
3041,,0.558,0.93232,0.515,0.7562,0.276,0.8884,0.717,-0.0626
3042,8,0.524,0.90264,0.506,0.77388,0.31,0.91808,0.726,1.0
3043,,0.449,0.83496,0.456,0.74156,0.285,0.88576,0.676,0.93232
3044,,0.374,0.76728,0.406,0.70924,0.26,0.85344,0.626,0.86464
3045,,0.299,0.6996,0.356,0.67692,0.235,0.82112,0.576,0.79696
3046,,0.224,0.63192,0.306,0.6446,0.21,0.7888,0.526,0.72928
3047,,0.149,0.56424,0.256,0.61228,0.185,0.75648,0.476,0.6616
3048,,0.074,0.49656,0.206,0.57996,0.16,0.72416,0.426,0.59392
3049,,-0.001,0.42888,0.156,0.54764,0.135,0.69184,0.376,0.52624
3050,1,1.0,0.3902,0.138,0.55632,0.16,0.71352,0.376,0.49956
3051,,0.925,0.32252,0.088,0.524,0.135,0.6812,0.326,0.43188
3052,,0.85,0.25484,0.038,0.49168,0.11,0.64888,0.276,0.3642
3053,,0.775,0.18716,-0.012,0.45936,0.085,0.61656,0.226,0.29652
3054,3,0.732,0.14848,1.0,0.46804,0.11,0.63824,0.226,0.26984
3055,,0.657,0.0808,0.95,0.43572,0.085,0.60592,0.176,0.20216
3056,,0.582,0.01312,0.9,0.4034,0.06,0.5736,0.126,0.13448
3057,,0.507,-0.05456,0.85,0.37108,0.035,0.54128,0.076,0.0668
3058,2,0.461,1.0,0.829,0.37676,0.056,0.55896,0.072,0.03712
3059,,0.386,0.93232,0.779,0.34444,0.031,0.52664,0.022,-0.03056
3060,8,0.352,0.90264,0.77,0.36212,0.065,0.55632,0.031,1.0
3061,,0.277,0.83496,0.72,0.3298,0.04,0.524,-0.019,0.93232
3062,7,0.252,0.81328,0.72,0.35648,0.083,0.56268,1.0,0.92364
3063,,0.177,0.7456,0.67,0.32416,0.058,0.53036,0.95,0.85596
3064,,0.102,0.67792,0.62,0.29184,0.033,0.49804,0.9,0.78828
3065,,0.027,0.61024,0.57,0.25952,0.008,0.46572,0.85,0.7206
3066,,-0.048,0.54256,0.52,0.2272,-0.017,0.4334,0.8,0.65292
3067,1,1.0,0.50388,0.502,0.23588,0.008,0.45508,0.8,0.62624
3068,,0.925,0.4362,0.452,0.20356,-0.017,0.42276,0.75,0.55856
3069,5,0.9,0.41452,0.452,0.23024,1.0,0.24044,0.768,0.54988
3070,,0.825,0.34684,0.402,0.19792,0.975,0.20812,0.718,0.4822
3071,,0.75,0.27916,0.352,0.1656,0.95,0.1758,0.668,0.41452
3072,,0.675,0.21148,0.302,0.13328,0.925,0.14348,0.618,0.34684
3073,,0.6,0.1438,0.252,0.10096,0.9,0.11116,0.568,0.27916
3074,,0.525,0.07612,0.202,0.06864,0.875,0.07884,0.518,0.21148
3075,,0.45,0.00844,0.152,0.03632,0.85,0.04652,0.468,0.1438
3076,,0.375,-0.05924,0.102,0.004,0.825,0.0142,0.418,0.07612
3077,2,0.329,1.0,0.081,0.00968,0.846,0.03188,0.414,0.04644
3078,,0.254,0.93232,0.031,-0.02264,0.821,-0.00044,0.364,-0.02124
3079,4,0.22,0.90264,0.022,1.0,0.855,0.02924,0.373,-0.03892
3080,8,0.186,0.87296,0.013,1.0,0.889,0.05892,0.382,1.0
3081,,0.111,0.80528,-0.037,0.96768,0.864,0.0266,0.332,0.93232
3082,3,0.068,0.7666,1.0,0.97636,0.889,0.04828,0.332,0.90564
3083,,-0.007,0.69892,0.95,0.94404,0.864,0.01596,0.282,0.83796
3084,1,1.0,0.66024,0.932,0.95272,0.889,0.03764,0.282,0.81128
3085,,0.925,0.59256,0.882,0.9204,0.864,0.00532,0.232,0.7436
3086,,0.85,0.52488,0.832,0.88808,0.839,-0.027,0.182,0.67592
3087,6,0.829,0.5072,0.836,0.91776,0.664,1.0,0.203,0.67024
3088,,0.754,0.43952,0.786,0.88544,0.639,0.96768,0.153,0.60256
3089,,0.679,0.37184,0.736,0.85312,0.614,0.93536,0.103,0.53488
3090,,0.604,0.30416,0.686,0.8208,0.589,0.90304,0.053,0.4672
3091,,0.529,0.23648,0.636,0.78848,0.564,0.87072,0.003,0.39952
3092,,0.454,0.1688,0.586,0.75616,0.539,0.8384,-0.047,0.33184
3093,7,0.429,0.14712,0.586,0.78284,0.582,0.87708,1.0,0.32316
3094,,0.354,0.07944,0.536,0.75052,0.557,0.84476,0.95,0.25548
3095,,0.279,0.01176,0.486,0.7182,0.532,0.81244,0.9,0.1878
3096,,0.204,-0.05592,0.436,0.68588,0.507,0.78012,0.85,0.12012
3097,2,0.158,1.0,0.415,0.69156,0.528,0.7978,0.846,0.09044
3098,,0.083,0.93232,0.365,0.65924,0.503,0.76548,0.796,0.02276
3099,,0.008,0.86464,0.315,0.62692,0.478,0.73316,0.746,-0.04492
3100,8,-0.026,0.83496,0.306,0.6446,0.512,0.76284,0.755,1.0
3101,1,1.0,0.79628,0.288,0.65328,0.537,0.78452,0.755,0.97332
3102,,0.925,0.7286,0.238,0.62096,0.512,0.7522,0.705,0.90564
3103,,0.85,0.66092,0.188,0.58864,0.487,0.71988,0.655,0.83796
3104,,0.775,0.59324,0.138,0.55632,0.462,0.68756,0.605,0.77028
3105,,0.7,0.52556,0.088,0.524,0.437,0.65524,0.555,0.7026
3106,,0.625,0.45788,0.038,0.49168,0.412,0.62292,0.505,0.63492
3107,,0.55,0.3902,-0.012,0.45936,0.387,0.5906,0.455,0.56724
3108,3,0.507,0.35152,1.0,0.46804,0.412,0.61228,0.455,0.54056
3109,,0.432,0.28384,0.95,0.43572,0.387,0.57996,0.405,0.47288
3110,,0.357,0.21616,0.9,0.4034,0.362,0.54764,0.355,0.4052
3111,,0.282,0.14848,0.85,0.37108,0.337,0.51532,0.305,0.33752
3112,,0.207,0.0808,0.8,0.33876,0.312,0.483,0.255,0.26984
3113,,0.132,0.01312,0.75,0.30644,0.287,0.45068,0.205,0.20216
3114,,0.057,-0.05456,0.7,0.27412,0.262,0.41836,0.155,0.13448
3115,2,0.011,1.0,0.679,0.2798,0.283,0.43604,0.151,0.1048
3116,,-0.064,0.93232,0.629,0.24748,0.258,0.40372,0.101,0.03712
3117,1,1.0,0.89364,0.611,0.25616,0.283,0.4254,0.101,0.01044
3118,,0.925,0.82596,0.561,0.22384,0.258,0.39308,0.051,-0.05724
3119,8,0.891,0.79628,0.552,0.24152,0.292,0.42276,0.06,1.0
3120,,0.816,0.7286,0.502,0.2092,0.267,0.39044,0.01,0.93232
3121,,0.741,0.66092,0.452,0.17688,0.242,0.35812,-0.04,0.86464
3122,7,0.716,0.63924,0.452,0.20356,0.285,0.3968,1.0,0.85596
3123,,0.641,0.57156,0.402,0.17124,0.26,0.36448,0.95,0.78828
3124,,0.566,0.50388,0.352,0.13892,0.235,0.33216,0.9,0.7206
3125,,0.491,0.4362,0.302,0.1066,0.21,0.29984,0.85,0.65292
3126,,0.416,0.36852,0.252,0.07428,0.185,0.26752,0.8,0.58524
3127,,0.341,0.30084,0.202,0.04196,0.16,0.2352,0.75,0.51756
3128,,0.266,0.23316,0.152,0.00964,0.135,0.20288,0.7,0.44988
3129,,0.191,0.16548,0.102,-0.02268,0.11,0.17056,0.65,0.3822
3130,4,0.157,0.1358,0.093,1.0,0.144,0.20024,0.659,0.36452
3131,,0.082,0.06812,0.043,0.96768,0.119,0.16792,0.609,0.29684
3132,,0.007,0.00044,-0.007,0.93536,0.094,0.1356,0.559,0.22916
3133,3,-0.036,-0.03824,1.0,0.94404,0.119,0.15728,0.559,0.20248
3134,2,-0.082,1.0,0.979,0.94972,0.14,0.17496,0.555,0.1728
3135,1,1.0,0.96132,0.961,0.9584,0.165,0.19664,0.555,0.14612
3136,,0.925,0.89364,0.911,0.92608,0.14,0.16432,0.505,0.07844
3137,,0.85,0.82596,0.861,0.89376,0.115,0.132,0.455,0.01076
3138,,0.775,0.75828,0.811,0.86144,0.09,0.09968,0.405,-0.05692
3139,8,0.741,0.7286,0.802,0.87912,0.124,0.12936,0.414,1.0
3140,,0.666,0.66092,0.752,0.8468,0.099,0.09704,0.364,0.93232
3141,,0.591,0.59324,0.702,0.81448,0.074,0.06472,0.314,0.86464
3142,,0.516,0.52556,0.652,0.78216,0.049,0.0324,0.264,0.79696
3143,,0.441,0.45788,0.602,0.74984,0.024,8e-05,0.214,0.72928
3144,,0.366,0.3902,0.552,0.71752,-0.001,-0.03224,0.164,0.6616
3145,6,0.345,0.37252,0.556,0.7472,-0.176,1.0,0.185,0.65592
3146,5,0.32,0.35084,0.556,0.77388,1.0,0.81768,0.203,0.64724
3147,,0.245,0.28316,0.506,0.74156,0.975,0.78536,0.153,0.57956
3148,,0.17,0.21548,0.456,0.70924,0.95,0.75304,0.103,0.51188
3149,,0.095,0.1478,0.406,0.67692,0.925,0.72072,0.053,0.4442
3150,,0.02,0.08012,0.356,0.6446,0.9,0.6884,0.003,0.37652
3151,,-0.055,0.01244,0.306,0.61228,0.875,0.65608,-0.047,0.30884
3152,1,1.0,-0.02624,0.288,0.62096,0.9,0.67776,-0.047,0.28216
3153,7,0.975,-0.04792,0.288,0.64764,0.943,0.71644,1.0,0.27348
3154,2,0.929,1.0,0.267,0.65332,0.964,0.73412,0.996,0.2438
3155,,0.854,0.93232,0.217,0.621,0.939,0.7018,0.946,0.17612
3156,,0.779,0.86464,0.167,0.58868,0.914,0.66948,0.896,0.10844
3157,,0.704,0.79696,0.117,0.55636,0.889,0.63716,0.846,0.04076
3158,,0.629,0.72928,0.067,0.52404,0.864,0.60484,0.796,-0.02692
3159,8,0.595,0.6996,0.058,0.54172,0.898,0.63452,0.805,1.0
3160,,0.52,0.63192,0.008,0.5094,0.873,0.6022,0.755,0.93232
3161,,0.445,0.56424,-0.042,0.47708,0.848,0.56988,0.705,0.86464
3162,3,0.402,0.52556,1.0,0.48576,0.873,0.59156,0.705,0.83796
3163,,0.327,0.45788,0.95,0.45344,0.848,0.55924,0.655,0.77028
3164,,0.252,0.3902,0.9,0.42112,0.823,0.52692,0.605,0.7026
3165,,0.177,0.32252,0.85,0.3888,0.798,0.4946,0.555,0.63492
3166,,0.102,0.25484,0.8,0.35648,0.773,0.46228,0.505,0.56724
3167,,0.027,0.18716,0.75,0.32416,0.748,0.42996,0.455,0.49956
3168,,-0.048,0.11948,0.7,0.29184,0.723,0.39764,0.405,0.43188
3169,1,1.0,0.0808,0.682,0.30052,0.748,0.41932,0.405,0.4052
3170,,0.925,0.01312,0.632,0.2682,0.723,0.387,0.355,0.33752
3171,,0.85,-0.05456,0.582,0.23588,0.698,0.35468,0.305,0.26984
3172,2,0.804,1.0,0.561,0.24156,0.719,0.37236,0.301,0.24016
3173,,0.729,0.93232,0.511,0.20924,0.694,0.34004,0.251,0.17248
3174,,0.654,0.86464,0.461,0.17692,0.669,0.30772,0.201,0.1048
3175,,0.579,0.79696,0.411,0.1446,0.644,0.2754,0.151,0.03712
3176,,0.504,0.72928,0.361,0.11228,0.619,0.24308,0.101,-0.03056
3177,8,0.47,0.6996,0.352,0.12996,0.653,0.27276,0.11,1.0
3178,,0.395,0.63192,0.302,0.09764,0.628,0.24044,0.06,0.93232
3179,,0.32,0.56424,0.252,0.06532,0.603,0.20812,0.01,0.86464
3180,,0.245,0.49656,0.202,0.033,0.578,0.1758,-0.04,0.79696
3181,7,0.22,0.47488,0.202,0.05968,0.621,0.21448,1.0,0.78828
3182,,0.145,0.4072,0.152,0.02736,0.596,0.18216,0.95,0.7206
3183,,0.07,0.33952,0.102,-0.00496,0.571,0.14984,0.9,0.65292
3184,4,0.036,0.30984,0.093,1.0,0.605,0.17952,0.909,0.63524
3185,,-0.039,0.24216,0.043,0.96768,0.58,0.1472,0.859,0.56756
3186,1,1.0,0.20348,0.025,0.97636,0.605,0.16888,0.859,0.54088
3187,,0.925,0.1358,-0.025,0.94404,0.58,0.13656,0.809,0.4732
3188,3,0.882,0.09712,1.0,0.95272,0.605,0.15824,0.809,0.44652
3189,,0.807,0.02944,0.95,0.9204,0.58,0.12592,0.759,0.37884
3190,,0.732,-0.03824,0.9,0.88808,0.555,0.0936,0.709,0.31116
3191,2,0.686,1.0,0.879,0.89376,0.576,0.11128,0.705,0.28148
3192,,0.611,0.93232,0.829,0.86144,0.551,0.07896,0.655,0.2138
3193,,0.536,0.86464,0.779,0.82912,0.526,0.04664,0.605,0.14612
3194,,0.461,0.79696,0.729,0.7968,0.501,0.01432,0.555,0.07844
3195,,0.386,0.72928,0.679,0.76448,0.476,-0.018,0.505,0.01076
3196,6,0.365,0.7116,0.683,0.79416,0.301,1.0,0.526,0.00508
3197,,0.29,0.64392,0.633,0.76184,0.276,0.96768,0.476,-0.0626
3198,8,0.256,0.61424,0.624,0.77952,0.31,0.99736,0.485,1.0
3199,,0.181,0.54656,0.574,0.7472,0.285,0.96504,0.435,0.93232
3200,,0.106,0.47888,0.524,0.71488,0.26,0.93272,0.385,0.86464
3201,,0.031,0.4112,0.474,0.68256,0.235,0.9004,0.335,0.79696
3202,,-0.044,0.34352,0.424,0.65024,0.21,0.86808,0.285,0.72928
3203,1,1.0,0.30484,0.406,0.65892,0.235,0.88976,0.285,0.7026
3204,,0.925,0.23716,0.356,0.6266,0.21,0.85744,0.235,0.63492
3205,,0.85,0.16948,0.306,0.59428,0.185,0.82512,0.185,0.56724
3206,,0.775,0.1018,0.256,0.56196,0.16,0.7928,0.135,0.49956
3207,,0.7,0.03412,0.206,0.52964,0.135,0.76048,0.085,0.43188
3208,,0.625,-0.03356,0.156,0.49732,0.11,0.72816,0.035,0.3642
3209,2,0.579,1.0,0.135,0.503,0.131,0.74584,0.031,0.33452
3210,,0.504,0.93232,0.085,0.47068,0.106,0.71352,-0.019,0.26684
3211,7,0.479,0.91064,0.085,0.49736,0.149,0.7522,1.0,0.25816
3212,,0.404,0.84296,0.035,0.46504,0.124,0.71988,0.95,0.19048
3213,,0.329,0.77528,-0.015,0.43272,0.099,0.68756,0.9,0.1228
3214,3,0.286,0.7366,1.0,0.4414,0.124,0.70924,0.9,0.09612
3215,,0.211,0.66892,0.95,0.40908,0.099,0.67692,0.85,0.02844
3216,,0.136,0.60124,0.9,0.37676,0.074,0.6446,0.8,-0.03924
3217,8,0.102,0.57156,0.891,0.39444,0.108,0.67428,0.809,1.0
3218,,0.027,0.50388,0.841,0.36212,0.083,0.64196,0.759,0.93232
3219,,-0.048,0.4362,0.791,0.3298,0.058,0.60964,0.709,0.86464
3220,1,1.0,0.39752,0.773,0.33848,0.083,0.63132,0.709,0.83796
3221,,0.925,0.32984,0.723,0.30616,0.058,0.599,0.659,0.77028
3222,,0.85,0.26216,0.673,0.27384,0.033,0.56668,0.609,0.7026
3223,,0.775,0.19448,0.623,0.24152,0.008,0.53436,0.559,0.63492
3224,,0.7,0.1268,0.573,0.2092,-0.017,0.50204,0.509,0.56724
3225,5,0.675,0.10512,0.573,0.23588,1.0,0.31972,0.527,0.55856
3226,,0.6,0.03744,0.523,0.20356,0.975,0.2874,0.477,0.49088
3227,,0.525,-0.03024,0.473,0.17124,0.95,0.25508,0.427,0.4232
3228,2,0.479,1.0,0.452,0.17692,0.971,0.27276,0.423,0.39352
3229,,0.404,0.93232,0.402,0.1446,0.946,0.24044,0.373,0.32584
3230,,0.329,0.86464,0.352,0.11228,0.921,0.20812,0.323,0.25816
3231,,0.254,0.79696,0.302,0.07996,0.896,0.1758,0.273,0.19048
3232,,0.179,0.72928,0.252,0.04764,0.871,0.14348,0.223,0.1228
3233,,0.104,0.6616,0.202,0.01532,0.846,0.11116,0.173,0.05512
3234,,0.029,0.59392,0.152,-0.017,0.821,0.07884,0.123,-0.01256
3235,4,-0.005,0.56424,0.143,1.0,0.855,0.10852,0.132,-0.03024
3236,8,-0.039,0.53456,0.134,1.0,0.889,0.1382,0.141,1.0
3237,1,1.0,0.49588,0.116,1.0,0.914,0.15988,0.141,0.97332
3238,,0.925,0.4282,0.066,0.96768,0.889,0.12756,0.091,0.90564
3239,,0.85,0.36052,0.016,0.93536,0.864,0.09524,0.041,0.83796
3240,,0.775,0.29284,-0.034,0.90304,0.839,0.06292,-0.009,0.77028
3241,3,0.732,0.25416,1.0,0.91172,0.864,0.0846,-0.009,0.7436
3242,7,0.707,0.23248,1.0,0.9384,0.907,0.12328,1.0,0.73492
3243,,0.632,0.1648,0.95,0.90608,0.882,0.09096,0.95,0.66724
3244,,0.557,0.09712,0.9,0.87376,0.857,0.05864,0.9,0.59956
3245,,0.482,0.02944,0.85,0.84144,0.832,0.02632,0.85,0.53188
3246,,0.407,-0.03824,0.8,0.80912,0.807,-0.006,0.8,0.4642
3247,2,0.361,1.0,0.779,0.8148,0.828,0.01168,0.796,0.43452
3248,,0.286,0.93232,0.729,0.78248,0.803,-0.02064,0.746,0.36684
3249,6,0.265,0.91464,0.733,0.81216,0.628,1.0,0.767,0.36116
3250,,0.19,0.84696,0.683,0.77984,0.603,0.96768,0.717,0.29348
3251,,0.115,0.77928,0.633,0.74752,0.578,0.93536,0.667,0.2258
3252,,0.04,0.7116,0.583,0.7152,0.553,0.90304,0.617,0.15812
3253,,-0.035,0.64392,0.533,0.68288,0.528,0.87072,0.567,0.09044
3254,1,1.0,0.60524,0.515,0.69156,0.553,0.8924,0.567,0.06376
3255,,0.925,0.53756,0.465,0.65924,0.528,0.86008,0.517,-0.00392
3256,8,0.891,0.50788,0.456,0.67692,0.562,0.88976,0.526,1.0
3257,,0.816,0.4402,0.406,0.6446,0.537,0.85744,0.476,0.93232
3258,,0.741,0.37252,0.356,0.61228,0.512,0.82512,0.426,0.86464
3259,,0.666,0.30484,0.306,0.57996,0.487,0.7928,0.376,0.79696
3260,,0.591,0.23716,0.256,0.54764,0.462,0.76048,0.326,0.72928
3261,,0.516,0.16948,0.206,0.51532,0.437,0.72816,0.276,0.6616
3262,,0.441,0.1018,0.156,0.483,0.412,0.69584,0.226,0.59392
3263,,0.366,0.03412,0.106,0.45068,0.387,0.66352,0.176,0.52624
3264,,0.291,-0.03356,0.056,0.41836,0.362,0.6312,0.126,0.45856
3265,2,0.245,1.0,0.035,0.42404,0.383,0.64888,0.122,0.42888
3266,,0.17,0.93232,-0.015,0.39172,0.358,0.61656,0.072,0.3612
3267,3,0.127,0.89364,1.0,0.4004,0.383,0.63824,0.072,0.33452
3268,,0.052,0.82596,0.95,0.36808,0.358,0.60592,0.022,0.26684
3269,,-0.023,0.75828,0.9,0.33576,0.333,0.5736,-0.028,0.19916
3270,7,-0.048,0.7366,0.9,0.36244,0.376,0.61228,1.0,0.19048
3271,1,1.0,0.69792,0.882,0.37112,0.401,0.63396,1.0,0.1638
3272,,0.925,0.63024,0.832,0.3388,0.376,0.60164,0.95,0.09612
3273,,0.85,0.56256,0.782,0.30648,0.351,0.56932,0.9,0.02844
3274,,0.775,0.49488,0.732,0.27416,0.326,0.537,0.85,-0.03924
3275,8,0.741,0.4652,0.723,0.29184,0.36,0.56668,0.859,1.0
3276,,0.666,0.39752,0.673,0.25952,0.335,0.53436,0.809,0.93232
3277,,0.591,0.32984,0.623,0.2272,0.31,0.50204,0.759,0.86464
3278,,0.516,0.26216,0.573,0.19488,0.285,0.46972,0.709,0.79696
3279,,0.441,0.19448,0.523,0.16256,0.26,0.4374,0.659,0.72928
3280,,0.366,0.1268,0.473,0.13024,0.235,0.40508,0.609,0.6616
3281,,0.291,0.05912,0.423,0.09792,0.21,0.37276,0.559,0.59392
3282,,0.216,-0.00856,0.373,0.0656,0.185,0.34044,0.509,0.52624
3283,2,0.17,1.0,0.352,0.07128,0.206,0.35812,0.505,0.49656
3284,,0.095,0.93232,0.302,0.03896,0.181,0.3258,0.455,0.42888
3285,,0.02,0.86464,0.252,0.00664,0.156,0.29348,0.405,0.3612
3286,,-0.055,0.79696,0.202,-0.02568,0.131,0.26116,0.355,0.29352
3287,1,1.0,0.75828,0.184,-0.017,0.156,0.28284,0.355,0.26684
3288,4,0.966,0.7286,0.175,1.0,0.19,0.31252,0.364,0.24916
3289,,0.891,0.66092,0.125,0.96768,0.165,0.2802,0.314,0.18148
3290,,0.816,0.59324,0.075,0.93536,0.14,0.24788,0.264,0.1138
3291,,0.741,0.52556,0.025,0.90304,0.115,0.21556,0.214,0.04612
3292,,0.666,0.45788,-0.025,0.87072,0.09,0.18324,0.164,-0.02156
3293,3,0.623,0.4192,1.0,0.8794,0.115,0.20492,0.164,-0.04824
3294,8,0.589,0.38952,0.991,0.89708,0.149,0.2346,0.173,1.0
3295,,0.514,0.32184,0.941,0.86476,0.124,0.20228,0.123,0.93232
3296,,0.439,0.25416,0.891,0.83244,0.099,0.16996,0.073,0.86464
3297,,0.364,0.18648,0.841,0.80012,0.074,0.13764,0.023,0.79696
3298,,0.289,0.1188,0.791,0.7678,0.049,0.10532,-0.027,0.72928
3299,7,0.264,0.09712,0.791,0.79448,0.092,0.144,1.0,0.7206
3300,,0.189,0.02944,0.741,0.76216,0.067,0.11168,0.95,0.65292
3301,,0.114,-0.03824,0.691,0.72984,0.042,0.07936,0.9,0.58524
3302,2,0.068,1.0,0.67,0.73552,0.063,0.09704,0.896,0.55556
3303,,-0.007,0.93232,0.62,0.7032,0.038,0.06472,0.846,0.48788
3304,1,1.0,0.89364,0.602,0.71188,0.063,0.0864,0.846,0.4612
3305,,0.925,0.82596,0.552,0.67956,0.038,0.05408,0.796,0.39352
3306,,0.85,0.75828,0.502,0.64724,0.013,0.02176,0.746,0.32584
3307,,0.775,0.6906,0.452,0.61492,-0.012,-0.01056,0.696,0.25816
3308,5,0.75,0.66892,0.452,0.6416,1.0,-0.19288,0.714,0.24948
3309,6,0.729,0.65124,0.456,0.67128,0.825,1.0,0.735,0.2438
3310,,0.654,0.58356,0.406,0.63896,0.8,0.96768,0.685,0.17612
3311,,0.579,0.51588,0.356,0.60664,0.775,0.93536,0.635,0.10844
3312,,0.504,0.4482,0.306,0.57432,0.75,0.90304,0.585,0.04076
3313,,0.429,0.38052,0.256,0.542,0.725,0.87072,0.535,-0.02692
3314,8,0.395,0.35084,0.247,0.55968,0.759,0.9004,0.544,1.0
3315,,0.32,0.28316,0.197,0.52736,0.734,0.86808,0.494,0.93232
3316,,0.245,0.21548,0.147,0.49504,0.709,0.83576,0.444,0.86464
3317,,0.17,0.1478,0.097,0.46272,0.684,0.80344,0.394,0.79696
3318,,0.095,0.08012,0.047,0.4304,0.659,0.77112,0.344,0.72928
3319,,0.02,0.01244,-0.003,0.39808,0.634,0.7388,0.294,0.6616
3320,3,-0.023,-0.02624,1.0,0.40676,0.659,0.76048,0.294,0.63492
3321,2,-0.069,1.0,0.979,0.41244,0.68,0.77816,0.29,0.60524
3322,1,1.0,0.96132,0.961,0.42112,0.705,0.79984,0.29,0.57856
3323,,0.925,0.89364,0.911,0.3888,0.68,0.76752,0.24,0.51088
3324,,0.85,0.82596,0.861,0.35648,0.655,0.7352,0.19,0.4432
3325,,0.775,0.75828,0.811,0.32416,0.63,0.70288,0.14,0.37552
3326,,0.7,0.6906,0.761,0.29184,0.605,0.67056,0.09,0.30784
3327,,0.625,0.62292,0.711,0.25952,0.58,0.63824,0.04,0.24016
3328,,0.55,0.55524,0.661,0.2272,0.555,0.60592,-0.01,0.17248
3329,7,0.525,0.53356,0.661,0.25388,0.598,0.6446,1.0,0.1638
3330,,0.45,0.46588,0.611,0.22156,0.573,0.61228,0.95,0.09612
3331,,0.375,0.3982,0.561,0.18924,0.548,0.57996,0.9,0.02844
3332,,0.3,0.33052,0.511,0.15692,0.523,0.54764,0.85,-0.03924
3333,8,0.266,0.30084,0.502,0.1746,0.557,0.57732,0.859,1.0
3334,,0.191,0.23316,0.452,0.14228,0.532,0.545,0.809,0.93232
3335,,0.116,0.16548,0.402,0.10996,0.507,0.51268,0.759,0.86464
3336,,0.041,0.0978,0.352,0.07764,0.482,0.48036,0.709,0.79696
3337,,-0.034,0.03012,0.302,0.04532,0.457,0.44804,0.659,0.72928
3338,1,1.0,-0.00856,0.284,0.054,0.482,0.46972,0.659,0.7026
3339,2,0.954,1.0,0.263,0.05968,0.503,0.4874,0.655,0.67292
3340,,0.879,0.93232,0.213,0.02736,0.478,0.45508,0.605,0.60524
3341,,0.804,0.86464,0.163,-0.00496,0.453,0.42276,0.555,0.53756
3342,4,0.77,0.83496,0.154,1.0,0.487,0.45244,0.564,0.51988
3343,,0.695,0.76728,0.104,0.96768,0.462,0.42012,0.514,0.4522
3344,,0.62,0.6996,0.054,0.93536,0.437,0.3878,0.464,0.38452
3345,,0.545,0.63192,0.004,0.90304,0.412,0.35548,0.414,0.31684
3346,,0.47,0.56424,-0.046,0.87072,0.387,0.32316,0.364,0.24916
3347,3,0.427,0.52556,1.0,0.8794,0.412,0.34484,0.364,0.22248
3348,,0.352,0.45788,0.95,0.84708,0.387,0.31252,0.314,0.1548
3349,,0.277,0.3902,0.9,0.81476,0.362,0.2802,0.264,0.08712
3350,,0.202,0.32252,0.85,0.78244,0.337,0.24788,0.214,0.01944
3351,,0.127,0.25484,0.8,0.75012,0.312,0.21556,0.164,-0.04824
3352,8,0.093,0.22516,0.791,0.7678,0.346,0.24524,0.173,1.0
3353,,0.018,0.15748,0.741,0.73548,0.321,0.21292,0.123,0.93232
3354,,-0.057,0.0898,0.691,0.70316,0.296,0.1806,0.073,0.86464
3355,1,1.0,0.05112,0.673,0.71184,0.321,0.20228,0.073,0.83796
3356,,0.925,-0.01656,0.623,0.67952,0.296,0.16996,0.023,0.77028
3357,2,0.879,1.0,0.602,0.6852,0.317,0.18764,0.019,0.7406
3358,,0.804,0.93232,0.552,0.65288,0.292,0.15532,-0.031,0.67292
3359,7,0.779,0.91064,0.552,0.67956,0.335,0.194,1.0,0.66424
3360,,0.704,0.84296,0.502,0.64724,0.31,0.16168,0.95,0.59656
3361,,0.629,0.77528,0.452,0.61492,0.285,0.12936,0.9,0.52888
3362,,0.554,0.7076,0.402,0.5826,0.26,0.09704,0.85,0.4612
3363,,0.479,0.63992,0.352,0.55028,0.235,0.06472,0.8,0.39352
3364,,0.404,0.57224,0.302,0.51796,0.21,0.0324,0.75,0.32584
3365,,0.329,0.50456,0.252,0.48564,0.185,8e-05,0.7,0.25816
3366,,0.254,0.43688,0.202,0.45332,0.16,-0.03224,0.65,0.19048
3367,6,0.233,0.4192,0.206,0.483,-0.015,1.0,0.671,0.1848
3368,5,0.208,0.39752,0.206,0.50968,1.0,0.81768,0.689,0.17612
3369,,0.133,0.32984,0.156,0.47736,0.975,0.78536,0.639,0.10844
3370,,0.058,0.26216,0.106,0.44504,0.95,0.75304,0.589,0.04076
3371,,-0.017,0.19448,0.056,0.41272,0.925,0.72072,0.539,-0.02692
3372,8,-0.051,0.1648,0.047,0.4304,0.959,0.7504,0.548,1.0
3373,1,1.0,0.12612,0.029,0.43908,0.984,0.77208,0.548,0.97332
3374,,0.925,0.05844,-0.021,0.40676,0.959,0.73976,0.498,0.90564
3375,3,0.882,0.01976,1.0,0.41544,0.984,0.76144,0.498,0.87896
3376,,0.807,-0.04792,0.95,0.38312,0.959,0.72912,0.448,0.81128
3377,2,0.761,1.0,0.929,0.3888,0.98,0.7468,0.444,0.7816
3378,,0.686,0.93232,0.879,0.35648,0.955,0.71448,0.394,0.71392
3379,,0.611,0.86464,0.829,0.32416,0.93,0.68216,0.344,0.64624
3380,,0.536,0.79696,0.779,0.29184,0.905,0.64984,0.294,0.57856
3381,,0.461,0.72928,0.729,0.25952,0.88,0.61752,0.244,0.51088
3382,,0.386,0.6616,0.679,0.2272,0.855,0.5852,0.194,0.4432
3383,,0.311,0.59392,0.629,0.19488,0.83,0.55288,0.144,0.37552
3384,,0.236,0.52624,0.579,0.16256,0.805,0.52056,0.094,0.30784
3385,,0.161,0.45856,0.529,0.13024,0.78,0.48824,0.044,0.24016
3386,,0.086,0.39088,0.479,0.09792,0.755,0.45592,-0.006,0.17248
3387,7,0.061,0.3692,0.479,0.1246,0.798,0.4946,1.0,0.1638
3388,,-0.014,0.30152,0.429,0.09228,0.773,0.46228,0.95,0.09612
3389,1,1.0,0.26284,0.411,0.10096,0.798,0.48396,0.95,0.06944
3390,,0.925,0.19516,0.361,0.06864,0.773,0.45164,0.9,0.00176
3391,,0.85,0.12748,0.311,0.03632,0.748,0.41932,0.85,-0.06592
3392,8,0.816,0.0978,0.302,0.054,0.782,0.449,0.859,1.0
3393,,0.741,0.03012,0.252,0.02168,0.757,0.41668,0.809,0.93232
3394,,0.666,-0.03756,0.202,-0.01064,0.732,0.38436,0.759,0.86464
3395,2,0.62,1.0,0.181,-0.00496,0.753,0.40204,0.755,0.83496
3396,4,0.586,0.97032,0.172,1.0,0.787,0.43172,0.764,0.81728
3397,,0.511,0.90264,0.122,0.96768,0.762,0.3994,0.714,0.7496
3398,,0.436,0.83496,0.072,0.93536,0.737,0.36708,0.664,0.68192
3399,,0.361,0.76728,0.022,0.90304,0.712,0.33476,0.614,0.61424
3400,,0.286,0.6996,-0.028,0.87072,0.687,0.30244,0.564,0.54656
3401,3,0.243,0.66092,1.0,0.8794,0.712,0.32412,0.564,0.51988
3402,,0.168,0.59324,0.95,0.84708,0.687,0.2918,0.514,0.4522
3403,,0.093,0.52556,0.9,0.81476,0.662,0.25948,0.464,0.38452
3404,,0.018,0.45788,0.85,0.78244,0.637,0.22716,0.414,0.31684
3405,,-0.057,0.3902,0.8,0.75012,0.612,0.19484,0.364,0.24916
3406,1,1.0,0.35152,0.782,0.7588,0.637,0.21652,0.364,0.22248
3407,,0.925,0.28384,0.732,0.72648,0.612,0.1842,0.314,0.1548
3408,,0.85,0.21616,0.682,0.69416,0.587,0.15188,0.264,0.08712
3409,,0.775,0.14848,0.632,0.66184,0.562,0.11956,0.214,0.01944
3410,,0.7,0.0808,0.582,0.62952,0.537,0.08724,0.164,-0.04824
3411,8,0.666,0.05112,0.573,0.6472,0.571,0.11692,0.173,1.0
3412,,0.591,-0.01656,0.523,0.61488,0.546,0.0846,0.123,0.93232
3413,2,0.545,1.0,0.502,0.62056,0.567,0.10228,0.119,0.90264
3414,,0.47,0.93232,0.452,0.58824,0.542,0.06996,0.069,0.83496
3415,,0.395,0.86464,0.402,0.55592,0.517,0.03764,0.019,0.76728
3416,,0.32,0.79696,0.352,0.5236,0.492,0.00532,-0.031,0.6996
3417,7,0.295,0.77528,0.352,0.55028,0.535,0.044,1.0,0.69092
3418,,0.22,0.7076,0.302,0.51796,0.51,0.01168,0.95,0.62324
3419,,0.145,0.63992,0.252,0.48564,0.485,-0.02064,0.9,0.55556
3420,6,0.124,0.62224,0.256,0.51532,0.31,1.0,0.921,0.54988
3421,,0.049,0.55456,0.206,0.483,0.285,0.96768,0.871,0.4822
3422,,-0.026,0.48688,0.156,0.45068,0.26,0.93536,0.821,0.41452
3423,1,1.0,0.4482,0.138,0.45936,0.285,0.95704,0.821,0.38784
3424,,0.925,0.38052,0.088,0.42704,0.26,0.92472,0.771,0.32016
3425,,0.85,0.31284,0.038,0.39472,0.235,0.8924,0.721,0.25248
3426,,0.775,0.24516,-0.012,0.3624,0.21,0.86008,0.671,0.1848
3427,3,0.732,0.20648,1.0,0.37108,0.235,0.88176,0.671,0.15812
3428,,0.657,0.1388,0.95,0.33876,0.21,0.84944,0.621,0.09044
3429,,0.582,0.07112,0.9,0.30644,0.185,0.81712,0.571,0.02276
3430,,0.507,0.00344,0.85,0.27412,0.16,0.7848,0.521,-0.04492
3431,8,0.473,-0.02624,0.841,0.2918,0.194,0.81448,0.53,1.0
3432,2,0.427,1.0,0.82,0.29748,0.215,0.83216,0.526,0.97032
3433,,0.352,0.93232,0.77,0.26516,0.19,0.79984,0.476,0.90264
3434,,0.277,0.86464,0.72,0.23284,0.165,0.76752,0.426,0.83496
3435,,0.202,0.79696,0.67,0.20052,0.14,0.7352,0.376,0.76728
3436,,0.127,0.72928,0.62,0.1682,0.115,0.70288,0.326,0.6996
3437,,0.052,0.6616,0.57,0.13588,0.09,0.67056,0.276,0.63192
3438,,-0.023,0.59392,0.52,0.10356,0.065,0.63824,0.226,0.56424
3439,1,1.0,0.55524,0.502,0.11224,0.09,0.65992,0.226,0.53756
3440,,0.925,0.48756,0.452,0.07992,0.065,0.6276,0.176,0.46988
3441,,0.85,0.41988,0.402,0.0476,0.04,0.59528,0.126,0.4022
3442,,0.775,0.3522,0.352,0.01528,0.015,0.56296,0.076,0.33452
3443,,0.7,0.28452,0.302,-0.01704,-0.01,0.53064,0.026,0.26684
3444,4,0.666,0.25484,0.293,1.0,0.024,0.56032,0.035,0.24916
3445,,0.591,0.18716,0.243,0.96768,-0.001,0.528,-0.015,0.18148
3446,7,0.566,0.16548,0.243,0.99436,0.042,0.56668,1.0,0.1728
3447,,0.491,0.0978,0.193,0.96204,0.017,0.53436,0.95,0.10512
3448,,0.416,0.03012,0.143,0.92972,-0.008,0.50204,0.9,0.03744
3449,5,0.391,0.00844,0.143,0.9564,1.0,0.31972,0.918,0.02876
3450,,0.316,-0.05924,0.093,0.92408,0.975,0.2874,0.868,-0.03892
3451,2,0.27,1.0,0.072,0.92976,0.996,0.30508,0.864,-0.0686
3452,8,0.236,0.97032,0.063,0.94744,1.0,0.33476,0.873,1.0
3453,,0.161,0.90264,0.013,0.91512,0.975,0.30244,0.823,0.93232
3454,,0.086,0.83496,-0.037,0.8828,0.95,0.27012,0.773,0.86464
3455,3,0.043,0.79628,1.0,0.89148,0.975,0.2918,0.773,0.83796
3456,,-0.032,0.7286,0.95,0.85916,0.95,0.25948,0.723,0.77028
3457,1,1.0,0.68992,0.932,0.86784,0.975,0.28116,0.723,0.7436
3458,,0.925,0.62224,0.882,0.83552,0.95,0.24884,0.673,0.67592
3459,,0.85,0.55456,0.832,0.8032,0.925,0.21652,0.623,0.60824
3460,,0.775,0.48688,0.782,0.77088,0.9,0.1842,0.573,0.54056
3461,,0.7,0.4192,0.732,0.73856,0.875,0.15188,0.523,0.47288
3462,,0.625,0.35152,0.682,0.70624,0.85,0.11956,0.473,0.4052
3463,,0.55,0.28384,0.632,0.67392,0.825,0.08724,0.423,0.33752
3464,,0.475,0.21616,0.582,0.6416,0.8,0.05492,0.373,0.26984
3465,,0.4,0.14848,0.532,0.60928,0.775,0.0226,0.323,0.20216
3466,,0.325,0.0808,0.482,0.57696,0.75,-0.00972,0.273,0.13448
3467,6,0.304,0.06312,0.486,0.60664,0.575,1.0,0.294,0.1288
3468,,0.229,-0.00456,0.436,0.57432,0.55,0.96768,0.244,0.06112
3469,2,0.183,1.0,0.415,0.58,0.571,0.98536,0.24,0.03144
3470,,0.108,0.93232,0.365,0.54768,0.546,0.95304,0.19,-0.03624
3471,8,0.074,0.90264,0.356,0.56536,0.58,0.98272,0.199,1.0
3472,,-0.001,0.83496,0.306,0.53304,0.555,0.9504,0.149,0.93232
3473,1,1.0,0.79628,0.288,0.54172,0.58,0.97208,0.149,0.90564
3474,,0.925,0.7286,0.238,0.5094,0.555,0.93976,0.099,0.83796
3475,,0.85,0.66092,0.188,0.47708,0.53,0.90744,0.049,0.77028
3476,,0.775,0.59324,0.138,0.44476,0.505,0.87512,-0.001,0.7026
3477,7,0.75,0.57156,0.138,0.47144,0.548,0.9138,1.0,0.69392
3478,,0.675,0.50388,0.088,0.43912,0.523,0.88148,0.95,0.62624
3479,,0.6,0.4362,0.038,0.4068,0.498,0.84916,0.9,0.55856
3480,,0.525,0.36852,-0.012,0.37448,0.473,0.81684,0.85,0.49088
3481,3,0.482,0.32984,1.0,0.38316,0.498,0.83852,0.85,0.4642
3482,,0.407,0.26216,0.95,0.35084,0.473,0.8062,0.8,0.39652
3483,,0.332,0.19448,0.9,0.31852,0.448,0.77388,0.75,0.32884
3484,,0.257,0.1268,0.85,0.2862,0.423,0.74156,0.7,0.26116
3485,,0.182,0.05912,0.8,0.25388,0.398,0.70924,0.65,0.19348
3486,,0.107,-0.00856,0.75,0.22156,0.373,0.67692,0.6,0.1258
3487,2,0.061,1.0,0.729,0.22724,0.394,0.6946,0.596,0.09612
3488,,-0.014,0.93232,0.679,0.19492,0.369,0.66228,0.546,0.02844
3489,1,1.0,0.89364,0.661,0.2036,0.394,0.68396,0.546,0.00176
