step,active_motive,motive_1,motive_2,motive_3,motive_4,motive_5,motive_6,motive_7,motive_8
0,,-0.25092,0.90143,0.46399,0.19732,-0.68796,-0.68801,-0.88383,0.73235
1,7,-0.25092,0.88375,0.43899,0.17964,-0.68796,-0.67033,1.0,0.75003
2,5,-0.25092,0.86607,0.41399,0.16196,1.0,-0.65265,1.0,0.76771
3,6,-0.25092,0.84839,0.38899,0.14428,1.0,1.0,1.0,0.78539
4,1,1.0,0.83071,0.36399,0.1266,1.0,1.0,1.0,0.80307
5,,0.95,0.76303,0.28899,0.05892,0.95,0.96768,0.975,0.77075
6,,0.9,0.69535,0.21399,-0.00876,0.9,0.93536,0.95,0.73843
7,4,0.9,0.67767,0.18899,1.0,0.9,0.95304,0.975,0.75611
8,,0.85,0.60999,0.11399,0.93232,0.85,0.92072,0.95,0.72379
9,,0.8,0.54231,0.03899,0.86464,0.8,0.8884,0.925,0.69147
10,,0.75,0.47463,-0.03601,0.79696,0.75,0.85608,0.9,0.65915
11,3,0.75,0.45695,1.0,0.77928,0.75,0.87376,0.925,0.67683
12,,0.7,0.38927,0.925,0.7116,0.7,0.84144,0.9,0.64451
13,,0.65,0.32159,0.85,0.64392,0.65,0.80912,0.875,0.61219
14,,0.6,0.25391,0.775,0.57624,0.6,0.7768,0.85,0.57987
15,,0.55,0.18623,0.7,0.50856,0.55,0.74448,0.825,0.54755
16,,0.5,0.11855,0.625,0.44088,0.5,0.71216,0.8,0.51523
17,,0.45,0.05087,0.55,0.3732,0.45,0.67984,0.775,0.48291
18,,0.4,-0.01681,0.475,0.30552,0.4,0.64752,0.75,0.45059
19,2,0.4,1.0,0.45,0.28784,0.4,0.6652,0.775,0.46827
20,,0.35,0.93232,0.375,0.22016,0.35,0.63288,0.75,0.43595
21,,0.3,0.86464,0.3,0.15248,0.3,0.60056,0.725,0.40363
22,,0.25,0.79696,0.225,0.0848,0.25,0.56824,0.7,0.37131
23,,0.2,0.72928,0.15,0.01712,0.2,0.53592,0.675,0.33899
24,,0.15,0.6616,0.075,-0.05056,0.15,0.5036,0.65,0.30667
25,4,0.15,0.64392,0.05,1.0,0.15,0.52128,0.675,0.32435
26,,0.1,0.57624,-0.025,0.93232,0.1,0.48896,0.65,0.29203
27,3,0.1,0.55856,1.0,0.91464,0.1,0.50664,0.675,0.30971
28,,0.05,0.49088,0.925,0.84696,0.05,0.47432,0.65,0.27739
29,,0.0,0.4232,0.85,0.77928,0.0,0.442,0.625,0.24507
30,,-0.05,0.35552,0.775,0.7116,-0.05,0.40968,0.6,0.21275
31,5,-0.05,0.33784,0.75,0.69392,1.0,0.42736,0.625,0.23043
32,1,1.0,0.32016,0.725,0.67624,1.0,0.44504,0.65,0.24811
33,,0.95,0.25248,0.65,0.60856,0.95,0.41272,0.625,0.21579
34,,0.9,0.1848,0.575,0.54088,0.9,0.3804,0.6,0.18347
35,,0.85,0.11712,0.5,0.4732,0.85,0.34808,0.575,0.15115
36,,0.8,0.04944,0.425,0.40552,0.8,0.31576,0.55,0.11883
37,,0.75,-0.01824,0.35,0.33784,0.75,0.28344,0.525,0.08651
38,2,0.75,1.0,0.325,0.32016,0.75,0.30112,0.55,0.10419
39,,0.7,0.93232,0.25,0.25248,0.7,0.2688,0.525,0.07187
40,,0.65,0.86464,0.175,0.1848,0.65,0.23648,0.5,0.03955
41,,0.6,0.79696,0.1,0.11712,0.6,0.20416,0.475,0.00723
42,,0.55,0.72928,0.025,0.04944,0.55,0.17184,0.45,-0.02509
43,8,0.55,0.7116,0.0,0.03176,0.55,0.18952,0.475,1.0
44,,0.5,0.64392,-0.075,-0.03592,0.5,0.1572,0.45,0.96768
45,3,0.5,0.62624,1.0,-0.0536,0.5,0.17488,0.475,0.98536
46,4,0.5,0.60856,0.975,1.0,0.5,0.19256,0.5,1.0
47,,0.45,0.54088,0.9,0.93232,0.45,0.16024,0.475,0.96768
48,,0.4,0.4732,0.825,0.86464,0.4,0.12792,0.45,0.93536
49,,0.35,0.40552,0.75,0.79696,0.35,0.0956,0.425,0.90304
50,,0.3,0.33784,0.675,0.72928,0.3,0.06328,0.4,0.87072
51,,0.25,0.27016,0.6,0.6616,0.25,0.03096,0.375,0.8384
52,,0.2,0.20248,0.525,0.59392,0.2,-0.00136,0.35,0.80608
53,6,0.2,0.1848,0.5,0.57624,0.2,1.0,0.375,0.82376
54,,0.15,0.11712,0.425,0.50856,0.15,0.96768,0.35,0.79144
55,,0.1,0.04944,0.35,0.44088,0.1,0.93536,0.325,0.75912
56,,0.05,-0.01824,0.275,0.3732,0.05,0.90304,0.3,0.7268
57,2,0.05,1.0,0.25,0.35552,0.05,0.92072,0.325,0.74448
58,,0.0,0.93232,0.175,0.28784,0.0,0.8884,0.3,0.71216
59,,-0.05,0.86464,0.1,0.22016,-0.05,0.85608,0.275,0.67984
60,5,-0.05,0.84696,0.075,0.20248,1.0,0.87376,0.3,0.69752
61,1,1.0,0.82928,0.05,0.1848,1.0,0.89144,0.325,0.7152
62,,0.95,0.7616,-0.025,0.11712,0.95,0.85912,0.3,0.68288
63,3,0.95,0.74392,1.0,0.09944,0.95,0.8768,0.325,0.70056
64,,0.9,0.67624,0.925,0.03176,0.9,0.84448,0.3,0.66824
65,,0.85,0.60856,0.85,-0.03592,0.85,0.81216,0.275,0.63592
66,4,0.85,0.59088,0.825,1.0,0.85,0.82984,0.3,0.6536
67,,0.8,0.5232,0.75,0.93232,0.8,0.79752,0.275,0.62128
68,,0.75,0.45552,0.675,0.86464,0.75,0.7652,0.25,0.58896
69,,0.7,0.38784,0.6,0.79696,0.7,0.73288,0.225,0.55664
70,,0.65,0.32016,0.525,0.72928,0.65,0.70056,0.2,0.52432
71,,0.6,0.25248,0.45,0.6616,0.6,0.66824,0.175,0.492
72,,0.55,0.1848,0.375,0.59392,0.55,0.63592,0.15,0.45968
73,,0.5,0.11712,0.3,0.52624,0.5,0.6036,0.125,0.42736
74,,0.45,0.04944,0.225,0.45856,0.45,0.57128,0.1,0.39504
75,,0.4,-0.01824,0.15,0.39088,0.4,0.53896,0.075,0.36272
76,2,0.4,1.0,0.125,0.3732,0.4,0.55664,0.1,0.3804
77,,0.35,0.93232,0.05,0.30552,0.35,0.52432,0.075,0.34808
78,,0.3,0.86464,-0.025,0.23784,0.3,0.492,0.05,0.31576
79,3,0.3,0.84696,1.0,0.22016,0.3,0.50968,0.075,0.33344
80,,0.25,0.77928,0.925,0.15248,0.25,0.47736,0.05,0.30112
81,,0.2,0.7116,0.85,0.0848,0.2,0.44504,0.025,0.2688
82,,0.15,0.64392,0.775,0.01712,0.15,0.41272,0.0,0.23648
83,,0.1,0.57624,0.7,-0.05056,0.1,0.3804,-0.025,0.20416
84,4,0.1,0.55856,0.675,1.0,0.1,0.39808,0.0,0.22184
85,,0.05,0.49088,0.6,0.93232,0.05,0.36576,-0.025,0.18952
86,7,0.05,0.4732,0.575,0.91464,0.05,0.38344,1.0,0.2072
87,,0.0,0.40552,0.5,0.84696,0.0,0.35112,0.975,0.17488
88,,-0.05,0.33784,0.425,0.77928,-0.05,0.3188,0.95,0.14256
89,5,-0.05,0.32016,0.4,0.7616,1.0,0.33648,0.975,0.16024
90,1,1.0,0.30248,0.375,0.74392,1.0,0.35416,1.0,0.17792
91,,0.95,0.2348,0.3,0.67624,0.95,0.32184,0.975,0.1456
92,,0.9,0.16712,0.225,0.60856,0.9,0.28952,0.95,0.11328
93,,0.85,0.09944,0.15,0.54088,0.85,0.2572,0.925,0.08096
94,,0.8,0.03176,0.075,0.4732,0.8,0.22488,0.9,0.04864
95,,0.75,-0.03592,-0.0,0.40552,0.75,0.19256,0.875,0.01632
96,2,0.75,1.0,-0.025,0.38784,0.75,0.21024,0.9,0.034
97,3,0.75,0.98232,1.0,0.37016,0.75,0.22792,0.925,0.05168
98,,0.7,0.91464,0.925,0.30248,0.7,0.1956,0.9,0.01936
99,,0.65,0.84696,0.85,0.2348,0.65,0.16328,0.875,-0.01296
100,8,0.65,0.82928,0.825,0.21712,0.65,0.18096,0.9,1.0
101,,0.6,0.7616,0.75,0.14944,0.6,0.14864,0.875,0.96768
102,,0.55,0.69392,0.675,0.08176,0.55,0.11632,0.85,0.93536
103,,0.5,0.62624,0.6,0.01408,0.5,0.084,0.825,0.90304
104,,0.45,0.55856,0.525,-0.0536,0.45,0.05168,0.8,0.87072
105,4,0.45,0.54088,0.5,1.0,0.45,0.06936,0.825,0.8884
106,,0.4,0.4732,0.425,0.93232,0.4,0.03704,0.8,0.85608
107,,0.35,0.40552,0.35,0.86464,0.35,0.00472,0.775,0.82376
108,,0.3,0.33784,0.275,0.79696,0.3,-0.0276,0.75,0.79144
109,6,0.3,0.32016,0.25,0.77928,0.3,1.0,0.775,0.80912
110,,0.25,0.25248,0.175,0.7116,0.25,0.96768,0.75,0.7768
111,,0.2,0.1848,0.1,0.64392,0.2,0.93536,0.725,0.74448
112,,0.15,0.11712,0.025,0.57624,0.15,0.90304,0.7,0.71216
113,,0.1,0.04944,-0.05,0.50856,0.1,0.87072,0.675,0.67984
114,3,0.1,0.03176,1.0,0.49088,0.1,0.8884,0.7,0.69752
115,,0.05,-0.03592,0.925,0.4232,0.05,0.85608,0.675,0.6652
116,2,0.05,1.0,0.9,0.40552,0.05,0.87376,0.7,0.68288
117,,0.0,0.93232,0.825,0.33784,0.0,0.84144,0.675,0.65056
118,,-0.05,0.86464,0.75,0.27016,-0.05,0.80912,0.65,0.61824
119,1,1.0,0.84696,0.725,0.25248,-0.05,0.8268,0.675,0.63592
120,5,1.0,0.82928,0.7,0.2348,1.0,0.84448,0.7,0.6536
121,,0.95,0.7616,0.625,0.16712,0.95,0.81216,0.675,0.62128
122,,0.9,0.69392,0.55,0.09944,0.9,0.77984,0.65,0.58896
123,,0.85,0.62624,0.475,0.03176,0.85,0.74752,0.625,0.55664
124,,0.8,0.55856,0.4,-0.03592,0.8,0.7152,0.6,0.52432
125,4,0.8,0.54088,0.375,1.0,0.8,0.73288,0.625,0.542
126,,0.75,0.4732,0.3,0.93232,0.75,0.70056,0.6,0.50968
127,,0.7,0.40552,0.225,0.86464,0.7,0.66824,0.575,0.47736
128,,0.65,0.33784,0.15,0.79696,0.65,0.63592,0.55,0.44504
129,,0.6,0.27016,0.075,0.72928,0.6,0.6036,0.525,0.41272
130,,0.55,0.20248,-0.0,0.6616,0.55,0.57128,0.5,0.3804
131,,0.5,0.1348,-0.075,0.59392,0.5,0.53896,0.475,0.34808
132,3,0.5,0.11712,1.0,0.57624,0.5,0.55664,0.5,0.36576
133,,0.45,0.04944,0.925,0.50856,0.45,0.52432,0.475,0.33344
134,,0.4,-0.01824,0.85,0.44088,0.4,0.492,0.45,0.30112
135,2,0.4,1.0,0.825,0.4232,0.4,0.50968,0.475,0.3188
136,,0.35,0.93232,0.75,0.35552,0.35,0.47736,0.45,0.28648
137,,0.3,0.86464,0.675,0.28784,0.3,0.44504,0.425,0.25416
138,,0.25,0.79696,0.6,0.22016,0.25,0.41272,0.4,0.22184
139,,0.2,0.72928,0.525,0.15248,0.2,0.3804,0.375,0.18952
140,,0.15,0.6616,0.45,0.0848,0.15,0.34808,0.35,0.1572
141,,0.1,0.59392,0.375,0.01712,0.1,0.31576,0.325,0.12488
142,,0.05,0.52624,0.3,-0.05056,0.05,0.28344,0.3,0.09256
143,4,0.05,0.50856,0.275,1.0,0.05,0.30112,0.325,0.11024
144,,0.0,0.44088,0.2,0.93232,0.0,0.2688,0.3,0.07792
145,,-0.05,0.3732,0.125,0.86464,-0.05,0.23648,0.275,0.0456
146,5,-0.05,0.35552,0.1,0.84696,1.0,0.25416,0.3,0.06328
147,1,1.0,0.33784,0.075,0.82928,1.0,0.27184,0.325,0.08096
148,,0.95,0.27016,-0.0,0.7616,0.95,0.23952,0.3,0.04864
149,,0.9,0.20248,-0.075,0.69392,0.9,0.2072,0.275,0.01632
150,3,0.9,0.1848,1.0,0.67624,0.9,0.22488,0.3,0.034
151,,0.85,0.11712,0.925,0.60856,0.85,0.19256,0.275,0.00168
152,,0.8,0.04944,0.85,0.54088,0.8,0.16024,0.25,-0.03064
153,8,0.8,0.03176,0.825,0.5232,0.8,0.17792,0.275,1.0
154,,0.75,-0.03592,0.75,0.45552,0.75,0.1456,0.25,0.96768
155,2,0.75,1.0,0.725,0.43784,0.75,0.16328,0.275,0.98536
156,,0.7,0.93232,0.65,0.37016,0.7,0.13096,0.25,0.95304
157,,0.65,0.86464,0.575,0.30248,0.65,0.09864,0.225,0.92072
158,,0.6,0.79696,0.5,0.2348,0.6,0.06632,0.2,0.8884
159,,0.55,0.72928,0.425,0.16712,0.55,0.034,0.175,0.85608
160,,0.5,0.6616,0.35,0.09944,0.5,0.00168,0.15,0.82376
161,,0.45,0.59392,0.275,0.03176,0.45,-0.03064,0.125,0.79144
162,6,0.45,0.57624,0.25,0.01408,0.45,1.0,0.15,0.80912
163,,0.4,0.50856,0.175,-0.0536,0.4,0.96768,0.125,0.7768
164,4,0.4,0.49088,0.15,1.0,0.4,0.98536,0.15,0.79448
165,,0.35,0.4232,0.075,0.93232,0.35,0.95304,0.125,0.76216
166,,0.3,0.35552,-0.0,0.86464,0.3,0.92072,0.1,0.72984
167,,0.25,0.28784,-0.075,0.79696,0.25,0.8884,0.075,0.69752
168,3,0.25,0.27016,1.0,0.77928,0.25,0.90608,0.1,0.7152
169,,0.2,0.20248,0.925,0.7116,0.2,0.87376,0.075,0.68288
170,,0.15,0.1348,0.85,0.64392,0.15,0.84144,0.05,0.65056
171,,0.1,0.06712,0.775,0.57624,0.1,0.80912,0.025,0.61824
172,,0.05,-0.00056,0.7,0.50856,0.05,0.7768,0.0,0.58592
173,2,0.05,1.0,0.675,0.49088,0.05,0.79448,0.025,0.6036
174,,0.0,0.93232,0.6,0.4232,0.0,0.76216,0.0,0.57128
175,,-0.05,0.86464,0.525,0.35552,-0.05,0.72984,-0.025,0.53896
176,1,1.0,0.84696,0.5,0.33784,-0.05,0.74752,0.0,0.55664
177,5,1.0,0.82928,0.475,0.32016,1.0,0.7652,0.025,0.57432
178,,0.95,0.7616,0.4,0.25248,0.95,0.73288,0.0,0.542
179,,0.9,0.69392,0.325,0.1848,0.9,0.70056,-0.025,0.50968
180,7,0.9,0.67624,0.3,0.16712,0.9,0.71824,1.0,0.52736
181,,0.85,0.60856,0.225,0.09944,0.85,0.68592,0.975,0.49504
182,,0.8,0.54088,0.15,0.03176,0.8,0.6536,0.95,0.46272
183,,0.75,0.4732,0.075,-0.03592,0.75,0.62128,0.925,0.4304
184,4,0.75,0.45552,0.05,1.0,0.75,0.63896,0.95,0.44808
185,,0.7,0.38784,-0.025,0.93232,0.7,0.60664,0.925,0.41576
186,3,0.7,0.37016,1.0,0.91464,0.7,0.62432,0.95,0.43344
187,,0.65,0.30248,0.925,0.84696,0.65,0.592,0.925,0.40112
188,,0.6,0.2348,0.85,0.77928,0.6,0.55968,0.9,0.3688
189,,0.55,0.16712,0.775,0.7116,0.55,0.52736,0.875,0.33648
190,,0.5,0.09944,0.7,0.64392,0.5,0.49504,0.85,0.30416
191,,0.45,0.03176,0.625,0.57624,0.45,0.46272,0.825,0.27184
192,,0.4,-0.03592,0.55,0.50856,0.4,0.4304,0.8,0.23952
193,2,0.4,1.0,0.525,0.49088,0.4,0.44808,0.825,0.2572
194,,0.35,0.93232,0.45,0.4232,0.35,0.41576,0.8,0.22488
195,,0.3,0.86464,0.375,0.35552,0.3,0.38344,0.775,0.19256
196,,0.25,0.79696,0.3,0.28784,0.25,0.35112,0.75,0.16024
197,,0.2,0.72928,0.225,0.22016,0.2,0.3188,0.725,0.12792
198,,0.15,0.6616,0.15,0.15248,0.15,0.28648,0.7,0.0956
199,,0.1,0.59392,0.075,0.0848,0.1,0.25416,0.675,0.06328
200,,0.05,0.52624,-0.0,0.01712,0.05,0.22184,0.65,0.03096
201,,0.0,0.45856,-0.075,-0.05056,0.0,0.18952,0.625,-0.00136
202,3,0.0,0.44088,1.0,-0.06824,0.0,0.2072,0.65,0.01632
203,4,0.0,0.4232,0.975,1.0,0.0,0.22488,0.675,0.034
204,,-0.05,0.35552,0.9,0.93232,-0.05,0.19256,0.65,0.00168
205,5,-0.05,0.33784,0.875,0.91464,1.0,0.21024,0.675,0.01936
206,1,1.0,0.32016,0.85,0.89696,1.0,0.22792,0.7,0.03704
207,,0.95,0.25248,0.775,0.82928,0.95,0.1956,0.675,0.00472
208,,0.9,0.1848,0.7,0.7616,0.9,0.16328,0.65,-0.0276
209,8,0.9,0.16712,0.675,0.74392,0.9,0.18096,0.675,1.0
210,,0.85,0.09944,0.6,0.67624,0.85,0.14864,0.65,0.96768
211,,0.8,0.03176,0.525,0.60856,0.8,0.11632,0.625,0.93536
212,,0.75,-0.03592,0.45,0.54088,0.75,0.084,0.6,0.90304
213,2,0.75,1.0,0.425,0.5232,0.75,0.10168,0.625,0.92072
214,,0.7,0.93232,0.35,0.45552,0.7,0.06936,0.6,0.8884
215,,0.65,0.86464,0.275,0.38784,0.65,0.03704,0.575,0.85608
216,,0.6,0.79696,0.2,0.32016,0.6,0.00472,0.55,0.82376
217,,0.55,0.72928,0.125,0.25248,0.55,-0.0276,0.525,0.79144
218,6,0.55,0.7116,0.1,0.2348,0.55,1.0,0.55,0.80912
219,,0.5,0.64392,0.025,0.16712,0.5,0.96768,0.525,0.7768
220,,0.45,0.57624,-0.05,0.09944,0.45,0.93536,0.5,0.74448
221,3,0.45,0.55856,1.0,0.08176,0.45,0.95304,0.525,0.76216
222,,0.4,0.49088,0.925,0.01408,0.4,0.92072,0.5,0.72984
223,,0.35,0.4232,0.85,-0.0536,0.35,0.8884,0.475,0.69752
224,4,0.35,0.40552,0.825,1.0,0.35,0.90608,0.5,0.7152
225,,0.3,0.33784,0.75,0.93232,0.3,0.87376,0.475,0.68288
226,,0.25,0.27016,0.675,0.86464,0.25,0.84144,0.45,0.65056
227,,0.2,0.20248,0.6,0.79696,0.2,0.80912,0.425,0.61824
228,,0.15,0.1348,0.525,0.72928,0.15,0.7768,0.4,0.58592
229,,0.1,0.06712,0.45,0.6616,0.1,0.74448,0.375,0.5536
230,,0.05,-0.00056,0.375,0.59392,0.05,0.71216,0.35,0.52128
231,2,0.05,1.0,0.35,0.57624,0.05,0.72984,0.375,0.53896
232,,0.0,0.93232,0.275,0.50856,0.0,0.69752,0.35,0.50664
233,,-0.05,0.86464,0.2,0.44088,-0.05,0.6652,0.325,0.47432
234,5,-0.05,0.84696,0.175,0.4232,1.0,0.68288,0.35,0.492
235,1,1.0,0.82928,0.15,0.40552,1.0,0.70056,0.375,0.50968
236,,0.95,0.7616,0.075,0.33784,0.95,0.66824,0.35,0.47736
237,,0.9,0.69392,-0.0,0.27016,0.9,0.63592,0.325,0.44504
238,,0.85,0.62624,-0.075,0.20248,0.85,0.6036,0.3,0.41272
239,3,0.85,0.60856,1.0,0.1848,0.85,0.62128,0.325,0.4304
240,,0.8,0.54088,0.925,0.11712,0.8,0.58896,0.3,0.39808
241,,0.75,0.4732,0.85,0.04944,0.75,0.55664,0.275,0.36576
242,,0.7,0.40552,0.775,-0.01824,0.7,0.52432,0.25,0.33344
243,4,0.7,0.38784,0.75,1.0,0.7,0.542,0.275,0.35112
244,,0.65,0.32016,0.675,0.93232,0.65,0.50968,0.25,0.3188
245,,0.6,0.25248,0.6,0.86464,0.6,0.47736,0.225,0.28648
246,,0.55,0.1848,0.525,0.79696,0.55,0.44504,0.2,0.25416
247,,0.5,0.11712,0.45,0.72928,0.5,0.41272,0.175,0.22184
248,,0.45,0.04944,0.375,0.6616,0.45,0.3804,0.15,0.18952
249,,0.4,-0.01824,0.3,0.59392,0.4,0.34808,0.125,0.1572
250,2,0.4,1.0,0.275,0.57624,0.4,0.36576,0.15,0.17488
251,,0.35,0.93232,0.2,0.50856,0.35,0.33344,0.125,0.14256
252,,0.3,0.86464,0.125,0.44088,0.3,0.30112,0.1,0.11024
253,,0.25,0.79696,0.05,0.3732,0.25,0.2688,0.075,0.07792
254,,0.2,0.72928,-0.025,0.30552,0.2,0.23648,0.05,0.0456
255,3,0.2,0.7116,1.0,0.28784,0.2,0.25416,0.075,0.06328
256,,0.15,0.64392,0.925,0.22016,0.15,0.22184,0.05,0.03096
257,,0.1,0.57624,0.85,0.15248,0.1,0.18952,0.025,-0.00136
258,8,0.1,0.55856,0.825,0.1348,0.1,0.2072,0.05,1.0
259,,0.05,0.49088,0.75,0.06712,0.05,0.17488,0.025,0.96768
260,,0.0,0.4232,0.675,-0.00056,0.0,0.14256,0.0,0.93536
261,4,0.0,0.40552,0.65,1.0,0.0,0.16024,0.025,0.95304
262,,-0.05,0.33784,0.575,0.93232,-0.05,0.12792,0.0,0.92072
263,5,-0.05,0.32016,0.55,0.91464,1.0,0.1456,0.025,0.9384
264,1,1.0,0.30248,0.525,0.89696,1.0,0.16328,0.05,0.95608
265,,0.95,0.2348,0.45,0.82928,0.95,0.13096,0.025,0.92376
266,,0.9,0.16712,0.375,0.7616,0.9,0.09864,0.0,0.89144
267,,0.85,0.09944,0.3,0.69392,0.85,0.06632,-0.025,0.85912
268,7,0.85,0.08176,0.275,0.67624,0.85,0.084,1.0,0.8768
269,,0.8,0.01408,0.2,0.60856,0.8,0.05168,0.975,0.84448
270,,0.75,-0.0536,0.125,0.54088,0.75,0.01936,0.95,0.81216
271,2,0.75,1.0,0.1,0.5232,0.75,0.03704,0.975,0.82984
272,,0.7,0.93232,0.025,0.45552,0.7,0.00472,0.95,0.79752
273,,0.65,0.86464,-0.05,0.38784,0.65,-0.0276,0.925,0.7652
274,3,0.65,0.84696,1.0,0.37016,0.65,-0.00992,0.95,0.78288
275,6,0.65,0.82928,0.975,0.35248,0.65,1.0,0.975,0.80056
276,,0.6,0.7616,0.9,0.2848,0.6,0.96768,0.95,0.76824
277,,0.55,0.69392,0.825,0.21712,0.55,0.93536,0.925,0.73592
278,,0.5,0.62624,0.75,0.14944,0.5,0.90304,0.9,0.7036
279,,0.45,0.55856,0.675,0.08176,0.45,0.87072,0.875,0.67128
280,,0.4,0.49088,0.6,0.01408,0.4,0.8384,0.85,0.63896
281,,0.35,0.4232,0.525,-0.0536,0.35,0.80608,0.825,0.60664
282,4,0.35,0.40552,0.5,1.0,0.35,0.82376,0.85,0.62432
283,,0.3,0.33784,0.425,0.93232,0.3,0.79144,0.825,0.592
284,,0.25,0.27016,0.35,0.86464,0.25,0.75912,0.8,0.55968
285,,0.2,0.20248,0.275,0.79696,0.2,0.7268,0.775,0.52736
286,,0.15,0.1348,0.2,0.72928,0.15,0.69448,0.75,0.49504
287,,0.1,0.06712,0.125,0.6616,0.1,0.66216,0.725,0.46272
288,,0.05,-0.00056,0.05,0.59392,0.05,0.62984,0.7,0.4304
289,2,0.05,1.0,0.025,0.57624,0.05,0.64752,0.725,0.44808
290,,0.0,0.93232,-0.05,0.50856,0.0,0.6152,0.7,0.41576
291,3,0.0,0.91464,1.0,0.49088,0.0,0.63288,0.725,0.43344
292,,-0.05,0.84696,0.925,0.4232,-0.05,0.60056,0.7,0.40112
293,5,-0.05,0.82928,0.9,0.40552,1.0,0.61824,0.725,0.4188
294,1,1.0,0.8116,0.875,0.38784,1.0,0.63592,0.75,0.43648
295,,0.95,0.74392,0.8,0.32016,0.95,0.6036,0.725,0.40416
296,,0.9,0.67624,0.725,0.25248,0.9,0.57128,0.7,0.37184
297,,0.85,0.60856,0.65,0.1848,0.85,0.53896,0.675,0.33952
298,,0.8,0.54088,0.575,0.11712,0.8,0.50664,0.65,0.3072
299,,0.75,0.4732,0.5,0.04944,0.75,0.47432,0.625,0.27488
300,,0.7,0.40552,0.425,-0.01824,0.7,0.442,0.6,0.24256
301,4,0.7,0.38784,0.4,1.0,0.7,0.45968,0.625,0.26024
302,,0.65,0.32016,0.325,0.93232,0.65,0.42736,0.6,0.22792
303,,0.6,0.25248,0.25,0.86464,0.6,0.39504,0.575,0.1956
304,,0.55,0.1848,0.175,0.79696,0.55,0.36272,0.55,0.16328
305,,0.5,0.11712,0.1,0.72928,0.5,0.3304,0.525,0.13096
306,,0.45,0.04944,0.025,0.6616,0.45,0.29808,0.5,0.09864
307,,0.4,-0.01824,-0.05,0.59392,0.4,0.26576,0.475,0.06632
308,3,0.4,-0.03592,1.0,0.57624,0.4,0.28344,0.5,0.084
309,2,0.4,1.0,0.975,0.55856,0.4,0.30112,0.525,0.10168
310,,0.35,0.93232,0.9,0.49088,0.35,0.2688,0.5,0.06936
311,,0.3,0.86464,0.825,0.4232,0.3,0.23648,0.475,0.03704
312,,0.25,0.79696,0.75,0.35552,0.25,0.20416,0.45,0.00472
313,,0.2,0.72928,0.675,0.28784,0.2,0.17184,0.425,-0.0276
314,8,0.2,0.7116,0.65,0.27016,0.2,0.18952,0.45,1.0
315,,0.15,0.64392,0.575,0.20248,0.15,0.1572,0.425,0.96768
316,,0.1,0.57624,0.5,0.1348,0.1,0.12488,0.4,0.93536
317,,0.05,0.50856,0.425,0.06712,0.05,0.09256,0.375,0.90304
318,,0.0,0.44088,0.35,-0.00056,0.0,0.06024,0.35,0.87072
319,4,0.0,0.4232,0.325,1.0,0.0,0.07792,0.375,0.8884
320,,-0.05,0.35552,0.25,0.93232,-0.05,0.0456,0.35,0.85608
321,5,-0.05,0.33784,0.225,0.91464,1.0,0.06328,0.375,0.87376
322,1,1.0,0.32016,0.2,0.89696,1.0,0.08096,0.4,0.89144
323,,0.95,0.25248,0.125,0.82928,0.95,0.04864,0.375,0.85912
324,,0.9,0.1848,0.05,0.7616,0.9,0.01632,0.35,0.8268
325,,0.85,0.11712,-0.025,0.69392,0.85,-0.016,0.325,0.79448
326,3,0.85,0.09944,1.0,0.67624,0.85,0.00168,0.35,0.81216
327,,0.8,0.03176,0.925,0.60856,0.8,-0.03064,0.325,0.77984
328,6,0.8,0.01408,0.9,0.59088,0.8,1.0,0.35,0.79752
329,,0.75,-0.0536,0.825,0.5232,0.75,0.96768,0.325,0.7652
330,2,0.75,1.0,0.8,0.50552,0.75,0.98536,0.35,0.78288
331,,0.7,0.93232,0.725,0.43784,0.7,0.95304,0.325,0.75056
332,,0.65,0.86464,0.65,0.37016,0.65,0.92072,0.3,0.71824
333,,0.6,0.79696,0.575,0.30248,0.6,0.8884,0.275,0.68592
334,,0.55,0.72928,0.5,0.2348,0.55,0.85608,0.25,0.6536
335,,0.5,0.6616,0.425,0.16712,0.5,0.82376,0.225,0.62128
336,,0.45,0.59392,0.35,0.09944,0.45,0.79144,0.2,0.58896
337,,0.4,0.52624,0.275,0.03176,0.4,0.75912,0.175,0.55664
338,,0.35,0.45856,0.2,-0.03592,0.35,0.7268,0.15,0.52432
339,4,0.35,0.44088,0.175,1.0,0.35,0.74448,0.175,0.542
340,,0.3,0.3732,0.1,0.93232,0.3,0.71216,0.15,0.50968
341,,0.25,0.30552,0.025,0.86464,0.25,0.67984,0.125,0.47736
342,,0.2,0.23784,-0.05,0.79696,0.2,0.64752,0.1,0.44504
343,3,0.2,0.22016,1.0,0.77928,0.2,0.6652,0.125,0.46272
344,,0.15,0.15248,0.925,0.7116,0.15,0.63288,0.1,0.4304
345,,0.1,0.0848,0.85,0.64392,0.1,0.60056,0.075,0.39808
346,,0.05,0.01712,0.775,0.57624,0.05,0.56824,0.05,0.36576
347,,0.0,-0.05056,0.7,0.50856,0.0,0.53592,0.025,0.33344
348,2,0.0,1.0,0.675,0.49088,0.0,0.5536,0.05,0.35112
349,,-0.05,0.93232,0.6,0.4232,-0.05,0.52128,0.025,0.3188
350,5,-0.05,0.91464,0.575,0.40552,1.0,0.53896,0.05,0.33648
351,1,1.0,0.89696,0.55,0.38784,1.0,0.55664,0.075,0.35416
352,,0.95,0.82928,0.475,0.32016,0.95,0.52432,0.05,0.32184
353,,0.9,0.7616,0.4,0.25248,0.9,0.492,0.025,0.28952
354,,0.85,0.69392,0.325,0.1848,0.85,0.45968,0.0,0.2572
355,,0.8,0.62624,0.25,0.11712,0.8,0.42736,-0.025,0.22488
356,7,0.8,0.60856,0.225,0.09944,0.8,0.44504,1.0,0.24256
357,,0.75,0.54088,0.15,0.03176,0.75,0.41272,0.975,0.21024
358,,0.7,0.4732,0.075,-0.03592,0.7,0.3804,0.95,0.17792
359,4,0.7,0.45552,0.05,1.0,0.7,0.39808,0.975,0.1956
360,,0.65,0.38784,-0.025,0.93232,0.65,0.36576,0.95,0.16328
361,3,0.65,0.37016,1.0,0.91464,0.65,0.38344,0.975,0.18096
362,,0.6,0.30248,0.925,0.84696,0.6,0.35112,0.95,0.14864
363,,0.55,0.2348,0.85,0.77928,0.55,0.3188,0.925,0.11632
364,,0.5,0.16712,0.775,0.7116,0.5,0.28648,0.9,0.084
365,,0.45,0.09944,0.7,0.64392,0.45,0.25416,0.875,0.05168
366,,0.4,0.03176,0.625,0.57624,0.4,0.22184,0.85,0.01936
367,,0.35,-0.03592,0.55,0.50856,0.35,0.18952,0.825,-0.01296
368,2,0.35,1.0,0.525,0.49088,0.35,0.2072,0.85,0.00472
369,,0.3,0.93232,0.45,0.4232,0.3,0.17488,0.825,-0.0276
370,8,0.3,0.91464,0.425,0.40552,0.3,0.19256,0.85,1.0
371,,0.25,0.84696,0.35,0.33784,0.25,0.16024,0.825,0.96768
372,,0.2,0.77928,0.275,0.27016,0.2,0.12792,0.8,0.93536
373,,0.15,0.7116,0.2,0.20248,0.15,0.0956,0.775,0.90304
374,,0.1,0.64392,0.125,0.1348,0.1,0.06328,0.75,0.87072
375,,0.05,0.57624,0.05,0.06712,0.05,0.03096,0.725,0.8384
376,,0.0,0.50856,-0.025,-0.00056,0.0,-0.00136,0.7,0.80608
377,3,0.0,0.49088,1.0,-0.01824,0.0,0.01632,0.725,0.82376
378,4,0.0,0.4732,0.975,1.0,0.0,0.034,0.75,0.84144
379,,-0.05,0.40552,0.9,0.93232,-0.05,0.00168,0.725,0.80912
380,5,-0.05,0.38784,0.875,0.91464,1.0,0.01936,0.75,0.8268
381,1,1.0,0.37016,0.85,0.89696,1.0,0.03704,0.775,0.84448
382,,0.95,0.30248,0.775,0.82928,0.95,0.00472,0.75,0.81216
383,,0.9,0.2348,0.7,0.7616,0.9,-0.0276,0.725,0.77984
384,6,0.9,0.21712,0.675,0.74392,0.9,1.0,0.75,0.79752
385,,0.85,0.14944,0.6,0.67624,0.85,0.96768,0.725,0.7652
386,,0.8,0.08176,0.525,0.60856,0.8,0.93536,0.7,0.73288
387,,0.75,0.01408,0.45,0.54088,0.75,0.90304,0.675,0.70056
388,,0.7,-0.0536,0.375,0.4732,0.7,0.87072,0.65,0.66824
389,2,0.7,1.0,0.35,0.45552,0.7,0.8884,0.675,0.68592
390,,0.65,0.93232,0.275,0.38784,0.65,0.85608,0.65,0.6536
391,,0.6,0.86464,0.2,0.32016,0.6,0.82376,0.625,0.62128
392,,0.55,0.79696,0.125,0.25248,0.55,0.79144,0.6,0.58896
393,,0.5,0.72928,0.05,0.1848,0.5,0.75912,0.575,0.55664
394,,0.45,0.6616,-0.025,0.11712,0.45,0.7268,0.55,0.52432
395,3,0.45,0.64392,1.0,0.09944,0.45,0.74448,0.575,0.542
396,,0.4,0.57624,0.925,0.03176,0.4,0.71216,0.55,0.50968
397,,0.35,0.50856,0.85,-0.03592,0.35,0.67984,0.525,0.47736
398,4,0.35,0.49088,0.825,1.0,0.35,0.69752,0.55,0.49504
399,,0.3,0.4232,0.75,0.93232,0.3,0.6652,0.525,0.46272
400,,0.25,0.35552,0.675,0.86464,0.25,0.63288,0.5,0.4304
401,,0.2,0.28784,0.6,0.79696,0.2,0.60056,0.475,0.39808
402,,0.15,0.22016,0.525,0.72928,0.15,0.56824,0.45,0.36576
403,,0.1,0.15248,0.45,0.6616,0.1,0.53592,0.425,0.33344
404,,0.05,0.0848,0.375,0.59392,0.05,0.5036,0.4,0.30112
405,,0.0,0.01712,0.3,0.52624,0.0,0.47128,0.375,0.2688
406,,-0.05,-0.05056,0.225,0.45856,-0.05,0.43896,0.35,0.23648
407,2,-0.05,1.0,0.2,0.44088,-0.05,0.45664,0.375,0.25416
408,5,-0.05,0.98232,0.175,0.4232,1.0,0.47432,0.4,0.27184
409,1,1.0,0.96464,0.15,0.40552,1.0,0.492,0.425,0.28952
410,,0.95,0.89696,0.075,0.33784,0.95,0.45968,0.4,0.2572
411,,0.9,0.82928,-0.0,0.27016,0.9,0.42736,0.375,0.22488
412,,0.85,0.7616,-0.075,0.20248,0.85,0.39504,0.35,0.19256
413,3,0.85,0.74392,1.0,0.1848,0.85,0.41272,0.375,0.21024
414,,0.8,0.67624,0.925,0.11712,0.8,0.3804,0.35,0.17792
415,,0.75,0.60856,0.85,0.04944,0.75,0.34808,0.325,0.1456
416,,0.7,0.54088,0.775,-0.01824,0.7,0.31576,0.3,0.11328
417,4,0.7,0.5232,0.75,1.0,0.7,0.33344,0.325,0.13096
418,,0.65,0.45552,0.675,0.93232,0.65,0.30112,0.3,0.09864
419,,0.6,0.38784,0.6,0.86464,0.6,0.2688,0.275,0.06632
420,,0.55,0.32016,0.525,0.79696,0.55,0.23648,0.25,0.034
421,,0.5,0.25248,0.45,0.72928,0.5,0.20416,0.225,0.00168
422,,0.45,0.1848,0.375,0.6616,0.45,0.17184,0.2,-0.03064
423,8,0.45,0.16712,0.35,0.64392,0.45,0.18952,0.225,1.0
424,,0.4,0.09944,0.275,0.57624,0.4,0.1572,0.2,0.96768
425,,0.35,0.03176,0.2,0.50856,0.35,0.12488,0.175,0.93536
426,,0.3,-0.03592,0.125,0.44088,0.3,0.09256,0.15,0.90304
427,2,0.3,1.0,0.1,0.4232,0.3,0.11024,0.175,0.92072
428,,0.25,0.93232,0.025,0.35552,0.25,0.07792,0.15,0.8884
429,,0.2,0.86464,-0.05,0.28784,0.2,0.0456,0.125,0.85608
430,3,0.2,0.84696,1.0,0.27016,0.2,0.06328,0.15,0.87376
431,,0.15,0.77928,0.925,0.20248,0.15,0.03096,0.125,0.84144
432,,0.1,0.7116,0.85,0.1348,0.1,-0.00136,0.1,0.80912
433,6,0.1,0.69392,0.825,0.11712,0.1,1.0,0.125,0.8268
434,,0.05,0.62624,0.75,0.04944,0.05,0.96768,0.1,0.79448
435,,0.0,0.55856,0.675,-0.01824,0.0,0.93536,0.075,0.76216
436,4,0.0,0.54088,0.65,1.0,0.0,0.95304,0.1,0.77984
437,,-0.05,0.4732,0.575,0.93232,-0.05,0.92072,0.075,0.74752
438,1,1.0,0.45552,0.55,0.91464,-0.05,0.9384,0.1,0.7652
439,5,1.0,0.43784,0.525,0.89696,1.0,0.95608,0.125,0.78288
440,,0.95,0.37016,0.45,0.82928,0.95,0.92376,0.1,0.75056
441,,0.9,0.30248,0.375,0.7616,0.9,0.89144,0.075,0.71824
442,,0.85,0.2348,0.3,0.69392,0.85,0.85912,0.05,0.68592
443,,0.8,0.16712,0.225,0.62624,0.8,0.8268,0.025,0.6536
444,,0.75,0.09944,0.15,0.55856,0.75,0.79448,0.0,0.62128
445,,0.7,0.03176,0.075,0.49088,0.7,0.76216,-0.025,0.58896
446,7,0.7,0.01408,0.05,0.4732,0.7,0.77984,1.0,0.60664
447,,0.65,-0.0536,-0.025,0.40552,0.65,0.74752,0.975,0.57432
448,2,0.65,1.0,-0.05,0.38784,0.65,0.7652,1.0,0.592
449,3,0.65,0.98232,1.0,0.37016,0.65,0.78288,1.0,0.60968
450,,0.6,0.91464,0.925,0.30248,0.6,0.75056,0.975,0.57736
451,,0.55,0.84696,0.85,0.2348,0.55,0.71824,0.95,0.54504
452,,0.5,0.77928,0.775,0.16712,0.5,0.68592,0.925,0.51272
453,,0.45,0.7116,0.7,0.09944,0.45,0.6536,0.9,0.4804
454,,0.4,0.64392,0.625,0.03176,0.4,0.62128,0.875,0.44808
455,,0.35,0.57624,0.55,-0.03592,0.35,0.58896,0.85,0.41576
456,4,0.35,0.55856,0.525,1.0,0.35,0.60664,0.875,0.43344
457,,0.3,0.49088,0.45,0.93232,0.3,0.57432,0.85,0.40112
458,,0.25,0.4232,0.375,0.86464,0.25,0.542,0.825,0.3688
459,,0.2,0.35552,0.3,0.79696,0.2,0.50968,0.8,0.33648
460,,0.15,0.28784,0.225,0.72928,0.15,0.47736,0.775,0.30416
461,,0.1,0.22016,0.15,0.6616,0.1,0.44504,0.75,0.27184
462,,0.05,0.15248,0.075,0.59392,0.05,0.41272,0.725,0.23952
463,,0.0,0.0848,-0.0,0.52624,0.0,0.3804,0.7,0.2072
464,,-0.05,0.01712,-0.075,0.45856,-0.05,0.34808,0.675,0.17488
465,3,-0.05,-0.00056,1.0,0.44088,-0.05,0.36576,0.7,0.19256
466,1,1.0,-0.01824,0.975,0.4232,-0.05,0.38344,0.725,0.21024
467,5,1.0,-0.03592,0.95,0.40552,1.0,0.40112,0.75,0.22792
468,2,1.0,1.0,0.925,0.38784,1.0,0.4188,0.775,0.2456
469,,0.95,0.93232,0.85,0.32016,0.95,0.38648,0.75,0.21328
470,,0.9,0.86464,0.775,0.25248,0.9,0.35416,0.725,0.18096
471,,0.85,0.79696,0.7,0.1848,0.85,0.32184,0.7,0.14864
472,,0.8,0.72928,0.625,0.11712,0.8,0.28952,0.675,0.11632
473,,0.75,0.6616,0.55,0.04944,0.75,0.2572,0.65,0.084
474,,0.7,0.59392,0.475,-0.01824,0.7,0.22488,0.625,0.05168
475,4,0.7,0.57624,0.45,1.0,0.7,0.24256,0.65,0.06936
476,,0.65,0.50856,0.375,0.93232,0.65,0.21024,0.625,0.03704
477,,0.6,0.44088,0.3,0.86464,0.6,0.17792,0.6,0.00472
478,,0.55,0.3732,0.225,0.79696,0.55,0.1456,0.575,-0.0276
479,8,0.55,0.35552,0.2,0.77928,0.55,0.16328,0.6,1.0
480,,0.5,0.28784,0.125,0.7116,0.5,0.13096,0.575,0.96768
481,,0.45,0.22016,0.05,0.64392,0.45,0.09864,0.55,0.93536
482,,0.4,0.15248,-0.025,0.57624,0.4,0.06632,0.525,0.90304
483,3,0.4,0.1348,1.0,0.55856,0.4,0.084,0.55,0.92072
484,,0.35,0.06712,0.925,0.49088,0.35,0.05168,0.525,0.8884
485,,0.3,-0.00056,0.85,0.4232,0.3,0.01936,0.5,0.85608
486,2,0.3,1.0,0.825,0.40552,0.3,0.03704,0.525,0.87376
487,,0.25,0.93232,0.75,0.33784,0.25,0.00472,0.5,0.84144
488,,0.2,0.86464,0.675,0.27016,0.2,-0.0276,0.475,0.80912
489,6,0.2,0.84696,0.65,0.25248,0.2,1.0,0.5,0.8268
490,,0.15,0.77928,0.575,0.1848,0.15,0.96768,0.475,0.79448
491,,0.1,0.7116,0.5,0.11712,0.1,0.93536,0.45,0.76216
492,,0.05,0.64392,0.425,0.04944,0.05,0.90304,0.425,0.72984
493,,0.0,0.57624,0.35,-0.01824,0.0,0.87072,0.4,0.69752
494,4,0.0,0.55856,0.325,1.0,0.0,0.8884,0.425,0.7152
495,,-0.05,0.49088,0.25,0.93232,-0.05,0.85608,0.4,0.68288
496,5,-0.05,0.4732,0.225,0.91464,1.0,0.87376,0.425,0.70056
497,1,1.0,0.45552,0.2,0.89696,1.0,0.89144,0.45,0.71824
498,,0.95,0.38784,0.125,0.82928,0.95,0.85912,0.425,0.68592
499,,0.9,0.32016,0.05,0.7616,0.9,0.8268,0.4,0.6536
500,,0.85,0.25248,-0.025,0.69392,0.85,0.79448,0.375,0.62128
501,3,0.85,0.2348,1.0,0.67624,0.85,0.81216,0.4,0.63896
502,,0.8,0.16712,0.925,0.60856,0.8,0.77984,0.375,0.60664
503,,0.75,0.09944,0.85,0.54088,0.75,0.74752,0.35,0.57432
504,,0.7,0.03176,0.775,0.4732,0.7,0.7152,0.325,0.542
505,,0.65,-0.03592,0.7,0.40552,0.65,0.68288,0.3,0.50968
506,2,0.65,1.0,0.675,0.38784,0.65,0.70056,0.325,0.52736
507,,0.6,0.93232,0.6,0.32016,0.6,0.66824,0.3,0.49504
508,,0.55,0.86464,0.525,0.25248,0.55,0.63592,0.275,0.46272
509,,0.5,0.79696,0.45,0.1848,0.5,0.6036,0.25,0.4304
510,,0.45,0.72928,0.375,0.11712,0.45,0.57128,0.225,0.39808
511,,0.4,0.6616,0.3,0.04944,0.4,0.53896,0.2,0.36576
512,,0.35,0.59392,0.225,-0.01824,0.35,0.50664,0.175,0.33344
513,4,0.35,0.57624,0.2,1.0,0.35,0.52432,0.2,0.35112
514,,0.3,0.50856,0.125,0.93232,0.3,0.492,0.175,0.3188
515,,0.25,0.44088,0.05,0.86464,0.25,0.45968,0.15,0.28648
516,,0.2,0.3732,-0.025,0.79696,0.2,0.42736,0.125,0.25416
517,3,0.2,0.35552,1.0,0.77928,0.2,0.44504,0.15,0.27184
518,,0.15,0.28784,0.925,0.7116,0.15,0.41272,0.125,0.23952
519,,0.1,0.22016,0.85,0.64392,0.1,0.3804,0.1,0.2072
520,,0.05,0.15248,0.775,0.57624,0.05,0.34808,0.075,0.17488
521,,0.0,0.0848,0.7,0.50856,0.0,0.31576,0.05,0.14256
522,,-0.05,0.01712,0.625,0.44088,-0.05,0.28344,0.025,0.11024
523,5,-0.05,-0.00056,0.6,0.4232,1.0,0.30112,0.05,0.12792
524,1,1.0,-0.01824,0.575,0.40552,1.0,0.3188,0.075,0.1456
525,2,1.0,1.0,0.55,0.38784,1.0,0.33648,0.1,0.16328
526,,0.95,0.93232,0.475,0.32016,0.95,0.30416,0.075,0.13096
527,,0.9,0.86464,0.4,0.25248,0.9,0.27184,0.05,0.09864
528,,0.85,0.79696,0.325,0.1848,0.85,0.23952,0.025,0.06632
529,,0.8,0.72928,0.25,0.11712,0.8,0.2072,0.0,0.034
530,,0.75,0.6616,0.175,0.04944,0.75,0.17488,-0.025,0.00168
531,7,0.75,0.64392,0.15,0.03176,0.75,0.19256,1.0,0.01936
532,,0.7,0.57624,0.075,-0.03592,0.7,0.16024,0.975,-0.01296
533,4,0.7,0.55856,0.05,1.0,0.7,0.17792,1.0,0.00472
534,,0.65,0.49088,-0.025,0.93232,0.65,0.1456,0.975,-0.0276
535,8,0.65,0.4732,-0.05,0.91464,0.65,0.16328,1.0,1.0
536,3,0.65,0.45552,1.0,0.89696,0.65,0.18096,1.0,1.0
537,,0.6,0.38784,0.925,0.82928,0.6,0.14864,0.975,0.96768
538,,0.55,0.32016,0.85,0.7616,0.55,0.11632,0.95,0.93536
539,,0.5,0.25248,0.775,0.69392,0.5,0.084,0.925,0.90304
540,,0.45,0.1848,0.7,0.62624,0.45,0.05168,0.9,0.87072
541,,0.4,0.11712,0.625,0.55856,0.4,0.01936,0.875,0.8384
542,,0.35,0.04944,0.55,0.49088,0.35,-0.01296,0.85,0.80608
543,6,0.35,0.03176,0.525,0.4732,0.35,1.0,0.875,0.82376
544,,0.3,-0.03592,0.45,0.40552,0.3,0.96768,0.85,0.79144
545,2,0.3,1.0,0.425,0.38784,0.3,0.98536,0.875,0.80912
546,,0.25,0.93232,0.35,0.32016,0.25,0.95304,0.85,0.7768
547,,0.2,0.86464,0.275,0.25248,0.2,0.92072,0.825,0.74448
548,,0.15,0.79696,0.2,0.1848,0.15,0.8884,0.8,0.71216
549,,0.1,0.72928,0.125,0.11712,0.1,0.85608,0.775,0.67984
550,,0.05,0.6616,0.05,0.04944,0.05,0.82376,0.75,0.64752
551,,0.0,0.59392,-0.025,-0.01824,0.0,0.79144,0.725,0.6152
552,3,0.0,0.57624,1.0,-0.03592,0.0,0.80912,0.75,0.63288
553,4,0.0,0.55856,0.975,1.0,0.0,0.8268,0.775,0.65056
554,,-0.05,0.49088,0.9,0.93232,-0.05,0.79448,0.75,0.61824
555,5,-0.05,0.4732,0.875,0.91464,1.0,0.81216,0.775,0.63592
556,1,1.0,0.45552,0.85,0.89696,1.0,0.82984,0.8,0.6536
557,,0.95,0.38784,0.775,0.82928,0.95,0.79752,0.775,0.62128
558,,0.9,0.32016,0.7,0.7616,0.9,0.7652,0.75,0.58896
559,,0.85,0.25248,0.625,0.69392,0.85,0.73288,0.725,0.55664
560,,0.8,0.1848,0.55,0.62624,0.8,0.70056,0.7,0.52432
561,,0.75,0.11712,0.475,0.55856,0.75,0.66824,0.675,0.492
562,,0.7,0.04944,0.4,0.49088,0.7,0.63592,0.65,0.45968
563,,0.65,-0.01824,0.325,0.4232,0.65,0.6036,0.625,0.42736
564,2,0.65,1.0,0.3,0.40552,0.65,0.62128,0.65,0.44504
565,,0.6,0.93232,0.225,0.33784,0.6,0.58896,0.625,0.41272
566,,0.55,0.86464,0.15,0.27016,0.55,0.55664,0.6,0.3804
567,,0.5,0.79696,0.075,0.20248,0.5,0.52432,0.575,0.34808
568,,0.45,0.72928,-0.0,0.1348,0.45,0.492,0.55,0.31576
569,,0.4,0.6616,-0.075,0.06712,0.4,0.45968,0.525,0.28344
570,3,0.4,0.64392,1.0,0.04944,0.4,0.47736,0.55,0.30112
571,,0.35,0.57624,0.925,-0.01824,0.35,0.44504,0.525,0.2688
572,4,0.35,0.55856,0.9,1.0,0.35,0.46272,0.55,0.28648
573,,0.3,0.49088,0.825,0.93232,0.3,0.4304,0.525,0.25416
574,,0.25,0.4232,0.75,0.86464,0.25,0.39808,0.5,0.22184
575,,0.2,0.35552,0.675,0.79696,0.2,0.36576,0.475,0.18952
576,,0.15,0.28784,0.6,0.72928,0.15,0.33344,0.45,0.1572
577,,0.1,0.22016,0.525,0.6616,0.1,0.30112,0.425,0.12488
578,,0.05,0.15248,0.45,0.59392,0.05,0.2688,0.4,0.09256
579,,0.0,0.0848,0.375,0.52624,0.0,0.23648,0.375,0.06024
580,,-0.05,0.01712,0.3,0.45856,-0.05,0.20416,0.35,0.02792
581,1,1.0,-0.00056,0.275,0.44088,-0.05,0.22184,0.375,0.0456
582,5,1.0,-0.01824,0.25,0.4232,1.0,0.23952,0.4,0.06328
583,2,1.0,1.0,0.225,0.40552,1.0,0.2572,0.425,0.08096
584,,0.95,0.93232,0.15,0.33784,0.95,0.22488,0.4,0.04864
585,,0.9,0.86464,0.075,0.27016,0.9,0.19256,0.375,0.01632
586,,0.85,0.79696,-0.0,0.20248,0.85,0.16024,0.35,-0.016
587,8,0.85,0.77928,-0.025,0.1848,0.85,0.17792,0.375,1.0
588,3,0.85,0.7616,1.0,0.16712,0.85,0.1956,0.4,1.0
589,,0.8,0.69392,0.925,0.09944,0.8,0.16328,0.375,0.96768
590,,0.75,0.62624,0.85,0.03176,0.75,0.13096,0.35,0.93536
591,,0.7,0.55856,0.775,-0.03592,0.7,0.09864,0.325,0.90304
592,4,0.7,0.54088,0.75,1.0,0.7,0.11632,0.35,0.92072
593,,0.65,0.4732,0.675,0.93232,0.65,0.084,0.325,0.8884
594,,0.6,0.40552,0.6,0.86464,0.6,0.05168,0.3,0.85608
595,,0.55,0.33784,0.525,0.79696,0.55,0.01936,0.275,0.82376
596,,0.5,0.27016,0.45,0.72928,0.5,-0.01296,0.25,0.79144
597,6,0.5,0.25248,0.425,0.7116,0.5,1.0,0.275,0.80912
598,,0.45,0.1848,0.35,0.64392,0.45,0.96768,0.25,0.7768
599,,0.4,0.11712,0.275,0.57624,0.4,0.93536,0.225,0.74448
600,,0.35,0.04944,0.2,0.50856,0.35,0.90304,0.2,0.71216
601,,0.3,-0.01824,0.125,0.44088,0.3,0.87072,0.175,0.67984
602,2,0.3,1.0,0.1,0.4232,0.3,0.8884,0.2,0.69752
603,,0.25,0.93232,0.025,0.35552,0.25,0.85608,0.175,0.6652
604,,0.2,0.86464,-0.05,0.28784,0.2,0.82376,0.15,0.63288
605,3,0.2,0.84696,1.0,0.27016,0.2,0.84144,0.175,0.65056
606,,0.15,0.77928,0.925,0.20248,0.15,0.80912,0.15,0.61824
607,,0.1,0.7116,0.85,0.1348,0.1,0.7768,0.125,0.58592
608,,0.05,0.64392,0.775,0.06712,0.05,0.74448,0.1,0.5536
609,,0.0,0.57624,0.7,-0.00056,0.0,0.71216,0.075,0.52128
610,4,0.0,0.55856,0.675,1.0,0.0,0.72984,0.1,0.53896
611,,-0.05,0.49088,0.6,0.93232,-0.05,0.69752,0.075,0.50664
612,5,-0.05,0.4732,0.575,0.91464,1.0,0.7152,0.1,0.52432
613,1,1.0,0.45552,0.55,0.89696,1.0,0.73288,0.125,0.542
614,,0.95,0.38784,0.475,0.82928,0.95,0.70056,0.1,0.50968
615,,0.9,0.32016,0.4,0.7616,0.9,0.66824,0.075,0.47736
616,,0.85,0.25248,0.325,0.69392,0.85,0.63592,0.05,0.44504
617,,0.8,0.1848,0.25,0.62624,0.8,0.6036,0.025,0.41272
618,,0.75,0.11712,0.175,0.55856,0.75,0.57128,0.0,0.3804
619,,0.7,0.04944,0.1,0.49088,0.7,0.53896,-0.025,0.34808
620,7,0.7,0.03176,0.075,0.4732,0.7,0.55664,1.0,0.36576
621,,0.65,-0.03592,-0.0,0.40552,0.65,0.52432,0.975,0.33344
622,2,0.65,1.0,-0.025,0.38784,0.65,0.542,1.0,0.35112
623,3,0.65,0.98232,1.0,0.37016,0.65,0.55968,1.0,0.3688
624,,0.6,0.91464,0.925,0.30248,0.6,0.52736,0.975,0.33648
625,,0.55,0.84696,0.85,0.2348,0.55,0.49504,0.95,0.30416
626,,0.5,0.77928,0.775,0.16712,0.5,0.46272,0.925,0.27184
627,,0.45,0.7116,0.7,0.09944,0.45,0.4304,0.9,0.23952
628,,0.4,0.64392,0.625,0.03176,0.4,0.39808,0.875,0.2072
629,,0.35,0.57624,0.55,-0.03592,0.35,0.36576,0.85,0.17488
630,4,0.35,0.55856,0.525,1.0,0.35,0.38344,0.875,0.19256
631,,0.3,0.49088,0.45,0.93232,0.3,0.35112,0.85,0.16024
632,,0.25,0.4232,0.375,0.86464,0.25,0.3188,0.825,0.12792
633,,0.2,0.35552,0.3,0.79696,0.2,0.28648,0.8,0.0956
634,,0.15,0.28784,0.225,0.72928,0.15,0.25416,0.775,0.06328
635,,0.1,0.22016,0.15,0.6616,0.1,0.22184,0.75,0.03096
636,,0.05,0.15248,0.075,0.59392,0.05,0.18952,0.725,-0.00136
637,8,0.05,0.1348,0.05,0.57624,0.05,0.2072,0.75,1.0
638,,0.0,0.06712,-0.025,0.50856,0.0,0.17488,0.725,0.96768
639,3,0.0,0.04944,1.0,0.49088,0.0,0.19256,0.75,0.98536
640,,-0.05,-0.01824,0.925,0.4232,-0.05,0.16024,0.725,0.95304
641,1,1.0,-0.03592,0.9,0.40552,-0.05,0.17792,0.75,0.97072
642,5,1.0,-0.0536,0.875,0.38784,1.0,0.1956,0.775,0.9884
643,2,1.0,1.0,0.85,0.37016,1.0,0.21328,0.8,1.0
644,,0.95,0.93232,0.775,0.30248,0.95,0.18096,0.775,0.96768
645,,0.9,0.86464,0.7,0.2348,0.9,0.14864,0.75,0.93536
646,,0.85,0.79696,0.625,0.16712,0.85,0.11632,0.725,0.90304
647,,0.8,0.72928,0.55,0.09944,0.8,0.084,0.7,0.87072
648,,0.75,0.6616,0.475,0.03176,0.75,0.05168,0.675,0.8384
649,,0.7,0.59392,0.4,-0.03592,0.7,0.01936,0.65,0.80608
650,4,0.7,0.57624,0.375,1.0,0.7,0.03704,0.675,0.82376
651,,0.65,0.50856,0.3,0.93232,0.65,0.00472,0.65,0.79144
652,,0.6,0.44088,0.225,0.86464,0.6,-0.0276,0.625,0.75912
653,6,0.6,0.4232,0.2,0.84696,0.6,1.0,0.65,0.7768
654,,0.55,0.35552,0.125,0.77928,0.55,0.96768,0.625,0.74448
655,,0.5,0.28784,0.05,0.7116,0.5,0.93536,0.6,0.71216
656,,0.45,0.22016,-0.025,0.64392,0.45,0.90304,0.575,0.67984
657,3,0.45,0.20248,1.0,0.62624,0.45,0.92072,0.6,0.69752
658,,0.4,0.1348,0.925,0.55856,0.4,0.8884,0.575,0.6652
659,,0.35,0.06712,0.85,0.49088,0.35,0.85608,0.55,0.63288
660,,0.3,-0.00056,0.775,0.4232,0.3,0.82376,0.525,0.60056
661,2,0.3,1.0,0.75,0.40552,0.3,0.84144,0.55,0.61824
662,,0.25,0.93232,0.675,0.33784,0.25,0.80912,0.525,0.58592
663,,0.2,0.86464,0.6,0.27016,0.2,0.7768,0.5,0.5536
664,,0.15,0.79696,0.525,0.20248,0.15,0.74448,0.475,0.52128
665,,0.1,0.72928,0.45,0.1348,0.1,0.71216,0.45,0.48896
666,,0.05,0.6616,0.375,0.06712,0.05,0.67984,0.425,0.45664
667,,0.0,0.59392,0.3,-0.00056,0.0,0.64752,0.4,0.42432
668,4,0.0,0.57624,0.275,1.0,0.0,0.6652,0.425,0.442
669,,-0.05,0.50856,0.2,0.93232,-0.05,0.63288,0.4,0.40968
670,1,1.0,0.49088,0.175,0.91464,-0.05,0.65056,0.425,0.42736
671,5,1.0,0.4732,0.15,0.89696,1.0,0.66824,0.45,0.44504
672,,0.95,0.40552,0.075,0.82928,0.95,0.63592,0.425,0.41272
673,,0.9,0.33784,-0.0,0.7616,0.9,0.6036,0.4,0.3804
674,,0.85,0.27016,-0.075,0.69392,0.85,0.57128,0.375,0.34808
675,3,0.85,0.25248,1.0,0.67624,0.85,0.58896,0.4,0.36576
676,,0.8,0.1848,0.925,0.60856,0.8,0.55664,0.375,0.33344
677,,0.75,0.11712,0.85,0.54088,0.75,0.52432,0.35,0.30112
678,,0.7,0.04944,0.775,0.4732,0.7,0.492,0.325,0.2688
679,,0.65,-0.01824,0.7,0.40552,0.65,0.45968,0.3,0.23648
680,2,0.65,1.0,0.675,0.38784,0.65,0.47736,0.325,0.25416
681,,0.6,0.93232,0.6,0.32016,0.6,0.44504,0.3,0.22184
682,,0.55,0.86464,0.525,0.25248,0.55,0.41272,0.275,0.18952
683,,0.5,0.79696,0.45,0.1848,0.5,0.3804,0.25,0.1572
684,,0.45,0.72928,0.375,0.11712,0.45,0.34808,0.225,0.12488
685,,0.4,0.6616,0.3,0.04944,0.4,0.31576,0.2,0.09256
686,,0.35,0.59392,0.225,-0.01824,0.35,0.28344,0.175,0.06024
687,4,0.35,0.57624,0.2,1.0,0.35,0.30112,0.2,0.07792
688,,0.3,0.50856,0.125,0.93232,0.3,0.2688,0.175,0.0456
689,,0.25,0.44088,0.05,0.86464,0.25,0.23648,0.15,0.01328
690,,0.2,0.3732,-0.025,0.79696,0.2,0.20416,0.125,-0.01904
691,3,0.2,0.35552,1.0,0.77928,0.2,0.22184,0.15,-0.00136
692,8,0.2,0.33784,0.975,0.7616,0.2,0.23952,0.175,1.0
693,,0.15,0.27016,0.9,0.69392,0.15,0.2072,0.15,0.96768
694,,0.1,0.20248,0.825,0.62624,0.1,0.17488,0.125,0.93536
695,,0.05,0.1348,0.75,0.55856,0.05,0.14256,0.1,0.90304
696,,0.0,0.06712,0.675,0.49088,0.0,0.11024,0.075,0.87072
697,,-0.05,-0.00056,0.6,0.4232,-0.05,0.07792,0.05,0.8384
698,1,1.0,-0.01824,0.575,0.40552,-0.05,0.0956,0.075,0.85608
699,5,1.0,-0.03592,0.55,0.38784,1.0,0.11328,0.1,0.87376
700,2,1.0,1.0,0.525,0.37016,1.0,0.13096,0.125,0.89144
701,,0.95,0.93232,0.45,0.30248,0.95,0.09864,0.1,0.85912
702,,0.9,0.86464,0.375,0.2348,0.9,0.06632,0.075,0.8268
703,,0.85,0.79696,0.3,0.16712,0.85,0.034,0.05,0.79448
704,,0.8,0.72928,0.225,0.09944,0.8,0.00168,0.025,0.76216
705,,0.75,0.6616,0.15,0.03176,0.75,-0.03064,0.0,0.72984
706,6,0.75,0.64392,0.125,0.01408,0.75,1.0,0.025,0.74752
707,,0.7,0.57624,0.05,-0.0536,0.7,0.96768,0.0,0.7152
708,4,0.7,0.55856,0.025,1.0,0.7,0.98536,0.025,0.73288
709,,0.65,0.49088,-0.05,0.93232,0.65,0.95304,0.0,0.70056
710,3,0.65,0.4732,1.0,0.91464,0.65,0.97072,0.025,0.71824
711,,0.6,0.40552,0.925,0.84696,0.6,0.9384,0.0,0.68592
712,,0.55,0.33784,0.85,0.77928,0.55,0.90608,-0.025,0.6536
713,7,0.55,0.32016,0.825,0.7616,0.55,0.92376,1.0,0.67128
714,,0.5,0.25248,0.75,0.69392,0.5,0.89144,0.975,0.63896
715,,0.45,0.1848,0.675,0.62624,0.45,0.85912,0.95,0.60664
716,,0.4,0.11712,0.6,0.55856,0.4,0.8268,0.925,0.57432
717,,0.35,0.04944,0.525,0.49088,0.35,0.79448,0.9,0.542
718,,0.3,-0.01824,0.45,0.4232,0.3,0.76216,0.875,0.50968
719,2,0.3,1.0,0.425,0.40552,0.3,0.77984,0.9,0.52736
720,,0.25,0.93232,0.35,0.33784,0.25,0.74752,0.875,0.49504
721,,0.2,0.86464,0.275,0.27016,0.2,0.7152,0.85,0.46272
722,,0.15,0.79696,0.2,0.20248,0.15,0.68288,0.825,0.4304
723,,0.1,0.72928,0.125,0.1348,0.1,0.65056,0.8,0.39808
724,,0.05,0.6616,0.05,0.06712,0.05,0.61824,0.775,0.36576
725,,0.0,0.59392,-0.025,-0.00056,0.0,0.58592,0.75,0.33344
726,3,0.0,0.57624,1.0,-0.01824,0.0,0.6036,0.775,0.35112
727,4,0.0,0.55856,0.975,1.0,0.0,0.62128,0.8,0.3688
728,,-0.05,0.49088,0.9,0.93232,-0.05,0.58896,0.775,0.33648
729,1,1.0,0.4732,0.875,0.91464,-0.05,0.60664,0.8,0.35416
730,5,1.0,0.45552,0.85,0.89696,1.0,0.62432,0.825,0.37184
731,,0.95,0.38784,0.775,0.82928,0.95,0.592,0.8,0.33952
732,,0.9,0.32016,0.7,0.7616,0.9,0.55968,0.775,0.3072
733,,0.85,0.25248,0.625,0.69392,0.85,0.52736,0.75,0.27488
734,,0.8,0.1848,0.55,0.62624,0.8,0.49504,0.725,0.24256
735,,0.75,0.11712,0.475,0.55856,0.75,0.46272,0.7,0.21024
736,,0.7,0.04944,0.4,0.49088,0.7,0.4304,0.675,0.17792
737,,0.65,-0.01824,0.325,0.4232,0.65,0.39808,0.65,0.1456
738,2,0.65,1.0,0.3,0.40552,0.65,0.41576,0.675,0.16328
739,,0.6,0.93232,0.225,0.33784,0.6,0.38344,0.65,0.13096
740,,0.55,0.86464,0.15,0.27016,0.55,0.35112,0.625,0.09864
741,,0.5,0.79696,0.075,0.20248,0.5,0.3188,0.6,0.06632
742,,0.45,0.72928,-0.0,0.1348,0.45,0.28648,0.575,0.034
743,,0.4,0.6616,-0.075,0.06712,0.4,0.25416,0.55,0.00168
744,3,0.4,0.64392,1.0,0.04944,0.4,0.27184,0.575,0.01936
745,,0.35,0.57624,0.925,-0.01824,0.35,0.23952,0.55,-0.01296
746,4,0.35,0.55856,0.9,1.0,0.35,0.2572,0.575,0.00472
747,,0.3,0.49088,0.825,0.93232,0.3,0.22488,0.55,-0.0276
748,8,0.3,0.4732,0.8,0.91464,0.3,0.24256,0.575,1.0
749,,0.25,0.40552,0.725,0.84696,0.25,0.21024,0.55,0.96768
750,,0.2,0.33784,0.65,0.77928,0.2,0.17792,0.525,0.93536
751,,0.15,0.27016,0.575,0.7116,0.15,0.1456,0.5,0.90304
752,,0.1,0.20248,0.5,0.64392,0.1,0.11328,0.475,0.87072
753,,0.05,0.1348,0.425,0.57624,0.05,0.08096,0.45,0.8384
754,,0.0,0.06712,0.35,0.50856,0.0,0.04864,0.425,0.80608
755,,-0.05,-0.00056,0.275,0.44088,-0.05,0.01632,0.4,0.77376
756,1,1.0,-0.01824,0.25,0.4232,-0.05,0.034,0.425,0.79144
757,5,1.0,-0.03592,0.225,0.40552,1.0,0.05168,0.45,0.80912
758,2,1.0,1.0,0.2,0.38784,1.0,0.06936,0.475,0.8268
759,,0.95,0.93232,0.125,0.32016,0.95,0.03704,0.45,0.79448
760,,0.9,0.86464,0.05,0.25248,0.9,0.00472,0.425,0.76216
761,,0.85,0.79696,-0.025,0.1848,0.85,-0.0276,0.4,0.72984
762,6,0.85,0.77928,-0.05,0.16712,0.85,1.0,0.425,0.74752
763,3,0.85,0.7616,1.0,0.14944,0.85,1.0,0.45,0.7652
764,,0.8,0.69392,0.925,0.08176,0.8,0.96768,0.425,0.73288
765,,0.75,0.62624,0.85,0.01408,0.75,0.93536,0.4,0.70056
766,,0.7,0.55856,0.775,-0.0536,0.7,0.90304,0.375,0.66824
767,4,0.7,0.54088,0.75,1.0,0.7,0.92072,0.4,0.68592
768,,0.65,0.4732,0.675,0.93232,0.65,0.8884,0.375,0.6536
769,,0.6,0.40552,0.6,0.86464,0.6,0.85608,0.35,0.62128
770,,0.55,0.33784,0.525,0.79696,0.55,0.82376,0.325,0.58896
771,,0.5,0.27016,0.45,0.72928,0.5,0.79144,0.3,0.55664
772,,0.45,0.20248,0.375,0.6616,0.45,0.75912,0.275,0.52432
773,,0.4,0.1348,0.3,0.59392,0.4,0.7268,0.25,0.492
774,,0.35,0.06712,0.225,0.52624,0.35,0.69448,0.225,0.45968
775,,0.3,-0.00056,0.15,0.45856,0.3,0.66216,0.2,0.42736
776,2,0.3,1.0,0.125,0.44088,0.3,0.67984,0.225,0.44504
777,,0.25,0.93232,0.05,0.3732,0.25,0.64752,0.2,0.41272
778,,0.2,0.86464,-0.025,0.30552,0.2,0.6152,0.175,0.3804
779,3,0.2,0.84696,1.0,0.28784,0.2,0.63288,0.2,0.39808
780,,0.15,0.77928,0.925,0.22016,0.15,0.60056,0.175,0.36576
781,,0.1,0.7116,0.85,0.15248,0.1,0.56824,0.15,0.33344
782,,0.05,0.64392,0.775,0.0848,0.05,0.53592,0.125,0.30112
783,,0.0,0.57624,0.7,0.01712,0.0,0.5036,0.1,0.2688
784,,-0.05,0.50856,0.625,-0.05056,-0.05,0.47128,0.075,0.23648
785,4,-0.05,0.49088,0.6,1.0,-0.05,0.48896,0.1,0.25416
786,5,-0.05,0.4732,0.575,0.98232,1.0,0.50664,0.125,0.27184
787,1,1.0,0.45552,0.55,0.96464,1.0,0.52432,0.15,0.28952
788,,0.95,0.38784,0.475,0.89696,0.95,0.492,0.125,0.2572
789,,0.9,0.32016,0.4,0.82928,0.9,0.45968,0.1,0.22488
790,,0.85,0.25248,0.325,0.7616,0.85,0.42736,0.075,0.19256
791,,0.8,0.1848,0.25,0.69392,0.8,0.39504,0.05,0.16024
792,,0.75,0.11712,0.175,0.62624,0.75,0.36272,0.025,0.12792
793,,0.7,0.04944,0.1,0.55856,0.7,0.3304,0.0,0.0956
794,,0.65,-0.01824,0.025,0.49088,0.65,0.29808,-0.025,0.06328
795,7,0.65,-0.03592,0.0,0.4732,0.65,0.31576,1.0,0.08096
796,2,0.65,1.0,-0.025,0.45552,0.65,0.33344,1.0,0.09864
797,3,0.65,0.98232,1.0,0.43784,0.65,0.35112,1.0,0.11632
798,,0.6,0.91464,0.925,0.37016,0.6,0.3188,0.975,0.084
799,,0.55,0.84696,0.85,0.30248,0.55,0.28648,0.95,0.05168
800,,0.5,0.77928,0.775,0.2348,0.5,0.25416,0.925,0.01936
801,,0.45,0.7116,0.7,0.16712,0.45,0.22184,0.9,-0.01296
802,8,0.45,0.69392,0.675,0.14944,0.45,0.23952,0.925,1.0
803,,0.4,0.62624,0.6,0.08176,0.4,0.2072,0.9,0.96768
804,,0.35,0.55856,0.525,0.01408,0.35,0.17488,0.875,0.93536
805,,0.3,0.49088,0.45,-0.0536,0.3,0.14256,0.85,0.90304
806,4,0.3,0.4732,0.425,1.0,0.3,0.16024,0.875,0.92072
807,,0.25,0.40552,0.35,0.93232,0.25,0.12792,0.85,0.8884
808,,0.2,0.33784,0.275,0.86464,0.2,0.0956,0.825,0.85608
809,,0.15,0.27016,0.2,0.79696,0.15,0.06328,0.8,0.82376
810,,0.1,0.20248,0.125,0.72928,0.1,0.03096,0.775,0.79144
811,,0.05,0.1348,0.05,0.6616,0.05,-0.00136,0.75,0.75912
812,6,0.05,0.11712,0.025,0.64392,0.05,1.0,0.775,0.7768
813,,0.0,0.04944,-0.05,0.57624,0.0,0.96768,0.75,0.74448
814,3,0.0,0.03176,1.0,0.55856,0.0,0.98536,0.775,0.76216
815,,-0.05,-0.03592,0.925,0.49088,-0.05,0.95304,0.75,0.72984
816,5,-0.05,-0.0536,0.9,0.4732,1.0,0.97072,0.775,0.74752
817,2,-0.05,1.0,0.875,0.45552,1.0,0.9884,0.8,0.7652
818,1,1.0,0.98232,0.85,0.43784,1.0,1.0,0.825,0.78288
819,,0.95,0.91464,0.775,0.37016,0.95,0.96768,0.8,0.75056
820,,0.9,0.84696,0.7,0.30248,0.9,0.93536,0.775,0.71824
821,,0.85,0.77928,0.625,0.2348,0.85,0.90304,0.75,0.68592
822,,0.8,0.7116,0.55,0.16712,0.8,0.87072,0.725,0.6536
823,,0.75,0.64392,0.475,0.09944,0.75,0.8384,0.7,0.62128
824,,0.7,0.57624,0.4,0.03176,0.7,0.80608,0.675,0.58896
825,,0.65,0.50856,0.325,-0.03592,0.65,0.77376,0.65,0.55664
826,4,0.65,0.49088,0.3,1.0,0.65,0.79144,0.675,0.57432
827,,0.6,0.4232,0.225,0.93232,0.6,0.75912,0.65,0.542
828,,0.55,0.35552,0.15,0.86464,0.55,0.7268,0.625,0.50968
829,,0.5,0.28784,0.075,0.79696,0.5,0.69448,0.6,0.47736
830,,0.45,0.22016,-0.0,0.72928,0.45,0.66216,0.575,0.44504
831,,0.4,0.15248,-0.075,0.6616,0.4,0.62984,0.55,0.41272
832,3,0.4,0.1348,1.0,0.64392,0.4,0.64752,0.575,0.4304
833,,0.35,0.06712,0.925,0.57624,0.35,0.6152,0.55,0.39808
834,,0.3,-0.00056,0.85,0.50856,0.3,0.58288,0.525,0.36576
835,2,0.3,1.0,0.825,0.49088,0.3,0.60056,0.55,0.38344
836,,0.25,0.93232,0.75,0.4232,0.25,0.56824,0.525,0.35112
837,,0.2,0.86464,0.675,0.35552,0.2,0.53592,0.5,0.3188
838,,0.15,0.79696,0.6,0.28784,0.15,0.5036,0.475,0.28648
839,,0.1,0.72928,0.525,0.22016,0.1,0.47128,0.45,0.25416
840,,0.05,0.6616,0.45,0.15248,0.05,0.43896,0.425,0.22184
841,,0.0,0.59392,0.375,0.0848,0.0,0.40664,0.4,0.18952
842,,-0.05,0.52624,0.3,0.01712,-0.05,0.37432,0.375,0.1572
843,5,-0.05,0.50856,0.275,-0.00056,1.0,0.392,0.4,0.17488
844,1,1.0,0.49088,0.25,-0.01824,1.0,0.40968,0.425,0.19256
845,4,1.0,0.4732,0.225,1.0,1.0,0.42736,0.45,0.21024
846,,0.95,0.40552,0.15,0.93232,0.95,0.39504,0.425,0.17792
847,,0.9,0.33784,0.075,0.86464,0.9,0.36272,0.4,0.1456
848,,0.85,0.27016,-0.0,0.79696,0.85,0.3304,0.375,0.11328
849,,0.8,0.20248,-0.075,0.72928,0.8,0.29808,0.35,0.08096
850,3,0.8,0.1848,1.0,0.7116,0.8,0.31576,0.375,0.09864
851,,0.75,0.11712,0.925,0.64392,0.75,0.28344,0.35,0.06632
852,,0.7,0.04944,0.85,0.57624,0.7,0.25112,0.325,0.034
853,,0.65,-0.01824,0.775,0.50856,0.65,0.2188,0.3,0.00168
854,2,0.65,1.0,0.75,0.49088,0.65,0.23648,0.325,0.01936
855,,0.6,0.93232,0.675,0.4232,0.6,0.20416,0.3,-0.01296
856,8,0.6,0.91464,0.65,0.40552,0.6,0.22184,0.325,1.0
857,,0.55,0.84696,0.575,0.33784,0.55,0.18952,0.3,0.96768
858,,0.5,0.77928,0.5,0.27016,0.5,0.1572,0.275,0.93536
859,,0.45,0.7116,0.425,0.20248,0.45,0.12488,0.25,0.90304
860,,0.4,0.64392,0.35,0.1348,0.4,0.09256,0.225,0.87072
861,,0.35,0.57624,0.275,0.06712,0.35,0.06024,0.2,0.8384
862,,0.3,0.50856,0.2,-0.00056,0.3,0.02792,0.175,0.80608
863,4,0.3,0.49088,0.175,1.0,0.3,0.0456,0.2,0.82376
864,,0.25,0.4232,0.1,0.93232,0.25,0.01328,0.175,0.79144
865,,0.2,0.35552,0.025,0.86464,0.2,-0.01904,0.15,0.75912
866,6,0.2,0.33784,0.0,0.84696,0.2,1.0,0.175,0.7768
867,,0.15,0.27016,-0.075,0.77928,0.15,0.96768,0.15,0.74448
868,3,0.15,0.25248,1.0,0.7616,0.15,0.98536,0.175,0.76216
869,,0.1,0.1848,0.925,0.69392,0.1,0.95304,0.15,0.72984
870,,0.05,0.11712,0.85,0.62624,0.05,0.92072,0.125,0.69752
871,,0.0,0.04944,0.775,0.55856,0.0,0.8884,0.1,0.6652
872,,-0.05,-0.01824,0.7,0.49088,-0.05,0.85608,0.075,0.63288
873,5,-0.05,-0.03592,0.675,0.4732,1.0,0.87376,0.1,0.65056
874,1,1.0,-0.0536,0.65,0.45552,1.0,0.89144,0.125,0.66824
875,2,1.0,1.0,0.625,0.43784,1.0,0.90912,0.15,0.68592
876,,0.95,0.93232,0.55,0.37016,0.95,0.8768,0.125,0.6536
877,,0.9,0.86464,0.475,0.30248,0.9,0.84448,0.1,0.62128
878,,0.85,0.79696,0.4,0.2348,0.85,0.81216,0.075,0.58896
879,,0.8,0.72928,0.325,0.16712,0.8,0.77984,0.05,0.55664
880,,0.75,0.6616,0.25,0.09944,0.75,0.74752,0.025,0.52432
881,,0.7,0.59392,0.175,0.03176,0.7,0.7152,0.0,0.492
882,,0.65,0.52624,0.1,-0.03592,0.65,0.68288,-0.025,0.45968
883,4,0.65,0.50856,0.075,1.0,0.65,0.70056,0.0,0.47736
884,,0.6,0.44088,-0.0,0.93232,0.6,0.66824,-0.025,0.44504
885,7,0.6,0.4232,-0.025,0.91464,0.6,0.68592,1.0,0.46272
886,3,0.6,0.40552,1.0,0.89696,0.6,0.7036,1.0,0.4804
887,,0.55,0.33784,0.925,0.82928,0.55,0.67128,0.975,0.44808
888,,0.5,0.27016,0.85,0.7616,0.5,0.63896,0.95,0.41576
889,,0.45,0.20248,0.775,0.69392,0.45,0.60664,0.925,0.38344
890,,0.4,0.1348,0.7,0.62624,0.4,0.57432,0.9,0.35112
891,,0.35,0.06712,0.625,0.55856,0.35,0.542,0.875,0.3188
892,,0.3,-0.00056,0.55,0.49088,0.3,0.50968,0.85,0.28648
893,2,0.3,1.0,0.525,0.4732,0.3,0.52736,0.875,0.30416
894,,0.25,0.93232,0.45,0.40552,0.25,0.49504,0.85,0.27184
895,,0.2,0.86464,0.375,0.33784,0.2,0.46272,0.825,0.23952
896,,0.15,0.79696,0.3,0.27016,0.15,0.4304,0.8,0.2072
897,,0.1,0.72928,0.225,0.20248,0.1,0.39808,0.775,0.17488
898,,0.05,0.6616,0.15,0.1348,0.05,0.36576,0.75,0.14256
899,,0.0,0.59392,0.075,0.06712,0.0,0.33344,0.725,0.11024
900,,-0.05,0.52624,-0.0,-0.00056,-0.05,0.30112,0.7,0.07792
901,5,-0.05,0.50856,-0.025,-0.01824,1.0,0.3188,0.725,0.0956
902,1,1.0,0.49088,-0.05,-0.03592,1.0,0.33648,0.75,0.11328
903,3,1.0,0.4732,1.0,-0.0536,1.0,0.35416,0.775,0.13096
904,4,1.0,0.45552,0.975,1.0,1.0,0.37184,0.8,0.14864
905,,0.95,0.38784,0.9,0.93232,0.95,0.33952,0.775,0.11632
906,,0.9,0.32016,0.825,0.86464,0.9,0.3072,0.75,0.084
907,,0.85,0.25248,0.75,0.79696,0.85,0.27488,0.725,0.05168
908,,0.8,0.1848,0.675,0.72928,0.8,0.24256,0.7,0.01936
909,,0.75,0.11712,0.6,0.6616,0.75,0.21024,0.675,-0.01296
910,8,0.75,0.09944,0.575,0.64392,0.75,0.22792,0.7,1.0
911,,0.7,0.03176,0.5,0.57624,0.7,0.1956,0.675,0.96768
912,,0.65,-0.03592,0.425,0.50856,0.65,0.16328,0.65,0.93536
913,2,0.65,1.0,0.4,0.49088,0.65,0.18096,0.675,0.95304
914,,0.6,0.93232,0.325,0.4232,0.6,0.14864,0.65,0.92072
915,,0.55,0.86464,0.25,0.35552,0.55,0.11632,0.625,0.8884
916,,0.5,0.79696,0.175,0.28784,0.5,0.084,0.6,0.85608
917,,0.45,0.72928,0.1,0.22016,0.45,0.05168,0.575,0.82376
918,,0.4,0.6616,0.025,0.15248,0.4,0.01936,0.55,0.79144
919,,0.35,0.59392,-0.05,0.0848,0.35,-0.01296,0.525,0.75912
920,3,0.35,0.57624,1.0,0.06712,0.35,0.00472,0.55,0.7768
921,,0.3,0.50856,0.925,-0.00056,0.3,-0.0276,0.525,0.74448
922,6,0.3,0.49088,0.9,-0.01824,0.3,1.0,0.55,0.76216
923,4,0.3,0.4732,0.875,1.0,0.3,1.0,0.575,0.77984
924,,0.25,0.40552,0.8,0.93232,0.25,0.96768,0.55,0.74752
925,,0.2,0.33784,0.725,0.86464,0.2,0.93536,0.525,0.7152
926,,0.15,0.27016,0.65,0.79696,0.15,0.90304,0.5,0.68288
927,,0.1,0.20248,0.575,0.72928,0.1,0.87072,0.475,0.65056
928,,0.05,0.1348,0.5,0.6616,0.05,0.8384,0.45,0.61824
929,,0.0,0.06712,0.425,0.59392,0.0,0.80608,0.425,0.58592
930,,-0.05,-0.00056,0.35,0.52624,-0.05,0.77376,0.4,0.5536
931,1,1.0,-0.01824,0.325,0.50856,-0.05,0.79144,0.425,0.57128
932,5,1.0,-0.03592,0.3,0.49088,1.0,0.80912,0.45,0.58896
933,2,1.0,1.0,0.275,0.4732,1.0,0.8268,0.475,0.60664
934,,0.95,0.93232,0.2,0.40552,0.95,0.79448,0.45,0.57432
935,,0.9,0.86464,0.125,0.33784,0.9,0.76216,0.425,0.542
936,,0.85,0.79696,0.05,0.27016,0.85,0.72984,0.4,0.50968
937,,0.8,0.72928,-0.025,0.20248,0.8,0.69752,0.375,0.47736
938,3,0.8,0.7116,1.0,0.1848,0.8,0.7152,0.4,0.49504
939,,0.75,0.64392,0.925,0.11712,0.75,0.68288,0.375,0.46272
940,,0.7,0.57624,0.85,0.04944,0.7,0.65056,0.35,0.4304
941,,0.65,0.50856,0.775,-0.01824,0.65,0.61824,0.325,0.39808
942,4,0.65,0.49088,0.75,1.0,0.65,0.63592,0.35,0.41576
943,,0.6,0.4232,0.675,0.93232,0.6,0.6036,0.325,0.38344
944,,0.55,0.35552,0.6,0.86464,0.55,0.57128,0.3,0.35112
945,,0.5,0.28784,0.525,0.79696,0.5,0.53896,0.275,0.3188
946,,0.45,0.22016,0.45,0.72928,0.45,0.50664,0.25,0.28648
947,,0.4,0.15248,0.375,0.6616,0.4,0.47432,0.225,0.25416
948,,0.35,0.0848,0.3,0.59392,0.35,0.442,0.2,0.22184
949,,0.3,0.01712,0.225,0.52624,0.3,0.40968,0.175,0.18952
950,,0.25,-0.05056,0.15,0.45856,0.25,0.37736,0.15,0.1572
951,2,0.25,1.0,0.125,0.44088,0.25,0.39504,0.175,0.17488
952,,0.2,0.93232,0.05,0.3732,0.2,0.36272,0.15,0.14256
953,,0.15,0.86464,-0.025,0.30552,0.15,0.3304,0.125,0.11024
954,3,0.15,0.84696,1.0,0.28784,0.15,0.34808,0.15,0.12792
955,,0.1,0.77928,0.925,0.22016,0.1,0.31576,0.125,0.0956
956,,0.05,0.7116,0.85,0.15248,0.05,0.28344,0.1,0.06328
957,,0.0,0.64392,0.775,0.0848,0.0,0.25112,0.075,0.03096
958,,-0.05,0.57624,0.7,0.01712,-0.05,0.2188,0.05,-0.00136
959,5,-0.05,0.55856,0.675,-0.00056,1.0,0.23648,0.075,0.01632
960,1,1.0,0.54088,0.65,-0.01824,1.0,0.25416,0.1,0.034
961,4,1.0,0.5232,0.625,1.0,1.0,0.27184,0.125,0.05168
962,,0.95,0.45552,0.55,0.93232,0.95,0.23952,0.1,0.01936
963,,0.9,0.38784,0.475,0.86464,0.9,0.2072,0.075,-0.01296
964,8,0.9,0.37016,0.45,0.84696,0.9,0.22488,0.1,1.0
965,,0.85,0.30248,0.375,0.77928,0.85,0.19256,0.075,0.96768
966,,0.8,0.2348,0.3,0.7116,0.8,0.16024,0.05,0.93536
967,,0.75,0.16712,0.225,0.64392,0.75,0.12792,0.025,0.90304
968,,0.7,0.09944,0.15,0.57624,0.7,0.0956,0.0,0.87072
969,,0.65,0.03176,0.075,0.50856,0.65,0.06328,-0.025,0.8384
970,7,0.65,0.01408,0.05,0.49088,0.65,0.08096,1.0,0.85608
971,,0.6,-0.0536,-0.025,0.4232,0.6,0.04864,0.975,0.82376
972,2,0.6,1.0,-0.05,0.40552,0.6,0.06632,1.0,0.84144
973,3,0.6,0.98232,1.0,0.38784,0.6,0.084,1.0,0.85912
974,,0.55,0.91464,0.925,0.32016,0.55,0.05168,0.975,0.8268
975,,0.5,0.84696,0.85,0.25248,0.5,0.01936,0.95,0.79448
976,,0.45,0.77928,0.775,0.1848,0.45,-0.01296,0.925,0.76216
977,6,0.45,0.7616,0.75,0.16712,0.45,1.0,0.95,0.77984
978,,0.4,0.69392,0.675,0.09944,0.4,0.96768,0.925,0.74752
979,,0.35,0.62624,0.6,0.03176,0.35,0.93536,0.9,0.7152
980,,0.3,0.55856,0.525,-0.03592,0.3,0.90304,0.875,0.68288
981,4,0.3,0.54088,0.5,1.0,0.3,0.92072,0.9,0.70056
982,,0.25,0.4732,0.425,0.93232,0.25,0.8884,0.875,0.66824
983,,0.2,0.40552,0.35,0.86464,0.2,0.85608,0.85,0.63592
984,,0.15,0.33784,0.275,0.79696,0.15,0.82376,0.825,0.6036
985,,0.1,0.27016,0.2,0.72928,0.1,0.79144,0.8,0.57128
986,,0.05,0.20248,0.125,0.6616,0.05,0.75912,0.775,0.53896
987,,0.0,0.1348,0.05,0.59392,0.0,0.7268,0.75,0.50664
988,,-0.05,0.06712,-0.025,0.52624,-0.05,0.69448,0.725,0.47432
989,5,-0.05,0.04944,-0.05,0.50856,1.0,0.71216,0.75,0.492
990,1,1.0,0.03176,-0.075,0.49088,1.0,0.72984,0.775,0.50968
991,3,1.0,0.01408,1.0,0.4732,1.0,0.74752,0.8,0.52736
992,,0.95,-0.0536,0.925,0.40552,0.95,0.7152,0.775,0.49504
993,2,0.95,1.0,0.9,0.38784,0.95,0.73288,0.8,0.51272
994,,0.9,0.93232,0.825,0.32016,0.9,0.70056,0.775,0.4804
995,,0.85,0.86464,0.75,0.25248,0.85,0.66824,0.75,0.44808
996,,0.8,0.79696,0.675,0.1848,0.8,0.63592,0.725,0.41576
997,,0.75,0.72928,0.6,0.11712,0.75,0.6036,0.7,0.38344
998,,0.7,0.6616,0.525,0.04944,0.7,0.57128,0.675,0.35112
999,,0.65,0.59392,0.45,-0.01824,0.65,0.53896,0.65,0.3188
1000,4,0.65,0.57624,0.425,1.0,0.65,0.55664,0.675,0.33648
1001,,0.6,0.50856,0.35,0.93232,0.6,0.52432,0.65,0.30416
1002,,0.55,0.44088,0.275,0.86464,0.55,0.492,0.625,0.27184
1003,,0.5,0.3732,0.2,0.79696,0.5,0.45968,0.6,0.23952
1004,,0.45,0.30552,0.125,0.72928,0.45,0.42736,0.575,0.2072
1005,,0.4,0.23784,0.05,0.6616,0.4,0.39504,0.55,0.17488
1006,,0.35,0.17016,-0.025,0.59392,0.35,0.36272,0.525,0.14256
1007,3,0.35,0.15248,1.0,0.57624,0.35,0.3804,0.55,0.16024
1008,,0.3,0.0848,0.925,0.50856,0.3,0.34808,0.525,0.12792
1009,,0.25,0.01712,0.85,0.44088,0.25,0.31576,0.5,0.0956
1010,,0.2,-0.05056,0.775,0.3732,0.2,0.28344,0.475,0.06328
1011,2,0.2,1.0,0.75,0.35552,0.2,0.30112,0.5,0.08096
1012,,0.15,0.93232,0.675,0.28784,0.15,0.2688,0.475,0.04864
1013,,0.1,0.86464,0.6,0.22016,0.1,0.23648,0.45,0.01632
1014,,0.05,0.79696,0.525,0.15248,0.05,0.20416,0.425,-0.016
1015,8,0.05,0.77928,0.5,0.1348,0.05,0.22184,0.45,1.0
1016,,0.0,0.7116,0.425,0.06712,0.0,0.18952,0.425,0.96768
1017,,-0.05,0.64392,0.35,-0.00056,-0.05,0.1572,0.4,0.93536
1018,5,-0.05,0.62624,0.325,-0.01824,1.0,0.17488,0.425,0.95304
1019,1,1.0,0.60856,0.3,-0.03592,1.0,0.19256,0.45,0.97072
1020,4,1.0,0.59088,0.275,1.0,1.0,0.21024,0.475,0.9884
1021,,0.95,0.5232,0.2,0.93232,0.95,0.17792,0.45,0.95608
1022,,0.9,0.45552,0.125,0.86464,0.9,0.1456,0.425,0.92376
1023,,0.85,0.38784,0.05,0.79696,0.85,0.11328,0.4,0.89144
1024,,0.8,0.32016,-0.025,0.72928,0.8,0.08096,0.375,0.85912
1025,3,0.8,0.30248,1.0,0.7116,0.8,0.09864,0.4,0.8768
1026,,0.75,0.2348,0.925,0.64392,0.75,0.06632,0.375,0.84448
1027,,0.7,0.16712,0.85,0.57624,0.7,0.034,0.35,0.81216
1028,,0.65,0.09944,0.775,0.50856,0.65,0.00168,0.325,0.77984
1029,,0.6,0.03176,0.7,0.44088,0.6,-0.03064,0.3,0.74752
1030,6,0.6,0.01408,0.675,0.4232,0.6,1.0,0.325,0.7652
1031,,0.55,-0.0536,0.6,0.35552,0.55,0.96768,0.3,0.73288
1032,2,0.55,1.0,0.575,0.33784,0.55,0.98536,0.325,0.75056
1033,,0.5,0.93232,0.5,0.27016,0.5,0.95304,0.3,0.71824
1034,,0.45,0.86464,0.425,0.20248,0.45,0.92072,0.275,0.68592
1035,,0.4,0.79696,0.35,0.1348,0.4,0.8884,0.25,0.6536
1036,,0.35,0.72928,0.275,0.06712,0.35,0.85608,0.225,0.62128
1037,,0.3,0.6616,0.2,-0.00056,0.3,0.82376,0.2,0.58896
1038,4,0.3,0.64392,0.175,1.0,0.3,0.84144,0.225,0.60664
1039,,0.25,0.57624,0.1,0.93232,0.25,0.80912,0.2,0.57432
1040,,0.2,0.50856,0.025,0.86464,0.2,0.7768,0.175,0.542
1041,,0.15,0.44088,-0.05,0.79696,0.15,0.74448,0.15,0.50968
1042,3,0.15,0.4232,1.0,0.77928,0.15,0.76216,0.175,0.52736
1043,,0.1,0.35552,0.925,0.7116,0.1,0.72984,0.15,0.49504
1044,,0.05,0.28784,0.85,0.64392,0.05,0.69752,0.125,0.46272
1045,,0.0,0.22016,0.775,0.57624,0.0,0.6652,0.1,0.4304
1046,,-0.05,0.15248,0.7,0.50856,-0.05,0.63288,0.075,0.39808
1047,1,1.0,0.1348,0.675,0.49088,-0.05,0.65056,0.1,0.41576
1048,5,1.0,0.11712,0.65,0.4732,1.0,0.66824,0.125,0.43344
1049,,0.95,0.04944,0.575,0.40552,0.95,0.63592,0.1,0.40112
1050,,0.9,-0.01824,0.5,0.33784,0.9,0.6036,0.075,0.3688
1051,2,0.9,1.0,0.475,0.32016,0.9,0.62128,0.1,0.38648
1052,,0.85,0.93232,0.4,0.25248,0.85,0.58896,0.075,0.35416
1053,,0.8,0.86464,0.325,0.1848,0.8,0.55664,0.05,0.32184
1054,,0.75,0.79696,0.25,0.11712,0.75,0.52432,0.025,0.28952
1055,,0.7,0.72928,0.175,0.04944,0.7,0.492,0.0,0.2572
1056,,0.65,0.6616,0.1,-0.01824,0.65,0.45968,-0.025,0.22488
1057,7,0.65,0.64392,0.075,-0.03592,0.65,0.47736,1.0,0.24256
1058,4,0.65,0.62624,0.05,1.0,0.65,0.49504,1.0,0.26024
1059,,0.6,0.55856,-0.025,0.93232,0.6,0.46272,0.975,0.22792
1060,3,0.6,0.54088,1.0,0.91464,0.6,0.4804,1.0,0.2456
1061,,0.55,0.4732,0.925,0.84696,0.55,0.44808,0.975,0.21328
1062,,0.5,0.40552,0.85,0.77928,0.5,0.41576,0.95,0.18096
1063,,0.45,0.33784,0.775,0.7116,0.45,0.38344,0.925,0.14864
1064,,0.4,0.27016,0.7,0.64392,0.4,0.35112,0.9,0.11632
1065,,0.35,0.20248,0.625,0.57624,0.35,0.3188,0.875,0.084
1066,,0.3,0.1348,0.55,0.50856,0.3,0.28648,0.85,0.05168
1067,,0.25,0.06712,0.475,0.44088,0.25,0.25416,0.825,0.01936
1068,,0.2,-0.00056,0.4,0.3732,0.2,0.22184,0.8,-0.01296
1069,8,0.2,-0.01824,0.375,0.35552,0.2,0.23952,0.825,1.0
1070,2,0.2,1.0,0.35,0.33784,0.2,0.2572,0.85,1.0
1071,,0.15,0.93232,0.275,0.27016,0.15,0.22488,0.825,0.96768
1072,,0.1,0.86464,0.2,0.20248,0.1,0.19256,0.8,0.93536
1073,,0.05,0.79696,0.125,0.1348,0.05,0.16024,0.775,0.90304
1074,,0.0,0.72928,0.05,0.06712,0.0,0.12792,0.75,0.87072
1075,,-0.05,0.6616,-0.025,-0.00056,-0.05,0.0956,0.725,0.8384
1076,5,-0.05,0.64392,-0.05,-0.01824,1.0,0.11328,0.75,0.85608
1077,1,1.0,0.62624,-0.075,-0.03592,1.0,0.13096,0.775,0.87376
1078,3,1.0,0.60856,1.0,-0.0536,1.0,0.14864,0.8,0.89144
1079,4,1.0,0.59088,0.975,1.0,1.0,0.16632,0.825,0.90912
1080,,0.95,0.5232,0.9,0.93232,0.95,0.134,0.8,0.8768
1081,,0.9,0.45552,0.825,0.86464,0.9,0.10168,0.775,0.84448
1082,,0.85,0.38784,0.75,0.79696,0.85,0.06936,0.75,0.81216
1083,,0.8,0.32016,0.675,0.72928,0.8,0.03704,0.725,0.77984
1084,,0.75,0.25248,0.6,0.6616,0.75,0.00472,0.7,0.74752
1085,,0.7,0.1848,0.525,0.59392,0.7,-0.0276,0.675,0.7152
1086,6,0.7,0.16712,0.5,0.57624,0.7,1.0,0.7,0.73288
1087,,0.65,0.09944,0.425,0.50856,0.65,0.96768,0.675,0.70056
1088,,0.6,0.03176,0.35,0.44088,0.6,0.93536,0.65,0.66824
1089,,0.55,-0.03592,0.275,0.3732,0.55,0.90304,0.625,0.63592
1090,2,0.55,1.0,0.25,0.35552,0.55,0.92072,0.65,0.6536
1091,,0.5,0.93232,0.175,0.28784,0.5,0.8884,0.625,0.62128
1092,,0.45,0.86464,0.1,0.22016,0.45,0.85608,0.6,0.58896
1093,,0.4,0.79696,0.025,0.15248,0.4,0.82376,0.575,0.55664
1094,,0.35,0.72928,-0.05,0.0848,0.35,0.79144,0.55,0.52432
1095,3,0.35,0.7116,1.0,0.06712,0.35,0.80912,0.575,0.542
1096,,0.3,0.64392,0.925,-0.00056,0.3,0.7768,0.55,0.50968
1097,4,0.3,0.62624,0.9,1.0,0.3,0.79448,0.575,0.52736
1098,,0.25,0.55856,0.825,0.93232,0.25,0.76216,0.55,0.49504
1099,,0.2,0.49088,0.75,0.86464,0.2,0.72984,0.525,0.46272
1100,,0.15,0.4232,0.675,0.79696,0.15,0.69752,0.5,0.4304
1101,,0.1,0.35552,0.6,0.72928,0.1,0.6652,0.475,0.39808
1102,,0.05,0.28784,0.525,0.6616,0.05,0.63288,0.45,0.36576
1103,,0.0,0.22016,0.45,0.59392,0.0,0.60056,0.425,0.33344
1104,,-0.05,0.15248,0.375,0.52624,-0.05,0.56824,0.4,0.30112
1105,5,-0.05,0.1348,0.35,0.50856,1.0,0.58592,0.425,0.3188
1106,1,1.0,0.11712,0.325,0.49088,1.0,0.6036,0.45,0.33648
1107,,0.95,0.04944,0.25,0.4232,0.95,0.57128,0.425,0.30416
1108,,0.9,-0.01824,0.175,0.35552,0.9,0.53896,0.4,0.27184
1109,2,0.9,1.0,0.15,0.33784,0.9,0.55664,0.425,0.28952
1110,,0.85,0.93232,0.075,0.27016,0.85,0.52432,0.4,0.2572
1111,,0.8,0.86464,-0.0,0.20248,0.8,0.492,0.375,0.22488
1112,,0.75,0.79696,-0.075,0.1348,0.75,0.45968,0.35,0.19256
1113,3,0.75,0.77928,1.0,0.11712,0.75,0.47736,0.375,0.21024
1114,,0.7,0.7116,0.925,0.04944,0.7,0.44504,0.35,0.17792
1115,,0.65,0.64392,0.85,-0.01824,0.65,0.41272,0.325,0.1456
1116,4,0.65,0.62624,0.825,1.0,0.65,0.4304,0.35,0.16328
1117,,0.6,0.55856,0.75,0.93232,0.6,0.39808,0.325,0.13096
1118,,0.55,0.49088,0.675,0.86464,0.55,0.36576,0.3,0.09864
1119,,0.5,0.4232,0.6,0.79696,0.5,0.33344,0.275,0.06632
1120,,0.45,0.35552,0.525,0.72928,0.45,0.30112,0.25,0.034
1121,,0.4,0.28784,0.45,0.6616,0.4,0.2688,0.225,0.00168
1122,,0.35,0.22016,0.375,0.59392,0.35,0.23648,0.2,-0.03064
1123,8,0.35,0.20248,0.35,0.57624,0.35,0.25416,0.225,1.0
1124,,0.3,0.1348,0.275,0.50856,0.3,0.22184,0.2,0.96768
1125,,0.25,0.06712,0.2,0.44088,0.25,0.18952,0.175,0.93536
1126,,0.2,-0.00056,0.125,0.3732,0.2,0.1572,0.15,0.90304
1127,2,0.2,1.0,0.1,0.35552,0.2,0.17488,0.175,0.92072
1128,,0.15,0.93232,0.025,0.28784,0.15,0.14256,0.15,0.8884
1129,,0.1,0.86464,-0.05,0.22016,0.1,0.11024,0.125,0.85608
1130,3,0.1,0.84696,1.0,0.20248,0.1,0.12792,0.15,0.87376
1131,,0.05,0.77928,0.925,0.1348,0.05,0.0956,0.125,0.84144
1132,,0.0,0.7116,0.85,0.06712,0.0,0.06328,0.1,0.80912
1133,,-0.05,0.64392,0.775,-0.00056,-0.05,0.03096,0.075,0.7768
1134,5,-0.05,0.62624,0.75,-0.01824,1.0,0.04864,0.1,0.79448
1135,1,1.0,0.60856,0.725,-0.03592,1.0,0.06632,0.125,0.81216
1136,4,1.0,0.59088,0.7,1.0,1.0,0.084,0.15,0.82984
1137,,0.95,0.5232,0.625,0.93232,0.95,0.05168,0.125,0.79752
1138,,0.9,0.45552,0.55,0.86464,0.9,0.01936,0.1,0.7652
1139,,0.85,0.38784,0.475,0.79696,0.85,-0.01296,0.075,0.73288
1140,6,0.85,0.37016,0.45,0.77928,0.85,1.0,0.1,0.75056
1141,,0.8,0.30248,0.375,0.7116,0.8,0.96768,0.075,0.71824
1142,,0.75,0.2348,0.3,0.64392,0.75,0.93536,0.05,0.68592
1143,,0.7,0.16712,0.225,0.57624,0.7,0.90304,0.025,0.6536
1144,,0.65,0.09944,0.15,0.50856,0.65,0.87072,0.0,0.62128
1145,,0.6,0.03176,0.075,0.44088,0.6,0.8384,-0.025,0.58896
1146,7,0.6,0.01408,0.05,0.4232,0.6,0.85608,1.0,0.60664
1147,,0.55,-0.0536,-0.025,0.35552,0.55,0.82376,0.975,0.57432
1148,2,0.55,1.0,-0.05,0.33784,0.55,0.84144,1.0,0.592
1149,3,0.55,0.98232,1.0,0.32016,0.55,0.85912,1.0,0.60968
1150,,0.5,0.91464,0.925,0.25248,0.5,0.8268,0.975,0.57736
1151,,0.45,0.84696,0.85,0.1848,0.45,0.79448,0.95,0.54504
1152,,0.4,0.77928,0.775,0.11712,0.4,0.76216,0.925,0.51272
1153,,0.35,0.7116,0.7,0.04944,0.35,0.72984,0.9,0.4804
1154,,0.3,0.64392,0.625,-0.01824,0.3,0.69752,0.875,0.44808
1155,4,0.3,0.62624,0.6,1.0,0.3,0.7152,0.9,0.46576
1156,,0.25,0.55856,0.525,0.93232,0.25,0.68288,0.875,0.43344
1157,,0.2,0.49088,0.45,0.86464,0.2,0.65056,0.85,0.40112
1158,,0.15,0.4232,0.375,0.79696,0.15,0.61824,0.825,0.3688
1159,,0.1,0.35552,0.3,0.72928,0.1,0.58592,0.8,0.33648
1160,,0.05,0.28784,0.225,0.6616,0.05,0.5536,0.775,0.30416
1161,,0.0,0.22016,0.15,0.59392,0.0,0.52128,0.75,0.27184
1162,,-0.05,0.15248,0.075,0.52624,-0.05,0.48896,0.725,0.23952
1163,1,1.0,0.1348,0.05,0.50856,-0.05,0.50664,0.75,0.2572
1164,5,1.0,0.11712,0.025,0.49088,1.0,0.52432,0.775,0.27488
1165,,0.95,0.04944,-0.05,0.4232,0.95,0.492,0.75,0.24256
1166,3,0.95,0.03176,1.0,0.40552,0.95,0.50968,0.775,0.26024
1167,,0.9,-0.03592,0.925,0.33784,0.9,0.47736,0.75,0.22792
1168,2,0.9,1.0,0.9,0.32016,0.9,0.49504,0.775,0.2456
1169,,0.85,0.93232,0.825,0.25248,0.85,0.46272,0.75,0.21328
1170,,0.8,0.86464,0.75,0.1848,0.8,0.4304,0.725,0.18096
1171,,0.75,0.79696,0.675,0.11712,0.75,0.39808,0.7,0.14864
1172,,0.7,0.72928,0.6,0.04944,0.7,0.36576,0.675,0.11632
1173,,0.65,0.6616,0.525,-0.01824,0.65,0.33344,0.65,0.084
1174,4,0.65,0.64392,0.5,1.0,0.65,0.35112,0.675,0.10168
1175,,0.6,0.57624,0.425,0.93232,0.6,0.3188,0.65,0.06936
1176,,0.55,0.50856,0.35,0.86464,0.55,0.28648,0.625,0.03704
1177,,0.5,0.44088,0.275,0.79696,0.5,0.25416,0.6,0.00472
1178,,0.45,0.3732,0.2,0.72928,0.45,0.22184,0.575,-0.0276
1179,8,0.45,0.35552,0.175,0.7116,0.45,0.23952,0.6,1.0
1180,,0.4,0.28784,0.1,0.64392,0.4,0.2072,0.575,0.96768
1181,,0.35,0.22016,0.025,0.57624,0.35,0.17488,0.55,0.93536
1182,,0.3,0.15248,-0.05,0.50856,0.3,0.14256,0.525,0.90304
1183,3,0.3,0.1348,1.0,0.49088,0.3,0.16024,0.55,0.92072
1184,,0.25,0.06712,0.925,0.4232,0.25,0.12792,0.525,0.8884
1185,,0.2,-0.00056,0.85,0.35552,0.2,0.0956,0.5,0.85608
1186,2,0.2,1.0,0.825,0.33784,0.2,0.11328,0.525,0.87376
1187,,0.15,0.93232,0.75,0.27016,0.15,0.08096,0.5,0.84144
1188,,0.1,0.86464,0.675,0.20248,0.1,0.04864,0.475,0.80912
1189,,0.05,0.79696,0.6,0.1348,0.05,0.01632,0.45,0.7768
1190,,0.0,0.72928,0.525,0.06712,0.0,-0.016,0.425,0.74448
1191,6,0.0,0.7116,0.5,0.04944,0.0,1.0,0.45,0.76216
1192,,-0.05,0.64392,0.425,-0.01824,-0.05,0.96768,0.425,0.72984
1193,1,1.0,0.62624,0.4,-0.03592,-0.05,0.98536,0.45,0.74752
1194,5,1.0,0.60856,0.375,-0.0536,1.0,1.0,0.475,0.7652
1195,4,1.0,0.59088,0.35,1.0,1.0,1.0,0.5,0.78288
1196,,0.95,0.5232,0.275,0.93232,0.95,0.96768,0.475,0.75056
1197,,0.9,0.45552,0.2,0.86464,0.9,0.93536,0.45,0.71824
1198,,0.85,0.38784,0.125,0.79696,0.85,0.90304,0.425,0.68592
1199,,0.8,0.32016,0.05,0.72928,0.8,0.87072,0.4,0.6536
1200,,0.75,0.25248,-0.025,0.6616,0.75,0.8384,0.375,0.62128
1201,3,0.75,0.2348,1.0,0.64392,0.75,0.85608,0.4,0.63896
1202,,0.7,0.16712,0.925,0.57624,0.7,0.82376,0.375,0.60664
1203,,0.65,0.09944,0.85,0.50856,0.65,0.79144,0.35,0.57432
1204,,0.6,0.03176,0.775,0.44088,0.6,0.75912,0.325,0.542
1205,,0.55,-0.03592,0.7,0.3732,0.55,0.7268,0.3,0.50968
1206,2,0.55,1.0,0.675,0.35552,0.55,0.74448,0.325,0.52736
1207,,0.5,0.93232,0.6,0.28784,0.5,0.71216,0.3,0.49504
1208,,0.45,0.86464,0.525,0.22016,0.45,0.67984,0.275,0.46272
1209,,0.4,0.79696,0.45,0.15248,0.4,0.64752,0.25,0.4304
1210,,0.35,0.72928,0.375,0.0848,0.35,0.6152,0.225,0.39808
1211,,0.3,0.6616,0.3,0.01712,0.3,0.58288,0.2,0.36576
1212,,0.25,0.59392,0.225,-0.05056,0.25,0.55056,0.175,0.33344
1213,4,0.25,0.57624,0.2,1.0,0.25,0.56824,0.2,0.35112
1214,,0.2,0.50856,0.125,0.93232,0.2,0.53592,0.175,0.3188
1215,,0.15,0.44088,0.05,0.86464,0.15,0.5036,0.15,0.28648
1216,,0.1,0.3732,-0.025,0.79696,0.1,0.47128,0.125,0.25416
1217,3,0.1,0.35552,1.0,0.77928,0.1,0.48896,0.15,0.27184
1218,,0.05,0.28784,0.925,0.7116,0.05,0.45664,0.125,0.23952
1219,,0.0,0.22016,0.85,0.64392,0.0,0.42432,0.1,0.2072
1220,,-0.05,0.15248,0.775,0.57624,-0.05,0.392,0.075,0.17488
1221,1,1.0,0.1348,0.75,0.55856,-0.05,0.40968,0.1,0.19256
1222,5,1.0,0.11712,0.725,0.54088,1.0,0.42736,0.125,0.21024
1223,,0.95,0.04944,0.65,0.4732,0.95,0.39504,0.1,0.17792
1224,,0.9,-0.01824,0.575,0.40552,0.9,0.36272,0.075,0.1456
1225,2,0.9,1.0,0.55,0.38784,0.9,0.3804,0.1,0.16328
1226,,0.85,0.93232,0.475,0.32016,0.85,0.34808,0.075,0.13096
1227,,0.8,0.86464,0.4,0.25248,0.8,0.31576,0.05,0.09864
1228,,0.75,0.79696,0.325,0.1848,0.75,0.28344,0.025,0.06632
1229,,0.7,0.72928,0.25,0.11712,0.7,0.25112,0.0,0.034
1230,,0.65,0.6616,0.175,0.04944,0.65,0.2188,-0.025,0.00168
1231,7,0.65,0.64392,0.15,0.03176,0.65,0.23648,1.0,0.01936
1232,,0.6,0.57624,0.075,-0.03592,0.6,0.20416,0.975,-0.01296
1233,4,0.6,0.55856,0.05,1.0,0.6,0.22184,1.0,0.00472
1234,,0.55,0.49088,-0.025,0.93232,0.55,0.18952,0.975,-0.0276
1235,8,0.55,0.4732,-0.05,0.91464,0.55,0.2072,1.0,1.0
1236,3,0.55,0.45552,1.0,0.89696,0.55,0.22488,1.0,1.0
1237,,0.5,0.38784,0.925,0.82928,0.5,0.19256,0.975,0.96768
1238,,0.45,0.32016,0.85,0.7616,0.45,0.16024,0.95,0.93536
1239,,0.4,0.25248,0.775,0.69392,0.4,0.12792,0.925,0.90304
1240,,0.35,0.1848,0.7,0.62624,0.35,0.0956,0.9,0.87072
1241,,0.3,0.11712,0.625,0.55856,0.3,0.06328,0.875,0.8384
1242,,0.25,0.04944,0.55,0.49088,0.25,0.03096,0.85,0.80608
1243,,0.2,-0.01824,0.475,0.4232,0.2,-0.00136,0.825,0.77376
1244,2,0.2,1.0,0.45,0.40552,0.2,0.01632,0.85,0.79144
1245,,0.15,0.93232,0.375,0.33784,0.15,-0.016,0.825,0.75912
1246,6,0.15,0.91464,0.35,0.32016,0.15,1.0,0.85,0.7768
1247,,0.1,0.84696,0.275,0.25248,0.1,0.96768,0.825,0.74448
1248,,0.05,0.77928,0.2,0.1848,0.05,0.93536,0.8,0.71216
1249,,0.0,0.7116,0.125,0.11712,0.0,0.90304,0.775,0.67984
1250,,-0.05,0.64392,0.05,0.04944,-0.05,0.87072,0.75,0.64752
1251,1,1.0,0.62624,0.025,0.03176,-0.05,0.8884,0.775,0.6652
1252,5,1.0,0.60856,0.0,0.01408,1.0,0.90608,0.8,0.68288
1253,,0.95,0.54088,-0.075,-0.0536,0.95,0.87376,0.775,0.65056
1254,3,0.95,0.5232,1.0,-0.07128,0.95,0.89144,0.8,0.66824
1255,4,0.95,0.50552,0.975,1.0,0.95,0.90912,0.825,0.68592
1256,,0.9,0.43784,0.9,0.93232,0.9,0.8768,0.8,0.6536
1257,,0.85,0.37016,0.825,0.86464,0.85,0.84448,0.775,0.62128
1258,,0.8,0.30248,0.75,0.79696,0.8,0.81216,0.75,0.58896
1259,,0.75,0.2348,0.675,0.72928,0.75,0.77984,0.725,0.55664
1260,,0.7,0.16712,0.6,0.6616,0.7,0.74752,0.7,0.52432
1261,,0.65,0.09944,0.525,0.59392,0.65,0.7152,0.675,0.492
1262,,0.6,0.03176,0.45,0.52624,0.6,0.68288,0.65,0.45968
1263,,0.55,-0.03592,0.375,0.45856,0.55,0.65056,0.625,0.42736
1264,2,0.55,1.0,0.35,0.44088,0.55,0.66824,0.65,0.44504
1265,,0.5,0.93232,0.275,0.3732,0.5,0.63592,0.625,0.41272
1266,,0.45,0.86464,0.2,0.30552,0.45,0.6036,0.6,0.3804
1267,,0.4,0.79696,0.125,0.23784,0.4,0.57128,0.575,0.34808
1268,,0.35,0.72928,0.05,0.17016,0.35,0.53896,0.55,0.31576
1269,,0.3,0.6616,-0.025,0.10248,0.3,0.50664,0.525,0.28344
1270,3,0.3,0.64392,1.0,0.0848,0.3,0.52432,0.55,0.30112
1271,,0.25,0.57624,0.925,0.01712,0.25,0.492,0.525,0.2688
1272,,0.2,0.50856,0.85,-0.05056,0.2,0.45968,0.5,0.23648
1273,4,0.2,0.49088,0.825,1.0,0.2,0.47736,0.525,0.25416
1274,,0.15,0.4232,0.75,0.93232,0.15,0.44504,0.5,0.22184
1275,,0.1,0.35552,0.675,0.86464,0.1,0.41272,0.475,0.18952
1276,,0.05,0.28784,0.6,0.79696,0.05,0.3804,0.45,0.1572
1277,,0.0,0.22016,0.525,0.72928,0.0,0.34808,0.425,0.12488
1278,,-0.05,0.15248,0.45,0.6616,-0.05,0.31576,0.4,0.09256
1279,1,1.0,0.1348,0.425,0.64392,-0.05,0.33344,0.425,0.11024
1280,5,1.0,0.11712,0.4,0.62624,1.0,0.35112,0.45,0.12792
1281,,0.95,0.04944,0.325,0.55856,0.95,0.3188,0.425,0.0956
1282,,0.9,-0.01824,0.25,0.49088,0.9,0.28648,0.4,0.06328
1283,2,0.9,1.0,0.225,0.4732,0.9,0.30416,0.425,0.08096
1284,,0.85,0.93232,0.15,0.40552,0.85,0.27184,0.4,0.04864
1285,,0.8,0.86464,0.075,0.33784,0.8,0.23952,0.375,0.01632
1286,,0.75,0.79696,-0.0,0.27016,0.75,0.2072,0.35,-0.016
1287,8,0.75,0.77928,-0.025,0.25248,0.75,0.22488,0.375,1.0
1288,3,0.75,0.7616,1.0,0.2348,0.75,0.24256,0.4,1.0
1289,,0.7,0.69392,0.925,0.16712,0.7,0.21024,0.375,0.96768
1290,,0.65,0.62624,0.85,0.09944,0.65,0.17792,0.35,0.93536
1291,,0.6,0.55856,0.775,0.03176,0.6,0.1456,0.325,0.90304
1292,,0.55,0.49088,0.7,-0.03592,0.55,0.11328,0.3,0.87072
1293,4,0.55,0.4732,0.675,1.0,0.55,0.13096,0.325,0.8884
1294,,0.5,0.40552,0.6,0.93232,0.5,0.09864,0.3,0.85608
1295,,0.45,0.33784,0.525,0.86464,0.45,0.06632,0.275,0.82376
1296,,0.4,0.27016,0.45,0.79696,0.4,0.034,0.25,0.79144
1297,,0.35,0.20248,0.375,0.72928,0.35,0.00168,0.225,0.75912
1298,,0.3,0.1348,0.3,0.6616,0.3,-0.03064,0.2,0.7268
1299,6,0.3,0.11712,0.275,0.64392,0.3,1.0,0.225,0.74448
1300,,0.25,0.04944,0.2,0.57624,0.25,0.96768,0.2,0.71216
1301,,0.2,-0.01824,0.125,0.50856,0.2,0.93536,0.175,0.67984
1302,2,0.2,1.0,0.1,0.49088,0.2,0.95304,0.2,0.69752
1303,,0.15,0.93232,0.025,0.4232,0.15,0.92072,0.175,0.6652
1304,,0.1,0.86464,-0.05,0.35552,0.1,0.8884,0.15,0.63288
1305,3,0.1,0.84696,1.0,0.33784,0.1,0.90608,0.175,0.65056
1306,,0.05,0.77928,0.925,0.27016,0.05,0.87376,0.15,0.61824
1307,,0.0,0.7116,0.85,0.20248,0.0,0.84144,0.125,0.58592
1308,,-0.05,0.64392,0.775,0.1348,-0.05,0.80912,0.1,0.5536
1309,1,1.0,0.62624,0.75,0.11712,-0.05,0.8268,0.125,0.57128
1310,5,1.0,0.60856,0.725,0.09944,1.0,0.84448,0.15,0.58896
1311,,0.95,0.54088,0.65,0.03176,0.95,0.81216,0.125,0.55664
1312,,0.9,0.4732,0.575,-0.03592,0.9,0.77984,0.1,0.52432
1313,4,0.9,0.45552,0.55,1.0,0.9,0.79752,0.125,0.542
1314,,0.85,0.38784,0.475,0.93232,0.85,0.7652,0.1,0.50968
1315,,0.8,0.32016,0.4,0.86464,0.8,0.73288,0.075,0.47736
1316,,0.75,0.25248,0.325,0.79696,0.75,0.70056,0.05,0.44504
1317,,0.7,0.1848,0.25,0.72928,0.7,0.66824,0.025,0.41272
1318,,0.65,0.11712,0.175,0.6616,0.65,0.63592,0.0,0.3804
1319,,0.6,0.04944,0.1,0.59392,0.6,0.6036,-0.025,0.34808
1320,7,0.6,0.03176,0.075,0.57624,0.6,0.62128,1.0,0.36576
1321,,0.55,-0.03592,-0.0,0.50856,0.55,0.58896,0.975,0.33344
1322,2,0.55,1.0,-0.025,0.49088,0.55,0.60664,1.0,0.35112
1323,3,0.55,0.98232,1.0,0.4732,0.55,0.62432,1.0,0.3688
1324,,0.5,0.91464,0.925,0.40552,0.5,0.592,0.975,0.33648
1325,,0.45,0.84696,0.85,0.33784,0.45,0.55968,0.95,0.30416
1326,,0.4,0.77928,0.775,0.27016,0.4,0.52736,0.925,0.27184
1327,,0.35,0.7116,0.7,0.20248,0.35,0.49504,0.9,0.23952
1328,,0.3,0.64392,0.625,0.1348,0.3,0.46272,0.875,0.2072
1329,,0.25,0.57624,0.55,0.06712,0.25,0.4304,0.85,0.17488
1330,,0.2,0.50856,0.475,-0.00056,0.2,0.39808,0.825,0.14256
1331,4,0.2,0.49088,0.45,1.0,0.2,0.41576,0.85,0.16024
1332,,0.15,0.4232,0.375,0.93232,0.15,0.38344,0.825,0.12792
1333,,0.1,0.35552,0.3,0.86464,0.1,0.35112,0.8,0.0956
1334,,0.05,0.28784,0.225,0.79696,0.05,0.3188,0.775,0.06328
1335,,0.0,0.22016,0.15,0.72928,0.0,0.28648,0.75,0.03096
1336,,-0.05,0.15248,0.075,0.6616,-0.05,0.25416,0.725,-0.00136
1337,1,1.0,0.1348,0.05,0.64392,-0.05,0.27184,0.75,0.01632
1338,5,1.0,0.11712,0.025,0.62624,1.0,0.28952,0.775,0.034
1339,,0.95,0.04944,-0.05,0.55856,0.95,0.2572,0.75,0.00168
1340,3,0.95,0.03176,1.0,0.54088,0.95,0.27488,0.775,0.01936
1341,,0.9,-0.03592,0.925,0.4732,0.9,0.24256,0.75,-0.01296
1342,2,0.9,1.0,0.9,0.45552,0.9,0.26024,0.775,0.00472
1343,,0.85,0.93232,0.825,0.38784,0.85,0.22792,0.75,-0.0276
1344,8,0.85,0.91464,0.8,0.37016,0.85,0.2456,0.775,1.0
1345,,0.8,0.84696,0.725,0.30248,0.8,0.21328,0.75,0.96768
1346,,0.75,0.77928,0.65,0.2348,0.75,0.18096,0.725,0.93536
1347,,0.7,0.7116,0.575,0.16712,0.7,0.14864,0.7,0.90304
1348,,0.65,0.64392,0.5,0.09944,0.65,0.11632,0.675,0.87072
1349,,0.6,0.57624,0.425,0.03176,0.6,0.084,0.65,0.8384
1350,,0.55,0.50856,0.35,-0.03592,0.55,0.05168,0.625,0.80608
1351,4,0.55,0.49088,0.325,1.0,0.55,0.06936,0.65,0.82376
1352,,0.5,0.4232,0.25,0.93232,0.5,0.03704,0.625,0.79144
1353,,0.45,0.35552,0.175,0.86464,0.45,0.00472,0.6,0.75912
1354,,0.4,0.28784,0.1,0.79696,0.4,-0.0276,0.575,0.7268
1355,6,0.4,0.27016,0.075,0.77928,0.4,1.0,0.6,0.74448
1356,,0.35,0.20248,-0.0,0.7116,0.35,0.96768,0.575,0.71216
1357,,0.3,0.1348,-0.075,0.64392,0.3,0.93536,0.55,0.67984
1358,3,0.3,0.11712,1.0,0.62624,0.3,0.95304,0.575,0.69752
1359,,0.25,0.04944,0.925,0.55856,0.25,0.92072,0.55,0.6652
1360,,0.2,-0.01824,0.85,0.49088,0.2,0.8884,0.525,0.63288
1361,2,0.2,1.0,0.825,0.4732,0.2,0.90608,0.55,0.65056
1362,,0.15,0.93232,0.75,0.40552,0.15,0.87376,0.525,0.61824
1363,,0.1,0.86464,0.675,0.33784,0.1,0.84144,0.5,0.58592
1364,,0.05,0.79696,0.6,0.27016,0.05,0.80912,0.475,0.5536
1365,,0.0,0.72928,0.525,0.20248,0.0,0.7768,0.45,0.52128
1366,,-0.05,0.6616,0.45,0.1348,-0.05,0.74448,0.425,0.48896
1367,1,1.0,0.64392,0.425,0.11712,-0.05,0.76216,0.45,0.50664
1368,5,1.0,0.62624,0.4,0.09944,1.0,0.77984,0.475,0.52432
1369,,0.95,0.55856,0.325,0.03176,0.95,0.74752,0.45,0.492
1370,,0.9,0.49088,0.25,-0.03592,0.9,0.7152,0.425,0.45968
1371,4,0.9,0.4732,0.225,1.0,0.9,0.73288,0.45,0.47736
1372,,0.85,0.40552,0.15,0.93232,0.85,0.70056,0.425,0.44504
1373,,0.8,0.33784,0.075,0.86464,0.8,0.66824,0.4,0.41272
1374,,0.75,0.27016,-0.0,0.79696,0.75,0.63592,0.375,0.3804
1375,,0.7,0.20248,-0.075,0.72928,0.7,0.6036,0.35,0.34808
1376,3,0.7,0.1848,1.0,0.7116,0.7,0.62128,0.375,0.36576
1377,,0.65,0.11712,0.925,0.64392,0.65,0.58896,0.35,0.33344
1378,,0.6,0.04944,0.85,0.57624,0.6,0.55664,0.325,0.30112
1379,,0.55,-0.01824,0.775,0.50856,0.55,0.52432,0.3,0.2688
1380,2,0.55,1.0,0.75,0.49088,0.55,0.542,0.325,0.28648
1381,,0.5,0.93232,0.675,0.4232,0.5,0.50968,0.3,0.25416
1382,,0.45,0.86464,0.6,0.35552,0.45,0.47736,0.275,0.22184
1383,,0.4,0.79696,0.525,0.28784,0.4,0.44504,0.25,0.18952
1384,,0.35,0.72928,0.45,0.22016,0.35,0.41272,0.225,0.1572
1385,,0.3,0.6616,0.375,0.15248,0.3,0.3804,0.2,0.12488
1386,,0.25,0.59392,0.3,0.0848,0.25,0.34808,0.175,0.09256
1387,,0.2,0.52624,0.225,0.01712,0.2,0.31576,0.15,0.06024
1388,,0.15,0.45856,0.15,-0.05056,0.15,0.28344,0.125,0.02792
1389,4,0.15,0.44088,0.125,1.0,0.15,0.30112,0.15,0.0456
1390,,0.1,0.3732,0.05,0.93232,0.1,0.2688,0.125,0.01328
1391,,0.05,0.30552,-0.025,0.86464,0.05,0.23648,0.1,-0.01904
1392,3,0.05,0.28784,1.0,0.84696,0.05,0.25416,0.125,-0.00136
1393,8,0.05,0.27016,0.975,0.82928,0.05,0.27184,0.15,1.0
1394,,0.0,0.20248,0.9,0.7616,0.0,0.23952,0.125,0.96768
1395,,-0.05,0.1348,0.825,0.69392,-0.05,0.2072,0.1,0.93536
1396,5,-0.05,0.11712,0.8,0.67624,1.0,0.22488,0.125,0.95304
1397,1,1.0,0.09944,0.775,0.65856,1.0,0.24256,0.15,0.97072
1398,,0.95,0.03176,0.7,0.59088,0.95,0.21024,0.125,0.9384
1399,,0.9,-0.03592,0.625,0.5232,0.9,0.17792,0.1,0.90608
1400,2,0.9,1.0,0.6,0.50552,0.9,0.1956,0.125,0.92376
1401,,0.85,0.93232,0.525,0.43784,0.85,0.16328,0.1,0.89144
1402,,0.8,0.86464,0.45,0.37016,0.8,0.13096,0.075,0.85912
1403,,0.75,0.79696,0.375,0.30248,0.75,0.09864,0.05,0.8268
1404,,0.7,0.72928,0.3,0.2348,0.7,0.06632,0.025,0.79448
1405,,0.65,0.6616,0.225,0.16712,0.65,0.034,0.0,0.76216
1406,,0.6,0.59392,0.15,0.09944,0.6,0.00168,-0.025,0.72984
1407,7,0.6,0.57624,0.125,0.08176,0.6,0.01936,1.0,0.74752
1408,,0.55,0.50856,0.05,0.01408,0.55,-0.01296,0.975,0.7152
1409,6,0.55,0.49088,0.025,-0.0036,0.55,1.0,1.0,0.73288
1410,4,0.55,0.4732,0.0,1.0,0.55,1.0,1.0,0.75056
1411,,0.5,0.40552,-0.075,0.93232,0.5,0.96768,0.975,0.71824
1412,3,0.5,0.38784,1.0,0.91464,0.5,0.98536,1.0,0.73592
1413,,0.45,0.32016,0.925,0.84696,0.45,0.95304,0.975,0.7036
1414,,0.4,0.25248,0.85,0.77928,0.4,0.92072,0.95,0.67128
1415,,0.35,0.1848,0.775,0.7116,0.35,0.8884,0.925,0.63896
1416,,0.3,0.11712,0.7,0.64392,0.3,0.85608,0.9,0.60664
1417,,0.25,0.04944,0.625,0.57624,0.25,0.82376,0.875,0.57432
1418,,0.2,-0.01824,0.55,0.50856,0.2,0.79144,0.85,0.542
1419,2,0.2,1.0,0.525,0.49088,0.2,0.80912,0.875,0.55968
1420,,0.15,0.93232,0.45,0.4232,0.15,0.7768,0.85,0.52736
1421,,0.1,0.86464,0.375,0.35552,0.1,0.74448,0.825,0.49504
1422,,0.05,0.79696,0.3,0.28784,0.05,0.71216,0.8,0.46272
1423,,0.0,0.72928,0.225,0.22016,0.0,0.67984,0.775,0.4304
1424,,-0.05,0.6616,0.15,0.15248,-0.05,0.64752,0.75,0.39808
1425,5,-0.05,0.64392,0.125,0.1348,1.0,0.6652,0.775,0.41576
1426,1,1.0,0.62624,0.1,0.11712,1.0,0.68288,0.8,0.43344
1427,,0.95,0.55856,0.025,0.04944,0.95,0.65056,0.775,0.40112
1428,,0.9,0.49088,-0.05,-0.01824,0.9,0.61824,0.75,0.3688
1429,3,0.9,0.4732,1.0,-0.03592,0.9,0.63592,0.775,0.38648
1430,4,0.9,0.45552,0.975,1.0,0.9,0.6536,0.8,0.40416
1431,,0.85,0.38784,0.9,0.93232,0.85,0.62128,0.775,0.37184
1432,,0.8,0.32016,0.825,0.86464,0.8,0.58896,0.75,0.33952
1433,,0.75,0.25248,0.75,0.79696,0.75,0.55664,0.725,0.3072
1434,,0.7,0.1848,0.675,0.72928,0.7,0.52432,0.7,0.27488
1435,,0.65,0.11712,0.6,0.6616,0.65,0.492,0.675,0.24256
1436,,0.6,0.04944,0.525,0.59392,0.6,0.45968,0.65,0.21024
1437,,0.55,-0.01824,0.45,0.52624,0.55,0.42736,0.625,0.17792
1438,2,0.55,1.0,0.425,0.50856,0.55,0.44504,0.65,0.1956
1439,,0.5,0.93232,0.35,0.44088,0.5,0.41272,0.625,0.16328
1440,,0.45,0.86464,0.275,0.3732,0.45,0.3804,0.6,0.13096
1441,,0.4,0.79696,0.2,0.30552,0.4,0.34808,0.575,0.09864
1442,,0.35,0.72928,0.125,0.23784,0.35,0.31576,0.55,0.06632
1443,,0.3,0.6616,0.05,0.17016,0.3,0.28344,0.525,0.034
1444,,0.25,0.59392,-0.025,0.10248,0.25,0.25112,0.5,0.00168
1445,3,0.25,0.57624,1.0,0.0848,0.25,0.2688,0.525,0.01936
1446,,0.2,0.50856,0.925,0.01712,0.2,0.23648,0.5,-0.01296
1447,8,0.2,0.49088,0.9,-0.00056,0.2,0.25416,0.525,1.0
1448,4,0.2,0.4732,0.875,1.0,0.2,0.27184,0.55,1.0
1449,,0.15,0.40552,0.8,0.93232,0.15,0.23952,0.525,0.96768
1450,,0.1,0.33784,0.725,0.86464,0.1,0.2072,0.5,0.93536
1451,,0.05,0.27016,0.65,0.79696,0.05,0.17488,0.475,0.90304
1452,,0.0,0.20248,0.575,0.72928,0.0,0.14256,0.45,0.87072
1453,,-0.05,0.1348,0.5,0.6616,-0.05,0.11024,0.425,0.8384
1454,1,1.0,0.11712,0.475,0.64392,-0.05,0.12792,0.45,0.85608
1455,5,1.0,0.09944,0.45,0.62624,1.0,0.1456,0.475,0.87376
1456,,0.95,0.03176,0.375,0.55856,0.95,0.11328,0.45,0.84144
1457,,0.9,-0.03592,0.3,0.49088,0.9,0.08096,0.425,0.80912
1458,2,0.9,1.0,0.275,0.4732,0.9,0.09864,0.45,0.8268
1459,,0.85,0.93232,0.2,0.40552,0.85,0.06632,0.425,0.79448
1460,,0.8,0.86464,0.125,0.33784,0.8,0.034,0.4,0.76216
1461,,0.75,0.79696,0.05,0.27016,0.75,0.00168,0.375,0.72984
1462,,0.7,0.72928,-0.025,0.20248,0.7,-0.03064,0.35,0.69752
1463,6,0.7,0.7116,-0.05,0.1848,0.7,1.0,0.375,0.7152
1464,3,0.7,0.69392,1.0,0.16712,0.7,1.0,0.4,0.73288
1465,,0.65,0.62624,0.925,0.09944,0.65,0.96768,0.375,0.70056
1466,,0.6,0.55856,0.85,0.03176,0.6,0.93536,0.35,0.66824
1467,,0.55,0.49088,0.775,-0.03592,0.55,0.90304,0.325,0.63592
1468,4,0.55,0.4732,0.75,1.0,0.55,0.92072,0.35,0.6536
1469,,0.5,0.40552,0.675,0.93232,0.5,0.8884,0.325,0.62128
1470,,0.45,0.33784,0.6,0.86464,0.45,0.85608,0.3,0.58896
1471,,0.4,0.27016,0.525,0.79696,0.4,0.82376,0.275,0.55664
1472,,0.35,0.20248,0.45,0.72928,0.35,0.79144,0.25,0.52432
1473,,0.3,0.1348,0.375,0.6616,0.3,0.75912,0.225,0.492
1474,,0.25,0.06712,0.3,0.59392,0.25,0.7268,0.2,0.45968
1475,,0.2,-0.00056,0.225,0.52624,0.2,0.69448,0.175,0.42736
1476,2,0.2,1.0,0.2,0.50856,0.2,0.71216,0.2,0.44504
1477,,0.15,0.93232,0.125,0.44088,0.15,0.67984,0.175,0.41272
1478,,0.1,0.86464,0.05,0.3732,0.1,0.64752,0.15,0.3804
1479,,0.05,0.79696,-0.025,0.30552,0.05,0.6152,0.125,0.34808
1480,3,0.05,0.77928,1.0,0.28784,0.05,0.63288,0.15,0.36576
1481,,0.0,0.7116,0.925,0.22016,0.0,0.60056,0.125,0.33344
1482,,-0.05,0.64392,0.85,0.15248,-0.05,0.56824,0.1,0.30112
1483,5,-0.05,0.62624,0.825,0.1348,1.0,0.58592,0.125,0.3188
1484,1,1.0,0.60856,0.8,0.11712,1.0,0.6036,0.15,0.33648
1485,,0.95,0.54088,0.725,0.04944,0.95,0.57128,0.125,0.30416
1486,,0.9,0.4732,0.65,-0.01824,0.9,0.53896,0.1,0.27184
1487,4,0.9,0.45552,0.625,1.0,0.9,0.55664,0.125,0.28952
1488,,0.85,0.38784,0.55,0.93232,0.85,0.52432,0.1,0.2572
1489,,0.8,0.32016,0.475,0.86464,0.8,0.492,0.075,0.22488
1490,,0.75,0.25248,0.4,0.79696,0.75,0.45968,0.05,0.19256
1491,,0.7,0.1848,0.325,0.72928,0.7,0.42736,0.025,0.16024
1492,,0.65,0.11712,0.25,0.6616,0.65,0.39504,0.0,0.12792
1493,,0.6,0.04944,0.175,0.59392,0.6,0.36272,-0.025,0.0956
1494,7,0.6,0.03176,0.15,0.57624,0.6,0.3804,1.0,0.11328
1495,,0.55,-0.03592,0.075,0.50856,0.55,0.34808,0.975,0.08096
1496,2,0.55,1.0,0.05,0.49088,0.55,0.36576,1.0,0.09864
1497,,0.5,0.93232,-0.025,0.4232,0.5,0.33344,0.975,0.06632
1498,3,0.5,0.91464,1.0,0.40552,0.5,0.35112,1.0,0.084
1499,,0.45,0.84696,0.925,0.33784,0.45,0.3188,0.975,0.05168
1500,,0.4,0.77928,0.85,0.27016,0.4,0.28648,0.95,0.01936
1501,,0.35,0.7116,0.775,0.20248,0.35,0.25416,0.925,-0.01296
1502,8,0.35,0.69392,0.75,0.1848,0.35,0.27184,0.95,1.0
1503,,0.3,0.62624,0.675,0.11712,0.3,0.23952,0.925,0.96768
1504,,0.25,0.55856,0.6,0.04944,0.25,0.2072,0.9,0.93536
1505,,0.2,0.49088,0.525,-0.01824,0.2,0.17488,0.875,0.90304
1506,4,0.2,0.4732,0.5,1.0,0.2,0.19256,0.9,0.92072
1507,,0.15,0.40552,0.425,0.93232,0.15,0.16024,0.875,0.8884
1508,,0.1,0.33784,0.35,0.86464,0.1,0.12792,0.85,0.85608
1509,,0.05,0.27016,0.275,0.79696,0.05,0.0956,0.825,0.82376
1510,,0.0,0.20248,0.2,0.72928,0.0,0.06328,0.8,0.79144
1511,,-0.05,0.1348,0.125,0.6616,-0.05,0.03096,0.775,0.75912
1512,5,-0.05,0.11712,0.1,0.64392,1.0,0.04864,0.8,0.7768
1513,1,1.0,0.09944,0.075,0.62624,1.0,0.06632,0.825,0.79448
1514,,0.95,0.03176,-0.0,0.55856,0.95,0.034,0.8,0.76216
1515,,0.9,-0.03592,-0.075,0.49088,0.9,0.00168,0.775,0.72984
1516,3,0.9,-0.0536,1.0,0.4732,0.9,0.01936,0.8,0.74752
1517,2,0.9,1.0,0.975,0.45552,0.9,0.03704,0.825,0.7652
1518,,0.85,0.93232,0.9,0.38784,0.85,0.00472,0.8,0.73288
1519,,0.8,0.86464,0.825,0.32016,0.8,-0.0276,0.775,0.70056
1520,6,0.8,0.84696,0.8,0.30248,0.8,1.0,0.8,0.71824
1521,,0.75,0.77928,0.725,0.2348,0.75,0.96768,0.775,0.68592
1522,,0.7,0.7116,0.65,0.16712,0.7,0.93536,0.75,0.6536
1523,,0.65,0.64392,0.575,0.09944,0.65,0.90304,0.725,0.62128
1524,,0.6,0.57624,0.5,0.03176,0.6,0.87072,0.7,0.58896
1525,,0.55,0.50856,0.425,-0.03592,0.55,0.8384,0.675,0.55664
1526,4,0.55,0.49088,0.4,1.0,0.55,0.85608,0.7,0.57432
1527,,0.5,0.4232,0.325,0.93232,0.5,0.82376,0.675,0.542
1528,,0.45,0.35552,0.25,0.86464,0.45,0.79144,0.65,0.50968
1529,,0.4,0.28784,0.175,0.79696,0.4,0.75912,0.625,0.47736
1530,,0.35,0.22016,0.1,0.72928,0.35,0.7268,0.6,0.44504
1531,,0.3,0.15248,0.025,0.6616,0.3,0.69448,0.575,0.41272
1532,,0.25,0.0848,-0.05,0.59392,0.25,0.66216,0.55,0.3804
1533,3,0.25,0.06712,1.0,0.57624,0.25,0.67984,0.575,0.39808
1534,,0.2,-0.00056,0.925,0.50856,0.2,0.64752,0.55,0.36576
1535,2,0.2,1.0,0.9,0.49088,0.2,0.6652,0.575,0.38344
1536,,0.15,0.93232,0.825,0.4232,0.15,0.63288,0.55,0.35112
1537,,0.1,0.86464,0.75,0.35552,0.1,0.60056,0.525,0.3188
1538,,0.05,0.79696,0.675,0.28784,0.05,0.56824,0.5,0.28648
1539,,0.0,0.72928,0.6,0.22016,0.0,0.53592,0.475,0.25416
1540,,-0.05,0.6616,0.525,0.15248,-0.05,0.5036,0.45,0.22184
1541,5,-0.05,0.64392,0.5,0.1348,1.0,0.52128,0.475,0.23952
1542,1,1.0,0.62624,0.475,0.11712,1.0,0.53896,0.5,0.2572
1543,,0.95,0.55856,0.4,0.04944,0.95,0.50664,0.475,0.22488
1544,,0.9,0.49088,0.325,-0.01824,0.9,0.47432,0.45,0.19256
1545,4,0.9,0.4732,0.3,1.0,0.9,0.492,0.475,0.21024
1546,,0.85,0.40552,0.225,0.93232,0.85,0.45968,0.45,0.17792
1547,,0.8,0.33784,0.15,0.86464,0.8,0.42736,0.425,0.1456
1548,,0.75,0.27016,0.075,0.79696,0.75,0.39504,0.4,0.11328
1549,,0.7,0.20248,-0.0,0.72928,0.7,0.36272,0.375,0.08096
1550,,0.65,0.1348,-0.075,0.6616,0.65,0.3304,0.35,0.04864
1551,3,0.65,0.11712,1.0,0.64392,0.65,0.34808,0.375,0.06632
1552,,0.6,0.04944,0.925,0.57624,0.6,0.31576,0.35,0.034
1553,,0.55,-0.01824,0.85,0.50856,0.55,0.28344,0.325,0.00168
1554,2,0.55,1.0,0.825,0.49088,0.55,0.30112,0.35,0.01936
1555,,0.5,0.93232,0.75,0.4232,0.5,0.2688,0.325,-0.01296
1556,8,0.5,0.91464,0.725,0.40552,0.5,0.28648,0.35,1.0
1557,,0.45,0.84696,0.65,0.33784,0.45,0.25416,0.325,0.96768
1558,,0.4,0.77928,0.575,0.27016,0.4,0.22184,0.3,0.93536
1559,,0.35,0.7116,0.5,0.20248,0.35,0.18952,0.275,0.90304
1560,,0.3,0.64392,0.425,0.1348,0.3,0.1572,0.25,0.87072
1561,,0.25,0.57624,0.35,0.06712,0.25,0.12488,0.225,0.8384
1562,,0.2,0.50856,0.275,-0.00056,0.2,0.09256,0.2,0.80608
1563,4,0.2,0.49088,0.25,1.0,0.2,0.11024,0.225,0.82376
1564,,0.15,0.4232,0.175,0.93232,0.15,0.07792,0.2,0.79144
1565,,0.1,0.35552,0.1,0.86464,0.1,0.0456,0.175,0.75912
1566,,0.05,0.28784,0.025,0.79696,0.05,0.01328,0.15,0.7268
1567,,0.0,0.22016,-0.05,0.72928,0.0,-0.01904,0.125,0.69448
1568,3,0.0,0.20248,1.0,0.7116,0.0,-0.00136,0.15,0.71216
1569,6,0.0,0.1848,0.975,0.69392,0.0,1.0,0.175,0.72984
1570,,-0.05,0.11712,0.9,0.62624,-0.05,0.96768,0.15,0.69752
1571,5,-0.05,0.09944,0.875,0.60856,1.0,0.98536,0.175,0.7152
1572,1,1.0,0.08176,0.85,0.59088,1.0,1.0,0.2,0.73288
1573,,0.95,0.01408,0.775,0.5232,0.95,0.96768,0.175,0.70056
1574,,0.9,-0.0536,0.7,0.45552,0.9,0.93536,0.15,0.66824
1575,2,0.9,1.0,0.675,0.43784,0.9,0.95304,0.175,0.68592
1576,,0.85,0.93232,0.6,0.37016,0.85,0.92072,0.15,0.6536
1577,,0.8,0.86464,0.525,0.30248,0.8,0.8884,0.125,0.62128
1578,,0.75,0.79696,0.45,0.2348,0.75,0.85608,0.1,0.58896
1579,,0.7,0.72928,0.375,0.16712,0.7,0.82376,0.075,0.55664
1580,,0.65,0.6616,0.3,0.09944,0.65,0.79144,0.05,0.52432
1581,,0.6,0.59392,0.225,0.03176,0.6,0.75912,0.025,0.492
1582,,0.55,0.52624,0.15,-0.03592,0.55,0.7268,0.0,0.45968
1583,4,0.55,0.50856,0.125,1.0,0.55,0.74448,0.025,0.47736
1584,,0.5,0.44088,0.05,0.93232,0.5,0.71216,0.0,0.44504
1585,,0.45,0.3732,-0.025,0.86464,0.45,0.67984,-0.025,0.41272
1586,3,0.45,0.35552,1.0,0.84696,0.45,0.69752,0.0,0.4304
1587,,0.4,0.28784,0.925,0.77928,0.4,0.6652,-0.025,0.39808
1588,7,0.4,0.27016,0.9,0.7616,0.4,0.68288,1.0,0.41576
1589,,0.35,0.20248,0.825,0.69392,0.35,0.65056,0.975,0.38344
1590,,0.3,0.1348,0.75,0.62624,0.3,0.61824,0.95,0.35112
1591,,0.25,0.06712,0.675,0.55856,0.25,0.58592,0.925,0.3188
1592,,0.2,-0.00056,0.6,0.49088,0.2,0.5536,0.9,0.28648
1593,2,0.2,1.0,0.575,0.4732,0.2,0.57128,0.925,0.30416
1594,,0.15,0.93232,0.5,0.40552,0.15,0.53896,0.9,0.27184
1595,,0.1,0.86464,0.425,0.33784,0.1,0.50664,0.875,0.23952
1596,,0.05,0.79696,0.35,0.27016,0.05,0.47432,0.85,0.2072
1597,,0.0,0.72928,0.275,0.20248,0.0,0.442,0.825,0.17488
1598,,-0.05,0.6616,0.2,0.1348,-0.05,0.40968,0.8,0.14256
1599,5,-0.05,0.64392,0.175,0.11712,1.0,0.42736,0.825,0.16024
1600,1,1.0,0.62624,0.15,0.09944,1.0,0.44504,0.85,0.17792
1601,,0.95,0.55856,0.075,0.03176,0.95,0.41272,0.825,0.1456
1602,,0.9,0.49088,-0.0,-0.03592,0.9,0.3804,0.8,0.11328
1603,4,0.9,0.4732,-0.025,1.0,0.9,0.39808,0.825,0.13096
1604,3,0.9,0.45552,1.0,0.98232,0.9,0.41576,0.85,0.14864
1605,,0.85,0.38784,0.925,0.91464,0.85,0.38344,0.825,0.11632
1606,,0.8,0.32016,0.85,0.84696,0.8,0.35112,0.8,0.084
1607,,0.75,0.25248,0.775,0.77928,0.75,0.3188,0.775,0.05168
1608,,0.7,0.1848,0.7,0.7116,0.7,0.28648,0.75,0.01936
1609,,0.65,0.11712,0.625,0.64392,0.65,0.25416,0.725,-0.01296
1610,8,0.65,0.09944,0.6,0.62624,0.65,0.27184,0.75,1.0
1611,,0.6,0.03176,0.525,0.55856,0.6,0.23952,0.725,0.96768
1612,,0.55,-0.03592,0.45,0.49088,0.55,0.2072,0.7,0.93536
1613,2,0.55,1.0,0.425,0.4732,0.55,0.22488,0.725,0.95304
1614,,0.5,0.93232,0.35,0.40552,0.5,0.19256,0.7,0.92072
1615,,0.45,0.86464,0.275,0.33784,0.45,0.16024,0.675,0.8884
1616,,0.4,0.79696,0.2,0.27016,0.4,0.12792,0.65,0.85608
1617,,0.35,0.72928,0.125,0.20248,0.35,0.0956,0.625,0.82376
1618,,0.3,0.6616,0.05,0.1348,0.3,0.06328,0.6,0.79144
1619,,0.25,0.59392,-0.025,0.06712,0.25,0.03096,0.575,0.75912
1620,3,0.25,0.57624,1.0,0.04944,0.25,0.04864,0.6,0.7768
1621,,0.2,0.50856,0.925,-0.01824,0.2,0.01632,0.575,0.74448
1622,4,0.2,0.49088,0.9,1.0,0.2,0.034,0.6,0.76216
1623,,0.15,0.4232,0.825,0.93232,0.15,0.00168,0.575,0.72984
1624,,0.1,0.35552,0.75,0.86464,0.1,-0.03064,0.55,0.69752
1625,6,0.1,0.33784,0.725,0.84696,0.1,1.0,0.575,0.7152
1626,,0.05,0.27016,0.65,0.77928,0.05,0.96768,0.55,0.68288
1627,,0.0,0.20248,0.575,0.7116,0.0,0.93536,0.525,0.65056
1628,,-0.05,0.1348,0.5,0.64392,-0.05,0.90304,0.5,0.61824
1629,1,1.0,0.11712,0.475,0.62624,-0.05,0.92072,0.525,0.63592
1630,5,1.0,0.09944,0.45,0.60856,1.0,0.9384,0.55,0.6536
1631,,0.95,0.03176,0.375,0.54088,0.95,0.90608,0.525,0.62128
1632,,0.9,-0.03592,0.3,0.4732,0.9,0.87376,0.5,0.58896
1633,2,0.9,1.0,0.275,0.45552,0.9,0.89144,0.525,0.60664
1634,,0.85,0.93232,0.2,0.38784,0.85,0.85912,0.5,0.57432
1635,,0.8,0.86464,0.125,0.32016,0.8,0.8268,0.475,0.542
1636,,0.75,0.79696,0.05,0.25248,0.75,0.79448,0.45,0.50968
1637,,0.7,0.72928,-0.025,0.1848,0.7,0.76216,0.425,0.47736
1638,3,0.7,0.7116,1.0,0.16712,0.7,0.77984,0.45,0.49504
1639,,0.65,0.64392,0.925,0.09944,0.65,0.74752,0.425,0.46272
1640,,0.6,0.57624,0.85,0.03176,0.6,0.7152,0.4,0.4304
1641,,0.55,0.50856,0.775,-0.03592,0.55,0.68288,0.375,0.39808
1642,4,0.55,0.49088,0.75,1.0,0.55,0.70056,0.4,0.41576
1643,,0.5,0.4232,0.675,0.93232,0.5,0.66824,0.375,0.38344
1644,,0.45,0.35552,0.6,0.86464,0.45,0.63592,0.35,0.35112
1645,,0.4,0.28784,0.525,0.79696,0.4,0.6036,0.325,0.3188
1646,,0.35,0.22016,0.45,0.72928,0.35,0.57128,0.3,0.28648
1647,,0.3,0.15248,0.375,0.6616,0.3,0.53896,0.275,0.25416
1648,,0.25,0.0848,0.3,0.59392,0.25,0.50664,0.25,0.22184
1649,,0.2,0.01712,0.225,0.52624,0.2,0.47432,0.225,0.18952
1650,,0.15,-0.05056,0.15,0.45856,0.15,0.442,0.2,0.1572
1651,2,0.15,1.0,0.125,0.44088,0.15,0.45968,0.225,0.17488
1652,,0.1,0.93232,0.05,0.3732,0.1,0.42736,0.2,0.14256
1653,,0.05,0.86464,-0.025,0.30552,0.05,0.39504,0.175,0.11024
1654,3,0.05,0.84696,1.0,0.28784,0.05,0.41272,0.2,0.12792
1655,,0.0,0.77928,0.925,0.22016,0.0,0.3804,0.175,0.0956
1656,,-0.05,0.7116,0.85,0.15248,-0.05,0.34808,0.15,0.06328
1657,5,-0.05,0.69392,0.825,0.1348,1.0,0.36576,0.175,0.08096
1658,1,1.0,0.67624,0.8,0.11712,1.0,0.38344,0.2,0.09864
1659,,0.95,0.60856,0.725,0.04944,0.95,0.35112,0.175,0.06632
1660,,0.9,0.54088,0.65,-0.01824,0.9,0.3188,0.15,0.034
1661,4,0.9,0.5232,0.625,1.0,0.9,0.33648,0.175,0.05168
1662,,0.85,0.45552,0.55,0.93232,0.85,0.30416,0.15,0.01936
1663,,0.8,0.38784,0.475,0.86464,0.8,0.27184,0.125,-0.01296
1664,8,0.8,0.37016,0.45,0.84696,0.8,0.28952,0.15,1.0
1665,,0.75,0.30248,0.375,0.77928,0.75,0.2572,0.125,0.96768
1666,,0.7,0.2348,0.3,0.7116,0.7,0.22488,0.1,0.93536
1667,,0.65,0.16712,0.225,0.64392,0.65,0.19256,0.075,0.90304
1668,,0.6,0.09944,0.15,0.57624,0.6,0.16024,0.05,0.87072
1669,,0.55,0.03176,0.075,0.50856,0.55,0.12792,0.025,0.8384
1670,,0.5,-0.03592,-0.0,0.44088,0.5,0.0956,0.0,0.80608
1671,2,0.5,1.0,-0.025,0.4232,0.5,0.11328,0.025,0.82376
1672,3,0.5,0.98232,1.0,0.40552,0.5,0.13096,0.05,0.84144
1673,,0.45,0.91464,0.925,0.33784,0.45,0.09864,0.025,0.80912
1674,,0.4,0.84696,0.85,0.27016,0.4,0.06632,0.0,0.7768
1675,,0.35,0.77928,0.775,0.20248,0.35,0.034,-0.025,0.74448
1676,7,0.35,0.7616,0.75,0.1848,0.35,0.05168,1.0,0.76216
1677,,0.3,0.69392,0.675,0.11712,0.3,0.01936,0.975,0.72984
1678,,0.25,0.62624,0.6,0.04944,0.25,-0.01296,0.95,0.69752
1679,6,0.25,0.60856,0.575,0.03176,0.25,1.0,0.975,0.7152
1680,,0.2,0.54088,0.5,-0.03592,0.2,0.96768,0.95,0.68288
1681,4,0.2,0.5232,0.475,1.0,0.2,0.98536,0.975,0.70056
1682,,0.15,0.45552,0.4,0.93232,0.15,0.95304,0.95,0.66824
1683,,0.1,0.38784,0.325,0.86464,0.1,0.92072,0.925,0.63592
1684,,0.05,0.32016,0.25,0.79696,0.05,0.8884,0.9,0.6036
1685,,0.0,0.25248,0.175,0.72928,0.0,0.85608,0.875,0.57128
1686,,-0.05,0.1848,0.1,0.6616,-0.05,0.82376,0.85,0.53896
1687,5,-0.05,0.16712,0.075,0.64392,1.0,0.84144,0.875,0.55664
1688,1,1.0,0.14944,0.05,0.62624,1.0,0.85912,0.9,0.57432
1689,,0.95,0.08176,-0.025,0.55856,0.95,0.8268,0.875,0.542
1690,3,0.95,0.06408,1.0,0.54088,0.95,0.84448,0.9,0.55968
1691,,0.9,-0.0036,0.925,0.4732,0.9,0.81216,0.875,0.52736
1692,2,0.9,1.0,0.9,0.45552,0.9,0.82984,0.9,0.54504
1693,,0.85,0.93232,0.825,0.38784,0.85,0.79752,0.875,0.51272
1694,,0.8,0.86464,0.75,0.32016,0.8,0.7652,0.85,0.4804
1695,,0.75,0.79696,0.675,0.25248,0.75,0.73288,0.825,0.44808
1696,,0.7,0.72928,0.6,0.1848,0.7,0.70056,0.8,0.41576
1697,,0.65,0.6616,0.525,0.11712,0.65,0.66824,0.775,0.38344
1698,,0.6,0.59392,0.45,0.04944,0.6,0.63592,0.75,0.35112
1699,,0.55,0.52624,0.375,-0.01824,0.55,0.6036,0.725,0.3188
1700,4,0.55,0.50856,0.35,1.0,0.55,0.62128,0.75,0.33648
1701,,0.5,0.44088,0.275,0.93232,0.5,0.58896,0.725,0.30416
1702,,0.45,0.3732,0.2,0.86464,0.45,0.55664,0.7,0.27184
1703,,0.4,0.30552,0.125,0.79696,0.4,0.52432,0.675,0.23952
1704,,0.35,0.23784,0.05,0.72928,0.35,0.492,0.65,0.2072
1705,,0.3,0.17016,-0.025,0.6616,0.3,0.45968,0.625,0.17488
1706,3,0.3,0.15248,1.0,0.64392,0.3,0.47736,0.65,0.19256
1707,,0.25,0.0848,0.925,0.57624,0.25,0.44504,0.625,0.16024
1708,,0.2,0.01712,0.85,0.50856,0.2,0.41272,0.6,0.12792
1709,,0.15,-0.05056,0.775,0.44088,0.15,0.3804,0.575,0.0956
1710,2,0.15,1.0,0.75,0.4232,0.15,0.39808,0.6,0.11328
1711,,0.1,0.93232,0.675,0.35552,0.1,0.36576,0.575,0.08096
1712,,0.05,0.86464,0.6,0.28784,0.05,0.33344,0.55,0.04864
1713,,0.0,0.79696,0.525,0.22016,0.0,0.30112,0.525,0.01632
1714,,-0.05,0.72928,0.45,0.15248,-0.05,0.2688,0.5,-0.016
1715,5,-0.05,0.7116,0.425,0.1348,1.0,0.28648,0.525,0.00168
1716,1,1.0,0.69392,0.4,0.11712,1.0,0.30416,0.55,0.01936
1717,,0.95,0.62624,0.325,0.04944,0.95,0.27184,0.525,-0.01296
1718,8,0.95,0.60856,0.3,0.03176,0.95,0.28952,0.55,1.0
1719,,0.9,0.54088,0.225,-0.03592,0.9,0.2572,0.525,0.96768
1720,4,0.9,0.5232,0.2,1.0,0.9,0.27488,0.55,0.98536
1721,,0.85,0.45552,0.125,0.93232,0.85,0.24256,0.525,0.95304
1722,,0.8,0.38784,0.05,0.86464,0.8,0.21024,0.5,0.92072
1723,,0.75,0.32016,-0.025,0.79696,0.75,0.17792,0.475,0.8884
1724,3,0.75,0.30248,1.0,0.77928,0.75,0.1956,0.5,0.90608
1725,,0.7,0.2348,0.925,0.7116,0.7,0.16328,0.475,0.87376
1726,,0.65,0.16712,0.85,0.64392,0.65,0.13096,0.45,0.84144
1727,,0.6,0.09944,0.775,0.57624,0.6,0.09864,0.425,0.80912
1728,,0.55,0.03176,0.7,0.50856,0.55,0.06632,0.4,0.7768
1729,,0.5,-0.03592,0.625,0.44088,0.5,0.034,0.375,0.74448
1730,2,0.5,1.0,0.6,0.4232,0.5,0.05168,0.4,0.76216
1731,,0.45,0.93232,0.525,0.35552,0.45,0.01936,0.375,0.72984
1732,,0.4,0.86464,0.45,0.28784,0.4,-0.01296,0.35,0.69752
1733,6,0.4,0.84696,0.425,0.27016,0.4,1.0,0.375,0.7152
1734,,0.35,0.77928,0.35,0.20248,0.35,0.96768,0.35,0.68288
1735,,0.3,0.7116,0.275,0.1348,0.3,0.93536,0.325,0.65056
1736,,0.25,0.64392,0.2,0.06712,0.25,0.90304,0.3,0.61824
1737,,0.2,0.57624,0.125,-0.00056,0.2,0.87072,0.275,0.58592
1738,4,0.2,0.55856,0.1,1.0,0.2,0.8884,0.3,0.6036
1739,,0.15,0.49088,0.025,0.93232,0.15,0.85608,0.275,0.57128
1740,,0.1,0.4232,-0.05,0.86464,0.1,0.82376,0.25,0.53896
1741,3,0.1,0.40552,1.0,0.84696,0.1,0.84144,0.275,0.55664
1742,,0.05,0.33784,0.925,0.77928,0.05,0.80912,0.25,0.52432
1743,,0.0,0.27016,0.85,0.7116,0.0,0.7768,0.225,0.492
1744,,-0.05,0.20248,0.775,0.64392,-0.05,0.74448,0.2,0.45968
1745,1,1.0,0.1848,0.75,0.62624,-0.05,0.76216,0.225,0.47736
1746,5,1.0,0.16712,0.725,0.60856,1.0,0.77984,0.25,0.49504
1747,,0.95,0.09944,0.65,0.54088,0.95,0.74752,0.225,0.46272
1748,,0.9,0.03176,0.575,0.4732,0.9,0.7152,0.2,0.4304
1749,,0.85,-0.03592,0.5,0.40552,0.85,0.68288,0.175,0.39808
1750,2,0.85,1.0,0.475,0.38784,0.85,0.70056,0.2,0.41576
1751,,0.8,0.93232,0.4,0.32016,0.8,0.66824,0.175,0.38344
1752,,0.75,0.86464,0.325,0.25248,0.75,0.63592,0.15,0.35112
1753,,0.7,0.79696,0.25,0.1848,0.7,0.6036,0.125,0.3188
1754,,0.65,0.72928,0.175,0.11712,0.65,0.57128,0.1,0.28648
1755,,0.6,0.6616,0.1,0.04944,0.6,0.53896,0.075,0.25416
1756,,0.55,0.59392,0.025,-0.01824,0.55,0.50664,0.05,0.22184
1757,4,0.55,0.57624,0.0,1.0,0.55,0.52432,0.075,0.23952
1758,,0.5,0.50856,-0.075,0.93232,0.5,0.492,0.05,0.2072
1759,3,0.5,0.49088,1.0,0.91464,0.5,0.50968,0.075,0.22488
1760,,0.45,0.4232,0.925,0.84696,0.45,0.47736,0.05,0.19256
1761,,0.4,0.35552,0.85,0.77928,0.4,0.44504,0.025,0.16024
1762,,0.35,0.28784,0.775,0.7116,0.35,0.41272,0.0,0.12792
1763,,0.3,0.22016,0.7,0.64392,0.3,0.3804,-0.025,0.0956
1764,7,0.3,0.20248,0.675,0.62624,0.3,0.39808,1.0,0.11328
1765,,0.25,0.1348,0.6,0.55856,0.25,0.36576,0.975,0.08096
1766,,0.2,0.06712,0.525,0.49088,0.2,0.33344,0.95,0.04864
1767,,0.15,-0.00056,0.45,0.4232,0.15,0.30112,0.925,0.01632
1768,2,0.15,1.0,0.425,0.40552,0.15,0.3188,0.95,0.034
1769,,0.1,0.93232,0.35,0.33784,0.1,0.28648,0.925,0.00168
1770,,0.05,0.86464,0.275,0.27016,0.05,0.25416,0.9,-0.03064
1771,8,0.05,0.84696,0.25,0.25248,0.05,0.27184,0.925,1.0
1772,,0.0,0.77928,0.175,0.1848,0.0,0.23952,0.9,0.96768
1773,,-0.05,0.7116,0.1,0.11712,-0.05,0.2072,0.875,0.93536
1774,5,-0.05,0.69392,0.075,0.09944,1.0,0.22488,0.9,0.95304
1775,1,1.0,0.67624,0.05,0.08176,1.0,0.24256,0.925,0.97072
1776,,0.95,0.60856,-0.025,0.01408,0.95,0.21024,0.9,0.9384
1777,3,0.95,0.59088,1.0,-0.0036,0.95,0.22792,0.925,0.95608
1778,4,0.95,0.5732,0.975,1.0,0.95,0.2456,0.95,0.97376
1779,,0.9,0.50552,0.9,0.93232,0.9,0.21328,0.925,0.94144
1780,,0.85,0.43784,0.825,0.86464,0.85,0.18096,0.9,0.90912
1781,,0.8,0.37016,0.75,0.79696,0.8,0.14864,0.875,0.8768
1782,,0.75,0.30248,0.675,0.72928,0.75,0.11632,0.85,0.84448
1783,,0.7,0.2348,0.6,0.6616,0.7,0.084,0.825,0.81216
1784,,0.65,0.16712,0.525,0.59392,0.65,0.05168,0.8,0.77984
1785,,0.6,0.09944,0.45,0.52624,0.6,0.01936,0.775,0.74752
1786,,0.55,0.03176,0.375,0.45856,0.55,-0.01296,0.75,0.7152
1787,6,0.55,0.01408,0.35,0.44088,0.55,1.0,0.775,0.73288
1788,,0.5,-0.0536,0.275,0.3732,0.5,0.96768,0.75,0.70056
1789,2,0.5,1.0,0.25,0.35552,0.5,0.98536,0.775,0.71824
1790,,0.45,0.93232,0.175,0.28784,0.45,0.95304,0.75,0.68592
1791,,0.4,0.86464,0.1,0.22016,0.4,0.92072,0.725,0.6536
1792,,0.35,0.79696,0.025,0.15248,0.35,0.8884,0.7,0.62128
1793,,0.3,0.72928,-0.05,0.0848,0.3,0.85608,0.675,0.58896
1794,3,0.3,0.7116,1.0,0.06712,0.3,0.87376,0.7,0.60664
1795,,0.25,0.64392,0.925,-0.00056,0.25,0.84144,0.675,0.57432
1796,4,0.25,0.62624,0.9,1.0,0.25,0.85912,0.7,0.592
1797,,0.2,0.55856,0.825,0.93232,0.2,0.8268,0.675,0.55968
1798,,0.15,0.49088,0.75,0.86464,0.15,0.79448,0.65,0.52736
1799,,0.1,0.4232,0.675,0.79696,0.1,0.76216,0.625,0.49504
1800,,0.05,0.35552,0.6,0.72928,0.05,0.72984,0.6,0.46272
1801,,0.0,0.28784,0.525,0.6616,0.0,0.69752,0.575,0.4304
1802,,-0.05,0.22016,0.45,0.59392,-0.05,0.6652,0.55,0.39808
1803,1,1.0,0.20248,0.425,0.57624,-0.05,0.68288,0.575,0.41576
1804,5,1.0,0.1848,0.4,0.55856,1.0,0.70056,0.6,0.43344
1805,,0.95,0.11712,0.325,0.49088,0.95,0.66824,0.575,0.40112
1806,,0.9,0.04944,0.25,0.4232,0.9,0.63592,0.55,0.3688
1807,,0.85,-0.01824,0.175,0.35552,0.85,0.6036,0.525,0.33648
1808,2,0.85,1.0,0.15,0.33784,0.85,0.62128,0.55,0.35416
1809,,0.8,0.93232,0.075,0.27016,0.8,0.58896,0.525,0.32184
1810,,0.75,0.86464,-0.0,0.20248,0.75,0.55664,0.5,0.28952
1811,,0.7,0.79696,-0.075,0.1348,0.7,0.52432,0.475,0.2572
1812,3,0.7,0.77928,1.0,0.11712,0.7,0.542,0.5,0.27488
1813,,0.65,0.7116,0.925,0.04944,0.65,0.50968,0.475,0.24256
1814,,0.6,0.64392,0.85,-0.01824,0.6,0.47736,0.45,0.21024
1815,4,0.6,0.62624,0.825,1.0,0.6,0.49504,0.475,0.22792
1816,,0.55,0.55856,0.75,0.93232,0.55,0.46272,0.45,0.1956
1817,,0.5,0.49088,0.675,0.86464,0.5,0.4304,0.425,0.16328
1818,,0.45,0.4232,0.6,0.79696,0.45,0.39808,0.4,0.13096
1819,,0.4,0.35552,0.525,0.72928,0.4,0.36576,0.375,0.09864
1820,,0.35,0.28784,0.45,0.6616,0.35,0.33344,0.35,0.06632
1821,,0.3,0.22016,0.375,0.59392,0.3,0.30112,0.325,0.034
1822,,0.25,0.15248,0.3,0.52624,0.25,0.2688,0.3,0.00168
1823,,0.2,0.0848,0.225,0.45856,0.2,0.23648,0.275,-0.03064
1824,8,0.2,0.06712,0.2,0.44088,0.2,0.25416,0.3,1.0
1825,,0.15,-0.00056,0.125,0.3732,0.15,0.22184,0.275,0.96768
1826,2,0.15,1.0,0.1,0.35552,0.15,0.23952,0.3,0.98536
1827,,0.1,0.93232,0.025,0.28784,0.1,0.2072,0.275,0.95304
1828,,0.05,0.86464,-0.05,0.22016,0.05,0.17488,0.25,0.92072
1829,3,0.05,0.84696,1.0,0.20248,0.05,0.19256,0.275,0.9384
1830,,0.0,0.77928,0.925,0.1348,0.0,0.16024,0.25,0.90608
1831,,-0.05,0.7116,0.85,0.06712,-0.05,0.12792,0.225,0.87376
1832,5,-0.05,0.69392,0.825,0.04944,1.0,0.1456,0.25,0.89144
1833,1,1.0,0.67624,0.8,0.03176,1.0,0.16328,0.275,0.90912
1834,,0.95,0.60856,0.725,-0.03592,0.95,0.13096,0.25,0.8768
1835,4,0.95,0.59088,0.7,1.0,0.95,0.14864,0.275,0.89448
1836,,0.9,0.5232,0.625,0.93232,0.9,0.11632,0.25,0.86216
1837,,0.85,0.45552,0.55,0.86464,0.85,0.084,0.225,0.82984
1838,,0.8,0.38784,0.475,0.79696,0.8,0.05168,0.2,0.79752
1839,,0.75,0.32016,0.4,0.72928,0.75,0.01936,0.175,0.7652
1840,,0.7,0.25248,0.325,0.6616,0.7,-0.01296,0.15,0.73288
1841,6,0.7,0.2348,0.3,0.64392,0.7,1.0,0.175,0.75056
1842,,0.65,0.16712,0.225,0.57624,0.65,0.96768,0.15,0.71824
1843,,0.6,0.09944,0.15,0.50856,0.6,0.93536,0.125,0.68592
1844,,0.55,0.03176,0.075,0.44088,0.55,0.90304,0.1,0.6536
1845,,0.5,-0.03592,-0.0,0.3732,0.5,0.87072,0.075,0.62128
1846,2,0.5,1.0,-0.025,0.35552,0.5,0.8884,0.1,0.63896
1847,3,0.5,0.98232,1.0,0.33784,0.5,0.90608,0.125,0.65664
1848,,0.45,0.91464,0.925,0.27016,0.45,0.87376,0.1,0.62432
1849,,0.4,0.84696,0.85,0.20248,0.4,0.84144,0.075,0.592
1850,,0.35,0.77928,0.775,0.1348,0.35,0.80912,0.05,0.55968
1851,,0.3,0.7116,0.7,0.06712,0.3,0.7768,0.025,0.52736
1852,,0.25,0.64392,0.625,-0.00056,0.25,0.74448,0.0,0.49504
1853,4,0.25,0.62624,0.6,1.0,0.25,0.76216,0.025,0.51272
1854,,0.2,0.55856,0.525,0.93232,0.2,0.72984,0.0,0.4804
1855,,0.15,0.49088,0.45,0.86464,0.15,0.69752,-0.025,0.44808
1856,7,0.15,0.4732,0.425,0.84696,0.15,0.7152,1.0,0.46576
1857,,0.1,0.40552,0.35,0.77928,0.1,0.68288,0.975,0.43344
1858,,0.05,0.33784,0.275,0.7116,0.05,0.65056,0.95,0.40112
1859,,0.0,0.27016,0.2,0.64392,0.0,0.61824,0.925,0.3688
1860,,-0.05,0.20248,0.125,0.57624,-0.05,0.58592,0.9,0.33648
1861,1,1.0,0.1848,0.1,0.55856,-0.05,0.6036,0.925,0.35416
1862,5,1.0,0.16712,0.075,0.54088,1.0,0.62128,0.95,0.37184
1863,,0.95,0.09944,-0.0,0.4732,0.95,0.58896,0.925,0.33952
1864,,0.9,0.03176,-0.075,0.40552,0.9,0.55664,0.9,0.3072
1865,3,0.9,0.01408,1.0,0.38784,0.9,0.57432,0.925,0.32488
1866,,0.85,-0.0536,0.925,0.32016,0.85,0.542,0.9,0.29256
1867,2,0.85,1.0,0.9,0.30248,0.85,0.55968,0.925,0.31024
1868,,0.8,0.93232,0.825,0.2348,0.8,0.52736,0.9,0.27792
1869,,0.75,0.86464,0.75,0.16712,0.75,0.49504,0.875,0.2456
1870,,0.7,0.79696,0.675,0.09944,0.7,0.46272,0.85,0.21328
1871,,0.65,0.72928,0.6,0.03176,0.65,0.4304,0.825,0.18096
1872,,0.6,0.6616,0.525,-0.03592,0.6,0.39808,0.8,0.14864
1873,4,0.6,0.64392,0.5,1.0,0.6,0.41576,0.825,0.16632
1874,,0.55,0.57624,0.425,0.93232,0.55,0.38344,0.8,0.134
1875,,0.5,0.50856,0.35,0.86464,0.5,0.35112,0.775,0.10168
1876,,0.45,0.44088,0.275,0.79696,0.45,0.3188,0.75,0.06936
1877,,0.4,0.3732,0.2,0.72928,0.4,0.28648,0.725,0.03704
1878,,0.35,0.30552,0.125,0.6616,0.35,0.25416,0.7,0.00472
1879,,0.3,0.23784,0.05,0.59392,0.3,0.22184,0.675,-0.0276
1880,8,0.3,0.22016,0.025,0.57624,0.3,0.23952,0.7,1.0
1881,,0.25,0.15248,-0.05,0.50856,0.25,0.2072,0.675,0.96768
1882,3,0.25,0.1348,1.0,0.49088,0.25,0.22488,0.7,0.98536
1883,,0.2,0.06712,0.925,0.4232,0.2,0.19256,0.675,0.95304
1884,,0.15,-0.00056,0.85,0.35552,0.15,0.16024,0.65,0.92072
1885,2,0.15,1.0,0.825,0.33784,0.15,0.17792,0.675,0.9384
1886,,0.1,0.93232,0.75,0.27016,0.1,0.1456,0.65,0.90608
1887,,0.05,0.86464,0.675,0.20248,0.05,0.11328,0.625,0.87376
1888,,0.0,0.79696,0.6,0.1348,0.0,0.08096,0.6,0.84144
1889,,-0.05,0.72928,0.525,0.06712,-0.05,0.04864,0.575,0.80912
1890,5,-0.05,0.7116,0.5,0.04944,1.0,0.06632,0.6,0.8268
1891,1,1.0,0.69392,0.475,0.03176,1.0,0.084,0.625,0.84448
1892,,0.95,0.62624,0.4,-0.03592,0.95,0.05168,0.6,0.81216
1893,4,0.95,0.60856,0.375,1.0,0.95,0.06936,0.625,0.82984
1894,,0.9,0.54088,0.3,0.93232,0.9,0.03704,0.6,0.79752
1895,,0.85,0.4732,0.225,0.86464,0.85,0.00472,0.575,0.7652
1896,,0.8,0.40552,0.15,0.79696,0.8,-0.0276,0.55,0.73288
1897,6,0.8,0.38784,0.125,0.77928,0.8,1.0,0.575,0.75056
1898,,0.75,0.32016,0.05,0.7116,0.75,0.96768,0.55,0.71824
1899,,0.7,0.25248,-0.025,0.64392,0.7,0.93536,0.525,0.68592
1900,3,0.7,0.2348,1.0,0.62624,0.7,0.95304,0.55,0.7036
1901,,0.65,0.16712,0.925,0.55856,0.65,0.92072,0.525,0.67128
1902,,0.6,0.09944,0.85,0.49088,0.6,0.8884,0.5,0.63896
1903,,0.55,0.03176,0.775,0.4232,0.55,0.85608,0.475,0.60664
1904,,0.5,-0.03592,0.7,0.35552,0.5,0.82376,0.45,0.57432
1905,2,0.5,1.0,0.675,0.33784,0.5,0.84144,0.475,0.592
1906,,0.45,0.93232,0.6,0.27016,0.45,0.80912,0.45,0.55968
1907,,0.4,0.86464,0.525,0.20248,0.4,0.7768,0.425,0.52736
1908,,0.35,0.79696,0.45,0.1348,0.35,0.74448,0.4,0.49504
1909,,0.3,0.72928,0.375,0.06712,0.3,0.71216,0.375,0.46272
1910,,0.25,0.6616,0.3,-0.00056,0.25,0.67984,0.35,0.4304
1911,4,0.25,0.64392,0.275,1.0,0.25,0.69752,0.375,0.44808
1912,,0.2,0.57624,0.2,0.93232,0.2,0.6652,0.35,0.41576
1913,,0.15,0.50856,0.125,0.86464,0.15,0.63288,0.325,0.38344
1914,,0.1,0.44088,0.05,0.79696,0.1,0.60056,0.3,0.35112
1915,,0.05,0.3732,-0.025,0.72928,0.05,0.56824,0.275,0.3188
1916,3,0.05,0.35552,1.0,0.7116,0.05,0.58592,0.3,0.33648
1917,,0.0,0.28784,0.925,0.64392,0.0,0.5536,0.275,0.30416
1918,,-0.05,0.22016,0.85,0.57624,-0.05,0.52128,0.25,0.27184
1919,1,1.0,0.20248,0.825,0.55856,-0.05,0.53896,0.275,0.28952
1920,5,1.0,0.1848,0.8,0.54088,1.0,0.55664,0.3,0.3072
1921,,0.95,0.11712,0.725,0.4732,0.95,0.52432,0.275,0.27488
1922,,0.9,0.04944,0.65,0.40552,0.9,0.492,0.25,0.24256
1923,,0.85,-0.01824,0.575,0.33784,0.85,0.45968,0.225,0.21024
1924,2,0.85,1.0,0.55,0.32016,0.85,0.47736,0.25,0.22792
1925,,0.8,0.93232,0.475,0.25248,0.8,0.44504,0.225,0.1956
1926,,0.75,0.86464,0.4,0.1848,0.75,0.41272,0.2,0.16328
1927,,0.7,0.79696,0.325,0.11712,0.7,0.3804,0.175,0.13096
1928,,0.65,0.72928,0.25,0.04944,0.65,0.34808,0.15,0.09864
1929,,0.6,0.6616,0.175,-0.01824,0.6,0.31576,0.125,0.06632
1930,4,0.6,0.64392,0.15,1.0,0.6,0.33344,0.15,0.084
1931,,0.55,0.57624,0.075,0.93232,0.55,0.30112,0.125,0.05168
1932,,0.5,0.50856,-0.0,0.86464,0.5,0.2688,0.1,0.01936
1933,,0.45,0.44088,-0.075,0.79696,0.45,0.23648,0.075,-0.01296
1934,3,0.45,0.4232,1.0,0.77928,0.45,0.25416,0.1,0.00472
1935,,0.4,0.35552,0.925,0.7116,0.4,0.22184,0.075,-0.0276
1936,8,0.4,0.33784,0.9,0.69392,0.4,0.23952,0.1,1.0
1937,,0.35,0.27016,0.825,0.62624,0.35,0.2072,0.075,0.96768
1938,,0.3,0.20248,0.75,0.55856,0.3,0.17488,0.05,0.93536
1939,,0.25,0.1348,0.675,0.49088,0.25,0.14256,0.025,0.90304
1940,,0.2,0.06712,0.6,0.4232,0.2,0.11024,0.0,0.87072
1941,,0.15,-0.00056,0.525,0.35552,0.15,0.07792,-0.025,0.8384
1942,7,0.15,-0.01824,0.5,0.33784,0.15,0.0956,1.0,0.85608
1943,2,0.15,1.0,0.475,0.32016,0.15,0.11328,1.0,0.87376
1944,,0.1,0.93232,0.4,0.25248,0.1,0.08096,0.975,0.84144
1945,,0.05,0.86464,0.325,0.1848,0.05,0.04864,0.95,0.80912
1946,,0.0,0.79696,0.25,0.11712,0.0,0.01632,0.925,0.7768
1947,,-0.05,0.72928,0.175,0.04944,-0.05,-0.016,0.9,0.74448
1948,1,1.0,0.7116,0.15,0.03176,-0.05,0.00168,0.925,0.76216
1949,5,1.0,0.69392,0.125,0.01408,1.0,0.01936,0.95,0.77984
1950,,0.95,0.62624,0.05,-0.0536,0.95,-0.01296,0.925,0.74752
1951,4,0.95,0.60856,0.025,1.0,0.95,0.00472,0.95,0.7652
1952,,0.9,0.54088,-0.05,0.93232,0.9,-0.0276,0.925,0.73288
1953,3,0.9,0.5232,1.0,0.91464,0.9,-0.00992,0.95,0.75056
1954,6,0.9,0.50552,0.975,0.89696,0.9,1.0,0.975,0.76824
1955,,0.85,0.43784,0.9,0.82928,0.85,0.96768,0.95,0.73592
1956,,0.8,0.37016,0.825,0.7616,0.8,0.93536,0.925,0.7036
1957,,0.75,0.30248,0.75,0.69392,0.75,0.90304,0.9,0.67128
1958,,0.7,0.2348,0.675,0.62624,0.7,0.87072,0.875,0.63896
1959,,0.65,0.16712,0.6,0.55856,0.65,0.8384,0.85,0.60664
1960,,0.6,0.09944,0.525,0.49088,0.6,0.80608,0.825,0.57432
1961,,0.55,0.03176,0.45,0.4232,0.55,0.77376,0.8,0.542
1962,,0.5,-0.03592,0.375,0.35552,0.5,0.74144,0.775,0.50968
1963,2,0.5,1.0,0.35,0.33784,0.5,0.75912,0.8,0.52736
1964,,0.45,0.93232,0.275,0.27016,0.45,0.7268,0.775,0.49504
1965,,0.4,0.86464,0.2,0.20248,0.4,0.69448,0.75,0.46272
1966,,0.35,0.79696,0.125,0.1348,0.35,0.66216,0.725,0.4304
1967,,0.3,0.72928,0.05,0.06712,0.3,0.62984,0.7,0.39808
1968,,0.25,0.6616,-0.025,-0.00056,0.25,0.59752,0.675,0.36576
1969,3,0.25,0.64392,1.0,-0.01824,0.25,0.6152,0.7,0.38344
1970,4,0.25,0.62624,0.975,1.0,0.25,0.63288,0.725,0.40112
1971,,0.2,0.55856,0.9,0.93232,0.2,0.60056,0.7,0.3688
1972,,0.15,0.49088,0.825,0.86464,0.15,0.56824,0.675,0.33648
1973,,0.1,0.4232,0.75,0.79696,0.1,0.53592,0.65,0.30416
1974,,0.05,0.35552,0.675,0.72928,0.05,0.5036,0.625,0.27184
1975,,0.0,0.28784,0.6,0.6616,0.0,0.47128,0.6,0.23952
1976,,-0.05,0.22016,0.525,0.59392,-0.05,0.43896,0.575,0.2072
1977,5,-0.05,0.20248,0.5,0.57624,1.0,0.45664,0.6,0.22488
1978,1,1.0,0.1848,0.475,0.55856,1.0,0.47432,0.625,0.24256
1979,,0.95,0.11712,0.4,0.49088,0.95,0.442,0.6,0.21024
1980,,0.9,0.04944,0.325,0.4232,0.9,0.40968,0.575,0.17792
1981,,0.85,-0.01824,0.25,0.35552,0.85,0.37736,0.55,0.1456
1982,2,0.85,1.0,0.225,0.33784,0.85,0.39504,0.575,0.16328
1983,,0.8,0.93232,0.15,0.27016,0.8,0.36272,0.55,0.13096
1984,,0.75,0.86464,0.075,0.20248,0.75,0.3304,0.525,0.09864
1985,,0.7,0.79696,-0.0,0.1348,0.7,0.29808,0.5,0.06632
1986,,0.65,0.72928,-0.075,0.06712,0.65,0.26576,0.475,0.034
1987,3,0.65,0.7116,1.0,0.04944,0.65,0.28344,0.5,0.05168
1988,,0.6,0.64392,0.925,-0.01824,0.6,0.25112,0.475,0.01936
1989,4,0.6,0.62624,0.9,1.0,0.6,0.2688,0.5,0.03704
1990,,0.55,0.55856,0.825,0.93232,0.55,0.23648,0.475,0.00472
1991,,0.5,0.49088,0.75,0.86464,0.5,0.20416,0.45,-0.0276
1992,8,0.5,0.4732,0.725,0.84696,0.5,0.22184,0.475,1.0
1993,,0.45,0.40552,0.65,0.77928,0.45,0.18952,0.45,0.96768
1994,,0.4,0.33784,0.575,0.7116,0.4,0.1572,0.425,0.93536
1995,,0.35,0.27016,0.5,0.64392,0.35,0.12488,0.4,0.90304
1996,,0.3,0.20248,0.425,0.57624,0.3,0.09256,0.375,0.87072
1997,,0.25,0.1348,0.35,0.50856,0.25,0.06024,0.35,0.8384
1998,,0.2,0.06712,0.275,0.44088,0.2,0.02792,0.325,0.80608
1999,,0.15,-0.00056,0.2,0.3732,0.15,-0.0044,0.3,0.77376
2000,6,0.15,-0.01824,0.175,0.35552,0.15,1.0,0.325,0.79144
2001,2,0.15,1.0,0.15,0.33784,0.15,1.0,0.35,0.80912
2002,,0.1,0.93232,0.075,0.27016,0.1,0.96768,0.325,0.7768
2003,,0.05,0.86464,-0.0,0.20248,0.05,0.93536,0.3,0.74448
2004,,0.0,0.79696,-0.075,0.1348,0.0,0.90304,0.275,0.71216
2005,3,0.0,0.77928,1.0,0.11712,0.0,0.92072,0.3,0.72984
2006,,-0.05,0.7116,0.925,0.04944,-0.05,0.8884,0.275,0.69752
2007,1,1.0,0.69392,0.9,0.03176,-0.05,0.90608,0.3,0.7152
2008,5,1.0,0.67624,0.875,0.01408,1.0,0.92376,0.325,0.73288
2009,,0.95,0.60856,0.8,-0.0536,0.95,0.89144,0.3,0.70056
2010,4,0.95,0.59088,0.775,1.0,0.95,0.90912,0.325,0.71824
2011,,0.9,0.5232,0.7,0.93232,0.9,0.8768,0.3,0.68592
2012,,0.85,0.45552,0.625,0.86464,0.85,0.84448,0.275,0.6536
2013,,0.8,0.38784,0.55,0.79696,0.8,0.81216,0.25,0.62128
2014,,0.75,0.32016,0.475,0.72928,0.75,0.77984,0.225,0.58896
2015,,0.7,0.25248,0.4,0.6616,0.7,0.74752,0.2,0.55664
2016,,0.65,0.1848,0.325,0.59392,0.65,0.7152,0.175,0.52432
2017,,0.6,0.11712,0.25,0.52624,0.6,0.68288,0.15,0.492
2018,,0.55,0.04944,0.175,0.45856,0.55,0.65056,0.125,0.45968
2019,,0.5,-0.01824,0.1,0.39088,0.5,0.61824,0.1,0.42736
2020,2,0.5,1.0,0.075,0.3732,0.5,0.63592,0.125,0.44504
2021,,0.45,0.93232,-0.0,0.30552,0.45,0.6036,0.1,0.41272
2022,,0.4,0.86464,-0.075,0.23784,0.4,0.57128,0.075,0.3804
2023,3,0.4,0.84696,1.0,0.22016,0.4,0.58896,0.1,0.39808
2024,,0.35,0.77928,0.925,0.15248,0.35,0.55664,0.075,0.36576
2025,,0.3,0.7116,0.85,0.0848,0.3,0.52432,0.05,0.33344
2026,,0.25,0.64392,0.775,0.01712,0.25,0.492,0.025,0.30112
2027,,0.2,0.57624,0.7,-0.05056,0.2,0.45968,0.0,0.2688
2028,4,0.2,0.55856,0.675,1.0,0.2,0.47736,0.025,0.28648
2029,,0.15,0.49088,0.6,0.93232,0.15,0.44504,0.0,0.25416
2030,,0.1,0.4232,0.525,0.86464,0.1,0.41272,-0.025,0.22184
2031,7,0.1,0.40552,0.5,0.84696,0.1,0.4304,1.0,0.23952
2032,,0.05,0.33784,0.425,0.77928,0.05,0.39808,0.975,0.2072
2033,,0.0,0.27016,0.35,0.7116,0.0,0.36576,0.95,0.17488
2034,,-0.05,0.20248,0.275,0.64392,-0.05,0.33344,0.925,0.14256
2035,5,-0.05,0.1848,0.25,0.62624,1.0,0.35112,0.95,0.16024
2036,1,1.0,0.16712,0.225,0.60856,1.0,0.3688,0.975,0.17792
2037,,0.95,0.09944,0.15,0.54088,0.95,0.33648,0.95,0.1456
2038,,0.9,0.03176,0.075,0.4732,0.9,0.30416,0.925,0.11328
2039,,0.85,-0.03592,-0.0,0.40552,0.85,0.27184,0.9,0.08096
2040,2,0.85,1.0,-0.025,0.38784,0.85,0.28952,0.925,0.09864
2041,3,0.85,0.98232,1.0,0.37016,0.85,0.3072,0.95,0.11632
2042,,0.8,0.91464,0.925,0.30248,0.8,0.27488,0.925,0.084
2043,,0.75,0.84696,0.85,0.2348,0.75,0.24256,0.9,0.05168
2044,,0.7,0.77928,0.775,0.16712,0.7,0.21024,0.875,0.01936
2045,,0.65,0.7116,0.7,0.09944,0.65,0.17792,0.85,-0.01296
2046,8,0.65,0.69392,0.675,0.08176,0.65,0.1956,0.875,1.0
2047,,0.6,0.62624,0.6,0.01408,0.6,0.16328,0.85,0.96768
2048,,0.55,0.55856,0.525,-0.0536,0.55,0.13096,0.825,0.93536
2049,4,0.55,0.54088,0.5,1.0,0.55,0.14864,0.85,0.95304
2050,,0.5,0.4732,0.425,0.93232,0.5,0.11632,0.825,0.92072
2051,,0.45,0.40552,0.35,0.86464,0.45,0.084,0.8,0.8884
2052,,0.4,0.33784,0.275,0.79696,0.4,0.05168,0.775,0.85608
2053,,0.35,0.27016,0.2,0.72928,0.35,0.01936,0.75,0.82376
2054,,0.3,0.20248,0.125,0.6616,0.3,-0.01296,0.725,0.79144
2055,6,0.3,0.1848,0.1,0.64392,0.3,1.0,0.75,0.80912
2056,,0.25,0.11712,0.025,0.57624,0.25,0.96768,0.725,0.7768
2057,,0.2,0.04944,-0.05,0.50856,0.2,0.93536,0.7,0.74448
2058,3,0.2,0.03176,1.0,0.49088,0.2,0.95304,0.725,0.76216
2059,,0.15,-0.03592,0.925,0.4232,0.15,0.92072,0.7,0.72984
2060,2,0.15,1.0,0.9,0.40552,0.15,0.9384,0.725,0.74752
2061,,0.1,0.93232,0.825,0.33784,0.1,0.90608,0.7,0.7152
2062,,0.05,0.86464,0.75,0.27016,0.05,0.87376,0.675,0.68288
2063,,0.0,0.79696,0.675,0.20248,0.0,0.84144,0.65,0.65056
2064,,-0.05,0.72928,0.6,0.1348,-0.05,0.80912,0.625,0.61824
2065,5,-0.05,0.7116,0.575,0.11712,1.0,0.8268,0.65,0.63592
2066,1,1.0,0.69392,0.55,0.09944,1.0,0.84448,0.675,0.6536
2067,,0.95,0.62624,0.475,0.03176,0.95,0.81216,0.65,0.62128
2068,,0.9,0.55856,0.4,-0.03592,0.9,0.77984,0.625,0.58896
2069,4,0.9,0.54088,0.375,1.0,0.9,0.79752,0.65,0.60664
2070,,0.85,0.4732,0.3,0.93232,0.85,0.7652,0.625,0.57432
2071,,0.8,0.40552,0.225,0.86464,0.8,0.73288,0.6,0.542
2072,,0.75,0.33784,0.15,0.79696,0.75,0.70056,0.575,0.50968
2073,,0.7,0.27016,0.075,0.72928,0.7,0.66824,0.55,0.47736
2074,,0.65,0.20248,-0.0,0.6616,0.65,0.63592,0.525,0.44504
2075,,0.6,0.1348,-0.075,0.59392,0.6,0.6036,0.5,0.41272
2076,3,0.6,0.11712,1.0,0.57624,0.6,0.62128,0.525,0.4304
2077,,0.55,0.04944,0.925,0.50856,0.55,0.58896,0.5,0.39808
2078,,0.5,-0.01824,0.85,0.44088,0.5,0.55664,0.475,0.36576
2079,2,0.5,1.0,0.825,0.4232,0.5,0.57432,0.5,0.38344
2080,,0.45,0.93232,0.75,0.35552,0.45,0.542,0.475,0.35112
2081,,0.4,0.86464,0.675,0.28784,0.4,0.50968,0.45,0.3188
2082,,0.35,0.79696,0.6,0.22016,0.35,0.47736,0.425,0.28648
2083,,0.3,0.72928,0.525,0.15248,0.3,0.44504,0.4,0.25416
2084,,0.25,0.6616,0.45,0.0848,0.25,0.41272,0.375,0.22184
2085,,0.2,0.59392,0.375,0.01712,0.2,0.3804,0.35,0.18952
2086,,0.15,0.52624,0.3,-0.05056,0.15,0.34808,0.325,0.1572
2087,4,0.15,0.50856,0.275,1.0,0.15,0.36576,0.35,0.17488
2088,,0.1,0.44088,0.2,0.93232,0.1,0.33344,0.325,0.14256
2089,,0.05,0.3732,0.125,0.86464,0.05,0.30112,0.3,0.11024
2090,,0.0,0.30552,0.05,0.79696,0.0,0.2688,0.275,0.07792
2091,,-0.05,0.23784,-0.025,0.72928,-0.05,0.23648,0.25,0.0456
2092,5,-0.05,0.22016,-0.05,0.7116,1.0,0.25416,0.275,0.06328
2093,3,-0.05,0.20248,1.0,0.69392,1.0,0.27184,0.3,0.08096
2094,1,1.0,0.1848,0.975,0.67624,1.0,0.28952,0.325,0.09864
2095,,0.95,0.11712,0.9,0.60856,0.95,0.2572,0.3,0.06632
2096,,0.9,0.04944,0.825,0.54088,0.9,0.22488,0.275,0.034
2097,,0.85,-0.01824,0.75,0.4732,0.85,0.19256,0.25,0.00168
2098,2,0.85,1.0,0.725,0.45552,0.85,0.21024,0.275,0.01936
2099,,0.8,0.93232,0.65,0.38784,0.8,0.17792,0.25,-0.01296
2100,8,0.8,0.91464,0.625,0.37016,0.8,0.1956,0.275,1.0
2101,,0.75,0.84696,0.55,0.30248,0.75,0.16328,0.25,0.96768
2102,,0.7,0.77928,0.475,0.2348,0.7,0.13096,0.225,0.93536
2103,,0.65,0.7116,0.4,0.16712,0.65,0.09864,0.2,0.90304
2104,,0.6,0.64392,0.325,0.09944,0.6,0.06632,0.175,0.87072
2105,,0.55,0.57624,0.25,0.03176,0.55,0.034,0.15,0.8384
2106,,0.5,0.50856,0.175,-0.03592,0.5,0.00168,0.125,0.80608
2107,4,0.5,0.49088,0.15,1.0,0.5,0.01936,0.15,0.82376
2108,,0.45,0.4232,0.075,0.93232,0.45,-0.01296,0.125,0.79144
2109,6,0.45,0.40552,0.05,0.91464,0.45,1.0,0.15,0.80912
2110,,0.4,0.33784,-0.025,0.84696,0.4,0.96768,0.125,0.7768
2111,3,0.4,0.32016,1.0,0.82928,0.4,0.98536,0.15,0.79448
2112,,0.35,0.25248,0.925,0.7616,0.35,0.95304,0.125,0.76216
2113,,0.3,0.1848,0.85,0.69392,0.3,0.92072,0.1,0.72984
2114,,0.25,0.11712,0.775,0.62624,0.25,0.8884,0.075,0.69752
2115,,0.2,0.04944,0.7,0.55856,0.2,0.85608,0.05,0.6652
2116,,0.15,-0.01824,0.625,0.49088,0.15,0.82376,0.025,0.63288
2117,2,0.15,1.0,0.6,0.4732,0.15,0.84144,0.05,0.65056
2118,,0.1,0.93232,0.525,0.40552,0.1,0.80912,0.025,0.61824
2119,,0.05,0.86464,0.45,0.33784,0.05,0.7768,0.0,0.58592
2120,,0.0,0.79696,0.375,0.27016,0.0,0.74448,-0.025,0.5536
2121,7,0.0,0.77928,0.35,0.25248,0.0,0.76216,1.0,0.57128
2122,,-0.05,0.7116,0.275,0.1848,-0.05,0.72984,0.975,0.53896
2123,5,-0.05,0.69392,0.25,0.16712,1.0,0.74752,1.0,0.55664
2124,1,1.0,0.67624,0.225,0.14944,1.0,0.7652,1.0,0.57432
2125,,0.95,0.60856,0.15,0.08176,0.95,0.73288,0.975,0.542
2126,,0.9,0.54088,0.075,0.01408,0.9,0.70056,0.95,0.50968
2127,,0.85,0.4732,-0.0,-0.0536,0.85,0.66824,0.925,0.47736
2128,4,0.85,0.45552,-0.025,1.0,0.85,0.68592,0.95,0.49504
2129,3,0.85,0.43784,1.0,0.98232,0.85,0.7036,0.975,0.51272
2130,,0.8,0.37016,0.925,0.91464,0.8,0.67128,0.95,0.4804
2131,,0.75,0.30248,0.85,0.84696,0.75,0.63896,0.925,0.44808
2132,,0.7,0.2348,0.775,0.77928,0.7,0.60664,0.9,0.41576
2133,,0.65,0.16712,0.7,0.7116,0.65,0.57432,0.875,0.38344
2134,,0.6,0.09944,0.625,0.64392,0.6,0.542,0.85,0.35112
2135,,0.55,0.03176,0.55,0.57624,0.55,0.50968,0.825,0.3188
2136,,0.5,-0.03592,0.475,0.50856,0.5,0.47736,0.8,0.28648
2137,2,0.5,1.0,0.45,0.49088,0.5,0.49504,0.825,0.30416
2138,,0.45,0.93232,0.375,0.4232,0.45,0.46272,0.8,0.27184
2139,,0.4,0.86464,0.3,0.35552,0.4,0.4304,0.775,0.23952
2140,,0.35,0.79696,0.225,0.28784,0.35,0.39808,0.75,0.2072
2141,,0.3,0.72928,0.15,0.22016,0.3,0.36576,0.725,0.17488
2142,,0.25,0.6616,0.075,0.15248,0.25,0.33344,0.7,0.14256
2143,,0.2,0.59392,-0.0,0.0848,0.2,0.30112,0.675,0.11024
2144,,0.15,0.52624,-0.075,0.01712,0.15,0.2688,0.65,0.07792
2145,3,0.15,0.50856,1.0,-0.00056,0.15,0.28648,0.675,0.0956
2146,4,0.15,0.49088,0.975,1.0,0.15,0.30416,0.7,0.11328
2147,,0.1,0.4232,0.9,0.93232,0.1,0.27184,0.675,0.08096
2148,,0.05,0.35552,0.825,0.86464,0.05,0.23952,0.65,0.04864
2149,,0.0,0.28784,0.75,0.79696,0.0,0.2072,0.625,0.01632
2150,,-0.05,0.22016,0.675,0.72928,-0.05,0.17488,0.6,-0.016
2151,5,-0.05,0.20248,0.65,0.7116,1.0,0.19256,0.625,0.00168
2152,1,1.0,0.1848,0.625,0.69392,1.0,0.21024,0.65,0.01936
2153,,0.95,0.11712,0.55,0.62624,0.95,0.17792,0.625,-0.01296
2154,8,0.95,0.09944,0.525,0.60856,0.95,0.1956,0.65,1.0
2155,,0.9,0.03176,0.45,0.54088,0.9,0.16328,0.625,0.96768
2156,,0.85,-0.03592,0.375,0.4732,0.85,0.13096,0.6,0.93536
2157,2,0.85,1.0,0.35,0.45552,0.85,0.14864,0.625,0.95304
2158,,0.8,0.93232,0.275,0.38784,0.8,0.11632,0.6,0.92072
2159,,0.75,0.86464,0.2,0.32016,0.75,0.084,0.575,0.8884
2160,,0.7,0.79696,0.125,0.25248,0.7,0.05168,0.55,0.85608
2161,,0.65,0.72928,0.05,0.1848,0.65,0.01936,0.525,0.82376
2162,,0.6,0.6616,-0.025,0.11712,0.6,-0.01296,0.5,0.79144
2163,3,0.6,0.64392,1.0,0.09944,0.6,0.00472,0.525,0.80912
2164,,0.55,0.57624,0.925,0.03176,0.55,-0.0276,0.5,0.7768
2165,6,0.55,0.55856,0.9,0.01408,0.55,1.0,0.525,0.79448
2166,,0.5,0.49088,0.825,-0.0536,0.5,0.96768,0.5,0.76216
2167,4,0.5,0.4732,0.8,1.0,0.5,0.98536,0.525,0.77984
2168,,0.45,0.40552,0.725,0.93232,0.45,0.95304,0.5,0.74752
2169,,0.4,0.33784,0.65,0.86464,0.4,0.92072,0.475,0.7152
2170,,0.35,0.27016,0.575,0.79696,0.35,0.8884,0.45,0.68288
2171,,0.3,0.20248,0.5,0.72928,0.3,0.85608,0.425,0.65056
2172,,0.25,0.1348,0.425,0.6616,0.25,0.82376,0.4,0.61824
2173,,0.2,0.06712,0.35,0.59392,0.2,0.79144,0.375,0.58592
2174,,0.15,-0.00056,0.275,0.52624,0.15,0.75912,0.35,0.5536
2175,2,0.15,1.0,0.25,0.50856,0.15,0.7768,0.375,0.57128
2176,,0.1,0.93232,0.175,0.44088,0.1,0.74448,0.35,0.53896
2177,,0.05,0.86464,0.1,0.3732,0.05,0.71216,0.325,0.50664
2178,,0.0,0.79696,0.025,0.30552,0.0,0.67984,0.3,0.47432
2179,,-0.05,0.72928,-0.05,0.23784,-0.05,0.64752,0.275,0.442
2180,3,-0.05,0.7116,1.0,0.22016,-0.05,0.6652,0.3,0.45968
2181,5,-0.05,0.69392,0.975,0.20248,1.0,0.68288,0.325,0.47736
2182,1,1.0,0.67624,0.95,0.1848,1.0,0.70056,0.35,0.49504
2183,,0.95,0.60856,0.875,0.11712,0.95,0.66824,0.325,0.46272
2184,,0.9,0.54088,0.8,0.04944,0.9,0.63592,0.3,0.4304
2185,,0.85,0.4732,0.725,-0.01824,0.85,0.6036,0.275,0.39808
2186,4,0.85,0.45552,0.7,1.0,0.85,0.62128,0.3,0.41576
2187,,0.8,0.38784,0.625,0.93232,0.8,0.58896,0.275,0.38344
2188,,0.75,0.32016,0.55,0.86464,0.75,0.55664,0.25,0.35112
2189,,0.7,0.25248,0.475,0.79696,0.7,0.52432,0.225,0.3188
2190,,0.65,0.1848,0.4,0.72928,0.65,0.492,0.2,0.28648
2191,,0.6,0.11712,0.325,0.6616,0.6,0.45968,0.175,0.25416
2192,,0.55,0.04944,0.25,0.59392,0.55,0.42736,0.15,0.22184
2193,,0.5,-0.01824,0.175,0.52624,0.5,0.39504,0.125,0.18952
2194,2,0.5,1.0,0.15,0.50856,0.5,0.41272,0.15,0.2072
2195,,0.45,0.93232,0.075,0.44088,0.45,0.3804,0.125,0.17488
2196,,0.4,0.86464,-0.0,0.3732,0.4,0.34808,0.1,0.14256
2197,,0.35,0.79696,-0.075,0.30552,0.35,0.31576,0.075,0.11024
2198,3,0.35,0.77928,1.0,0.28784,0.35,0.33344,0.1,0.12792
2199,,0.3,0.7116,0.925,0.22016,0.3,0.30112,0.075,0.0956
2200,,0.25,0.64392,0.85,0.15248,0.25,0.2688,0.05,0.06328
2201,,0.2,0.57624,0.775,0.0848,0.2,0.23648,0.025,0.03096
2202,,0.15,0.50856,0.7,0.01712,0.15,0.20416,0.0,-0.00136
2203,8,0.15,0.49088,0.675,-0.00056,0.15,0.22184,0.025,1.0
2204,4,0.15,0.4732,0.65,1.0,0.15,0.23952,0.05,1.0
2205,,0.1,0.40552,0.575,0.93232,0.1,0.2072,0.025,0.96768
2206,,0.05,0.33784,0.5,0.86464,0.05,0.17488,0.0,0.93536
2207,,0.0,0.27016,0.425,0.79696,0.0,0.14256,-0.025,0.90304
2208,7,0.0,0.25248,0.4,0.77928,0.0,0.16024,1.0,0.92072
2209,,-0.05,0.1848,0.325,0.7116,-0.05,0.12792,0.975,0.8884
2210,5,-0.05,0.16712,0.3,0.69392,1.0,0.1456,1.0,0.90608
2211,1,1.0,0.14944,0.275,0.67624,1.0,0.16328,1.0,0.92376
2212,,0.95,0.08176,0.2,0.60856,0.95,0.13096,0.975,0.89144
2213,,0.9,0.01408,0.125,0.54088,0.9,0.09864,0.95,0.85912
2214,,0.85,-0.0536,0.05,0.4732,0.85,0.06632,0.925,0.8268
2215,2,0.85,1.0,0.025,0.45552,0.85,0.084,0.95,0.84448
2216,,0.8,0.93232,-0.05,0.38784,0.8,0.05168,0.925,0.81216
2217,3,0.8,0.91464,1.0,0.37016,0.8,0.06936,0.95,0.82984
2218,,0.75,0.84696,0.925,0.30248,0.75,0.03704,0.925,0.79752
2219,,0.7,0.77928,0.85,0.2348,0.7,0.00472,0.9,0.7652
2220,,0.65,0.7116,0.775,0.16712,0.65,-0.0276,0.875,0.73288
2221,6,0.65,0.69392,0.75,0.14944,0.65,1.0,0.9,0.75056
2222,,0.6,0.62624,0.675,0.08176,0.6,0.96768,0.875,0.71824
2223,,0.55,0.55856,0.6,0.01408,0.55,0.93536,0.85,0.68592
2224,,0.5,0.49088,0.525,-0.0536,0.5,0.90304,0.825,0.6536
2225,4,0.5,0.4732,0.5,1.0,0.5,0.92072,0.85,0.67128
2226,,0.45,0.40552,0.425,0.93232,0.45,0.8884,0.825,0.63896
2227,,0.4,0.33784,0.35,0.86464,0.4,0.85608,0.8,0.60664
2228,,0.35,0.27016,0.275,0.79696,0.35,0.82376,0.775,0.57432
2229,,0.3,0.20248,0.2,0.72928,0.3,0.79144,0.75,0.542
2230,,0.25,0.1348,0.125,0.6616,0.25,0.75912,0.725,0.50968
2231,,0.2,0.06712,0.05,0.59392,0.2,0.7268,0.7,0.47736
2232,,0.15,-0.00056,-0.025,0.52624,0.15,0.69448,0.675,0.44504
2233,3,0.15,-0.01824,1.0,0.50856,0.15,0.71216,0.7,0.46272
2234,2,0.15,1.0,0.975,0.49088,0.15,0.72984,0.725,0.4804
2235,,0.1,0.93232,0.9,0.4232,0.1,0.69752,0.7,0.44808
2236,,0.05,0.86464,0.825,0.35552,0.05,0.6652,0.675,0.41576
2237,,0.0,0.79696,0.75,0.28784,0.0,0.63288,0.65,0.38344
2238,,-0.05,0.72928,0.675,0.22016,-0.05,0.60056,0.625,0.35112
2239,5,-0.05,0.7116,0.65,0.20248,1.0,0.61824,0.65,0.3688
2240,1,1.0,0.69392,0.625,0.1848,1.0,0.63592,0.675,0.38648
2241,,0.95,0.62624,0.55,0.11712,0.95,0.6036,0.65,0.35416
2242,,0.9,0.55856,0.475,0.04944,0.9,0.57128,0.625,0.32184
2243,,0.85,0.49088,0.4,-0.01824,0.85,0.53896,0.6,0.28952
2244,4,0.85,0.4732,0.375,1.0,0.85,0.55664,0.625,0.3072
2245,,0.8,0.40552,0.3,0.93232,0.8,0.52432,0.6,0.27488
2246,,0.75,0.33784,0.225,0.86464,0.75,0.492,0.575,0.24256
2247,,0.7,0.27016,0.15,0.79696,0.7,0.45968,0.55,0.21024
2248,,0.65,0.20248,0.075,0.72928,0.65,0.42736,0.525,0.17792
2249,,0.6,0.1348,-0.0,0.6616,0.6,0.39504,0.5,0.1456
2250,,0.55,0.06712,-0.075,0.59392,0.55,0.36272,0.475,0.11328
2251,3,0.55,0.04944,1.0,0.57624,0.55,0.3804,0.5,0.13096
2252,,0.5,-0.01824,0.925,0.50856,0.5,0.34808,0.475,0.09864
2253,2,0.5,1.0,0.9,0.49088,0.5,0.36576,0.5,0.11632
2254,,0.45,0.93232,0.825,0.4232,0.45,0.33344,0.475,0.084
2255,,0.4,0.86464,0.75,0.35552,0.4,0.30112,0.45,0.05168
2256,,0.35,0.79696,0.675,0.28784,0.35,0.2688,0.425,0.01936
2257,,0.3,0.72928,0.6,0.22016,0.3,0.23648,0.4,-0.01296
2258,8,0.3,0.7116,0.575,0.20248,0.3,0.25416,0.425,1.0
2259,,0.25,0.64392,0.5,0.1348,0.25,0.22184,0.4,0.96768
2260,,0.2,0.57624,0.425,0.06712,0.2,0.18952,0.375,0.93536
2261,,0.15,0.50856,0.35,-0.00056,0.15,0.1572,0.35,0.90304
2262,4,0.15,0.49088,0.325,1.0,0.15,0.17488,0.375,0.92072
2263,,0.1,0.4232,0.25,0.93232,0.1,0.14256,0.35,0.8884
2264,,0.05,0.35552,0.175,0.86464,0.05,0.11024,0.325,0.85608
2265,,0.0,0.28784,0.1,0.79696,0.0,0.07792,0.3,0.82376
2266,,-0.05,0.22016,0.025,0.72928,-0.05,0.0456,0.275,0.79144
2267,5,-0.05,0.20248,0.0,0.7116,1.0,0.06328,0.3,0.80912
2268,1,1.0,0.1848,-0.025,0.69392,1.0,0.08096,0.325,0.8268
2269,3,1.0,0.16712,1.0,0.67624,1.0,0.09864,0.35,0.84448
2270,,0.95,0.09944,0.925,0.60856,0.95,0.06632,0.325,0.81216
2271,,0.9,0.03176,0.85,0.54088,0.9,0.034,0.3,0.77984
2272,,0.85,-0.03592,0.775,0.4732,0.85,0.00168,0.275,0.74752
2273,2,0.85,1.0,0.75,0.45552,0.85,0.01936,0.3,0.7652
2274,,0.8,0.93232,0.675,0.38784,0.8,-0.01296,0.275,0.73288
2275,6,0.8,0.91464,0.65,0.37016,0.8,1.0,0.3,0.75056
2276,,0.75,0.84696,0.575,0.30248,0.75,0.96768,0.275,0.71824
2277,,0.7,0.77928,0.5,0.2348,0.7,0.93536,0.25,0.68592
2278,,0.65,0.7116,0.425,0.16712,0.65,0.90304,0.225,0.6536
2279,,0.6,0.64392,0.35,0.09944,0.6,0.87072,0.2,0.62128
2280,,0.55,0.57624,0.275,0.03176,0.55,0.8384,0.175,0.58896
2281,,0.5,0.50856,0.2,-0.03592,0.5,0.80608,0.15,0.55664
2282,4,0.5,0.49088,0.175,1.0,0.5,0.82376,0.175,0.57432
2283,,0.45,0.4232,0.1,0.93232,0.45,0.79144,0.15,0.542
2284,,0.4,0.35552,0.025,0.86464,0.4,0.75912,0.125,0.50968
2285,,0.35,0.28784,-0.05,0.79696,0.35,0.7268,0.1,0.47736
2286,3,0.35,0.27016,1.0,0.77928,0.35,0.74448,0.125,0.49504
2287,,0.3,0.20248,0.925,0.7116,0.3,0.71216,0.1,0.46272
2288,,0.25,0.1348,0.85,0.64392,0.25,0.67984,0.075,0.4304
2289,,0.2,0.06712,0.775,0.57624,0.2,0.64752,0.05,0.39808
2290,,0.15,-0.00056,0.7,0.50856,0.15,0.6152,0.025,0.36576
2291,2,0.15,1.0,0.675,0.49088,0.15,0.63288,0.05,0.38344
2292,,0.1,0.93232,0.6,0.4232,0.1,0.60056,0.025,0.35112
2293,,0.05,0.86464,0.525,0.35552,0.05,0.56824,0.0,0.3188
2294,,0.0,0.79696,0.45,0.28784,0.0,0.53592,-0.025,0.28648
2295,7,0.0,0.77928,0.425,0.27016,0.0,0.5536,1.0,0.30416
2296,,-0.05,0.7116,0.35,0.20248,-0.05,0.52128,0.975,0.27184
2297,1,1.0,0.69392,0.325,0.1848,-0.05,0.53896,1.0,0.28952
2298,5,1.0,0.67624,0.3,0.16712,1.0,0.55664,1.0,0.3072
2299,,0.95,0.60856,0.225,0.09944,0.95,0.52432,0.975,0.27488
2300,,0.9,0.54088,0.15,0.03176,0.9,0.492,0.95,0.24256
2301,,0.85,0.4732,0.075,-0.03592,0.85,0.45968,0.925,0.21024
2302,4,0.85,0.45552,0.05,1.0,0.85,0.47736,0.95,0.22792
2303,,0.8,0.38784,-0.025,0.93232,0.8,0.44504,0.925,0.1956
2304,3,0.8,0.37016,1.0,0.91464,0.8,0.46272,0.95,0.21328
2305,,0.75,0.30248,0.925,0.84696,0.75,0.4304,0.925,0.18096
2306,,0.7,0.2348,0.85,0.77928,0.7,0.39808,0.9,0.14864
2307,,0.65,0.16712,0.775,0.7116,0.65,0.36576,0.875,0.11632
2308,,0.6,0.09944,0.7,0.64392,0.6,0.33344,0.85,0.084
2309,,0.55,0.03176,0.625,0.57624,0.55,0.30112,0.825,0.05168
2310,,0.5,-0.03592,0.55,0.50856,0.5,0.2688,0.8,0.01936
2311,2,0.5,1.0,0.525,0.49088,0.5,0.28648,0.825,0.03704
2312,,0.45,0.93232,0.45,0.4232,0.45,0.25416,0.8,0.00472
2313,,0.4,0.86464,0.375,0.35552,0.4,0.22184,0.775,-0.0276
2314,8,0.4,0.84696,0.35,0.33784,0.4,0.23952,0.8,1.0
2315,,0.35,0.77928,0.275,0.27016,0.35,0.2072,0.775,0.96768
2316,,0.3,0.7116,0.2,0.20248,0.3,0.17488,0.75,0.93536
2317,,0.25,0.64392,0.125,0.1348,0.25,0.14256,0.725,0.90304
2318,,0.2,0.57624,0.05,0.06712,0.2,0.11024,0.7,0.87072
2319,,0.15,0.50856,-0.025,-0.00056,0.15,0.07792,0.675,0.8384
2320,3,0.15,0.49088,1.0,-0.01824,0.15,0.0956,0.7,0.85608
2321,4,0.15,0.4732,0.975,1.0,0.15,0.11328,0.725,0.87376
2322,,0.1,0.40552,0.9,0.93232,0.1,0.08096,0.7,0.84144
2323,,0.05,0.33784,0.825,0.86464,0.05,0.04864,0.675,0.80912
2324,,0.0,0.27016,0.75,0.79696,0.0,0.01632,0.65,0.7768
2325,,-0.05,0.20248,0.675,0.72928,-0.05,-0.016,0.625,0.74448
2326,1,1.0,0.1848,0.65,0.7116,-0.05,0.00168,0.65,0.76216
2327,5,1.0,0.16712,0.625,0.69392,1.0,0.01936,0.675,0.77984
2328,,0.95,0.09944,0.55,0.62624,0.95,-0.01296,0.65,0.74752
2329,6,0.95,0.08176,0.525,0.60856,0.95,1.0,0.675,0.7652
2330,,0.9,0.01408,0.45,0.54088,0.9,0.96768,0.65,0.73288
2331,,0.85,-0.0536,0.375,0.4732,0.85,0.93536,0.625,0.70056
2332,2,0.85,1.0,0.35,0.45552,0.85,0.95304,0.65,0.71824
2333,,0.8,0.93232,0.275,0.38784,0.8,0.92072,0.625,0.68592
2334,,0.75,0.86464,0.2,0.32016,0.75,0.8884,0.6,0.6536
2335,,0.7,0.79696,0.125,0.25248,0.7,0.85608,0.575,0.62128
2336,,0.65,0.72928,0.05,0.1848,0.65,0.82376,0.55,0.58896
2337,,0.6,0.6616,-0.025,0.11712,0.6,0.79144,0.525,0.55664
2338,3,0.6,0.64392,1.0,0.09944,0.6,0.80912,0.55,0.57432
2339,,0.55,0.57624,0.925,0.03176,0.55,0.7768,0.525,0.542
2340,,0.5,0.50856,0.85,-0.03592,0.5,0.74448,0.5,0.50968
2341,4,0.5,0.49088,0.825,1.0,0.5,0.76216,0.525,0.52736
2342,,0.45,0.4232,0.75,0.93232,0.45,0.72984,0.5,0.49504
2343,,0.4,0.35552,0.675,0.86464,0.4,0.69752,0.475,0.46272
2344,,0.35,0.28784,0.6,0.79696,0.35,0.6652,0.45,0.4304
2345,,0.3,0.22016,0.525,0.72928,0.3,0.63288,0.425,0.39808
2346,,0.25,0.15248,0.45,0.6616,0.25,0.60056,0.4,0.36576
2347,,0.2,0.0848,0.375,0.59392,0.2,0.56824,0.375,0.33344
2348,,0.15,0.01712,0.3,0.52624,0.15,0.53592,0.35,0.30112
2349,,0.1,-0.05056,0.225,0.45856,0.1,0.5036,0.325,0.2688
2350,2,0.1,1.0,0.2,0.44088,0.1,0.52128,0.35,0.28648
2351,,0.05,0.93232,0.125,0.3732,0.05,0.48896,0.325,0.25416
2352,,0.0,0.86464,0.05,0.30552,0.0,0.45664,0.3,0.22184
2353,,-0.05,0.79696,-0.025,0.23784,-0.05,0.42432,0.275,0.18952
2354,5,-0.05,0.77928,-0.05,0.22016,1.0,0.442,0.3,0.2072
2355,3,-0.05,0.7616,1.0,0.20248,1.0,0.45968,0.325,0.22488
2356,1,1.0,0.74392,0.975,0.1848,1.0,0.47736,0.35,0.24256
2357,,0.95,0.67624,0.9,0.11712,0.95,0.44504,0.325,0.21024
2358,,0.9,0.60856,0.825,0.04944,0.9,0.41272,0.3,0.17792
2359,,0.85,0.54088,0.75,-0.01824,0.85,0.3804,0.275,0.1456
2360,4,0.85,0.5232,0.725,1.0,0.85,0.39808,0.3,0.16328
2361,,0.8,0.45552,0.65,0.93232,0.8,0.36576,0.275,0.13096
2362,,0.75,0.38784,0.575,0.86464,0.75,0.33344,0.25,0.09864
2363,,0.7,0.32016,0.5,0.79696,0.7,0.30112,0.225,0.06632
2364,,0.65,0.25248,0.425,0.72928,0.65,0.2688,0.2,0.034
2365,,0.6,0.1848,0.35,0.6616,0.6,0.23648,0.175,0.00168
2366,,0.55,0.11712,0.275,0.59392,0.55,0.20416,0.15,-0.03064
2367,8,0.55,0.09944,0.25,0.57624,0.55,0.22184,0.175,1.0
2368,,0.5,0.03176,0.175,0.50856,0.5,0.18952,0.15,0.96768
2369,,0.45,-0.03592,0.1,0.44088,0.45,0.1572,0.125,0.93536
2370,2,0.45,1.0,0.075,0.4232,0.45,0.17488,0.15,0.95304
2371,,0.4,0.93232,-0.0,0.35552,0.4,0.14256,0.125,0.92072
2372,,0.35,0.86464,-0.075,0.28784,0.35,0.11024,0.1,0.8884
2373,3,0.35,0.84696,1.0,0.27016,0.35,0.12792,0.125,0.90608
2374,,0.3,0.77928,0.925,0.20248,0.3,0.0956,0.1,0.87376
2375,,0.25,0.7116,0.85,0.1348,0.25,0.06328,0.075,0.84144
2376,,0.2,0.64392,0.775,0.06712,0.2,0.03096,0.05,0.80912
2377,,0.15,0.57624,0.7,-0.00056,0.15,-0.00136,0.025,0.7768
2378,6,0.15,0.55856,0.675,-0.01824,0.15,1.0,0.05,0.79448
2379,4,0.15,0.54088,0.65,1.0,0.15,1.0,0.075,0.81216
2380,,0.1,0.4732,0.575,0.93232,0.1,0.96768,0.05,0.77984
2381,,0.05,0.40552,0.5,0.86464,0.05,0.93536,0.025,0.74752
2382,,0.0,0.33784,0.425,0.79696,0.0,0.90304,0.0,0.7152
2383,,-0.05,0.27016,0.35,0.72928,-0.05,0.87072,-0.025,0.68288
2384,5,-0.05,0.25248,0.325,0.7116,1.0,0.8884,0.0,0.70056
2385,1,1.0,0.2348,0.3,0.69392,1.0,0.90608,0.025,0.71824
2386,,0.95,0.16712,0.225,0.62624,0.95,0.87376,0.0,0.68592
2387,,0.9,0.09944,0.15,0.55856,0.9,0.84144,-0.025,0.6536
2388,7,0.9,0.08176,0.125,0.54088,0.9,0.85912,1.0,0.67128
2389,,0.85,0.01408,0.05,0.4732,0.85,0.8268,0.975,0.63896
2390,,0.8,-0.0536,-0.025,0.40552,0.8,0.79448,0.95,0.60664
2391,2,0.8,1.0,-0.05,0.38784,0.8,0.81216,0.975,0.62432
2392,3,0.8,0.98232,1.0,0.37016,0.8,0.82984,1.0,0.642
2393,,0.75,0.91464,0.925,0.30248,0.75,0.79752,0.975,0.60968
2394,,0.7,0.84696,0.85,0.2348,0.7,0.7652,0.95,0.57736
2395,,0.65,0.77928,0.775,0.16712,0.65,0.73288,0.925,0.54504
2396,,0.6,0.7116,0.7,0.09944,0.6,0.70056,0.9,0.51272
2397,,0.55,0.64392,0.625,0.03176,0.55,0.66824,0.875,0.4804
2398,,0.5,0.57624,0.55,-0.03592,0.5,0.63592,0.85,0.44808
2399,4,0.5,0.55856,0.525,1.0,0.5,0.6536,0.875,0.46576
2400,,0.45,0.49088,0.45,0.93232,0.45,0.62128,0.85,0.43344
2401,,0.4,0.4232,0.375,0.86464,0.4,0.58896,0.825,0.40112
2402,,0.35,0.35552,0.3,0.79696,0.35,0.55664,0.8,0.3688
2403,,0.3,0.28784,0.225,0.72928,0.3,0.52432,0.775,0.33648
2404,,0.25,0.22016,0.15,0.6616,0.25,0.492,0.75,0.30416
2405,,0.2,0.15248,0.075,0.59392,0.2,0.45968,0.725,0.27184
2406,,0.15,0.0848,-0.0,0.52624,0.15,0.42736,0.7,0.23952
2407,,0.1,0.01712,-0.075,0.45856,0.1,0.39504,0.675,0.2072
2408,3,0.1,-0.00056,1.0,0.44088,0.1,0.41272,0.7,0.22488
2409,2,0.1,1.0,0.975,0.4232,0.1,0.4304,0.725,0.24256
2410,,0.05,0.93232,0.9,0.35552,0.05,0.39808,0.7,0.21024
2411,,0.0,0.86464,0.825,0.28784,0.0,0.36576,0.675,0.17792
2412,,-0.05,0.79696,0.75,0.22016,-0.05,0.33344,0.65,0.1456
2413,5,-0.05,0.77928,0.725,0.20248,1.0,0.35112,0.675,0.16328
2414,1,1.0,0.7616,0.7,0.1848,1.0,0.3688,0.7,0.18096
2415,,0.95,0.69392,0.625,0.11712,0.95,0.33648,0.675,0.14864
2416,,0.9,0.62624,0.55,0.04944,0.9,0.30416,0.65,0.11632
2417,,0.85,0.55856,0.475,-0.01824,0.85,0.27184,0.625,0.084
2418,4,0.85,0.54088,0.45,1.0,0.85,0.28952,0.65,0.10168
2419,,0.8,0.4732,0.375,0.93232,0.8,0.2572,0.625,0.06936
2420,,0.75,0.40552,0.3,0.86464,0.75,0.22488,0.6,0.03704
2421,,0.7,0.33784,0.225,0.79696,0.7,0.19256,0.575,0.00472
2422,,0.65,0.27016,0.15,0.72928,0.65,0.16024,0.55,-0.0276
2423,8,0.65,0.25248,0.125,0.7116,0.65,0.17792,0.575,1.0
2424,,0.6,0.1848,0.05,0.64392,0.6,0.1456,0.55,0.96768
2425,,0.55,0.11712,-0.025,0.57624,0.55,0.11328,0.525,0.93536
2426,3,0.55,0.09944,1.0,0.55856,0.55,0.13096,0.55,0.95304
2427,,0.5,0.03176,0.925,0.49088,0.5,0.09864,0.525,0.92072
2428,,0.45,-0.03592,0.85,0.4232,0.45,0.06632,0.5,0.8884
2429,2,0.45,1.0,0.825,0.40552,0.45,0.084,0.525,0.90608
2430,,0.4,0.93232,0.75,0.33784,0.4,0.05168,0.5,0.87376
2431,,0.35,0.86464,0.675,0.27016,0.35,0.01936,0.475,0.84144
2432,,0.3,0.79696,0.6,0.20248,0.3,-0.01296,0.45,0.80912
2433,6,0.3,0.77928,0.575,0.1848,0.3,1.0,0.475,0.8268
2434,,0.25,0.7116,0.5,0.11712,0.25,0.96768,0.45,0.79448
2435,,0.2,0.64392,0.425,0.04944,0.2,0.93536,0.425,0.76216
2436,,0.15,0.57624,0.35,-0.01824,0.15,0.90304,0.4,0.72984
2437,4,0.15,0.55856,0.325,1.0,0.15,0.92072,0.425,0.74752
2438,,0.1,0.49088,0.25,0.93232,0.1,0.8884,0.4,0.7152
2439,,0.05,0.4232,0.175,0.86464,0.05,0.85608,0.375,0.68288
2440,,0.0,0.35552,0.1,0.79696,0.0,0.82376,0.35,0.65056
2441,,-0.05,0.28784,0.025,0.72928,-0.05,0.79144,0.325,0.61824
2442,5,-0.05,0.27016,0.0,0.7116,1.0,0.80912,0.35,0.63592
2443,1,1.0,0.25248,-0.025,0.69392,1.0,0.8268,0.375,0.6536
2444,3,1.0,0.2348,1.0,0.67624,1.0,0.84448,0.4,0.67128
2445,,0.95,0.16712,0.925,0.60856,0.95,0.81216,0.375,0.63896
2446,,0.9,0.09944,0.85,0.54088,0.9,0.77984,0.35,0.60664
2447,,0.85,0.03176,0.775,0.4732,0.85,0.74752,0.325,0.57432
2448,,0.8,-0.03592,0.7,0.40552,0.8,0.7152,0.3,0.542
2449,2,0.8,1.0,0.675,0.38784,0.8,0.73288,0.325,0.55968
2450,,0.75,0.93232,0.6,0.32016,0.75,0.70056,0.3,0.52736
2451,,0.7,0.86464,0.525,0.25248,0.7,0.66824,0.275,0.49504
2452,,0.65,0.79696,0.45,0.1848,0.65,0.63592,0.25,0.46272
2453,,0.6,0.72928,0.375,0.11712,0.6,0.6036,0.225,0.4304
2454,,0.55,0.6616,0.3,0.04944,0.55,0.57128,0.2,0.39808
2455,,0.5,0.59392,0.225,-0.01824,0.5,0.53896,0.175,0.36576
2456,4,0.5,0.57624,0.2,1.0,0.5,0.55664,0.2,0.38344
2457,,0.45,0.50856,0.125,0.93232,0.45,0.52432,0.175,0.35112
2458,,0.4,0.44088,0.05,0.86464,0.4,0.492,0.15,0.3188
2459,,0.35,0.3732,-0.025,0.79696,0.35,0.45968,0.125,0.28648
2460,3,0.35,0.35552,1.0,0.77928,0.35,0.47736,0.15,0.30416
2461,,0.3,0.28784,0.925,0.7116,0.3,0.44504,0.125,0.27184
2462,,0.25,0.22016,0.85,0.64392,0.25,0.41272,0.1,0.23952
2463,,0.2,0.15248,0.775,0.57624,0.2,0.3804,0.075,0.2072
2464,,0.15,0.0848,0.7,0.50856,0.15,0.34808,0.05,0.17488
2465,,0.1,0.01712,0.625,0.44088,0.1,0.31576,0.025,0.14256
2466,,0.05,-0.05056,0.55,0.3732,0.05,0.28344,0.0,0.11024
2467,2,0.05,1.0,0.525,0.35552,0.05,0.30112,0.025,0.12792
2468,,0.0,0.93232,0.45,0.28784,0.0,0.2688,0.0,0.0956
2469,,-0.05,0.86464,0.375,0.22016,-0.05,0.23648,-0.025,0.06328
2470,5,-0.05,0.84696,0.35,0.20248,1.0,0.25416,0.0,0.08096
2471,1,1.0,0.82928,0.325,0.1848,1.0,0.27184,0.025,0.09864
2472,,0.95,0.7616,0.25,0.11712,0.95,0.23952,0.0,0.06632
2473,,0.9,0.69392,0.175,0.04944,0.9,0.2072,-0.025,0.034
2474,7,0.9,0.67624,0.15,0.03176,0.9,0.22488,1.0,0.05168
2475,,0.85,0.60856,0.075,-0.03592,0.85,0.19256,0.975,0.01936
2476,4,0.85,0.59088,0.05,1.0,0.85,0.21024,1.0,0.03704
2477,,0.8,0.5232,-0.025,0.93232,0.8,0.17792,0.975,0.00472
2478,3,0.8,0.50552,1.0,0.91464,0.8,0.1956,1.0,0.0224
2479,,0.75,0.43784,0.925,0.84696,0.75,0.16328,0.975,-0.00992
2480,8,0.75,0.42016,0.9,0.82928,0.75,0.18096,1.0,1.0
2481,,0.7,0.35248,0.825,0.7616,0.7,0.14864,0.975,0.96768
2482,,0.65,0.2848,0.75,0.69392,0.65,0.11632,0.95,0.93536
2483,,0.6,0.21712,0.675,0.62624,0.6,0.084,0.925,0.90304
2484,,0.55,0.14944,0.6,0.55856,0.55,0.05168,0.9,0.87072
2485,,0.5,0.08176,0.525,0.49088,0.5,0.01936,0.875,0.8384
2486,,0.45,0.01408,0.45,0.4232,0.45,-0.01296,0.85,0.80608
2487,6,0.45,-0.0036,0.425,0.40552,0.45,1.0,0.875,0.82376
2488,2,0.45,1.0,0.4,0.38784,0.45,1.0,0.9,0.84144
2489,,0.4,0.93232,0.325,0.32016,0.4,0.96768,0.875,0.80912
2490,,0.35,0.86464,0.25,0.25248,0.35,0.93536,0.85,0.7768
2491,,0.3,0.79696,0.175,0.1848,0.3,0.90304,0.825,0.74448
2492,,0.25,0.72928,0.1,0.11712,0.25,0.87072,0.8,0.71216
2493,,0.2,0.6616,0.025,0.04944,0.2,0.8384,0.775,0.67984
2494,,0.15,0.59392,-0.05,-0.01824,0.15,0.80608,0.75,0.64752
2495,3,0.15,0.57624,1.0,-0.03592,0.15,0.82376,0.775,0.6652
2496,4,0.15,0.55856,0.975,1.0,0.15,0.84144,0.8,0.68288
2497,,0.1,0.49088,0.9,0.93232,0.1,0.80912,0.775,0.65056
2498,,0.05,0.4232,0.825,0.86464,0.05,0.7768,0.75,0.61824
2499,,0.0,0.35552,0.75,0.79696,0.0,0.74448,0.725,0.58592
2500,,-0.05,0.28784,0.675,0.72928,-0.05,0.71216,0.7,0.5536
2501,5,-0.05,0.27016,0.65,0.7116,1.0,0.72984,0.725,0.57128
2502,1,1.0,0.25248,0.625,0.69392,1.0,0.74752,0.75,0.58896
2503,,0.95,0.1848,0.55,0.62624,0.95,0.7152,0.725,0.55664
2504,,0.9,0.11712,0.475,0.55856,0.9,0.68288,0.7,0.52432
2505,,0.85,0.04944,0.4,0.49088,0.85,0.65056,0.675,0.492
2506,,0.8,-0.01824,0.325,0.4232,0.8,0.61824,0.65,0.45968
2507,2,0.8,1.0,0.3,0.40552,0.8,0.63592,0.675,0.47736
2508,,0.75,0.93232,0.225,0.33784,0.75,0.6036,0.65,0.44504
2509,,0.7,0.86464,0.15,0.27016,0.7,0.57128,0.625,0.41272
2510,,0.65,0.79696,0.075,0.20248,0.65,0.53896,0.6,0.3804
2511,,0.6,0.72928,-0.0,0.1348,0.6,0.50664,0.575,0.34808
2512,,0.55,0.6616,-0.075,0.06712,0.55,0.47432,0.55,0.31576
2513,3,0.55,0.64392,1.0,0.04944,0.55,0.492,0.575,0.33344
2514,,0.5,0.57624,0.925,-0.01824,0.5,0.45968,0.55,0.30112
2515,4,0.5,0.55856,0.9,1.0,0.5,0.47736,0.575,0.3188
2516,,0.45,0.49088,0.825,0.93232,0.45,0.44504,0.55,0.28648
2517,,0.4,0.4232,0.75,0.86464,0.4,0.41272,0.525,0.25416
2518,,0.35,0.35552,0.675,0.79696,0.35,0.3804,0.5,0.22184
2519,,0.3,0.28784,0.6,0.72928,0.3,0.34808,0.475,0.18952
2520,,0.25,0.22016,0.525,0.6616,0.25,0.31576,0.45,0.1572
2521,,0.2,0.15248,0.45,0.59392,0.2,0.28344,0.425,0.12488
2522,,0.15,0.0848,0.375,0.52624,0.15,0.25112,0.4,0.09256
2523,,0.1,0.01712,0.3,0.45856,0.1,0.2188,0.375,0.06024
2524,,0.05,-0.05056,0.225,0.39088,0.05,0.18648,0.35,0.02792
2525,2,0.05,1.0,0.2,0.3732,0.05,0.20416,0.375,0.0456
2526,,0.0,0.93232,0.125,0.30552,0.0,0.17184,0.35,0.01328
2527,,-0.05,0.86464,0.05,0.23784,-0.05,0.13952,0.325,-0.01904
2528,5,-0.05,0.84696,0.025,0.22016,1.0,0.1572,0.35,-0.00136
2529,1,1.0,0.82928,0.0,0.20248,1.0,0.17488,0.375,0.01632
2530,,0.95,0.7616,-0.075,0.1348,0.95,0.14256,0.35,-0.016
2531,3,0.95,0.74392,1.0,0.11712,0.95,0.16024,0.375,0.00168
2532,,0.9,0.67624,0.925,0.04944,0.9,0.12792,0.35,-0.03064
2533,8,0.9,0.65856,0.9,0.03176,0.9,0.1456,0.375,1.0
2534,,0.85,0.59088,0.825,-0.03592,0.85,0.11328,0.35,0.96768
2535,4,0.85,0.5732,0.8,1.0,0.85,0.13096,0.375,0.98536
2536,,0.8,0.50552,0.725,0.93232,0.8,0.09864,0.35,0.95304
2537,,0.75,0.43784,0.65,0.86464,0.75,0.06632,0.325,0.92072
2538,,0.7,0.37016,0.575,0.79696,0.7,0.034,0.3,0.8884
2539,,0.65,0.30248,0.5,0.72928,0.65,0.00168,0.275,0.85608
2540,,0.6,0.2348,0.425,0.6616,0.6,-0.03064,0.25,0.82376
2541,6,0.6,0.21712,0.4,0.64392,0.6,1.0,0.275,0.84144
2542,,0.55,0.14944,0.325,0.57624,0.55,0.96768,0.25,0.80912
2543,,0.5,0.08176,0.25,0.50856,0.5,0.93536,0.225,0.7768
2544,,0.45,0.01408,0.175,0.44088,0.45,0.90304,0.2,0.74448
2545,,0.4,-0.0536,0.1,0.3732,0.4,0.87072,0.175,0.71216
2546,2,0.4,1.0,0.075,0.35552,0.4,0.8884,0.2,0.72984
2547,,0.35,0.93232,-0.0,0.28784,0.35,0.85608,0.175,0.69752
2548,,0.3,0.86464,-0.075,0.22016,0.3,0.82376,0.15,0.6652
2549,3,0.3,0.84696,1.0,0.20248,0.3,0.84144,0.175,0.68288
2550,,0.25,0.77928,0.925,0.1348,0.25,0.80912,0.15,0.65056
2551,,0.2,0.7116,0.85,0.06712,0.2,0.7768,0.125,0.61824
2552,,0.15,0.64392,0.775,-0.00056,0.15,0.74448,0.1,0.58592
2553,4,0.15,0.62624,0.75,1.0,0.15,0.76216,0.125,0.6036
2554,,0.1,0.55856,0.675,0.93232,0.1,0.72984,0.1,0.57128
2555,,0.05,0.49088,0.6,0.86464,0.05,0.69752,0.075,0.53896
2556,,0.0,0.4232,0.525,0.79696,0.0,0.6652,0.05,0.50664
2557,,-0.05,0.35552,0.45,0.72928,-0.05,0.63288,0.025,0.47432
2558,1,1.0,0.33784,0.425,0.7116,-0.05,0.65056,0.05,0.492
2559,5,1.0,0.32016,0.4,0.69392,1.0,0.66824,0.075,0.50968
2560,,0.95,0.25248,0.325,0.62624,0.95,0.63592,0.05,0.47736
2561,,0.9,0.1848,0.25,0.55856,0.9,0.6036,0.025,0.44504
2562,,0.85,0.11712,0.175,0.49088,0.85,0.57128,0.0,0.41272
2563,,0.8,0.04944,0.1,0.4232,0.8,0.53896,-0.025,0.3804
2564,7,0.8,0.03176,0.075,0.40552,0.8,0.55664,1.0,0.39808
2565,,0.75,-0.03592,-0.0,0.33784,0.75,0.52432,0.975,0.36576
2566,2,0.75,1.0,-0.025,0.32016,0.75,0.542,1.0,0.38344
2567,3,0.75,0.98232,1.0,0.30248,0.75,0.55968,1.0,0.40112
2568,,0.7,0.91464,0.925,0.2348,0.7,0.52736,0.975,0.3688
2569,,0.65,0.84696,0.85,0.16712,0.65,0.49504,0.95,0.33648
2570,,0.6,0.77928,0.775,0.09944,0.6,0.46272,0.925,0.30416
2571,,0.55,0.7116,0.7,0.03176,0.55,0.4304,0.9,0.27184
2572,,0.5,0.64392,0.625,-0.03592,0.5,0.39808,0.875,0.23952
2573,4,0.5,0.62624,0.6,1.0,0.5,0.41576,0.9,0.2572
2574,,0.45,0.55856,0.525,0.93232,0.45,0.38344,0.875,0.22488
2575,,0.4,0.49088,0.45,0.86464,0.4,0.35112,0.85,0.19256
2576,,0.35,0.4232,0.375,0.79696,0.35,0.3188,0.825,0.16024
2577,,0.3,0.35552,0.3,0.72928,0.3,0.28648,0.8,0.12792
2578,,0.25,0.28784,0.225,0.6616,0.25,0.25416,0.775,0.0956
2579,,0.2,0.22016,0.15,0.59392,0.2,0.22184,0.75,0.06328
2580,,0.15,0.15248,0.075,0.52624,0.15,0.18952,0.725,0.03096
2581,,0.1,0.0848,-0.0,0.45856,0.1,0.1572,0.7,-0.00136
2582,8,0.1,0.06712,-0.025,0.44088,0.1,0.17488,0.725,1.0
2583,3,0.1,0.04944,1.0,0.4232,0.1,0.19256,0.75,1.0
2584,,0.05,-0.01824,0.925,0.35552,0.05,0.16024,0.725,0.96768
2585,2,0.05,1.0,0.9,0.33784,0.05,0.17792,0.75,0.98536
2586,,0.0,0.93232,0.825,0.27016,0.0,0.1456,0.725,0.95304
2587,,-0.05,0.86464,0.75,0.20248,-0.05,0.11328,0.7,0.92072
2588,5,-0.05,0.84696,0.725,0.1848,1.0,0.13096,0.725,0.9384
2589,1,1.0,0.82928,0.7,0.16712,1.0,0.14864,0.75,0.95608
2590,,0.95,0.7616,0.625,0.09944,0.95,0.11632,0.725,0.92376
2591,,0.9,0.69392,0.55,0.03176,0.9,0.084,0.7,0.89144
2592,,0.85,0.62624,0.475,-0.03592,0.85,0.05168,0.675,0.85912
2593,4,0.85,0.60856,0.45,1.0,0.85,0.06936,0.7,0.8768
2594,,0.8,0.54088,0.375,0.93232,0.8,0.03704,0.675,0.84448
2595,,0.75,0.4732,0.3,0.86464,0.75,0.00472,0.65,0.81216
2596,,0.7,0.40552,0.225,0.79696,0.7,-0.0276,0.625,0.77984
2597,6,0.7,0.38784,0.2,0.77928,0.7,1.0,0.65,0.79752
2598,,0.65,0.32016,0.125,0.7116,0.65,0.96768,0.625,0.7652
2599,,0.6,0.25248,0.05,0.64392,0.6,0.93536,0.6,0.73288
2600,,0.55,0.1848,-0.025,0.57624,0.55,0.90304,0.575,0.70056
2601,3,0.55,0.16712,1.0,0.55856,0.55,0.92072,0.6,0.71824
2602,,0.5,0.09944,0.925,0.49088,0.5,0.8884,0.575,0.68592
2603,,0.45,0.03176,0.85,0.4232,0.45,0.85608,0.55,0.6536
2604,,0.4,-0.03592,0.775,0.35552,0.4,0.82376,0.525,0.62128
2605,2,0.4,1.0,0.75,0.33784,0.4,0.84144,0.55,0.63896
2606,,0.35,0.93232,0.675,0.27016,0.35,0.80912,0.525,0.60664
2607,,0.3,0.86464,0.6,0.20248,0.3,0.7768,0.5,0.57432
2608,,0.25,0.79696,0.525,0.1348,0.25,0.74448,0.475,0.542
2609,,0.2,0.72928,0.45,0.06712,0.2,0.71216,0.45,0.50968
2610,,0.15,0.6616,0.375,-0.00056,0.15,0.67984,0.425,0.47736
2611,4,0.15,0.64392,0.35,1.0,0.15,0.69752,0.45,0.49504
2612,,0.1,0.57624,0.275,0.93232,0.1,0.6652,0.425,0.46272
2613,,0.05,0.50856,0.2,0.86464,0.05,0.63288,0.4,0.4304
2614,,0.0,0.44088,0.125,0.79696,0.0,0.60056,0.375,0.39808
2615,,-0.05,0.3732,0.05,0.72928,-0.05,0.56824,0.35,0.36576
2616,1,1.0,0.35552,0.025,0.7116,-0.05,0.58592,0.375,0.38344
2617,5,1.0,0.33784,0.0,0.69392,1.0,0.6036,0.4,0.40112
2618,,0.95,0.27016,-0.075,0.62624,0.95,0.57128,0.375,0.3688
2619,3,0.95,0.25248,1.0,0.60856,0.95,0.58896,0.4,0.38648
2620,,0.9,0.1848,0.925,0.54088,0.9,0.55664,0.375,0.35416
2621,,0.85,0.11712,0.85,0.4732,0.85,0.52432,0.35,0.32184
2622,,0.8,0.04944,0.775,0.40552,0.8,0.492,0.325,0.28952
2623,,0.75,-0.01824,0.7,0.33784,0.75,0.45968,0.3,0.2572
2624,2,0.75,1.0,0.675,0.32016,0.75,0.47736,0.325,0.27488
2625,,0.7,0.93232,0.6,0.25248,0.7,0.44504,0.3,0.24256
2626,,0.65,0.86464,0.525,0.1848,0.65,0.41272,0.275,0.21024
2627,,0.6,0.79696,0.45,0.11712,0.6,0.3804,0.25,0.17792
2628,,0.55,0.72928,0.375,0.04944,0.55,0.34808,0.225,0.1456
2629,,0.5,0.6616,0.3,-0.01824,0.5,0.31576,0.2,0.11328
2630,4,0.5,0.64392,0.275,1.0,0.5,0.33344,0.225,0.13096
2631,,0.45,0.57624,0.2,0.93232,0.45,0.30112,0.2,0.09864
2632,,0.4,0.50856,0.125,0.86464,0.4,0.2688,0.175,0.06632
2633,,0.35,0.44088,0.05,0.79696,0.35,0.23648,0.15,0.034
2634,,0.3,0.3732,-0.025,0.72928,0.3,0.20416,0.125,0.00168
2635,3,0.3,0.35552,1.0,0.7116,0.3,0.22184,0.15,0.01936
2636,,0.25,0.28784,0.925,0.64392,0.25,0.18952,0.125,-0.01296
2637,8,0.25,0.27016,0.9,0.62624,0.25,0.2072,0.15,1.0
2638,,0.2,0.20248,0.825,0.55856,0.2,0.17488,0.125,0.96768
2639,,0.15,0.1348,0.75,0.49088,0.15,0.14256,0.1,0.93536
2640,,0.1,0.06712,0.675,0.4232,0.1,0.11024,0.075,0.90304
2641,,0.05,-0.00056,0.6,0.35552,0.05,0.07792,0.05,0.87072
2642,2,0.05,1.0,0.575,0.33784,0.05,0.0956,0.075,0.8884
2643,,0.0,0.93232,0.5,0.27016,0.0,0.06328,0.05,0.85608
2644,,-0.05,0.86464,0.425,0.20248,-0.05,0.03096,0.025,0.82376
2645,5,-0.05,0.84696,0.4,0.1848,1.0,0.04864,0.05,0.84144
2646,1,1.0,0.82928,0.375,0.16712,1.0,0.06632,0.075,0.85912
2647,,0.95,0.7616,0.3,0.09944,0.95,0.034,0.05,0.8268
2648,,0.9,0.69392,0.225,0.03176,0.9,0.00168,0.025,0.79448
2649,,0.85,0.62624,0.15,-0.03592,0.85,-0.03064,0.0,0.76216
2650,4,0.85,0.60856,0.125,1.0,0.85,-0.01296,0.025,0.77984
2651,6,0.85,0.59088,0.1,0.98232,0.85,1.0,0.05,0.79752
2652,,0.8,0.5232,0.025,0.91464,0.8,0.96768,0.025,0.7652
2653,,0.75,0.45552,-0.05,0.84696,0.75,0.93536,0.0,0.73288
2654,3,0.75,0.43784,1.0,0.82928,0.75,0.95304,0.025,0.75056
2655,,0.7,0.37016,0.925,0.7616,0.7,0.92072,0.0,0.71824
2656,,0.65,0.30248,0.85,0.69392,0.65,0.8884,-0.025,0.68592
2657,7,0.65,0.2848,0.825,0.67624,0.65,0.90608,1.0,0.7036
2658,,0.6,0.21712,0.75,0.60856,0.6,0.87376,0.975,0.67128
2659,,0.55,0.14944,0.675,0.54088,0.55,0.84144,0.95,0.63896
2660,,0.5,0.08176,0.6,0.4732,0.5,0.80912,0.925,0.60664
2661,,0.45,0.01408,0.525,0.40552,0.45,0.7768,0.9,0.57432
2662,,0.4,-0.0536,0.45,0.33784,0.4,0.74448,0.875,0.542
2663,2,0.4,1.0,0.425,0.32016,0.4,0.76216,0.9,0.55968
2664,,0.35,0.93232,0.35,0.25248,0.35,0.72984,0.875,0.52736
2665,,0.3,0.86464,0.275,0.1848,0.3,0.69752,0.85,0.49504
2666,,0.25,0.79696,0.2,0.11712,0.25,0.6652,0.825,0.46272
2667,,0.2,0.72928,0.125,0.04944,0.2,0.63288,0.8,0.4304
2668,,0.15,0.6616,0.05,-0.01824,0.15,0.60056,0.775,0.39808
2669,4,0.15,0.64392,0.025,1.0,0.15,0.61824,0.8,0.41576
2670,,0.1,0.57624,-0.05,0.93232,0.1,0.58592,0.775,0.38344
2671,3,0.1,0.55856,1.0,0.91464,0.1,0.6036,0.8,0.40112
2672,,0.05,0.49088,0.925,0.84696,0.05,0.57128,0.775,0.3688
2673,,0.0,0.4232,0.85,0.77928,0.0,0.53896,0.75,0.33648
2674,,-0.05,0.35552,0.775,0.7116,-0.05,0.50664,0.725,0.30416
2675,5,-0.05,0.33784,0.75,0.69392,1.0,0.52432,0.75,0.32184
2676,1,1.0,0.32016,0.725,0.67624,1.0,0.542,0.775,0.33952
2677,,0.95,0.25248,0.65,0.60856,0.95,0.50968,0.75,0.3072
2678,,0.9,0.1848,0.575,0.54088,0.9,0.47736,0.725,0.27488
2679,,0.85,0.11712,0.5,0.4732,0.85,0.44504,0.7,0.24256
2680,,0.8,0.04944,0.425,0.40552,0.8,0.41272,0.675,0.21024
2681,,0.75,-0.01824,0.35,0.33784,0.75,0.3804,0.65,0.17792
2682,2,0.75,1.0,0.325,0.32016,0.75,0.39808,0.675,0.1956
2683,,0.7,0.93232,0.25,0.25248,0.7,0.36576,0.65,0.16328
2684,,0.65,0.86464,0.175,0.1848,0.65,0.33344,0.625,0.13096
2685,,0.6,0.79696,0.1,0.11712,0.6,0.30112,0.6,0.09864
2686,,0.55,0.72928,0.025,0.04944,0.55,0.2688,0.575,0.06632
2687,,0.5,0.6616,-0.05,-0.01824,0.5,0.23648,0.55,0.034
2688,3,0.5,0.64392,1.0,-0.03592,0.5,0.25416,0.575,0.05168
2689,4,0.5,0.62624,0.975,1.0,0.5,0.27184,0.6,0.06936
2690,,0.45,0.55856,0.9,0.93232,0.45,0.23952,0.575,0.03704
2691,,0.4,0.49088,0.825,0.86464,0.4,0.2072,0.55,0.00472
2692,,0.35,0.4232,0.75,0.79696,0.35,0.17488,0.525,-0.0276
2693,8,0.35,0.40552,0.725,0.77928,0.35,0.19256,0.55,1.0
2694,,0.3,0.33784,0.65,0.7116,0.3,0.16024,0.525,0.96768
2695,,0.25,0.27016,0.575,0.64392,0.25,0.12792,0.5,0.93536
2696,,0.2,0.20248,0.5,0.57624,0.2,0.0956,0.475,0.90304
2697,,0.15,0.1348,0.425,0.50856,0.15,0.06328,0.45,0.87072
2698,,0.1,0.06712,0.35,0.44088,0.1,0.03096,0.425,0.8384
2699,,0.05,-0.00056,0.275,0.3732,0.05,-0.00136,0.4,0.80608
2700,6,0.05,-0.01824,0.25,0.35552,0.05,1.0,0.425,0.82376
2701,2,0.05,1.0,0.225,0.33784,0.05,1.0,0.45,0.84144
2702,,0.0,0.93232,0.15,0.27016,0.0,0.96768,0.425,0.80912
2703,,-0.05,0.86464,0.075,0.20248,-0.05,0.93536,0.4,0.7768
2704,1,1.0,0.84696,0.05,0.1848,-0.05,0.95304,0.425,0.79448
2705,5,1.0,0.82928,0.025,0.16712,1.0,0.97072,0.45,0.81216
2706,,0.95,0.7616,-0.05,0.09944,0.95,0.9384,0.425,0.77984
2707,3,0.95,0.74392,1.0,0.08176,0.95,0.95608,0.45,0.79752
2708,,0.9,0.67624,0.925,0.01408,0.9,0.92376,0.425,0.7652
2709,,0.85,0.60856,0.85,-0.0536,0.85,0.89144,0.4,0.73288
2710,4,0.85,0.59088,0.825,1.0,0.85,0.90912,0.425,0.75056
2711,,0.8,0.5232,0.75,0.93232,0.8,0.8768,0.4,0.71824
2712,,0.75,0.45552,0.675,0.86464,0.75,0.84448,0.375,0.68592
2713,,0.7,0.38784,0.6,0.79696,0.7,0.81216,0.35,0.6536
2714,,0.65,0.32016,0.525,0.72928,0.65,0.77984,0.325,0.62128
2715,,0.6,0.25248,0.45,0.6616,0.6,0.74752,0.3,0.58896
2716,,0.55,0.1848,0.375,0.59392,0.55,0.7152,0.275,0.55664
2717,,0.5,0.11712,0.3,0.52624,0.5,0.68288,0.25,0.52432
2718,,0.45,0.04944,0.225,0.45856,0.45,0.65056,0.225,0.492
2719,,0.4,-0.01824,0.15,0.39088,0.4,0.61824,0.2,0.45968
2720,2,0.4,1.0,0.125,0.3732,0.4,0.63592,0.225,0.47736
2721,,0.35,0.93232,0.05,0.30552,0.35,0.6036,0.2,0.44504
2722,,0.3,0.86464,-0.025,0.23784,0.3,0.57128,0.175,0.41272
2723,3,0.3,0.84696,1.0,0.22016,0.3,0.58896,0.2,0.4304
2724,,0.25,0.77928,0.925,0.15248,0.25,0.55664,0.175,0.39808
2725,,0.2,0.7116,0.85,0.0848,0.2,0.52432,0.15,0.36576
2726,,0.15,0.64392,0.775,0.01712,0.15,0.492,0.125,0.33344
2727,,0.1,0.57624,0.7,-0.05056,0.1,0.45968,0.1,0.30112
2728,4,0.1,0.55856,0.675,1.0,0.1,0.47736,0.125,0.3188
2729,,0.05,0.49088,0.6,0.93232,0.05,0.44504,0.1,0.28648
2730,,0.0,0.4232,0.525,0.86464,0.0,0.41272,0.075,0.25416
2731,,-0.05,0.35552,0.45,0.79696,-0.05,0.3804,0.05,0.22184
2732,5,-0.05,0.33784,0.425,0.77928,1.0,0.39808,0.075,0.23952
2733,1,1.0,0.32016,0.4,0.7616,1.0,0.41576,0.1,0.2572
2734,,0.95,0.25248,0.325,0.69392,0.95,0.38344,0.075,0.22488
2735,,0.9,0.1848,0.25,0.62624,0.9,0.35112,0.05,0.19256
2736,,0.85,0.11712,0.175,0.55856,0.85,0.3188,0.025,0.16024
2737,,0.8,0.04944,0.1,0.49088,0.8,0.28648,0.0,0.12792
2738,,0.75,-0.01824,0.025,0.4232,0.75,0.25416,-0.025,0.0956
2739,7,0.75,-0.03592,0.0,0.40552,0.75,0.27184,1.0,0.11328
2740,2,0.75,1.0,-0.025,0.38784,0.75,0.28952,1.0,0.13096
2741,3,0.75,0.98232,1.0,0.37016,0.75,0.3072,1.0,0.14864
2742,,0.7,0.91464,0.925,0.30248,0.7,0.27488,0.975,0.11632
2743,,0.65,0.84696,0.85,0.2348,0.65,0.24256,0.95,0.084
2744,,0.6,0.77928,0.775,0.16712,0.6,0.21024,0.925,0.05168
2745,,0.55,0.7116,0.7,0.09944,0.55,0.17792,0.9,0.01936
2746,,0.5,0.64392,0.625,0.03176,0.5,0.1456,0.875,-0.01296
2747,8,0.5,0.62624,0.6,0.01408,0.5,0.16328,0.9,1.0
2748,,0.45,0.55856,0.525,-0.0536,0.45,0.13096,0.875,0.96768
2749,4,0.45,0.54088,0.5,1.0,0.45,0.14864,0.9,0.98536
2750,,0.4,0.4732,0.425,0.93232,0.4,0.11632,0.875,0.95304
2751,,0.35,0.40552,0.35,0.86464,0.35,0.084,0.85,0.92072
2752,,0.3,0.33784,0.275,0.79696,0.3,0.05168,0.825,0.8884
2753,,0.25,0.27016,0.2,0.72928,0.25,0.01936,0.8,0.85608
2754,,0.2,0.20248,0.125,0.6616,0.2,-0.01296,0.775,0.82376
2755,6,0.2,0.1848,0.1,0.64392,0.2,1.0,0.8,0.84144
2756,,0.15,0.11712,0.025,0.57624,0.15,0.96768,0.775,0.80912
2757,,0.1,0.04944,-0.05,0.50856,0.1,0.93536,0.75,0.7768
2758,3,0.1,0.03176,1.0,0.49088,0.1,0.95304,0.775,0.79448
2759,,0.05,-0.03592,0.925,0.4232,0.05,0.92072,0.75,0.76216
2760,2,0.05,1.0,0.9,0.40552,0.05,0.9384,0.775,0.77984
2761,,0.0,0.93232,0.825,0.33784,0.0,0.90608,0.75,0.74752
2762,,-0.05,0.86464,0.75,0.27016,-0.05,0.87376,0.725,0.7152
2763,1,1.0,0.84696,0.725,0.25248,-0.05,0.89144,0.75,0.73288
2764,5,1.0,0.82928,0.7,0.2348,1.0,0.90912,0.775,0.75056
2765,,0.95,0.7616,0.625,0.16712,0.95,0.8768,0.75,0.71824
2766,,0.9,0.69392,0.55,0.09944,0.9,0.84448,0.725,0.68592
2767,,0.85,0.62624,0.475,0.03176,0.85,0.81216,0.7,0.6536
2768,,0.8,0.55856,0.4,-0.03592,0.8,0.77984,0.675,0.62128
2769,4,0.8,0.54088,0.375,1.0,0.8,0.79752,0.7,0.63896
2770,,0.75,0.4732,0.3,0.93232,0.75,0.7652,0.675,0.60664
2771,,0.7,0.40552,0.225,0.86464,0.7,0.73288,0.65,0.57432
2772,,0.65,0.33784,0.15,0.79696,0.65,0.70056,0.625,0.542
2773,,0.6,0.27016,0.075,0.72928,0.6,0.66824,0.6,0.50968
2774,,0.55,0.20248,-0.0,0.6616,0.55,0.63592,0.575,0.47736
2775,,0.5,0.1348,-0.075,0.59392,0.5,0.6036,0.55,0.44504
2776,3,0.5,0.11712,1.0,0.57624,0.5,0.62128,0.575,0.46272
2777,,0.45,0.04944,0.925,0.50856,0.45,0.58896,0.55,0.4304
2778,,0.4,-0.01824,0.85,0.44088,0.4,0.55664,0.525,0.39808
2779,2,0.4,1.0,0.825,0.4232,0.4,0.57432,0.55,0.41576
2780,,0.35,0.93232,0.75,0.35552,0.35,0.542,0.525,0.38344
2781,,0.3,0.86464,0.675,0.28784,0.3,0.50968,0.5,0.35112
2782,,0.25,0.79696,0.6,0.22016,0.25,0.47736,0.475,0.3188
2783,,0.2,0.72928,0.525,0.15248,0.2,0.44504,0.45,0.28648
2784,,0.15,0.6616,0.45,0.0848,0.15,0.41272,0.425,0.25416
2785,,0.1,0.59392,0.375,0.01712,0.1,0.3804,0.4,0.22184
2786,,0.05,0.52624,0.3,-0.05056,0.05,0.34808,0.375,0.18952
2787,4,0.05,0.50856,0.275,1.0,0.05,0.36576,0.4,0.2072
2788,,0.0,0.44088,0.2,0.93232,0.0,0.33344,0.375,0.17488
2789,,-0.05,0.3732,0.125,0.86464,-0.05,0.30112,0.35,0.14256
2790,5,-0.05,0.35552,0.1,0.84696,1.0,0.3188,0.375,0.16024
2791,1,1.0,0.33784,0.075,0.82928,1.0,0.33648,0.4,0.17792
2792,,0.95,0.27016,-0.0,0.7616,0.95,0.30416,0.375,0.1456
2793,,0.9,0.20248,-0.075,0.69392,0.9,0.27184,0.35,0.11328
2794,3,0.9,0.1848,1.0,0.67624,0.9,0.28952,0.375,0.13096
2795,,0.85,0.11712,0.925,0.60856,0.85,0.2572,0.35,0.09864
2796,,0.8,0.04944,0.85,0.54088,0.8,0.22488,0.325,0.06632
2797,,0.75,-0.01824,0.775,0.4732,0.75,0.19256,0.3,0.034
2798,2,0.75,1.0,0.75,0.45552,0.75,0.21024,0.325,0.05168
2799,,0.7,0.93232,0.675,0.38784,0.7,0.17792,0.3,0.01936
2800,,0.65,0.86464,0.6,0.32016,0.65,0.1456,0.275,-0.01296
2801,8,0.65,0.84696,0.575,0.30248,0.65,0.16328,0.3,1.0
2802,,0.6,0.77928,0.5,0.2348,0.6,0.13096,0.275,0.96768
2803,,0.55,0.7116,0.425,0.16712,0.55,0.09864,0.25,0.93536
2804,,0.5,0.64392,0.35,0.09944,0.5,0.06632,0.225,0.90304
2805,,0.45,0.57624,0.275,0.03176,0.45,0.034,0.2,0.87072
2806,,0.4,0.50856,0.2,-0.03592,0.4,0.00168,0.175,0.8384
2807,4,0.4,0.49088,0.175,1.0,0.4,0.01936,0.2,0.85608
2808,,0.35,0.4232,0.1,0.93232,0.35,-0.01296,0.175,0.82376
2809,6,0.35,0.40552,0.075,0.91464,0.35,1.0,0.2,0.84144
2810,,0.3,0.33784,-0.0,0.84696,0.3,0.96768,0.175,0.80912
2811,,0.25,0.27016,-0.075,0.77928,0.25,0.93536,0.15,0.7768
2812,3,0.25,0.25248,1.0,0.7616,0.25,0.95304,0.175,0.79448
2813,,0.2,0.1848,0.925,0.69392,0.2,0.92072,0.15,0.76216
2814,,0.15,0.11712,0.85,0.62624,0.15,0.8884,0.125,0.72984
2815,,0.1,0.04944,0.775,0.55856,0.1,0.85608,0.1,0.69752
2816,,0.05,-0.01824,0.7,0.49088,0.05,0.82376,0.075,0.6652
2817,2,0.05,1.0,0.675,0.4732,0.05,0.84144,0.1,0.68288
2818,,0.0,0.93232,0.6,0.40552,0.0,0.80912,0.075,0.65056
2819,,-0.05,0.86464,0.525,0.33784,-0.05,0.7768,0.05,0.61824
2820,5,-0.05,0.84696,0.5,0.32016,1.0,0.79448,0.075,0.63592
2821,1,1.0,0.82928,0.475,0.30248,1.0,0.81216,0.1,0.6536
2822,,0.95,0.7616,0.4,0.2348,0.95,0.77984,0.075,0.62128
2823,,0.9,0.69392,0.325,0.16712,0.9,0.74752,0.05,0.58896
2824,,0.85,0.62624,0.25,0.09944,0.85,0.7152,0.025,0.55664
2825,,0.8,0.55856,0.175,0.03176,0.8,0.68288,0.0,0.52432
2826,,0.75,0.49088,0.1,-0.03592,0.75,0.65056,-0.025,0.492
2827,4,0.75,0.4732,0.075,1.0,0.75,0.66824,0.0,0.50968
2828,,0.7,0.40552,-0.0,0.93232,0.7,0.63592,-0.025,0.47736
2829,7,0.7,0.38784,-0.025,0.91464,0.7,0.6536,1.0,0.49504
2830,3,0.7,0.37016,1.0,0.89696,0.7,0.67128,1.0,0.51272
2831,,0.65,0.30248,0.925,0.82928,0.65,0.63896,0.975,0.4804
2832,,0.6,0.2348,0.85,0.7616,0.6,0.60664,0.95,0.44808
2833,,0.55,0.16712,0.775,0.69392,0.55,0.57432,0.925,0.41576
2834,,0.5,0.09944,0.7,0.62624,0.5,0.542,0.9,0.38344
2835,,0.45,0.03176,0.625,0.55856,0.45,0.50968,0.875,0.35112
2836,,0.4,-0.03592,0.55,0.49088,0.4,0.47736,0.85,0.3188
2837,2,0.4,1.0,0.525,0.4732,0.4,0.49504,0.875,0.33648
2838,,0.35,0.93232,0.45,0.40552,0.35,0.46272,0.85,0.30416
2839,,0.3,0.86464,0.375,0.33784,0.3,0.4304,0.825,0.27184
2840,,0.25,0.79696,0.3,0.27016,0.25,0.39808,0.8,0.23952
2841,,0.2,0.72928,0.225,0.20248,0.2,0.36576,0.775,0.2072
2842,,0.15,0.6616,0.15,0.1348,0.15,0.33344,0.75,0.17488
2843,,0.1,0.59392,0.075,0.06712,0.1,0.30112,0.725,0.14256
2844,,0.05,0.52624,-0.0,-0.00056,0.05,0.2688,0.7,0.11024
2845,4,0.05,0.50856,-0.025,1.0,0.05,0.28648,0.725,0.12792
2846,3,0.05,0.49088,1.0,0.98232,0.05,0.30416,0.75,0.1456
2847,,0.0,0.4232,0.925,0.91464,0.0,0.27184,0.725,0.11328
2848,,-0.05,0.35552,0.85,0.84696,-0.05,0.23952,0.7,0.08096
2849,1,1.0,0.33784,0.825,0.82928,-0.05,0.2572,0.725,0.09864
2850,5,1.0,0.32016,0.8,0.8116,1.0,0.27488,0.75,0.11632
2851,,0.95,0.25248,0.725,0.74392,0.95,0.24256,0.725,0.084
2852,,0.9,0.1848,0.65,0.67624,0.9,0.21024,0.7,0.05168
2853,,0.85,0.11712,0.575,0.60856,0.85,0.17792,0.675,0.01936
2854,,0.8,0.04944,0.5,0.54088,0.8,0.1456,0.65,-0.01296
2855,8,0.8,0.03176,0.475,0.5232,0.8,0.16328,0.675,1.0
2856,,0.75,-0.03592,0.4,0.45552,0.75,0.13096,0.65,0.96768
2857,2,0.75,1.0,0.375,0.43784,0.75,0.14864,0.675,0.98536
2858,,0.7,0.93232,0.3,0.37016,0.7,0.11632,0.65,0.95304
2859,,0.65,0.86464,0.225,0.30248,0.65,0.084,0.625,0.92072
2860,,0.6,0.79696,0.15,0.2348,0.6,0.05168,0.6,0.8884
2861,,0.55,0.72928,0.075,0.16712,0.55,0.01936,0.575,0.85608
2862,,0.5,0.6616,-0.0,0.09944,0.5,-0.01296,0.55,0.82376
2863,6,0.5,0.64392,-0.025,0.08176,0.5,1.0,0.575,0.84144
2864,3,0.5,0.62624,1.0,0.06408,0.5,1.0,0.6,0.85912
2865,,0.45,0.55856,0.925,-0.0036,0.45,0.96768,0.575,0.8268
2866,4,0.45,0.54088,0.9,1.0,0.45,0.98536,0.6,0.84448
2867,,0.4,0.4732,0.825,0.93232,0.4,0.95304,0.575,0.81216
2868,,0.35,0.40552,0.75,0.86464,0.35,0.92072,0.55,0.77984
2869,,0.3,0.33784,0.675,0.79696,0.3,0.8884,0.525,0.74752
2870,,0.25,0.27016,0.6,0.72928,0.25,0.85608,0.5,0.7152
2871,,0.2,0.20248,0.525,0.6616,0.2,0.82376,0.475,0.68288
2872,,0.15,0.1348,0.45,0.59392,0.15,0.79144,0.45,0.65056
2873,,0.1,0.06712,0.375,0.52624,0.1,0.75912,0.425,0.61824
2874,,0.05,-0.00056,0.3,0.45856,0.05,0.7268,0.4,0.58592
2875,2,0.05,1.0,0.275,0.44088,0.05,0.74448,0.425,0.6036
2876,,0.0,0.93232,0.2,0.3732,0.0,0.71216,0.4,0.57128
2877,,-0.05,0.86464,0.125,0.30552,-0.05,0.67984,0.375,0.53896
2878,5,-0.05,0.84696,0.1,0.28784,1.0,0.69752,0.4,0.55664
2879,1,1.0,0.82928,0.075,0.27016,1.0,0.7152,0.425,0.57432
2880,,0.95,0.7616,-0.0,0.20248,0.95,0.68288,0.4,0.542
2881,,0.9,0.69392,-0.075,0.1348,0.9,0.65056,0.375,0.50968
2882,3,0.9,0.67624,1.0,0.11712,0.9,0.66824,0.4,0.52736
2883,,0.85,0.60856,0.925,0.04944,0.85,0.63592,0.375,0.49504
2884,,0.8,0.54088,0.85,-0.01824,0.8,0.6036,0.35,0.46272
2885,4,0.8,0.5232,0.825,1.0,0.8,0.62128,0.375,0.4804
2886,,0.75,0.45552,0.75,0.93232,0.75,0.58896,0.35,0.44808
2887,,0.7,0.38784,0.675,0.86464,0.7,0.55664,0.325,0.41576
2888,,0.65,0.32016,0.6,0.79696,0.65,0.52432,0.3,0.38344
2889,,0.6,0.25248,0.525,0.72928,0.6,0.492,0.275,0.35112
2890,,0.55,0.1848,0.45,0.6616,0.55,0.45968,0.25,0.3188
2891,,0.5,0.11712,0.375,0.59392,0.5,0.42736,0.225,0.28648
2892,,0.45,0.04944,0.3,0.52624,0.45,0.39504,0.2,0.25416
2893,,0.4,-0.01824,0.225,0.45856,0.4,0.36272,0.175,0.22184
2894,2,0.4,1.0,0.2,0.44088,0.4,0.3804,0.2,0.23952
2895,,0.35,0.93232,0.125,0.3732,0.35,0.34808,0.175,0.2072
2896,,0.3,0.86464,0.05,0.30552,0.3,0.31576,0.15,0.17488
2897,,0.25,0.79696,-0.025,0.23784,0.25,0.28344,0.125,0.14256
2898,3,0.25,0.77928,1.0,0.22016,0.25,0.30112,0.15,0.16024
2899,,0.2,0.7116,0.925,0.15248,0.2,0.2688,0.125,0.12792
2900,,0.15,0.64392,0.85,0.0848,0.15,0.23648,0.1,0.0956
2901,,0.1,0.57624,0.775,0.01712,0.1,0.20416,0.075,0.06328
2902,,0.05,0.50856,0.7,-0.05056,0.05,0.17184,0.05,0.03096
2903,4,0.05,0.49088,0.675,1.0,0.05,0.18952,0.075,0.04864
2904,,0.0,0.4232,0.6,0.93232,0.0,0.1572,0.05,0.01632
2905,,-0.05,0.35552,0.525,0.86464,-0.05,0.12488,0.025,-0.016
2906,1,1.0,0.33784,0.5,0.84696,-0.05,0.14256,0.05,0.00168
2907,5,1.0,0.32016,0.475,0.82928,1.0,0.16024,0.075,0.01936
2908,,0.95,0.25248,0.4,0.7616,0.95,0.12792,0.05,-0.01296
2909,8,0.95,0.2348,0.375,0.74392,0.95,0.1456,0.075,1.0
2910,,0.9,0.16712,0.3,0.67624,0.9,0.11328,0.05,0.96768
2911,,0.85,0.09944,0.225,0.60856,0.85,0.08096,0.025,0.93536
2912,,0.8,0.03176,0.15,0.54088,0.8,0.04864,0.0,0.90304
2913,,0.75,-0.03592,0.075,0.4732,0.75,0.01632,-0.025,0.87072
2914,2,0.75,1.0,0.05,0.45552,0.75,0.034,0.0,0.8884
2915,,0.7,0.93232,-0.025,0.38784,0.7,0.00168,-0.025,0.85608
2916,7,0.7,0.91464,-0.05,0.37016,0.7,0.01936,1.0,0.87376
2917,3,0.7,0.89696,1.0,0.35248,0.7,0.03704,1.0,0.89144
2918,,0.65,0.82928,0.925,0.2848,0.65,0.00472,0.975,0.85912
2919,,0.6,0.7616,0.85,0.21712,0.6,-0.0276,0.95,0.8268
2920,6,0.6,0.74392,0.825,0.19944,0.6,1.0,0.975,0.84448
2921,,0.55,0.67624,0.75,0.13176,0.55,0.96768,0.95,0.81216
2922,,0.5,0.60856,0.675,0.06408,0.5,0.93536,0.925,0.77984
2923,,0.45,0.54088,0.6,-0.0036,0.45,0.90304,0.9,0.74752
2924,4,0.45,0.5232,0.575,1.0,0.45,0.92072,0.925,0.7652
2925,,0.4,0.45552,0.5,0.93232,0.4,0.8884,0.9,0.73288
2926,,0.35,0.38784,0.425,0.86464,0.35,0.85608,0.875,0.70056
2927,,0.3,0.32016,0.35,0.79696,0.3,0.82376,0.85,0.66824
2928,,0.25,0.25248,0.275,0.72928,0.25,0.79144,0.825,0.63592
2929,,0.2,0.1848,0.2,0.6616,0.2,0.75912,0.8,0.6036
2930,,0.15,0.11712,0.125,0.59392,0.15,0.7268,0.775,0.57128
2931,,0.1,0.04944,0.05,0.52624,0.1,0.69448,0.75,0.53896
2932,,0.05,-0.01824,-0.025,0.45856,0.05,0.66216,0.725,0.50664
2933,3,0.05,-0.03592,1.0,0.44088,0.05,0.67984,0.75,0.52432
2934,2,0.05,1.0,0.975,0.4232,0.05,0.69752,0.775,0.542
2935,,0.0,0.93232,0.9,0.35552,0.0,0.6652,0.75,0.50968
2936,,-0.05,0.86464,0.825,0.28784,-0.05,0.63288,0.725,0.47736
2937,1,1.0,0.84696,0.8,0.27016,-0.05,0.65056,0.75,0.49504
2938,5,1.0,0.82928,0.775,0.25248,1.0,0.66824,0.775,0.51272
2939,,0.95,0.7616,0.7,0.1848,0.95,0.63592,0.75,0.4804
2940,,0.9,0.69392,0.625,0.11712,0.9,0.6036,0.725,0.44808
2941,,0.85,0.62624,0.55,0.04944,0.85,0.57128,0.7,0.41576
2942,,0.8,0.55856,0.475,-0.01824,0.8,0.53896,0.675,0.38344
2943,4,0.8,0.54088,0.45,1.0,0.8,0.55664,0.7,0.40112
2944,,0.75,0.4732,0.375,0.93232,0.75,0.52432,0.675,0.3688
2945,,0.7,0.40552,0.3,0.86464,0.7,0.492,0.65,0.33648
2946,,0.65,0.33784,0.225,0.79696,0.65,0.45968,0.625,0.30416
2947,,0.6,0.27016,0.15,0.72928,0.6,0.42736,0.6,0.27184
2948,,0.55,0.20248,0.075,0.6616,0.55,0.39504,0.575,0.23952
2949,,0.5,0.1348,-0.0,0.59392,0.5,0.36272,0.55,0.2072
2950,,0.45,0.06712,-0.075,0.52624,0.45,0.3304,0.525,0.17488
2951,3,0.45,0.04944,1.0,0.50856,0.45,0.34808,0.55,0.19256
2952,,0.4,-0.01824,0.925,0.44088,0.4,0.31576,0.525,0.16024
2953,2,0.4,1.0,0.9,0.4232,0.4,0.33344,0.55,0.17792
2954,,0.35,0.93232,0.825,0.35552,0.35,0.30112,0.525,0.1456
2955,,0.3,0.86464,0.75,0.28784,0.3,0.2688,0.5,0.11328
2956,,0.25,0.79696,0.675,0.22016,0.25,0.23648,0.475,0.08096
2957,,0.2,0.72928,0.6,0.15248,0.2,0.20416,0.45,0.04864
2958,,0.15,0.6616,0.525,0.0848,0.15,0.17184,0.425,0.01632
2959,,0.1,0.59392,0.45,0.01712,0.1,0.13952,0.4,-0.016
2960,8,0.1,0.57624,0.425,-0.00056,0.1,0.1572,0.425,1.0
2961,4,0.1,0.55856,0.4,1.0,0.1,0.17488,0.45,1.0
2962,,0.05,0.49088,0.325,0.93232,0.05,0.14256,0.425,0.96768
2963,,0.0,0.4232,0.25,0.86464,0.0,0.11024,0.4,0.93536
2964,,-0.05,0.35552,0.175,0.79696,-0.05,0.07792,0.375,0.90304
2965,1,1.0,0.33784,0.15,0.77928,-0.05,0.0956,0.4,0.92072
2966,5,1.0,0.32016,0.125,0.7616,1.0,0.11328,0.425,0.9384
2967,,0.95,0.25248,0.05,0.69392,0.95,0.08096,0.4,0.90608
2968,,0.9,0.1848,-0.025,0.62624,0.9,0.04864,0.375,0.87376
2969,3,0.9,0.16712,1.0,0.60856,0.9,0.06632,0.4,0.89144
2970,,0.85,0.09944,0.925,0.54088,0.85,0.034,0.375,0.85912
2971,,0.8,0.03176,0.85,0.4732,0.8,0.00168,0.35,0.8268
2972,,0.75,-0.03592,0.775,0.40552,0.75,-0.03064,0.325,0.79448
2973,2,0.75,1.0,0.75,0.38784,0.75,-0.01296,0.35,0.81216
2974,6,0.75,0.98232,0.725,0.37016,0.75,1.0,0.375,0.82984
2975,,0.7,0.91464,0.65,0.30248,0.7,0.96768,0.35,0.79752
2976,,0.65,0.84696,0.575,0.2348,0.65,0.93536,0.325,0.7652
2977,,0.6,0.77928,0.5,0.16712,0.6,0.90304,0.3,0.73288
2978,,0.55,0.7116,0.425,0.09944,0.55,0.87072,0.275,0.70056
2979,,0.5,0.64392,0.35,0.03176,0.5,0.8384,0.25,0.66824
2980,,0.45,0.57624,0.275,-0.03592,0.45,0.80608,0.225,0.63592
2981,4,0.45,0.55856,0.25,1.0,0.45,0.82376,0.25,0.6536
2982,,0.4,0.49088,0.175,0.93232,0.4,0.79144,0.225,0.62128
2983,,0.35,0.4232,0.1,0.86464,0.35,0.75912,0.2,0.58896
2984,,0.3,0.35552,0.025,0.79696,0.3,0.7268,0.175,0.55664
2985,,0.25,0.28784,-0.05,0.72928,0.25,0.69448,0.15,0.52432
2986,3,0.25,0.27016,1.0,0.7116,0.25,0.71216,0.175,0.542
2987,,0.2,0.20248,0.925,0.64392,0.2,0.67984,0.15,0.50968
2988,,0.15,0.1348,0.85,0.57624,0.15,0.64752,0.125,0.47736
2989,,0.1,0.06712,0.775,0.50856,0.1,0.6152,0.1,0.44504
2990,,0.05,-0.00056,0.7,0.44088,0.05,0.58288,0.075,0.41272
2991,2,0.05,1.0,0.675,0.4232,0.05,0.60056,0.1,0.4304
2992,,0.0,0.93232,0.6,0.35552,0.0,0.56824,0.075,0.39808
2993,,-0.05,0.86464,0.525,0.28784,-0.05,0.53592,0.05,0.36576
2994,5,-0.05,0.84696,0.5,0.27016,1.0,0.5536,0.075,0.38344
2995,1,1.0,0.82928,0.475,0.25248,1.0,0.57128,0.1,0.40112
2996,,0.95,0.7616,0.4,0.1848,0.95,0.53896,0.075,0.3688
2997,,0.9,0.69392,0.325,0.11712,0.9,0.50664,0.05,0.33648
2998,,0.85,0.62624,0.25,0.04944,0.85,0.47432,0.025,0.30416
2999,,0.8,0.55856,0.175,-0.01824,0.8,0.442,0.0,0.27184
3000,4,0.8,0.54088,0.15,1.0,0.8,0.45968,0.025,0.28952
3001,,0.75,0.4732,0.075,0.93232,0.75,0.42736,0.0,0.2572
3002,,0.7,0.40552,-0.0,0.86464,0.7,0.39504,-0.025,0.22488
3003,7,0.7,0.38784,-0.025,0.84696,0.7,0.41272,1.0,0.24256
3004,3,0.7,0.37016,1.0,0.82928,0.7,0.4304,1.0,0.26024
3005,,0.65,0.30248,0.925,0.7616,0.65,0.39808,0.975,0.22792
3006,,0.6,0.2348,0.85,0.69392,0.6,0.36576,0.95,0.1956
3007,,0.55,0.16712,0.775,0.62624,0.55,0.33344,0.925,0.16328
3008,,0.5,0.09944,0.7,0.55856,0.5,0.30112,0.9,0.13096
3009,,0.45,0.03176,0.625,0.49088,0.45,0.2688,0.875,0.09864
3010,,0.4,-0.03592,0.55,0.4232,0.4,0.23648,0.85,0.06632
3011,2,0.4,1.0,0.525,0.40552,0.4,0.25416,0.875,0.084
3012,,0.35,0.93232,0.45,0.33784,0.35,0.22184,0.85,0.05168
3013,,0.3,0.86464,0.375,0.27016,0.3,0.18952,0.825,0.01936
3014,,0.25,0.79696,0.3,0.20248,0.25,0.1572,0.8,-0.01296
3015,8,0.25,0.77928,0.275,0.1848,0.25,0.17488,0.825,1.0
3016,,0.2,0.7116,0.2,0.11712,0.2,0.14256,0.8,0.96768
3017,,0.15,0.64392,0.125,0.04944,0.15,0.11024,0.775,0.93536
3018,,0.1,0.57624,0.05,-0.01824,0.1,0.07792,0.75,0.90304
3019,4,0.1,0.55856,0.025,1.0,0.1,0.0956,0.775,0.92072
3020,,0.05,0.49088,-0.05,0.93232,0.05,0.06328,0.75,0.8884
3021,3,0.05,0.4732,1.0,0.91464,0.05,0.08096,0.775,0.90608
3022,,0.0,0.40552,0.925,0.84696,0.0,0.04864,0.75,0.87376
3023,,-0.05,0.33784,0.85,0.77928,-0.05,0.01632,0.725,0.84144
3024,5,-0.05,0.32016,0.825,0.7616,1.0,0.034,0.75,0.85912
3025,1,1.0,0.30248,0.8,0.74392,1.0,0.05168,0.775,0.8768
3026,,0.95,0.2348,0.725,0.67624,0.95,0.01936,0.75,0.84448
3027,,0.9,0.16712,0.65,0.60856,0.9,-0.01296,0.725,0.81216
3028,6,0.9,0.14944,0.625,0.59088,0.9,1.0,0.75,0.82984
3029,,0.85,0.08176,0.55,0.5232,0.85,0.96768,0.725,0.79752
3030,,0.8,0.01408,0.475,0.45552,0.8,0.93536,0.7,0.7652
3031,,0.75,-0.0536,0.4,0.38784,0.75,0.90304,0.675,0.73288
3032,2,0.75,1.0,0.375,0.37016,0.75,0.92072,0.7,0.75056
3033,,0.7,0.93232,0.3,0.30248,0.7,0.8884,0.675,0.71824
3034,,0.65,0.86464,0.225,0.2348,0.65,0.85608,0.65,0.68592
3035,,0.6,0.79696,0.15,0.16712,0.6,0.82376,0.625,0.6536
3036,,0.55,0.72928,0.075,0.09944,0.55,0.79144,0.6,0.62128
3037,,0.5,0.6616,-0.0,0.03176,0.5,0.75912,0.575,0.58896
3038,,0.45,0.59392,-0.075,-0.03592,0.45,0.7268,0.55,0.55664
3039,3,0.45,0.57624,1.0,-0.0536,0.45,0.74448,0.575,0.57432
3040,4,0.45,0.55856,0.975,1.0,0.45,0.76216,0.6,0.592
3041,,0.4,0.49088,0.9,0.93232,0.4,0.72984,0.575,0.55968
3042,,0.35,0.4232,0.825,0.86464,0.35,0.69752,0.55,0.52736
3043,,0.3,0.35552,0.75,0.79696,0.3,0.6652,0.525,0.49504
3044,,0.25,0.28784,0.675,0.72928,0.25,0.63288,0.5,0.46272
3045,,0.2,0.22016,0.6,0.6616,0.2,0.60056,0.475,0.4304
3046,,0.15,0.15248,0.525,0.59392,0.15,0.56824,0.45,0.39808
3047,,0.1,0.0848,0.45,0.52624,0.1,0.53592,0.425,0.36576
3048,,0.05,0.01712,0.375,0.45856,0.05,0.5036,0.4,0.33344
3049,,0.0,-0.05056,0.3,0.39088,0.0,0.47128,0.375,0.30112
3050,2,0.0,1.0,0.275,0.3732,0.0,0.48896,0.4,0.3188
3051,,-0.05,0.93232,0.2,0.30552,-0.05,0.45664,0.375,0.28648
3052,1,1.0,0.91464,0.175,0.28784,-0.05,0.47432,0.4,0.30416
3053,5,1.0,0.89696,0.15,0.27016,1.0,0.492,0.425,0.32184
3054,,0.95,0.82928,0.075,0.20248,0.95,0.45968,0.4,0.28952
3055,,0.9,0.7616,-0.0,0.1348,0.9,0.42736,0.375,0.2572
3056,,0.85,0.69392,-0.075,0.06712,0.85,0.39504,0.35,0.22488
3057,3,0.85,0.67624,1.0,0.04944,0.85,0.41272,0.375,0.24256
3058,,0.8,0.60856,0.925,-0.01824,0.8,0.3804,0.35,0.21024
3059,4,0.8,0.59088,0.9,1.0,0.8,0.39808,0.375,0.22792
3060,,0.75,0.5232,0.825,0.93232,0.75,0.36576,0.35,0.1956
3061,,0.7,0.45552,0.75,0.86464,0.7,0.33344,0.325,0.16328
3062,,0.65,0.38784,0.675,0.79696,0.65,0.30112,0.3,0.13096
3063,,0.6,0.32016,0.6,0.72928,0.6,0.2688,0.275,0.09864
3064,,0.55,0.25248,0.525,0.6616,0.55,0.23648,0.25,0.06632
3065,,0.5,0.1848,0.45,0.59392,0.5,0.20416,0.225,0.034
3066,,0.45,0.11712,0.375,0.52624,0.45,0.17184,0.2,0.00168
3067,,0.4,0.04944,0.3,0.45856,0.4,0.13952,0.175,-0.03064
3068,8,0.4,0.03176,0.275,0.44088,0.4,0.1572,0.2,1.0
3069,,0.35,-0.03592,0.2,0.3732,0.35,0.12488,0.175,0.96768
3070,2,0.35,1.0,0.175,0.35552,0.35,0.14256,0.2,0.98536
3071,,0.3,0.93232,0.1,0.28784,0.3,0.11024,0.175,0.95304
3072,,0.25,0.86464,0.025,0.22016,0.25,0.07792,0.15,0.92072
3073,,0.2,0.79696,-0.05,0.15248,0.2,0.0456,0.125,0.8884
3074,3,0.2,0.77928,1.0,0.1348,0.2,0.06328,0.15,0.90608
3075,,0.15,0.7116,0.925,0.06712,0.15,0.03096,0.125,0.87376
3076,,0.1,0.64392,0.85,-0.00056,0.1,-0.00136,0.1,0.84144
3077,6,0.1,0.62624,0.825,-0.01824,0.1,1.0,0.125,0.85912
3078,4,0.1,0.60856,0.8,1.0,0.1,1.0,0.15,0.8768
3079,,0.05,0.54088,0.725,0.93232,0.05,0.96768,0.125,0.84448
3080,,0.0,0.4732,0.65,0.86464,0.0,0.93536,0.1,0.81216
3081,,-0.05,0.40552,0.575,0.79696,-0.05,0.90304,0.075,0.77984
3082,5,-0.05,0.38784,0.55,0.77928,1.0,0.92072,0.1,0.79752
3083,1,1.0,0.37016,0.525,0.7616,1.0,0.9384,0.125,0.8152
3084,,0.95,0.30248,0.45,0.69392,0.95,0.90608,0.1,0.78288
3085,,0.9,0.2348,0.375,0.62624,0.9,0.87376,0.075,0.75056
3086,,0.85,0.16712,0.3,0.55856,0.85,0.84144,0.05,0.71824
3087,,0.8,0.09944,0.225,0.49088,0.8,0.80912,0.025,0.68592
3088,,0.75,0.03176,0.15,0.4232,0.75,0.7768,0.0,0.6536
3089,,0.7,-0.03592,0.075,0.35552,0.7,0.74448,-0.025,0.62128
3090,2,0.7,1.0,0.05,0.33784,0.7,0.76216,0.0,0.63896
3091,,0.65,0.93232,-0.025,0.27016,0.65,0.72984,-0.025,0.60664
3092,7,0.65,0.91464,-0.05,0.25248,0.65,0.74752,1.0,0.62432
3093,3,0.65,0.89696,1.0,0.2348,0.65,0.7652,1.0,0.642
3094,,0.6,0.82928,0.925,0.16712,0.6,0.73288,0.975,0.60968
3095,,0.55,0.7616,0.85,0.09944,0.55,0.70056,0.95,0.57736
3096,,0.5,0.69392,0.775,0.03176,0.5,0.66824,0.925,0.54504
3097,,0.45,0.62624,0.7,-0.03592,0.45,0.63592,0.9,0.51272
3098,4,0.45,0.60856,0.675,1.0,0.45,0.6536,0.925,0.5304
3099,,0.4,0.54088,0.6,0.93232,0.4,0.62128,0.9,0.49808
3100,,0.35,0.4732,0.525,0.86464,0.35,0.58896,0.875,0.46576
3101,,0.3,0.40552,0.45,0.79696,0.3,0.55664,0.85,0.43344
3102,,0.25,0.33784,0.375,0.72928,0.25,0.52432,0.825,0.40112
3103,,0.2,0.27016,0.3,0.6616,0.2,0.492,0.8,0.3688
3104,,0.15,0.20248,0.225,0.59392,0.15,0.45968,0.775,0.33648
3105,,0.1,0.1348,0.15,0.52624,0.1,0.42736,0.75,0.30416
3106,,0.05,0.06712,0.075,0.45856,0.05,0.39504,0.725,0.27184
3107,,0.0,-0.00056,-0.0,0.39088,0.0,0.36272,0.7,0.23952
3108,2,0.0,1.0,-0.025,0.3732,0.0,0.3804,0.725,0.2572
3109,3,0.0,0.98232,1.0,0.35552,0.0,0.39808,0.75,0.27488
3110,,-0.05,0.91464,0.925,0.28784,-0.05,0.36576,0.725,0.24256
3111,5,-0.05,0.89696,0.9,0.27016,1.0,0.38344,0.75,0.26024
3112,1,1.0,0.87928,0.875,0.25248,1.0,0.40112,0.775,0.27792
3113,,0.95,0.8116,0.8,0.1848,0.95,0.3688,0.75,0.2456
3114,,0.9,0.74392,0.725,0.11712,0.9,0.33648,0.725,0.21328
3115,,0.85,0.67624,0.65,0.04944,0.85,0.30416,0.7,0.18096
3116,,0.8,0.60856,0.575,-0.01824,0.8,0.27184,0.675,0.14864
3117,4,0.8,0.59088,0.55,1.0,0.8,0.28952,0.7,0.16632
3118,,0.75,0.5232,0.475,0.93232,0.75,0.2572,0.675,0.134
3119,,0.7,0.45552,0.4,0.86464,0.7,0.22488,0.65,0.10168
3120,,0.65,0.38784,0.325,0.79696,0.65,0.19256,0.625,0.06936
3121,,0.6,0.32016,0.25,0.72928,0.6,0.16024,0.6,0.03704
3122,,0.55,0.25248,0.175,0.6616,0.55,0.12792,0.575,0.00472
3123,,0.5,0.1848,0.1,0.59392,0.5,0.0956,0.55,-0.0276
3124,8,0.5,0.16712,0.075,0.57624,0.5,0.11328,0.575,1.0
3125,,0.45,0.09944,-0.0,0.50856,0.45,0.08096,0.55,0.96768
3126,,0.4,0.03176,-0.075,0.44088,0.4,0.04864,0.525,0.93536
3127,3,0.4,0.01408,1.0,0.4232,0.4,0.06632,0.55,0.95304
3128,,0.35,-0.0536,0.925,0.35552,0.35,0.034,0.525,0.92072
3129,2,0.35,1.0,0.9,0.33784,0.35,0.05168,0.55,0.9384
3130,,0.3,0.93232,0.825,0.27016,0.3,0.01936,0.525,0.90608
3131,,0.25,0.86464,0.75,0.20248,0.25,-0.01296,0.5,0.87376
3132,6,0.25,0.84696,0.725,0.1848,0.25,1.0,0.525,0.89144
3133,,0.2,0.77928,0.65,0.11712,0.2,0.96768,0.5,0.85912
3134,,0.15,0.7116,0.575,0.04944,0.15,0.93536,0.475,0.8268
3135,,0.1,0.64392,0.5,-0.01824,0.1,0.90304,0.45,0.79448
3136,4,0.1,0.62624,0.475,1.0,0.1,0.92072,0.475,0.81216
3137,,0.05,0.55856,0.4,0.93232,0.05,0.8884,0.45,0.77984
3138,,0.0,0.49088,0.325,0.86464,0.0,0.85608,0.425,0.74752
3139,,-0.05,0.4232,0.25,0.79696,-0.05,0.82376,0.4,0.7152
3140,1,1.0,0.40552,0.225,0.77928,-0.05,0.84144,0.425,0.73288
3141,5,1.0,0.38784,0.2,0.7616,1.0,0.85912,0.45,0.75056
3142,,0.95,0.32016,0.125,0.69392,0.95,0.8268,0.425,0.71824
3143,,0.9,0.25248,0.05,0.62624,0.9,0.79448,0.4,0.68592
3144,,0.85,0.1848,-0.025,0.55856,0.85,0.76216,0.375,0.6536
3145,3,0.85,0.16712,1.0,0.54088,0.85,0.77984,0.4,0.67128
3146,,0.8,0.09944,0.925,0.4732,0.8,0.74752,0.375,0.63896
3147,,0.75,0.03176,0.85,0.40552,0.75,0.7152,0.35,0.60664
3148,,0.7,-0.03592,0.775,0.33784,0.7,0.68288,0.325,0.57432
3149,2,0.7,1.0,0.75,0.32016,0.7,0.70056,0.35,0.592
3150,,0.65,0.93232,0.675,0.25248,0.65,0.66824,0.325,0.55968
3151,,0.6,0.86464,0.6,0.1848,0.6,0.63592,0.3,0.52736
3152,,0.55,0.79696,0.525,0.11712,0.55,0.6036,0.275,0.49504
3153,,0.5,0.72928,0.45,0.04944,0.5,0.57128,0.25,0.46272
3154,,0.45,0.6616,0.375,-0.01824,0.45,0.53896,0.225,0.4304
3155,4,0.45,0.64392,0.35,1.0,0.45,0.55664,0.25,0.44808
3156,,0.4,0.57624,0.275,0.93232,0.4,0.52432,0.225,0.41576
3157,,0.35,0.50856,0.2,0.86464,0.35,0.492,0.2,0.38344
3158,,0.3,0.44088,0.125,0.79696,0.3,0.45968,0.175,0.35112
3159,,0.25,0.3732,0.05,0.72928,0.25,0.42736,0.15,0.3188
3160,,0.2,0.30552,-0.025,0.6616,0.2,0.39504,0.125,0.28648
3161,3,0.2,0.28784,1.0,0.64392,0.2,0.41272,0.15,0.30416
3162,,0.15,0.22016,0.925,0.57624,0.15,0.3804,0.125,0.27184
3163,,0.1,0.15248,0.85,0.50856,0.1,0.34808,0.1,0.23952
3164,,0.05,0.0848,0.775,0.44088,0.05,0.31576,0.075,0.2072
3165,,0.0,0.01712,0.7,0.3732,0.0,0.28344,0.05,0.17488
3166,,-0.05,-0.05056,0.625,0.30552,-0.05,0.25112,0.025,0.14256
3167,2,-0.05,1.0,0.6,0.28784,-0.05,0.2688,0.05,0.16024
3168,1,1.0,0.98232,0.575,0.27016,-0.05,0.28648,0.075,0.17792
3169,5,1.0,0.96464,0.55,0.25248,1.0,0.30416,0.1,0.1956
3170,,0.95,0.89696,0.475,0.1848,0.95,0.27184,0.075,0.16328
3171,,0.9,0.82928,0.4,0.11712,0.9,0.23952,0.05,0.13096
3172,,0.85,0.7616,0.325,0.04944,0.85,0.2072,0.025,0.09864
3173,,0.8,0.69392,0.25,-0.01824,0.8,0.17488,0.0,0.06632
3174,4,0.8,0.67624,0.225,1.0,0.8,0.19256,0.025,0.084
3175,,0.75,0.60856,0.15,0.93232,0.75,0.16024,0.0,0.05168
3176,,0.7,0.54088,0.075,0.86464,0.7,0.12792,-0.025,0.01936
3177,7,0.7,0.5232,0.05,0.84696,0.7,0.1456,1.0,0.03704
3178,,0.65,0.45552,-0.025,0.77928,0.65,0.11328,0.975,0.00472
3179,3,0.65,0.43784,1.0,0.7616,0.65,0.13096,1.0,0.0224
3180,,0.6,0.37016,0.925,0.69392,0.6,0.09864,0.975,-0.00992
3181,8,0.6,0.35248,0.9,0.67624,0.6,0.11632,1.0,1.0
3182,,0.55,0.2848,0.825,0.60856,0.55,0.084,0.975,0.96768
3183,,0.5,0.21712,0.75,0.54088,0.5,0.05168,0.95,0.93536
3184,,0.45,0.14944,0.675,0.4732,0.45,0.01936,0.925,0.90304
3185,,0.4,0.08176,0.6,0.40552,0.4,-0.01296,0.9,0.87072
3186,6,0.4,0.06408,0.575,0.38784,0.4,1.0,0.925,0.8884
3187,,0.35,-0.0036,0.5,0.32016,0.35,0.96768,0.9,0.85608
3188,2,0.35,1.0,0.475,0.30248,0.35,0.98536,0.925,0.87376
3189,,0.3,0.93232,0.4,0.2348,0.3,0.95304,0.9,0.84144
3190,,0.25,0.86464,0.325,0.16712,0.25,0.92072,0.875,0.80912
3191,,0.2,0.79696,0.25,0.09944,0.2,0.8884,0.85,0.7768
3192,,0.15,0.72928,0.175,0.03176,0.15,0.85608,0.825,0.74448
3193,,0.1,0.6616,0.1,-0.03592,0.1,0.82376,0.8,0.71216
3194,4,0.1,0.64392,0.075,1.0,0.1,0.84144,0.825,0.72984
3195,,0.05,0.57624,-0.0,0.93232,0.05,0.80912,0.8,0.69752
3196,,0.0,0.50856,-0.075,0.86464,0.0,0.7768,0.775,0.6652
3197,3,0.0,0.49088,1.0,0.84696,0.0,0.79448,0.8,0.68288
3198,,-0.05,0.4232,0.925,0.77928,-0.05,0.76216,0.775,0.65056
3199,1,1.0,0.40552,0.9,0.7616,-0.05,0.77984,0.8,0.66824
3200,5,1.0,0.38784,0.875,0.74392,1.0,0.79752,0.825,0.68592
3201,,0.95,0.32016,0.8,0.67624,0.95,0.7652,0.8,0.6536
3202,,0.9,0.25248,0.725,0.60856,0.9,0.73288,0.775,0.62128
3203,,0.85,0.1848,0.65,0.54088,0.85,0.70056,0.75,0.58896
3204,,0.8,0.11712,0.575,0.4732,0.8,0.66824,0.725,0.55664
3205,,0.75,0.04944,0.5,0.40552,0.75,0.63592,0.7,0.52432
3206,,0.7,-0.01824,0.425,0.33784,0.7,0.6036,0.675,0.492
3207,2,0.7,1.0,0.4,0.32016,0.7,0.62128,0.7,0.50968
3208,,0.65,0.93232,0.325,0.25248,0.65,0.58896,0.675,0.47736
3209,,0.6,0.86464,0.25,0.1848,0.6,0.55664,0.65,0.44504
3210,,0.55,0.79696,0.175,0.11712,0.55,0.52432,0.625,0.41272
3211,,0.5,0.72928,0.1,0.04944,0.5,0.492,0.6,0.3804
3212,,0.45,0.6616,0.025,-0.01824,0.45,0.45968,0.575,0.34808
3213,4,0.45,0.64392,0.0,1.0,0.45,0.47736,0.6,0.36576
3214,,0.4,0.57624,-0.075,0.93232,0.4,0.44504,0.575,0.33344
3215,3,0.4,0.55856,1.0,0.91464,0.4,0.46272,0.6,0.35112
3216,,0.35,0.49088,0.925,0.84696,0.35,0.4304,0.575,0.3188
3217,,0.3,0.4232,0.85,0.77928,0.3,0.39808,0.55,0.28648
3218,,0.25,0.35552,0.775,0.7116,0.25,0.36576,0.525,0.25416
3219,,0.2,0.28784,0.7,0.64392,0.2,0.33344,0.5,0.22184
3220,,0.15,0.22016,0.625,0.57624,0.15,0.30112,0.475,0.18952
3221,,0.1,0.15248,0.55,0.50856,0.1,0.2688,0.45,0.1572
3222,,0.05,0.0848,0.475,0.44088,0.05,0.23648,0.425,0.12488
3223,,0.0,0.01712,0.4,0.3732,0.0,0.20416,0.4,0.09256
3224,,-0.05,-0.05056,0.325,0.30552,-0.05,0.17184,0.375,0.06024
3225,2,-0.05,1.0,0.3,0.28784,-0.05,0.18952,0.4,0.07792
3226,1,1.0,0.98232,0.275,0.27016,-0.05,0.2072,0.425,0.0956
3227,5,1.0,0.96464,0.25,0.25248,1.0,0.22488,0.45,0.11328
3228,,0.95,0.89696,0.175,0.1848,0.95,0.19256,0.425,0.08096
3229,,0.9,0.82928,0.1,0.11712,0.9,0.16024,0.4,0.04864
3230,,0.85,0.7616,0.025,0.04944,0.85,0.12792,0.375,0.01632
3231,,0.8,0.69392,-0.05,-0.01824,0.8,0.0956,0.35,-0.016
3232,3,0.8,0.67624,1.0,-0.03592,0.8,0.11328,0.375,0.00168
3233,4,0.8,0.65856,0.975,1.0,0.8,0.13096,0.4,0.01936
3234,,0.75,0.59088,0.9,0.93232,0.75,0.09864,0.375,-0.01296
3235,8,0.75,0.5732,0.875,0.91464,0.75,0.11632,0.4,1.0
3236,,0.7,0.50552,0.8,0.84696,0.7,0.084,0.375,0.96768
3237,,0.65,0.43784,0.725,0.77928,0.65,0.05168,0.35,0.93536
3238,,0.6,0.37016,0.65,0.7116,0.6,0.01936,0.325,0.90304
3239,,0.55,0.30248,0.575,0.64392,0.55,-0.01296,0.3,0.87072
3240,6,0.55,0.2848,0.55,0.62624,0.55,1.0,0.325,0.8884
3241,,0.5,0.21712,0.475,0.55856,0.5,0.96768,0.3,0.85608
3242,,0.45,0.14944,0.4,0.49088,0.45,0.93536,0.275,0.82376
3243,,0.4,0.08176,0.325,0.4232,0.4,0.90304,0.25,0.79144
3244,,0.35,0.01408,0.25,0.35552,0.35,0.87072,0.225,0.75912
3245,,0.3,-0.0536,0.175,0.28784,0.3,0.8384,0.2,0.7268
3246,2,0.3,1.0,0.15,0.27016,0.3,0.85608,0.225,0.74448
3247,,0.25,0.93232,0.075,0.20248,0.25,0.82376,0.2,0.71216
3248,,0.2,0.86464,-0.0,0.1348,0.2,0.79144,0.175,0.67984
3249,,0.15,0.79696,-0.075,0.06712,0.15,0.75912,0.15,0.64752
3250,3,0.15,0.77928,1.0,0.04944,0.15,0.7768,0.175,0.6652
3251,,0.1,0.7116,0.925,-0.01824,0.1,0.74448,0.15,0.63288
3252,4,0.1,0.69392,0.9,1.0,0.1,0.76216,0.175,0.65056
3253,,0.05,0.62624,0.825,0.93232,0.05,0.72984,0.15,0.61824
3254,,0.0,0.55856,0.75,0.86464,0.0,0.69752,0.125,0.58592
3255,,-0.05,0.49088,0.675,0.79696,-0.05,0.6652,0.1,0.5536
3256,1,1.0,0.4732,0.65,0.77928,-0.05,0.68288,0.125,0.57128
3257,5,1.0,0.45552,0.625,0.7616,1.0,0.70056,0.15,0.58896
3258,,0.95,0.38784,0.55,0.69392,0.95,0.66824,0.125,0.55664
3259,,0.9,0.32016,0.475,0.62624,0.9,0.63592,0.1,0.52432
3260,,0.85,0.25248,0.4,0.55856,0.85,0.6036,0.075,0.492
3261,,0.8,0.1848,0.325,0.49088,0.8,0.57128,0.05,0.45968
3262,,0.75,0.11712,0.25,0.4232,0.75,0.53896,0.025,0.42736
3263,,0.7,0.04944,0.175,0.35552,0.7,0.50664,0.0,0.39504
3264,,0.65,-0.01824,0.1,0.28784,0.65,0.47432,-0.025,0.36272
3265,7,0.65,-0.03592,0.075,0.27016,0.65,0.492,1.0,0.3804
3266,2,0.65,1.0,0.05,0.25248,0.65,0.50968,1.0,0.39808
3267,,0.6,0.93232,-0.025,0.1848,0.6,0.47736,0.975,0.36576
3268,3,0.6,0.91464,1.0,0.16712,0.6,0.49504,1.0,0.38344
3269,,0.55,0.84696,0.925,0.09944,0.55,0.46272,0.975,0.35112
3270,,0.5,0.77928,0.85,0.03176,0.5,0.4304,0.95,0.3188
3271,,0.45,0.7116,0.775,-0.03592,0.45,0.39808,0.925,0.28648
3272,4,0.45,0.69392,0.75,1.0,0.45,0.41576,0.95,0.30416
3273,,0.4,0.62624,0.675,0.93232,0.4,0.38344,0.925,0.27184
3274,,0.35,0.55856,0.6,0.86464,0.35,0.35112,0.9,0.23952
3275,,0.3,0.49088,0.525,0.79696,0.3,0.3188,0.875,0.2072
3276,,0.25,0.4232,0.45,0.72928,0.25,0.28648,0.85,0.17488
3277,,0.2,0.35552,0.375,0.6616,0.2,0.25416,0.825,0.14256
3278,,0.15,0.28784,0.3,0.59392,0.15,0.22184,0.8,0.11024
3279,,0.1,0.22016,0.225,0.52624,0.1,0.18952,0.775,0.07792
3280,,0.05,0.15248,0.15,0.45856,0.05,0.1572,0.75,0.0456
3281,,0.0,0.0848,0.075,0.39088,0.0,0.12488,0.725,0.01328
3282,,-0.05,0.01712,-0.0,0.3232,-0.05,0.09256,0.7,-0.01904
3283,1,1.0,-0.00056,-0.025,0.30552,-0.05,0.11024,0.725,-0.00136
3284,5,1.0,-0.01824,-0.05,0.28784,1.0,0.12792,0.75,0.01632
3285,3,1.0,-0.03592,1.0,0.27016,1.0,0.1456,0.775,0.034
3286,2,1.0,1.0,0.975,0.25248,1.0,0.16328,0.8,0.05168
3287,,0.95,0.93232,0.9,0.1848,0.95,0.13096,0.775,0.01936
3288,,0.9,0.86464,0.825,0.11712,0.9,0.09864,0.75,-0.01296
3289,8,0.9,0.84696,0.8,0.09944,0.9,0.11632,0.775,1.0
3290,,0.85,0.77928,0.725,0.03176,0.85,0.084,0.75,0.96768
3291,,0.8,0.7116,0.65,-0.03592,0.8,0.05168,0.725,0.93536
3292,4,0.8,0.69392,0.625,1.0,0.8,0.06936,0.75,0.95304
3293,,0.75,0.62624,0.55,0.93232,0.75,0.03704,0.725,0.92072
3294,,0.7,0.55856,0.475,0.86464,0.7,0.00472,0.7,0.8884
3295,,0.65,0.49088,0.4,0.79696,0.65,-0.0276,0.675,0.85608
3296,6,0.65,0.4732,0.375,0.77928,0.65,1.0,0.7,0.87376
3297,,0.6,0.40552,0.3,0.7116,0.6,0.96768,0.675,0.84144
3298,,0.55,0.33784,0.225,0.64392,0.55,0.93536,0.65,0.80912
3299,,0.5,0.27016,0.15,0.57624,0.5,0.90304,0.625,0.7768
3300,,0.45,0.20248,0.075,0.50856,0.45,0.87072,0.6,0.74448
3301,,0.4,0.1348,-0.0,0.44088,0.4,0.8384,0.575,0.71216
3302,,0.35,0.06712,-0.075,0.3732,0.35,0.80608,0.55,0.67984
3303,3,0.35,0.04944,1.0,0.35552,0.35,0.82376,0.575,0.69752
3304,,0.3,-0.01824,0.925,0.28784,0.3,0.79144,0.55,0.6652
3305,2,0.3,1.0,0.9,0.27016,0.3,0.80912,0.575,0.68288
3306,,0.25,0.93232,0.825,0.20248,0.25,0.7768,0.55,0.65056
3307,,0.2,0.86464,0.75,0.1348,0.2,0.74448,0.525,0.61824
3308,,0.15,0.79696,0.675,0.06712,0.15,0.71216,0.5,0.58592
3309,,0.1,0.72928,0.6,-0.00056,0.1,0.67984,0.475,0.5536
3310,4,0.1,0.7116,0.575,1.0,0.1,0.69752,0.5,0.57128
3311,,0.05,0.64392,0.5,0.93232,0.05,0.6652,0.475,0.53896
3312,,0.0,0.57624,0.425,0.86464,0.0,0.63288,0.45,0.50664
3313,,-0.05,0.50856,0.35,0.79696,-0.05,0.60056,0.425,0.47432
3314,1,1.0,0.49088,0.325,0.77928,-0.05,0.61824,0.45,0.492
3315,5,1.0,0.4732,0.3,0.7616,1.0,0.63592,0.475,0.50968
3316,,0.95,0.40552,0.225,0.69392,0.95,0.6036,0.45,0.47736
3317,,0.9,0.33784,0.15,0.62624,0.9,0.57128,0.425,0.44504
3318,,0.85,0.27016,0.075,0.55856,0.85,0.53896,0.4,0.41272
3319,,0.8,0.20248,-0.0,0.49088,0.8,0.50664,0.375,0.3804
3320,,0.75,0.1348,-0.075,0.4232,0.75,0.47432,0.35,0.34808
3321,3,0.75,0.11712,1.0,0.40552,0.75,0.492,0.375,0.36576
3322,,0.7,0.04944,0.925,0.33784,0.7,0.45968,0.35,0.33344
3323,,0.65,-0.01824,0.85,0.27016,0.65,0.42736,0.325,0.30112
3324,2,0.65,1.0,0.825,0.25248,0.65,0.44504,0.35,0.3188
3325,,0.6,0.93232,0.75,0.1848,0.6,0.41272,0.325,0.28648
3326,,0.55,0.86464,0.675,0.11712,0.55,0.3804,0.3,0.25416
3327,,0.5,0.79696,0.6,0.04944,0.5,0.34808,0.275,0.22184
3328,,0.45,0.72928,0.525,-0.01824,0.45,0.31576,0.25,0.18952
3329,4,0.45,0.7116,0.5,1.0,0.45,0.33344,0.275,0.2072
3330,,0.4,0.64392,0.425,0.93232,0.4,0.30112,0.25,0.17488
3331,,0.35,0.57624,0.35,0.86464,0.35,0.2688,0.225,0.14256
3332,,0.3,0.50856,0.275,0.79696,0.3,0.23648,0.2,0.11024
3333,,0.25,0.44088,0.2,0.72928,0.25,0.20416,0.175,0.07792
3334,,0.2,0.3732,0.125,0.6616,0.2,0.17184,0.15,0.0456
3335,,0.15,0.30552,0.05,0.59392,0.15,0.13952,0.125,0.01328
3336,,0.1,0.23784,-0.025,0.52624,0.1,0.1072,0.1,-0.01904
3337,3,0.1,0.22016,1.0,0.50856,0.1,0.12488,0.125,-0.00136
3338,8,0.1,0.20248,0.975,0.49088,0.1,0.14256,0.15,1.0
3339,,0.05,0.1348,0.9,0.4232,0.05,0.11024,0.125,0.96768
3340,,0.0,0.06712,0.825,0.35552,0.0,0.07792,0.1,0.93536
3341,,-0.05,-0.00056,0.75,0.28784,-0.05,0.0456,0.075,0.90304
3342,1,1.0,-0.01824,0.725,0.27016,-0.05,0.06328,0.1,0.92072
3343,5,1.0,-0.03592,0.7,0.25248,1.0,0.08096,0.125,0.9384
3344,2,1.0,1.0,0.675,0.2348,1.0,0.09864,0.15,0.95608
3345,,0.95,0.93232,0.6,0.16712,0.95,0.06632,0.125,0.92376
3346,,0.9,0.86464,0.525,0.09944,0.9,0.034,0.1,0.89144
3347,,0.85,0.79696,0.45,0.03176,0.85,0.00168,0.075,0.85912
3348,,0.8,0.72928,0.375,-0.03592,0.8,-0.03064,0.05,0.8268
3349,4,0.8,0.7116,0.35,1.0,0.8,-0.01296,0.075,0.84448
3350,6,0.8,0.69392,0.325,0.98232,0.8,1.0,0.1,0.86216
3351,,0.75,0.62624,0.25,0.91464,0.75,0.96768,0.075,0.82984
3352,,0.7,0.55856,0.175,0.84696,0.7,0.93536,0.05,0.79752
3353,,0.65,0.49088,0.1,0.77928,0.65,0.90304,0.025,0.7652
3354,,0.6,0.4232,0.025,0.7116,0.6,0.87072,0.0,0.73288
3355,,0.55,0.35552,-0.05,0.64392,0.55,0.8384,-0.025,0.70056
3356,3,0.55,0.33784,1.0,0.62624,0.55,0.85608,0.0,0.71824
3357,,0.5,0.27016,0.925,0.55856,0.5,0.82376,-0.025,0.68592
3358,7,0.5,0.25248,0.9,0.54088,0.5,0.84144,1.0,0.7036
3359,,0.45,0.1848,0.825,0.4732,0.45,0.80912,0.975,0.67128
3360,,0.4,0.11712,0.75,0.40552,0.4,0.7768,0.95,0.63896
3361,,0.35,0.04944,0.675,0.33784,0.35,0.74448,0.925,0.60664
3362,,0.3,-0.01824,0.6,0.27016,0.3,0.71216,0.9,0.57432
3363,2,0.3,1.0,0.575,0.25248,0.3,0.72984,0.925,0.592
3364,,0.25,0.93232,0.5,0.1848,0.25,0.69752,0.9,0.55968
3365,,0.2,0.86464,0.425,0.11712,0.2,0.6652,0.875,0.52736
3366,,0.15,0.79696,0.35,0.04944,0.15,0.63288,0.85,0.49504
3367,,0.1,0.72928,0.275,-0.01824,0.1,0.60056,0.825,0.46272
3368,4,0.1,0.7116,0.25,1.0,0.1,0.61824,0.85,0.4804
3369,,0.05,0.64392,0.175,0.93232,0.05,0.58592,0.825,0.44808
3370,,0.0,0.57624,0.1,0.86464,0.0,0.5536,0.8,0.41576
3371,,-0.05,0.50856,0.025,0.79696,-0.05,0.52128,0.775,0.38344
3372,1,1.0,0.49088,0.0,0.77928,-0.05,0.53896,0.8,0.40112
3373,5,1.0,0.4732,-0.025,0.7616,1.0,0.55664,0.825,0.4188
3374,3,1.0,0.45552,1.0,0.74392,1.0,0.57432,0.85,0.43648
3375,,0.95,0.38784,0.925,0.67624,0.95,0.542,0.825,0.40416
3376,,0.9,0.32016,0.85,0.60856,0.9,0.50968,0.8,0.37184
3377,,0.85,0.25248,0.775,0.54088,0.85,0.47736,0.775,0.33952
3378,,0.8,0.1848,0.7,0.4732,0.8,0.44504,0.75,0.3072
3379,,0.75,0.11712,0.625,0.40552,0.75,0.41272,0.725,0.27488
3380,,0.7,0.04944,0.55,0.33784,0.7,0.3804,0.7,0.24256
3381,,0.65,-0.01824,0.475,0.27016,0.65,0.34808,0.675,0.21024
3382,2,0.65,1.0,0.45,0.25248,0.65,0.36576,0.7,0.22792
3383,,0.6,0.93232,0.375,0.1848,0.6,0.33344,0.675,0.1956
3384,,0.55,0.86464,0.3,0.11712,0.55,0.30112,0.65,0.16328
3385,,0.5,0.79696,0.225,0.04944,0.5,0.2688,0.625,0.13096
3386,,0.45,0.72928,0.15,-0.01824,0.45,0.23648,0.6,0.09864
3387,4,0.45,0.7116,0.125,1.0,0.45,0.25416,0.625,0.11632
3388,,0.4,0.64392,0.05,0.93232,0.4,0.22184,0.6,0.084
3389,,0.35,0.57624,-0.025,0.86464,0.35,0.18952,0.575,0.05168
3390,3,0.35,0.55856,1.0,0.84696,0.35,0.2072,0.6,0.06936
3391,,0.3,0.49088,0.925,0.77928,0.3,0.17488,0.575,0.03704
3392,,0.25,0.4232,0.85,0.7116,0.25,0.14256,0.55,0.00472
3393,,0.2,0.35552,0.775,0.64392,0.2,0.11024,0.525,-0.0276
3394,8,0.2,0.33784,0.75,0.62624,0.2,0.12792,0.55,1.0
3395,,0.15,0.27016,0.675,0.55856,0.15,0.0956,0.525,0.96768
3396,,0.1,0.20248,0.6,0.49088,0.1,0.06328,0.5,0.93536
3397,,0.05,0.1348,0.525,0.4232,0.05,0.03096,0.475,0.90304
3398,,0.0,0.06712,0.45,0.35552,0.0,-0.00136,0.45,0.87072
3399,6,0.0,0.04944,0.425,0.33784,0.0,1.0,0.475,0.8884
3400,,-0.05,-0.01824,0.35,0.27016,-0.05,0.96768,0.45,0.85608
3401,5,-0.05,-0.03592,0.325,0.25248,1.0,0.98536,0.475,0.87376
3402,1,1.0,-0.0536,0.3,0.2348,1.0,1.0,0.5,0.89144
3403,2,1.0,1.0,0.275,0.21712,1.0,1.0,0.525,0.90912
3404,,0.95,0.93232,0.2,0.14944,0.95,0.96768,0.5,0.8768
3405,,0.9,0.86464,0.125,0.08176,0.9,0.93536,0.475,0.84448
3406,,0.85,0.79696,0.05,0.01408,0.85,0.90304,0.45,0.81216
3407,,0.8,0.72928,-0.025,-0.0536,0.8,0.87072,0.425,0.77984
3408,4,0.8,0.7116,-0.05,1.0,0.8,0.8884,0.45,0.79752
3409,3,0.8,0.69392,1.0,0.98232,0.8,0.90608,0.475,0.8152
3410,,0.75,0.62624,0.925,0.91464,0.75,0.87376,0.45,0.78288
3411,,0.7,0.55856,0.85,0.84696,0.7,0.84144,0.425,0.75056
3412,,0.65,0.49088,0.775,0.77928,0.65,0.80912,0.4,0.71824
3413,,0.6,0.4232,0.7,0.7116,0.6,0.7768,0.375,0.68592
3414,,0.55,0.35552,0.625,0.64392,0.55,0.74448,0.35,0.6536
3415,,0.5,0.28784,0.55,0.57624,0.5,0.71216,0.325,0.62128
3416,,0.45,0.22016,0.475,0.50856,0.45,0.67984,0.3,0.58896
3417,,0.4,0.15248,0.4,0.44088,0.4,0.64752,0.275,0.55664
3418,,0.35,0.0848,0.325,0.3732,0.35,0.6152,0.25,0.52432
3419,,0.3,0.01712,0.25,0.30552,0.3,0.58288,0.225,0.492
3420,,0.25,-0.05056,0.175,0.23784,0.25,0.55056,0.2,0.45968
3421,2,0.25,1.0,0.15,0.22016,0.25,0.56824,0.225,0.47736
3422,,0.2,0.93232,0.075,0.15248,0.2,0.53592,0.2,0.44504
3423,,0.15,0.86464,-0.0,0.0848,0.15,0.5036,0.175,0.41272
3424,,0.1,0.79696,-0.075,0.01712,0.1,0.47128,0.15,0.3804
3425,3,0.1,0.77928,1.0,-0.00056,0.1,0.48896,0.175,0.39808
3426,4,0.1,0.7616,0.975,1.0,0.1,0.50664,0.2,0.41576
3427,,0.05,0.69392,0.9,0.93232,0.05,0.47432,0.175,0.38344
3428,,0.0,0.62624,0.825,0.86464,0.0,0.442,0.15,0.35112
3429,,-0.05,0.55856,0.75,0.79696,-0.05,0.40968,0.125,0.3188
3430,1,1.0,0.54088,0.725,0.77928,-0.05,0.42736,0.15,0.33648
3431,5,1.0,0.5232,0.7,0.7616,1.0,0.44504,0.175,0.35416
3432,,0.95,0.45552,0.625,0.69392,0.95,0.41272,0.15,0.32184
3433,,0.9,0.38784,0.55,0.62624,0.9,0.3804,0.125,0.28952
3434,,0.85,0.32016,0.475,0.55856,0.85,0.34808,0.1,0.2572
3435,,0.8,0.25248,0.4,0.49088,0.8,0.31576,0.075,0.22488
3436,,0.75,0.1848,0.325,0.4232,0.75,0.28344,0.05,0.19256
3437,,0.7,0.11712,0.25,0.35552,0.7,0.25112,0.025,0.16024
3438,,0.65,0.04944,0.175,0.28784,0.65,0.2188,0.0,0.12792
3439,,0.6,-0.01824,0.1,0.22016,0.6,0.18648,-0.025,0.0956
3440,7,0.6,-0.03592,0.075,0.20248,0.6,0.20416,1.0,0.11328
3441,2,0.6,1.0,0.05,0.1848,0.6,0.22184,1.0,0.13096
3442,,0.55,0.93232,-0.025,0.11712,0.55,0.18952,0.975,0.09864
3443,3,0.55,0.91464,1.0,0.09944,0.55,0.2072,1.0,0.11632
3444,,0.5,0.84696,0.925,0.03176,0.5,0.17488,0.975,0.084
3445,,0.45,0.77928,0.85,-0.03592,0.45,0.14256,0.95,0.05168
3446,4,0.45,0.7616,0.825,1.0,0.45,0.16024,0.975,0.06936
3447,,0.4,0.69392,0.75,0.93232,0.4,0.12792,0.95,0.03704
3448,,0.35,0.62624,0.675,0.86464,0.35,0.0956,0.925,0.00472
3449,,0.3,0.55856,0.6,0.79696,0.3,0.06328,0.9,-0.0276
3450,8,0.3,0.54088,0.575,0.77928,0.3,0.08096,0.925,1.0
3451,,0.25,0.4732,0.5,0.7116,0.25,0.04864,0.9,0.96768
3452,,0.2,0.40552,0.425,0.64392,0.2,0.01632,0.875,0.93536
3453,,0.15,0.33784,0.35,0.57624,0.15,-0.016,0.85,0.90304
3454,6,0.15,0.32016,0.325,0.55856,0.15,1.0,0.875,0.92072
3455,,0.1,0.25248,0.25,0.49088,0.1,0.96768,0.85,0.8884
3456,,0.05,0.1848,0.175,0.4232,0.05,0.93536,0.825,0.85608
3457,,0.0,0.11712,0.1,0.35552,0.0,0.90304,0.8,0.82376
3458,,-0.05,0.04944,0.025,0.28784,-0.05,0.87072,0.775,0.79144
3459,5,-0.05,0.03176,0.0,0.27016,1.0,0.8884,0.8,0.80912
3460,1,1.0,0.01408,-0.025,0.25248,1.0,0.90608,0.825,0.8268
3461,3,1.0,-0.0036,1.0,0.2348,1.0,0.92376,0.85,0.84448
3462,2,1.0,1.0,0.975,0.21712,1.0,0.94144,0.875,0.86216
3463,,0.95,0.93232,0.9,0.14944,0.95,0.90912,0.85,0.82984
3464,,0.9,0.86464,0.825,0.08176,0.9,0.8768,0.825,0.79752
3465,,0.85,0.79696,0.75,0.01408,0.85,0.84448,0.8,0.7652
3466,,0.8,0.72928,0.675,-0.0536,0.8,0.81216,0.775,0.73288
3467,4,0.8,0.7116,0.65,1.0,0.8,0.82984,0.8,0.75056
3468,,0.75,0.64392,0.575,0.93232,0.75,0.79752,0.775,0.71824
3469,,0.7,0.57624,0.5,0.86464,0.7,0.7652,0.75,0.68592
3470,,0.65,0.50856,0.425,0.79696,0.65,0.73288,0.725,0.6536
3471,,0.6,0.44088,0.35,0.72928,0.6,0.70056,0.7,0.62128
3472,,0.55,0.3732,0.275,0.6616,0.55,0.66824,0.675,0.58896
3473,,0.5,0.30552,0.2,0.59392,0.5,0.63592,0.65,0.55664
3474,,0.45,0.23784,0.125,0.52624,0.45,0.6036,0.625,0.52432
3475,,0.4,0.17016,0.05,0.45856,0.4,0.57128,0.6,0.492
3476,,0.35,0.10248,-0.025,0.39088,0.35,0.53896,0.575,0.45968
3477,3,0.35,0.0848,1.0,0.3732,0.35,0.55664,0.6,0.47736
3478,,0.3,0.01712,0.925,0.30552,0.3,0.52432,0.575,0.44504
3479,,0.25,-0.05056,0.85,0.23784,0.25,0.492,0.55,0.41272
3480,2,0.25,1.0,0.825,0.22016,0.25,0.50968,0.575,0.4304
3481,,0.2,0.93232,0.75,0.15248,0.2,0.47736,0.55,0.39808
3482,,0.15,0.86464,0.675,0.0848,0.15,0.44504,0.525,0.36576
3483,,0.1,0.79696,0.6,0.01712,0.1,0.41272,0.5,0.33344
3484,,0.05,0.72928,0.525,-0.05056,0.05,0.3804,0.475,0.30112
3485,4,0.05,0.7116,0.5,1.0,0.05,0.39808,0.5,0.3188
3486,,0.0,0.64392,0.425,0.93232,0.0,0.36576,0.475,0.28648
3487,,-0.05,0.57624,0.35,0.86464,-0.05,0.33344,0.45,0.25416
3488,5,-0.05,0.55856,0.325,0.84696,1.0,0.35112,0.475,0.27184
3489,1,1.0,0.54088,0.3,0.82928,1.0,0.3688,0.5,0.28952
3490,,0.95,0.4732,0.225,0.7616,0.95,0.33648,0.475,0.2572
3491,,0.9,0.40552,0.15,0.69392,0.9,0.30416,0.45,0.22488
3492,,0.85,0.33784,0.075,0.62624,0.85,0.27184,0.425,0.19256
3493,,0.8,0.27016,-0.0,0.55856,0.8,0.23952,0.4,0.16024
3494,,0.75,0.20248,-0.075,0.49088,0.75,0.2072,0.375,0.12792
3495,3,0.75,0.1848,1.0,0.4732,0.75,0.22488,0.4,0.1456
3496,,0.7,0.11712,0.925,0.40552,0.7,0.19256,0.375,0.11328
3497,,0.65,0.04944,0.85,0.33784,0.65,0.16024,0.35,0.08096
3498,,0.6,-0.01824,0.775,0.27016,0.6,0.12792,0.325,0.04864
3499,2,0.6,1.0,0.75,0.25248,0.6,0.1456,0.35,0.06632
3500,,0.55,0.93232,0.675,0.1848,0.55,0.11328,0.325,0.034
3501,,0.5,0.86464,0.6,0.11712,0.5,0.08096,0.3,0.00168
3502,,0.45,0.79696,0.525,0.04944,0.45,0.04864,0.275,-0.03064
3503,8,0.45,0.77928,0.5,0.03176,0.45,0.06632,0.3,1.0
3504,,0.4,0.7116,0.425,-0.03592,0.4,0.034,0.275,0.96768
3505,4,0.4,0.69392,0.4,1.0,0.4,0.05168,0.3,0.98536
3506,,0.35,0.62624,0.325,0.93232,0.35,0.01936,0.275,0.95304
3507,,0.3,0.55856,0.25,0.86464,0.3,-0.01296,0.25,0.92072
3508,6,0.3,0.54088,0.225,0.84696,0.3,1.0,0.275,0.9384
3509,,0.25,0.4732,0.15,0.77928,0.25,0.96768,0.25,0.90608
3510,,0.2,0.40552,0.075,0.7116,0.2,0.93536,0.225,0.87376
3511,,0.15,0.33784,-0.0,0.64392,0.15,0.90304,0.2,0.84144
3512,,0.1,0.27016,-0.075,0.57624,0.1,0.87072,0.175,0.80912
3513,3,0.1,0.25248,1.0,0.55856,0.1,0.8884,0.2,0.8268
3514,,0.05,0.1848,0.925,0.49088,0.05,0.85608,0.175,0.79448
3515,,0.0,0.11712,0.85,0.4232,0.0,0.82376,0.15,0.76216
3516,,-0.05,0.04944,0.775,0.35552,-0.05,0.79144,0.125,0.72984
3517,5,-0.05,0.03176,0.75,0.33784,1.0,0.80912,0.15,0.74752
3518,1,1.0,0.01408,0.725,0.32016,1.0,0.8268,0.175,0.7652
3519,,0.95,-0.0536,0.65,0.25248,0.95,0.79448,0.15,0.73288
3520,2,0.95,1.0,0.625,0.2348,0.95,0.81216,0.175,0.75056
3521,,0.9,0.93232,0.55,0.16712,0.9,0.77984,0.15,0.71824
3522,,0.85,0.86464,0.475,0.09944,0.85,0.74752,0.125,0.68592
3523,,0.8,0.79696,0.4,0.03176,0.8,0.7152,0.1,0.6536
3524,,0.75,0.72928,0.325,-0.03592,0.75,0.68288,0.075,0.62128
3525,4,0.75,0.7116,0.3,1.0,0.75,0.70056,0.1,0.63896
3526,,0.7,0.64392,0.225,0.93232,0.7,0.66824,0.075,0.60664
3527,,0.65,0.57624,0.15,0.86464,0.65,0.63592,0.05,0.57432
3528,,0.6,0.50856,0.075,0.79696,0.6,0.6036,0.025,0.542
3529,,0.55,0.44088,-0.0,0.72928,0.55,0.57128,0.0,0.50968
3530,,0.5,0.3732,-0.075,0.6616,0.5,0.53896,-0.025,0.47736
3531,3,0.5,0.35552,1.0,0.64392,0.5,0.55664,0.0,0.49504
3532,,0.45,0.28784,0.925,0.57624,0.45,0.52432,-0.025,0.46272
3533,7,0.45,0.27016,0.9,0.55856,0.45,0.542,1.0,0.4804
3534,,0.4,0.20248,0.825,0.49088,0.4,0.50968,0.975,0.44808
3535,,0.35,0.1348,0.75,0.4232,0.35,0.47736,0.95,0.41576
3536,,0.3,0.06712,0.675,0.35552,0.3,0.44504,0.925,0.38344
3537,,0.25,-0.00056,0.6,0.28784,0.25,0.41272,0.9,0.35112
3538,2,0.25,1.0,0.575,0.27016,0.25,0.4304,0.925,0.3688
3539,,0.2,0.93232,0.5,0.20248,0.2,0.39808,0.9,0.33648
3540,,0.15,0.86464,0.425,0.1348,0.15,0.36576,0.875,0.30416
3541,,0.1,0.79696,0.35,0.06712,0.1,0.33344,0.85,0.27184
3542,,0.05,0.72928,0.275,-0.00056,0.05,0.30112,0.825,0.23952
3543,4,0.05,0.7116,0.25,1.0,0.05,0.3188,0.85,0.2572
3544,,0.0,0.64392,0.175,0.93232,0.0,0.28648,0.825,0.22488
3545,,-0.05,0.57624,0.1,0.86464,-0.05,0.25416,0.8,0.19256
3546,1,1.0,0.55856,0.075,0.84696,-0.05,0.27184,0.825,0.21024
3547,5,1.0,0.54088,0.05,0.82928,1.0,0.28952,0.85,0.22792
3548,,0.95,0.4732,-0.025,0.7616,0.95,0.2572,0.825,0.1956
3549,3,0.95,0.45552,1.0,0.74392,0.95,0.27488,0.85,0.21328
3550,,0.9,0.38784,0.925,0.67624,0.9,0.24256,0.825,0.18096
3551,,0.85,0.32016,0.85,0.60856,0.85,0.21024,0.8,0.14864
3552,,0.8,0.25248,0.775,0.54088,0.8,0.17792,0.775,0.11632
3553,,0.75,0.1848,0.7,0.4732,0.75,0.1456,0.75,0.084
3554,,0.7,0.11712,0.625,0.40552,0.7,0.11328,0.725,0.05168
3555,,0.65,0.04944,0.55,0.33784,0.65,0.08096,0.7,0.01936
3556,,0.6,-0.01824,0.475,0.27016,0.6,0.04864,0.675,-0.01296
3557,2,0.6,1.0,0.45,0.25248,0.6,0.06632,0.7,0.00472
3558,,0.55,0.93232,0.375,0.1848,0.55,0.034,0.675,-0.0276
3559,8,0.55,0.91464,0.35,0.16712,0.55,0.05168,0.7,1.0
3560,,0.5,0.84696,0.275,0.09944,0.5,0.01936,0.675,0.96768
3561,,0.45,0.77928,0.2,0.03176,0.45,-0.01296,0.65,0.93536
3562,6,0.45,0.7616,0.175,0.01408,0.45,1.0,0.675,0.95304
3563,,0.4,0.69392,0.1,-0.0536,0.4,0.96768,0.65,0.92072
3564,4,0.4,0.67624,0.075,1.0,0.4,0.98536,0.675,0.9384
3565,,0.35,0.60856,-0.0,0.93232,0.35,0.95304,0.65,0.90608
3566,,0.3,0.54088,-0.075,0.86464,0.3,0.92072,0.625,0.87376
3567,3,0.3,0.5232,1.0,0.84696,0.3,0.9384,0.65,0.89144
3568,,0.25,0.45552,0.925,0.77928,0.25,0.90608,0.625,0.85912
3569,,0.2,0.38784,0.85,0.7116,0.2,0.87376,0.6,0.8268
3570,,0.15,0.32016,0.775,0.64392,0.15,0.84144,0.575,0.79448
3571,,0.1,0.25248,0.7,0.57624,0.1,0.80912,0.55,0.76216
3572,,0.05,0.1848,0.625,0.50856,0.05,0.7768,0.525,0.72984
3573,,0.0,0.11712,0.55,0.44088,0.0,0.74448,0.5,0.69752
3574,,-0.05,0.04944,0.475,0.3732,-0.05,0.71216,0.475,0.6652
3575,1,1.0,0.03176,0.45,0.35552,-0.05,0.72984,0.5,0.68288
3576,5,1.0,0.01408,0.425,0.33784,1.0,0.74752,0.525,0.70056
3577,,0.95,-0.0536,0.35,0.27016,0.95,0.7152,0.5,0.66824
3578,2,0.95,1.0,0.325,0.25248,0.95,0.73288,0.525,0.68592
3579,,0.9,0.93232,0.25,0.1848,0.9,0.70056,0.5,0.6536
3580,,0.85,0.86464,0.175,0.11712,0.85,0.66824,0.475,0.62128
3581,,0.8,0.79696,0.1,0.04944,0.8,0.63592,0.45,0.58896
3582,,0.75,0.72928,0.025,-0.01824,0.75,0.6036,0.425,0.55664
3583,4,0.75,0.7116,0.0,1.0,0.75,0.62128,0.45,0.57432
3584,,0.7,0.64392,-0.075,0.93232,0.7,0.58896,0.425,0.542
3585,3,0.7,0.62624,1.0,0.91464,0.7,0.60664,0.45,0.55968
3586,,0.65,0.55856,0.925,0.84696,0.65,0.57432,0.425,0.52736
3587,,0.6,0.49088,0.85,0.77928,0.6,0.542,0.4,0.49504
3588,,0.55,0.4232,0.775,0.7116,0.55,0.50968,0.375,0.46272
3589,,0.5,0.35552,0.7,0.64392,0.5,0.47736,0.35,0.4304
3590,,0.45,0.28784,0.625,0.57624,0.45,0.44504,0.325,0.39808
3591,,0.4,0.22016,0.55,0.50856,0.4,0.41272,0.3,0.36576
3592,,0.35,0.15248,0.475,0.44088,0.35,0.3804,0.275,0.33344
3593,,0.3,0.0848,0.4,0.3732,0.3,0.34808,0.25,0.30112
3594,,0.25,0.01712,0.325,0.30552,0.25,0.31576,0.225,0.2688
3595,,0.2,-0.05056,0.25,0.23784,0.2,0.28344,0.2,0.23648
3596,2,0.2,1.0,0.225,0.22016,0.2,0.30112,0.225,0.25416
3597,,0.15,0.93232,0.15,0.15248,0.15,0.2688,0.2,0.22184
3598,,0.1,0.86464,0.075,0.0848,0.1,0.23648,0.175,0.18952
3599,,0.05,0.79696,-0.0,0.01712,0.05,0.20416,0.15,0.1572
3600,,0.0,0.72928,-0.075,-0.05056,0.0,0.17184,0.125,0.12488
3601,3,0.0,0.7116,1.0,-0.06824,0.0,0.18952,0.15,0.14256
3602,4,0.0,0.69392,0.975,1.0,0.0,0.2072,0.175,0.16024
3603,,-0.05,0.62624,0.9,0.93232,-0.05,0.17488,0.15,0.12792
3604,1,1.0,0.60856,0.875,0.91464,-0.05,0.19256,0.175,0.1456
