step,active_motive,motive_1,motive_2,motive_3,motive_4,motive_5,motive_6,motive_7,motive_8
0,,0.0389,0.12538,0.88989,-0.60886,0.28335,0.63452,0.12048,-0.48999
1,4,0.0389,0.12538,0.88989,1.0,0.28335,0.63452,0.12048,-0.48999
2,8,0.0389,0.12538,0.88989,1.0,0.28335,0.63452,0.12048,1.0
3,,-0.0111,0.07538,0.83989,0.95,0.23335,0.58452,0.07048,0.95
4,1,1.0,0.07538,0.83989,0.95,0.23335,0.58452,0.07048,0.95
5,,0.95,0.02538,0.78989,0.9,0.18335,0.53452,0.02048,0.9
6,,0.9,-0.02462,0.73989,0.85,0.13335,0.48452,-0.02952,0.85
7,7,0.9,-0.02462,0.73989,0.85,0.13335,0.48452,1.0,0.85
8,2,0.9,1.0,0.73989,0.85,0.13335,0.48452,1.0,0.85
9,,0.85,0.95,0.68989,0.8,0.08335,0.43452,0.95,0.8
10,,0.8,0.9,0.63989,0.75,0.03335,0.38452,0.9,0.75
11,,0.75,0.85,0.58989,0.7,-0.01665,0.33452,0.85,0.7
12,5,0.75,0.85,0.58989,0.7,1.0,0.33452,0.85,0.7
13,,0.7,0.8,0.53989,0.65,0.95,0.28452,0.8,0.65
14,,0.65,0.75,0.48989,0.6,0.9,0.23452,0.75,0.6
15,,0.6,0.7,0.43989,0.55,0.85,0.18452,0.7,0.55
16,,0.55,0.65,0.38989,0.5,0.8,0.13452,0.65,0.5
17,,0.5,0.6,0.33989,0.45,0.75,0.08452,0.6,0.45
18,,0.45,0.55,0.28989,0.4,0.7,0.03452,0.55,0.4
19,,0.4,0.5,0.23989,0.35,0.65,-0.01548,0.5,0.35
20,6,0.4,0.5,0.23989,0.35,0.65,1.0,0.5,0.35
21,,0.35,0.45,0.18989,0.3,0.6,0.95,0.45,0.3
22,,0.3,0.4,0.13989,0.25,0.55,0.9,0.4,0.25
23,,0.25,0.35,0.08989,0.2,0.5,0.85,0.35,0.2
24,,0.2,0.3,0.03989,0.15,0.45,0.8,0.3,0.15
25,,0.15,0.25,-0.01011,0.1,0.4,0.75,0.25,0.1
26,3,0.15,0.25,1.0,0.1,0.4,0.75,0.25,0.1
27,,0.1,0.2,0.95,0.05,0.35,0.7,0.2,0.05
28,,0.05,0.15,0.9,0.0,0.3,0.65,0.15,0.0
29,,0.0,0.1,0.85,-0.05,0.25,0.6,0.1,-0.05
30,4,0.0,0.1,0.85,1.0,0.25,0.6,0.1,-0.05
31,8,0.0,0.1,0.85,1.0,0.25,0.6,0.1,1.0
32,,-0.05,0.05,0.8,0.95,0.2,0.55,0.05,0.95
33,1,1.0,0.05,0.8,0.95,0.2,0.55,0.05,0.95
34,,0.95,0.0,0.75,0.9,0.15,0.5,0.0,0.9
35,,0.9,-0.05,0.7,0.85,0.1,0.45,-0.05,0.85
36,2,0.9,1.0,0.7,0.85,0.1,0.45,-0.05,0.85
37,7,0.9,1.0,0.7,0.85,0.1,0.45,1.0,0.85
38,,0.85,0.95,0.65,0.8,0.05,0.4,0.95,0.8
39,,0.8,0.9,0.6,0.75,0.0,0.35,0.9,0.75
40,,0.75,0.85,0.55,0.7,-0.05,0.3,0.85,0.7
41,5,0.75,0.85,0.55,0.7,1.0,0.3,0.85,0.7
42,,0.7,0.8,0.5,0.65,0.95,0.25,0.8,0.65
43,,0.65,0.75,0.45,0.6,0.9,0.2,0.75,0.6
44,,0.6,0.7,0.4,0.55,0.85,0.15,0.7,0.55
45,,0.55,0.65,0.35,0.5,0.8,0.1,0.65,0.5
46,,0.5,0.6,0.3,0.45,0.75,0.05,0.6,0.45
47,,0.45,0.55,0.25,0.4,0.7,0.0,0.55,0.4
48,,0.4,0.5,0.2,0.35,0.65,-0.05,0.5,0.35
49,6,0.4,0.5,0.2,0.35,0.65,1.0,0.5,0.35
50,,0.35,0.45,0.15,0.3,0.6,0.95,0.45,0.3
51,,0.3,0.4,0.1,0.25,0.55,0.9,0.4,0.25
52,,0.25,0.35,0.05,0.2,0.5,0.85,0.35,0.2
53,,0.2,0.3,0.0,0.15,0.45,0.8,0.3,0.15
54,,0.15,0.25,-0.05,0.1,0.4,0.75,0.25,0.1
55,3,0.15,0.25,1.0,0.1,0.4,0.75,0.25,0.1
56,,0.1,0.2,0.95,0.05,0.35,0.7,0.2,0.05
57,,0.05,0.15,0.9,0.0,0.3,0.65,0.15,0.0
58,,0.0,0.1,0.85,-0.05,0.25,0.6,0.1,-0.05
59,4,0.0,0.1,0.85,1.0,0.25,0.6,0.1,-0.05
60,8,0.0,0.1,0.85,1.0,0.25,0.6,0.1,1.0
61,,-0.05,0.05,0.8,0.95,0.2,0.55,0.05,0.95
62,1,1.0,0.05,0.8,0.95,0.2,0.55,0.05,0.95
63,,0.95,0.0,0.75,0.9,0.15,0.5,0.0,0.9
64,,0.9,-0.05,0.7,0.85,0.1,0.45,-0.05,0.85
65,7,0.9,-0.05,0.7,0.85,0.1,0.45,1.0,0.85
66,2,0.9,1.0,0.7,0.85,0.1,0.45,1.0,0.85
67,,0.85,0.95,0.65,0.8,0.05,0.4,0.95,0.8
68,,0.8,0.9,0.6,0.75,0.0,0.35,0.9,0.75
69,,0.75,0.85,0.55,0.7,-0.05,0.3,0.85,0.7
70,5,0.75,0.85,0.55,0.7,1.0,0.3,0.85,0.7
71,,0.7,0.8,0.5,0.65,0.95,0.25,0.8,0.65
72,,0.65,0.75,0.45,0.6,0.9,0.2,0.75,0.6
73,,0.6,0.7,0.4,0.55,0.85,0.15,0.7,0.55
74,,0.55,0.65,0.35,0.5,0.8,0.1,0.65,0.5
75,,0.5,0.6,0.3,0.45,0.75,0.05,0.6,0.45
76,,0.45,0.55,0.25,0.4,0.7,0.0,0.55,0.4
77,,0.4,0.5,0.2,0.35,0.65,-0.05,0.5,0.35
78,6,0.4,0.5,0.2,0.35,0.65,1.0,0.5,0.35
79,,0.35,0.45,0.15,0.3,0.6,0.95,0.45,0.3
80,,0.3,0.4,0.1,0.25,0.55,0.9,0.4,0.25
81,,0.25,0.35,0.05,0.2,0.5,0.85,0.35,0.2
82,,0.2,0.3,0.0,0.15,0.45,0.8,0.3,0.15
83,,0.15,0.25,-0.05,0.1,0.4,0.75,0.25,0.1
84,3,0.15,0.25,1.0,0.1,0.4,0.75,0.25,0.1
85,,0.1,0.2,0.95,0.05,0.35,0.7,0.2,0.05
86,,0.05,0.15,0.9,0.0,0.3,0.65,0.15,0.0
87,,0.0,0.1,0.85,-0.05,0.25,0.6,0.1,-0.05
88,8,0.0,0.1,0.85,-0.05,0.25,0.6,0.1,1.0
89,4,0.0,0.1,0.85,1.0,0.25,0.6,0.1,1.0
90,,-0.05,0.05,0.8,0.95,0.2,0.55,0.05,0.95
91,1,1.0,0.05,0.8,0.95,0.2,0.55,0.05,0.95
92,,0.95,0.0,0.75,0.9,0.15,0.5,0.0,0.9
93,,0.9,-0.05,0.7,0.85,0.1,0.45,-0.05,0.85
94,2,0.9,1.0,0.7,0.85,0.1,0.45,-0.05,0.85
95,7,0.9,1.0,0.7,0.85,0.1,0.45,1.0,0.85
96,,0.85,0.95,0.65,0.8,0.05,0.4,0.95,0.8
97,,0.8,0.9,0.6,0.75,0.0,0.35,0.9,0.75
98,,0.75,0.85,0.55,0.7,-0.05,0.3,0.85,0.7
99,5,0.75,0.85,0.55,0.7,1.0,0.3,0.85,0.7
100,,0.7,0.8,0.5,0.65,0.95,0.25,0.8,0.65
101,,0.65,0.75,0.45,0.6,0.9,0.2,0.75,0.6
102,,0.6,0.7,0.4,0.55,0.85,0.15,0.7,0.55
103,,0.55,0.65,0.35,0.5,0.8,0.1,0.65,0.5
104,,0.5,0.6,0.3,0.45,0.75,0.05,0.6,0.45
105,,0.45,0.55,0.25,0.4,0.7,0.0,0.55,0.4
106,,0.4,0.5,0.2,0.35,0.65,-0.05,0.5,0.35
107,6,0.4,0.5,0.2,0.35,0.65,1.0,0.5,0.35
108,,0.35,0.45,0.15,0.3,0.6,0.95,0.45,0.3
109,,0.3,0.4,0.1,0.25,0.55,0.9,0.4,0.25
110,,0.25,0.35,0.05,0.2,0.5,0.85,0.35,0.2
111,,0.2,0.3,0.0,0.15,0.45,0.8,0.3,0.15
112,,0.15,0.25,-0.05,0.1,0.4,0.75,0.25,0.1
113,3,0.15,0.25,1.0,0.1,0.4,0.75,0.25,0.1
114,,0.1,0.2,0.95,0.05,0.35,0.7,0.2,0.05
115,,0.05,0.15,0.9,0.0,0.3,0.65,0.15,0.0
116,,0.0,0.1,0.85,-0.05,0.25,0.6,0.1,-0.05
117,8,0.0,0.1,0.85,-0.05,0.25,0.6,0.1,1.0
118,4,0.0,0.1,0.85,1.0,0.25,0.6,0.1,1.0
119,,-0.05,0.05,0.8,0.95,0.2,0.55,0.05,0.95
120,1,1.0,0.05,0.8,0.95,0.2,0.55,0.05,0.95
121,,0.95,0.0,0.75,0.9,0.15,0.5,0.0,0.9
122,,0.9,-0.05,0.7,0.85,0.1,0.45,-0.05,0.85
123,7,0.9,-0.05,0.7,0.85,0.1,0.45,1.0,0.85
124,2,0.9,1.0,0.7,0.85,0.1,0.45,1.0,0.85
125,,0.85,0.95,0.65,0.8,0.05,0.4,0.95,0.8
126,,0.8,0.9,0.6,0.75,0.0,0.35,0.9,0.75
127,,0.75,0.85,0.55,0.7,-0.05,0.3,0.85,0.7
128,5,0.75,0.85,0.55,0.7,1.0,0.3,0.85,0.7
129,,0.7,0.8,0.5,0.65,0.95,0.25,0.8,0.65
130,,0.65,0.75,0.45,0.6,0.9,0.2,0.75,0.6
131,,0.6,0.7,0.4,0.55,0.85,0.15,0.7,0.55
132,,0.55,0.65,0.35,0.5,0.8,0.1,0.65,0.5
133,,0.5,0.6,0.3,0.45,0.75,0.05,0.6,0.45
134,,0.45,0.55,0.25,0.4,0.7,0.0,0.55,0.4
135,,0.4,0.5,0.2,0.35,0.65,-0.05,0.5,0.35
136,6,0.4,0.5,0.2,0.35,0.65,1.0,0.5,0.35
137,,0.35,0.45,0.15,0.3,0.6,0.95,0.45,0.3
138,,0.3,0.4,0.1,0.25,0.55,0.9,0.4,0.25
139,,0.25,0.35,0.05,0.2,0.5,0.85,0.35,0.2
140,,0.2,0.3,0.0,0.15,0.45,0.8,0.3,0.15
141,,0.15,0.25,-0.05,0.1,0.4,0.75,0.25,0.1
142,3,0.15,0.25,1.0,0.1,0.4,0.75,0.25,0.1
143,,0.1,0.2,0.95,0.05,0.35,0.7,0.2,0.05
144,,0.05,0.15,0.9,0.0,0.3,0.65,0.15,0.0
145,,0.0,0.1,0.85,-0.05,0.25,0.6,0.1,-0.05
146,4,0.0,0.1,0.85,1.0,0.25,0.6,0.1,-0.05
147,8,0.0,0.1,0.85,1.0,0.25,0.6,0.1,1.0
148,,-0.05,0.05,0.8,0.95,0.2,0.55,0.05,0.95
149,1,1.0,0.05,0.8,0.95,0.2,0.55,0.05,0.95
150,,0.95,0.0,0.75,0.9,0.15,0.5,0.0,0.9
151,,0.9,-0.05,0.7,0.85,0.1,0.45,-0.05,0.85
152,7,0.9,-0.05,0.7,0.85,0.1,0.45,1.0,0.85
153,2,0.9,1.0,0.7,0.85,0.1,0.45,1.0,0.85
154,,0.85,0.95,0.65,0.8,0.05,0.4,0.95,0.8
155,,0.8,0.9,0.6,0.75,0.0,0.35,0.9,0.75
156,,0.75,0.85,0.55,0.7,-0.05,0.3,0.85,0.7
157,5,0.75,0.85,0.55,0.7,1.0,0.3,0.85,0.7
158,,0.7,0.8,0.5,0.65,0.95,0.25,0.8,0.65
159,,0.65,0.75,0.45,0.6,0.9,0.2,0.75,0.6
160,,0.6,0.7,0.4,0.55,0.85,0.15,0.7,0.55
161,,0.55,0.65,0.35,0.5,0.8,0.1,0.65,0.5
162,,0.5,0.6,0.3,0.45,0.75,0.05,0.6,0.45
163,,0.45,0.55,0.25,0.4,0.7,0.0,0.55,0.4
164,,0.4,0.5,0.2,0.35,0.65,-0.05,0.5,0.35
165,6,0.4,0.5,0.2,0.35,0.65,1.0,0.5,0.35
166,,0.35,0.45,0.15,0.3,0.6,0.95,0.45,0.3
167,,0.3,0.4,0.1,0.25,0.55,0.9,0.4,0.25
168,,0.25,0.35,0.05,0.2,0.5,0.85,0.35,0.2
169,,0.2,0.3,0.0,0.15,0.45,0.8,0.3,0.15
170,,0.15,0.25,-0.05,0.1,0.4,0.75,0.25,0.1
171,3,0.15,0.25,1.0,0.1,0.4,0.75,0.25,0.1
172,,0.1,0.2,0.95,0.05,0.35,0.7,0.2,0.05
173,,0.05,0.15,0.9,0.0,0.3,0.65,0.15,0.0
174,,0.0,0.1,0.85,-0.05,0.25,0.6,0.1,-0.05
175,4,0.0,0.1,0.85,1.0,0.25,0.6,0.1,-0.05
176,8,0.0,0.1,0.85,1.0,0.25,0.6,0.1,1.0
177,,-0.05,0.05,0.8,0.95,0.2,0.55,0.05,0.95
178,1,1.0,0.05,0.8,0.95,0.2,0.55,0.05,0.95
179,,0.95,0.0,0.75,0.9,0.15,0.5,0.0,0.9
180,,0.9,-0.05,0.7,0.85,0.1,0.45,-0.05,0.85
181,2,0.9,1.0,0.7,0.85,0.1,0.45,-0.05,0.85
182,7,0.9,1.0,0.7,0.85,0.1,0.45,1.0,0.85
183,,0.85,0.95,0.65,0.8,0.05,0.4,0.95,0.8
184,,0.8,0.9,0.6,0.75,0.0,0.35,0.9,0.75
185,,0.75,0.85,0.55,0.7,-0.05,0.3,0.85,0.7
186,5,0.75,0.85,0.55,0.7,1.0,0.3,0.85,0.7
187,,0.7,0.8,0.5,0.65,0.95,0.25,0.8,0.65
188,,0.65,0.75,0.45,0.6,0.9,0.2,0.75,0.6
189,,0.6,0.7,0.4,0.55,0.85,0.15,0.7,0.55
190,,0.55,0.65,0.35,0.5,0.8,0.1,0.65,0.5
191,,0.5,0.6,0.3,0.45,0.75,0.05,0.6,0.45
192,,0.45,0.55,0.25,0.4,0.7,0.0,0.55,0.4
193,,0.4,0.5,0.2,0.35,0.65,-0.05,0.5,0.35
194,6,0.4,0.5,0.2,0.35,0.65,1.0,0.5,0.35
195,,0.35,0.45,0.15,0.3,0.6,0.95,0.45,0.3
196,,0.3,0.4,0.1,0.25,0.55,0.9,0.4,0.25
197,,0.25,0.35,0.05,0.2,0.5,0.85,0.35,0.2
198,,0.2,0.3,0.0,0.15,0.45,0.8,0.3,0.15
199,,0.15,0.25,-0.05,0.1,0.4,0.75,0.25,0.1
200,3,0.15,0.25,1.0,0.1,0.4,0.75,0.25,0.1
201,,0.1,0.2,0.95,0.05,0.35,0.7,0.2,0.05
202,,0.05,0.15,0.9,0.0,0.3,0.65,0.15,0.0
203,,0.0,0.1,0.85,-0.05,0.25,0.6,0.1,-0.05
204,8,0.0,0.1,0.85,-0.05,0.25,0.6,0.1,1.0
205,4,0.0,0.1,0.85,1.0,0.25,0.6,0.1,1.0
206,,-0.05,0.05,0.8,0.95,0.2,0.55,0.05,0.95
207,1,1.0,0.05,0.8,0.95,0.2,0.55,0.05,0.95
208,,0.95,0.0,0.75,0.9,0.15,0.5,0.0,0.9
209,,0.9,-0.05,0.7,0.85,0.1,0.45,-0.05,0.85
210,7,0.9,-0.05,0.7,0.85,0.1,0.45,1.0,0.85
211,2,0.9,1.0,0.7,0.85,0.1,0.45,1.0,0.85
212,,0.85,0.95,0.65,0.8,0.05,0.4,0.95,0.8
213,,0.8,0.9,0.6,0.75,0.0,0.35,0.9,0.75
214,,0.75,0.85,0.55,0.7,-0.05,0.3,0.85,0.7
215,5,0.75,0.85,0.55,0.7,1.0,0.3,0.85,0.7
216,,0.7,0.8,0.5,0.65,0.95,0.25,0.8,0.65
217,,0.65,0.75,0.45,0.6,0.9,0.2,0.75,0.6
218,,0.6,0.7,0.4,0.55,0.85,0.15,0.7,0.55
219,,0.55,0.65,0.35,0.5,0.8,0.1,0.65,0.5
220,,0.5,0.6,0.3,0.45,0.75,0.05,0.6,0.45
221,,0.45,0.55,0.25,0.4,0.7,0.0,0.55,0.4
222,,0.4,0.5,0.2,0.35,0.65,-0.05,0.5,0.35
223,6,0.4,0.5,0.2,0.35,0.65,1.0,0.5,0.35
224,,0.35,0.45,0.15,0.3,0.6,0.95,0.45,0.3
225,,0.3,0.4,0.1,0.25,0.55,0.9,0.4,0.25
226,,0.25,0.35,0.05,0.2,0.5,0.85,0.35,0.2
227,,0.2,0.3,0.0,0.15,0.45,0.8,0.3,0.15
228,,0.15,0.25,-0.05,0.1,0.4,0.75,0.25,0.1
229,3,0.15,0.25,1.0,0.1,0.4,0.75,0.25,0.1
230,,0.1,0.2,0.95,0.05,0.35,0.7,0.2,0.05
231,,0.05,0.15,0.9,0.0,0.3,0.65,0.15,0.0
232,,0.0,0.1,0.85,-0.05,0.25,0.6,0.1,-0.05
233,4,0.0,0.1,0.85,1.0,0.25,0.6,0.1,-0.05
234,8,0.0,0.1,0.85,1.0,0.25,0.6,0.1,1.0
235,,-0.05,0.05,0.8,0.95,0.2,0.55,0.05,0.95
236,1,1.0,0.05,0.8,0.95,0.2,0.55,0.05,0.95
237,,0.95,0.0,0.75,0.9,0.15,0.5,0.0,0.9
238,,0.9,-0.05,0.7,0.85,0.1,0.45,-0.05,0.85
239,2,0.9,1.0,0.7,0.85,0.1,0.45,-0.05,0.85
240,7,0.9,1.0,0.7,0.85,0.1,0.45,1.0,0.85
241,,0.85,0.95,0.65,0.8,0.05,0.4,0.95,0.8
242,,0.8,0.9,0.6,0.75,0.0,0.35,0.9,0.75
243,,0.75,0.85,0.55,0.7,-0.05,0.3,0.85,0.7
244,5,0.75,0.85,0.55,0.7,1.0,0.3,0.85,0.7
245,,0.7,0.8,0.5,0.65,0.95,0.25,0.8,0.65
246,,0.65,0.75,0.45,0.6,0.9,0.2,0.75,0.6
247,,0.6,0.7,0.4,0.55,0.85,0.15,0.7,0.55
248,,0.55,0.65,0.35,0.5,0.8,0.1,0.65,0.5
249,,0.5,0.6,0.3,0.45,0.75,0.05,0.6,0.45
250,,0.45,0.55,0.25,0.4,0.7,0.0,0.55,0.4
251,,0.4,0.5,0.2,0.35,0.65,-0.05,0.5,0.35
252,6,0.4,0.5,0.2,0.35,0.65,1.0,0.5,0.35
253,,0.35,0.45,0.15,0.3,0.6,0.95,0.45,0.3
254,,0.3,0.4,0.1,0.25,0.55,0.9,0.4,0.25
255,,0.25,0.35,0.05,0.2,0.5,0.85,0.35,0.2
256,,0.2,0.3,0.0,0.15,0.45,0.8,0.3,0.15
257,,0.15,0.25,-0.05,0.1,0.4,0.75,0.25,0.1
258,3,0.15,0.25,1.0,0.1,0.4,0.75,0.25,0.1
259,,0.1,0.2,0.95,0.05,0.35,0.7,0.2,0.05
260,,0.05,0.15,0.9,0.0,0.3,0.65,0.15,0.0
261,,0.0,0.1,0.85,-0.05,0.25,0.6,0.1,-0.05
262,4,0.0,0.1,0.85,1.0,0.25,0.6,0.1,-0.05
263,8,0.0,0.1,0.85,1.0,0.25,0.6,0.1,1.0
264,,-0.05,0.05,0.8,0.95,0.2,0.55,0.05,0.95
265,1,1.0,0.05,0.8,0.95,0.2,0.55,0.05,0.95
266,,0.95,0.0,0.75,0.9,0.15,0.5,0.0,0.9
267,,0.9,-0.05,0.7,0.85,0.1,0.45,-0.05,0.85
268,7,0.9,-0.05,0.7,0.85,0.1,0.45,1.0,0.85
269,2,0.9,1.0,0.7,0.85,0.1,0.45,1.0,0.85
270,,0.85,0.95,0.65,0.8,0.05,0.4,0.95,0.8
271,,0.8,0.9,0.6,0.75,0.0,0.35,0.9,0.75
272,,0.75,0.85,0.55,0.7,-0.05,0.3,0.85,0.7
273,5,0.75,0.85,0.55,0.7,1.0,0.3,0.85,0.7
274,,0.7,0.8,0.5,0.65,0.95,0.25,0.8,0.65
275,,0.65,0.75,0.45,0.6,0.9,0.2,0.75,0.6
276,,0.6,0.7,0.4,0.55,0.85,0.15,0.7,0.55
277,,0.55,0.65,0.35,0.5,0.8,0.1,0.65,0.5
278,,0.5,0.6,0.3,0.45,0.75,0.05,0.6,0.45
279,,0.45,0.55,0.25,0.4,0.7,0.0,0.55,0.4
280,,0.4,0.5,0.2,0.35,0.65,-0.05,0.5,0.35
281,6,0.4,0.5,0.2,0.35,0.65,1.0,0.5,0.35
282,,0.35,0.45,0.15,0.3,0.6,0.95,0.45,0.3
283,,0.3,0.4,0.1,0.25,0.55,0.9,0.4,0.25
284,,0.25,0.35,0.05,0.2,0.5,0.85,0.35,0.2
285,,0.2,0.3,0.0,0.15,0.45,0.8,0.3,0.15
286,,0.15,0.25,-0.05,0.1,0.4,0.75,0.25,0.1
287,3,0.15,0.25,1.0,0.1,0.4,0.75,0.25,0.1
288,,0.1,0.2,0.95,0.05,0.35,0.7,0.2,0.05
289,,0.05,0.15,0.9,0.0,0.3,0.65,0.15,0.0
290,,0.0,0.1,0.85,-0.05,0.25,0.6,0.1,-0.05
291,4,0.0,0.1,0.85,1.0,0.25,0.6,0.1,-0.05
292,8,0.0,0.1,0.85,1.0,0.25,0.6,0.1,1.0
293,,-0.05,0.05,0.8,0.95,0.2,0.55,0.05,0.95
294,1,1.0,0.05,0.8,0.95,0.2,0.55,0.05,0.95
295,,0.95,0.0,0.75,0.9,0.15,0.5,0.0,0.9
296,,0.9,-0.05,0.7,0.85,0.1,0.45,-0.05,0.85
297,2,0.9,1.0,0.7,0.85,0.1,0.45,-0.05,0.85
298,7,0.9,1.0,0.7,0.85,0.1,0.45,1.0,0.85
299,,0.85,0.95,0.65,0.8,0.05,0.4,0.95,0.8
300,,0.8,0.9,0.6,0.75,0.0,0.35,0.9,0.75
301,,0.75,0.85,0.55,0.7,-0.05,0.3,0.85,0.7
302,5,0.75,0.85,0.55,0.7,1.0,0.3,0.85,0.7
303,,0.7,0.8,0.5,0.65,0.95,0.25,0.8,0.65
304,,0.65,0.75,0.45,0.6,0.9,0.2,0.75,0.6
305,,0.6,0.7,0.4,0.55,0.85,0.15,0.7,0.55
306,,0.55,0.65,0.35,0.5,0.8,0.1,0.65,0.5
307,,0.5,0.6,0.3,0.45,0.75,0.05,0.6,0.45
308,,0.45,0.55,0.25,0.4,0.7,0.0,0.55,0.4
309,,0.4,0.5,0.2,0.35,0.65,-0.05,0.5,0.35
310,6,0.4,0.5,0.2,0.35,0.65,1.0,0.5,0.35
311,,0.35,0.45,0.15,0.3,0.6,0.95,0.45,0.3
312,,0.3,0.4,0.1,0.25,0.55,0.9,0.4,0.25
313,,0.25,0.35,0.05,0.2,0.5,0.85,0.35,0.2
314,,0.2,0.3,0.0,0.15,0.45,0.8,0.3,0.15
315,,0.15,0.25,-0.05,0.1,0.4,0.75,0.25,0.1
316,3,0.15,0.25,1.0,0.1,0.4,0.75,0.25,0.1
317,,0.1,0.2,0.95,0.05,0.35,0.7,0.2,0.05
318,,0.05,0.15,0.9,0.0,0.3,0.65,0.15,0.0
319,,0.0,0.1,0.85,-0.05,0.25,0.6,0.1,-0.05
320,4,0.0,0.1,0.85,1.0,0.25,0.6,0.1,-0.05
321,8,0.0,0.1,0.85,1.0,0.25,0.6,0.1,1.0
322,,-0.05,0.05,0.8,0.95,0.2,0.55,0.05,0.95
323,1,1.0,0.05,0.8,0.95,0.2,0.55,0.05,0.95
324,,0.95,0.0,0.75,0.9,0.15,0.5,0.0,0.9
325,,0.9,-0.05,0.7,0.85,0.1,0.45,-0.05,0.85
326,2,0.9,1.0,0.7,0.85,0.1,0.45,-0.05,0.85
327,7,0.9,1.0,0.7,0.85,0.1,0.45,1.0,0.85
328,,0.85,0.95,0.65,0.8,0.05,0.4,0.95,0.8
329,,0.8,0.9,0.6,0.75,0.0,0.35,0.9,0.75
330,,0.75,0.85,0.55,0.7,-0.05,0.3,0.85,0.7
331,5,0.75,0.85,0.55,0.7,1.0,0.3,0.85,0.7
332,,0.7,0.8,0.5,0.65,0.95,0.25,0.8,0.65
333,,0.65,0.75,0.45,0.6,0.9,0.2,0.75,0.6
334,,0.6,0.7,0.4,0.55,0.85,0.15,0.7,0.55
335,,0.55,0.65,0.35,0.5,0.8,0.1,0.65,0.5
336,,0.5,0.6,0.3,0.45,0.75,0.05,0.6,0.45
337,,0.45,0.55,0.25,0.4,0.7,0.0,0.55,0.4
338,,0.4,0.5,0.2,0.35,0.65,-0.05,0.5,0.35
339,6,0.4,0.5,0.2,0.35,0.65,1.0,0.5,0.35
340,,0.35,0.45,0.15,0.3,0.6,0.95,0.45,0.3
341,,0.3,0.4,0.1,0.25,0.55,0.9,0.4,0.25
342,,0.25,0.35,0.05,0.2,0.5,0.85,0.35,0.2
343,,0.2,0.3,0.0,0.15,0.45,0.8,0.3,0.15
344,,0.15,0.25,-0.05,0.1,0.4,0.75,0.25,0.1
345,3,0.15,0.25,1.0,0.1,0.4,0.75,0.25,0.1
346,,0.1,0.2,0.95,0.05,0.35,0.7,0.2,0.05
347,,0.05,0.15,0.9,0.0,0.3,0.65,0.15,0.0
348,,0.0,0.1,0.85,-0.05,0.25,0.6,0.1,-0.05
349,8,0.0,0.1,0.85,-0.05,0.25,0.6,0.1,1.0
350,4,0.0,0.1,0.85,1.0,0.25,0.6,0.1,1.0
351,,-0.05,0.05,0.8,0.95,0.2,0.55,0.05,0.95
352,1,1.0,0.05,0.8,0.95,0.2,0.55,0.05,0.95
353,,0.95,0.0,0.75,0.9,0.15,0.5,0.0,0.9
354,,0.9,-0.05,0.7,0.85,0.1,0.45,-0.05,0.85
355,7,0.9,-0.05,0.7,0.85,0.1,0.45,1.0,0.85
356,2,0.9,1.0,0.7,0.85,0.1,0.45,1.0,0.85
357,,0.85,0.95,0.65,0.8,0.05,0.4,0.95,0.8
358,,0.8,0.9,0.6,0.75,0.0,0.35,0.9,0.75
359,,0.75,0.85,0.55,0.7,-0.05,0.3,0.85,0.7
360,5,0.75,0.85,0.55,0.7,1.0,0.3,0.85,0.7
361,,0.7,0.8,0.5,0.65,0.95,0.25,0.8,0.65
362,,0.65,0.75,0.45,0.6,0.9,0.2,0.75,0.6
363,,0.6,0.7,0.4,0.55,0.85,0.15,0.7,0.55
364,,0.55,0.65,0.35,0.5,0.8,0.1,0.65,0.5
365,,0.5,0.6,0.3,0.45,0.75,0.05,0.6,0.45
366,,0.45,0.55,0.25,0.4,0.7,0.0,0.55,0.4
367,,0.4,0.5,0.2,0.35,0.65,-0.05,0.5,0.35
368,6,0.4,0.5,0.2,0.35,0.65,1.0,0.5,0.35
369,,0.35,0.45,0.15,0.3,0.6,0.95,0.45,0.3
370,,0.3,0.4,0.1,0.25,0.55,0.9,0.4,0.25
371,,0.25,0.35,0.05,0.2,0.5,0.85,0.35,0.2
372,,0.2,0.3,0.0,0.15,0.45,0.8,0.3,0.15
373,,0.15,0.25,-0.05,0.1,0.4,0.75,0.25,0.1
374,3,0.15,0.25,1.0,0.1,0.4,0.75,0.25,0.1
375,,0.1,0.2,0.95,0.05,0.35,0.7,0.2,0.05
376,,0.05,0.15,0.9,0.0,0.3,0.65,0.15,0.0
377,,0.0,0.1,0.85,-0.05,0.25,0.6,0.1,-0.05
378,4,0.0,0.1,0.85,1.0,0.25,0.6,0.1,-0.05
379,8,0.0,0.1,0.85,1.0,0.25,0.6,0.1,1.0
380,,-0.05,0.05,0.8,0.95,0.2,0.55,0.05,0.95
381,1,1.0,0.05,0.8,0.95,0.2,0.55,0.05,0.95
382,,0.95,0.0,0.75,0.9,0.15,0.5,0.0,0.9
383,,0.9,-0.05,0.7,0.85,0.1,0.45,-0.05,0.85
384,7,0.9,-0.05,0.7,0.85,0.1,0.45,1.0,0.85
385,2,0.9,1.0,0.7,0.85,0.1,0.45,1.0,0.85
386,,0.85,0.95,0.65,0.8,0.05,0.4,0.95,0.8
387,,0.8,0.9,0.6,0.75,0.0,0.35,0.9,0.75
388,,0.75,0.85,0.55,0.7,-0.05,0.3,0.85,0.7
389,5,0.75,0.85,0.55,0.7,1.0,0.3,0.85,0.7
390,,0.7,0.8,0.5,0.65,0.95,0.25,0.8,0.65
391,,0.65,0.75,0.45,0.6,0.9,0.2,0.75,0.6
392,,0.6,0.7,0.4,0.55,0.85,0.15,0.7,0.55
393,,0.55,0.65,0.35,0.5,0.8,0.1,0.65,0.5
394,,0.5,0.6,0.3,0.45,0.75,0.05,0.6,0.45
395,,0.45,0.55,0.25,0.4,0.7,0.0,0.55,0.4
396,,0.4,0.5,0.2,0.35,0.65,-0.05,0.5,0.35
397,6,0.4,0.5,0.2,0.35,0.65,1.0,0.5,0.35
398,,0.35,0.45,0.15,0.3,0.6,0.95,0.45,0.3
399,,0.3,0.4,0.1,0.25,0.55,0.9,0.4,0.25
400,,0.25,0.35,0.05,0.2,0.5,0.85,0.35,0.2
401,,0.2,0.3,0.0,0.15,0.45,0.8,0.3,0.15
402,,0.15,0.25,-0.05,0.1,0.4,0.75,0.25,0.1
403,3,0.15,0.25,1.0,0.1,0.4,0.75,0.25,0.1
404,,0.1,0.2,0.95,0.05,0.35,0.7,0.2,0.05
405,,0.05,0.15,0.9,0.0,0.3,0.65,0.15,0.0
406,,0.0,0.1,0.85,-0.05,0.25,0.6,0.1,-0.05
407,8,0.0,0.1,0.85,-0.05,0.25,0.6,0.1,1.0
408,4,0.0,0.1,0.85,1.0,0.25,0.6,0.1,1.0
409,,-0.05,0.05,0.8,0.95,0.2,0.55,0.05,0.95
410,1,1.0,0.05,0.8,0.95,0.2,0.55,0.05,0.95
411,,0.95,0.0,0.75,0.9,0.15,0.5,0.0,0.9
412,,0.9,-0.05,0.7,0.85,0.1,0.45,-0.05,0.85
413,7,0.9,-0.05,0.7,0.85,0.1,0.45,1.0,0.85
414,2,0.9,1.0,0.7,0.85,0.1,0.45,1.0,0.85
415,,0.85,0.95,0.65,0.8,0.05,0.4,0.95,0.8
416,,0.8,0.9,0.6,0.75,0.0,0.35,0.9,0.75
417,,0.75,0.85,0.55,0.7,-0.05,0.3,0.85,0.7
418,5,0.75,0.85,0.55,0.7,1.0,0.3,0.85,0.7
419,,0.7,0.8,0.5,0.65,0.95,0.25,0.8,0.65
420,,0.65,0.75,0.45,0.6,0.9,0.2,0.75,0.6
421,,0.6,0.7,0.4,0.55,0.85,0.15,0.7,0.55
422,,0.55,0.65,0.35,0.5,0.8,0.1,0.65,0.5
423,,0.5,0.6,0.3,0.45,0.75,0.05,0.6,0.45
424,,0.45,0.55,0.25,0.4,0.7,0.0,0.55,0.4
425,,0.4,0.5,0.2,0.35,0.65,-0.05,0.5,0.35
426,6,0.4,0.5,0.2,0.35,0.65,1.0,0.5,0.35
427,,0.35,0.45,0.15,0.3,0.6,0.95,0.45,0.3
428,,0.3,0.4,0.1,0.25,0.55,0.9,0.4,0.25
429,,0.25,0.35,0.05,0.2,0.5,0.85,0.35,0.2
430,,0.2,0.3,0.0,0.15,0.45,0.8,0.3,0.15
431,,0.15,0.25,-0.05,0.1,0.4,0.75,0.25,0.1
432,3,0.15,0.25,1.0,0.1,0.4,0.75,0.25,0.1
433,,0.1,0.2,0.95,0.05,0.35,0.7,0.2,0.05
434,,0.05,0.15,0.9,0.0,0.3,0.65,0.15,0.0
435,,0.0,0.1,0.85,-0.05,0.25,0.6,0.1,-0.05
436,4,0.0,0.1,0.85,1.0,0.25,0.6,0.1,-0.05
437,8,0.0,0.1,0.85,1.0,0.25,0.6,0.1,1.0
438,,-0.05,0.05,0.8,0.95,0.2,0.55,0.05,0.95
439,1,1.0,0.05,0.8,0.95,0.2,0.55,0.05,0.95
440,,0.95,0.0,0.75,0.9,0.15,0.5,0.0,0.9
441,,0.9,-0.05,0.7,0.85,0.1,0.45,-0.05,0.85
442,7,0.9,-0.05,0.7,0.85,0.1,0.45,1.0,0.85
443,2,0.9,1.0,0.7,0.85,0.1,0.45,1.0,0.85
444,,0.85,0.95,0.65,0.8,0.05,0.4,0.95,0.8
445,,0.8,0.9,0.6,0.75,0.0,0.35,0.9,0.75
446,,0.75,0.85,0.55,0.7,-0.05,0.3,0.85,0.7
447,5,0.75,0.85,0.55,0.7,1.0,0.3,0.85,0.7
448,,0.7,0.8,0.5,0.65,0.95,0.25,0.8,0.65
449,,0.65,0.75,0.45,0.6,0.9,0.2,0.75,0.6
450,,0.6,0.7,0.4,0.55,0.85,0.15,0.7,0.55
451,,0.55,0.65,0.35,0.5,0.8,0.1,0.65,0.5
452,,0.5,0.6,0.3,0.45,0.75,0.05,0.6,0.45
453,,0.45,0.55,0.25,0.4,0.7,0.0,0.55,0.4
454,,0.4,0.5,0.2,0.35,0.65,-0.05,0.5,0.35
455,6,0.4,0.5,0.2,0.35,0.65,1.0,0.5,0.35
456,,0.35,0.45,0.15,0.3,0.6,0.95,0.45,0.3
457,,0.3,0.4,0.1,0.25,0.55,0.9,0.4,0.25
458,,0.25,0.35,0.05,0.2,0.5,0.85,0.35,0.2
459,,0.2,0.3,0.0,0.15,0.45,0.8,0.3,0.15
460,,0.15,0.25,-0.05,0.1,0.4,0.75,0.25,0.1
461,3,0.15,0.25,1.0,0.1,0.4,0.75,0.25,0.1
462,,0.1,0.2,0.95,0.05,0.35,0.7,0.2,0.05
463,,0.05,0.15,0.9,0.0,0.3,0.65,0.15,0.0
464,,0.0,0.1,0.85,-0.05,0.25,0.6,0.1,-0.05
465,8,0.0,0.1,0.85,-0.05,0.25,0.6,0.1,1.0
466,4,0.0,0.1,0.85,1.0,0.25,0.6,0.1,1.0
467,,-0.05,0.05,0.8,0.95,0.2,0.55,0.05,0.95
468,1,1.0,0.05,0.8,0.95,0.2,0.55,0.05,0.95
469,,0.95,0.0,0.75,0.9,0.15,0.5,0.0,0.9
470,,0.9,-0.05,0.7,0.85,0.1,0.45,-0.05,0.85
471,2,0.9,1.0,0.7,0.85,0.1,0.45,-0.05,0.85
472,7,0.9,1.0,0.7,0.85,0.1,0.45,1.0,0.85
473,,0.85,0.95,0.65,0.8,0.05,0.4,0.95,0.8
474,,0.8,0.9,0.6,0.75,0.0,0.35,0.9,0.75
475,,0.75,0.85,0.55,0.7,-0.05,0.3,0.85,0.7
476,5,0.75,0.85,0.55,0.7,1.0,0.3,0.85,0.7
477,,0.7,0.8,0.5,0.65,0.95,0.25,0.8,0.65
478,,0.65,0.75,0.45,0.6,0.9,0.2,0.75,0.6
479,,0.6,0.7,0.4,0.55,0.85,0.15,0.7,0.55
480,,0.55,0.65,0.35,0.5,0.8,0.1,0.65,0.5
481,,0.5,0.6,0.3,0.45,0.75,0.05,0.6,0.45
482,,0.45,0.55,0.25,0.4,0.7,0.0,0.55,0.4
483,,0.4,0.5,0.2,0.35,0.65,-0.05,0.5,0.35
484,6,0.4,0.5,0.2,0.35,0.65,1.0,0.5,0.35
485,,0.35,0.45,0.15,0.3,0.6,0.95,0.45,0.3
486,,0.3,0.4,0.1,0.25,0.55,0.9,0.4,0.25
487,,0.25,0.35,0.05,0.2,0.5,0.85,0.35,0.2
488,,0.2,0.3,0.0,0.15,0.45,0.8,0.3,0.15
489,,0.15,0.25,-0.05,0.1,0.4,0.75,0.25,0.1
490,3,0.15,0.25,1.0,0.1,0.4,0.75,0.25,0.1
491,,0.1,0.2,0.95,0.05,0.35,0.7,0.2,0.05
492,,0.05,0.15,0.9,0.0,0.3,0.65,0.15,0.0
493,,0.0,0.1,0.85,-0.05,0.25,0.6,0.1,-0.05
494,4,0.0,0.1,0.85,1.0,0.25,0.6,0.1,-0.05
495,8,0.0,0.1,0.85,1.0,0.25,0.6,0.1,1.0
496,,-0.05,0.05,0.8,0.95,0.2,0.55,0.05,0.95
497,1,1.0,0.05,0.8,0.95,0.2,0.55,0.05,0.95
498,,0.95,0.0,0.75,0.9,0.15,0.5,0.0,0.9
499,,0.9,-0.05,0.7,0.85,0.1,0.45,-0.05,0.85
500,7,0.9,-0.05,0.7,0.85,0.1,0.45,1.0,0.85
501,2,0.9,1.0,0.7,0.85,0.1,0.45,1.0,0.85
502,,0.85,0.95,0.65,0.8,0.05,0.4,0.95,0.8
503,,0.8,0.9,0.6,0.75,0.0,0.35,0.9,0.75
504,,0.75,0.85,0.55,0.7,-0.05,0.3,0.85,0.7
505,5,0.75,0.85,0.55,0.7,1.0,0.3,0.85,0.7
506,,0.7,0.8,0.5,0.65,0.95,0.25,0.8,0.65
507,,0.65,0.75,0.45,0.6,0.9,0.2,0.75,0.6
508,,0.6,0.7,0.4,0.55,0.85,0.15,0.7,0.55
509,,0.55,0.65,0.35,0.5,0.8,0.1,0.65,0.5
510,,0.5,0.6,0.3,0.45,0.75,0.05,0.6,0.45
511,,0.45,0.55,0.25,0.4,0.7,0.0,0.55,0.4
512,,0.4,0.5,0.2,0.35,0.65,-0.05,0.5,0.35
513,6,0.4,0.5,0.2,0.35,0.65,1.0,0.5,0.35
514,,0.35,0.45,0.15,0.3,0.6,0.95,0.45,0.3
515,,0.3,0.4,0.1,0.25,0.55,0.9,0.4,0.25
516,,0.25,0.35,0.05,0.2,0.5,0.85,0.35,0.2
517,,0.2,0.3,0.0,0.15,0.45,0.8,0.3,0.15
518,,0.15,0.25,-0.05,0.1,0.4,0.75,0.25,0.1
519,3,0.15,0.25,1.0,0.1,0.4,0.75,0.25,0.1
520,,0.1,0.2,0.95,0.05,0.35,0.7,0.2,0.05
521,,0.05,0.15,0.9,0.0,0.3,0.65,0.15,0.0
522,,0.0,0.1,0.85,-0.05,0.25,0.6,0.1,-0.05
523,8,0.0,0.1,0.85,-0.05,0.25,0.6,0.1,1.0
524,4,0.0,0.1,0.85,1.0,0.25,0.6,0.1,1.0
525,,-0.05,0.05,0.8,0.95,0.2,0.55,0.05,0.95
526,1,1.0,0.05,0.8,0.95,0.2,0.55,0.05,0.95
527,,0.95,0.0,0.75,0.9,0.15,0.5,0.0,0.9
528,,0.9,-0.05,0.7,0.85,0.1,0.45,-0.05,0.85
529,2,0.9,1.0,0.7,0.85,0.1,0.45,-0.05,0.85
530,7,0.9,1.0,0.7,0.85,0.1,0.45,1.0,0.85
531,,0.85,0.95,0.65,0.8,0.05,0.4,0.95,0.8
532,,0.8,0.9,0.6,0.75,0.0,0.35,0.9,0.75
533,,0.75,0.85,0.55,0.7,-0.05,0.3,0.85,0.7
534,5,0.75,0.85,0.55,0.7,1.0,0.3,0.85,0.7
535,,0.7,0.8,0.5,0.65,0.95,0.25,0.8,0.65
536,,0.65,0.75,0.45,0.6,0.9,0.2,0.75,0.6
537,,0.6,0.7,0.4,0.55,0.85,0.15,0.7,0.55
538,,0.55,0.65,0.35,0.5,0.8,0.1,0.65,0.5
539,,0.5,0.6,0.3,0.45,0.75,0.05,0.6,0.45
540,,0.45,0.55,0.25,0.4,0.7,0.0,0.55,0.4
541,,0.4,0.5,0.2,0.35,0.65,-0.05,0.5,0.35
542,6,0.4,0.5,0.2,0.35,0.65,1.0,0.5,0.35
543,,0.35,0.45,0.15,0.3,0.6,0.95,0.45,0.3
544,,0.3,0.4,0.1,0.25,0.55,0.9,0.4,0.25
545,,0.25,0.35,0.05,0.2,0.5,0.85,0.35,0.2
546,,0.2,0.3,0.0,0.15,0.45,0.8,0.3,0.15
547,,0.15,0.25,-0.05,0.1,0.4,0.75,0.25,0.1
548,3,0.15,0.25,1.0,0.1,0.4,0.75,0.25,0.1
549,,0.1,0.2,0.95,0.05,0.35,0.7,0.2,0.05
550,,0.05,0.15,0.9,0.0,0.3,0.65,0.15,0.0
551,,0.0,0.1,0.85,-0.05,0.25,0.6,0.1,-0.05
552,4,0.0,0.1,0.85,1.0,0.25,0.6,0.1,-0.05
553,8,0.0,0.1,0.85,1.0,0.25,0.6,0.1,1.0
554,,-0.05,0.05,0.8,0.95,0.2,0.55,0.05,0.95
555,1,1.0,0.05,0.8,0.95,0.2,0.55,0.05,0.95
556,,0.95,0.0,0.75,0.9,0.15,0.5,0.0,0.9
557,,0.9,-0.05,0.7,0.85,0.1,0.45,-0.05,0.85
558,2,0.9,1.0,0.7,0.85,0.1,0.45,-0.05,0.85
559,7,0.9,1.0,0.7,0.85,0.1,0.45,1.0,0.85
560,,0.85,0.95,0.65,0.8,0.05,0.4,0.95,0.8
561,,0.8,0.9,0.6,0.75,0.0,0.35,0.9,0.75
562,,0.75,0.85,0.55,0.7,-0.05,0.3,0.85,0.7
563,5,0.75,0.85,0.55,0.7,1.0,0.3,0.85,0.7
564,,0.7,0.8,0.5,0.65,0.95,0.25,0.8,0.65
565,,0.65,0.75,0.45,0.6,0.9,0.2,0.75,0.6
566,,0.6,0.7,0.4,0.55,0.85,0.15,0.7,0.55
567,,0.55,0.65,0.35,0.5,0.8,0.1,0.65,0.5
568,,0.5,0.6,0.3,0.45,0.75,0.05,0.6,0.45
569,,0.45,0.55,0.25,0.4,0.7,0.0,0.55,0.4
570,,0.4,0.5,0.2,0.35,0.65,-0.05,0.5,0.35
571,6,0.4,0.5,0.2,0.35,0.65,1.0,0.5,0.35
572,,0.35,0.45,0.15,0.3,0.6,0.95,0.45,0.3
573,,0.3,0.4,0.1,0.25,0.55,0.9,0.4,0.25
574,,0.25,0.35,0.05,0.2,0.5,0.85,0.35,0.2
575,,0.2,0.3,0.0,0.15,0.45,0.8,0.3,0.15
576,,0.15,0.25,-0.05,0.1,0.4,0.75,0.25,0.1
577,3,0.15,0.25,1.0,0.1,0.4,0.75,0.25,0.1
578,,0.1,0.2,0.95,0.05,0.35,0.7,0.2,0.05
579,,0.05,0.15,0.9,0.0,0.3,0.65,0.15,0.0
580,,0.0,0.1,0.85,-0.05,0.25,0.6,0.1,-0.05
581,4,0.0,0.1,0.85,1.0,0.25,0.6,0.1,-0.05
582,8,0.0,0.1,0.85,1.0,0.25,0.6,0.1,1.0
583,,-0.05,0.05,0.8,0.95,0.2,0.55,0.05,0.95
584,1,1.0,0.05,0.8,0.95,0.2,0.55,0.05,0.95
585,,0.95,0.0,0.75,0.9,0.15,0.5,0.0,0.9
586,,0.9,-0.05,0.7,0.85,0.1,0.45,-0.05,0.85
587,7,0.9,-0.05,0.7,0.85,0.1,0.45,1.0,0.85
588,2,0.9,1.0,0.7,0.85,0.1,0.45,1.0,0.85
589,,0.85,0.95,0.65,0.8,0.05,0.4,0.95,0.8
590,,0.8,0.9,0.6,0.75,0.0,0.35,0.9,0.75
591,,0.75,0.85,0.55,0.7,-0.05,0.3,0.85,0.7
592,5,0.75,0.85,0.55,0.7,1.0,0.3,0.85,0.7
593,,0.7,0.8,0.5,0.65,0.95,0.25,0.8,0.65
594,,0.65,0.75,0.45,0.6,0.9,0.2,0.75,0.6
595,,0.6,0.7,0.4,0.55,0.85,0.15,0.7,0.55
596,,0.55,0.65,0.35,0.5,0.8,0.1,0.65,0.5
597,,0.5,0.6,0.3,0.45,0.75,0.05,0.6,0.45
598,,0.45,0.55,0.25,0.4,0.7,0.0,0.55,0.4
599,,0.4,0.5,0.2,0.35,0.65,-0.05,0.5,0.35
600,6,0.4,0.5,0.2,0.35,0.65,1.0,0.5,0.35
601,,0.35,0.45,0.15,0.3,0.6,0.95,0.45,0.3
602,,0.3,0.4,0.1,0.25,0.55,0.9,0.4,0.25
603,,0.25,0.35,0.05,0.2,0.5,0.85,0.35,0.2
604,,0.2,0.3,0.0,0.15,0.45,0.8,0.3,0.15
605,,0.15,0.25,-0.05,0.1,0.4,0.75,0.25,0.1
606,3,0.15,0.25,1.0,0.1,0.4,0.75,0.25,0.1
607,,0.1,0.2,0.95,0.05,0.35,0.7,0.2,0.05
608,,0.05,0.15,0.9,0.0,0.3,0.65,0.15,0.0
609,,0.0,0.1,0.85,-0.05,0.25,0.6,0.1,-0.05
610,4,0.0,0.1,0.85,1.0,0.25,0.6,0.1,-0.05
611,8,0.0,0.1,0.85,1.0,0.25,0.6,0.1,1.0
612,,-0.05,0.05,0.8,0.95,0.2,0.55,0.05,0.95
613,1,1.0,0.05,0.8,0.95,0.2,0.55,0.05,0.95
614,,0.95,0.0,0.75,0.9,0.15,0.5,0.0,0.9
615,,0.9,-0.05,0.7,0.85,0.1,0.45,-0.05,0.85
616,7,0.9,-0.05,0.7,0.85,0.1,0.45,1.0,0.85
617,2,0.9,1.0,0.7,0.85,0.1,0.45,1.0,0.85
618,,0.85,0.95,0.65,0.8,0.05,0.4,0.95,0.8
619,,0.8,0.9,0.6,0.75,0.0,0.35,0.9,0.75
620,,0.75,0.85,0.55,0.7,-0.05,0.3,0.85,0.7
621,5,0.75,0.85,0.55,0.7,1.0,0.3,0.85,0.7
622,,0.7,0.8,0.5,0.65,0.95,0.25,0.8,0.65
623,,0.65,0.75,0.45,0.6,0.9,0.2,0.75,0.6
624,,0.6,0.7,0.4,0.55,0.85,0.15,0.7,0.55
625,,0.55,0.65,0.35,0.5,0.8,0.1,0.65,0.5
626,,0.5,0.6,0.3,0.45,0.75,0.05,0.6,0.45
627,,0.45,0.55,0.25,0.4,0.7,0.0,0.55,0.4
628,,0.4,0.5,0.2,0.35,0.65,-0.05,0.5,0.35
629,6,0.4,0.5,0.2,0.35,0.65,1.0,0.5,0.35
630,,0.35,0.45,0.15,0.3,0.6,0.95,0.45,0.3
631,,0.3,0.4,0.1,0.25,0.55,0.9,0.4,0.25
632,,0.25,0.35,0.05,0.2,0.5,0.85,0.35,0.2
633,,0.2,0.3,0.0,0.15,0.45,0.8,0.3,0.15
634,,0.15,0.25,-0.05,0.1,0.4,0.75,0.25,0.1
635,3,0.15,0.25,1.0,0.1,0.4,0.75,0.25,0.1
636,,0.1,0.2,0.95,0.05,0.35,0.7,0.2,0.05
637,,0.05,0.15,0.9,0.0,0.3,0.65,0.15,0.0
638,,0.0,0.1,0.85,-0.05,0.25,0.6,0.1,-0.05
639,8,0.0,0.1,0.85,-0.05,0.25,0.6,0.1,1.0
640,4,0.0,0.1,0.85,1.0,0.25,0.6,0.1,1.0
641,,-0.05,0.05,0.8,0.95,0.2,0.55,0.05,0.95
642,1,1.0,0.05,0.8,0.95,0.2,0.55,0.05,0.95
643,,0.95,0.0,0.75,0.9,0.15,0.5,0.0,0.9
644,,0.9,-0.05,0.7,0.85,0.1,0.45,-0.05,0.85
645,7,0.9,-0.05,0.7,0.85,0.1,0.45,1.0,0.85
646,2,0.9,1.0,0.7,0.85,0.1,0.45,1.0,0.85
647,,0.85,0.95,0.65,0.8,0.05,0.4,0.95,0.8
648,,0.8,0.9,0.6,0.75,0.0,0.35,0.9,0.75
649,,0.75,0.85,0.55,0.7,-0.05,0.3,0.85,0.7
650,5,0.75,0.85,0.55,0.7,1.0,0.3,0.85,0.7
651,,0.7,0.8,0.5,0.65,0.95,0.25,0.8,0.65
652,,0.65,0.75,0.45,0.6,0.9,0.2,0.75,0.6
653,,0.6,0.7,0.4,0.55,0.85,0.15,0.7,0.55
654,,0.55,0.65,0.35,0.5,0.8,0.1,0.65,0.5
655,,0.5,0.6,0.3,0.45,0.75,0.05,0.6,0.45
656,,0.45,0.55,0.25,0.4,0.7,0.0,0.55,0.4
657,,0.4,0.5,0.2,0.35,0.65,-0.05,0.5,0.35
658,6,0.4,0.5,0.2,0.35,0.65,1.0,0.5,0.35
659,,0.35,0.45,0.15,0.3,0.6,0.95,0.45,0.3
660,,0.3,0.4,0.1,0.25,0.55,0.9,0.4,0.25
661,,0.25,0.35,0.05,0.2,0.5,0.85,0.35,0.2
662,,0.2,0.3,0.0,0.15,0.45,0.8,0.3,0.15
663,,0.15,0.25,-0.05,0.1,0.4,0.75,0.25,0.1
664,3,0.15,0.25,1.0,0.1,0.4,0.75,0.25,0.1
665,,0.1,0.2,0.95,0.05,0.35,0.7,0.2,0.05
666,,0.05,0.15,0.9,0.0,0.3,0.65,0.15,0.0
667,,0.0,0.1,0.85,-0.05,0.25,0.6,0.1,-0.05
668,4,0.0,0.1,0.85,1.0,0.25,0.6,0.1,-0.05
669,8,0.0,0.1,0.85,1.0,0.25,0.6,0.1,1.0
670,,-0.05,0.05,0.8,0.95,0.2,0.55,0.05,0.95
671,1,1.0,0.05,0.8,0.95,0.2,0.55,0.05,0.95
672,,0.95,0.0,0.75,0.9,0.15,0.5,0.0,0.9
673,,0.9,-0.05,0.7,0.85,0.1,0.45,-0.05,0.85
674,2,0.9,1.0,0.7,0.85,0.1,0.45,-0.05,0.85
675,7,0.9,1.0,0.7,0.85,0.1,0.45,1.0,0.85
676,,0.85,0.95,0.65,0.8,0.05,0.4,0.95,0.8
677,,0.8,0.9,0.6,0.75,0.0,0.35,0.9,0.75
678,,0.75,0.85,0.55,0.7,-0.05,0.3,0.85,0.7
679,5,0.75,0.85,0.55,0.7,1.0,0.3,0.85,0.7
680,,0.7,0.8,0.5,0.65,0.95,0.25,0.8,0.65
681,,0.65,0.75,0.45,0.6,0.9,0.2,0.75,0.6
682,,0.6,0.7,0.4,0.55,0.85,0.15,0.7,0.55
683,,0.55,0.65,0.35,0.5,0.8,0.1,0.65,0.5
684,,0.5,0.6,0.3,0.45,0.75,0.05,0.6,0.45
685,,0.45,0.55,0.25,0.4,0.7,0.0,0.55,0.4
686,,0.4,0.5,0.2,0.35,0.65,-0.05,0.5,0.35
687,6,0.4,0.5,0.2,0.35,0.65,1.0,0.5,0.35
688,,0.35,0.45,0.15,0.3,0.6,0.95,0.45,0.3
689,,0.3,0.4,0.1,0.25,0.55,0.9,0.4,0.25
690,,0.25,0.35,0.05,0.2,0.5,0.85,0.35,0.2
691,,0.2,0.3,0.0,0.15,0.45,0.8,0.3,0.15
692,,0.15,0.25,-0.05,0.1,0.4,0.75,0.25,0.1
693,3,0.15,0.25,1.0,0.1,0.4,0.75,0.25,0.1
694,,0.1,0.2,0.95,0.05,0.35,0.7,0.2,0.05
695,,0.05,0.15,0.9,0.0,0.3,0.65,0.15,0.0
696,,0.0,0.1,0.85,-0.05,0.25,0.6,0.1,-0.05
697,8,0.0,0.1,0.85,-0.05,0.25,0.6,0.1,1.0
698,4,0.0,0.1,0.85,1.0,0.25,0.6,0.1,1.0
699,,-0.05,0.05,0.8,0.95,0.2,0.55,0.05,0.95
700,1,1.0,0.05,0.8,0.95,0.2,0.55,0.05,0.95
701,,0.95,0.0,0.75,0.9,0.15,0.5,0.0,0.9
702,,0.9,-0.05,0.7,0.85,0.1,0.45,-0.05,0.85
703,7,0.9,-0.05,0.7,0.85,0.1,0.45,1.0,0.85
704,2,0.9,1.0,0.7,0.85,0.1,0.45,1.0,0.85
705,,0.85,0.95,0.65,0.8,0.05,0.4,0.95,0.8
706,,0.8,0.9,0.6,0.75,0.0,0.35,0.9,0.75
707,,0.75,0.85,0.55,0.7,-0.05,0.3,0.85,0.7
708,5,0.75,0.85,0.55,0.7,1.0,0.3,0.85,0.7
709,,0.7,0.8,0.5,0.65,0.95,0.25,0.8,0.65
710,,0.65,0.75,0.45,0.6,0.9,0.2,0.75,0.6
711,,0.6,0.7,0.4,0.55,0.85,0.15,0.7,0.55
712,,0.55,0.65,0.35,0.5,0.8,0.1,0.65,0.5
713,,0.5,0.6,0.3,0.45,0.75,0.05,0.6,0.45
714,,0.45,0.55,0.25,0.4,0.7,0.0,0.55,0.4
715,,0.4,0.5,0.2,0.35,0.65,-0.05,0.5,0.35
716,6,0.4,0.5,0.2,0.35,0.65,1.0,0.5,0.35
717,,0.35,0.45,0.15,0.3,0.6,0.95,0.45,0.3
718,,0.3,0.4,0.1,0.25,0.55,0.9,0.4,0.25
719,,0.25,0.35,0.05,0.2,0.5,0.85,0.35,0.2
720,,0.2,0.3,0.0,0.15,0.45,0.8,0.3,0.15
721,,0.15,0.25,-0.05,0.1,0.4,0.75,0.25,0.1
722,3,0.15,0.25,1.0,0.1,0.4,0.75,0.25,0.1
723,,0.1,0.2,0.95,0.05,0.35,0.7,0.2,0.05
724,,0.05,0.15,0.9,0.0,0.3,0.65,0.15,0.0
725,,0.0,0.1,0.85,-0.05,0.25,0.6,0.1,-0.05
726,8,0.0,0.1,0.85,-0.05,0.25,0.6,0.1,1.0
727,4,0.0,0.1,0.85,1.0,0.25,0.6,0.1,1.0
728,,-0.05,0.05,0.8,0.95,0.2,0.55,0.05,0.95
729,1,1.0,0.05,0.8,0.95,0.2,0.55,0.05,0.95
730,,0.95,0.0,0.75,0.9,0.15,0.5,0.0,0.9
731,,0.9,-0.05,0.7,0.85,0.1,0.45,-0.05,0.85
732,7,0.9,-0.05,0.7,0.85,0.1,0.45,1.0,0.85
733,2,0.9,1.0,0.7,0.85,0.1,0.45,1.0,0.85
734,,0.85,0.95,0.65,0.8,0.05,0.4,0.95,0.8
735,,0.8,0.9,0.6,0.75,0.0,0.35,0.9,0.75
736,,0.75,0.85,0.55,0.7,-0.05,0.3,0.85,0.7
737,5,0.75,0.85,0.55,0.7,1.0,0.3,0.85,0.7
738,,0.7,0.8,0.5,0.65,0.95,0.25,0.8,0.65
739,,0.65,0.75,0.45,0.6,0.9,0.2,0.75,0.6
740,,0.6,0.7,0.4,0.55,0.85,0.15,0.7,0.55
741,,0.55,0.65,0.35,0.5,0.8,0.1,0.65,0.5
742,,0.5,0.6,0.3,0.45,0.75,0.05,0.6,0.45
743,,0.45,0.55,0.25,0.4,0.7,0.0,0.55,0.4
744,,0.4,0.5,0.2,0.35,0.65,-0.05,0.5,0.35
745,6,0.4,0.5,0.2,0.35,0.65,1.0,0.5,0.35
746,,0.35,0.45,0.15,0.3,0.6,0.95,0.45,0.3
747,,0.3,0.4,0.1,0.25,0.55,0.9,0.4,0.25
748,,0.25,0.35,0.05,0.2,0.5,0.85,0.35,0.2
749,,0.2,0.3,0.0,0.15,0.45,0.8,0.3,0.15
750,,0.15,0.25,-0.05,0.1,0.4,0.75,0.25,0.1
751,3,0.15,0.25,1.0,0.1,0.4,0.75,0.25,0.1
752,,0.1,0.2,0.95,0.05,0.35,0.7,0.2,0.05
753,,0.05,0.15,0.9,0.0,0.3,0.65,0.15,0.0
754,,0.0,0.1,0.85,-0.05,0.25,0.6,0.1,-0.05
755,8,0.0,0.1,0.85,-0.05,0.25,0.6,0.1,1.0
756,4,0.0,0.1,0.85,1.0,0.25,0.6,0.1,1.0
757,,-0.05,0.05,0.8,0.95,0.2,0.55,0.05,0.95
758,1,1.0,0.05,0.8,0.95,0.2,0.55,0.05,0.95
759,,0.95,0.0,0.75,0.9,0.15,0.5,0.0,0.9
760,,0.9,-0.05,0.7,0.85,0.1,0.45,-0.05,0.85
761,2,0.9,1.0,0.7,0.85,0.1,0.45,-0.05,0.85
762,7,0.9,1.0,0.7,0.85,0.1,0.45,1.0,0.85
763,,0.85,0.95,0.65,0.8,0.05,0.4,0.95,0.8
764,,0.8,0.9,0.6,0.75,0.0,0.35,0.9,0.75
765,,0.75,0.85,0.55,0.7,-0.05,0.3,0.85,0.7
766,5,0.75,0.85,0.55,0.7,1.0,0.3,0.85,0.7
767,,0.7,0.8,0.5,0.65,0.95,0.25,0.8,0.65
768,,0.65,0.75,0.45,0.6,0.9,0.2,0.75,0.6
769,,0.6,0.7,0.4,0.55,0.85,0.15,0.7,0.55
770,,0.55,0.65,0.35,0.5,0.8,0.1,0.65,0.5
771,,0.5,0.6,0.3,0.45,0.75,0.05,0.6,0.45
772,,0.45,0.55,0.25,0.4,0.7,0.0,0.55,0.4
773,,0.4,0.5,0.2,0.35,0.65,-0.05,0.5,0.35
774,6,0.4,0.5,0.2,0.35,0.65,1.0,0.5,0.35
775,,0.35,0.45,0.15,0.3,0.6,0.95,0.45,0.3
776,,0.3,0.4,0.1,0.25,0.55,0.9,0.4,0.25
777,,0.25,0.35,0.05,0.2,0.5,0.85,0.35,0.2
778,,0.2,0.3,0.0,0.15,0.45,0.8,0.3,0.15
779,,0.15,0.25,-0.05,0.1,0.4,0.75,0.25,0.1
780,3,0.15,0.25,1.0,0.1,0.4,0.75,0.25,0.1
781,,0.1,0.2,0.95,0.05,0.35,0.7,0.2,0.05
782,,0.05,0.15,0.9,0.0,0.3,0.65,0.15,0.0
783,,0.0,0.1,0.85,-0.05,0.25,0.6,0.1,-0.05
784,4,0.0,0.1,0.85,1.0,0.25,0.6,0.1,-0.05
785,8,0.0,0.1,0.85,1.0,0.25,0.6,0.1,1.0
786,,-0.05,0.05,0.8,0.95,0.2,0.55,0.05,0.95
787,1,1.0,0.05,0.8,0.95,0.2,0.55,0.05,0.95
788,,0.95,0.0,0.75,0.9,0.15,0.5,0.0,0.9
789,,0.9,-0.05,0.7,0.85,0.1,0.45,-0.05,0.85
790,2,0.9,1.0,0.7,0.85,0.1,0.45,-0.05,0.85
791,7,0.9,1.0,0.7,0.85,0.1,0.45,1.0,0.85
792,,0.85,0.95,0.65,0.8,0.05,0.4,0.95,0.8
793,,0.8,0.9,0.6,0.75,0.0,0.35,0.9,0.75
794,,0.75,0.85,0.55,0.7,-0.05,0.3,0.85,0.7
795,5,0.75,0.85,0.55,0.7,1.0,0.3,0.85,0.7
796,,0.7,0.8,0.5,0.65,0.95,0.25,0.8,0.65
797,,0.65,0.75,0.45,0.6,0.9,0.2,0.75,0.6
798,,0.6,0.7,0.4,0.55,0.85,0.15,0.7,0.55
799,,0.55,0.65,0.35,0.5,0.8,0.1,0.65,0.5
800,,0.5,0.6,0.3,0.45,0.75,0.05,0.6,0.45
801,,0.45,0.55,0.25,0.4,0.7,0.0,0.55,0.4
802,,0.4,0.5,0.2,0.35,0.65,-0.05,0.5,0.35
803,6,0.4,0.5,0.2,0.35,0.65,1.0,0.5,0.35
804,,0.35,0.45,0.15,0.3,0.6,0.95,0.45,0.3
805,,0.3,0.4,0.1,0.25,0.55,0.9,0.4,0.25
806,,0.25,0.35,0.05,0.2,0.5,0.85,0.35,0.2
807,,0.2,0.3,0.0,0.15,0.45,0.8,0.3,0.15
808,,0.15,0.25,-0.05,0.1,0.4,0.75,0.25,0.1
809,3,0.15,0.25,1.0,0.1,0.4,0.75,0.25,0.1
810,,0.1,0.2,0.95,0.05,0.35,0.7,0.2,0.05
811,,0.05,0.15,0.9,0.0,0.3,0.65,0.15,0.0
812,,0.0,0.1,0.85,-0.05,0.25,0.6,0.1,-0.05
813,8,0.0,0.1,0.85,-0.05,0.25,0.6,0.1,1.0
814,4,0.0,0.1,0.85,1.0,0.25,0.6,0.1,1.0
815,,-0.05,0.05,0.8,0.95,0.2,0.55,0.05,0.95
816,1,1.0,0.05,0.8,0.95,0.2,0.55,0.05,0.95
817,,0.95,0.0,0.75,0.9,0.15,0.5,0.0,0.9
818,,0.9,-0.05,0.7,0.85,0.1,0.45,-0.05,0.85
819,7,0.9,-0.05,0.7,0.85,0.1,0.45,1.0,0.85
820,2,0.9,1.0,0.7,0.85,0.1,0.45,1.0,0.85
821,,0.85,0.95,0.65,0.8,0.05,0.4,0.95,0.8
822,,0.8,0.9,0.6,0.75,0.0,0.35,0.9,0.75
823,,0.75,0.85,0.55,0.7,-0.05,0.3,0.85,0.7
824,5,0.75,0.85,0.55,0.7,1.0,0.3,0.85,0.7
825,,0.7,0.8,0.5,0.65,0.95,0.25,0.8,0.65
826,,0.65,0.75,0.45,0.6,0.9,0.2,0.75,0.6
827,,0.6,0.7,0.4,0.55,0.85,0.15,0.7,0.55
828,,0.55,0.65,0.35,0.5,0.8,0.1,0.65,0.5
829,,0.5,0.6,0.3,0.45,0.75,0.05,0.6,0.45
830,,0.45,0.55,0.25,0.4,0.7,0.0,0.55,0.4
831,,0.4,0.5,0.2,0.35,0.65,-0.05,0.5,0.35
832,6,0.4,0.5,0.2,0.35,0.65,1.0,0.5,0.35
833,,0.35,0.45,0.15,0.3,0.6,0.95,0.45,0.3
834,,0.3,0.4,0.1,0.25,0.55,0.9,0.4,0.25
835,,0.25,0.35,0.05,0.2,0.5,0.85,0.35,0.2
836,,0.2,0.3,0.0,0.15,0.45,0.8,0.3,0.15
837,,0.15,0.25,-0.05,0.1,0.4,0.75,0.25,0.1
838,3,0.15,0.25,1.0,0.1,0.4,0.75,0.25,0.1
839,,0.1,0.2,0.95,0.05,0.35,0.7,0.2,0.05
840,,0.05,0.15,0.9,0.0,0.3,0.65,0.15,0.0
841,,0.0,0.1,0.85,-0.05,0.25,0.6,0.1,-0.05
842,4,0.0,0.1,0.85,1.0,0.25,0.6,0.1,-0.05
843,8,0.0,0.1,0.85,1.0,0.25,0.6,0.1,1.0
844,,-0.05,0.05,0.8,0.95,0.2,0.55,0.05,0.95
845,1,1.0,0.05,0.8,0.95,0.2,0.55,0.05,0.95
846,,0.95,0.0,0.75,0.9,0.15,0.5,0.0,0.9
847,,0.9,-0.05,0.7,0.85,0.1,0.45,-0.05,0.85
848,2,0.9,1.0,0.7,0.85,0.1,0.45,-0.05,0.85
849,7,0.9,1.0,0.7,0.85,0.1,0.45,1.0,0.85
850,,0.85,0.95,0.65,0.8,0.05,0.4,0.95,0.8
851,,0.8,0.9,0.6,0.75,0.0,0.35,0.9,0.75
852,,0.75,0.85,0.55,0.7,-0.05,0.3,0.85,0.7
853,5,0.75,0.85,0.55,0.7,1.0,0.3,0.85,0.7
854,,0.7,0.8,0.5,0.65,0.95,0.25,0.8,0.65
855,,0.65,0.75,0.45,0.6,0.9,0.2,0.75,0.6
856,,0.6,0.7,0.4,0.55,0.85,0.15,0.7,0.55
857,,0.55,0.65,0.35,0.5,0.8,0.1,0.65,0.5
858,,0.5,0.6,0.3,0.45,0.75,0.05,0.6,0.45
859,,0.45,0.55,0.25,0.4,0.7,0.0,0.55,0.4
860,,0.4,0.5,0.2,0.35,0.65,-0.05,0.5,0.35
861,6,0.4,0.5,0.2,0.35,0.65,1.0,0.5,0.35
862,,0.35,0.45,0.15,0.3,0.6,0.95,0.45,0.3
863,,0.3,0.4,0.1,0.25,0.55,0.9,0.4,0.25
864,,0.25,0.35,0.05,0.2,0.5,0.85,0.35,0.2
865,,0.2,0.3,0.0,0.15,0.45,0.8,0.3,0.15
866,,0.15,0.25,-0.05,0.1,0.4,0.75,0.25,0.1
867,3,0.15,0.25,1.0,0.1,0.4,0.75,0.25,0.1
868,,0.1,0.2,0.95,0.05,0.35,0.7,0.2,0.05
869,,0.05,0.15,0.9,0.0,0.3,0.65,0.15,0.0
870,,0.0,0.1,0.85,-0.05,0.25,0.6,0.1,-0.05
871,8,0.0,0.1,0.85,-0.05,0.25,0.6,0.1,1.0
872,4,0.0,0.1,0.85,1.0,0.25,0.6,0.1,1.0
873,,-0.05,0.05,0.8,0.95,0.2,0.55,0.05,0.95
874,1,1.0,0.05,0.8,0.95,0.2,0.55,0.05,0.95
875,,0.95,0.0,0.75,0.9,0.15,0.5,0.0,0.9
876,,0.9,-0.05,0.7,0.85,0.1,0.45,-0.05,0.85
877,2,0.9,1.0,0.7,0.85,0.1,0.45,-0.05,0.85
878,7,0.9,1.0,0.7,0.85,0.1,0.45,1.0,0.85
879,,0.85,0.95,0.65,0.8,0.05,0.4,0.95,0.8
880,,0.8,0.9,0.6,0.75,0.0,0.35,0.9,0.75
881,,0.75,0.85,0.55,0.7,-0.05,0.3,0.85,0.7
882,5,0.75,0.85,0.55,0.7,1.0,0.3,0.85,0.7
883,,0.7,0.8,0.5,0.65,0.95,0.25,0.8,0.65
884,,0.65,0.75,0.45,0.6,0.9,0.2,0.75,0.6
885,,0.6,0.7,0.4,0.55,0.85,0.15,0.7,0.55
886,,0.55,0.65,0.35,0.5,0.8,0.1,0.65,0.5
887,,0.5,0.6,0.3,0.45,0.75,0.05,0.6,0.45
888,,0.45,0.55,0.25,0.4,0.7,0.0,0.55,0.4
889,,0.4,0.5,0.2,0.35,0.65,-0.05,0.5,0.35
890,6,0.4,0.5,0.2,0.35,0.65,1.0,0.5,0.35
891,,0.35,0.45,0.15,0.3,0.6,0.95,0.45,0.3
892,,0.3,0.4,0.1,0.25,0.55,0.9,0.4,0.25
893,,0.25,0.35,0.05,0.2,0.5,0.85,0.35,0.2
894,,0.2,0.3,0.0,0.15,0.45,0.8,0.3,0.15
895,,0.15,0.25,-0.05,0.1,0.4,0.75,0.25,0.1
896,3,0.15,0.25,1.0,0.1,0.4,0.75,0.25,0.1
897,,0.1,0.2,0.95,0.05,0.35,0.7,0.2,0.05
898,,0.05,0.15,0.9,0.0,0.3,0.65,0.15,0.0
899,,0.0,0.1,0.85,-0.05,0.25,0.6,0.1,-0.05
900,4,0.0,0.1,0.85,1.0,0.25,0.6,0.1,-0.05
901,8,0.0,0.1,0.85,1.0,0.25,0.6,0.1,1.0
902,,-0.05,0.05,0.8,0.95,0.2,0.55,0.05,0.95
903,1,1.0,0.05,0.8,0.95,0.2,0.55,0.05,0.95
904,,0.95,0.0,0.75,0.9,0.15,0.5,0.0,0.9
905,,0.9,-0.05,0.7,0.85,0.1,0.45,-0.05,0.85
906,2,0.9,1.0,0.7,0.85,0.1,0.45,-0.05,0.85
907,7,0.9,1.0,0.7,0.85,0.1,0.45,1.0,0.85
908,,0.85,0.95,0.65,0.8,0.05,0.4,0.95,0.8
909,,0.8,0.9,0.6,0.75,0.0,0.35,0.9,0.75
910,,0.75,0.85,0.55,0.7,-0.05,0.3,0.85,0.7
911,5,0.75,0.85,0.55,0.7,1.0,0.3,0.85,0.7
912,,0.7,0.8,0.5,0.65,0.95,0.25,0.8,0.65
913,,0.65,0.75,0.45,0.6,0.9,0.2,0.75,0.6
914,,0.6,0.7,0.4,0.55,0.85,0.15,0.7,0.55
915,,0.55,0.65,0.35,0.5,0.8,0.1,0.65,0.5
916,,0.5,0.6,0.3,0.45,0.75,0.05,0.6,0.45
917,,0.45,0.55,0.25,0.4,0.7,0.0,0.55,0.4
918,,0.4,0.5,0.2,0.35,0.65,-0.05,0.5,0.35
919,6,0.4,0.5,0.2,0.35,0.65,1.0,0.5,0.35
920,,0.35,0.45,0.15,0.3,0.6,0.95,0.45,0.3
921,,0.3,0.4,0.1,0.25,0.55,0.9,0.4,0.25
922,,0.25,0.35,0.05,0.2,0.5,0.85,0.35,0.2
923,,0.2,0.3,0.0,0.15,0.45,0.8,0.3,0.15
924,,0.15,0.25,-0.05,0.1,0.4,0.75,0.25,0.1
925,3,0.15,0.25,1.0,0.1,0.4,0.75,0.25,0.1
926,,0.1,0.2,0.95,0.05,0.35,0.7,0.2,0.05
927,,0.05,0.15,0.9,0.0,0.3,0.65,0.15,0.0
928,,0.0,0.1,0.85,-0.05,0.25,0.6,0.1,-0.05
929,8,0.0,0.1,0.85,-0.05,0.25,0.6,0.1,1.0
930,4,0.0,0.1,0.85,1.0,0.25,0.6,0.1,1.0
931,,-0.05,0.05,0.8,0.95,0.2,0.55,0.05,0.95
932,1,1.0,0.05,0.8,0.95,0.2,0.55,0.05,0.95
933,,0.95,0.0,0.75,0.9,0.15,0.5,0.0,0.9
934,,0.9,-0.05,0.7,0.85,0.1,0.45,-0.05,0.85
935,7,0.9,-0.05,0.7,0.85,0.1,0.45,1.0,0.85
936,2,0.9,1.0,0.7,0.85,0.1,0.45,1.0,0.85
937,,0.85,0.95,0.65,0.8,0.05,0.4,0.95,0.8
938,,0.8,0.9,0.6,0.75,0.0,0.35,0.9,0.75
939,,0.75,0.85,0.55,0.7,-0.05,0.3,0.85,0.7
940,5,0.75,0.85,0.55,0.7,1.0,0.3,0.85,0.7
941,,0.7,0.8,0.5,0.65,0.95,0.25,0.8,0.65
942,,0.65,0.75,0.45,0.6,0.9,0.2,0.75,0.6
943,,0.6,0.7,0.4,0.55,0.85,0.15,0.7,0.55
944,,0.55,0.65,0.35,0.5,0.8,0.1,0.65,0.5
945,,0.5,0.6,0.3,0.45,0.75,0.05,0.6,0.45
946,,0.45,0.55,0.25,0.4,0.7,0.0,0.55,0.4
947,,0.4,0.5,0.2,0.35,0.65,-0.05,0.5,0.35
948,6,0.4,0.5,0.2,0.35,0.65,1.0,0.5,0.35
949,,0.35,0.45,0.15,0.3,0.6,0.95,0.45,0.3
950,,0.3,0.4,0.1,0.25,0.55,0.9,0.4,0.25
951,,0.25,0.35,0.05,0.2,0.5,0.85,0.35,0.2
952,,0.2,0.3,0.0,0.15,0.45,0.8,0.3,0.15
953,,0.15,0.25,-0.05,0.1,0.4,0.75,0.25,0.1
954,3,0.15,0.25,1.0,0.1,0.4,0.75,0.25,0.1
955,,0.1,0.2,0.95,0.05,0.35,0.7,0.2,0.05
956,,0.05,0.15,0.9,0.0,0.3,0.65,0.15,0.0
957,,0.0,0.1,0.85,-0.05,0.25,0.6,0.1,-0.05
958,4,0.0,0.1,0.85,1.0,0.25,0.6,0.1,-0.05
959,8,0.0,0.1,0.85,1.0,0.25,0.6,0.1,1.0
960,,-0.05,0.05,0.8,0.95,0.2,0.55,0.05,0.95
961,1,1.0,0.05,0.8,0.95,0.2,0.55,0.05,0.95
962,,0.95,0.0,0.75,0.9,0.15,0.5,0.0,0.9
963,,0.9,-0.05,0.7,0.85,0.1,0.45,-0.05,0.85
964,7,0.9,-0.05,0.7,0.85,0.1,0.45,1.0,0.85
965,2,0.9,1.0,0.7,0.85,0.1,0.45,1.0,0.85
966,,0.85,0.95,0.65,0.8,0.05,0.4,0.95,0.8
967,,0.8,0.9,0.6,0.75,0.0,0.35,0.9,0.75
968,,0.75,0.85,0.55,0.7,-0.05,0.3,0.85,0.7
969,5,0.75,0.85,0.55,0.7,1.0,0.3,0.85,0.7
970,,0.7,0.8,0.5,0.65,0.95,0.25,0.8,0.65
971,,0.65,0.75,0.45,0.6,0.9,0.2,0.75,0.6
972,,0.6,0.7,0.4,0.55,0.85,0.15,0.7,0.55
973,,0.55,0.65,0.35,0.5,0.8,0.1,0.65,0.5
974,,0.5,0.6,0.3,0.45,0.75,0.05,0.6,0.45
975,,0.45,0.55,0.25,0.4,0.7,0.0,0.55,0.4
976,,0.4,0.5,0.2,0.35,0.65,-0.05,0.5,0.35
977,6,0.4,0.5,0.2,0.35,0.65,1.0,0.5,0.35
978,,0.35,0.45,0.15,0.3,0.6,0.95,0.45,0.3
979,,0.3,0.4,0.1,0.25,0.55,0.9,0.4,0.25
980,,0.25,0.35,0.05,0.2,0.5,0.85,0.35,0.2
981,,0.2,0.3,0.0,0.15,0.45,0.8,0.3,0.15
982,,0.15,0.25,-0.05,0.1,0.4,0.75,0.25,0.1
983,3,0.15,0.25,1.0,0.1,0.4,0.75,0.25,0.1
984,,0.1,0.2,0.95,0.05,0.35,0.7,0.2,0.05
985,,0.05,0.15,0.9,0.0,0.3,0.65,0.15,0.0
986,,0.0,0.1,0.85,-0.05,0.25,0.6,0.1,-0.05
987,4,0.0,0.1,0.85,1.0,0.25,0.6,0.1,-0.05
988,8,0.0,0.1,0.85,1.0,0.25,0.6,0.1,1.0
989,,-0.05,0.05,0.8,0.95,0.2,0.55,0.05,0.95
990,1,1.0,0.05,0.8,0.95,0.2,0.55,0.05,0.95
991,,0.95,0.0,0.75,0.9,0.15,0.5,0.0,0.9
992,,0.9,-0.05,0.7,0.85,0.1,0.45,-0.05,0.85
993,2,0.9,1.0,0.7,0.85,0.1,0.45,-0.05,0.85
994,7,0.9,1.0,0.7,0.85,0.1,0.45,1.0,0.85
995,,0.85,0.95,0.65,0.8,0.05,0.4,0.95,0.8
996,,0.8,0.9,0.6,0.75,0.0,0.35,0.9,0.75
997,,0.75,0.85,0.55,0.7,-0.05,0.3,0.85,0.7
998,5,0.75,0.85,0.55,0.7,1.0,0.3,0.85,0.7
999,,0.7,0.8,0.5,0.65,0.95,0.25,0.8,0.65
1000,,0.65,0.75,0.45,0.6,0.9,0.2,0.75,0.6
1001,,0.6,0.7,0.4,0.55,0.85,0.15,0.7,0.55
1002,,0.55,0.65,0.35,0.5,0.8,0.1,0.65,0.5
1003,,0.5,0.6,0.3,0.45,0.75,0.05,0.6,0.45
1004,,0.45,0.55,0.25,0.4,0.7,0.0,0.55,0.4
1005,,0.4,0.5,0.2,0.35,0.65,-0.05,0.5,0.35
1006,6,0.4,0.5,0.2,0.35,0.65,1.0,0.5,0.35
1007,,0.35,0.45,0.15,0.3,0.6,0.95,0.45,0.3
1008,,0.3,0.4,0.1,0.25,0.55,0.9,0.4,0.25
1009,,0.25,0.35,0.05,0.2,0.5,0.85,0.35,0.2
1010,,0.2,0.3,0.0,0.15,0.45,0.8,0.3,0.15
1011,,0.15,0.25,-0.05,0.1,0.4,0.75,0.25,0.1
1012,3,0.15,0.25,1.0,0.1,0.4,0.75,0.25,0.1
1013,,0.1,0.2,0.95,0.05,0.35,0.7,0.2,0.05
1014,,0.05,0.15,0.9,0.0,0.3,0.65,0.15,0.0
1015,,0.0,0.1,0.85,-0.05,0.25,0.6,0.1,-0.05
1016,8,0.0,0.1,0.85,-0.05,0.25,0.6,0.1,1.0
1017,4,0.0,0.1,0.85,1.0,0.25,0.6,0.1,1.0
1018,,-0.05,0.05,0.8,0.95,0.2,0.55,0.05,0.95
1019,1,1.0,0.05,0.8,0.95,0.2,0.55,0.05,0.95
1020,,0.95,0.0,0.75,0.9,0.15,0.5,0.0,0.9
1021,,0.9,-0.05,0.7,0.85,0.1,0.45,-0.05,0.85
1022,7,0.9,-0.05,0.7,0.85,0.1,0.45,1.0,0.85
1023,2,0.9,1.0,0.7,0.85,0.1,0.45,1.0,0.85
1024,,0.85,0.95,0.65,0.8,0.05,0.4,0.95,0.8
1025,,0.8,0.9,0.6,0.75,0.0,0.35,0.9,0.75
1026,,0.75,0.85,0.55,0.7,-0.05,0.3,0.85,0.7
1027,5,0.75,0.85,0.55,0.7,1.0,0.3,0.85,0.7
1028,,0.7,0.8,0.5,0.65,0.95,0.25,0.8,0.65
1029,,0.65,0.75,0.45,0.6,0.9,0.2,0.75,0.6
1030,,0.6,0.7,0.4,0.55,0.85,0.15,0.7,0.55
1031,,0.55,0.65,0.35,0.5,0.8,0.1,0.65,0.5
1032,,0.5,0.6,0.3,0.45,0.75,0.05,0.6,0.45
1033,,0.45,0.55,0.25,0.4,0.7,0.0,0.55,0.4
1034,,0.4,0.5,0.2,0.35,0.65,-0.05,0.5,0.35
1035,6,0.4,0.5,0.2,0.35,0.65,1.0,0.5,0.35
1036,,0.35,0.45,0.15,0.3,0.6,0.95,0.45,0.3
1037,,0.3,0.4,0.1,0.25,0.55,0.9,0.4,0.25
1038,,0.25,0.35,0.05,0.2,0.5,0.85,0.35,0.2
1039,,0.2,0.3,0.0,0.15,0.45,0.8,0.3,0.15
1040,,0.15,0.25,-0.05,0.1,0.4,0.75,0.25,0.1
1041,3,0.15,0.25,1.0,0.1,0.4,0.75,0.25,0.1
1042,,0.1,0.2,0.95,0.05,0.35,0.7,0.2,0.05
1043,,0.05,0.15,0.9,0.0,0.3,0.65,0.15,0.0
1044,,0.0,0.1,0.85,-0.05,0.25,0.6,0.1,-0.05
1045,8,0.0,0.1,0.85,-0.05,0.25,0.6,0.1,1.0
1046,4,0.0,0.1,0.85,1.0,0.25,0.6,0.1,1.0
1047,,-0.05,0.05,0.8,0.95,0.2,0.55,0.05,0.95
1048,1,1.0,0.05,0.8,0.95,0.2,0.55,0.05,0.95
1049,,0.95,0.0,0.75,0.9,0.15,0.5,0.0,0.9
1050,,0.9,-0.05,0.7,0.85,0.1,0.45,-0.05,0.85
1051,2,0.9,1.0,0.7,0.85,0.1,0.45,-0.05,0.85
1052,7,0.9,1.0,0.7,0.85,0.1,0.45,1.0,0.85
1053,,0.85,0.95,0.65,0.8,0.05,0.4,0.95,0.8
1054,,0.8,0.9,0.6,0.75,0.0,0.35,0.9,0.75
1055,,0.75,0.85,0.55,0.7,-0.05,0.3,0.85,0.7
1056,5,0.75,0.85,0.55,0.7,1.0,0.3,0.85,0.7
1057,,0.7,0.8,0.5,0.65,0.95,0.25,0.8,0.65
1058,,0.65,0.75,0.45,0.6,0.9,0.2,0.75,0.6
1059,,0.6,0.7,0.4,0.55,0.85,0.15,0.7,0.55
1060,,0.55,0.65,0.35,0.5,0.8,0.1,0.65,0.5
1061,,0.5,0.6,0.3,0.45,0.75,0.05,0.6,0.45
1062,,0.45,0.55,0.25,0.4,0.7,0.0,0.55,0.4
1063,,0.4,0.5,0.2,0.35,0.65,-0.05,0.5,0.35
1064,6,0.4,0.5,0.2,0.35,0.65,1.0,0.5,0.35
1065,,0.35,0.45,0.15,0.3,0.6,0.95,0.45,0.3
1066,,0.3,0.4,0.1,0.25,0.55,0.9,0.4,0.25
1067,,0.25,0.35,0.05,0.2,0.5,0.85,0.35,0.2
1068,,0.2,0.3,0.0,0.15,0.45,0.8,0.3,0.15
1069,,0.15,0.25,-0.05,0.1,0.4,0.75,0.25,0.1
1070,3,0.15,0.25,1.0,0.1,0.4,0.75,0.25,0.1
1071,,0.1,0.2,0.95,0.05,0.35,0.7,0.2,0.05
1072,,0.05,0.15,0.9,0.0,0.3,0.65,0.15,0.0
1073,,0.0,0.1,0.85,-0.05,0.25,0.6,0.1,-0.05
1074,4,0.0,0.1,0.85,1.0,0.25,0.6,0.1,-0.05
1075,8,0.0,0.1,0.85,1.0,0.25,0.6,0.1,1.0
1076,,-0.05,0.05,0.8,0.95,0.2,0.55,0.05,0.95
1077,1,1.0,0.05,0.8,0.95,0.2,0.55,0.05,0.95
1078,,0.95,0.0,0.75,0.9,0.15,0.5,0.0,0.9
1079,,0.9,-0.05,0.7,0.85,0.1,0.45,-0.05,0.85
1080,2,0.9,1.0,0.7,0.85,0.1,0.45,-0.05,0.85
1081,7,0.9,1.0,0.7,0.85,0.1,0.45,1.0,0.85
1082,,0.85,0.95,0.65,0.8,0.05,0.4,0.95,0.8
1083,,0.8,0.9,0.6,0.75,0.0,0.35,0.9,0.75
1084,,0.75,0.85,0.55,0.7,-0.05,0.3,0.85,0.7
1085,5,0.75,0.85,0.55,0.7,1.0,0.3,0.85,0.7
1086,,0.7,0.8,0.5,0.65,0.95,0.25,0.8,0.65
1087,,0.65,0.75,0.45,0.6,0.9,0.2,0.75,0.6
1088,,0.6,0.7,0.4,0.55,0.85,0.15,0.7,0.55
1089,,0.55,0.65,0.35,0.5,0.8,0.1,0.65,0.5
1090,,0.5,0.6,0.3,0.45,0.75,0.05,0.6,0.45
1091,,0.45,0.55,0.25,0.4,0.7,0.0,0.55,0.4
1092,,0.4,0.5,0.2,0.35,0.65,-0.05,0.5,0.35
1093,6,0.4,0.5,0.2,0.35,0.65,1.0,0.5,0.35
1094,,0.35,0.45,0.15,0.3,0.6,0.95,0.45,0.3
1095,,0.3,0.4,0.1,0.25,0.55,0.9,0.4,0.25
1096,,0.25,0.35,0.05,0.2,0.5,0.85,0.35,0.2
1097,,0.2,0.3,0.0,0.15,0.45,0.8,0.3,0.15
1098,,0.15,0.25,-0.05,0.1,0.4,0.75,0.25,0.1
1099,3,0.15,0.25,1.0,0.1,0.4,0.75,0.25,0.1
1100,,0.1,0.2,0.95,0.05,0.35,0.7,0.2,0.05
1101,,0.05,0.15,0.9,0.0,0.3,0.65,0.15,0.0
1102,,0.0,0.1,0.85,-0.05,0.25,0.6,0.1,-0.05
1103,8,0.0,0.1,0.85,-0.05,0.25,0.6,0.1,1.0
1104,4,0.0,0.1,0.85,1.0,0.25,0.6,0.1,1.0
1105,,-0.05,0.05,0.8,0.95,0.2,0.55,0.05,0.95
1106,1,1.0,0.05,0.8,0.95,0.2,0.55,0.05,0.95
1107,,0.95,0.0,0.75,0.9,0.15,0.5,0.0,0.9
1108,,0.9,-0.05,0.7,0.85,0.1,0.45,-0.05,0.85
1109,2,0.9,1.0,0.7,0.85,0.1,0.45,-0.05,0.85
1110,7,0.9,1.0,0.7,0.85,0.1,0.45,1.0,0.85
1111,,0.85,0.95,0.65,0.8,0.05,0.4,0.95,0.8
1112,,0.8,0.9,0.6,0.75,0.0,0.35,0.9,0.75
1113,,0.75,0.85,0.55,0.7,-0.05,0.3,0.85,0.7
1114,5,0.75,0.85,0.55,0.7,1.0,0.3,0.85,0.7
1115,,0.7,0.8,0.5,0.65,0.95,0.25,0.8,0.65
1116,,0.65,0.75,0.45,0.6,0.9,0.2,0.75,0.6
1117,,0.6,0.7,0.4,0.55,0.85,0.15,0.7,0.55
1118,,0.55,0.65,0.35,0.5,0.8,0.1,0.65,0.5
1119,,0.5,0.6,0.3,0.45,0.75,0.05,0.6,0.45
1120,,0.45,0.55,0.25,0.4,0.7,0.0,0.55,0.4
1121,,0.4,0.5,0.2,0.35,0.65,-0.05,0.5,0.35
1122,6,0.4,0.5,0.2,0.35,0.65,1.0,0.5,0.35
1123,,0.35,0.45,0.15,0.3,0.6,0.95,0.45,0.3
1124,,0.3,0.4,0.1,0.25,0.55,0.9,0.4,0.25
1125,,0.25,0.35,0.05,0.2,0.5,0.85,0.35,0.2
1126,,0.2,0.3,0.0,0.15,0.45,0.8,0.3,0.15
1127,,0.15,0.25,-0.05,0.1,0.4,0.75,0.25,0.1
1128,3,0.15,0.25,1.0,0.1,0.4,0.75,0.25,0.1
1129,,0.1,0.2,0.95,0.05,0.35,0.7,0.2,0.05
1130,,0.05,0.15,0.9,0.0,0.3,0.65,0.15,0.0
1131,,0.0,0.1,0.85,-0.05,0.25,0.6,0.1,-0.05
1132,4,0.0,0.1,0.85,1.0,0.25,0.6,0.1,-0.05
1133,8,0.0,0.1,0.85,1.0,0.25,0.6,0.1,1.0
1134,,-0.05,0.05,0.8,0.95,0.2,0.55,0.05,0.95
1135,1,1.0,0.05,0.8,0.95,0.2,0.55,0.05,0.95
1136,,0.95,0.0,0.75,0.9,0.15,0.5,0.0,0.9
1137,,0.9,-0.05,0.7,0.85,0.1,0.45,-0.05,0.85
1138,2,0.9,1.0,0.7,0.85,0.1,0.45,-0.05,0.85
1139,7,0.9,1.0,0.7,0.85,0.1,0.45,1.0,0.85
1140,,0.85,0.95,0.65,0.8,0.05,0.4,0.95,0.8
1141,,0.8,0.9,0.6,0.75,0.0,0.35,0.9,0.75
1142,,0.75,0.85,0.55,0.7,-0.05,0.3,0.85,0.7
1143,5,0.75,0.85,0.55,0.7,1.0,0.3,0.85,0.7
1144,,0.7,0.8,0.5,0.65,0.95,0.25,0.8,0.65
1145,,0.65,0.75,0.45,0.6,0.9,0.2,0.75,0.6
1146,,0.6,0.7,0.4,0.55,0.85,0.15,0.7,0.55
1147,,0.55,0.65,0.35,0.5,0.8,0.1,0.65,0.5
1148,,0.5,0.6,0.3,0.45,0.75,0.05,0.6,0.45
1149,,0.45,0.55,0.25,0.4,0.7,0.0,0.55,0.4
1150,,0.4,0.5,0.2,0.35,0.65,-0.05,0.5,0.35
1151,6,0.4,0.5,0.2,0.35,0.65,1.0,0.5,0.35
1152,,0.35,0.45,0.15,0.3,0.6,0.95,0.45,0.3
1153,,0.3,0.4,0.1,0.25,0.55,0.9,0.4,0.25
1154,,0.25,0.35,0.05,0.2,0.5,0.85,0.35,0.2
1155,,0.2,0.3,0.0,0.15,0.45,0.8,0.3,0.15
1156,,0.15,0.25,-0.05,0.1,0.4,0.75,0.25,0.1
1157,3,0.15,0.25,1.0,0.1,0.4,0.75,0.25,0.1
1158,,0.1,0.2,0.95,0.05,0.35,0.7,0.2,0.05
1159,,0.05,0.15,0.9,0.0,0.3,0.65,0.15,0.0
1160,,0.0,0.1,0.85,-0.05,0.25,0.6,0.1,-0.05
1161,4,0.0,0.1,0.85,1.0,0.25,0.6,0.1,-0.05
1162,8,0.0,0.1,0.85,1.0,0.25,0.6,0.1,1.0
1163,,-0.05,0.05,0.8,0.95,0.2,0.55,0.05,0.95
1164,1,1.0,0.05,0.8,0.95,0.2,0.55,0.05,0.95
1165,,0.95,0.0,0.75,0.9,0.15,0.5,0.0,0.9
1166,,0.9,-0.05,0.7,0.85,0.1,0.45,-0.05,0.85
1167,7,0.9,-0.05,0.7,0.85,0.1,0.45,1.0,0.85
1168,2,0.9,1.0,0.7,0.85,0.1,0.45,1.0,0.85
1169,,0.85,0.95,0.65,0.8,0.05,0.4,0.95,0.8
1170,,0.8,0.9,0.6,0.75,0.0,0.35,0.9,0.75
1171,,0.75,0.85,0.55,0.7,-0.05,0.3,0.85,0.7
1172,5,0.75,0.85,0.55,0.7,1.0,0.3,0.85,0.7
1173,,0.7,0.8,0.5,0.65,0.95,0.25,0.8,0.65
1174,,0.65,0.75,0.45,0.6,0.9,0.2,0.75,0.6
1175,,0.6,0.7,0.4,0.55,0.85,0.15,0.7,0.55
1176,,0.55,0.65,0.35,0.5,0.8,0.1,0.65,0.5
1177,,0.5,0.6,0.3,0.45,0.75,0.05,0.6,0.45
1178,,0.45,0.55,0.25,0.4,0.7,0.0,0.55,0.4
1179,,0.4,0.5,0.2,0.35,0.65,-0.05,0.5,0.35
1180,6,0.4,0.5,0.2,0.35,0.65,1.0,0.5,0.35
1181,,0.35,0.45,0.15,0.3,0.6,0.95,0.45,0.3
1182,,0.3,0.4,0.1,0.25,0.55,0.9,0.4,0.25
1183,,0.25,0.35,0.05,0.2,0.5,0.85,0.35,0.2
1184,,0.2,0.3,0.0,0.15,0.45,0.8,0.3,0.15
1185,,0.15,0.25,-0.05,0.1,0.4,0.75,0.25,0.1
1186,3,0.15,0.25,1.0,0.1,0.4,0.75,0.25,0.1
1187,,0.1,0.2,0.95,0.05,0.35,0.7,0.2,0.05
1188,,0.05,0.15,0.9,0.0,0.3,0.65,0.15,0.0
1189,,0.0,0.1,0.85,-0.05,0.25,0.6,0.1,-0.05
1190,8,0.0,0.1,0.85,-0.05,0.25,0.6,0.1,1.0
1191,4,0.0,0.1,0.85,1.0,0.25,0.6,0.1,1.0
1192,,-0.05,0.05,0.8,0.95,0.2,0.55,0.05,0.95
1193,1,1.0,0.05,0.8,0.95,0.2,0.55,0.05,0.95
1194,,0.95,0.0,0.75,0.9,0.15,0.5,0.0,0.9
1195,,0.9,-0.05,0.7,0.85,0.1,0.45,-0.05,0.85
1196,7,0.9,-0.05,0.7,0.85,0.1,0.45,1.0,0.85
1197,2,0.9,1.0,0.7,0.85,0.1,0.45,1.0,0.85
1198,,0.85,0.95,0.65,0.8,0.05,0.4,0.95,0.8
1199,,0.8,0.9,0.6,0.75,0.0,0.35,0.9,0.75
1200,,0.75,0.85,0.55,0.7,-0.05,0.3,0.85,0.7
1201,5,0.75,0.85,0.55,0.7,1.0,0.3,0.85,0.7
1202,,0.7,0.8,0.5,0.65,0.95,0.25,0.8,0.65
1203,,0.65,0.75,0.45,0.6,0.9,0.2,0.75,0.6
1204,,0.6,0.7,0.4,0.55,0.85,0.15,0.7,0.55
1205,,0.55,0.65,0.35,0.5,0.8,0.1,0.65,0.5
1206,,0.5,0.6,0.3,0.45,0.75,0.05,0.6,0.45
1207,,0.45,0.55,0.25,0.4,0.7,0.0,0.55,0.4
1208,,0.4,0.5,0.2,0.35,0.65,-0.05,0.5,0.35
1209,6,0.4,0.5,0.2,0.35,0.65,1.0,0.5,0.35
1210,,0.35,0.45,0.15,0.3,0.6,0.95,0.45,0.3
1211,,0.3,0.4,0.1,0.25,0.55,0.9,0.4,0.25
1212,,0.25,0.35,0.05,0.2,0.5,0.85,0.35,0.2
1213,,0.2,0.3,0.0,0.15,0.45,0.8,0.3,0.15
1214,,0.15,0.25,-0.05,0.1,0.4,0.75,0.25,0.1
1215,3,0.15,0.25,1.0,0.1,0.4,0.75,0.25,0.1
1216,,0.1,0.2,0.95,0.05,0.35,0.7,0.2,0.05
1217,,0.05,0.15,0.9,0.0,0.3,0.65,0.15,0.0
1218,,0.0,0.1,0.85,-0.05,0.25,0.6,0.1,-0.05
1219,4,0.0,0.1,0.85,1.0,0.25,0.6,0.1,-0.05
1220,8,0.0,0.1,0.85,1.0,0.25,0.6,0.1,1.0
1221,,-0.05,0.05,0.8,0.95,0.2,0.55,0.05,0.95
1222,1,1.0,0.05,0.8,0.95,0.2,0.55,0.05,0.95
1223,,0.95,0.0,0.75,0.9,0.15,0.5,0.0,0.9
1224,,0.9,-0.05,0.7,0.85,0.1,0.45,-0.05,0.85
1225,2,0.9,1.0,0.7,0.85,0.1,0.45,-0.05,0.85
1226,7,0.9,1.0,0.7,0.85,0.1,0.45,1.0,0.85
1227,,0.85,0.95,0.65,0.8,0.05,0.4,0.95,0.8
1228,,0.8,0.9,0.6,0.75,0.0,0.35,0.9,0.75
1229,,0.75,0.85,0.55,0.7,-0.05,0.3,0.85,0.7
1230,5,0.75,0.85,0.55,0.7,1.0,0.3,0.85,0.7
1231,,0.7,0.8,0.5,0.65,0.95,0.25,0.8,0.65
1232,,0.65,0.75,0.45,0.6,0.9,0.2,0.75,0.6
1233,,0.6,0.7,0.4,0.55,0.85,0.15,0.7,0.55
1234,,0.55,0.65,0.35,0.5,0.8,0.1,0.65,0.5
1235,,0.5,0.6,0.3,0.45,0.75,0.05,0.6,0.45
1236,,0.45,0.55,0.25,0.4,0.7,0.0,0.55,0.4
1237,,0.4,0.5,0.2,0.35,0.65,-0.05,0.5,0.35
1238,6,0.4,0.5,0.2,0.35,0.65,1.0,0.5,0.35
1239,,0.35,0.45,0.15,0.3,0.6,0.95,0.45,0.3
1240,,0.3,0.4,0.1,0.25,0.55,0.9,0.4,0.25
1241,,0.25,0.35,0.05,0.2,0.5,0.85,0.35,0.2
1242,,0.2,0.3,0.0,0.15,0.45,0.8,0.3,0.15
1243,,0.15,0.25,-0.05,0.1,0.4,0.75,0.25,0.1
1244,3,0.15,0.25,1.0,0.1,0.4,0.75,0.25,0.1
1245,,0.1,0.2,0.95,0.05,0.35,0.7,0.2,0.05
1246,,0.05,0.15,0.9,0.0,0.3,0.65,0.15,0.0
1247,,0.0,0.1,0.85,-0.05,0.25,0.6,0.1,-0.05
1248,4,0.0,0.1,0.85,1.0,0.25,0.6,0.1,-0.05
1249,8,0.0,0.1,0.85,1.0,0.25,0.6,0.1,1.0
1250,,-0.05,0.05,0.8,0.95,0.2,0.55,0.05,0.95
1251,1,1.0,0.05,0.8,0.95,0.2,0.55,0.05,0.95
1252,,0.95,0.0,0.75,0.9,0.15,0.5,0.0,0.9
1253,,0.9,-0.05,0.7,0.85,0.1,0.45,-0.05,0.85
1254,7,0.9,-0.05,0.7,0.85,0.1,0.45,1.0,0.85
1255,2,0.9,1.0,0.7,0.85,0.1,0.45,1.0,0.85
1256,,0.85,0.95,0.65,0.8,0.05,0.4,0.95,0.8
1257,,0.8,0.9,0.6,0.75,0.0,0.35,0.9,0.75
1258,,0.75,0.85,0.55,0.7,-0.05,0.3,0.85,0.7
1259,5,0.75,0.85,0.55,0.7,1.0,0.3,0.85,0.7
1260,,0.7,0.8,0.5,0.65,0.95,0.25,0.8,0.65
1261,,0.65,0.75,0.45,0.6,0.9,0.2,0.75,0.6
1262,,0.6,0.7,0.4,0.55,0.85,0.15,0.7,0.55
1263,,0.55,0.65,0.35,0.5,0.8,0.1,0.65,0.5
1264,,0.5,0.6,0.3,0.45,0.75,0.05,0.6,0.45
1265,,0.45,0.55,0.25,0.4,0.7,0.0,0.55,0.4
1266,,0.4,0.5,0.2,0.35,0.65,-0.05,0.5,0.35
1267,6,0.4,0.5,0.2,0.35,0.65,1.0,0.5,0.35
1268,,0.35,0.45,0.15,0.3,0.6,0.95,0.45,0.3
1269,,0.3,0.4,0.1,0.25,0.55,0.9,0.4,0.25
1270,,0.25,0.35,0.05,0.2,0.5,0.85,0.35,0.2
1271,,0.2,0.3,0.0,0.15,0.45,0.8,0.3,0.15
1272,,0.15,0.25,-0.05,0.1,0.4,0.75,0.25,0.1
1273,3,0.15,0.25,1.0,0.1,0.4,0.75,0.25,0.1
1274,,0.1,0.2,0.95,0.05,0.35,0.7,0.2,0.05
1275,,0.05,0.15,0.9,0.0,0.3,0.65,0.15,0.0
1276,,0.0,0.1,0.85,-0.05,0.25,0.6,0.1,-0.05
1277,8,0.0,0.1,0.85,-0.05,0.25,0.6,0.1,1.0
1278,4,0.0,0.1,0.85,1.0,0.25,0.6,0.1,1.0
1279,,-0.05,0.05,0.8,0.95,0.2,0.55,0.05,0.95
1280,1,1.0,0.05,0.8,0.95,0.2,0.55,0.05,0.95
1281,,0.95,0.0,0.75,0.9,0.15,0.5,0.0,0.9
1282,,0.9,-0.05,0.7,0.85,0.1,0.45,-0.05,0.85
1283,7,0.9,-0.05,0.7,0.85,0.1,0.45,1.0,0.85
1284,2,0.9,1.0,0.7,0.85,0.1,0.45,1.0,0.85
1285,,0.85,0.95,0.65,0.8,0.05,0.4,0.95,0.8
1286,,0.8,0.9,0.6,0.75,0.0,0.35,0.9,0.75
1287,,0.75,0.85,0.55,0.7,-0.05,0.3,0.85,0.7
1288,5,0.75,0.85,0.55,0.7,1.0,0.3,0.85,0.7
1289,,0.7,0.8,0.5,0.65,0.95,0.25,0.8,0.65
1290,,0.65,0.75,0.45,0.6,0.9,0.2,0.75,0.6
1291,,0.6,0.7,0.4,0.55,0.85,0.15,0.7,0.55
1292,,0.55,0.65,0.35,0.5,0.8,0.1,0.65,0.5
1293,,0.5,0.6,0.3,0.45,0.75,0.05,0.6,0.45
1294,,0.45,0.55,0.25,0.4,0.7,0.0,0.55,0.4
1295,,0.4,0.5,0.2,0.35,0.65,-0.05,0.5,0.35
1296,6,0.4,0.5,0.2,0.35,0.65,1.0,0.5,0.35
1297,,0.35,0.45,0.15,0.3,0.6,0.95,0.45,0.3
1298,,0.3,0.4,0.1,0.25,0.55,0.9,0.4,0.25
1299,,0.25,0.35,0.05,0.2,0.5,0.85,0.35,0.2
1300,,0.2,0.3,0.0,0.15,0.45,0.8,0.3,0.15
1301,,0.15,0.25,-0.05,0.1,0.4,0.75,0.25,0.1
1302,3,0.15,0.25,1.0,0.1,0.4,0.75,0.25,0.1
1303,,0.1,0.2,0.95,0.05,0.35,0.7,0.2,0.05
1304,,0.05,0.15,0.9,0.0,0.3,0.65,0.15,0.0
1305,,0.0,0.1,0.85,-0.05,0.25,0.6,0.1,-0.05
1306,8,0.0,0.1,0.85,-0.05,0.25,0.6,0.1,1.0
1307,4,0.0,0.1,0.85,1.0,0.25,0.6,0.1,1.0
1308,,-0.05,0.05,0.8,0.95,0.2,0.55,0.05,0.95
1309,1,1.0,0.05,0.8,0.95,0.2,0.55,0.05,0.95
1310,,0.95,0.0,0.75,0.9,0.15,0.5,0.0,0.9
1311,,0.9,-0.05,0.7,0.85,0.1,0.45,-0.05,0.85
1312,7,0.9,-0.05,0.7,0.85,0.1,0.45,1.0,0.85
1313,2,0.9,1.0,0.7,0.85,0.1,0.45,1.0,0.85
1314,,0.85,0.95,0.65,0.8,0.05,0.4,0.95,0.8
1315,,0.8,0.9,0.6,0.75,0.0,0.35,0.9,0.75
1316,,0.75,0.85,0.55,0.7,-0.05,0.3,0.85,0.7
1317,5,0.75,0.85,0.55,0.7,1.0,0.3,0.85,0.7
1318,,0.7,0.8,0.5,0.65,0.95,0.25,0.8,0.65
1319,,0.65,0.75,0.45,0.6,0.9,0.2,0.75,0.6
1320,,0.6,0.7,0.4,0.55,0.85,0.15,0.7,0.55
1321,,0.55,0.65,0.35,0.5,0.8,0.1,0.65,0.5
1322,,0.5,0.6,0.3,0.45,0.75,0.05,0.6,0.45
1323,,0.45,0.55,0.25,0.4,0.7,0.0,0.55,0.4
1324,,0.4,0.5,0.2,0.35,0.65,-0.05,0.5,0.35
1325,6,0.4,0.5,0.2,0.35,0.65,1.0,0.5,0.35
1326,,0.35,0.45,0.15,0.3,0.6,0.95,0.45,0.3
1327,,0.3,0.4,0.1,0.25,0.55,0.9,0.4,0.25
1328,,0.25,0.35,0.05,0.2,0.5,0.85,0.35,0.2
1329,,0.2,0.3,0.0,0.15,0.45,0.8,0.3,0.15
1330,,0.15,0.25,-0.05,0.1,0.4,0.75,0.25,0.1
1331,3,0.15,0.25,1.0,0.1,0.4,0.75,0.25,0.1
1332,,0.1,0.2,0.95,0.05,0.35,0.7,0.2,0.05
1333,,0.05,0.15,0.9,0.0,0.3,0.65,0.15,0.0
1334,,0.0,0.1,0.85,-0.05,0.25,0.6,0.1,-0.05
1335,4,0.0,0.1,0.85,1.0,0.25,0.6,0.1,-0.05
1336,8,0.0,0.1,0.85,1.0,0.25,0.6,0.1,1.0
1337,,-0.05,0.05,0.8,0.95,0.2,0.55,0.05,0.95
1338,1,1.0,0.05,0.8,0.95,0.2,0.55,0.05,0.95
1339,,0.95,0.0,0.75,0.9,0.15,0.5,0.0,0.9
1340,,0.9,-0.05,0.7,0.85,0.1,0.45,-0.05,0.85
1341,7,0.9,-0.05,0.7,0.85,0.1,0.45,1.0,0.85
1342,2,0.9,1.0,0.7,0.85,0.1,0.45,1.0,0.85
1343,,0.85,0.95,0.65,0.8,0.05,0.4,0.95,0.8
1344,,0.8,0.9,0.6,0.75,0.0,0.35,0.9,0.75
1345,,0.75,0.85,0.55,0.7,-0.05,0.3,0.85,0.7
1346,5,0.75,0.85,0.55,0.7,1.0,0.3,0.85,0.7
1347,,0.7,0.8,0.5,0.65,0.95,0.25,0.8,0.65
1348,,0.65,0.75,0.45,0.6,0.9,0.2,0.75,0.6
1349,,0.6,0.7,0.4,0.55,0.85,0.15,0.7,0.55
1350,,0.55,0.65,0.35,0.5,0.8,0.1,0.65,0.5
1351,,0.5,0.6,0.3,0.45,0.75,0.05,0.6,0.45
1352,,0.45,0.55,0.25,0.4,0.7,0.0,0.55,0.4
1353,,0.4,0.5,0.2,0.35,0.65,-0.05,0.5,0.35
1354,6,0.4,0.5,0.2,0.35,0.65,1.0,0.5,0.35
1355,,0.35,0.45,0.15,0.3,0.6,0.95,0.45,0.3
1356,,0.3,0.4,0.1,0.25,0.55,0.9,0.4,0.25
1357,,0.25,0.35,0.05,0.2,0.5,0.85,0.35,0.2
1358,,0.2,0.3,0.0,0.15,0.45,0.8,0.3,0.15
1359,,0.15,0.25,-0.05,0.1,0.4,0.75,0.25,0.1
1360,3,0.15,0.25,1.0,0.1,0.4,0.75,0.25,0.1
1361,,0.1,0.2,0.95,0.05,0.35,0.7,0.2,0.05
1362,,0.05,0.15,0.9,0.0,0.3,0.65,0.15,0.0
1363,,0.0,0.1,0.85,-0.05,0.25,0.6,0.1,-0.05
1364,8,0.0,0.1,0.85,-0.05,0.25,0.6,0.1,1.0
1365,4,0.0,0.1,0.85,1.0,0.25,0.6,0.1,1.0
1366,,-0.05,0.05,0.8,0.95,0.2,0.55,0.05,0.95
1367,1,1.0,0.05,0.8,0.95,0.2,0.55,0.05,0.95
1368,,0.95,0.0,0.75,0.9,0.15,0.5,0.0,0.9
1369,,0.9,-0.05,0.7,0.85,0.1,0.45,-0.05,0.85
1370,7,0.9,-0.05,0.7,0.85,0.1,0.45,1.0,0.85
1371,2,0.9,1.0,0.7,0.85,0.1,0.45,1.0,0.85
1372,,0.85,0.95,0.65,0.8,0.05,0.4,0.95,0.8
1373,,0.8,0.9,0.6,0.75,0.0,0.35,0.9,0.75
1374,,0.75,0.85,0.55,0.7,-0.05,0.3,0.85,0.7
1375,5,0.75,0.85,0.55,0.7,1.0,0.3,0.85,0.7
1376,,0.7,0.8,0.5,0.65,0.95,0.25,0.8,0.65
1377,,0.65,0.75,0.45,0.6,0.9,0.2,0.75,0.6
1378,,0.6,0.7,0.4,0.55,0.85,0.15,0.7,0.55
1379,,0.55,0.65,0.35,0.5,0.8,0.1,0.65,0.5
1380,,0.5,0.6,0.3,0.45,0.75,0.05,0.6,0.45
1381,,0.45,0.55,0.25,0.4,0.7,0.0,0.55,0.4
1382,,0.4,0.5,0.2,0.35,0.65,-0.05,0.5,0.35
1383,6,0.4,0.5,0.2,0.35,0.65,1.0,0.5,0.35
1384,,0.35,0.45,0.15,0.3,0.6,0.95,0.45,0.3
1385,,0.3,0.4,0.1,0.25,0.55,0.9,0.4,0.25
1386,,0.25,0.35,0.05,0.2,0.5,0.85,0.35,0.2
1387,,0.2,0.3,0.0,0.15,0.45,0.8,0.3,0.15
1388,,0.15,0.25,-0.05,0.1,0.4,0.75,0.25,0.1
1389,3,0.15,0.25,1.0,0.1,0.4,0.75,0.25,0.1
1390,,0.1,0.2,0.95,0.05,0.35,0.7,0.2,0.05
1391,,0.05,0.15,0.9,0.0,0.3,0.65,0.15,0.0
1392,,0.0,0.1,0.85,-0.05,0.25,0.6,0.1,-0.05
1393,4,0.0,0.1,0.85,1.0,0.25,0.6,0.1,-0.05
1394,8,0.0,0.1,0.85,1.0,0.25,0.6,0.1,1.0
1395,,-0.05,0.05,0.8,0.95,0.2,0.55,0.05,0.95
1396,1,1.0,0.05,0.8,0.95,0.2,0.55,0.05,0.95
1397,,0.95,0.0,0.75,0.9,0.15,0.5,0.0,0.9
1398,,0.9,-0.05,0.7,0.85,0.1,0.45,-0.05,0.85
1399,7,0.9,-0.05,0.7,0.85,0.1,0.45,1.0,0.85
1400,2,0.9,1.0,0.7,0.85,0.1,0.45,1.0,0.85
1401,,0.85,0.95,0.65,0.8,0.05,0.4,0.95,0.8
1402,,0.8,0.9,0.6,0.75,0.0,0.35,0.9,0.75
1403,,0.75,0.85,0.55,0.7,-0.05,0.3,0.85,0.7
1404,5,0.75,0.85,0.55,0.7,1.0,0.3,0.85,0.7
1405,,0.7,0.8,0.5,0.65,0.95,0.25,0.8,0.65
1406,,0.65,0.75,0.45,0.6,0.9,0.2,0.75,0.6
1407,,0.6,0.7,0.4,0.55,0.85,0.15,0.7,0.55
1408,,0.55,0.65,0.35,0.5,0.8,0.1,0.65,0.5
1409,,0.5,0.6,0.3,0.45,0.75,0.05,0.6,0.45
1410,,0.45,0.55,0.25,0.4,0.7,0.0,0.55,0.4
1411,,0.4,0.5,0.2,0.35,0.65,-0.05,0.5,0.35
1412,6,0.4,0.5,0.2,0.35,0.65,1.0,0.5,0.35
1413,,0.35,0.45,0.15,0.3,0.6,0.95,0.45,0.3
1414,,0.3,0.4,0.1,0.25,0.55,0.9,0.4,0.25
1415,,0.25,0.35,0.05,0.2,0.5,0.85,0.35,0.2
1416,,0.2,0.3,0.0,0.15,0.45,0.8,0.3,0.15
1417,,0.15,0.25,-0.05,0.1,0.4,0.75,0.25,0.1
1418,3,0.15,0.25,1.0,0.1,0.4,0.75,0.25,0.1
1419,,0.1,0.2,0.95,0.05,0.35,0.7,0.2,0.05
1420,,0.05,0.15,0.9,0.0,0.3,0.65,0.15,0.0
1421,,0.0,0.1,0.85,-0.05,0.25,0.6,0.1,-0.05
1422,8,0.0,0.1,0.85,-0.05,0.25,0.6,0.1,1.0
1423,4,0.0,0.1,0.85,1.0,0.25,0.6,0.1,1.0
1424,,-0.05,0.05,0.8,0.95,0.2,0.55,0.05,0.95
1425,1,1.0,0.05,0.8,0.95,0.2,0.55,0.05,0.95
1426,,0.95,0.0,0.75,0.9,0.15,0.5,0.0,0.9
1427,,0.9,-0.05,0.7,0.85,0.1,0.45,-0.05,0.85
1428,7,0.9,-0.05,0.7,0.85,0.1,0.45,1.0,0.85
1429,2,0.9,1.0,0.7,0.85,0.1,0.45,1.0,0.85
1430,,0.85,0.95,0.65,0.8,0.05,0.4,0.95,0.8
1431,,0.8,0.9,0.6,0.75,0.0,0.35,0.9,0.75
1432,,0.75,0.85,0.55,0.7,-0.05,0.3,0.85,0.7
1433,5,0.75,0.85,0.55,0.7,1.0,0.3,0.85,0.7
1434,,0.7,0.8,0.5,0.65,0.95,0.25,0.8,0.65
1435,,0.65,0.75,0.45,0.6,0.9,0.2,0.75,0.6
1436,,0.6,0.7,0.4,0.55,0.85,0.15,0.7,0.55
1437,,0.55,0.65,0.35,0.5,0.8,0.1,0.65,0.5
1438,,0.5,0.6,0.3,0.45,0.75,0.05,0.6,0.45
1439,,0.45,0.55,0.25,0.4,0.7,0.0,0.55,0.4
1440,,0.4,0.5,0.2,0.35,0.65,-0.05,0.5,0.35
1441,6,0.4,0.5,0.2,0.35,0.65,1.0,0.5,0.35
1442,,0.35,0.45,0.15,0.3,0.6,0.95,0.45,0.3
1443,,0.3,0.4,0.1,0.25,0.55,0.9,0.4,0.25
1444,,0.25,0.35,0.05,0.2,0.5,0.85,0.35,0.2
1445,,0.2,0.3,0.0,0.15,0.45,0.8,0.3,0.15
1446,,0.15,0.25,-0.05,0.1,0.4,0.75,0.25,0.1
1447,3,0.15,0.25,1.0,0.1,0.4,0.75,0.25,0.1
1448,,0.1,0.2,0.95,0.05,0.35,0.7,0.2,0.05
1449,,0.05,0.15,0.9,0.0,0.3,0.65,0.15,0.0
1450,,0.0,0.1,0.85,-0.05,0.25,0.6,0.1,-0.05
1451,4,0.0,0.1,0.85,1.0,0.25,0.6,0.1,-0.05
1452,8,0.0,0.1,0.85,1.0,0.25,0.6,0.1,1.0
1453,,-0.05,0.05,0.8,0.95,0.2,0.55,0.05,0.95
1454,1,1.0,0.05,0.8,0.95,0.2,0.55,0.05,0.95
1455,,0.95,0.0,0.75,0.9,0.15,0.5,0.0,0.9
1456,,0.9,-0.05,0.7,0.85,0.1,0.45,-0.05,0.85
1457,2,0.9,1.0,0.7,0.85,0.1,0.45,-0.05,0.85
1458,7,0.9,1.0,0.7,0.85,0.1,0.45,1.0,0.85
1459,,0.85,0.95,0.65,0.8,0.05,0.4,0.95,0.8
1460,,0.8,0.9,0.6,0.75,0.0,0.35,0.9,0.75
1461,,0.75,0.85,0.55,0.7,-0.05,0.3,0.85,0.7
1462,5,0.75,0.85,0.55,0.7,1.0,0.3,0.85,0.7
1463,,0.7,0.8,0.5,0.65,0.95,0.25,0.8,0.65
1464,,0.65,0.75,0.45,0.6,0.9,0.2,0.75,0.6
1465,,0.6,0.7,0.4,0.55,0.85,0.15,0.7,0.55
1466,,0.55,0.65,0.35,0.5,0.8,0.1,0.65,0.5
1467,,0.5,0.6,0.3,0.45,0.75,0.05,0.6,0.45
1468,,0.45,0.55,0.25,0.4,0.7,0.0,0.55,0.4
1469,,0.4,0.5,0.2,0.35,0.65,-0.05,0.5,0.35
1470,6,0.4,0.5,0.2,0.35,0.65,1.0,0.5,0.35
1471,,0.35,0.45,0.15,0.3,0.6,0.95,0.45,0.3
1472,,0.3,0.4,0.1,0.25,0.55,0.9,0.4,0.25
1473,,0.25,0.35,0.05,0.2,0.5,0.85,0.35,0.2
1474,,0.2,0.3,0.0,0.15,0.45,0.8,0.3,0.15
1475,,0.15,0.25,-0.05,0.1,0.4,0.75,0.25,0.1
1476,3,0.15,0.25,1.0,0.1,0.4,0.75,0.25,0.1
1477,,0.1,0.2,0.95,0.05,0.35,0.7,0.2,0.05
1478,,0.05,0.15,0.9,0.0,0.3,0.65,0.15,0.0
1479,,0.0,0.1,0.85,-0.05,0.25,0.6,0.1,-0.05
1480,8,0.0,0.1,0.85,-0.05,0.25,0.6,0.1,1.0
1481,4,0.0,0.1,0.85,1.0,0.25,0.6,0.1,1.0
1482,,-0.05,0.05,0.8,0.95,0.2,0.55,0.05,0.95
1483,1,1.0,0.05,0.8,0.95,0.2,0.55,0.05,0.95
1484,,0.95,0.0,0.75,0.9,0.15,0.5,0.0,0.9
1485,,0.9,-0.05,0.7,0.85,0.1,0.45,-0.05,0.85
1486,7,0.9,-0.05,0.7,0.85,0.1,0.45,1.0,0.85
1487,2,0.9,1.0,0.7,0.85,0.1,0.45,1.0,0.85
1488,,0.85,0.95,0.65,0.8,0.05,0.4,0.95,0.8
1489,,0.8,0.9,0.6,0.75,0.0,0.35,0.9,0.75
1490,,0.75,0.85,0.55,0.7,-0.05,0.3,0.85,0.7
1491,5,0.75,0.85,0.55,0.7,1.0,0.3,0.85,0.7
1492,,0.7,0.8,0.5,0.65,0.95,0.25,0.8,0.65
1493,,0.65,0.75,0.45,0.6,0.9,0.2,0.75,0.6
1494,,0.6,0.7,0.4,0.55,0.85,0.15,0.7,0.55
1495,,0.55,0.65,0.35,0.5,0.8,0.1,0.65,0.5
1496,,0.5,0.6,0.3,0.45,0.75,0.05,0.6,0.45
1497,,0.45,0.55,0.25,0.4,0.7,0.0,0.55,0.4
1498,,0.4,0.5,0.2,0.35,0.65,-0.05,0.5,0.35
1499,6,0.4,0.5,0.2,0.35,0.65,1.0,0.5,0.35
1500,,0.35,0.45,0.15,0.3,0.6,0.95,0.45,0.3
1501,,0.3,0.4,0.1,0.25,0.55,0.9,0.4,0.25
1502,,0.25,0.35,0.05,0.2,0.5,0.85,0.35,0.2
1503,,0.2,0.3,0.0,0.15,0.45,0.8,0.3,0.15
1504,,0.15,0.25,-0.05,0.1,0.4,0.75,0.25,0.1
1505,3,0.15,0.25,1.0,0.1,0.4,0.75,0.25,0.1
1506,,0.1,0.2,0.95,0.05,0.35,0.7,0.2,0.05
1507,,0.05,0.15,0.9,0.0,0.3,0.65,0.15,0.0
1508,,0.0,0.1,0.85,-0.05,0.25,0.6,0.1,-0.05
1509,8,0.0,0.1,0.85,-0.05,0.25,0.6,0.1,1.0
1510,4,0.0,0.1,0.85,1.0,0.25,0.6,0.1,1.0
1511,,-0.05,0.05,0.8,0.95,0.2,0.55,0.05,0.95
1512,1,1.0,0.05,0.8,0.95,0.2,0.55,0.05,0.95
1513,,0.95,0.0,0.75,0.9,0.15,0.5,0.0,0.9
1514,,0.9,-0.05,0.7,0.85,0.1,0.45,-0.05,0.85
1515,7,0.9,-0.05,0.7,0.85,0.1,0.45,1.0,0.85
1516,2,0.9,1.0,0.7,0.85,0.1,0.45,1.0,0.85
1517,,0.85,0.95,0.65,0.8,0.05,0.4,0.95,0.8
1518,,0.8,0.9,0.6,0.75,0.0,0.35,0.9,0.75
1519,,0.75,0.85,0.55,0.7,-0.05,0.3,0.85,0.7
1520,5,0.75,0.85,0.55,0.7,1.0,0.3,0.85,0.7
1521,,0.7,0.8,0.5,0.65,0.95,0.25,0.8,0.65
1522,,0.65,0.75,0.45,0.6,0.9,0.2,0.75,0.6
1523,,0.6,0.7,0.4,0.55,0.85,0.15,0.7,0.55
1524,,0.55,0.65,0.35,0.5,0.8,0.1,0.65,0.5
1525,,0.5,0.6,0.3,0.45,0.75,0.05,0.6,0.45
1526,,0.45,0.55,0.25,0.4,0.7,0.0,0.55,0.4
1527,,0.4,0.5,0.2,0.35,0.65,-0.05,0.5,0.35
1528,6,0.4,0.5,0.2,0.35,0.65,1.0,0.5,0.35
1529,,0.35,0.45,0.15,0.3,0.6,0.95,0.45,0.3
1530,,0.3,0.4,0.1,0.25,0.55,0.9,0.4,0.25
1531,,0.25,0.35,0.05,0.2,0.5,0.85,0.35,0.2
1532,,0.2,0.3,0.0,0.15,0.45,0.8,0.3,0.15
1533,,0.15,0.25,-0.05,0.1,0.4,0.75,0.25,0.1
1534,3,0.15,0.25,1.0,0.1,0.4,0.75,0.25,0.1
1535,,0.1,0.2,0.95,0.05,0.35,0.7,0.2,0.05
1536,,0.05,0.15,0.9,0.0,0.3,0.65,0.15,0.0
1537,,0.0,0.1,0.85,-0.05,0.25,0.6,0.1,-0.05
1538,4,0.0,0.1,0.85,1.0,0.25,0.6,0.1,-0.05
1539,8,0.0,0.1,0.85,1.0,0.25,0.6,0.1,1.0
1540,,-0.05,0.05,0.8,0.95,0.2,0.55,0.05,0.95
1541,1,1.0,0.05,0.8,0.95,0.2,0.55,0.05,0.95
1542,,0.95,0.0,0.75,0.9,0.15,0.5,0.0,0.9
1543,,0.9,-0.05,0.7,0.85,0.1,0.45,-0.05,0.85
1544,7,0.9,-0.05,0.7,0.85,0.1,0.45,1.0,0.85
1545,2,0.9,1.0,0.7,0.85,0.1,0.45,1.0,0.85
1546,,0.85,0.95,0.65,0.8,0.05,0.4,0.95,0.8
1547,,0.8,0.9,0.6,0.75,0.0,0.35,0.9,0.75
1548,,0.75,0.85,0.55,0.7,-0.05,0.3,0.85,0.7
1549,5,0.75,0.85,0.55,0.7,1.0,0.3,0.85,0.7
1550,,0.7,0.8,0.5,0.65,0.95,0.25,0.8,0.65
1551,,0.65,0.75,0.45,0.6,0.9,0.2,0.75,0.6
1552,,0.6,0.7,0.4,0.55,0.85,0.15,0.7,0.55
1553,,0.55,0.65,0.35,0.5,0.8,0.1,0.65,0.5
1554,,0.5,0.6,0.3,0.45,0.75,0.05,0.6,0.45
1555,,0.45,0.55,0.25,0.4,0.7,0.0,0.55,0.4
1556,,0.4,0.5,0.2,0.35,0.65,-0.05,0.5,0.35
1557,6,0.4,0.5,0.2,0.35,0.65,1.0,0.5,0.35
1558,,0.35,0.45,0.15,0.3,0.6,0.95,0.45,0.3
1559,,0.3,0.4,0.1,0.25,0.55,0.9,0.4,0.25
1560,,0.25,0.35,0.05,0.2,0.5,0.85,0.35,0.2
1561,,0.2,0.3,0.0,0.15,0.45,0.8,0.3,0.15
1562,,0.15,0.25,-0.05,0.1,0.4,0.75,0.25,0.1
1563,3,0.15,0.25,1.0,0.1,0.4,0.75,0.25,0.1
1564,,0.1,0.2,0.95,0.05,0.35,0.7,0.2,0.05
1565,,0.05,0.15,0.9,0.0,0.3,0.65,0.15,0.0
1566,,0.0,0.1,0.85,-0.05,0.25,0.6,0.1,-0.05
1567,4,0.0,0.1,0.85,1.0,0.25,0.6,0.1,-0.05
1568,8,0.0,0.1,0.85,1.0,0.25,0.6,0.1,1.0
1569,,-0.05,0.05,0.8,0.95,0.2,0.55,0.05,0.95
1570,1,1.0,0.05,0.8,0.95,0.2,0.55,0.05,0.95
1571,,0.95,0.0,0.75,0.9,0.15,0.5,0.0,0.9
1572,,0.9,-0.05,0.7,0.85,0.1,0.45,-0.05,0.85
1573,7,0.9,-0.05,0.7,0.85,0.1,0.45,1.0,0.85
1574,2,0.9,1.0,0.7,0.85,0.1,0.45,1.0,0.85
1575,,0.85,0.95,0.65,0.8,0.05,0.4,0.95,0.8
1576,,0.8,0.9,0.6,0.75,0.0,0.35,0.9,0.75
1577,,0.75,0.85,0.55,0.7,-0.05,0.3,0.85,0.7
1578,5,0.75,0.85,0.55,0.7,1.0,0.3,0.85,0.7
1579,,0.7,0.8,0.5,0.65,0.95,0.25,0.8,0.65
1580,,0.65,0.75,0.45,0.6,0.9,0.2,0.75,0.6
1581,,0.6,0.7,0.4,0.55,0.85,0.15,0.7,0.55
1582,,0.55,0.65,0.35,0.5,0.8,0.1,0.65,0.5
1583,,0.5,0.6,0.3,0.45,0.75,0.05,0.6,0.45
1584,,0.45,0.55,0.25,0.4,0.7,0.0,0.55,0.4
1585,,0.4,0.5,0.2,0.35,0.65,-0.05,0.5,0.35
1586,6,0.4,0.5,0.2,0.35,0.65,1.0,0.5,0.35
1587,,0.35,0.45,0.15,0.3,0.6,0.95,0.45,0.3
1588,,0.3,0.4,0.1,0.25,0.55,0.9,0.4,0.25
1589,,0.25,0.35,0.05,0.2,0.5,0.85,0.35,0.2
1590,,0.2,0.3,0.0,0.15,0.45,0.8,0.3,0.15
1591,,0.15,0.25,-0.05,0.1,0.4,0.75,0.25,0.1
1592,3,0.15,0.25,1.0,0.1,0.4,0.75,0.25,0.1
1593,,0.1,0.2,0.95,0.05,0.35,0.7,0.2,0.05
1594,,0.05,0.15,0.9,0.0,0.3,0.65,0.15,0.0
1595,,0.0,0.1,0.85,-0.05,0.25,0.6,0.1,-0.05
1596,4,0.0,0.1,0.85,1.0,0.25,0.6,0.1,-0.05
1597,8,0.0,0.1,0.85,1.0,0.25,0.6,0.1,1.0
1598,,-0.05,0.05,0.8,0.95,0.2,0.55,0.05,0.95
1599,1,1.0,0.05,0.8,0.95,0.2,0.55,0.05,0.95
1600,,0.95,0.0,0.75,0.9,0.15,0.5,0.0,0.9
1601,,0.9,-0.05,0.7,0.85,0.1,0.45,-0.05,0.85
1602,2,0.9,1.0,0.7,0.85,0.1,0.45,-0.05,0.85
1603,7,0.9,1.0,0.7,0.85,0.1,0.45,1.0,0.85
1604,,0.85,0.95,0.65,0.8,0.05,0.4,0.95,0.8
1605,,0.8,0.9,0.6,0.75,0.0,0.35,0.9,0.75
1606,,0.75,0.85,0.55,0.7,-0.05,0.3,0.85,0.7
1607,5,0.75,0.85,0.55,0.7,1.0,0.3,0.85,0.7
1608,,0.7,0.8,0.5,0.65,0.95,0.25,0.8,0.65
1609,,0.65,0.75,0.45,0.6,0.9,0.2,0.75,0.6
1610,,0.6,0.7,0.4,0.55,0.85,0.15,0.7,0.55
1611,,0.55,0.65,0.35,0.5,0.8,0.1,0.65,0.5
1612,,0.5,0.6,0.3,0.45,0.75,0.05,0.6,0.45
1613,,0.45,0.55,0.25,0.4,0.7,0.0,0.55,0.4
1614,,0.4,0.5,0.2,0.35,0.65,-0.05,0.5,0.35
1615,6,0.4,0.5,0.2,0.35,0.65,1.0,0.5,0.35
1616,,0.35,0.45,0.15,0.3,0.6,0.95,0.45,0.3
1617,,0.3,0.4,0.1,0.25,0.55,0.9,0.4,0.25
1618,,0.25,0.35,0.05,0.2,0.5,0.85,0.35,0.2
1619,,0.2,0.3,0.0,0.15,0.45,0.8,0.3,0.15
1620,,0.15,0.25,-0.05,0.1,0.4,0.75,0.25,0.1
1621,3,0.15,0.25,1.0,0.1,0.4,0.75,0.25,0.1
1622,,0.1,0.2,0.95,0.05,0.35,0.7,0.2,0.05
1623,,0.05,0.15,0.9,0.0,0.3,0.65,0.15,0.0
1624,,0.0,0.1,0.85,-0.05,0.25,0.6,0.1,-0.05
1625,8,0.0,0.1,0.85,-0.05,0.25,0.6,0.1,1.0
1626,4,0.0,0.1,0.85,1.0,0.25,0.6,0.1,1.0
1627,,-0.05,0.05,0.8,0.95,0.2,0.55,0.05,0.95
1628,1,1.0,0.05,0.8,0.95,0.2,0.55,0.05,0.95
1629,,0.95,0.0,0.75,0.9,0.15,0.5,0.0,0.9
1630,,0.9,-0.05,0.7,0.85,0.1,0.45,-0.05,0.85
1631,2,0.9,1.0,0.7,0.85,0.1,0.45,-0.05,0.85
1632,7,0.9,1.0,0.7,0.85,0.1,0.45,1.0,0.85
1633,,0.85,0.95,0.65,0.8,0.05,0.4,0.95,0.8
1634,,0.8,0.9,0.6,0.75,0.0,0.35,0.9,0.75
1635,,0.75,0.85,0.55,0.7,-0.05,0.3,0.85,0.7
1636,5,0.75,0.85,0.55,0.7,1.0,0.3,0.85,0.7
1637,,0.7,0.8,0.5,0.65,0.95,0.25,0.8,0.65
1638,,0.65,0.75,0.45,0.6,0.9,0.2,0.75,0.6
1639,,0.6,0.7,0.4,0.55,0.85,0.15,0.7,0.55
1640,,0.55,0.65,0.35,0.5,0.8,0.1,0.65,0.5
1641,,0.5,0.6,0.3,0.45,0.75,0.05,0.6,0.45
1642,,0.45,0.55,0.25,0.4,0.7,0.0,0.55,0.4
1643,,0.4,0.5,0.2,0.35,0.65,-0.05,0.5,0.35
1644,6,0.4,0.5,0.2,0.35,0.65,1.0,0.5,0.35
1645,,0.35,0.45,0.15,0.3,0.6,0.95,0.45,0.3
1646,,0.3,0.4,0.1,0.25,0.55,0.9,0.4,0.25
1647,,0.25,0.35,0.05,0.2,0.5,0.85,0.35,0.2
1648,,0.2,0.3,0.0,0.15,0.45,0.8,0.3,0.15
1649,,0.15,0.25,-0.05,0.1,0.4,0.75,0.25,0.1
1650,3,0.15,0.25,1.0,0.1,0.4,0.75,0.25,0.1
1651,,0.1,0.2,0.95,0.05,0.35,0.7,0.2,0.05
1652,,0.05,0.15,0.9,0.0,0.3,0.65,0.15,0.0
1653,,0.0,0.1,0.85,-0.05,0.25,0.6,0.1,-0.05
1654,8,0.0,0.1,0.85,-0.05,0.25,0.6,0.1,1.0
1655,4,0.0,0.1,0.85,1.0,0.25,0.6,0.1,1.0
1656,,-0.05,0.05,0.8,0.95,0.2,0.55,0.05,0.95
1657,1,1.0,0.05,0.8,0.95,0.2,0.55,0.05,0.95
1658,,0.95,0.0,0.75,0.9,0.15,0.5,0.0,0.9
1659,,0.9,-0.05,0.7,0.85,0.1,0.45,-0.05,0.85
1660,2,0.9,1.0,0.7,0.85,0.1,0.45,-0.05,0.85
1661,7,0.9,1.0,0.7,0.85,0.1,0.45,1.0,0.85
1662,,0.85,0.95,0.65,0.8,0.05,0.4,0.95,0.8
1663,,0.8,0.9,0.6,0.75,0.0,0.35,0.9,0.75
1664,,0.75,0.85,0.55,0.7,-0.05,0.3,0.85,0.7
1665,5,0.75,0.85,0.55,0.7,1.0,0.3,0.85,0.7
1666,,0.7,0.8,0.5,0.65,0.95,0.25,0.8,0.65
1667,,0.65,0.75,0.45,0.6,0.9,0.2,0.75,0.6
1668,,0.6,0.7,0.4,0.55,0.85,0.15,0.7,0.55
1669,,0.55,0.65,0.35,0.5,0.8,0.1,0.65,0.5
1670,,0.5,0.6,0.3,0.45,0.75,0.05,0.6,0.45
1671,,0.45,0.55,0.25,0.4,0.7,0.0,0.55,0.4
1672,,0.4,0.5,0.2,0.35,0.65,-0.05,0.5,0.35
1673,6,0.4,0.5,0.2,0.35,0.65,1.0,0.5,0.35
1674,,0.35,0.45,0.15,0.3,0.6,0.95,0.45,0.3
1675,,0.3,0.4,0.1,0.25,0.55,0.9,0.4,0.25
1676,,0.25,0.35,0.05,0.2,0.5,0.85,0.35,0.2
1677,,0.2,0.3,0.0,0.15,0.45,0.8,0.3,0.15
1678,,0.15,0.25,-0.05,0.1,0.4,0.75,0.25,0.1
1679,3,0.15,0.25,1.0,0.1,0.4,0.75,0.25,0.1
1680,,0.1,0.2,0.95,0.05,0.35,0.7,0.2,0.05
1681,,0.05,0.15,0.9,0.0,0.3,0.65,0.15,0.0
1682,,0.0,0.1,0.85,-0.05,0.25,0.6,0.1,-0.05
1683,4,0.0,0.1,0.85,1.0,0.25,0.6,0.1,-0.05
1684,8,0.0,0.1,0.85,1.0,0.25,0.6,0.1,1.0
1685,,-0.05,0.05,0.8,0.95,0.2,0.55,0.05,0.95
1686,1,1.0,0.05,0.8,0.95,0.2,0.55,0.05,0.95
1687,,0.95,0.0,0.75,0.9,0.15,0.5,0.0,0.9
1688,,0.9,-0.05,0.7,0.85,0.1,0.45,-0.05,0.85
1689,7,0.9,-0.05,0.7,0.85,0.1,0.45,1.0,0.85
1690,2,0.9,1.0,0.7,0.85,0.1,0.45,1.0,0.85
1691,,0.85,0.95,0.65,0.8,0.05,0.4,0.95,0.8
1692,,0.8,0.9,0.6,0.75,0.0,0.35,0.9,0.75
1693,,0.75,0.85,0.55,0.7,-0.05,0.3,0.85,0.7
1694,5,0.75,0.85,0.55,0.7,1.0,0.3,0.85,0.7
1695,,0.7,0.8,0.5,0.65,0.95,0.25,0.8,0.65
1696,,0.65,0.75,0.45,0.6,0.9,0.2,0.75,0.6
1697,,0.6,0.7,0.4,0.55,0.85,0.15,0.7,0.55
1698,,0.55,0.65,0.35,0.5,0.8,0.1,0.65,0.5
1699,,0.5,0.6,0.3,0.45,0.75,0.05,0.6,0.45
1700,,0.45,0.55,0.25,0.4,0.7,0.0,0.55,0.4
1701,,0.4,0.5,0.2,0.35,0.65,-0.05,0.5,0.35
1702,6,0.4,0.5,0.2,0.35,0.65,1.0,0.5,0.35
1703,,0.35,0.45,0.15,0.3,0.6,0.95,0.45,0.3
1704,,0.3,0.4,0.1,0.25,0.55,0.9,0.4,0.25
1705,,0.25,0.35,0.05,0.2,0.5,0.85,0.35,0.2
1706,,0.2,0.3,0.0,0.15,0.45,0.8,0.3,0.15
1707,,0.15,0.25,-0.05,0.1,0.4,0.75,0.25,0.1
1708,3,0.15,0.25,1.0,0.1,0.4,0.75,0.25,0.1
1709,,0.1,0.2,0.95,0.05,0.35,0.7,0.2,0.05
1710,,0.05,0.15,0.9,0.0,0.3,0.65,0.15,0.0
1711,,0.0,0.1,0.85,-0.05,0.25,0.6,0.1,-0.05
1712,8,0.0,0.1,0.85,-0.05,0.25,0.6,0.1,1.0
1713,4,0.0,0.1,0.85,1.0,0.25,0.6,0.1,1.0
1714,,-0.05,0.05,0.8,0.95,0.2,0.55,0.05,0.95
1715,1,1.0,0.05,0.8,0.95,0.2,0.55,0.05,0.95
1716,,0.95,0.0,0.75,0.9,0.15,0.5,0.0,0.9
1717,,0.9,-0.05,0.7,0.85,0.1,0.45,-0.05,0.85
1718,2,0.9,1.0,0.7,0.85,0.1,0.45,-0.05,0.85
1719,7,0.9,1.0,0.7,0.85,0.1,0.45,1.0,0.85
1720,,0.85,0.95,0.65,0.8,0.05,0.4,0.95,0.8
1721,,0.8,0.9,0.6,0.75,0.0,0.35,0.9,0.75
1722,,0.75,0.85,0.55,0.7,-0.05,0.3,0.85,0.7
1723,5,0.75,0.85,0.55,0.7,1.0,0.3,0.85,0.7
1724,,0.7,0.8,0.5,0.65,0.95,0.25,0.8,0.65
1725,,0.65,0.75,0.45,0.6,0.9,0.2,0.75,0.6
1726,,0.6,0.7,0.4,0.55,0.85,0.15,0.7,0.55
1727,,0.55,0.65,0.35,0.5,0.8,0.1,0.65,0.5
1728,,0.5,0.6,0.3,0.45,0.75,0.05,0.6,0.45
1729,,0.45,0.55,0.25,0.4,0.7,0.0,0.55,0.4
1730,,0.4,0.5,0.2,0.35,0.65,-0.05,0.5,0.35
1731,6,0.4,0.5,0.2,0.35,0.65,1.0,0.5,0.35
1732,,0.35,0.45,0.15,0.3,0.6,0.95,0.45,0.3
1733,,0.3,0.4,0.1,0.25,0.55,0.9,0.4,0.25
1734,,0.25,0.35,0.05,0.2,0.5,0.85,0.35,0.2
1735,,0.2,0.3,0.0,0.15,0.45,0.8,0.3,0.15
1736,,0.15,0.25,-0.05,0.1,0.4,0.75,0.25,0.1
1737,3,0.15,0.25,1.0,0.1,0.4,0.75,0.25,0.1
1738,,0.1,0.2,0.95,0.05,0.35,0.7,0.2,0.05
1739,,0.05,0.15,0.9,0.0,0.3,0.65,0.15,0.0
1740,,0.0,0.1,0.85,-0.05,0.25,0.6,0.1,-0.05
1741,4,0.0,0.1,0.85,1.0,0.25,0.6,0.1,-0.05
1742,8,0.0,0.1,0.85,1.0,0.25,0.6,0.1,1.0
1743,,-0.05,0.05,0.8,0.95,0.2,0.55,0.05,0.95
1744,1,1.0,0.05,0.8,0.95,0.2,0.55,0.05,0.95
1745,,0.95,0.0,0.75,0.9,0.15,0.5,0.0,0.9
1746,,0.9,-0.05,0.7,0.85,0.1,0.45,-0.05,0.85
1747,7,0.9,-0.05,0.7,0.85,0.1,0.45,1.0,0.85
1748,2,0.9,1.0,0.7,0.85,0.1,0.45,1.0,0.85
1749,,0.85,0.95,0.65,0.8,0.05,0.4,0.95,0.8
1750,,0.8,0.9,0.6,0.75,0.0,0.35,0.9,0.75
1751,,0.75,0.85,0.55,0.7,-0.05,0.3,0.85,0.7
1752,5,0.75,0.85,0.55,0.7,1.0,0.3,0.85,0.7
1753,,0.7,0.8,0.5,0.65,0.95,0.25,0.8,0.65
1754,,0.65,0.75,0.45,0.6,0.9,0.2,0.75,0.6
1755,,0.6,0.7,0.4,0.55,0.85,0.15,0.7,0.55
1756,,0.55,0.65,0.35,0.5,0.8,0.1,0.65,0.5
1757,,0.5,0.6,0.3,0.45,0.75,0.05,0.6,0.45
1758,,0.45,0.55,0.25,0.4,0.7,0.0,0.55,0.4
1759,,0.4,0.5,0.2,0.35,0.65,-0.05,0.5,0.35
1760,6,0.4,0.5,0.2,0.35,0.65,1.0,0.5,0.35
1761,,0.35,0.45,0.15,0.3,0.6,0.95,0.45,0.3
1762,,0.3,0.4,0.1,0.25,0.55,0.9,0.4,0.25
1763,,0.25,0.35,0.05,0.2,0.5,0.85,0.35,0.2
1764,,0.2,0.3,0.0,0.15,0.45,0.8,0.3,0.15
1765,,0.15,0.25,-0.05,0.1,0.4,0.75,0.25,0.1
1766,3,0.15,0.25,1.0,0.1,0.4,0.75,0.25,0.1
1767,,0.1,0.2,0.95,0.05,0.35,0.7,0.2,0.05
1768,,0.05,0.15,0.9,0.0,0.3,0.65,0.15,0.0
1769,,0.0,0.1,0.85,-0.05,0.25,0.6,0.1,-0.05
1770,8,0.0,0.1,0.85,-0.05,0.25,0.6,0.1,1.0
1771,4,0.0,0.1,0.85,1.0,0.25,0.6,0.1,1.0
1772,,-0.05,0.05,0.8,0.95,0.2,0.55,0.05,0.95
1773,1,1.0,0.05,0.8,0.95,0.2,0.55,0.05,0.95
1774,,0.95,0.0,0.75,0.9,0.15,0.5,0.0,0.9
1775,,0.9,-0.05,0.7,0.85,0.1,0.45,-0.05,0.85
1776,7,0.9,-0.05,0.7,0.85,0.1,0.45,1.0,0.85
1777,2,0.9,1.0,0.7,0.85,0.1,0.45,1.0,0.85
1778,,0.85,0.95,0.65,0.8,0.05,0.4,0.95,0.8
1779,,0.8,0.9,0.6,0.75,0.0,0.35,0.9,0.75
1780,,0.75,0.85,0.55,0.7,-0.05,0.3,0.85,0.7
1781,5,0.75,0.85,0.55,0.7,1.0,0.3,0.85,0.7
1782,,0.7,0.8,0.5,0.65,0.95,0.25,0.8,0.65
1783,,0.65,0.75,0.45,0.6,0.9,0.2,0.75,0.6
1784,,0.6,0.7,0.4,0.55,0.85,0.15,0.7,0.55
1785,,0.55,0.65,0.35,0.5,0.8,0.1,0.65,0.5
1786,,0.5,0.6,0.3,0.45,0.75,0.05,0.6,0.45
1787,,0.45,0.55,0.25,0.4,0.7,0.0,0.55,0.4
1788,,0.4,0.5,0.2,0.35,0.65,-0.05,0.5,0.35
1789,6,0.4,0.5,0.2,0.35,0.65,1.0,0.5,0.35
1790,,0.35,0.45,0.15,0.3,0.6,0.95,0.45,0.3
1791,,0.3,0.4,0.1,0.25,0.55,0.9,0.4,0.25
1792,,0.25,0.35,0.05,0.2,0.5,0.85,0.35,0.2
1793,,0.2,0.3,0.0,0.15,0.45,0.8,0.3,0.15
1794,,0.15,0.25,-0.05,0.1,0.4,0.75,0.25,0.1
1795,3,0.15,0.25,1.0,0.1,0.4,0.75,0.25,0.1
1796,,0.1,0.2,0.95,0.05,0.35,0.7,0.2,0.05
1797,,0.05,0.15,0.9,0.0,0.3,0.65,0.15,0.0
1798,,0.0,0.1,0.85,-0.05,0.25,0.6,0.1,-0.05
1799,4,0.0,0.1,0.85,1.0,0.25,0.6,0.1,-0.05
1800,8,0.0,0.1,0.85,1.0,0.25,0.6,0.1,1.0
1801,,-0.05,0.05,0.8,0.95,0.2,0.55,0.05,0.95
1802,1,1.0,0.05,0.8,0.95,0.2,0.55,0.05,0.95
1803,,0.95,0.0,0.75,0.9,0.15,0.5,0.0,0.9
1804,,0.9,-0.05,0.7,0.85,0.1,0.45,-0.05,0.85
1805,7,0.9,-0.05,0.7,0.85,0.1,0.45,1.0,0.85
1806,2,0.9,1.0,0.7,0.85,0.1,0.45,1.0,0.85
1807,,0.85,0.95,0.65,0.8,0.05,0.4,0.95,0.8
1808,,0.8,0.9,0.6,0.75,0.0,0.35,0.9,0.75
1809,,0.75,0.85,0.55,0.7,-0.05,0.3,0.85,0.7
1810,5,0.75,0.85,0.55,0.7,1.0,0.3,0.85,0.7
1811,,0.7,0.8,0.5,0.65,0.95,0.25,0.8,0.65
1812,,0.65,0.75,0.45,0.6,0.9,0.2,0.75,0.6
1813,,0.6,0.7,0.4,0.55,0.85,0.15,0.7,0.55
1814,,0.55,0.65,0.35,0.5,0.8,0.1,0.65,0.5
1815,,0.5,0.6,0.3,0.45,0.75,0.05,0.6,0.45
1816,,0.45,0.55,0.25,0.4,0.7,0.0,0.55,0.4
1817,,0.4,0.5,0.2,0.35,0.65,-0.05,0.5,0.35
1818,6,0.4,0.5,0.2,0.35,0.65,1.0,0.5,0.35
1819,,0.35,0.45,0.15,0.3,0.6,0.95,0.45,0.3
1820,,0.3,0.4,0.1,0.25,0.55,0.9,0.4,0.25
1821,,0.25,0.35,0.05,0.2,0.5,0.85,0.35,0.2
1822,,0.2,0.3,0.0,0.15,0.45,0.8,0.3,0.15
1823,,0.15,0.25,-0.05,0.1,0.4,0.75,0.25,0.1
1824,3,0.15,0.25,1.0,0.1,0.4,0.75,0.25,0.1
1825,,0.1,0.2,0.95,0.05,0.35,0.7,0.2,0.05
1826,,0.05,0.15,0.9,0.0,0.3,0.65,0.15,0.0
1827,,0.0,0.1,0.85,-0.05,0.25,0.6,0.1,-0.05
1828,8,0.0,0.1,0.85,-0.05,0.25,0.6,0.1,1.0
1829,4,0.0,0.1,0.85,1.0,0.25,0.6,0.1,1.0
1830,,-0.05,0.05,0.8,0.95,0.2,0.55,0.05,0.95
1831,1,1.0,0.05,0.8,0.95,0.2,0.55,0.05,0.95
1832,,0.95,0.0,0.75,0.9,0.15,0.5,0.0,0.9
1833,,0.9,-0.05,0.7,0.85,0.1,0.45,-0.05,0.85
1834,2,0.9,1.0,0.7,0.85,0.1,0.45,-0.05,0.85
1835,7,0.9,1.0,0.7,0.85,0.1,0.45,1.0,0.85
1836,,0.85,0.95,0.65,0.8,0.05,0.4,0.95,0.8
1837,,0.8,0.9,0.6,0.75,0.0,0.35,0.9,0.75
1838,,0.75,0.85,0.55,0.7,-0.05,0.3,0.85,0.7
1839,5,0.75,0.85,0.55,0.7,1.0,0.3,0.85,0.7
1840,,0.7,0.8,0.5,0.65,0.95,0.25,0.8,0.65
1841,,0.65,0.75,0.45,0.6,0.9,0.2,0.75,0.6
1842,,0.6,0.7,0.4,0.55,0.85,0.15,0.7,0.55
1843,,0.55,0.65,0.35,0.5,0.8,0.1,0.65,0.5
1844,,0.5,0.6,0.3,0.45,0.75,0.05,0.6,0.45
1845,,0.45,0.55,0.25,0.4,0.7,0.0,0.55,0.4
1846,,0.4,0.5,0.2,0.35,0.65,-0.05,0.5,0.35
1847,6,0.4,0.5,0.2,0.35,0.65,1.0,0.5,0.35
1848,,0.35,0.45,0.15,0.3,0.6,0.95,0.45,0.3
1849,,0.3,0.4,0.1,0.25,0.55,0.9,0.4,0.25
1850,,0.25,0.35,0.05,0.2,0.5,0.85,0.35,0.2
1851,,0.2,0.3,0.0,0.15,0.45,0.8,0.3,0.15
1852,,0.15,0.25,-0.05,0.1,0.4,0.75,0.25,0.1
1853,3,0.15,0.25,1.0,0.1,0.4,0.75,0.25,0.1
1854,,0.1,0.2,0.95,0.05,0.35,0.7,0.2,0.05
1855,,0.05,0.15,0.9,0.0,0.3,0.65,0.15,0.0
1856,,0.0,0.1,0.85,-0.05,0.25,0.6,0.1,-0.05
1857,8,0.0,0.1,0.85,-0.05,0.25,0.6,0.1,1.0
1858,4,0.0,0.1,0.85,1.0,0.25,0.6,0.1,1.0
1859,,-0.05,0.05,0.8,0.95,0.2,0.55,0.05,0.95
1860,1,1.0,0.05,0.8,0.95,0.2,0.55,0.05,0.95
1861,,0.95,0.0,0.75,0.9,0.15,0.5,0.0,0.9
1862,,0.9,-0.05,0.7,0.85,0.1,0.45,-0.05,0.85
1863,7,0.9,-0.05,0.7,0.85,0.1,0.45,1.0,0.85
1864,2,0.9,1.0,0.7,0.85,0.1,0.45,1.0,0.85
1865,,0.85,0.95,0.65,0.8,0.05,0.4,0.95,0.8
1866,,0.8,0.9,0.6,0.75,0.0,0.35,0.9,0.75
1867,,0.75,0.85,0.55,0.7,-0.05,0.3,0.85,0.7
1868,5,0.75,0.85,0.55,0.7,1.0,0.3,0.85,0.7
1869,,0.7,0.8,0.5,0.65,0.95,0.25,0.8,0.65
1870,,0.65,0.75,0.45,0.6,0.9,0.2,0.75,0.6
1871,,0.6,0.7,0.4,0.55,0.85,0.15,0.7,0.55
1872,,0.55,0.65,0.35,0.5,0.8,0.1,0.65,0.5
1873,,0.5,0.6,0.3,0.45,0.75,0.05,0.6,0.45
1874,,0.45,0.55,0.25,0.4,0.7,0.0,0.55,0.4
1875,,0.4,0.5,0.2,0.35,0.65,-0.05,0.5,0.35
1876,6,0.4,0.5,0.2,0.35,0.65,1.0,0.5,0.35
1877,,0.35,0.45,0.15,0.3,0.6,0.95,0.45,0.3
1878,,0.3,0.4,0.1,0.25,0.55,0.9,0.4,0.25
1879,,0.25,0.35,0.05,0.2,0.5,0.85,0.35,0.2
1880,,0.2,0.3,0.0,0.15,0.45,0.8,0.3,0.15
1881,,0.15,0.25,-0.05,0.1,0.4,0.75,0.25,0.1
1882,3,0.15,0.25,1.0,0.1,0.4,0.75,0.25,0.1
1883,,0.1,0.2,0.95,0.05,0.35,0.7,0.2,0.05
1884,,0.05,0.15,0.9,0.0,0.3,0.65,0.15,0.0
1885,,0.0,0.1,0.85,-0.05,0.25,0.6,0.1,-0.05
1886,8,0.0,0.1,0.85,-0.05,0.25,0.6,0.1,1.0
1887,4,0.0,0.1,0.85,1.0,0.25,0.6,0.1,1.0
1888,,-0.05,0.05,0.8,0.95,0.2,0.55,0.05,0.95
1889,1,1.0,0.05,0.8,0.95,0.2,0.55,0.05,0.95
1890,,0.95,0.0,0.75,0.9,0.15,0.5,0.0,0.9
1891,,0.9,-0.05,0.7,0.85,0.1,0.45,-0.05,0.85
1892,7,0.9,-0.05,0.7,0.85,0.1,0.45,1.0,0.85
1893,2,0.9,1.0,0.7,0.85,0.1,0.45,1.0,0.85
1894,,0.85,0.95,0.65,0.8,0.05,0.4,0.95,0.8
1895,,0.8,0.9,0.6,0.75,0.0,0.35,0.9,0.75
1896,,0.75,0.85,0.55,0.7,-0.05,0.3,0.85,0.7
1897,5,0.75,0.85,0.55,0.7,1.0,0.3,0.85,0.7
1898,,0.7,0.8,0.5,0.65,0.95,0.25,0.8,0.65
1899,,0.65,0.75,0.45,0.6,0.9,0.2,0.75,0.6
1900,,0.6,0.7,0.4,0.55,0.85,0.15,0.7,0.55
1901,,0.55,0.65,0.35,0.5,0.8,0.1,0.65,0.5
1902,,0.5,0.6,0.3,0.45,0.75,0.05,0.6,0.45
1903,,0.45,0.55,0.25,0.4,0.7,0.0,0.55,0.4
1904,,0.4,0.5,0.2,0.35,0.65,-0.05,0.5,0.35
1905,6,0.4,0.5,0.2,0.35,0.65,1.0,0.5,0.35
1906,,0.35,0.45,0.15,0.3,0.6,0.95,0.45,0.3
1907,,0.3,0.4,0.1,0.25,0.55,0.9,0.4,0.25
1908,,0.25,0.35,0.05,0.2,0.5,0.85,0.35,0.2
1909,,0.2,0.3,0.0,0.15,0.45,0.8,0.3,0.15
1910,,0.15,0.25,-0.05,0.1,0.4,0.75,0.25,0.1
1911,3,0.15,0.25,1.0,0.1,0.4,0.75,0.25,0.1
1912,,0.1,0.2,0.95,0.05,0.35,0.7,0.2,0.05
1913,,0.05,0.15,0.9,0.0,0.3,0.65,0.15,0.0
1914,,0.0,0.1,0.85,-0.05,0.25,0.6,0.1,-0.05
1915,4,0.0,0.1,0.85,1.0,0.25,0.6,0.1,-0.05
1916,8,0.0,0.1,0.85,1.0,0.25,0.6,0.1,1.0
1917,,-0.05,0.05,0.8,0.95,0.2,0.55,0.05,0.95
1918,1,1.0,0.05,0.8,0.95,0.2,0.55,0.05,0.95
1919,,0.95,0.0,0.75,0.9,0.15,0.5,0.0,0.9
1920,,0.9,-0.05,0.7,0.85,0.1,0.45,-0.05,0.85
1921,7,0.9,-0.05,0.7,0.85,0.1,0.45,1.0,0.85
1922,2,0.9,1.0,0.7,0.85,0.1,0.45,1.0,0.85
1923,,0.85,0.95,0.65,0.8,0.05,0.4,0.95,0.8
1924,,0.8,0.9,0.6,0.75,0.0,0.35,0.9,0.75
1925,,0.75,0.85,0.55,0.7,-0.05,0.3,0.85,0.7
1926,5,0.75,0.85,0.55,0.7,1.0,0.3,0.85,0.7
1927,,0.7,0.8,0.5,0.65,0.95,0.25,0.8,0.65
1928,,0.65,0.75,0.45,0.6,0.9,0.2,0.75,0.6
1929,,0.6,0.7,0.4,0.55,0.85,0.15,0.7,0.55
1930,,0.55,0.65,0.35,0.5,0.8,0.1,0.65,0.5
1931,,0.5,0.6,0.3,0.45,0.75,0.05,0.6,0.45
1932,,0.45,0.55,0.25,0.4,0.7,0.0,0.55,0.4
1933,,0.4,0.5,0.2,0.35,0.65,-0.05,0.5,0.35
1934,6,0.4,0.5,0.2,0.35,0.65,1.0,0.5,0.35
1935,,0.35,0.45,0.15,0.3,0.6,0.95,0.45,0.3
1936,,0.3,0.4,0.1,0.25,0.55,0.9,0.4,0.25
1937,,0.25,0.35,0.05,0.2,0.5,0.85,0.35,0.2
1938,,0.2,0.3,0.0,0.15,0.45,0.8,0.3,0.15
1939,,0.15,0.25,-0.05,0.1,0.4,0.75,0.25,0.1
1940,3,0.15,0.25,1.0,0.1,0.4,0.75,0.25,0.1
1941,,0.1,0.2,0.95,0.05,0.35,0.7,0.2,0.05
1942,,0.05,0.15,0.9,0.0,0.3,0.65,0.15,0.0
1943,,0.0,0.1,0.85,-0.05,0.25,0.6,0.1,-0.05
1944,8,0.0,0.1,0.85,-0.05,0.25,0.6,0.1,1.0
1945,4,0.0,0.1,0.85,1.0,0.25,0.6,0.1,1.0
1946,,-0.05,0.05,0.8,0.95,0.2,0.55,0.05,0.95
1947,1,1.0,0.05,0.8,0.95,0.2,0.55,0.05,0.95
1948,,0.95,0.0,0.75,0.9,0.15,0.5,0.0,0.9
1949,,0.9,-0.05,0.7,0.85,0.1,0.45,-0.05,0.85
1950,7,0.9,-0.05,0.7,0.85,0.1,0.45,1.0,0.85
1951,2,0.9,1.0,0.7,0.85,0.1,0.45,1.0,0.85
1952,,0.85,0.95,0.65,0.8,0.05,0.4,0.95,0.8
1953,,0.8,0.9,0.6,0.75,0.0,0.35,0.9,0.75
1954,,0.75,0.85,0.55,0.7,-0.05,0.3,0.85,0.7
1955,5,0.75,0.85,0.55,0.7,1.0,0.3,0.85,0.7
1956,,0.7,0.8,0.5,0.65,0.95,0.25,0.8,0.65
1957,,0.65,0.75,0.45,0.6,0.9,0.2,0.75,0.6
1958,,0.6,0.7,0.4,0.55,0.85,0.15,0.7,0.55
1959,,0.55,0.65,0.35,0.5,0.8,0.1,0.65,0.5
1960,,0.5,0.6,0.3,0.45,0.75,0.05,0.6,0.45
1961,,0.45,0.55,0.25,0.4,0.7,0.0,0.55,0.4
1962,,0.4,0.5,0.2,0.35,0.65,-0.05,0.5,0.35
1963,6,0.4,0.5,0.2,0.35,0.65,1.0,0.5,0.35
1964,,0.35,0.45,0.15,0.3,0.6,0.95,0.45,0.3
1965,,0.3,0.4,0.1,0.25,0.55,0.9,0.4,0.25
1966,,0.25,0.35,0.05,0.2,0.5,0.85,0.35,0.2
1967,,0.2,0.3,0.0,0.15,0.45,0.8,0.3,0.15
1968,,0.15,0.25,-0.05,0.1,0.4,0.75,0.25,0.1
1969,3,0.15,0.25,1.0,0.1,0.4,0.75,0.25,0.1
1970,,0.1,0.2,0.95,0.05,0.35,0.7,0.2,0.05
1971,,0.05,0.15,0.9,0.0,0.3,0.65,0.15,0.0
1972,,0.0,0.1,0.85,-0.05,0.25,0.6,0.1,-0.05
1973,8,0.0,0.1,0.85,-0.05,0.25,0.6,0.1,1.0
1974,4,0.0,0.1,0.85,1.0,0.25,0.6,0.1,1.0
1975,,-0.05,0.05,0.8,0.95,0.2,0.55,0.05,0.95
1976,1,1.0,0.05,0.8,0.95,0.2,0.55,0.05,0.95
1977,,0.95,0.0,0.75,0.9,0.15,0.5,0.0,0.9
1978,,0.9,-0.05,0.7,0.85,0.1,0.45,-0.05,0.85
1979,7,0.9,-0.05,0.7,0.85,0.1,0.45,1.0,0.85
1980,2,0.9,1.0,0.7,0.85,0.1,0.45,1.0,0.85
1981,,0.85,0.95,0.65,0.8,0.05,0.4,0.95,0.8
1982,,0.8,0.9,0.6,0.75,0.0,0.35,0.9,0.75
1983,,0.75,0.85,0.55,0.7,-0.05,0.3,0.85,0.7
1984,5,0.75,0.85,0.55,0.7,1.0,0.3,0.85,0.7
1985,,0.7,0.8,0.5,0.65,0.95,0.25,0.8,0.65
1986,,0.65,0.75,0.45,0.6,0.9,0.2,0.75,0.6
1987,,0.6,0.7,0.4,0.55,0.85,0.15,0.7,0.55
1988,,0.55,0.65,0.35,0.5,0.8,0.1,0.65,0.5
1989,,0.5,0.6,0.3,0.45,0.75,0.05,0.6,0.45
1990,,0.45,0.55,0.25,0.4,0.7,0.0,0.55,0.4
1991,,0.4,0.5,0.2,0.35,0.65,-0.05,0.5,0.35
1992,6,0.4,0.5,0.2,0.35,0.65,1.0,0.5,0.35
1993,,0.35,0.45,0.15,0.3,0.6,0.95,0.45,0.3
1994,,0.3,0.4,0.1,0.25,0.55,0.9,0.4,0.25
1995,,0.25,0.35,0.05,0.2,0.5,0.85,0.35,0.2
1996,,0.2,0.3,0.0,0.15,0.45,0.8,0.3,0.15
1997,,0.15,0.25,-0.05,0.1,0.4,0.75,0.25,0.1
1998,3,0.15,0.25,1.0,0.1,0.4,0.75,0.25,0.1
1999,,0.1,0.2,0.95,0.05,0.35,0.7,0.2,0.05
2000,,0.05,0.15,0.9,0.0,0.3,0.65,0.15,0.0
2001,,0.0,0.1,0.85,-0.05,0.25,0.6,0.1,-0.05
2002,8,0.0,0.1,0.85,-0.05,0.25,0.6,0.1,1.0
2003,4,0.0,0.1,0.85,1.0,0.25,0.6,0.1,1.0
2004,,-0.05,0.05,0.8,0.95,0.2,0.55,0.05,0.95
2005,1,1.0,0.05,0.8,0.95,0.2,0.55,0.05,0.95
2006,,0.95,0.0,0.75,0.9,0.15,0.5,0.0,0.9
2007,,0.9,-0.05,0.7,0.85,0.1,0.45,-0.05,0.85
2008,2,0.9,1.0,0.7,0.85,0.1,0.45,-0.05,0.85
2009,7,0.9,1.0,0.7,0.85,0.1,0.45,1.0,0.85
2010,,0.85,0.95,0.65,0.8,0.05,0.4,0.95,0.8
2011,,0.8,0.9,0.6,0.75,0.0,0.35,0.9,0.75
2012,,0.75,0.85,0.55,0.7,-0.05,0.3,0.85,0.7
2013,5,0.75,0.85,0.55,0.7,1.0,0.3,0.85,0.7
2014,,0.7,0.8,0.5,0.65,0.95,0.25,0.8,0.65
2015,,0.65,0.75,0.45,0.6,0.9,0.2,0.75,0.6
2016,,0.6,0.7,0.4,0.55,0.85,0.15,0.7,0.55
2017,,0.55,0.65,0.35,0.5,0.8,0.1,0.65,0.5
2018,,0.5,0.6,0.3,0.45,0.75,0.05,0.6,0.45
2019,,0.45,0.55,0.25,0.4,0.7,0.0,0.55,0.4
2020,,0.4,0.5,0.2,0.35,0.65,-0.05,0.5,0.35
2021,6,0.4,0.5,0.2,0.35,0.65,1.0,0.5,0.35
2022,,0.35,0.45,0.15,0.3,0.6,0.95,0.45,0.3
2023,,0.3,0.4,0.1,0.25,0.55,0.9,0.4,0.25
2024,,0.25,0.35,0.05,0.2,0.5,0.85,0.35,0.2
2025,,0.2,0.3,0.0,0.15,0.45,0.8,0.3,0.15
2026,,0.15,0.25,-0.05,0.1,0.4,0.75,0.25,0.1
2027,3,0.15,0.25,1.0,0.1,0.4,0.75,0.25,0.1
2028,,0.1,0.2,0.95,0.05,0.35,0.7,0.2,0.05
2029,,0.05,0.15,0.9,0.0,0.3,0.65,0.15,0.0
2030,,0.0,0.1,0.85,-0.05,0.25,0.6,0.1,-0.05
2031,4,0.0,0.1,0.85,1.0,0.25,0.6,0.1,-0.05
2032,8,0.0,0.1,0.85,1.0,0.25,0.6,0.1,1.0
2033,,-0.05,0.05,0.8,0.95,0.2,0.55,0.05,0.95
2034,1,1.0,0.05,0.8,0.95,0.2,0.55,0.05,0.95
2035,,0.95,0.0,0.75,0.9,0.15,0.5,0.0,0.9
2036,,0.9,-0.05,0.7,0.85,0.1,0.45,-0.05,0.85
2037,2,0.9,1.0,0.7,0.85,0.1,0.45,-0.05,0.85
2038,7,0.9,1.0,0.7,0.85,0.1,0.45,1.0,0.85
2039,,0.85,0.95,0.65,0.8,0.05,0.4,0.95,0.8
2040,,0.8,0.9,0.6,0.75,0.0,0.35,0.9,0.75
2041,,0.75,0.85,0.55,0.7,-0.05,0.3,0.85,0.7
2042,5,0.75,0.85,0.55,0.7,1.0,0.3,0.85,0.7
2043,,0.7,0.8,0.5,0.65,0.95,0.25,0.8,0.65
2044,,0.65,0.75,0.45,0.6,0.9,0.2,0.75,0.6
2045,,0.6,0.7,0.4,0.55,0.85,0.15,0.7,0.55
2046,,0.55,0.65,0.35,0.5,0.8,0.1,0.65,0.5
2047,,0.5,0.6,0.3,0.45,0.75,0.05,0.6,0.45
2048,,0.45,0.55,0.25,0.4,0.7,0.0,0.55,0.4
2049,,0.4,0.5,0.2,0.35,0.65,-0.05,0.5,0.35
2050,6,0.4,0.5,0.2,0.35,0.65,1.0,0.5,0.35
2051,,0.35,0.45,0.15,0.3,0.6,0.95,0.45,0.3
2052,,0.3,0.4,0.1,0.25,0.55,0.9,0.4,0.25
2053,,0.25,0.35,0.05,0.2,0.5,0.85,0.35,0.2
2054,,0.2,0.3,0.0,0.15,0.45,0.8,0.3,0.15
2055,,0.15,0.25,-0.05,0.1,0.4,0.75,0.25,0.1
2056,3,0.15,0.25,1.0,0.1,0.4,0.75,0.25,0.1
2057,,0.1,0.2,0.95,0.05,0.35,0.7,0.2,0.05
2058,,0.05,0.15,0.9,0.0,0.3,0.65,0.15,0.0
2059,,0.0,0.1,0.85,-0.05,0.25,0.6,0.1,-0.05
2060,8,0.0,0.1,0.85,-0.05,0.25,0.6,0.1,1.0
2061,4,0.0,0.1,0.85,1.0,0.25,0.6,0.1,1.0
2062,,-0.05,0.05,0.8,0.95,0.2,0.55,0.05,0.95
2063,1,1.0,0.05,0.8,0.95,0.2,0.55,0.05,0.95
2064,,0.95,0.0,0.75,0.9,0.15,0.5,0.0,0.9
2065,,0.9,-0.05,0.7,0.85,0.1,0.45,-0.05,0.85
2066,7,0.9,-0.05,0.7,0.85,0.1,0.45,1.0,0.85
2067,2,0.9,1.0,0.7,0.85,0.1,0.45,1.0,0.85
2068,,0.85,0.95,0.65,0.8,0.05,0.4,0.95,0.8
2069,,0.8,0.9,0.6,0.75,0.0,0.35,0.9,0.75
2070,,0.75,0.85,0.55,0.7,-0.05,0.3,0.85,0.7
2071,5,0.75,0.85,0.55,0.7,1.0,0.3,0.85,0.7
2072,,0.7,0.8,0.5,0.65,0.95,0.25,0.8,0.65
2073,,0.65,0.75,0.45,0.6,0.9,0.2,0.75,0.6
2074,,0.6,0.7,0.4,0.55,0.85,0.15,0.7,0.55
2075,,0.55,0.65,0.35,0.5,0.8,0.1,0.65,0.5
2076,,0.5,0.6,0.3,0.45,0.75,0.05,0.6,0.45
2077,,0.45,0.55,0.25,0.4,0.7,0.0,0.55,0.4
2078,,0.4,0.5,0.2,0.35,0.65,-0.05,0.5,0.35
2079,6,0.4,0.5,0.2,0.35,0.65,1.0,0.5,0.35
2080,,0.35,0.45,0.15,0.3,0.6,0.95,0.45,0.3
2081,,0.3,0.4,0.1,0.25,0.55,0.9,0.4,0.25
2082,,0.25,0.35,0.05,0.2,0.5,0.85,0.35,0.2
2083,,0.2,0.3,0.0,0.15,0.45,0.8,0.3,0.15
2084,,0.15,0.25,-0.05,0.1,0.4,0.75,0.25,0.1
2085,3,0.15,0.25,1.0,0.1,0.4,0.75,0.25,0.1
2086,,0.1,0.2,0.95,0.05,0.35,0.7,0.2,0.05
2087,,0.05,0.15,0.9,0.0,0.3,0.65,0.15,0.0
2088,,0.0,0.1,0.85,-0.05,0.25,0.6,0.1,-0.05
2089,8,0.0,0.1,0.85,-0.05,0.25,0.6,0.1,1.0
2090,4,0.0,0.1,0.85,1.0,0.25,0.6,0.1,1.0
2091,,-0.05,0.05,0.8,0.95,0.2,0.55,0.05,0.95
2092,1,1.0,0.05,0.8,0.95,0.2,0.55,0.05,0.95
2093,,0.95,0.0,0.75,0.9,0.15,0.5,0.0,0.9
2094,,0.9,-0.05,0.7,0.85,0.1,0.45,-0.05,0.85
2095,2,0.9,1.0,0.7,0.85,0.1,0.45,-0.05,0.85
2096,7,0.9,1.0,0.7,0.85,0.1,0.45,1.0,0.85
2097,,0.85,0.95,0.65,0.8,0.05,0.4,0.95,0.8
2098,,0.8,0.9,0.6,0.75,0.0,0.35,0.9,0.75
2099,,0.75,0.85,0.55,0.7,-0.05,0.3,0.85,0.7
2100,5,0.75,0.85,0.55,0.7,1.0,0.3,0.85,0.7
2101,,0.7,0.8,0.5,0.65,0.95,0.25,0.8,0.65
2102,,0.65,0.75,0.45,0.6,0.9,0.2,0.75,0.6
2103,,0.6,0.7,0.4,0.55,0.85,0.15,0.7,0.55
2104,,0.55,0.65,0.35,0.5,0.8,0.1,0.65,0.5
2105,,0.5,0.6,0.3,0.45,0.75,0.05,0.6,0.45
2106,,0.45,0.55,0.25,0.4,0.7,0.0,0.55,0.4
2107,,0.4,0.5,0.2,0.35,0.65,-0.05,0.5,0.35
2108,6,0.4,0.5,0.2,0.35,0.65,1.0,0.5,0.35
2109,,0.35,0.45,0.15,0.3,0.6,0.95,0.45,0.3
2110,,0.3,0.4,0.1,0.25,0.55,0.9,0.4,0.25
2111,,0.25,0.35,0.05,0.2,0.5,0.85,0.35,0.2
2112,,0.2,0.3,0.0,0.15,0.45,0.8,0.3,0.15
2113,,0.15,0.25,-0.05,0.1,0.4,0.75,0.25,0.1
2114,3,0.15,0.25,1.0,0.1,0.4,0.75,0.25,0.1
2115,,0.1,0.2,0.95,0.05,0.35,0.7,0.2,0.05
2116,,0.05,0.15,0.9,0.0,0.3,0.65,0.15,0.0
2117,,0.0,0.1,0.85,-0.05,0.25,0.6,0.1,-0.05
2118,8,0.0,0.1,0.85,-0.05,0.25,0.6,0.1,1.0
2119,4,0.0,0.1,0.85,1.0,0.25,0.6,0.1,1.0
2120,,-0.05,0.05,0.8,0.95,0.2,0.55,0.05,0.95
2121,1,1.0,0.05,0.8,0.95,0.2,0.55,0.05,0.95
2122,,0.95,0.0,0.75,0.9,0.15,0.5,0.0,0.9
2123,,0.9,-0.05,0.7,0.85,0.1,0.45,-0.05,0.85
2124,2,0.9,1.0,0.7,0.85,0.1,0.45,-0.05,0.85
2125,7,0.9,1.0,0.7,0.85,0.1,0.45,1.0,0.85
2126,,0.85,0.95,0.65,0.8,0.05,0.4,0.95,0.8
2127,,0.8,0.9,0.6,0.75,0.0,0.35,0.9,0.75
2128,,0.75,0.85,0.55,0.7,-0.05,0.3,0.85,0.7
2129,5,0.75,0.85,0.55,0.7,1.0,0.3,0.85,0.7
2130,,0.7,0.8,0.5,0.65,0.95,0.25,0.8,0.65
2131,,0.65,0.75,0.45,0.6,0.9,0.2,0.75,0.6
2132,,0.6,0.7,0.4,0.55,0.85,0.15,0.7,0.55
2133,,0.55,0.65,0.35,0.5,0.8,0.1,0.65,0.5
2134,,0.5,0.6,0.3,0.45,0.75,0.05,0.6,0.45
2135,,0.45,0.55,0.25,0.4,0.7,0.0,0.55,0.4
2136,,0.4,0.5,0.2,0.35,0.65,-0.05,0.5,0.35
2137,6,0.4,0.5,0.2,0.35,0.65,1.0,0.5,0.35
2138,,0.35,0.45,0.15,0.3,0.6,0.95,0.45,0.3
2139,,0.3,0.4,0.1,0.25,0.55,0.9,0.4,0.25
2140,,0.25,0.35,0.05,0.2,0.5,0.85,0.35,0.2
2141,,0.2,0.3,0.0,0.15,0.45,0.8,0.3,0.15
2142,,0.15,0.25,-0.05,0.1,0.4,0.75,0.25,0.1
2143,3,0.15,0.25,1.0,0.1,0.4,0.75,0.25,0.1
2144,,0.1,0.2,0.95,0.05,0.35,0.7,0.2,0.05
2145,,0.05,0.15,0.9,0.0,0.3,0.65,0.15,0.0
2146,,0.0,0.1,0.85,-0.05,0.25,0.6,0.1,-0.05
2147,8,0.0,0.1,0.85,-0.05,0.25,0.6,0.1,1.0
2148,4,0.0,0.1,0.85,1.0,0.25,0.6,0.1,1.0
2149,,-0.05,0.05,0.8,0.95,0.2,0.55,0.05,0.95
2150,1,1.0,0.05,0.8,0.95,0.2,0.55,0.05,0.95
2151,,0.95,0.0,0.75,0.9,0.15,0.5,0.0,0.9
2152,,0.9,-0.05,0.7,0.85,0.1,0.45,-0.05,0.85
2153,7,0.9,-0.05,0.7,0.85,0.1,0.45,1.0,0.85
2154,2,0.9,1.0,0.7,0.85,0.1,0.45,1.0,0.85
2155,,0.85,0.95,0.65,0.8,0.05,0.4,0.95,0.8
2156,,0.8,0.9,0.6,0.75,0.0,0.35,0.9,0.75
2157,,0.75,0.85,0.55,0.7,-0.05,0.3,0.85,0.7
2158,5,0.75,0.85,0.55,0.7,1.0,0.3,0.85,0.7
2159,,0.7,0.8,0.5,0.65,0.95,0.25,0.8,0.65
2160,,0.65,0.75,0.45,0.6,0.9,0.2,0.75,0.6
2161,,0.6,0.7,0.4,0.55,0.85,0.15,0.7,0.55
2162,,0.55,0.65,0.35,0.5,0.8,0.1,0.65,0.5
2163,,0.5,0.6,0.3,0.45,0.75,0.05,0.6,0.45
2164,,0.45,0.55,0.25,0.4,0.7,0.0,0.55,0.4
2165,,0.4,0.5,0.2,0.35,0.65,-0.05,0.5,0.35
2166,6,0.4,0.5,0.2,0.35,0.65,1.0,0.5,0.35
2167,,0.35,0.45,0.15,0.3,0.6,0.95,0.45,0.3
2168,,0.3,0.4,0.1,0.25,0.55,0.9,0.4,0.25
2169,,0.25,0.35,0.05,0.2,0.5,0.85,0.35,0.2
2170,,0.2,0.3,0.0,0.15,0.45,0.8,0.3,0.15
2171,,0.15,0.25,-0.05,0.1,0.4,0.75,0.25,0.1
2172,3,0.15,0.25,1.0,0.1,0.4,0.75,0.25,0.1
2173,,0.1,0.2,0.95,0.05,0.35,0.7,0.2,0.05
2174,,0.05,0.15,0.9,0.0,0.3,0.65,0.15,0.0
2175,,0.0,0.1,0.85,-0.05,0.25,0.6,0.1,-0.05
2176,4,0.0,0.1,0.85,1.0,0.25,0.6,0.1,-0.05
2177,8,0.0,0.1,0.85,1.0,0.25,0.6,0.1,1.0
2178,,-0.05,0.05,0.8,0.95,0.2,0.55,0.05,0.95
2179,1,1.0,0.05,0.8,0.95,0.2,0.55,0.05,0.95
2180,,0.95,0.0,0.75,0.9,0.15,0.5,0.0,0.9
2181,,0.9,-0.05,0.7,0.85,0.1,0.45,-0.05,0.85
2182,2,0.9,1.0,0.7,0.85,0.1,0.45,-0.05,0.85
2183,7,0.9,1.0,0.7,0.85,0.1,0.45,1.0,0.85
2184,,0.85,0.95,0.65,0.8,0.05,0.4,0.95,0.8
2185,,0.8,0.9,0.6,0.75,0.0,0.35,0.9,0.75
2186,,0.75,0.85,0.55,0.7,-0.05,0.3,0.85,0.7
2187,5,0.75,0.85,0.55,0.7,1.0,0.3,0.85,0.7
2188,,0.7,0.8,0.5,0.65,0.95,0.25,0.8,0.65
2189,,0.65,0.75,0.45,0.6,0.9,0.2,0.75,0.6
2190,,0.6,0.7,0.4,0.55,0.85,0.15,0.7,0.55
2191,,0.55,0.65,0.35,0.5,0.8,0.1,0.65,0.5
2192,,0.5,0.6,0.3,0.45,0.75,0.05,0.6,0.45
2193,,0.45,0.55,0.25,0.4,0.7,0.0,0.55,0.4
2194,,0.4,0.5,0.2,0.35,0.65,-0.05,0.5,0.35
2195,6,0.4,0.5,0.2,0.35,0.65,1.0,0.5,0.35
2196,,0.35,0.45,0.15,0.3,0.6,0.95,0.45,0.3
2197,,0.3,0.4,0.1,0.25,0.55,0.9,0.4,0.25
2198,,0.25,0.35,0.05,0.2,0.5,0.85,0.35,0.2
2199,,0.2,0.3,0.0,0.15,0.45,0.8,0.3,0.15
2200,,0.15,0.25,-0.05,0.1,0.4,0.75,0.25,0.1
2201,3,0.15,0.25,1.0,0.1,0.4,0.75,0.25,0.1
2202,,0.1,0.2,0.95,0.05,0.35,0.7,0.2,0.05
2203,,0.05,0.15,0.9,0.0,0.3,0.65,0.15,0.0
2204,,0.0,0.1,0.85,-0.05,0.25,0.6,0.1,-0.05
2205,4,0.0,0.1,0.85,1.0,0.25,0.6,0.1,-0.05
2206,8,0.0,0.1,0.85,1.0,0.25,0.6,0.1,1.0
2207,,-0.05,0.05,0.8,0.95,0.2,0.55,0.05,0.95
2208,1,1.0,0.05,0.8,0.95,0.2,0.55,0.05,0.95
2209,,0.95,0.0,0.75,0.9,0.15,0.5,0.0,0.9
2210,,0.9,-0.05,0.7,0.85,0.1,0.45,-0.05,0.85
2211,2,0.9,1.0,0.7,0.85,0.1,0.45,-0.05,0.85
2212,7,0.9,1.0,0.7,0.85,0.1,0.45,1.0,0.85
2213,,0.85,0.95,0.65,0.8,0.05,0.4,0.95,0.8
2214,,0.8,0.9,0.6,0.75,0.0,0.35,0.9,0.75
2215,,0.75,0.85,0.55,0.7,-0.05,0.3,0.85,0.7
2216,5,0.75,0.85,0.55,0.7,1.0,0.3,0.85,0.7
2217,,0.7,0.8,0.5,0.65,0.95,0.25,0.8,0.65
2218,,0.65,0.75,0.45,0.6,0.9,0.2,0.75,0.6
2219,,0.6,0.7,0.4,0.55,0.85,0.15,0.7,0.55
2220,,0.55,0.65,0.35,0.5,0.8,0.1,0.65,0.5
2221,,0.5,0.6,0.3,0.45,0.75,0.05,0.6,0.45
2222,,0.45,0.55,0.25,0.4,0.7,0.0,0.55,0.4
2223,,0.4,0.5,0.2,0.35,0.65,-0.05,0.5,0.35
2224,6,0.4,0.5,0.2,0.35,0.65,1.0,0.5,0.35
2225,,0.35,0.45,0.15,0.3,0.6,0.95,0.45,0.3
2226,,0.3,0.4,0.1,0.25,0.55,0.9,0.4,0.25
2227,,0.25,0.35,0.05,0.2,0.5,0.85,0.35,0.2
2228,,0.2,0.3,0.0,0.15,0.45,0.8,0.3,0.15
2229,,0.15,0.25,-0.05,0.1,0.4,0.75,0.25,0.1
2230,3,0.15,0.25,1.0,0.1,0.4,0.75,0.25,0.1
2231,,0.1,0.2,0.95,0.05,0.35,0.7,0.2,0.05
2232,,0.05,0.15,0.9,0.0,0.3,0.65,0.15,0.0
2233,,0.0,0.1,0.85,-0.05,0.25,0.6,0.1,-0.05
2234,4,0.0,0.1,0.85,1.0,0.25,0.6,0.1,-0.05
2235,8,0.0,0.1,0.85,1.0,0.25,0.6,0.1,1.0
2236,,-0.05,0.05,0.8,0.95,0.2,0.55,0.05,0.95
2237,1,1.0,0.05,0.8,0.95,0.2,0.55,0.05,0.95
2238,,0.95,0.0,0.75,0.9,0.15,0.5,0.0,0.9
2239,,0.9,-0.05,0.7,0.85,0.1,0.45,-0.05,0.85
2240,2,0.9,1.0,0.7,0.85,0.1,0.45,-0.05,0.85
2241,7,0.9,1.0,0.7,0.85,0.1,0.45,1.0,0.85
2242,,0.85,0.95,0.65,0.8,0.05,0.4,0.95,0.8
2243,,0.8,0.9,0.6,0.75,0.0,0.35,0.9,0.75
2244,,0.75,0.85,0.55,0.7,-0.05,0.3,0.85,0.7
2245,5,0.75,0.85,0.55,0.7,1.0,0.3,0.85,0.7
2246,,0.7,0.8,0.5,0.65,0.95,0.25,0.8,0.65
2247,,0.65,0.75,0.45,0.6,0.9,0.2,0.75,0.6
2248,,0.6,0.7,0.4,0.55,0.85,0.15,0.7,0.55
2249,,0.55,0.65,0.35,0.5,0.8,0.1,0.65,0.5
2250,,0.5,0.6,0.3,0.45,0.75,0.05,0.6,0.45
2251,,0.45,0.55,0.25,0.4,0.7,0.0,0.55,0.4
2252,,0.4,0.5,0.2,0.35,0.65,-0.05,0.5,0.35
2253,6,0.4,0.5,0.2,0.35,0.65,1.0,0.5,0.35
2254,,0.35,0.45,0.15,0.3,0.6,0.95,0.45,0.3
2255,,0.3,0.4,0.1,0.25,0.55,0.9,0.4,0.25
2256,,0.25,0.35,0.05,0.2,0.5,0.85,0.35,0.2
2257,,0.2,0.3,0.0,0.15,0.45,0.8,0.3,0.15
2258,,0.15,0.25,-0.05,0.1,0.4,0.75,0.25,0.1
2259,3,0.15,0.25,1.0,0.1,0.4,0.75,0.25,0.1
2260,,0.1,0.2,0.95,0.05,0.35,0.7,0.2,0.05
2261,,0.05,0.15,0.9,0.0,0.3,0.65,0.15,0.0
2262,,0.0,0.1,0.85,-0.05,0.25,0.6,0.1,-0.05
2263,8,0.0,0.1,0.85,-0.05,0.25,0.6,0.1,1.0
2264,4,0.0,0.1,0.85,1.0,0.25,0.6,0.1,1.0
2265,,-0.05,0.05,0.8,0.95,0.2,0.55,0.05,0.95
2266,1,1.0,0.05,0.8,0.95,0.2,0.55,0.05,0.95
2267,,0.95,0.0,0.75,0.9,0.15,0.5,0.0,0.9
2268,,0.9,-0.05,0.7,0.85,0.1,0.45,-0.05,0.85
2269,2,0.9,1.0,0.7,0.85,0.1,0.45,-0.05,0.85
2270,7,0.9,1.0,0.7,0.85,0.1,0.45,1.0,0.85
2271,,0.85,0.95,0.65,0.8,0.05,0.4,0.95,0.8
2272,,0.8,0.9,0.6,0.75,0.0,0.35,0.9,0.75
2273,,0.75,0.85,0.55,0.7,-0.05,0.3,0.85,0.7
2274,5,0.75,0.85,0.55,0.7,1.0,0.3,0.85,0.7
2275,,0.7,0.8,0.5,0.65,0.95,0.25,0.8,0.65
2276,,0.65,0.75,0.45,0.6,0.9,0.2,0.75,0.6
2277,,0.6,0.7,0.4,0.55,0.85,0.15,0.7,0.55
2278,,0.55,0.65,0.35,0.5,0.8,0.1,0.65,0.5
2279,,0.5,0.6,0.3,0.45,0.75,0.05,0.6,0.45
2280,,0.45,0.55,0.25,0.4,0.7,0.0,0.55,0.4
2281,,0.4,0.5,0.2,0.35,0.65,-0.05,0.5,0.35
2282,6,0.4,0.5,0.2,0.35,0.65,1.0,0.5,0.35
2283,,0.35,0.45,0.15,0.3,0.6,0.95,0.45,0.3
2284,,0.3,0.4,0.1,0.25,0.55,0.9,0.4,0.25
2285,,0.25,0.35,0.05,0.2,0.5,0.85,0.35,0.2
2286,,0.2,0.3,0.0,0.15,0.45,0.8,0.3,0.15
2287,,0.15,0.25,-0.05,0.1,0.4,0.75,0.25,0.1
2288,3,0.15,0.25,1.0,0.1,0.4,0.75,0.25,0.1
2289,,0.1,0.2,0.95,0.05,0.35,0.7,0.2,0.05
2290,,0.05,0.15,0.9,0.0,0.3,0.65,0.15,0.0
2291,,0.0,0.1,0.85,-0.05,0.25,0.6,0.1,-0.05
2292,8,0.0,0.1,0.85,-0.05,0.25,0.6,0.1,1.0
2293,4,0.0,0.1,0.85,1.0,0.25,0.6,0.1,1.0
2294,,-0.05,0.05,0.8,0.95,0.2,0.55,0.05,0.95
2295,1,1.0,0.05,0.8,0.95,0.2,0.55,0.05,0.95
2296,,0.95,0.0,0.75,0.9,0.15,0.5,0.0,0.9
2297,,0.9,-0.05,0.7,0.85,0.1,0.45,-0.05,0.85
2298,7,0.9,-0.05,0.7,0.85,0.1,0.45,1.0,0.85
2299,2,0.9,1.0,0.7,0.85,0.1,0.45,1.0,0.85
2300,,0.85,0.95,0.65,0.8,0.05,0.4,0.95,0.8
2301,,0.8,0.9,0.6,0.75,0.0,0.35,0.9,0.75
2302,,0.75,0.85,0.55,0.7,-0.05,0.3,0.85,0.7
2303,5,0.75,0.85,0.55,0.7,1.0,0.3,0.85,0.7
2304,,0.7,0.8,0.5,0.65,0.95,0.25,0.8,0.65
2305,,0.65,0.75,0.45,0.6,0.9,0.2,0.75,0.6
2306,,0.6,0.7,0.4,0.55,0.85,0.15,0.7,0.55
2307,,0.55,0.65,0.35,0.5,0.8,0.1,0.65,0.5
2308,,0.5,0.6,0.3,0.45,0.75,0.05,0.6,0.45
2309,,0.45,0.55,0.25,0.4,0.7,0.0,0.55,0.4
2310,,0.4,0.5,0.2,0.35,0.65,-0.05,0.5,0.35
2311,6,0.4,0.5,0.2,0.35,0.65,1.0,0.5,0.35
2312,,0.35,0.45,0.15,0.3,0.6,0.95,0.45,0.3
2313,,0.3,0.4,0.1,0.25,0.55,0.9,0.4,0.25
2314,,0.25,0.35,0.05,0.2,0.5,0.85,0.35,0.2
2315,,0.2,0.3,0.0,0.15,0.45,0.8,0.3,0.15
2316,,0.15,0.25,-0.05,0.1,0.4,0.75,0.25,0.1
2317,3,0.15,0.25,1.0,0.1,0.4,0.75,0.25,0.1
2318,,0.1,0.2,0.95,0.05,0.35,0.7,0.2,0.05
2319,,0.05,0.15,0.9,0.0,0.3,0.65,0.15,0.0
2320,,0.0,0.1,0.85,-0.05,0.25,0.6,0.1,-0.05
2321,8,0.0,0.1,0.85,-0.05,0.25,0.6,0.1,1.0
2322,4,0.0,0.1,0.85,1.0,0.25,0.6,0.1,1.0
2323,,-0.05,0.05,0.8,0.95,0.2,0.55,0.05,0.95
2324,1,1.0,0.05,0.8,0.95,0.2,0.55,0.05,0.95
2325,,0.95,0.0,0.75,0.9,0.15,0.5,0.0,0.9
2326,,0.9,-0.05,0.7,0.85,0.1,0.45,-0.05,0.85
2327,7,0.9,-0.05,0.7,0.85,0.1,0.45,1.0,0.85
2328,2,0.9,1.0,0.7,0.85,0.1,0.45,1.0,0.85
2329,,0.85,0.95,0.65,0.8,0.05,0.4,0.95,0.8
2330,,0.8,0.9,0.6,0.75,0.0,0.35,0.9,0.75
2331,,0.75,0.85,0.55,0.7,-0.05,0.3,0.85,0.7
2332,5,0.75,0.85,0.55,0.7,1.0,0.3,0.85,0.7
2333,,0.7,0.8,0.5,0.65,0.95,0.25,0.8,0.65
2334,,0.65,0.75,0.45,0.6,0.9,0.2,0.75,0.6
2335,,0.6,0.7,0.4,0.55,0.85,0.15,0.7,0.55
2336,,0.55,0.65,0.35,0.5,0.8,0.1,0.65,0.5
2337,,0.5,0.6,0.3,0.45,0.75,0.05,0.6,0.45
2338,,0.45,0.55,0.25,0.4,0.7,0.0,0.55,0.4
2339,,0.4,0.5,0.2,0.35,0.65,-0.05,0.5,0.35
2340,6,0.4,0.5,0.2,0.35,0.65,1.0,0.5,0.35
2341,,0.35,0.45,0.15,0.3,0.6,0.95,0.45,0.3
2342,,0.3,0.4,0.1,0.25,0.55,0.9,0.4,0.25
2343,,0.25,0.35,0.05,0.2,0.5,0.85,0.35,0.2
2344,,0.2,0.3,0.0,0.15,0.45,0.8,0.3,0.15
2345,,0.15,0.25,-0.05,0.1,0.4,0.75,0.25,0.1
2346,3,0.15,0.25,1.0,0.1,0.4,0.75,0.25,0.1
2347,,0.1,0.2,0.95,0.05,0.35,0.7,0.2,0.05
2348,,0.05,0.15,0.9,0.0,0.3,0.65,0.15,0.0
2349,,0.0,0.1,0.85,-0.05,0.25,0.6,0.1,-0.05
2350,8,0.0,0.1,0.85,-0.05,0.25,0.6,0.1,1.0
2351,4,0.0,0.1,0.85,1.0,0.25,0.6,0.1,1.0
2352,,-0.05,0.05,0.8,0.95,0.2,0.55,0.05,0.95
2353,1,1.0,0.05,0.8,0.95,0.2,0.55,0.05,0.95
2354,,0.95,0.0,0.75,0.9,0.15,0.5,0.0,0.9
2355,,0.9,-0.05,0.7,0.85,0.1,0.45,-0.05,0.85
2356,2,0.9,1.0,0.7,0.85,0.1,0.45,-0.05,0.85
2357,7,0.9,1.0,0.7,0.85,0.1,0.45,1.0,0.85
2358,,0.85,0.95,0.65,0.8,0.05,0.4,0.95,0.8
2359,,0.8,0.9,0.6,0.75,0.0,0.35,0.9,0.75
2360,,0.75,0.85,0.55,0.7,-0.05,0.3,0.85,0.7
2361,5,0.75,0.85,0.55,0.7,1.0,0.3,0.85,0.7
2362,,0.7,0.8,0.5,0.65,0.95,0.25,0.8,0.65
2363,,0.65,0.75,0.45,0.6,0.9,0.2,0.75,0.6
2364,,0.6,0.7,0.4,0.55,0.85,0.15,0.7,0.55
2365,,0.55,0.65,0.35,0.5,0.8,0.1,0.65,0.5
2366,,0.5,0.6,0.3,0.45,0.75,0.05,0.6,0.45
2367,,0.45,0.55,0.25,0.4,0.7,0.0,0.55,0.4
2368,,0.4,0.5,0.2,0.35,0.65,-0.05,0.5,0.35
2369,6,0.4,0.5,0.2,0.35,0.65,1.0,0.5,0.35
2370,,0.35,0.45,0.15,0.3,0.6,0.95,0.45,0.3
2371,,0.3,0.4,0.1,0.25,0.55,0.9,0.4,0.25
2372,,0.25,0.35,0.05,0.2,0.5,0.85,0.35,0.2
2373,,0.2,0.3,0.0,0.15,0.45,0.8,0.3,0.15
2374,,0.15,0.25,-0.05,0.1,0.4,0.75,0.25,0.1
2375,3,0.15,0.25,1.0,0.1,0.4,0.75,0.25,0.1
2376,,0.1,0.2,0.95,0.05,0.35,0.7,0.2,0.05
2377,,0.05,0.15,0.9,0.0,0.3,0.65,0.15,0.0
2378,,0.0,0.1,0.85,-0.05,0.25,0.6,0.1,-0.05
2379,4,0.0,0.1,0.85,1.0,0.25,0.6,0.1,-0.05
2380,8,0.0,0.1,0.85,1.0,0.25,0.6,0.1,1.0
2381,,-0.05,0.05,0.8,0.95,0.2,0.55,0.05,0.95
2382,1,1.0,0.05,0.8,0.95,0.2,0.55,0.05,0.95
2383,,0.95,0.0,0.75,0.9,0.15,0.5,0.0,0.9
2384,,0.9,-0.05,0.7,0.85,0.1,0.45,-0.05,0.85
2385,2,0.9,1.0,0.7,0.85,0.1,0.45,-0.05,0.85
2386,7,0.9,1.0,0.7,0.85,0.1,0.45,1.0,0.85
2387,,0.85,0.95,0.65,0.8,0.05,0.4,0.95,0.8
2388,,0.8,0.9,0.6,0.75,0.0,0.35,0.9,0.75
2389,,0.75,0.85,0.55,0.7,-0.05,0.3,0.85,0.7
2390,5,0.75,0.85,0.55,0.7,1.0,0.3,0.85,0.7
2391,,0.7,0.8,0.5,0.65,0.95,0.25,0.8,0.65
2392,,0.65,0.75,0.45,0.6,0.9,0.2,0.75,0.6
2393,,0.6,0.7,0.4,0.55,0.85,0.15,0.7,0.55
2394,,0.55,0.65,0.35,0.5,0.8,0.1,0.65,0.5
2395,,0.5,0.6,0.3,0.45,0.75,0.05,0.6,0.45
2396,,0.45,0.55,0.25,0.4,0.7,0.0,0.55,0.4
2397,,0.4,0.5,0.2,0.35,0.65,-0.05,0.5,0.35
2398,6,0.4,0.5,0.2,0.35,0.65,1.0,0.5,0.35
2399,,0.35,0.45,0.15,0.3,0.6,0.95,0.45,0.3
2400,,0.3,0.4,0.1,0.25,0.55,0.9,0.4,0.25
2401,,0.25,0.35,0.05,0.2,0.5,0.85,0.35,0.2
2402,,0.2,0.3,0.0,0.15,0.45,0.8,0.3,0.15
2403,,0.15,0.25,-0.05,0.1,0.4,0.75,0.25,0.1
2404,3,0.15,0.25,1.0,0.1,0.4,0.75,0.25,0.1
2405,,0.1,0.2,0.95,0.05,0.35,0.7,0.2,0.05
2406,,0.05,0.15,0.9,0.0,0.3,0.65,0.15,0.0
2407,,0.0,0.1,0.85,-0.05,0.25,0.6,0.1,-0.05
2408,8,0.0,0.1,0.85,-0.05,0.25,0.6,0.1,1.0
2409,4,0.0,0.1,0.85,1.0,0.25,0.6,0.1,1.0
2410,,-0.05,0.05,0.8,0.95,0.2,0.55,0.05,0.95
2411,1,1.0,0.05,0.8,0.95,0.2,0.55,0.05,0.95
2412,,0.95,0.0,0.75,0.9,0.15,0.5,0.0,0.9
2413,,0.9,-0.05,0.7,0.85,0.1,0.45,-0.05,0.85
2414,2,0.9,1.0,0.7,0.85,0.1,0.45,-0.05,0.85
2415,7,0.9,1.0,0.7,0.85,0.1,0.45,1.0,0.85
2416,,0.85,0.95,0.65,0.8,0.05,0.4,0.95,0.8
2417,,0.8,0.9,0.6,0.75,0.0,0.35,0.9,0.75
2418,,0.75,0.85,0.55,0.7,-0.05,0.3,0.85,0.7
2419,5,0.75,0.85,0.55,0.7,1.0,0.3,0.85,0.7
2420,,0.7,0.8,0.5,0.65,0.95,0.25,0.8,0.65
2421,,0.65,0.75,0.45,0.6,0.9,0.2,0.75,0.6
2422,,0.6,0.7,0.4,0.55,0.85,0.15,0.7,0.55
2423,,0.55,0.65,0.35,0.5,0.8,0.1,0.65,0.5
2424,,0.5,0.6,0.3,0.45,0.75,0.05,0.6,0.45
2425,,0.45,0.55,0.25,0.4,0.7,0.0,0.55,0.4
2426,,0.4,0.5,0.2,0.35,0.65,-0.05,0.5,0.35
2427,6,0.4,0.5,0.2,0.35,0.65,1.0,0.5,0.35
2428,,0.35,0.45,0.15,0.3,0.6,0.95,0.45,0.3
2429,,0.3,0.4,0.1,0.25,0.55,0.9,0.4,0.25
2430,,0.25,0.35,0.05,0.2,0.5,0.85,0.35,0.2
2431,,0.2,0.3,0.0,0.15,0.45,0.8,0.3,0.15
2432,,0.15,0.25,-0.05,0.1,0.4,0.75,0.25,0.1
2433,3,0.15,0.25,1.0,0.1,0.4,0.75,0.25,0.1
2434,,0.1,0.2,0.95,0.05,0.35,0.7,0.2,0.05
2435,,0.05,0.15,0.9,0.0,0.3,0.65,0.15,0.0
2436,,0.0,0.1,0.85,-0.05,0.25,0.6,0.1,-0.05
2437,8,0.0,0.1,0.85,-0.05,0.25,0.6,0.1,1.0
2438,4,0.0,0.1,0.85,1.0,0.25,0.6,0.1,1.0
2439,,-0.05,0.05,0.8,0.95,0.2,0.55,0.05,0.95
2440,1,1.0,0.05,0.8,0.95,0.2,0.55,0.05,0.95
2441,,0.95,0.0,0.75,0.9,0.15,0.5,0.0,0.9
2442,,0.9,-0.05,0.7,0.85,0.1,0.45,-0.05,0.85
2443,7,0.9,-0.05,0.7,0.85,0.1,0.45,1.0,0.85
2444,2,0.9,1.0,0.7,0.85,0.1,0.45,1.0,0.85
2445,,0.85,0.95,0.65,0.8,0.05,0.4,0.95,0.8
2446,,0.8,0.9,0.6,0.75,0.0,0.35,0.9,0.75
2447,,0.75,0.85,0.55,0.7,-0.05,0.3,0.85,0.7
2448,5,0.75,0.85,0.55,0.7,1.0,0.3,0.85,0.7
2449,,0.7,0.8,0.5,0.65,0.95,0.25,0.8,0.65
2450,,0.65,0.75,0.45,0.6,0.9,0.2,0.75,0.6
2451,,0.6,0.7,0.4,0.55,0.85,0.15,0.7,0.55
2452,,0.55,0.65,0.35,0.5,0.8,0.1,0.65,0.5
2453,,0.5,0.6,0.3,0.45,0.75,0.05,0.6,0.45
2454,,0.45,0.55,0.25,0.4,0.7,0.0,0.55,0.4
2455,,0.4,0.5,0.2,0.35,0.65,-0.05,0.5,0.35
2456,6,0.4,0.5,0.2,0.35,0.65,1.0,0.5,0.35
2457,,0.35,0.45,0.15,0.3,0.6,0.95,0.45,0.3
2458,,0.3,0.4,0.1,0.25,0.55,0.9,0.4,0.25
2459,,0.25,0.35,0.05,0.2,0.5,0.85,0.35,0.2
2460,,0.2,0.3,0.0,0.15,0.45,0.8,0.3,0.15
2461,,0.15,0.25,-0.05,0.1,0.4,0.75,0.25,0.1
2462,3,0.15,0.25,1.0,0.1,0.4,0.75,0.25,0.1
2463,,0.1,0.2,0.95,0.05,0.35,0.7,0.2,0.05
2464,,0.05,0.15,0.9,0.0,0.3,0.65,0.15,0.0
2465,,0.0,0.1,0.85,-0.05,0.25,0.6,0.1,-0.05
2466,8,0.0,0.1,0.85,-0.05,0.25,0.6,0.1,1.0
2467,4,0.0,0.1,0.85,1.0,0.25,0.6,0.1,1.0
2468,,-0.05,0.05,0.8,0.95,0.2,0.55,0.05,0.95
2469,1,1.0,0.05,0.8,0.95,0.2,0.55,0.05,0.95
2470,,0.95,0.0,0.75,0.9,0.15,0.5,0.0,0.9
2471,,0.9,-0.05,0.7,0.85,0.1,0.45,-0.05,0.85
2472,7,0.9,-0.05,0.7,0.85,0.1,0.45,1.0,0.85
2473,2,0.9,1.0,0.7,0.85,0.1,0.45,1.0,0.85
2474,,0.85,0.95,0.65,0.8,0.05,0.4,0.95,0.8
2475,,0.8,0.9,0.6,0.75,0.0,0.35,0.9,0.75
2476,,0.75,0.85,0.55,0.7,-0.05,0.3,0.85,0.7
2477,5,0.75,0.85,0.55,0.7,1.0,0.3,0.85,0.7
2478,,0.7,0.8,0.5,0.65,0.95,0.25,0.8,0.65
2479,,0.65,0.75,0.45,0.6,0.9,0.2,0.75,0.6
2480,,0.6,0.7,0.4,0.55,0.85,0.15,0.7,0.55
2481,,0.55,0.65,0.35,0.5,0.8,0.1,0.65,0.5
2482,,0.5,0.6,0.3,0.45,0.75,0.05,0.6,0.45
2483,,0.45,0.55,0.25,0.4,0.7,0.0,0.55,0.4
2484,,0.4,0.5,0.2,0.35,0.65,-0.05,0.5,0.35
2485,6,0.4,0.5,0.2,0.35,0.65,1.0,0.5,0.35
2486,,0.35,0.45,0.15,0.3,0.6,0.95,0.45,0.3
2487,,0.3,0.4,0.1,0.25,0.55,0.9,0.4,0.25
2488,,0.25,0.35,0.05,0.2,0.5,0.85,0.35,0.2
2489,,0.2,0.3,0.0,0.15,0.45,0.8,0.3,0.15
2490,,0.15,0.25,-0.05,0.1,0.4,0.75,0.25,0.1
2491,3,0.15,0.25,1.0,0.1,0.4,0.75,0.25,0.1
2492,,0.1,0.2,0.95,0.05,0.35,0.7,0.2,0.05
2493,,0.05,0.15,0.9,0.0,0.3,0.65,0.15,0.0
2494,,0.0,0.1,0.85,-0.05,0.25,0.6,0.1,-0.05
2495,4,0.0,0.1,0.85,1.0,0.25,0.6,0.1,-0.05
2496,8,0.0,0.1,0.85,1.0,0.25,0.6,0.1,1.0
2497,,-0.05,0.05,0.8,0.95,0.2,0.55,0.05,0.95
2498,1,1.0,0.05,0.8,0.95,0.2,0.55,0.05,0.95
2499,,0.95,0.0,0.75,0.9,0.15,0.5,0.0,0.9
2500,,0.9,-0.05,0.7,0.85,0.1,0.45,-0.05,0.85
2501,2,0.9,1.0,0.7,0.85,0.1,0.45,-0.05,0.85
2502,7,0.9,1.0,0.7,0.85,0.1,0.45,1.0,0.85
2503,,0.85,0.95,0.65,0.8,0.05,0.4,0.95,0.8
2504,,0.8,0.9,0.6,0.75,0.0,0.35,0.9,0.75
2505,,0.75,0.85,0.55,0.7,-0.05,0.3,0.85,0.7
2506,5,0.75,0.85,0.55,0.7,1.0,0.3,0.85,0.7
2507,,0.7,0.8,0.5,0.65,0.95,0.25,0.8,0.65
2508,,0.65,0.75,0.45,0.6,0.9,0.2,0.75,0.6
2509,,0.6,0.7,0.4,0.55,0.85,0.15,0.7,0.55
2510,,0.55,0.65,0.35,0.5,0.8,0.1,0.65,0.5
2511,,0.5,0.6,0.3,0.45,0.75,0.05,0.6,0.45
2512,,0.45,0.55,0.25,0.4,0.7,0.0,0.55,0.4
2513,,0.4,0.5,0.2,0.35,0.65,-0.05,0.5,0.35
2514,6,0.4,0.5,0.2,0.35,0.65,1.0,0.5,0.35
2515,,0.35,0.45,0.15,0.3,0.6,0.95,0.45,0.3
2516,,0.3,0.4,0.1,0.25,0.55,0.9,0.4,0.25
2517,,0.25,0.35,0.05,0.2,0.5,0.85,0.35,0.2
2518,,0.2,0.3,0.0,0.15,0.45,0.8,0.3,0.15
2519,,0.15,0.25,-0.05,0.1,0.4,0.75,0.25,0.1
2520,3,0.15,0.25,1.0,0.1,0.4,0.75,0.25,0.1
2521,,0.1,0.2,0.95,0.05,0.35,0.7,0.2,0.05
2522,,0.05,0.15,0.9,0.0,0.3,0.65,0.15,0.0
2523,,0.0,0.1,0.85,-0.05,0.25,0.6,0.1,-0.05
2524,4,0.0,0.1,0.85,1.0,0.25,0.6,0.1,-0.05
2525,8,0.0,0.1,0.85,1.0,0.25,0.6,0.1,1.0
2526,,-0.05,0.05,0.8,0.95,0.2,0.55,0.05,0.95
2527,1,1.0,0.05,0.8,0.95,0.2,0.55,0.05,0.95
2528,,0.95,0.0,0.75,0.9,0.15,0.5,0.0,0.9
2529,,0.9,-0.05,0.7,0.85,0.1,0.45,-0.05,0.85
2530,2,0.9,1.0,0.7,0.85,0.1,0.45,-0.05,0.85
2531,7,0.9,1.0,0.7,0.85,0.1,0.45,1.0,0.85
2532,,0.85,0.95,0.65,0.8,0.05,0.4,0.95,0.8
2533,,0.8,0.9,0.6,0.75,0.0,0.35,0.9,0.75
2534,,0.75,0.85,0.55,0.7,-0.05,0.3,0.85,0.7
2535,5,0.75,0.85,0.55,0.7,1.0,0.3,0.85,0.7
2536,,0.7,0.8,0.5,0.65,0.95,0.25,0.8,0.65
2537,,0.65,0.75,0.45,0.6,0.9,0.2,0.75,0.6
2538,,0.6,0.7,0.4,0.55,0.85,0.15,0.7,0.55
2539,,0.55,0.65,0.35,0.5,0.8,0.1,0.65,0.5
2540,,0.5,0.6,0.3,0.45,0.75,0.05,0.6,0.45
2541,,0.45,0.55,0.25,0.4,0.7,0.0,0.55,0.4
2542,,0.4,0.5,0.2,0.35,0.65,-0.05,0.5,0.35
2543,6,0.4,0.5,0.2,0.35,0.65,1.0,0.5,0.35
2544,,0.35,0.45,0.15,0.3,0.6,0.95,0.45,0.3
2545,,0.3,0.4,0.1,0.25,0.55,0.9,0.4,0.25
2546,,0.25,0.35,0.05,0.2,0.5,0.85,0.35,0.2
2547,,0.2,0.3,0.0,0.15,0.45,0.8,0.3,0.15
2548,,0.15,0.25,-0.05,0.1,0.4,0.75,0.25,0.1
2549,3,0.15,0.25,1.0,0.1,0.4,0.75,0.25,0.1
2550,,0.1,0.2,0.95,0.05,0.35,0.7,0.2,0.05
2551,,0.05,0.15,0.9,0.0,0.3,0.65,0.15,0.0
2552,,0.0,0.1,0.85,-0.05,0.25,0.6,0.1,-0.05
2553,4,0.0,0.1,0.85,1.0,0.25,0.6,0.1,-0.05
2554,8,0.0,0.1,0.85,1.0,0.25,0.6,0.1,1.0
2555,,-0.05,0.05,0.8,0.95,0.2,0.55,0.05,0.95
2556,1,1.0,0.05,0.8,0.95,0.2,0.55,0.05,0.95
2557,,0.95,0.0,0.75,0.9,0.15,0.5,0.0,0.9
2558,,0.9,-0.05,0.7,0.85,0.1,0.45,-0.05,0.85
2559,7,0.9,-0.05,0.7,0.85,0.1,0.45,1.0,0.85
2560,2,0.9,1.0,0.7,0.85,0.1,0.45,1.0,0.85
2561,,0.85,0.95,0.65,0.8,0.05,0.4,0.95,0.8
2562,,0.8,0.9,0.6,0.75,0.0,0.35,0.9,0.75
2563,,0.75,0.85,0.55,0.7,-0.05,0.3,0.85,0.7
2564,5,0.75,0.85,0.55,0.7,1.0,0.3,0.85,0.7
2565,,0.7,0.8,0.5,0.65,0.95,0.25,0.8,0.65
2566,,0.65,0.75,0.45,0.6,0.9,0.2,0.75,0.6
2567,,0.6,0.7,0.4,0.55,0.85,0.15,0.7,0.55
2568,,0.55,0.65,0.35,0.5,0.8,0.1,0.65,0.5
2569,,0.5,0.6,0.3,0.45,0.75,0.05,0.6,0.45
2570,,0.45,0.55,0.25,0.4,0.7,0.0,0.55,0.4
2571,,0.4,0.5,0.2,0.35,0.65,-0.05,0.5,0.35
2572,6,0.4,0.5,0.2,0.35,0.65,1.0,0.5,0.35
2573,,0.35,0.45,0.15,0.3,0.6,0.95,0.45,0.3
2574,,0.3,0.4,0.1,0.25,0.55,0.9,0.4,0.25
2575,,0.25,0.35,0.05,0.2,0.5,0.85,0.35,0.2
2576,,0.2,0.3,0.0,0.15,0.45,0.8,0.3,0.15
2577,,0.15,0.25,-0.05,0.1,0.4,0.75,0.25,0.1
2578,3,0.15,0.25,1.0,0.1,0.4,0.75,0.25,0.1
2579,,0.1,0.2,0.95,0.05,0.35,0.7,0.2,0.05
2580,,0.05,0.15,0.9,0.0,0.3,0.65,0.15,0.0
2581,,0.0,0.1,0.85,-0.05,0.25,0.6,0.1,-0.05
2582,4,0.0,0.1,0.85,1.0,0.25,0.6,0.1,-0.05
2583,8,0.0,0.1,0.85,1.0,0.25,0.6,0.1,1.0
2584,,-0.05,0.05,0.8,0.95,0.2,0.55,0.05,0.95
2585,1,1.0,0.05,0.8,0.95,0.2,0.55,0.05,0.95
2586,,0.95,0.0,0.75,0.9,0.15,0.5,0.0,0.9
2587,,0.9,-0.05,0.7,0.85,0.1,0.45,-0.05,0.85
2588,7,0.9,-0.05,0.7,0.85,0.1,0.45,1.0,0.85
2589,2,0.9,1.0,0.7,0.85,0.1,0.45,1.0,0.85
2590,,0.85,0.95,0.65,0.8,0.05,0.4,0.95,0.8
2591,,0.8,0.9,0.6,0.75,0.0,0.35,0.9,0.75
2592,,0.75,0.85,0.55,0.7,-0.05,0.3,0.85,0.7
2593,5,0.75,0.85,0.55,0.7,1.0,0.3,0.85,0.7
2594,,0.7,0.8,0.5,0.65,0.95,0.25,0.8,0.65
2595,,0.65,0.75,0.45,0.6,0.9,0.2,0.75,0.6
2596,,0.6,0.7,0.4,0.55,0.85,0.15,0.7,0.55
2597,,0.55,0.65,0.35,0.5,0.8,0.1,0.65,0.5
2598,,0.5,0.6,0.3,0.45,0.75,0.05,0.6,0.45
2599,,0.45,0.55,0.25,0.4,0.7,0.0,0.55,0.4
2600,,0.4,0.5,0.2,0.35,0.65,-0.05,0.5,0.35
2601,6,0.4,0.5,0.2,0.35,0.65,1.0,0.5,0.35
2602,,0.35,0.45,0.15,0.3,0.6,0.95,0.45,0.3
2603,,0.3,0.4,0.1,0.25,0.55,0.9,0.4,0.25
2604,,0.25,0.35,0.05,0.2,0.5,0.85,0.35,0.2
2605,,0.2,0.3,0.0,0.15,0.45,0.8,0.3,0.15
2606,,0.15,0.25,-0.05,0.1,0.4,0.75,0.25,0.1
2607,3,0.15,0.25,1.0,0.1,0.4,0.75,0.25,0.1
2608,,0.1,0.2,0.95,0.05,0.35,0.7,0.2,0.05
2609,,0.05,0.15,0.9,0.0,0.3,0.65,0.15,0.0
2610,,0.0,0.1,0.85,-0.05,0.25,0.6,0.1,-0.05
2611,8,0.0,0.1,0.85,-0.05,0.25,0.6,0.1,1.0
2612,4,0.0,0.1,0.85,1.0,0.25,0.6,0.1,1.0
2613,,-0.05,0.05,0.8,0.95,0.2,0.55,0.05,0.95
2614,1,1.0,0.05,0.8,0.95,0.2,0.55,0.05,0.95
2615,,0.95,0.0,0.75,0.9,0.15,0.5,0.0,0.9
2616,,0.9,-0.05,0.7,0.85,0.1,0.45,-0.05,0.85
2617,7,0.9,-0.05,0.7,0.85,0.1,0.45,1.0,0.85
2618,2,0.9,1.0,0.7,0.85,0.1,0.45,1.0,0.85
2619,,0.85,0.95,0.65,0.8,0.05,0.4,0.95,0.8
2620,,0.8,0.9,0.6,0.75,0.0,0.35,0.9,0.75
2621,,0.75,0.85,0.55,0.7,-0.05,0.3,0.85,0.7
2622,5,0.75,0.85,0.55,0.7,1.0,0.3,0.85,0.7
2623,,0.7,0.8,0.5,0.65,0.95,0.25,0.8,0.65
2624,,0.65,0.75,0.45,0.6,0.9,0.2,0.75,0.6
2625,,0.6,0.7,0.4,0.55,0.85,0.15,0.7,0.55
2626,,0.55,0.65,0.35,0.5,0.8,0.1,0.65,0.5
2627,,0.5,0.6,0.3,0.45,0.75,0.05,0.6,0.45
2628,,0.45,0.55,0.25,0.4,0.7,0.0,0.55,0.4
2629,,0.4,0.5,0.2,0.35,0.65,-0.05,0.5,0.35
2630,6,0.4,0.5,0.2,0.35,0.65,1.0,0.5,0.35
2631,,0.35,0.45,0.15,0.3,0.6,0.95,0.45,0.3
2632,,0.3,0.4,0.1,0.25,0.55,0.9,0.4,0.25
2633,,0.25,0.35,0.05,0.2,0.5,0.85,0.35,0.2
2634,,0.2,0.3,0.0,0.15,0.45,0.8,0.3,0.15
2635,,0.15,0.25,-0.05,0.1,0.4,0.75,0.25,0.1
2636,3,0.15,0.25,1.0,0.1,0.4,0.75,0.25,0.1
2637,,0.1,0.2,0.95,0.05,0.35,0.7,0.2,0.05
2638,,0.05,0.15,0.9,0.0,0.3,0.65,0.15,0.0
2639,,0.0,0.1,0.85,-0.05,0.25,0.6,0.1,-0.05
2640,4,0.0,0.1,0.85,1.0,0.25,0.6,0.1,-0.05
2641,8,0.0,0.1,0.85,1.0,0.25,0.6,0.1,1.0
2642,,-0.05,0.05,0.8,0.95,0.2,0.55,0.05,0.95
2643,1,1.0,0.05,0.8,0.95,0.2,0.55,0.05,0.95
2644,,0.95,0.0,0.75,0.9,0.15,0.5,0.0,0.9
2645,,0.9,-0.05,0.7,0.85,0.1,0.45,-0.05,0.85
2646,7,0.9,-0.05,0.7,0.85,0.1,0.45,1.0,0.85
2647,2,0.9,1.0,0.7,0.85,0.1,0.45,1.0,0.85
2648,,0.85,0.95,0.65,0.8,0.05,0.4,0.95,0.8
2649,,0.8,0.9,0.6,0.75,0.0,0.35,0.9,0.75
2650,,0.75,0.85,0.55,0.7,-0.05,0.3,0.85,0.7
2651,5,0.75,0.85,0.55,0.7,1.0,0.3,0.85,0.7
2652,,0.7,0.8,0.5,0.65,0.95,0.25,0.8,0.65
2653,,0.65,0.75,0.45,0.6,0.9,0.2,0.75,0.6
2654,,0.6,0.7,0.4,0.55,0.85,0.15,0.7,0.55
2655,,0.55,0.65,0.35,0.5,0.8,0.1,0.65,0.5
2656,,0.5,0.6,0.3,0.45,0.75,0.05,0.6,0.45
2657,,0.45,0.55,0.25,0.4,0.7,0.0,0.55,0.4
2658,,0.4,0.5,0.2,0.35,0.65,-0.05,0.5,0.35
2659,6,0.4,0.5,0.2,0.35,0.65,1.0,0.5,0.35
2660,,0.35,0.45,0.15,0.3,0.6,0.95,0.45,0.3
2661,,0.3,0.4,0.1,0.25,0.55,0.9,0.4,0.25
2662,,0.25,0.35,0.05,0.2,0.5,0.85,0.35,0.2
2663,,0.2,0.3,0.0,0.15,0.45,0.8,0.3,0.15
2664,,0.15,0.25,-0.05,0.1,0.4,0.75,0.25,0.1
2665,3,0.15,0.25,1.0,0.1,0.4,0.75,0.25,0.1
2666,,0.1,0.2,0.95,0.05,0.35,0.7,0.2,0.05
2667,,0.05,0.15,0.9,0.0,0.3,0.65,0.15,0.0
2668,,0.0,0.1,0.85,-0.05,0.25,0.6,0.1,-0.05
2669,8,0.0,0.1,0.85,-0.05,0.25,0.6,0.1,1.0
2670,4,0.0,0.1,0.85,1.0,0.25,0.6,0.1,1.0
2671,,-0.05,0.05,0.8,0.95,0.2,0.55,0.05,0.95
2672,1,1.0,0.05,0.8,0.95,0.2,0.55,0.05,0.95
2673,,0.95,0.0,0.75,0.9,0.15,0.5,0.0,0.9
2674,,0.9,-0.05,0.7,0.85,0.1,0.45,-0.05,0.85
2675,2,0.9,1.0,0.7,0.85,0.1,0.45,-0.05,0.85
2676,7,0.9,1.0,0.7,0.85,0.1,0.45,1.0,0.85
2677,,0.85,0.95,0.65,0.8,0.05,0.4,0.95,0.8
2678,,0.8,0.9,0.6,0.75,0.0,0.35,0.9,0.75
2679,,0.75,0.85,0.55,0.7,-0.05,0.3,0.85,0.7
2680,5,0.75,0.85,0.55,0.7,1.0,0.3,0.85,0.7
2681,,0.7,0.8,0.5,0.65,0.95,0.25,0.8,0.65
2682,,0.65,0.75,0.45,0.6,0.9,0.2,0.75,0.6
2683,,0.6,0.7,0.4,0.55,0.85,0.15,0.7,0.55
2684,,0.55,0.65,0.35,0.5,0.8,0.1,0.65,0.5
2685,,0.5,0.6,0.3,0.45,0.75,0.05,0.6,0.45
2686,,0.45,0.55,0.25,0.4,0.7,0.0,0.55,0.4
2687,,0.4,0.5,0.2,0.35,0.65,-0.05,0.5,0.35
2688,6,0.4,0.5,0.2,0.35,0.65,1.0,0.5,0.35
2689,,0.35,0.45,0.15,0.3,0.6,0.95,0.45,0.3
2690,,0.3,0.4,0.1,0.25,0.55,0.9,0.4,0.25
2691,,0.25,0.35,0.05,0.2,0.5,0.85,0.35,0.2
2692,,0.2,0.3,0.0,0.15,0.45,0.8,0.3,0.15
2693,,0.15,0.25,-0.05,0.1,0.4,0.75,0.25,0.1
2694,3,0.15,0.25,1.0,0.1,0.4,0.75,0.25,0.1
2695,,0.1,0.2,0.95,0.05,0.35,0.7,0.2,0.05
2696,,0.05,0.15,0.9,0.0,0.3,0.65,0.15,0.0
2697,,0.0,0.1,0.85,-0.05,0.25,0.6,0.1,-0.05
2698,8,0.0,0.1,0.85,-0.05,0.25,0.6,0.1,1.0
2699,4,0.0,0.1,0.85,1.0,0.25,0.6,0.1,1.0
2700,,-0.05,0.05,0.8,0.95,0.2,0.55,0.05,0.95
2701,1,1.0,0.05,0.8,0.95,0.2,0.55,0.05,0.95
2702,,0.95,0.0,0.75,0.9,0.15,0.5,0.0,0.9
2703,,0.9,-0.05,0.7,0.85,0.1,0.45,-0.05,0.85
2704,7,0.9,-0.05,0.7,0.85,0.1,0.45,1.0,0.85
2705,2,0.9,1.0,0.7,0.85,0.1,0.45,1.0,0.85
2706,,0.85,0.95,0.65,0.8,0.05,0.4,0.95,0.8
2707,,0.8,0.9,0.6,0.75,0.0,0.35,0.9,0.75
2708,,0.75,0.85,0.55,0.7,-0.05,0.3,0.85,0.7
2709,5,0.75,0.85,0.55,0.7,1.0,0.3,0.85,0.7
2710,,0.7,0.8,0.5,0.65,0.95,0.25,0.8,0.65
2711,,0.65,0.75,0.45,0.6,0.9,0.2,0.75,0.6
2712,,0.6,0.7,0.4,0.55,0.85,0.15,0.7,0.55
2713,,0.55,0.65,0.35,0.5,0.8,0.1,0.65,0.5
2714,,0.5,0.6,0.3,0.45,0.75,0.05,0.6,0.45
2715,,0.45,0.55,0.25,0.4,0.7,0.0,0.55,0.4
2716,,0.4,0.5,0.2,0.35,0.65,-0.05,0.5,0.35
2717,6,0.4,0.5,0.2,0.35,0.65,1.0,0.5,0.35
2718,,0.35,0.45,0.15,0.3,0.6,0.95,0.45,0.3
2719,,0.3,0.4,0.1,0.25,0.55,0.9,0.4,0.25
2720,,0.25,0.35,0.05,0.2,0.5,0.85,0.35,0.2
2721,,0.2,0.3,0.0,0.15,0.45,0.8,0.3,0.15
2722,,0.15,0.25,-0.05,0.1,0.4,0.75,0.25,0.1
2723,3,0.15,0.25,1.0,0.1,0.4,0.75,0.25,0.1
2724,,0.1,0.2,0.95,0.05,0.35,0.7,0.2,0.05
2725,,0.05,0.15,0.9,0.0,0.3,0.65,0.15,0.0
2726,,0.0,0.1,0.85,-0.05,0.25,0.6,0.1,-0.05
2727,8,0.0,0.1,0.85,-0.05,0.25,0.6,0.1,1.0
2728,4,0.0,0.1,0.85,1.0,0.25,0.6,0.1,1.0
2729,,-0.05,0.05,0.8,0.95,0.2,0.55,0.05,0.95
2730,1,1.0,0.05,0.8,0.95,0.2,0.55,0.05,0.95
2731,,0.95,0.0,0.75,0.9,0.15,0.5,0.0,0.9
2732,,0.9,-0.05,0.7,0.85,0.1,0.45,-0.05,0.85
2733,2,0.9,1.0,0.7,0.85,0.1,0.45,-0.05,0.85
2734,7,0.9,1.0,0.7,0.85,0.1,0.45,1.0,0.85
2735,,0.85,0.95,0.65,0.8,0.05,0.4,0.95,0.8
2736,,0.8,0.9,0.6,0.75,0.0,0.35,0.9,0.75
2737,,0.75,0.85,0.55,0.7,-0.05,0.3,0.85,0.7
2738,5,0.75,0.85,0.55,0.7,1.0,0.3,0.85,0.7
2739,,0.7,0.8,0.5,0.65,0.95,0.25,0.8,0.65
2740,,0.65,0.75,0.45,0.6,0.9,0.2,0.75,0.6
2741,,0.6,0.7,0.4,0.55,0.85,0.15,0.7,0.55
2742,,0.55,0.65,0.35,0.5,0.8,0.1,0.65,0.5
2743,,0.5,0.6,0.3,0.45,0.75,0.05,0.6,0.45
2744,,0.45,0.55,0.25,0.4,0.7,0.0,0.55,0.4
2745,,0.4,0.5,0.2,0.35,0.65,-0.05,0.5,0.35
2746,6,0.4,0.5,0.2,0.35,0.65,1.0,0.5,0.35
2747,,0.35,0.45,0.15,0.3,0.6,0.95,0.45,0.3
2748,,0.3,0.4,0.1,0.25,0.55,0.9,0.4,0.25
2749,,0.25,0.35,0.05,0.2,0.5,0.85,0.35,0.2
2750,,0.2,0.3,0.0,0.15,0.45,0.8,0.3,0.15
2751,,0.15,0.25,-0.05,0.1,0.4,0.75,0.25,0.1
2752,3,0.15,0.25,1.0,0.1,0.4,0.75,0.25,0.1
2753,,0.1,0.2,0.95,0.05,0.35,0.7,0.2,0.05
2754,,0.05,0.15,0.9,0.0,0.3,0.65,0.15,0.0
2755,,0.0,0.1,0.85,-0.05,0.25,0.6,0.1,-0.05
2756,8,0.0,0.1,0.85,-0.05,0.25,0.6,0.1,1.0
2757,4,0.0,0.1,0.85,1.0,0.25,0.6,0.1,1.0
2758,,-0.05,0.05,0.8,0.95,0.2,0.55,0.05,0.95
2759,1,1.0,0.05,0.8,0.95,0.2,0.55,0.05,0.95
2760,,0.95,0.0,0.75,0.9,0.15,0.5,0.0,0.9
2761,,0.9,-0.05,0.7,0.85,0.1,0.45,-0.05,0.85
2762,7,0.9,-0.05,0.7,0.85,0.1,0.45,1.0,0.85
2763,2,0.9,1.0,0.7,0.85,0.1,0.45,1.0,0.85
2764,,0.85,0.95,0.65,0.8,0.05,0.4,0.95,0.8
2765,,0.8,0.9,0.6,0.75,0.0,0.35,0.9,0.75
2766,,0.75,0.85,0.55,0.7,-0.05,0.3,0.85,0.7
2767,5,0.75,0.85,0.55,0.7,1.0,0.3,0.85,0.7
2768,,0.7,0.8,0.5,0.65,0.95,0.25,0.8,0.65
2769,,0.65,0.75,0.45,0.6,0.9,0.2,0.75,0.6
2770,,0.6,0.7,0.4,0.55,0.85,0.15,0.7,0.55
2771,,0.55,0.65,0.35,0.5,0.8,0.1,0.65,0.5
2772,,0.5,0.6,0.3,0.45,0.75,0.05,0.6,0.45
2773,,0.45,0.55,0.25,0.4,0.7,0.0,0.55,0.4
2774,,0.4,0.5,0.2,0.35,0.65,-0.05,0.5,0.35
2775,6,0.4,0.5,0.2,0.35,0.65,1.0,0.5,0.35
2776,,0.35,0.45,0.15,0.3,0.6,0.95,0.45,0.3
2777,,0.3,0.4,0.1,0.25,0.55,0.9,0.4,0.25
2778,,0.25,0.35,0.05,0.2,0.5,0.85,0.35,0.2
2779,,0.2,0.3,0.0,0.15,0.45,0.8,0.3,0.15
2780,,0.15,0.25,-0.05,0.1,0.4,0.75,0.25,0.1
2781,3,0.15,0.25,1.0,0.1,0.4,0.75,0.25,0.1
2782,,0.1,0.2,0.95,0.05,0.35,0.7,0.2,0.05
2783,,0.05,0.15,0.9,0.0,0.3,0.65,0.15,0.0
2784,,0.0,0.1,0.85,-0.05,0.25,0.6,0.1,-0.05
2785,4,0.0,0.1,0.85,1.0,0.25,0.6,0.1,-0.05
2786,8,0.0,0.1,0.85,1.0,0.25,0.6,0.1,1.0
2787,,-0.05,0.05,0.8,0.95,0.2,0.55,0.05,0.95
2788,1,1.0,0.05,0.8,0.95,0.2,0.55,0.05,0.95
2789,,0.95,0.0,0.75,0.9,0.15,0.5,0.0,0.9
2790,,0.9,-0.05,0.7,0.85,0.1,0.45,-0.05,0.85
2791,2,0.9,1.0,0.7,0.85,0.1,0.45,-0.05,0.85
2792,7,0.9,1.0,0.7,0.85,0.1,0.45,1.0,0.85
2793,,0.85,0.95,0.65,0.8,0.05,0.4,0.95,0.8
2794,,0.8,0.9,0.6,0.75,0.0,0.35,0.9,0.75
2795,,0.75,0.85,0.55,0.7,-0.05,0.3,0.85,0.7
2796,5,0.75,0.85,0.55,0.7,1.0,0.3,0.85,0.7
2797,,0.7,0.8,0.5,0.65,0.95,0.25,0.8,0.65
2798,,0.65,0.75,0.45,0.6,0.9,0.2,0.75,0.6
2799,,0.6,0.7,0.4,0.55,0.85,0.15,0.7,0.55
2800,,0.55,0.65,0.35,0.5,0.8,0.1,0.65,0.5
2801,,0.5,0.6,0.3,0.45,0.75,0.05,0.6,0.45
2802,,0.45,0.55,0.25,0.4,0.7,0.0,0.55,0.4
2803,,0.4,0.5,0.2,0.35,0.65,-0.05,0.5,0.35
2804,6,0.4,0.5,0.2,0.35,0.65,1.0,0.5,0.35
2805,,0.35,0.45,0.15,0.3,0.6,0.95,0.45,0.3
2806,,0.3,0.4,0.1,0.25,0.55,0.9,0.4,0.25
2807,,0.25,0.35,0.05,0.2,0.5,0.85,0.35,0.2
2808,,0.2,0.3,0.0,0.15,0.45,0.8,0.3,0.15
2809,,0.15,0.25,-0.05,0.1,0.4,0.75,0.25,0.1
2810,3,0.15,0.25,1.0,0.1,0.4,0.75,0.25,0.1
2811,,0.1,0.2,0.95,0.05,0.35,0.7,0.2,0.05
2812,,0.05,0.15,0.9,0.0,0.3,0.65,0.15,0.0
2813,,0.0,0.1,0.85,-0.05,0.25,0.6,0.1,-0.05
2814,8,0.0,0.1,0.85,-0.05,0.25,0.6,0.1,1.0
2815,4,0.0,0.1,0.85,1.0,0.25,0.6,0.1,1.0
2816,,-0.05,0.05,0.8,0.95,0.2,0.55,0.05,0.95
2817,1,1.0,0.05,0.8,0.95,0.2,0.55,0.05,0.95
2818,,0.95,0.0,0.75,0.9,0.15,0.5,0.0,0.9
2819,,0.9,-0.05,0.7,0.85,0.1,0.45,-0.05,0.85
2820,2,0.9,1.0,0.7,0.85,0.1,0.45,-0.05,0.85
2821,7,0.9,1.0,0.7,0.85,0.1,0.45,1.0,0.85
2822,,0.85,0.95,0.65,0.8,0.05,0.4,0.95,0.8
2823,,0.8,0.9,0.6,0.75,0.0,0.35,0.9,0.75
2824,,0.75,0.85,0.55,0.7,-0.05,0.3,0.85,0.7
2825,5,0.75,0.85,0.55,0.7,1.0,0.3,0.85,0.7
2826,,0.7,0.8,0.5,0.65,0.95,0.25,0.8,0.65
2827,,0.65,0.75,0.45,0.6,0.9,0.2,0.75,0.6
2828,,0.6,0.7,0.4,0.55,0.85,0.15,0.7,0.55
2829,,0.55,0.65,0.35,0.5,0.8,0.1,0.65,0.5
2830,,0.5,0.6,0.3,0.45,0.75,0.05,0.6,0.45
2831,,0.45,0.55,0.25,0.4,0.7,0.0,0.55,0.4
2832,,0.4,0.5,0.2,0.35,0.65,-0.05,0.5,0.35
2833,6,0.4,0.5,0.2,0.35,0.65,1.0,0.5,0.35
2834,,0.35,0.45,0.15,0.3,0.6,0.95,0.45,0.3
2835,,0.3,0.4,0.1,0.25,0.55,0.9,0.4,0.25
2836,,0.25,0.35,0.05,0.2,0.5,0.85,0.35,0.2
2837,,0.2,0.3,0.0,0.15,0.45,0.8,0.3,0.15
2838,,0.15,0.25,-0.05,0.1,0.4,0.75,0.25,0.1
2839,3,0.15,0.25,1.0,0.1,0.4,0.75,0.25,0.1
2840,,0.1,0.2,0.95,0.05,0.35,0.7,0.2,0.05
2841,,0.05,0.15,0.9,0.0,0.3,0.65,0.15,0.0
2842,,0.0,0.1,0.85,-0.05,0.25,0.6,0.1,-0.05
2843,4,0.0,0.1,0.85,1.0,0.25,0.6,0.1,-0.05
2844,8,0.0,0.1,0.85,1.0,0.25,0.6,0.1,1.0
2845,,-0.05,0.05,0.8,0.95,0.2,0.55,0.05,0.95
2846,1,1.0,0.05,0.8,0.95,0.2,0.55,0.05,0.95
2847,,0.95,0.0,0.75,0.9,0.15,0.5,0.0,0.9
2848,,0.9,-0.05,0.7,0.85,0.1,0.45,-0.05,0.85
2849,2,0.9,1.0,0.7,0.85,0.1,0.45,-0.05,0.85
2850,7,0.9,1.0,0.7,0.85,0.1,0.45,1.0,0.85
2851,,0.85,0.95,0.65,0.8,0.05,0.4,0.95,0.8
2852,,0.8,0.9,0.6,0.75,0.0,0.35,0.9,0.75
2853,,0.75,0.85,0.55,0.7,-0.05,0.3,0.85,0.7
2854,5,0.75,0.85,0.55,0.7,1.0,0.3,0.85,0.7
2855,,0.7,0.8,0.5,0.65,0.95,0.25,0.8,0.65
2856,,0.65,0.75,0.45,0.6,0.9,0.2,0.75,0.6
2857,,0.6,0.7,0.4,0.55,0.85,0.15,0.7,0.55
2858,,0.55,0.65,0.35,0.5,0.8,0.1,0.65,0.5
2859,,0.5,0.6,0.3,0.45,0.75,0.05,0.6,0.45
2860,,0.45,0.55,0.25,0.4,0.7,0.0,0.55,0.4
2861,,0.4,0.5,0.2,0.35,0.65,-0.05,0.5,0.35
2862,6,0.4,0.5,0.2,0.35,0.65,1.0,0.5,0.35
2863,,0.35,0.45,0.15,0.3,0.6,0.95,0.45,0.3
2864,,0.3,0.4,0.1,0.25,0.55,0.9,0.4,0.25
2865,,0.25,0.35,0.05,0.2,0.5,0.85,0.35,0.2
2866,,0.2,0.3,0.0,0.15,0.45,0.8,0.3,0.15
2867,,0.15,0.25,-0.05,0.1,0.4,0.75,0.25,0.1
2868,3,0.15,0.25,1.0,0.1,0.4,0.75,0.25,0.1
2869,,0.1,0.2,0.95,0.05,0.35,0.7,0.2,0.05
2870,,0.05,0.15,0.9,0.0,0.3,0.65,0.15,0.0
2871,,0.0,0.1,0.85,-0.05,0.25,0.6,0.1,-0.05
2872,4,0.0,0.1,0.85,1.0,0.25,0.6,0.1,-0.05
2873,8,0.0,0.1,0.85,1.0,0.25,0.6,0.1,1.0
2874,,-0.05,0.05,0.8,0.95,0.2,0.55,0.05,0.95
2875,1,1.0,0.05,0.8,0.95,0.2,0.55,0.05,0.95
2876,,0.95,0.0,0.75,0.9,0.15,0.5,0.0,0.9
2877,,0.9,-0.05,0.7,0.85,0.1,0.45,-0.05,0.85
2878,2,0.9,1.0,0.7,0.85,0.1,0.45,-0.05,0.85
2879,7,0.9,1.0,0.7,0.85,0.1,0.45,1.0,0.85
2880,,0.85,0.95,0.65,0.8,0.05,0.4,0.95,0.8
2881,,0.8,0.9,0.6,0.75,0.0,0.35,0.9,0.75
2882,,0.75,0.85,0.55,0.7,-0.05,0.3,0.85,0.7
2883,5,0.75,0.85,0.55,0.7,1.0,0.3,0.85,0.7
2884,,0.7,0.8,0.5,0.65,0.95,0.25,0.8,0.65
2885,,0.65,0.75,0.45,0.6,0.9,0.2,0.75,0.6
2886,,0.6,0.7,0.4,0.55,0.85,0.15,0.7,0.55
2887,,0.55,0.65,0.35,0.5,0.8,0.1,0.65,0.5
2888,,0.5,0.6,0.3,0.45,0.75,0.05,0.6,0.45
2889,,0.45,0.55,0.25,0.4,0.7,0.0,0.55,0.4
2890,,0.4,0.5,0.2,0.35,0.65,-0.05,0.5,0.35
2891,6,0.4,0.5,0.2,0.35,0.65,1.0,0.5,0.35
2892,,0.35,0.45,0.15,0.3,0.6,0.95,0.45,0.3
2893,,0.3,0.4,0.1,0.25,0.55,0.9,0.4,0.25
2894,,0.25,0.35,0.05,0.2,0.5,0.85,0.35,0.2
2895,,0.2,0.3,0.0,0.15,0.45,0.8,0.3,0.15
2896,,0.15,0.25,-0.05,0.1,0.4,0.75,0.25,0.1
2897,3,0.15,0.25,1.0,0.1,0.4,0.75,0.25,0.1
2898,,0.1,0.2,0.95,0.05,0.35,0.7,0.2,0.05
2899,,0.05,0.15,0.9,0.0,0.3,0.65,0.15,0.0
2900,,0.0,0.1,0.85,-0.05,0.25,0.6,0.1,-0.05
2901,4,0.0,0.1,0.85,1.0,0.25,0.6,0.1,-0.05
2902,8,0.0,0.1,0.85,1.0,0.25,0.6,0.1,1.0
2903,,-0.05,0.05,0.8,0.95,0.2,0.55,0.05,0.95
2904,1,1.0,0.05,0.8,0.95,0.2,0.55,0.05,0.95
2905,,0.95,0.0,0.75,0.9,0.15,0.5,0.0,0.9
2906,,0.9,-0.05,0.7,0.85,0.1,0.45,-0.05,0.85
2907,2,0.9,1.0,0.7,0.85,0.1,0.45,-0.05,0.85
2908,7,0.9,1.0,0.7,0.85,0.1,0.45,1.0,0.85
2909,,0.85,0.95,0.65,0.8,0.05,0.4,0.95,0.8
2910,,0.8,0.9,0.6,0.75,0.0,0.35,0.9,0.75
2911,,0.75,0.85,0.55,0.7,-0.05,0.3,0.85,0.7
2912,5,0.75,0.85,0.55,0.7,1.0,0.3,0.85,0.7
2913,,0.7,0.8,0.5,0.65,0.95,0.25,0.8,0.65
2914,,0.65,0.75,0.45,0.6,0.9,0.2,0.75,0.6
2915,,0.6,0.7,0.4,0.55,0.85,0.15,0.7,0.55
2916,,0.55,0.65,0.35,0.5,0.8,0.1,0.65,0.5
2917,,0.5,0.6,0.3,0.45,0.75,0.05,0.6,0.45
2918,,0.45,0.55,0.25,0.4,0.7,0.0,0.55,0.4
2919,,0.4,0.5,0.2,0.35,0.65,-0.05,0.5,0.35
2920,6,0.4,0.5,0.2,0.35,0.65,1.0,0.5,0.35
2921,,0.35,0.45,0.15,0.3,0.6,0.95,0.45,0.3
2922,,0.3,0.4,0.1,0.25,0.55,0.9,0.4,0.25
2923,,0.25,0.35,0.05,0.2,0.5,0.85,0.35,0.2
2924,,0.2,0.3,0.0,0.15,0.45,0.8,0.3,0.15
2925,,0.15,0.25,-0.05,0.1,0.4,0.75,0.25,0.1
2926,3,0.15,0.25,1.0,0.1,0.4,0.75,0.25,0.1
2927,,0.1,0.2,0.95,0.05,0.35,0.7,0.2,0.05
2928,,0.05,0.15,0.9,0.0,0.3,0.65,0.15,0.0
2929,,0.0,0.1,0.85,-0.05,0.25,0.6,0.1,-0.05
2930,8,0.0,0.1,0.85,-0.05,0.25,0.6,0.1,1.0
2931,4,0.0,0.1,0.85,1.0,0.25,0.6,0.1,1.0
2932,,-0.05,0.05,0.8,0.95,0.2,0.55,0.05,0.95
2933,1,1.0,0.05,0.8,0.95,0.2,0.55,0.05,0.95
2934,,0.95,0.0,0.75,0.9,0.15,0.5,0.0,0.9
2935,,0.9,-0.05,0.7,0.85,0.1,0.45,-0.05,0.85
2936,2,0.9,1.0,0.7,0.85,0.1,0.45,-0.05,0.85
2937,7,0.9,1.0,0.7,0.85,0.1,0.45,1.0,0.85
2938,,0.85,0.95,0.65,0.8,0.05,0.4,0.95,0.8
2939,,0.8,0.9,0.6,0.75,0.0,0.35,0.9,0.75
2940,,0.75,0.85,0.55,0.7,-0.05,0.3,0.85,0.7
2941,5,0.75,0.85,0.55,0.7,1.0,0.3,0.85,0.7
2942,,0.7,0.8,0.5,0.65,0.95,0.25,0.8,0.65
2943,,0.65,0.75,0.45,0.6,0.9,0.2,0.75,0.6
2944,,0.6,0.7,0.4,0.55,0.85,0.15,0.7,0.55
2945,,0.55,0.65,0.35,0.5,0.8,0.1,0.65,0.5
2946,,0.5,0.6,0.3,0.45,0.75,0.05,0.6,0.45
2947,,0.45,0.55,0.25,0.4,0.7,0.0,0.55,0.4
2948,,0.4,0.5,0.2,0.35,0.65,-0.05,0.5,0.35
2949,6,0.4,0.5,0.2,0.35,0.65,1.0,0.5,0.35
2950,,0.35,0.45,0.15,0.3,0.6,0.95,0.45,0.3
2951,,0.3,0.4,0.1,0.25,0.55,0.9,0.4,0.25
2952,,0.25,0.35,0.05,0.2,0.5,0.85,0.35,0.2
2953,,0.2,0.3,0.0,0.15,0.45,0.8,0.3,0.15
2954,,0.15,0.25,-0.05,0.1,0.4,0.75,0.25,0.1
2955,3,0.15,0.25,1.0,0.1,0.4,0.75,0.25,0.1
2956,,0.1,0.2,0.95,0.05,0.35,0.7,0.2,0.05
2957,,0.05,0.15,0.9,0.0,0.3,0.65,0.15,0.0
2958,,0.0,0.1,0.85,-0.05,0.25,0.6,0.1,-0.05
2959,4,0.0,0.1,0.85,1.0,0.25,0.6,0.1,-0.05
2960,8,0.0,0.1,0.85,1.0,0.25,0.6,0.1,1.0
2961,,-0.05,0.05,0.8,0.95,0.2,0.55,0.05,0.95
2962,1,1.0,0.05,0.8,0.95,0.2,0.55,0.05,0.95
2963,,0.95,0.0,0.75,0.9,0.15,0.5,0.0,0.9
2964,,0.9,-0.05,0.7,0.85,0.1,0.45,-0.05,0.85
2965,2,0.9,1.0,0.7,0.85,0.1,0.45,-0.05,0.85
2966,7,0.9,1.0,0.7,0.85,0.1,0.45,1.0,0.85
2967,,0.85,0.95,0.65,0.8,0.05,0.4,0.95,0.8
2968,,0.8,0.9,0.6,0.75,0.0,0.35,0.9,0.75
2969,,0.75,0.85,0.55,0.7,-0.05,0.3,0.85,0.7
2970,5,0.75,0.85,0.55,0.7,1.0,0.3,0.85,0.7
2971,,0.7,0.8,0.5,0.65,0.95,0.25,0.8,0.65
2972,,0.65,0.75,0.45,0.6,0.9,0.2,0.75,0.6
2973,,0.6,0.7,0.4,0.55,0.85,0.15,0.7,0.55
2974,,0.55,0.65,0.35,0.5,0.8,0.1,0.65,0.5
2975,,0.5,0.6,0.3,0.45,0.75,0.05,0.6,0.45
2976,,0.45,0.55,0.25,0.4,0.7,0.0,0.55,0.4
2977,,0.4,0.5,0.2,0.35,0.65,-0.05,0.5,0.35
2978,6,0.4,0.5,0.2,0.35,0.65,1.0,0.5,0.35
2979,,0.35,0.45,0.15,0.3,0.6,0.95,0.45,0.3
2980,,0.3,0.4,0.1,0.25,0.55,0.9,0.4,0.25
2981,,0.25,0.35,0.05,0.2,0.5,0.85,0.35,0.2
2982,,0.2,0.3,0.0,0.15,0.45,0.8,0.3,0.15
2983,,0.15,0.25,-0.05,0.1,0.4,0.75,0.25,0.1
2984,3,0.15,0.25,1.0,0.1,0.4,0.75,0.25,0.1
2985,,0.1,0.2,0.95,0.05,0.35,0.7,0.2,0.05
2986,,0.05,0.15,0.9,0.0,0.3,0.65,0.15,0.0
2987,,0.0,0.1,0.85,-0.05,0.25,0.6,0.1,-0.05
2988,8,0.0,0.1,0.85,-0.05,0.25,0.6,0.1,1.0
2989,4,0.0,0.1,0.85,1.0,0.25,0.6,0.1,1.0
2990,,-0.05,0.05,0.8,0.95,0.2,0.55,0.05,0.95
2991,1,1.0,0.05,0.8,0.95,0.2,0.55,0.05,0.95
2992,,0.95,0.0,0.75,0.9,0.15,0.5,0.0,0.9
2993,,0.9,-0.05,0.7,0.85,0.1,0.45,-0.05,0.85
2994,2,0.9,1.0,0.7,0.85,0.1,0.45,-0.05,0.85
2995,7,0.9,1.0,0.7,0.85,0.1,0.45,1.0,0.85
2996,,0.85,0.95,0.65,0.8,0.05,0.4,0.95,0.8
2997,,0.8,0.9,0.6,0.75,0.0,0.35,0.9,0.75
2998,,0.75,0.85,0.55,0.7,-0.05,0.3,0.85,0.7
2999,5,0.75,0.85,0.55,0.7,1.0,0.3,0.85,0.7
3000,,0.7,0.8,0.5,0.65,0.95,0.25,0.8,0.65
3001,,0.65,0.75,0.45,0.6,0.9,0.2,0.75,0.6
3002,,0.6,0.7,0.4,0.55,0.85,0.15,0.7,0.55
3003,,0.55,0.65,0.35,0.5,0.8,0.1,0.65,0.5
3004,,0.5,0.6,0.3,0.45,0.75,0.05,0.6,0.45
3005,,0.45,0.55,0.25,0.4,0.7,0.0,0.55,0.4
3006,,0.4,0.5,0.2,0.35,0.65,-0.05,0.5,0.35
3007,6,0.4,0.5,0.2,0.35,0.65,1.0,0.5,0.35
3008,,0.35,0.45,0.15,0.3,0.6,0.95,0.45,0.3
3009,,0.3,0.4,0.1,0.25,0.55,0.9,0.4,0.25
3010,,0.25,0.35,0.05,0.2,0.5,0.85,0.35,0.2
3011,,0.2,0.3,0.0,0.15,0.45,0.8,0.3,0.15
3012,,0.15,0.25,-0.05,0.1,0.4,0.75,0.25,0.1
3013,3,0.15,0.25,1.0,0.1,0.4,0.75,0.25,0.1
3014,,0.1,0.2,0.95,0.05,0.35,0.7,0.2,0.05
3015,,0.05,0.15,0.9,0.0,0.3,0.65,0.15,0.0
3016,,0.0,0.1,0.85,-0.05,0.25,0.6,0.1,-0.05
3017,4,0.0,0.1,0.85,1.0,0.25,0.6,0.1,-0.05
3018,8,0.0,0.1,0.85,1.0,0.25,0.6,0.1,1.0
3019,,-0.05,0.05,0.8,0.95,0.2,0.55,0.05,0.95
3020,1,1.0,0.05,0.8,0.95,0.2,0.55,0.05,0.95
3021,,0.95,0.0,0.75,0.9,0.15,0.5,0.0,0.9
3022,,0.9,-0.05,0.7,0.85,0.1,0.45,-0.05,0.85
3023,7,0.9,-0.05,0.7,0.85,0.1,0.45,1.0,0.85
3024,2,0.9,1.0,0.7,0.85,0.1,0.45,1.0,0.85
3025,,0.85,0.95,0.65,0.8,0.05,0.4,0.95,0.8
3026,,0.8,0.9,0.6,0.75,0.0,0.35,0.9,0.75
3027,,0.75,0.85,0.55,0.7,-0.05,0.3,0.85,0.7
3028,5,0.75,0.85,0.55,0.7,1.0,0.3,0.85,0.7
3029,,0.7,0.8,0.5,0.65,0.95,0.25,0.8,0.65
3030,,0.65,0.75,0.45,0.6,0.9,0.2,0.75,0.6
3031,,0.6,0.7,0.4,0.55,0.85,0.15,0.7,0.55
3032,,0.55,0.65,0.35,0.5,0.8,0.1,0.65,0.5
3033,,0.5,0.6,0.3,0.45,0.75,0.05,0.6,0.45
3034,,0.45,0.55,0.25,0.4,0.7,0.0,0.55,0.4
3035,,0.4,0.5,0.2,0.35,0.65,-0.05,0.5,0.35
3036,6,0.4,0.5,0.2,0.35,0.65,1.0,0.5,0.35
3037,,0.35,0.45,0.15,0.3,0.6,0.95,0.45,0.3
3038,,0.3,0.4,0.1,0.25,0.55,0.9,0.4,0.25
3039,,0.25,0.35,0.05,0.2,0.5,0.85,0.35,0.2
3040,,0.2,0.3,0.0,0.15,0.45,0.8,0.3,0.15
3041,,0.15,0.25,-0.05,0.1,0.4,0.75,0.25,0.1
3042,3,0.15,0.25,1.0,0.1,0.4,0.75,0.25,0.1
3043,,0.1,0.2,0.95,0.05,0.35,0.7,0.2,0.05
3044,,0.05,0.15,0.9,0.0,0.3,0.65,0.15,0.0
3045,,0.0,0.1,0.85,-0.05,0.25,0.6,0.1,-0.05
3046,4,0.0,0.1,0.85,1.0,0.25,0.6,0.1,-0.05
3047,8,0.0,0.1,0.85,1.0,0.25,0.6,0.1,1.0
3048,,-0.05,0.05,0.8,0.95,0.2,0.55,0.05,0.95
3049,1,1.0,0.05,0.8,0.95,0.2,0.55,0.05,0.95
3050,,0.95,0.0,0.75,0.9,0.15,0.5,0.0,0.9
3051,,0.9,-0.05,0.7,0.85,0.1,0.45,-0.05,0.85
3052,7,0.9,-0.05,0.7,0.85,0.1,0.45,1.0,0.85
3053,2,0.9,1.0,0.7,0.85,0.1,0.45,1.0,0.85
3054,,0.85,0.95,0.65,0.8,0.05,0.4,0.95,0.8
3055,,0.8,0.9,0.6,0.75,0.0,0.35,0.9,0.75
3056,,0.75,0.85,0.55,0.7,-0.05,0.3,0.85,0.7
3057,5,0.75,0.85,0.55,0.7,1.0,0.3,0.85,0.7
3058,,0.7,0.8,0.5,0.65,0.95,0.25,0.8,0.65
3059,,0.65,0.75,0.45,0.6,0.9,0.2,0.75,0.6
3060,,0.6,0.7,0.4,0.55,0.85,0.15,0.7,0.55
3061,,0.55,0.65,0.35,0.5,0.8,0.1,0.65,0.5
3062,,0.5,0.6,0.3,0.45,0.75,0.05,0.6,0.45
3063,,0.45,0.55,0.25,0.4,0.7,0.0,0.55,0.4
3064,,0.4,0.5,0.2,0.35,0.65,-0.05,0.5,0.35
3065,6,0.4,0.5,0.2,0.35,0.65,1.0,0.5,0.35
3066,,0.35,0.45,0.15,0.3,0.6,0.95,0.45,0.3
3067,,0.3,0.4,0.1,0.25,0.55,0.9,0.4,0.25
3068,,0.25,0.35,0.05,0.2,0.5,0.85,0.35,0.2
3069,,0.2,0.3,0.0,0.15,0.45,0.8,0.3,0.15
3070,,0.15,0.25,-0.05,0.1,0.4,0.75,0.25,0.1
3071,3,0.15,0.25,1.0,0.1,0.4,0.75,0.25,0.1
3072,,0.1,0.2,0.95,0.05,0.35,0.7,0.2,0.05
3073,,0.05,0.15,0.9,0.0,0.3,0.65,0.15,0.0
3074,,0.0,0.1,0.85,-0.05,0.25,0.6,0.1,-0.05
3075,8,0.0,0.1,0.85,-0.05,0.25,0.6,0.1,1.0
3076,4,0.0,0.1,0.85,1.0,0.25,0.6,0.1,1.0
3077,,-0.05,0.05,0.8,0.95,0.2,0.55,0.05,0.95
3078,1,1.0,0.05,0.8,0.95,0.2,0.55,0.05,0.95
3079,,0.95,0.0,0.75,0.9,0.15,0.5,0.0,0.9
3080,,0.9,-0.05,0.7,0.85,0.1,0.45,-0.05,0.85
3081,2,0.9,1.0,0.7,0.85,0.1,0.45,-0.05,0.85
3082,7,0.9,1.0,0.7,0.85,0.1,0.45,1.0,0.85
3083,,0.85,0.95,0.65,0.8,0.05,0.4,0.95,0.8
3084,,0.8,0.9,0.6,0.75,0.0,0.35,0.9,0.75
3085,,0.75,0.85,0.55,0.7,-0.05,0.3,0.85,0.7
3086,5,0.75,0.85,0.55,0.7,1.0,0.3,0.85,0.7
3087,,0.7,0.8,0.5,0.65,0.95,0.25,0.8,0.65
3088,,0.65,0.75,0.45,0.6,0.9,0.2,0.75,0.6
3089,,0.6,0.7,0.4,0.55,0.85,0.15,0.7,0.55
3090,,0.55,0.65,0.35,0.5,0.8,0.1,0.65,0.5
3091,,0.5,0.6,0.3,0.45,0.75,0.05,0.6,0.45
3092,,0.45,0.55,0.25,0.4,0.7,0.0,0.55,0.4
3093,,0.4,0.5,0.2,0.35,0.65,-0.05,0.5,0.35
3094,6,0.4,0.5,0.2,0.35,0.65,1.0,0.5,0.35
3095,,0.35,0.45,0.15,0.3,0.6,0.95,0.45,0.3
3096,,0.3,0.4,0.1,0.25,0.55,0.9,0.4,0.25
3097,,0.25,0.35,0.05,0.2,0.5,0.85,0.35,0.2
3098,,0.2,0.3,0.0,0.15,0.45,0.8,0.3,0.15
3099,,0.15,0.25,-0.05,0.1,0.4,0.75,0.25,0.1
3100,3,0.15,0.25,1.0,0.1,0.4,0.75,0.25,0.1
3101,,0.1,0.2,0.95,0.05,0.35,0.7,0.2,0.05
3102,,0.05,0.15,0.9,0.0,0.3,0.65,0.15,0.0
3103,,0.0,0.1,0.85,-0.05,0.25,0.6,0.1,-0.05
3104,8,0.0,0.1,0.85,-0.05,0.25,0.6,0.1,1.0
3105,4,0.0,0.1,0.85,1.0,0.25,0.6,0.1,1.0
3106,,-0.05,0.05,0.8,0.95,0.2,0.55,0.05,0.95
3107,1,1.0,0.05,0.8,0.95,0.2,0.55,0.05,0.95
3108,,0.95,0.0,0.75,0.9,0.15,0.5,0.0,0.9
3109,,0.9,-0.05,0.7,0.85,0.1,0.45,-0.05,0.85
3110,2,0.9,1.0,0.7,0.85,0.1,0.45,-0.05,0.85
3111,7,0.9,1.0,0.7,0.85,0.1,0.45,1.0,0.85
3112,,0.85,0.95,0.65,0.8,0.05,0.4,0.95,0.8
3113,,0.8,0.9,0.6,0.75,0.0,0.35,0.9,0.75
3114,,0.75,0.85,0.55,0.7,-0.05,0.3,0.85,0.7
3115,5,0.75,0.85,0.55,0.7,1.0,0.3,0.85,0.7
3116,,0.7,0.8,0.5,0.65,0.95,0.25,0.8,0.65
3117,,0.65,0.75,0.45,0.6,0.9,0.2,0.75,0.6
3118,,0.6,0.7,0.4,0.55,0.85,0.15,0.7,0.55
3119,,0.55,0.65,0.35,0.5,0.8,0.1,0.65,0.5
3120,,0.5,0.6,0.3,0.45,0.75,0.05,0.6,0.45
3121,,0.45,0.55,0.25,0.4,0.7,0.0,0.55,0.4
3122,,0.4,0.5,0.2,0.35,0.65,-0.05,0.5,0.35
3123,6,0.4,0.5,0.2,0.35,0.65,1.0,0.5,0.35
3124,,0.35,0.45,0.15,0.3,0.6,0.95,0.45,0.3
3125,,0.3,0.4,0.1,0.25,0.55,0.9,0.4,0.25
3126,,0.25,0.35,0.05,0.2,0.5,0.85,0.35,0.2
3127,,0.2,0.3,0.0,0.15,0.45,0.8,0.3,0.15
3128,,0.15,0.25,-0.05,0.1,0.4,0.75,0.25,0.1
3129,3,0.15,0.25,1.0,0.1,0.4,0.75,0.25,0.1
3130,,0.1,0.2,0.95,0.05,0.35,0.7,0.2,0.05
3131,,0.05,0.15,0.9,0.0,0.3,0.65,0.15,0.0
3132,,0.0,0.1,0.85,-0.05,0.25,0.6,0.1,-0.05
3133,4,0.0,0.1,0.85,1.0,0.25,0.6,0.1,-0.05
3134,8,0.0,0.1,0.85,1.0,0.25,0.6,0.1,1.0
3135,,-0.05,0.05,0.8,0.95,0.2,0.55,0.05,0.95
3136,1,1.0,0.05,0.8,0.95,0.2,0.55,0.05,0.95
3137,,0.95,0.0,0.75,0.9,0.15,0.5,0.0,0.9
3138,,0.9,-0.05,0.7,0.85,0.1,0.45,-0.05,0.85
3139,7,0.9,-0.05,0.7,0.85,0.1,0.45,1.0,0.85
3140,2,0.9,1.0,0.7,0.85,0.1,0.45,1.0,0.85
3141,,0.85,0.95,0.65,0.8,0.05,0.4,0.95,0.8
3142,,0.8,0.9,0.6,0.75,0.0,0.35,0.9,0.75
3143,,0.75,0.85,0.55,0.7,-0.05,0.3,0.85,0.7
3144,5,0.75,0.85,0.55,0.7,1.0,0.3,0.85,0.7
3145,,0.7,0.8,0.5,0.65,0.95,0.25,0.8,0.65
3146,,0.65,0.75,0.45,0.6,0.9,0.2,0.75,0.6
3147,,0.6,0.7,0.4,0.55,0.85,0.15,0.7,0.55
3148,,0.55,0.65,0.35,0.5,0.8,0.1,0.65,0.5
3149,,0.5,0.6,0.3,0.45,0.75,0.05,0.6,0.45
3150,,0.45,0.55,0.25,0.4,0.7,0.0,0.55,0.4
3151,,0.4,0.5,0.2,0.35,0.65,-0.05,0.5,0.35
3152,6,0.4,0.5,0.2,0.35,0.65,1.0,0.5,0.35
3153,,0.35,0.45,0.15,0.3,0.6,0.95,0.45,0.3
3154,,0.3,0.4,0.1,0.25,0.55,0.9,0.4,0.25
3155,,0.25,0.35,0.05,0.2,0.5,0.85,0.35,0.2
3156,,0.2,0.3,0.0,0.15,0.45,0.8,0.3,0.15
3157,,0.15,0.25,-0.05,0.1,0.4,0.75,0.25,0.1
3158,3,0.15,0.25,1.0,0.1,0.4,0.75,0.25,0.1
3159,,0.1,0.2,0.95,0.05,0.35,0.7,0.2,0.05
3160,,0.05,0.15,0.9,0.0,0.3,0.65,0.15,0.0
3161,,0.0,0.1,0.85,-0.05,0.25,0.6,0.1,-0.05
3162,8,0.0,0.1,0.85,-0.05,0.25,0.6,0.1,1.0
3163,4,0.0,0.1,0.85,1.0,0.25,0.6,0.1,1.0
3164,,-0.05,0.05,0.8,0.95,0.2,0.55,0.05,0.95
3165,1,1.0,0.05,0.8,0.95,0.2,0.55,0.05,0.95
3166,,0.95,0.0,0.75,0.9,0.15,0.5,0.0,0.9
3167,,0.9,-0.05,0.7,0.85,0.1,0.45,-0.05,0.85
3168,2,0.9,1.0,0.7,0.85,0.1,0.45,-0.05,0.85
3169,7,0.9,1.0,0.7,0.85,0.1,0.45,1.0,0.85
3170,,0.85,0.95,0.65,0.8,0.05,0.4,0.95,0.8
3171,,0.8,0.9,0.6,0.75,0.0,0.35,0.9,0.75
3172,,0.75,0.85,0.55,0.7,-0.05,0.3,0.85,0.7
3173,5,0.75,0.85,0.55,0.7,1.0,0.3,0.85,0.7
3174,,0.7,0.8,0.5,0.65,0.95,0.25,0.8,0.65
3175,,0.65,0.75,0.45,0.6,0.9,0.2,0.75,0.6
3176,,0.6,0.7,0.4,0.55,0.85,0.15,0.7,0.55
3177,,0.55,0.65,0.35,0.5,0.8,0.1,0.65,0.5
3178,,0.5,0.6,0.3,0.45,0.75,0.05,0.6,0.45
3179,,0.45,0.55,0.25,0.4,0.7,0.0,0.55,0.4
3180,,0.4,0.5,0.2,0.35,0.65,-0.05,0.5,0.35
3181,6,0.4,0.5,0.2,0.35,0.65,1.0,0.5,0.35
3182,,0.35,0.45,0.15,0.3,0.6,0.95,0.45,0.3
3183,,0.3,0.4,0.1,0.25,0.55,0.9,0.4,0.25
3184,,0.25,0.35,0.05,0.2,0.5,0.85,0.35,0.2
3185,,0.2,0.3,0.0,0.15,0.45,0.8,0.3,0.15
3186,,0.15,0.25,-0.05,0.1,0.4,0.75,0.25,0.1
3187,3,0.15,0.25,1.0,0.1,0.4,0.75,0.25,0.1
3188,,0.1,0.2,0.95,0.05,0.35,0.7,0.2,0.05
3189,,0.05,0.15,0.9,0.0,0.3,0.65,0.15,0.0
3190,,0.0,0.1,0.85,-0.05,0.25,0.6,0.1,-0.05
3191,4,0.0,0.1,0.85,1.0,0.25,0.6,0.1,-0.05
3192,8,0.0,0.1,0.85,1.0,0.25,0.6,0.1,1.0
3193,,-0.05,0.05,0.8,0.95,0.2,0.55,0.05,0.95
3194,1,1.0,0.05,0.8,0.95,0.2,0.55,0.05,0.95
3195,,0.95,0.0,0.75,0.9,0.15,0.5,0.0,0.9
3196,,0.9,-0.05,0.7,0.85,0.1,0.45,-0.05,0.85
3197,7,0.9,-0.05,0.7,0.85,0.1,0.45,1.0,0.85
3198,2,0.9,1.0,0.7,0.85,0.1,0.45,1.0,0.85
3199,,0.85,0.95,0.65,0.8,0.05,0.4,0.95,0.8
3200,,0.8,0.9,0.6,0.75,0.0,0.35,0.9,0.75
3201,,0.75,0.85,0.55,0.7,-0.05,0.3,0.85,0.7
3202,5,0.75,0.85,0.55,0.7,1.0,0.3,0.85,0.7
3203,,0.7,0.8,0.5,0.65,0.95,0.25,0.8,0.65
3204,,0.65,0.75,0.45,0.6,0.9,0.2,0.75,0.6
3205,,0.6,0.7,0.4,0.55,0.85,0.15,0.7,0.55
3206,,0.55,0.65,0.35,0.5,0.8,0.1,0.65,0.5
3207,,0.5,0.6,0.3,0.45,0.75,0.05,0.6,0.45
3208,,0.45,0.55,0.25,0.4,0.7,0.0,0.55,0.4
3209,,0.4,0.5,0.2,0.35,0.65,-0.05,0.5,0.35
3210,6,0.4,0.5,0.2,0.35,0.65,1.0,0.5,0.35
3211,,0.35,0.45,0.15,0.3,0.6,0.95,0.45,0.3
3212,,0.3,0.4,0.1,0.25,0.55,0.9,0.4,0.25
3213,,0.25,0.35,0.05,0.2,0.5,0.85,0.35,0.2
3214,,0.2,0.3,0.0,0.15,0.45,0.8,0.3,0.15
3215,,0.15,0.25,-0.05,0.1,0.4,0.75,0.25,0.1
3216,3,0.15,0.25,1.0,0.1,0.4,0.75,0.25,0.1
3217,,0.1,0.2,0.95,0.05,0.35,0.7,0.2,0.05
3218,,0.05,0.15,0.9,0.0,0.3,0.65,0.15,0.0
3219,,0.0,0.1,0.85,-0.05,0.25,0.6,0.1,-0.05
3220,4,0.0,0.1,0.85,1.0,0.25,0.6,0.1,-0.05
3221,8,0.0,0.1,0.85,1.0,0.25,0.6,0.1,1.0
3222,,-0.05,0.05,0.8,0.95,0.2,0.55,0.05,0.95
3223,1,1.0,0.05,0.8,0.95,0.2,0.55,0.05,0.95
3224,,0.95,0.0,0.75,0.9,0.15,0.5,0.0,0.9
3225,,0.9,-0.05,0.7,0.85,0.1,0.45,-0.05,0.85
3226,2,0.9,1.0,0.7,0.85,0.1,0.45,-0.05,0.85
3227,7,0.9,1.0,0.7,0.85,0.1,0.45,1.0,0.85
3228,,0.85,0.95,0.65,0.8,0.05,0.4,0.95,0.8
3229,,0.8,0.9,0.6,0.75,0.0,0.35,0.9,0.75
3230,,0.75,0.85,0.55,0.7,-0.05,0.3,0.85,0.7
3231,5,0.75,0.85,0.55,0.7,1.0,0.3,0.85,0.7
3232,,0.7,0.8,0.5,0.65,0.95,0.25,0.8,0.65
3233,,0.65,0.75,0.45,0.6,0.9,0.2,0.75,0.6
3234,,0.6,0.7,0.4,0.55,0.85,0.15,0.7,0.55
3235,,0.55,0.65,0.35,0.5,0.8,0.1,0.65,0.5
3236,,0.5,0.6,0.3,0.45,0.75,0.05,0.6,0.45
3237,,0.45,0.55,0.25,0.4,0.7,0.0,0.55,0.4
3238,,0.4,0.5,0.2,0.35,0.65,-0.05,0.5,0.35
3239,6,0.4,0.5,0.2,0.35,0.65,1.0,0.5,0.35
3240,,0.35,0.45,0.15,0.3,0.6,0.95,0.45,0.3
3241,,0.3,0.4,0.1,0.25,0.55,0.9,0.4,0.25
3242,,0.25,0.35,0.05,0.2,0.5,0.85,0.35,0.2
3243,,0.2,0.3,0.0,0.15,0.45,0.8,0.3,0.15
3244,,0.15,0.25,-0.05,0.1,0.4,0.75,0.25,0.1
3245,3,0.15,0.25,1.0,0.1,0.4,0.75,0.25,0.1
3246,,0.1,0.2,0.95,0.05,0.35,0.7,0.2,0.05
3247,,0.05,0.15,0.9,0.0,0.3,0.65,0.15,0.0
3248,,0.0,0.1,0.85,-0.05,0.25,0.6,0.1,-0.05
3249,4,0.0,0.1,0.85,1.0,0.25,0.6,0.1,-0.05
3250,8,0.0,0.1,0.85,1.0,0.25,0.6,0.1,1.0
3251,,-0.05,0.05,0.8,0.95,0.2,0.55,0.05,0.95
3252,1,1.0,0.05,0.8,0.95,0.2,0.55,0.05,0.95
3253,,0.95,0.0,0.75,0.9,0.15,0.5,0.0,0.9
3254,,0.9,-0.05,0.7,0.85,0.1,0.45,-0.05,0.85
3255,7,0.9,-0.05,0.7,0.85,0.1,0.45,1.0,0.85
3256,2,0.9,1.0,0.7,0.85,0.1,0.45,1.0,0.85
3257,,0.85,0.95,0.65,0.8,0.05,0.4,0.95,0.8
3258,,0.8,0.9,0.6,0.75,0.0,0.35,0.9,0.75
3259,,0.75,0.85,0.55,0.7,-0.05,0.3,0.85,0.7
3260,5,0.75,0.85,0.55,0.7,1.0,0.3,0.85,0.7
3261,,0.7,0.8,0.5,0.65,0.95,0.25,0.8,0.65
3262,,0.65,0.75,0.45,0.6,0.9,0.2,0.75,0.6
3263,,0.6,0.7,0.4,0.55,0.85,0.15,0.7,0.55
3264,,0.55,0.65,0.35,0.5,0.8,0.1,0.65,0.5
3265,,0.5,0.6,0.3,0.45,0.75,0.05,0.6,0.45
3266,,0.45,0.55,0.25,0.4,0.7,0.0,0.55,0.4
3267,,0.4,0.5,0.2,0.35,0.65,-0.05,0.5,0.35
3268,6,0.4,0.5,0.2,0.35,0.65,1.0,0.5,0.35
3269,,0.35,0.45,0.15,0.3,0.6,0.95,0.45,0.3
3270,,0.3,0.4,0.1,0.25,0.55,0.9,0.4,0.25
3271,,0.25,0.35,0.05,0.2,0.5,0.85,0.35,0.2
3272,,0.2,0.3,0.0,0.15,0.45,0.8,0.3,0.15
3273,,0.15,0.25,-0.05,0.1,0.4,0.75,0.25,0.1
3274,3,0.15,0.25,1.0,0.1,0.4,0.75,0.25,0.1
3275,,0.1,0.2,0.95,0.05,0.35,0.7,0.2,0.05
3276,,0.05,0.15,0.9,0.0,0.3,0.65,0.15,0.0
3277,,0.0,0.1,0.85,-0.05,0.25,0.6,0.1,-0.05
3278,4,0.0,0.1,0.85,1.0,0.25,0.6,0.1,-0.05
3279,8,0.0,0.1,0.85,1.0,0.25,0.6,0.1,1.0
3280,,-0.05,0.05,0.8,0.95,0.2,0.55,0.05,0.95
3281,1,1.0,0.05,0.8,0.95,0.2,0.55,0.05,0.95
3282,,0.95,0.0,0.75,0.9,0.15,0.5,0.0,0.9
3283,,0.9,-0.05,0.7,0.85,0.1,0.45,-0.05,0.85
3284,2,0.9,1.0,0.7,0.85,0.1,0.45,-0.05,0.85
3285,7,0.9,1.0,0.7,0.85,0.1,0.45,1.0,0.85
3286,,0.85,0.95,0.65,0.8,0.05,0.4,0.95,0.8
3287,,0.8,0.9,0.6,0.75,0.0,0.35,0.9,0.75
3288,,0.75,0.85,0.55,0.7,-0.05,0.3,0.85,0.7
3289,5,0.75,0.85,0.55,0.7,1.0,0.3,0.85,0.7
3290,,0.7,0.8,0.5,0.65,0.95,0.25,0.8,0.65
3291,,0.65,0.75,0.45,0.6,0.9,0.2,0.75,0.6
3292,,0.6,0.7,0.4,0.55,0.85,0.15,0.7,0.55
3293,,0.55,0.65,0.35,0.5,0.8,0.1,0.65,0.5
3294,,0.5,0.6,0.3,0.45,0.75,0.05,0.6,0.45
3295,,0.45,0.55,0.25,0.4,0.7,0.0,0.55,0.4
3296,,0.4,0.5,0.2,0.35,0.65,-0.05,0.5,0.35
3297,6,0.4,0.5,0.2,0.35,0.65,1.0,0.5,0.35
3298,,0.35,0.45,0.15,0.3,0.6,0.95,0.45,0.3
3299,,0.3,0.4,0.1,0.25,0.55,0.9,0.4,0.25
3300,,0.25,0.35,0.05,0.2,0.5,0.85,0.35,0.2
3301,,0.2,0.3,0.0,0.15,0.45,0.8,0.3,0.15
3302,,0.15,0.25,-0.05,0.1,0.4,0.75,0.25,0.1
3303,3,0.15,0.25,1.0,0.1,0.4,0.75,0.25,0.1
3304,,0.1,0.2,0.95,0.05,0.35,0.7,0.2,0.05
3305,,0.05,0.15,0.9,0.0,0.3,0.65,0.15,0.0
3306,,0.0,0.1,0.85,-0.05,0.25,0.6,0.1,-0.05
3307,4,0.0,0.1,0.85,1.0,0.25,0.6,0.1,-0.05
3308,8,0.0,0.1,0.85,1.0,0.25,0.6,0.1,1.0
3309,,-0.05,0.05,0.8,0.95,0.2,0.55,0.05,0.95
3310,1,1.0,0.05,0.8,0.95,0.2,0.55,0.05,0.95
3311,,0.95,0.0,0.75,0.9,0.15,0.5,0.0,0.9
3312,,0.9,-0.05,0.7,0.85,0.1,0.45,-0.05,0.85
3313,7,0.9,-0.05,0.7,0.85,0.1,0.45,1.0,0.85
3314,2,0.9,1.0,0.7,0.85,0.1,0.45,1.0,0.85
3315,,0.85,0.95,0.65,0.8,0.05,0.4,0.95,0.8
3316,,0.8,0.9,0.6,0.75,0.0,0.35,0.9,0.75
3317,,0.75,0.85,0.55,0.7,-0.05,0.3,0.85,0.7
3318,5,0.75,0.85,0.55,0.7,1.0,0.3,0.85,0.7
3319,,0.7,0.8,0.5,0.65,0.95,0.25,0.8,0.65
3320,,0.65,0.75,0.45,0.6,0.9,0.2,0.75,0.6
3321,,0.6,0.7,0.4,0.55,0.85,0.15,0.7,0.55
3322,,0.55,0.65,0.35,0.5,0.8,0.1,0.65,0.5
3323,,0.5,0.6,0.3,0.45,0.75,0.05,0.6,0.45
3324,,0.45,0.55,0.25,0.4,0.7,0.0,0.55,0.4
3325,,0.4,0.5,0.2,0.35,0.65,-0.05,0.5,0.35
3326,6,0.4,0.5,0.2,0.35,0.65,1.0,0.5,0.35
3327,,0.35,0.45,0.15,0.3,0.6,0.95,0.45,0.3
3328,,0.3,0.4,0.1,0.25,0.55,0.9,0.4,0.25
3329,,0.25,0.35,0.05,0.2,0.5,0.85,0.35,0.2
3330,,0.2,0.3,0.0,0.15,0.45,0.8,0.3,0.15
3331,,0.15,0.25,-0.05,0.1,0.4,0.75,0.25,0.1
3332,3,0.15,0.25,1.0,0.1,0.4,0.75,0.25,0.1
3333,,0.1,0.2,0.95,0.05,0.35,0.7,0.2,0.05
3334,,0.05,0.15,0.9,0.0,0.3,0.65,0.15,0.0
3335,,0.0,0.1,0.85,-0.05,0.25,0.6,0.1,-0.05
3336,8,0.0,0.1,0.85,-0.05,0.25,0.6,0.1,1.0
3337,4,0.0,0.1,0.85,1.0,0.25,0.6,0.1,1.0
3338,,-0.05,0.05,0.8,0.95,0.2,0.55,0.05,0.95
3339,1,1.0,0.05,0.8,0.95,0.2,0.55,0.05,0.95
3340,,0.95,0.0,0.75,0.9,0.15,0.5,0.0,0.9
3341,,0.9,-0.05,0.7,0.85,0.1,0.45,-0.05,0.85
3342,7,0.9,-0.05,0.7,0.85,0.1,0.45,1.0,0.85
3343,2,0.9,1.0,0.7,0.85,0.1,0.45,1.0,0.85
3344,,0.85,0.95,0.65,0.8,0.05,0.4,0.95,0.8
3345,,0.8,0.9,0.6,0.75,0.0,0.35,0.9,0.75
3346,,0.75,0.85,0.55,0.7,-0.05,0.3,0.85,0.7
3347,5,0.75,0.85,0.55,0.7,1.0,0.3,0.85,0.7
3348,,0.7,0.8,0.5,0.65,0.95,0.25,0.8,0.65
3349,,0.65,0.75,0.45,0.6,0.9,0.2,0.75,0.6
3350,,0.6,0.7,0.4,0.55,0.85,0.15,0.7,0.55
3351,,0.55,0.65,0.35,0.5,0.8,0.1,0.65,0.5
3352,,0.5,0.6,0.3,0.45,0.75,0.05,0.6,0.45
3353,,0.45,0.55,0.25,0.4,0.7,0.0,0.55,0.4
3354,,0.4,0.5,0.2,0.35,0.65,-0.05,0.5,0.35
3355,6,0.4,0.5,0.2,0.35,0.65,1.0,0.5,0.35
3356,,0.35,0.45,0.15,0.3,0.6,0.95,0.45,0.3
3357,,0.3,0.4,0.1,0.25,0.55,0.9,0.4,0.25
3358,,0.25,0.35,0.05,0.2,0.5,0.85,0.35,0.2
3359,,0.2,0.3,0.0,0.15,0.45,0.8,0.3,0.15
3360,,0.15,0.25,-0.05,0.1,0.4,0.75,0.25,0.1
3361,3,0.15,0.25,1.0,0.1,0.4,0.75,0.25,0.1
3362,,0.1,0.2,0.95,0.05,0.35,0.7,0.2,0.05
3363,,0.05,0.15,0.9,0.0,0.3,0.65,0.15,0.0
3364,,0.0,0.1,0.85,-0.05,0.25,0.6,0.1,-0.05
3365,4,0.0,0.1,0.85,1.0,0.25,0.6,0.1,-0.05
3366,8,0.0,0.1,0.85,1.0,0.25,0.6,0.1,1.0
3367,,-0.05,0.05,0.8,0.95,0.2,0.55,0.05,0.95
3368,1,1.0,0.05,0.8,0.95,0.2,0.55,0.05,0.95
3369,,0.95,0.0,0.75,0.9,0.15,0.5,0.0,0.9
3370,,0.9,-0.05,0.7,0.85,0.1,0.45,-0.05,0.85
3371,7,0.9,-0.05,0.7,0.85,0.1,0.45,1.0,0.85
3372,2,0.9,1.0,0.7,0.85,0.1,0.45,1.0,0.85
3373,,0.85,0.95,0.65,0.8,0.05,0.4,0.95,0.8
3374,,0.8,0.9,0.6,0.75,0.0,0.35,0.9,0.75
3375,,0.75,0.85,0.55,0.7,-0.05,0.3,0.85,0.7
3376,5,0.75,0.85,0.55,0.7,1.0,0.3,0.85,0.7
3377,,0.7,0.8,0.5,0.65,0.95,0.25,0.8,0.65
3378,,0.65,0.75,0.45,0.6,0.9,0.2,0.75,0.6
3379,,0.6,0.7,0.4,0.55,0.85,0.15,0.7,0.55
3380,,0.55,0.65,0.35,0.5,0.8,0.1,0.65,0.5
3381,,0.5,0.6,0.3,0.45,0.75,0.05,0.6,0.45
3382,,0.45,0.55,0.25,0.4,0.7,0.0,0.55,0.4
3383,,0.4,0.5,0.2,0.35,0.65,-0.05,0.5,0.35
3384,6,0.4,0.5,0.2,0.35,0.65,1.0,0.5,0.35
3385,,0.35,0.45,0.15,0.3,0.6,0.95,0.45,0.3
3386,,0.3,0.4,0.1,0.25,0.55,0.9,0.4,0.25
3387,,0.25,0.35,0.05,0.2,0.5,0.85,0.35,0.2
3388,,0.2,0.3,0.0,0.15,0.45,0.8,0.3,0.15
3389,,0.15,0.25,-0.05,0.1,0.4,0.75,0.25,0.1
3390,3,0.15,0.25,1.0,0.1,0.4,0.75,0.25,0.1
3391,,0.1,0.2,0.95,0.05,0.35,0.7,0.2,0.05
3392,,0.05,0.15,0.9,0.0,0.3,0.65,0.15,0.0
3393,,0.0,0.1,0.85,-0.05,0.25,0.6,0.1,-0.05
3394,4,0.0,0.1,0.85,1.0,0.25,0.6,0.1,-0.05
3395,8,0.0,0.1,0.85,1.0,0.25,0.6,0.1,1.0
3396,,-0.05,0.05,0.8,0.95,0.2,0.55,0.05,0.95
3397,1,1.0,0.05,0.8,0.95,0.2,0.55,0.05,0.95
3398,,0.95,0.0,0.75,0.9,0.15,0.5,0.0,0.9
3399,,0.9,-0.05,0.7,0.85,0.1,0.45,-0.05,0.85
3400,7,0.9,-0.05,0.7,0.85,0.1,0.45,1.0,0.85
3401,2,0.9,1.0,0.7,0.85,0.1,0.45,1.0,0.85
3402,,0.85,0.95,0.65,0.8,0.05,0.4,0.95,0.8
3403,,0.8,0.9,0.6,0.75,0.0,0.35,0.9,0.75
3404,,0.75,0.85,0.55,0.7,-0.05,0.3,0.85,0.7
3405,5,0.75,0.85,0.55,0.7,1.0,0.3,0.85,0.7
3406,,0.7,0.8,0.5,0.65,0.95,0.25,0.8,0.65
3407,,0.65,0.75,0.45,0.6,0.9,0.2,0.75,0.6
3408,,0.6,0.7,0.4,0.55,0.85,0.15,0.7,0.55
3409,,0.55,0.65,0.35,0.5,0.8,0.1,0.65,0.5
3410,,0.5,0.6,0.3,0.45,0.75,0.05,0.6,0.45
3411,,0.45,0.55,0.25,0.4,0.7,0.0,0.55,0.4
3412,,0.4,0.5,0.2,0.35,0.65,-0.05,0.5,0.35
3413,6,0.4,0.5,0.2,0.35,0.65,1.0,0.5,0.35
3414,,0.35,0.45,0.15,0.3,0.6,0.95,0.45,0.3
3415,,0.3,0.4,0.1,0.25,0.55,0.9,0.4,0.25
3416,,0.25,0.35,0.05,0.2,0.5,0.85,0.35,0.2
3417,,0.2,0.3,0.0,0.15,0.45,0.8,0.3,0.15
3418,,0.15,0.25,-0.05,0.1,0.4,0.75,0.25,0.1
3419,3,0.15,0.25,1.0,0.1,0.4,0.75,0.25,0.1
3420,,0.1,0.2,0.95,0.05,0.35,0.7,0.2,0.05
3421,,0.05,0.15,0.9,0.0,0.3,0.65,0.15,0.0
3422,,0.0,0.1,0.85,-0.05,0.25,0.6,0.1,-0.05
3423,4,0.0,0.1,0.85,1.0,0.25,0.6,0.1,-0.05
3424,8,0.0,0.1,0.85,1.0,0.25,0.6,0.1,1.0
3425,,-0.05,0.05,0.8,0.95,0.2,0.55,0.05,0.95
3426,1,1.0,0.05,0.8,0.95,0.2,0.55,0.05,0.95
3427,,0.95,0.0,0.75,0.9,0.15,0.5,0.0,0.9
3428,,0.9,-0.05,0.7,0.85,0.1,0.45,-0.05,0.85
3429,7,0.9,-0.05,0.7,0.85,0.1,0.45,1.0,0.85
3430,2,0.9,1.0,0.7,0.85,0.1,0.45,1.0,0.85
3431,,0.85,0.95,0.65,0.8,0.05,0.4,0.95,0.8
3432,,0.8,0.9,0.6,0.75,0.0,0.35,0.9,0.75
3433,,0.75,0.85,0.55,0.7,-0.05,0.3,0.85,0.7
3434,5,0.75,0.85,0.55,0.7,1.0,0.3,0.85,0.7
3435,,0.7,0.8,0.5,0.65,0.95,0.25,0.8,0.65
3436,,0.65,0.75,0.45,0.6,0.9,0.2,0.75,0.6
3437,,0.6,0.7,0.4,0.55,0.85,0.15,0.7,0.55
3438,,0.55,0.65,0.35,0.5,0.8,0.1,0.65,0.5
3439,,0.5,0.6,0.3,0.45,0.75,0.05,0.6,0.45
3440,,0.45,0.55,0.25,0.4,0.7,0.0,0.55,0.4
3441,,0.4,0.5,0.2,0.35,0.65,-0.05,0.5,0.35
3442,6,0.4,0.5,0.2,0.35,0.65,1.0,0.5,0.35
3443,,0.35,0.45,0.15,0.3,0.6,0.95,0.45,0.3
3444,,0.3,0.4,0.1,0.25,0.55,0.9,0.4,0.25
3445,,0.25,0.35,0.05,0.2,0.5,0.85,0.35,0.2
3446,,0.2,0.3,0.0,0.15,0.45,0.8,0.3,0.15
3447,,0.15,0.25,-0.05,0.1,0.4,0.75,0.25,0.1
3448,3,0.15,0.25,1.0,0.1,0.4,0.75,0.25,0.1
3449,,0.1,0.2,0.95,0.05,0.35,0.7,0.2,0.05
3450,,0.05,0.15,0.9,0.0,0.3,0.65,0.15,0.0
3451,,0.0,0.1,0.85,-0.05,0.25,0.6,0.1,-0.05
3452,4,0.0,0.1,0.85,1.0,0.25,0.6,0.1,-0.05
3453,8,0.0,0.1,0.85,1.0,0.25,0.6,0.1,1.0
3454,,-0.05,0.05,0.8,0.95,0.2,0.55,0.05,0.95
3455,1,1.0,0.05,0.8,0.95,0.2,0.55,0.05,0.95
3456,,0.95,0.0,0.75,0.9,0.15,0.5,0.0,0.9
3457,,0.9,-0.05,0.7,0.85,0.1,0.45,-0.05,0.85
3458,2,0.9,1.0,0.7,0.85,0.1,0.45,-0.05,0.85
3459,7,0.9,1.0,0.7,0.85,0.1,0.45,1.0,0.85
3460,,0.85,0.95,0.65,0.8,0.05,0.4,0.95,0.8
3461,,0.8,0.9,0.6,0.75,0.0,0.35,0.9,0.75
3462,,0.75,0.85,0.55,0.7,-0.05,0.3,0.85,0.7
3463,5,0.75,0.85,0.55,0.7,1.0,0.3,0.85,0.7
3464,,0.7,0.8,0.5,0.65,0.95,0.25,0.8,0.65
3465,,0.65,0.75,0.45,0.6,0.9,0.2,0.75,0.6
3466,,0.6,0.7,0.4,0.55,0.85,0.15,0.7,0.55
3467,,0.55,0.65,0.35,0.5,0.8,0.1,0.65,0.5
3468,,0.5,0.6,0.3,0.45,0.75,0.05,0.6,0.45
3469,,0.45,0.55,0.25,0.4,0.7,0.0,0.55,0.4
3470,,0.4,0.5,0.2,0.35,0.65,-0.05,0.5,0.35
3471,6,0.4,0.5,0.2,0.35,0.65,1.0,0.5,0.35
3472,,0.35,0.45,0.15,0.3,0.6,0.95,0.45,0.3
3473,,0.3,0.4,0.1,0.25,0.55,0.9,0.4,0.25
3474,,0.25,0.35,0.05,0.2,0.5,0.85,0.35,0.2
3475,,0.2,0.3,0.0,0.15,0.45,0.8,0.3,0.15
3476,,0.15,0.25,-0.05,0.1,0.4,0.75,0.25,0.1
3477,3,0.15,0.25,1.0,0.1,0.4,0.75,0.25,0.1
3478,,0.1,0.2,0.95,0.05,0.35,0.7,0.2,0.05
3479,,0.05,0.15,0.9,0.0,0.3,0.65,0.15,0.0
3480,,0.0,0.1,0.85,-0.05,0.25,0.6,0.1,-0.05
3481,8,0.0,0.1,0.85,-0.05,0.25,0.6,0.1,1.0
3482,4,0.0,0.1,0.85,1.0,0.25,0.6,0.1,1.0
3483,,-0.05,0.05,0.8,0.95,0.2,0.55,0.05,0.95
3484,1,1.0,0.05,0.8,0.95,0.2,0.55,0.05,0.95
3485,,0.95,0.0,0.75,0.9,0.15,0.5,0.0,0.9
3486,,0.9,-0.05,0.7,0.85,0.1,0.45,-0.05,0.85
3487,2,0.9,1.0,0.7,0.85,0.1,0.45,-0.05,0.85
3488,7,0.9,1.0,0.7,0.85,0.1,0.45,1.0,0.85
3489,,0.85,0.95,0.65,0.8,0.05,0.4,0.95,0.8
3490,,0.8,0.9,0.6,0.75,0.0,0.35,0.9,0.75
3491,,0.75,0.85,0.55,0.7,-0.05,0.3,0.85,0.7
3492,5,0.75,0.85,0.55,0.7,1.0,0.3,0.85,0.7
3493,,0.7,0.8,0.5,0.65,0.95,0.25,0.8,0.65
3494,,0.65,0.75,0.45,0.6,0.9,0.2,0.75,0.6
3495,,0.6,0.7,0.4,0.55,0.85,0.15,0.7,0.55
3496,,0.55,0.65,0.35,0.5,0.8,0.1,0.65,0.5
3497,,0.5,0.6,0.3,0.45,0.75,0.05,0.6,0.45
3498,,0.45,0.55,0.25,0.4,0.7,0.0,0.55,0.4
3499,,0.4,0.5,0.2,0.35,0.65,-0.05,0.5,0.35
3500,6,0.4,0.5,0.2,0.35,0.65,1.0,0.5,0.35
3501,,0.35,0.45,0.15,0.3,0.6,0.95,0.45,0.3
3502,,0.3,0.4,0.1,0.25,0.55,0.9,0.4,0.25
3503,,0.25,0.35,0.05,0.2,0.5,0.85,0.35,0.2
3504,,0.2,0.3,0.0,0.15,0.45,0.8,0.3,0.15
3505,,0.15,0.25,-0.05,0.1,0.4,0.75,0.25,0.1
3506,3,0.15,0.25,1.0,0.1,0.4,0.75,0.25,0.1
3507,,0.1,0.2,0.95,0.05,0.35,0.7,0.2,0.05
3508,,0.05,0.15,0.9,0.0,0.3,0.65,0.15,0.0
3509,,0.0,0.1,0.85,-0.05,0.25,0.6,0.1,-0.05
3510,8,0.0,0.1,0.85,-0.05,0.25,0.6,0.1,1.0
3511,4,0.0,0.1,0.85,1.0,0.25,0.6,0.1,1.0
3512,,-0.05,0.05,0.8,0.95,0.2,0.55,0.05,0.95
3513,1,1.0,0.05,0.8,0.95,0.2,0.55,0.05,0.95
3514,,0.95,0.0,0.75,0.9,0.15,0.5,0.0,0.9
3515,,0.9,-0.05,0.7,0.85,0.1,0.45,-0.05,0.85
3516,7,0.9,-0.05,0.7,0.85,0.1,0.45,1.0,0.85
3517,2,0.9,1.0,0.7,0.85,0.1,0.45,1.0,0.85
3518,,0.85,0.95,0.65,0.8,0.05,0.4,0.95,0.8
3519,,0.8,0.9,0.6,0.75,0.0,0.35,0.9,0.75
3520,,0.75,0.85,0.55,0.7,-0.05,0.3,0.85,0.7
3521,5,0.75,0.85,0.55,0.7,1.0,0.3,0.85,0.7
3522,,0.7,0.8,0.5,0.65,0.95,0.25,0.8,0.65
3523,,0.65,0.75,0.45,0.6,0.9,0.2,0.75,0.6
3524,,0.6,0.7,0.4,0.55,0.85,0.15,0.7,0.55
3525,,0.55,0.65,0.35,0.5,0.8,0.1,0.65,0.5
3526,,0.5,0.6,0.3,0.45,0.75,0.05,0.6,0.45
3527,,0.45,0.55,0.25,0.4,0.7,0.0,0.55,0.4
3528,,0.4,0.5,0.2,0.35,0.65,-0.05,0.5,0.35
3529,6,0.4,0.5,0.2,0.35,0.65,1.0,0.5,0.35
3530,,0.35,0.45,0.15,0.3,0.6,0.95,0.45,0.3
3531,,0.3,0.4,0.1,0.25,0.55,0.9,0.4,0.25
3532,,0.25,0.35,0.05,0.2,0.5,0.85,0.35,0.2
3533,,0.2,0.3,0.0,0.15,0.45,0.8,0.3,0.15
3534,,0.15,0.25,-0.05,0.1,0.4,0.75,0.25,0.1
3535,3,0.15,0.25,1.0,0.1,0.4,0.75,0.25,0.1
3536,,0.1,0.2,0.95,0.05,0.35,0.7,0.2,0.05
3537,,0.05,0.15,0.9,0.0,0.3,0.65,0.15,0.0
3538,,0.0,0.1,0.85,-0.05,0.25,0.6,0.1,-0.05
3539,4,0.0,0.1,0.85,1.0,0.25,0.6,0.1,-0.05
3540,8,0.0,0.1,0.85,1.0,0.25,0.6,0.1,1.0
3541,,-0.05,0.05,0.8,0.95,0.2,0.55,0.05,0.95
3542,1,1.0,0.05,0.8,0.95,0.2,0.55,0.05,0.95
3543,,0.95,0.0,0.75,0.9,0.15,0.5,0.0,0.9
3544,,0.9,-0.05,0.7,0.85,0.1,0.45,-0.05,0.85
3545,2,0.9,1.0,0.7,0.85,0.1,0.45,-0.05,0.85
3546,7,0.9,1.0,0.7,0.85,0.1,0.45,1.0,0.85
3547,,0.85,0.95,0.65,0.8,0.05,0.4,0.95,0.8
3548,,0.8,0.9,0.6,0.75,0.0,0.35,0.9,0.75
3549,,0.75,0.85,0.55,0.7,-0.05,0.3,0.85,0.7
3550,5,0.75,0.85,0.55,0.7,1.0,0.3,0.85,0.7
3551,,0.7,0.8,0.5,0.65,0.95,0.25,0.8,0.65
3552,,0.65,0.75,0.45,0.6,0.9,0.2,0.75,0.6
3553,,0.6,0.7,0.4,0.55,0.85,0.15,0.7,0.55
3554,,0.55,0.65,0.35,0.5,0.8,0.1,0.65,0.5
3555,,0.5,0.6,0.3,0.45,0.75,0.05,0.6,0.45
3556,,0.45,0.55,0.25,0.4,0.7,0.0,0.55,0.4
3557,,0.4,0.5,0.2,0.35,0.65,-0.05,0.5,0.35
3558,6,0.4,0.5,0.2,0.35,0.65,1.0,0.5,0.35
3559,,0.35,0.45,0.15,0.3,0.6,0.95,0.45,0.3
3560,,0.3,0.4,0.1,0.25,0.55,0.9,0.4,0.25
3561,,0.25,0.35,0.05,0.2,0.5,0.85,0.35,0.2
3562,,0.2,0.3,0.0,0.15,0.45,0.8,0.3,0.15
3563,,0.15,0.25,-0.05,0.1,0.4,0.75,0.25,0.1
3564,3,0.15,0.25,1.0,0.1,0.4,0.75,0.25,0.1
3565,,0.1,0.2,0.95,0.05,0.35,0.7,0.2,0.05
3566,,0.05,0.15,0.9,0.0,0.3,0.65,0.15,0.0
3567,,0.0,0.1,0.85,-0.05,0.25,0.6,0.1,-0.05
3568,8,0.0,0.1,0.85,-0.05,0.25,0.6,0.1,1.0
3569,4,0.0,0.1,0.85,1.0,0.25,0.6,0.1,1.0
3570,,-0.05,0.05,0.8,0.95,0.2,0.55,0.05,0.95
3571,1,1.0,0.05,0.8,0.95,0.2,0.55,0.05,0.95
3572,,0.95,0.0,0.75,0.9,0.15,0.5,0.0,0.9
3573,,0.9,-0.05,0.7,0.85,0.1,0.45,-0.05,0.85
3574,7,0.9,-0.05,0.7,0.85,0.1,0.45,1.0,0.85
3575,2,0.9,1.0,0.7,0.85,0.1,0.45,1.0,0.85
3576,,0.85,0.95,0.65,0.8,0.05,0.4,0.95,0.8
3577,,0.8,0.9,0.6,0.75,0.0,0.35,0.9,0.75
3578,,0.75,0.85,0.55,0.7,-0.05,0.3,0.85,0.7
3579,5,0.75,0.85,0.55,0.7,1.0,0.3,0.85,0.7
3580,,0.7,0.8,0.5,0.65,0.95,0.25,0.8,0.65
3581,,0.65,0.75,0.45,0.6,0.9,0.2,0.75,0.6
3582,,0.6,0.7,0.4,0.55,0.85,0.15,0.7,0.55
3583,,0.55,0.65,0.35,0.5,0.8,0.1,0.65,0.5
3584,,0.5,0.6,0.3,0.45,0.75,0.05,0.6,0.45
3585,,0.45,0.55,0.25,0.4,0.7,0.0,0.55,0.4
3586,,0.4,0.5,0.2,0.35,0.65,-0.05,0.5,0.35
3587,6,0.4,0.5,0.2,0.35,0.65,1.0,0.5,0.35
3588,,0.35,0.45,0.15,0.3,0.6,0.95,0.45,0.3
3589,,0.3,0.4,0.1,0.25,0.55,0.9,0.4,0.25
3590,,0.25,0.35,0.05,0.2,0.5,0.85,0.35,0.2
3591,,0.2,0.3,0.0,0.15,0.45,0.8,0.3,0.15
3592,,0.15,0.25,-0.05,0.1,0.4,0.75,0.25,0.1
3593,3,0.15,0.25,1.0,0.1,0.4,0.75,0.25,0.1
3594,,0.1,0.2,0.95,0.05,0.35,0.7,0.2,0.05
3595,,0.05,0.15,0.9,0.0,0.3,0.65,0.15,0.0
3596,,0.0,0.1,0.85,-0.05,0.25,0.6,0.1,-0.05
3597,8,0.0,0.1,0.85,-0.05,0.25,0.6,0.1,1.0
3598,4,0.0,0.1,0.85,1.0,0.25,0.6,0.1,1.0
3599,,-0.05,0.05,0.8,0.95,0.2,0.55,0.05,0.95
3600,1,1.0,0.05,0.8,0.95,0.2,0.55,0.05,0.95
3601,,0.95,0.0,0.75,0.9,0.15,0.5,0.0,0.9
3602,,0.9,-0.05,0.7,0.85,0.1,0.45,-0.05,0.85
3603,2,0.9,1.0,0.7,0.85,0.1,0.45,-0.05,0.85
3604,7,0.9,1.0,0.7,0.85,0.1,0.45,1.0,0.85
3605,,0.85,0.95,0.65,0.8,0.05,0.4,0.95,0.8
3606,,0.8,0.9,0.6,0.75,0.0,0.35,0.9,0.75
3607,,0.75,0.85,0.55,0.7,-0.05,0.3,0.85,0.7
3608,5,0.75,0.85,0.55,0.7,1.0,0.3,0.85,0.7
3609,,0.7,0.8,0.5,0.65,0.95,0.25,0.8,0.65
3610,,0.65,0.75,0.45,0.6,0.9,0.2,0.75,0.6
3611,,0.6,0.7,0.4,0.55,0.85,0.15,0.7,0.55
3612,,0.55,0.65,0.35,0.5,0.8,0.1,0.65,0.5
3613,,0.5,0.6,0.3,0.45,0.75,0.05,0.6,0.45
3614,,0.45,0.55,0.25,0.4,0.7,0.0,0.55,0.4
3615,,0.4,0.5,0.2,0.35,0.65,-0.05,0.5,0.35
3616,6,0.4,0.5,0.2,0.35,0.65,1.0,0.5,0.35
3617,,0.35,0.45,0.15,0.3,0.6,0.95,0.45,0.3
3618,,0.3,0.4,0.1,0.25,0.55,0.9,0.4,0.25
3619,,0.25,0.35,0.05,0.2,0.5,0.85,0.35,0.2
3620,,0.2,0.3,0.0,0.15,0.45,0.8,0.3,0.15
3621,,0.15,0.25,-0.05,0.1,0.4,0.75,0.25,0.1
3622,3,0.15,0.25,1.0,0.1,0.4,0.75,0.25,0.1
