step,active_motive,motive_1,motive_2,motive_3,motive_4,motive_5,motive_6,motive_7,motive_8
0,,0.1144,0.03849,0.14488,0.08061,0.46485,0.40406,0.3167,0.43573
1,,-0.8856,-0.96151,-0.85512,-0.91939,-0.53515,-0.59594,-0.6833,-0.56427
2,2,-1.0,0.03849,-1.0,-1.0,-1.0,-1.0,-1.0,-1.0
3,2,-1.0,1.0,-1.0,-1.0,-1.0,-1.0,-1.0,-1.0
4,5,-1.0,-0.283,-1.0,-1.0,0.0,-1.0,-1.0,-1.0
5,5,-1.0,-1.0,-1.0,-1.0,1.0,-1.0,-1.0,-1.0
6,4,-1.0,-1.0,-1.0,0.0,0.283,-1.0,-1.0,-1.0
7,4,-1.0,-1.0,-1.0,1.0,-0.434,-1.0,-1.0,-1.0
8,6,-1.0,-1.0,-1.0,0.0,-1.0,0.0,-1.0,-1.0
9,6,-1.0,-1.0,-1.0,-1.0,-1.0,1.0,-1.0,-1.0
10,4,-1.0,-1.0,-1.0,0.0,-1.0,0.0,-1.0,-1.0
11,4,-1.0,-1.0,-1.0,1.0,-1.0,-1.0,-1.0,-1.0
12,7,-1.0,-1.0,-1.0,-0.283,-1.0,-1.0,0.0,-1.0
13,7,-1.0,-1.0,-1.0,-1.0,-1.0,-1.0,1.0,-1.0
14,6,-1.0,-1.0,-1.0,-1.0,-1.0,0.0,0.283,-1.0
15,6,-1.0,-1.0,-1.0,-1.0,-1.0,1.0,-0.434,-1.0
16,3,-1.0,-1.0,0.0,-1.0,-1.0,-0.283,-1.0,-1.0
17,3,-1.0,-1.0,1.0,-1.0,-1.0,-1.0,-1.0,-1.0
18,2,-1.0,0.0,0.283,-1.0,-1.0,-1.0,-1.0,-1.0
19,2,-1.0,1.0,-0.434,-1.0,-1.0,-1.0,-1.0,-1.0
20,6,-1.0,-0.4,-1.0,-1.0,-1.0,0.0,-1.0,-1.0
21,6,-1.0,-1.0,-1.0,-1.0,-1.0,1.0,-1.0,-1.0
22,1,0.0,-1.0,-1.0,-1.0,-1.0,-0.283,-1.0,-1.0
23,1,1.0,-1.0,-1.0,-1.0,-1.0,-1.0,-1.0,-1.0
24,8,0.283,-1.0,-1.0,-1.0,-1.0,-1.0,-1.0,0.0
25,8,-0.434,-1.0,-1.0,-1.0,-1.0,-1.0,-1.0,1.0
26,7,-1.0,-1.0,-1.0,-1.0,-1.0,-1.0,0.0,0.283
27,7,-1.0,-1.0,-1.0,-1.0,-1.0,-1.0,1.0,-0.434
28,1,0.0,-1.0,-1.0,-1.0,-1.0,-1.0,0.0,-1.0
29,1,1.0,-1.0,-1.0,-1.0,-1.0,-1.0,-1.0,-1.0
30,2,0.283,0.0,-1.0,-1.0,-1.0,-1.0,-1.0,-1.0
31,2,-0.434,1.0,-1.0,-1.0,-1.0,-1.0,-1.0,-1.0
32,3,-1.0,0.283,0.0,-1.0,-1.0,-1.0,-1.0,-1.0
33,3,-1.0,-0.434,1.0,-1.0,-1.0,-1.0,-1.0,-1.0
34,5,-1.0,-1.0,0.0,-1.0,0.0,-1.0,-1.0,-1.0
35,5,-1.0,-1.0,-1.0,-1.0,1.0,-1.0,-1.0,-1.0
36,7,-1.0,-1.0,-1.0,-1.0,0.0,-1.0,0.0,-1.0
37,7,-1.0,-1.0,-1.0,-1.0,-1.0,-1.0,1.0,-1.0
38,1,0.0,-1.0,-1.0,-1.0,-1.0,-1.0,0.0,-1.0
39,1,1.0,-1.0,-1.0,-1.0,-1.0,-1.0,-1.0,-1.0
40,5,-0.4,-1.0,-1.0,-1.0,0.0,-1.0,-1.0,-1.0
41,5,-1.0,-1.0,-1.0,-1.0,1.0,-1.0,-1.0,-1.0
42,6,-1.0,-1.0,-1.0,-1.0,0.283,0.0,-1.0,-1.0
43,6,-1.0,-1.0,-1.0,-1.0,-0.434,1.0,-1.0,-1.0
44,1,0.0,-1.0,-1.0,-1.0,-1.0,-0.283,-1.0,-1.0
45,1,1.0,-1.0,-1.0,-1.0,-1.0,-1.0,-1.0,-1.0
46,4,-0.283,-1.0,-1.0,0.0,-1.0,-1.0,-1.0,-1.0
47,4,-1.0,-1.0,-1.0,1.0,-1.0,-1.0,-1.0,-1.0
48,8,-1.0,-1.0,-1.0,-0.4,-1.0,-1.0,-1.0,0.0
49,8,-1.0,-1.0,-1.0,-1.0,-1.0,-1.0,-1.0,1.0
