step,active_motive,motive_1,motive_2,motive_3,motive_4,motive_5,motive_6,motive_7,motive_8
0,,-0.25092,0.90143,0.46399,0.19732,-0.68796,-0.68801,-0.88383,0.73235
1,7,-0.20092,0.88714,0.36399,0.04161,-0.83796,-0.77372,1.0,0.78806
2,5,-0.20092,0.87285,0.31399,-0.0441,1.0,-0.85943,0.95,0.77377
3,6,-0.18592,0.84356,0.22899,-0.16481,0.885,1.0,0.935,0.79448
4,1,1.0,0.89927,0.17899,-0.32052,0.685,0.84429,0.885,0.85019
5,4,1.0,0.91998,0.16399,1.0,0.57,0.72358,0.8,0.8209
6,,1.0,0.89069,0.06399,0.82929,0.37,0.55287,0.7,0.79161
7,,1.0,0.8614,-0.03601,0.65858,0.17,0.38216,0.6,0.76232
8,3,1.0,0.91711,1.0,0.57287,0.02,0.22645,0.5,0.74803
9,,1.0,0.88782,0.9,0.40216,-0.18,0.05574,0.4,0.71874
10,5,1.0,0.87353,0.85,0.31645,1.0,-0.02997,0.35,0.70445
11,6,1.0,0.84424,0.765,0.19574,0.885,1.0,0.335,0.72516
12,,1.0,0.81495,0.665,0.02503,0.685,0.82929,0.235,0.69587
13,,1.0,0.78566,0.565,-0.14568,0.485,0.65858,0.135,0.66658
14,4,1.0,0.80637,0.55,1.0,0.37,0.53787,0.05,0.63729
15,,1.0,0.77708,0.45,0.82929,0.17,0.36716,-0.05,0.608
16,7,1.0,0.76279,0.35,0.67358,0.02,0.28145,1.0,0.66371
17,,1.0,0.7335,0.25,0.50287,-0.18,0.11074,0.9,0.63442
18,5,1.0,0.71921,0.2,0.41716,1.0,0.02503,0.85,0.62013
19,,1.0,0.68992,0.1,0.24645,0.8,-0.14568,0.75,0.59084
20,6,1.0,0.66063,0.015,0.12574,0.685,1.0,0.735,0.61155
21,,1.0,0.63134,-0.085,-0.04497,0.485,0.82929,0.635,0.58226
22,3,1.0,0.68705,1.0,-0.13068,0.335,0.67358,0.535,0.56797
23,4,1.0,0.70776,0.985,1.0,0.22,0.55287,0.45,0.53868
24,,1.0,0.67847,0.885,0.82929,0.02,0.38216,0.35,0.50939
25,,1.0,0.64918,0.785,0.65858,-0.18,0.21145,0.25,0.4801
26,5,1.0,0.63489,0.735,0.57287,1.0,0.12574,0.2,0.46581
27,,1.0,0.6056,0.635,0.40216,0.8,-0.04497,0.1,0.43652
28,6,1.0,0.57631,0.55,0.28145,0.685,1.0,0.085,0.45723
29,,1.0,0.54702,0.45,0.11074,0.485,0.82929,-0.015,0.42794
30,7,1.0,0.53273,0.35,-0.04497,0.335,0.74358,1.0,0.48365
31,4,1.0,0.55344,0.335,1.0,0.22,0.62287,0.915,0.45436
32,,1.0,0.52415,0.235,0.82929,0.02,0.45216,0.815,0.42507
33,,1.0,0.49486,0.135,0.65858,-0.18,0.28145,0.715,0.39578
34,5,1.0,0.48057,0.085,0.57287,1.0,0.19574,0.665,0.38149
35,,1.0,0.45128,-0.015,0.40216,0.8,0.02503,0.565,0.3522
36,3,1.0,0.50699,1.0,0.31645,0.65,-0.13068,0.465,0.33791
37,6,1.0,0.4777,0.915,0.19574,0.535,1.0,0.45,0.35862
38,,1.0,0.44841,0.815,0.02503,0.335,0.82929,0.35,0.32933
39,,1.0,0.41912,0.715,-0.14568,0.135,0.65858,0.25,0.30004
40,4,1.0,0.43983,0.7,1.0,0.02,0.53787,0.165,0.27075
41,,1.0,0.41054,0.6,0.82929,-0.18,0.36716,0.065,0.24146
42,5,1.0,0.39625,0.55,0.74358,1.0,0.28145,0.015,0.22717
43,,1.0,0.36696,0.45,0.57287,0.8,0.11074,-0.085,0.19788
44,7,1.0,0.35267,0.35,0.41716,0.65,0.02503,1.0,0.25359
45,,1.0,0.32338,0.25,0.24645,0.45,-0.14568,0.9,0.2243
46,6,1.0,0.29409,0.165,0.12574,0.335,1.0,0.885,0.24501
47,,1.0,0.2648,0.065,-0.04497,0.135,0.82929,0.785,0.21572
48,4,1.0,0.28551,0.05,1.0,0.02,0.70858,0.7,0.18643
49,,1.0,0.25622,-0.05,0.82929,-0.18,0.53787,0.6,0.15714
50,5,1.0,0.24193,-0.1,0.74358,1.0,0.45216,0.55,0.14285
51,3,1.0,0.29764,1.0,0.65787,0.85,0.29645,0.45,0.12856
52,,1.0,0.26835,0.9,0.48716,0.65,0.12574,0.35,0.09927
53,,1.0,0.23906,0.8,0.31645,0.45,-0.04497,0.25,0.06998
54,6,1.0,0.20977,0.715,0.19574,0.335,1.0,0.235,0.09069
55,,1.0,0.18048,0.615,0.02503,0.135,0.82929,0.135,0.0614
56,,1.0,0.15119,0.515,-0.14568,-0.065,0.65858,0.035,0.03211
57,4,1.0,0.1719,0.5,1.0,-0.18,0.53787,-0.05,0.00282
58,5,1.0,0.15761,0.45,0.91429,1.0,0.45216,-0.1,-0.01147
59,7,1.0,0.14332,0.35,0.75858,0.85,0.36645,1.0,0.04424
60,,1.0,0.11403,0.25,0.58787,0.65,0.19574,0.9,0.01495
61,,1.0,0.08474,0.15,0.41716,0.45,0.02503,0.8,-0.01434
62,8,1.0,0.10545,0.065,0.24645,0.265,-0.09568,0.785,1.0
63,6,1.0,0.07616,-0.02,0.12574,0.15,1.0,0.77,1.0
64,3,1.0,0.13187,1.0,0.04003,0.0,0.84429,0.67,0.98571
65,,1.0,0.10258,0.9,-0.13068,-0.2,0.67358,0.57,0.95642
66,5,1.0,0.08829,0.85,-0.21639,1.0,0.58787,0.52,0.94213
67,4,1.0,0.109,0.835,1.0,0.885,0.46716,0.435,0.91284
68,,1.0,0.07971,0.735,0.82929,0.685,0.29645,0.335,0.88355
69,,1.0,0.05042,0.635,0.65858,0.485,0.12574,0.235,0.85426
70,,1.0,0.02113,0.535,0.48787,0.285,-0.04497,0.135,0.82497
71,6,1.0,-0.00816,0.45,0.36716,0.17,1.0,0.12,0.84568
72,2,1.0,1.0,0.435,0.24645,-0.015,0.82929,0.035,0.86639
73,5,1.0,0.98571,0.385,0.16074,1.0,0.74358,-0.015,0.8521
74,7,1.0,0.97142,0.285,0.00503,0.85,0.65787,1.0,0.90781
75,,1.0,0.94213,0.185,-0.16568,0.65,0.48716,0.9,0.87852
76,4,1.0,0.96284,0.17,1.0,0.535,0.36645,0.815,0.84923
77,,1.0,0.93355,0.07,0.82929,0.335,0.19574,0.715,0.81994
78,,1.0,0.90426,-0.03,0.65858,0.135,0.02503,0.615,0.79065
79,3,1.0,0.95997,1.0,0.57287,-0.015,-0.13068,0.515,0.77636
80,6,1.0,0.93068,0.915,0.45216,-0.13,1.0,0.5,0.79707
81,5,1.0,0.91639,0.865,0.36645,1.0,0.91429,0.45,0.78278
82,,1.0,0.8871,0.765,0.19574,0.8,0.74358,0.35,0.75349
83,,1.0,0.85781,0.665,0.02503,0.6,0.57287,0.25,0.7242
84,,1.0,0.82852,0.565,-0.14568,0.4,0.40216,0.15,0.69491
85,4,1.0,0.84923,0.55,1.0,0.285,0.28145,0.065,0.66562
86,,1.0,0.81994,0.45,0.82929,0.085,0.11074,-0.035,0.63633
87,7,1.0,0.80565,0.35,0.67358,-0.065,0.02503,1.0,0.69204
88,5,1.0,0.79136,0.3,0.58787,1.0,-0.06068,0.95,0.67775
89,6,1.0,0.76207,0.215,0.46716,0.885,1.0,0.935,0.69846
90,,1.0,0.73278,0.115,0.29645,0.685,0.82929,0.835,0.66917
91,,1.0,0.70349,0.015,0.12574,0.485,0.65858,0.735,0.63988
92,,1.0,0.6742,-0.085,-0.04497,0.285,0.48787,0.635,0.61059
93,3,1.0,0.72991,1.0,-0.13068,0.135,0.33216,0.535,0.5963
94,4,1.0,0.75062,0.985,1.0,0.02,0.21145,0.45,0.56701
95,,1.0,0.72133,0.885,0.82929,-0.18,0.04074,0.35,0.53772
96,5,1.0,0.70704,0.835,0.74358,1.0,-0.04497,0.3,0.52343
97,6,1.0,0.67775,0.75,0.62287,0.885,1.0,0.285,0.54414
98,,1.0,0.64846,0.65,0.45216,0.685,0.82929,0.185,0.51485
99,,1.0,0.61917,0.55,0.28145,0.485,0.65858,0.085,0.48556
100,,1.0,0.58988,0.45,0.11074,0.285,0.48787,-0.015,0.45627
101,7,1.0,0.57559,0.35,-0.04497,0.135,0.40216,1.0,0.51198
102,4,1.0,0.5963,0.335,1.0,0.02,0.28145,0.915,0.48269
103,,1.0,0.56701,0.235,0.82929,-0.18,0.11074,0.815,0.4534
104,5,1.0,0.55272,0.185,0.74358,1.0,0.02503,0.765,0.43911
105,,1.0,0.52343,0.085,0.57287,0.8,-0.14568,0.665,0.40982
106,6,1.0,0.49414,0.0,0.45216,0.685,1.0,0.65,0.43053
107,,1.0,0.46485,-0.1,0.28145,0.485,0.82929,0.55,0.40124
108,3,1.0,0.52056,1.0,0.19574,0.335,0.67358,0.45,0.38695
109,,1.0,0.49127,0.9,0.02503,0.135,0.50287,0.35,0.35766
110,,1.0,0.46198,0.8,-0.14568,-0.065,0.33216,0.25,0.32837
111,4,1.0,0.48269,0.785,1.0,-0.18,0.21145,0.165,0.29908
112,5,1.0,0.4684,0.735,0.91429,1.0,0.12574,0.115,0.28479
113,,1.0,0.43911,0.635,0.74358,0.8,-0.04497,0.015,0.2555
114,6,1.0,0.40982,0.55,0.62287,0.685,1.0,0.0,0.27621
115,,1.0,0.38053,0.45,0.45216,0.485,0.82929,-0.1,0.24692
116,7,1.0,0.36624,0.35,0.29645,0.335,0.74358,1.0,0.30263
117,,1.0,0.33695,0.25,0.12574,0.135,0.57287,0.9,0.27334
118,,1.0,0.30766,0.15,-0.04497,-0.065,0.40216,0.8,0.24405
119,5,1.0,0.29337,0.1,-0.13068,1.0,0.31645,0.75,0.22976
120,4,1.0,0.31408,0.085,1.0,0.885,0.19574,0.665,0.20047
121,,1.0,0.28479,-0.015,0.82929,0.685,0.02503,0.565,0.17118
122,3,1.0,0.3405,1.0,0.74358,0.535,-0.13068,0.465,0.15689
123,6,1.0,0.31121,0.915,0.62287,0.42,1.0,0.45,0.1776
124,,1.0,0.28192,0.815,0.45216,0.22,0.82929,0.35,0.14831
125,,1.0,0.25263,0.715,0.28145,0.02,0.65858,0.25,0.11902
126,,1.0,0.22334,0.615,0.11074,-0.18,0.48787,0.15,0.08973
127,5,1.0,0.20905,0.565,0.02503,1.0,0.40216,0.1,0.07544
128,,1.0,0.17976,0.465,-0.14568,0.8,0.23145,0.0,0.04615
129,4,1.0,0.20047,0.45,1.0,0.685,0.11074,-0.085,0.01686
130,7,1.0,0.18618,0.35,0.84429,0.535,0.02503,1.0,0.07257
131,,1.0,0.15689,0.25,0.67358,0.335,-0.14568,0.9,0.04328
132,6,1.0,0.1276,0.165,0.55287,0.22,1.0,0.885,0.06399
133,,1.0,0.09831,0.065,0.38216,0.02,0.82929,0.785,0.0347
134,,1.0,0.06902,-0.035,0.21145,-0.18,0.65858,0.685,0.00541
135,5,1.0,0.05473,-0.085,0.12574,1.0,0.57287,0.635,-0.00888
136,3,1.0,0.11044,1.0,0.04003,0.85,0.41716,0.535,-0.02317
137,8,1.0,0.13115,0.915,-0.13068,0.665,0.29645,0.52,1.0
138,4,1.0,0.15186,0.9,1.0,0.55,0.17574,0.435,0.97071
139,,1.0,0.12257,0.8,0.82929,0.35,0.00503,0.335,0.94142
140,,1.0,0.09328,0.7,0.65858,0.15,-0.16568,0.235,0.91213
141,6,1.0,0.06399,0.615,0.53787,0.035,1.0,0.22,0.93284
142,,1.0,0.0347,0.515,0.36716,-0.165,0.82929,0.12,0.90355
143,5,1.0,0.02041,0.465,0.28145,1.0,0.74358,0.07,0.88926
144,,1.0,-0.00888,0.365,0.11074,0.8,0.57287,-0.03,0.85997
145,7,1.0,-0.02317,0.265,-0.04497,0.65,0.48716,1.0,0.91568
146,4,1.0,-0.00246,0.25,1.0,0.535,0.36645,0.915,0.88639
147,2,1.0,1.0,0.235,0.87929,0.35,0.19574,0.83,0.9071
148,,1.0,0.97071,0.135,0.70858,0.15,0.02503,0.73,0.87781
149,,1.0,0.94142,0.035,0.53787,-0.05,-0.14568,0.63,0.84852
150,6,1.0,0.91213,-0.05,0.41716,-0.165,1.0,0.615,0.86923
151,5,1.0,0.89784,-0.1,0.33145,1.0,0.91429,0.565,0.85494
152,3,1.0,0.95355,1.0,0.24574,0.85,0.75858,0.465,0.84065
153,,1.0,0.92426,0.9,0.07503,0.65,0.58787,0.365,0.81136
154,,1.0,0.89497,0.8,-0.09568,0.45,0.41716,0.265,0.78207
155,4,1.0,0.91568,0.785,1.0,0.335,0.29645,0.18,0.75278
156,,1.0,0.88639,0.685,0.82929,0.135,0.12574,0.08,0.72349
157,,1.0,0.8571,0.585,0.65858,-0.065,-0.04497,-0.02,0.6942
158,5,1.0,0.84281,0.535,0.57287,1.0,-0.13068,-0.07,0.67991
159,6,1.0,0.81352,0.45,0.45216,0.885,1.0,-0.085,0.70062
160,7,1.0,0.79923,0.35,0.29645,0.735,0.91429,1.0,0.75633
161,,1.0,0.76994,0.25,0.12574,0.535,0.74358,0.9,0.72704
162,,1.0,0.74065,0.15,-0.04497,0.335,0.57287,0.8,0.69775
163,4,1.0,0.76136,0.135,1.0,0.22,0.45216,0.715,0.66846
164,,1.0,0.73207,0.035,0.82929,0.02,0.28145,0.615,0.63917
165,,1.0,0.70278,-0.065,0.65858,-0.18,0.11074,0.515,0.60988
166,5,1.0,0.68849,-0.115,0.57287,1.0,0.02503,0.465,0.59559
167,3,1.0,0.7442,1.0,0.48716,0.85,-0.13068,0.365,0.5813
168,6,1.0,0.71491,0.915,0.36645,0.735,1.0,0.35,0.60201
169,,1.0,0.68562,0.815,0.19574,0.535,0.82929,0.25,0.57272
170,,1.0,0.65633,0.715,0.02503,0.335,0.65858,0.15,0.54343
171,,1.0,0.62704,0.615,-0.14568,0.135,0.48787,0.05,0.51414
172,4,1.0,0.64775,0.6,1.0,0.02,0.36716,-0.035,0.48485
173,7,1.0,0.63346,0.5,0.84429,-0.13,0.28145,1.0,0.54056
174,5,1.0,0.61917,0.45,0.75858,1.0,0.19574,0.95,0.52627
175,,1.0,0.58988,0.35,0.58787,0.8,0.02503,0.85,0.49698
176,,1.0,0.56059,0.25,0.41716,0.6,-0.14568,0.75,0.46769
177,6,1.0,0.5313,0.165,0.29645,0.485,1.0,0.735,0.4884
178,,1.0,0.50201,0.065,0.12574,0.285,0.82929,0.635,0.45911
179,,1.0,0.47272,-0.035,-0.04497,0.085,0.65858,0.535,0.42982
180,4,1.0,0.49343,-0.05,1.0,-0.03,0.53787,0.45,0.40053
181,3,1.0,0.54914,1.0,0.91429,-0.18,0.38216,0.35,0.38624
182,5,1.0,0.53485,0.95,0.82858,1.0,0.29645,0.3,0.37195
183,,1.0,0.50556,0.85,0.65787,0.8,0.12574,0.2,0.34266
184,,1.0,0.47627,0.75,0.48716,0.6,-0.04497,0.1,0.31337
185,6,1.0,0.44698,0.665,0.36645,0.485,1.0,0.085,0.33408
186,,1.0,0.41769,0.565,0.19574,0.285,0.82929,-0.015,0.30479
187,7,1.0,0.4034,0.465,0.04003,0.135,0.74358,1.0,0.3605
188,,1.0,0.37411,0.365,-0.13068,-0.065,0.57287,0.9,0.33121
189,4,1.0,0.39482,0.35,1.0,-0.18,0.45216,0.815,0.30192
190,5,1.0,0.38053,0.3,0.91429,1.0,0.36645,0.765,0.28763
191,,1.0,0.35124,0.2,0.74358,0.8,0.19574,0.665,0.25834
192,,1.0,0.32195,0.1,0.57287,0.6,0.02503,0.565,0.22905
193,,1.0,0.29266,0.0,0.40216,0.4,-0.14568,0.465,0.19976
194,6,1.0,0.26337,-0.085,0.28145,0.285,1.0,0.45,0.22047
195,3,1.0,0.31908,1.0,0.19574,0.135,0.84429,0.35,0.20618
196,,1.0,0.28979,0.9,0.02503,-0.065,0.67358,0.25,0.17689
197,5,1.0,0.2755,0.85,-0.06068,1.0,0.58787,0.2,0.1626
198,4,1.0,0.29621,0.835,1.0,0.885,0.46716,0.115,0.13331
199,,1.0,0.26692,0.735,0.82929,0.685,0.29645,0.015,0.10402
200,,1.0,0.23763,0.635,0.65858,0.485,0.12574,-0.085,0.07473
201,7,1.0,0.22334,0.535,0.50287,0.335,0.04003,1.0,0.13044
202,,1.0,0.19405,0.435,0.33216,0.135,-0.13068,0.9,0.10115
203,6,1.0,0.16476,0.35,0.21145,0.02,1.0,0.885,0.12186
204,,1.0,0.13547,0.25,0.04074,-0.18,0.82929,0.785,0.09257
205,5,1.0,0.12118,0.2,-0.04497,1.0,0.74358,0.735,0.07828
206,4,1.0,0.14189,0.185,1.0,0.885,0.62287,0.65,0.04899
207,,1.0,0.1126,0.085,0.82929,0.685,0.45216,0.55,0.0197
208,,1.0,0.08331,-0.015,0.65858,0.485,0.28145,0.45,-0.00959
209,3,1.0,0.13902,1.0,0.57287,0.335,0.12574,0.35,-0.02388
210,8,1.0,0.15973,0.915,0.40216,0.15,0.00503,0.335,1.0
211,,1.0,0.13044,0.815,0.23145,-0.05,-0.16568,0.235,0.97071
212,6,1.0,0.10115,0.73,0.11074,-0.165,1.0,0.22,0.99142
213,5,1.0,0.08686,0.68,0.02503,1.0,0.91429,0.17,0.97713
214,,1.0,0.05757,0.58,-0.14568,0.8,0.74358,0.07,0.94784
215,4,1.0,0.07828,0.565,1.0,0.685,0.62287,-0.015,0.91855
216,7,1.0,0.06399,0.465,0.84429,0.535,0.53716,1.0,0.97426
217,,1.0,0.0347,0.365,0.67358,0.335,0.36645,0.9,0.94497
218,,1.0,0.00541,0.265,0.50287,0.135,0.19574,0.8,0.91568
219,,1.0,-0.02388,0.165,0.33216,-0.065,0.02503,0.7,0.88639
220,5,1.0,-0.03817,0.115,0.24645,1.0,-0.06068,0.65,0.8721
221,6,1.0,-0.06746,0.03,0.12574,0.885,1.0,0.635,0.89281
222,2,1.0,1.0,0.015,0.00503,0.7,0.82929,0.55,0.91352
223,,1.0,0.97071,-0.085,-0.16568,0.5,0.65858,0.45,0.88423
224,4,1.0,0.99142,-0.1,1.0,0.385,0.53787,0.365,0.85494
225,3,1.0,1.0,1.0,0.91429,0.235,0.38216,0.265,0.84065
226,,1.0,0.97071,0.9,0.74358,0.035,0.21145,0.165,0.81136
227,,1.0,0.94142,0.8,0.57287,-0.165,0.04074,0.065,0.78207
228,5,1.0,0.92713,0.75,0.48716,1.0,-0.04497,0.015,0.76778
229,6,1.0,0.89784,0.665,0.36645,0.885,1.0,0.0,0.78849
230,,1.0,0.86855,0.565,0.19574,0.685,0.82929,-0.1,0.7592
231,7,1.0,0.85426,0.465,0.04003,0.535,0.74358,1.0,0.81491
232,,1.0,0.82497,0.365,-0.13068,0.335,0.57287,0.9,0.78562
233,4,1.0,0.84568,0.35,1.0,0.22,0.45216,0.815,0.75633
234,,1.0,0.81639,0.25,0.82929,0.02,0.28145,0.715,0.72704
235,,1.0,0.7871,0.15,0.65858,-0.18,0.11074,0.615,0.69775
236,5,1.0,0.77281,0.1,0.57287,1.0,0.02503,0.565,0.68346
237,,1.0,0.74352,0.0,0.40216,0.8,-0.14568,0.465,0.65417
238,6,1.0,0.71423,-0.085,0.28145,0.685,1.0,0.45,0.67488
239,3,1.0,0.76994,1.0,0.19574,0.535,0.84429,0.35,0.66059
240,,1.0,0.74065,0.9,0.02503,0.335,0.67358,0.25,0.6313
241,,1.0,0.71136,0.8,-0.14568,0.135,0.50287,0.15,0.60201
242,4,1.0,0.73207,0.785,1.0,0.02,0.38216,0.065,0.57272
243,,1.0,0.70278,0.685,0.82929,-0.18,0.21145,-0.035,0.54343
244,5,1.0,0.68849,0.635,0.74358,1.0,0.12574,-0.085,0.52914
245,7,1.0,0.6742,0.535,0.58787,0.85,0.04003,1.0,0.58485
246,,1.0,0.64491,0.435,0.41716,0.65,-0.13068,0.9,0.55556
247,6,1.0,0.61562,0.35,0.29645,0.535,1.0,0.885,0.57627
248,,1.0,0.58633,0.25,0.12574,0.335,0.82929,0.785,0.54698
249,,1.0,0.55704,0.15,-0.04497,0.135,0.65858,0.685,0.51769
250,4,1.0,0.57775,0.135,1.0,0.02,0.53787,0.6,0.4884
251,,1.0,0.54846,0.035,0.82929,-0.18,0.36716,0.5,0.45911
252,5,1.0,0.53417,-0.015,0.74358,1.0,0.28145,0.45,0.44482
253,3,1.0,0.58988,1.0,0.65787,0.85,0.12574,0.35,0.43053
254,,1.0,0.56059,0.9,0.48716,0.65,-0.04497,0.25,0.40124
255,6,1.0,0.5313,0.815,0.36645,0.535,1.0,0.235,0.42195
256,,1.0,0.50201,0.715,0.19574,0.335,0.82929,0.135,0.39266
257,,1.0,0.47272,0.615,0.02503,0.135,0.65858,0.035,0.36337
258,,1.0,0.44343,0.515,-0.14568,-0.065,0.48787,-0.065,0.33408
259,4,1.0,0.46414,0.5,1.0,-0.18,0.36716,-0.15,0.30479
260,5,1.0,0.44985,0.45,0.91429,1.0,0.28145,-0.2,0.2905
261,7,1.0,0.43556,0.35,0.75858,0.85,0.19574,1.0,0.34621
262,,1.0,0.40627,0.25,0.58787,0.65,0.02503,0.9,0.31692
263,,1.0,0.37698,0.15,0.41716,0.45,-0.14568,0.8,0.28763
264,6,1.0,0.34769,0.065,0.29645,0.335,1.0,0.785,0.30834
265,,1.0,0.3184,-0.035,0.12574,0.135,0.82929,0.685,0.27905
266,3,1.0,0.37411,1.0,0.04003,-0.015,0.67358,0.585,0.26476
267,5,1.0,0.35982,0.95,-0.04568,1.0,0.58787,0.535,0.25047
268,4,1.0,0.38053,0.935,1.0,0.885,0.46716,0.45,0.22118
269,,1.0,0.35124,0.835,0.82929,0.685,0.29645,0.35,0.19189
270,,1.0,0.32195,0.735,0.65858,0.485,0.12574,0.25,0.1626
271,,1.0,0.29266,0.635,0.48787,0.285,-0.04497,0.15,0.13331
272,6,1.0,0.26337,0.55,0.36716,0.17,1.0,0.135,0.15402
273,,1.0,0.23408,0.45,0.19645,-0.03,0.82929,0.035,0.12473
274,5,1.0,0.21979,0.4,0.11074,1.0,0.74358,-0.015,0.11044
275,7,1.0,0.2055,0.3,-0.04497,0.85,0.65787,1.0,0.16615
276,4,1.0,0.22621,0.285,1.0,0.735,0.53716,0.915,0.13686
277,,1.0,0.19692,0.185,0.82929,0.535,0.36645,0.815,0.10757
278,,1.0,0.16763,0.085,0.65858,0.335,0.19574,0.715,0.07828
279,,1.0,0.13834,-0.015,0.48787,0.135,0.02503,0.615,0.04899
280,3,1.0,0.19405,1.0,0.40216,-0.015,-0.13068,0.515,0.0347
281,6,1.0,0.16476,0.915,0.28145,-0.13,1.0,0.5,0.05541
282,5,1.0,0.15047,0.865,0.19574,1.0,0.91429,0.45,0.04112
283,,1.0,0.12118,0.765,0.02503,0.8,0.74358,0.35,0.01183
284,,1.0,0.09189,0.665,-0.14568,0.6,0.57287,0.25,-0.01746
285,4,1.0,0.1126,0.65,1.0,0.485,0.45216,0.165,-0.04675
286,8,1.0,0.13331,0.565,0.82929,0.3,0.33145,0.15,1.0
287,,1.0,0.10402,0.465,0.65858,0.1,0.16074,0.05,0.97071
288,,1.0,0.07473,0.365,0.48787,-0.1,-0.00997,-0.05,0.94142
289,5,1.0,0.06044,0.315,0.40216,1.0,-0.09568,-0.1,0.92713
290,7,1.0,0.04615,0.215,0.24645,0.85,-0.18139,1.0,0.98284
291,6,1.0,0.01686,0.13,0.12574,0.735,1.0,0.985,1.0
292,,1.0,-0.01243,0.03,-0.04497,0.535,0.82929,0.885,0.97071
293,4,1.0,0.00828,0.015,1.0,0.42,0.70858,0.8,0.94142
294,,1.0,-0.02101,-0.085,0.82929,0.22,0.53787,0.7,0.91213
295,3,1.0,0.0347,1.0,0.74358,0.07,0.38216,0.6,0.89784
296,,1.0,0.00541,0.9,0.57287,-0.13,0.21145,0.5,0.86855
297,5,1.0,-0.00888,0.85,0.48716,1.0,0.12574,0.45,0.85426
298,2,1.0,1.0,0.835,0.36645,0.815,-0.04497,0.365,0.87497
299,6,1.0,0.97071,0.75,0.24574,0.7,1.0,0.35,0.89568
300,,1.0,0.94142,0.65,0.07503,0.5,0.82929,0.25,0.86639
301,,1.0,0.91213,0.55,-0.09568,0.3,0.65858,0.15,0.8371
302,4,1.0,0.93284,0.535,1.0,0.185,0.53787,0.065,0.80781
303,,1.0,0.90355,0.435,0.82929,-0.015,0.36716,-0.035,0.77852
304,7,1.0,0.88926,0.335,0.67358,-0.165,0.28145,1.0,0.83423
305,5,1.0,0.87497,0.285,0.58787,1.0,0.19574,0.95,0.81994
306,,1.0,0.84568,0.185,0.41716,0.8,0.02503,0.85,0.79065
307,,1.0,0.81639,0.085,0.24645,0.6,-0.14568,0.75,0.76136
308,6,1.0,0.7871,0.0,0.12574,0.485,1.0,0.735,0.78207
309,,1.0,0.75781,-0.1,-0.04497,0.285,0.82929,0.635,0.75278
310,3,1.0,0.81352,1.0,-0.13068,0.135,0.67358,0.535,0.73849
311,4,1.0,0.83423,0.985,1.0,0.02,0.55287,0.45,0.7092
312,,1.0,0.80494,0.885,0.82929,-0.18,0.38216,0.35,0.67991
313,5,1.0,0.79065,0.835,0.74358,1.0,0.29645,0.3,0.66562
314,,1.0,0.76136,0.735,0.57287,0.8,0.12574,0.2,0.63633
315,,1.0,0.73207,0.635,0.40216,0.6,-0.04497,0.1,0.60704
316,6,1.0,0.70278,0.55,0.28145,0.485,1.0,0.085,0.62775
317,,1.0,0.67349,0.45,0.11074,0.285,0.82929,-0.015,0.59846
318,7,1.0,0.6592,0.35,-0.04497,0.135,0.74358,1.0,0.65417
319,4,1.0,0.67991,0.335,1.0,0.02,0.62287,0.915,0.62488
320,,1.0,0.65062,0.235,0.82929,-0.18,0.45216,0.815,0.59559
321,5,1.0,0.63633,0.185,0.74358,1.0,0.36645,0.765,0.5813
322,,1.0,0.60704,0.085,0.57287,0.8,0.19574,0.665,0.55201
323,,1.0,0.57775,-0.015,0.40216,0.6,0.02503,0.565,0.52272
324,3,1.0,0.63346,1.0,0.31645,0.45,-0.13068,0.465,0.50843
325,6,1.0,0.60417,0.915,0.19574,0.335,1.0,0.45,0.52914
326,,1.0,0.57488,0.815,0.02503,0.135,0.82929,0.35,0.49985
327,,1.0,0.54559,0.715,-0.14568,-0.065,0.65858,0.25,0.47056
328,4,1.0,0.5663,0.7,1.0,-0.18,0.53787,0.165,0.44127
329,5,1.0,0.55201,0.65,0.91429,1.0,0.45216,0.115,0.42698
330,,1.0,0.52272,0.55,0.74358,0.8,0.28145,0.015,0.39769
331,,1.0,0.49343,0.45,0.57287,0.6,0.11074,-0.085,0.3684
332,7,1.0,0.47914,0.35,0.41716,0.45,0.02503,1.0,0.42411
333,,1.0,0.44985,0.25,0.24645,0.25,-0.14568,0.9,0.39482
334,6,1.0,0.42056,0.165,0.12574,0.135,1.0,0.885,0.41553
335,,1.0,0.39127,0.065,-0.04497,-0.065,0.82929,0.785,0.38624
336,5,1.0,0.37698,0.015,-0.13068,1.0,0.74358,0.735,0.37195
337,4,1.0,0.39769,0.0,1.0,0.885,0.62287,0.65,0.34266
338,,1.0,0.3684,-0.1,0.82929,0.685,0.45216,0.55,0.31337
339,3,1.0,0.42411,1.0,0.74358,0.535,0.29645,0.45,0.29908
340,,1.0,0.39482,0.9,0.57287,0.335,0.12574,0.35,0.26979
341,,1.0,0.36553,0.8,0.40216,0.135,-0.04497,0.25,0.2405
342,6,1.0,0.33624,0.715,0.28145,0.02,1.0,0.235,0.26121
343,,1.0,0.30695,0.615,0.11074,-0.18,0.82929,0.135,0.23192
344,5,1.0,0.29266,0.565,0.02503,1.0,0.74358,0.085,0.21763
345,,1.0,0.26337,0.465,-0.14568,0.8,0.57287,-0.015,0.18834
346,4,1.0,0.28408,0.45,1.0,0.685,0.45216,-0.1,0.15905
347,7,1.0,0.26979,0.35,0.84429,0.535,0.36645,1.0,0.21476
348,,1.0,0.2405,0.25,0.67358,0.335,0.19574,0.9,0.18547
349,,1.0,0.21121,0.15,0.50287,0.135,0.02503,0.8,0.15618
350,,1.0,0.18192,0.05,0.33216,-0.065,-0.14568,0.7,0.12689
351,6,1.0,0.15263,-0.035,0.21145,-0.18,1.0,0.685,0.1476
352,5,1.0,0.13834,-0.085,0.12574,1.0,0.91429,0.635,0.13331
353,3,1.0,0.19405,1.0,0.04003,0.85,0.75858,0.535,0.11902
354,,1.0,0.16476,0.9,-0.13068,0.65,0.58787,0.435,0.08973
355,4,1.0,0.18547,0.885,1.0,0.535,0.46716,0.35,0.06044
356,,1.0,0.15618,0.785,0.82929,0.335,0.29645,0.25,0.03115
357,,1.0,0.12689,0.685,0.65858,0.135,0.12574,0.15,0.00186
358,,1.0,0.0976,0.585,0.48787,-0.065,-0.04497,0.05,-0.02743
359,5,1.0,0.08331,0.535,0.40216,1.0,-0.13068,0.0,-0.04172
360,6,1.0,0.05402,0.45,0.28145,0.885,1.0,-0.015,-0.02101
361,8,1.0,0.07473,0.365,0.11074,0.7,0.87929,-0.03,1.0
362,7,1.0,0.06044,0.265,-0.04497,0.55,0.79358,1.0,1.0
363,4,1.0,0.08115,0.25,1.0,0.435,0.67287,0.915,0.97071
364,,1.0,0.05186,0.15,0.82929,0.235,0.50216,0.815,0.94142
365,,1.0,0.02257,0.05,0.65858,0.035,0.33145,0.715,0.91213
366,,1.0,-0.00672,-0.05,0.48787,-0.165,0.16074,0.615,0.88284
367,5,1.0,-0.02101,-0.1,0.40216,1.0,0.07503,0.565,0.86855
368,3,1.0,0.0347,1.0,0.31645,0.85,-0.08068,0.465,0.85426
369,6,1.0,0.00541,0.915,0.19574,0.735,1.0,0.45,0.87497
370,,1.0,-0.02388,0.815,0.02503,0.535,0.82929,0.35,0.84568
371,2,1.0,1.0,0.8,-0.09568,0.35,0.65858,0.265,0.86639
372,4,1.0,1.0,0.785,1.0,0.235,0.53787,0.18,0.8371
373,,1.0,0.97071,0.685,0.82929,0.035,0.36716,0.08,0.80781
374,,1.0,0.94142,0.585,0.65858,-0.165,0.19645,-0.02,0.77852
375,5,1.0,0.92713,0.535,0.57287,1.0,0.11074,-0.07,0.76423
376,7,1.0,0.91284,0.435,0.41716,0.85,0.02503,1.0,0.81994
377,,1.0,0.88355,0.335,0.24645,0.65,-0.14568,0.9,0.79065
378,6,1.0,0.85426,0.25,0.12574,0.535,1.0,0.885,0.81136
379,,1.0,0.82497,0.15,-0.04497,0.335,0.82929,0.785,0.78207
380,4,1.0,0.84568,0.135,1.0,0.22,0.70858,0.7,0.75278
381,,1.0,0.81639,0.035,0.82929,0.02,0.53787,0.6,0.72349
382,,1.0,0.7871,-0.065,0.65858,-0.18,0.36716,0.5,0.6942
383,5,1.0,0.77281,-0.115,0.57287,1.0,0.28145,0.45,0.67991
384,3,1.0,0.82852,1.0,0.48716,0.85,0.12574,0.35,0.66562
385,,1.0,0.79923,0.9,0.31645,0.65,-0.04497,0.25,0.63633
386,6,1.0,0.76994,0.815,0.19574,0.535,1.0,0.235,0.65704
387,,1.0,0.74065,0.715,0.02503,0.335,0.82929,0.135,0.62775
388,,1.0,0.71136,0.615,-0.14568,0.135,0.65858,0.035,0.59846
389,4,1.0,0.73207,0.6,1.0,0.02,0.53787,-0.05,0.56917
390,7,1.0,0.71778,0.5,0.84429,-0.13,0.45216,1.0,0.62488
391,5,1.0,0.70349,0.45,0.75858,1.0,0.36645,0.95,0.61059
392,,1.0,0.6742,0.35,0.58787,0.8,0.19574,0.85,0.5813
393,,1.0,0.64491,0.25,0.41716,0.6,0.02503,0.75,0.55201
394,,1.0,0.61562,0.15,0.24645,0.4,-0.14568,0.65,0.52272
395,6,1.0,0.58633,0.065,0.12574,0.285,1.0,0.635,0.54343
396,,1.0,0.55704,-0.035,-0.04497,0.085,0.82929,0.535,0.51414
397,4,1.0,0.57775,-0.05,1.0,-0.03,0.70858,0.45,0.48485
398,3,1.0,0.63346,1.0,0.91429,-0.18,0.55287,0.35,0.47056
399,5,1.0,0.61917,0.95,0.82858,1.0,0.46716,0.3,0.45627
400,,1.0,0.58988,0.85,0.65787,0.8,0.29645,0.2,0.42698
401,,1.0,0.56059,0.75,0.48716,0.6,0.12574,0.1,0.39769
402,,1.0,0.5313,0.65,0.31645,0.4,-0.04497,0.0,0.3684
403,6,1.0,0.50201,0.565,0.19574,0.285,1.0,-0.015,0.38911
404,7,1.0,0.48772,0.465,0.04003,0.135,0.91429,1.0,0.44482
405,,1.0,0.45843,0.365,-0.13068,-0.065,0.74358,0.9,0.41553
406,4,1.0,0.47914,0.35,1.0,-0.18,0.62287,0.815,0.38624
407,5,1.0,0.46485,0.3,0.91429,1.0,0.53716,0.765,0.37195
408,,1.0,0.43556,0.2,0.74358,0.8,0.36645,0.665,0.34266
409,,1.0,0.40627,0.1,0.57287,0.6,0.19574,0.565,0.31337
410,,1.0,0.37698,0.0,0.40216,0.4,0.02503,0.465,0.28408
411,,1.0,0.34769,-0.1,0.23145,0.2,-0.14568,0.365,0.25479
412,6,1.0,0.3184,-0.185,0.11074,0.085,1.0,0.35,0.2755
413,3,1.0,0.37411,1.0,0.02503,-0.065,0.84429,0.25,0.26121
414,5,1.0,0.35982,0.95,-0.06068,1.0,0.75858,0.2,0.24692
415,4,1.0,0.38053,0.935,1.0,0.885,0.63787,0.115,0.21763
416,,1.0,0.35124,0.835,0.82929,0.685,0.46716,0.015,0.18834
417,,1.0,0.32195,0.735,0.65858,0.485,0.29645,-0.085,0.15905
418,7,1.0,0.30766,0.635,0.50287,0.335,0.21074,1.0,0.21476
419,,1.0,0.27837,0.535,0.33216,0.135,0.04003,0.9,0.18547
420,,1.0,0.24908,0.435,0.16145,-0.065,-0.13068,0.8,0.15618
421,6,1.0,0.21979,0.35,0.04074,-0.18,1.0,0.785,0.17689
422,5,1.0,0.2055,0.3,-0.04497,1.0,0.91429,0.735,0.1626
423,4,1.0,0.22621,0.285,1.0,0.885,0.79358,0.65,0.13331
424,,1.0,0.19692,0.185,0.82929,0.685,0.62287,0.55,0.10402
425,,1.0,0.16763,0.085,0.65858,0.485,0.45216,0.45,0.07473
426,,1.0,0.13834,-0.015,0.48787,0.285,0.28145,0.35,0.04544
427,3,1.0,0.19405,1.0,0.40216,0.135,0.12574,0.25,0.03115
428,,1.0,0.16476,0.9,0.23145,-0.065,-0.04497,0.15,0.00186
429,5,1.0,0.15047,0.85,0.14574,1.0,-0.13068,0.1,-0.01243
430,6,1.0,0.12118,0.765,0.02503,0.885,1.0,0.085,0.00828
431,,1.0,0.09189,0.665,-0.14568,0.685,0.82929,-0.015,-0.02101
432,4,1.0,0.1126,0.65,1.0,0.57,0.70858,-0.1,-0.0503
433,7,1.0,0.09831,0.55,0.84429,0.42,0.62287,1.0,0.00541
434,,1.0,0.06902,0.45,0.67358,0.22,0.45216,0.9,-0.02388
435,8,1.0,0.08973,0.365,0.50287,0.035,0.33145,0.885,1.0
436,,1.0,0.06044,0.265,0.33216,-0.165,0.16074,0.785,0.97071
437,5,1.0,0.04615,0.215,0.24645,1.0,0.07503,0.735,0.95642
438,,1.0,0.01686,0.115,0.07574,0.8,-0.09568,0.635,0.92713
439,6,1.0,-0.01243,0.03,-0.04497,0.685,1.0,0.62,0.94784
440,4,1.0,0.00828,0.015,1.0,0.57,0.87929,0.535,0.91855
441,,1.0,-0.02101,-0.085,0.82929,0.37,0.70858,0.435,0.88926
442,3,1.0,0.0347,1.0,0.74358,0.22,0.55287,0.335,0.87497
443,,1.0,0.00541,0.9,0.57287,0.02,0.38216,0.235,0.84568
444,,1.0,-0.02388,0.8,0.40216,-0.18,0.21145,0.135,0.81639
445,5,1.0,-0.03817,0.75,0.31645,1.0,0.12574,0.085,0.8021
446,2,1.0,1.0,0.735,0.19574,0.815,-0.04497,0.0,0.82281
447,6,1.0,0.97071,0.65,0.07503,0.7,1.0,-0.015,0.84352
448,7,1.0,0.95642,0.55,-0.08068,0.55,0.91429,1.0,0.89923
449,4,1.0,0.97713,0.535,1.0,0.435,0.79358,0.915,0.86994
450,,1.0,0.94784,0.435,0.82929,0.235,0.62287,0.815,0.84065
451,,1.0,0.91855,0.335,0.65858,0.035,0.45216,0.715,0.81136
452,,1.0,0.88926,0.235,0.48787,-0.165,0.28145,0.615,0.78207
453,5,1.0,0.87497,0.185,0.40216,1.0,0.19574,0.565,0.76778
454,,1.0,0.84568,0.085,0.23145,0.8,0.02503,0.465,0.73849
455,,1.0,0.81639,-0.015,0.06074,0.6,-0.14568,0.365,0.7092
456,6,1.0,0.7871,-0.1,-0.05997,0.485,1.0,0.35,0.72991
457,3,1.0,0.84281,1.0,-0.14568,0.335,0.84429,0.25,0.71562
458,4,1.0,0.86352,0.985,1.0,0.22,0.72358,0.165,0.68633
459,,1.0,0.83423,0.885,0.82929,0.02,0.55287,0.065,0.65704
460,,1.0,0.80494,0.785,0.65858,-0.18,0.38216,-0.035,0.62775
461,5,1.0,0.79065,0.735,0.57287,1.0,0.29645,-0.085,0.61346
462,7,1.0,0.77636,0.635,0.41716,0.85,0.21074,1.0,0.66917
463,,1.0,0.74707,0.535,0.24645,0.65,0.04003,0.9,0.63988
464,,1.0,0.71778,0.435,0.07574,0.45,-0.13068,0.8,0.61059
465,6,1.0,0.68849,0.35,-0.04497,0.335,1.0,0.785,0.6313
466,4,1.0,0.7092,0.335,1.0,0.22,0.87929,0.7,0.60201
467,,1.0,0.67991,0.235,0.82929,0.02,0.70858,0.6,0.57272
468,,1.0,0.65062,0.135,0.65858,-0.18,0.53787,0.5,0.54343
469,5,1.0,0.63633,0.085,0.57287,1.0,0.45216,0.45,0.52914
470,,1.0,0.60704,-0.015,0.40216,0.8,0.28145,0.35,0.49985
471,3,1.0,0.66275,1.0,0.31645,0.65,0.12574,0.25,0.48556
472,,1.0,0.63346,0.9,0.14574,0.45,-0.04497,0.15,0.45627
473,6,1.0,0.60417,0.815,0.02503,0.335,1.0,0.135,0.47698
474,,1.0,0.57488,0.715,-0.14568,0.135,0.82929,0.035,0.44769
475,4,1.0,0.59559,0.7,1.0,0.02,0.70858,-0.05,0.4184
476,7,1.0,0.5813,0.6,0.84429,-0.13,0.62287,1.0,0.47411
477,5,1.0,0.56701,0.55,0.75858,1.0,0.53716,0.95,0.45982
478,,1.0,0.53772,0.45,0.58787,0.8,0.36645,0.85,0.43053
479,,1.0,0.50843,0.35,0.41716,0.6,0.19574,0.75,0.40124
480,,1.0,0.47914,0.25,0.24645,0.4,0.02503,0.65,0.37195
481,,1.0,0.44985,0.15,0.07574,0.2,-0.14568,0.55,0.34266
482,6,1.0,0.42056,0.065,-0.04497,0.085,1.0,0.535,0.36337
483,4,1.0,0.44127,0.05,1.0,-0.03,0.87929,0.45,0.33408
484,5,1.0,0.42698,0.0,0.91429,1.0,0.79358,0.4,0.31979
485,,1.0,0.39769,-0.1,0.74358,0.8,0.62287,0.3,0.2905
486,3,1.0,0.4534,1.0,0.65787,0.65,0.46716,0.2,0.27621
487,,1.0,0.42411,0.9,0.48716,0.45,0.29645,0.1,0.24692
488,,1.0,0.39482,0.8,0.31645,0.25,0.12574,0.0,0.21763
489,,1.0,0.36553,0.7,0.14574,0.05,-0.04497,-0.1,0.18834
490,7,1.0,0.35124,0.6,-0.00997,-0.1,-0.13068,1.0,0.24405
491,6,1.0,0.32195,0.515,-0.13068,-0.215,1.0,0.985,0.26476
492,5,1.0,0.30766,0.465,-0.21639,1.0,0.91429,0.935,0.25047
493,4,1.0,0.32837,0.45,1.0,0.885,0.79358,0.85,0.22118
494,,1.0,0.29908,0.35,0.82929,0.685,0.62287,0.75,0.19189
495,,1.0,0.26979,0.25,0.65858,0.485,0.45216,0.65,0.1626
496,,1.0,0.2405,0.15,0.48787,0.285,0.28145,0.55,0.13331
497,,1.0,0.21121,0.05,0.31716,0.085,0.11074,0.45,0.10402
498,,1.0,0.18192,-0.05,0.14645,-0.115,-0.05997,0.35,0.07473
499,5,1.0,0.16763,-0.1,0.06074,1.0,-0.14568,0.3,0.06044
500,6,1.0,0.13834,-0.185,-0.05997,0.885,1.0,0.285,0.08115
501,3,1.0,0.19405,1.0,-0.14568,0.735,0.84429,0.185,0.06686
502,4,1.0,0.21476,0.985,1.0,0.62,0.72358,0.1,0.03757
503,,1.0,0.18547,0.885,0.82929,0.42,0.55287,0.0,0.00828
504,,1.0,0.15618,0.785,0.65858,0.22,0.38216,-0.1,-0.02101
505,7,1.0,0.14189,0.685,0.50287,0.07,0.29645,1.0,0.0347
506,,1.0,0.1126,0.585,0.33216,-0.13,0.12574,0.9,0.00541
507,5,1.0,0.09831,0.535,0.24645,1.0,0.04003,0.85,-0.00888
508,8,1.0,0.11902,0.45,0.07574,0.815,-0.08068,0.835,1.0
509,6,1.0,0.08973,0.365,-0.04497,0.7,1.0,0.82,1.0
510,4,1.0,0.11044,0.35,1.0,0.585,0.87929,0.735,0.97071
511,,1.0,0.08115,0.25,0.82929,0.385,0.70858,0.635,0.94142
512,,1.0,0.05186,0.15,0.65858,0.185,0.53787,0.535,0.91213
513,,1.0,0.02257,0.05,0.48787,-0.015,0.36716,0.435,0.88284
514,5,1.0,0.00828,0.0,0.40216,1.0,0.28145,0.385,0.86855
515,,1.0,-0.02101,-0.1,0.23145,0.8,0.11074,0.285,0.83926
516,3,1.0,0.0347,1.0,0.14574,0.65,-0.04497,0.185,0.82497
517,6,1.0,0.00541,0.915,0.02503,0.535,1.0,0.17,0.84568
518,,1.0,-0.02388,0.815,-0.14568,0.335,0.82929,0.07,0.81639
519,4,1.0,-0.00317,0.8,1.0,0.22,0.70858,-0.015,0.7871
520,7,1.0,-0.01746,0.7,0.84429,0.07,0.62287,1.0,0.84281
521,2,1.0,1.0,0.685,0.72358,-0.115,0.45216,0.915,0.86352
522,5,1.0,0.98571,0.635,0.63787,1.0,0.36645,0.865,0.84923
523,,1.0,0.95642,0.535,0.46716,0.8,0.19574,0.765,0.81994
524,,1.0,0.92713,0.435,0.29645,0.6,0.02503,0.665,0.79065
525,,1.0,0.89784,0.335,0.12574,0.4,-0.14568,0.565,0.76136
526,6,1.0,0.86855,0.25,0.00503,0.285,1.0,0.55,0.78207
527,,1.0,0.83926,0.15,-0.16568,0.085,0.82929,0.45,0.75278
528,4,1.0,0.85997,0.135,1.0,-0.03,0.70858,0.365,0.72349
529,5,1.0,0.84568,0.085,0.91429,1.0,0.62287,0.315,0.7092
530,,1.0,0.81639,-0.015,0.74358,0.8,0.45216,0.215,0.67991
531,3,1.0,0.8721,1.0,0.65787,0.65,0.29645,0.115,0.66562
532,,1.0,0.84281,0.9,0.48716,0.45,0.12574,0.015,0.63633
533,,1.0,0.81352,0.8,0.31645,0.25,-0.04497,-0.085,0.60704
534,7,1.0,0.79923,0.7,0.16074,0.1,-0.13068,1.0,0.66275
535,6,1.0,0.76994,0.615,0.04003,-0.015,1.0,0.985,0.68346
536,5,1.0,0.75565,0.565,-0.04568,1.0,0.91429,0.935,0.66917
537,4,1.0,0.77636,0.55,1.0,0.885,0.79358,0.85,0.63988
538,,1.0,0.74707,0.45,0.82929,0.685,0.62287,0.75,0.61059
539,,1.0,0.71778,0.35,0.65858,0.485,0.45216,0.65,0.5813
540,,1.0,0.68849,0.25,0.48787,0.285,0.28145,0.55,0.55201
541,,1.0,0.6592,0.15,0.31716,0.085,0.11074,0.45,0.52272
542,,1.0,0.62991,0.05,0.14645,-0.115,-0.05997,0.35,0.49343
543,5,1.0,0.61562,0.0,0.06074,1.0,-0.14568,0.3,0.47914
544,6,1.0,0.58633,-0.085,-0.05997,0.885,1.0,0.285,0.49985
545,3,1.0,0.64204,1.0,-0.14568,0.735,0.84429,0.185,0.48556
546,4,1.0,0.66275,0.985,1.0,0.62,0.72358,0.1,0.45627
547,,1.0,0.63346,0.885,0.82929,0.42,0.55287,0.0,0.42698
548,,1.0,0.60417,0.785,0.65858,0.22,0.38216,-0.1,0.39769
549,7,1.0,0.58988,0.685,0.50287,0.07,0.29645,1.0,0.4534
550,,1.0,0.56059,0.585,0.33216,-0.13,0.12574,0.9,0.42411
551,5,1.0,0.5463,0.535,0.24645,1.0,0.04003,0.85,0.40982
552,,1.0,0.51701,0.435,0.07574,0.8,-0.13068,0.75,0.38053
553,6,1.0,0.48772,0.35,-0.04497,0.685,1.0,0.735,0.40124
554,4,1.0,0.50843,0.335,1.0,0.57,0.87929,0.65,0.37195
555,,1.0,0.47914,0.235,0.82929,0.37,0.70858,0.55,0.34266
556,,1.0,0.44985,0.135,0.65858,0.17,0.53787,0.45,0.31337
557,,1.0,0.42056,0.035,0.48787,-0.03,0.36716,0.35,0.28408
558,5,1.0,0.40627,-0.015,0.40216,1.0,0.28145,0.3,0.26979
559,3,1.0,0.46198,1.0,0.31645,0.85,0.12574,0.2,0.2555
560,,1.0,0.43269,0.9,0.14574,0.65,-0.04497,0.1,0.22621
561,6,1.0,0.4034,0.815,0.02503,0.535,1.0,0.085,0.24692
562,,1.0,0.37411,0.715,-0.14568,0.335,0.82929,-0.015,0.21763
563,4,1.0,0.39482,0.7,1.0,0.22,0.70858,-0.1,0.18834
564,7,1.0,0.38053,0.6,0.84429,0.07,0.62287,1.0,0.24405
565,,1.0,0.35124,0.5,0.67358,-0.13,0.45216,0.9,0.21476
566,5,1.0,0.33695,0.45,0.58787,1.0,0.36645,0.85,0.20047
567,,1.0,0.30766,0.35,0.41716,0.8,0.19574,0.75,0.17118
568,,1.0,0.27837,0.25,0.24645,0.6,0.02503,0.65,0.14189
569,,1.0,0.24908,0.15,0.07574,0.4,-0.14568,0.55,0.1126
570,6,1.0,0.21979,0.065,-0.04497,0.285,1.0,0.535,0.13331
571,4,1.0,0.2405,0.05,1.0,0.17,0.87929,0.45,0.10402
572,,1.0,0.21121,-0.05,0.82929,-0.03,0.70858,0.35,0.07473
573,3,1.0,0.26692,1.0,0.74358,-0.18,0.55287,0.25,0.06044
574,5,1.0,0.25263,0.95,0.65787,1.0,0.46716,0.2,0.04615
575,,1.0,0.22334,0.85,0.48716,0.8,0.29645,0.1,0.01686
576,,1.0,0.19405,0.75,0.31645,0.6,0.12574,0.0,-0.01243
577,8,1.0,0.21476,0.665,0.14574,0.415,0.00503,-0.015,1.0
578,7,1.0,0.20047,0.565,-0.00997,0.265,-0.08068,1.0,1.0
579,6,1.0,0.17118,0.48,-0.13068,0.15,1.0,0.985,1.0
580,4,1.0,0.19189,0.465,1.0,0.035,0.87929,0.9,0.97071
581,,1.0,0.1626,0.365,0.82929,-0.165,0.70858,0.8,0.94142
582,5,1.0,0.14831,0.315,0.74358,1.0,0.62287,0.75,0.92713
583,,1.0,0.11902,0.215,0.57287,0.8,0.45216,0.65,0.89784
584,,1.0,0.08973,0.115,0.40216,0.6,0.28145,0.55,0.86855
585,,1.0,0.06044,0.015,0.23145,0.4,0.11074,0.45,0.83926
586,,1.0,0.03115,-0.085,0.06074,0.2,-0.05997,0.35,0.80997
587,3,1.0,0.08686,1.0,-0.02497,0.05,-0.21568,0.25,0.79568
588,6,1.0,0.05757,0.915,-0.14568,-0.065,1.0,0.235,0.81639
589,4,1.0,0.07828,0.9,1.0,-0.18,0.87929,0.15,0.7871
590,5,1.0,0.06399,0.85,0.91429,1.0,0.79358,0.1,0.77281
591,,1.0,0.0347,0.75,0.74358,0.8,0.62287,0.0,0.74352
592,,1.0,0.00541,0.65,0.57287,0.6,0.45216,-0.1,0.71423
593,7,1.0,-0.00888,0.55,0.41716,0.45,0.36645,1.0,0.76994
594,2,1.0,1.0,0.535,0.29645,0.265,0.19574,0.915,0.79065
595,,1.0,0.97071,0.435,0.12574,0.065,0.02503,0.815,0.76136
596,,1.0,0.94142,0.335,-0.04497,-0.135,-0.14568,0.715,0.73207
597,6,1.0,0.91213,0.25,-0.16568,-0.25,1.0,0.7,0.75278
598,5,1.0,0.89784,0.2,-0.25139,1.0,0.91429,0.65,0.73849
599,4,1.0,0.91855,0.185,1.0,0.885,0.79358,0.565,0.7092
600,,1.0,0.88926,0.085,0.82929,0.685,0.62287,0.465,0.67991
601,,1.0,0.85997,-0.015,0.65858,0.485,0.45216,0.365,0.65062
602,3,1.0,0.91568,1.0,0.57287,0.335,0.29645,0.265,0.63633
603,,1.0,0.88639,0.9,0.40216,0.135,0.12574,0.165,0.60704
604,,1.0,0.8571,0.8,0.23145,-0.065,-0.04497,0.065,0.57775
605,5,1.0,0.84281,0.75,0.14574,1.0,-0.13068,0.015,0.56346
606,6,1.0,0.81352,0.665,0.02503,0.885,1.0,0.0,0.58417
607,,1.0,0.78423,0.565,-0.14568,0.685,0.82929,-0.1,0.55488
608,4,1.0,0.80494,0.55,1.0,0.57,0.70858,-0.185,0.52559
609,7,1.0,0.79065,0.45,0.84429,0.42,0.62287,1.0,0.5813
610,,1.0,0.76136,0.35,0.67358,0.22,0.45216,0.9,0.55201
611,,1.0,0.73207,0.25,0.50287,0.02,0.28145,0.8,0.52272
612,,1.0,0.70278,0.15,0.33216,-0.18,0.11074,0.7,0.49343
613,5,1.0,0.68849,0.1,0.24645,1.0,0.02503,0.65,0.47914
614,,1.0,0.6592,0.0,0.07574,0.8,-0.14568,0.55,0.44985
615,6,1.0,0.62991,-0.085,-0.04497,0.685,1.0,0.535,0.47056
616,3,1.0,0.68562,1.0,-0.13068,0.535,0.84429,0.435,0.45627
617,4,1.0,0.70633,0.985,1.0,0.42,0.72358,0.35,0.42698
618,,1.0,0.67704,0.885,0.82929,0.22,0.55287,0.25,0.39769
619,,1.0,0.64775,0.785,0.65858,0.02,0.38216,0.15,0.3684
620,,1.0,0.61846,0.685,0.48787,-0.18,0.21145,0.05,0.33911
621,5,1.0,0.60417,0.635,0.40216,1.0,0.12574,0.0,0.32482
622,,1.0,0.57488,0.535,0.23145,0.8,-0.04497,-0.1,0.29553
623,7,1.0,0.56059,0.435,0.07574,0.65,-0.13068,1.0,0.35124
624,6,1.0,0.5313,0.35,-0.04497,0.535,1.0,0.985,0.37195
625,4,1.0,0.55201,0.335,1.0,0.42,0.87929,0.9,0.34266
626,,1.0,0.52272,0.235,0.82929,0.22,0.70858,0.8,0.31337
627,,1.0,0.49343,0.135,0.65858,0.02,0.53787,0.7,0.28408
628,,1.0,0.46414,0.035,0.48787,-0.18,0.36716,0.6,0.25479
629,5,1.0,0.44985,-0.015,0.40216,1.0,0.28145,0.55,0.2405
630,3,1.0,0.50556,1.0,0.31645,0.85,0.12574,0.45,0.22621
631,,1.0,0.47627,0.9,0.14574,0.65,-0.04497,0.35,0.19692
632,6,1.0,0.44698,0.815,0.02503,0.535,1.0,0.335,0.21763
633,,1.0,0.41769,0.715,-0.14568,0.335,0.82929,0.235,0.18834
634,4,1.0,0.4384,0.7,1.0,0.22,0.70858,0.15,0.15905
635,,1.0,0.40911,0.6,0.82929,0.02,0.53787,0.05,0.12976
636,,1.0,0.37982,0.5,0.65858,-0.18,0.36716,-0.05,0.10047
637,5,1.0,0.36553,0.45,0.57287,1.0,0.28145,-0.1,0.08618
638,7,1.0,0.35124,0.35,0.41716,0.85,0.19574,1.0,0.14189
639,,1.0,0.32195,0.25,0.24645,0.65,0.02503,0.9,0.1126
640,,1.0,0.29266,0.15,0.07574,0.45,-0.14568,0.8,0.08331
641,6,1.0,0.26337,0.065,-0.04497,0.335,1.0,0.785,0.10402
642,4,1.0,0.28408,0.05,1.0,0.22,0.87929,0.7,0.07473
643,,1.0,0.25479,-0.05,0.82929,0.02,0.70858,0.6,0.04544
644,3,1.0,0.3105,1.0,0.74358,-0.13,0.55287,0.5,0.03115
645,5,1.0,0.29621,0.95,0.65787,1.0,0.46716,0.45,0.01686
646,,1.0,0.26692,0.85,0.48716,0.8,0.29645,0.35,-0.01243
647,8,1.0,0.28763,0.765,0.31645,0.615,0.17574,0.335,1.0
648,,1.0,0.25834,0.665,0.14574,0.415,0.00503,0.235,0.97071
649,,1.0,0.22905,0.565,-0.02497,0.215,-0.16568,0.135,0.94142
650,6,1.0,0.19976,0.48,-0.14568,0.1,1.0,0.12,0.96213
651,4,1.0,0.22047,0.465,1.0,-0.015,0.87929,0.035,0.93284
652,5,1.0,0.20618,0.415,0.91429,1.0,0.79358,-0.015,0.91855
653,7,1.0,0.19189,0.315,0.75858,0.85,0.70787,1.0,0.97426
654,,1.0,0.1626,0.215,0.58787,0.65,0.53716,0.9,0.94497
655,,1.0,0.13331,0.115,0.41716,0.45,0.36645,0.8,0.91568
656,,1.0,0.10402,0.015,0.24645,0.25,0.19574,0.7,0.88639
657,,1.0,0.07473,-0.085,0.07574,0.05,0.02503,0.6,0.8571
658,3,1.0,0.13044,1.0,-0.00997,-0.1,-0.13068,0.5,0.84281
659,6,1.0,0.10115,0.915,-0.13068,-0.215,1.0,0.485,0.86352
660,5,1.0,0.08686,0.865,-0.21639,1.0,0.91429,0.435,0.84923
661,4,1.0,0.10757,0.85,1.0,0.885,0.79358,0.35,0.81994
662,,1.0,0.07828,0.75,0.82929,0.685,0.62287,0.25,0.79065
663,,1.0,0.04899,0.65,0.65858,0.485,0.45216,0.15,0.76136
664,,1.0,0.0197,0.55,0.48787,0.285,0.28145,0.05,0.73207
665,,1.0,-0.00959,0.45,0.31716,0.085,0.11074,-0.05,0.70278
666,7,1.0,-0.02388,0.35,0.16145,-0.065,0.02503,1.0,0.75849
667,5,1.0,-0.03817,0.3,0.07574,1.0,-0.06068,0.95,0.7442
668,6,1.0,-0.06746,0.215,-0.04497,0.885,1.0,0.935,0.76491
669,2,1.0,1.0,0.2,-0.16568,0.7,0.82929,0.85,0.78562
670,4,1.0,1.0,0.185,1.0,0.585,0.70858,0.765,0.75633
671,,1.0,0.97071,0.085,0.82929,0.385,0.53787,0.665,0.72704
672,,1.0,0.94142,-0.015,0.65858,0.185,0.36716,0.565,0.69775
673,3,1.0,0.99713,1.0,0.57287,0.035,0.21145,0.465,0.68346
674,,1.0,0.96784,0.9,0.40216,-0.165,0.04074,0.365,0.65417
675,5,1.0,0.95355,0.85,0.31645,1.0,-0.04497,0.315,0.63988
676,6,1.0,0.92426,0.765,0.19574,0.885,1.0,0.3,0.66059
677,,1.0,0.89497,0.665,0.02503,0.685,0.82929,0.2,0.6313
678,,1.0,0.86568,0.565,-0.14568,0.485,0.65858,0.1,0.60201
679,4,1.0,0.88639,0.55,1.0,0.37,0.53787,0.015,0.57272
680,,1.0,0.8571,0.45,0.82929,0.17,0.36716,-0.085,0.54343
681,7,1.0,0.84281,0.35,0.67358,0.02,0.28145,1.0,0.59914
682,,1.0,0.81352,0.25,0.50287,-0.18,0.11074,0.9,0.56985
683,5,1.0,0.79923,0.2,0.41716,1.0,0.02503,0.85,0.55556
684,,1.0,0.76994,0.1,0.24645,0.8,-0.14568,0.75,0.52627
685,6,1.0,0.74065,0.015,0.12574,0.685,1.0,0.735,0.54698
686,,1.0,0.71136,-0.085,-0.04497,0.485,0.82929,0.635,0.51769
687,3,1.0,0.76707,1.0,-0.13068,0.335,0.67358,0.535,0.5034
688,4,1.0,0.78778,0.985,1.0,0.22,0.55287,0.45,0.47411
689,,1.0,0.75849,0.885,0.82929,0.02,0.38216,0.35,0.44482
690,,1.0,0.7292,0.785,0.65858,-0.18,0.21145,0.25,0.41553
691,5,1.0,0.71491,0.735,0.57287,1.0,0.12574,0.2,0.40124
692,,1.0,0.68562,0.635,0.40216,0.8,-0.04497,0.1,0.37195
693,6,1.0,0.65633,0.55,0.28145,0.685,1.0,0.085,0.39266
694,,1.0,0.62704,0.45,0.11074,0.485,0.82929,-0.015,0.36337
695,7,1.0,0.61275,0.35,-0.04497,0.335,0.74358,1.0,0.41908
696,4,1.0,0.63346,0.335,1.0,0.22,0.62287,0.915,0.38979
697,,1.0,0.60417,0.235,0.82929,0.02,0.45216,0.815,0.3605
698,,1.0,0.57488,0.135,0.65858,-0.18,0.28145,0.715,0.33121
699,5,1.0,0.56059,0.085,0.57287,1.0,0.19574,0.665,0.31692
700,,1.0,0.5313,-0.015,0.40216,0.8,0.02503,0.565,0.28763
701,3,1.0,0.58701,1.0,0.31645,0.65,-0.13068,0.465,0.27334
702,6,1.0,0.55772,0.915,0.19574,0.535,1.0,0.45,0.29405
703,,1.0,0.52843,0.815,0.02503,0.335,0.82929,0.35,0.26476
704,,1.0,0.49914,0.715,-0.14568,0.135,0.65858,0.25,0.23547
705,4,1.0,0.51985,0.7,1.0,0.02,0.53787,0.165,0.20618
706,,1.0,0.49056,0.6,0.82929,-0.18,0.36716,0.065,0.17689
707,5,1.0,0.47627,0.55,0.74358,1.0,0.28145,0.015,0.1626
708,,1.0,0.44698,0.45,0.57287,0.8,0.11074,-0.085,0.13331
709,7,1.0,0.43269,0.35,0.41716,0.65,0.02503,1.0,0.18902
710,,1.0,0.4034,0.25,0.24645,0.45,-0.14568,0.9,0.15973
711,6,1.0,0.37411,0.165,0.12574,0.335,1.0,0.885,0.18044
712,,1.0,0.34482,0.065,-0.04497,0.135,0.82929,0.785,0.15115
713,4,1.0,0.36553,0.05,1.0,0.02,0.70858,0.7,0.12186
714,,1.0,0.33624,-0.05,0.82929,-0.18,0.53787,0.6,0.09257
715,5,1.0,0.32195,-0.1,0.74358,1.0,0.45216,0.55,0.07828
716,3,1.0,0.37766,1.0,0.65787,0.85,0.29645,0.45,0.06399
717,,1.0,0.34837,0.9,0.48716,0.65,0.12574,0.35,0.0347
718,,1.0,0.31908,0.8,0.31645,0.45,-0.04497,0.25,0.00541
719,6,1.0,0.28979,0.715,0.19574,0.335,1.0,0.235,0.02612
720,,1.0,0.2605,0.615,0.02503,0.135,0.82929,0.135,-0.00317
721,8,1.0,0.28121,0.53,-0.14568,-0.05,0.70858,0.12,1.0
722,4,1.0,0.30192,0.515,1.0,-0.165,0.58787,0.035,0.97071
723,5,1.0,0.28763,0.465,0.91429,1.0,0.50216,-0.015,0.95642
724,7,1.0,0.27334,0.365,0.75858,0.85,0.41645,1.0,1.0
725,,1.0,0.24405,0.265,0.58787,0.65,0.24574,0.9,0.97071
726,,1.0,0.21476,0.165,0.41716,0.45,0.07503,0.8,0.94142
727,,1.0,0.18547,0.065,0.24645,0.25,-0.09568,0.7,0.91213
728,6,1.0,0.15618,-0.02,0.12574,0.135,1.0,0.685,0.93284
729,3,1.0,0.21189,1.0,0.04003,-0.015,0.84429,0.585,0.91855
730,5,1.0,0.1976,0.95,-0.04568,1.0,0.75858,0.535,0.90426
731,4,1.0,0.21831,0.935,1.0,0.885,0.63787,0.45,0.87497
732,,1.0,0.18902,0.835,0.82929,0.685,0.46716,0.35,0.84568
733,,1.0,0.15973,0.735,0.65858,0.485,0.29645,0.25,0.81639
734,,1.0,0.13044,0.635,0.48787,0.285,0.12574,0.15,0.7871
735,,1.0,0.10115,0.535,0.31716,0.085,-0.04497,0.05,0.75781
736,6,1.0,0.07186,0.45,0.19645,-0.03,1.0,0.035,0.77852
737,5,1.0,0.05757,0.4,0.11074,1.0,0.91429,-0.015,0.76423
738,7,1.0,0.04328,0.3,-0.04497,0.85,0.82858,1.0,0.81994
739,4,1.0,0.06399,0.285,1.0,0.735,0.70787,0.915,0.79065
740,,1.0,0.0347,0.185,0.82929,0.535,0.53716,0.815,0.76136
741,,1.0,0.00541,0.085,0.65858,0.335,0.36645,0.715,0.73207
742,,1.0,-0.02388,-0.015,0.48787,0.135,0.19574,0.615,0.70278
743,2,1.0,1.0,-0.03,0.36716,-0.05,0.02503,0.53,0.72349
744,5,1.0,0.98571,-0.08,0.28145,1.0,-0.06068,0.48,0.7092
745,3,1.0,1.0,1.0,0.19574,0.85,-0.21639,0.38,0.69491
746,6,1.0,0.97071,0.915,0.07503,0.735,1.0,0.365,0.71562
747,,1.0,0.94142,0.815,-0.09568,0.535,0.82929,0.265,0.68633
748,4,1.0,0.96213,0.8,1.0,0.42,0.70858,0.18,0.65704
749,,1.0,0.93284,0.7,0.82929,0.22,0.53787,0.08,0.62775
750,,1.0,0.90355,0.6,0.65858,0.02,0.36716,-0.02,0.59846
751,7,1.0,0.88926,0.5,0.50287,-0.13,0.28145,1.0,0.65417
752,5,1.0,0.87497,0.45,0.41716,1.0,0.19574,0.95,0.63988
753,,1.0,0.84568,0.35,0.24645,0.8,0.02503,0.85,0.61059
754,,1.0,0.81639,0.25,0.07574,0.6,-0.14568,0.75,0.5813
755,6,1.0,0.7871,0.165,-0.04497,0.485,1.0,0.735,0.60201
756,4,1.0,0.80781,0.15,1.0,0.37,0.87929,0.65,0.57272
757,,1.0,0.77852,0.05,0.82929,0.17,0.70858,0.55,0.54343
758,,1.0,0.74923,-0.05,0.65858,-0.03,0.53787,0.45,0.51414
759,3,1.0,0.80494,1.0,0.57287,-0.18,0.38216,0.35,0.49985
760,5,1.0,0.79065,0.95,0.48716,1.0,0.29645,0.3,0.48556
761,,1.0,0.76136,0.85,0.31645,0.8,0.12574,0.2,0.45627
762,,1.0,0.73207,0.75,0.14574,0.6,-0.04497,0.1,0.42698
763,6,1.0,0.70278,0.665,0.02503,0.485,1.0,0.085,0.44769
764,,1.0,0.67349,0.565,-0.14568,0.285,0.82929,-0.015,0.4184
765,4,1.0,0.6942,0.55,1.0,0.17,0.70858,-0.1,0.38911
766,7,1.0,0.67991,0.45,0.84429,0.02,0.62287,1.0,0.44482
767,,1.0,0.65062,0.35,0.67358,-0.18,0.45216,0.9,0.41553
768,5,1.0,0.63633,0.3,0.58787,1.0,0.36645,0.85,0.40124
769,,1.0,0.60704,0.2,0.41716,0.8,0.19574,0.75,0.37195
770,,1.0,0.57775,0.1,0.24645,0.6,0.02503,0.65,0.34266
771,,1.0,0.54846,0.0,0.07574,0.4,-0.14568,0.55,0.31337
772,6,1.0,0.51917,-0.085,-0.04497,0.285,1.0,0.535,0.33408
773,3,1.0,0.57488,1.0,-0.13068,0.135,0.84429,0.435,0.31979
774,4,1.0,0.59559,0.985,1.0,0.02,0.72358,0.35,0.2905
775,,1.0,0.5663,0.885,0.82929,-0.18,0.55287,0.25,0.26121
776,5,1.0,0.55201,0.835,0.74358,1.0,0.46716,0.2,0.24692
777,,1.0,0.52272,0.735,0.57287,0.8,0.29645,0.1,0.21763
778,,1.0,0.49343,0.635,0.40216,0.6,0.12574,0.0,0.18834
779,,1.0,0.46414,0.535,0.23145,0.4,-0.04497,-0.1,0.15905
780,7,1.0,0.44985,0.435,0.07574,0.25,-0.13068,1.0,0.21476
781,6,1.0,0.42056,0.35,-0.04497,0.135,1.0,0.985,0.23547
782,4,1.0,0.44127,0.335,1.0,0.02,0.87929,0.9,0.20618
783,,1.0,0.41198,0.235,0.82929,-0.18,0.70858,0.8,0.17689
784,5,1.0,0.39769,0.185,0.74358,1.0,0.62287,0.75,0.1626
785,,1.0,0.3684,0.085,0.57287,0.8,0.45216,0.65,0.13331
786,,1.0,0.33911,-0.015,0.40216,0.6,0.28145,0.55,0.10402
787,3,1.0,0.39482,1.0,0.31645,0.45,0.12574,0.45,0.08973
788,,1.0,0.36553,0.9,0.14574,0.25,-0.04497,0.35,0.06044
789,6,1.0,0.33624,0.815,0.02503,0.135,1.0,0.335,0.08115
790,,1.0,0.30695,0.715,-0.14568,-0.065,0.82929,0.235,0.05186
791,4,1.0,0.32766,0.7,1.0,-0.18,0.70858,0.15,0.02257
792,5,1.0,0.31337,0.65,0.91429,1.0,0.62287,0.1,0.00828
793,,1.0,0.28408,0.55,0.74358,0.8,0.45216,0.0,-0.02101
794,8,1.0,0.30479,0.465,0.57287,0.615,0.33145,-0.015,1.0
795,7,1.0,0.2905,0.365,0.41716,0.465,0.24574,1.0,1.0
796,,1.0,0.26121,0.265,0.24645,0.265,0.07503,0.9,0.97071
797,,1.0,0.23192,0.165,0.07574,0.065,-0.09568,0.8,0.94142
798,6,1.0,0.20263,0.08,-0.04497,-0.05,1.0,0.785,0.96213
799,5,1.0,0.18834,0.03,-0.13068,1.0,0.91429,0.735,0.94784
800,4,1.0,0.20905,0.015,1.0,0.885,0.79358,0.65,0.91855
801,,1.0,0.17976,-0.085,0.82929,0.685,0.62287,0.55,0.88926
802,3,1.0,0.23547,1.0,0.74358,0.535,0.46716,0.45,0.87497
803,,1.0,0.20618,0.9,0.57287,0.335,0.29645,0.35,0.84568
804,,1.0,0.17689,0.8,0.40216,0.135,0.12574,0.25,0.81639
805,,1.0,0.1476,0.7,0.23145,-0.065,-0.04497,0.15,0.7871
806,5,1.0,0.13331,0.65,0.14574,1.0,-0.13068,0.1,0.77281
807,6,1.0,0.10402,0.565,0.02503,0.885,1.0,0.085,0.79352
808,,1.0,0.07473,0.465,-0.14568,0.685,0.82929,-0.015,0.76423
809,4,1.0,0.09544,0.45,1.0,0.57,0.70858,-0.1,0.73494
810,7,1.0,0.08115,0.35,0.84429,0.42,0.62287,1.0,0.79065
811,,1.0,0.05186,0.25,0.67358,0.22,0.45216,0.9,0.76136
812,,1.0,0.02257,0.15,0.50287,0.02,0.28145,0.8,0.73207
813,,1.0,-0.00672,0.05,0.33216,-0.18,0.11074,0.7,0.70278
814,5,1.0,-0.02101,0.0,0.24645,1.0,0.02503,0.65,0.68849
815,2,1.0,1.0,-0.015,0.12574,0.815,-0.14568,0.565,0.7092
816,6,1.0,0.97071,-0.1,0.00503,0.7,1.0,0.55,0.72991
817,3,1.0,1.0,1.0,-0.08068,0.55,0.84429,0.45,0.71562
818,4,1.0,1.0,0.985,1.0,0.435,0.72358,0.365,0.68633
819,,1.0,0.97071,0.885,0.82929,0.235,0.55287,0.265,0.65704
820,,1.0,0.94142,0.785,0.65858,0.035,0.38216,0.165,0.62775
821,,1.0,0.91213,0.685,0.48787,-0.165,0.21145,0.065,0.59846
822,5,1.0,0.89784,0.635,0.40216,1.0,0.12574,0.015,0.58417
823,,1.0,0.86855,0.535,0.23145,0.8,-0.04497,-0.085,0.55488
824,7,1.0,0.85426,0.435,0.07574,0.65,-0.13068,1.0,0.61059
825,6,1.0,0.82497,0.35,-0.04497,0.535,1.0,0.985,0.6313
826,4,1.0,0.84568,0.335,1.0,0.42,0.87929,0.9,0.60201
827,,1.0,0.81639,0.235,0.82929,0.22,0.70858,0.8,0.57272
828,,1.0,0.7871,0.135,0.65858,0.02,0.53787,0.7,0.54343
829,,1.0,0.75781,0.035,0.48787,-0.18,0.36716,0.6,0.51414
830,5,1.0,0.74352,-0.015,0.40216,1.0,0.28145,0.55,0.49985
831,3,1.0,0.79923,1.0,0.31645,0.85,0.12574,0.45,0.48556
832,,1.0,0.76994,0.9,0.14574,0.65,-0.04497,0.35,0.45627
833,6,1.0,0.74065,0.815,0.02503,0.535,1.0,0.335,0.47698
834,,1.0,0.71136,0.715,-0.14568,0.335,0.82929,0.235,0.44769
835,4,1.0,0.73207,0.7,1.0,0.22,0.70858,0.15,0.4184
836,,1.0,0.70278,0.6,0.82929,0.02,0.53787,0.05,0.38911
837,,1.0,0.67349,0.5,0.65858,-0.18,0.36716,-0.05,0.35982
838,5,1.0,0.6592,0.45,0.57287,1.0,0.28145,-0.1,0.34553
839,7,1.0,0.64491,0.35,0.41716,0.85,0.19574,1.0,0.40124
840,,1.0,0.61562,0.25,0.24645,0.65,0.02503,0.9,0.37195
841,,1.0,0.58633,0.15,0.07574,0.45,-0.14568,0.8,0.34266
842,6,1.0,0.55704,0.065,-0.04497,0.335,1.0,0.785,0.36337
843,4,1.0,0.57775,0.05,1.0,0.22,0.87929,0.7,0.33408
844,,1.0,0.54846,-0.05,0.82929,0.02,0.70858,0.6,0.30479
845,3,1.0,0.60417,1.0,0.74358,-0.13,0.55287,0.5,0.2905
846,5,1.0,0.58988,0.95,0.65787,1.0,0.46716,0.45,0.27621
847,,1.0,0.56059,0.85,0.48716,0.8,0.29645,0.35,0.24692
848,,1.0,0.5313,0.75,0.31645,0.6,0.12574,0.25,0.21763
849,,1.0,0.50201,0.65,0.14574,0.4,-0.04497,0.15,0.18834
850,6,1.0,0.47272,0.565,0.02503,0.285,1.0,0.135,0.20905
851,,1.0,0.44343,0.465,-0.14568,0.085,0.82929,0.035,0.17976
852,4,1.0,0.46414,0.45,1.0,-0.03,0.70858,-0.05,0.15047
853,7,1.0,0.44985,0.35,0.84429,-0.18,0.62287,1.0,0.20618
854,5,1.0,0.43556,0.3,0.75858,1.0,0.53716,0.95,0.19189
855,,1.0,0.40627,0.2,0.58787,0.8,0.36645,0.85,0.1626
856,,1.0,0.37698,0.1,0.41716,0.6,0.19574,0.75,0.13331
857,,1.0,0.34769,0.0,0.24645,0.4,0.02503,0.65,0.10402
858,,1.0,0.3184,-0.1,0.07574,0.2,-0.14568,0.55,0.07473
859,6,1.0,0.28911,-0.185,-0.04497,0.085,1.0,0.535,0.09544
860,3,1.0,0.34482,1.0,-0.13068,-0.065,0.84429,0.435,0.08115
861,4,1.0,0.36553,0.985,1.0,-0.18,0.72358,0.35,0.05186
862,5,1.0,0.35124,0.935,0.91429,1.0,0.63787,0.3,0.03757
863,,1.0,0.32195,0.835,0.74358,0.8,0.46716,0.2,0.00828
864,,1.0,0.29266,0.735,0.57287,0.6,0.29645,0.1,-0.02101
865,8,1.0,0.31337,0.65,0.40216,0.415,0.17574,0.085,1.0
866,,1.0,0.28408,0.55,0.23145,0.215,0.00503,-0.015,0.97071
867,7,1.0,0.26979,0.45,0.07574,0.065,-0.08068,1.0,1.0
868,6,1.0,0.2405,0.365,-0.04497,-0.05,1.0,0.985,1.0
869,5,1.0,0.22621,0.315,-0.13068,1.0,0.91429,0.935,0.98571
870,4,1.0,0.24692,0.3,1.0,0.885,0.79358,0.85,0.95642
871,,1.0,0.21763,0.2,0.82929,0.685,0.62287,0.75,0.92713
872,,1.0,0.18834,0.1,0.65858,0.485,0.45216,0.65,0.89784
873,,1.0,0.15905,0.0,0.48787,0.285,0.28145,0.55,0.86855
874,,1.0,0.12976,-0.1,0.31716,0.085,0.11074,0.45,0.83926
875,3,1.0,0.18547,1.0,0.23145,-0.065,-0.04497,0.35,0.82497
876,5,1.0,0.17118,0.95,0.14574,1.0,-0.13068,0.3,0.81068
877,6,1.0,0.14189,0.865,0.02503,0.885,1.0,0.285,0.83139
878,,1.0,0.1126,0.765,-0.14568,0.685,0.82929,0.185,0.8021
879,4,1.0,0.13331,0.75,1.0,0.57,0.70858,0.1,0.77281
880,,1.0,0.10402,0.65,0.82929,0.37,0.53787,0.0,0.74352
881,,1.0,0.07473,0.55,0.65858,0.17,0.36716,-0.1,0.71423
882,7,1.0,0.06044,0.45,0.50287,0.02,0.28145,1.0,0.76994
883,,1.0,0.03115,0.35,0.33216,-0.18,0.11074,0.9,0.74065
884,5,1.0,0.01686,0.3,0.24645,1.0,0.02503,0.85,0.72636
885,,1.0,-0.01243,0.2,0.07574,0.8,-0.14568,0.75,0.69707
886,6,1.0,-0.04172,0.115,-0.04497,0.685,1.0,0.735,0.71778
887,4,1.0,-0.02101,0.1,1.0,0.57,0.87929,0.65,0.68849
888,2,1.0,1.0,0.085,0.87929,0.385,0.70858,0.565,0.7092
889,,1.0,0.97071,-0.015,0.70858,0.185,0.53787,0.465,0.67991
890,3,1.0,1.0,1.0,0.62287,0.035,0.38216,0.365,0.66562
891,,1.0,0.97071,0.9,0.45216,-0.165,0.21145,0.265,0.63633
892,5,1.0,0.95642,0.85,0.36645,1.0,0.12574,0.215,0.62204
893,,1.0,0.92713,0.75,0.19574,0.8,-0.04497,0.115,0.59275
894,6,1.0,0.89784,0.665,0.07503,0.685,1.0,0.1,0.61346
895,,1.0,0.86855,0.565,-0.09568,0.485,0.82929,0.0,0.58417
896,4,1.0,0.88926,0.55,1.0,0.37,0.70858,-0.085,0.55488
897,7,1.0,0.87497,0.45,0.84429,0.22,0.62287,1.0,0.61059
898,,1.0,0.84568,0.35,0.67358,0.02,0.45216,0.9,0.5813
899,,1.0,0.81639,0.25,0.50287,-0.18,0.28145,0.8,0.55201
900,5,1.0,0.8021,0.2,0.41716,1.0,0.19574,0.75,0.53772
901,,1.0,0.77281,0.1,0.24645,0.8,0.02503,0.65,0.50843
902,,1.0,0.74352,0.0,0.07574,0.6,-0.14568,0.55,0.47914
903,6,1.0,0.71423,-0.085,-0.04497,0.485,1.0,0.535,0.49985
904,3,1.0,0.76994,1.0,-0.13068,0.335,0.84429,0.435,0.48556
905,4,1.0,0.79065,0.985,1.0,0.22,0.72358,0.35,0.45627
906,,1.0,0.76136,0.885,0.82929,0.02,0.55287,0.25,0.42698
907,,1.0,0.73207,0.785,0.65858,-0.18,0.38216,0.15,0.39769
908,5,1.0,0.71778,0.735,0.57287,1.0,0.29645,0.1,0.3834
909,,1.0,0.68849,0.635,0.40216,0.8,0.12574,0.0,0.35411
910,,1.0,0.6592,0.535,0.23145,0.6,-0.04497,-0.1,0.32482
911,7,1.0,0.64491,0.435,0.07574,0.45,-0.13068,1.0,0.38053
912,6,1.0,0.61562,0.35,-0.04497,0.335,1.0,0.985,0.40124
913,4,1.0,0.63633,0.335,1.0,0.22,0.87929,0.9,0.37195
914,,1.0,0.60704,0.235,0.82929,0.02,0.70858,0.8,0.34266
915,,1.0,0.57775,0.135,0.65858,-0.18,0.53787,0.7,0.31337
916,5,1.0,0.56346,0.085,0.57287,1.0,0.45216,0.65,0.29908
917,,1.0,0.53417,-0.015,0.40216,0.8,0.28145,0.55,0.26979
918,3,1.0,0.58988,1.0,0.31645,0.65,0.12574,0.45,0.2555
919,,1.0,0.56059,0.9,0.14574,0.45,-0.04497,0.35,0.22621
920,6,1.0,0.5313,0.815,0.02503,0.335,1.0,0.335,0.24692
921,,1.0,0.50201,0.715,-0.14568,0.135,0.82929,0.235,0.21763
922,4,1.0,0.52272,0.7,1.0,0.02,0.70858,0.15,0.18834
923,,1.0,0.49343,0.6,0.82929,-0.18,0.53787,0.05,0.15905
924,5,1.0,0.47914,0.55,0.74358,1.0,0.45216,0.0,0.14476
925,,1.0,0.44985,0.45,0.57287,0.8,0.28145,-0.1,0.11547
926,7,1.0,0.43556,0.35,0.41716,0.65,0.19574,1.0,0.17118
927,,1.0,0.40627,0.25,0.24645,0.45,0.02503,0.9,0.14189
928,,1.0,0.37698,0.15,0.07574,0.25,-0.14568,0.8,0.1126
929,6,1.0,0.34769,0.065,-0.04497,0.135,1.0,0.785,0.13331
930,4,1.0,0.3684,0.05,1.0,0.02,0.87929,0.7,0.10402
931,,1.0,0.33911,-0.05,0.82929,-0.18,0.70858,0.6,0.07473
932,5,1.0,0.32482,-0.1,0.74358,1.0,0.62287,0.55,0.06044
933,3,1.0,0.38053,1.0,0.65787,0.85,0.46716,0.45,0.04615
934,,1.0,0.35124,0.9,0.48716,0.65,0.29645,0.35,0.01686
935,,1.0,0.32195,0.8,0.31645,0.45,0.12574,0.25,-0.01243
936,8,1.0,0.34266,0.715,0.14574,0.265,0.00503,0.235,1.0
937,,1.0,0.31337,0.615,-0.02497,0.065,-0.16568,0.135,0.97071
938,6,1.0,0.28408,0.53,-0.14568,-0.05,1.0,0.12,0.99142
939,4,1.0,0.30479,0.515,1.0,-0.165,0.87929,0.035,0.96213
940,5,1.0,0.2905,0.465,0.91429,1.0,0.79358,-0.015,0.94784
941,7,1.0,0.27621,0.365,0.75858,0.85,0.70787,1.0,1.0
942,,1.0,0.24692,0.265,0.58787,0.65,0.53716,0.9,0.97071
943,,1.0,0.21763,0.165,0.41716,0.45,0.36645,0.8,0.94142
944,,1.0,0.18834,0.065,0.24645,0.25,0.19574,0.7,0.91213
945,,1.0,0.15905,-0.035,0.07574,0.05,0.02503,0.6,0.88284
946,3,1.0,0.21476,1.0,-0.00997,-0.1,-0.13068,0.5,0.86855
947,6,1.0,0.18547,0.915,-0.13068,-0.215,1.0,0.485,0.88926
948,5,1.0,0.17118,0.865,-0.21639,1.0,0.91429,0.435,0.87497
949,4,1.0,0.19189,0.85,1.0,0.885,0.79358,0.35,0.84568
950,,1.0,0.1626,0.75,0.82929,0.685,0.62287,0.25,0.81639
951,,1.0,0.13331,0.65,0.65858,0.485,0.45216,0.15,0.7871
952,,1.0,0.10402,0.55,0.48787,0.285,0.28145,0.05,0.75781
953,,1.0,0.07473,0.45,0.31716,0.085,0.11074,-0.05,0.72852
954,7,1.0,0.06044,0.35,0.16145,-0.065,0.02503,1.0,0.78423
955,5,1.0,0.04615,0.3,0.07574,1.0,-0.06068,0.95,0.76994
956,6,1.0,0.01686,0.215,-0.04497,0.885,1.0,0.935,0.79065
957,4,1.0,0.03757,0.2,1.0,0.77,0.87929,0.85,0.76136
958,,1.0,0.00828,0.1,0.82929,0.57,0.70858,0.75,0.73207
959,,1.0,-0.02101,0.0,0.65858,0.37,0.53787,0.65,0.70278
960,2,1.0,1.0,-0.015,0.53787,0.185,0.36716,0.565,0.72349
961,3,1.0,1.0,1.0,0.45216,0.035,0.21145,0.465,0.7092
962,,1.0,0.97071,0.9,0.28145,-0.165,0.04074,0.365,0.67991
963,5,1.0,0.95642,0.85,0.19574,1.0,-0.04497,0.315,0.66562
964,6,1.0,0.92713,0.765,0.07503,0.885,1.0,0.3,0.68633
965,,1.0,0.89784,0.665,-0.09568,0.685,0.82929,0.2,0.65704
966,4,1.0,0.91855,0.65,1.0,0.57,0.70858,0.115,0.62775
967,,1.0,0.88926,0.55,0.82929,0.37,0.53787,0.015,0.59846
968,,1.0,0.85997,0.45,0.65858,0.17,0.36716,-0.085,0.56917
969,7,1.0,0.84568,0.35,0.50287,0.02,0.28145,1.0,0.62488
970,,1.0,0.81639,0.25,0.33216,-0.18,0.11074,0.9,0.59559
971,5,1.0,0.8021,0.2,0.24645,1.0,0.02503,0.85,0.5813
972,,1.0,0.77281,0.1,0.07574,0.8,-0.14568,0.75,0.55201
973,6,1.0,0.74352,0.015,-0.04497,0.685,1.0,0.735,0.57272
974,4,1.0,0.76423,0.0,1.0,0.57,0.87929,0.65,0.54343
975,,1.0,0.73494,-0.1,0.82929,0.37,0.70858,0.55,0.51414
976,3,1.0,0.79065,1.0,0.74358,0.22,0.55287,0.45,0.49985
977,,1.0,0.76136,0.9,0.57287,0.02,0.38216,0.35,0.47056
978,,1.0,0.73207,0.8,0.40216,-0.18,0.21145,0.25,0.44127
979,5,1.0,0.71778,0.75,0.31645,1.0,0.12574,0.2,0.42698
980,,1.0,0.68849,0.65,0.14574,0.8,-0.04497,0.1,0.39769
981,6,1.0,0.6592,0.565,0.02503,0.685,1.0,0.085,0.4184
982,,1.0,0.62991,0.465,-0.14568,0.485,0.82929,-0.015,0.38911
983,4,1.0,0.65062,0.45,1.0,0.37,0.70858,-0.1,0.35982
984,7,1.0,0.63633,0.35,0.84429,0.22,0.62287,1.0,0.41553
985,,1.0,0.60704,0.25,0.67358,0.02,0.45216,0.9,0.38624
986,,1.0,0.57775,0.15,0.50287,-0.18,0.28145,0.8,0.35695
987,5,1.0,0.56346,0.1,0.41716,1.0,0.19574,0.75,0.34266
988,,1.0,0.53417,0.0,0.24645,0.8,0.02503,0.65,0.31337
989,,1.0,0.50488,-0.1,0.07574,0.6,-0.14568,0.55,0.28408
990,6,1.0,0.47559,-0.185,-0.04497,0.485,1.0,0.535,0.30479
991,3,1.0,0.5313,1.0,-0.13068,0.335,0.84429,0.435,0.2905
992,4,1.0,0.55201,0.985,1.0,0.22,0.72358,0.35,0.26121
993,,1.0,0.52272,0.885,0.82929,0.02,0.55287,0.25,0.23192
994,,1.0,0.49343,0.785,0.65858,-0.18,0.38216,0.15,0.20263
995,5,1.0,0.47914,0.735,0.57287,1.0,0.29645,0.1,0.18834
996,,1.0,0.44985,0.635,0.40216,0.8,0.12574,0.0,0.15905
997,,1.0,0.42056,0.535,0.23145,0.6,-0.04497,-0.1,0.12976
998,7,1.0,0.40627,0.435,0.07574,0.45,-0.13068,1.0,0.18547
999,6,1.0,0.37698,0.35,-0.04497,0.335,1.0,0.985,0.20618
1000,4,1.0,0.39769,0.335,1.0,0.22,0.87929,0.9,0.17689
1001,,1.0,0.3684,0.235,0.82929,0.02,0.70858,0.8,0.1476
1002,,1.0,0.33911,0.135,0.65858,-0.18,0.53787,0.7,0.11831
1003,5,1.0,0.32482,0.085,0.57287,1.0,0.45216,0.65,0.10402
1004,,1.0,0.29553,-0.015,0.40216,0.8,0.28145,0.55,0.07473
1005,3,1.0,0.35124,1.0,0.31645,0.65,0.12574,0.45,0.06044
1006,,1.0,0.32195,0.9,0.14574,0.45,-0.04497,0.35,0.03115
1007,6,1.0,0.29266,0.815,0.02503,0.335,1.0,0.335,0.05186
1008,,1.0,0.26337,0.715,-0.14568,0.135,0.82929,0.235,0.02257
1009,4,1.0,0.28408,0.7,1.0,0.02,0.70858,0.15,-0.00672
1010,8,1.0,0.30479,0.615,0.82929,-0.165,0.58787,0.135,1.0
1011,5,1.0,0.2905,0.565,0.74358,1.0,0.50216,0.085,0.98571
1012,,1.0,0.26121,0.465,0.57287,0.8,0.33145,-0.015,0.95642
1013,7,1.0,0.24692,0.365,0.41716,0.65,0.24574,1.0,1.0
1014,,1.0,0.21763,0.265,0.24645,0.45,0.07503,0.9,0.97071
1015,,1.0,0.18834,0.165,0.07574,0.25,-0.09568,0.8,0.94142
1016,6,1.0,0.15905,0.08,-0.04497,0.135,1.0,0.785,0.96213
1017,4,1.0,0.17976,0.065,1.0,0.02,0.87929,0.7,0.93284
1018,,1.0,0.15047,-0.035,0.82929,-0.18,0.70858,0.6,0.90355
1019,5,1.0,0.13618,-0.085,0.74358,1.0,0.62287,0.55,0.88926
1020,3,1.0,0.19189,1.0,0.65787,0.85,0.46716,0.45,0.87497
1021,,1.0,0.1626,0.9,0.48716,0.65,0.29645,0.35,0.84568
1022,,1.0,0.13331,0.8,0.31645,0.45,0.12574,0.25,0.81639
1023,,1.0,0.10402,0.7,0.14574,0.25,-0.04497,0.15,0.7871
1024,6,1.0,0.07473,0.615,0.02503,0.135,1.0,0.135,0.80781
1025,,1.0,0.04544,0.515,-0.14568,-0.065,0.82929,0.035,0.77852
1026,4,1.0,0.06615,0.5,1.0,-0.18,0.70858,-0.05,0.74923
1027,5,1.0,0.05186,0.45,0.91429,1.0,0.62287,-0.1,0.73494
1028,7,1.0,0.03757,0.35,0.75858,0.85,0.53716,1.0,0.79065
1029,,1.0,0.00828,0.25,0.58787,0.65,0.36645,0.9,0.76136
1030,,1.0,-0.02101,0.15,0.41716,0.45,0.19574,0.8,0.73207
1031,2,1.0,1.0,0.135,0.29645,0.265,0.02503,0.715,0.75278
1032,,1.0,0.97071,0.035,0.12574,0.065,-0.14568,0.615,0.72349
1033,6,1.0,0.94142,-0.05,0.00503,-0.05,1.0,0.6,0.7442
1034,5,1.0,0.92713,-0.1,-0.08068,1.0,0.91429,0.55,0.72991
1035,3,1.0,0.98284,1.0,-0.16639,0.85,0.75858,0.45,0.71562
1036,4,1.0,1.0,0.985,1.0,0.735,0.63787,0.365,0.68633
1037,,1.0,0.97071,0.885,0.82929,0.535,0.46716,0.265,0.65704
1038,,1.0,0.94142,0.785,0.65858,0.335,0.29645,0.165,0.62775
1039,,1.0,0.91213,0.685,0.48787,0.135,0.12574,0.065,0.59846
1040,,1.0,0.88284,0.585,0.31716,-0.065,-0.04497,-0.035,0.56917
1041,5,1.0,0.86855,0.535,0.23145,1.0,-0.13068,-0.085,0.55488
1042,6,1.0,0.83926,0.45,0.11074,0.885,1.0,-0.1,0.57559
1043,7,1.0,0.82497,0.35,-0.04497,0.735,0.91429,1.0,0.6313
1044,4,1.0,0.84568,0.335,1.0,0.62,0.79358,0.915,0.60201
1045,,1.0,0.81639,0.235,0.82929,0.42,0.62287,0.815,0.57272
1046,,1.0,0.7871,0.135,0.65858,0.22,0.45216,0.715,0.54343
1047,,1.0,0.75781,0.035,0.48787,0.02,0.28145,0.615,0.51414
1048,,1.0,0.72852,-0.065,0.31716,-0.18,0.11074,0.515,0.48485
1049,5,1.0,0.71423,-0.115,0.23145,1.0,0.02503,0.465,0.47056
1050,3,1.0,0.76994,1.0,0.14574,0.85,-0.13068,0.365,0.45627
1051,6,1.0,0.74065,0.915,0.02503,0.735,1.0,0.35,0.47698
1052,,1.0,0.71136,0.815,-0.14568,0.535,0.82929,0.25,0.44769
1053,4,1.0,0.73207,0.8,1.0,0.42,0.70858,0.165,0.4184
1054,,1.0,0.70278,0.7,0.82929,0.22,0.53787,0.065,0.38911
1055,,1.0,0.67349,0.6,0.65858,0.02,0.36716,-0.035,0.35982
1056,7,1.0,0.6592,0.5,0.50287,-0.13,0.28145,1.0,0.41553
1057,5,1.0,0.64491,0.45,0.41716,1.0,0.19574,0.95,0.40124
1058,,1.0,0.61562,0.35,0.24645,0.8,0.02503,0.85,0.37195
1059,,1.0,0.58633,0.25,0.07574,0.6,-0.14568,0.75,0.34266
1060,6,1.0,0.55704,0.165,-0.04497,0.485,1.0,0.735,0.36337
1061,4,1.0,0.57775,0.15,1.0,0.37,0.87929,0.65,0.33408
1062,,1.0,0.54846,0.05,0.82929,0.17,0.70858,0.55,0.30479
1063,,1.0,0.51917,-0.05,0.65858,-0.03,0.53787,0.45,0.2755
1064,3,1.0,0.57488,1.0,0.57287,-0.18,0.38216,0.35,0.26121
1065,5,1.0,0.56059,0.95,0.48716,1.0,0.29645,0.3,0.24692
1066,,1.0,0.5313,0.85,0.31645,0.8,0.12574,0.2,0.21763
1067,,1.0,0.50201,0.75,0.14574,0.6,-0.04497,0.1,0.18834
1068,6,1.0,0.47272,0.665,0.02503,0.485,1.0,0.085,0.20905
1069,,1.0,0.44343,0.565,-0.14568,0.285,0.82929,-0.015,0.17976
1070,4,1.0,0.46414,0.55,1.0,0.17,0.70858,-0.1,0.15047
1071,7,1.0,0.44985,0.45,0.84429,0.02,0.62287,1.0,0.20618
1072,,1.0,0.42056,0.35,0.67358,-0.18,0.45216,0.9,0.17689
1073,5,1.0,0.40627,0.3,0.58787,1.0,0.36645,0.85,0.1626
1074,,1.0,0.37698,0.2,0.41716,0.8,0.19574,0.75,0.13331
1075,,1.0,0.34769,0.1,0.24645,0.6,0.02503,0.65,0.10402
1076,,1.0,0.3184,0.0,0.07574,0.4,-0.14568,0.55,0.07473
1077,6,1.0,0.28911,-0.085,-0.04497,0.285,1.0,0.535,0.09544
1078,3,1.0,0.34482,1.0,-0.13068,0.135,0.84429,0.435,0.08115
1079,4,1.0,0.36553,0.985,1.0,0.02,0.72358,0.35,0.05186
1080,,1.0,0.33624,0.885,0.82929,-0.18,0.55287,0.25,0.02257
1081,5,1.0,0.32195,0.835,0.74358,1.0,0.46716,0.2,0.00828
1082,,1.0,0.29266,0.735,0.57287,0.8,0.29645,0.1,-0.02101
1083,8,1.0,0.31337,0.65,0.40216,0.615,0.17574,0.085,1.0
1084,,1.0,0.28408,0.55,0.23145,0.415,0.00503,-0.015,0.97071
1085,7,1.0,0.26979,0.45,0.07574,0.265,-0.08068,1.0,1.0
1086,6,1.0,0.2405,0.365,-0.04497,0.15,1.0,0.985,1.0
1087,4,1.0,0.26121,0.35,1.0,0.035,0.87929,0.9,0.97071
1088,,1.0,0.23192,0.25,0.82929,-0.165,0.70858,0.8,0.94142
1089,5,1.0,0.21763,0.2,0.74358,1.0,0.62287,0.75,0.92713
1090,,1.0,0.18834,0.1,0.57287,0.8,0.45216,0.65,0.89784
1091,,1.0,0.15905,0.0,0.40216,0.6,0.28145,0.55,0.86855
1092,,1.0,0.12976,-0.1,0.23145,0.4,0.11074,0.45,0.83926
1093,3,1.0,0.18547,1.0,0.14574,0.25,-0.04497,0.35,0.82497
1094,6,1.0,0.15618,0.915,0.02503,0.135,1.0,0.335,0.84568
1095,,1.0,0.12689,0.815,-0.14568,-0.065,0.82929,0.235,0.81639
1096,4,1.0,0.1476,0.8,1.0,-0.18,0.70858,0.15,0.7871
1097,5,1.0,0.13331,0.75,0.91429,1.0,0.62287,0.1,0.77281
1098,,1.0,0.10402,0.65,0.74358,0.8,0.45216,0.0,0.74352
1099,,1.0,0.07473,0.55,0.57287,0.6,0.28145,-0.1,0.71423
1100,7,1.0,0.06044,0.45,0.41716,0.45,0.19574,1.0,0.76994
1101,,1.0,0.03115,0.35,0.24645,0.25,0.02503,0.9,0.74065
1102,,1.0,0.00186,0.25,0.07574,0.05,-0.14568,0.8,0.71136
1103,6,1.0,-0.02743,0.165,-0.04497,-0.065,1.0,0.785,0.73207
1104,5,1.0,-0.04172,0.115,-0.13068,1.0,0.91429,0.735,0.71778
1105,4,1.0,-0.02101,0.1,1.0,0.885,0.79358,0.65,0.68849
1106,2,1.0,1.0,0.085,0.87929,0.7,0.62287,0.565,0.7092
1107,,1.0,0.97071,-0.015,0.70858,0.5,0.45216,0.465,0.67991
1108,3,1.0,1.0,1.0,0.62287,0.35,0.29645,0.365,0.66562
1109,,1.0,0.97071,0.9,0.45216,0.15,0.12574,0.265,0.63633
1110,,1.0,0.94142,0.8,0.28145,-0.05,-0.04497,0.165,0.60704
1111,5,1.0,0.92713,0.75,0.19574,1.0,-0.13068,0.115,0.59275
1112,6,1.0,0.89784,0.665,0.07503,0.885,1.0,0.1,0.61346
1113,,1.0,0.86855,0.565,-0.09568,0.685,0.82929,0.0,0.58417
1114,4,1.0,0.88926,0.55,1.0,0.57,0.70858,-0.085,0.55488
1115,7,1.0,0.87497,0.45,0.84429,0.42,0.62287,1.0,0.61059
1116,,1.0,0.84568,0.35,0.67358,0.22,0.45216,0.9,0.5813
1117,,1.0,0.81639,0.25,0.50287,0.02,0.28145,0.8,0.55201
1118,,1.0,0.7871,0.15,0.33216,-0.18,0.11074,0.7,0.52272
1119,5,1.0,0.77281,0.1,0.24645,1.0,0.02503,0.65,0.50843
1120,,1.0,0.74352,0.0,0.07574,0.8,-0.14568,0.55,0.47914
1121,6,1.0,0.71423,-0.085,-0.04497,0.685,1.0,0.535,0.49985
1122,3,1.0,0.76994,1.0,-0.13068,0.535,0.84429,0.435,0.48556
1123,4,1.0,0.79065,0.985,1.0,0.42,0.72358,0.35,0.45627
1124,,1.0,0.76136,0.885,0.82929,0.22,0.55287,0.25,0.42698
1125,,1.0,0.73207,0.785,0.65858,0.02,0.38216,0.15,0.39769
1126,,1.0,0.70278,0.685,0.48787,-0.18,0.21145,0.05,0.3684
1127,5,1.0,0.68849,0.635,0.40216,1.0,0.12574,0.0,0.35411
1128,,1.0,0.6592,0.535,0.23145,0.8,-0.04497,-0.1,0.32482
1129,7,1.0,0.64491,0.435,0.07574,0.65,-0.13068,1.0,0.38053
1130,6,1.0,0.61562,0.35,-0.04497,0.535,1.0,0.985,0.40124
1131,4,1.0,0.63633,0.335,1.0,0.42,0.87929,0.9,0.37195
1132,,1.0,0.60704,0.235,0.82929,0.22,0.70858,0.8,0.34266
1133,,1.0,0.57775,0.135,0.65858,0.02,0.53787,0.7,0.31337
1134,,1.0,0.54846,0.035,0.48787,-0.18,0.36716,0.6,0.28408
1135,5,1.0,0.53417,-0.015,0.40216,1.0,0.28145,0.55,0.26979
1136,3,1.0,0.58988,1.0,0.31645,0.85,0.12574,0.45,0.2555
1137,,1.0,0.56059,0.9,0.14574,0.65,-0.04497,0.35,0.22621
1138,6,1.0,0.5313,0.815,0.02503,0.535,1.0,0.335,0.24692
1139,,1.0,0.50201,0.715,-0.14568,0.335,0.82929,0.235,0.21763
1140,4,1.0,0.52272,0.7,1.0,0.22,0.70858,0.15,0.18834
1141,,1.0,0.49343,0.6,0.82929,0.02,0.53787,0.05,0.15905
1142,,1.0,0.46414,0.5,0.65858,-0.18,0.36716,-0.05,0.12976
1143,5,1.0,0.44985,0.45,0.57287,1.0,0.28145,-0.1,0.11547
1144,7,1.0,0.43556,0.35,0.41716,0.85,0.19574,1.0,0.17118
1145,,1.0,0.40627,0.25,0.24645,0.65,0.02503,0.9,0.14189
1146,,1.0,0.37698,0.15,0.07574,0.45,-0.14568,0.8,0.1126
1147,6,1.0,0.34769,0.065,-0.04497,0.335,1.0,0.785,0.13331
1148,4,1.0,0.3684,0.05,1.0,0.22,0.87929,0.7,0.10402
1149,,1.0,0.33911,-0.05,0.82929,0.02,0.70858,0.6,0.07473
1150,3,1.0,0.39482,1.0,0.74358,-0.13,0.55287,0.5,0.06044
1151,5,1.0,0.38053,0.95,0.65787,1.0,0.46716,0.45,0.04615
1152,,1.0,0.35124,0.85,0.48716,0.8,0.29645,0.35,0.01686
1153,,1.0,0.32195,0.75,0.31645,0.6,0.12574,0.25,-0.01243
1154,8,1.0,0.34266,0.665,0.14574,0.415,0.00503,0.235,1.0
1155,,1.0,0.31337,0.565,-0.02497,0.215,-0.16568,0.135,0.97071
1156,6,1.0,0.28408,0.48,-0.14568,0.1,1.0,0.12,0.99142
1157,4,1.0,0.30479,0.465,1.0,-0.015,0.87929,0.035,0.96213
1158,5,1.0,0.2905,0.415,0.91429,1.0,0.79358,-0.015,0.94784
1159,7,1.0,0.27621,0.315,0.75858,0.85,0.70787,1.0,1.0
1160,,1.0,0.24692,0.215,0.58787,0.65,0.53716,0.9,0.97071
1161,,1.0,0.21763,0.115,0.41716,0.45,0.36645,0.8,0.94142
1162,,1.0,0.18834,0.015,0.24645,0.25,0.19574,0.7,0.91213
1163,,1.0,0.15905,-0.085,0.07574,0.05,0.02503,0.6,0.88284
1164,3,1.0,0.21476,1.0,-0.00997,-0.1,-0.13068,0.5,0.86855
1165,6,1.0,0.18547,0.915,-0.13068,-0.215,1.0,0.485,0.88926
1166,5,1.0,0.17118,0.865,-0.21639,1.0,0.91429,0.435,0.87497
1167,4,1.0,0.19189,0.85,1.0,0.885,0.79358,0.35,0.84568
1168,,1.0,0.1626,0.75,0.82929,0.685,0.62287,0.25,0.81639
1169,,1.0,0.13331,0.65,0.65858,0.485,0.45216,0.15,0.7871
1170,,1.0,0.10402,0.55,0.48787,0.285,0.28145,0.05,0.75781
1171,,1.0,0.07473,0.45,0.31716,0.085,0.11074,-0.05,0.72852
1172,7,1.0,0.06044,0.35,0.16145,-0.065,0.02503,1.0,0.78423
1173,5,1.0,0.04615,0.3,0.07574,1.0,-0.06068,0.95,0.76994
1174,6,1.0,0.01686,0.215,-0.04497,0.885,1.0,0.935,0.79065
1175,4,1.0,0.03757,0.2,1.0,0.77,0.87929,0.85,0.76136
1176,,1.0,0.00828,0.1,0.82929,0.57,0.70858,0.75,0.73207
1177,,1.0,-0.02101,0.0,0.65858,0.37,0.53787,0.65,0.70278
1178,2,1.0,1.0,-0.015,0.53787,0.185,0.36716,0.565,0.72349
1179,3,1.0,1.0,1.0,0.45216,0.035,0.21145,0.465,0.7092
1180,,1.0,0.97071,0.9,0.28145,-0.165,0.04074,0.365,0.67991
1181,5,1.0,0.95642,0.85,0.19574,1.0,-0.04497,0.315,0.66562
1182,6,1.0,0.92713,0.765,0.07503,0.885,1.0,0.3,0.68633
1183,,1.0,0.89784,0.665,-0.09568,0.685,0.82929,0.2,0.65704
1184,4,1.0,0.91855,0.65,1.0,0.57,0.70858,0.115,0.62775
1185,,1.0,0.88926,0.55,0.82929,0.37,0.53787,0.015,0.59846
1186,,1.0,0.85997,0.45,0.65858,0.17,0.36716,-0.085,0.56917
1187,7,1.0,0.84568,0.35,0.50287,0.02,0.28145,1.0,0.62488
1188,,1.0,0.81639,0.25,0.33216,-0.18,0.11074,0.9,0.59559
1189,5,1.0,0.8021,0.2,0.24645,1.0,0.02503,0.85,0.5813
1190,,1.0,0.77281,0.1,0.07574,0.8,-0.14568,0.75,0.55201
1191,6,1.0,0.74352,0.015,-0.04497,0.685,1.0,0.735,0.57272
1192,4,1.0,0.76423,0.0,1.0,0.57,0.87929,0.65,0.54343
1193,,1.0,0.73494,-0.1,0.82929,0.37,0.70858,0.55,0.51414
1194,3,1.0,0.79065,1.0,0.74358,0.22,0.55287,0.45,0.49985
1195,,1.0,0.76136,0.9,0.57287,0.02,0.38216,0.35,0.47056
1196,,1.0,0.73207,0.8,0.40216,-0.18,0.21145,0.25,0.44127
1197,5,1.0,0.71778,0.75,0.31645,1.0,0.12574,0.2,0.42698
1198,,1.0,0.68849,0.65,0.14574,0.8,-0.04497,0.1,0.39769
1199,6,1.0,0.6592,0.565,0.02503,0.685,1.0,0.085,0.4184
1200,,1.0,0.62991,0.465,-0.14568,0.485,0.82929,-0.015,0.38911
1201,4,1.0,0.65062,0.45,1.0,0.37,0.70858,-0.1,0.35982
1202,7,1.0,0.63633,0.35,0.84429,0.22,0.62287,1.0,0.41553
1203,,1.0,0.60704,0.25,0.67358,0.02,0.45216,0.9,0.38624
1204,,1.0,0.57775,0.15,0.50287,-0.18,0.28145,0.8,0.35695
1205,5,1.0,0.56346,0.1,0.41716,1.0,0.19574,0.75,0.34266
1206,,1.0,0.53417,0.0,0.24645,0.8,0.02503,0.65,0.31337
1207,,1.0,0.50488,-0.1,0.07574,0.6,-0.14568,0.55,0.28408
1208,6,1.0,0.47559,-0.185,-0.04497,0.485,1.0,0.535,0.30479
1209,3,1.0,0.5313,1.0,-0.13068,0.335,0.84429,0.435,0.2905
1210,4,1.0,0.55201,0.985,1.0,0.22,0.72358,0.35,0.26121
1211,,1.0,0.52272,0.885,0.82929,0.02,0.55287,0.25,0.23192
1212,,1.0,0.49343,0.785,0.65858,-0.18,0.38216,0.15,0.20263
1213,5,1.0,0.47914,0.735,0.57287,1.0,0.29645,0.1,0.18834
1214,,1.0,0.44985,0.635,0.40216,0.8,0.12574,0.0,0.15905
1215,,1.0,0.42056,0.535,0.23145,0.6,-0.04497,-0.1,0.12976
1216,7,1.0,0.40627,0.435,0.07574,0.45,-0.13068,1.0,0.18547
1217,6,1.0,0.37698,0.35,-0.04497,0.335,1.0,0.985,0.20618
1218,4,1.0,0.39769,0.335,1.0,0.22,0.87929,0.9,0.17689
1219,,1.0,0.3684,0.235,0.82929,0.02,0.70858,0.8,0.1476
1220,,1.0,0.33911,0.135,0.65858,-0.18,0.53787,0.7,0.11831
1221,5,1.0,0.32482,0.085,0.57287,1.0,0.45216,0.65,0.10402
1222,,1.0,0.29553,-0.015,0.40216,0.8,0.28145,0.55,0.07473
1223,3,1.0,0.35124,1.0,0.31645,0.65,0.12574,0.45,0.06044
1224,,1.0,0.32195,0.9,0.14574,0.45,-0.04497,0.35,0.03115
1225,6,1.0,0.29266,0.815,0.02503,0.335,1.0,0.335,0.05186
1226,,1.0,0.26337,0.715,-0.14568,0.135,0.82929,0.235,0.02257
1227,4,1.0,0.28408,0.7,1.0,0.02,0.70858,0.15,-0.00672
1228,8,1.0,0.30479,0.615,0.82929,-0.165,0.58787,0.135,1.0
1229,5,1.0,0.2905,0.565,0.74358,1.0,0.50216,0.085,0.98571
1230,,1.0,0.26121,0.465,0.57287,0.8,0.33145,-0.015,0.95642
1231,7,1.0,0.24692,0.365,0.41716,0.65,0.24574,1.0,1.0
1232,,1.0,0.21763,0.265,0.24645,0.45,0.07503,0.9,0.97071
1233,,1.0,0.18834,0.165,0.07574,0.25,-0.09568,0.8,0.94142
1234,6,1.0,0.15905,0.08,-0.04497,0.135,1.0,0.785,0.96213
1235,4,1.0,0.17976,0.065,1.0,0.02,0.87929,0.7,0.93284
1236,,1.0,0.15047,-0.035,0.82929,-0.18,0.70858,0.6,0.90355
1237,5,1.0,0.13618,-0.085,0.74358,1.0,0.62287,0.55,0.88926
1238,3,1.0,0.19189,1.0,0.65787,0.85,0.46716,0.45,0.87497
1239,,1.0,0.1626,0.9,0.48716,0.65,0.29645,0.35,0.84568
1240,,1.0,0.13331,0.8,0.31645,0.45,0.12574,0.25,0.81639
1241,,1.0,0.10402,0.7,0.14574,0.25,-0.04497,0.15,0.7871
1242,6,1.0,0.07473,0.615,0.02503,0.135,1.0,0.135,0.80781
1243,,1.0,0.04544,0.515,-0.14568,-0.065,0.82929,0.035,0.77852
1244,4,1.0,0.06615,0.5,1.0,-0.18,0.70858,-0.05,0.74923
1245,5,1.0,0.05186,0.45,0.91429,1.0,0.62287,-0.1,0.73494
1246,7,1.0,0.03757,0.35,0.75858,0.85,0.53716,1.0,0.79065
1247,,1.0,0.00828,0.25,0.58787,0.65,0.36645,0.9,0.76136
1248,,1.0,-0.02101,0.15,0.41716,0.45,0.19574,0.8,0.73207
1249,2,1.0,1.0,0.135,0.29645,0.265,0.02503,0.715,0.75278
1250,,1.0,0.97071,0.035,0.12574,0.065,-0.14568,0.615,0.72349
1251,6,1.0,0.94142,-0.05,0.00503,-0.05,1.0,0.6,0.7442
1252,5,1.0,0.92713,-0.1,-0.08068,1.0,0.91429,0.55,0.72991
1253,3,1.0,0.98284,1.0,-0.16639,0.85,0.75858,0.45,0.71562
1254,4,1.0,1.0,0.985,1.0,0.735,0.63787,0.365,0.68633
1255,,1.0,0.97071,0.885,0.82929,0.535,0.46716,0.265,0.65704
1256,,1.0,0.94142,0.785,0.65858,0.335,0.29645,0.165,0.62775
1257,,1.0,0.91213,0.685,0.48787,0.135,0.12574,0.065,0.59846
1258,,1.0,0.88284,0.585,0.31716,-0.065,-0.04497,-0.035,0.56917
1259,5,1.0,0.86855,0.535,0.23145,1.0,-0.13068,-0.085,0.55488
1260,6,1.0,0.83926,0.45,0.11074,0.885,1.0,-0.1,0.57559
1261,7,1.0,0.82497,0.35,-0.04497,0.735,0.91429,1.0,0.6313
1262,4,1.0,0.84568,0.335,1.0,0.62,0.79358,0.915,0.60201
1263,,1.0,0.81639,0.235,0.82929,0.42,0.62287,0.815,0.57272
1264,,1.0,0.7871,0.135,0.65858,0.22,0.45216,0.715,0.54343
1265,,1.0,0.75781,0.035,0.48787,0.02,0.28145,0.615,0.51414
1266,,1.0,0.72852,-0.065,0.31716,-0.18,0.11074,0.515,0.48485
1267,5,1.0,0.71423,-0.115,0.23145,1.0,0.02503,0.465,0.47056
1268,3,1.0,0.76994,1.0,0.14574,0.85,-0.13068,0.365,0.45627
1269,6,1.0,0.74065,0.915,0.02503,0.735,1.0,0.35,0.47698
1270,,1.0,0.71136,0.815,-0.14568,0.535,0.82929,0.25,0.44769
1271,4,1.0,0.73207,0.8,1.0,0.42,0.70858,0.165,0.4184
1272,,1.0,0.70278,0.7,0.82929,0.22,0.53787,0.065,0.38911
1273,,1.0,0.67349,0.6,0.65858,0.02,0.36716,-0.035,0.35982
1274,7,1.0,0.6592,0.5,0.50287,-0.13,0.28145,1.0,0.41553
1275,5,1.0,0.64491,0.45,0.41716,1.0,0.19574,0.95,0.40124
1276,,1.0,0.61562,0.35,0.24645,0.8,0.02503,0.85,0.37195
1277,,1.0,0.58633,0.25,0.07574,0.6,-0.14568,0.75,0.34266
1278,6,1.0,0.55704,0.165,-0.04497,0.485,1.0,0.735,0.36337
1279,4,1.0,0.57775,0.15,1.0,0.37,0.87929,0.65,0.33408
1280,,1.0,0.54846,0.05,0.82929,0.17,0.70858,0.55,0.30479
1281,,1.0,0.51917,-0.05,0.65858,-0.03,0.53787,0.45,0.2755
1282,3,1.0,0.57488,1.0,0.57287,-0.18,0.38216,0.35,0.26121
1283,5,1.0,0.56059,0.95,0.48716,1.0,0.29645,0.3,0.24692
1284,,1.0,0.5313,0.85,0.31645,0.8,0.12574,0.2,0.21763
1285,,1.0,0.50201,0.75,0.14574,0.6,-0.04497,0.1,0.18834
1286,6,1.0,0.47272,0.665,0.02503,0.485,1.0,0.085,0.20905
1287,,1.0,0.44343,0.565,-0.14568,0.285,0.82929,-0.015,0.17976
1288,4,1.0,0.46414,0.55,1.0,0.17,0.70858,-0.1,0.15047
1289,7,1.0,0.44985,0.45,0.84429,0.02,0.62287,1.0,0.20618
1290,,1.0,0.42056,0.35,0.67358,-0.18,0.45216,0.9,0.17689
1291,5,1.0,0.40627,0.3,0.58787,1.0,0.36645,0.85,0.1626
1292,,1.0,0.37698,0.2,0.41716,0.8,0.19574,0.75,0.13331
1293,,1.0,0.34769,0.1,0.24645,0.6,0.02503,0.65,0.10402
1294,,1.0,0.3184,0.0,0.07574,0.4,-0.14568,0.55,0.07473
1295,6,1.0,0.28911,-0.085,-0.04497,0.285,1.0,0.535,0.09544
1296,3,1.0,0.34482,1.0,-0.13068,0.135,0.84429,0.435,0.08115
1297,4,1.0,0.36553,0.985,1.0,0.02,0.72358,0.35,0.05186
1298,,1.0,0.33624,0.885,0.82929,-0.18,0.55287,0.25,0.02257
1299,5,1.0,0.32195,0.835,0.74358,1.0,0.46716,0.2,0.00828
1300,,1.0,0.29266,0.735,0.57287,0.8,0.29645,0.1,-0.02101
1301,8,1.0,0.31337,0.65,0.40216,0.615,0.17574,0.085,1.0
1302,,1.0,0.28408,0.55,0.23145,0.415,0.00503,-0.015,0.97071
1303,7,1.0,0.26979,0.45,0.07574,0.265,-0.08068,1.0,1.0
1304,6,1.0,0.2405,0.365,-0.04497,0.15,1.0,0.985,1.0
1305,4,1.0,0.26121,0.35,1.0,0.035,0.87929,0.9,0.97071
1306,,1.0,0.23192,0.25,0.82929,-0.165,0.70858,0.8,0.94142
1307,5,1.0,0.21763,0.2,0.74358,1.0,0.62287,0.75,0.92713
1308,,1.0,0.18834,0.1,0.57287,0.8,0.45216,0.65,0.89784
1309,,1.0,0.15905,0.0,0.40216,0.6,0.28145,0.55,0.86855
1310,,1.0,0.12976,-0.1,0.23145,0.4,0.11074,0.45,0.83926
1311,3,1.0,0.18547,1.0,0.14574,0.25,-0.04497,0.35,0.82497
1312,6,1.0,0.15618,0.915,0.02503,0.135,1.0,0.335,0.84568
1313,,1.0,0.12689,0.815,-0.14568,-0.065,0.82929,0.235,0.81639
1314,4,1.0,0.1476,0.8,1.0,-0.18,0.70858,0.15,0.7871
1315,5,1.0,0.13331,0.75,0.91429,1.0,0.62287,0.1,0.77281
1316,,1.0,0.10402,0.65,0.74358,0.8,0.45216,0.0,0.74352
1317,,1.0,0.07473,0.55,0.57287,0.6,0.28145,-0.1,0.71423
1318,7,1.0,0.06044,0.45,0.41716,0.45,0.19574,1.0,0.76994
1319,,1.0,0.03115,0.35,0.24645,0.25,0.02503,0.9,0.74065
1320,,1.0,0.00186,0.25,0.07574,0.05,-0.14568,0.8,0.71136
1321,6,1.0,-0.02743,0.165,-0.04497,-0.065,1.0,0.785,0.73207
1322,5,1.0,-0.04172,0.115,-0.13068,1.0,0.91429,0.735,0.71778
1323,4,1.0,-0.02101,0.1,1.0,0.885,0.79358,0.65,0.68849
1324,2,1.0,1.0,0.085,0.87929,0.7,0.62287,0.565,0.7092
1325,,1.0,0.97071,-0.015,0.70858,0.5,0.45216,0.465,0.67991
1326,3,1.0,1.0,1.0,0.62287,0.35,0.29645,0.365,0.66562
1327,,1.0,0.97071,0.9,0.45216,0.15,0.12574,0.265,0.63633
1328,,1.0,0.94142,0.8,0.28145,-0.05,-0.04497,0.165,0.60704
1329,5,1.0,0.92713,0.75,0.19574,1.0,-0.13068,0.115,0.59275
1330,6,1.0,0.89784,0.665,0.07503,0.885,1.0,0.1,0.61346
1331,,1.0,0.86855,0.565,-0.09568,0.685,0.82929,0.0,0.58417
1332,4,1.0,0.88926,0.55,1.0,0.57,0.70858,-0.085,0.55488
1333,7,1.0,0.87497,0.45,0.84429,0.42,0.62287,1.0,0.61059
1334,,1.0,0.84568,0.35,0.67358,0.22,0.45216,0.9,0.5813
1335,,1.0,0.81639,0.25,0.50287,0.02,0.28145,0.8,0.55201
1336,,1.0,0.7871,0.15,0.33216,-0.18,0.11074,0.7,0.52272
1337,5,1.0,0.77281,0.1,0.24645,1.0,0.02503,0.65,0.50843
1338,,1.0,0.74352,0.0,0.07574,0.8,-0.14568,0.55,0.47914
1339,6,1.0,0.71423,-0.085,-0.04497,0.685,1.0,0.535,0.49985
1340,3,1.0,0.76994,1.0,-0.13068,0.535,0.84429,0.435,0.48556
1341,4,1.0,0.79065,0.985,1.0,0.42,0.72358,0.35,0.45627
1342,,1.0,0.76136,0.885,0.82929,0.22,0.55287,0.25,0.42698
1343,,1.0,0.73207,0.785,0.65858,0.02,0.38216,0.15,0.39769
1344,,1.0,0.70278,0.685,0.48787,-0.18,0.21145,0.05,0.3684
1345,5,1.0,0.68849,0.635,0.40216,1.0,0.12574,0.0,0.35411
1346,,1.0,0.6592,0.535,0.23145,0.8,-0.04497,-0.1,0.32482
1347,7,1.0,0.64491,0.435,0.07574,0.65,-0.13068,1.0,0.38053
1348,6,1.0,0.61562,0.35,-0.04497,0.535,1.0,0.985,0.40124
1349,4,1.0,0.63633,0.335,1.0,0.42,0.87929,0.9,0.37195
1350,,1.0,0.60704,0.235,0.82929,0.22,0.70858,0.8,0.34266
1351,,1.0,0.57775,0.135,0.65858,0.02,0.53787,0.7,0.31337
1352,,1.0,0.54846,0.035,0.48787,-0.18,0.36716,0.6,0.28408
1353,5,1.0,0.53417,-0.015,0.40216,1.0,0.28145,0.55,0.26979
1354,3,1.0,0.58988,1.0,0.31645,0.85,0.12574,0.45,0.2555
1355,,1.0,0.56059,0.9,0.14574,0.65,-0.04497,0.35,0.22621
1356,6,1.0,0.5313,0.815,0.02503,0.535,1.0,0.335,0.24692
1357,,1.0,0.50201,0.715,-0.14568,0.335,0.82929,0.235,0.21763
1358,4,1.0,0.52272,0.7,1.0,0.22,0.70858,0.15,0.18834
1359,,1.0,0.49343,0.6,0.82929,0.02,0.53787,0.05,0.15905
1360,,1.0,0.46414,0.5,0.65858,-0.18,0.36716,-0.05,0.12976
1361,5,1.0,0.44985,0.45,0.57287,1.0,0.28145,-0.1,0.11547
1362,7,1.0,0.43556,0.35,0.41716,0.85,0.19574,1.0,0.17118
1363,,1.0,0.40627,0.25,0.24645,0.65,0.02503,0.9,0.14189
1364,,1.0,0.37698,0.15,0.07574,0.45,-0.14568,0.8,0.1126
1365,6,1.0,0.34769,0.065,-0.04497,0.335,1.0,0.785,0.13331
1366,4,1.0,0.3684,0.05,1.0,0.22,0.87929,0.7,0.10402
1367,,1.0,0.33911,-0.05,0.82929,0.02,0.70858,0.6,0.07473
1368,3,1.0,0.39482,1.0,0.74358,-0.13,0.55287,0.5,0.06044
1369,5,1.0,0.38053,0.95,0.65787,1.0,0.46716,0.45,0.04615
1370,,1.0,0.35124,0.85,0.48716,0.8,0.29645,0.35,0.01686
1371,,1.0,0.32195,0.75,0.31645,0.6,0.12574,0.25,-0.01243
1372,8,1.0,0.34266,0.665,0.14574,0.415,0.00503,0.235,1.0
1373,,1.0,0.31337,0.565,-0.02497,0.215,-0.16568,0.135,0.97071
1374,6,1.0,0.28408,0.48,-0.14568,0.1,1.0,0.12,0.99142
1375,4,1.0,0.30479,0.465,1.0,-0.015,0.87929,0.035,0.96213
1376,5,1.0,0.2905,0.415,0.91429,1.0,0.79358,-0.015,0.94784
1377,7,1.0,0.27621,0.315,0.75858,0.85,0.70787,1.0,1.0
1378,,1.0,0.24692,0.215,0.58787,0.65,0.53716,0.9,0.97071
1379,,1.0,0.21763,0.115,0.41716,0.45,0.36645,0.8,0.94142
1380,,1.0,0.18834,0.015,0.24645,0.25,0.19574,0.7,0.91213
1381,,1.0,0.15905,-0.085,0.07574,0.05,0.02503,0.6,0.88284
1382,3,1.0,0.21476,1.0,-0.00997,-0.1,-0.13068,0.5,0.86855
1383,6,1.0,0.18547,0.915,-0.13068,-0.215,1.0,0.485,0.88926
1384,5,1.0,0.17118,0.865,-0.21639,1.0,0.91429,0.435,0.87497
1385,4,1.0,0.19189,0.85,1.0,0.885,0.79358,0.35,0.84568
1386,,1.0,0.1626,0.75,0.82929,0.685,0.62287,0.25,0.81639
1387,,1.0,0.13331,0.65,0.65858,0.485,0.45216,0.15,0.7871
1388,,1.0,0.10402,0.55,0.48787,0.285,0.28145,0.05,0.75781
1389,,1.0,0.07473,0.45,0.31716,0.085,0.11074,-0.05,0.72852
1390,7,1.0,0.06044,0.35,0.16145,-0.065,0.02503,1.0,0.78423
1391,5,1.0,0.04615,0.3,0.07574,1.0,-0.06068,0.95,0.76994
1392,6,1.0,0.01686,0.215,-0.04497,0.885,1.0,0.935,0.79065
1393,4,1.0,0.03757,0.2,1.0,0.77,0.87929,0.85,0.76136
1394,,1.0,0.00828,0.1,0.82929,0.57,0.70858,0.75,0.73207
1395,,1.0,-0.02101,0.0,0.65858,0.37,0.53787,0.65,0.70278
1396,2,1.0,1.0,-0.015,0.53787,0.185,0.36716,0.565,0.72349
1397,3,1.0,1.0,1.0,0.45216,0.035,0.21145,0.465,0.7092
1398,,1.0,0.97071,0.9,0.28145,-0.165,0.04074,0.365,0.67991
1399,5,1.0,0.95642,0.85,0.19574,1.0,-0.04497,0.315,0.66562
1400,6,1.0,0.92713,0.765,0.07503,0.885,1.0,0.3,0.68633
1401,,1.0,0.89784,0.665,-0.09568,0.685,0.82929,0.2,0.65704
1402,4,1.0,0.91855,0.65,1.0,0.57,0.70858,0.115,0.62775
1403,,1.0,0.88926,0.55,0.82929,0.37,0.53787,0.015,0.59846
1404,,1.0,0.85997,0.45,0.65858,0.17,0.36716,-0.085,0.56917
1405,7,1.0,0.84568,0.35,0.50287,0.02,0.28145,1.0,0.62488
1406,,1.0,0.81639,0.25,0.33216,-0.18,0.11074,0.9,0.59559
1407,5,1.0,0.8021,0.2,0.24645,1.0,0.02503,0.85,0.5813
1408,,1.0,0.77281,0.1,0.07574,0.8,-0.14568,0.75,0.55201
1409,6,1.0,0.74352,0.015,-0.04497,0.685,1.0,0.735,0.57272
1410,4,1.0,0.76423,0.0,1.0,0.57,0.87929,0.65,0.54343
1411,,1.0,0.73494,-0.1,0.82929,0.37,0.70858,0.55,0.51414
1412,3,1.0,0.79065,1.0,0.74358,0.22,0.55287,0.45,0.49985
1413,,1.0,0.76136,0.9,0.57287,0.02,0.38216,0.35,0.47056
1414,,1.0,0.73207,0.8,0.40216,-0.18,0.21145,0.25,0.44127
1415,5,1.0,0.71778,0.75,0.31645,1.0,0.12574,0.2,0.42698
1416,,1.0,0.68849,0.65,0.14574,0.8,-0.04497,0.1,0.39769
1417,6,1.0,0.6592,0.565,0.02503,0.685,1.0,0.085,0.4184
1418,,1.0,0.62991,0.465,-0.14568,0.485,0.82929,-0.015,0.38911
1419,4,1.0,0.65062,0.45,1.0,0.37,0.70858,-0.1,0.35982
1420,7,1.0,0.63633,0.35,0.84429,0.22,0.62287,1.0,0.41553
1421,,1.0,0.60704,0.25,0.67358,0.02,0.45216,0.9,0.38624
1422,,1.0,0.57775,0.15,0.50287,-0.18,0.28145,0.8,0.35695
1423,5,1.0,0.56346,0.1,0.41716,1.0,0.19574,0.75,0.34266
1424,,1.0,0.53417,0.0,0.24645,0.8,0.02503,0.65,0.31337
1425,,1.0,0.50488,-0.1,0.07574,0.6,-0.14568,0.55,0.28408
1426,6,1.0,0.47559,-0.185,-0.04497,0.485,1.0,0.535,0.30479
1427,3,1.0,0.5313,1.0,-0.13068,0.335,0.84429,0.435,0.2905
1428,4,1.0,0.55201,0.985,1.0,0.22,0.72358,0.35,0.26121
1429,,1.0,0.52272,0.885,0.82929,0.02,0.55287,0.25,0.23192
1430,,1.0,0.49343,0.785,0.65858,-0.18,0.38216,0.15,0.20263
1431,5,1.0,0.47914,0.735,0.57287,1.0,0.29645,0.1,0.18834
1432,,1.0,0.44985,0.635,0.40216,0.8,0.12574,0.0,0.15905
1433,,1.0,0.42056,0.535,0.23145,0.6,-0.04497,-0.1,0.12976
1434,7,1.0,0.40627,0.435,0.07574,0.45,-0.13068,1.0,0.18547
1435,6,1.0,0.37698,0.35,-0.04497,0.335,1.0,0.985,0.20618
1436,4,1.0,0.39769,0.335,1.0,0.22,0.87929,0.9,0.17689
1437,,1.0,0.3684,0.235,0.82929,0.02,0.70858,0.8,0.1476
1438,,1.0,0.33911,0.135,0.65858,-0.18,0.53787,0.7,0.11831
1439,5,1.0,0.32482,0.085,0.57287,1.0,0.45216,0.65,0.10402
1440,,1.0,0.29553,-0.015,0.40216,0.8,0.28145,0.55,0.07473
1441,3,1.0,0.35124,1.0,0.31645,0.65,0.12574,0.45,0.06044
1442,,1.0,0.32195,0.9,0.14574,0.45,-0.04497,0.35,0.03115
1443,6,1.0,0.29266,0.815,0.02503,0.335,1.0,0.335,0.05186
1444,,1.0,0.26337,0.715,-0.14568,0.135,0.82929,0.235,0.02257
1445,4,1.0,0.28408,0.7,1.0,0.02,0.70858,0.15,-0.00672
1446,8,1.0,0.30479,0.615,0.82929,-0.165,0.58787,0.135,1.0
1447,5,1.0,0.2905,0.565,0.74358,1.0,0.50216,0.085,0.98571
1448,,1.0,0.26121,0.465,0.57287,0.8,0.33145,-0.015,0.95642
1449,7,1.0,0.24692,0.365,0.41716,0.65,0.24574,1.0,1.0
1450,,1.0,0.21763,0.265,0.24645,0.45,0.07503,0.9,0.97071
1451,,1.0,0.18834,0.165,0.07574,0.25,-0.09568,0.8,0.94142
1452,6,1.0,0.15905,0.08,-0.04497,0.135,1.0,0.785,0.96213
1453,4,1.0,0.17976,0.065,1.0,0.02,0.87929,0.7,0.93284
1454,,1.0,0.15047,-0.035,0.82929,-0.18,0.70858,0.6,0.90355
1455,5,1.0,0.13618,-0.085,0.74358,1.0,0.62287,0.55,0.88926
1456,3,1.0,0.19189,1.0,0.65787,0.85,0.46716,0.45,0.87497
1457,,1.0,0.1626,0.9,0.48716,0.65,0.29645,0.35,0.84568
1458,,1.0,0.13331,0.8,0.31645,0.45,0.12574,0.25,0.81639
1459,,1.0,0.10402,0.7,0.14574,0.25,-0.04497,0.15,0.7871
1460,6,1.0,0.07473,0.615,0.02503,0.135,1.0,0.135,0.80781
1461,,1.0,0.04544,0.515,-0.14568,-0.065,0.82929,0.035,0.77852
1462,4,1.0,0.06615,0.5,1.0,-0.18,0.70858,-0.05,0.74923
1463,5,1.0,0.05186,0.45,0.91429,1.0,0.62287,-0.1,0.73494
1464,7,1.0,0.03757,0.35,0.75858,0.85,0.53716,1.0,0.79065
1465,,1.0,0.00828,0.25,0.58787,0.65,0.36645,0.9,0.76136
1466,,1.0,-0.02101,0.15,0.41716,0.45,0.19574,0.8,0.73207
1467,2,1.0,1.0,0.135,0.29645,0.265,0.02503,0.715,0.75278
1468,,1.0,0.97071,0.035,0.12574,0.065,-0.14568,0.615,0.72349
1469,6,1.0,0.94142,-0.05,0.00503,-0.05,1.0,0.6,0.7442
1470,5,1.0,0.92713,-0.1,-0.08068,1.0,0.91429,0.55,0.72991
1471,3,1.0,0.98284,1.0,-0.16639,0.85,0.75858,0.45,0.71562
1472,4,1.0,1.0,0.985,1.0,0.735,0.63787,0.365,0.68633
1473,,1.0,0.97071,0.885,0.82929,0.535,0.46716,0.265,0.65704
1474,,1.0,0.94142,0.785,0.65858,0.335,0.29645,0.165,0.62775
1475,,1.0,0.91213,0.685,0.48787,0.135,0.12574,0.065,0.59846
1476,,1.0,0.88284,0.585,0.31716,-0.065,-0.04497,-0.035,0.56917
1477,5,1.0,0.86855,0.535,0.23145,1.0,-0.13068,-0.085,0.55488
1478,6,1.0,0.83926,0.45,0.11074,0.885,1.0,-0.1,0.57559
1479,7,1.0,0.82497,0.35,-0.04497,0.735,0.91429,1.0,0.6313
1480,4,1.0,0.84568,0.335,1.0,0.62,0.79358,0.915,0.60201
1481,,1.0,0.81639,0.235,0.82929,0.42,0.62287,0.815,0.57272
1482,,1.0,0.7871,0.135,0.65858,0.22,0.45216,0.715,0.54343
1483,,1.0,0.75781,0.035,0.48787,0.02,0.28145,0.615,0.51414
1484,,1.0,0.72852,-0.065,0.31716,-0.18,0.11074,0.515,0.48485
1485,5,1.0,0.71423,-0.115,0.23145,1.0,0.02503,0.465,0.47056
1486,3,1.0,0.76994,1.0,0.14574,0.85,-0.13068,0.365,0.45627
1487,6,1.0,0.74065,0.915,0.02503,0.735,1.0,0.35,0.47698
1488,,1.0,0.71136,0.815,-0.14568,0.535,0.82929,0.25,0.44769
1489,4,1.0,0.73207,0.8,1.0,0.42,0.70858,0.165,0.4184
1490,,1.0,0.70278,0.7,0.82929,0.22,0.53787,0.065,0.38911
1491,,1.0,0.67349,0.6,0.65858,0.02,0.36716,-0.035,0.35982
1492,7,1.0,0.6592,0.5,0.50287,-0.13,0.28145,1.0,0.41553
1493,5,1.0,0.64491,0.45,0.41716,1.0,0.19574,0.95,0.40124
1494,,1.0,0.61562,0.35,0.24645,0.8,0.02503,0.85,0.37195
1495,,1.0,0.58633,0.25,0.07574,0.6,-0.14568,0.75,0.34266
1496,6,1.0,0.55704,0.165,-0.04497,0.485,1.0,0.735,0.36337
1497,4,1.0,0.57775,0.15,1.0,0.37,0.87929,0.65,0.33408
1498,,1.0,0.54846,0.05,0.82929,0.17,0.70858,0.55,0.30479
1499,,1.0,0.51917,-0.05,0.65858,-0.03,0.53787,0.45,0.2755
1500,3,1.0,0.57488,1.0,0.57287,-0.18,0.38216,0.35,0.26121
1501,5,1.0,0.56059,0.95,0.48716,1.0,0.29645,0.3,0.24692
1502,,1.0,0.5313,0.85,0.31645,0.8,0.12574,0.2,0.21763
1503,,1.0,0.50201,0.75,0.14574,0.6,-0.04497,0.1,0.18834
1504,6,1.0,0.47272,0.665,0.02503,0.485,1.0,0.085,0.20905
1505,,1.0,0.44343,0.565,-0.14568,0.285,0.82929,-0.015,0.17976
1506,4,1.0,0.46414,0.55,1.0,0.17,0.70858,-0.1,0.15047
1507,7,1.0,0.44985,0.45,0.84429,0.02,0.62287,1.0,0.20618
1508,,1.0,0.42056,0.35,0.67358,-0.18,0.45216,0.9,0.17689
1509,5,1.0,0.40627,0.3,0.58787,1.0,0.36645,0.85,0.1626
1510,,1.0,0.37698,0.2,0.41716,0.8,0.19574,0.75,0.13331
1511,,1.0,0.34769,0.1,0.24645,0.6,0.02503,0.65,0.10402
1512,,1.0,0.3184,0.0,0.07574,0.4,-0.14568,0.55,0.07473
1513,6,1.0,0.28911,-0.085,-0.04497,0.285,1.0,0.535,0.09544
1514,3,1.0,0.34482,1.0,-0.13068,0.135,0.84429,0.435,0.08115
1515,4,1.0,0.36553,0.985,1.0,0.02,0.72358,0.35,0.05186
1516,,1.0,0.33624,0.885,0.82929,-0.18,0.55287,0.25,0.02257
1517,5,1.0,0.32195,0.835,0.74358,1.0,0.46716,0.2,0.00828
1518,,1.0,0.29266,0.735,0.57287,0.8,0.29645,0.1,-0.02101
1519,8,1.0,0.31337,0.65,0.40216,0.615,0.17574,0.085,1.0
1520,,1.0,0.28408,0.55,0.23145,0.415,0.00503,-0.015,0.97071
1521,7,1.0,0.26979,0.45,0.07574,0.265,-0.08068,1.0,1.0
1522,6,1.0,0.2405,0.365,-0.04497,0.15,1.0,0.985,1.0
1523,4,1.0,0.26121,0.35,1.0,0.035,0.87929,0.9,0.97071
1524,,1.0,0.23192,0.25,0.82929,-0.165,0.70858,0.8,0.94142
1525,5,1.0,0.21763,0.2,0.74358,1.0,0.62287,0.75,0.92713
1526,,1.0,0.18834,0.1,0.57287,0.8,0.45216,0.65,0.89784
1527,,1.0,0.15905,0.0,0.40216,0.6,0.28145,0.55,0.86855
1528,,1.0,0.12976,-0.1,0.23145,0.4,0.11074,0.45,0.83926
1529,3,1.0,0.18547,1.0,0.14574,0.25,-0.04497,0.35,0.82497
1530,6,1.0,0.15618,0.915,0.02503,0.135,1.0,0.335,0.84568
1531,,1.0,0.12689,0.815,-0.14568,-0.065,0.82929,0.235,0.81639
1532,4,1.0,0.1476,0.8,1.0,-0.18,0.70858,0.15,0.7871
1533,5,1.0,0.13331,0.75,0.91429,1.0,0.62287,0.1,0.77281
1534,,1.0,0.10402,0.65,0.74358,0.8,0.45216,0.0,0.74352
1535,,1.0,0.07473,0.55,0.57287,0.6,0.28145,-0.1,0.71423
1536,7,1.0,0.06044,0.45,0.41716,0.45,0.19574,1.0,0.76994
1537,,1.0,0.03115,0.35,0.24645,0.25,0.02503,0.9,0.74065
1538,,1.0,0.00186,0.25,0.07574,0.05,-0.14568,0.8,0.71136
1539,6,1.0,-0.02743,0.165,-0.04497,-0.065,1.0,0.785,0.73207
1540,5,1.0,-0.04172,0.115,-0.13068,1.0,0.91429,0.735,0.71778
1541,4,1.0,-0.02101,0.1,1.0,0.885,0.79358,0.65,0.68849
1542,2,1.0,1.0,0.085,0.87929,0.7,0.62287,0.565,0.7092
1543,,1.0,0.97071,-0.015,0.70858,0.5,0.45216,0.465,0.67991
1544,3,1.0,1.0,1.0,0.62287,0.35,0.29645,0.365,0.66562
1545,,1.0,0.97071,0.9,0.45216,0.15,0.12574,0.265,0.63633
1546,,1.0,0.94142,0.8,0.28145,-0.05,-0.04497,0.165,0.60704
1547,5,1.0,0.92713,0.75,0.19574,1.0,-0.13068,0.115,0.59275
1548,6,1.0,0.89784,0.665,0.07503,0.885,1.0,0.1,0.61346
1549,,1.0,0.86855,0.565,-0.09568,0.685,0.82929,0.0,0.58417
1550,4,1.0,0.88926,0.55,1.0,0.57,0.70858,-0.085,0.55488
1551,7,1.0,0.87497,0.45,0.84429,0.42,0.62287,1.0,0.61059
1552,,1.0,0.84568,0.35,0.67358,0.22,0.45216,0.9,0.5813
1553,,1.0,0.81639,0.25,0.50287,0.02,0.28145,0.8,0.55201
1554,,1.0,0.7871,0.15,0.33216,-0.18,0.11074,0.7,0.52272
1555,5,1.0,0.77281,0.1,0.24645,1.0,0.02503,0.65,0.50843
1556,,1.0,0.74352,0.0,0.07574,0.8,-0.14568,0.55,0.47914
1557,6,1.0,0.71423,-0.085,-0.04497,0.685,1.0,0.535,0.49985
1558,3,1.0,0.76994,1.0,-0.13068,0.535,0.84429,0.435,0.48556
1559,4,1.0,0.79065,0.985,1.0,0.42,0.72358,0.35,0.45627
1560,,1.0,0.76136,0.885,0.82929,0.22,0.55287,0.25,0.42698
1561,,1.0,0.73207,0.785,0.65858,0.02,0.38216,0.15,0.39769
1562,,1.0,0.70278,0.685,0.48787,-0.18,0.21145,0.05,0.3684
1563,5,1.0,0.68849,0.635,0.40216,1.0,0.12574,0.0,0.35411
1564,,1.0,0.6592,0.535,0.23145,0.8,-0.04497,-0.1,0.32482
1565,7,1.0,0.64491,0.435,0.07574,0.65,-0.13068,1.0,0.38053
1566,6,1.0,0.61562,0.35,-0.04497,0.535,1.0,0.985,0.40124
1567,4,1.0,0.63633,0.335,1.0,0.42,0.87929,0.9,0.37195
1568,,1.0,0.60704,0.235,0.82929,0.22,0.70858,0.8,0.34266
1569,,1.0,0.57775,0.135,0.65858,0.02,0.53787,0.7,0.31337
1570,,1.0,0.54846,0.035,0.48787,-0.18,0.36716,0.6,0.28408
1571,5,1.0,0.53417,-0.015,0.40216,1.0,0.28145,0.55,0.26979
1572,3,1.0,0.58988,1.0,0.31645,0.85,0.12574,0.45,0.2555
1573,,1.0,0.56059,0.9,0.14574,0.65,-0.04497,0.35,0.22621
1574,6,1.0,0.5313,0.815,0.02503,0.535,1.0,0.335,0.24692
1575,,1.0,0.50201,0.715,-0.14568,0.335,0.82929,0.235,0.21763
1576,4,1.0,0.52272,0.7,1.0,0.22,0.70858,0.15,0.18834
1577,,1.0,0.49343,0.6,0.82929,0.02,0.53787,0.05,0.15905
1578,,1.0,0.46414,0.5,0.65858,-0.18,0.36716,-0.05,0.12976
1579,5,1.0,0.44985,0.45,0.57287,1.0,0.28145,-0.1,0.11547
1580,7,1.0,0.43556,0.35,0.41716,0.85,0.19574,1.0,0.17118
1581,,1.0,0.40627,0.25,0.24645,0.65,0.02503,0.9,0.14189
1582,,1.0,0.37698,0.15,0.07574,0.45,-0.14568,0.8,0.1126
1583,6,1.0,0.34769,0.065,-0.04497,0.335,1.0,0.785,0.13331
1584,4,1.0,0.3684,0.05,1.0,0.22,0.87929,0.7,0.10402
1585,,1.0,0.33911,-0.05,0.82929,0.02,0.70858,0.6,0.07473
1586,3,1.0,0.39482,1.0,0.74358,-0.13,0.55287,0.5,0.06044
1587,5,1.0,0.38053,0.95,0.65787,1.0,0.46716,0.45,0.04615
1588,,1.0,0.35124,0.85,0.48716,0.8,0.29645,0.35,0.01686
1589,,1.0,0.32195,0.75,0.31645,0.6,0.12574,0.25,-0.01243
1590,8,1.0,0.34266,0.665,0.14574,0.415,0.00503,0.235,1.0
1591,,1.0,0.31337,0.565,-0.02497,0.215,-0.16568,0.135,0.97071
1592,6,1.0,0.28408,0.48,-0.14568,0.1,1.0,0.12,0.99142
1593,4,1.0,0.30479,0.465,1.0,-0.015,0.87929,0.035,0.96213
1594,5,1.0,0.2905,0.415,0.91429,1.0,0.79358,-0.015,0.94784
1595,7,1.0,0.27621,0.315,0.75858,0.85,0.70787,1.0,1.0
1596,,1.0,0.24692,0.215,0.58787,0.65,0.53716,0.9,0.97071
1597,,1.0,0.21763,0.115,0.41716,0.45,0.36645,0.8,0.94142
1598,,1.0,0.18834,0.015,0.24645,0.25,0.19574,0.7,0.91213
1599,,1.0,0.15905,-0.085,0.07574,0.05,0.02503,0.6,0.88284
1600,3,1.0,0.21476,1.0,-0.00997,-0.1,-0.13068,0.5,0.86855
1601,6,1.0,0.18547,0.915,-0.13068,-0.215,1.0,0.485,0.88926
1602,5,1.0,0.17118,0.865,-0.21639,1.0,0.91429,0.435,0.87497
1603,4,1.0,0.19189,0.85,1.0,0.885,0.79358,0.35,0.84568
1604,,1.0,0.1626,0.75,0.82929,0.685,0.62287,0.25,0.81639
1605,,1.0,0.13331,0.65,0.65858,0.485,0.45216,0.15,0.7871
1606,,1.0,0.10402,0.55,0.48787,0.285,0.28145,0.05,0.75781
1607,,1.0,0.07473,0.45,0.31716,0.085,0.11074,-0.05,0.72852
1608,7,1.0,0.06044,0.35,0.16145,-0.065,0.02503,1.0,0.78423
1609,5,1.0,0.04615,0.3,0.07574,1.0,-0.06068,0.95,0.76994
1610,6,1.0,0.01686,0.215,-0.04497,0.885,1.0,0.935,0.79065
1611,4,1.0,0.03757,0.2,1.0,0.77,0.87929,0.85,0.76136
1612,,1.0,0.00828,0.1,0.82929,0.57,0.70858,0.75,0.73207
1613,,1.0,-0.02101,0.0,0.65858,0.37,0.53787,0.65,0.70278
1614,2,1.0,1.0,-0.015,0.53787,0.185,0.36716,0.565,0.72349
1615,3,1.0,1.0,1.0,0.45216,0.035,0.21145,0.465,0.7092
1616,,1.0,0.97071,0.9,0.28145,-0.165,0.04074,0.365,0.67991
1617,5,1.0,0.95642,0.85,0.19574,1.0,-0.04497,0.315,0.66562
1618,6,1.0,0.92713,0.765,0.07503,0.885,1.0,0.3,0.68633
1619,,1.0,0.89784,0.665,-0.09568,0.685,0.82929,0.2,0.65704
1620,4,1.0,0.91855,0.65,1.0,0.57,0.70858,0.115,0.62775
1621,,1.0,0.88926,0.55,0.82929,0.37,0.53787,0.015,0.59846
1622,,1.0,0.85997,0.45,0.65858,0.17,0.36716,-0.085,0.56917
1623,7,1.0,0.84568,0.35,0.50287,0.02,0.28145,1.0,0.62488
1624,,1.0,0.81639,0.25,0.33216,-0.18,0.11074,0.9,0.59559
1625,5,1.0,0.8021,0.2,0.24645,1.0,0.02503,0.85,0.5813
1626,,1.0,0.77281,0.1,0.07574,0.8,-0.14568,0.75,0.55201
1627,6,1.0,0.74352,0.015,-0.04497,0.685,1.0,0.735,0.57272
1628,4,1.0,0.76423,0.0,1.0,0.57,0.87929,0.65,0.54343
1629,,1.0,0.73494,-0.1,0.82929,0.37,0.70858,0.55,0.51414
1630,3,1.0,0.79065,1.0,0.74358,0.22,0.55287,0.45,0.49985
1631,,1.0,0.76136,0.9,0.57287,0.02,0.38216,0.35,0.47056
1632,,1.0,0.73207,0.8,0.40216,-0.18,0.21145,0.25,0.44127
1633,5,1.0,0.71778,0.75,0.31645,1.0,0.12574,0.2,0.42698
1634,,1.0,0.68849,0.65,0.14574,0.8,-0.04497,0.1,0.39769
1635,6,1.0,0.6592,0.565,0.02503,0.685,1.0,0.085,0.4184
1636,,1.0,0.62991,0.465,-0.14568,0.485,0.82929,-0.015,0.38911
1637,4,1.0,0.65062,0.45,1.0,0.37,0.70858,-0.1,0.35982
1638,7,1.0,0.63633,0.35,0.84429,0.22,0.62287,1.0,0.41553
1639,,1.0,0.60704,0.25,0.67358,0.02,0.45216,0.9,0.38624
1640,,1.0,0.57775,0.15,0.50287,-0.18,0.28145,0.8,0.35695
1641,5,1.0,0.56346,0.1,0.41716,1.0,0.19574,0.75,0.34266
1642,,1.0,0.53417,0.0,0.24645,0.8,0.02503,0.65,0.31337
1643,,1.0,0.50488,-0.1,0.07574,0.6,-0.14568,0.55,0.28408
1644,6,1.0,0.47559,-0.185,-0.04497,0.485,1.0,0.535,0.30479
1645,3,1.0,0.5313,1.0,-0.13068,0.335,0.84429,0.435,0.2905
1646,4,1.0,0.55201,0.985,1.0,0.22,0.72358,0.35,0.26121
1647,,1.0,0.52272,0.885,0.82929,0.02,0.55287,0.25,0.23192
1648,,1.0,0.49343,0.785,0.65858,-0.18,0.38216,0.15,0.20263
1649,5,1.0,0.47914,0.735,0.57287,1.0,0.29645,0.1,0.18834
1650,,1.0,0.44985,0.635,0.40216,0.8,0.12574,0.0,0.15905
1651,,1.0,0.42056,0.535,0.23145,0.6,-0.04497,-0.1,0.12976
1652,7,1.0,0.40627,0.435,0.07574,0.45,-0.13068,1.0,0.18547
1653,6,1.0,0.37698,0.35,-0.04497,0.335,1.0,0.985,0.20618
1654,4,1.0,0.39769,0.335,1.0,0.22,0.87929,0.9,0.17689
1655,,1.0,0.3684,0.235,0.82929,0.02,0.70858,0.8,0.1476
1656,,1.0,0.33911,0.135,0.65858,-0.18,0.53787,0.7,0.11831
1657,5,1.0,0.32482,0.085,0.57287,1.0,0.45216,0.65,0.10402
1658,,1.0,0.29553,-0.015,0.40216,0.8,0.28145,0.55,0.07473
1659,3,1.0,0.35124,1.0,0.31645,0.65,0.12574,0.45,0.06044
1660,,1.0,0.32195,0.9,0.14574,0.45,-0.04497,0.35,0.03115
1661,6,1.0,0.29266,0.815,0.02503,0.335,1.0,0.335,0.05186
1662,,1.0,0.26337,0.715,-0.14568,0.135,0.82929,0.235,0.02257
1663,4,1.0,0.28408,0.7,1.0,0.02,0.70858,0.15,-0.00672
1664,8,1.0,0.30479,0.615,0.82929,-0.165,0.58787,0.135,1.0
1665,5,1.0,0.2905,0.565,0.74358,1.0,0.50216,0.085,0.98571
1666,,1.0,0.26121,0.465,0.57287,0.8,0.33145,-0.015,0.95642
1667,7,1.0,0.24692,0.365,0.41716,0.65,0.24574,1.0,1.0
1668,,1.0,0.21763,0.265,0.24645,0.45,0.07503,0.9,0.97071
1669,,1.0,0.18834,0.165,0.07574,0.25,-0.09568,0.8,0.94142
1670,6,1.0,0.15905,0.08,-0.04497,0.135,1.0,0.785,0.96213
1671,4,1.0,0.17976,0.065,1.0,0.02,0.87929,0.7,0.93284
1672,,1.0,0.15047,-0.035,0.82929,-0.18,0.70858,0.6,0.90355
1673,5,1.0,0.13618,-0.085,0.74358,1.0,0.62287,0.55,0.88926
1674,3,1.0,0.19189,1.0,0.65787,0.85,0.46716,0.45,0.87497
1675,,1.0,0.1626,0.9,0.48716,0.65,0.29645,0.35,0.84568
1676,,1.0,0.13331,0.8,0.31645,0.45,0.12574,0.25,0.81639
1677,,1.0,0.10402,0.7,0.14574,0.25,-0.04497,0.15,0.7871
1678,6,1.0,0.07473,0.615,0.02503,0.135,1.0,0.135,0.80781
1679,,1.0,0.04544,0.515,-0.14568,-0.065,0.82929,0.035,0.77852
1680,4,1.0,0.06615,0.5,1.0,-0.18,0.70858,-0.05,0.74923
1681,5,1.0,0.05186,0.45,0.91429,1.0,0.62287,-0.1,0.73494
1682,7,1.0,0.03757,0.35,0.75858,0.85,0.53716,1.0,0.79065
1683,,1.0,0.00828,0.25,0.58787,0.65,0.36645,0.9,0.76136
1684,,1.0,-0.02101,0.15,0.41716,0.45,0.19574,0.8,0.73207
1685,2,1.0,1.0,0.135,0.29645,0.265,0.02503,0.715,0.75278
1686,,1.0,0.97071,0.035,0.12574,0.065,-0.14568,0.615,0.72349
1687,6,1.0,0.94142,-0.05,0.00503,-0.05,1.0,0.6,0.7442
1688,3,1.0,0.99713,1.0,-0.08068,-0.2,0.84429,0.5,0.72991
1689,5,1.0,0.98284,0.95,-0.16639,1.0,0.75858,0.45,0.71562
1690,4,1.0,1.0,0.935,1.0,0.885,0.63787,0.365,0.68633
1691,,1.0,0.97071,0.835,0.82929,0.685,0.46716,0.265,0.65704
1692,,1.0,0.94142,0.735,0.65858,0.485,0.29645,0.165,0.62775
1693,,1.0,0.91213,0.635,0.48787,0.285,0.12574,0.065,0.59846
1694,,1.0,0.88284,0.535,0.31716,0.085,-0.04497,-0.035,0.56917
1695,6,1.0,0.85355,0.45,0.19645,-0.03,1.0,-0.05,0.58988
1696,7,1.0,0.83926,0.35,0.04074,-0.18,0.91429,1.0,0.64559
1697,5,1.0,0.82497,0.3,-0.04497,1.0,0.82858,0.95,0.6313
1698,4,1.0,0.84568,0.285,1.0,0.885,0.70787,0.865,0.60201
1699,,1.0,0.81639,0.185,0.82929,0.685,0.53716,0.765,0.57272
1700,,1.0,0.7871,0.085,0.65858,0.485,0.36645,0.665,0.54343
1701,,1.0,0.75781,-0.015,0.48787,0.285,0.19574,0.565,0.51414
1702,3,1.0,0.81352,1.0,0.40216,0.135,0.04003,0.465,0.49985
1703,,1.0,0.78423,0.9,0.23145,-0.065,-0.13068,0.365,0.47056
1704,6,1.0,0.75494,0.815,0.11074,-0.18,1.0,0.35,0.49127
1705,5,1.0,0.74065,0.765,0.02503,1.0,0.91429,0.3,0.47698
1706,,1.0,0.71136,0.665,-0.14568,0.8,0.74358,0.2,0.44769
1707,4,1.0,0.73207,0.65,1.0,0.685,0.62287,0.115,0.4184
1708,,1.0,0.70278,0.55,0.82929,0.485,0.45216,0.015,0.38911
1709,,1.0,0.67349,0.45,0.65858,0.285,0.28145,-0.085,0.35982
1710,7,1.0,0.6592,0.35,0.50287,0.135,0.19574,1.0,0.41553
1711,,1.0,0.62991,0.25,0.33216,-0.065,0.02503,0.9,0.38624
1712,5,1.0,0.61562,0.2,0.24645,1.0,-0.06068,0.85,0.37195
1713,6,1.0,0.58633,0.115,0.12574,0.885,1.0,0.835,0.39266
1714,,1.0,0.55704,0.015,-0.04497,0.685,0.82929,0.735,0.36337
1715,4,1.0,0.57775,0.0,1.0,0.57,0.70858,0.65,0.33408
1716,,1.0,0.54846,-0.1,0.82929,0.37,0.53787,0.55,0.30479
1717,3,1.0,0.60417,1.0,0.74358,0.22,0.38216,0.45,0.2905
1718,,1.0,0.57488,0.9,0.57287,0.02,0.21145,0.35,0.26121
1719,,1.0,0.54559,0.8,0.40216,-0.18,0.04074,0.25,0.23192
1720,5,1.0,0.5313,0.75,0.31645,1.0,-0.04497,0.2,0.21763
1721,6,1.0,0.50201,0.665,0.19574,0.885,1.0,0.185,0.23834
1722,,1.0,0.47272,0.565,0.02503,0.685,0.82929,0.085,0.20905
1723,,1.0,0.44343,0.465,-0.14568,0.485,0.65858,-0.015,0.17976
1724,4,1.0,0.46414,0.45,1.0,0.37,0.53787,-0.1,0.15047
1725,7,1.0,0.44985,0.35,0.84429,0.22,0.45216,1.0,0.20618
1726,,1.0,0.42056,0.25,0.67358,0.02,0.28145,0.9,0.17689
1727,,1.0,0.39127,0.15,0.50287,-0.18,0.11074,0.8,0.1476
1728,5,1.0,0.37698,0.1,0.41716,1.0,0.02503,0.75,0.13331
1729,,1.0,0.34769,0.0,0.24645,0.8,-0.14568,0.65,0.10402
1730,6,1.0,0.3184,-0.085,0.12574,0.685,1.0,0.635,0.12473
1731,3,1.0,0.37411,1.0,0.04003,0.535,0.84429,0.535,0.11044
1732,,1.0,0.34482,0.9,-0.13068,0.335,0.67358,0.435,0.08115
1733,4,1.0,0.36553,0.885,1.0,0.22,0.55287,0.35,0.05186
1734,,1.0,0.33624,0.785,0.82929,0.02,0.38216,0.25,0.02257
1735,,1.0,0.30695,0.685,0.65858,-0.18,0.21145,0.15,-0.00672
1736,5,1.0,0.29266,0.635,0.57287,1.0,0.12574,0.1,-0.02101
1737,8,1.0,0.31337,0.55,0.40216,0.815,0.00503,0.085,1.0
1738,,1.0,0.28408,0.45,0.23145,0.615,-0.16568,-0.015,0.97071
1739,6,1.0,0.25479,0.365,0.11074,0.5,1.0,-0.03,0.99142
1740,7,1.0,0.2405,0.265,-0.04497,0.35,0.91429,1.0,1.0
1741,4,1.0,0.26121,0.25,1.0,0.235,0.79358,0.915,0.97071
1742,,1.0,0.23192,0.15,0.82929,0.035,0.62287,0.815,0.94142
1743,,1.0,0.20263,0.05,0.65858,-0.165,0.45216,0.715,0.91213
1744,5,1.0,0.18834,0.0,0.57287,1.0,0.36645,0.665,0.89784
1745,,1.0,0.15905,-0.1,0.40216,0.8,0.19574,0.565,0.86855
1746,3,1.0,0.21476,1.0,0.31645,0.65,0.04003,0.465,0.85426
1747,,1.0,0.18547,0.9,0.14574,0.45,-0.13068,0.365,0.82497
1748,6,1.0,0.15618,0.815,0.02503,0.335,1.0,0.35,0.84568
1749,,1.0,0.12689,0.715,-0.14568,0.135,0.82929,0.25,0.81639
1750,4,1.0,0.1476,0.7,1.0,0.02,0.70858,0.165,0.7871
1751,,1.0,0.11831,0.6,0.82929,-0.18,0.53787,0.065,0.75781
1752,5,1.0,0.10402,0.55,0.74358,1.0,0.45216,0.015,0.74352
1753,,1.0,0.07473,0.45,0.57287,0.8,0.28145,-0.085,0.71423
1754,7,1.0,0.06044,0.35,0.41716,0.65,0.19574,1.0,0.76994
1755,,1.0,0.03115,0.25,0.24645,0.45,0.02503,0.9,0.74065
1756,,1.0,0.00186,0.15,0.07574,0.25,-0.14568,0.8,0.71136
1757,6,1.0,-0.02743,0.065,-0.04497,0.135,1.0,0.785,0.73207
1758,4,1.0,-0.00672,0.05,1.0,0.02,0.87929,0.7,0.70278
1759,2,1.0,1.0,0.035,0.87929,-0.165,0.70858,0.615,0.72349
1760,5,1.0,0.98571,-0.015,0.79358,1.0,0.62287,0.565,0.7092
1761,3,1.0,1.0,1.0,0.70787,0.85,0.46716,0.465,0.69491
1762,,1.0,0.97071,0.9,0.53716,0.65,0.29645,0.365,0.66562
1763,,1.0,0.94142,0.8,0.36645,0.45,0.12574,0.265,0.63633
1764,,1.0,0.91213,0.7,0.19574,0.25,-0.04497,0.165,0.60704
1765,6,1.0,0.88284,0.615,0.07503,0.135,1.0,0.15,0.62775
1766,,1.0,0.85355,0.515,-0.09568,-0.065,0.82929,0.05,0.59846
1767,4,1.0,0.87426,0.5,1.0,-0.18,0.70858,-0.035,0.56917
1768,5,1.0,0.85997,0.45,0.91429,1.0,0.62287,-0.085,0.55488
1769,7,1.0,0.84568,0.35,0.75858,0.85,0.53716,1.0,0.61059
1770,,1.0,0.81639,0.25,0.58787,0.65,0.36645,0.9,0.5813
1771,,1.0,0.7871,0.15,0.41716,0.45,0.19574,0.8,0.55201
1772,,1.0,0.75781,0.05,0.24645,0.25,0.02503,0.7,0.52272
1773,,1.0,0.72852,-0.05,0.07574,0.05,-0.14568,0.6,0.49343
1774,6,1.0,0.69923,-0.135,-0.04497,-0.065,1.0,0.585,0.51414
1775,3,1.0,0.75494,1.0,-0.13068,-0.215,0.84429,0.485,0.49985
1776,5,1.0,0.74065,0.95,-0.21639,1.0,0.75858,0.435,0.48556
1777,4,1.0,0.76136,0.935,1.0,0.885,0.63787,0.35,0.45627
1778,,1.0,0.73207,0.835,0.82929,0.685,0.46716,0.25,0.42698
1779,,1.0,0.70278,0.735,0.65858,0.485,0.29645,0.15,0.39769
1780,,1.0,0.67349,0.635,0.48787,0.285,0.12574,0.05,0.3684
1781,,1.0,0.6442,0.535,0.31716,0.085,-0.04497,-0.05,0.33911
1782,7,1.0,0.62991,0.435,0.16145,-0.065,-0.13068,1.0,0.39482
1783,6,1.0,0.60062,0.35,0.04074,-0.18,1.0,0.985,0.41553
1784,5,1.0,0.58633,0.3,-0.04497,1.0,0.91429,0.935,0.40124
1785,4,1.0,0.60704,0.285,1.0,0.885,0.79358,0.85,0.37195
1786,,1.0,0.57775,0.185,0.82929,0.685,0.62287,0.75,0.34266
1787,,1.0,0.54846,0.085,0.65858,0.485,0.45216,0.65,0.31337
1788,,1.0,0.51917,-0.015,0.48787,0.285,0.28145,0.55,0.28408
1789,3,1.0,0.57488,1.0,0.40216,0.135,0.12574,0.45,0.26979
1790,,1.0,0.54559,0.9,0.23145,-0.065,-0.04497,0.35,0.2405
1791,5,1.0,0.5313,0.85,0.14574,1.0,-0.13068,0.3,0.22621
1792,6,1.0,0.50201,0.765,0.02503,0.885,1.0,0.285,0.24692
1793,,1.0,0.47272,0.665,-0.14568,0.685,0.82929,0.185,0.21763
1794,4,1.0,0.49343,0.65,1.0,0.57,0.70858,0.1,0.18834
1795,,1.0,0.46414,0.55,0.82929,0.37,0.53787,0.0,0.15905
1796,,1.0,0.43485,0.45,0.65858,0.17,0.36716,-0.1,0.12976
1797,7,1.0,0.42056,0.35,0.50287,0.02,0.28145,1.0,0.18547
1798,,1.0,0.39127,0.25,0.33216,-0.18,0.11074,0.9,0.15618
1799,5,1.0,0.37698,0.2,0.24645,1.0,0.02503,0.85,0.14189
1800,,1.0,0.34769,0.1,0.07574,0.8,-0.14568,0.75,0.1126
1801,6,1.0,0.3184,0.015,-0.04497,0.685,1.0,0.735,0.13331
1802,4,1.0,0.33911,0.0,1.0,0.57,0.87929,0.65,0.10402
1803,,1.0,0.30982,-0.1,0.82929,0.37,0.70858,0.55,0.07473
1804,3,1.0,0.36553,1.0,0.74358,0.22,0.55287,0.45,0.06044
1805,,1.0,0.33624,0.9,0.57287,0.02,0.38216,0.35,0.03115
1806,,1.0,0.30695,0.8,0.40216,-0.18,0.21145,0.25,0.00186
1807,5,1.0,0.29266,0.75,0.31645,1.0,0.12574,0.2,-0.01243
1808,8,1.0,0.31337,0.665,0.14574,0.815,0.00503,0.185,1.0
1809,,1.0,0.28408,0.565,-0.02497,0.615,-0.16568,0.085,0.97071
1810,6,1.0,0.25479,0.48,-0.14568,0.5,1.0,0.07,0.99142
1811,4,1.0,0.2755,0.465,1.0,0.385,0.87929,-0.015,0.96213
1812,7,1.0,0.26121,0.365,0.84429,0.235,0.79358,1.0,1.0
1813,,1.0,0.23192,0.265,0.67358,0.035,0.62287,0.9,0.97071
1814,,1.0,0.20263,0.165,0.50287,-0.165,0.45216,0.8,0.94142
1815,5,1.0,0.18834,0.115,0.41716,1.0,0.36645,0.75,0.92713
1816,,1.0,0.15905,0.015,0.24645,0.8,0.19574,0.65,0.89784
1817,,1.0,0.12976,-0.085,0.07574,0.6,0.02503,0.55,0.86855
1818,3,1.0,0.18547,1.0,-0.00997,0.45,-0.13068,0.45,0.85426
1819,6,1.0,0.15618,0.915,-0.13068,0.335,1.0,0.435,0.87497
1820,4,1.0,0.17689,0.9,1.0,0.22,0.87929,0.35,0.84568
1821,,1.0,0.1476,0.8,0.82929,0.02,0.70858,0.25,0.81639
1822,,1.0,0.11831,0.7,0.65858,-0.18,0.53787,0.15,0.7871
1823,5,1.0,0.10402,0.65,0.57287,1.0,0.45216,0.1,0.77281
1824,,1.0,0.07473,0.55,0.40216,0.8,0.28145,0.0,0.74352
1825,,1.0,0.04544,0.45,0.23145,0.6,0.11074,-0.1,0.71423
1826,7,1.0,0.03115,0.35,0.07574,0.45,0.02503,1.0,0.76994
1827,,1.0,0.00186,0.25,-0.09497,0.25,-0.14568,0.9,0.74065
1828,6,1.0,-0.02743,0.165,-0.21568,0.135,1.0,0.885,0.76136
1829,4,1.0,-0.00672,0.15,1.0,0.02,0.87929,0.8,0.73207
1830,2,1.0,1.0,0.135,0.87929,-0.165,0.70858,0.715,0.75278
1831,5,1.0,0.98571,0.085,0.79358,1.0,0.62287,0.665,0.73849
1832,,1.0,0.95642,-0.015,0.62287,0.8,0.45216,0.565,0.7092
1833,3,1.0,1.0,1.0,0.53716,0.65,0.29645,0.465,0.69491
1834,,1.0,0.97071,0.9,0.36645,0.45,0.12574,0.365,0.66562
1835,,1.0,0.94142,0.8,0.19574,0.25,-0.04497,0.265,0.63633
1836,6,1.0,0.91213,0.715,0.07503,0.135,1.0,0.25,0.65704
1837,,1.0,0.88284,0.615,-0.09568,-0.065,0.82929,0.15,0.62775
1838,4,1.0,0.90355,0.6,1.0,-0.18,0.70858,0.065,0.59846
1839,5,1.0,0.88926,0.55,0.91429,1.0,0.62287,0.015,0.58417
1840,,1.0,0.85997,0.45,0.74358,0.8,0.45216,-0.085,0.55488
1841,7,1.0,0.84568,0.35,0.58787,0.65,0.36645,1.0,0.61059
1842,,1.0,0.81639,0.25,0.41716,0.45,0.19574,0.9,0.5813
1843,,1.0,0.7871,0.15,0.24645,0.25,0.02503,0.8,0.55201
1844,,1.0,0.75781,0.05,0.07574,0.05,-0.14568,0.7,0.52272
1845,6,1.0,0.72852,-0.035,-0.04497,-0.065,1.0,0.685,0.54343
1846,5,1.0,0.71423,-0.085,-0.13068,1.0,0.91429,0.635,0.52914
1847,4,1.0,0.73494,-0.1,1.0,0.885,0.79358,0.55,0.49985
1848,3,1.0,0.79065,1.0,0.91429,0.735,0.63787,0.45,0.48556
1849,,1.0,0.76136,0.9,0.74358,0.535,0.46716,0.35,0.45627
1850,,1.0,0.73207,0.8,0.57287,0.335,0.29645,0.25,0.42698
1851,,1.0,0.70278,0.7,0.40216,0.135,0.12574,0.15,0.39769
1852,,1.0,0.67349,0.6,0.23145,-0.065,-0.04497,0.05,0.3684
1853,5,1.0,0.6592,0.55,0.14574,1.0,-0.13068,0.0,0.35411
1854,6,1.0,0.62991,0.465,0.02503,0.885,1.0,-0.015,0.37482
1855,7,1.0,0.61562,0.365,-0.13068,0.735,0.91429,1.0,0.43053
1856,4,1.0,0.63633,0.35,1.0,0.62,0.79358,0.915,0.40124
1857,,1.0,0.60704,0.25,0.82929,0.42,0.62287,0.815,0.37195
1858,,1.0,0.57775,0.15,0.65858,0.22,0.45216,0.715,0.34266
1859,,1.0,0.54846,0.05,0.48787,0.02,0.28145,0.615,0.31337
1860,,1.0,0.51917,-0.05,0.31716,-0.18,0.11074,0.515,0.28408
1861,5,1.0,0.50488,-0.1,0.23145,1.0,0.02503,0.465,0.26979
1862,3,1.0,0.56059,1.0,0.14574,0.85,-0.13068,0.365,0.2555
1863,6,1.0,0.5313,0.915,0.02503,0.735,1.0,0.35,0.27621
1864,,1.0,0.50201,0.815,-0.14568,0.535,0.82929,0.25,0.24692
1865,4,1.0,0.52272,0.8,1.0,0.42,0.70858,0.165,0.21763
1866,,1.0,0.49343,0.7,0.82929,0.22,0.53787,0.065,0.18834
1867,,1.0,0.46414,0.6,0.65858,0.02,0.36716,-0.035,0.15905
1868,7,1.0,0.44985,0.5,0.50287,-0.13,0.28145,1.0,0.21476
1869,5,1.0,0.43556,0.45,0.41716,1.0,0.19574,0.95,0.20047
1870,,1.0,0.40627,0.35,0.24645,0.8,0.02503,0.85,0.17118
1871,,1.0,0.37698,0.25,0.07574,0.6,-0.14568,0.75,0.14189
1872,6,1.0,0.34769,0.165,-0.04497,0.485,1.0,0.735,0.1626
1873,4,1.0,0.3684,0.15,1.0,0.37,0.87929,0.65,0.13331
1874,,1.0,0.33911,0.05,0.82929,0.17,0.70858,0.55,0.10402
1875,,1.0,0.30982,-0.05,0.65858,-0.03,0.53787,0.45,0.07473
1876,3,1.0,0.36553,1.0,0.57287,-0.18,0.38216,0.35,0.06044
1877,5,1.0,0.35124,0.95,0.48716,1.0,0.29645,0.3,0.04615
1878,,1.0,0.32195,0.85,0.31645,0.8,0.12574,0.2,0.01686
1879,,1.0,0.29266,0.75,0.14574,0.6,-0.04497,0.1,-0.01243
1880,6,1.0,0.26337,0.665,0.02503,0.485,1.0,0.085,0.00828
1881,,1.0,0.23408,0.565,-0.14568,0.285,0.82929,-0.015,-0.02101
1882,4,1.0,0.25479,0.55,1.0,0.17,0.70858,-0.1,-0.0503
1883,7,1.0,0.2405,0.45,0.84429,0.02,0.62287,1.0,0.00541
1884,,1.0,0.21121,0.35,0.67358,-0.18,0.45216,0.9,-0.02388
1885,5,1.0,0.19692,0.3,0.58787,1.0,0.36645,0.85,-0.03817
1886,8,1.0,0.21763,0.215,0.41716,0.815,0.24574,0.835,1.0
1887,,1.0,0.18834,0.115,0.24645,0.615,0.07503,0.735,0.97071
1888,,1.0,0.15905,0.015,0.07574,0.415,-0.09568,0.635,0.94142
1889,6,1.0,0.12976,-0.07,-0.04497,0.3,1.0,0.62,0.96213
1890,3,1.0,0.18547,1.0,-0.13068,0.15,0.84429,0.52,0.94784
1891,4,1.0,0.20618,0.985,1.0,0.035,0.72358,0.435,0.91855
1892,,1.0,0.17689,0.885,0.82929,-0.165,0.55287,0.335,0.88926
1893,5,1.0,0.1626,0.835,0.74358,1.0,0.46716,0.285,0.87497
1894,,1.0,0.13331,0.735,0.57287,0.8,0.29645,0.185,0.84568
1895,,1.0,0.10402,0.635,0.40216,0.6,0.12574,0.085,0.81639
1896,,1.0,0.07473,0.535,0.23145,0.4,-0.04497,-0.015,0.7871
1897,6,1.0,0.04544,0.45,0.11074,0.285,1.0,-0.03,0.80781
1898,7,1.0,0.03115,0.35,-0.04497,0.135,0.91429,1.0,0.86352
1899,4,1.0,0.05186,0.335,1.0,0.02,0.79358,0.915,0.83423
1900,,1.0,0.02257,0.235,0.82929,-0.18,0.62287,0.815,0.80494
1901,5,1.0,0.00828,0.185,0.74358,1.0,0.53716,0.765,0.79065
1902,,1.0,-0.02101,0.085,0.57287,0.8,0.36645,0.665,0.76136
1903,2,1.0,1.0,0.07,0.45216,0.615,0.19574,0.58,0.78207
1904,,1.0,0.97071,-0.03,0.28145,0.415,0.02503,0.48,0.75278
1905,3,1.0,1.0,1.0,0.19574,0.265,-0.13068,0.38,0.73849
1906,6,1.0,0.97071,0.915,0.07503,0.15,1.0,0.365,0.7592
1907,,1.0,0.94142,0.815,-0.09568,-0.05,0.82929,0.265,0.72991
1908,4,1.0,0.96213,0.8,1.0,-0.165,0.70858,0.18,0.70062
