step,active_motive,motive_1,motive_2,motive_3,motive_4,motive_5,motive_6,motive_7,motive_8
0,,-0.25092,0.90143,0.46399,0.19732,-0.68796,-0.68801,-0.88383,0.73235
1,7,-0.23021,0.88043,0.3847,0.07632,-0.80867,-0.76701,1.0,0.75335
2,5,-0.3095,0.85943,0.40541,0.09732,1.0,-0.84601,0.87929,0.63235
3,6,-0.35979,0.80943,0.35512,0.04732,0.95029,1.0,0.82958,0.58235
4,1,1.0,0.93043,0.37583,-0.07368,0.72958,0.779,0.70887,0.60335
5,4,0.94971,0.98043,0.46754,1.0,0.67987,0.629,0.51716,0.45335
6,,0.92042,0.98043,0.43825,0.9,0.50916,0.429,0.34645,0.35335
7,,0.89113,0.98043,0.40896,0.8,0.33845,0.229,0.17574,0.25335
8,,0.86184,0.98043,0.37967,0.7,0.16774,0.029,0.00503,0.15335
9,,0.83255,0.98043,0.35038,0.6,-0.00297,-0.171,-0.16568,0.05335
10,6,0.78226,0.93043,0.30009,0.55,-0.05268,1.0,-0.21539,0.00335
11,7,0.80297,0.90943,0.2208,0.429,-0.17339,0.921,1.0,0.02435
12,5,0.72368,0.88843,0.24151,0.45,1.0,0.842,0.87929,-0.09665
13,8,0.81539,0.93843,0.19122,0.3,0.80829,0.692,0.82958,1.0
14,,0.7861,0.93843,0.16193,0.2,0.63758,0.492,0.65887,0.9
15,,0.75681,0.93843,0.13264,0.1,0.46687,0.292,0.48816,0.8
16,,0.72752,0.93843,0.10335,0.0,0.29616,0.092,0.31745,0.7
17,,0.69823,0.93843,0.07406,-0.1,0.12545,-0.108,0.14674,0.6
18,6,0.64794,0.88843,0.02377,-0.15,0.07574,1.0,0.09703,0.55
19,4,0.59765,0.93843,0.11548,1.0,0.02603,0.85,-0.09468,0.4
20,7,0.61836,0.91743,0.03619,0.879,-0.09468,0.771,1.0,0.421
21,5,0.53907,0.89643,0.0569,0.9,1.0,0.692,0.87929,0.3
22,,0.50978,0.89643,0.02761,0.8,0.82929,0.492,0.70858,0.2
23,,0.48049,0.89643,-0.00168,0.7,0.65858,0.292,0.53787,0.1
24,3,0.5012,1.0,1.0,0.721,0.53787,0.071,0.31716,-0.021
25,8,0.59291,1.0,0.94971,0.571,0.34616,-0.079,0.26745,1.0
26,6,0.54262,0.95,0.89942,0.521,0.29645,1.0,0.21774,0.95
27,,0.51333,0.95,0.87013,0.421,0.12574,0.8,0.04703,0.85
28,,0.48404,0.95,0.84084,0.321,-0.04497,0.6,-0.12368,0.75
29,7,0.50475,0.929,0.76155,0.2,-0.16568,0.521,1.0,0.771
30,5,0.42546,0.908,0.78226,0.221,1.0,0.442,0.87929,0.65
31,,0.39617,0.908,0.75297,0.121,0.82929,0.242,0.70858,0.55
32,,0.36688,0.908,0.72368,0.021,0.65858,0.042,0.53787,0.45
33,,0.33759,0.908,0.69439,-0.079,0.48787,-0.158,0.36716,0.35
34,6,0.2873,0.858,0.6441,-0.129,0.43816,1.0,0.31745,0.3
35,4,0.23701,0.908,0.73581,1.0,0.38845,0.85,0.12574,0.15
36,,0.20772,0.908,0.70652,0.9,0.21774,0.65,-0.04497,0.05
37,7,0.22843,0.887,0.62723,0.779,0.09703,0.571,1.0,0.071
38,,0.19914,0.887,0.59794,0.679,-0.07368,0.371,0.82929,-0.029
39,5,0.11985,0.866,0.61865,0.7,1.0,0.292,0.70858,-0.15
40,8,0.21156,0.916,0.56836,0.55,0.80829,0.142,0.65887,1.0
41,,0.18227,0.916,0.53907,0.45,0.63758,-0.058,0.48816,0.9
42,6,0.13198,0.866,0.48878,0.4,0.58787,1.0,0.43845,0.85
43,,0.10269,0.866,0.45949,0.3,0.41716,0.8,0.26774,0.75
44,,0.0734,0.866,0.4302,0.2,0.24645,0.6,0.09703,0.65
45,,0.04411,0.866,0.40091,0.1,0.07574,0.4,-0.07368,0.55
46,7,0.06482,0.845,0.32162,-0.021,-0.04497,0.321,1.0,0.571
47,5,-0.01447,0.824,0.34233,-0.0,1.0,0.242,0.87929,0.45
48,1,1.0,0.945,0.36304,-0.121,0.77929,0.021,0.75858,0.471
49,4,0.94971,0.995,0.45475,1.0,0.72958,-0.129,0.56687,0.321
50,6,0.89942,0.945,0.40446,0.95,0.67987,1.0,0.51716,0.271
51,,0.87013,0.945,0.37517,0.85,0.50916,0.8,0.34645,0.171
52,,0.84084,0.945,0.34588,0.75,0.33845,0.6,0.17574,0.071
53,,0.81155,0.945,0.31659,0.65,0.16774,0.4,0.00503,-0.029
54,8,0.90326,0.995,0.2663,0.5,-0.02397,0.25,-0.04468,1.0
55,7,0.92397,0.974,0.18701,0.379,-0.14468,0.171,1.0,1.0
56,5,0.84468,0.953,0.20772,0.4,1.0,0.092,0.87929,0.879
57,,0.81539,0.953,0.17843,0.3,0.82929,-0.108,0.70858,0.779
58,6,0.7651,0.903,0.12814,0.25,0.77958,1.0,0.65887,0.729
59,,0.73581,0.903,0.09885,0.15,0.60887,0.8,0.48816,0.629
60,,0.70652,0.903,0.06956,0.05,0.43816,0.6,0.31745,0.529
61,,0.67723,0.903,0.04027,-0.05,0.26745,0.4,0.14674,0.429
62,4,0.62694,0.953,0.13198,1.0,0.21774,0.25,-0.04497,0.279
63,7,0.64765,0.932,0.05269,0.879,0.09703,0.171,1.0,0.3
64,,0.61836,0.932,0.0234,0.779,-0.07368,-0.029,0.82929,0.2
65,5,0.53907,0.911,0.04411,0.8,1.0,-0.108,0.70858,0.079
66,6,0.48878,0.861,-0.00618,0.75,0.95029,1.0,0.65887,0.029
67,3,0.50949,0.982,1.0,0.771,0.82958,0.779,0.43816,-0.092
68,8,0.6012,1.0,0.94971,0.621,0.63787,0.629,0.38845,1.0
69,,0.57191,1.0,0.92042,0.521,0.46716,0.429,0.21774,0.9
70,,0.54262,1.0,0.89113,0.421,0.29645,0.229,0.04703,0.8
71,,0.51333,1.0,0.86184,0.321,0.12574,0.029,-0.12368,0.7
72,7,0.53404,0.979,0.78255,0.2,0.00503,-0.05,1.0,0.721
73,6,0.48375,0.929,0.73226,0.15,-0.04468,1.0,0.95029,0.671
74,5,0.40446,0.908,0.75297,0.171,1.0,0.921,0.82958,0.55
75,,0.37517,0.908,0.72368,0.071,0.82929,0.721,0.65887,0.45
76,,0.34588,0.908,0.69439,-0.029,0.65858,0.521,0.48816,0.35
77,4,0.29559,0.958,0.7861,1.0,0.60887,0.371,0.29645,0.2
78,,0.2663,0.958,0.75681,0.9,0.43816,0.171,0.12574,0.1
79,,0.23701,0.958,0.72752,0.8,0.26745,-0.029,-0.04497,0.0
80,7,0.25772,0.937,0.64823,0.679,0.14674,-0.108,1.0,0.021
81,6,0.20743,0.887,0.59794,0.629,0.09703,1.0,0.95029,-0.029
82,8,0.29914,0.937,0.54765,0.479,-0.09468,0.85,0.90058,1.0
83,5,0.21985,0.916,0.56836,0.5,1.0,0.771,0.77987,0.879
84,,0.19056,0.916,0.53907,0.4,0.82929,0.571,0.60916,0.779
85,,0.16127,0.916,0.50978,0.3,0.65858,0.371,0.43845,0.679
86,,0.13198,0.916,0.48049,0.2,0.48787,0.171,0.26774,0.579
87,,0.10269,0.916,0.4512,0.1,0.31716,-0.029,0.09703,0.479
88,6,0.0524,0.866,0.40091,0.05,0.26745,1.0,0.04732,0.429
89,,0.02311,0.866,0.37162,-0.05,0.09674,0.8,-0.12339,0.329
90,7,0.04382,0.845,0.29233,-0.171,-0.02397,0.721,1.0,0.35
91,4,-0.00647,0.895,0.38404,1.0,-0.07368,0.571,0.80829,0.2
92,5,-0.08576,0.874,0.40475,1.0,1.0,0.492,0.68758,0.079
93,1,1.0,0.995,0.42546,0.879,0.77929,0.271,0.56687,0.1
94,,0.97071,0.995,0.39617,0.779,0.60858,0.071,0.39616,0.0
95,,0.94142,0.995,0.36688,0.679,0.43787,-0.129,0.22545,-0.1
96,6,0.89113,0.945,0.31659,0.629,0.38816,1.0,0.17574,-0.15
97,8,0.98284,0.995,0.2663,0.479,0.19645,0.85,0.12603,1.0
98,,0.95355,0.995,0.23701,0.379,0.02574,0.65,-0.04468,0.9
99,7,0.97426,0.974,0.15772,0.258,-0.09497,0.571,1.0,0.921
100,5,0.89497,0.953,0.17843,0.279,1.0,0.492,0.87929,0.8
101,,0.86568,0.953,0.14914,0.179,0.82929,0.292,0.70858,0.7
102,,0.83639,0.953,0.11985,0.079,0.65858,0.092,0.53787,0.6
103,,0.8071,0.953,0.09056,-0.021,0.48787,-0.108,0.36716,0.5
104,6,0.75681,0.903,0.04027,-0.071,0.43816,1.0,0.31745,0.45
105,4,0.70652,0.953,0.13198,1.0,0.38845,0.85,0.12574,0.3
106,,0.67723,0.953,0.10269,0.9,0.21774,0.65,-0.04497,0.2
107,7,0.69794,0.932,0.0234,0.779,0.09703,0.571,1.0,0.221
108,,0.66865,0.932,-0.00589,0.679,-0.07368,0.371,0.82929,0.121
109,5,0.58936,0.911,0.01482,0.7,1.0,0.292,0.70858,-0.0
110,,0.56007,0.911,-0.01447,0.6,0.82929,0.092,0.53787,-0.1
111,8,0.65178,0.961,-0.06476,0.45,0.63758,-0.058,0.48816,1.0
112,3,0.67249,1.0,1.0,0.471,0.51687,-0.279,0.26745,0.879
113,6,0.6222,0.95,0.94971,0.421,0.46716,1.0,0.21774,0.829
114,,0.59291,0.95,0.92042,0.321,0.29645,0.8,0.04703,0.729
115,,0.56362,0.95,0.89113,0.221,0.12574,0.6,-0.12368,0.629
116,7,0.58433,0.929,0.81184,0.1,0.00503,0.521,1.0,0.65
117,,0.55504,0.929,0.78255,0.0,-0.16568,0.321,0.82929,0.55
118,5,0.47575,0.908,0.80326,0.021,1.0,0.242,0.70858,0.429
119,,0.44646,0.908,0.77397,-0.079,0.82929,0.042,0.53787,0.329
120,4,0.39617,0.958,0.86568,1.0,0.77958,-0.108,0.34616,0.179
121,6,0.34588,0.908,0.81539,0.95,0.72987,1.0,0.29645,0.129
122,,0.31659,0.908,0.7861,0.85,0.55916,0.8,0.12574,0.029
123,,0.2873,0.908,0.75681,0.75,0.38845,0.6,-0.04497,-0.071
124,8,0.37901,0.958,0.70652,0.6,0.19674,0.45,-0.09468,1.0
125,7,0.39972,0.937,0.62723,0.479,0.07603,0.371,1.0,1.0
126,,0.37043,0.937,0.59794,0.379,-0.09468,0.171,0.82929,0.9
127,5,0.29114,0.916,0.61865,0.4,1.0,0.092,0.70858,0.779
128,,0.26185,0.916,0.58936,0.3,0.82929,-0.108,0.53787,0.679
129,6,0.21156,0.866,0.53907,0.25,0.77958,1.0,0.48816,0.629
130,,0.18227,0.866,0.50978,0.15,0.60887,0.8,0.31745,0.529
131,,0.15298,0.866,0.48049,0.05,0.43816,0.6,0.14674,0.429
132,,0.12369,0.866,0.4512,-0.05,0.26745,0.4,-0.02397,0.329
133,4,0.0734,0.916,0.54291,1.0,0.21774,0.25,-0.21568,0.179
134,7,0.09411,0.895,0.46362,0.879,0.09703,0.171,1.0,0.2
135,,0.06482,0.895,0.43433,0.779,-0.07368,-0.029,0.82929,0.1
136,5,-0.01447,0.874,0.45504,0.8,1.0,-0.108,0.70858,-0.021
137,6,-0.06476,0.824,0.40475,0.75,0.95029,1.0,0.65887,-0.071
138,8,0.02695,0.874,0.35446,0.6,0.75858,0.85,0.60916,1.0
139,,-0.00234,0.874,0.32517,0.5,0.58787,0.65,0.43845,0.9
140,1,1.0,0.995,0.34588,0.379,0.36716,0.429,0.31774,0.921
141,,0.97071,0.995,0.31659,0.279,0.19645,0.229,0.14703,0.821
142,,0.94142,0.995,0.2873,0.179,0.02574,0.029,-0.02368,0.721
143,7,0.96213,0.974,0.20801,0.058,-0.09497,-0.05,1.0,0.742
144,5,0.88284,0.953,0.22872,0.079,1.0,-0.129,0.87929,0.621
145,6,0.83255,0.903,0.17843,0.029,0.95029,1.0,0.82958,0.571
146,,0.80326,0.903,0.14914,-0.071,0.77958,0.8,0.65887,0.471
147,4,0.75297,0.953,0.24085,1.0,0.72987,0.65,0.46716,0.321
148,,0.72368,0.953,0.21156,0.9,0.55916,0.45,0.29645,0.221
149,,0.69439,0.953,0.18227,0.8,0.38845,0.25,0.12574,0.121
150,,0.6651,0.953,0.15298,0.7,0.21774,0.05,-0.04497,0.021
151,7,0.68581,0.932,0.07369,0.579,0.09703,-0.029,1.0,0.042
152,6,0.63552,0.882,0.0234,0.529,0.04732,1.0,0.95029,-0.008
153,8,0.72723,0.932,-0.02689,0.379,-0.14439,0.85,0.90058,1.0
154,5,0.64794,0.911,-0.00618,0.4,1.0,0.771,0.77987,0.879
155,3,0.66865,1.0,1.0,0.421,0.87929,0.55,0.55916,0.758
156,,0.63936,1.0,0.97071,0.321,0.70858,0.35,0.38845,0.658
157,,0.61007,1.0,0.94142,0.221,0.53787,0.15,0.21774,0.558
158,,0.58078,1.0,0.91213,0.121,0.36716,-0.05,0.04703,0.458
159,6,0.53049,0.95,0.86184,0.071,0.31745,1.0,-0.00268,0.408
160,7,0.5512,0.929,0.78255,-0.05,0.19674,0.921,1.0,0.429
161,4,0.50091,0.979,0.87426,1.0,0.14703,0.771,0.80829,0.279
162,,0.47162,0.979,0.84497,0.9,-0.02368,0.571,0.63758,0.179
163,5,0.39233,0.958,0.86568,0.921,1.0,0.492,0.51687,0.058
164,,0.36304,0.958,0.83639,0.821,0.82929,0.292,0.34616,-0.042
165,8,0.45475,1.0,0.7861,0.671,0.63758,0.142,0.29645,1.0
166,,0.42546,1.0,0.75681,0.571,0.46687,-0.058,0.12574,0.9
167,6,0.37517,0.95,0.70652,0.521,0.41716,1.0,0.07603,0.85
168,,0.34588,0.95,0.67723,0.421,0.24645,0.8,-0.09468,0.75
169,7,0.36659,0.929,0.59794,0.3,0.12574,0.721,1.0,0.771
170,,0.3373,0.929,0.56865,0.2,-0.04497,0.521,0.82929,0.671
171,5,0.25801,0.908,0.58936,0.221,1.0,0.442,0.70858,0.55
172,,0.22872,0.908,0.56007,0.121,0.82929,0.242,0.53787,0.45
173,,0.19943,0.908,0.53078,0.021,0.65858,0.042,0.36716,0.35
174,,0.17014,0.908,0.50149,-0.079,0.48787,-0.158,0.19645,0.25
175,6,0.11985,0.858,0.4512,-0.129,0.43816,1.0,0.14674,0.2
176,4,0.06956,0.908,0.54291,1.0,0.38845,0.85,-0.04497,0.05
177,7,0.09027,0.887,0.46362,0.879,0.26774,0.771,1.0,0.071
178,,0.06098,0.887,0.43433,0.779,0.09703,0.571,0.82929,-0.029
179,8,0.15269,0.937,0.38404,0.629,-0.09468,0.421,0.77958,1.0
180,5,0.0734,0.916,0.40475,0.65,1.0,0.342,0.65887,0.879
181,,0.04411,0.916,0.37546,0.55,0.82929,0.142,0.48816,0.779
182,,0.01482,0.916,0.34617,0.45,0.65858,-0.058,0.31745,0.679
183,6,-0.03547,0.866,0.29588,0.4,0.60887,1.0,0.26774,0.629
184,1,1.0,0.987,0.31659,0.279,0.38816,0.779,0.14703,0.65
185,,0.97071,0.987,0.2873,0.179,0.21745,0.579,-0.02368,0.55
186,7,0.99142,0.966,0.20801,0.058,0.09674,0.5,1.0,0.571
187,,0.96213,0.966,0.17872,-0.042,-0.07397,0.3,0.82929,0.471
188,5,0.88284,0.945,0.19943,-0.021,1.0,0.221,0.70858,0.35
189,4,0.83255,0.995,0.29114,1.0,0.95029,0.071,0.51687,0.2
190,,0.80326,0.995,0.26185,0.9,0.77958,-0.129,0.34616,0.1
191,6,0.75297,0.945,0.21156,0.85,0.72987,1.0,0.29645,0.05
192,,0.72368,0.945,0.18227,0.75,0.55916,0.8,0.12574,-0.05
193,8,0.81539,0.995,0.13198,0.6,0.36745,0.65,0.07603,1.0
194,,0.7861,0.995,0.10269,0.5,0.19674,0.45,-0.09468,0.9
195,7,0.80681,0.974,0.0234,0.379,0.07603,0.371,1.0,0.921
196,,0.77752,0.974,-0.00589,0.279,-0.09468,0.171,0.82929,0.821
197,5,0.69823,0.953,0.01482,0.3,1.0,0.092,0.70858,0.7
198,,0.66894,0.953,-0.01447,0.2,0.82929,-0.108,0.53787,0.6
199,6,0.61865,0.903,-0.06476,0.15,0.77958,1.0,0.48816,0.55
200,3,0.63936,1.0,1.0,0.171,0.65887,0.779,0.26745,0.429
201,,0.61007,1.0,0.97071,0.071,0.48816,0.579,0.09674,0.329
202,,0.58078,1.0,0.94142,-0.029,0.31745,0.379,-0.07397,0.229
203,7,0.60149,0.979,0.86213,-0.15,0.19674,0.3,1.0,0.25
204,4,0.5512,1.0,0.95384,1.0,0.14703,0.15,0.80829,0.1
205,,0.52191,1.0,0.92455,0.9,-0.02368,-0.05,0.63758,0.0
206,6,0.47162,0.95,0.87426,0.85,-0.07339,1.0,0.58787,-0.05
207,5,0.39233,0.929,0.89497,0.871,1.0,0.921,0.46716,-0.171
208,8,0.48404,0.979,0.84468,0.721,0.80829,0.771,0.41745,1.0
209,,0.45475,0.979,0.81539,0.621,0.63758,0.571,0.24674,0.9
210,,0.42546,0.979,0.7861,0.521,0.46687,0.371,0.07603,0.8
211,,0.39617,0.979,0.75681,0.421,0.29616,0.171,-0.09468,0.7
212,7,0.41688,0.958,0.67752,0.3,0.17545,0.092,1.0,0.721
213,,0.38759,0.958,0.64823,0.2,0.00474,-0.108,0.82929,0.621
214,6,0.3373,0.908,0.59794,0.15,-0.04497,1.0,0.77958,0.571
215,5,0.25801,0.887,0.61865,0.171,1.0,0.921,0.65887,0.45
216,,0.22872,0.887,0.58936,0.071,0.82929,0.721,0.48816,0.35
217,,0.19943,0.887,0.56007,-0.029,0.65858,0.521,0.31745,0.25
218,4,0.14914,0.937,0.65178,1.0,0.60887,0.371,0.12574,0.1
219,,0.11985,0.937,0.62249,0.9,0.43816,0.171,-0.04497,0.0
220,7,0.14056,0.916,0.5432,0.779,0.31745,0.092,1.0,0.021
221,,0.11127,0.916,0.51391,0.679,0.14674,-0.108,0.82929,-0.079
222,6,0.06098,0.866,0.46362,0.629,0.09703,1.0,0.77958,-0.129
223,8,0.15269,0.916,0.41333,0.479,-0.09468,0.85,0.72987,1.0
224,5,0.0734,0.895,0.43404,0.5,1.0,0.771,0.60916,0.879
225,,0.04411,0.895,0.40475,0.4,0.82929,0.571,0.43845,0.779
226,,0.01482,0.895,0.37546,0.3,0.65858,0.371,0.26774,0.679
227,,-0.01447,0.895,0.34617,0.2,0.48787,0.171,0.09703,0.579
228,1,1.0,1.0,0.36688,0.079,0.26716,-0.05,-0.02368,0.6
229,6,0.94971,0.95,0.31659,0.029,0.21745,1.0,-0.07339,0.55
230,7,0.97042,0.929,0.2373,-0.092,0.09674,0.921,1.0,0.571
231,4,0.92013,0.979,0.32901,1.0,0.04703,0.771,0.80829,0.421
232,,0.89084,0.979,0.29972,0.9,-0.12368,0.571,0.63758,0.321
233,5,0.81155,0.958,0.32043,0.921,1.0,0.492,0.51687,0.2
234,,0.78226,0.958,0.29114,0.821,0.82929,0.292,0.34616,0.1
235,,0.75297,0.958,0.26185,0.721,0.65858,0.092,0.17545,0.0
236,,0.72368,0.958,0.23256,0.621,0.48787,-0.108,0.00474,-0.1
237,6,0.67339,0.908,0.18227,0.571,0.43816,1.0,-0.04497,-0.15
238,8,0.7651,0.958,0.13198,0.421,0.24645,0.85,-0.09468,1.0
239,7,0.78581,0.937,0.05269,0.3,0.12574,0.771,1.0,1.0
240,,0.75652,0.937,0.0234,0.2,-0.04497,0.571,0.82929,0.9
241,5,0.67723,0.916,0.04411,0.221,1.0,0.492,0.70858,0.779
242,,0.64794,0.916,0.01482,0.121,0.82929,0.292,0.53787,0.679
243,,0.61865,0.916,-0.01447,0.021,0.65858,0.092,0.36716,0.579
244,3,0.63936,1.0,1.0,0.042,0.53787,-0.129,0.14645,0.458
245,6,0.58907,0.95,0.94971,-0.008,0.48816,1.0,0.09674,0.408
246,4,0.53878,1.0,1.0,1.0,0.43845,0.85,-0.09497,0.258
247,7,0.55949,0.979,0.92071,0.879,0.31774,0.771,1.0,0.279
248,,0.5302,0.979,0.89142,0.779,0.14703,0.571,0.82929,0.179
249,,0.50091,0.979,0.86213,0.679,-0.02368,0.371,0.65858,0.079
250,5,0.42162,0.958,0.88284,0.7,1.0,0.292,0.53787,-0.042
251,8,0.51333,1.0,0.83255,0.55,0.80829,0.142,0.48816,1.0
252,,0.48404,1.0,0.80326,0.45,0.63758,-0.058,0.31745,0.9
253,6,0.43375,0.95,0.75297,0.4,0.58787,1.0,0.26774,0.85
254,,0.40446,0.95,0.72368,0.3,0.41716,0.8,0.09703,0.75
255,,0.37517,0.95,0.69439,0.2,0.24645,0.6,-0.07368,0.65
256,7,0.39588,0.929,0.6151,0.079,0.12574,0.521,1.0,0.671
257,,0.36659,0.929,0.58581,-0.021,-0.04497,0.321,0.82929,0.571
258,5,0.2873,0.908,0.60652,-0.0,1.0,0.242,0.70858,0.45
259,,0.25801,0.908,0.57723,-0.1,0.82929,0.042,0.53787,0.35
260,4,0.20772,0.958,0.66894,1.0,0.77958,-0.108,0.34616,0.2
261,6,0.15743,0.908,0.61865,0.95,0.72987,1.0,0.29645,0.15
262,,0.12814,0.908,0.58936,0.85,0.55916,0.8,0.12574,0.05
263,,0.09885,0.908,0.56007,0.75,0.38845,0.6,-0.04497,-0.05
264,8,0.19056,0.958,0.50978,0.6,0.19674,0.45,-0.09468,1.0
265,7,0.21127,0.937,0.43049,0.479,0.07603,0.371,1.0,1.0
266,,0.18198,0.937,0.4012,0.379,-0.09468,0.171,0.82929,0.9
267,5,0.10269,0.916,0.42191,0.4,1.0,0.092,0.70858,0.779
268,,0.0734,0.916,0.39262,0.3,0.82929,-0.108,0.53787,0.679
269,6,0.02311,0.866,0.34233,0.25,0.77958,1.0,0.48816,0.629
270,,-0.00618,0.866,0.31304,0.15,0.60887,0.8,0.31745,0.529
271,1,1.0,0.987,0.33375,0.029,0.38816,0.579,0.19674,0.55
272,,0.97071,0.987,0.30446,-0.071,0.21745,0.379,0.02603,0.45
273,4,0.92042,1.0,0.39617,1.0,0.16774,0.229,-0.16568,0.3
274,7,0.94113,0.979,0.31688,0.879,0.04703,0.15,1.0,0.321
275,,0.91184,0.979,0.28759,0.779,-0.12368,-0.05,0.82929,0.221
276,5,0.83255,0.958,0.3083,0.8,1.0,-0.129,0.70858,0.1
277,6,0.78226,0.908,0.25801,0.75,0.95029,1.0,0.65887,0.05
278,,0.75297,0.908,0.22872,0.65,0.77958,0.8,0.48816,-0.05
279,8,0.84468,0.958,0.17843,0.5,0.58787,0.65,0.43845,1.0
280,,0.81539,0.958,0.14914,0.4,0.41716,0.45,0.26774,0.9
281,,0.7861,0.958,0.11985,0.3,0.24645,0.25,0.09703,0.8
282,,0.75681,0.958,0.09056,0.2,0.07574,0.05,-0.07368,0.7
283,7,0.77752,0.937,0.01127,0.079,-0.04497,-0.029,1.0,0.721
284,5,0.69823,0.916,0.03198,0.1,1.0,-0.108,0.87929,0.6
285,6,0.64794,0.866,-0.01831,0.05,0.95029,1.0,0.82958,0.55
286,3,0.66865,0.987,1.0,0.071,0.82958,0.779,0.60887,0.429
287,,0.63936,0.987,0.97071,-0.029,0.65887,0.579,0.43816,0.329
288,4,0.58907,1.0,1.0,1.0,0.60916,0.429,0.24645,0.179
289,,0.55978,1.0,0.97071,0.9,0.43845,0.229,0.07574,0.079
290,,0.53049,1.0,0.94142,0.8,0.26774,0.029,-0.09497,-0.021
291,7,0.5512,0.979,0.86213,0.679,0.14703,-0.05,1.0,-0.0
292,6,0.50091,0.929,0.81184,0.629,0.09732,1.0,0.95029,-0.05
293,8,0.59262,0.979,0.76155,0.479,-0.09439,0.85,0.90058,1.0
294,5,0.51333,0.958,0.78226,0.5,1.0,0.771,0.77987,0.879
295,,0.48404,0.958,0.75297,0.4,0.82929,0.571,0.60916,0.779
296,,0.45475,0.958,0.72368,0.3,0.65858,0.371,0.43845,0.679
297,,0.42546,0.958,0.69439,0.2,0.48787,0.171,0.26774,0.579
298,,0.39617,0.958,0.6651,0.1,0.31716,-0.029,0.09703,0.479
299,6,0.34588,0.908,0.61481,0.05,0.26745,1.0,0.04732,0.429
300,,0.31659,0.908,0.58552,-0.05,0.09674,0.8,-0.12339,0.329
301,7,0.3373,0.887,0.50623,-0.171,-0.02397,0.721,1.0,0.35
302,4,0.28701,0.937,0.59794,1.0,-0.07368,0.571,0.80829,0.2
303,5,0.20772,0.916,0.61865,1.0,1.0,0.492,0.68758,0.079
304,,0.17843,0.916,0.58936,0.9,0.82929,0.292,0.51687,-0.021
305,8,0.27014,0.966,0.53907,0.75,0.63758,0.142,0.46716,1.0
306,,0.24085,0.966,0.50978,0.65,0.46687,-0.058,0.29645,0.9
307,6,0.19056,0.916,0.45949,0.6,0.41716,1.0,0.24674,0.85
308,,0.16127,0.916,0.4302,0.5,0.24645,0.8,0.07603,0.75
309,,0.13198,0.916,0.40091,0.4,0.07574,0.6,-0.09468,0.65
310,7,0.15269,0.895,0.32162,0.279,-0.04497,0.521,1.0,0.671
311,5,0.0734,0.874,0.34233,0.3,1.0,0.442,0.87929,0.55
312,,0.04411,0.874,0.31304,0.2,0.82929,0.242,0.70858,0.45
313,,0.01482,0.874,0.28375,0.1,0.65858,0.042,0.53787,0.35
314,,-0.01447,0.874,0.25446,0.0,0.48787,-0.158,0.36716,0.25
315,6,-0.06476,0.824,0.20417,-0.05,0.43816,1.0,0.31745,0.2
316,1,1.0,0.945,0.22488,-0.171,0.21745,0.779,0.19674,0.221
317,4,0.94971,0.995,0.31659,1.0,0.16774,0.629,0.00503,0.071
318,,0.92042,0.995,0.2873,0.9,-0.00297,0.429,-0.16568,-0.029
319,7,0.94113,0.974,0.20801,0.779,-0.12368,0.35,1.0,-0.008
320,5,0.86184,0.953,0.22872,0.8,1.0,0.271,0.87929,-0.129
321,8,0.95355,1.0,0.17843,0.65,0.80829,0.121,0.82958,1.0
322,,0.92426,1.0,0.14914,0.55,0.63758,-0.079,0.65887,0.9
323,6,0.87397,0.95,0.09885,0.5,0.58787,1.0,0.60916,0.85
324,,0.84468,0.95,0.06956,0.4,0.41716,0.8,0.43845,0.75
325,,0.81539,0.95,0.04027,0.3,0.24645,0.6,0.26774,0.65
326,,0.7861,0.95,0.01098,0.2,0.07574,0.4,0.09703,0.55
327,,0.75681,0.95,-0.01831,0.1,-0.09497,0.2,-0.07368,0.45
328,5,0.67752,0.929,0.0024,0.121,1.0,0.121,-0.19439,0.329
329,7,0.69823,0.908,-0.07689,-0.0,0.87929,0.042,1.0,0.35
330,3,0.71894,1.0,1.0,0.021,0.75858,-0.179,0.77929,0.229
331,6,0.66865,0.95,0.94971,-0.029,0.70887,1.0,0.72958,0.179
332,4,0.61836,1.0,1.0,1.0,0.65916,0.85,0.53787,0.029
333,,0.58907,1.0,0.97071,0.9,0.48845,0.65,0.36716,-0.071
334,8,0.68078,1.0,0.92042,0.75,0.29674,0.5,0.31745,1.0
335,,0.65149,1.0,0.89113,0.65,0.12603,0.3,0.14674,0.9
336,,0.6222,1.0,0.86184,0.55,-0.04468,0.1,-0.02397,0.8
337,5,0.54291,0.979,0.88255,0.571,1.0,0.021,-0.14468,0.679
338,7,0.56362,0.958,0.80326,0.45,0.87929,-0.058,1.0,0.7
339,6,0.51333,0.908,0.75297,0.4,0.82958,1.0,0.95029,0.65
340,,0.48404,0.908,0.72368,0.3,0.65887,0.8,0.77958,0.55
341,,0.45475,0.908,0.69439,0.2,0.48816,0.6,0.60887,0.45
342,,0.42546,0.908,0.6651,0.1,0.31745,0.4,0.43816,0.35
343,,0.39617,0.908,0.63581,0.0,0.14674,0.2,0.26745,0.25
344,,0.36688,0.908,0.60652,-0.1,-0.02397,0.0,0.09674,0.15
345,4,0.31659,0.958,0.69823,1.0,-0.07368,-0.15,-0.09497,-0.0
346,6,0.2663,0.908,0.64794,0.95,-0.12339,1.0,-0.14468,-0.05
347,7,0.28701,0.887,0.56865,0.829,-0.2441,0.921,1.0,-0.029
348,5,0.20772,0.866,0.58936,0.85,1.0,0.842,0.87929,-0.15
349,8,0.29943,0.916,0.53907,0.7,0.80829,0.692,0.82958,1.0
350,,0.27014,0.916,0.50978,0.6,0.63758,0.492,0.65887,0.9
351,,0.24085,0.916,0.48049,0.5,0.46687,0.292,0.48816,0.8
352,,0.21156,0.916,0.4512,0.4,0.29616,0.092,0.31745,0.7
353,,0.18227,0.916,0.42191,0.3,0.12545,-0.108,0.14674,0.6
354,6,0.13198,0.866,0.37162,0.25,0.07574,1.0,0.09703,0.55
355,,0.10269,0.866,0.34233,0.15,-0.09497,0.8,-0.07368,0.45
356,5,0.0234,0.845,0.36304,0.171,1.0,0.721,-0.19439,0.329
357,7,0.04411,0.824,0.28375,0.05,0.87929,0.642,1.0,0.35
358,,0.01482,0.824,0.25446,-0.05,0.70858,0.442,0.82929,0.25
359,4,-0.03547,0.874,0.34617,1.0,0.65887,0.292,0.63758,0.1
360,1,1.0,0.995,0.36688,0.879,0.43816,0.071,0.51687,0.121
361,,0.97071,0.995,0.33759,0.779,0.26745,-0.129,0.34616,0.021
362,6,0.92042,0.945,0.2873,0.729,0.21774,1.0,0.29645,-0.029
363,8,1.0,0.995,0.23701,0.579,0.02603,0.85,0.24674,1.0
364,,0.97071,0.995,0.20772,0.479,-0.14468,0.65,0.07603,0.9
365,5,0.89142,0.974,0.22843,0.5,1.0,0.571,-0.04468,0.779
366,7,0.91213,0.953,0.14914,0.379,0.87929,0.492,1.0,0.8
367,,0.88284,0.953,0.11985,0.279,0.70858,0.292,0.82929,0.7
368,,0.85355,0.953,0.09056,0.179,0.53787,0.092,0.65858,0.6
369,,0.82426,0.953,0.06127,0.079,0.36716,-0.108,0.48787,0.5
370,6,0.77397,0.903,0.01098,0.029,0.31745,1.0,0.43816,0.45
371,,0.74468,0.903,-0.01831,-0.071,0.14674,0.8,0.26745,0.35
372,4,0.69439,0.953,0.0734,1.0,0.09703,0.65,0.07574,0.2
373,,0.6651,0.953,0.04411,0.9,-0.07368,0.45,-0.09497,0.1
374,7,0.68581,0.932,-0.03518,0.779,-0.19439,0.371,1.0,0.121
375,5,0.60652,0.911,-0.01447,0.8,1.0,0.292,0.87929,-0.0
376,3,0.62723,1.0,1.0,0.821,0.87929,0.071,0.65858,-0.121
377,8,0.71894,1.0,0.94971,0.671,0.68758,-0.079,0.60887,1.0
378,6,0.66865,0.95,0.89942,0.621,0.63787,1.0,0.55916,0.95
379,,0.63936,0.95,0.87013,0.521,0.46716,0.8,0.38845,0.85
380,,0.61007,0.95,0.84084,0.421,0.29645,0.6,0.21774,0.75
381,,0.58078,0.95,0.81155,0.321,0.12574,0.4,0.04703,0.65
382,,0.55149,0.95,0.78226,0.221,-0.04497,0.2,-0.12368,0.55
383,7,0.5722,0.929,0.70297,0.1,-0.16568,0.121,1.0,0.571
384,5,0.49291,0.908,0.72368,0.121,1.0,0.042,0.87929,0.45
385,,0.46362,0.908,0.69439,0.021,0.82929,-0.158,0.70858,0.35
386,6,0.41333,0.858,0.6441,-0.029,0.77958,1.0,0.65887,0.3
387,4,0.36304,0.908,0.73581,1.0,0.72987,0.85,0.46716,0.15
388,,0.33375,0.908,0.70652,0.9,0.55916,0.65,0.29645,0.05
389,,0.30446,0.908,0.67723,0.8,0.38845,0.45,0.12574,-0.05
390,8,0.39617,0.958,0.62694,0.65,0.19674,0.3,0.07603,1.0
391,,0.36688,0.958,0.59765,0.55,0.02603,0.1,-0.09468,0.9
392,7,0.38759,0.937,0.51836,0.429,-0.09468,0.021,1.0,0.921
393,5,0.3083,0.916,0.53907,0.45,1.0,-0.058,0.87929,0.8
394,6,0.25801,0.866,0.48878,0.4,0.95029,1.0,0.82958,0.75
395,,0.22872,0.866,0.45949,0.3,0.77958,0.8,0.65887,0.65
396,,0.19943,0.866,0.4302,0.2,0.60887,0.6,0.48816,0.55
397,,0.17014,0.866,0.40091,0.1,0.43816,0.4,0.31745,0.45
398,,0.14085,0.866,0.37162,0.0,0.26745,0.2,0.14674,0.35
399,,0.11156,0.866,0.34233,-0.1,0.09674,0.0,-0.02397,0.25
400,4,0.06127,0.916,0.43404,1.0,0.04703,-0.15,-0.21568,0.1
401,7,0.08198,0.895,0.35475,0.879,-0.07368,-0.229,1.0,0.121
402,6,0.03169,0.845,0.30446,0.829,-0.12339,1.0,0.95029,0.071
403,5,-0.0476,0.824,0.32517,0.85,1.0,0.921,0.82958,-0.05
404,8,0.04411,0.874,0.27488,0.7,0.80829,0.771,0.77987,1.0
405,,0.01482,0.874,0.24559,0.6,0.63758,0.571,0.60916,0.9
406,,-0.01447,0.874,0.2163,0.5,0.46687,0.371,0.43845,0.8
407,1,1.0,0.995,0.23701,0.379,0.24616,0.15,0.31774,0.821
408,,0.97071,0.995,0.20772,0.279,0.07545,-0.05,0.14703,0.721
409,6,0.92042,0.945,0.15743,0.229,0.02574,1.0,0.09732,0.671
410,,0.89113,0.945,0.12814,0.129,-0.14497,0.8,-0.07339,0.571
411,5,0.81184,0.924,0.14885,0.15,1.0,0.721,-0.1941,0.45
412,7,0.83255,0.903,0.06956,0.029,0.87929,0.642,1.0,0.471
413,,0.80326,0.903,0.04027,-0.071,0.70858,0.442,0.82929,0.371
414,4,0.75297,0.953,0.13198,1.0,0.65887,0.292,0.63758,0.221
415,,0.72368,0.953,0.10269,0.9,0.48816,0.092,0.46687,0.121
416,,0.69439,0.953,0.0734,0.8,0.31745,-0.108,0.29616,0.021
417,6,0.6441,0.903,0.02311,0.75,0.26774,1.0,0.24645,-0.029
418,8,0.73581,0.953,-0.02718,0.6,0.07603,0.85,0.19674,1.0
419,3,0.75652,1.0,1.0,0.621,-0.04468,0.629,-0.02397,0.879
420,5,0.67723,0.979,1.0,0.642,1.0,0.55,-0.14468,0.758
421,7,0.69794,0.958,0.92071,0.521,0.87929,0.471,1.0,0.779
422,,0.66865,0.958,0.89142,0.421,0.70858,0.271,0.82929,0.679
423,,0.63936,0.958,0.86213,0.321,0.53787,0.071,0.65858,0.579
424,,0.61007,0.958,0.83284,0.221,0.36716,-0.129,0.48787,0.479
425,6,0.55978,0.908,0.78255,0.171,0.31745,1.0,0.43816,0.429
426,,0.53049,0.908,0.75326,0.071,0.14674,0.8,0.26745,0.329
427,,0.5012,0.908,0.72397,-0.029,-0.02397,0.6,0.09674,0.229
428,4,0.45091,0.958,0.81568,1.0,-0.07368,0.45,-0.09497,0.079
429,7,0.47162,0.937,0.73639,0.879,-0.19439,0.371,1.0,0.1
430,5,0.39233,0.916,0.7571,0.9,1.0,0.292,0.87929,-0.021
431,8,0.48404,0.966,0.70681,0.75,0.80829,0.142,0.82958,1.0
432,,0.45475,0.966,0.67752,0.65,0.63758,-0.058,0.65887,0.9
433,6,0.40446,0.916,0.62723,0.6,0.58787,1.0,0.60916,0.85
434,,0.37517,0.916,0.59794,0.5,0.41716,0.8,0.43845,0.75
435,,0.34588,0.916,0.56865,0.4,0.24645,0.6,0.26774,0.65
436,,0.31659,0.916,0.53936,0.3,0.07574,0.4,0.09703,0.55
437,,0.2873,0.916,0.51007,0.2,-0.09497,0.2,-0.07368,0.45
438,5,0.20801,0.895,0.53078,0.221,1.0,0.121,-0.19439,0.329
439,7,0.22872,0.874,0.45149,0.1,0.87929,0.042,1.0,0.35
440,,0.19943,0.874,0.4222,0.0,0.70858,-0.158,0.82929,0.25
441,6,0.14914,0.824,0.37191,-0.05,0.65887,1.0,0.77958,0.2
442,4,0.09885,0.874,0.46362,1.0,0.60916,0.85,0.58787,0.05
443,,0.06956,0.874,0.43433,0.9,0.43845,0.65,0.41716,-0.05
444,8,0.16127,0.924,0.38404,0.75,0.24674,0.5,0.36745,1.0
445,,0.13198,0.924,0.35475,0.65,0.07603,0.3,0.19674,0.9
446,,0.10269,0.924,0.32546,0.55,-0.09468,0.1,0.02603,0.8
447,5,0.0234,0.903,0.34617,0.571,1.0,0.021,-0.09468,0.679
448,7,0.04411,0.882,0.26688,0.45,0.87929,-0.058,1.0,0.7
449,6,-0.00618,0.832,0.21659,0.4,0.82958,1.0,0.95029,0.65
450,1,1.0,0.953,0.2373,0.279,0.60887,0.779,0.82958,0.671
451,,0.97071,0.953,0.20801,0.179,0.43816,0.579,0.65887,0.571
452,,0.94142,0.953,0.17872,0.079,0.26745,0.379,0.48816,0.471
453,,0.91213,0.953,0.14943,-0.021,0.09674,0.179,0.31745,0.371
454,4,0.86184,1.0,0.24114,1.0,0.04703,0.029,0.12574,0.221
455,,0.83255,1.0,0.21185,0.9,-0.12368,-0.171,-0.04497,0.121
456,6,0.78226,0.95,0.16156,0.85,-0.17339,1.0,-0.09468,0.071
457,5,0.70297,0.929,0.18227,0.871,1.0,0.921,-0.21539,-0.05
458,7,0.72368,0.908,0.10298,0.75,0.87929,0.842,1.0,-0.029
459,8,0.81539,0.958,0.05269,0.6,0.68758,0.692,0.95029,1.0
460,,0.7861,0.958,0.0234,0.5,0.51687,0.492,0.77958,0.9
461,,0.75681,0.958,-0.00589,0.4,0.34616,0.292,0.60887,0.8
462,3,0.77752,1.0,1.0,0.421,0.22545,0.071,0.38816,0.679
463,,0.74823,1.0,0.97071,0.321,0.05474,-0.129,0.21745,0.579
464,6,0.69794,0.95,0.92042,0.271,0.00503,1.0,0.16774,0.529
465,,0.66865,0.95,0.89113,0.171,-0.16568,0.8,-0.00297,0.429
466,5,0.58936,0.929,0.91184,0.192,1.0,0.721,-0.12368,0.308
467,7,0.61007,0.908,0.83255,0.071,0.87929,0.642,1.0,0.329
468,,0.58078,0.908,0.80326,-0.029,0.70858,0.442,0.82929,0.229
469,4,0.53049,0.958,0.89497,1.0,0.65887,0.292,0.63758,0.079
470,,0.5012,0.958,0.86568,0.9,0.48816,0.092,0.46687,-0.021
471,8,0.59291,1.0,0.81539,0.75,0.29645,-0.058,0.41716,1.0
472,6,0.54262,0.95,0.7651,0.7,0.24674,1.0,0.36745,0.95
473,,0.51333,0.95,0.73581,0.6,0.07603,0.8,0.19674,0.85
474,,0.48404,0.95,0.70652,0.5,-0.09468,0.6,0.02603,0.75
475,5,0.40475,0.929,0.72723,0.521,1.0,0.521,-0.09468,0.629
476,7,0.42546,0.908,0.64794,0.4,0.87929,0.442,1.0,0.65
477,,0.39617,0.908,0.61865,0.3,0.70858,0.242,0.82929,0.55
478,,0.36688,0.908,0.58936,0.2,0.53787,0.042,0.65858,0.45
479,,0.33759,0.908,0.56007,0.1,0.36716,-0.158,0.48787,0.35
480,6,0.2873,0.858,0.50978,0.05,0.31745,1.0,0.43816,0.3
481,,0.25801,0.858,0.48049,-0.05,0.14674,0.8,0.26745,0.2
482,4,0.20772,0.908,0.5722,1.0,0.09703,0.65,0.07574,0.05
483,,0.17843,0.908,0.54291,0.9,-0.07368,0.45,-0.09497,-0.05
484,7,0.19914,0.887,0.46362,0.779,-0.19439,0.371,1.0,-0.029
485,5,0.11985,0.866,0.48433,0.8,1.0,0.292,0.87929,-0.15
486,8,0.21156,0.916,0.43404,0.65,0.80829,0.142,0.82958,1.0
487,,0.18227,0.916,0.40475,0.55,0.63758,-0.058,0.65887,0.9
488,6,0.13198,0.866,0.35446,0.5,0.58787,1.0,0.60916,0.85
489,,0.10269,0.866,0.32517,0.4,0.41716,0.8,0.43845,0.75
490,,0.0734,0.866,0.29588,0.3,0.24645,0.6,0.26774,0.65
491,,0.04411,0.866,0.26659,0.2,0.07574,0.4,0.09703,0.55
492,,0.01482,0.866,0.2373,0.1,-0.09497,0.2,-0.07368,0.45
493,5,-0.06447,0.845,0.25801,0.121,1.0,0.121,-0.19439,0.329
494,7,-0.04376,0.824,0.17872,-0.0,0.87929,0.042,1.0,0.35
495,1,1.0,0.945,0.19943,-0.121,0.65858,-0.179,0.87929,0.371
496,6,0.94971,0.895,0.14914,-0.171,0.60887,1.0,0.82958,0.321
497,4,0.89942,0.945,0.24085,1.0,0.55916,0.85,0.63787,0.171
498,,0.87013,0.945,0.21156,0.9,0.38845,0.65,0.46716,0.071
499,,0.84084,0.945,0.18227,0.8,0.21774,0.45,0.29645,-0.029
500,8,0.93255,0.995,0.13198,0.65,0.02603,0.3,0.24674,1.0
501,,0.90326,0.995,0.10269,0.55,-0.14468,0.1,0.07603,0.9
502,5,0.82397,0.974,0.1234,0.571,1.0,0.021,-0.04468,0.779
503,7,0.84468,0.953,0.04411,0.45,0.87929,-0.058,1.0,0.8
504,6,0.79439,0.903,-0.00618,0.4,0.82958,1.0,0.95029,0.75
505,3,0.8151,1.0,1.0,0.421,0.70887,0.779,0.72958,0.629
506,,0.78581,1.0,0.97071,0.321,0.53816,0.579,0.55887,0.529
507,,0.75652,1.0,0.94142,0.221,0.36745,0.379,0.38816,0.429
508,,0.72723,1.0,0.91213,0.121,0.19674,0.179,0.21745,0.329
509,,0.69794,1.0,0.88284,0.021,0.02603,-0.021,0.04674,0.229
510,6,0.64765,0.95,0.83255,-0.029,-0.02368,1.0,-0.00297,0.179
511,4,0.59736,1.0,0.92426,1.0,-0.07339,0.85,-0.19468,0.029
512,7,0.61807,0.979,0.84497,0.879,-0.1941,0.771,1.0,0.05
513,5,0.53878,0.958,0.86568,0.9,1.0,0.692,0.87929,-0.071
514,8,0.63049,1.0,0.81539,0.75,0.80829,0.542,0.82958,1.0
515,,0.6012,1.0,0.7861,0.65,0.63758,0.342,0.65887,0.9
516,,0.57191,1.0,0.75681,0.55,0.46687,0.142,0.48816,0.8
517,,0.54262,1.0,0.72752,0.45,0.29616,-0.058,0.31745,0.7
518,6,0.49233,0.95,0.67723,0.4,0.24645,1.0,0.26774,0.65
519,,0.46304,0.95,0.64794,0.3,0.07574,0.8,0.09703,0.55
520,,0.43375,0.95,0.61865,0.2,-0.09497,0.6,-0.07368,0.45
521,5,0.35446,0.929,0.63936,0.221,1.0,0.521,-0.19439,0.329
522,7,0.37517,0.908,0.56007,0.1,0.87929,0.442,1.0,0.35
523,,0.34588,0.908,0.53078,0.0,0.70858,0.242,0.82929,0.25
524,,0.31659,0.908,0.50149,-0.1,0.53787,0.042,0.65858,0.15
525,4,0.2663,0.958,0.5932,1.0,0.48816,-0.108,0.46687,-0.0
526,6,0.21601,0.908,0.54291,0.95,0.43845,1.0,0.41716,-0.05
527,8,0.30772,0.958,0.49262,0.8,0.24674,0.85,0.36745,1.0
528,,0.27843,0.958,0.46333,0.7,0.07603,0.65,0.19674,0.9
529,,0.24914,0.958,0.43404,0.6,-0.09468,0.45,0.02603,0.8
530,5,0.16985,0.937,0.45475,0.621,1.0,0.371,-0.09468,0.679
531,7,0.19056,0.916,0.37546,0.5,0.87929,0.292,1.0,0.7
532,,0.16127,0.916,0.34617,0.4,0.70858,0.092,0.82929,0.6
533,,0.13198,0.916,0.31688,0.3,0.53787,-0.108,0.65858,0.5
534,6,0.08169,0.866,0.26659,0.25,0.48816,1.0,0.60887,0.45
535,,0.0524,0.866,0.2373,0.15,0.31745,0.8,0.43816,0.35
536,,0.02311,0.866,0.20801,0.05,0.14674,0.6,0.26745,0.25
537,,-0.00618,0.866,0.17872,-0.05,-0.02397,0.4,0.09674,0.15
538,4,-0.05647,0.916,0.27043,1.0,-0.07368,0.25,-0.09497,-0.0
539,7,-0.03576,0.895,0.19114,0.879,-0.19439,0.171,1.0,0.021
540,5,-0.11505,0.874,0.21185,0.9,1.0,0.092,0.87929,-0.1
541,1,1.0,0.995,0.23256,0.779,0.77929,-0.129,0.75858,-0.079
542,6,0.94971,0.945,0.18227,0.729,0.72958,1.0,0.70887,-0.129
543,8,1.0,0.995,0.13198,0.579,0.53787,0.85,0.65916,1.0
544,,0.97071,0.995,0.10269,0.479,0.36716,0.65,0.48845,0.9
545,,0.94142,0.995,0.0734,0.379,0.19645,0.45,0.31774,0.8
546,,0.91213,0.995,0.04411,0.279,0.02574,0.25,0.14703,0.7
547,,0.88284,0.995,0.01482,0.179,-0.14497,0.05,-0.02368,0.6
548,5,0.80355,0.974,0.03553,0.2,1.0,-0.029,-0.14439,0.479
549,7,0.82426,0.953,-0.04376,0.079,0.87929,-0.108,1.0,0.5
550,6,0.77397,0.903,-0.09405,0.029,0.82958,1.0,0.95029,0.45
551,3,0.79468,1.0,1.0,0.05,0.70887,0.779,0.72958,0.329
552,,0.76539,1.0,0.97071,-0.05,0.53816,0.579,0.55887,0.229
553,4,0.7151,1.0,1.0,1.0,0.48845,0.429,0.36716,0.079
554,,0.68581,1.0,0.97071,0.9,0.31774,0.229,0.19645,-0.021
555,8,0.77752,1.0,0.92042,0.75,0.12603,0.079,0.14674,1.0
556,,0.74823,1.0,0.89113,0.65,-0.04468,-0.121,-0.02397,0.9
557,6,0.69794,0.95,0.84084,0.6,-0.09439,1.0,-0.07368,0.85
558,5,0.61865,0.929,0.86155,0.621,1.0,0.921,-0.19439,0.729
559,7,0.63936,0.908,0.78226,0.5,0.87929,0.842,1.0,0.75
560,,0.61007,0.908,0.75297,0.4,0.70858,0.642,0.82929,0.65
561,,0.58078,0.908,0.72368,0.3,0.53787,0.442,0.65858,0.55
562,,0.55149,0.908,0.69439,0.2,0.36716,0.242,0.48787,0.45
563,,0.5222,0.908,0.6651,0.1,0.19645,0.042,0.31716,0.35
564,,0.49291,0.908,0.63581,0.0,0.02574,-0.158,0.14645,0.25
565,6,0.44262,0.858,0.58552,-0.05,-0.02397,1.0,0.09674,0.2
566,4,0.39233,0.908,0.67723,1.0,-0.07368,0.85,-0.09497,0.05
567,7,0.41304,0.887,0.59794,0.879,-0.19439,0.771,1.0,0.071
568,5,0.33375,0.866,0.61865,0.9,1.0,0.692,0.87929,-0.05
569,8,0.42546,0.916,0.56836,0.75,0.80829,0.542,0.82958,1.0
570,,0.39617,0.916,0.53907,0.65,0.63758,0.342,0.65887,0.9
571,,0.36688,0.916,0.50978,0.55,0.46687,0.142,0.48816,0.8
572,,0.33759,0.916,0.48049,0.45,0.29616,-0.058,0.31745,0.7
573,6,0.2873,0.866,0.4302,0.4,0.24645,1.0,0.26774,0.65
574,,0.25801,0.866,0.40091,0.3,0.07574,0.8,0.09703,0.55
575,,0.22872,0.866,0.37162,0.2,-0.09497,0.6,-0.07368,0.45
576,5,0.14943,0.845,0.39233,0.221,1.0,0.521,-0.19439,0.329
577,7,0.17014,0.824,0.31304,0.1,0.87929,0.442,1.0,0.35
578,,0.14085,0.824,0.28375,0.0,0.70858,0.242,0.82929,0.25
579,,0.11156,0.824,0.25446,-0.1,0.53787,0.042,0.65858,0.15
580,4,0.06127,0.874,0.34617,1.0,0.48816,-0.108,0.46687,-0.0
581,6,0.01098,0.824,0.29588,0.95,0.43845,1.0,0.41716,-0.05
582,8,0.10269,0.874,0.24559,0.8,0.24674,0.85,0.36745,1.0
583,,0.0734,0.874,0.2163,0.7,0.07603,0.65,0.19674,0.9
584,,0.04411,0.874,0.18701,0.6,-0.09468,0.45,0.02603,0.8
585,5,-0.03518,0.853,0.20772,0.621,1.0,0.371,-0.09468,0.679
586,7,-0.01447,0.832,0.12843,0.5,0.87929,0.292,1.0,0.7
587,1,1.0,0.953,0.14914,0.379,0.65858,0.071,0.87929,0.721
588,,0.97071,0.953,0.11985,0.279,0.48787,-0.129,0.70858,0.621
589,6,0.92042,0.903,0.06956,0.229,0.43816,1.0,0.65887,0.571
590,,0.89113,0.903,0.04027,0.129,0.26745,0.8,0.48816,0.471
591,,0.86184,0.903,0.01098,0.029,0.09674,0.6,0.31745,0.371
592,,0.83255,0.903,-0.01831,-0.071,-0.07397,0.4,0.14674,0.271
593,5,0.75326,0.882,0.0024,-0.05,1.0,0.321,0.02603,0.15
594,4,0.70297,0.932,0.09411,1.0,0.95029,0.171,-0.16568,-0.0
595,7,0.72368,0.911,0.01482,0.879,0.82958,0.092,1.0,0.021
596,,0.69439,0.911,-0.01447,0.779,0.65887,-0.108,0.82929,-0.079
597,6,0.6441,0.861,-0.06476,0.729,0.60916,1.0,0.77958,-0.129
598,8,0.73581,0.911,-0.11505,0.579,0.41745,0.85,0.72987,1.0
599,3,0.75652,1.0,1.0,0.6,0.29674,0.629,0.50916,0.879
600,,0.72723,1.0,0.97071,0.5,0.12603,0.429,0.33845,0.779
601,,0.69794,1.0,0.94142,0.4,-0.04468,0.229,0.16774,0.679
602,5,0.61865,0.979,0.96213,0.421,1.0,0.15,0.04703,0.558
603,,0.58936,0.979,0.93284,0.321,0.82929,-0.05,-0.12368,0.458
604,7,0.61007,0.958,0.85355,0.2,0.70858,-0.129,1.0,0.479
605,6,0.55978,0.908,0.80326,0.15,0.65887,1.0,0.95029,0.429
606,,0.53049,0.908,0.77397,0.05,0.48816,0.8,0.77958,0.329
607,,0.5012,0.908,0.74468,-0.05,0.31745,0.6,0.60887,0.229
608,4,0.45091,0.958,0.83639,1.0,0.26774,0.45,0.41716,0.079
609,,0.42162,0.958,0.8071,0.9,0.09703,0.25,0.24645,-0.021
610,8,0.51333,1.0,0.75681,0.75,-0.09468,0.1,0.19674,1.0
611,5,0.43404,0.979,0.77752,0.771,1.0,0.021,0.07603,0.879
612,,0.40475,0.979,0.74823,0.671,0.82929,-0.179,-0.09468,0.779
613,6,0.35446,0.929,0.69794,0.621,0.77958,1.0,-0.14439,0.729
614,7,0.37517,0.908,0.61865,0.5,0.65887,0.921,1.0,0.75
615,,0.34588,0.908,0.58936,0.4,0.48816,0.721,0.82929,0.65
616,,0.31659,0.908,0.56007,0.3,0.31745,0.521,0.65858,0.55
617,,0.2873,0.908,0.53078,0.2,0.14674,0.321,0.48787,0.45
618,,0.25801,0.908,0.50149,0.1,-0.02397,0.121,0.31716,0.35
619,5,0.17872,0.887,0.5222,0.121,1.0,0.042,0.19645,0.229
620,,0.14943,0.887,0.49291,0.021,0.82929,-0.158,0.02574,0.129
621,6,0.09914,0.837,0.44262,-0.029,0.77958,1.0,-0.02397,0.079
622,4,0.04885,0.887,0.53433,1.0,0.72987,0.85,-0.21568,-0.071
623,7,0.06956,0.866,0.45504,0.879,0.60916,0.771,1.0,-0.05
624,8,0.16127,0.916,0.40475,0.729,0.41745,0.621,0.95029,1.0
625,,0.13198,0.916,0.37546,0.629,0.24674,0.421,0.77958,0.9
626,,0.10269,0.916,0.34617,0.529,0.07603,0.221,0.60887,0.8
627,,0.0734,0.916,0.31688,0.429,-0.09468,0.021,0.43816,0.7
628,5,-0.00589,0.895,0.33759,0.45,1.0,-0.058,0.31745,0.579
629,6,-0.05618,0.845,0.2873,0.4,0.95029,1.0,0.26774,0.529
630,1,1.0,0.966,0.30801,0.279,0.72958,0.779,0.14703,0.55
631,,0.97071,0.966,0.27872,0.179,0.55887,0.579,-0.02368,0.45
632,7,0.99142,0.945,0.19943,0.058,0.43816,0.5,1.0,0.471
633,,0.96213,0.945,0.17014,-0.042,0.26745,0.3,0.82929,0.371
634,4,0.91184,0.995,0.26185,1.0,0.21774,0.15,0.63758,0.221
635,,0.88255,0.995,0.23256,0.9,0.04703,-0.05,0.46687,0.121
636,6,0.83226,0.945,0.18227,0.85,-0.00268,1.0,0.41716,0.071
637,5,0.75297,0.924,0.20298,0.871,1.0,0.921,0.29645,-0.05
638,8,0.84468,0.974,0.15269,0.721,0.80829,0.771,0.24674,1.0
639,,0.81539,0.974,0.1234,0.621,0.63758,0.571,0.07603,0.9
640,,0.7861,0.974,0.09411,0.521,0.46687,0.371,-0.09468,0.8
641,7,0.80681,0.953,0.01482,0.4,0.34616,0.292,1.0,0.821
642,,0.77752,0.953,-0.01447,0.3,0.17545,0.092,0.82929,0.721
643,3,0.79823,1.0,1.0,0.321,0.05474,-0.129,0.60858,0.6
644,6,0.74794,0.95,0.94971,0.271,0.00503,1.0,0.55887,0.55
645,,0.71865,0.95,0.92042,0.171,-0.16568,0.8,0.38816,0.45
646,5,0.63936,0.929,0.94113,0.192,1.0,0.721,0.26745,0.329
647,,0.61007,0.929,0.91184,0.092,0.82929,0.521,0.09674,0.229
648,,0.58078,0.929,0.88255,-0.008,0.65858,0.321,-0.07397,0.129
649,7,0.60149,0.908,0.80326,-0.129,0.53787,0.242,1.0,0.15
650,4,0.5512,0.958,0.89497,1.0,0.48816,0.092,0.80829,-0.0
651,,0.52191,0.958,0.86568,0.9,0.31745,-0.108,0.63758,-0.1
652,6,0.47162,0.908,0.81539,0.85,0.26774,1.0,0.58787,-0.15
653,8,0.56333,0.958,0.7651,0.7,0.07603,0.85,0.53816,1.0
654,,0.53404,0.958,0.73581,0.6,-0.09468,0.65,0.36745,0.9
655,5,0.45475,0.937,0.75652,0.621,1.0,0.571,0.24674,0.779
656,,0.42546,0.937,0.72723,0.521,0.82929,0.371,0.07603,0.679
657,,0.39617,0.937,0.69794,0.421,0.65858,0.171,-0.09468,0.579
658,7,0.41688,0.916,0.61865,0.3,0.53787,0.092,1.0,0.6
659,,0.38759,0.916,0.58936,0.2,0.36716,-0.108,0.82929,0.5
660,6,0.3373,0.866,0.53907,0.15,0.31745,1.0,0.77958,0.45
661,,0.30801,0.866,0.50978,0.05,0.14674,0.8,0.60887,0.35
662,,0.27872,0.866,0.48049,-0.05,-0.02397,0.6,0.43816,0.25
663,4,0.22843,0.916,0.5722,1.0,-0.07368,0.45,0.24645,0.1
664,5,0.14914,0.895,0.59291,1.0,1.0,0.371,0.12574,-0.021
665,8,0.24085,0.945,0.54262,0.85,0.80829,0.221,0.07603,1.0
666,,0.21156,0.945,0.51333,0.75,0.63758,0.021,-0.09468,0.9
667,7,0.23227,0.924,0.43404,0.629,0.51687,-0.058,1.0,0.921
668,6,0.18198,0.874,0.38375,0.579,0.46716,1.0,0.95029,0.871
669,,0.15269,0.874,0.35446,0.479,0.29645,0.8,0.77958,0.771
670,,0.1234,0.874,0.32517,0.379,0.12574,0.6,0.60887,0.671
671,,0.09411,0.874,0.29588,0.279,-0.04497,0.4,0.43816,0.571
672,5,0.01482,0.853,0.31659,0.3,1.0,0.321,0.31745,0.45
673,,-0.01447,0.853,0.2873,0.2,0.82929,0.121,0.14674,0.35
674,1,1.0,0.974,0.30801,0.079,0.60858,-0.1,0.02603,0.371
675,6,0.94971,0.924,0.25772,0.029,0.55887,1.0,-0.02368,0.321
676,7,0.97042,0.903,0.17843,-0.092,0.43816,0.921,1.0,0.342
677,4,0.92013,0.953,0.27014,1.0,0.38845,0.771,0.80829,0.192
678,,0.89084,0.953,0.24085,0.9,0.21774,0.571,0.63758,0.092
679,,0.86155,0.953,0.21156,0.8,0.04703,0.371,0.46687,-0.008
680,8,0.95326,1.0,0.16127,0.65,-0.14468,0.221,0.41716,1.0
681,5,0.87397,0.979,0.18198,0.671,1.0,0.142,0.29645,0.879
682,,0.84468,0.979,0.15269,0.571,0.82929,-0.058,0.12574,0.779
683,6,0.79439,0.929,0.1024,0.521,0.77958,1.0,0.07603,0.729
684,,0.7651,0.929,0.07311,0.421,0.60887,0.8,-0.09468,0.629
685,7,0.78581,0.908,-0.00618,0.3,0.48816,0.721,1.0,0.65
686,3,0.80652,1.0,1.0,0.321,0.36745,0.5,0.77929,0.529
687,,0.77723,1.0,0.97071,0.221,0.19674,0.3,0.60858,0.429
688,,0.74794,1.0,0.94142,0.121,0.02603,0.1,0.43787,0.329
689,,0.71865,1.0,0.91213,0.021,-0.14468,-0.1,0.26716,0.229
690,5,0.63936,0.979,0.93284,0.042,1.0,-0.179,0.14645,0.108
691,6,0.58907,0.929,0.88255,-0.008,0.95029,1.0,0.09674,0.058
692,4,0.53878,0.979,0.97426,1.0,0.90058,0.85,-0.09497,-0.092
693,7,0.55949,0.958,0.89497,0.879,0.77987,0.771,1.0,-0.071
694,8,0.6512,1.0,0.84468,0.729,0.58816,0.621,0.95029,1.0
695,,0.62191,1.0,0.81539,0.629,0.41745,0.421,0.77958,0.9
696,,0.59262,1.0,0.7861,0.529,0.24674,0.221,0.60887,0.8
697,,0.56333,1.0,0.75681,0.429,0.07603,0.021,0.43816,0.7
698,,0.53404,1.0,0.72752,0.329,-0.09468,-0.179,0.26745,0.6
699,6,0.48375,0.95,0.67723,0.279,-0.14439,1.0,0.21774,0.55
700,5,0.40446,0.929,0.69794,0.3,1.0,0.921,0.09703,0.429
701,,0.37517,0.929,0.66865,0.2,0.82929,0.721,-0.07368,0.329
702,7,0.39588,0.908,0.58936,0.079,0.70858,0.642,1.0,0.35
703,,0.36659,0.908,0.56007,-0.021,0.53787,0.442,0.82929,0.25
704,4,0.3163,0.958,0.65178,1.0,0.48816,0.292,0.63758,0.1
705,,0.28701,0.958,0.62249,0.9,0.31745,0.092,0.46687,0.0
706,,0.25772,0.958,0.5932,0.8,0.14674,-0.108,0.29616,-0.1
707,6,0.20743,0.908,0.54291,0.75,0.09703,1.0,0.24645,-0.15
708,8,0.29914,0.958,0.49262,0.6,-0.09468,0.85,0.19674,1.0
709,5,0.21985,0.937,0.51333,0.621,1.0,0.771,0.07603,0.879
710,,0.19056,0.937,0.48404,0.521,0.82929,0.571,-0.09468,0.779
711,7,0.21127,0.916,0.40475,0.4,0.70858,0.492,1.0,0.8
712,,0.18198,0.916,0.37546,0.3,0.53787,0.292,0.82929,0.7
713,,0.15269,0.916,0.34617,0.2,0.36716,0.092,0.65858,0.6
714,,0.1234,0.916,0.31688,0.1,0.19645,-0.108,0.48787,0.5
715,6,0.07311,0.866,0.26659,0.05,0.14674,1.0,0.43816,0.45
716,,0.04382,0.866,0.2373,-0.05,-0.02397,0.8,0.26745,0.35
717,4,-0.00647,0.916,0.32901,1.0,-0.07368,0.65,0.07574,0.2
718,5,-0.08576,0.895,0.34972,1.0,1.0,0.571,-0.04497,0.079
719,1,1.0,1.0,0.37043,0.879,0.77929,0.35,-0.16568,0.1
720,7,1.0,0.979,0.29114,0.758,0.65858,0.271,1.0,0.121
721,,0.97071,0.979,0.26185,0.658,0.48787,0.071,0.82929,0.021
722,,0.94142,0.979,0.23256,0.558,0.31716,-0.129,0.65858,-0.079
723,6,0.89113,0.929,0.18227,0.508,0.26745,1.0,0.60887,-0.129
724,8,0.98284,0.979,0.13198,0.358,0.07574,0.85,0.55916,1.0
725,,0.95355,0.979,0.10269,0.258,-0.09497,0.65,0.38845,0.9
726,5,0.87426,0.958,0.1234,0.279,1.0,0.571,0.26774,0.779
727,,0.84497,0.958,0.09411,0.179,0.82929,0.371,0.09703,0.679
728,,0.81568,0.958,0.06482,0.079,0.65858,0.171,-0.07368,0.579
729,7,0.83639,0.937,-0.01447,-0.042,0.53787,0.092,1.0,0.6
730,4,0.7861,0.987,0.07724,1.0,0.48816,-0.058,0.80829,0.45
731,6,0.73581,0.937,0.02695,0.95,0.43845,1.0,0.75858,0.4
732,,0.70652,0.937,-0.00234,0.85,0.26774,0.8,0.58787,0.3
733,3,0.72723,1.0,1.0,0.871,0.14703,0.579,0.36716,0.179
734,,0.69794,1.0,0.97071,0.771,-0.02368,0.379,0.19645,0.079
735,5,0.61865,0.979,0.99142,0.792,1.0,0.3,0.07574,-0.042
736,8,0.71036,1.0,0.94113,0.642,0.80829,0.15,0.02603,1.0
737,,0.68107,1.0,0.91184,0.542,0.63758,-0.05,-0.14468,0.9
738,7,0.70178,0.979,0.83255,0.421,0.51687,-0.129,1.0,0.921
739,6,0.65149,0.929,0.78226,0.371,0.46716,1.0,0.95029,0.871
740,,0.6222,0.929,0.75297,0.271,0.29645,0.8,0.77958,0.771
741,,0.59291,0.929,0.72368,0.171,0.12574,0.6,0.60887,0.671
742,,0.56362,0.929,0.69439,0.071,-0.04497,0.4,0.43816,0.571
743,5,0.48433,0.908,0.7151,0.092,1.0,0.321,0.31745,0.45
744,,0.45504,0.908,0.68581,-0.008,0.82929,0.121,0.14674,0.35
745,4,0.40475,0.958,0.77752,1.0,0.77958,-0.029,-0.04497,0.2
746,7,0.42546,0.937,0.69823,0.879,0.65887,-0.108,1.0,0.221
747,6,0.37517,0.887,0.64794,0.829,0.60916,1.0,0.95029,0.171
748,,0.34588,0.887,0.61865,0.729,0.43845,0.8,0.77958,0.071
749,,0.31659,0.887,0.58936,0.629,0.26774,0.6,0.60887,-0.029
750,8,0.4083,0.937,0.53907,0.479,0.07603,0.45,0.55916,1.0
751,,0.37901,0.937,0.50978,0.379,-0.09468,0.25,0.38845,0.9
752,5,0.29972,0.916,0.53049,0.4,1.0,0.171,0.26774,0.779
753,,0.27043,0.916,0.5012,0.3,0.82929,-0.029,0.09703,0.679
754,6,0.22014,0.866,0.45091,0.25,0.77958,1.0,0.04732,0.629
755,,0.19085,0.866,0.42162,0.15,0.60887,0.8,-0.12339,0.529
756,7,0.21156,0.845,0.34233,0.029,0.48816,0.721,1.0,0.55
757,,0.18227,0.845,0.31304,-0.071,0.31745,0.521,0.82929,0.45
758,4,0.13198,0.895,0.40475,1.0,0.26774,0.371,0.63758,0.3
759,,0.10269,0.895,0.37546,0.9,0.09703,0.171,0.46687,0.2
760,,0.0734,0.895,0.34617,0.8,-0.07368,-0.029,0.29616,0.1
761,5,-0.00589,0.874,0.36688,0.821,1.0,-0.108,0.17545,-0.021
762,6,-0.05618,0.824,0.31659,0.771,0.95029,1.0,0.12574,-0.071
763,8,0.03553,0.874,0.2663,0.621,0.75858,0.85,0.07603,1.0
764,,0.00624,0.874,0.23701,0.521,0.58787,0.65,-0.09468,0.9
765,7,0.02695,0.853,0.15772,0.4,0.46716,0.571,1.0,0.921
766,,-0.00234,0.853,0.12843,0.3,0.29645,0.371,0.82929,0.821
767,1,1.0,0.974,0.14914,0.179,0.07574,0.15,0.70858,0.842
768,,0.97071,0.974,0.11985,0.079,-0.09497,-0.05,0.53787,0.742
769,5,0.89142,0.953,0.14056,0.1,1.0,-0.129,0.41716,0.621
770,6,0.84113,0.903,0.09027,0.05,0.95029,1.0,0.36745,0.571
771,,0.81184,0.903,0.06098,-0.05,0.77958,0.8,0.19674,0.471
772,4,0.76155,0.953,0.15269,1.0,0.72987,0.65,0.00503,0.321
773,,0.73226,0.953,0.1234,0.9,0.55916,0.45,-0.16568,0.221
774,7,0.75297,0.932,0.04411,0.779,0.43845,0.371,1.0,0.242
775,,0.72368,0.932,0.01482,0.679,0.26774,0.171,0.82929,0.142
776,,0.69439,0.932,-0.01447,0.579,0.09703,-0.029,0.65858,0.042
777,6,0.6441,0.882,-0.06476,0.529,0.04732,1.0,0.60887,-0.008
778,3,0.66481,1.0,1.0,0.55,-0.07339,0.779,0.38816,-0.129
779,8,0.75652,1.0,0.94971,0.4,-0.2651,0.629,0.33845,1.0
780,5,0.67723,0.979,0.97042,0.421,1.0,0.55,0.21774,0.879
781,,0.64794,0.979,0.94113,0.321,0.82929,0.35,0.04703,0.779
782,,0.61865,0.979,0.91184,0.221,0.65858,0.15,-0.12368,0.679
783,7,0.63936,0.958,0.83255,0.1,0.53787,0.071,1.0,0.7
784,,0.61007,0.958,0.80326,0.0,0.36716,-0.129,0.82929,0.6
785,6,0.55978,0.908,0.75297,-0.05,0.31745,1.0,0.77958,0.55
786,4,0.50949,0.958,0.84468,1.0,0.26774,0.85,0.58787,0.4
787,,0.4802,0.958,0.81539,0.9,0.09703,0.65,0.41716,0.3
788,,0.45091,0.958,0.7861,0.8,-0.07368,0.45,0.24645,0.2
789,5,0.37162,0.937,0.80681,0.821,1.0,0.371,0.12574,0.079
790,,0.34233,0.937,0.77752,0.721,0.82929,0.171,-0.04497,-0.021
791,7,0.36304,0.916,0.69823,0.6,0.70858,0.092,1.0,-0.0
792,,0.33375,0.916,0.66894,0.5,0.53787,-0.108,0.82929,-0.1
793,6,0.28346,0.866,0.61865,0.45,0.48816,1.0,0.77958,-0.15
794,8,0.37517,0.916,0.56836,0.3,0.29645,0.85,0.72987,1.0
795,,0.34588,0.916,0.53907,0.2,0.12574,0.65,0.55916,0.9
796,,0.31659,0.916,0.50978,0.1,-0.04497,0.45,0.38845,0.8
797,5,0.2373,0.895,0.53049,0.121,1.0,0.371,0.26774,0.679
798,,0.20801,0.895,0.5012,0.021,0.82929,0.171,0.09703,0.579
799,,0.17872,0.895,0.47191,-0.079,0.65858,-0.029,-0.07368,0.479
800,4,0.12843,0.945,0.56362,1.0,0.60887,-0.179,-0.26539,0.329
801,7,0.14914,0.924,0.48433,0.879,0.48816,-0.258,1.0,0.35
802,6,0.09885,0.874,0.43404,0.829,0.43845,1.0,0.95029,0.3
803,,0.06956,0.874,0.40475,0.729,0.26774,0.8,0.77958,0.2
804,,0.04027,0.874,0.37546,0.629,0.09703,0.6,0.60887,0.1
805,,0.01098,0.874,0.34617,0.529,-0.07368,0.4,0.43816,0.0
806,5,-0.06831,0.853,0.36688,0.55,1.0,0.321,0.31745,-0.121
807,8,0.0234,0.903,0.31659,0.4,0.80829,0.171,0.26774,1.0
808,,-0.00589,0.903,0.2873,0.3,0.63758,-0.029,0.09703,0.9
809,6,-0.05618,0.853,0.23701,0.25,0.58787,1.0,0.04732,0.85
810,1,1.0,0.974,0.25772,0.129,0.36716,0.779,-0.07339,0.871
811,7,1.0,0.953,0.17843,0.008,0.24645,0.7,1.0,0.892
812,,0.97071,0.953,0.14914,-0.092,0.07574,0.5,0.82929,0.792
813,4,0.92042,1.0,0.24085,1.0,0.02603,0.35,0.63758,0.642
814,,0.89113,1.0,0.21156,0.9,-0.14468,0.15,0.46687,0.542
815,5,0.81184,0.979,0.23227,0.921,1.0,0.071,0.34616,0.421
816,,0.78255,0.979,0.20298,0.821,0.82929,-0.129,0.17545,0.321
817,6,0.73226,0.929,0.15269,0.771,0.77958,1.0,0.12574,0.271
818,,0.70297,0.929,0.1234,0.671,0.60887,0.8,-0.04497,0.171
819,7,0.72368,0.908,0.04411,0.55,0.48816,0.721,1.0,0.192
820,,0.69439,0.908,0.01482,0.45,0.31745,0.521,0.82929,0.092
821,,0.6651,0.908,-0.01447,0.35,0.14674,0.321,0.65858,-0.008
822,3,0.68581,1.0,1.0,0.371,0.02603,0.1,0.43787,-0.129
823,8,0.77752,1.0,0.94971,0.221,-0.16568,-0.05,0.38816,1.0
824,5,0.69823,0.979,0.97042,0.242,1.0,-0.129,0.26745,0.879
825,6,0.64794,0.929,0.92013,0.192,0.95029,1.0,0.21774,0.829
826,,0.61865,0.929,0.89084,0.092,0.77958,0.8,0.04703,0.729
827,,0.58936,0.929,0.86155,-0.008,0.60887,0.6,-0.12368,0.629
828,7,0.61007,0.908,0.78226,-0.129,0.48816,0.521,1.0,0.65
829,4,0.55978,0.958,0.87397,1.0,0.43845,0.371,0.80829,0.5
830,,0.53049,0.958,0.84468,0.9,0.26774,0.171,0.63758,0.4
831,,0.5012,0.958,0.81539,0.8,0.09703,-0.029,0.46687,0.3
832,6,0.45091,0.908,0.7651,0.75,0.04732,1.0,0.41716,0.25
833,,0.42162,0.908,0.73581,0.65,-0.12339,0.8,0.24645,0.15
834,5,0.34233,0.887,0.75652,0.671,1.0,0.721,0.12574,0.029
835,,0.31304,0.887,0.72723,0.571,0.82929,0.521,-0.04497,-0.071
836,8,0.40475,0.937,0.67694,0.421,0.63758,0.371,-0.09468,1.0
837,7,0.42546,0.916,0.59765,0.3,0.51687,0.292,1.0,1.0
838,,0.39617,0.916,0.56836,0.2,0.34616,0.092,0.82929,0.9
839,,0.36688,0.916,0.53907,0.1,0.17545,-0.108,0.65858,0.8
840,6,0.31659,0.866,0.48878,0.05,0.12574,1.0,0.60887,0.75
841,,0.2873,0.866,0.45949,-0.05,-0.04497,0.8,0.43816,0.65
842,4,0.23701,0.916,0.5512,1.0,-0.09468,0.65,0.24645,0.5
843,5,0.15772,0.895,0.57191,1.0,1.0,0.571,0.12574,0.379
844,,0.12843,0.895,0.54262,0.9,0.82929,0.371,-0.04497,0.279
845,7,0.14914,0.874,0.46333,0.779,0.70858,0.292,1.0,0.3
846,,0.11985,0.874,0.43404,0.679,0.53787,0.092,0.82929,0.2
847,,0.09056,0.874,0.40475,0.579,0.36716,-0.108,0.65858,0.1
848,6,0.04027,0.824,0.35446,0.529,0.31745,1.0,0.60887,0.05
849,,0.01098,0.824,0.32517,0.429,0.14674,0.8,0.43816,-0.05
850,8,0.10269,0.874,0.27488,0.279,-0.04497,0.65,0.38845,1.0
851,5,0.0234,0.853,0.29559,0.3,1.0,0.571,0.26774,0.879
852,,-0.00589,0.853,0.2663,0.2,0.82929,0.371,0.09703,0.779
853,1,1.0,0.974,0.28701,0.079,0.60858,0.15,-0.02368,0.8
854,7,1.0,0.953,0.20772,-0.042,0.48787,0.071,1.0,0.821
855,4,0.94971,1.0,0.29943,1.0,0.43816,-0.079,0.80829,0.671
856,6,0.89942,0.95,0.24914,0.95,0.38845,1.0,0.75858,0.621
857,,0.87013,0.95,0.21985,0.85,0.21774,0.8,0.58787,0.521
858,,0.84084,0.95,0.19056,0.75,0.04703,0.6,0.41716,0.421
859,,0.81155,0.95,0.16127,0.65,-0.12368,0.4,0.24645,0.321
860,5,0.73226,0.929,0.18198,0.671,1.0,0.321,0.12574,0.2
861,,0.70297,0.929,0.15269,0.571,0.82929,0.121,-0.04497,0.1
862,7,0.72368,0.908,0.0734,0.45,0.70858,0.042,1.0,0.121
863,,0.69439,0.908,0.04411,0.35,0.53787,-0.158,0.82929,0.021
864,6,0.6441,0.858,-0.00618,0.3,0.48816,1.0,0.77958,-0.029
865,8,0.73581,0.908,-0.05647,0.15,0.29645,0.85,0.72987,1.0
866,3,0.75652,1.0,1.0,0.171,0.17574,0.629,0.50916,0.879
867,,0.72723,1.0,0.97071,0.071,0.00503,0.429,0.33845,0.779
868,,0.69794,1.0,0.94142,-0.029,-0.16568,0.229,0.16774,0.679
869,5,0.61865,0.979,0.96213,-0.008,1.0,0.15,0.04703,0.558
870,4,0.56836,1.0,1.0,1.0,0.95029,0.0,-0.14468,0.408
871,7,0.58907,0.979,0.92071,0.879,0.82958,-0.079,1.0,0.429
872,6,0.53878,0.929,0.87042,0.829,0.77987,1.0,0.95029,0.379
873,,0.50949,0.929,0.84113,0.729,0.60916,0.8,0.77958,0.279
874,,0.4802,0.929,0.81184,0.629,0.43845,0.6,0.60887,0.179
875,,0.45091,0.929,0.78255,0.529,0.26774,0.4,0.43816,0.079
876,,0.42162,0.929,0.75326,0.429,0.09703,0.2,0.26745,-0.021
877,8,0.51333,0.979,0.70297,0.279,-0.09468,0.05,0.21774,1.0
878,5,0.43404,0.958,0.72368,0.3,1.0,-0.029,0.09703,0.879
879,6,0.38375,0.908,0.67339,0.25,0.95029,1.0,0.04732,0.829
880,,0.35446,0.908,0.6441,0.15,0.77958,0.8,-0.12339,0.729
881,7,0.37517,0.887,0.56481,0.029,0.65887,0.721,1.0,0.75
882,,0.34588,0.887,0.53552,-0.071,0.48816,0.521,0.82929,0.65
883,4,0.29559,0.937,0.62723,1.0,0.43845,0.371,0.63758,0.5
884,,0.2663,0.937,0.59794,0.9,0.26774,0.171,0.46687,0.4
885,,0.23701,0.937,0.56865,0.8,0.09703,-0.029,0.29616,0.3
886,6,0.18672,0.887,0.51836,0.75,0.04732,1.0,0.24645,0.25
887,,0.15743,0.887,0.48907,0.65,-0.12339,0.8,0.07574,0.15
888,5,0.07814,0.866,0.50978,0.671,1.0,0.721,-0.04497,0.029
889,7,0.09885,0.845,0.43049,0.55,0.87929,0.642,1.0,0.05
890,,0.06956,0.845,0.4012,0.45,0.70858,0.442,0.82929,-0.05
891,8,0.16127,0.895,0.35091,0.3,0.51687,0.292,0.77958,1.0
892,,0.13198,0.895,0.32162,0.2,0.34616,0.092,0.60887,0.9
893,,0.10269,0.895,0.29233,0.1,0.17545,-0.108,0.43816,0.8
894,6,0.0524,0.845,0.24204,0.05,0.12574,1.0,0.38845,0.75
895,,0.02311,0.845,0.21275,-0.05,-0.04497,0.8,0.21774,0.65
896,4,-0.02718,0.895,0.30446,1.0,-0.09468,0.65,0.02603,0.5
897,5,-0.10647,0.874,0.32517,1.0,1.0,0.571,-0.09468,0.379
898,1,1.0,0.995,0.34588,0.879,0.77929,0.35,-0.21539,0.4
899,7,1.0,0.974,0.26659,0.758,0.65858,0.271,1.0,0.421
900,,0.97071,0.974,0.2373,0.658,0.48787,0.071,0.82929,0.321
901,,0.94142,0.974,0.20801,0.558,0.31716,-0.129,0.65858,0.221
902,6,0.89113,0.924,0.15772,0.508,0.26745,1.0,0.60887,0.171
903,,0.86184,0.924,0.12843,0.408,0.09674,0.8,0.43816,0.071
904,,0.83255,0.924,0.09914,0.308,-0.07397,0.6,0.26745,-0.029
905,5,0.75326,0.903,0.11985,0.329,1.0,0.521,0.14674,-0.15
906,8,0.84497,0.953,0.06956,0.179,0.80829,0.371,0.09703,1.0
907,,0.81568,0.953,0.04027,0.079,0.63758,0.171,-0.07368,0.9
908,7,0.83639,0.932,-0.03902,-0.042,0.51687,0.092,1.0,0.921
909,4,0.7861,0.982,0.05269,1.0,0.46716,-0.058,0.80829,0.771
910,6,0.73581,0.932,0.0024,0.95,0.41745,1.0,0.75858,0.721
911,,0.70652,0.932,-0.02689,0.85,0.24674,0.8,0.58787,0.621
912,3,0.72723,1.0,1.0,0.871,0.12603,0.579,0.36716,0.5
913,,0.69794,1.0,0.97071,0.771,-0.04468,0.379,0.19645,0.4
914,5,0.61865,0.979,0.99142,0.792,1.0,0.3,0.07574,0.279
915,,0.58936,0.979,0.96213,0.692,0.82929,0.1,-0.09497,0.179
916,7,0.61007,0.958,0.88284,0.571,0.70858,0.021,1.0,0.2
917,,0.58078,0.958,0.85355,0.471,0.53787,-0.179,0.82929,0.1
918,6,0.53049,0.908,0.80326,0.421,0.48816,1.0,0.77958,0.05
919,,0.5012,0.908,0.77397,0.321,0.31745,0.8,0.60887,-0.05
920,8,0.59291,0.958,0.72368,0.171,0.12574,0.65,0.55916,1.0
921,,0.56362,0.958,0.69439,0.071,-0.04497,0.45,0.38845,0.9
922,5,0.48433,0.937,0.7151,0.092,1.0,0.371,0.26774,0.779
923,,0.45504,0.937,0.68581,-0.008,0.82929,0.171,0.09703,0.679
924,4,0.40475,0.987,0.77752,1.0,0.77958,0.021,-0.09468,0.529
925,7,0.42546,0.966,0.69823,0.879,0.65887,-0.058,1.0,0.55
926,6,0.37517,0.916,0.64794,0.829,0.60916,1.0,0.95029,0.5
927,,0.34588,0.916,0.61865,0.729,0.43845,0.8,0.77958,0.4
928,,0.31659,0.916,0.58936,0.629,0.26774,0.6,0.60887,0.3
929,,0.2873,0.916,0.56007,0.529,0.09703,0.4,0.43816,0.2
930,,0.25801,0.916,0.53078,0.429,-0.07368,0.2,0.26745,0.1
931,5,0.17872,0.895,0.55149,0.45,1.0,0.121,0.14674,-0.021
932,8,0.27043,0.945,0.5012,0.3,0.80829,-0.029,0.09703,1.0
933,6,0.22014,0.895,0.45091,0.25,0.75858,1.0,0.04732,0.95
934,,0.19085,0.895,0.42162,0.15,0.58787,0.8,-0.12339,0.85
935,7,0.21156,0.874,0.34233,0.029,0.46716,0.721,1.0,0.871
936,,0.18227,0.874,0.31304,-0.071,0.29645,0.521,0.82929,0.771
937,4,0.13198,0.924,0.40475,1.0,0.24674,0.371,0.63758,0.621
938,,0.10269,0.924,0.37546,0.9,0.07603,0.171,0.46687,0.521
939,,0.0734,0.924,0.34617,0.8,-0.09468,-0.029,0.29616,0.421
940,5,-0.00589,0.903,0.36688,0.821,1.0,-0.108,0.17545,0.3
941,6,-0.05618,0.853,0.31659,0.771,0.95029,1.0,0.12574,0.25
942,1,1.0,0.974,0.3373,0.65,0.72958,0.779,0.00503,0.271
943,,0.97071,0.974,0.30801,0.55,0.55887,0.579,-0.16568,0.171
944,7,0.99142,0.953,0.22872,0.429,0.43816,0.5,1.0,0.192
945,,0.96213,0.953,0.19943,0.329,0.26745,0.3,0.82929,0.092
946,,0.93284,0.953,0.17014,0.229,0.09674,0.1,0.65858,-0.008
947,8,1.0,1.0,0.11985,0.079,-0.09497,-0.05,0.60887,1.0
948,5,0.92071,0.979,0.14056,0.1,1.0,-0.129,0.48816,0.879
949,6,0.87042,0.929,0.09027,0.05,0.95029,1.0,0.43845,0.829
950,,0.84113,0.929,0.06098,-0.05,0.77958,0.8,0.26774,0.729
951,4,0.79084,0.979,0.15269,1.0,0.72987,0.65,0.07603,0.579
952,,0.76155,0.979,0.1234,0.9,0.55916,0.45,-0.09468,0.479
953,7,0.78226,0.958,0.04411,0.779,0.43845,0.371,1.0,0.5
954,,0.75297,0.958,0.01482,0.679,0.26774,0.171,0.82929,0.4
955,,0.72368,0.958,-0.01447,0.579,0.09703,-0.029,0.65858,0.3
956,6,0.67339,0.908,-0.06476,0.529,0.04732,1.0,0.60887,0.25
957,3,0.6941,1.0,1.0,0.55,-0.07339,0.779,0.38816,0.129
958,5,0.61481,0.979,1.0,0.571,1.0,0.7,0.26745,0.008
959,,0.58552,0.979,0.97071,0.471,0.82929,0.5,0.09674,-0.092
960,8,0.67723,1.0,0.92042,0.321,0.63758,0.35,0.04703,1.0
961,,0.64794,1.0,0.89113,0.221,0.46687,0.15,-0.12368,0.9
962,7,0.66865,0.979,0.81184,0.1,0.34616,0.071,1.0,0.921
963,,0.63936,0.979,0.78255,0.0,0.17545,-0.129,0.82929,0.821
964,6,0.58907,0.929,0.73226,-0.05,0.12574,1.0,0.77958,0.771
965,4,0.53878,0.979,0.82397,1.0,0.07603,0.85,0.58787,0.621
966,,0.50949,0.979,0.79468,0.9,-0.09468,0.65,0.41716,0.521
967,5,0.4302,0.958,0.81539,0.921,1.0,0.571,0.29645,0.4
968,,0.40091,0.958,0.7861,0.821,0.82929,0.371,0.12574,0.3
969,,0.37162,0.958,0.75681,0.721,0.65858,0.171,-0.04497,0.2
970,7,0.39233,0.937,0.67752,0.6,0.53787,0.092,1.0,0.221
971,,0.36304,0.937,0.64823,0.5,0.36716,-0.108,0.82929,0.121
972,6,0.31275,0.887,0.59794,0.45,0.31745,1.0,0.77958,0.071
973,,0.28346,0.887,0.56865,0.35,0.14674,0.8,0.60887,-0.029
974,8,0.37517,0.937,0.51836,0.2,-0.04497,0.65,0.55916,1.0
975,5,0.29588,0.916,0.53907,0.221,1.0,0.571,0.43845,0.879
976,,0.26659,0.916,0.50978,0.121,0.82929,0.371,0.26774,0.779
977,,0.2373,0.916,0.48049,0.021,0.65858,0.171,0.09703,0.679
978,,0.20801,0.916,0.4512,-0.079,0.48787,-0.029,-0.07368,0.579
979,4,0.15772,0.966,0.54291,1.0,0.43816,-0.179,-0.26539,0.429
980,7,0.17843,0.945,0.46362,0.879,0.31745,-0.258,1.0,0.45
981,6,0.12814,0.895,0.41333,0.829,0.26774,1.0,0.95029,0.4
982,,0.09885,0.895,0.38404,0.729,0.09703,0.8,0.77958,0.3
983,,0.06956,0.895,0.35475,0.629,-0.07368,0.6,0.60887,0.2
984,5,-0.00973,0.874,0.37546,0.65,1.0,0.521,0.48816,0.079
985,1,1.0,0.995,0.39617,0.529,0.77929,0.3,0.36745,0.1
986,,0.97071,0.995,0.36688,0.429,0.60858,0.1,0.19674,0.0
987,,0.94142,0.995,0.33759,0.329,0.43787,-0.1,0.02603,-0.1
988,8,1.0,1.0,0.2873,0.179,0.24616,-0.25,-0.02368,1.0
989,6,0.94971,0.95,0.23701,0.129,0.19645,1.0,-0.07339,0.95
990,7,0.97042,0.929,0.15772,0.008,0.07574,0.921,1.0,0.971
991,,0.94113,0.929,0.12843,-0.092,-0.09497,0.721,0.82929,0.871
992,5,0.86184,0.908,0.14914,-0.071,1.0,0.642,0.70858,0.75
993,4,0.81155,0.958,0.24085,1.0,0.95029,0.492,0.51687,0.6
994,,0.78226,0.958,0.21156,0.9,0.77958,0.292,0.34616,0.5
995,,0.75297,0.958,0.18227,0.8,0.60887,0.092,0.17545,0.4
996,,0.72368,0.958,0.15298,0.7,0.43816,-0.108,0.00474,0.3
997,6,0.67339,0.908,0.10269,0.65,0.38845,1.0,-0.04497,0.25
998,7,0.6941,0.887,0.0234,0.529,0.26774,0.921,1.0,0.271
999,,0.66481,0.887,-0.00589,0.429,0.09703,0.721,0.82929,0.171
1000,3,0.68552,1.0,1.0,0.45,-0.02368,0.5,0.60858,0.05
1001,5,0.60623,0.979,1.0,0.471,1.0,0.421,0.48787,-0.071
1002,8,0.69794,1.0,0.94971,0.321,0.80829,0.271,0.43816,1.0
1003,,0.66865,1.0,0.92042,0.221,0.63758,0.071,0.26745,0.9
1004,,0.63936,1.0,0.89113,0.121,0.46687,-0.129,0.09674,0.8
1005,6,0.58907,0.95,0.84084,0.071,0.41716,1.0,0.04703,0.75
1006,,0.55978,0.95,0.81155,-0.029,0.24645,0.8,-0.12368,0.65
1007,7,0.58049,0.929,0.73226,-0.15,0.12574,0.721,1.0,0.671
1008,4,0.5302,0.979,0.82397,1.0,0.07603,0.571,0.80829,0.521
1009,,0.50091,0.979,0.79468,0.9,-0.09468,0.371,0.63758,0.421
1010,5,0.42162,0.958,0.81539,0.921,1.0,0.292,0.51687,0.3
1011,,0.39233,0.958,0.7861,0.821,0.82929,0.092,0.34616,0.2
1012,,0.36304,0.958,0.75681,0.721,0.65858,-0.108,0.17545,0.1
1013,6,0.31275,0.908,0.70652,0.671,0.60887,1.0,0.12574,0.05
1014,,0.28346,0.908,0.67723,0.571,0.43816,0.8,-0.04497,-0.05
1015,8,0.37517,0.958,0.62694,0.421,0.24645,0.65,-0.09468,1.0
1016,7,0.39588,0.937,0.54765,0.3,0.12574,0.571,1.0,1.0
1017,,0.36659,0.937,0.51836,0.2,-0.04497,0.371,0.82929,0.9
1018,5,0.2873,0.916,0.53907,0.221,1.0,0.292,0.70858,0.779
1019,,0.25801,0.916,0.50978,0.121,0.82929,0.092,0.53787,0.679
1020,,0.22872,0.916,0.48049,0.021,0.65858,-0.108,0.36716,0.579
1021,6,0.17843,0.866,0.4302,-0.029,0.60887,1.0,0.31745,0.529
1022,4,0.12814,0.916,0.52191,1.0,0.55916,0.85,0.12574,0.379
1023,,0.09885,0.916,0.49262,0.9,0.38845,0.65,-0.04497,0.279
1024,7,0.11956,0.895,0.41333,0.779,0.26774,0.571,1.0,0.3
1025,,0.09027,0.895,0.38404,0.679,0.09703,0.371,0.82929,0.2
1026,,0.06098,0.895,0.35475,0.579,-0.07368,0.171,0.65858,0.1
1027,5,-0.01831,0.874,0.37546,0.6,1.0,0.092,0.53787,-0.021
1028,8,0.0734,0.924,0.32517,0.45,0.80829,-0.058,0.48816,1.0
1029,6,0.02311,0.874,0.27488,0.4,0.75858,1.0,0.43845,0.95
1030,,-0.00618,0.874,0.24559,0.3,0.58787,0.8,0.26774,0.85
1031,1,1.0,0.995,0.2663,0.179,0.36716,0.579,0.14703,0.871
1032,,0.97071,0.995,0.23701,0.079,0.19645,0.379,-0.02368,0.771
1033,7,0.99142,0.974,0.15772,-0.042,0.07574,0.3,1.0,0.792
1034,4,0.94113,1.0,0.24943,1.0,0.02603,0.15,0.80829,0.642
1035,,0.91184,1.0,0.22014,0.9,-0.14468,-0.05,0.63758,0.542
1036,5,0.83255,0.979,0.24085,0.921,1.0,-0.129,0.51687,0.421
1037,6,0.78226,0.929,0.19056,0.871,0.95029,1.0,0.46716,0.371
1038,,0.75297,0.929,0.16127,0.771,0.77958,0.8,0.29645,0.271
1039,,0.72368,0.929,0.13198,0.671,0.60887,0.6,0.12574,0.171
1040,,0.69439,0.929,0.10269,0.571,0.43816,0.4,-0.04497,0.071
1041,7,0.7151,0.908,0.0234,0.45,0.31745,0.321,1.0,0.092
1042,,0.68581,0.908,-0.00589,0.35,0.14674,0.121,0.82929,-0.008
1043,8,0.77752,0.958,-0.05618,0.2,-0.04497,-0.029,0.77958,1.0
1044,3,0.79823,1.0,1.0,0.221,-0.16568,-0.25,0.55887,0.879
1045,6,0.74794,0.95,0.94971,0.171,-0.21539,1.0,0.50916,0.829
1046,5,0.66865,0.929,0.97042,0.192,1.0,0.921,0.38845,0.708
1047,,0.63936,0.929,0.94113,0.092,0.82929,0.721,0.21774,0.608
1048,,0.61007,0.929,0.91184,-0.008,0.65858,0.521,0.04703,0.508
1049,4,0.55978,0.979,1.0,1.0,0.60887,0.371,-0.14468,0.358
1050,7,0.58049,0.958,0.92071,0.879,0.48816,0.292,1.0,0.379
1051,,0.5512,0.958,0.89142,0.779,0.31745,0.092,0.82929,0.279
1052,,0.52191,0.958,0.86213,0.679,0.14674,-0.108,0.65858,0.179
1053,6,0.47162,0.908,0.81184,0.629,0.09703,1.0,0.60887,0.129
1054,,0.44233,0.908,0.78255,0.529,-0.07368,0.8,0.43816,0.029
1055,5,0.36304,0.887,0.80326,0.55,1.0,0.721,0.31745,-0.092
1056,8,0.45475,0.937,0.75297,0.4,0.80829,0.571,0.26774,1.0
1057,,0.42546,0.937,0.72368,0.3,0.63758,0.371,0.09703,0.9
1058,,0.39617,0.937,0.69439,0.2,0.46687,0.171,-0.07368,0.8
1059,7,0.41688,0.916,0.6151,0.079,0.34616,0.092,1.0,0.821
1060,,0.38759,0.916,0.58581,-0.021,0.17545,-0.108,0.82929,0.721
1061,6,0.3373,0.866,0.53552,-0.071,0.12574,1.0,0.77958,0.671
1062,4,0.28701,0.916,0.62723,1.0,0.07603,0.85,0.58787,0.521
1063,,0.25772,0.916,0.59794,0.9,-0.09468,0.65,0.41716,0.421
1064,5,0.17843,0.895,0.61865,0.921,1.0,0.571,0.29645,0.3
1065,,0.14914,0.895,0.58936,0.821,0.82929,0.371,0.12574,0.2
1066,,0.11985,0.895,0.56007,0.721,0.65858,0.171,-0.04497,0.1
1067,7,0.14056,0.874,0.48078,0.6,0.53787,0.092,1.0,0.121
1068,,0.11127,0.874,0.45149,0.5,0.36716,-0.108,0.82929,0.021
1069,6,0.06098,0.824,0.4012,0.45,0.31745,1.0,0.77958,-0.029
1070,8,0.15269,0.874,0.35091,0.3,0.12574,0.85,0.72987,1.0
1071,,0.1234,0.874,0.32162,0.2,-0.04497,0.65,0.55916,0.9
1072,5,0.04411,0.853,0.34233,0.221,1.0,0.571,0.43845,0.779
1073,,0.01482,0.853,0.31304,0.121,0.82929,0.371,0.26774,0.679
1074,,-0.01447,0.853,0.28375,0.021,0.65858,0.171,0.09703,0.579
1075,1,1.0,0.974,0.30446,-0.1,0.43787,-0.05,-0.02368,0.6
1076,4,0.94971,1.0,0.39617,1.0,0.38816,-0.2,-0.21539,0.45
1077,7,0.97042,0.979,0.31688,0.879,0.26745,-0.279,1.0,0.471
1078,6,0.92013,0.929,0.26659,0.829,0.21774,1.0,0.95029,0.421
1079,,0.89084,0.929,0.2373,0.729,0.04703,0.8,0.77958,0.321
1080,,0.86155,0.929,0.20801,0.629,-0.12368,0.6,0.60887,0.221
1081,5,0.78226,0.908,0.22872,0.65,1.0,0.521,0.48816,0.1
1082,,0.75297,0.908,0.19943,0.55,0.82929,0.321,0.31745,0.0
1083,,0.72368,0.908,0.17014,0.45,0.65858,0.121,0.14674,-0.1
1084,8,0.81539,0.958,0.11985,0.3,0.46687,-0.029,0.09703,1.0
1085,6,0.7651,0.908,0.06956,0.25,0.41716,1.0,0.04732,0.95
1086,,0.73581,0.908,0.04027,0.15,0.24645,0.8,-0.12339,0.85
1087,7,0.75652,0.887,-0.03902,0.029,0.12574,0.721,1.0,0.871
1088,3,0.77723,1.0,1.0,0.05,0.00503,0.5,0.77929,0.75
1089,,0.74794,1.0,0.97071,-0.05,-0.16568,0.3,0.60858,0.65
1090,5,0.66865,0.979,0.99142,-0.029,1.0,0.221,0.48787,0.529
1091,4,0.61836,1.0,1.0,1.0,0.95029,0.071,0.29616,0.379
1092,,0.58907,1.0,0.97071,0.9,0.77958,-0.129,0.12545,0.279
1093,6,0.53878,0.95,0.92042,0.85,0.72987,1.0,0.07574,0.229
1094,,0.50949,0.95,0.89113,0.75,0.55916,0.8,-0.09497,0.129
1095,7,0.5302,0.929,0.81184,0.629,0.43845,0.721,1.0,0.15
1096,,0.50091,0.929,0.78255,0.529,0.26774,0.521,0.82929,0.05
1097,,0.47162,0.929,0.75326,0.429,0.09703,0.321,0.65858,-0.05
1098,8,0.56333,0.979,0.70297,0.279,-0.09468,0.171,0.60887,1.0
1099,5,0.48404,0.958,0.72368,0.3,1.0,0.092,0.48816,0.879
1100,,0.45475,0.958,0.69439,0.2,0.82929,-0.108,0.31745,0.779
1101,6,0.40446,0.908,0.6441,0.15,0.77958,1.0,0.26774,0.729
1102,,0.37517,0.908,0.61481,0.05,0.60887,0.8,0.09703,0.629
1103,,0.34588,0.908,0.58552,-0.05,0.43816,0.6,-0.07368,0.529
1104,7,0.36659,0.887,0.50623,-0.171,0.31745,0.521,1.0,0.55
1105,4,0.3163,0.937,0.59794,1.0,0.26774,0.371,0.80829,0.4
1106,,0.28701,0.937,0.56865,0.9,0.09703,0.171,0.63758,0.3
1107,,0.25772,0.937,0.53936,0.8,-0.07368,-0.029,0.46687,0.2
1108,5,0.17843,0.916,0.56007,0.821,1.0,-0.108,0.34616,0.079
1109,6,0.12814,0.866,0.50978,0.771,0.95029,1.0,0.29645,0.029
1110,,0.09885,0.866,0.48049,0.671,0.77958,0.8,0.12574,-0.071
1111,8,0.19056,0.916,0.4302,0.521,0.58787,0.65,0.07603,1.0
1112,,0.16127,0.916,0.40091,0.421,0.41716,0.45,-0.09468,0.9
1113,7,0.18198,0.895,0.32162,0.3,0.29645,0.371,1.0,0.921
1114,,0.15269,0.895,0.29233,0.2,0.12574,0.171,0.82929,0.821
1115,,0.1234,0.895,0.26304,0.1,-0.04497,-0.029,0.65858,0.721
1116,5,0.04411,0.874,0.28375,0.121,1.0,-0.108,0.53787,0.6
1117,6,-0.00618,0.824,0.23346,0.071,0.95029,1.0,0.48816,0.55
1118,1,1.0,0.945,0.25417,-0.05,0.72958,0.779,0.36745,0.571
1119,4,0.94971,0.995,0.34588,1.0,0.67987,0.629,0.17574,0.421
1120,,0.92042,0.995,0.31659,0.9,0.50916,0.429,0.00503,0.321
1121,,0.89113,0.995,0.2873,0.8,0.33845,0.229,-0.16568,0.221
1122,7,0.91184,0.974,0.20801,0.679,0.21774,0.15,1.0,0.242
1123,,0.88255,0.974,0.17872,0.579,0.04703,-0.05,0.82929,0.142
1124,6,0.83226,0.924,0.12843,0.529,-0.00268,1.0,0.77958,0.092
1125,5,0.75297,0.903,0.14914,0.55,1.0,0.921,0.65887,-0.029
1126,8,0.84468,0.953,0.09885,0.4,0.80829,0.771,0.60916,1.0
1127,,0.81539,0.953,0.06956,0.3,0.63758,0.571,0.43845,0.9
1128,,0.7861,0.953,0.04027,0.2,0.46687,0.371,0.26774,0.8
1129,,0.75681,0.953,0.01098,0.1,0.29616,0.171,0.09703,0.7
1130,,0.72752,0.953,-0.01831,0.0,0.12545,-0.029,-0.07368,0.6
1131,7,0.74823,0.932,-0.0976,-0.121,0.00474,-0.108,1.0,0.621
1132,4,0.69794,0.982,-0.00589,1.0,-0.04497,-0.258,0.80829,0.471
1133,6,0.64765,0.932,-0.05618,0.95,-0.09468,1.0,0.75858,0.421
1134,5,0.56836,0.911,-0.03547,0.971,1.0,0.921,0.63787,0.3
1135,3,0.58907,1.0,1.0,0.992,0.87929,0.7,0.41716,0.179
1136,,0.55978,1.0,0.97071,0.892,0.70858,0.5,0.24645,0.079
1137,,0.53049,1.0,0.94142,0.792,0.53787,0.3,0.07574,-0.021
1138,8,0.6222,1.0,0.89113,0.642,0.34616,0.15,0.02603,1.0
1139,,0.59291,1.0,0.86184,0.542,0.17545,-0.05,-0.14468,0.9
1140,7,0.61362,0.979,0.78255,0.421,0.05474,-0.129,1.0,0.921
1141,6,0.56333,0.929,0.73226,0.371,0.00503,1.0,0.95029,0.871
1142,,0.53404,0.929,0.70297,0.271,-0.16568,0.8,0.77958,0.771
1143,5,0.45475,0.908,0.72368,0.292,1.0,0.721,0.65887,0.65
1144,,0.42546,0.908,0.69439,0.192,0.82929,0.521,0.48816,0.55
1145,,0.39617,0.908,0.6651,0.092,0.65858,0.321,0.31745,0.45
1146,,0.36688,0.908,0.63581,-0.008,0.48787,0.121,0.14674,0.35
1147,4,0.31659,0.958,0.72752,1.0,0.43816,-0.029,-0.04497,0.2
1148,7,0.3373,0.937,0.64823,0.879,0.31745,-0.108,1.0,0.221
1149,6,0.28701,0.887,0.59794,0.829,0.26774,1.0,0.95029,0.171
1150,,0.25772,0.887,0.56865,0.729,0.09703,0.8,0.77958,0.071
1151,,0.22843,0.887,0.53936,0.629,-0.07368,0.6,0.60887,-0.029
1152,5,0.14914,0.866,0.56007,0.65,1.0,0.521,0.48816,-0.15
1153,8,0.24085,0.916,0.50978,0.5,0.80829,0.371,0.43845,1.0
1154,,0.21156,0.916,0.48049,0.4,0.63758,0.171,0.26774,0.9
1155,,0.18227,0.916,0.4512,0.3,0.46687,-0.029,0.09703,0.8
1156,6,0.13198,0.866,0.40091,0.25,0.41716,1.0,0.04732,0.75
1157,,0.10269,0.866,0.37162,0.15,0.24645,0.8,-0.12339,0.65
1158,7,0.1234,0.845,0.29233,0.029,0.12574,0.721,1.0,0.671
1159,,0.09411,0.845,0.26304,-0.071,-0.04497,0.521,0.82929,0.571
1160,4,0.04382,0.895,0.35475,1.0,-0.09468,0.371,0.63758,0.421
1161,5,-0.03547,0.874,0.37546,1.0,1.0,0.292,0.51687,0.3
1162,1,1.0,0.995,0.39617,0.879,0.77929,0.071,0.39616,0.321
1163,,0.97071,0.995,0.36688,0.779,0.60858,-0.129,0.22545,0.221
1164,6,0.92042,0.945,0.31659,0.729,0.55887,1.0,0.17574,0.171
1165,,0.89113,0.945,0.2873,0.629,0.38816,0.8,0.00503,0.071
1166,,0.86184,0.945,0.25801,0.529,0.21745,0.6,-0.16568,-0.029
1167,7,0.88255,0.924,0.17872,0.408,0.09674,0.521,1.0,-0.008
1168,8,0.97426,0.974,0.12843,0.258,-0.09497,0.371,0.95029,1.0
1169,5,0.89497,0.953,0.14914,0.279,1.0,0.292,0.82958,0.879
1170,,0.86568,0.953,0.11985,0.179,0.82929,0.092,0.65887,0.779
1171,,0.83639,0.953,0.09056,0.079,0.65858,-0.108,0.48816,0.679
1172,6,0.7861,0.903,0.04027,0.029,0.60887,1.0,0.43845,0.629
1173,,0.75681,0.903,0.01098,-0.071,0.43816,0.8,0.26774,0.529
1174,4,0.70652,0.953,0.10269,1.0,0.38845,0.65,0.07603,0.379
1175,,0.67723,0.953,0.0734,0.9,0.21774,0.45,-0.09468,0.279
1176,7,0.69794,0.932,-0.00589,0.779,0.09703,0.371,1.0,0.3
1177,3,0.71865,1.0,1.0,0.8,-0.02368,0.15,0.77929,0.179
1178,5,0.63936,0.979,1.0,0.821,1.0,0.071,0.65858,0.058
1179,,0.61007,0.979,0.97071,0.721,0.82929,-0.129,0.48787,-0.042
1180,6,0.55978,0.929,0.92042,0.671,0.77958,1.0,0.43816,-0.092
1181,8,0.65149,0.979,0.87013,0.521,0.58787,0.85,0.38845,1.0
1182,,0.6222,0.979,0.84084,0.421,0.41716,0.65,0.21774,0.9
1183,,0.59291,0.979,0.81155,0.321,0.24645,0.45,0.04703,0.8
1184,,0.56362,0.979,0.78226,0.221,0.07574,0.25,-0.12368,0.7
1185,7,0.58433,0.958,0.70297,0.1,-0.04497,0.171,1.0,0.721
1186,5,0.50504,0.937,0.72368,0.121,1.0,0.092,0.87929,0.6
1187,,0.47575,0.937,0.69439,0.021,0.82929,-0.108,0.70858,0.5
1188,6,0.42546,0.887,0.6441,-0.029,0.77958,1.0,0.65887,0.45
1189,4,0.37517,0.937,0.73581,1.0,0.72987,0.85,0.46716,0.3
1190,,0.34588,0.937,0.70652,0.9,0.55916,0.65,0.29645,0.2
1191,,0.31659,0.937,0.67723,0.8,0.38845,0.45,0.12574,0.1
1192,,0.2873,0.937,0.64794,0.7,0.21774,0.25,-0.04497,0.0
1193,7,0.30801,0.916,0.56865,0.579,0.09703,0.171,1.0,0.021
1194,,0.27872,0.916,0.53936,0.479,-0.07368,-0.029,0.82929,-0.079
1195,8,0.37043,0.966,0.48907,0.329,-0.26539,-0.179,0.77958,1.0
1196,5,0.29114,0.945,0.50978,0.35,1.0,-0.258,0.65887,0.879
1197,6,0.24085,0.895,0.45949,0.3,0.95029,1.0,0.60916,0.829
1198,,0.21156,0.895,0.4302,0.2,0.77958,0.8,0.43845,0.729
1199,,0.18227,0.895,0.40091,0.1,0.60887,0.6,0.26774,0.629
1200,,0.15298,0.895,0.37162,0.0,0.43816,0.4,0.09703,0.529
1201,,0.12369,0.895,0.34233,-0.1,0.26745,0.2,-0.07368,0.429
1202,4,0.0734,0.945,0.43404,1.0,0.21774,0.05,-0.26539,0.279
1203,7,0.09411,0.924,0.35475,0.879,0.09703,-0.029,1.0,0.3
1204,6,0.04382,0.874,0.30446,0.829,0.04732,1.0,0.95029,0.25
1205,,0.01453,0.874,0.27517,0.729,-0.12339,0.8,0.77958,0.15
1206,5,-0.06476,0.853,0.29588,0.75,1.0,0.721,0.65887,0.029
1207,1,1.0,0.974,0.31659,0.629,0.77929,0.5,0.53816,0.05
1208,,0.97071,0.974,0.2873,0.529,0.60858,0.3,0.36745,-0.05
1209,8,1.0,1.0,0.23701,0.379,0.41687,0.15,0.31774,1.0
1210,,0.97071,1.0,0.20772,0.279,0.24616,-0.05,0.14703,0.9
1211,6,0.92042,0.95,0.15743,0.229,0.19645,1.0,0.09732,0.85
1212,,0.89113,0.95,0.12814,0.129,0.02574,0.8,-0.07339,0.75
1213,7,0.91184,0.929,0.04885,0.008,-0.09497,0.721,1.0,0.771
1214,5,0.83255,0.908,0.06956,0.029,1.0,0.642,0.87929,0.65
1215,,0.80326,0.908,0.04027,-0.071,0.82929,0.442,0.70858,0.55
1216,4,0.75297,0.958,0.13198,1.0,0.77958,0.292,0.51687,0.4
1217,,0.72368,0.958,0.10269,0.9,0.60887,0.092,0.34616,0.3
1218,,0.69439,0.958,0.0734,0.8,0.43816,-0.108,0.17545,0.2
1219,6,0.6441,0.908,0.02311,0.75,0.38845,1.0,0.12574,0.15
1220,,0.61481,0.908,-0.00618,0.65,0.21774,0.8,-0.04497,0.05
1221,7,0.63552,0.887,-0.08547,0.529,0.09703,0.721,1.0,0.071
1222,3,0.65623,1.0,1.0,0.55,-0.02368,0.5,0.77929,-0.05
1223,8,0.74794,1.0,0.94971,0.4,-0.21539,0.35,0.72958,1.0
1224,5,0.66865,0.979,0.97042,0.421,1.0,0.271,0.60887,0.879
1225,,0.63936,0.979,0.94113,0.321,0.82929,0.071,0.43816,0.779
1226,,0.61007,0.979,0.91184,0.221,0.65858,-0.129,0.26745,0.679
1227,6,0.55978,0.929,0.86155,0.171,0.60887,1.0,0.21774,0.629
1228,,0.53049,0.929,0.83226,0.071,0.43816,0.8,0.04703,0.529
1229,,0.5012,0.929,0.80297,-0.029,0.26745,0.6,-0.12368,0.429
1230,7,0.52191,0.908,0.72368,-0.15,0.14674,0.521,1.0,0.45
1231,4,0.47162,0.958,0.81539,1.0,0.09703,0.371,0.80829,0.3
1232,,0.44233,0.958,0.7861,0.9,-0.07368,0.171,0.63758,0.2
1233,5,0.36304,0.937,0.80681,0.921,1.0,0.092,0.51687,0.079
1234,,0.33375,0.937,0.77752,0.821,0.82929,-0.108,0.34616,-0.021
1235,6,0.28346,0.887,0.72723,0.771,0.77958,1.0,0.29645,-0.071
1236,8,0.37517,0.937,0.67694,0.621,0.58787,0.85,0.24674,1.0
1237,,0.34588,0.937,0.64765,0.521,0.41716,0.65,0.07603,0.9
1238,,0.31659,0.937,0.61836,0.421,0.24645,0.45,-0.09468,0.8
1239,7,0.3373,0.916,0.53907,0.3,0.12574,0.371,1.0,0.821
1240,,0.30801,0.916,0.50978,0.2,-0.04497,0.171,0.82929,0.721
1241,5,0.22872,0.895,0.53049,0.221,1.0,0.092,0.70858,0.6
1242,,0.19943,0.895,0.5012,0.121,0.82929,-0.108,0.53787,0.5
1243,6,0.14914,0.845,0.45091,0.071,0.77958,1.0,0.48816,0.45
1244,,0.11985,0.845,0.42162,-0.029,0.60887,0.8,0.31745,0.35
1245,4,0.06956,0.895,0.51333,1.0,0.55916,0.65,0.12574,0.2
1246,,0.04027,0.895,0.48404,0.9,0.38845,0.45,-0.04497,0.1
1247,7,0.06098,0.874,0.40475,0.779,0.26774,0.371,1.0,0.121
1248,,0.03169,0.874,0.37546,0.679,0.09703,0.171,0.82929,0.021
1249,,0.0024,0.874,0.34617,0.579,-0.07368,-0.029,0.65858,-0.079
1250,8,0.09411,0.924,0.29588,0.429,-0.26539,-0.179,0.60887,1.0
1251,5,0.01482,0.903,0.31659,0.45,1.0,-0.258,0.48816,0.879
1252,6,-0.03547,0.853,0.2663,0.4,0.95029,1.0,0.43845,0.829
1253,1,1.0,0.974,0.28701,0.279,0.72958,0.779,0.31774,0.85
1254,,0.97071,0.974,0.25772,0.179,0.55887,0.579,0.14703,0.75
1255,,0.94142,0.974,0.22843,0.079,0.38816,0.379,-0.02368,0.65
1256,7,0.96213,0.953,0.14914,-0.042,0.26745,0.3,1.0,0.671
1257,4,0.91184,1.0,0.24085,1.0,0.21774,0.15,0.80829,0.521
1258,,0.88255,1.0,0.21156,0.9,0.04703,-0.05,0.63758,0.421
1259,6,0.83226,0.95,0.16127,0.85,-0.00268,1.0,0.58787,0.371
1260,5,0.75297,0.929,0.18198,0.871,1.0,0.921,0.46716,0.25
1261,,0.72368,0.929,0.15269,0.771,0.82929,0.721,0.29645,0.15
1262,,0.69439,0.929,0.1234,0.671,0.65858,0.521,0.12574,0.05
1263,,0.6651,0.929,0.09411,0.571,0.48787,0.321,-0.04497,-0.05
1264,8,0.75681,0.979,0.04382,0.421,0.29616,0.171,-0.09468,1.0
1265,7,0.77752,0.958,-0.03547,0.3,0.17545,0.092,1.0,1.0
1266,3,0.79823,1.0,1.0,0.321,0.05474,-0.129,0.77929,0.879
1267,6,0.74794,0.95,0.94971,0.271,0.00503,1.0,0.72958,0.829
1268,,0.71865,0.95,0.92042,0.171,-0.16568,0.8,0.55887,0.729
1269,5,0.63936,0.929,0.94113,0.192,1.0,0.721,0.43816,0.608
1270,,0.61007,0.929,0.91184,0.092,0.82929,0.521,0.26745,0.508
1271,,0.58078,0.929,0.88255,-0.008,0.65858,0.321,0.09674,0.408
1272,4,0.53049,0.979,0.97426,1.0,0.60887,0.171,-0.09497,0.258
1273,7,0.5512,0.958,0.89497,0.879,0.48816,0.092,1.0,0.279
1274,,0.52191,0.958,0.86568,0.779,0.31745,-0.108,0.82929,0.179
1275,6,0.47162,0.908,0.81539,0.729,0.26774,1.0,0.77958,0.129
1276,,0.44233,0.908,0.7861,0.629,0.09703,0.8,0.60887,0.029
1277,,0.41304,0.908,0.75681,0.529,-0.07368,0.6,0.43816,-0.071
1278,5,0.33375,0.887,0.77752,0.55,1.0,0.521,0.31745,-0.192
1279,8,0.42546,0.937,0.72723,0.4,0.80829,0.371,0.26774,1.0
1280,,0.39617,0.937,0.69794,0.3,0.63758,0.171,0.09703,0.9
1281,,0.36688,0.937,0.66865,0.2,0.46687,-0.029,-0.07368,0.8
1282,7,0.38759,0.916,0.58936,0.079,0.34616,-0.108,1.0,0.821
1283,6,0.3373,0.866,0.53907,0.029,0.29645,1.0,0.95029,0.771
1284,,0.30801,0.866,0.50978,-0.071,0.12574,0.8,0.77958,0.671
1285,4,0.25772,0.916,0.60149,1.0,0.07603,0.65,0.58787,0.521
1286,,0.22843,0.916,0.5722,0.9,-0.09468,0.45,0.41716,0.421
1287,5,0.14914,0.895,0.59291,0.921,1.0,0.371,0.29645,0.3
1288,,0.11985,0.895,0.56362,0.821,0.82929,0.171,0.12574,0.2
1289,,0.09056,0.895,0.53433,0.721,0.65858,-0.029,-0.04497,0.1
1290,7,0.11127,0.874,0.45504,0.6,0.53787,-0.108,1.0,0.121
1291,6,0.06098,0.824,0.40475,0.55,0.48816,1.0,0.95029,0.071
1292,,0.03169,0.824,0.37546,0.45,0.31745,0.8,0.77958,-0.029
1293,8,0.1234,0.874,0.32517,0.3,0.12574,0.65,0.72987,1.0
1294,,0.09411,0.874,0.29588,0.2,-0.04497,0.45,0.55916,0.9
1295,5,0.01482,0.853,0.31659,0.221,1.0,0.371,0.43845,0.779
1296,,-0.01447,0.853,0.2873,0.121,0.82929,0.171,0.26774,0.679
1297,1,1.0,0.974,0.30801,-0.0,0.60858,-0.05,0.14703,0.7
1298,6,0.94971,0.924,0.25772,-0.05,0.55887,1.0,0.09732,0.65
1299,4,0.89942,0.974,0.34943,1.0,0.50916,0.85,-0.09439,0.5
1300,7,0.92013,0.953,0.27014,0.879,0.38845,0.771,1.0,0.521
1301,,0.89084,0.953,0.24085,0.779,0.21774,0.571,0.82929,0.421
1302,,0.86155,0.953,0.21156,0.679,0.04703,0.371,0.65858,0.321
1303,,0.83226,0.953,0.18227,0.579,-0.12368,0.171,0.48787,0.221
1304,5,0.75297,0.932,0.20298,0.6,1.0,0.092,0.36716,0.1
1305,,0.72368,0.932,0.17369,0.5,0.82929,-0.108,0.19645,0.0
1306,6,0.67339,0.882,0.1234,0.45,0.77958,1.0,0.14674,-0.05
1307,8,0.7651,0.932,0.07311,0.3,0.58787,0.85,0.09703,1.0
1308,,0.73581,0.932,0.04382,0.2,0.41716,0.65,-0.07368,0.9
1309,7,0.75652,0.911,-0.03547,0.079,0.29645,0.571,1.0,0.921
1310,3,0.77723,1.0,1.0,0.1,0.17574,0.35,0.77929,0.8
1311,,0.74794,1.0,0.97071,0.0,0.00503,0.15,0.60858,0.7
1312,,0.71865,1.0,0.94142,-0.1,-0.16568,-0.05,0.43787,0.6
1313,5,0.63936,0.979,0.96213,-0.079,1.0,-0.129,0.31716,0.479
1314,6,0.58907,0.929,0.91184,-0.129,0.95029,1.0,0.26745,0.429
1315,4,0.53878,0.979,1.0,1.0,0.90058,0.85,0.07574,0.279
1316,,0.50949,0.979,0.97071,0.9,0.72987,0.65,-0.09497,0.179
1317,7,0.5302,0.958,0.89142,0.779,0.60916,0.571,1.0,0.2
1318,,0.50091,0.958,0.86213,0.679,0.43845,0.371,0.82929,0.1
1319,,0.47162,0.958,0.83284,0.579,0.26774,0.171,0.65858,0.0
1320,,0.44233,0.958,0.80355,0.479,0.09703,-0.029,0.48787,-0.1
1321,8,0.53404,1.0,0.75326,0.329,-0.09468,-0.179,0.43816,1.0
1322,6,0.48375,0.95,0.70297,0.279,-0.14439,1.0,0.38845,0.95
1323,5,0.40446,0.929,0.72368,0.3,1.0,0.921,0.26774,0.829
1324,,0.37517,0.929,0.69439,0.2,0.82929,0.721,0.09703,0.729
1325,,0.34588,0.929,0.6651,0.1,0.65858,0.521,-0.07368,0.629
1326,7,0.36659,0.908,0.58581,-0.021,0.53787,0.442,1.0,0.65
1327,4,0.3163,0.958,0.67752,1.0,0.48816,0.292,0.80829,0.5
1328,,0.28701,0.958,0.64823,0.9,0.31745,0.092,0.63758,0.4
1329,,0.25772,0.958,0.61894,0.8,0.14674,-0.108,0.46687,0.3
1330,6,0.20743,0.908,0.56865,0.75,0.09703,1.0,0.41716,0.25
1331,,0.17814,0.908,0.53936,0.65,-0.07368,0.8,0.24645,0.15
1332,5,0.09885,0.887,0.56007,0.671,1.0,0.721,0.12574,0.029
1333,,0.06956,0.887,0.53078,0.571,0.82929,0.521,-0.04497,-0.071
1334,8,0.16127,0.937,0.48049,0.421,0.63758,0.371,-0.09468,1.0
1335,7,0.18198,0.916,0.4012,0.3,0.51687,0.292,1.0,1.0
1336,,0.15269,0.916,0.37191,0.2,0.34616,0.092,0.82929,0.9
1337,,0.1234,0.916,0.34262,0.1,0.17545,-0.108,0.65858,0.8
1338,6,0.07311,0.866,0.29233,0.05,0.12574,1.0,0.60887,0.75
1339,,0.04382,0.866,0.26304,-0.05,-0.04497,0.8,0.43816,0.65
1340,4,-0.00647,0.916,0.35475,1.0,-0.09468,0.65,0.24645,0.5
1341,5,-0.08576,0.895,0.37546,1.0,1.0,0.571,0.12574,0.379
1342,1,1.0,1.0,0.39617,0.879,0.77929,0.35,0.00503,0.4
1343,,0.97071,1.0,0.36688,0.779,0.60858,0.15,-0.16568,0.3
1344,7,0.99142,0.979,0.28759,0.658,0.48787,0.071,1.0,0.321
1345,,0.96213,0.979,0.2583,0.558,0.31716,-0.129,0.82929,0.221
1346,6,0.91184,0.929,0.20801,0.508,0.26745,1.0,0.77958,0.171
1347,,0.88255,0.929,0.17872,0.408,0.09674,0.8,0.60887,0.071
1348,,0.85326,0.929,0.14943,0.308,-0.07397,0.6,0.43816,-0.029
1349,5,0.77397,0.908,0.17014,0.329,1.0,0.521,0.31745,-0.15
1350,8,0.86568,0.958,0.11985,0.179,0.80829,0.371,0.26774,1.0
1351,,0.83639,0.958,0.09056,0.079,0.63758,0.171,0.09703,0.9
1352,,0.8071,0.958,0.06127,-0.021,0.46687,-0.029,-0.07368,0.8
1353,7,0.82781,0.937,-0.01802,-0.142,0.34616,-0.108,1.0,0.821
1354,4,0.77752,0.987,0.07369,1.0,0.29645,-0.258,0.80829,0.671
1355,6,0.72723,0.937,0.0234,0.95,0.24674,1.0,0.75858,0.621
1356,,0.69794,0.937,-0.00589,0.85,0.07603,0.8,0.58787,0.521
1357,3,0.71865,1.0,1.0,0.871,-0.04468,0.579,0.36716,0.4
1358,5,0.63936,0.979,1.0,0.892,1.0,0.5,0.24645,0.279
1359,,0.61007,0.979,0.97071,0.792,0.82929,0.3,0.07574,0.179
1360,,0.58078,0.979,0.94142,0.692,0.65858,0.1,-0.09497,0.079
1361,7,0.60149,0.958,0.86213,0.571,0.53787,0.021,1.0,0.1
1362,,0.5722,0.958,0.83284,0.471,0.36716,-0.179,0.82929,0.0
1363,6,0.52191,0.908,0.78255,0.421,0.31745,1.0,0.77958,-0.05
1364,8,0.61362,0.958,0.73226,0.271,0.12574,0.85,0.72987,1.0
1365,,0.58433,0.958,0.70297,0.171,-0.04497,0.65,0.55916,0.9
1366,5,0.50504,0.937,0.72368,0.192,1.0,0.571,0.43845,0.779
1367,,0.47575,0.937,0.69439,0.092,0.82929,0.371,0.26774,0.679
1368,,0.44646,0.937,0.6651,-0.008,0.65858,0.171,0.09703,0.579
1369,4,0.39617,0.987,0.75681,1.0,0.60887,0.021,-0.09468,0.429
1370,7,0.41688,0.966,0.67752,0.879,0.48816,-0.058,1.0,0.45
1371,6,0.36659,0.916,0.62723,0.829,0.43845,1.0,0.95029,0.4
1372,,0.3373,0.916,0.59794,0.729,0.26774,0.8,0.77958,0.3
1373,,0.30801,0.916,0.56865,0.629,0.09703,0.6,0.60887,0.2
1374,,0.27872,0.916,0.53936,0.529,-0.07368,0.4,0.43816,0.1
1375,5,0.19943,0.895,0.56007,0.55,1.0,0.321,0.31745,-0.021
1376,8,0.29114,0.945,0.50978,0.4,0.80829,0.171,0.26774,1.0
1377,,0.26185,0.945,0.48049,0.3,0.63758,-0.029,0.09703,0.9
1378,6,0.21156,0.895,0.4302,0.25,0.58787,1.0,0.04732,0.85
1379,,0.18227,0.895,0.40091,0.15,0.41716,0.8,-0.12339,0.75
1380,7,0.20298,0.874,0.32162,0.029,0.29645,0.721,1.0,0.771
1381,,0.17369,0.874,0.29233,-0.071,0.12574,0.521,0.82929,0.671
1382,4,0.1234,0.924,0.38404,1.0,0.07603,0.371,0.63758,0.521
1383,,0.09411,0.924,0.35475,0.9,-0.09468,0.171,0.46687,0.421
1384,5,0.01482,0.903,0.37546,0.921,1.0,0.092,0.34616,0.3
1385,,-0.01447,0.903,0.34617,0.821,0.82929,-0.108,0.17545,0.2
1386,6,-0.06476,0.853,0.29588,0.771,0.77958,1.0,0.12574,0.15
1387,1,1.0,0.974,0.31659,0.65,0.55887,0.779,0.00503,0.171
1388,,0.97071,0.974,0.2873,0.55,0.38816,0.579,-0.16568,0.071
1389,7,0.99142,0.953,0.20801,0.429,0.26745,0.5,1.0,0.092
1390,,0.96213,0.953,0.17872,0.329,0.09674,0.3,0.82929,-0.008
1391,8,1.0,1.0,0.12843,0.179,-0.09497,0.15,0.77958,1.0
1392,5,0.92071,0.979,0.14914,0.2,1.0,0.071,0.65887,0.879
1393,,0.89142,0.979,0.11985,0.1,0.82929,-0.129,0.48816,0.779
1394,6,0.84113,0.929,0.06956,0.05,0.77958,1.0,0.43845,0.729
1395,,0.81184,0.929,0.04027,-0.05,0.60887,0.8,0.26774,0.629
1396,4,0.76155,0.979,0.13198,1.0,0.55916,0.65,0.07603,0.479
1397,,0.73226,0.979,0.10269,0.9,0.38845,0.45,-0.09468,0.379
1398,7,0.75297,0.958,0.0234,0.779,0.26774,0.371,1.0,0.4
1399,,0.72368,0.958,-0.00589,0.679,0.09703,0.171,0.82929,0.3
1400,3,0.74439,1.0,1.0,0.7,-0.02368,-0.05,0.60858,0.179
1401,6,0.6941,0.95,0.94971,0.65,-0.07339,1.0,0.55887,0.129
1402,5,0.61481,0.929,0.97042,0.671,1.0,0.921,0.43816,0.008
1403,,0.58552,0.929,0.94113,0.571,0.82929,0.721,0.26745,-0.092
1404,8,0.67723,0.979,0.89084,0.421,0.63758,0.571,0.21774,1.0
1405,,0.64794,0.979,0.86155,0.321,0.46687,0.371,0.04703,0.9
1406,,0.61865,0.979,0.83226,0.221,0.29616,0.171,-0.12368,0.8
1407,7,0.63936,0.958,0.75297,0.1,0.17545,0.092,1.0,0.821
1408,,0.61007,0.958,0.72368,0.0,0.00474,-0.108,0.82929,0.721
1409,6,0.55978,0.908,0.67339,-0.05,-0.04497,1.0,0.77958,0.671
1410,4,0.50949,0.958,0.7651,1.0,-0.09468,0.85,0.58787,0.521
1411,5,0.4302,0.937,0.78581,1.0,1.0,0.771,0.46716,0.4
1412,,0.40091,0.937,0.75652,0.9,0.82929,0.571,0.29645,0.3
1413,,0.37162,0.937,0.72723,0.8,0.65858,0.371,0.12574,0.2
1414,,0.34233,0.937,0.69794,0.7,0.48787,0.171,-0.04497,0.1
1415,7,0.36304,0.916,0.61865,0.579,0.36716,0.092,1.0,0.121
1416,,0.33375,0.916,0.58936,0.479,0.19645,-0.108,0.82929,0.021
1417,6,0.28346,0.866,0.53907,0.429,0.14674,1.0,0.77958,-0.029
1418,8,0.37517,0.916,0.48878,0.279,-0.04497,0.85,0.72987,1.0
1419,5,0.29588,0.895,0.50949,0.3,1.0,0.771,0.60916,0.879
1420,,0.26659,0.895,0.4802,0.2,0.82929,0.571,0.43845,0.779
1421,,0.2373,0.895,0.45091,0.1,0.65858,0.371,0.26774,0.679
1422,,0.20801,0.895,0.42162,0.0,0.48787,0.171,0.09703,0.579
1423,,0.17872,0.895,0.39233,-0.1,0.31716,-0.029,-0.07368,0.479
1424,4,0.12843,0.945,0.48404,1.0,0.26745,-0.179,-0.26539,0.329
1425,7,0.14914,0.924,0.40475,0.879,0.14674,-0.258,1.0,0.35
1426,6,0.09885,0.874,0.35446,0.829,0.09703,1.0,0.95029,0.3
1427,,0.06956,0.874,0.32517,0.729,-0.07368,0.8,0.77958,0.2
1428,5,-0.00973,0.853,0.34588,0.75,1.0,0.721,0.65887,0.079
1429,1,1.0,0.974,0.36659,0.629,0.77929,0.5,0.53816,0.1
1430,,0.97071,0.974,0.3373,0.529,0.60858,0.3,0.36745,0.0
1431,,0.94142,0.974,0.30801,0.429,0.43787,0.1,0.19674,-0.1
1432,8,1.0,1.0,0.25772,0.279,0.24616,-0.05,0.14703,1.0
1433,6,0.94971,0.95,0.20743,0.229,0.19645,1.0,0.09732,0.95
1434,,0.92042,0.95,0.17814,0.129,0.02574,0.8,-0.07339,0.85
1435,7,0.94113,0.929,0.09885,0.008,-0.09497,0.721,1.0,0.871
1436,5,0.86184,0.908,0.11956,0.029,1.0,0.642,0.87929,0.75
1437,,0.83255,0.908,0.09027,-0.071,0.82929,0.442,0.70858,0.65
1438,4,0.78226,0.958,0.18198,1.0,0.77958,0.292,0.51687,0.5
1439,,0.75297,0.958,0.15269,0.9,0.60887,0.092,0.34616,0.4
1440,,0.72368,0.958,0.1234,0.8,0.43816,-0.108,0.17545,0.3
1441,6,0.67339,0.908,0.07311,0.75,0.38845,1.0,0.12574,0.25
1442,,0.6441,0.908,0.04382,0.65,0.21774,0.8,-0.04497,0.15
1443,7,0.66481,0.887,-0.03547,0.529,0.09703,0.721,1.0,0.171
1444,3,0.68552,1.0,1.0,0.55,-0.02368,0.5,0.77929,0.05
1445,5,0.60623,0.979,1.0,0.571,1.0,0.421,0.65858,-0.071
1446,8,0.69794,1.0,0.94971,0.421,0.80829,0.271,0.60887,1.0
1447,,0.66865,1.0,0.92042,0.321,0.63758,0.071,0.43816,0.9
1448,,0.63936,1.0,0.89113,0.221,0.46687,-0.129,0.26745,0.8
1449,6,0.58907,0.95,0.84084,0.171,0.41716,1.0,0.21774,0.75
1450,,0.55978,0.95,0.81155,0.071,0.24645,0.8,0.04703,0.65
1451,,0.53049,0.95,0.78226,-0.029,0.07574,0.6,-0.12368,0.55
1452,7,0.5512,0.929,0.70297,-0.15,-0.04497,0.521,1.0,0.571
1453,4,0.50091,0.979,0.79468,1.0,-0.09468,0.371,0.80829,0.421
1454,5,0.42162,0.958,0.81539,1.0,1.0,0.292,0.68758,0.3
1455,,0.39233,0.958,0.7861,0.9,0.82929,0.092,0.51687,0.2
1456,,0.36304,0.958,0.75681,0.8,0.65858,-0.108,0.34616,0.1
1457,6,0.31275,0.908,0.70652,0.75,0.60887,1.0,0.29645,0.05
1458,,0.28346,0.908,0.67723,0.65,0.43816,0.8,0.12574,-0.05
1459,8,0.37517,0.958,0.62694,0.5,0.24645,0.65,0.07603,1.0
1460,,0.34588,0.958,0.59765,0.4,0.07574,0.45,-0.09468,0.9
1461,7,0.36659,0.937,0.51836,0.279,-0.04497,0.371,1.0,0.921
1462,5,0.2873,0.916,0.53907,0.3,1.0,0.292,0.87929,0.8
1463,,0.25801,0.916,0.50978,0.2,0.82929,0.092,0.70858,0.7
1464,,0.22872,0.916,0.48049,0.1,0.65858,-0.108,0.53787,0.6
1465,6,0.17843,0.866,0.4302,0.05,0.60887,1.0,0.48816,0.55
1466,,0.14914,0.866,0.40091,-0.05,0.43816,0.8,0.31745,0.45
1467,4,0.09885,0.916,0.49262,1.0,0.38845,0.65,0.12574,0.3
1468,,0.06956,0.916,0.46333,0.9,0.21774,0.45,-0.04497,0.2
1469,7,0.09027,0.895,0.38404,0.779,0.09703,0.371,1.0,0.221
1470,,0.06098,0.895,0.35475,0.679,-0.07368,0.171,0.82929,0.121
1471,5,-0.01831,0.874,0.37546,0.7,1.0,0.092,0.70858,-0.0
1472,1,1.0,0.995,0.39617,0.579,0.77929,-0.129,0.58787,0.021
1473,6,0.94971,0.945,0.34588,0.529,0.72958,1.0,0.53816,-0.029
1474,8,1.0,0.995,0.29559,0.379,0.53787,0.85,0.48845,1.0
1475,,0.97071,0.995,0.2663,0.279,0.36716,0.65,0.31774,0.9
1476,,0.94142,0.995,0.23701,0.179,0.19645,0.45,0.14703,0.8
1477,,0.91213,0.995,0.20772,0.079,0.02574,0.25,-0.02368,0.7
1478,7,0.93284,0.974,0.12843,-0.042,-0.09497,0.171,1.0,0.721
1479,5,0.85355,0.953,0.14914,-0.021,1.0,0.092,0.87929,0.6
1480,4,0.80326,1.0,0.24085,1.0,0.95029,-0.058,0.68758,0.45
1481,6,0.75297,0.95,0.19056,0.95,0.90058,1.0,0.63787,0.4
1482,,0.72368,0.95,0.16127,0.85,0.72987,0.8,0.46716,0.3
1483,,0.69439,0.95,0.13198,0.75,0.55916,0.6,0.29645,0.2
1484,,0.6651,0.95,0.10269,0.65,0.38845,0.4,0.12574,0.1
1485,,0.63581,0.95,0.0734,0.55,0.21774,0.2,-0.04497,0.0
1486,7,0.65652,0.929,-0.00589,0.429,0.09703,0.121,1.0,0.021
1487,3,0.67723,1.0,1.0,0.45,-0.02368,-0.1,0.77929,-0.1
1488,8,0.76894,1.0,0.94971,0.3,-0.21539,-0.25,0.72958,1.0
1489,6,0.71865,0.95,0.89942,0.25,-0.2651,1.0,0.67987,0.95
1490,5,0.63936,0.929,0.92013,0.271,1.0,0.921,0.55916,0.829
1491,,0.61007,0.929,0.89084,0.171,0.82929,0.721,0.38845,0.729
1492,,0.58078,0.929,0.86155,0.071,0.65858,0.521,0.21774,0.629
1493,,0.55149,0.929,0.83226,-0.029,0.48787,0.321,0.04703,0.529
1494,4,0.5012,0.979,0.92397,1.0,0.43816,0.171,-0.14468,0.379
1495,7,0.52191,0.958,0.84468,0.879,0.31745,0.092,1.0,0.4
1496,,0.49262,0.958,0.81539,0.779,0.14674,-0.108,0.82929,0.3
1497,6,0.44233,0.908,0.7651,0.729,0.09703,1.0,0.77958,0.25
1498,,0.41304,0.908,0.73581,0.629,-0.07368,0.8,0.60887,0.15
1499,5,0.33375,0.887,0.75652,0.65,1.0,0.721,0.48816,0.029
1500,,0.30446,0.887,0.72723,0.55,0.82929,0.521,0.31745,-0.071
1501,8,0.39617,0.937,0.67694,0.4,0.63758,0.371,0.26774,1.0
1502,,0.36688,0.937,0.64765,0.3,0.46687,0.171,0.09703,0.9
1503,,0.33759,0.937,0.61836,0.2,0.29616,-0.029,-0.07368,0.8
1504,7,0.3583,0.916,0.53907,0.079,0.17545,-0.108,1.0,0.821
1505,6,0.30801,0.866,0.48878,0.029,0.12574,1.0,0.95029,0.771
1506,,0.27872,0.866,0.45949,-0.071,-0.04497,0.8,0.77958,0.671
1507,4,0.22843,0.916,0.5512,1.0,-0.09468,0.65,0.58787,0.521
1508,5,0.14914,0.895,0.57191,1.0,1.0,0.571,0.46716,0.4
1509,,0.11985,0.895,0.54262,0.9,0.82929,0.371,0.29645,0.3
1510,,0.09056,0.895,0.51333,0.8,0.65858,0.171,0.12574,0.2
1511,,0.06127,0.895,0.48404,0.7,0.48787,-0.029,-0.04497,0.1
1512,7,0.08198,0.874,0.40475,0.579,0.36716,-0.108,1.0,0.121
1513,6,0.03169,0.824,0.35446,0.529,0.31745,1.0,0.95029,0.071
1514,,0.0024,0.824,0.32517,0.429,0.14674,0.8,0.77958,-0.029
1515,8,0.09411,0.874,0.27488,0.279,-0.04497,0.65,0.72987,1.0
1516,5,0.01482,0.853,0.29559,0.3,1.0,0.571,0.60916,0.879
1517,,-0.01447,0.853,0.2663,0.2,0.82929,0.371,0.43845,0.779
1518,1,1.0,0.974,0.28701,0.079,0.60858,0.15,0.31774,0.8
1519,,0.97071,0.974,0.25772,-0.021,0.43787,-0.05,0.14703,0.7
1520,6,0.92042,0.924,0.20743,-0.071,0.38816,1.0,0.09732,0.65
1521,4,0.87013,0.974,0.29914,1.0,0.33845,0.85,-0.09439,0.5
1522,7,0.89084,0.953,0.21985,0.879,0.21774,0.771,1.0,0.521
1523,,0.86155,0.953,0.19056,0.779,0.04703,0.571,0.82929,0.421
1524,,0.83226,0.953,0.16127,0.679,-0.12368,0.371,0.65858,0.321
1525,5,0.75297,0.932,0.18198,0.7,1.0,0.292,0.53787,0.2
1526,,0.72368,0.932,0.15269,0.6,0.82929,0.092,0.36716,0.1
1527,,0.69439,0.932,0.1234,0.5,0.65858,-0.108,0.19645,0.0
1528,6,0.6441,0.882,0.07311,0.45,0.60887,1.0,0.14674,-0.05
1529,8,0.73581,0.932,0.02282,0.3,0.41716,0.85,0.09703,1.0
1530,,0.70652,0.932,-0.00647,0.2,0.24645,0.65,-0.07368,0.9
1531,7,0.72723,0.911,-0.08576,0.079,0.12574,0.571,1.0,0.921
1532,3,0.74794,1.0,1.0,0.1,0.00503,0.35,0.77929,0.8
1533,,0.71865,1.0,0.97071,0.0,-0.16568,0.15,0.60858,0.7
1534,5,0.63936,0.979,0.99142,0.021,1.0,0.071,0.48787,0.579
1535,,0.61007,0.979,0.96213,-0.079,0.82929,-0.129,0.31716,0.479
1536,6,0.55978,0.929,0.91184,-0.129,0.77958,1.0,0.26745,0.429
1537,4,0.50949,0.979,1.0,1.0,0.72987,0.85,0.07574,0.279
1538,,0.4802,0.979,0.97071,0.9,0.55916,0.65,-0.09497,0.179
1539,7,0.50091,0.958,0.89142,0.779,0.43845,0.571,1.0,0.2
1540,,0.47162,0.958,0.86213,0.679,0.26774,0.371,0.82929,0.1
1541,,0.44233,0.958,0.83284,0.579,0.09703,0.171,0.65858,0.0
1542,,0.41304,0.958,0.80355,0.479,-0.07368,-0.029,0.48787,-0.1
1543,8,0.50475,1.0,0.75326,0.329,-0.26539,-0.179,0.43816,1.0
1544,5,0.42546,0.979,0.77397,0.35,1.0,-0.258,0.31745,0.879
1545,6,0.37517,0.929,0.72368,0.3,0.95029,1.0,0.26774,0.829
1546,,0.34588,0.929,0.69439,0.2,0.77958,0.8,0.09703,0.729
1547,,0.31659,0.929,0.6651,0.1,0.60887,0.6,-0.07368,0.629
1548,7,0.3373,0.908,0.58581,-0.021,0.48816,0.521,1.0,0.65
1549,4,0.28701,0.958,0.67752,1.0,0.43845,0.371,0.80829,0.5
1550,,0.25772,0.958,0.64823,0.9,0.26774,0.171,0.63758,0.4
1551,,0.22843,0.958,0.61894,0.8,0.09703,-0.029,0.46687,0.3
1552,6,0.17814,0.908,0.56865,0.75,0.04732,1.0,0.41716,0.25
1553,,0.14885,0.908,0.53936,0.65,-0.12339,0.8,0.24645,0.15
1554,5,0.06956,0.887,0.56007,0.671,1.0,0.721,0.12574,0.029
1555,,0.04027,0.887,0.53078,0.571,0.82929,0.521,-0.04497,-0.071
1556,8,0.13198,0.937,0.48049,0.421,0.63758,0.371,-0.09468,1.0
1557,7,0.15269,0.916,0.4012,0.3,0.51687,0.292,1.0,1.0
1558,,0.1234,0.916,0.37191,0.2,0.34616,0.092,0.82929,0.9
1559,,0.09411,0.916,0.34262,0.1,0.17545,-0.108,0.65858,0.8
1560,6,0.04382,0.866,0.29233,0.05,0.12574,1.0,0.60887,0.75
1561,,0.01453,0.866,0.26304,-0.05,-0.04497,0.8,0.43816,0.65
1562,4,-0.03576,0.916,0.35475,1.0,-0.09468,0.65,0.24645,0.5
1563,5,-0.11505,0.895,0.37546,1.0,1.0,0.571,0.12574,0.379
1564,1,1.0,1.0,0.39617,0.879,0.77929,0.35,0.00503,0.4
1565,,0.97071,1.0,0.36688,0.779,0.60858,0.15,-0.16568,0.3
1566,7,0.99142,0.979,0.28759,0.658,0.48787,0.071,1.0,0.321
1567,,0.96213,0.979,0.2583,0.558,0.31716,-0.129,0.82929,0.221
1568,6,0.91184,0.929,0.20801,0.508,0.26745,1.0,0.77958,0.171
1569,,0.88255,0.929,0.17872,0.408,0.09674,0.8,0.60887,0.071
1570,,0.85326,0.929,0.14943,0.308,-0.07397,0.6,0.43816,-0.029
1571,5,0.77397,0.908,0.17014,0.329,1.0,0.521,0.31745,-0.15
1572,8,0.86568,0.958,0.11985,0.179,0.80829,0.371,0.26774,1.0
1573,,0.83639,0.958,0.09056,0.079,0.63758,0.171,0.09703,0.9
1574,,0.8071,0.958,0.06127,-0.021,0.46687,-0.029,-0.07368,0.8
1575,7,0.82781,0.937,-0.01802,-0.142,0.34616,-0.108,1.0,0.821
1576,4,0.77752,0.987,0.07369,1.0,0.29645,-0.258,0.80829,0.671
1577,6,0.72723,0.937,0.0234,0.95,0.24674,1.0,0.75858,0.621
1578,,0.69794,0.937,-0.00589,0.85,0.07603,0.8,0.58787,0.521
1579,3,0.71865,1.0,1.0,0.871,-0.04468,0.579,0.36716,0.4
1580,5,0.63936,0.979,1.0,0.892,1.0,0.5,0.24645,0.279
1581,,0.61007,0.979,0.97071,0.792,0.82929,0.3,0.07574,0.179
1582,,0.58078,0.979,0.94142,0.692,0.65858,0.1,-0.09497,0.079
1583,7,0.60149,0.958,0.86213,0.571,0.53787,0.021,1.0,0.1
1584,,0.5722,0.958,0.83284,0.471,0.36716,-0.179,0.82929,0.0
1585,6,0.52191,0.908,0.78255,0.421,0.31745,1.0,0.77958,-0.05
1586,8,0.61362,0.958,0.73226,0.271,0.12574,0.85,0.72987,1.0
1587,,0.58433,0.958,0.70297,0.171,-0.04497,0.65,0.55916,0.9
1588,5,0.50504,0.937,0.72368,0.192,1.0,0.571,0.43845,0.779
1589,,0.47575,0.937,0.69439,0.092,0.82929,0.371,0.26774,0.679
1590,,0.44646,0.937,0.6651,-0.008,0.65858,0.171,0.09703,0.579
1591,4,0.39617,0.987,0.75681,1.0,0.60887,0.021,-0.09468,0.429
1592,7,0.41688,0.966,0.67752,0.879,0.48816,-0.058,1.0,0.45
1593,6,0.36659,0.916,0.62723,0.829,0.43845,1.0,0.95029,0.4
1594,,0.3373,0.916,0.59794,0.729,0.26774,0.8,0.77958,0.3
1595,,0.30801,0.916,0.56865,0.629,0.09703,0.6,0.60887,0.2
1596,,0.27872,0.916,0.53936,0.529,-0.07368,0.4,0.43816,0.1
1597,5,0.19943,0.895,0.56007,0.55,1.0,0.321,0.31745,-0.021
1598,8,0.29114,0.945,0.50978,0.4,0.80829,0.171,0.26774,1.0
1599,,0.26185,0.945,0.48049,0.3,0.63758,-0.029,0.09703,0.9
1600,6,0.21156,0.895,0.4302,0.25,0.58787,1.0,0.04732,0.85
1601,,0.18227,0.895,0.40091,0.15,0.41716,0.8,-0.12339,0.75
1602,7,0.20298,0.874,0.32162,0.029,0.29645,0.721,1.0,0.771
1603,,0.17369,0.874,0.29233,-0.071,0.12574,0.521,0.82929,0.671
1604,4,0.1234,0.924,0.38404,1.0,0.07603,0.371,0.63758,0.521
1605,,0.09411,0.924,0.35475,0.9,-0.09468,0.171,0.46687,0.421
1606,5,0.01482,0.903,0.37546,0.921,1.0,0.092,0.34616,0.3
1607,,-0.01447,0.903,0.34617,0.821,0.82929,-0.108,0.17545,0.2
1608,6,-0.06476,0.853,0.29588,0.771,0.77958,1.0,0.12574,0.15
1609,1,1.0,0.974,0.31659,0.65,0.55887,0.779,0.00503,0.171
1610,,0.97071,0.974,0.2873,0.55,0.38816,0.579,-0.16568,0.071
1611,7,0.99142,0.953,0.20801,0.429,0.26745,0.5,1.0,0.092
1612,,0.96213,0.953,0.17872,0.329,0.09674,0.3,0.82929,-0.008
1613,8,1.0,1.0,0.12843,0.179,-0.09497,0.15,0.77958,1.0
1614,5,0.92071,0.979,0.14914,0.2,1.0,0.071,0.65887,0.879
1615,,0.89142,0.979,0.11985,0.1,0.82929,-0.129,0.48816,0.779
1616,6,0.84113,0.929,0.06956,0.05,0.77958,1.0,0.43845,0.729
1617,,0.81184,0.929,0.04027,-0.05,0.60887,0.8,0.26774,0.629
1618,4,0.76155,0.979,0.13198,1.0,0.55916,0.65,0.07603,0.479
1619,,0.73226,0.979,0.10269,0.9,0.38845,0.45,-0.09468,0.379
1620,7,0.75297,0.958,0.0234,0.779,0.26774,0.371,1.0,0.4
1621,,0.72368,0.958,-0.00589,0.679,0.09703,0.171,0.82929,0.3
1622,3,0.74439,1.0,1.0,0.7,-0.02368,-0.05,0.60858,0.179
1623,6,0.6941,0.95,0.94971,0.65,-0.07339,1.0,0.55887,0.129
1624,5,0.61481,0.929,0.97042,0.671,1.0,0.921,0.43816,0.008
1625,,0.58552,0.929,0.94113,0.571,0.82929,0.721,0.26745,-0.092
1626,8,0.67723,0.979,0.89084,0.421,0.63758,0.571,0.21774,1.0
1627,,0.64794,0.979,0.86155,0.321,0.46687,0.371,0.04703,0.9
1628,,0.61865,0.979,0.83226,0.221,0.29616,0.171,-0.12368,0.8
1629,7,0.63936,0.958,0.75297,0.1,0.17545,0.092,1.0,0.821
1630,,0.61007,0.958,0.72368,0.0,0.00474,-0.108,0.82929,0.721
1631,6,0.55978,0.908,0.67339,-0.05,-0.04497,1.0,0.77958,0.671
1632,4,0.50949,0.958,0.7651,1.0,-0.09468,0.85,0.58787,0.521
1633,5,0.4302,0.937,0.78581,1.0,1.0,0.771,0.46716,0.4
1634,,0.40091,0.937,0.75652,0.9,0.82929,0.571,0.29645,0.3
1635,,0.37162,0.937,0.72723,0.8,0.65858,0.371,0.12574,0.2
1636,,0.34233,0.937,0.69794,0.7,0.48787,0.171,-0.04497,0.1
1637,7,0.36304,0.916,0.61865,0.579,0.36716,0.092,1.0,0.121
1638,,0.33375,0.916,0.58936,0.479,0.19645,-0.108,0.82929,0.021
1639,6,0.28346,0.866,0.53907,0.429,0.14674,1.0,0.77958,-0.029
1640,8,0.37517,0.916,0.48878,0.279,-0.04497,0.85,0.72987,1.0
1641,5,0.29588,0.895,0.50949,0.3,1.0,0.771,0.60916,0.879
1642,,0.26659,0.895,0.4802,0.2,0.82929,0.571,0.43845,0.779
1643,,0.2373,0.895,0.45091,0.1,0.65858,0.371,0.26774,0.679
1644,,0.20801,0.895,0.42162,0.0,0.48787,0.171,0.09703,0.579
1645,,0.17872,0.895,0.39233,-0.1,0.31716,-0.029,-0.07368,0.479
1646,4,0.12843,0.945,0.48404,1.0,0.26745,-0.179,-0.26539,0.329
1647,7,0.14914,0.924,0.40475,0.879,0.14674,-0.258,1.0,0.35
1648,6,0.09885,0.874,0.35446,0.829,0.09703,1.0,0.95029,0.3
1649,,0.06956,0.874,0.32517,0.729,-0.07368,0.8,0.77958,0.2
1650,5,-0.00973,0.853,0.34588,0.75,1.0,0.721,0.65887,0.079
1651,1,1.0,0.974,0.36659,0.629,0.77929,0.5,0.53816,0.1
1652,,0.97071,0.974,0.3373,0.529,0.60858,0.3,0.36745,0.0
1653,,0.94142,0.974,0.30801,0.429,0.43787,0.1,0.19674,-0.1
1654,8,1.0,1.0,0.25772,0.279,0.24616,-0.05,0.14703,1.0
1655,6,0.94971,0.95,0.20743,0.229,0.19645,1.0,0.09732,0.95
1656,,0.92042,0.95,0.17814,0.129,0.02574,0.8,-0.07339,0.85
1657,7,0.94113,0.929,0.09885,0.008,-0.09497,0.721,1.0,0.871
1658,5,0.86184,0.908,0.11956,0.029,1.0,0.642,0.87929,0.75
1659,,0.83255,0.908,0.09027,-0.071,0.82929,0.442,0.70858,0.65
1660,4,0.78226,0.958,0.18198,1.0,0.77958,0.292,0.51687,0.5
1661,,0.75297,0.958,0.15269,0.9,0.60887,0.092,0.34616,0.4
1662,,0.72368,0.958,0.1234,0.8,0.43816,-0.108,0.17545,0.3
1663,6,0.67339,0.908,0.07311,0.75,0.38845,1.0,0.12574,0.25
1664,,0.6441,0.908,0.04382,0.65,0.21774,0.8,-0.04497,0.15
1665,7,0.66481,0.887,-0.03547,0.529,0.09703,0.721,1.0,0.171
1666,3,0.68552,1.0,1.0,0.55,-0.02368,0.5,0.77929,0.05
1667,5,0.60623,0.979,1.0,0.571,1.0,0.421,0.65858,-0.071
1668,8,0.69794,1.0,0.94971,0.421,0.80829,0.271,0.60887,1.0
1669,,0.66865,1.0,0.92042,0.321,0.63758,0.071,0.43816,0.9
1670,,0.63936,1.0,0.89113,0.221,0.46687,-0.129,0.26745,0.8
1671,6,0.58907,0.95,0.84084,0.171,0.41716,1.0,0.21774,0.75
1672,,0.55978,0.95,0.81155,0.071,0.24645,0.8,0.04703,0.65
1673,,0.53049,0.95,0.78226,-0.029,0.07574,0.6,-0.12368,0.55
1674,7,0.5512,0.929,0.70297,-0.15,-0.04497,0.521,1.0,0.571
1675,4,0.50091,0.979,0.79468,1.0,-0.09468,0.371,0.80829,0.421
1676,5,0.42162,0.958,0.81539,1.0,1.0,0.292,0.68758,0.3
1677,,0.39233,0.958,0.7861,0.9,0.82929,0.092,0.51687,0.2
1678,,0.36304,0.958,0.75681,0.8,0.65858,-0.108,0.34616,0.1
1679,6,0.31275,0.908,0.70652,0.75,0.60887,1.0,0.29645,0.05
1680,,0.28346,0.908,0.67723,0.65,0.43816,0.8,0.12574,-0.05
1681,8,0.37517,0.958,0.62694,0.5,0.24645,0.65,0.07603,1.0
1682,,0.34588,0.958,0.59765,0.4,0.07574,0.45,-0.09468,0.9
1683,7,0.36659,0.937,0.51836,0.279,-0.04497,0.371,1.0,0.921
1684,5,0.2873,0.916,0.53907,0.3,1.0,0.292,0.87929,0.8
1685,,0.25801,0.916,0.50978,0.2,0.82929,0.092,0.70858,0.7
1686,,0.22872,0.916,0.48049,0.1,0.65858,-0.108,0.53787,0.6
1687,6,0.17843,0.866,0.4302,0.05,0.60887,1.0,0.48816,0.55
1688,,0.14914,0.866,0.40091,-0.05,0.43816,0.8,0.31745,0.45
1689,4,0.09885,0.916,0.49262,1.0,0.38845,0.65,0.12574,0.3
1690,,0.06956,0.916,0.46333,0.9,0.21774,0.45,-0.04497,0.2
1691,7,0.09027,0.895,0.38404,0.779,0.09703,0.371,1.0,0.221
1692,,0.06098,0.895,0.35475,0.679,-0.07368,0.171,0.82929,0.121
1693,5,-0.01831,0.874,0.37546,0.7,1.0,0.092,0.70858,-0.0
1694,1,1.0,0.995,0.39617,0.579,0.77929,-0.129,0.58787,0.021
1695,6,0.94971,0.945,0.34588,0.529,0.72958,1.0,0.53816,-0.029
1696,8,1.0,0.995,0.29559,0.379,0.53787,0.85,0.48845,1.0
1697,,0.97071,0.995,0.2663,0.279,0.36716,0.65,0.31774,0.9
1698,,0.94142,0.995,0.23701,0.179,0.19645,0.45,0.14703,0.8
1699,,0.91213,0.995,0.20772,0.079,0.02574,0.25,-0.02368,0.7
1700,7,0.93284,0.974,0.12843,-0.042,-0.09497,0.171,1.0,0.721
1701,5,0.85355,0.953,0.14914,-0.021,1.0,0.092,0.87929,0.6
1702,4,0.80326,1.0,0.24085,1.0,0.95029,-0.058,0.68758,0.45
1703,6,0.75297,0.95,0.19056,0.95,0.90058,1.0,0.63787,0.4
1704,,0.72368,0.95,0.16127,0.85,0.72987,0.8,0.46716,0.3
1705,,0.69439,0.95,0.13198,0.75,0.55916,0.6,0.29645,0.2
1706,,0.6651,0.95,0.10269,0.65,0.38845,0.4,0.12574,0.1
1707,,0.63581,0.95,0.0734,0.55,0.21774,0.2,-0.04497,0.0
1708,7,0.65652,0.929,-0.00589,0.429,0.09703,0.121,1.0,0.021
1709,3,0.67723,1.0,1.0,0.45,-0.02368,-0.1,0.77929,-0.1
1710,8,0.76894,1.0,0.94971,0.3,-0.21539,-0.25,0.72958,1.0
1711,6,0.71865,0.95,0.89942,0.25,-0.2651,1.0,0.67987,0.95
1712,5,0.63936,0.929,0.92013,0.271,1.0,0.921,0.55916,0.829
1713,,0.61007,0.929,0.89084,0.171,0.82929,0.721,0.38845,0.729
1714,,0.58078,0.929,0.86155,0.071,0.65858,0.521,0.21774,0.629
1715,,0.55149,0.929,0.83226,-0.029,0.48787,0.321,0.04703,0.529
1716,4,0.5012,0.979,0.92397,1.0,0.43816,0.171,-0.14468,0.379
1717,7,0.52191,0.958,0.84468,0.879,0.31745,0.092,1.0,0.4
1718,,0.49262,0.958,0.81539,0.779,0.14674,-0.108,0.82929,0.3
1719,6,0.44233,0.908,0.7651,0.729,0.09703,1.0,0.77958,0.25
1720,,0.41304,0.908,0.73581,0.629,-0.07368,0.8,0.60887,0.15
1721,5,0.33375,0.887,0.75652,0.65,1.0,0.721,0.48816,0.029
1722,,0.30446,0.887,0.72723,0.55,0.82929,0.521,0.31745,-0.071
1723,8,0.39617,0.937,0.67694,0.4,0.63758,0.371,0.26774,1.0
1724,,0.36688,0.937,0.64765,0.3,0.46687,0.171,0.09703,0.9
1725,,0.33759,0.937,0.61836,0.2,0.29616,-0.029,-0.07368,0.8
1726,7,0.3583,0.916,0.53907,0.079,0.17545,-0.108,1.0,0.821
1727,6,0.30801,0.866,0.48878,0.029,0.12574,1.0,0.95029,0.771
1728,,0.27872,0.866,0.45949,-0.071,-0.04497,0.8,0.77958,0.671
1729,4,0.22843,0.916,0.5512,1.0,-0.09468,0.65,0.58787,0.521
1730,5,0.14914,0.895,0.57191,1.0,1.0,0.571,0.46716,0.4
1731,,0.11985,0.895,0.54262,0.9,0.82929,0.371,0.29645,0.3
1732,,0.09056,0.895,0.51333,0.8,0.65858,0.171,0.12574,0.2
1733,,0.06127,0.895,0.48404,0.7,0.48787,-0.029,-0.04497,0.1
1734,7,0.08198,0.874,0.40475,0.579,0.36716,-0.108,1.0,0.121
1735,6,0.03169,0.824,0.35446,0.529,0.31745,1.0,0.95029,0.071
1736,,0.0024,0.824,0.32517,0.429,0.14674,0.8,0.77958,-0.029
1737,8,0.09411,0.874,0.27488,0.279,-0.04497,0.65,0.72987,1.0
1738,5,0.01482,0.853,0.29559,0.3,1.0,0.571,0.60916,0.879
1739,,-0.01447,0.853,0.2663,0.2,0.82929,0.371,0.43845,0.779
1740,1,1.0,0.974,0.28701,0.079,0.60858,0.15,0.31774,0.8
1741,,0.97071,0.974,0.25772,-0.021,0.43787,-0.05,0.14703,0.7
1742,6,0.92042,0.924,0.20743,-0.071,0.38816,1.0,0.09732,0.65
1743,4,0.87013,0.974,0.29914,1.0,0.33845,0.85,-0.09439,0.5
1744,7,0.89084,0.953,0.21985,0.879,0.21774,0.771,1.0,0.521
1745,,0.86155,0.953,0.19056,0.779,0.04703,0.571,0.82929,0.421
1746,,0.83226,0.953,0.16127,0.679,-0.12368,0.371,0.65858,0.321
1747,5,0.75297,0.932,0.18198,0.7,1.0,0.292,0.53787,0.2
1748,,0.72368,0.932,0.15269,0.6,0.82929,0.092,0.36716,0.1
1749,,0.69439,0.932,0.1234,0.5,0.65858,-0.108,0.19645,0.0
1750,6,0.6441,0.882,0.07311,0.45,0.60887,1.0,0.14674,-0.05
1751,8,0.73581,0.932,0.02282,0.3,0.41716,0.85,0.09703,1.0
1752,,0.70652,0.932,-0.00647,0.2,0.24645,0.65,-0.07368,0.9
1753,7,0.72723,0.911,-0.08576,0.079,0.12574,0.571,1.0,0.921
1754,3,0.74794,1.0,1.0,0.1,0.00503,0.35,0.77929,0.8
1755,,0.71865,1.0,0.97071,0.0,-0.16568,0.15,0.60858,0.7
1756,5,0.63936,0.979,0.99142,0.021,1.0,0.071,0.48787,0.579
1757,,0.61007,0.979,0.96213,-0.079,0.82929,-0.129,0.31716,0.479
1758,6,0.55978,0.929,0.91184,-0.129,0.77958,1.0,0.26745,0.429
1759,4,0.50949,0.979,1.0,1.0,0.72987,0.85,0.07574,0.279
1760,,0.4802,0.979,0.97071,0.9,0.55916,0.65,-0.09497,0.179
1761,7,0.50091,0.958,0.89142,0.779,0.43845,0.571,1.0,0.2
1762,,0.47162,0.958,0.86213,0.679,0.26774,0.371,0.82929,0.1
1763,,0.44233,0.958,0.83284,0.579,0.09703,0.171,0.65858,0.0
1764,,0.41304,0.958,0.80355,0.479,-0.07368,-0.029,0.48787,-0.1
1765,8,0.50475,1.0,0.75326,0.329,-0.26539,-0.179,0.43816,1.0
1766,5,0.42546,0.979,0.77397,0.35,1.0,-0.258,0.31745,0.879
1767,6,0.37517,0.929,0.72368,0.3,0.95029,1.0,0.26774,0.829
1768,,0.34588,0.929,0.69439,0.2,0.77958,0.8,0.09703,0.729
1769,,0.31659,0.929,0.6651,0.1,0.60887,0.6,-0.07368,0.629
1770,7,0.3373,0.908,0.58581,-0.021,0.48816,0.521,1.0,0.65
1771,4,0.28701,0.958,0.67752,1.0,0.43845,0.371,0.80829,0.5
1772,,0.25772,0.958,0.64823,0.9,0.26774,0.171,0.63758,0.4
1773,,0.22843,0.958,0.61894,0.8,0.09703,-0.029,0.46687,0.3
1774,6,0.17814,0.908,0.56865,0.75,0.04732,1.0,0.41716,0.25
1775,,0.14885,0.908,0.53936,0.65,-0.12339,0.8,0.24645,0.15
1776,5,0.06956,0.887,0.56007,0.671,1.0,0.721,0.12574,0.029
1777,,0.04027,0.887,0.53078,0.571,0.82929,0.521,-0.04497,-0.071
1778,8,0.13198,0.937,0.48049,0.421,0.63758,0.371,-0.09468,1.0
1779,7,0.15269,0.916,0.4012,0.3,0.51687,0.292,1.0,1.0
1780,,0.1234,0.916,0.37191,0.2,0.34616,0.092,0.82929,0.9
1781,,0.09411,0.916,0.34262,0.1,0.17545,-0.108,0.65858,0.8
1782,6,0.04382,0.866,0.29233,0.05,0.12574,1.0,0.60887,0.75
1783,,0.01453,0.866,0.26304,-0.05,-0.04497,0.8,0.43816,0.65
1784,4,-0.03576,0.916,0.35475,1.0,-0.09468,0.65,0.24645,0.5
1785,5,-0.11505,0.895,0.37546,1.0,1.0,0.571,0.12574,0.379
1786,1,1.0,1.0,0.39617,0.879,0.77929,0.35,0.00503,0.4
1787,,0.97071,1.0,0.36688,0.779,0.60858,0.15,-0.16568,0.3
1788,7,0.99142,0.979,0.28759,0.658,0.48787,0.071,1.0,0.321
1789,,0.96213,0.979,0.2583,0.558,0.31716,-0.129,0.82929,0.221
1790,6,0.91184,0.929,0.20801,0.508,0.26745,1.0,0.77958,0.171
1791,,0.88255,0.929,0.17872,0.408,0.09674,0.8,0.60887,0.071
1792,,0.85326,0.929,0.14943,0.308,-0.07397,0.6,0.43816,-0.029
1793,5,0.77397,0.908,0.17014,0.329,1.0,0.521,0.31745,-0.15
1794,8,0.86568,0.958,0.11985,0.179,0.80829,0.371,0.26774,1.0
1795,,0.83639,0.958,0.09056,0.079,0.63758,0.171,0.09703,0.9
1796,,0.8071,0.958,0.06127,-0.021,0.46687,-0.029,-0.07368,0.8
1797,7,0.82781,0.937,-0.01802,-0.142,0.34616,-0.108,1.0,0.821
1798,4,0.77752,0.987,0.07369,1.0,0.29645,-0.258,0.80829,0.671
1799,6,0.72723,0.937,0.0234,0.95,0.24674,1.0,0.75858,0.621
1800,,0.69794,0.937,-0.00589,0.85,0.07603,0.8,0.58787,0.521
1801,3,0.71865,1.0,1.0,0.871,-0.04468,0.579,0.36716,0.4
1802,5,0.63936,0.979,1.0,0.892,1.0,0.5,0.24645,0.279
1803,,0.61007,0.979,0.97071,0.792,0.82929,0.3,0.07574,0.179
1804,,0.58078,0.979,0.94142,0.692,0.65858,0.1,-0.09497,0.079
1805,7,0.60149,0.958,0.86213,0.571,0.53787,0.021,1.0,0.1
1806,,0.5722,0.958,0.83284,0.471,0.36716,-0.179,0.82929,0.0
1807,6,0.52191,0.908,0.78255,0.421,0.31745,1.0,0.77958,-0.05
1808,8,0.61362,0.958,0.73226,0.271,0.12574,0.85,0.72987,1.0
1809,,0.58433,0.958,0.70297,0.171,-0.04497,0.65,0.55916,0.9
1810,5,0.50504,0.937,0.72368,0.192,1.0,0.571,0.43845,0.779
1811,,0.47575,0.937,0.69439,0.092,0.82929,0.371,0.26774,0.679
1812,,0.44646,0.937,0.6651,-0.008,0.65858,0.171,0.09703,0.579
1813,4,0.39617,0.987,0.75681,1.0,0.60887,0.021,-0.09468,0.429
1814,7,0.41688,0.966,0.67752,0.879,0.48816,-0.058,1.0,0.45
1815,6,0.36659,0.916,0.62723,0.829,0.43845,1.0,0.95029,0.4
1816,,0.3373,0.916,0.59794,0.729,0.26774,0.8,0.77958,0.3
1817,,0.30801,0.916,0.56865,0.629,0.09703,0.6,0.60887,0.2
1818,,0.27872,0.916,0.53936,0.529,-0.07368,0.4,0.43816,0.1
1819,5,0.19943,0.895,0.56007,0.55,1.0,0.321,0.31745,-0.021
1820,8,0.29114,0.945,0.50978,0.4,0.80829,0.171,0.26774,1.0
1821,,0.26185,0.945,0.48049,0.3,0.63758,-0.029,0.09703,0.9
1822,6,0.21156,0.895,0.4302,0.25,0.58787,1.0,0.04732,0.85
1823,,0.18227,0.895,0.40091,0.15,0.41716,0.8,-0.12339,0.75
1824,7,0.20298,0.874,0.32162,0.029,0.29645,0.721,1.0,0.771
1825,,0.17369,0.874,0.29233,-0.071,0.12574,0.521,0.82929,0.671
1826,4,0.1234,0.924,0.38404,1.0,0.07603,0.371,0.63758,0.521
1827,,0.09411,0.924,0.35475,0.9,-0.09468,0.171,0.46687,0.421
1828,5,0.01482,0.903,0.37546,0.921,1.0,0.092,0.34616,0.3
1829,,-0.01447,0.903,0.34617,0.821,0.82929,-0.108,0.17545,0.2
1830,6,-0.06476,0.853,0.29588,0.771,0.77958,1.0,0.12574,0.15
1831,1,1.0,0.974,0.31659,0.65,0.55887,0.779,0.00503,0.171
1832,,0.97071,0.974,0.2873,0.55,0.38816,0.579,-0.16568,0.071
1833,7,0.99142,0.953,0.20801,0.429,0.26745,0.5,1.0,0.092
1834,,0.96213,0.953,0.17872,0.329,0.09674,0.3,0.82929,-0.008
1835,8,1.0,1.0,0.12843,0.179,-0.09497,0.15,0.77958,1.0
1836,5,0.92071,0.979,0.14914,0.2,1.0,0.071,0.65887,0.879
1837,,0.89142,0.979,0.11985,0.1,0.82929,-0.129,0.48816,0.779
1838,6,0.84113,0.929,0.06956,0.05,0.77958,1.0,0.43845,0.729
1839,,0.81184,0.929,0.04027,-0.05,0.60887,0.8,0.26774,0.629
1840,4,0.76155,0.979,0.13198,1.0,0.55916,0.65,0.07603,0.479
1841,,0.73226,0.979,0.10269,0.9,0.38845,0.45,-0.09468,0.379
1842,7,0.75297,0.958,0.0234,0.779,0.26774,0.371,1.0,0.4
1843,,0.72368,0.958,-0.00589,0.679,0.09703,0.171,0.82929,0.3
1844,3,0.74439,1.0,1.0,0.7,-0.02368,-0.05,0.60858,0.179
1845,6,0.6941,0.95,0.94971,0.65,-0.07339,1.0,0.55887,0.129
1846,5,0.61481,0.929,0.97042,0.671,1.0,0.921,0.43816,0.008
1847,,0.58552,0.929,0.94113,0.571,0.82929,0.721,0.26745,-0.092
1848,8,0.67723,0.979,0.89084,0.421,0.63758,0.571,0.21774,1.0
