step,active_motive,motive_1,motive_2,motive_3,motive_4,motive_5,motive_6,motive_7,motive_8
0,,0.05924,0.00465,0.06075,0.01705,0.00651,0.09489,0.09656,0.08084
1,,-0.14076,-0.19535,-0.13925,-0.18295,-0.19349,-0.10511,-0.10344,-0.11916
2,2,-0.04076,0.80465,-0.03925,-0.08295,-0.09349,-0.00511,-0.00344,-0.01916
3,2,0.05924,1.0,0.06075,0.01705,0.00651,0.09489,0.09656,0.08084
4,,-0.14076,0.8,-0.13925,-0.18295,-0.19349,-0.10511,-0.10344,-0.11916
5,5,-0.04076,0.9,-0.03925,-0.08295,0.80651,-0.00511,-0.00344,-0.01916
6,5,0.05924,1.0,0.06075,0.01705,1.0,0.09489,0.09656,0.08084
7,,-0.14076,0.8,-0.13925,-0.18295,0.8,-0.10511,-0.10344,-0.11916
8,4,-0.04076,0.9,-0.03925,0.81705,0.9,-0.00511,-0.00344,-0.01916
9,4,0.05924,1.0,0.06075,1.0,1.0,0.09489,0.09656,0.08084
10,,-0.14076,0.8,-0.13925,0.8,0.8,-0.10511,-0.10344,-0.11916
11,1,0.85924,0.9,-0.03925,0.9,0.9,-0.00511,-0.00344,-0.01916
12,1,1.0,1.0,0.06075,1.0,1.0,0.09489,0.09656,0.08084
13,,0.8,0.8,-0.13925,0.8,0.8,-0.10511,-0.10344,-0.11916
14,3,0.9,0.9,0.86075,0.9,0.9,-0.00511,-0.00344,-0.01916
15,3,1.0,1.0,1.0,1.0,1.0,0.09489,0.09656,0.08084
16,,0.8,0.8,0.8,0.8,0.8,-0.10511,-0.10344,-0.11916
17,8,0.9,0.9,0.9,0.9,0.9,-0.00511,-0.00344,0.88084
18,8,1.0,1.0,1.0,1.0,1.0,0.09489,0.09656,1.0
19,,0.8,0.8,0.8,0.8,0.8,-0.10511,-0.10344,0.8
20,6,0.9,0.9,0.9,0.9,0.9,0.89489,-0.00344,0.9
21,6,1.0,1.0,1.0,1.0,1.0,1.0,0.09656,1.0
22,,0.8,0.8,0.8,0.8,0.8,0.8,-0.10344,0.8
23,7,0.9,0.9,0.9,0.9,0.9,0.9,0.89656,0.9
24,7,1.0,1.0,1.0,1.0,1.0,1.0,1.0,1.0
25,,0.8,0.8,0.8,0.8,0.8,0.8,0.8,0.8
26,,0.6,0.6,0.6,0.6,0.6,0.6,0.6,0.6
27,,0.4,0.4,0.4,0.4,0.4,0.4,0.4,0.4
28,,0.2,0.2,0.2,0.2,0.2,0.2,0.2,0.2
29,,0.0,0.0,0.0,0.0,0.0,0.0,0.0,0.0
30,,-0.2,-0.2,-0.2,-0.2,-0.2,-0.2,-0.2,-0.2
31,1,0.8,-0.1,-0.1,-0.1,-0.1,-0.1,-0.1,-0.1
32,1,1.0,-0.0,-0.0,-0.0,-0.0,-0.0,-0.0,-0.0
33,,0.8,-0.2,-0.2,-0.2,-0.2,-0.2,-0.2,-0.2
34,3,0.9,-0.1,0.8,-0.1,-0.1,-0.1,-0.1,-0.1
35,3,1.0,-0.0,1.0,-0.0,-0.0,-0.0,-0.0,-0.0
36,,0.8,-0.2,0.8,-0.2,-0.2,-0.2,-0.2,-0.2
37,7,0.9,-0.1,0.9,-0.1,-0.1,-0.1,0.8,-0.1
38,7,1.0,-0.0,1.0,-0.0,-0.0,-0.0,1.0,-0.0
39,,0.8,-0.2,0.8,-0.2,-0.2,-0.2,0.8,-0.2
40,4,0.9,-0.1,0.9,0.8,-0.1,-0.1,0.9,-0.1
41,4,1.0,-0.0,1.0,1.0,-0.0,-0.0,1.0,-0.0
42,,0.8,-0.2,0.8,0.8,-0.2,-0.2,0.8,-0.2
43,8,0.9,-0.1,0.9,0.9,-0.1,-0.1,0.9,0.8
44,8,1.0,-0.0,1.0,1.0,-0.0,-0.0,1.0,1.0
45,,0.8,-0.2,0.8,0.8,-0.2,-0.2,0.8,0.8
46,6,0.9,-0.1,0.9,0.9,-0.1,0.8,0.9,0.9
47,6,1.0,-0.0,1.0,1.0,-0.0,1.0,1.0,1.0
48,,0.8,-0.2,0.8,0.8,-0.2,0.8,0.8,0.8
49,5,0.9,-0.1,0.9,0.9,0.8,0.9,0.9,0.9
