step,active_motive,motive_1,motive_2,motive_3,motive_4,motive_5,motive_6,motive_7,motive_8
0,,-0.25092,0.90143,0.46399,0.19732,-0.68796,-0.68801,-0.88383,0.73235
1,7,-0.18324,0.97543,0.53167,0.25132,-0.64864,-0.65401,1.0,0.78635
2,6,-0.11456,1.0,0.60035,0.30632,-0.60732,1.0,1.0,0.84135
3,5,-0.04688,1.0,0.66803,0.36032,1.0,0.775,1.0,0.89535
4,1,1.0,1.0,0.72871,0.40632,1.0,0.801,1.0,0.94135
5,,0.96768,0.975,0.69639,0.35632,0.93232,0.726,0.93232,0.89135
6,,0.93536,0.95,0.66407,0.30632,0.86464,0.651,0.86464,0.84135
7,,0.90304,0.925,0.63175,0.25632,0.79696,0.576,0.79696,0.79135
8,,0.87072,0.9,0.59943,0.20632,0.72928,0.501,0.72928,0.74135
9,,0.8384,0.875,0.56711,0.15632,0.6616,0.426,0.6616,0.69135
10,,0.80608,0.85,0.53479,0.10632,0.59392,0.351,0.59392,0.64135
11,,0.77376,0.825,0.50247,0.05632,0.52624,0.276,0.52624,0.59135
12,,0.74144,0.8,0.47015,0.00632,0.45856,0.201,0.45856,0.54135
13,,0.70912,0.775,0.43783,-0.04368,0.39088,0.126,0.39088,0.49135
14,4,0.7728,0.845,0.50151,1.0,0.4272,0.156,0.4272,0.54135
15,,0.74048,0.82,0.46919,0.95,0.35952,0.081,0.35952,0.49135
16,,0.70816,0.795,0.43687,0.9,0.29184,0.006,0.29184,0.44135
17,,0.67584,0.77,0.40455,0.85,0.22416,-0.069,0.22416,0.39135
18,6,0.74452,0.845,0.47323,0.905,0.26548,1.0,0.26548,0.44635
19,,0.7122,0.82,0.44091,0.855,0.1978,0.925,0.1978,0.39635
20,,0.67988,0.795,0.40859,0.805,0.13012,0.85,0.13012,0.34635
21,,0.64756,0.77,0.37627,0.755,0.06244,0.775,0.06244,0.29635
22,,0.61524,0.745,0.34395,0.705,-0.00524,0.7,-0.00524,0.24635
23,7,0.68292,0.819,0.41163,0.759,0.03408,0.734,1.0,0.30035
24,,0.6506,0.794,0.37931,0.709,-0.0336,0.659,0.93232,0.25035
25,5,0.71828,0.868,0.44699,0.763,1.0,0.434,0.97164,0.30435
26,,0.68596,0.843,0.41467,0.713,0.93232,0.359,0.90396,0.25435
27,,0.65364,0.818,0.38235,0.663,0.86464,0.284,0.83628,0.20435
28,,0.62132,0.793,0.35003,0.613,0.79696,0.209,0.7686,0.15435
29,,0.589,0.768,0.31771,0.563,0.72928,0.134,0.70092,0.10435
30,,0.55668,0.743,0.28539,0.513,0.6616,0.059,0.63324,0.05435
31,,0.52436,0.718,0.25307,0.463,0.59392,-0.016,0.56556,0.00435
32,6,0.59304,0.793,0.32175,0.518,0.63524,1.0,0.60688,0.05935
33,,0.56072,0.768,0.28943,0.468,0.56756,0.925,0.5392,0.00935
34,,0.5284,0.743,0.25711,0.418,0.49988,0.85,0.47152,-0.04065
35,8,0.59208,0.813,0.32079,0.468,0.5362,0.88,0.50784,1.0
36,,0.55976,0.788,0.28847,0.418,0.46852,0.805,0.44016,0.95
37,,0.52744,0.763,0.25615,0.368,0.40084,0.73,0.37248,0.9
38,,0.49512,0.738,0.22383,0.318,0.33316,0.655,0.3048,0.85
39,,0.4628,0.713,0.19151,0.268,0.26548,0.58,0.23712,0.8
40,,0.43048,0.688,0.15919,0.218,0.1978,0.505,0.16944,0.75
41,,0.39816,0.663,0.12687,0.168,0.13012,0.43,0.10176,0.7
42,,0.36584,0.638,0.09455,0.118,0.06244,0.355,0.03408,0.65
43,,0.33352,0.613,0.06223,0.068,-0.00524,0.28,-0.0336,0.6
44,7,0.4012,0.687,0.12991,0.122,0.03408,0.314,1.0,0.654
45,,0.36888,0.662,0.09759,0.072,-0.0336,0.239,0.93232,0.604
46,5,0.43656,0.736,0.16527,0.126,1.0,0.014,0.97164,0.658
47,,0.40424,0.711,0.13295,0.076,0.93232,-0.061,0.90396,0.608
48,6,0.47292,0.786,0.20163,0.131,0.97364,1.0,0.94528,0.663
49,,0.4406,0.761,0.16931,0.081,0.90596,0.925,0.8776,0.613
50,,0.40828,0.736,0.13699,0.031,0.83828,0.85,0.80992,0.563
51,,0.37596,0.711,0.10467,-0.019,0.7706,0.775,0.74224,0.513
52,4,0.43964,0.781,0.16835,1.0,0.80692,0.805,0.77856,0.563
53,,0.40732,0.756,0.13603,0.95,0.73924,0.73,0.71088,0.513
54,,0.375,0.731,0.10371,0.9,0.67156,0.655,0.6432,0.463
55,,0.34268,0.706,0.07139,0.85,0.60388,0.58,0.57552,0.413
56,,0.31036,0.681,0.03907,0.8,0.5362,0.505,0.50784,0.363
57,,0.27804,0.656,0.00675,0.75,0.46852,0.43,0.44016,0.313
58,,0.24572,0.631,-0.02557,0.7,0.40084,0.355,0.37248,0.263
59,3,0.3064,0.697,1.0,0.746,0.43316,0.381,0.4048,0.309
60,,0.27408,0.672,0.96768,0.696,0.36548,0.306,0.33712,0.259
61,,0.24176,0.647,0.93536,0.646,0.2978,0.231,0.26944,0.209
62,,0.20944,0.622,0.90304,0.596,0.23012,0.156,0.20176,0.159
63,,0.17712,0.597,0.87072,0.546,0.16244,0.081,0.13408,0.109
64,,0.1448,0.572,0.8384,0.496,0.09476,0.006,0.0664,0.059
65,,0.11248,0.547,0.80608,0.446,0.02708,-0.069,-0.00128,0.009
66,6,0.18116,0.622,0.87476,0.501,0.0684,1.0,0.04004,0.064
67,,0.14884,0.597,0.84244,0.451,0.00072,0.925,-0.02764,0.014
68,7,0.21652,0.671,0.91012,0.505,0.04004,0.959,1.0,0.068
69,,0.1842,0.646,0.8778,0.455,-0.02764,0.884,0.93232,0.018
70,5,0.25188,0.72,0.94548,0.509,1.0,0.659,0.97164,0.072
71,,0.21956,0.695,0.91316,0.459,0.93232,0.584,0.90396,0.022
72,,0.18724,0.67,0.88084,0.409,0.86464,0.509,0.83628,-0.028
73,8,0.25092,0.74,0.94452,0.459,0.90096,0.539,0.8726,1.0
74,,0.2186,0.715,0.9122,0.409,0.83328,0.464,0.80492,0.95
75,,0.18628,0.69,0.87988,0.359,0.7656,0.389,0.73724,0.9
76,,0.15396,0.665,0.84756,0.309,0.69792,0.314,0.66956,0.85
77,,0.12164,0.64,0.81524,0.259,0.63024,0.239,0.60188,0.8
78,,0.08932,0.615,0.78292,0.209,0.56256,0.164,0.5342,0.75
79,,0.057,0.59,0.7506,0.159,0.49488,0.089,0.46652,0.7
80,,0.02468,0.565,0.71828,0.109,0.4272,0.014,0.39884,0.65
81,,-0.00764,0.54,0.68596,0.059,0.35952,-0.061,0.33116,0.6
82,6,0.06104,0.615,0.75464,0.114,0.40084,1.0,0.37248,0.655
83,,0.02872,0.59,0.72232,0.064,0.33316,0.925,0.3048,0.605
84,,-0.0036,0.565,0.69,0.014,0.26548,0.85,0.23712,0.555
85,1,1.0,0.631,0.75068,0.06,0.2978,0.876,0.26944,0.601
86,,0.96768,0.606,0.71836,0.01,0.23012,0.801,0.20176,0.551
87,,0.93536,0.581,0.68604,-0.04,0.16244,0.726,0.13408,0.501
88,4,0.99904,0.651,0.74972,1.0,0.19876,0.756,0.1704,0.551
89,,0.96672,0.626,0.7174,0.95,0.13108,0.681,0.10272,0.501
90,,0.9344,0.601,0.68508,0.9,0.0634,0.606,0.03504,0.451
91,,0.90208,0.576,0.65276,0.85,-0.00428,0.531,-0.03264,0.401
92,7,0.96976,0.65,0.72044,0.904,0.03504,0.565,1.0,0.455
93,,0.93744,0.625,0.68812,0.854,-0.03264,0.49,0.93232,0.405
94,5,1.0,0.699,0.7558,0.908,1.0,0.265,0.97164,0.459
95,,0.96768,0.674,0.72348,0.858,0.93232,0.19,0.90396,0.409
96,,0.93536,0.649,0.69116,0.808,0.86464,0.115,0.83628,0.359
97,,0.90304,0.624,0.65884,0.758,0.79696,0.04,0.7686,0.309
98,,0.87072,0.599,0.62652,0.708,0.72928,-0.035,0.70092,0.259
99,6,0.9394,0.674,0.6952,0.763,0.7706,1.0,0.74224,0.314
100,,0.90708,0.649,0.66288,0.713,0.70292,0.925,0.67456,0.264
101,,0.87476,0.624,0.63056,0.663,0.63524,0.85,0.60688,0.214
102,,0.84244,0.599,0.59824,0.613,0.56756,0.775,0.5392,0.164
103,,0.81012,0.574,0.56592,0.563,0.49988,0.7,0.47152,0.114
104,,0.7778,0.549,0.5336,0.513,0.4322,0.625,0.40384,0.064
105,,0.74548,0.524,0.50128,0.463,0.36452,0.55,0.33616,0.014
106,,0.71316,0.499,0.46896,0.413,0.29684,0.475,0.26848,-0.036
107,8,0.77684,0.569,0.53264,0.463,0.33316,0.505,0.3048,1.0
108,,0.74452,0.544,0.50032,0.413,0.26548,0.43,0.23712,0.95
109,,0.7122,0.519,0.468,0.363,0.1978,0.355,0.16944,0.9
110,,0.67988,0.494,0.43568,0.313,0.13012,0.28,0.10176,0.85
111,,0.64756,0.469,0.40336,0.263,0.06244,0.205,0.03408,0.8
112,,0.61524,0.444,0.37104,0.213,-0.00524,0.13,-0.0336,0.75
113,7,0.68292,0.518,0.43872,0.267,0.03408,0.164,1.0,0.804
114,,0.6506,0.493,0.4064,0.217,-0.0336,0.089,0.93232,0.754
115,5,0.71828,0.567,0.47408,0.271,1.0,-0.136,0.97164,0.808
116,6,0.78696,0.642,0.54276,0.326,1.0,1.0,1.0,0.863
117,,0.75464,0.617,0.51044,0.276,0.93232,0.925,0.93232,0.813
118,,0.72232,0.592,0.47812,0.226,0.86464,0.85,0.86464,0.763
119,,0.69,0.567,0.4458,0.176,0.79696,0.775,0.79696,0.713
120,,0.65768,0.542,0.41348,0.126,0.72928,0.7,0.72928,0.663
121,,0.62536,0.517,0.38116,0.076,0.6616,0.625,0.6616,0.613
122,,0.59304,0.492,0.34884,0.026,0.59392,0.55,0.59392,0.563
123,,0.56072,0.467,0.31652,-0.024,0.52624,0.475,0.52624,0.513
124,4,0.6244,0.537,0.3802,1.0,0.56256,0.505,0.56256,0.563
125,,0.59208,0.512,0.34788,0.95,0.49488,0.43,0.49488,0.513
126,,0.55976,0.487,0.31556,0.9,0.4272,0.355,0.4272,0.463
127,,0.52744,0.462,0.28324,0.85,0.35952,0.28,0.35952,0.413
128,,0.49512,0.437,0.25092,0.8,0.29184,0.205,0.29184,0.363
129,,0.4628,0.412,0.2186,0.75,0.22416,0.13,0.22416,0.313
130,,0.43048,0.387,0.18628,0.7,0.15648,0.055,0.15648,0.263
131,,0.39816,0.362,0.15396,0.65,0.0888,-0.02,0.0888,0.213
132,6,0.46684,0.437,0.22264,0.705,0.13012,1.0,0.13012,0.268
133,,0.43452,0.412,0.19032,0.655,0.06244,0.925,0.06244,0.218
134,,0.4022,0.387,0.158,0.605,-0.00524,0.85,-0.00524,0.168
135,7,0.46988,0.461,0.22568,0.659,0.03408,0.884,1.0,0.222
136,,0.43756,0.436,0.19336,0.609,-0.0336,0.809,0.93232,0.172
137,5,0.50524,0.51,0.26104,0.663,1.0,0.584,0.97164,0.226
138,,0.47292,0.485,0.22872,0.613,0.93232,0.509,0.90396,0.176
139,,0.4406,0.46,0.1964,0.563,0.86464,0.434,0.83628,0.126
140,,0.40828,0.435,0.16408,0.513,0.79696,0.359,0.7686,0.076
141,,0.37596,0.41,0.13176,0.463,0.72928,0.284,0.70092,0.026
142,,0.34364,0.385,0.09944,0.413,0.6616,0.209,0.63324,-0.024
143,8,0.40732,0.455,0.16312,0.463,0.69792,0.239,0.66956,1.0
144,,0.375,0.43,0.1308,0.413,0.63024,0.164,0.60188,0.95
145,,0.34268,0.405,0.09848,0.363,0.56256,0.089,0.5342,0.9
146,,0.31036,0.38,0.06616,0.313,0.49488,0.014,0.46652,0.85
147,,0.27804,0.355,0.03384,0.263,0.4272,-0.061,0.39884,0.8
148,6,0.34672,0.43,0.10252,0.318,0.46852,1.0,0.44016,0.855
149,,0.3144,0.405,0.0702,0.268,0.40084,0.925,0.37248,0.805
150,,0.28208,0.38,0.03788,0.218,0.33316,0.85,0.3048,0.755
151,,0.24976,0.355,0.00556,0.168,0.26548,0.775,0.23712,0.705
152,,0.21744,0.33,-0.02676,0.118,0.1978,0.7,0.16944,0.655
153,3,0.27812,0.396,1.0,0.164,0.23012,0.726,0.20176,0.701
154,,0.2458,0.371,0.96768,0.114,0.16244,0.651,0.13408,0.651
155,,0.21348,0.346,0.93536,0.064,0.09476,0.576,0.0664,0.601
156,,0.18116,0.321,0.90304,0.014,0.02708,0.501,-0.00128,0.551
157,7,0.24884,0.395,0.97072,0.068,0.0664,0.535,1.0,0.605
158,,0.21652,0.37,0.9384,0.018,-0.00128,0.46,0.93232,0.555
159,5,0.2842,0.444,1.0,0.072,1.0,0.235,0.97164,0.609
160,,0.25188,0.419,0.96768,0.022,0.93232,0.16,0.90396,0.559
161,,0.21956,0.394,0.93536,-0.028,0.86464,0.085,0.83628,0.509
162,4,0.28324,0.464,0.99904,1.0,0.90096,0.115,0.8726,0.559
163,,0.25092,0.439,0.96672,0.95,0.83328,0.04,0.80492,0.509
164,,0.2186,0.414,0.9344,0.9,0.7656,-0.035,0.73724,0.459
165,6,0.28728,0.489,1.0,0.955,0.80692,1.0,0.77856,0.514
166,,0.25496,0.464,0.96768,0.905,0.73924,0.925,0.71088,0.464
167,,0.22264,0.439,0.93536,0.855,0.67156,0.85,0.6432,0.414
168,,0.19032,0.414,0.90304,0.805,0.60388,0.775,0.57552,0.364
169,,0.158,0.389,0.87072,0.755,0.5362,0.7,0.50784,0.314
170,,0.12568,0.364,0.8384,0.705,0.46852,0.625,0.44016,0.264
171,,0.09336,0.339,0.80608,0.655,0.40084,0.55,0.37248,0.214
172,,0.06104,0.314,0.77376,0.605,0.33316,0.475,0.3048,0.164
173,,0.02872,0.289,0.74144,0.555,0.26548,0.4,0.23712,0.114
174,,-0.0036,0.264,0.70912,0.505,0.1978,0.325,0.16944,0.064
175,1,1.0,0.33,0.7698,0.551,0.23012,0.351,0.20176,0.11
176,,0.96768,0.305,0.73748,0.501,0.16244,0.276,0.13408,0.06
177,,0.93536,0.28,0.70516,0.451,0.09476,0.201,0.0664,0.01
178,,0.90304,0.255,0.67284,0.401,0.02708,0.126,-0.00128,-0.04
179,8,0.96672,0.325,0.73652,0.451,0.0634,0.156,0.03504,1.0
180,,0.9344,0.3,0.7042,0.401,-0.00428,0.081,-0.03264,0.95
181,7,1.0,0.374,0.77188,0.455,0.03504,0.115,1.0,1.0
182,,0.96768,0.349,0.73956,0.405,-0.03264,0.04,0.93232,0.95
183,5,1.0,0.423,0.80724,0.459,1.0,-0.185,0.97164,1.0
184,6,1.0,0.498,0.87592,0.514,1.0,1.0,1.0,1.0
185,,0.96768,0.473,0.8436,0.464,0.93232,0.925,0.93232,0.95
186,,0.93536,0.448,0.81128,0.414,0.86464,0.85,0.86464,0.9
187,,0.90304,0.423,0.77896,0.364,0.79696,0.775,0.79696,0.85
188,,0.87072,0.398,0.74664,0.314,0.72928,0.7,0.72928,0.8
189,,0.8384,0.373,0.71432,0.264,0.6616,0.625,0.6616,0.75
190,,0.80608,0.348,0.682,0.214,0.59392,0.55,0.59392,0.7
191,,0.77376,0.323,0.64968,0.164,0.52624,0.475,0.52624,0.65
192,,0.74144,0.298,0.61736,0.114,0.45856,0.4,0.45856,0.6
193,,0.70912,0.273,0.58504,0.064,0.39088,0.325,0.39088,0.55
194,,0.6768,0.248,0.55272,0.014,0.3232,0.25,0.3232,0.5
195,,0.64448,0.223,0.5204,-0.036,0.25552,0.175,0.25552,0.45
196,4,0.70816,0.293,0.58408,1.0,0.29184,0.205,0.29184,0.5
197,,0.67584,0.268,0.55176,0.95,0.22416,0.13,0.22416,0.45
198,,0.64352,0.243,0.51944,0.9,0.15648,0.055,0.15648,0.4
199,,0.6112,0.218,0.48712,0.85,0.0888,-0.02,0.0888,0.35
200,6,0.67988,0.293,0.5558,0.905,0.13012,1.0,0.13012,0.405
201,,0.64756,0.268,0.52348,0.855,0.06244,0.925,0.06244,0.355
202,,0.61524,0.243,0.49116,0.805,-0.00524,0.85,-0.00524,0.305
203,7,0.68292,0.317,0.55884,0.859,0.03408,0.884,1.0,0.359
204,,0.6506,0.292,0.52652,0.809,-0.0336,0.809,0.93232,0.309
205,5,0.71828,0.366,0.5942,0.863,1.0,0.584,0.97164,0.363
206,,0.68596,0.341,0.56188,0.813,0.93232,0.509,0.90396,0.313
207,,0.65364,0.316,0.52956,0.763,0.86464,0.434,0.83628,0.263
208,,0.62132,0.291,0.49724,0.713,0.79696,0.359,0.7686,0.213
209,,0.589,0.266,0.46492,0.663,0.72928,0.284,0.70092,0.163
210,,0.55668,0.241,0.4326,0.613,0.6616,0.209,0.63324,0.113
211,,0.52436,0.216,0.40028,0.563,0.59392,0.134,0.56556,0.063
212,,0.49204,0.191,0.36796,0.513,0.52624,0.059,0.49788,0.013
213,,0.45972,0.166,0.33564,0.463,0.45856,-0.016,0.4302,-0.037
214,8,0.5234,0.236,0.39932,0.513,0.49488,0.014,0.46652,1.0
215,,0.49108,0.211,0.367,0.463,0.4272,-0.061,0.39884,0.95
216,6,0.55976,0.286,0.43568,0.518,0.46852,1.0,0.44016,1.0
217,,0.52744,0.261,0.40336,0.468,0.40084,0.925,0.37248,0.95
218,,0.49512,0.236,0.37104,0.418,0.33316,0.85,0.3048,0.9
219,,0.4628,0.211,0.33872,0.368,0.26548,0.775,0.23712,0.85
220,,0.43048,0.186,0.3064,0.318,0.1978,0.7,0.16944,0.8
221,,0.39816,0.161,0.27408,0.268,0.13012,0.625,0.10176,0.75
222,,0.36584,0.136,0.24176,0.218,0.06244,0.55,0.03408,0.7
223,,0.33352,0.111,0.20944,0.168,-0.00524,0.475,-0.0336,0.65
224,7,0.4012,0.185,0.27712,0.222,0.03408,0.509,1.0,0.704
225,,0.36888,0.16,0.2448,0.172,-0.0336,0.434,0.93232,0.654
226,5,0.43656,0.234,0.31248,0.226,1.0,0.209,0.97164,0.708
227,,0.40424,0.209,0.28016,0.176,0.93232,0.134,0.90396,0.658
228,,0.37192,0.184,0.24784,0.126,0.86464,0.059,0.83628,0.608
229,,0.3396,0.159,0.21552,0.076,0.79696,-0.016,0.7686,0.558
230,6,0.40828,0.234,0.2842,0.131,0.83828,1.0,0.80992,0.613
231,,0.37596,0.209,0.25188,0.081,0.7706,0.925,0.74224,0.563
232,,0.34364,0.184,0.21956,0.031,0.70292,0.85,0.67456,0.513
233,,0.31132,0.159,0.18724,-0.019,0.63524,0.775,0.60688,0.463
234,4,0.375,0.229,0.25092,1.0,0.67156,0.805,0.6432,0.513
235,,0.34268,0.204,0.2186,0.95,0.60388,0.73,0.57552,0.463
236,,0.31036,0.179,0.18628,0.9,0.5362,0.655,0.50784,0.413
237,,0.27804,0.154,0.15396,0.85,0.46852,0.58,0.44016,0.363
238,,0.24572,0.129,0.12164,0.8,0.40084,0.505,0.37248,0.313
239,,0.2134,0.104,0.08932,0.75,0.33316,0.43,0.3048,0.263
240,,0.18108,0.079,0.057,0.7,0.26548,0.355,0.23712,0.213
241,,0.14876,0.054,0.02468,0.65,0.1978,0.28,0.16944,0.163
242,,0.11644,0.029,-0.00764,0.6,0.13012,0.205,0.10176,0.113
243,3,0.17712,0.095,1.0,0.646,0.16244,0.231,0.13408,0.159
244,,0.1448,0.07,0.96768,0.596,0.09476,0.156,0.0664,0.109
245,,0.11248,0.045,0.93536,0.546,0.02708,0.081,-0.00128,0.059
246,7,0.18016,0.119,1.0,0.6,0.0664,0.115,1.0,0.113
247,,0.14784,0.094,0.96768,0.55,-0.00128,0.04,0.93232,0.063
248,5,0.21552,0.168,1.0,0.604,1.0,-0.185,0.97164,0.117
249,6,0.2842,0.243,1.0,0.659,1.0,1.0,1.0,0.172
250,,0.25188,0.218,0.96768,0.609,0.93232,0.925,0.93232,0.122
251,,0.21956,0.193,0.93536,0.559,0.86464,0.85,0.86464,0.072
252,,0.18724,0.168,0.90304,0.509,0.79696,0.775,0.79696,0.022
253,,0.15492,0.143,0.87072,0.459,0.72928,0.7,0.72928,-0.028
254,8,0.2186,0.213,0.9344,0.509,0.7656,0.73,0.7656,1.0
255,,0.18628,0.188,0.90208,0.459,0.69792,0.655,0.69792,0.95
256,,0.15396,0.163,0.86976,0.409,0.63024,0.58,0.63024,0.9
257,,0.12164,0.138,0.83744,0.359,0.56256,0.505,0.56256,0.85
258,,0.08932,0.113,0.80512,0.309,0.49488,0.43,0.49488,0.8
259,,0.057,0.088,0.7728,0.259,0.4272,0.355,0.4272,0.75
260,,0.02468,0.063,0.74048,0.209,0.35952,0.28,0.35952,0.7
261,,-0.00764,0.038,0.70816,0.159,0.29184,0.205,0.29184,0.65
262,1,1.0,0.104,0.76884,0.205,0.32416,0.231,0.32416,0.696
263,,0.96768,0.079,0.73652,0.155,0.25648,0.156,0.25648,0.646
264,,0.93536,0.054,0.7042,0.105,0.1888,0.081,0.1888,0.596
265,,0.90304,0.029,0.67188,0.055,0.12112,0.006,0.12112,0.546
266,,0.87072,0.004,0.63956,0.005,0.05344,-0.069,0.05344,0.496
267,6,0.9394,0.079,0.70824,0.06,0.09476,1.0,0.09476,0.551
268,,0.90708,0.054,0.67592,0.01,0.02708,0.925,0.02708,0.501
269,,0.87476,0.029,0.6436,-0.04,-0.0406,0.85,-0.0406,0.451
270,5,0.94244,0.103,0.71128,0.014,1.0,0.625,-0.00128,0.505
271,7,1.0,0.177,0.77896,0.068,1.0,0.659,1.0,0.559
272,,0.96768,0.152,0.74664,0.018,0.93232,0.584,0.93232,0.509
273,,0.93536,0.127,0.71432,-0.032,0.86464,0.509,0.86464,0.459
274,4,0.99904,0.197,0.778,1.0,0.90096,0.539,0.90096,0.509
275,,0.96672,0.172,0.74568,0.95,0.83328,0.464,0.83328,0.459
276,,0.9344,0.147,0.71336,0.9,0.7656,0.389,0.7656,0.409
277,,0.90208,0.122,0.68104,0.85,0.69792,0.314,0.69792,0.359
278,,0.86976,0.097,0.64872,0.8,0.63024,0.239,0.63024,0.309
279,,0.83744,0.072,0.6164,0.75,0.56256,0.164,0.56256,0.259
280,,0.80512,0.047,0.58408,0.7,0.49488,0.089,0.49488,0.209
281,,0.7728,0.022,0.55176,0.65,0.4272,0.014,0.4272,0.159
282,,0.74048,-0.003,0.51944,0.6,0.35952,-0.061,0.35952,0.109
283,6,0.80916,0.072,0.58812,0.655,0.40084,1.0,0.40084,0.164
284,,0.77684,0.047,0.5558,0.605,0.33316,0.925,0.33316,0.114
285,,0.74452,0.022,0.52348,0.555,0.26548,0.85,0.26548,0.064
286,,0.7122,-0.003,0.49116,0.505,0.1978,0.775,0.1978,0.014
287,2,0.77088,1.0,0.54984,0.55,0.22912,0.8,0.22912,0.059
288,,0.73856,0.975,0.51752,0.5,0.16144,0.725,0.16144,0.009
289,,0.70624,0.95,0.4852,0.45,0.09376,0.65,0.09376,-0.041
290,8,0.76992,1.0,0.54888,0.5,0.13008,0.68,0.13008,1.0
291,,0.7376,0.975,0.51656,0.45,0.0624,0.605,0.0624,0.95
292,,0.70528,0.95,0.48424,0.4,-0.00528,0.53,-0.00528,0.9
293,7,0.77296,1.0,0.55192,0.454,0.03404,0.564,1.0,0.954
294,,0.74064,0.975,0.5196,0.404,-0.03364,0.489,0.93232,0.904
295,5,0.80832,1.0,0.58728,0.458,1.0,0.264,0.97164,0.958
296,,0.776,0.975,0.55496,0.408,0.93232,0.189,0.90396,0.908
297,,0.74368,0.95,0.52264,0.358,0.86464,0.114,0.83628,0.858
298,,0.71136,0.925,0.49032,0.308,0.79696,0.039,0.7686,0.808
299,,0.67904,0.9,0.458,0.258,0.72928,-0.036,0.70092,0.758
300,6,0.74772,0.975,0.52668,0.313,0.7706,1.0,0.74224,0.813
301,,0.7154,0.95,0.49436,0.263,0.70292,0.925,0.67456,0.763
302,,0.68308,0.925,0.46204,0.213,0.63524,0.85,0.60688,0.713
303,,0.65076,0.9,0.42972,0.163,0.56756,0.775,0.5392,0.663
304,,0.61844,0.875,0.3974,0.113,0.49988,0.7,0.47152,0.613
305,,0.58612,0.85,0.36508,0.063,0.4322,0.625,0.40384,0.563
306,,0.5538,0.825,0.33276,0.013,0.36452,0.55,0.33616,0.513
307,,0.52148,0.8,0.30044,-0.037,0.29684,0.475,0.26848,0.463
308,4,0.58516,0.87,0.36412,1.0,0.33316,0.505,0.3048,0.513
309,,0.55284,0.845,0.3318,0.95,0.26548,0.43,0.23712,0.463
310,,0.52052,0.82,0.29948,0.9,0.1978,0.355,0.16944,0.413
311,,0.4882,0.795,0.26716,0.85,0.13012,0.28,0.10176,0.363
312,,0.45588,0.77,0.23484,0.8,0.06244,0.205,0.03408,0.313
313,,0.42356,0.745,0.20252,0.75,-0.00524,0.13,-0.0336,0.263
314,7,0.49124,0.819,0.2702,0.804,0.03408,0.164,1.0,0.317
315,,0.45892,0.794,0.23788,0.754,-0.0336,0.089,0.93232,0.267
316,5,0.5266,0.868,0.30556,0.808,1.0,-0.136,0.97164,0.321
317,6,0.59528,0.943,0.37424,0.863,1.0,1.0,1.0,0.376
318,,0.56296,0.918,0.34192,0.813,0.93232,0.925,0.93232,0.326
319,,0.53064,0.893,0.3096,0.763,0.86464,0.85,0.86464,0.276
320,,0.49832,0.868,0.27728,0.713,0.79696,0.775,0.79696,0.226
321,,0.466,0.843,0.24496,0.663,0.72928,0.7,0.72928,0.176
322,,0.43368,0.818,0.21264,0.613,0.6616,0.625,0.6616,0.126
323,,0.40136,0.793,0.18032,0.563,0.59392,0.55,0.59392,0.076
324,,0.36904,0.768,0.148,0.513,0.52624,0.475,0.52624,0.026
325,,0.33672,0.743,0.11568,0.463,0.45856,0.4,0.45856,-0.024
326,8,0.4004,0.813,0.17936,0.513,0.49488,0.43,0.49488,1.0
327,,0.36808,0.788,0.14704,0.463,0.4272,0.355,0.4272,0.95
328,,0.33576,0.763,0.11472,0.413,0.35952,0.28,0.35952,0.9
329,,0.30344,0.738,0.0824,0.363,0.29184,0.205,0.29184,0.85
330,,0.27112,0.713,0.05008,0.313,0.22416,0.13,0.22416,0.8
331,,0.2388,0.688,0.01776,0.263,0.15648,0.055,0.15648,0.75
332,,0.20648,0.663,-0.01456,0.213,0.0888,-0.02,0.0888,0.7
333,6,0.27516,0.738,0.05412,0.268,0.13012,1.0,0.13012,0.755
334,,0.24284,0.713,0.0218,0.218,0.06244,0.925,0.06244,0.705
335,,0.21052,0.688,-0.01052,0.168,-0.00524,0.85,-0.00524,0.655
336,3,0.2712,0.754,1.0,0.214,0.02708,0.876,0.02708,0.701
337,,0.23888,0.729,0.96768,0.164,-0.0406,0.801,-0.0406,0.651
338,5,0.30656,0.803,1.0,0.218,1.0,0.576,-0.00128,0.705
339,7,0.37424,0.877,1.0,0.272,1.0,0.61,1.0,0.759
340,,0.34192,0.852,0.96768,0.222,0.93232,0.535,0.93232,0.709
341,,0.3096,0.827,0.93536,0.172,0.86464,0.46,0.86464,0.659
342,,0.27728,0.802,0.90304,0.122,0.79696,0.385,0.79696,0.609
343,,0.24496,0.777,0.87072,0.072,0.72928,0.31,0.72928,0.559
344,,0.21264,0.752,0.8384,0.022,0.6616,0.235,0.6616,0.509
345,,0.18032,0.727,0.80608,-0.028,0.59392,0.16,0.59392,0.459
346,4,0.244,0.797,0.86976,1.0,0.63024,0.19,0.63024,0.509
347,,0.21168,0.772,0.83744,0.95,0.56256,0.115,0.56256,0.459
348,,0.17936,0.747,0.80512,0.9,0.49488,0.04,0.49488,0.409
349,,0.14704,0.722,0.7728,0.85,0.4272,-0.035,0.4272,0.359
350,6,0.21572,0.797,0.84148,0.905,0.46852,1.0,0.46852,0.414
351,,0.1834,0.772,0.80916,0.855,0.40084,0.925,0.40084,0.364
352,,0.15108,0.747,0.77684,0.805,0.33316,0.85,0.33316,0.314
353,,0.11876,0.722,0.74452,0.755,0.26548,0.775,0.26548,0.264
354,,0.08644,0.697,0.7122,0.705,0.1978,0.7,0.1978,0.214
355,,0.05412,0.672,0.67988,0.655,0.13012,0.625,0.13012,0.164
356,,0.0218,0.647,0.64756,0.605,0.06244,0.55,0.06244,0.114
357,,-0.01052,0.622,0.61524,0.555,-0.00524,0.475,-0.00524,0.064
358,1,1.0,0.688,0.67592,0.601,0.02708,0.501,0.02708,0.11
359,,0.96768,0.663,0.6436,0.551,-0.0406,0.426,-0.0406,0.06
360,7,1.0,0.737,0.71128,0.605,-0.00128,0.46,1.0,0.114
361,5,1.0,0.811,0.77896,0.659,1.0,0.235,1.0,0.168
362,,0.96768,0.786,0.74664,0.609,0.93232,0.16,0.93232,0.118
363,,0.93536,0.761,0.71432,0.559,0.86464,0.085,0.86464,0.068
364,,0.90304,0.736,0.682,0.509,0.79696,0.01,0.79696,0.018
365,,0.87072,0.711,0.64968,0.459,0.72928,-0.065,0.72928,-0.032
366,6,0.9394,0.786,0.71836,0.514,0.7706,1.0,0.7706,0.023
367,,0.90708,0.761,0.68604,0.464,0.70292,0.925,0.70292,-0.027
368,8,0.97076,0.831,0.74972,0.514,0.73924,0.955,0.73924,1.0
369,,0.93844,0.806,0.7174,0.464,0.67156,0.88,0.67156,0.95
370,,0.90612,0.781,0.68508,0.414,0.60388,0.805,0.60388,0.9
371,,0.8738,0.756,0.65276,0.364,0.5362,0.73,0.5362,0.85
372,,0.84148,0.731,0.62044,0.314,0.46852,0.655,0.46852,0.8
373,,0.80916,0.706,0.58812,0.264,0.40084,0.58,0.40084,0.75
374,,0.77684,0.681,0.5558,0.214,0.33316,0.505,0.33316,0.7
375,,0.74452,0.656,0.52348,0.164,0.26548,0.43,0.26548,0.65
376,,0.7122,0.631,0.49116,0.114,0.1978,0.355,0.1978,0.6
377,,0.67988,0.606,0.45884,0.064,0.13012,0.28,0.13012,0.55
378,,0.64756,0.581,0.42652,0.014,0.06244,0.205,0.06244,0.5
379,,0.61524,0.556,0.3942,-0.036,-0.00524,0.13,-0.00524,0.45
380,4,0.67892,0.626,0.45788,1.0,0.03108,0.16,0.03108,0.5
381,,0.6466,0.601,0.42556,0.95,-0.0366,0.085,-0.0366,0.45
382,7,0.71428,0.675,0.49324,1.0,0.00272,0.119,1.0,0.504
383,,0.68196,0.65,0.46092,0.95,-0.06496,0.044,0.93232,0.454
384,5,0.74964,0.724,0.5286,1.0,1.0,-0.181,0.97164,0.508
385,6,0.81832,0.799,0.59728,1.0,1.0,1.0,1.0,0.563
386,,0.786,0.774,0.56496,0.95,0.93232,0.925,0.93232,0.513
387,,0.75368,0.749,0.53264,0.9,0.86464,0.85,0.86464,0.463
388,,0.72136,0.724,0.50032,0.85,0.79696,0.775,0.79696,0.413
389,,0.68904,0.699,0.468,0.8,0.72928,0.7,0.72928,0.363
390,,0.65672,0.674,0.43568,0.75,0.6616,0.625,0.6616,0.313
391,,0.6244,0.649,0.40336,0.7,0.59392,0.55,0.59392,0.263
392,,0.59208,0.624,0.37104,0.65,0.52624,0.475,0.52624,0.213
393,,0.55976,0.599,0.33872,0.6,0.45856,0.4,0.45856,0.163
394,,0.52744,0.574,0.3064,0.55,0.39088,0.325,0.39088,0.113
395,,0.49512,0.549,0.27408,0.5,0.3232,0.25,0.3232,0.063
396,,0.4628,0.524,0.24176,0.45,0.25552,0.175,0.25552,0.013
397,,0.43048,0.499,0.20944,0.4,0.18784,0.1,0.18784,-0.037
398,8,0.49416,0.569,0.27312,0.45,0.22416,0.13,0.22416,1.0
399,,0.46184,0.544,0.2408,0.4,0.15648,0.055,0.15648,0.95
400,,0.42952,0.519,0.20848,0.35,0.0888,-0.02,0.0888,0.9
401,6,0.4982,0.594,0.27716,0.405,0.13012,1.0,0.13012,0.955
402,,0.46588,0.569,0.24484,0.355,0.06244,0.925,0.06244,0.905
403,,0.43356,0.544,0.21252,0.305,-0.00524,0.85,-0.00524,0.855
404,7,0.50124,0.618,0.2802,0.359,0.03408,0.884,1.0,0.909
405,,0.46892,0.593,0.24788,0.309,-0.0336,0.809,0.93232,0.859
406,5,0.5366,0.667,0.31556,0.363,1.0,0.584,0.97164,0.913
407,,0.50428,0.642,0.28324,0.313,0.93232,0.509,0.90396,0.863
408,,0.47196,0.617,0.25092,0.263,0.86464,0.434,0.83628,0.813
409,,0.43964,0.592,0.2186,0.213,0.79696,0.359,0.7686,0.763
410,,0.40732,0.567,0.18628,0.163,0.72928,0.284,0.70092,0.713
411,,0.375,0.542,0.15396,0.113,0.6616,0.209,0.63324,0.663
412,,0.34268,0.517,0.12164,0.063,0.59392,0.134,0.56556,0.613
413,,0.31036,0.492,0.08932,0.013,0.52624,0.059,0.49788,0.563
414,,0.27804,0.467,0.057,-0.037,0.45856,-0.016,0.4302,0.513
415,4,0.34172,0.537,0.12068,1.0,0.49488,0.014,0.46652,0.563
416,,0.3094,0.512,0.08836,0.95,0.4272,-0.061,0.39884,0.513
417,6,0.37808,0.587,0.15704,1.0,0.46852,1.0,0.44016,0.568
418,,0.34576,0.562,0.12472,0.95,0.40084,0.925,0.37248,0.518
419,,0.31344,0.537,0.0924,0.9,0.33316,0.85,0.3048,0.468
420,,0.28112,0.512,0.06008,0.85,0.26548,0.775,0.23712,0.418
421,,0.2488,0.487,0.02776,0.8,0.1978,0.7,0.16944,0.368
422,,0.21648,0.462,-0.00456,0.75,0.13012,0.625,0.10176,0.318
423,3,0.27716,0.528,1.0,0.796,0.16244,0.651,0.13408,0.364
424,,0.24484,0.503,0.96768,0.746,0.09476,0.576,0.0664,0.314
425,,0.21252,0.478,0.93536,0.696,0.02708,0.501,-0.00128,0.264
426,7,0.2802,0.552,1.0,0.75,0.0664,0.535,1.0,0.318
427,,0.24788,0.527,0.96768,0.7,-0.00128,0.46,0.93232,0.268
428,5,0.31556,0.601,1.0,0.754,1.0,0.235,0.97164,0.322
429,,0.28324,0.576,0.96768,0.704,0.93232,0.16,0.90396,0.272
430,,0.25092,0.551,0.93536,0.654,0.86464,0.085,0.83628,0.222
431,,0.2186,0.526,0.90304,0.604,0.79696,0.01,0.7686,0.172
432,,0.18628,0.501,0.87072,0.554,0.72928,-0.065,0.70092,0.122
433,6,0.25496,0.576,0.9394,0.609,0.7706,1.0,0.74224,0.177
434,,0.22264,0.551,0.90708,0.559,0.70292,0.925,0.67456,0.127
435,,0.19032,0.526,0.87476,0.509,0.63524,0.85,0.60688,0.077
436,,0.158,0.501,0.84244,0.459,0.56756,0.775,0.5392,0.027
437,,0.12568,0.476,0.81012,0.409,0.49988,0.7,0.47152,-0.023
438,8,0.18936,0.546,0.8738,0.459,0.5362,0.73,0.50784,1.0
439,,0.15704,0.521,0.84148,0.409,0.46852,0.655,0.44016,0.95
440,,0.12472,0.496,0.80916,0.359,0.40084,0.58,0.37248,0.9
441,,0.0924,0.471,0.77684,0.309,0.33316,0.505,0.3048,0.85
442,,0.06008,0.446,0.74452,0.259,0.26548,0.43,0.23712,0.8
443,,0.02776,0.421,0.7122,0.209,0.1978,0.355,0.16944,0.75
444,,-0.00456,0.396,0.67988,0.159,0.13012,0.28,0.10176,0.7
445,1,1.0,0.462,0.74056,0.205,0.16244,0.306,0.13408,0.746
446,,0.96768,0.437,0.70824,0.155,0.09476,0.231,0.0664,0.696
447,,0.93536,0.412,0.67592,0.105,0.02708,0.156,-0.00128,0.646
448,7,1.0,0.486,0.7436,0.159,0.0664,0.19,1.0,0.7
449,,0.96768,0.461,0.71128,0.109,-0.00128,0.115,0.93232,0.65
450,5,1.0,0.535,0.77896,0.163,1.0,-0.11,0.97164,0.704
451,6,1.0,0.61,0.84764,0.218,1.0,1.0,1.0,0.759
452,,0.96768,0.585,0.81532,0.168,0.93232,0.925,0.93232,0.709
453,,0.93536,0.56,0.783,0.118,0.86464,0.85,0.86464,0.659
454,,0.90304,0.535,0.75068,0.068,0.79696,0.775,0.79696,0.609
455,,0.87072,0.51,0.71836,0.018,0.72928,0.7,0.72928,0.559
456,,0.8384,0.485,0.68604,-0.032,0.6616,0.625,0.6616,0.509
457,4,0.90208,0.555,0.74972,1.0,0.69792,0.655,0.69792,0.559
458,,0.86976,0.53,0.7174,0.95,0.63024,0.58,0.63024,0.509
459,,0.83744,0.505,0.68508,0.9,0.56256,0.505,0.56256,0.459
460,,0.80512,0.48,0.65276,0.85,0.49488,0.43,0.49488,0.409
461,,0.7728,0.455,0.62044,0.8,0.4272,0.355,0.4272,0.359
462,,0.74048,0.43,0.58812,0.75,0.35952,0.28,0.35952,0.309
463,,0.70816,0.405,0.5558,0.7,0.29184,0.205,0.29184,0.259
464,,0.67584,0.38,0.52348,0.65,0.22416,0.13,0.22416,0.209
465,,0.64352,0.355,0.49116,0.6,0.15648,0.055,0.15648,0.159
466,,0.6112,0.33,0.45884,0.55,0.0888,-0.02,0.0888,0.109
467,6,0.67988,0.405,0.52752,0.605,0.13012,1.0,0.13012,0.164
468,,0.64756,0.38,0.4952,0.555,0.06244,0.925,0.06244,0.114
469,,0.61524,0.355,0.46288,0.505,-0.00524,0.85,-0.00524,0.064
470,7,0.68292,0.429,0.53056,0.559,0.03408,0.884,1.0,0.118
471,,0.6506,0.404,0.49824,0.509,-0.0336,0.809,0.93232,0.068
472,5,0.71828,0.478,0.56592,0.563,1.0,0.584,0.97164,0.122
473,,0.68596,0.453,0.5336,0.513,0.93232,0.509,0.90396,0.072
474,,0.65364,0.428,0.50128,0.463,0.86464,0.434,0.83628,0.022
475,,0.62132,0.403,0.46896,0.413,0.79696,0.359,0.7686,-0.028
476,8,0.685,0.473,0.53264,0.463,0.83328,0.389,0.80492,1.0
477,,0.65268,0.448,0.50032,0.413,0.7656,0.314,0.73724,0.95
478,,0.62036,0.423,0.468,0.363,0.69792,0.239,0.66956,0.9
479,,0.58804,0.398,0.43568,0.313,0.63024,0.164,0.60188,0.85
480,,0.55572,0.373,0.40336,0.263,0.56256,0.089,0.5342,0.8
481,,0.5234,0.348,0.37104,0.213,0.49488,0.014,0.46652,0.75
482,,0.49108,0.323,0.33872,0.163,0.4272,-0.061,0.39884,0.7
483,6,0.55976,0.398,0.4074,0.218,0.46852,1.0,0.44016,0.755
484,,0.52744,0.373,0.37508,0.168,0.40084,0.925,0.37248,0.705
485,,0.49512,0.348,0.34276,0.118,0.33316,0.85,0.3048,0.655
486,,0.4628,0.323,0.31044,0.068,0.26548,0.775,0.23712,0.605
487,,0.43048,0.298,0.27812,0.018,0.1978,0.7,0.16944,0.555
488,,0.39816,0.273,0.2458,-0.032,0.13012,0.625,0.10176,0.505
489,4,0.46184,0.343,0.30948,1.0,0.16644,0.655,0.13808,0.555
490,,0.42952,0.318,0.27716,0.95,0.09876,0.58,0.0704,0.505
491,,0.3972,0.293,0.24484,0.9,0.03108,0.505,0.00272,0.455
492,,0.36488,0.268,0.21252,0.85,-0.0366,0.43,-0.06496,0.405
493,7,0.43256,0.342,0.2802,0.904,0.00272,0.464,1.0,0.459
494,,0.40024,0.317,0.24788,0.854,-0.06496,0.389,0.93232,0.409
495,5,0.46792,0.391,0.31556,0.908,1.0,0.164,0.97164,0.463
496,,0.4356,0.366,0.28324,0.858,0.93232,0.089,0.90396,0.413
497,,0.40328,0.341,0.25092,0.808,0.86464,0.014,0.83628,0.363
498,,0.37096,0.316,0.2186,0.758,0.79696,-0.061,0.7686,0.313
499,6,0.43964,0.391,0.28728,0.813,0.83828,1.0,0.80992,0.368
500,,0.40732,0.366,0.25496,0.763,0.7706,0.925,0.74224,0.318
501,,0.375,0.341,0.22264,0.713,0.70292,0.85,0.67456,0.268
502,,0.34268,0.316,0.19032,0.663,0.63524,0.775,0.60688,0.218
503,,0.31036,0.291,0.158,0.613,0.56756,0.7,0.5392,0.168
504,,0.27804,0.266,0.12568,0.563,0.49988,0.625,0.47152,0.118
505,,0.24572,0.241,0.09336,0.513,0.4322,0.55,0.40384,0.068
506,,0.2134,0.216,0.06104,0.463,0.36452,0.475,0.33616,0.018
507,,0.18108,0.191,0.02872,0.413,0.29684,0.4,0.26848,-0.032
508,8,0.24476,0.261,0.0924,0.463,0.33316,0.43,0.3048,1.0
509,,0.21244,0.236,0.06008,0.413,0.26548,0.355,0.23712,0.95
510,,0.18012,0.211,0.02776,0.363,0.1978,0.28,0.16944,0.9
511,,0.1478,0.186,-0.00456,0.313,0.13012,0.205,0.10176,0.85
512,3,0.20848,0.252,1.0,0.359,0.16244,0.231,0.13408,0.896
513,,0.17616,0.227,0.96768,0.309,0.09476,0.156,0.0664,0.846
514,,0.14384,0.202,0.93536,0.259,0.02708,0.081,-0.00128,0.796
515,7,0.21152,0.276,1.0,0.313,0.0664,0.115,1.0,0.85
516,,0.1792,0.251,0.96768,0.263,-0.00128,0.04,0.93232,0.8
517,5,0.24688,0.325,1.0,0.317,1.0,-0.185,0.97164,0.854
518,6,0.31556,0.4,1.0,0.372,1.0,1.0,1.0,0.909
519,,0.28324,0.375,0.96768,0.322,0.93232,0.925,0.93232,0.859
520,,0.25092,0.35,0.93536,0.272,0.86464,0.85,0.86464,0.809
521,,0.2186,0.325,0.90304,0.222,0.79696,0.775,0.79696,0.759
522,,0.18628,0.3,0.87072,0.172,0.72928,0.7,0.72928,0.709
523,,0.15396,0.275,0.8384,0.122,0.6616,0.625,0.6616,0.659
524,,0.12164,0.25,0.80608,0.072,0.59392,0.55,0.59392,0.609
525,,0.08932,0.225,0.77376,0.022,0.52624,0.475,0.52624,0.559
526,,0.057,0.2,0.74144,-0.028,0.45856,0.4,0.45856,0.509
527,4,0.12068,0.27,0.80512,1.0,0.49488,0.43,0.49488,0.559
528,,0.08836,0.245,0.7728,0.95,0.4272,0.355,0.4272,0.509
529,,0.05604,0.22,0.74048,0.9,0.35952,0.28,0.35952,0.459
530,,0.02372,0.195,0.70816,0.85,0.29184,0.205,0.29184,0.409
531,,-0.0086,0.17,0.67584,0.8,0.22416,0.13,0.22416,0.359
532,1,1.0,0.236,0.73652,0.846,0.25648,0.156,0.25648,0.405
533,,0.96768,0.211,0.7042,0.796,0.1888,0.081,0.1888,0.355
534,,0.93536,0.186,0.67188,0.746,0.12112,0.006,0.12112,0.305
535,,0.90304,0.161,0.63956,0.696,0.05344,-0.069,0.05344,0.255
536,6,0.97172,0.236,0.70824,0.751,0.09476,1.0,0.09476,0.31
537,,0.9394,0.211,0.67592,0.701,0.02708,0.925,0.02708,0.26
538,,0.90708,0.186,0.6436,0.651,-0.0406,0.85,-0.0406,0.21
539,7,0.97476,0.26,0.71128,0.705,-0.00128,0.884,1.0,0.264
540,5,1.0,0.334,0.77896,0.759,1.0,0.659,1.0,0.318
541,,0.96768,0.309,0.74664,0.709,0.93232,0.584,0.93232,0.268
542,,0.93536,0.284,0.71432,0.659,0.86464,0.509,0.86464,0.218
543,,0.90304,0.259,0.682,0.609,0.79696,0.434,0.79696,0.168
544,,0.87072,0.234,0.64968,0.559,0.72928,0.359,0.72928,0.118
545,,0.8384,0.209,0.61736,0.509,0.6616,0.284,0.6616,0.068
546,,0.80608,0.184,0.58504,0.459,0.59392,0.209,0.59392,0.018
547,,0.77376,0.159,0.55272,0.409,0.52624,0.134,0.52624,-0.032
548,8,0.83744,0.229,0.6164,0.459,0.56256,0.164,0.56256,1.0
549,,0.80512,0.204,0.58408,0.409,0.49488,0.089,0.49488,0.95
550,,0.7728,0.179,0.55176,0.359,0.4272,0.014,0.4272,0.9
551,,0.74048,0.154,0.51944,0.309,0.35952,-0.061,0.35952,0.85
552,6,0.80916,0.229,0.58812,0.364,0.40084,1.0,0.40084,0.905
553,,0.77684,0.204,0.5558,0.314,0.33316,0.925,0.33316,0.855
554,,0.74452,0.179,0.52348,0.264,0.26548,0.85,0.26548,0.805
555,,0.7122,0.154,0.49116,0.214,0.1978,0.775,0.1978,0.755
556,,0.67988,0.129,0.45884,0.164,0.13012,0.7,0.13012,0.705
557,,0.64756,0.104,0.42652,0.114,0.06244,0.625,0.06244,0.655
558,,0.61524,0.079,0.3942,0.064,-0.00524,0.55,-0.00524,0.605
559,7,0.68292,0.153,0.46188,0.118,0.03408,0.584,1.0,0.659
560,,0.6506,0.128,0.42956,0.068,-0.0336,0.509,0.93232,0.609
561,5,0.71828,0.202,0.49724,0.122,1.0,0.284,0.97164,0.663
562,,0.68596,0.177,0.46492,0.072,0.93232,0.209,0.90396,0.613
563,,0.65364,0.152,0.4326,0.022,0.86464,0.134,0.83628,0.563
564,,0.62132,0.127,0.40028,-0.028,0.79696,0.059,0.7686,0.513
565,4,0.685,0.197,0.46396,1.0,0.83328,0.089,0.80492,0.563
566,,0.65268,0.172,0.43164,0.95,0.7656,0.014,0.73724,0.513
567,,0.62036,0.147,0.39932,0.9,0.69792,-0.061,0.66956,0.463
568,6,0.68904,0.222,0.468,0.955,0.73924,1.0,0.71088,0.518
569,,0.65672,0.197,0.43568,0.905,0.67156,0.925,0.6432,0.468
570,,0.6244,0.172,0.40336,0.855,0.60388,0.85,0.57552,0.418
571,,0.59208,0.147,0.37104,0.805,0.5362,0.775,0.50784,0.368
572,,0.55976,0.122,0.33872,0.755,0.46852,0.7,0.44016,0.318
573,,0.52744,0.097,0.3064,0.705,0.40084,0.625,0.37248,0.268
574,,0.49512,0.072,0.27408,0.655,0.33316,0.55,0.3048,0.218
575,,0.4628,0.047,0.24176,0.605,0.26548,0.475,0.23712,0.168
576,,0.43048,0.022,0.20944,0.555,0.1978,0.4,0.16944,0.118
577,,0.39816,-0.003,0.17712,0.505,0.13012,0.325,0.10176,0.068
578,2,0.45684,1.0,0.2358,0.55,0.16144,0.35,0.13308,0.113
579,,0.42452,0.975,0.20348,0.5,0.09376,0.275,0.0654,0.063
580,,0.3922,0.95,0.17116,0.45,0.02608,0.2,-0.00228,0.013
581,7,0.45988,1.0,0.23884,0.504,0.0654,0.234,1.0,0.067
582,,0.42756,0.975,0.20652,0.454,-0.00228,0.159,0.93232,0.017
583,5,0.49524,1.0,0.2742,0.508,1.0,-0.066,0.97164,0.071
584,6,0.56392,1.0,0.34288,0.563,1.0,1.0,1.0,0.126
585,,0.5316,0.975,0.31056,0.513,0.93232,0.925,0.93232,0.076
586,,0.49928,0.95,0.27824,0.463,0.86464,0.85,0.86464,0.026
587,,0.46696,0.925,0.24592,0.413,0.79696,0.775,0.79696,-0.024
588,8,0.53064,0.995,0.3096,0.463,0.83328,0.805,0.83328,1.0
589,,0.49832,0.97,0.27728,0.413,0.7656,0.73,0.7656,0.95
590,,0.466,0.945,0.24496,0.363,0.69792,0.655,0.69792,0.9
591,,0.43368,0.92,0.21264,0.313,0.63024,0.58,0.63024,0.85
592,,0.40136,0.895,0.18032,0.263,0.56256,0.505,0.56256,0.8
593,,0.36904,0.87,0.148,0.213,0.49488,0.43,0.49488,0.75
594,,0.33672,0.845,0.11568,0.163,0.4272,0.355,0.4272,0.7
595,,0.3044,0.82,0.08336,0.113,0.35952,0.28,0.35952,0.65
596,,0.27208,0.795,0.05104,0.063,0.29184,0.205,0.29184,0.6
597,,0.23976,0.77,0.01872,0.013,0.22416,0.13,0.22416,0.55
598,,0.20744,0.745,-0.0136,-0.037,0.15648,0.055,0.15648,0.5
599,4,0.27112,0.815,0.05008,1.0,0.1928,0.085,0.1928,0.55
600,,0.2388,0.79,0.01776,0.95,0.12512,0.01,0.12512,0.5
601,,0.20648,0.765,-0.01456,0.9,0.05744,-0.065,0.05744,0.45
602,6,0.27516,0.84,0.05412,0.955,0.09876,1.0,0.09876,0.505
603,,0.24284,0.815,0.0218,0.905,0.03108,0.925,0.03108,0.455
604,,0.21052,0.79,-0.01052,0.855,-0.0366,0.85,-0.0366,0.405
605,7,0.2782,0.864,0.05716,0.909,0.00272,0.884,1.0,0.459
606,,0.24588,0.839,0.02484,0.859,-0.06496,0.809,0.93232,0.409
607,5,0.31356,0.913,0.09252,0.913,1.0,0.584,0.97164,0.463
608,,0.28124,0.888,0.0602,0.863,0.93232,0.509,0.90396,0.413
609,,0.24892,0.863,0.02788,0.813,0.86464,0.434,0.83628,0.363
610,,0.2166,0.838,-0.00444,0.763,0.79696,0.359,0.7686,0.313
611,3,0.27728,0.904,1.0,0.809,0.82928,0.385,0.80092,0.359
612,,0.24496,0.879,0.96768,0.759,0.7616,0.31,0.73324,0.309
613,,0.21264,0.854,0.93536,0.709,0.69392,0.235,0.66556,0.259
614,,0.18032,0.829,0.90304,0.659,0.62624,0.16,0.59788,0.209
615,,0.148,0.804,0.87072,0.609,0.55856,0.085,0.5302,0.159
616,,0.11568,0.779,0.8384,0.559,0.49088,0.01,0.46252,0.109
617,,0.08336,0.754,0.80608,0.509,0.4232,-0.065,0.39484,0.059
618,6,0.15204,0.829,0.87476,0.564,0.46452,1.0,0.43616,0.114
619,,0.11972,0.804,0.84244,0.514,0.39684,0.925,0.36848,0.064
620,,0.0874,0.779,0.81012,0.464,0.32916,0.85,0.3008,0.014
621,,0.05508,0.754,0.7778,0.414,0.26148,0.775,0.23312,-0.036
622,8,0.11876,0.824,0.84148,0.464,0.2978,0.805,0.26944,1.0
623,,0.08644,0.799,0.80916,0.414,0.23012,0.73,0.20176,0.95
624,,0.05412,0.774,0.77684,0.364,0.16244,0.655,0.13408,0.9
625,,0.0218,0.749,0.74452,0.314,0.09476,0.58,0.0664,0.85
626,,-0.01052,0.724,0.7122,0.264,0.02708,0.505,-0.00128,0.8
627,1,1.0,0.79,0.77288,0.31,0.0594,0.531,0.03104,0.846
628,,0.96768,0.765,0.74056,0.26,-0.00828,0.456,-0.03664,0.796
629,7,1.0,0.839,0.80824,0.314,0.03104,0.49,1.0,0.85
630,,0.96768,0.814,0.77592,0.264,-0.03664,0.415,0.93232,0.8
631,5,1.0,0.888,0.8436,0.318,1.0,0.19,0.97164,0.854
632,,0.96768,0.863,0.81128,0.268,0.93232,0.115,0.90396,0.804
633,,0.93536,0.838,0.77896,0.218,0.86464,0.04,0.83628,0.754
634,,0.90304,0.813,0.74664,0.168,0.79696,-0.035,0.7686,0.704
635,6,0.97172,0.888,0.81532,0.223,0.83828,1.0,0.80992,0.759
636,,0.9394,0.863,0.783,0.173,0.7706,0.925,0.74224,0.709
637,,0.90708,0.838,0.75068,0.123,0.70292,0.85,0.67456,0.659
638,,0.87476,0.813,0.71836,0.073,0.63524,0.775,0.60688,0.609
639,,0.84244,0.788,0.68604,0.023,0.56756,0.7,0.5392,0.559
640,,0.81012,0.763,0.65372,-0.027,0.49988,0.625,0.47152,0.509
641,4,0.8738,0.833,0.7174,1.0,0.5362,0.655,0.50784,0.559
642,,0.84148,0.808,0.68508,0.95,0.46852,0.58,0.44016,0.509
643,,0.80916,0.783,0.65276,0.9,0.40084,0.505,0.37248,0.459
644,,0.77684,0.758,0.62044,0.85,0.33316,0.43,0.3048,0.409
645,,0.74452,0.733,0.58812,0.8,0.26548,0.355,0.23712,0.359
646,,0.7122,0.708,0.5558,0.75,0.1978,0.28,0.16944,0.309
647,,0.67988,0.683,0.52348,0.7,0.13012,0.205,0.10176,0.259
648,,0.64756,0.658,0.49116,0.65,0.06244,0.13,0.03408,0.209
649,,0.61524,0.633,0.45884,0.6,-0.00524,0.055,-0.0336,0.159
650,7,0.68292,0.707,0.52652,0.654,0.03408,0.089,1.0,0.213
651,,0.6506,0.682,0.4942,0.604,-0.0336,0.014,0.93232,0.163
652,5,0.71828,0.756,0.56188,0.658,1.0,-0.211,0.97164,0.217
653,6,0.78696,0.831,0.63056,0.713,1.0,1.0,1.0,0.272
654,,0.75464,0.806,0.59824,0.663,0.93232,0.925,0.93232,0.222
655,,0.72232,0.781,0.56592,0.613,0.86464,0.85,0.86464,0.172
656,,0.69,0.756,0.5336,0.563,0.79696,0.775,0.79696,0.122
657,,0.65768,0.731,0.50128,0.513,0.72928,0.7,0.72928,0.072
658,,0.62536,0.706,0.46896,0.463,0.6616,0.625,0.6616,0.022
659,,0.59304,0.681,0.43664,0.413,0.59392,0.55,0.59392,-0.028
660,8,0.65672,0.751,0.50032,0.463,0.63024,0.58,0.63024,1.0
661,,0.6244,0.726,0.468,0.413,0.56256,0.505,0.56256,0.95
662,,0.59208,0.701,0.43568,0.363,0.49488,0.43,0.49488,0.9
663,,0.55976,0.676,0.40336,0.313,0.4272,0.355,0.4272,0.85
664,,0.52744,0.651,0.37104,0.263,0.35952,0.28,0.35952,0.8
665,,0.49512,0.626,0.33872,0.213,0.29184,0.205,0.29184,0.75
666,,0.4628,0.601,0.3064,0.163,0.22416,0.13,0.22416,0.7
667,,0.43048,0.576,0.27408,0.113,0.15648,0.055,0.15648,0.65
668,,0.39816,0.551,0.24176,0.063,0.0888,-0.02,0.0888,0.6
669,6,0.46684,0.626,0.31044,0.118,0.13012,1.0,0.13012,0.655
670,,0.43452,0.601,0.27812,0.068,0.06244,0.925,0.06244,0.605
671,,0.4022,0.576,0.2458,0.018,-0.00524,0.85,-0.00524,0.555
672,7,0.46988,0.65,0.31348,0.072,0.03408,0.884,1.0,0.609
673,,0.43756,0.625,0.28116,0.022,-0.0336,0.809,0.93232,0.559
674,5,0.50524,0.699,0.34884,0.076,1.0,0.584,0.97164,0.613
675,,0.47292,0.674,0.31652,0.026,0.93232,0.509,0.90396,0.563
676,,0.4406,0.649,0.2842,-0.024,0.86464,0.434,0.83628,0.513
677,4,0.50428,0.719,0.34788,1.0,0.90096,0.464,0.8726,0.563
678,,0.47196,0.694,0.31556,0.95,0.83328,0.389,0.80492,0.513
679,,0.43964,0.669,0.28324,0.9,0.7656,0.314,0.73724,0.463
680,,0.40732,0.644,0.25092,0.85,0.69792,0.239,0.66956,0.413
681,,0.375,0.619,0.2186,0.8,0.63024,0.164,0.60188,0.363
682,,0.34268,0.594,0.18628,0.75,0.56256,0.089,0.5342,0.313
683,,0.31036,0.569,0.15396,0.7,0.49488,0.014,0.46652,0.263
684,,0.27804,0.544,0.12164,0.65,0.4272,-0.061,0.39884,0.213
685,6,0.34672,0.619,0.19032,0.705,0.46852,1.0,0.44016,0.268
686,,0.3144,0.594,0.158,0.655,0.40084,0.925,0.37248,0.218
687,,0.28208,0.569,0.12568,0.605,0.33316,0.85,0.3048,0.168
688,,0.24976,0.544,0.09336,0.555,0.26548,0.775,0.23712,0.118
689,,0.21744,0.519,0.06104,0.505,0.1978,0.7,0.16944,0.068
690,,0.18512,0.494,0.02872,0.455,0.13012,0.625,0.10176,0.018
691,,0.1528,0.469,-0.0036,0.405,0.06244,0.55,0.03408,-0.032
692,8,0.21648,0.539,0.06008,0.455,0.09876,0.58,0.0704,1.0
693,,0.18416,0.514,0.02776,0.405,0.03108,0.505,0.00272,0.95
694,,0.15184,0.489,-0.00456,0.355,-0.0366,0.43,-0.06496,0.9
695,7,0.21952,0.563,0.06312,0.409,0.00272,0.464,1.0,0.954
696,,0.1872,0.538,0.0308,0.359,-0.06496,0.389,0.93232,0.904
697,5,0.25488,0.612,0.09848,0.413,1.0,0.164,0.97164,0.958
698,,0.22256,0.587,0.06616,0.363,0.93232,0.089,0.90396,0.908
699,,0.19024,0.562,0.03384,0.313,0.86464,0.014,0.83628,0.858
700,,0.15792,0.537,0.00152,0.263,0.79696,-0.061,0.7686,0.808
701,6,0.2266,0.612,0.0702,0.318,0.83828,1.0,0.80992,0.863
702,,0.19428,0.587,0.03788,0.268,0.7706,0.925,0.74224,0.813
703,,0.16196,0.562,0.00556,0.218,0.70292,0.85,0.67456,0.763
704,,0.12964,0.537,-0.02676,0.168,0.63524,0.775,0.60688,0.713
705,3,0.19032,0.603,1.0,0.214,0.66756,0.801,0.6392,0.759
706,,0.158,0.578,0.96768,0.164,0.59988,0.726,0.57152,0.709
707,,0.12568,0.553,0.93536,0.114,0.5322,0.651,0.50384,0.659
708,,0.09336,0.528,0.90304,0.064,0.46452,0.576,0.43616,0.609
709,,0.06104,0.503,0.87072,0.014,0.39684,0.501,0.36848,0.559
710,,0.02872,0.478,0.8384,-0.036,0.32916,0.426,0.3008,0.509
711,4,0.0924,0.548,0.90208,1.0,0.36548,0.456,0.33712,0.559
712,,0.06008,0.523,0.86976,0.95,0.2978,0.381,0.26944,0.509
713,,0.02776,0.498,0.83744,0.9,0.23012,0.306,0.20176,0.459
714,,-0.00456,0.473,0.80512,0.85,0.16244,0.231,0.13408,0.409
715,1,1.0,0.539,0.8658,0.896,0.19476,0.257,0.1664,0.455
716,,0.96768,0.514,0.83348,0.846,0.12708,0.182,0.09872,0.405
717,,0.93536,0.489,0.80116,0.796,0.0594,0.107,0.03104,0.355
718,,0.90304,0.464,0.76884,0.746,-0.00828,0.032,-0.03664,0.305
719,7,0.97072,0.538,0.83652,0.8,0.03104,0.066,1.0,0.359
720,,0.9384,0.513,0.8042,0.75,-0.03664,-0.009,0.93232,0.309
721,5,1.0,0.587,0.87188,0.804,1.0,-0.234,0.97164,0.363
722,6,1.0,0.662,0.94056,0.859,1.0,1.0,1.0,0.418
723,,0.96768,0.637,0.90824,0.809,0.93232,0.925,0.93232,0.368
724,,0.93536,0.612,0.87592,0.759,0.86464,0.85,0.86464,0.318
725,,0.90304,0.587,0.8436,0.709,0.79696,0.775,0.79696,0.268
726,,0.87072,0.562,0.81128,0.659,0.72928,0.7,0.72928,0.218
727,,0.8384,0.537,0.77896,0.609,0.6616,0.625,0.6616,0.168
728,,0.80608,0.512,0.74664,0.559,0.59392,0.55,0.59392,0.118
729,,0.77376,0.487,0.71432,0.509,0.52624,0.475,0.52624,0.068
730,,0.74144,0.462,0.682,0.459,0.45856,0.4,0.45856,0.018
731,,0.70912,0.437,0.64968,0.409,0.39088,0.325,0.39088,-0.032
732,8,0.7728,0.507,0.71336,0.459,0.4272,0.355,0.4272,1.0
733,,0.74048,0.482,0.68104,0.409,0.35952,0.28,0.35952,0.95
734,,0.70816,0.457,0.64872,0.359,0.29184,0.205,0.29184,0.9
735,,0.67584,0.432,0.6164,0.309,0.22416,0.13,0.22416,0.85
736,,0.64352,0.407,0.58408,0.259,0.15648,0.055,0.15648,0.8
737,,0.6112,0.382,0.55176,0.209,0.0888,-0.02,0.0888,0.75
738,6,0.67988,0.457,0.62044,0.264,0.13012,1.0,0.13012,0.805
739,,0.64756,0.432,0.58812,0.214,0.06244,0.925,0.06244,0.755
740,,0.61524,0.407,0.5558,0.164,-0.00524,0.85,-0.00524,0.705
741,5,0.68292,0.481,0.62348,0.218,1.0,0.625,0.03408,0.759
742,,0.6506,0.456,0.59116,0.168,0.93232,0.55,-0.0336,0.709
743,7,0.71828,0.53,0.65884,0.222,0.97164,0.584,1.0,0.763
744,,0.68596,0.505,0.62652,0.172,0.90396,0.509,0.93232,0.713
745,,0.65364,0.48,0.5942,0.122,0.83628,0.434,0.86464,0.663
746,,0.62132,0.455,0.56188,0.072,0.7686,0.359,0.79696,0.613
747,,0.589,0.43,0.52956,0.022,0.70092,0.284,0.72928,0.563
748,,0.55668,0.405,0.49724,-0.028,0.63324,0.209,0.6616,0.513
749,4,0.62036,0.475,0.56092,1.0,0.66956,0.239,0.69792,0.563
750,,0.58804,0.45,0.5286,0.95,0.60188,0.164,0.63024,0.513
751,,0.55572,0.425,0.49628,0.9,0.5342,0.089,0.56256,0.463
752,,0.5234,0.4,0.46396,0.85,0.46652,0.014,0.49488,0.413
753,,0.49108,0.375,0.43164,0.8,0.39884,-0.061,0.4272,0.363
754,6,0.55976,0.45,0.50032,0.855,0.44016,1.0,0.46852,0.418
755,,0.52744,0.425,0.468,0.805,0.37248,0.925,0.40084,0.368
756,,0.49512,0.4,0.43568,0.755,0.3048,0.85,0.33316,0.318
757,,0.4628,0.375,0.40336,0.705,0.23712,0.775,0.26548,0.268
758,,0.43048,0.35,0.37104,0.655,0.16944,0.7,0.1978,0.218
759,,0.39816,0.325,0.33872,0.605,0.10176,0.625,0.13012,0.168
760,,0.36584,0.3,0.3064,0.555,0.03408,0.55,0.06244,0.118
761,,0.33352,0.275,0.27408,0.505,-0.0336,0.475,-0.00524,0.068
762,5,0.4012,0.349,0.34176,0.559,1.0,0.25,0.03408,0.122
763,,0.36888,0.324,0.30944,0.509,0.93232,0.175,-0.0336,0.072
764,7,0.43656,0.398,0.37712,0.563,0.97164,0.209,1.0,0.126
765,,0.40424,0.373,0.3448,0.513,0.90396,0.134,0.93232,0.076
766,,0.37192,0.348,0.31248,0.463,0.83628,0.059,0.86464,0.026
767,,0.3396,0.323,0.28016,0.413,0.7686,-0.016,0.79696,-0.024
768,8,0.40328,0.393,0.34384,0.463,0.80492,0.014,0.83328,1.0
769,,0.37096,0.368,0.31152,0.413,0.73724,-0.061,0.7656,0.95
770,6,0.43964,0.443,0.3802,0.468,0.77856,1.0,0.80692,1.0
771,,0.40732,0.418,0.34788,0.418,0.71088,0.925,0.73924,0.95
772,,0.375,0.393,0.31556,0.368,0.6432,0.85,0.67156,0.9
773,,0.34268,0.368,0.28324,0.318,0.57552,0.775,0.60388,0.85
774,,0.31036,0.343,0.25092,0.268,0.50784,0.7,0.5362,0.8
775,,0.27804,0.318,0.2186,0.218,0.44016,0.625,0.46852,0.75
776,,0.24572,0.293,0.18628,0.168,0.37248,0.55,0.40084,0.7
777,,0.2134,0.268,0.15396,0.118,0.3048,0.475,0.33316,0.65
778,,0.18108,0.243,0.12164,0.068,0.23712,0.4,0.26548,0.6
779,,0.14876,0.218,0.08932,0.018,0.16944,0.325,0.1978,0.55
780,,0.11644,0.193,0.057,-0.032,0.10176,0.25,0.13012,0.5
781,4,0.18012,0.263,0.12068,1.0,0.13808,0.28,0.16644,0.55
782,,0.1478,0.238,0.08836,0.95,0.0704,0.205,0.09876,0.5
783,,0.11548,0.213,0.05604,0.9,0.00272,0.13,0.03108,0.45
784,,0.08316,0.188,0.02372,0.85,-0.06496,0.055,-0.0366,0.4
785,5,0.15084,0.262,0.0914,0.904,1.0,-0.17,0.00272,0.454
786,6,0.21952,0.337,0.16008,0.959,1.0,1.0,0.04404,0.509
787,,0.1872,0.312,0.12776,0.909,0.93232,0.925,-0.02364,0.459
788,7,0.25488,0.386,0.19544,0.963,0.97164,0.959,1.0,0.513
789,,0.22256,0.361,0.16312,0.913,0.90396,0.884,0.93232,0.463
790,,0.19024,0.336,0.1308,0.863,0.83628,0.809,0.86464,0.413
791,,0.15792,0.311,0.09848,0.813,0.7686,0.734,0.79696,0.363
792,,0.1256,0.286,0.06616,0.763,0.70092,0.659,0.72928,0.313
793,,0.09328,0.261,0.03384,0.713,0.63324,0.584,0.6616,0.263
794,,0.06096,0.236,0.00152,0.663,0.56556,0.509,0.59392,0.213
795,,0.02864,0.211,-0.0308,0.613,0.49788,0.434,0.52624,0.163
796,3,0.08932,0.277,1.0,0.659,0.5302,0.46,0.55856,0.209
797,,0.057,0.252,0.96768,0.609,0.46252,0.385,0.49088,0.159
798,,0.02468,0.227,0.93536,0.559,0.39484,0.31,0.4232,0.109
799,,-0.00764,0.202,0.90304,0.509,0.32716,0.235,0.35552,0.059
800,1,1.0,0.268,0.96372,0.555,0.35948,0.261,0.38784,0.105
801,,0.96768,0.243,0.9314,0.505,0.2918,0.186,0.32016,0.055
802,,0.93536,0.218,0.89908,0.455,0.22412,0.111,0.25248,0.005
803,,0.90304,0.193,0.86676,0.405,0.15644,0.036,0.1848,-0.045
804,8,0.96672,0.263,0.93044,0.455,0.19276,0.066,0.22112,1.0
805,,0.9344,0.238,0.89812,0.405,0.12508,-0.009,0.15344,0.95
806,6,1.0,0.313,0.9668,0.46,0.1664,1.0,0.19476,1.0
807,,0.96768,0.288,0.93448,0.41,0.09872,0.925,0.12708,0.95
808,,0.93536,0.263,0.90216,0.36,0.03104,0.85,0.0594,0.9
809,,0.90304,0.238,0.86984,0.31,-0.03664,0.775,-0.00828,0.85
810,5,0.97072,0.312,0.93752,0.364,1.0,0.55,0.03104,0.904
811,,0.9384,0.287,0.9052,0.314,0.93232,0.475,-0.03664,0.854
812,7,1.0,0.361,0.97288,0.368,0.97164,0.509,1.0,0.908
813,,0.96768,0.336,0.94056,0.318,0.90396,0.434,0.93232,0.858
814,,0.93536,0.311,0.90824,0.268,0.83628,0.359,0.86464,0.808
815,,0.90304,0.286,0.87592,0.218,0.7686,0.284,0.79696,0.758
816,,0.87072,0.261,0.8436,0.168,0.70092,0.209,0.72928,0.708
817,,0.8384,0.236,0.81128,0.118,0.63324,0.134,0.6616,0.658
818,,0.80608,0.211,0.77896,0.068,0.56556,0.059,0.59392,0.608
819,,0.77376,0.186,0.74664,0.018,0.49788,-0.016,0.52624,0.558
820,6,0.84244,0.261,0.81532,0.073,0.5392,1.0,0.56756,0.613
821,,0.81012,0.236,0.783,0.023,0.47152,0.925,0.49988,0.563
822,,0.7778,0.211,0.75068,-0.027,0.40384,0.85,0.4322,0.513
823,4,0.84148,0.281,0.81436,1.0,0.44016,0.88,0.46852,0.563
824,,0.80916,0.256,0.78204,0.95,0.37248,0.805,0.40084,0.513
825,,0.77684,0.231,0.74972,0.9,0.3048,0.73,0.33316,0.463
826,,0.74452,0.206,0.7174,0.85,0.23712,0.655,0.26548,0.413
827,,0.7122,0.181,0.68508,0.8,0.16944,0.58,0.1978,0.363
828,,0.67988,0.156,0.65276,0.75,0.10176,0.505,0.13012,0.313
829,,0.64756,0.131,0.62044,0.7,0.03408,0.43,0.06244,0.263
830,,0.61524,0.106,0.58812,0.65,-0.0336,0.355,-0.00524,0.213
831,5,0.68292,0.18,0.6558,0.704,1.0,0.13,0.03408,0.267
832,,0.6506,0.155,0.62348,0.654,0.93232,0.055,-0.0336,0.217
833,7,0.71828,0.229,0.69116,0.708,0.97164,0.089,1.0,0.271
834,,0.68596,0.204,0.65884,0.658,0.90396,0.014,0.93232,0.221
835,,0.65364,0.179,0.62652,0.608,0.83628,-0.061,0.86464,0.171
836,6,0.72232,0.254,0.6952,0.663,0.8776,1.0,0.90596,0.226
837,,0.69,0.229,0.66288,0.613,0.80992,0.925,0.83828,0.176
838,,0.65768,0.204,0.63056,0.563,0.74224,0.85,0.7706,0.126
839,,0.62536,0.179,0.59824,0.513,0.67456,0.775,0.70292,0.076
840,,0.59304,0.154,0.56592,0.463,0.60688,0.7,0.63524,0.026
841,,0.56072,0.129,0.5336,0.413,0.5392,0.625,0.56756,-0.024
842,8,0.6244,0.199,0.59728,0.463,0.57552,0.655,0.60388,1.0
843,,0.59208,0.174,0.56496,0.413,0.50784,0.58,0.5362,0.95
844,,0.55976,0.149,0.53264,0.363,0.44016,0.505,0.46852,0.9
845,,0.52744,0.124,0.50032,0.313,0.37248,0.43,0.40084,0.85
846,,0.49512,0.099,0.468,0.263,0.3048,0.355,0.33316,0.8
847,,0.4628,0.074,0.43568,0.213,0.23712,0.28,0.26548,0.75
848,,0.43048,0.049,0.40336,0.163,0.16944,0.205,0.1978,0.7
849,,0.39816,0.024,0.37104,0.113,0.10176,0.13,0.13012,0.65
850,,0.36584,-0.001,0.33872,0.063,0.03408,0.055,0.06244,0.6
851,2,0.42452,1.0,0.3974,0.108,0.0654,0.08,0.09376,0.645
852,,0.3922,0.975,0.36508,0.058,-0.00228,0.005,0.02608,0.595
853,5,0.45988,1.0,0.43276,0.112,1.0,-0.22,0.0654,0.649
854,6,0.52856,1.0,0.50144,0.167,1.0,1.0,0.10672,0.704
855,,0.49624,0.975,0.46912,0.117,0.93232,0.925,0.03904,0.654
856,,0.46392,0.95,0.4368,0.067,0.86464,0.85,-0.02864,0.604
857,7,0.5316,1.0,0.50448,0.121,0.90396,0.884,1.0,0.658
858,,0.49928,0.975,0.47216,0.071,0.83628,0.809,0.93232,0.608
859,,0.46696,0.95,0.43984,0.021,0.7686,0.734,0.86464,0.558
860,,0.43464,0.925,0.40752,-0.029,0.70092,0.659,0.79696,0.508
861,4,0.49832,0.995,0.4712,1.0,0.73724,0.689,0.83328,0.558
862,,0.466,0.97,0.43888,0.95,0.66956,0.614,0.7656,0.508
863,,0.43368,0.945,0.40656,0.9,0.60188,0.539,0.69792,0.458
864,,0.40136,0.92,0.37424,0.85,0.5342,0.464,0.63024,0.408
865,,0.36904,0.895,0.34192,0.8,0.46652,0.389,0.56256,0.358
866,,0.33672,0.87,0.3096,0.75,0.39884,0.314,0.49488,0.308
867,,0.3044,0.845,0.27728,0.7,0.33116,0.239,0.4272,0.258
868,,0.27208,0.82,0.24496,0.65,0.26348,0.164,0.35952,0.208
869,,0.23976,0.795,0.21264,0.6,0.1958,0.089,0.29184,0.158
870,,0.20744,0.77,0.18032,0.55,0.12812,0.014,0.22416,0.108
871,,0.17512,0.745,0.148,0.5,0.06044,-0.061,0.15648,0.058
872,6,0.2438,0.82,0.21668,0.555,0.10176,1.0,0.1978,0.113
873,,0.21148,0.795,0.18436,0.505,0.03408,0.925,0.13012,0.063
874,,0.17916,0.77,0.15204,0.455,-0.0336,0.85,0.06244,0.013
875,5,0.24684,0.844,0.21972,0.509,1.0,0.625,0.10176,0.067
876,,0.21452,0.819,0.1874,0.459,0.93232,0.55,0.03408,0.017
877,,0.1822,0.794,0.15508,0.409,0.86464,0.475,-0.0336,-0.033
878,7,0.24988,0.868,0.22276,0.463,0.90396,0.509,1.0,0.021
879,,0.21756,0.843,0.19044,0.413,0.83628,0.434,0.93232,-0.029
880,8,0.28124,0.913,0.25412,0.463,0.8726,0.464,0.96864,1.0
881,,0.24892,0.888,0.2218,0.413,0.80492,0.389,0.90096,0.95
882,,0.2166,0.863,0.18948,0.363,0.73724,0.314,0.83328,0.9
883,,0.18428,0.838,0.15716,0.313,0.66956,0.239,0.7656,0.85
884,,0.15196,0.813,0.12484,0.263,0.60188,0.164,0.69792,0.8
885,,0.11964,0.788,0.09252,0.213,0.5342,0.089,0.63024,0.75
886,,0.08732,0.763,0.0602,0.163,0.46652,0.014,0.56256,0.7
887,,0.055,0.738,0.02788,0.113,0.39884,-0.061,0.49488,0.65
888,6,0.12368,0.813,0.09656,0.168,0.44016,1.0,0.5362,0.705
889,,0.09136,0.788,0.06424,0.118,0.37248,0.925,0.46852,0.655
890,,0.05904,0.763,0.03192,0.068,0.3048,0.85,0.40084,0.605
891,,0.02672,0.738,-0.0004,0.018,0.23712,0.775,0.33316,0.555
892,3,0.0874,0.804,1.0,0.064,0.26944,0.801,0.36548,0.601
893,,0.05508,0.779,0.96768,0.014,0.20176,0.726,0.2978,0.551
894,,0.02276,0.754,0.93536,-0.036,0.13408,0.651,0.23012,0.501
895,4,0.08644,0.824,0.99904,1.0,0.1704,0.681,0.26644,0.551
896,,0.05412,0.799,0.96672,0.95,0.10272,0.606,0.19876,0.501
897,,0.0218,0.774,0.9344,0.9,0.03504,0.531,0.13108,0.451
898,,-0.01052,0.749,0.90208,0.85,-0.03264,0.456,0.0634,0.401
899,5,0.05716,0.823,0.96976,0.904,1.0,0.231,0.10272,0.455
900,,0.02484,0.798,0.93744,0.854,0.93232,0.156,0.03504,0.405
901,,-0.00748,0.773,0.90512,0.804,0.86464,0.081,-0.03264,0.355
902,7,0.0602,0.847,0.9728,0.858,0.90396,0.115,1.0,0.409
903,,0.02788,0.822,0.94048,0.808,0.83628,0.04,0.93232,0.359
904,,-0.00444,0.797,0.90816,0.758,0.7686,-0.035,0.86464,0.309
905,6,0.06424,0.872,0.97684,0.813,0.80992,1.0,0.90596,0.364
906,,0.03192,0.847,0.94452,0.763,0.74224,0.925,0.83828,0.314
907,,-0.0004,0.822,0.9122,0.713,0.67456,0.85,0.7706,0.264
908,1,1.0,0.888,0.97288,0.759,0.70688,0.876,0.80292,0.31
909,,0.96768,0.863,0.94056,0.709,0.6392,0.801,0.73524,0.26
910,,0.93536,0.838,0.90824,0.659,0.57152,0.726,0.66756,0.21
911,,0.90304,0.813,0.87592,0.609,0.50384,0.651,0.59988,0.16
912,,0.87072,0.788,0.8436,0.559,0.43616,0.576,0.5322,0.11
913,,0.8384,0.763,0.81128,0.509,0.36848,0.501,0.46452,0.06
914,,0.80608,0.738,0.77896,0.459,0.3008,0.426,0.39684,0.01
915,,0.77376,0.713,0.74664,0.409,0.23312,0.351,0.32916,-0.04
916,8,0.83744,0.783,0.81032,0.459,0.26944,0.381,0.36548,1.0
917,,0.80512,0.758,0.778,0.409,0.20176,0.306,0.2978,0.95
918,,0.7728,0.733,0.74568,0.359,0.13408,0.231,0.23012,0.9
919,,0.74048,0.708,0.71336,0.309,0.0664,0.156,0.16244,0.85
920,,0.70816,0.683,0.68104,0.259,-0.00128,0.081,0.09476,0.8
921,5,0.77584,0.757,0.74872,0.313,1.0,-0.144,0.13408,0.854
922,6,0.84452,0.832,0.8174,0.368,1.0,1.0,0.1754,0.909
923,,0.8122,0.807,0.78508,0.318,0.93232,0.925,0.10772,0.859
924,,0.77988,0.782,0.75276,0.268,0.86464,0.85,0.04004,0.809
925,,0.74756,0.757,0.72044,0.218,0.79696,0.775,-0.02764,0.759
926,7,0.81524,0.831,0.78812,0.272,0.83628,0.809,1.0,0.813
927,,0.78292,0.806,0.7558,0.222,0.7686,0.734,0.93232,0.763
928,,0.7506,0.781,0.72348,0.172,0.70092,0.659,0.86464,0.713
929,,0.71828,0.756,0.69116,0.122,0.63324,0.584,0.79696,0.663
930,,0.68596,0.731,0.65884,0.072,0.56556,0.509,0.72928,0.613
931,,0.65364,0.706,0.62652,0.022,0.49788,0.434,0.6616,0.563
932,,0.62132,0.681,0.5942,-0.028,0.4302,0.359,0.59392,0.513
933,4,0.685,0.751,0.65788,1.0,0.46652,0.389,0.63024,0.563
934,,0.65268,0.726,0.62556,0.95,0.39884,0.314,0.56256,0.513
935,,0.62036,0.701,0.59324,0.9,0.33116,0.239,0.49488,0.463
936,,0.58804,0.676,0.56092,0.85,0.26348,0.164,0.4272,0.413
937,,0.55572,0.651,0.5286,0.8,0.1958,0.089,0.35952,0.363
938,,0.5234,0.626,0.49628,0.75,0.12812,0.014,0.29184,0.313
939,,0.49108,0.601,0.46396,0.7,0.06044,-0.061,0.22416,0.263
940,6,0.55976,0.676,0.53264,0.755,0.10176,1.0,0.26548,0.318
941,,0.52744,0.651,0.50032,0.705,0.03408,0.925,0.1978,0.268
942,,0.49512,0.626,0.468,0.655,-0.0336,0.85,0.13012,0.218
943,5,0.5628,0.7,0.53568,0.709,1.0,0.625,0.16944,0.272
944,,0.53048,0.675,0.50336,0.659,0.93232,0.55,0.10176,0.222
945,,0.49816,0.65,0.47104,0.609,0.86464,0.475,0.03408,0.172
946,,0.46584,0.625,0.43872,0.559,0.79696,0.4,-0.0336,0.122
947,7,0.53352,0.699,0.5064,0.613,0.83628,0.434,1.0,0.176
948,,0.5012,0.674,0.47408,0.563,0.7686,0.359,0.93232,0.126
949,,0.46888,0.649,0.44176,0.513,0.70092,0.284,0.86464,0.076
950,,0.43656,0.624,0.40944,0.463,0.63324,0.209,0.79696,0.026
951,,0.40424,0.599,0.37712,0.413,0.56556,0.134,0.72928,-0.024
952,8,0.46792,0.669,0.4408,0.463,0.60188,0.164,0.7656,1.0
953,,0.4356,0.644,0.40848,0.413,0.5342,0.089,0.69792,0.95
954,,0.40328,0.619,0.37616,0.363,0.46652,0.014,0.63024,0.9
955,,0.37096,0.594,0.34384,0.313,0.39884,-0.061,0.56256,0.85
956,6,0.43964,0.669,0.41252,0.368,0.44016,1.0,0.60388,0.905
957,,0.40732,0.644,0.3802,0.318,0.37248,0.925,0.5362,0.855
958,,0.375,0.619,0.34788,0.268,0.3048,0.85,0.46852,0.805
959,,0.34268,0.594,0.31556,0.218,0.23712,0.775,0.40084,0.755
960,,0.31036,0.569,0.28324,0.168,0.16944,0.7,0.33316,0.705
961,,0.27804,0.544,0.25092,0.118,0.10176,0.625,0.26548,0.655
962,,0.24572,0.519,0.2186,0.068,0.03408,0.55,0.1978,0.605
963,,0.2134,0.494,0.18628,0.018,-0.0336,0.475,0.13012,0.555
964,5,0.28108,0.568,0.25396,0.072,1.0,0.25,0.16944,0.609
965,,0.24876,0.543,0.22164,0.022,0.93232,0.175,0.10176,0.559
966,,0.21644,0.518,0.18932,-0.028,0.86464,0.1,0.03408,0.509
967,4,0.28012,0.588,0.253,1.0,0.90096,0.13,0.0704,0.559
968,,0.2478,0.563,0.22068,0.95,0.83328,0.055,0.00272,0.509
969,,0.21548,0.538,0.18836,0.9,0.7656,-0.02,-0.06496,0.459
970,7,0.28316,0.612,0.25604,0.954,0.80492,0.014,1.0,0.513
971,,0.25084,0.587,0.22372,0.904,0.73724,-0.061,0.93232,0.463
972,6,0.31952,0.662,0.2924,0.959,0.77856,1.0,0.97364,0.518
973,,0.2872,0.637,0.26008,0.909,0.71088,0.925,0.90596,0.468
974,,0.25488,0.612,0.22776,0.859,0.6432,0.85,0.83828,0.418
975,,0.22256,0.587,0.19544,0.809,0.57552,0.775,0.7706,0.368
976,,0.19024,0.562,0.16312,0.759,0.50784,0.7,0.70292,0.318
977,,0.15792,0.537,0.1308,0.709,0.44016,0.625,0.63524,0.268
978,,0.1256,0.512,0.09848,0.659,0.37248,0.55,0.56756,0.218
979,,0.09328,0.487,0.06616,0.609,0.3048,0.475,0.49988,0.168
980,,0.06096,0.462,0.03384,0.559,0.23712,0.4,0.4322,0.118
981,,0.02864,0.437,0.00152,0.509,0.16944,0.325,0.36452,0.068
982,,-0.00368,0.412,-0.0308,0.459,0.10176,0.25,0.29684,0.018
983,3,0.057,0.478,1.0,0.505,0.13408,0.276,0.32916,0.064
984,,0.02468,0.453,0.96768,0.455,0.0664,0.201,0.26148,0.014
985,,-0.00764,0.428,0.93536,0.405,-0.00128,0.126,0.1938,-0.036
986,8,0.05604,0.498,0.99904,0.455,0.03504,0.156,0.23012,1.0
987,,0.02372,0.473,0.96672,0.405,-0.03264,0.081,0.16244,0.95
988,5,0.0914,0.547,1.0,0.459,1.0,-0.144,0.20176,1.0
989,6,0.16008,0.622,1.0,0.514,1.0,1.0,0.24308,1.0
990,,0.12776,0.597,0.96768,0.464,0.93232,0.925,0.1754,0.95
991,,0.09544,0.572,0.93536,0.414,0.86464,0.85,0.10772,0.9
992,,0.06312,0.547,0.90304,0.364,0.79696,0.775,0.04004,0.85
993,,0.0308,0.522,0.87072,0.314,0.72928,0.7,-0.02764,0.8
994,7,0.09848,0.596,0.9384,0.368,0.7686,0.734,1.0,0.854
995,,0.06616,0.571,0.90608,0.318,0.70092,0.659,0.93232,0.804
996,,0.03384,0.546,0.87376,0.268,0.63324,0.584,0.86464,0.754
997,,0.00152,0.521,0.84144,0.218,0.56556,0.509,0.79696,0.704
998,,-0.0308,0.496,0.80912,0.168,0.49788,0.434,0.72928,0.654
999,1,1.0,0.562,0.8698,0.214,0.5302,0.46,0.7616,0.7
1000,,0.96768,0.537,0.83748,0.164,0.46252,0.385,0.69392,0.65
1001,,0.93536,0.512,0.80516,0.114,0.39484,0.31,0.62624,0.6
1002,,0.90304,0.487,0.77284,0.064,0.32716,0.235,0.55856,0.55
1003,,0.87072,0.462,0.74052,0.014,0.25948,0.16,0.49088,0.5
1004,,0.8384,0.437,0.7082,-0.036,0.1918,0.085,0.4232,0.45
1005,4,0.90208,0.507,0.77188,1.0,0.22812,0.115,0.45952,0.5
1006,,0.86976,0.482,0.73956,0.95,0.16044,0.04,0.39184,0.45
1007,,0.83744,0.457,0.70724,0.9,0.09276,-0.035,0.32416,0.4
1008,6,0.90612,0.532,0.77592,0.955,0.13408,1.0,0.36548,0.455
1009,,0.8738,0.507,0.7436,0.905,0.0664,0.925,0.2978,0.405
1010,,0.84148,0.482,0.71128,0.855,-0.00128,0.85,0.23012,0.355
1011,5,0.90916,0.556,0.77896,0.909,1.0,0.625,0.26944,0.409
1012,,0.87684,0.531,0.74664,0.859,0.93232,0.55,0.20176,0.359
1013,,0.84452,0.506,0.71432,0.809,0.86464,0.475,0.13408,0.309
1014,,0.8122,0.481,0.682,0.759,0.79696,0.4,0.0664,0.259
1015,,0.77988,0.456,0.64968,0.709,0.72928,0.325,-0.00128,0.209
1016,7,0.84756,0.53,0.71736,0.763,0.7686,0.359,1.0,0.263
1017,,0.81524,0.505,0.68504,0.713,0.70092,0.284,0.93232,0.213
1018,,0.78292,0.48,0.65272,0.663,0.63324,0.209,0.86464,0.163
1019,,0.7506,0.455,0.6204,0.613,0.56556,0.134,0.79696,0.113
1020,,0.71828,0.43,0.58808,0.563,0.49788,0.059,0.72928,0.063
1021,,0.68596,0.405,0.55576,0.513,0.4302,-0.016,0.6616,0.013
1022,6,0.75464,0.48,0.62444,0.568,0.47152,1.0,0.70292,0.068
1023,,0.72232,0.455,0.59212,0.518,0.40384,0.925,0.63524,0.018
1024,,0.69,0.43,0.5598,0.468,0.33616,0.85,0.56756,-0.032
1025,8,0.75368,0.5,0.62348,0.518,0.37248,0.88,0.60388,1.0
1026,,0.72136,0.475,0.59116,0.468,0.3048,0.805,0.5362,0.95
1027,,0.68904,0.45,0.55884,0.418,0.23712,0.73,0.46852,0.9
1028,,0.65672,0.425,0.52652,0.368,0.16944,0.655,0.40084,0.85
1029,,0.6244,0.4,0.4942,0.318,0.10176,0.58,0.33316,0.8
1030,,0.59208,0.375,0.46188,0.268,0.03408,0.505,0.26548,0.75
1031,,0.55976,0.35,0.42956,0.218,-0.0336,0.43,0.1978,0.7
1032,5,0.62744,0.424,0.49724,0.272,1.0,0.205,0.23712,0.754
1033,,0.59512,0.399,0.46492,0.222,0.93232,0.13,0.16944,0.704
1034,,0.5628,0.374,0.4326,0.172,0.86464,0.055,0.10176,0.654
1035,,0.53048,0.349,0.40028,0.122,0.79696,-0.02,0.03408,0.604
1036,6,0.59916,0.424,0.46896,0.177,0.83828,1.0,0.0754,0.659
1037,,0.56684,0.399,0.43664,0.127,0.7706,0.925,0.00772,0.609
1038,,0.53452,0.374,0.40432,0.077,0.70292,0.85,-0.05996,0.559
1039,7,0.6022,0.448,0.472,0.131,0.74224,0.884,1.0,0.613
1040,,0.56988,0.423,0.43968,0.081,0.67456,0.809,0.93232,0.563
1041,,0.53756,0.398,0.40736,0.031,0.60688,0.734,0.86464,0.513
1042,,0.50524,0.373,0.37504,-0.019,0.5392,0.659,0.79696,0.463
1043,4,0.56892,0.443,0.43872,1.0,0.57552,0.689,0.83328,0.513
1044,,0.5366,0.418,0.4064,0.95,0.50784,0.614,0.7656,0.463
1045,,0.50428,0.393,0.37408,0.9,0.44016,0.539,0.69792,0.413
1046,,0.47196,0.368,0.34176,0.85,0.37248,0.464,0.63024,0.363
1047,,0.43964,0.343,0.30944,0.8,0.3048,0.389,0.56256,0.313
1048,,0.40732,0.318,0.27712,0.75,0.23712,0.314,0.49488,0.263
1049,,0.375,0.293,0.2448,0.7,0.16944,0.239,0.4272,0.213
1050,,0.34268,0.268,0.21248,0.65,0.10176,0.164,0.35952,0.163
1051,,0.31036,0.243,0.18016,0.6,0.03408,0.089,0.29184,0.113
1052,,0.27804,0.218,0.14784,0.55,-0.0336,0.014,0.22416,0.063
1053,5,0.34572,0.292,0.21552,0.604,1.0,-0.211,0.26348,0.117
1054,6,0.4144,0.367,0.2842,0.659,1.0,1.0,0.3048,0.172
1055,,0.38208,0.342,0.25188,0.609,0.93232,0.925,0.23712,0.122
1056,,0.34976,0.317,0.21956,0.559,0.86464,0.85,0.16944,0.072
1057,,0.31744,0.292,0.18724,0.509,0.79696,0.775,0.10176,0.022
1058,,0.28512,0.267,0.15492,0.459,0.72928,0.7,0.03408,-0.028
1059,8,0.3488,0.337,0.2186,0.509,0.7656,0.73,0.0704,1.0
1060,,0.31648,0.312,0.18628,0.459,0.69792,0.655,0.00272,0.95
1061,,0.28416,0.287,0.15396,0.409,0.63024,0.58,-0.06496,0.9
1062,7,0.35184,0.361,0.22164,0.463,0.66956,0.614,1.0,0.954
1063,,0.31952,0.336,0.18932,0.413,0.60188,0.539,0.93232,0.904
1064,,0.2872,0.311,0.157,0.363,0.5342,0.464,0.86464,0.854
1065,,0.25488,0.286,0.12468,0.313,0.46652,0.389,0.79696,0.804
1066,,0.22256,0.261,0.09236,0.263,0.39884,0.314,0.72928,0.754
1067,,0.19024,0.236,0.06004,0.213,0.33116,0.239,0.6616,0.704
1068,,0.15792,0.211,0.02772,0.163,0.26348,0.164,0.59392,0.654
1069,,0.1256,0.186,-0.0046,0.113,0.1958,0.089,0.52624,0.604
1070,3,0.18628,0.252,1.0,0.159,0.22812,0.115,0.55856,0.65
1071,,0.15396,0.227,0.96768,0.109,0.16044,0.04,0.49088,0.6
1072,,0.12164,0.202,0.93536,0.059,0.09276,-0.035,0.4232,0.55
1073,6,0.19032,0.277,1.0,0.114,0.13408,1.0,0.46452,0.605
1074,,0.158,0.252,0.96768,0.064,0.0664,0.925,0.39684,0.555
1075,,0.12568,0.227,0.93536,0.014,-0.00128,0.85,0.32916,0.505
1076,5,0.19336,0.301,1.0,0.068,1.0,0.625,0.36848,0.559
1077,,0.16104,0.276,0.96768,0.018,0.93232,0.55,0.3008,0.509
1078,,0.12872,0.251,0.93536,-0.032,0.86464,0.475,0.23312,0.459
1079,4,0.1924,0.321,0.99904,1.0,0.90096,0.505,0.26944,0.509
1080,,0.16008,0.296,0.96672,0.95,0.83328,0.43,0.20176,0.459
1081,,0.12776,0.271,0.9344,0.9,0.7656,0.355,0.13408,0.409
1082,,0.09544,0.246,0.90208,0.85,0.69792,0.28,0.0664,0.359
1083,,0.06312,0.221,0.86976,0.8,0.63024,0.205,-0.00128,0.309
1084,7,0.1308,0.295,0.93744,0.854,0.66956,0.239,1.0,0.363
1085,,0.09848,0.27,0.90512,0.804,0.60188,0.164,0.93232,0.313
1086,,0.06616,0.245,0.8728,0.754,0.5342,0.089,0.86464,0.263
1087,,0.03384,0.22,0.84048,0.704,0.46652,0.014,0.79696,0.213
1088,,0.00152,0.195,0.80816,0.654,0.39884,-0.061,0.72928,0.163
1089,6,0.0702,0.27,0.87684,0.709,0.44016,1.0,0.7706,0.218
1090,,0.03788,0.245,0.84452,0.659,0.37248,0.925,0.70292,0.168
1091,,0.00556,0.22,0.8122,0.609,0.3048,0.85,0.63524,0.118
1092,,-0.02676,0.195,0.77988,0.559,0.23712,0.775,0.56756,0.068
1093,1,1.0,0.261,0.84056,0.605,0.26944,0.801,0.59988,0.114
1094,,0.96768,0.236,0.80824,0.555,0.20176,0.726,0.5322,0.064
1095,,0.93536,0.211,0.77592,0.505,0.13408,0.651,0.46452,0.014
1096,,0.90304,0.186,0.7436,0.455,0.0664,0.576,0.39684,-0.036
1097,8,0.96672,0.256,0.80728,0.505,0.10272,0.606,0.43316,1.0
1098,,0.9344,0.231,0.77496,0.455,0.03504,0.531,0.36548,0.95
1099,,0.90208,0.206,0.74264,0.405,-0.03264,0.456,0.2978,0.9
1100,5,0.96976,0.28,0.81032,0.459,1.0,0.231,0.33712,0.954
1101,,0.93744,0.255,0.778,0.409,0.93232,0.156,0.26944,0.904
1102,,0.90512,0.23,0.74568,0.359,0.86464,0.081,0.20176,0.854
1103,,0.8728,0.205,0.71336,0.309,0.79696,0.006,0.13408,0.804
1104,,0.84048,0.18,0.68104,0.259,0.72928,-0.069,0.0664,0.754
1105,6,0.90916,0.255,0.74972,0.314,0.7706,1.0,0.10772,0.809
1106,,0.87684,0.23,0.7174,0.264,0.70292,0.925,0.04004,0.759
1107,,0.84452,0.205,0.68508,0.214,0.63524,0.85,-0.02764,0.709
1108,7,0.9122,0.279,0.75276,0.268,0.67456,0.884,1.0,0.763
1109,,0.87988,0.254,0.72044,0.218,0.60688,0.809,0.93232,0.713
1110,,0.84756,0.229,0.68812,0.168,0.5392,0.734,0.86464,0.663
1111,,0.81524,0.204,0.6558,0.118,0.47152,0.659,0.79696,0.613
1112,,0.78292,0.179,0.62348,0.068,0.40384,0.584,0.72928,0.563
1113,,0.7506,0.154,0.59116,0.018,0.33616,0.509,0.6616,0.513
1114,,0.71828,0.129,0.55884,-0.032,0.26848,0.434,0.59392,0.463
1115,4,0.78196,0.199,0.62252,1.0,0.3048,0.464,0.63024,0.513
1116,,0.74964,0.174,0.5902,0.95,0.23712,0.389,0.56256,0.463
1117,,0.71732,0.149,0.55788,0.9,0.16944,0.314,0.49488,0.413
1118,,0.685,0.124,0.52556,0.85,0.10176,0.239,0.4272,0.363
1119,,0.65268,0.099,0.49324,0.8,0.03408,0.164,0.35952,0.313
1120,,0.62036,0.074,0.46092,0.75,-0.0336,0.089,0.29184,0.263
1121,5,0.68804,0.148,0.5286,0.804,1.0,-0.136,0.33116,0.317
1122,6,0.75672,0.223,0.59728,0.859,1.0,1.0,0.37248,0.372
1123,,0.7244,0.198,0.56496,0.809,0.93232,0.925,0.3048,0.322
1124,,0.69208,0.173,0.53264,0.759,0.86464,0.85,0.23712,0.272
1125,,0.65976,0.148,0.50032,0.709,0.79696,0.775,0.16944,0.222
1126,,0.62744,0.123,0.468,0.659,0.72928,0.7,0.10176,0.172
1127,,0.59512,0.098,0.43568,0.609,0.6616,0.625,0.03408,0.122
1128,,0.5628,0.073,0.40336,0.559,0.59392,0.55,-0.0336,0.072
1129,7,0.63048,0.147,0.47104,0.613,0.63324,0.584,1.0,0.126
1130,,0.59816,0.122,0.43872,0.563,0.56556,0.509,0.93232,0.076
1131,,0.56584,0.097,0.4064,0.513,0.49788,0.434,0.86464,0.026
1132,,0.53352,0.072,0.37408,0.463,0.4302,0.359,0.79696,-0.024
1133,8,0.5972,0.142,0.43776,0.513,0.46652,0.389,0.83328,1.0
1134,,0.56488,0.117,0.40544,0.463,0.39884,0.314,0.7656,0.95
1135,,0.53256,0.092,0.37312,0.413,0.33116,0.239,0.69792,0.9
1136,,0.50024,0.067,0.3408,0.363,0.26348,0.164,0.63024,0.85
1137,,0.46792,0.042,0.30848,0.313,0.1958,0.089,0.56256,0.8
1138,,0.4356,0.017,0.27616,0.263,0.12812,0.014,0.49488,0.75
1139,,0.40328,-0.008,0.24384,0.213,0.06044,-0.061,0.4272,0.7
1140,6,0.47196,0.067,0.31252,0.268,0.10176,1.0,0.46852,0.755
1141,,0.43964,0.042,0.2802,0.218,0.03408,0.925,0.40084,0.705
1142,,0.40732,0.017,0.24788,0.168,-0.0336,0.85,0.33316,0.655
1143,5,0.475,0.091,0.31556,0.222,1.0,0.625,0.37248,0.709
1144,,0.44268,0.066,0.28324,0.172,0.93232,0.55,0.3048,0.659
1145,,0.41036,0.041,0.25092,0.122,0.86464,0.475,0.23712,0.609
1146,,0.37804,0.016,0.2186,0.072,0.79696,0.4,0.16944,0.559
1147,,0.34572,-0.009,0.18628,0.022,0.72928,0.325,0.10176,0.509
1148,2,0.4044,1.0,0.24496,0.067,0.7606,0.35,0.13308,0.554
1149,,0.37208,0.975,0.21264,0.017,0.69292,0.275,0.0654,0.504
1150,,0.33976,0.95,0.18032,-0.033,0.62524,0.2,-0.00228,0.454
1151,4,0.40344,1.0,0.244,1.0,0.66156,0.23,0.03404,0.504
1152,,0.37112,0.975,0.21168,0.95,0.59388,0.155,-0.03364,0.454
1153,7,0.4388,1.0,0.27936,1.0,0.6332,0.189,1.0,0.508
1154,,0.40648,0.975,0.24704,0.95,0.56552,0.114,0.93232,0.458
1155,,0.37416,0.95,0.21472,0.9,0.49784,0.039,0.86464,0.408
1156,,0.34184,0.925,0.1824,0.85,0.43016,-0.036,0.79696,0.358
1157,6,0.41052,1.0,0.25108,0.905,0.47148,1.0,0.83828,0.413
1158,,0.3782,0.975,0.21876,0.855,0.4038,0.925,0.7706,0.363
1159,,0.34588,0.95,0.18644,0.805,0.33612,0.85,0.70292,0.313
1160,,0.31356,0.925,0.15412,0.755,0.26844,0.775,0.63524,0.263
1161,,0.28124,0.9,0.1218,0.705,0.20076,0.7,0.56756,0.213
1162,,0.24892,0.875,0.08948,0.655,0.13308,0.625,0.49988,0.163
1163,,0.2166,0.85,0.05716,0.605,0.0654,0.55,0.4322,0.113
1164,,0.18428,0.825,0.02484,0.555,-0.00228,0.475,0.36452,0.063
1165,5,0.25196,0.899,0.09252,0.609,1.0,0.25,0.40384,0.117
1166,,0.21964,0.874,0.0602,0.559,0.93232,0.175,0.33616,0.067
1167,,0.18732,0.849,0.02788,0.509,0.86464,0.1,0.26848,0.017
1168,,0.155,0.824,-0.00444,0.459,0.79696,0.025,0.2008,-0.033
1169,8,0.21868,0.894,0.05924,0.509,0.83328,0.055,0.23712,1.0
1170,,0.18636,0.869,0.02692,0.459,0.7656,-0.02,0.16944,0.95
1171,6,0.25504,0.944,0.0956,0.514,0.80692,1.0,0.21076,1.0
1172,,0.22272,0.919,0.06328,0.464,0.73924,0.925,0.14308,0.95
1173,,0.1904,0.894,0.03096,0.414,0.67156,0.85,0.0754,0.9
1174,,0.15808,0.869,-0.00136,0.364,0.60388,0.775,0.00772,0.85
1175,3,0.21876,0.935,1.0,0.41,0.6362,0.801,0.04004,0.896
1176,,0.18644,0.91,0.96768,0.36,0.56852,0.726,-0.02764,0.846
1177,7,0.25412,0.984,1.0,0.414,0.60784,0.76,1.0,0.9
1178,,0.2218,0.959,0.96768,0.364,0.54016,0.685,0.93232,0.85
1179,,0.18948,0.934,0.93536,0.314,0.47248,0.61,0.86464,0.8
1180,,0.15716,0.909,0.90304,0.264,0.4048,0.535,0.79696,0.75
1181,,0.12484,0.884,0.87072,0.214,0.33712,0.46,0.72928,0.7
1182,,0.09252,0.859,0.8384,0.164,0.26944,0.385,0.6616,0.65
1183,,0.0602,0.834,0.80608,0.114,0.20176,0.31,0.59392,0.6
1184,,0.02788,0.809,0.77376,0.064,0.13408,0.235,0.52624,0.55
1185,,-0.00444,0.784,0.74144,0.014,0.0664,0.16,0.45856,0.5
1186,1,1.0,0.85,0.80212,0.06,0.09872,0.186,0.49088,0.546
1187,,0.96768,0.825,0.7698,0.01,0.03104,0.111,0.4232,0.496
1188,,0.93536,0.8,0.73748,-0.04,-0.03664,0.036,0.35552,0.446
1189,4,0.99904,0.87,0.80116,1.0,-0.00032,0.066,0.39184,0.496
1190,5,1.0,0.944,0.86884,1.0,1.0,-0.159,0.43116,0.55
1191,6,1.0,1.0,0.93752,1.0,1.0,1.0,0.47248,0.605
1192,,0.96768,0.975,0.9052,0.95,0.93232,0.925,0.4048,0.555
1193,,0.93536,0.95,0.87288,0.9,0.86464,0.85,0.33712,0.505
1194,,0.90304,0.925,0.84056,0.85,0.79696,0.775,0.26944,0.455
1195,,0.87072,0.9,0.80824,0.8,0.72928,0.7,0.20176,0.405
1196,,0.8384,0.875,0.77592,0.75,0.6616,0.625,0.13408,0.355
1197,,0.80608,0.85,0.7436,0.7,0.59392,0.55,0.0664,0.305
1198,,0.77376,0.825,0.71128,0.65,0.52624,0.475,-0.00128,0.255
1199,7,0.84144,0.899,0.77896,0.704,0.56556,0.509,1.0,0.309
1200,,0.80912,0.874,0.74664,0.654,0.49788,0.434,0.93232,0.259
1201,,0.7768,0.849,0.71432,0.604,0.4302,0.359,0.86464,0.209
1202,,0.74448,0.824,0.682,0.554,0.36252,0.284,0.79696,0.159
1203,,0.71216,0.799,0.64968,0.504,0.29484,0.209,0.72928,0.109
1204,,0.67984,0.774,0.61736,0.454,0.22716,0.134,0.6616,0.059
1205,,0.64752,0.749,0.58504,0.404,0.15948,0.059,0.59392,0.009
1206,,0.6152,0.724,0.55272,0.354,0.0918,-0.016,0.52624,-0.041
1207,8,0.67888,0.794,0.6164,0.404,0.12812,0.014,0.56256,1.0
1208,,0.64656,0.769,0.58408,0.354,0.06044,-0.061,0.49488,0.95
1209,6,0.71524,0.844,0.65276,0.409,0.10176,1.0,0.5362,1.0
1210,,0.68292,0.819,0.62044,0.359,0.03408,0.925,0.46852,0.95
1211,,0.6506,0.794,0.58812,0.309,-0.0336,0.85,0.40084,0.9
1212,5,0.71828,0.868,0.6558,0.363,1.0,0.625,0.44016,0.954
1213,,0.68596,0.843,0.62348,0.313,0.93232,0.55,0.37248,0.904
1214,,0.65364,0.818,0.59116,0.263,0.86464,0.475,0.3048,0.854
1215,,0.62132,0.793,0.55884,0.213,0.79696,0.4,0.23712,0.804
1216,,0.589,0.768,0.52652,0.163,0.72928,0.325,0.16944,0.754
1217,,0.55668,0.743,0.4942,0.113,0.6616,0.25,0.10176,0.704
1218,,0.52436,0.718,0.46188,0.063,0.59392,0.175,0.03408,0.654
1219,,0.49204,0.693,0.42956,0.013,0.52624,0.1,-0.0336,0.604
1220,7,0.55972,0.767,0.49724,0.067,0.56556,0.134,1.0,0.658
1221,,0.5274,0.742,0.46492,0.017,0.49788,0.059,0.93232,0.608
1222,,0.49508,0.717,0.4326,-0.033,0.4302,-0.016,0.86464,0.558
1223,4,0.55876,0.787,0.49628,1.0,0.46652,0.014,0.90096,0.608
1224,,0.52644,0.762,0.46396,0.95,0.39884,-0.061,0.83328,0.558
1225,6,0.59512,0.837,0.53264,1.0,0.44016,1.0,0.8746,0.613
1226,,0.5628,0.812,0.50032,0.95,0.37248,0.925,0.80692,0.563
1227,,0.53048,0.787,0.468,0.9,0.3048,0.85,0.73924,0.513
1228,,0.49816,0.762,0.43568,0.85,0.23712,0.775,0.67156,0.463
1229,,0.46584,0.737,0.40336,0.8,0.16944,0.7,0.60388,0.413
1230,,0.43352,0.712,0.37104,0.75,0.10176,0.625,0.5362,0.363
1231,,0.4012,0.687,0.33872,0.7,0.03408,0.55,0.46852,0.313
1232,,0.36888,0.662,0.3064,0.65,-0.0336,0.475,0.40084,0.263
1233,5,0.43656,0.736,0.37408,0.704,1.0,0.25,0.44016,0.317
1234,,0.40424,0.711,0.34176,0.654,0.93232,0.175,0.37248,0.267
1235,,0.37192,0.686,0.30944,0.604,0.86464,0.1,0.3048,0.217
1236,,0.3396,0.661,0.27712,0.554,0.79696,0.025,0.23712,0.167
1237,,0.30728,0.636,0.2448,0.504,0.72928,-0.05,0.16944,0.117
1238,6,0.37596,0.711,0.31348,0.559,0.7706,1.0,0.21076,0.172
1239,,0.34364,0.686,0.28116,0.509,0.70292,0.925,0.14308,0.122
1240,,0.31132,0.661,0.24884,0.459,0.63524,0.85,0.0754,0.072
1241,,0.279,0.636,0.21652,0.409,0.56756,0.775,0.00772,0.022
1242,,0.24668,0.611,0.1842,0.359,0.49988,0.7,-0.05996,-0.028
1243,7,0.31436,0.685,0.25188,0.413,0.5392,0.734,1.0,0.026
1244,,0.28204,0.66,0.21956,0.363,0.47152,0.659,0.93232,-0.024
1245,8,0.34572,0.73,0.28324,0.413,0.50784,0.689,0.96864,1.0
1246,,0.3134,0.705,0.25092,0.363,0.44016,0.614,0.90096,0.95
1247,,0.28108,0.68,0.2186,0.313,0.37248,0.539,0.83328,0.9
1248,,0.24876,0.655,0.18628,0.263,0.3048,0.464,0.7656,0.85
1249,,0.21644,0.63,0.15396,0.213,0.23712,0.389,0.69792,0.8
1250,,0.18412,0.605,0.12164,0.163,0.16944,0.314,0.63024,0.75
1251,,0.1518,0.58,0.08932,0.113,0.10176,0.239,0.56256,0.7
1252,,0.11948,0.555,0.057,0.063,0.03408,0.164,0.49488,0.65
1253,,0.08716,0.53,0.02468,0.013,-0.0336,0.089,0.4272,0.6
1254,5,0.15484,0.604,0.09236,0.067,1.0,-0.136,0.46652,0.654
1255,6,0.22352,0.679,0.16104,0.122,1.0,1.0,0.50784,0.709
1256,,0.1912,0.654,0.12872,0.072,0.93232,0.925,0.44016,0.659
1257,,0.15888,0.629,0.0964,0.022,0.86464,0.85,0.37248,0.609
1258,,0.12656,0.604,0.06408,-0.028,0.79696,0.775,0.3048,0.559
1259,4,0.19024,0.674,0.12776,1.0,0.83328,0.805,0.34112,0.609
1260,,0.15792,0.649,0.09544,0.95,0.7656,0.73,0.27344,0.559
1261,,0.1256,0.624,0.06312,0.9,0.69792,0.655,0.20576,0.509
1262,,0.09328,0.599,0.0308,0.85,0.63024,0.58,0.13808,0.459
1263,,0.06096,0.574,-0.00152,0.8,0.56256,0.505,0.0704,0.409
1264,3,0.12164,0.64,1.0,0.846,0.59488,0.531,0.10272,0.455
1265,,0.08932,0.615,0.96768,0.796,0.5272,0.456,0.03504,0.405
1266,,0.057,0.59,0.93536,0.746,0.45952,0.381,-0.03264,0.355
1267,7,0.12468,0.664,1.0,0.8,0.49884,0.415,1.0,0.409
1268,,0.09236,0.639,0.96768,0.75,0.43116,0.34,0.93232,0.359
1269,,0.06004,0.614,0.93536,0.7,0.36348,0.265,0.86464,0.309
1270,,0.02772,0.589,0.90304,0.65,0.2958,0.19,0.79696,0.259
1271,,-0.0046,0.564,0.87072,0.6,0.22812,0.115,0.72928,0.209
1272,1,1.0,0.63,0.9314,0.646,0.26044,0.141,0.7616,0.255
1273,,0.96768,0.605,0.89908,0.596,0.19276,0.066,0.69392,0.205
1274,,0.93536,0.58,0.86676,0.546,0.12508,-0.009,0.62624,0.155
1275,6,1.0,0.655,0.93544,0.601,0.1664,1.0,0.66756,0.21
1276,,0.96768,0.63,0.90312,0.551,0.09872,0.925,0.59988,0.16
1277,,0.93536,0.605,0.8708,0.501,0.03104,0.85,0.5322,0.11
1278,,0.90304,0.58,0.83848,0.451,-0.03664,0.775,0.46452,0.06
1279,5,0.97072,0.654,0.90616,0.505,1.0,0.55,0.50384,0.114
1280,,0.9384,0.629,0.87384,0.455,0.93232,0.475,0.43616,0.064
1281,,0.90608,0.604,0.84152,0.405,0.86464,0.4,0.36848,0.014
1282,,0.87376,0.579,0.8092,0.355,0.79696,0.325,0.3008,-0.036
1283,8,0.93744,0.649,0.87288,0.405,0.83328,0.355,0.33712,1.0
1284,,0.90512,0.624,0.84056,0.355,0.7656,0.28,0.26944,0.95
1285,,0.8728,0.599,0.80824,0.305,0.69792,0.205,0.20176,0.9
1286,,0.84048,0.574,0.77592,0.255,0.63024,0.13,0.13408,0.85
1287,,0.80816,0.549,0.7436,0.205,0.56256,0.055,0.0664,0.8
1288,,0.77584,0.524,0.71128,0.155,0.49488,-0.02,-0.00128,0.75
1289,6,0.84452,0.599,0.77996,0.21,0.5362,1.0,0.04004,0.805
1290,,0.8122,0.574,0.74764,0.16,0.46852,0.925,-0.02764,0.755
1291,7,0.87988,0.648,0.81532,0.214,0.50784,0.959,1.0,0.809
1292,,0.84756,0.623,0.783,0.164,0.44016,0.884,0.93232,0.759
1293,,0.81524,0.598,0.75068,0.114,0.37248,0.809,0.86464,0.709
1294,,0.78292,0.573,0.71836,0.064,0.3048,0.734,0.79696,0.659
1295,,0.7506,0.548,0.68604,0.014,0.23712,0.659,0.72928,0.609
1296,,0.71828,0.523,0.65372,-0.036,0.16944,0.584,0.6616,0.559
1297,4,0.78196,0.593,0.7174,1.0,0.20576,0.614,0.69792,0.609
1298,,0.74964,0.568,0.68508,0.95,0.13808,0.539,0.63024,0.559
1299,,0.71732,0.543,0.65276,0.9,0.0704,0.464,0.56256,0.509
1300,,0.685,0.518,0.62044,0.85,0.00272,0.389,0.49488,0.459
1301,,0.65268,0.493,0.58812,0.8,-0.06496,0.314,0.4272,0.409
1302,5,0.72036,0.567,0.6558,0.854,1.0,0.089,0.46652,0.463
1303,,0.68804,0.542,0.62348,0.804,0.93232,0.014,0.39884,0.413
1304,,0.65572,0.517,0.59116,0.754,0.86464,-0.061,0.33116,0.363
1305,6,0.7244,0.592,0.65984,0.809,0.90596,1.0,0.37248,0.418
1306,,0.69208,0.567,0.62752,0.759,0.83828,0.925,0.3048,0.368
1307,,0.65976,0.542,0.5952,0.709,0.7706,0.85,0.23712,0.318
1308,,0.62744,0.517,0.56288,0.659,0.70292,0.775,0.16944,0.268
1309,,0.59512,0.492,0.53056,0.609,0.63524,0.7,0.10176,0.218
1310,,0.5628,0.467,0.49824,0.559,0.56756,0.625,0.03408,0.168
1311,,0.53048,0.442,0.46592,0.509,0.49988,0.55,-0.0336,0.118
1312,7,0.59816,0.516,0.5336,0.563,0.5392,0.584,1.0,0.172
1313,,0.56584,0.491,0.50128,0.513,0.47152,0.509,0.93232,0.122
1314,,0.53352,0.466,0.46896,0.463,0.40384,0.434,0.86464,0.072
1315,,0.5012,0.441,0.43664,0.413,0.33616,0.359,0.79696,0.022
1316,,0.46888,0.416,0.40432,0.363,0.26848,0.284,0.72928,-0.028
1317,8,0.53256,0.486,0.468,0.413,0.3048,0.314,0.7656,1.0
1318,,0.50024,0.461,0.43568,0.363,0.23712,0.239,0.69792,0.95
1319,,0.46792,0.436,0.40336,0.313,0.16944,0.164,0.63024,0.9
1320,,0.4356,0.411,0.37104,0.263,0.10176,0.089,0.56256,0.85
1321,,0.40328,0.386,0.33872,0.213,0.03408,0.014,0.49488,0.8
1322,,0.37096,0.361,0.3064,0.163,-0.0336,-0.061,0.4272,0.75
1323,6,0.43964,0.436,0.37508,0.218,0.00772,1.0,0.46852,0.805
1324,,0.40732,0.411,0.34276,0.168,-0.05996,0.925,0.40084,0.755
1325,5,0.475,0.485,0.41044,0.222,1.0,0.7,0.44016,0.809
1326,,0.44268,0.46,0.37812,0.172,0.93232,0.625,0.37248,0.759
1327,,0.41036,0.435,0.3458,0.122,0.86464,0.55,0.3048,0.709
1328,,0.37804,0.41,0.31348,0.072,0.79696,0.475,0.23712,0.659
1329,,0.34572,0.385,0.28116,0.022,0.72928,0.4,0.16944,0.609
1330,,0.3134,0.36,0.24884,-0.028,0.6616,0.325,0.10176,0.559
1331,4,0.37708,0.43,0.31252,1.0,0.69792,0.355,0.13808,0.609
1332,,0.34476,0.405,0.2802,0.95,0.63024,0.28,0.0704,0.559
1333,,0.31244,0.38,0.24788,0.9,0.56256,0.205,0.00272,0.509
1334,,0.28012,0.355,0.21556,0.85,0.49488,0.13,-0.06496,0.459
1335,7,0.3478,0.429,0.28324,0.904,0.5342,0.164,1.0,0.513
1336,,0.31548,0.404,0.25092,0.854,0.46652,0.089,0.93232,0.463
1337,,0.28316,0.379,0.2186,0.804,0.39884,0.014,0.86464,0.413
1338,,0.25084,0.354,0.18628,0.754,0.33116,-0.061,0.79696,0.363
1339,6,0.31952,0.429,0.25496,0.809,0.37248,1.0,0.83828,0.418
1340,,0.2872,0.404,0.22264,0.759,0.3048,0.925,0.7706,0.368
1341,,0.25488,0.379,0.19032,0.709,0.23712,0.85,0.70292,0.318
1342,,0.22256,0.354,0.158,0.659,0.16944,0.775,0.63524,0.268
1343,,0.19024,0.329,0.12568,0.609,0.10176,0.7,0.56756,0.218
1344,,0.15792,0.304,0.09336,0.559,0.03408,0.625,0.49988,0.168
1345,,0.1256,0.279,0.06104,0.509,-0.0336,0.55,0.4322,0.118
1346,5,0.19328,0.353,0.12872,0.563,1.0,0.325,0.47152,0.172
1347,,0.16096,0.328,0.0964,0.513,0.93232,0.25,0.40384,0.122
1348,,0.12864,0.303,0.06408,0.463,0.86464,0.175,0.33616,0.072
1349,,0.09632,0.278,0.03176,0.413,0.79696,0.1,0.26848,0.022
1350,,0.064,0.253,-0.00056,0.363,0.72928,0.025,0.2008,-0.028
1351,8,0.12768,0.323,0.06312,0.413,0.7656,0.055,0.23712,1.0
1352,,0.09536,0.298,0.0308,0.363,0.69792,-0.02,0.16944,0.95
1353,6,0.16404,0.373,0.09948,0.418,0.73924,1.0,0.21076,1.0
1354,,0.13172,0.348,0.06716,0.368,0.67156,0.925,0.14308,0.95
1355,,0.0994,0.323,0.03484,0.318,0.60388,0.85,0.0754,0.9
1356,,0.06708,0.298,0.00252,0.268,0.5362,0.775,0.00772,0.85
1357,,0.03476,0.273,-0.0298,0.218,0.46852,0.7,-0.05996,0.8
1358,7,0.10244,0.347,0.03788,0.272,0.50784,0.734,1.0,0.854
1359,,0.07012,0.322,0.00556,0.222,0.44016,0.659,0.93232,0.804
1360,,0.0378,0.297,-0.02676,0.172,0.37248,0.584,0.86464,0.754
1361,3,0.09848,0.363,1.0,0.218,0.4048,0.61,0.89696,0.8
1362,,0.06616,0.338,0.96768,0.168,0.33712,0.535,0.82928,0.75
1363,,0.03384,0.313,0.93536,0.118,0.26944,0.46,0.7616,0.7
1364,,0.00152,0.288,0.90304,0.068,0.20176,0.385,0.69392,0.65
1365,,-0.0308,0.263,0.87072,0.018,0.13408,0.31,0.62624,0.6
1366,1,1.0,0.329,0.9314,0.064,0.1664,0.336,0.65856,0.646
1367,,0.96768,0.304,0.89908,0.014,0.09872,0.261,0.59088,0.596
1368,,0.93536,0.279,0.86676,-0.036,0.03104,0.186,0.5232,0.546
1369,4,0.99904,0.349,0.93044,1.0,0.06736,0.216,0.55952,0.596
1370,,0.96672,0.324,0.89812,0.95,-0.00032,0.141,0.49184,0.546
1371,5,1.0,0.398,0.9658,1.0,1.0,-0.084,0.53116,0.6
1372,6,1.0,0.473,1.0,1.0,1.0,1.0,0.57248,0.655
1373,,0.96768,0.448,0.96768,0.95,0.93232,0.925,0.5048,0.605
1374,,0.93536,0.423,0.93536,0.9,0.86464,0.85,0.43712,0.555
1375,,0.90304,0.398,0.90304,0.85,0.79696,0.775,0.36944,0.505
1376,,0.87072,0.373,0.87072,0.8,0.72928,0.7,0.30176,0.455
1377,,0.8384,0.348,0.8384,0.75,0.6616,0.625,0.23408,0.405
1378,,0.80608,0.323,0.80608,0.7,0.59392,0.55,0.1664,0.355
1379,,0.77376,0.298,0.77376,0.65,0.52624,0.475,0.09872,0.305
1380,,0.74144,0.273,0.74144,0.6,0.45856,0.4,0.03104,0.255
1381,,0.70912,0.248,0.70912,0.55,0.39088,0.325,-0.03664,0.205
1382,7,0.7768,0.322,0.7768,0.604,0.4302,0.359,1.0,0.259
1383,,0.74448,0.297,0.74448,0.554,0.36252,0.284,0.93232,0.209
1384,,0.71216,0.272,0.71216,0.504,0.29484,0.209,0.86464,0.159
1385,,0.67984,0.247,0.67984,0.454,0.22716,0.134,0.79696,0.109
1386,,0.64752,0.222,0.64752,0.404,0.15948,0.059,0.72928,0.059
1387,,0.6152,0.197,0.6152,0.354,0.0918,-0.016,0.6616,0.009
1388,6,0.68388,0.272,0.68388,0.409,0.13312,1.0,0.70292,0.064
1389,,0.65156,0.247,0.65156,0.359,0.06544,0.925,0.63524,0.014
1390,,0.61924,0.222,0.61924,0.309,-0.00224,0.85,0.56756,-0.036
1391,8,0.68292,0.292,0.68292,0.359,0.03408,0.88,0.60388,1.0
1392,,0.6506,0.267,0.6506,0.309,-0.0336,0.805,0.5362,0.95
1393,5,0.71828,0.341,0.71828,0.363,1.0,0.58,0.57552,1.0
1394,,0.68596,0.316,0.68596,0.313,0.93232,0.505,0.50784,0.95
1395,,0.65364,0.291,0.65364,0.263,0.86464,0.43,0.44016,0.9
1396,,0.62132,0.266,0.62132,0.213,0.79696,0.355,0.37248,0.85
1397,,0.589,0.241,0.589,0.163,0.72928,0.28,0.3048,0.8
1398,,0.55668,0.216,0.55668,0.113,0.6616,0.205,0.23712,0.75
1399,,0.52436,0.191,0.52436,0.063,0.59392,0.13,0.16944,0.7
1400,,0.49204,0.166,0.49204,0.013,0.52624,0.055,0.10176,0.65
1401,,0.45972,0.141,0.45972,-0.037,0.45856,-0.02,0.03408,0.6
1402,4,0.5234,0.211,0.5234,1.0,0.49488,0.01,0.0704,0.65
1403,,0.49108,0.186,0.49108,0.95,0.4272,-0.065,0.00272,0.6
1404,6,0.55976,0.261,0.55976,1.0,0.46852,1.0,0.04404,0.655
1405,,0.52744,0.236,0.52744,0.95,0.40084,0.925,-0.02364,0.605
1406,7,0.59512,0.31,0.59512,1.0,0.44016,0.959,1.0,0.659
1407,,0.5628,0.285,0.5628,0.95,0.37248,0.884,0.93232,0.609
1408,,0.53048,0.26,0.53048,0.9,0.3048,0.809,0.86464,0.559
1409,,0.49816,0.235,0.49816,0.85,0.23712,0.734,0.79696,0.509
1410,,0.46584,0.21,0.46584,0.8,0.16944,0.659,0.72928,0.459
1411,,0.43352,0.185,0.43352,0.75,0.10176,0.584,0.6616,0.409
1412,,0.4012,0.16,0.4012,0.7,0.03408,0.509,0.59392,0.359
1413,,0.36888,0.135,0.36888,0.65,-0.0336,0.434,0.52624,0.309
1414,5,0.43656,0.209,0.43656,0.704,1.0,0.209,0.56556,0.363
1415,,0.40424,0.184,0.40424,0.654,0.93232,0.134,0.49788,0.313
1416,,0.37192,0.159,0.37192,0.604,0.86464,0.059,0.4302,0.263
1417,,0.3396,0.134,0.3396,0.554,0.79696,-0.016,0.36252,0.213
1418,6,0.40828,0.209,0.40828,0.609,0.83828,1.0,0.40384,0.268
1419,,0.37596,0.184,0.37596,0.559,0.7706,0.925,0.33616,0.218
1420,,0.34364,0.159,0.34364,0.509,0.70292,0.85,0.26848,0.168
1421,,0.31132,0.134,0.31132,0.459,0.63524,0.775,0.2008,0.118
1422,,0.279,0.109,0.279,0.409,0.56756,0.7,0.13312,0.068
1423,,0.24668,0.084,0.24668,0.359,0.49988,0.625,0.06544,0.018
1424,,0.21436,0.059,0.21436,0.309,0.4322,0.55,-0.00224,-0.032
1425,8,0.27804,0.129,0.27804,0.359,0.46852,0.58,0.03408,1.0
1426,,0.24572,0.104,0.24572,0.309,0.40084,0.505,-0.0336,0.95
1427,7,0.3134,0.178,0.3134,0.363,0.44016,0.539,1.0,1.0
1428,,0.28108,0.153,0.28108,0.313,0.37248,0.464,0.93232,0.95
1429,,0.24876,0.128,0.24876,0.263,0.3048,0.389,0.86464,0.9
1430,,0.21644,0.103,0.21644,0.213,0.23712,0.314,0.79696,0.85
1431,,0.18412,0.078,0.18412,0.163,0.16944,0.239,0.72928,0.8
1432,,0.1518,0.053,0.1518,0.113,0.10176,0.164,0.6616,0.75
1433,,0.11948,0.028,0.11948,0.063,0.03408,0.089,0.59392,0.7
1434,,0.08716,0.003,0.08716,0.013,-0.0336,0.014,0.52624,0.65
1435,5,0.15484,0.077,0.15484,0.067,1.0,-0.211,0.56556,0.704
1436,6,0.22352,0.152,0.22352,0.122,1.0,1.0,0.60688,0.759
1437,,0.1912,0.127,0.1912,0.072,0.93232,0.925,0.5392,0.709
1438,,0.15888,0.102,0.15888,0.022,0.86464,0.85,0.47152,0.659
1439,,0.12656,0.077,0.12656,-0.028,0.79696,0.775,0.40384,0.609
1440,4,0.19024,0.147,0.19024,1.0,0.83328,0.805,0.44016,0.659
1441,,0.15792,0.122,0.15792,0.95,0.7656,0.73,0.37248,0.609
1442,,0.1256,0.097,0.1256,0.9,0.69792,0.655,0.3048,0.559
1443,,0.09328,0.072,0.09328,0.85,0.63024,0.58,0.23712,0.509
1444,,0.06096,0.047,0.06096,0.8,0.56256,0.505,0.16944,0.459
1445,,0.02864,0.022,0.02864,0.75,0.49488,0.43,0.10176,0.409
1446,,-0.00368,-0.003,-0.00368,0.7,0.4272,0.355,0.03408,0.359
1447,1,1.0,0.063,0.057,0.746,0.45952,0.381,0.0664,0.405
1448,,0.96768,0.038,0.02468,0.696,0.39184,0.306,-0.00128,0.355
1449,7,1.0,0.112,0.09236,0.75,0.43116,0.34,1.0,0.409
1450,,0.96768,0.087,0.06004,0.7,0.36348,0.265,0.93232,0.359
1451,,0.93536,0.062,0.02772,0.65,0.2958,0.19,0.86464,0.309
1452,,0.90304,0.037,-0.0046,0.6,0.22812,0.115,0.79696,0.259
1453,3,0.96372,0.103,1.0,0.646,0.26044,0.141,0.82928,0.305
1454,,0.9314,0.078,0.96768,0.596,0.19276,0.066,0.7616,0.255
1455,,0.89908,0.053,0.93536,0.546,0.12508,-0.009,0.69392,0.205
1456,6,0.96776,0.128,1.0,0.601,0.1664,1.0,0.73524,0.26
1457,,0.93544,0.103,0.96768,0.551,0.09872,0.925,0.66756,0.21
1458,,0.90312,0.078,0.93536,0.501,0.03104,0.85,0.59988,0.16
1459,,0.8708,0.053,0.90304,0.451,-0.03664,0.775,0.5322,0.11
1460,5,0.93848,0.127,0.97072,0.505,1.0,0.55,0.57152,0.164
1461,,0.90616,0.102,0.9384,0.455,0.93232,0.475,0.50384,0.114
1462,,0.87384,0.077,0.90608,0.405,0.86464,0.4,0.43616,0.064
1463,,0.84152,0.052,0.87376,0.355,0.79696,0.325,0.36848,0.014
1464,,0.8092,0.027,0.84144,0.305,0.72928,0.25,0.3008,-0.036
1465,8,0.87288,0.097,0.90512,0.355,0.7656,0.28,0.33712,1.0
1466,,0.84056,0.072,0.8728,0.305,0.69792,0.205,0.26944,0.95
1467,,0.80824,0.047,0.84048,0.255,0.63024,0.13,0.20176,0.9
1468,,0.77592,0.022,0.80816,0.205,0.56256,0.055,0.13408,0.85
1469,,0.7436,-0.003,0.77584,0.155,0.49488,-0.02,0.0664,0.8
1470,6,0.81228,0.072,0.84452,0.21,0.5362,1.0,0.10772,0.855
1471,,0.77996,0.047,0.8122,0.16,0.46852,0.925,0.04004,0.805
1472,,0.74764,0.022,0.77988,0.11,0.40084,0.85,-0.02764,0.755
1473,7,0.81532,0.096,0.84756,0.164,0.44016,0.884,1.0,0.809
1474,,0.783,0.071,0.81524,0.114,0.37248,0.809,0.93232,0.759
1475,,0.75068,0.046,0.78292,0.064,0.3048,0.734,0.86464,0.709
1476,,0.71836,0.021,0.7506,0.014,0.23712,0.659,0.79696,0.659
1477,,0.68604,-0.004,0.71828,-0.036,0.16944,0.584,0.72928,0.609
1478,4,0.74972,0.066,0.78196,1.0,0.20576,0.614,0.7656,0.659
1479,,0.7174,0.041,0.74964,0.95,0.13808,0.539,0.69792,0.609
1480,,0.68508,0.016,0.71732,0.9,0.0704,0.464,0.63024,0.559
1481,,0.65276,-0.009,0.685,0.85,0.00272,0.389,0.56256,0.509
1482,2,0.71144,1.0,0.74368,0.895,0.03404,0.414,0.59388,0.554
1483,,0.67912,0.975,0.71136,0.845,-0.03364,0.339,0.5262,0.504
1484,5,0.7468,1.0,0.77904,0.899,1.0,0.114,0.56552,0.558
1485,,0.71448,0.975,0.74672,0.849,0.93232,0.039,0.49784,0.508
1486,,0.68216,0.95,0.7144,0.799,0.86464,-0.036,0.43016,0.458
1487,6,0.75084,1.0,0.78308,0.854,0.90596,1.0,0.47148,0.513
1488,,0.71852,0.975,0.75076,0.804,0.83828,0.925,0.4038,0.463
1489,,0.6862,0.95,0.71844,0.754,0.7706,0.85,0.33612,0.413
1490,,0.65388,0.925,0.68612,0.704,0.70292,0.775,0.26844,0.363
1491,,0.62156,0.9,0.6538,0.654,0.63524,0.7,0.20076,0.313
1492,,0.58924,0.875,0.62148,0.604,0.56756,0.625,0.13308,0.263
1493,,0.55692,0.85,0.58916,0.554,0.49988,0.55,0.0654,0.213
1494,,0.5246,0.825,0.55684,0.504,0.4322,0.475,-0.00228,0.163
1495,7,0.59228,0.899,0.62452,0.558,0.47152,0.509,1.0,0.217
1496,,0.55996,0.874,0.5922,0.508,0.40384,0.434,0.93232,0.167
1497,,0.52764,0.849,0.55988,0.458,0.33616,0.359,0.86464,0.117
1498,,0.49532,0.824,0.52756,0.408,0.26848,0.284,0.79696,0.067
1499,,0.463,0.799,0.49524,0.358,0.2008,0.209,0.72928,0.017
1500,,0.43068,0.774,0.46292,0.308,0.13312,0.134,0.6616,-0.033
1501,8,0.49436,0.844,0.5266,0.358,0.16944,0.164,0.69792,1.0
1502,,0.46204,0.819,0.49428,0.308,0.10176,0.089,0.63024,0.95
1503,,0.42972,0.794,0.46196,0.258,0.03408,0.014,0.56256,0.9
1504,,0.3974,0.769,0.42964,0.208,-0.0336,-0.061,0.49488,0.85
1505,6,0.46608,0.844,0.49832,0.263,0.00772,1.0,0.5362,0.905
1506,,0.43376,0.819,0.466,0.213,-0.05996,0.925,0.46852,0.855
1507,5,0.50144,0.893,0.53368,0.267,1.0,0.7,0.50784,0.909
1508,,0.46912,0.868,0.50136,0.217,0.93232,0.625,0.44016,0.859
1509,,0.4368,0.843,0.46904,0.167,0.86464,0.55,0.37248,0.809
1510,,0.40448,0.818,0.43672,0.117,0.79696,0.475,0.3048,0.759
1511,,0.37216,0.793,0.4044,0.067,0.72928,0.4,0.23712,0.709
1512,,0.33984,0.768,0.37208,0.017,0.6616,0.325,0.16944,0.659
1513,,0.30752,0.743,0.33976,-0.033,0.59392,0.25,0.10176,0.609
1514,4,0.3712,0.813,0.40344,1.0,0.63024,0.28,0.13808,0.659
1515,,0.33888,0.788,0.37112,0.95,0.56256,0.205,0.0704,0.609
1516,,0.30656,0.763,0.3388,0.9,0.49488,0.13,0.00272,0.559
1517,,0.27424,0.738,0.30648,0.85,0.4272,0.055,-0.06496,0.509
1518,7,0.34192,0.812,0.37416,0.904,0.46652,0.089,1.0,0.563
1519,,0.3096,0.787,0.34184,0.854,0.39884,0.014,0.93232,0.513
1520,,0.27728,0.762,0.30952,0.804,0.33116,-0.061,0.86464,0.463
1521,6,0.34596,0.837,0.3782,0.859,0.37248,1.0,0.90596,0.518
1522,,0.31364,0.812,0.34588,0.809,0.3048,0.925,0.83828,0.468
1523,,0.28132,0.787,0.31356,0.759,0.23712,0.85,0.7706,0.418
1524,,0.249,0.762,0.28124,0.709,0.16944,0.775,0.70292,0.368
1525,,0.21668,0.737,0.24892,0.659,0.10176,0.7,0.63524,0.318
1526,,0.18436,0.712,0.2166,0.609,0.03408,0.625,0.56756,0.268
1527,,0.15204,0.687,0.18428,0.559,-0.0336,0.55,0.49988,0.218
1528,5,0.21972,0.761,0.25196,0.613,1.0,0.325,0.5392,0.272
1529,,0.1874,0.736,0.21964,0.563,0.93232,0.25,0.47152,0.222
1530,,0.15508,0.711,0.18732,0.513,0.86464,0.175,0.40384,0.172
1531,,0.12276,0.686,0.155,0.463,0.79696,0.1,0.33616,0.122
1532,,0.09044,0.661,0.12268,0.413,0.72928,0.025,0.26848,0.072
1533,,0.05812,0.636,0.09036,0.363,0.6616,-0.05,0.2008,0.022
1534,6,0.1268,0.711,0.15904,0.418,0.70292,1.0,0.24212,0.077
1535,,0.09448,0.686,0.12672,0.368,0.63524,0.925,0.17444,0.027
1536,,0.06216,0.661,0.0944,0.318,0.56756,0.85,0.10676,-0.023
1537,8,0.12584,0.731,0.15808,0.368,0.60388,0.88,0.14308,1.0
1538,,0.09352,0.706,0.12576,0.318,0.5362,0.805,0.0754,0.95
1539,,0.0612,0.681,0.09344,0.268,0.46852,0.73,0.00772,0.9
1540,,0.02888,0.656,0.06112,0.218,0.40084,0.655,-0.05996,0.85
1541,7,0.09656,0.73,0.1288,0.272,0.44016,0.689,1.0,0.904
1542,,0.06424,0.705,0.09648,0.222,0.37248,0.614,0.93232,0.854
1543,,0.03192,0.68,0.06416,0.172,0.3048,0.539,0.86464,0.804
1544,,-0.0004,0.655,0.03184,0.122,0.23712,0.464,0.79696,0.754
1545,1,1.0,0.721,0.09252,0.168,0.26944,0.49,0.82928,0.8
1546,,0.96768,0.696,0.0602,0.118,0.20176,0.415,0.7616,0.75
1547,,0.93536,0.671,0.02788,0.068,0.13408,0.34,0.69392,0.7
1548,,0.90304,0.646,-0.00444,0.018,0.0664,0.265,0.62624,0.65
1549,3,0.96372,0.712,1.0,0.064,0.09872,0.291,0.65856,0.696
1550,,0.9314,0.687,0.96768,0.014,0.03104,0.216,0.59088,0.646
1551,,0.89908,0.662,0.93536,-0.036,-0.03664,0.141,0.5232,0.596
1552,5,0.96676,0.736,1.0,0.018,1.0,-0.084,0.56252,0.65
1553,6,1.0,0.811,1.0,0.073,1.0,1.0,0.60384,0.705
1554,,0.96768,0.786,0.96768,0.023,0.93232,0.925,0.53616,0.655
1555,,0.93536,0.761,0.93536,-0.027,0.86464,0.85,0.46848,0.605
1556,4,0.99904,0.831,0.99904,1.0,0.90096,0.88,0.5048,0.655
1557,,0.96672,0.806,0.96672,0.95,0.83328,0.805,0.43712,0.605
1558,,0.9344,0.781,0.9344,0.9,0.7656,0.73,0.36944,0.555
1559,,0.90208,0.756,0.90208,0.85,0.69792,0.655,0.30176,0.505
1560,,0.86976,0.731,0.86976,0.8,0.63024,0.58,0.23408,0.455
1561,,0.83744,0.706,0.83744,0.75,0.56256,0.505,0.1664,0.405
1562,,0.80512,0.681,0.80512,0.7,0.49488,0.43,0.09872,0.355
1563,,0.7728,0.656,0.7728,0.65,0.4272,0.355,0.03104,0.305
1564,,0.74048,0.631,0.74048,0.6,0.35952,0.28,-0.03664,0.255
1565,7,0.80816,0.705,0.80816,0.654,0.39884,0.314,1.0,0.309
1566,,0.77584,0.68,0.77584,0.604,0.33116,0.239,0.93232,0.259
1567,,0.74352,0.655,0.74352,0.554,0.26348,0.164,0.86464,0.209
1568,,0.7112,0.63,0.7112,0.504,0.1958,0.089,0.79696,0.159
1569,,0.67888,0.605,0.67888,0.454,0.12812,0.014,0.72928,0.109
1570,,0.64656,0.58,0.64656,0.404,0.06044,-0.061,0.6616,0.059
1571,6,0.71524,0.655,0.71524,0.459,0.10176,1.0,0.70292,0.114
1572,,0.68292,0.63,0.68292,0.409,0.03408,0.925,0.63524,0.064
1573,,0.6506,0.605,0.6506,0.359,-0.0336,0.85,0.56756,0.014
1574,5,0.71828,0.679,0.71828,0.413,1.0,0.625,0.60688,0.068
1575,,0.68596,0.654,0.68596,0.363,0.93232,0.55,0.5392,0.018
1576,,0.65364,0.629,0.65364,0.313,0.86464,0.475,0.47152,-0.032
1577,8,0.71732,0.699,0.71732,0.363,0.90096,0.505,0.50784,1.0
1578,,0.685,0.674,0.685,0.313,0.83328,0.43,0.44016,0.95
1579,,0.65268,0.649,0.65268,0.263,0.7656,0.355,0.37248,0.9
1580,,0.62036,0.624,0.62036,0.213,0.69792,0.28,0.3048,0.85
1581,,0.58804,0.599,0.58804,0.163,0.63024,0.205,0.23712,0.8
1582,,0.55572,0.574,0.55572,0.113,0.56256,0.13,0.16944,0.75
1583,,0.5234,0.549,0.5234,0.063,0.49488,0.055,0.10176,0.7
1584,,0.49108,0.524,0.49108,0.013,0.4272,-0.02,0.03408,0.65
1585,6,0.55976,0.599,0.55976,0.068,0.46852,1.0,0.0754,0.705
1586,,0.52744,0.574,0.52744,0.018,0.40084,0.925,0.00772,0.655
1587,,0.49512,0.549,0.49512,-0.032,0.33316,0.85,-0.05996,0.605
1588,7,0.5628,0.623,0.5628,0.022,0.37248,0.884,1.0,0.659
1589,,0.53048,0.598,0.53048,-0.028,0.3048,0.809,0.93232,0.609
1590,4,0.59416,0.668,0.59416,1.0,0.34112,0.839,0.96864,0.659
1591,,0.56184,0.643,0.56184,0.95,0.27344,0.764,0.90096,0.609
1592,,0.52952,0.618,0.52952,0.9,0.20576,0.689,0.83328,0.559
1593,,0.4972,0.593,0.4972,0.85,0.13808,0.614,0.7656,0.509
1594,,0.46488,0.568,0.46488,0.8,0.0704,0.539,0.69792,0.459
1595,,0.43256,0.543,0.43256,0.75,0.00272,0.464,0.63024,0.409
1596,,0.40024,0.518,0.40024,0.7,-0.06496,0.389,0.56256,0.359
1597,5,0.46792,0.592,0.46792,0.754,1.0,0.164,0.60188,0.413
1598,,0.4356,0.567,0.4356,0.704,0.93232,0.089,0.5342,0.363
1599,,0.40328,0.542,0.40328,0.654,0.86464,0.014,0.46652,0.313
1600,,0.37096,0.517,0.37096,0.604,0.79696,-0.061,0.39884,0.263
1601,6,0.43964,0.592,0.43964,0.659,0.83828,1.0,0.44016,0.318
1602,,0.40732,0.567,0.40732,0.609,0.7706,0.925,0.37248,0.268
1603,,0.375,0.542,0.375,0.559,0.70292,0.85,0.3048,0.218
1604,,0.34268,0.517,0.34268,0.509,0.63524,0.775,0.23712,0.168
1605,,0.31036,0.492,0.31036,0.459,0.56756,0.7,0.16944,0.118
1606,,0.27804,0.467,0.27804,0.409,0.49988,0.625,0.10176,0.068
1607,,0.24572,0.442,0.24572,0.359,0.4322,0.55,0.03408,0.018
1608,,0.2134,0.417,0.2134,0.309,0.36452,0.475,-0.0336,-0.032
1609,7,0.28108,0.491,0.28108,0.363,0.40384,0.509,1.0,0.022
1610,,0.24876,0.466,0.24876,0.313,0.33616,0.434,0.93232,-0.028
1611,8,0.31244,0.536,0.31244,0.363,0.37248,0.464,0.96864,1.0
1612,,0.28012,0.511,0.28012,0.313,0.3048,0.389,0.90096,0.95
1613,,0.2478,0.486,0.2478,0.263,0.23712,0.314,0.83328,0.9
1614,,0.21548,0.461,0.21548,0.213,0.16944,0.239,0.7656,0.85
1615,,0.18316,0.436,0.18316,0.163,0.10176,0.164,0.69792,0.8
1616,,0.15084,0.411,0.15084,0.113,0.03408,0.089,0.63024,0.75
1617,,0.11852,0.386,0.11852,0.063,-0.0336,0.014,0.56256,0.7
1618,5,0.1862,0.46,0.1862,0.117,1.0,-0.211,0.60188,0.754
1619,6,0.25488,0.535,0.25488,0.172,1.0,1.0,0.6432,0.809
1620,,0.22256,0.51,0.22256,0.122,0.93232,0.925,0.57552,0.759
1621,,0.19024,0.485,0.19024,0.072,0.86464,0.85,0.50784,0.709
1622,,0.15792,0.46,0.15792,0.022,0.79696,0.775,0.44016,0.659
1623,,0.1256,0.435,0.1256,-0.028,0.72928,0.7,0.37248,0.609
1624,4,0.18928,0.505,0.18928,1.0,0.7656,0.73,0.4088,0.659
1625,,0.15696,0.48,0.15696,0.95,0.69792,0.655,0.34112,0.609
1626,,0.12464,0.455,0.12464,0.9,0.63024,0.58,0.27344,0.559
1627,,0.09232,0.43,0.09232,0.85,0.56256,0.505,0.20576,0.509
1628,,0.06,0.405,0.06,0.8,0.49488,0.43,0.13808,0.459
1629,,0.02768,0.38,0.02768,0.75,0.4272,0.355,0.0704,0.409
1630,,-0.00464,0.355,-0.00464,0.7,0.35952,0.28,0.00272,0.359
1631,3,0.05604,0.421,1.0,0.746,0.39184,0.306,0.03504,0.405
1632,,0.02372,0.396,0.96768,0.696,0.32416,0.231,-0.03264,0.355
1633,7,0.0914,0.47,1.0,0.75,0.36348,0.265,1.0,0.409
1634,,0.05908,0.445,0.96768,0.7,0.2958,0.19,0.93232,0.359
1635,,0.02676,0.42,0.93536,0.65,0.22812,0.115,0.86464,0.309
1636,,-0.00556,0.395,0.90304,0.6,0.16044,0.04,0.79696,0.259
1637,1,1.0,0.461,0.96372,0.646,0.19276,0.066,0.82928,0.305
1638,,0.96768,0.436,0.9314,0.596,0.12508,-0.009,0.7616,0.255
1639,6,1.0,0.511,1.0,0.651,0.1664,1.0,0.80292,0.31
1640,,0.96768,0.486,0.96768,0.601,0.09872,0.925,0.73524,0.26
1641,,0.93536,0.461,0.93536,0.551,0.03104,0.85,0.66756,0.21
1642,,0.90304,0.436,0.90304,0.501,-0.03664,0.775,0.59988,0.16
1643,5,0.97072,0.51,0.97072,0.555,1.0,0.55,0.6392,0.214
1644,,0.9384,0.485,0.9384,0.505,0.93232,0.475,0.57152,0.164
1645,,0.90608,0.46,0.90608,0.455,0.86464,0.4,0.50384,0.114
1646,,0.87376,0.435,0.87376,0.405,0.79696,0.325,0.43616,0.064
1647,,0.84144,0.41,0.84144,0.355,0.72928,0.25,0.36848,0.014
1648,,0.80912,0.385,0.80912,0.305,0.6616,0.175,0.3008,-0.036
1649,8,0.8728,0.455,0.8728,0.355,0.69792,0.205,0.33712,1.0
1650,,0.84048,0.43,0.84048,0.305,0.63024,0.13,0.26944,0.95
1651,,0.80816,0.405,0.80816,0.255,0.56256,0.055,0.20176,0.9
1652,,0.77584,0.38,0.77584,0.205,0.49488,-0.02,0.13408,0.85
1653,6,0.84452,0.455,0.84452,0.26,0.5362,1.0,0.1754,0.905
1654,,0.8122,0.43,0.8122,0.21,0.46852,0.925,0.10772,0.855
1655,,0.77988,0.405,0.77988,0.16,0.40084,0.85,0.04004,0.805
1656,,0.74756,0.38,0.74756,0.11,0.33316,0.775,-0.02764,0.755
1657,7,0.81524,0.454,0.81524,0.164,0.37248,0.809,1.0,0.809
1658,,0.78292,0.429,0.78292,0.114,0.3048,0.734,0.93232,0.759
1659,,0.7506,0.404,0.7506,0.064,0.23712,0.659,0.86464,0.709
1660,,0.71828,0.379,0.71828,0.014,0.16944,0.584,0.79696,0.659
1661,,0.68596,0.354,0.68596,-0.036,0.10176,0.509,0.72928,0.609
1662,4,0.74964,0.424,0.74964,1.0,0.13808,0.539,0.7656,0.659
1663,,0.71732,0.399,0.71732,0.95,0.0704,0.464,0.69792,0.609
1664,,0.685,0.374,0.685,0.9,0.00272,0.389,0.63024,0.559
1665,,0.65268,0.349,0.65268,0.85,-0.06496,0.314,0.56256,0.509
1666,5,0.72036,0.423,0.72036,0.904,1.0,0.089,0.60188,0.563
1667,,0.68804,0.398,0.68804,0.854,0.93232,0.014,0.5342,0.513
1668,,0.65572,0.373,0.65572,0.804,0.86464,-0.061,0.46652,0.463
1669,6,0.7244,0.448,0.7244,0.859,0.90596,1.0,0.50784,0.518
1670,,0.69208,0.423,0.69208,0.809,0.83828,0.925,0.44016,0.468
1671,,0.65976,0.398,0.65976,0.759,0.7706,0.85,0.37248,0.418
1672,,0.62744,0.373,0.62744,0.709,0.70292,0.775,0.3048,0.368
1673,,0.59512,0.348,0.59512,0.659,0.63524,0.7,0.23712,0.318
1674,,0.5628,0.323,0.5628,0.609,0.56756,0.625,0.16944,0.268
1675,,0.53048,0.298,0.53048,0.559,0.49988,0.55,0.10176,0.218
1676,,0.49816,0.273,0.49816,0.509,0.4322,0.475,0.03408,0.168
1677,,0.46584,0.248,0.46584,0.459,0.36452,0.4,-0.0336,0.118
1678,7,0.53352,0.322,0.53352,0.513,0.40384,0.434,1.0,0.172
1679,,0.5012,0.297,0.5012,0.463,0.33616,0.359,0.93232,0.122
1680,,0.46888,0.272,0.46888,0.413,0.26848,0.284,0.86464,0.072
1681,,0.43656,0.247,0.43656,0.363,0.2008,0.209,0.79696,0.022
1682,,0.40424,0.222,0.40424,0.313,0.13312,0.134,0.72928,-0.028
1683,8,0.46792,0.292,0.46792,0.363,0.16944,0.164,0.7656,1.0
1684,,0.4356,0.267,0.4356,0.313,0.10176,0.089,0.69792,0.95
1685,,0.40328,0.242,0.40328,0.263,0.03408,0.014,0.63024,0.9
1686,,0.37096,0.217,0.37096,0.213,-0.0336,-0.061,0.56256,0.85
1687,6,0.43964,0.292,0.43964,0.268,0.00772,1.0,0.60388,0.905
1688,,0.40732,0.267,0.40732,0.218,-0.05996,0.925,0.5362,0.855
1689,5,0.475,0.341,0.475,0.272,1.0,0.7,0.57552,0.909
1690,,0.44268,0.316,0.44268,0.222,0.93232,0.625,0.50784,0.859
1691,,0.41036,0.291,0.41036,0.172,0.86464,0.55,0.44016,0.809
1692,,0.37804,0.266,0.37804,0.122,0.79696,0.475,0.37248,0.759
1693,,0.34572,0.241,0.34572,0.072,0.72928,0.4,0.3048,0.709
1694,,0.3134,0.216,0.3134,0.022,0.6616,0.325,0.23712,0.659
1695,,0.28108,0.191,0.28108,-0.028,0.59392,0.25,0.16944,0.609
1696,4,0.34476,0.261,0.34476,1.0,0.63024,0.28,0.20576,0.659
1697,,0.31244,0.236,0.31244,0.95,0.56256,0.205,0.13808,0.609
1698,,0.28012,0.211,0.28012,0.9,0.49488,0.13,0.0704,0.559
1699,,0.2478,0.186,0.2478,0.85,0.4272,0.055,0.00272,0.509
1700,,0.21548,0.161,0.21548,0.8,0.35952,-0.02,-0.06496,0.459
1701,7,0.28316,0.235,0.28316,0.854,0.39884,0.014,1.0,0.513
1702,,0.25084,0.21,0.25084,0.804,0.33116,-0.061,0.93232,0.463
1703,6,0.31952,0.285,0.31952,0.859,0.37248,1.0,0.97364,0.518
1704,,0.2872,0.26,0.2872,0.809,0.3048,0.925,0.90596,0.468
1705,,0.25488,0.235,0.25488,0.759,0.23712,0.85,0.83828,0.418
1706,,0.22256,0.21,0.22256,0.709,0.16944,0.775,0.7706,0.368
1707,,0.19024,0.185,0.19024,0.659,0.10176,0.7,0.70292,0.318
1708,,0.15792,0.16,0.15792,0.609,0.03408,0.625,0.63524,0.268
1709,,0.1256,0.135,0.1256,0.559,-0.0336,0.55,0.56756,0.218
1710,5,0.19328,0.209,0.19328,0.613,1.0,0.325,0.60688,0.272
1711,,0.16096,0.184,0.16096,0.563,0.93232,0.25,0.5392,0.222
1712,,0.12864,0.159,0.12864,0.513,0.86464,0.175,0.47152,0.172
1713,,0.09632,0.134,0.09632,0.463,0.79696,0.1,0.40384,0.122
1714,,0.064,0.109,0.064,0.413,0.72928,0.025,0.33616,0.072
1715,,0.03168,0.084,0.03168,0.363,0.6616,-0.05,0.26848,0.022
1716,6,0.10036,0.159,0.10036,0.418,0.70292,1.0,0.3098,0.077
1717,,0.06804,0.134,0.06804,0.368,0.63524,0.925,0.24212,0.027
1718,,0.03572,0.109,0.03572,0.318,0.56756,0.85,0.17444,-0.023
1719,8,0.0994,0.179,0.0994,0.368,0.60388,0.88,0.21076,1.0
1720,,0.06708,0.154,0.06708,0.318,0.5362,0.805,0.14308,0.95
1721,,0.03476,0.129,0.03476,0.268,0.46852,0.73,0.0754,0.9
1722,,0.00244,0.104,0.00244,0.218,0.40084,0.655,0.00772,0.85
1723,,-0.02988,0.079,-0.02988,0.168,0.33316,0.58,-0.05996,0.8
1724,7,0.0378,0.153,0.0378,0.222,0.37248,0.614,1.0,0.854
1725,,0.00548,0.128,0.00548,0.172,0.3048,0.539,0.93232,0.804
1726,,-0.02684,0.103,-0.02684,0.122,0.23712,0.464,0.86464,0.754
1727,3,0.03384,0.169,1.0,0.168,0.26944,0.49,0.89696,0.8
1728,,0.00152,0.144,0.96768,0.118,0.20176,0.415,0.82928,0.75
1729,,-0.0308,0.119,0.93536,0.068,0.13408,0.34,0.7616,0.7
1730,1,1.0,0.185,0.99604,0.114,0.1664,0.366,0.79392,0.746
1731,,0.96768,0.16,0.96372,0.064,0.09872,0.291,0.72624,0.696
1732,,0.93536,0.135,0.9314,0.014,0.03104,0.216,0.65856,0.646
1733,,0.90304,0.11,0.89908,-0.036,-0.03664,0.141,0.59088,0.596
1734,5,0.97072,0.184,0.96676,0.018,1.0,-0.084,0.6302,0.65
1735,6,1.0,0.259,1.0,0.073,1.0,1.0,0.67152,0.705
1736,,0.96768,0.234,0.96768,0.023,0.93232,0.925,0.60384,0.655
1737,,0.93536,0.209,0.93536,-0.027,0.86464,0.85,0.53616,0.605
1738,4,0.99904,0.279,0.99904,1.0,0.90096,0.88,0.57248,0.655
1739,,0.96672,0.254,0.96672,0.95,0.83328,0.805,0.5048,0.605
1740,,0.9344,0.229,0.9344,0.9,0.7656,0.73,0.43712,0.555
1741,,0.90208,0.204,0.90208,0.85,0.69792,0.655,0.36944,0.505
1742,,0.86976,0.179,0.86976,0.8,0.63024,0.58,0.30176,0.455
1743,,0.83744,0.154,0.83744,0.75,0.56256,0.505,0.23408,0.405
1744,,0.80512,0.129,0.80512,0.7,0.49488,0.43,0.1664,0.355
1745,,0.7728,0.104,0.7728,0.65,0.4272,0.355,0.09872,0.305
1746,,0.74048,0.079,0.74048,0.6,0.35952,0.28,0.03104,0.255
1747,,0.70816,0.054,0.70816,0.55,0.29184,0.205,-0.03664,0.205
1748,7,0.77584,0.128,0.77584,0.604,0.33116,0.239,1.0,0.259
1749,,0.74352,0.103,0.74352,0.554,0.26348,0.164,0.93232,0.209
1750,,0.7112,0.078,0.7112,0.504,0.1958,0.089,0.86464,0.159
1751,,0.67888,0.053,0.67888,0.454,0.12812,0.014,0.79696,0.109
1752,,0.64656,0.028,0.64656,0.404,0.06044,-0.061,0.72928,0.059
1753,6,0.71524,0.103,0.71524,0.459,0.10176,1.0,0.7706,0.114
1754,,0.68292,0.078,0.68292,0.409,0.03408,0.925,0.70292,0.064
1755,,0.6506,0.053,0.6506,0.359,-0.0336,0.85,0.63524,0.014
1756,5,0.71828,0.127,0.71828,0.413,1.0,0.625,0.67456,0.068
1757,,0.68596,0.102,0.68596,0.363,0.93232,0.55,0.60688,0.018
1758,,0.65364,0.077,0.65364,0.313,0.86464,0.475,0.5392,-0.032
1759,8,0.71732,0.147,0.71732,0.363,0.90096,0.505,0.57552,1.0
1760,,0.685,0.122,0.685,0.313,0.83328,0.43,0.50784,0.95
1761,,0.65268,0.097,0.65268,0.263,0.7656,0.355,0.44016,0.9
1762,,0.62036,0.072,0.62036,0.213,0.69792,0.28,0.37248,0.85
1763,,0.58804,0.047,0.58804,0.163,0.63024,0.205,0.3048,0.8
1764,,0.55572,0.022,0.55572,0.113,0.56256,0.13,0.23712,0.75
1765,,0.5234,-0.003,0.5234,0.063,0.49488,0.055,0.16944,0.7
1766,2,0.58208,1.0,0.58208,0.108,0.5262,0.08,0.20076,0.745
1767,,0.54976,0.975,0.54976,0.058,0.45852,0.005,0.13308,0.695
1768,,0.51744,0.95,0.51744,0.008,0.39084,-0.07,0.0654,0.645
1769,6,0.58612,1.0,0.58612,0.063,0.43216,1.0,0.10672,0.7
1770,,0.5538,0.975,0.5538,0.013,0.36448,0.925,0.03904,0.65
1771,,0.52148,0.95,0.52148,-0.037,0.2968,0.85,-0.02864,0.6
1772,4,0.58516,1.0,0.58516,1.0,0.33312,0.88,0.00768,0.65
1773,,0.55284,0.975,0.55284,0.95,0.26544,0.805,-0.06,0.6
1774,7,0.62052,1.0,0.62052,1.0,0.30476,0.839,1.0,0.654
1775,,0.5882,0.975,0.5882,0.95,0.23708,0.764,0.93232,0.604
1776,,0.55588,0.95,0.55588,0.9,0.1694,0.689,0.86464,0.554
1777,,0.52356,0.925,0.52356,0.85,0.10172,0.614,0.79696,0.504
1778,,0.49124,0.9,0.49124,0.8,0.03404,0.539,0.72928,0.454
1779,,0.45892,0.875,0.45892,0.75,-0.03364,0.464,0.6616,0.404
1780,5,0.5266,0.949,0.5266,0.804,1.0,0.239,0.70092,0.458
1781,,0.49428,0.924,0.49428,0.754,0.93232,0.164,0.63324,0.408
1782,,0.46196,0.899,0.46196,0.704,0.86464,0.089,0.56556,0.358
1783,,0.42964,0.874,0.42964,0.654,0.79696,0.014,0.49788,0.308
1784,,0.39732,0.849,0.39732,0.604,0.72928,-0.061,0.4302,0.258
1785,6,0.466,0.924,0.466,0.659,0.7706,1.0,0.47152,0.313
1786,,0.43368,0.899,0.43368,0.609,0.70292,0.925,0.40384,0.263
1787,,0.40136,0.874,0.40136,0.559,0.63524,0.85,0.33616,0.213
1788,,0.36904,0.849,0.36904,0.509,0.56756,0.775,0.26848,0.163
1789,,0.33672,0.824,0.33672,0.459,0.49988,0.7,0.2008,0.113
1790,,0.3044,0.799,0.3044,0.409,0.4322,0.625,0.13312,0.063
1791,,0.27208,0.774,0.27208,0.359,0.36452,0.55,0.06544,0.013
1792,,0.23976,0.749,0.23976,0.309,0.29684,0.475,-0.00224,-0.037
1793,8,0.30344,0.819,0.30344,0.359,0.33316,0.505,0.03408,1.0
1794,,0.27112,0.794,0.27112,0.309,0.26548,0.43,-0.0336,0.95
1795,7,0.3388,0.868,0.3388,0.363,0.3048,0.464,1.0,1.0
1796,,0.30648,0.843,0.30648,0.313,0.23712,0.389,0.93232,0.95
1797,,0.27416,0.818,0.27416,0.263,0.16944,0.314,0.86464,0.9
1798,,0.24184,0.793,0.24184,0.213,0.10176,0.239,0.79696,0.85
1799,,0.20952,0.768,0.20952,0.163,0.03408,0.164,0.72928,0.8
1800,,0.1772,0.743,0.1772,0.113,-0.0336,0.089,0.6616,0.75
1801,5,0.24488,0.817,0.24488,0.167,1.0,-0.136,0.70092,0.804
1802,6,0.31356,0.892,0.31356,0.222,1.0,1.0,0.74224,0.859
1803,,0.28124,0.867,0.28124,0.172,0.93232,0.925,0.67456,0.809
1804,,0.24892,0.842,0.24892,0.122,0.86464,0.85,0.60688,0.759
1805,,0.2166,0.817,0.2166,0.072,0.79696,0.775,0.5392,0.709
1806,,0.18428,0.792,0.18428,0.022,0.72928,0.7,0.47152,0.659
1807,,0.15196,0.767,0.15196,-0.028,0.6616,0.625,0.40384,0.609
1808,4,0.21564,0.837,0.21564,1.0,0.69792,0.655,0.44016,0.659
1809,,0.18332,0.812,0.18332,0.95,0.63024,0.58,0.37248,0.609
1810,,0.151,0.787,0.151,0.9,0.56256,0.505,0.3048,0.559
1811,,0.11868,0.762,0.11868,0.85,0.49488,0.43,0.23712,0.509
1812,,0.08636,0.737,0.08636,0.8,0.4272,0.355,0.16944,0.459
1813,,0.05404,0.712,0.05404,0.75,0.35952,0.28,0.10176,0.409
1814,,0.02172,0.687,0.02172,0.7,0.29184,0.205,0.03408,0.359
1815,,-0.0106,0.662,-0.0106,0.65,0.22416,0.13,-0.0336,0.309
1816,7,0.05708,0.736,0.05708,0.704,0.26348,0.164,1.0,0.363
1817,,0.02476,0.711,0.02476,0.654,0.1958,0.089,0.93232,0.313
1818,,-0.00756,0.686,-0.00756,0.604,0.12812,0.014,0.86464,0.263
1819,3,0.05312,0.752,1.0,0.65,0.16044,0.04,0.89696,0.309
1820,,0.0208,0.727,0.96768,0.6,0.09276,-0.035,0.82928,0.259
1821,6,0.08948,0.802,1.0,0.655,0.13408,1.0,0.8706,0.314
1822,,0.05716,0.777,0.96768,0.605,0.0664,0.925,0.80292,0.264
1823,,0.02484,0.752,0.93536,0.555,-0.00128,0.85,0.73524,0.214
1824,5,0.09252,0.826,1.0,0.609,1.0,0.625,0.77456,0.268
1825,,0.0602,0.801,0.96768,0.559,0.93232,0.55,0.70688,0.218
1826,,0.02788,0.776,0.93536,0.509,0.86464,0.475,0.6392,0.168
1827,,-0.00444,0.751,0.90304,0.459,0.79696,0.4,0.57152,0.118
1828,1,1.0,0.817,0.96372,0.505,0.82928,0.426,0.60384,0.164
1829,,0.96768,0.792,0.9314,0.455,0.7616,0.351,0.53616,0.114
1830,,0.93536,0.767,0.89908,0.405,0.69392,0.276,0.46848,0.064
1831,,0.90304,0.742,0.86676,0.355,0.62624,0.201,0.4008,0.014
1832,,0.87072,0.717,0.83444,0.305,0.55856,0.126,0.33312,-0.036
1833,8,0.9344,0.787,0.89812,0.355,0.59488,0.156,0.36944,1.0
1834,,0.90208,0.762,0.8658,0.305,0.5272,0.081,0.30176,0.95
1835,,0.86976,0.737,0.83348,0.255,0.45952,0.006,0.23408,0.9
1836,,0.83744,0.712,0.80116,0.205,0.39184,-0.069,0.1664,0.85
1837,6,0.90612,0.787,0.86984,0.26,0.43316,1.0,0.20772,0.905
1838,,0.8738,0.762,0.83752,0.21,0.36548,0.925,0.14004,0.855
1839,,0.84148,0.737,0.8052,0.16,0.2978,0.85,0.07236,0.805
1840,,0.80916,0.712,0.77288,0.11,0.23012,0.775,0.00468,0.755
1841,,0.77684,0.687,0.74056,0.06,0.16244,0.7,-0.063,0.705
1842,7,0.84452,0.761,0.80824,0.114,0.20176,0.734,1.0,0.759
1843,,0.8122,0.736,0.77592,0.064,0.13408,0.659,0.93232,0.709
1844,,0.77988,0.711,0.7436,0.014,0.0664,0.584,0.86464,0.659
1845,,0.74756,0.686,0.71128,-0.036,-0.00128,0.509,0.79696,0.609
1846,4,0.81124,0.756,0.77496,1.0,0.03504,0.539,0.83328,0.659
1847,,0.77892,0.731,0.74264,0.95,-0.03264,0.464,0.7656,0.609
1848,5,0.8466,0.805,0.81032,1.0,1.0,0.239,0.80492,0.663
1849,,0.81428,0.78,0.778,0.95,0.93232,0.164,0.73724,0.613
1850,,0.78196,0.755,0.74568,0.9,0.86464,0.089,0.66956,0.563
1851,,0.74964,0.73,0.71336,0.85,0.79696,0.014,0.60188,0.513
1852,,0.71732,0.705,0.68104,0.8,0.72928,-0.061,0.5342,0.463
1853,6,0.786,0.78,0.74972,0.855,0.7706,1.0,0.57552,0.518
1854,,0.75368,0.755,0.7174,0.805,0.70292,0.925,0.50784,0.468
1855,,0.72136,0.73,0.68508,0.755,0.63524,0.85,0.44016,0.418
1856,,0.68904,0.705,0.65276,0.705,0.56756,0.775,0.37248,0.368
1857,,0.65672,0.68,0.62044,0.655,0.49988,0.7,0.3048,0.318
1858,,0.6244,0.655,0.58812,0.605,0.4322,0.625,0.23712,0.268
1859,,0.59208,0.63,0.5558,0.555,0.36452,0.55,0.16944,0.218
1860,,0.55976,0.605,0.52348,0.505,0.29684,0.475,0.10176,0.168
1861,,0.52744,0.58,0.49116,0.455,0.22916,0.4,0.03408,0.118
1862,,0.49512,0.555,0.45884,0.405,0.16148,0.325,-0.0336,0.068
1863,7,0.5628,0.629,0.52652,0.459,0.2008,0.359,1.0,0.122
1864,,0.53048,0.604,0.4942,0.409,0.13312,0.284,0.93232,0.072
1865,,0.49816,0.579,0.46188,0.359,0.06544,0.209,0.86464,0.022
1866,,0.46584,0.554,0.42956,0.309,-0.00224,0.134,0.79696,-0.028
1867,8,0.52952,0.624,0.49324,0.359,0.03408,0.164,0.83328,1.0
1868,,0.4972,0.599,0.46092,0.309,-0.0336,0.089,0.7656,0.95
1869,5,0.56488,0.673,0.5286,0.363,1.0,-0.136,0.80492,1.0
1870,6,0.63356,0.748,0.59728,0.418,1.0,1.0,0.84624,1.0
1871,,0.60124,0.723,0.56496,0.368,0.93232,0.925,0.77856,0.95
1872,,0.56892,0.698,0.53264,0.318,0.86464,0.85,0.71088,0.9
1873,,0.5366,0.673,0.50032,0.268,0.79696,0.775,0.6432,0.85
1874,,0.50428,0.648,0.468,0.218,0.72928,0.7,0.57552,0.8
1875,,0.47196,0.623,0.43568,0.168,0.6616,0.625,0.50784,0.75
1876,,0.43964,0.598,0.40336,0.118,0.59392,0.55,0.44016,0.7
1877,,0.40732,0.573,0.37104,0.068,0.52624,0.475,0.37248,0.65
1878,,0.375,0.548,0.33872,0.018,0.45856,0.4,0.3048,0.6
1879,,0.34268,0.523,0.3064,-0.032,0.39088,0.325,0.23712,0.55
1880,4,0.40636,0.593,0.37008,1.0,0.4272,0.355,0.27344,0.6
1881,,0.37404,0.568,0.33776,0.95,0.35952,0.28,0.20576,0.55
1882,,0.34172,0.543,0.30544,0.9,0.29184,0.205,0.13808,0.5
1883,,0.3094,0.518,0.27312,0.85,0.22416,0.13,0.0704,0.45
1884,,0.27708,0.493,0.2408,0.8,0.15648,0.055,0.00272,0.4
1885,,0.24476,0.468,0.20848,0.75,0.0888,-0.02,-0.06496,0.35
1886,7,0.31244,0.542,0.27616,0.804,0.12812,0.014,1.0,0.404
1887,,0.28012,0.517,0.24384,0.754,0.06044,-0.061,0.93232,0.354
1888,6,0.3488,0.592,0.31252,0.809,0.10176,1.0,0.97364,0.409
1889,,0.31648,0.567,0.2802,0.759,0.03408,0.925,0.90596,0.359
1890,,0.28416,0.542,0.24788,0.709,-0.0336,0.85,0.83828,0.309
1891,5,0.35184,0.616,0.31556,0.763,1.0,0.625,0.8776,0.363
1892,,0.31952,0.591,0.28324,0.713,0.93232,0.55,0.80992,0.313
1893,,0.2872,0.566,0.25092,0.663,0.86464,0.475,0.74224,0.263
1894,,0.25488,0.541,0.2186,0.613,0.79696,0.4,0.67456,0.213
1895,,0.22256,0.516,0.18628,0.563,0.72928,0.325,0.60688,0.163
1896,,0.19024,0.491,0.15396,0.513,0.6616,0.25,0.5392,0.113
1897,,0.15792,0.466,0.12164,0.463,0.59392,0.175,0.47152,0.063
1898,,0.1256,0.441,0.08932,0.413,0.52624,0.1,0.40384,0.013
1899,,0.09328,0.416,0.057,0.363,0.45856,0.025,0.33616,-0.037
1900,8,0.15696,0.486,0.12068,0.413,0.49488,0.055,0.37248,1.0
1901,,0.12464,0.461,0.08836,0.363,0.4272,-0.02,0.3048,0.95
1902,6,0.19332,0.536,0.15704,0.418,0.46852,1.0,0.34612,1.0
1903,,0.161,0.511,0.12472,0.368,0.40084,0.925,0.27844,0.95
1904,,0.12868,0.486,0.0924,0.318,0.33316,0.85,0.21076,0.9
1905,,0.09636,0.461,0.06008,0.268,0.26548,0.775,0.14308,0.85
1906,,0.06404,0.436,0.02776,0.218,0.1978,0.7,0.0754,0.8
1907,,0.03172,0.411,-0.00456,0.168,0.13012,0.625,0.00772,0.75
1908,3,0.0924,0.477,1.0,0.214,0.16244,0.651,0.04004,0.796
1909,,0.06008,0.452,0.96768,0.164,0.09476,0.576,-0.02764,0.746
1910,7,0.12776,0.526,1.0,0.218,0.13408,0.61,1.0,0.8
1911,,0.09544,0.501,0.96768,0.168,0.0664,0.535,0.93232,0.75
1912,,0.06312,0.476,0.93536,0.118,-0.00128,0.46,0.86464,0.7
1913,5,0.1308,0.55,1.0,0.172,1.0,0.235,0.90396,0.754
1914,,0.09848,0.525,0.96768,0.122,0.93232,0.16,0.83628,0.704
1915,,0.06616,0.5,0.93536,0.072,0.86464,0.085,0.7686,0.654
1916,,0.03384,0.475,0.90304,0.022,0.79696,0.01,0.70092,0.604
1917,,0.00152,0.45,0.87072,-0.028,0.72928,-0.065,0.63324,0.554
1918,6,0.0702,0.525,0.9394,0.027,0.7706,1.0,0.67456,0.609
1919,,0.03788,0.5,0.90708,-0.023,0.70292,0.925,0.60688,0.559
1920,4,0.10156,0.57,0.97076,1.0,0.73924,0.955,0.6432,0.609
1921,,0.06924,0.545,0.93844,0.95,0.67156,0.88,0.57552,0.559
1922,,0.03692,0.52,0.90612,0.9,0.60388,0.805,0.50784,0.509
1923,,0.0046,0.495,0.8738,0.85,0.5362,0.73,0.44016,0.459
1924,,-0.02772,0.47,0.84148,0.8,0.46852,0.655,0.37248,0.409
1925,1,1.0,0.536,0.90216,0.846,0.50084,0.681,0.4048,0.455
1926,,0.96768,0.511,0.86984,0.796,0.43316,0.606,0.33712,0.405
1927,,0.93536,0.486,0.83752,0.746,0.36548,0.531,0.26944,0.355
1928,,0.90304,0.461,0.8052,0.696,0.2978,0.456,0.20176,0.305
1929,,0.87072,0.436,0.77288,0.646,0.23012,0.381,0.13408,0.255
1930,,0.8384,0.411,0.74056,0.596,0.16244,0.306,0.0664,0.205
1931,,0.80608,0.386,0.70824,0.546,0.09476,0.231,-0.00128,0.155
1932,7,0.87376,0.46,0.77592,0.6,0.13408,0.265,1.0,0.209
1933,,0.84144,0.435,0.7436,0.55,0.0664,0.19,0.93232,0.159
1934,,0.80912,0.41,0.71128,0.5,-0.00128,0.115,0.86464,0.109
1935,5,0.8768,0.484,0.77896,0.554,1.0,-0.11,0.90396,0.163
1936,6,0.94548,0.559,0.84764,0.609,1.0,1.0,0.94528,0.218
1937,,0.91316,0.534,0.81532,0.559,0.93232,0.925,0.8776,0.168
1938,,0.88084,0.509,0.783,0.509,0.86464,0.85,0.80992,0.118
1939,,0.84852,0.484,0.75068,0.459,0.79696,0.775,0.74224,0.068
1940,,0.8162,0.459,0.71836,0.409,0.72928,0.7,0.67456,0.018
1941,,0.78388,0.434,0.68604,0.359,0.6616,0.625,0.60688,-0.032
1942,8,0.84756,0.504,0.74972,0.409,0.69792,0.655,0.6432,1.0
1943,,0.81524,0.479,0.7174,0.359,0.63024,0.58,0.57552,0.95
1944,,0.78292,0.454,0.68508,0.309,0.56256,0.505,0.50784,0.9
1945,,0.7506,0.429,0.65276,0.259,0.49488,0.43,0.44016,0.85
1946,,0.71828,0.404,0.62044,0.209,0.4272,0.355,0.37248,0.8
1947,,0.68596,0.379,0.58812,0.159,0.35952,0.28,0.3048,0.75
1948,,0.65364,0.354,0.5558,0.109,0.29184,0.205,0.23712,0.7
1949,,0.62132,0.329,0.52348,0.059,0.22416,0.13,0.16944,0.65
1950,,0.589,0.304,0.49116,0.009,0.15648,0.055,0.10176,0.6
1951,,0.55668,0.279,0.45884,-0.041,0.0888,-0.02,0.03408,0.55
1952,4,0.62036,0.349,0.52252,1.0,0.12512,0.01,0.0704,0.6
1953,,0.58804,0.324,0.4902,0.95,0.05744,-0.065,0.00272,0.55
1954,6,0.65672,0.399,0.55888,1.0,0.09876,1.0,0.04404,0.605
1955,,0.6244,0.374,0.52656,0.95,0.03108,0.925,-0.02364,0.555
1956,7,0.69208,0.448,0.59424,1.0,0.0704,0.959,1.0,0.609
1957,,0.65976,0.423,0.56192,0.95,0.00272,0.884,0.93232,0.559
1958,,0.62744,0.398,0.5296,0.9,-0.06496,0.809,0.86464,0.509
1959,5,0.69512,0.472,0.59728,0.954,1.0,0.584,0.90396,0.563
1960,,0.6628,0.447,0.56496,0.904,0.93232,0.509,0.83628,0.513
1961,,0.63048,0.422,0.53264,0.854,0.86464,0.434,0.7686,0.463
1962,,0.59816,0.397,0.50032,0.804,0.79696,0.359,0.70092,0.413
1963,,0.56584,0.372,0.468,0.754,0.72928,0.284,0.63324,0.363
1964,,0.53352,0.347,0.43568,0.704,0.6616,0.209,0.56556,0.313
1965,,0.5012,0.322,0.40336,0.654,0.59392,0.134,0.49788,0.263
1966,,0.46888,0.297,0.37104,0.604,0.52624,0.059,0.4302,0.213
1967,,0.43656,0.272,0.33872,0.554,0.45856,-0.016,0.36252,0.163
1968,6,0.50524,0.347,0.4074,0.609,0.49988,1.0,0.40384,0.218
1969,,0.47292,0.322,0.37508,0.559,0.4322,0.925,0.33616,0.168
1970,,0.4406,0.297,0.34276,0.509,0.36452,0.85,0.26848,0.118
1971,,0.40828,0.272,0.31044,0.459,0.29684,0.775,0.2008,0.068
1972,,0.37596,0.247,0.27812,0.409,0.22916,0.7,0.13312,0.018
1973,,0.34364,0.222,0.2458,0.359,0.16148,0.625,0.06544,-0.032
1974,8,0.40732,0.292,0.30948,0.409,0.1978,0.655,0.10176,1.0
1975,,0.375,0.267,0.27716,0.359,0.13012,0.58,0.03408,0.95
1976,,0.34268,0.242,0.24484,0.309,0.06244,0.505,-0.0336,0.9
1977,7,0.41036,0.316,0.31252,0.363,0.10176,0.539,1.0,0.954
1978,,0.37804,0.291,0.2802,0.313,0.03408,0.464,0.93232,0.904
1979,,0.34572,0.266,0.24788,0.263,-0.0336,0.389,0.86464,0.854
1980,5,0.4134,0.34,0.31556,0.317,1.0,0.164,0.90396,0.908
1981,,0.38108,0.315,0.28324,0.267,0.93232,0.089,0.83628,0.858
1982,,0.34876,0.29,0.25092,0.217,0.86464,0.014,0.7686,0.808
1983,,0.31644,0.265,0.2186,0.167,0.79696,-0.061,0.70092,0.758
1984,6,0.38512,0.34,0.28728,0.222,0.83828,1.0,0.74224,0.813
1985,,0.3528,0.315,0.25496,0.172,0.7706,0.925,0.67456,0.763
1986,,0.32048,0.29,0.22264,0.122,0.70292,0.85,0.60688,0.713
1987,,0.28816,0.265,0.19032,0.072,0.63524,0.775,0.5392,0.663
1988,,0.25584,0.24,0.158,0.022,0.56756,0.7,0.47152,0.613
1989,,0.22352,0.215,0.12568,-0.028,0.49988,0.625,0.40384,0.563
1990,4,0.2872,0.285,0.18936,1.0,0.5362,0.655,0.44016,0.613
1991,,0.25488,0.26,0.15704,0.95,0.46852,0.58,0.37248,0.563
1992,,0.22256,0.235,0.12472,0.9,0.40084,0.505,0.3048,0.513
1993,,0.19024,0.21,0.0924,0.85,0.33316,0.43,0.23712,0.463
1994,,0.15792,0.185,0.06008,0.8,0.26548,0.355,0.16944,0.413
1995,,0.1256,0.16,0.02776,0.75,0.1978,0.28,0.10176,0.363
1996,,0.09328,0.135,-0.00456,0.7,0.13012,0.205,0.03408,0.313
1997,3,0.15396,0.201,1.0,0.746,0.16244,0.231,0.0664,0.359
1998,,0.12164,0.176,0.96768,0.696,0.09476,0.156,-0.00128,0.309
1999,7,0.18932,0.25,1.0,0.75,0.13408,0.19,1.0,0.363
2000,,0.157,0.225,0.96768,0.7,0.0664,0.115,0.93232,0.313
2001,,0.12468,0.2,0.93536,0.65,-0.00128,0.04,0.86464,0.263
2002,5,0.19236,0.274,1.0,0.704,1.0,-0.185,0.90396,0.317
2003,6,0.26104,0.349,1.0,0.759,1.0,1.0,0.94528,0.372
2004,,0.22872,0.324,0.96768,0.709,0.93232,0.925,0.8776,0.322
2005,,0.1964,0.299,0.93536,0.659,0.86464,0.85,0.80992,0.272
2006,,0.16408,0.274,0.90304,0.609,0.79696,0.775,0.74224,0.222
2007,,0.13176,0.249,0.87072,0.559,0.72928,0.7,0.67456,0.172
2008,,0.09944,0.224,0.8384,0.509,0.6616,0.625,0.60688,0.122
2009,,0.06712,0.199,0.80608,0.459,0.59392,0.55,0.5392,0.072
2010,,0.0348,0.174,0.77376,0.409,0.52624,0.475,0.47152,0.022
2011,,0.00248,0.149,0.74144,0.359,0.45856,0.4,0.40384,-0.028
2012,8,0.06616,0.219,0.80512,0.409,0.49488,0.43,0.44016,1.0
2013,,0.03384,0.194,0.7728,0.359,0.4272,0.355,0.37248,0.95
2014,,0.00152,0.169,0.74048,0.309,0.35952,0.28,0.3048,0.9
2015,,-0.0308,0.144,0.70816,0.259,0.29184,0.205,0.23712,0.85
2016,1,1.0,0.21,0.76884,0.305,0.32416,0.231,0.26944,0.896
2017,,0.96768,0.185,0.73652,0.255,0.25648,0.156,0.20176,0.846
2018,,0.93536,0.16,0.7042,0.205,0.1888,0.081,0.13408,0.796
2019,,0.90304,0.135,0.67188,0.155,0.12112,0.006,0.0664,0.746
2020,,0.87072,0.11,0.63956,0.105,0.05344,-0.069,-0.00128,0.696
2021,6,0.9394,0.185,0.70824,0.16,0.09476,1.0,0.04004,0.751
2022,,0.90708,0.16,0.67592,0.11,0.02708,0.925,-0.02764,0.701
2023,7,0.97476,0.234,0.7436,0.164,0.0664,0.959,1.0,0.755
2024,,0.94244,0.209,0.71128,0.114,-0.00128,0.884,0.93232,0.705
2025,5,1.0,0.283,0.77896,0.168,1.0,0.659,0.97164,0.759
2026,,0.96768,0.258,0.74664,0.118,0.93232,0.584,0.90396,0.709
2027,,0.93536,0.233,0.71432,0.068,0.86464,0.509,0.83628,0.659
2028,,0.90304,0.208,0.682,0.018,0.79696,0.434,0.7686,0.609
2029,,0.87072,0.183,0.64968,-0.032,0.72928,0.359,0.70092,0.559
2030,4,0.9344,0.253,0.71336,1.0,0.7656,0.389,0.73724,0.609
2031,,0.90208,0.228,0.68104,0.95,0.69792,0.314,0.66956,0.559
2032,,0.86976,0.203,0.64872,0.9,0.63024,0.239,0.60188,0.509
2033,,0.83744,0.178,0.6164,0.85,0.56256,0.164,0.5342,0.459
2034,,0.80512,0.153,0.58408,0.8,0.49488,0.089,0.46652,0.409
2035,,0.7728,0.128,0.55176,0.75,0.4272,0.014,0.39884,0.359
2036,,0.74048,0.103,0.51944,0.7,0.35952,-0.061,0.33116,0.309
2037,6,0.80916,0.178,0.58812,0.755,0.40084,1.0,0.37248,0.364
2038,,0.77684,0.153,0.5558,0.705,0.33316,0.925,0.3048,0.314
2039,,0.74452,0.128,0.52348,0.655,0.26548,0.85,0.23712,0.264
2040,,0.7122,0.103,0.49116,0.605,0.1978,0.775,0.16944,0.214
2041,,0.67988,0.078,0.45884,0.555,0.13012,0.7,0.10176,0.164
2042,,0.64756,0.053,0.42652,0.505,0.06244,0.625,0.03408,0.114
2043,,0.61524,0.028,0.3942,0.455,-0.00524,0.55,-0.0336,0.064
2044,7,0.68292,0.102,0.46188,0.509,0.03408,0.584,1.0,0.118
2045,,0.6506,0.077,0.42956,0.459,-0.0336,0.509,0.93232,0.068
2046,5,0.71828,0.151,0.49724,0.513,1.0,0.284,0.97164,0.122
2047,,0.68596,0.126,0.46492,0.463,0.93232,0.209,0.90396,0.072
2048,,0.65364,0.101,0.4326,0.413,0.86464,0.134,0.83628,0.022
2049,,0.62132,0.076,0.40028,0.363,0.79696,0.059,0.7686,-0.028
2050,8,0.685,0.146,0.46396,0.413,0.83328,0.089,0.80492,1.0
2051,,0.65268,0.121,0.43164,0.363,0.7656,0.014,0.73724,0.95
2052,,0.62036,0.096,0.39932,0.313,0.69792,-0.061,0.66956,0.9
2053,6,0.68904,0.171,0.468,0.368,0.73924,1.0,0.71088,0.955
2054,,0.65672,0.146,0.43568,0.318,0.67156,0.925,0.6432,0.905
2055,,0.6244,0.121,0.40336,0.268,0.60388,0.85,0.57552,0.855
2056,,0.59208,0.096,0.37104,0.218,0.5362,0.775,0.50784,0.805
2057,,0.55976,0.071,0.33872,0.168,0.46852,0.7,0.44016,0.755
2058,,0.52744,0.046,0.3064,0.118,0.40084,0.625,0.37248,0.705
2059,,0.49512,0.021,0.27408,0.068,0.33316,0.55,0.3048,0.655
2060,,0.4628,-0.004,0.24176,0.018,0.26548,0.475,0.23712,0.605
2061,2,0.52148,1.0,0.30044,0.063,0.2968,0.5,0.26844,0.65
2062,,0.48916,0.975,0.26812,0.013,0.22912,0.425,0.20076,0.6
2063,,0.45684,0.95,0.2358,-0.037,0.16144,0.35,0.13308,0.55
2064,4,0.52052,1.0,0.29948,1.0,0.19776,0.38,0.1694,0.6
2065,,0.4882,0.975,0.26716,0.95,0.13008,0.305,0.10172,0.55
2066,,0.45588,0.95,0.23484,0.9,0.0624,0.23,0.03404,0.5
2067,,0.42356,0.925,0.20252,0.85,-0.00528,0.155,-0.03364,0.45
2068,7,0.49124,0.999,0.2702,0.904,0.03404,0.189,1.0,0.504
2069,,0.45892,0.974,0.23788,0.854,-0.03364,0.114,0.93232,0.454
2070,5,0.5266,1.0,0.30556,0.908,1.0,-0.111,0.97164,0.508
2071,6,0.59528,1.0,0.37424,0.963,1.0,1.0,1.0,0.563
2072,,0.56296,0.975,0.34192,0.913,0.93232,0.925,0.93232,0.513
2073,,0.53064,0.95,0.3096,0.863,0.86464,0.85,0.86464,0.463
2074,,0.49832,0.925,0.27728,0.813,0.79696,0.775,0.79696,0.413
2075,,0.466,0.9,0.24496,0.763,0.72928,0.7,0.72928,0.363
2076,,0.43368,0.875,0.21264,0.713,0.6616,0.625,0.6616,0.313
2077,,0.40136,0.85,0.18032,0.663,0.59392,0.55,0.59392,0.263
2078,,0.36904,0.825,0.148,0.613,0.52624,0.475,0.52624,0.213
2079,,0.33672,0.8,0.11568,0.563,0.45856,0.4,0.45856,0.163
2080,,0.3044,0.775,0.08336,0.513,0.39088,0.325,0.39088,0.113
2081,,0.27208,0.75,0.05104,0.463,0.3232,0.25,0.3232,0.063
2082,,0.23976,0.725,0.01872,0.413,0.25552,0.175,0.25552,0.013
2083,,0.20744,0.7,-0.0136,0.363,0.18784,0.1,0.18784,-0.037
2084,8,0.27112,0.77,0.05008,0.413,0.22416,0.13,0.22416,1.0
2085,,0.2388,0.745,0.01776,0.363,0.15648,0.055,0.15648,0.95
2086,,0.20648,0.72,-0.01456,0.313,0.0888,-0.02,0.0888,0.9
2087,6,0.27516,0.795,0.05412,0.368,0.13012,1.0,0.13012,0.955
2088,,0.24284,0.77,0.0218,0.318,0.06244,0.925,0.06244,0.905
2089,,0.21052,0.745,-0.01052,0.268,-0.00524,0.85,-0.00524,0.855
2090,3,0.2712,0.811,1.0,0.314,0.02708,0.876,0.02708,0.901
2091,,0.23888,0.786,0.96768,0.264,-0.0406,0.801,-0.0406,0.851
2092,5,0.30656,0.86,1.0,0.318,1.0,0.576,-0.00128,0.905
2093,7,0.37424,0.934,1.0,0.372,1.0,0.61,1.0,0.959
2094,,0.34192,0.909,0.96768,0.322,0.93232,0.535,0.93232,0.909
2095,,0.3096,0.884,0.93536,0.272,0.86464,0.46,0.86464,0.859
2096,,0.27728,0.859,0.90304,0.222,0.79696,0.385,0.79696,0.809
2097,,0.24496,0.834,0.87072,0.172,0.72928,0.31,0.72928,0.759
2098,,0.21264,0.809,0.8384,0.122,0.6616,0.235,0.6616,0.709
2099,,0.18032,0.784,0.80608,0.072,0.59392,0.16,0.59392,0.659
2100,,0.148,0.759,0.77376,0.022,0.52624,0.085,0.52624,0.609
2101,,0.11568,0.734,0.74144,-0.028,0.45856,0.01,0.45856,0.559
2102,4,0.17936,0.804,0.80512,1.0,0.49488,0.04,0.49488,0.609
2103,,0.14704,0.779,0.7728,0.95,0.4272,-0.035,0.4272,0.559
2104,6,0.21572,0.854,0.84148,1.0,0.46852,1.0,0.46852,0.614
2105,,0.1834,0.829,0.80916,0.95,0.40084,0.925,0.40084,0.564
2106,,0.15108,0.804,0.77684,0.9,0.33316,0.85,0.33316,0.514
2107,,0.11876,0.779,0.74452,0.85,0.26548,0.775,0.26548,0.464
2108,,0.08644,0.754,0.7122,0.8,0.1978,0.7,0.1978,0.414
2109,,0.05412,0.729,0.67988,0.75,0.13012,0.625,0.13012,0.364
2110,,0.0218,0.704,0.64756,0.7,0.06244,0.55,0.06244,0.314
2111,,-0.01052,0.679,0.61524,0.65,-0.00524,0.475,-0.00524,0.264
2112,1,1.0,0.745,0.67592,0.696,0.02708,0.501,0.02708,0.31
2113,,0.96768,0.72,0.6436,0.646,-0.0406,0.426,-0.0406,0.26
2114,7,1.0,0.794,0.71128,0.7,-0.00128,0.46,1.0,0.314
2115,5,1.0,0.868,0.77896,0.754,1.0,0.235,1.0,0.368
2116,,0.96768,0.843,0.74664,0.704,0.93232,0.16,0.93232,0.318
2117,,0.93536,0.818,0.71432,0.654,0.86464,0.085,0.86464,0.268
2118,,0.90304,0.793,0.682,0.604,0.79696,0.01,0.79696,0.218
2119,,0.87072,0.768,0.64968,0.554,0.72928,-0.065,0.72928,0.168
2120,6,0.9394,0.843,0.71836,0.609,0.7706,1.0,0.7706,0.223
2121,,0.90708,0.818,0.68604,0.559,0.70292,0.925,0.70292,0.173
2122,,0.87476,0.793,0.65372,0.509,0.63524,0.85,0.63524,0.123
2123,,0.84244,0.768,0.6214,0.459,0.56756,0.775,0.56756,0.073
2124,,0.81012,0.743,0.58908,0.409,0.49988,0.7,0.49988,0.023
2125,,0.7778,0.718,0.55676,0.359,0.4322,0.625,0.4322,-0.027
2126,8,0.84148,0.788,0.62044,0.409,0.46852,0.655,0.46852,1.0
2127,,0.80916,0.763,0.58812,0.359,0.40084,0.58,0.40084,0.95
2128,,0.77684,0.738,0.5558,0.309,0.33316,0.505,0.33316,0.9
2129,,0.74452,0.713,0.52348,0.259,0.26548,0.43,0.26548,0.85
2130,,0.7122,0.688,0.49116,0.209,0.1978,0.355,0.1978,0.8
2131,,0.67988,0.663,0.45884,0.159,0.13012,0.28,0.13012,0.75
2132,,0.64756,0.638,0.42652,0.109,0.06244,0.205,0.06244,0.7
2133,,0.61524,0.613,0.3942,0.059,-0.00524,0.13,-0.00524,0.65
2134,5,0.68292,0.687,0.46188,0.113,1.0,-0.095,0.03408,0.704
2135,6,0.7516,0.762,0.53056,0.168,1.0,1.0,0.0754,0.759
2136,,0.71928,0.737,0.49824,0.118,0.93232,0.925,0.00772,0.709
2137,,0.68696,0.712,0.46592,0.068,0.86464,0.85,-0.05996,0.659
2138,7,0.75464,0.786,0.5336,0.122,0.90396,0.884,1.0,0.713
2139,,0.72232,0.761,0.50128,0.072,0.83628,0.809,0.93232,0.663
2140,,0.69,0.736,0.46896,0.022,0.7686,0.734,0.86464,0.613
2141,,0.65768,0.711,0.43664,-0.028,0.70092,0.659,0.79696,0.563
2142,4,0.72136,0.781,0.50032,1.0,0.73724,0.689,0.83328,0.613
2143,,0.68904,0.756,0.468,0.95,0.66956,0.614,0.7656,0.563
2144,,0.65672,0.731,0.43568,0.9,0.60188,0.539,0.69792,0.513
2145,,0.6244,0.706,0.40336,0.85,0.5342,0.464,0.63024,0.463
2146,,0.59208,0.681,0.37104,0.8,0.46652,0.389,0.56256,0.413
2147,,0.55976,0.656,0.33872,0.75,0.39884,0.314,0.49488,0.363
2148,,0.52744,0.631,0.3064,0.7,0.33116,0.239,0.4272,0.313
2149,,0.49512,0.606,0.27408,0.65,0.26348,0.164,0.35952,0.263
2150,,0.4628,0.581,0.24176,0.6,0.1958,0.089,0.29184,0.213
2151,,0.43048,0.556,0.20944,0.55,0.12812,0.014,0.22416,0.163
2152,,0.39816,0.531,0.17712,0.5,0.06044,-0.061,0.15648,0.113
2153,6,0.46684,0.606,0.2458,0.555,0.10176,1.0,0.1978,0.168
2154,,0.43452,0.581,0.21348,0.505,0.03408,0.925,0.13012,0.118
2155,,0.4022,0.556,0.18116,0.455,-0.0336,0.85,0.06244,0.068
2156,5,0.46988,0.63,0.24884,0.509,1.0,0.625,0.10176,0.122
2157,,0.43756,0.605,0.21652,0.459,0.93232,0.55,0.03408,0.072
2158,,0.40524,0.58,0.1842,0.409,0.86464,0.475,-0.0336,0.022
2159,7,0.47292,0.654,0.25188,0.463,0.90396,0.509,1.0,0.076
2160,,0.4406,0.629,0.21956,0.413,0.83628,0.434,0.93232,0.026
2161,,0.40828,0.604,0.18724,0.363,0.7686,0.359,0.86464,-0.024
2162,8,0.47196,0.674,0.25092,0.413,0.80492,0.389,0.90096,1.0
2163,,0.43964,0.649,0.2186,0.363,0.73724,0.314,0.83328,0.95
2164,,0.40732,0.624,0.18628,0.313,0.66956,0.239,0.7656,0.9
2165,,0.375,0.599,0.15396,0.263,0.60188,0.164,0.69792,0.85
2166,,0.34268,0.574,0.12164,0.213,0.5342,0.089,0.63024,0.8
2167,,0.31036,0.549,0.08932,0.163,0.46652,0.014,0.56256,0.75
2168,,0.27804,0.524,0.057,0.113,0.39884,-0.061,0.49488,0.7
2169,6,0.34672,0.599,0.12568,0.168,0.44016,1.0,0.5362,0.755
2170,,0.3144,0.574,0.09336,0.118,0.37248,0.925,0.46852,0.705
2171,,0.28208,0.549,0.06104,0.068,0.3048,0.85,0.40084,0.655
2172,,0.24976,0.524,0.02872,0.018,0.23712,0.775,0.33316,0.605
2173,,0.21744,0.499,-0.0036,-0.032,0.16944,0.7,0.26548,0.555
2174,4,0.28112,0.569,0.06008,1.0,0.20576,0.73,0.3018,0.605
2175,,0.2488,0.544,0.02776,0.95,0.13808,0.655,0.23412,0.555
2176,,0.21648,0.519,-0.00456,0.9,0.0704,0.58,0.16644,0.505
2177,3,0.27716,0.585,1.0,0.946,0.10272,0.606,0.19876,0.551
2178,,0.24484,0.56,0.96768,0.896,0.03504,0.531,0.13108,0.501
2179,,0.21252,0.535,0.93536,0.846,-0.03264,0.456,0.0634,0.451
2180,5,0.2802,0.609,1.0,0.9,1.0,0.231,0.10272,0.505
2181,,0.24788,0.584,0.96768,0.85,0.93232,0.156,0.03504,0.455
2182,,0.21556,0.559,0.93536,0.8,0.86464,0.081,-0.03264,0.405
2183,7,0.28324,0.633,1.0,0.854,0.90396,0.115,1.0,0.459
2184,,0.25092,0.608,0.96768,0.804,0.83628,0.04,0.93232,0.409
2185,,0.2186,0.583,0.93536,0.754,0.7686,-0.035,0.86464,0.359
2186,6,0.28728,0.658,1.0,0.809,0.80992,1.0,0.90596,0.414
2187,,0.25496,0.633,0.96768,0.759,0.74224,0.925,0.83828,0.364
2188,,0.22264,0.608,0.93536,0.709,0.67456,0.85,0.7706,0.314
2189,,0.19032,0.583,0.90304,0.659,0.60688,0.775,0.70292,0.264
2190,,0.158,0.558,0.87072,0.609,0.5392,0.7,0.63524,0.214
2191,,0.12568,0.533,0.8384,0.559,0.47152,0.625,0.56756,0.164
2192,,0.09336,0.508,0.80608,0.509,0.40384,0.55,0.49988,0.114
2193,,0.06104,0.483,0.77376,0.459,0.33616,0.475,0.4322,0.064
2194,,0.02872,0.458,0.74144,0.409,0.26848,0.4,0.36452,0.014
2195,,-0.0036,0.433,0.70912,0.359,0.2008,0.325,0.29684,-0.036
2196,8,0.06008,0.503,0.7728,0.409,0.23712,0.355,0.33316,1.0
2197,,0.02776,0.478,0.74048,0.359,0.16944,0.28,0.26548,0.95
2198,,-0.00456,0.453,0.70816,0.309,0.10176,0.205,0.1978,0.9
2199,1,1.0,0.519,0.76884,0.355,0.13408,0.231,0.23012,0.946
2200,,0.96768,0.494,0.73652,0.305,0.0664,0.156,0.16244,0.896
2201,,0.93536,0.469,0.7042,0.255,-0.00128,0.081,0.09476,0.846
2202,5,1.0,0.543,0.77188,0.309,1.0,-0.144,0.13408,0.9
2203,6,1.0,0.618,0.84056,0.364,1.0,1.0,0.1754,0.955
2204,,0.96768,0.593,0.80824,0.314,0.93232,0.925,0.10772,0.905
2205,,0.93536,0.568,0.77592,0.264,0.86464,0.85,0.04004,0.855
2206,,0.90304,0.543,0.7436,0.214,0.79696,0.775,-0.02764,0.805
2207,7,0.97072,0.617,0.81128,0.268,0.83628,0.809,1.0,0.859
2208,,0.9384,0.592,0.77896,0.218,0.7686,0.734,0.93232,0.809
2209,,0.90608,0.567,0.74664,0.168,0.70092,0.659,0.86464,0.759
2210,,0.87376,0.542,0.71432,0.118,0.63324,0.584,0.79696,0.709
2211,,0.84144,0.517,0.682,0.068,0.56556,0.509,0.72928,0.659
2212,,0.80912,0.492,0.64968,0.018,0.49788,0.434,0.6616,0.609
2213,,0.7768,0.467,0.61736,-0.032,0.4302,0.359,0.59392,0.559
2214,4,0.84048,0.537,0.68104,1.0,0.46652,0.389,0.63024,0.609
2215,,0.80816,0.512,0.64872,0.95,0.39884,0.314,0.56256,0.559
2216,,0.77584,0.487,0.6164,0.9,0.33116,0.239,0.49488,0.509
2217,,0.74352,0.462,0.58408,0.85,0.26348,0.164,0.4272,0.459
2218,,0.7112,0.437,0.55176,0.8,0.1958,0.089,0.35952,0.409
2219,,0.67888,0.412,0.51944,0.75,0.12812,0.014,0.29184,0.359
2220,,0.64656,0.387,0.48712,0.7,0.06044,-0.061,0.22416,0.309
2221,6,0.71524,0.462,0.5558,0.755,0.10176,1.0,0.26548,0.364
2222,,0.68292,0.437,0.52348,0.705,0.03408,0.925,0.1978,0.314
2223,,0.6506,0.412,0.49116,0.655,-0.0336,0.85,0.13012,0.264
2224,5,0.71828,0.486,0.55884,0.709,1.0,0.625,0.16944,0.318
2225,,0.68596,0.461,0.52652,0.659,0.93232,0.55,0.10176,0.268
2226,,0.65364,0.436,0.4942,0.609,0.86464,0.475,0.03408,0.218
2227,,0.62132,0.411,0.46188,0.559,0.79696,0.4,-0.0336,0.168
2228,7,0.689,0.485,0.52956,0.613,0.83628,0.434,1.0,0.222
2229,,0.65668,0.46,0.49724,0.563,0.7686,0.359,0.93232,0.172
2230,,0.62436,0.435,0.46492,0.513,0.70092,0.284,0.86464,0.122
2231,,0.59204,0.41,0.4326,0.463,0.63324,0.209,0.79696,0.072
2232,,0.55972,0.385,0.40028,0.413,0.56556,0.134,0.72928,0.022
2233,,0.5274,0.36,0.36796,0.363,0.49788,0.059,0.6616,-0.028
2234,8,0.59108,0.43,0.43164,0.413,0.5342,0.089,0.69792,1.0
2235,,0.55876,0.405,0.39932,0.363,0.46652,0.014,0.63024,0.95
2236,,0.52644,0.38,0.367,0.313,0.39884,-0.061,0.56256,0.9
2237,6,0.59512,0.455,0.43568,0.368,0.44016,1.0,0.60388,0.955
2238,,0.5628,0.43,0.40336,0.318,0.37248,0.925,0.5362,0.905
2239,,0.53048,0.405,0.37104,0.268,0.3048,0.85,0.46852,0.855
2240,,0.49816,0.38,0.33872,0.218,0.23712,0.775,0.40084,0.805
2241,,0.46584,0.355,0.3064,0.168,0.16944,0.7,0.33316,0.755
2242,,0.43352,0.33,0.27408,0.118,0.10176,0.625,0.26548,0.705
2243,,0.4012,0.305,0.24176,0.068,0.03408,0.55,0.1978,0.655
2244,,0.36888,0.28,0.20944,0.018,-0.0336,0.475,0.13012,0.605
2245,5,0.43656,0.354,0.27712,0.072,1.0,0.25,0.16944,0.659
2246,,0.40424,0.329,0.2448,0.022,0.93232,0.175,0.10176,0.609
2247,,0.37192,0.304,0.21248,-0.028,0.86464,0.1,0.03408,0.559
2248,4,0.4356,0.374,0.27616,1.0,0.90096,0.13,0.0704,0.609
2249,,0.40328,0.349,0.24384,0.95,0.83328,0.055,0.00272,0.559
2250,,0.37096,0.324,0.21152,0.9,0.7656,-0.02,-0.06496,0.509
2251,7,0.43864,0.398,0.2792,0.954,0.80492,0.014,1.0,0.563
2252,,0.40632,0.373,0.24688,0.904,0.73724,-0.061,0.93232,0.513
2253,6,0.475,0.448,0.31556,0.959,0.77856,1.0,0.97364,0.568
2254,,0.44268,0.423,0.28324,0.909,0.71088,0.925,0.90596,0.518
2255,,0.41036,0.398,0.25092,0.859,0.6432,0.85,0.83828,0.468
2256,,0.37804,0.373,0.2186,0.809,0.57552,0.775,0.7706,0.418
2257,,0.34572,0.348,0.18628,0.759,0.50784,0.7,0.70292,0.368
2258,,0.3134,0.323,0.15396,0.709,0.44016,0.625,0.63524,0.318
2259,,0.28108,0.298,0.12164,0.659,0.37248,0.55,0.56756,0.268
2260,,0.24876,0.273,0.08932,0.609,0.3048,0.475,0.49988,0.218
2261,,0.21644,0.248,0.057,0.559,0.23712,0.4,0.4322,0.168
2262,,0.18412,0.223,0.02468,0.509,0.16944,0.325,0.36452,0.118
2263,,0.1518,0.198,-0.00764,0.459,0.10176,0.25,0.29684,0.068
2264,3,0.21248,0.264,1.0,0.505,0.13408,0.276,0.32916,0.114
2265,,0.18016,0.239,0.96768,0.455,0.0664,0.201,0.26148,0.064
2266,,0.14784,0.214,0.93536,0.405,-0.00128,0.126,0.1938,0.014
2267,5,0.21552,0.288,1.0,0.459,1.0,-0.099,0.23312,0.068
2268,6,0.2842,0.363,1.0,0.514,1.0,1.0,0.27444,0.123
2269,,0.25188,0.338,0.96768,0.464,0.93232,0.925,0.20676,0.073
2270,,0.21956,0.313,0.93536,0.414,0.86464,0.85,0.13908,0.023
2271,,0.18724,0.288,0.90304,0.364,0.79696,0.775,0.0714,-0.027
2272,8,0.25092,0.358,0.96672,0.414,0.83328,0.805,0.10772,1.0
2273,,0.2186,0.333,0.9344,0.364,0.7656,0.73,0.04004,0.95
2274,,0.18628,0.308,0.90208,0.314,0.69792,0.655,-0.02764,0.9
2275,7,0.25396,0.382,0.96976,0.368,0.73724,0.689,1.0,0.954
2276,,0.22164,0.357,0.93744,0.318,0.66956,0.614,0.93232,0.904
2277,,0.18932,0.332,0.90512,0.268,0.60188,0.539,0.86464,0.854
2278,,0.157,0.307,0.8728,0.218,0.5342,0.464,0.79696,0.804
2279,,0.12468,0.282,0.84048,0.168,0.46652,0.389,0.72928,0.754
2280,,0.09236,0.257,0.80816,0.118,0.39884,0.314,0.6616,0.704
2281,,0.06004,0.232,0.77584,0.068,0.33116,0.239,0.59392,0.654
2282,,0.02772,0.207,0.74352,0.018,0.26348,0.164,0.52624,0.604
2283,,-0.0046,0.182,0.7112,-0.032,0.1958,0.089,0.45856,0.554
2284,4,0.05908,0.252,0.77488,1.0,0.23212,0.119,0.49488,0.604
2285,,0.02676,0.227,0.74256,0.95,0.16444,0.044,0.4272,0.554
2286,,-0.00556,0.202,0.71024,0.9,0.09676,-0.031,0.35952,0.504
2287,6,0.06312,0.277,0.77892,0.955,0.13808,1.0,0.40084,0.559
2288,,0.0308,0.252,0.7466,0.905,0.0704,0.925,0.33316,0.509
2289,,-0.00152,0.227,0.71428,0.855,0.00272,0.85,0.26548,0.459
2290,1,1.0,0.293,0.77496,0.901,0.03504,0.876,0.2978,0.505
2291,,0.96768,0.268,0.74264,0.851,-0.03264,0.801,0.23012,0.455
2292,5,1.0,0.342,0.81032,0.905,1.0,0.576,0.26944,0.509
2293,,0.96768,0.317,0.778,0.855,0.93232,0.501,0.20176,0.459
2294,,0.93536,0.292,0.74568,0.805,0.86464,0.426,0.13408,0.409
2295,,0.90304,0.267,0.71336,0.755,0.79696,0.351,0.0664,0.359
2296,,0.87072,0.242,0.68104,0.705,0.72928,0.276,-0.00128,0.309
2297,7,0.9384,0.316,0.74872,0.759,0.7686,0.31,1.0,0.363
2298,,0.90608,0.291,0.7164,0.709,0.70092,0.235,0.93232,0.313
2299,,0.87376,0.266,0.68408,0.659,0.63324,0.16,0.86464,0.263
2300,,0.84144,0.241,0.65176,0.609,0.56556,0.085,0.79696,0.213
2301,,0.80912,0.216,0.61944,0.559,0.49788,0.01,0.72928,0.163
2302,,0.7768,0.191,0.58712,0.509,0.4302,-0.065,0.6616,0.113
2303,6,0.84548,0.266,0.6558,0.564,0.47152,1.0,0.70292,0.168
2304,,0.81316,0.241,0.62348,0.514,0.40384,0.925,0.63524,0.118
2305,,0.78084,0.216,0.59116,0.464,0.33616,0.85,0.56756,0.068
2306,,0.74852,0.191,0.55884,0.414,0.26848,0.775,0.49988,0.018
2307,,0.7162,0.166,0.52652,0.364,0.2008,0.7,0.4322,-0.032
2308,8,0.77988,0.236,0.5902,0.414,0.23712,0.73,0.46852,1.0
2309,,0.74756,0.211,0.55788,0.364,0.16944,0.655,0.40084,0.95
2310,,0.71524,0.186,0.52556,0.314,0.10176,0.58,0.33316,0.9
2311,,0.68292,0.161,0.49324,0.264,0.03408,0.505,0.26548,0.85
2312,,0.6506,0.136,0.46092,0.214,-0.0336,0.43,0.1978,0.8
2313,5,0.71828,0.21,0.5286,0.268,1.0,0.205,0.23712,0.854
2314,,0.68596,0.185,0.49628,0.218,0.93232,0.13,0.16944,0.804
2315,,0.65364,0.16,0.46396,0.168,0.86464,0.055,0.10176,0.754
2316,,0.62132,0.135,0.43164,0.118,0.79696,-0.02,0.03408,0.704
2317,6,0.69,0.21,0.50032,0.173,0.83828,1.0,0.0754,0.759
2318,,0.65768,0.185,0.468,0.123,0.7706,0.925,0.00772,0.709
2319,,0.62536,0.16,0.43568,0.073,0.70292,0.85,-0.05996,0.659
2320,7,0.69304,0.234,0.50336,0.127,0.74224,0.884,1.0,0.713
2321,,0.66072,0.209,0.47104,0.077,0.67456,0.809,0.93232,0.663
2322,,0.6284,0.184,0.43872,0.027,0.60688,0.734,0.86464,0.613
2323,,0.59608,0.159,0.4064,-0.023,0.5392,0.659,0.79696,0.563
2324,4,0.65976,0.229,0.47008,1.0,0.57552,0.689,0.83328,0.613
2325,,0.62744,0.204,0.43776,0.95,0.50784,0.614,0.7656,0.563
2326,,0.59512,0.179,0.40544,0.9,0.44016,0.539,0.69792,0.513
2327,,0.5628,0.154,0.37312,0.85,0.37248,0.464,0.63024,0.463
2328,,0.53048,0.129,0.3408,0.8,0.3048,0.389,0.56256,0.413
2329,,0.49816,0.104,0.30848,0.75,0.23712,0.314,0.49488,0.363
2330,,0.46584,0.079,0.27616,0.7,0.16944,0.239,0.4272,0.313
2331,,0.43352,0.054,0.24384,0.65,0.10176,0.164,0.35952,0.263
2332,,0.4012,0.029,0.21152,0.6,0.03408,0.089,0.29184,0.213
2333,,0.36888,0.004,0.1792,0.55,-0.0336,0.014,0.22416,0.163
2334,5,0.43656,0.078,0.24688,0.604,1.0,-0.211,0.26348,0.217
2335,6,0.50524,0.153,0.31556,0.659,1.0,1.0,0.3048,0.272
2336,,0.47292,0.128,0.28324,0.609,0.93232,0.925,0.23712,0.222
2337,,0.4406,0.103,0.25092,0.559,0.86464,0.85,0.16944,0.172
2338,,0.40828,0.078,0.2186,0.509,0.79696,0.775,0.10176,0.122
2339,,0.37596,0.053,0.18628,0.459,0.72928,0.7,0.03408,0.072
2340,,0.34364,0.028,0.15396,0.409,0.6616,0.625,-0.0336,0.022
2341,7,0.41132,0.102,0.22164,0.463,0.70092,0.659,1.0,0.076
2342,,0.379,0.077,0.18932,0.413,0.63324,0.584,0.93232,0.026
2343,,0.34668,0.052,0.157,0.363,0.56556,0.509,0.86464,-0.024
2344,8,0.41036,0.122,0.22068,0.413,0.60188,0.539,0.90096,1.0
2345,,0.37804,0.097,0.18836,0.363,0.5342,0.464,0.83328,0.95
2346,,0.34572,0.072,0.15604,0.313,0.46652,0.389,0.7656,0.9
2347,,0.3134,0.047,0.12372,0.263,0.39884,0.314,0.69792,0.85
2348,,0.28108,0.022,0.0914,0.213,0.33116,0.239,0.63024,0.8
2349,,0.24876,-0.003,0.05908,0.163,0.26348,0.164,0.56256,0.75
2350,2,0.30744,1.0,0.11776,0.208,0.2948,0.189,0.59388,0.795
2351,,0.27512,0.975,0.08544,0.158,0.22712,0.114,0.5262,0.745
2352,,0.2428,0.95,0.05312,0.108,0.15944,0.039,0.45852,0.695
2353,,0.21048,0.925,0.0208,0.058,0.09176,-0.036,0.39084,0.645
2354,6,0.27916,1.0,0.08948,0.113,0.13308,1.0,0.43216,0.7
2355,,0.24684,0.975,0.05716,0.063,0.0654,0.925,0.36448,0.65
2356,,0.21452,0.95,0.02484,0.013,-0.00228,0.85,0.2968,0.6
2357,5,0.2822,1.0,0.09252,0.067,1.0,0.625,0.33612,0.654
2358,,0.24988,0.975,0.0602,0.017,0.93232,0.55,0.26844,0.604
2359,,0.21756,0.95,0.02788,-0.033,0.86464,0.475,0.20076,0.554
2360,4,0.28124,1.0,0.09156,1.0,0.90096,0.505,0.23708,0.604
2361,,0.24892,0.975,0.05924,0.95,0.83328,0.43,0.1694,0.554
2362,,0.2166,0.95,0.02692,0.9,0.7656,0.355,0.10172,0.504
2363,,0.18428,0.925,-0.0054,0.85,0.69792,0.28,0.03404,0.454
2364,3,0.24496,0.991,1.0,0.896,0.73024,0.306,0.06636,0.5
2365,,0.21264,0.966,0.96768,0.846,0.66256,0.231,-0.00132,0.45
2366,7,0.28032,1.0,1.0,0.9,0.70188,0.265,1.0,0.504
2367,,0.248,0.975,0.96768,0.85,0.6342,0.19,0.93232,0.454
2368,,0.21568,0.95,0.93536,0.8,0.56652,0.115,0.86464,0.404
2369,,0.18336,0.925,0.90304,0.75,0.49884,0.04,0.79696,0.354
2370,,0.15104,0.9,0.87072,0.7,0.43116,-0.035,0.72928,0.304
2371,6,0.21972,0.975,0.9394,0.755,0.47248,1.0,0.7706,0.359
2372,,0.1874,0.95,0.90708,0.705,0.4048,0.925,0.70292,0.309
2373,,0.15508,0.925,0.87476,0.655,0.33712,0.85,0.63524,0.259
2374,,0.12276,0.9,0.84244,0.605,0.26944,0.775,0.56756,0.209
2375,,0.09044,0.875,0.81012,0.555,0.20176,0.7,0.49988,0.159
2376,,0.05812,0.85,0.7778,0.505,0.13408,0.625,0.4322,0.109
2377,,0.0258,0.825,0.74548,0.455,0.0664,0.55,0.36452,0.059
2378,,-0.00652,0.8,0.71316,0.405,-0.00128,0.475,0.29684,0.009
2379,1,1.0,0.866,0.77384,0.451,0.03104,0.501,0.32916,0.055
2380,,0.96768,0.841,0.74152,0.401,-0.03664,0.426,0.26148,0.005
2381,5,1.0,0.915,0.8092,0.455,1.0,0.201,0.3008,0.059
2382,,0.96768,0.89,0.77688,0.405,0.93232,0.126,0.23312,0.009
2383,,0.93536,0.865,0.74456,0.355,0.86464,0.051,0.16544,-0.041
2384,8,0.99904,0.935,0.80824,0.405,0.90096,0.081,0.20176,1.0
2385,,0.96672,0.91,0.77592,0.355,0.83328,0.006,0.13408,0.95
2386,,0.9344,0.885,0.7436,0.305,0.7656,-0.069,0.0664,0.9
2387,6,1.0,0.96,0.81228,0.36,0.80692,1.0,0.10772,0.955
2388,,0.96768,0.935,0.77996,0.31,0.73924,0.925,0.04004,0.905
2389,,0.93536,0.91,0.74764,0.26,0.67156,0.85,-0.02764,0.855
2390,7,1.0,0.984,0.81532,0.314,0.71088,0.884,1.0,0.909
2391,,0.96768,0.959,0.783,0.264,0.6432,0.809,0.93232,0.859
2392,,0.93536,0.934,0.75068,0.214,0.57552,0.734,0.86464,0.809
2393,,0.90304,0.909,0.71836,0.164,0.50784,0.659,0.79696,0.759
2394,,0.87072,0.884,0.68604,0.114,0.44016,0.584,0.72928,0.709
2395,,0.8384,0.859,0.65372,0.064,0.37248,0.509,0.6616,0.659
2396,,0.80608,0.834,0.6214,0.014,0.3048,0.434,0.59392,0.609
2397,,0.77376,0.809,0.58908,-0.036,0.23712,0.359,0.52624,0.559
2398,4,0.83744,0.879,0.65276,1.0,0.27344,0.389,0.56256,0.609
2399,,0.80512,0.854,0.62044,0.95,0.20576,0.314,0.49488,0.559
2400,,0.7728,0.829,0.58812,0.9,0.13808,0.239,0.4272,0.509
2401,,0.74048,0.804,0.5558,0.85,0.0704,0.164,0.35952,0.459
2402,,0.70816,0.779,0.52348,0.8,0.00272,0.089,0.29184,0.409
2403,,0.67584,0.754,0.49116,0.75,-0.06496,0.014,0.22416,0.359
2404,5,0.74352,0.828,0.55884,0.804,1.0,-0.211,0.26348,0.413
2405,6,0.8122,0.903,0.62752,0.859,1.0,1.0,0.3048,0.468
2406,,0.77988,0.878,0.5952,0.809,0.93232,0.925,0.23712,0.418
2407,,0.74756,0.853,0.56288,0.759,0.86464,0.85,0.16944,0.368
2408,,0.71524,0.828,0.53056,0.709,0.79696,0.775,0.10176,0.318
2409,,0.68292,0.803,0.49824,0.659,0.72928,0.7,0.03408,0.268
2410,,0.6506,0.778,0.46592,0.609,0.6616,0.625,-0.0336,0.218
2411,7,0.71828,0.852,0.5336,0.663,0.70092,0.659,1.0,0.272
2412,,0.68596,0.827,0.50128,0.613,0.63324,0.584,0.93232,0.222
2413,,0.65364,0.802,0.46896,0.563,0.56556,0.509,0.86464,0.172
2414,,0.62132,0.777,0.43664,0.513,0.49788,0.434,0.79696,0.122
2415,,0.589,0.752,0.40432,0.463,0.4302,0.359,0.72928,0.072
2416,,0.55668,0.727,0.372,0.413,0.36252,0.284,0.6616,0.022
2417,,0.52436,0.702,0.33968,0.363,0.29484,0.209,0.59392,-0.028
2418,8,0.58804,0.772,0.40336,0.413,0.33116,0.239,0.63024,1.0
2419,,0.55572,0.747,0.37104,0.363,0.26348,0.164,0.56256,0.95
2420,,0.5234,0.722,0.33872,0.313,0.1958,0.089,0.49488,0.9
2421,,0.49108,0.697,0.3064,0.263,0.12812,0.014,0.4272,0.85
2422,,0.45876,0.672,0.27408,0.213,0.06044,-0.061,0.35952,0.8
2423,6,0.52744,0.747,0.34276,0.268,0.10176,1.0,0.40084,0.855
2424,,0.49512,0.722,0.31044,0.218,0.03408,0.925,0.33316,0.805
2425,,0.4628,0.697,0.27812,0.168,-0.0336,0.85,0.26548,0.755
2426,5,0.53048,0.771,0.3458,0.222,1.0,0.625,0.3048,0.809
2427,,0.49816,0.746,0.31348,0.172,0.93232,0.55,0.23712,0.759
2428,,0.46584,0.721,0.28116,0.122,0.86464,0.475,0.16944,0.709
2429,,0.43352,0.696,0.24884,0.072,0.79696,0.4,0.10176,0.659
2430,,0.4012,0.671,0.21652,0.022,0.72928,0.325,0.03408,0.609
2431,,0.36888,0.646,0.1842,-0.028,0.6616,0.25,-0.0336,0.559
2432,7,0.43656,0.72,0.25188,0.026,0.70092,0.284,1.0,0.613
2433,,0.40424,0.695,0.21956,-0.024,0.63324,0.209,0.93232,0.563
2434,4,0.46792,0.765,0.28324,1.0,0.66956,0.239,0.96864,0.613
2435,,0.4356,0.74,0.25092,0.95,0.60188,0.164,0.90096,0.563
2436,,0.40328,0.715,0.2186,0.9,0.5342,0.089,0.83328,0.513
2437,,0.37096,0.69,0.18628,0.85,0.46652,0.014,0.7656,0.463
2438,,0.33864,0.665,0.15396,0.8,0.39884,-0.061,0.69792,0.413
2439,6,0.40732,0.74,0.22264,0.855,0.44016,1.0,0.73924,0.468
2440,,0.375,0.715,0.19032,0.805,0.37248,0.925,0.67156,0.418
2441,,0.34268,0.69,0.158,0.755,0.3048,0.85,0.60388,0.368
2442,,0.31036,0.665,0.12568,0.705,0.23712,0.775,0.5362,0.318
2443,,0.27804,0.64,0.09336,0.655,0.16944,0.7,0.46852,0.268
2444,,0.24572,0.615,0.06104,0.605,0.10176,0.625,0.40084,0.218
2445,,0.2134,0.59,0.02872,0.555,0.03408,0.55,0.33316,0.168
2446,,0.18108,0.565,-0.0036,0.505,-0.0336,0.475,0.26548,0.118
2447,5,0.24876,0.639,0.06408,0.559,1.0,0.25,0.3048,0.172
2448,,0.21644,0.614,0.03176,0.509,0.93232,0.175,0.23712,0.122
2449,,0.18412,0.589,-0.00056,0.459,0.86464,0.1,0.16944,0.072
2450,3,0.2448,0.655,1.0,0.505,0.89696,0.126,0.20176,0.118
2451,,0.21248,0.63,0.96768,0.455,0.82928,0.051,0.13408,0.068
2452,,0.18016,0.605,0.93536,0.405,0.7616,-0.024,0.0664,0.018
2453,6,0.24884,0.68,1.0,0.46,0.80292,1.0,0.10772,0.073
2454,,0.21652,0.655,0.96768,0.41,0.73524,0.925,0.04004,0.023
2455,,0.1842,0.63,0.93536,0.36,0.66756,0.85,-0.02764,-0.027
2456,7,0.25188,0.704,1.0,0.414,0.70688,0.884,1.0,0.027
2457,,0.21956,0.679,0.96768,0.364,0.6392,0.809,0.93232,-0.023
2458,8,0.28324,0.749,1.0,0.414,0.67552,0.839,0.96864,1.0
2459,,0.25092,0.724,0.96768,0.364,0.60784,0.764,0.90096,0.95
2460,,0.2186,0.699,0.93536,0.314,0.54016,0.689,0.83328,0.9
2461,,0.18628,0.674,0.90304,0.264,0.47248,0.614,0.7656,0.85
2462,,0.15396,0.649,0.87072,0.214,0.4048,0.539,0.69792,0.8
2463,,0.12164,0.624,0.8384,0.164,0.33712,0.464,0.63024,0.75
2464,,0.08932,0.599,0.80608,0.114,0.26944,0.389,0.56256,0.7
2465,,0.057,0.574,0.77376,0.064,0.20176,0.314,0.49488,0.65
2466,,0.02468,0.549,0.74144,0.014,0.13408,0.239,0.4272,0.6
2467,,-0.00764,0.524,0.70912,-0.036,0.0664,0.164,0.35952,0.55
2468,4,0.05604,0.594,0.7728,1.0,0.10272,0.194,0.39584,0.6
2469,,0.02372,0.569,0.74048,0.95,0.03504,0.119,0.32816,0.55
2470,,-0.0086,0.544,0.70816,0.9,-0.03264,0.044,0.26048,0.5
2471,5,0.05908,0.618,0.77584,0.954,1.0,-0.181,0.2998,0.554
2472,6,0.12776,0.693,0.84452,1.0,1.0,1.0,0.34112,0.609
2473,,0.09544,0.668,0.8122,0.95,0.93232,0.925,0.27344,0.559
2474,,0.06312,0.643,0.77988,0.9,0.86464,0.85,0.20576,0.509
2475,,0.0308,0.618,0.74756,0.85,0.79696,0.775,0.13808,0.459
2476,,-0.00152,0.593,0.71524,0.8,0.72928,0.7,0.0704,0.409
2477,1,1.0,0.659,0.77592,0.846,0.7616,0.726,0.10272,0.455
2478,,0.96768,0.634,0.7436,0.796,0.69392,0.651,0.03504,0.405
2479,,0.93536,0.609,0.71128,0.746,0.62624,0.576,-0.03264,0.355
2480,7,1.0,0.683,0.77896,0.8,0.66556,0.61,1.0,0.409
2481,,0.96768,0.658,0.74664,0.75,0.59788,0.535,0.93232,0.359
2482,,0.93536,0.633,0.71432,0.7,0.5302,0.46,0.86464,0.309
2483,,0.90304,0.608,0.682,0.65,0.46252,0.385,0.79696,0.259
2484,,0.87072,0.583,0.64968,0.6,0.39484,0.31,0.72928,0.209
2485,,0.8384,0.558,0.61736,0.55,0.32716,0.235,0.6616,0.159
2486,,0.80608,0.533,0.58504,0.5,0.25948,0.16,0.59392,0.109
2487,,0.77376,0.508,0.55272,0.45,0.1918,0.085,0.52624,0.059
2488,,0.74144,0.483,0.5204,0.4,0.12412,0.01,0.45856,0.009
2489,,0.70912,0.458,0.48808,0.35,0.05644,-0.065,0.39088,-0.041
2490,6,0.7778,0.533,0.55676,0.405,0.09776,1.0,0.4322,0.014
2491,,0.74548,0.508,0.52444,0.355,0.03008,0.925,0.36452,-0.036
2492,8,0.80916,0.578,0.58812,0.405,0.0664,0.955,0.40084,1.0
2493,,0.77684,0.553,0.5558,0.355,-0.00128,0.88,0.33316,0.95
2494,5,0.84452,0.627,0.62348,0.409,1.0,0.655,0.37248,1.0
2495,,0.8122,0.602,0.59116,0.359,0.93232,0.58,0.3048,0.95
2496,,0.77988,0.577,0.55884,0.309,0.86464,0.505,0.23712,0.9
2497,,0.74756,0.552,0.52652,0.259,0.79696,0.43,0.16944,0.85
2498,,0.71524,0.527,0.4942,0.209,0.72928,0.355,0.10176,0.8
2499,,0.68292,0.502,0.46188,0.159,0.6616,0.28,0.03408,0.75
2500,,0.6506,0.477,0.42956,0.109,0.59392,0.205,-0.0336,0.7
2501,7,0.71828,0.551,0.49724,0.163,0.63324,0.239,1.0,0.754
2502,,0.68596,0.526,0.46492,0.113,0.56556,0.164,0.93232,0.704
2503,,0.65364,0.501,0.4326,0.063,0.49788,0.089,0.86464,0.654
2504,,0.62132,0.476,0.40028,0.013,0.4302,0.014,0.79696,0.604
2505,,0.589,0.451,0.36796,-0.037,0.36252,-0.061,0.72928,0.554
2506,6,0.65768,0.526,0.43664,0.018,0.40384,1.0,0.7706,0.609
2507,,0.62536,0.501,0.40432,-0.032,0.33616,0.925,0.70292,0.559
2508,4,0.68904,0.571,0.468,1.0,0.37248,0.955,0.73924,0.609
2509,,0.65672,0.546,0.43568,0.95,0.3048,0.88,0.67156,0.559
2510,,0.6244,0.521,0.40336,0.9,0.23712,0.805,0.60388,0.509
2511,,0.59208,0.496,0.37104,0.85,0.16944,0.73,0.5362,0.459
2512,,0.55976,0.471,0.33872,0.8,0.10176,0.655,0.46852,0.409
2513,,0.52744,0.446,0.3064,0.75,0.03408,0.58,0.40084,0.359
2514,,0.49512,0.421,0.27408,0.7,-0.0336,0.505,0.33316,0.309
2515,5,0.5628,0.495,0.34176,0.754,1.0,0.28,0.37248,0.363
2516,,0.53048,0.47,0.30944,0.704,0.93232,0.205,0.3048,0.313
2517,,0.49816,0.445,0.27712,0.654,0.86464,0.13,0.23712,0.263
2518,,0.46584,0.42,0.2448,0.604,0.79696,0.055,0.16944,0.213
2519,,0.43352,0.395,0.21248,0.554,0.72928,-0.02,0.10176,0.163
2520,6,0.5022,0.47,0.28116,0.609,0.7706,1.0,0.14308,0.218
2521,,0.46988,0.445,0.24884,0.559,0.70292,0.925,0.0754,0.168
2522,,0.43756,0.42,0.21652,0.509,0.63524,0.85,0.00772,0.118
2523,,0.40524,0.395,0.1842,0.459,0.56756,0.775,-0.05996,0.068
2524,7,0.47292,0.469,0.25188,0.513,0.60688,0.809,1.0,0.122
2525,,0.4406,0.444,0.21956,0.463,0.5392,0.734,0.93232,0.072
2526,,0.40828,0.419,0.18724,0.413,0.47152,0.659,0.86464,0.022
2527,,0.37596,0.394,0.15492,0.363,0.40384,0.584,0.79696,-0.028
2528,8,0.43964,0.464,0.2186,0.413,0.44016,0.614,0.83328,1.0
2529,,0.40732,0.439,0.18628,0.363,0.37248,0.539,0.7656,0.95
2530,,0.375,0.414,0.15396,0.313,0.3048,0.464,0.69792,0.9
2531,,0.34268,0.389,0.12164,0.263,0.23712,0.389,0.63024,0.85
2532,,0.31036,0.364,0.08932,0.213,0.16944,0.314,0.56256,0.8
2533,,0.27804,0.339,0.057,0.163,0.10176,0.239,0.49488,0.75
2534,,0.24572,0.314,0.02468,0.113,0.03408,0.164,0.4272,0.7
2535,,0.2134,0.289,-0.00764,0.063,-0.0336,0.089,0.35952,0.65
2536,5,0.28108,0.363,0.06004,0.117,1.0,-0.136,0.39884,0.704
2537,6,0.34976,0.438,0.12872,0.172,1.0,1.0,0.44016,0.759
2538,,0.31744,0.413,0.0964,0.122,0.93232,0.925,0.37248,0.709
2539,,0.28512,0.388,0.06408,0.072,0.86464,0.85,0.3048,0.659
2540,,0.2528,0.363,0.03176,0.022,0.79696,0.775,0.23712,0.609
2541,,0.22048,0.338,-0.00056,-0.028,0.72928,0.7,0.16944,0.559
2542,4,0.28416,0.408,0.06312,1.0,0.7656,0.73,0.20576,0.609
2543,,0.25184,0.383,0.0308,0.95,0.69792,0.655,0.13808,0.559
2544,,0.21952,0.358,-0.00152,0.9,0.63024,0.58,0.0704,0.509
2545,3,0.2802,0.424,1.0,0.946,0.66256,0.606,0.10272,0.555
2546,,0.24788,0.399,0.96768,0.896,0.59488,0.531,0.03504,0.505
2547,,0.21556,0.374,0.93536,0.846,0.5272,0.456,-0.03264,0.455
2548,7,0.28324,0.448,1.0,0.9,0.56652,0.49,1.0,0.509
2549,,0.25092,0.423,0.96768,0.85,0.49884,0.415,0.93232,0.459
2550,,0.2186,0.398,0.93536,0.8,0.43116,0.34,0.86464,0.409
2551,,0.18628,0.373,0.90304,0.75,0.36348,0.265,0.79696,0.359
2552,,0.15396,0.348,0.87072,0.7,0.2958,0.19,0.72928,0.309
2553,,0.12164,0.323,0.8384,0.65,0.22812,0.115,0.6616,0.259
2554,,0.08932,0.298,0.80608,0.6,0.16044,0.04,0.59392,0.209
2555,,0.057,0.273,0.77376,0.55,0.09276,-0.035,0.52624,0.159
2556,6,0.12568,0.348,0.84244,0.605,0.13408,1.0,0.56756,0.214
2557,,0.09336,0.323,0.81012,0.555,0.0664,0.925,0.49988,0.164
2558,,0.06104,0.298,0.7778,0.505,-0.00128,0.85,0.4322,0.114
2559,5,0.12872,0.372,0.84548,0.559,1.0,0.625,0.47152,0.168
2560,,0.0964,0.347,0.81316,0.509,0.93232,0.55,0.40384,0.118
2561,,0.06408,0.322,0.78084,0.459,0.86464,0.475,0.33616,0.068
2562,,0.03176,0.297,0.74852,0.409,0.79696,0.4,0.26848,0.018
2563,,-0.00056,0.272,0.7162,0.359,0.72928,0.325,0.2008,-0.032
2564,8,0.06312,0.342,0.77988,0.409,0.7656,0.355,0.23712,1.0
2565,,0.0308,0.317,0.74756,0.359,0.69792,0.28,0.16944,0.95
2566,,-0.00152,0.292,0.71524,0.309,0.63024,0.205,0.10176,0.9
2567,1,1.0,0.358,0.77592,0.355,0.66256,0.231,0.13408,0.946
2568,,0.96768,0.333,0.7436,0.305,0.59488,0.156,0.0664,0.896
2569,,0.93536,0.308,0.71128,0.255,0.5272,0.081,-0.00128,0.846
2570,7,1.0,0.382,0.77896,0.309,0.56652,0.115,1.0,0.9
2571,,0.96768,0.357,0.74664,0.259,0.49884,0.04,0.93232,0.85
2572,,0.93536,0.332,0.71432,0.209,0.43116,-0.035,0.86464,0.8
2573,6,1.0,0.407,0.783,0.264,0.47248,1.0,0.90596,0.855
2574,,0.96768,0.382,0.75068,0.214,0.4048,0.925,0.83828,0.805
2575,,0.93536,0.357,0.71836,0.164,0.33712,0.85,0.7706,0.755
2576,,0.90304,0.332,0.68604,0.114,0.26944,0.775,0.70292,0.705
2577,,0.87072,0.307,0.65372,0.064,0.20176,0.7,0.63524,0.655
2578,,0.8384,0.282,0.6214,0.014,0.13408,0.625,0.56756,0.605
2579,,0.80608,0.257,0.58908,-0.036,0.0664,0.55,0.49988,0.555
2580,4,0.86976,0.327,0.65276,1.0,0.10272,0.58,0.5362,0.605
2581,,0.83744,0.302,0.62044,0.95,0.03504,0.505,0.46852,0.555
2582,,0.80512,0.277,0.58812,0.9,-0.03264,0.43,0.40084,0.505
2583,5,0.8728,0.351,0.6558,0.954,1.0,0.205,0.44016,0.559
2584,,0.84048,0.326,0.62348,0.904,0.93232,0.13,0.37248,0.509
2585,,0.80816,0.301,0.59116,0.854,0.86464,0.055,0.3048,0.459
2586,,0.77584,0.276,0.55884,0.804,0.79696,-0.02,0.23712,0.409
2587,6,0.84452,0.351,0.62752,0.859,0.83828,1.0,0.27844,0.464
2588,,0.8122,0.326,0.5952,0.809,0.7706,0.925,0.21076,0.414
2589,,0.77988,0.301,0.56288,0.759,0.70292,0.85,0.14308,0.364
2590,,0.74756,0.276,0.53056,0.709,0.63524,0.775,0.0754,0.314
2591,,0.71524,0.251,0.49824,0.659,0.56756,0.7,0.00772,0.264
2592,,0.68292,0.226,0.46592,0.609,0.49988,0.625,-0.05996,0.214
2593,7,0.7506,0.3,0.5336,0.663,0.5392,0.659,1.0,0.268
2594,,0.71828,0.275,0.50128,0.613,0.47152,0.584,0.93232,0.218
2595,,0.68596,0.25,0.46896,0.563,0.40384,0.509,0.86464,0.168
2596,,0.65364,0.225,0.43664,0.513,0.33616,0.434,0.79696,0.118
2597,,0.62132,0.2,0.40432,0.463,0.26848,0.359,0.72928,0.068
2598,,0.589,0.175,0.372,0.413,0.2008,0.284,0.6616,0.018
2599,,0.55668,0.15,0.33968,0.363,0.13312,0.209,0.59392,-0.032
2600,8,0.62036,0.22,0.40336,0.413,0.16944,0.239,0.63024,1.0
2601,,0.58804,0.195,0.37104,0.363,0.10176,0.164,0.56256,0.95
2602,,0.55572,0.17,0.33872,0.313,0.03408,0.089,0.49488,0.9
2603,,0.5234,0.145,0.3064,0.263,-0.0336,0.014,0.4272,0.85
2604,5,0.59108,0.219,0.37408,0.317,1.0,-0.211,0.46652,0.904
2605,6,0.65976,0.294,0.44276,0.372,1.0,1.0,0.50784,0.959
2606,,0.62744,0.269,0.41044,0.322,0.93232,0.925,0.44016,0.909
2607,,0.59512,0.244,0.37812,0.272,0.86464,0.85,0.37248,0.859
2608,,0.5628,0.219,0.3458,0.222,0.79696,0.775,0.3048,0.809
2609,,0.53048,0.194,0.31348,0.172,0.72928,0.7,0.23712,0.759
2610,,0.49816,0.169,0.28116,0.122,0.6616,0.625,0.16944,0.709
2611,,0.46584,0.144,0.24884,0.072,0.59392,0.55,0.10176,0.659
2612,,0.43352,0.119,0.21652,0.022,0.52624,0.475,0.03408,0.609
2613,,0.4012,0.094,0.1842,-0.028,0.45856,0.4,-0.0336,0.559
2614,7,0.46888,0.168,0.25188,0.026,0.49788,0.434,1.0,0.613
2615,,0.43656,0.143,0.21956,-0.024,0.4302,0.359,0.93232,0.563
2616,4,0.50024,0.213,0.28324,1.0,0.46652,0.389,0.96864,0.613
2617,,0.46792,0.188,0.25092,0.95,0.39884,0.314,0.90096,0.563
2618,,0.4356,0.163,0.2186,0.9,0.33116,0.239,0.83328,0.513
2619,,0.40328,0.138,0.18628,0.85,0.26348,0.164,0.7656,0.463
2620,,0.37096,0.113,0.15396,0.8,0.1958,0.089,0.69792,0.413
2621,,0.33864,0.088,0.12164,0.75,0.12812,0.014,0.63024,0.363
2622,,0.30632,0.063,0.08932,0.7,0.06044,-0.061,0.56256,0.313
2623,6,0.375,0.138,0.158,0.755,0.10176,1.0,0.60388,0.368
2624,,0.34268,0.113,0.12568,0.705,0.03408,0.925,0.5362,0.318
2625,,0.31036,0.088,0.09336,0.655,-0.0336,0.85,0.46852,0.268
2626,5,0.37804,0.162,0.16104,0.709,1.0,0.625,0.50784,0.322
2627,,0.34572,0.137,0.12872,0.659,0.93232,0.55,0.44016,0.272
2628,,0.3134,0.112,0.0964,0.609,0.86464,0.475,0.37248,0.222
2629,,0.28108,0.087,0.06408,0.559,0.79696,0.4,0.3048,0.172
2630,,0.24876,0.062,0.03176,0.509,0.72928,0.325,0.23712,0.122
2631,,0.21644,0.037,-0.00056,0.459,0.6616,0.25,0.16944,0.072
2632,3,0.27712,0.103,1.0,0.505,0.69392,0.276,0.20176,0.118
2633,,0.2448,0.078,0.96768,0.455,0.62624,0.201,0.13408,0.068
2634,,0.21248,0.053,0.93536,0.405,0.55856,0.126,0.0664,0.018
2635,,0.18016,0.028,0.90304,0.355,0.49088,0.051,-0.00128,-0.032
2636,8,0.24384,0.098,0.96672,0.405,0.5272,0.081,0.03504,1.0
2637,,0.21152,0.073,0.9344,0.355,0.45952,0.006,-0.03264,0.95
2638,7,0.2792,0.147,1.0,0.409,0.49884,0.04,1.0,1.0
2639,,0.24688,0.122,0.96768,0.359,0.43116,-0.035,0.93232,0.95
2640,6,0.31556,0.197,1.0,0.414,0.47248,1.0,0.97364,1.0
2641,,0.28324,0.172,0.96768,0.364,0.4048,0.925,0.90596,0.95
2642,,0.25092,0.147,0.93536,0.314,0.33712,0.85,0.83828,0.9
2643,,0.2186,0.122,0.90304,0.264,0.26944,0.775,0.7706,0.85
2644,,0.18628,0.097,0.87072,0.214,0.20176,0.7,0.70292,0.8
2645,,0.15396,0.072,0.8384,0.164,0.13408,0.625,0.63524,0.75
2646,,0.12164,0.047,0.80608,0.114,0.0664,0.55,0.56756,0.7
2647,,0.08932,0.022,0.77376,0.064,-0.00128,0.475,0.49988,0.65
2648,5,0.157,0.096,0.84144,0.118,1.0,0.25,0.5392,0.704
2649,,0.12468,0.071,0.80912,0.068,0.93232,0.175,0.47152,0.654
2650,,0.09236,0.046,0.7768,0.018,0.86464,0.1,0.40384,0.604
2651,,0.06004,0.021,0.74448,-0.032,0.79696,0.025,0.33616,0.554
2652,4,0.12372,0.091,0.80816,1.0,0.83328,0.055,0.37248,0.604
2653,,0.0914,0.066,0.77584,0.95,0.7656,-0.02,0.3048,0.554
2654,6,0.16008,0.141,0.84452,1.0,0.80692,1.0,0.34612,0.609
2655,,0.12776,0.116,0.8122,0.95,0.73924,0.925,0.27844,0.559
2656,,0.09544,0.091,0.77988,0.9,0.67156,0.85,0.21076,0.509
2657,,0.06312,0.066,0.74756,0.85,0.60388,0.775,0.14308,0.459
2658,,0.0308,0.041,0.71524,0.8,0.5362,0.7,0.0754,0.409
2659,,-0.00152,0.016,0.68292,0.75,0.46852,0.625,0.00772,0.359
2660,1,1.0,0.082,0.7436,0.796,0.50084,0.651,0.04004,0.405
2661,,0.96768,0.057,0.71128,0.746,0.43316,0.576,-0.02764,0.355
2662,7,1.0,0.131,0.77896,0.8,0.47248,0.61,1.0,0.409
2663,,0.96768,0.106,0.74664,0.75,0.4048,0.535,0.93232,0.359
2664,,0.93536,0.081,0.71432,0.7,0.33712,0.46,0.86464,0.309
2665,,0.90304,0.056,0.682,0.65,0.26944,0.385,0.79696,0.259
2666,,0.87072,0.031,0.64968,0.6,0.20176,0.31,0.72928,0.209
2667,,0.8384,0.006,0.61736,0.55,0.13408,0.235,0.6616,0.159
2668,,0.80608,-0.019,0.58504,0.5,0.0664,0.16,0.59392,0.109
2669,2,0.86476,1.0,0.64372,0.545,0.09772,0.185,0.62524,0.154
2670,,0.83244,0.975,0.6114,0.495,0.03004,0.11,0.55756,0.104
2671,,0.80012,0.95,0.57908,0.445,-0.03764,0.035,0.48988,0.054
2672,5,0.8678,1.0,0.64676,0.499,1.0,-0.19,0.5292,0.108
2673,6,0.93648,1.0,0.71544,0.554,1.0,1.0,0.57052,0.163
2674,,0.90416,0.975,0.68312,0.504,0.93232,0.925,0.50284,0.113
2675,,0.87184,0.95,0.6508,0.454,0.86464,0.85,0.43516,0.063
2676,,0.83952,0.925,0.61848,0.404,0.79696,0.775,0.36748,0.013
2677,,0.8072,0.9,0.58616,0.354,0.72928,0.7,0.2998,-0.037
2678,8,0.87088,0.97,0.64984,0.404,0.7656,0.73,0.33612,1.0
2679,,0.83856,0.945,0.61752,0.354,0.69792,0.655,0.26844,0.95
2680,,0.80624,0.92,0.5852,0.304,0.63024,0.58,0.20076,0.9
2681,,0.77392,0.895,0.55288,0.254,0.56256,0.505,0.13308,0.85
2682,,0.7416,0.87,0.52056,0.204,0.49488,0.43,0.0654,0.8
2683,,0.70928,0.845,0.48824,0.154,0.4272,0.355,-0.00228,0.75
2684,7,0.77696,0.919,0.55592,0.208,0.46652,0.389,1.0,0.804
2685,,0.74464,0.894,0.5236,0.158,0.39884,0.314,0.93232,0.754
2686,,0.71232,0.869,0.49128,0.108,0.33116,0.239,0.86464,0.704
2687,,0.68,0.844,0.45896,0.058,0.26348,0.164,0.79696,0.654
2688,,0.64768,0.819,0.42664,0.008,0.1958,0.089,0.72928,0.604
2689,,0.61536,0.794,0.39432,-0.042,0.12812,0.014,0.6616,0.554
2690,4,0.67904,0.864,0.458,1.0,0.16444,0.044,0.69792,0.604
2691,,0.64672,0.839,0.42568,0.95,0.09676,-0.031,0.63024,0.554
2692,6,0.7154,0.914,0.49436,1.0,0.13808,1.0,0.67156,0.609
2693,,0.68308,0.889,0.46204,0.95,0.0704,0.925,0.60388,0.559
2694,,0.65076,0.864,0.42972,0.9,0.00272,0.85,0.5362,0.509
2695,,0.61844,0.839,0.3974,0.85,-0.06496,0.775,0.46852,0.459
2696,5,0.68612,0.913,0.46508,0.904,1.0,0.55,0.50784,0.513
2697,,0.6538,0.888,0.43276,0.854,0.93232,0.475,0.44016,0.463
2698,,0.62148,0.863,0.40044,0.804,0.86464,0.4,0.37248,0.413
2699,,0.58916,0.838,0.36812,0.754,0.79696,0.325,0.3048,0.363
2700,,0.55684,0.813,0.3358,0.704,0.72928,0.25,0.23712,0.313
2701,,0.52452,0.788,0.30348,0.654,0.6616,0.175,0.16944,0.263
2702,,0.4922,0.763,0.27116,0.604,0.59392,0.1,0.10176,0.213
2703,,0.45988,0.738,0.23884,0.554,0.52624,0.025,0.03408,0.163
2704,,0.42756,0.713,0.20652,0.504,0.45856,-0.05,-0.0336,0.113
2705,6,0.49624,0.788,0.2752,0.559,0.49988,1.0,0.00772,0.168
2706,,0.46392,0.763,0.24288,0.509,0.4322,0.925,-0.05996,0.118
2707,7,0.5316,0.837,0.31056,0.563,0.47152,0.959,1.0,0.172
2708,,0.49928,0.812,0.27824,0.513,0.40384,0.884,0.93232,0.122
2709,,0.46696,0.787,0.24592,0.463,0.33616,0.809,0.86464,0.072
2710,,0.43464,0.762,0.2136,0.413,0.26848,0.734,0.79696,0.022
2711,,0.40232,0.737,0.18128,0.363,0.2008,0.659,0.72928,-0.028
2712,8,0.466,0.807,0.24496,0.413,0.23712,0.689,0.7656,1.0
2713,,0.43368,0.782,0.21264,0.363,0.16944,0.614,0.69792,0.95
2714,,0.40136,0.757,0.18032,0.313,0.10176,0.539,0.63024,0.9
2715,,0.36904,0.732,0.148,0.263,0.03408,0.464,0.56256,0.85
2716,,0.33672,0.707,0.11568,0.213,-0.0336,0.389,0.49488,0.8
2717,5,0.4044,0.781,0.18336,0.267,1.0,0.164,0.5342,0.854
2718,,0.37208,0.756,0.15104,0.217,0.93232,0.089,0.46652,0.804
2719,,0.33976,0.731,0.11872,0.167,0.86464,0.014,0.39884,0.754
2720,,0.30744,0.706,0.0864,0.117,0.79696,-0.061,0.33116,0.704
2721,6,0.37612,0.781,0.15508,0.172,0.83828,1.0,0.37248,0.759
2722,,0.3438,0.756,0.12276,0.122,0.7706,0.925,0.3048,0.709
2723,,0.31148,0.731,0.09044,0.072,0.70292,0.85,0.23712,0.659
2724,,0.27916,0.706,0.05812,0.022,0.63524,0.775,0.16944,0.609
2725,,0.24684,0.681,0.0258,-0.028,0.56756,0.7,0.10176,0.559
2726,4,0.31052,0.751,0.08948,1.0,0.60388,0.73,0.13808,0.609
2727,,0.2782,0.726,0.05716,0.95,0.5362,0.655,0.0704,0.559
2728,,0.24588,0.701,0.02484,0.9,0.46852,0.58,0.00272,0.509
2729,,0.21356,0.676,-0.00748,0.85,0.40084,0.505,-0.06496,0.459
2730,7,0.28124,0.75,0.0602,0.904,0.44016,0.539,1.0,0.513
2731,,0.24892,0.725,0.02788,0.854,0.37248,0.464,0.93232,0.463
2732,,0.2166,0.7,-0.00444,0.804,0.3048,0.389,0.86464,0.413
2733,3,0.27728,0.766,1.0,0.85,0.33712,0.415,0.89696,0.459
2734,,0.24496,0.741,0.96768,0.8,0.26944,0.34,0.82928,0.409
2735,,0.21264,0.716,0.93536,0.75,0.20176,0.265,0.7616,0.359
2736,,0.18032,0.691,0.90304,0.7,0.13408,0.19,0.69392,0.309
2737,,0.148,0.666,0.87072,0.65,0.0664,0.115,0.62624,0.259
2738,,0.11568,0.641,0.8384,0.6,-0.00128,0.04,0.55856,0.209
2739,5,0.18336,0.715,0.90608,0.654,1.0,-0.185,0.59788,0.263
2740,6,0.25204,0.79,0.97476,0.709,1.0,1.0,0.6392,0.318
2741,,0.21972,0.765,0.94244,0.659,0.93232,0.925,0.57152,0.268
2742,,0.1874,0.74,0.91012,0.609,0.86464,0.85,0.50384,0.218
2743,,0.15508,0.715,0.8778,0.559,0.79696,0.775,0.43616,0.168
2744,,0.12276,0.69,0.84548,0.509,0.72928,0.7,0.36848,0.118
2745,,0.09044,0.665,0.81316,0.459,0.6616,0.625,0.3008,0.068
2746,,0.05812,0.64,0.78084,0.409,0.59392,0.55,0.23312,0.018
2747,,0.0258,0.615,0.74852,0.359,0.52624,0.475,0.16544,-0.032
2748,8,0.08948,0.685,0.8122,0.409,0.56256,0.505,0.20176,1.0
2749,,0.05716,0.66,0.77988,0.359,0.49488,0.43,0.13408,0.95
2750,,0.02484,0.635,0.74756,0.309,0.4272,0.355,0.0664,0.9
2751,,-0.00748,0.61,0.71524,0.259,0.35952,0.28,-0.00128,0.85
2752,1,1.0,0.676,0.77592,0.305,0.39184,0.306,0.03104,0.896
2753,,0.96768,0.651,0.7436,0.255,0.32416,0.231,-0.03664,0.846
2754,7,1.0,0.725,0.81128,0.309,0.36348,0.265,1.0,0.9
2755,,0.96768,0.7,0.77896,0.259,0.2958,0.19,0.93232,0.85
2756,,0.93536,0.675,0.74664,0.209,0.22812,0.115,0.86464,0.8
2757,,0.90304,0.65,0.71432,0.159,0.16044,0.04,0.79696,0.75
2758,,0.87072,0.625,0.682,0.109,0.09276,-0.035,0.72928,0.7
2759,6,0.9394,0.7,0.75068,0.164,0.13408,1.0,0.7706,0.755
2760,,0.90708,0.675,0.71836,0.114,0.0664,0.925,0.70292,0.705
2761,,0.87476,0.65,0.68604,0.064,-0.00128,0.85,0.63524,0.655
2762,5,0.94244,0.724,0.75372,0.118,1.0,0.625,0.67456,0.709
2763,,0.91012,0.699,0.7214,0.068,0.93232,0.55,0.60688,0.659
2764,,0.8778,0.674,0.68908,0.018,0.86464,0.475,0.5392,0.609
2765,,0.84548,0.649,0.65676,-0.032,0.79696,0.4,0.47152,0.559
2766,4,0.90916,0.719,0.72044,1.0,0.83328,0.43,0.50784,0.609
2767,,0.87684,0.694,0.68812,0.95,0.7656,0.355,0.44016,0.559
2768,,0.84452,0.669,0.6558,0.9,0.69792,0.28,0.37248,0.509
2769,,0.8122,0.644,0.62348,0.85,0.63024,0.205,0.3048,0.459
2770,,0.77988,0.619,0.59116,0.8,0.56256,0.13,0.23712,0.409
2771,,0.74756,0.594,0.55884,0.75,0.49488,0.055,0.16944,0.359
2772,,0.71524,0.569,0.52652,0.7,0.4272,-0.02,0.10176,0.309
2773,6,0.78392,0.644,0.5952,0.755,0.46852,1.0,0.14308,0.364
2774,,0.7516,0.619,0.56288,0.705,0.40084,0.925,0.0754,0.314
2775,,0.71928,0.594,0.53056,0.655,0.33316,0.85,0.00772,0.264
2776,,0.68696,0.569,0.49824,0.605,0.26548,0.775,-0.05996,0.214
2777,7,0.75464,0.643,0.56592,0.659,0.3048,0.809,1.0,0.268
2778,,0.72232,0.618,0.5336,0.609,0.23712,0.734,0.93232,0.218
2779,,0.69,0.593,0.50128,0.559,0.16944,0.659,0.86464,0.168
2780,,0.65768,0.568,0.46896,0.509,0.10176,0.584,0.79696,0.118
2781,,0.62536,0.543,0.43664,0.459,0.03408,0.509,0.72928,0.068
2782,,0.59304,0.518,0.40432,0.409,-0.0336,0.434,0.6616,0.018
2783,5,0.66072,0.592,0.472,0.463,1.0,0.209,0.70092,0.072
2784,,0.6284,0.567,0.43968,0.413,0.93232,0.134,0.63324,0.022
2785,,0.59608,0.542,0.40736,0.363,0.86464,0.059,0.56556,-0.028
2786,8,0.65976,0.612,0.47104,0.413,0.90096,0.089,0.60188,1.0
2787,,0.62744,0.587,0.43872,0.363,0.83328,0.014,0.5342,0.95
2788,,0.59512,0.562,0.4064,0.313,0.7656,-0.061,0.46652,0.9
2789,6,0.6638,0.637,0.47508,0.368,0.80692,1.0,0.50784,0.955
2790,,0.63148,0.612,0.44276,0.318,0.73924,0.925,0.44016,0.905
2791,,0.59916,0.587,0.41044,0.268,0.67156,0.85,0.37248,0.855
2792,,0.56684,0.562,0.37812,0.218,0.60388,0.775,0.3048,0.805
2793,,0.53452,0.537,0.3458,0.168,0.5362,0.7,0.23712,0.755
2794,,0.5022,0.512,0.31348,0.118,0.46852,0.625,0.16944,0.705
2795,,0.46988,0.487,0.28116,0.068,0.40084,0.55,0.10176,0.655
2796,,0.43756,0.462,0.24884,0.018,0.33316,0.475,0.03408,0.605
2797,,0.40524,0.437,0.21652,-0.032,0.26548,0.4,-0.0336,0.555
2798,7,0.47292,0.511,0.2842,0.022,0.3048,0.434,1.0,0.609
2799,,0.4406,0.486,0.25188,-0.028,0.23712,0.359,0.93232,0.559
2800,4,0.50428,0.556,0.31556,1.0,0.27344,0.389,0.96864,0.609
2801,,0.47196,0.531,0.28324,0.95,0.20576,0.314,0.90096,0.559
2802,,0.43964,0.506,0.25092,0.9,0.13808,0.239,0.83328,0.509
2803,,0.40732,0.481,0.2186,0.85,0.0704,0.164,0.7656,0.459
2804,,0.375,0.456,0.18628,0.8,0.00272,0.089,0.69792,0.409
2805,,0.34268,0.431,0.15396,0.75,-0.06496,0.014,0.63024,0.359
2806,5,0.41036,0.505,0.22164,0.804,1.0,-0.211,0.66956,0.413
2807,6,0.47904,0.58,0.29032,0.859,1.0,1.0,0.71088,0.468
2808,,0.44672,0.555,0.258,0.809,0.93232,0.925,0.6432,0.418
2809,,0.4144,0.53,0.22568,0.759,0.86464,0.85,0.57552,0.368
2810,,0.38208,0.505,0.19336,0.709,0.79696,0.775,0.50784,0.318
2811,,0.34976,0.48,0.16104,0.659,0.72928,0.7,0.44016,0.268
2812,,0.31744,0.455,0.12872,0.609,0.6616,0.625,0.37248,0.218
2813,,0.28512,0.43,0.0964,0.559,0.59392,0.55,0.3048,0.168
2814,,0.2528,0.405,0.06408,0.509,0.52624,0.475,0.23712,0.118
2815,,0.22048,0.38,0.03176,0.459,0.45856,0.4,0.16944,0.068
2816,,0.18816,0.355,-0.00056,0.409,0.39088,0.325,0.10176,0.018
2817,3,0.24884,0.421,1.0,0.455,0.4232,0.351,0.13408,0.064
2818,,0.21652,0.396,0.96768,0.405,0.35552,0.276,0.0664,0.014
2819,,0.1842,0.371,0.93536,0.355,0.28784,0.201,-0.00128,-0.036
2820,8,0.24788,0.441,0.99904,0.405,0.32416,0.231,0.03504,1.0
2821,,0.21556,0.416,0.96672,0.355,0.25648,0.156,-0.03264,0.95
2822,7,0.28324,0.49,1.0,0.409,0.2958,0.19,1.0,1.0
2823,,0.25092,0.465,0.96768,0.359,0.22812,0.115,0.93232,0.95
2824,,0.2186,0.44,0.93536,0.309,0.16044,0.04,0.86464,0.9
2825,,0.18628,0.415,0.90304,0.259,0.09276,-0.035,0.79696,0.85
2826,6,0.25496,0.49,0.97172,0.314,0.13408,1.0,0.83828,0.905
2827,,0.22264,0.465,0.9394,0.264,0.0664,0.925,0.7706,0.855
2828,,0.19032,0.44,0.90708,0.214,-0.00128,0.85,0.70292,0.805
2829,5,0.258,0.514,0.97476,0.268,1.0,0.625,0.74224,0.859
2830,,0.22568,0.489,0.94244,0.218,0.93232,0.55,0.67456,0.809
2831,,0.19336,0.464,0.91012,0.168,0.86464,0.475,0.60688,0.759
2832,,0.16104,0.439,0.8778,0.118,0.79696,0.4,0.5392,0.709
2833,,0.12872,0.414,0.84548,0.068,0.72928,0.325,0.47152,0.659
2834,,0.0964,0.389,0.81316,0.018,0.6616,0.25,0.40384,0.609
2835,,0.06408,0.364,0.78084,-0.032,0.59392,0.175,0.33616,0.559
2836,4,0.12776,0.434,0.84452,1.0,0.63024,0.205,0.37248,0.609
2837,,0.09544,0.409,0.8122,0.95,0.56256,0.13,0.3048,0.559
2838,,0.06312,0.384,0.77988,0.9,0.49488,0.055,0.23712,0.509
2839,,0.0308,0.359,0.74756,0.85,0.4272,-0.02,0.16944,0.459
2840,6,0.09948,0.434,0.81624,0.905,0.46852,1.0,0.21076,0.514
2841,,0.06716,0.409,0.78392,0.855,0.40084,0.925,0.14308,0.464
2842,,0.03484,0.384,0.7516,0.805,0.33316,0.85,0.0754,0.414
2843,,0.00252,0.359,0.71928,0.755,0.26548,0.775,0.00772,0.364
2844,,-0.0298,0.334,0.68696,0.705,0.1978,0.7,-0.05996,0.314
2845,7,0.03788,0.408,0.75464,0.759,0.23712,0.734,1.0,0.368
2846,,0.00556,0.383,0.72232,0.709,0.16944,0.659,0.93232,0.318
2847,,-0.02676,0.358,0.69,0.659,0.10176,0.584,0.86464,0.268
2848,1,1.0,0.424,0.75068,0.705,0.13408,0.61,0.89696,0.314
2849,,0.96768,0.399,0.71836,0.655,0.0664,0.535,0.82928,0.264
2850,,0.93536,0.374,0.68604,0.605,-0.00128,0.46,0.7616,0.214
2851,5,1.0,0.448,0.75372,0.659,1.0,0.235,0.80092,0.268
2852,,0.96768,0.423,0.7214,0.609,0.93232,0.16,0.73324,0.218
2853,,0.93536,0.398,0.68908,0.559,0.86464,0.085,0.66556,0.168
2854,,0.90304,0.373,0.65676,0.509,0.79696,0.01,0.59788,0.118
2855,,0.87072,0.348,0.62444,0.459,0.72928,-0.065,0.5302,0.068
2856,6,0.9394,0.423,0.69312,0.514,0.7706,1.0,0.57152,0.123
2857,,0.90708,0.398,0.6608,0.464,0.70292,0.925,0.50384,0.073
2858,,0.87476,0.373,0.62848,0.414,0.63524,0.85,0.43616,0.023
2859,,0.84244,0.348,0.59616,0.364,0.56756,0.775,0.36848,-0.027
2860,8,0.90612,0.418,0.65984,0.414,0.60388,0.805,0.4048,1.0
2861,,0.8738,0.393,0.62752,0.364,0.5362,0.73,0.33712,0.95
2862,,0.84148,0.368,0.5952,0.314,0.46852,0.655,0.26944,0.9
2863,,0.80916,0.343,0.56288,0.264,0.40084,0.58,0.20176,0.85
2864,,0.77684,0.318,0.53056,0.214,0.33316,0.505,0.13408,0.8
2865,,0.74452,0.293,0.49824,0.164,0.26548,0.43,0.0664,0.75
2866,,0.7122,0.268,0.46592,0.114,0.1978,0.355,-0.00128,0.7
2867,7,0.77988,0.342,0.5336,0.168,0.23712,0.389,1.0,0.754
2868,,0.74756,0.317,0.50128,0.118,0.16944,0.314,0.93232,0.704
2869,,0.71524,0.292,0.46896,0.068,0.10176,0.239,0.86464,0.654
2870,,0.68292,0.267,0.43664,0.018,0.03408,0.164,0.79696,0.604
2871,,0.6506,0.242,0.40432,-0.032,-0.0336,0.089,0.72928,0.554
2872,5,0.71828,0.316,0.472,0.022,1.0,-0.136,0.7686,0.608
2873,6,0.78696,0.391,0.54068,0.077,1.0,1.0,0.80992,0.663
2874,,0.75464,0.366,0.50836,0.027,0.93232,0.925,0.74224,0.613
2875,,0.72232,0.341,0.47604,-0.023,0.86464,0.85,0.67456,0.563
2876,4,0.786,0.411,0.53972,1.0,0.90096,0.88,0.71088,0.613
2877,,0.75368,0.386,0.5074,0.95,0.83328,0.805,0.6432,0.563
2878,,0.72136,0.361,0.47508,0.9,0.7656,0.73,0.57552,0.513
2879,,0.68904,0.336,0.44276,0.85,0.69792,0.655,0.50784,0.463
2880,,0.65672,0.311,0.41044,0.8,0.63024,0.58,0.44016,0.413
2881,,0.6244,0.286,0.37812,0.75,0.56256,0.505,0.37248,0.363
2882,,0.59208,0.261,0.3458,0.7,0.49488,0.43,0.3048,0.313
2883,,0.55976,0.236,0.31348,0.65,0.4272,0.355,0.23712,0.263
2884,,0.52744,0.211,0.28116,0.6,0.35952,0.28,0.16944,0.213
2885,,0.49512,0.186,0.24884,0.55,0.29184,0.205,0.10176,0.163
2886,,0.4628,0.161,0.21652,0.5,0.22416,0.13,0.03408,0.113
2887,,0.43048,0.136,0.1842,0.45,0.15648,0.055,-0.0336,0.063
2888,7,0.49816,0.21,0.25188,0.504,0.1958,0.089,1.0,0.117
2889,,0.46584,0.185,0.21956,0.454,0.12812,0.014,0.93232,0.067
2890,,0.43352,0.16,0.18724,0.404,0.06044,-0.061,0.86464,0.017
2891,6,0.5022,0.235,0.25592,0.459,0.10176,1.0,0.90596,0.072
2892,,0.46988,0.21,0.2236,0.409,0.03408,0.925,0.83828,0.022
2893,,0.43756,0.185,0.19128,0.359,-0.0336,0.85,0.7706,-0.028
2894,5,0.50524,0.259,0.25896,0.413,1.0,0.625,0.80992,0.026
2895,,0.47292,0.234,0.22664,0.363,0.93232,0.55,0.74224,-0.024
2896,8,0.5366,0.304,0.29032,0.413,0.96864,0.58,0.77856,1.0
2897,,0.50428,0.279,0.258,0.363,0.90096,0.505,0.71088,0.95
2898,,0.47196,0.254,0.22568,0.313,0.83328,0.43,0.6432,0.9
2899,,0.43964,0.229,0.19336,0.263,0.7656,0.355,0.57552,0.85
2900,,0.40732,0.204,0.16104,0.213,0.69792,0.28,0.50784,0.8
2901,,0.375,0.179,0.12872,0.163,0.63024,0.205,0.44016,0.75
2902,,0.34268,0.154,0.0964,0.113,0.56256,0.13,0.37248,0.7
2903,,0.31036,0.129,0.06408,0.063,0.49488,0.055,0.3048,0.65
2904,,0.27804,0.104,0.03176,0.013,0.4272,-0.02,0.23712,0.6
2905,6,0.34672,0.179,0.10044,0.068,0.46852,1.0,0.27844,0.655
2906,,0.3144,0.154,0.06812,0.018,0.40084,0.925,0.21076,0.605
2907,,0.28208,0.129,0.0358,-0.032,0.33316,0.85,0.14308,0.555
2908,4,0.34576,0.199,0.09948,1.0,0.36948,0.88,0.1794,0.605
2909,,0.31344,0.174,0.06716,0.95,0.3018,0.805,0.11172,0.555
2910,,0.28112,0.149,0.03484,0.9,0.23412,0.73,0.04404,0.505
2911,,0.2488,0.124,0.00252,0.85,0.16644,0.655,-0.02364,0.455
2912,7,0.31648,0.198,0.0702,0.904,0.20576,0.689,1.0,0.509
2913,,0.28416,0.173,0.03788,0.854,0.13808,0.614,0.93232,0.459
2914,,0.25184,0.148,0.00556,0.804,0.0704,0.539,0.86464,0.409
2915,,0.21952,0.123,-0.02676,0.754,0.00272,0.464,0.79696,0.359
2916,3,0.2802,0.189,1.0,0.8,0.03504,0.49,0.82928,0.405
2917,,0.24788,0.164,0.96768,0.75,-0.03264,0.415,0.7616,0.355
2918,5,0.31556,0.238,1.0,0.804,1.0,0.19,0.80092,0.409
2919,,0.28324,0.213,0.96768,0.754,0.93232,0.115,0.73324,0.359
2920,,0.25092,0.188,0.93536,0.704,0.86464,0.04,0.66556,0.309
2921,,0.2186,0.163,0.90304,0.654,0.79696,-0.035,0.59788,0.259
2922,6,0.28728,0.238,0.97172,0.709,0.83828,1.0,0.6392,0.314
2923,,0.25496,0.213,0.9394,0.659,0.7706,0.925,0.57152,0.264
2924,,0.22264,0.188,0.90708,0.609,0.70292,0.85,0.50384,0.214
2925,,0.19032,0.163,0.87476,0.559,0.63524,0.775,0.43616,0.164
2926,,0.158,0.138,0.84244,0.509,0.56756,0.7,0.36848,0.114
2927,,0.12568,0.113,0.81012,0.459,0.49988,0.625,0.3008,0.064
2928,,0.09336,0.088,0.7778,0.409,0.4322,0.55,0.23312,0.014
2929,,0.06104,0.063,0.74548,0.359,0.36452,0.475,0.16544,-0.036
2930,8,0.12472,0.133,0.80916,0.409,0.40084,0.505,0.20176,1.0
2931,,0.0924,0.108,0.77684,0.359,0.33316,0.43,0.13408,0.95
2932,,0.06008,0.083,0.74452,0.309,0.26548,0.355,0.0664,0.9
2933,,0.02776,0.058,0.7122,0.259,0.1978,0.28,-0.00128,0.85
2934,7,0.09544,0.132,0.77988,0.313,0.23712,0.314,1.0,0.904
2935,,0.06312,0.107,0.74756,0.263,0.16944,0.239,0.93232,0.854
2936,,0.0308,0.082,0.71524,0.213,0.10176,0.164,0.86464,0.804
2937,,-0.00152,0.057,0.68292,0.163,0.03408,0.089,0.79696,0.754
2938,1,1.0,0.123,0.7436,0.209,0.0664,0.115,0.82928,0.8
2939,,0.96768,0.098,0.71128,0.159,-0.00128,0.04,0.7616,0.75
2940,5,1.0,0.172,0.77896,0.213,1.0,-0.185,0.80092,0.804
2941,6,1.0,0.247,0.84764,0.268,1.0,1.0,0.84224,0.859
2942,,0.96768,0.222,0.81532,0.218,0.93232,0.925,0.77456,0.809
2943,,0.93536,0.197,0.783,0.168,0.86464,0.85,0.70688,0.759
2944,,0.90304,0.172,0.75068,0.118,0.79696,0.775,0.6392,0.709
2945,,0.87072,0.147,0.71836,0.068,0.72928,0.7,0.57152,0.659
2946,,0.8384,0.122,0.68604,0.018,0.6616,0.625,0.50384,0.609
2947,,0.80608,0.097,0.65372,-0.032,0.59392,0.55,0.43616,0.559
2948,4,0.86976,0.167,0.7174,1.0,0.63024,0.58,0.47248,0.609
2949,,0.83744,0.142,0.68508,0.95,0.56256,0.505,0.4048,0.559
2950,,0.80512,0.117,0.65276,0.9,0.49488,0.43,0.33712,0.509
2951,,0.7728,0.092,0.62044,0.85,0.4272,0.355,0.26944,0.459
2952,,0.74048,0.067,0.58812,0.8,0.35952,0.28,0.20176,0.409
2953,,0.70816,0.042,0.5558,0.75,0.29184,0.205,0.13408,0.359
2954,,0.67584,0.017,0.52348,0.7,0.22416,0.13,0.0664,0.309
2955,,0.64352,-0.008,0.49116,0.65,0.15648,0.055,-0.00128,0.259
2956,2,0.7022,1.0,0.54984,0.695,0.1878,0.08,0.03004,0.304
2957,,0.66988,0.975,0.51752,0.645,0.12012,0.005,-0.03764,0.254
2958,7,0.73756,1.0,0.5852,0.699,0.15944,0.039,1.0,0.308
2959,,0.70524,0.975,0.55288,0.649,0.09176,-0.036,0.93232,0.258
2960,6,0.77392,1.0,0.62156,0.704,0.13308,1.0,0.97364,0.313
2961,,0.7416,0.975,0.58924,0.654,0.0654,0.925,0.90596,0.263
2962,,0.70928,0.95,0.55692,0.604,-0.00228,0.85,0.83828,0.213
2963,5,0.77696,1.0,0.6246,0.658,1.0,0.625,0.8776,0.267
2964,,0.74464,0.975,0.59228,0.608,0.93232,0.55,0.80992,0.217
2965,,0.71232,0.95,0.55996,0.558,0.86464,0.475,0.74224,0.167
2966,,0.68,0.925,0.52764,0.508,0.79696,0.4,0.67456,0.117
2967,,0.64768,0.9,0.49532,0.458,0.72928,0.325,0.60688,0.067
2968,,0.61536,0.875,0.463,0.408,0.6616,0.25,0.5392,0.017
2969,,0.58304,0.85,0.43068,0.358,0.59392,0.175,0.47152,-0.033
2970,8,0.64672,0.92,0.49436,0.408,0.63024,0.205,0.50784,1.0
2971,,0.6144,0.895,0.46204,0.358,0.56256,0.13,0.44016,0.95
2972,,0.58208,0.87,0.42972,0.308,0.49488,0.055,0.37248,0.9
2973,,0.54976,0.845,0.3974,0.258,0.4272,-0.02,0.3048,0.85
2974,6,0.61844,0.92,0.46608,0.313,0.46852,1.0,0.34612,0.905
2975,,0.58612,0.895,0.43376,0.263,0.40084,0.925,0.27844,0.855
2976,,0.5538,0.87,0.40144,0.213,0.33316,0.85,0.21076,0.805
2977,,0.52148,0.845,0.36912,0.163,0.26548,0.775,0.14308,0.755
2978,,0.48916,0.82,0.3368,0.113,0.1978,0.7,0.0754,0.705
2979,,0.45684,0.795,0.30448,0.063,0.13012,0.625,0.00772,0.655
2980,,0.42452,0.77,0.27216,0.013,0.06244,0.55,-0.05996,0.605
2981,7,0.4922,0.844,0.33984,0.067,0.10176,0.584,1.0,0.659
2982,,0.45988,0.819,0.30752,0.017,0.03408,0.509,0.93232,0.609
2983,,0.42756,0.794,0.2752,-0.033,-0.0336,0.434,0.86464,0.559
2984,5,0.49524,0.868,0.34288,0.021,1.0,0.209,0.90396,0.613
2985,,0.46292,0.843,0.31056,-0.029,0.93232,0.134,0.83628,0.563
2986,4,0.5266,0.913,0.37424,1.0,0.96864,0.164,0.8726,0.613
2987,,0.49428,0.888,0.34192,0.95,0.90096,0.089,0.80492,0.563
2988,,0.46196,0.863,0.3096,0.9,0.83328,0.014,0.73724,0.513
2989,,0.42964,0.838,0.27728,0.85,0.7656,-0.061,0.66956,0.463
2990,6,0.49832,0.913,0.34596,0.905,0.80692,1.0,0.71088,0.518
2991,,0.466,0.888,0.31364,0.855,0.73924,0.925,0.6432,0.468
2992,,0.43368,0.863,0.28132,0.805,0.67156,0.85,0.57552,0.418
2993,,0.40136,0.838,0.249,0.755,0.60388,0.775,0.50784,0.368
2994,,0.36904,0.813,0.21668,0.705,0.5362,0.7,0.44016,0.318
2995,,0.33672,0.788,0.18436,0.655,0.46852,0.625,0.37248,0.268
2996,,0.3044,0.763,0.15204,0.605,0.40084,0.55,0.3048,0.218
2997,,0.27208,0.738,0.11972,0.555,0.33316,0.475,0.23712,0.168
2998,,0.23976,0.713,0.0874,0.505,0.26548,0.4,0.16944,0.118
2999,,0.20744,0.688,0.05508,0.455,0.1978,0.325,0.10176,0.068
3000,,0.17512,0.663,0.02276,0.405,0.13012,0.25,0.03408,0.018
3001,,0.1428,0.638,-0.00956,0.355,0.06244,0.175,-0.0336,-0.032
3002,7,0.21048,0.712,0.05812,0.409,0.10176,0.209,1.0,0.022
3003,,0.17816,0.687,0.0258,0.359,0.03408,0.134,0.93232,-0.028
3004,8,0.24184,0.757,0.08948,0.409,0.0704,0.164,0.96864,1.0
3005,,0.20952,0.732,0.05716,0.359,0.00272,0.089,0.90096,0.95
3006,,0.1772,0.707,0.02484,0.309,-0.06496,0.014,0.83328,0.9
3007,5,0.24488,0.781,0.09252,0.363,1.0,-0.211,0.8726,0.954
3008,6,0.31356,0.856,0.1612,0.418,1.0,1.0,0.91392,1.0
3009,,0.28124,0.831,0.12888,0.368,0.93232,0.925,0.84624,0.95
3010,,0.24892,0.806,0.09656,0.318,0.86464,0.85,0.77856,0.9
3011,,0.2166,0.781,0.06424,0.268,0.79696,0.775,0.71088,0.85
3012,,0.18428,0.756,0.03192,0.218,0.72928,0.7,0.6432,0.8
3013,,0.15196,0.731,-0.0004,0.168,0.6616,0.625,0.57552,0.75
3014,3,0.21264,0.797,1.0,0.214,0.69392,0.651,0.60784,0.796
3015,,0.18032,0.772,0.96768,0.164,0.62624,0.576,0.54016,0.746
3016,,0.148,0.747,0.93536,0.114,0.55856,0.501,0.47248,0.696
3017,,0.11568,0.722,0.90304,0.064,0.49088,0.426,0.4048,0.646
3018,,0.08336,0.697,0.87072,0.014,0.4232,0.351,0.33712,0.596
3019,,0.05104,0.672,0.8384,-0.036,0.35552,0.276,0.26944,0.546
3020,4,0.11472,0.742,0.90208,1.0,0.39184,0.306,0.30576,0.596
3021,,0.0824,0.717,0.86976,0.95,0.32416,0.231,0.23808,0.546
3022,,0.05008,0.692,0.83744,0.9,0.25648,0.156,0.1704,0.496
3023,,0.01776,0.667,0.80512,0.85,0.1888,0.081,0.10272,0.446
3024,,-0.01456,0.642,0.7728,0.8,0.12112,0.006,0.03504,0.396
3025,1,1.0,0.708,0.83348,0.846,0.15344,0.032,0.06736,0.442
3026,,0.96768,0.683,0.80116,0.796,0.08576,-0.043,-0.00032,0.392
3027,6,1.0,0.758,0.86984,0.851,0.12708,1.0,0.041,0.447
3028,,0.96768,0.733,0.83752,0.801,0.0594,0.925,-0.02668,0.397
3029,7,1.0,0.807,0.9052,0.855,0.09872,0.959,1.0,0.451
3030,,0.96768,0.782,0.87288,0.805,0.03104,0.884,0.93232,0.401
3031,,0.93536,0.757,0.84056,0.755,-0.03664,0.809,0.86464,0.351
3032,5,1.0,0.831,0.90824,0.809,1.0,0.584,0.90396,0.405
3033,,0.96768,0.806,0.87592,0.759,0.93232,0.509,0.83628,0.355
3034,,0.93536,0.781,0.8436,0.709,0.86464,0.434,0.7686,0.305
3035,,0.90304,0.756,0.81128,0.659,0.79696,0.359,0.70092,0.255
3036,,0.87072,0.731,0.77896,0.609,0.72928,0.284,0.63324,0.205
3037,,0.8384,0.706,0.74664,0.559,0.6616,0.209,0.56556,0.155
3038,,0.80608,0.681,0.71432,0.509,0.59392,0.134,0.49788,0.105
3039,,0.77376,0.656,0.682,0.459,0.52624,0.059,0.4302,0.055
3040,,0.74144,0.631,0.64968,0.409,0.45856,-0.016,0.36252,0.005
3041,6,0.81012,0.706,0.71836,0.464,0.49988,1.0,0.40384,0.06
3042,,0.7778,0.681,0.68604,0.414,0.4322,0.925,0.33616,0.01
3043,,0.74548,0.656,0.65372,0.364,0.36452,0.85,0.26848,-0.04
3044,8,0.80916,0.726,0.7174,0.414,0.40084,0.88,0.3048,1.0
3045,,0.77684,0.701,0.68508,0.364,0.33316,0.805,0.23712,0.95
3046,,0.74452,0.676,0.65276,0.314,0.26548,0.73,0.16944,0.9
3047,,0.7122,0.651,0.62044,0.264,0.1978,0.655,0.10176,0.85
3048,,0.67988,0.626,0.58812,0.214,0.13012,0.58,0.03408,0.8
3049,,0.64756,0.601,0.5558,0.164,0.06244,0.505,-0.0336,0.75
3050,7,0.71524,0.675,0.62348,0.218,0.10176,0.539,1.0,0.804
3051,,0.68292,0.65,0.59116,0.168,0.03408,0.464,0.93232,0.754
3052,,0.6506,0.625,0.55884,0.118,-0.0336,0.389,0.86464,0.704
3053,5,0.71828,0.699,0.62652,0.172,1.0,0.164,0.90396,0.758
3054,,0.68596,0.674,0.5942,0.122,0.93232,0.089,0.83628,0.708
3055,,0.65364,0.649,0.56188,0.072,0.86464,0.014,0.7686,0.658
3056,,0.62132,0.624,0.52956,0.022,0.79696,-0.061,0.70092,0.608
3057,6,0.69,0.699,0.59824,0.077,0.83828,1.0,0.74224,0.663
3058,,0.65768,0.674,0.56592,0.027,0.7706,0.925,0.67456,0.613
3059,,0.62536,0.649,0.5336,-0.023,0.70292,0.85,0.60688,0.563
3060,4,0.68904,0.719,0.59728,1.0,0.73924,0.88,0.6432,0.613
3061,,0.65672,0.694,0.56496,0.95,0.67156,0.805,0.57552,0.563
3062,,0.6244,0.669,0.53264,0.9,0.60388,0.73,0.50784,0.513
3063,,0.59208,0.644,0.50032,0.85,0.5362,0.655,0.44016,0.463
3064,,0.55976,0.619,0.468,0.8,0.46852,0.58,0.37248,0.413
3065,,0.52744,0.594,0.43568,0.75,0.40084,0.505,0.3048,0.363
3066,,0.49512,0.569,0.40336,0.7,0.33316,0.43,0.23712,0.313
3067,,0.4628,0.544,0.37104,0.65,0.26548,0.355,0.16944,0.263
3068,,0.43048,0.519,0.33872,0.6,0.1978,0.28,0.10176,0.213
3069,,0.39816,0.494,0.3064,0.55,0.13012,0.205,0.03408,0.163
3070,,0.36584,0.469,0.27408,0.5,0.06244,0.13,-0.0336,0.113
3071,7,0.43352,0.543,0.34176,0.554,0.10176,0.164,1.0,0.167
3072,,0.4012,0.518,0.30944,0.504,0.03408,0.089,0.93232,0.117
3073,,0.36888,0.493,0.27712,0.454,-0.0336,0.014,0.86464,0.067
3074,5,0.43656,0.567,0.3448,0.508,1.0,-0.211,0.90396,0.121
3075,6,0.50524,0.642,0.41348,0.563,1.0,1.0,0.94528,0.176
3076,,0.47292,0.617,0.38116,0.513,0.93232,0.925,0.8776,0.126
3077,,0.4406,0.592,0.34884,0.463,0.86464,0.85,0.80992,0.076
3078,,0.40828,0.567,0.31652,0.413,0.79696,0.775,0.74224,0.026
3079,,0.37596,0.542,0.2842,0.363,0.72928,0.7,0.67456,-0.024
3080,8,0.43964,0.612,0.34788,0.413,0.7656,0.73,0.71088,1.0
3081,,0.40732,0.587,0.31556,0.363,0.69792,0.655,0.6432,0.95
3082,,0.375,0.562,0.28324,0.313,0.63024,0.58,0.57552,0.9
3083,,0.34268,0.537,0.25092,0.263,0.56256,0.505,0.50784,0.85
3084,,0.31036,0.512,0.2186,0.213,0.49488,0.43,0.44016,0.8
3085,,0.27804,0.487,0.18628,0.163,0.4272,0.355,0.37248,0.75
3086,,0.24572,0.462,0.15396,0.113,0.35952,0.28,0.3048,0.7
3087,,0.2134,0.437,0.12164,0.063,0.29184,0.205,0.23712,0.65
3088,,0.18108,0.412,0.08932,0.013,0.22416,0.13,0.16944,0.6
3089,,0.14876,0.387,0.057,-0.037,0.15648,0.055,0.10176,0.55
3090,4,0.21244,0.457,0.12068,1.0,0.1928,0.085,0.13808,0.6
3091,,0.18012,0.432,0.08836,0.95,0.12512,0.01,0.0704,0.55
3092,,0.1478,0.407,0.05604,0.9,0.05744,-0.065,0.00272,0.5
3093,6,0.21648,0.482,0.12472,0.955,0.09876,1.0,0.04404,0.555
3094,,0.18416,0.457,0.0924,0.905,0.03108,0.925,-0.02364,0.505
3095,7,0.25184,0.531,0.16008,0.959,0.0704,0.959,1.0,0.559
3096,,0.21952,0.506,0.12776,0.909,0.00272,0.884,0.93232,0.509
3097,,0.1872,0.481,0.09544,0.859,-0.06496,0.809,0.86464,0.459
3098,5,0.25488,0.555,0.16312,0.913,1.0,0.584,0.90396,0.513
3099,,0.22256,0.53,0.1308,0.863,0.93232,0.509,0.83628,0.463
3100,,0.19024,0.505,0.09848,0.813,0.86464,0.434,0.7686,0.413
3101,,0.15792,0.48,0.06616,0.763,0.79696,0.359,0.70092,0.363
3102,,0.1256,0.455,0.03384,0.713,0.72928,0.284,0.63324,0.313
3103,,0.09328,0.43,0.00152,0.663,0.6616,0.209,0.56556,0.263
3104,,0.06096,0.405,-0.0308,0.613,0.59392,0.134,0.49788,0.213
3105,3,0.12164,0.471,1.0,0.659,0.62624,0.16,0.5302,0.259
3106,,0.08932,0.446,0.96768,0.609,0.55856,0.085,0.46252,0.209
3107,,0.057,0.421,0.93536,0.559,0.49088,0.01,0.39484,0.159
3108,,0.02468,0.396,0.90304,0.509,0.4232,-0.065,0.32716,0.109
3109,6,0.09336,0.471,0.97172,0.564,0.46452,1.0,0.36848,0.164
3110,,0.06104,0.446,0.9394,0.514,0.39684,0.925,0.3008,0.114
3111,,0.02872,0.421,0.90708,0.464,0.32916,0.85,0.23312,0.064
3112,,-0.0036,0.396,0.87476,0.414,0.26148,0.775,0.16544,0.014
3113,1,1.0,0.462,0.93544,0.46,0.2938,0.801,0.19776,0.06
3114,,0.96768,0.437,0.90312,0.41,0.22612,0.726,0.13008,0.01
3115,,0.93536,0.412,0.8708,0.36,0.15844,0.651,0.0624,-0.04
3116,8,0.99904,0.482,0.93448,0.41,0.19476,0.681,0.09872,1.0
3117,,0.96672,0.457,0.90216,0.36,0.12708,0.606,0.03104,0.95
3118,,0.9344,0.432,0.86984,0.31,0.0594,0.531,-0.03664,0.9
3119,7,1.0,0.506,0.93752,0.364,0.09872,0.565,1.0,0.954
3120,,0.96768,0.481,0.9052,0.314,0.03104,0.49,0.93232,0.904
3121,,0.93536,0.456,0.87288,0.264,-0.03664,0.415,0.86464,0.854
3122,5,1.0,0.53,0.94056,0.318,1.0,0.19,0.90396,0.908
3123,,0.96768,0.505,0.90824,0.268,0.93232,0.115,0.83628,0.858
3124,,0.93536,0.48,0.87592,0.218,0.86464,0.04,0.7686,0.808
3125,,0.90304,0.455,0.8436,0.168,0.79696,-0.035,0.70092,0.758
3126,6,0.97172,0.53,0.91228,0.223,0.83828,1.0,0.74224,0.813
3127,,0.9394,0.505,0.87996,0.173,0.7706,0.925,0.67456,0.763
3128,,0.90708,0.48,0.84764,0.123,0.70292,0.85,0.60688,0.713
3129,,0.87476,0.455,0.81532,0.073,0.63524,0.775,0.5392,0.663
3130,,0.84244,0.43,0.783,0.023,0.56756,0.7,0.47152,0.613
3131,,0.81012,0.405,0.75068,-0.027,0.49988,0.625,0.40384,0.563
3132,4,0.8738,0.475,0.81436,1.0,0.5362,0.655,0.44016,0.613
3133,,0.84148,0.45,0.78204,0.95,0.46852,0.58,0.37248,0.563
3134,,0.80916,0.425,0.74972,0.9,0.40084,0.505,0.3048,0.513
3135,,0.77684,0.4,0.7174,0.85,0.33316,0.43,0.23712,0.463
3136,,0.74452,0.375,0.68508,0.8,0.26548,0.355,0.16944,0.413
3137,,0.7122,0.35,0.65276,0.75,0.1978,0.28,0.10176,0.363
3138,,0.67988,0.325,0.62044,0.7,0.13012,0.205,0.03408,0.313
3139,,0.64756,0.3,0.58812,0.65,0.06244,0.13,-0.0336,0.263
3140,7,0.71524,0.374,0.6558,0.704,0.10176,0.164,1.0,0.317
3141,,0.68292,0.349,0.62348,0.654,0.03408,0.089,0.93232,0.267
3142,,0.6506,0.324,0.59116,0.604,-0.0336,0.014,0.86464,0.217
3143,5,0.71828,0.398,0.65884,0.658,1.0,-0.211,0.90396,0.271
3144,6,0.78696,0.473,0.72752,0.713,1.0,1.0,0.94528,0.326
3145,,0.75464,0.448,0.6952,0.663,0.93232,0.925,0.8776,0.276
3146,,0.72232,0.423,0.66288,0.613,0.86464,0.85,0.80992,0.226
3147,,0.69,0.398,0.63056,0.563,0.79696,0.775,0.74224,0.176
3148,,0.65768,0.373,0.59824,0.513,0.72928,0.7,0.67456,0.126
3149,,0.62536,0.348,0.56592,0.463,0.6616,0.625,0.60688,0.076
3150,,0.59304,0.323,0.5336,0.413,0.59392,0.55,0.5392,0.026
3151,,0.56072,0.298,0.50128,0.363,0.52624,0.475,0.47152,-0.024
3152,8,0.6244,0.368,0.56496,0.413,0.56256,0.505,0.50784,1.0
3153,,0.59208,0.343,0.53264,0.363,0.49488,0.43,0.44016,0.95
3154,,0.55976,0.318,0.50032,0.313,0.4272,0.355,0.37248,0.9
3155,,0.52744,0.293,0.468,0.263,0.35952,0.28,0.3048,0.85
3156,,0.49512,0.268,0.43568,0.213,0.29184,0.205,0.23712,0.8
3157,,0.4628,0.243,0.40336,0.163,0.22416,0.13,0.16944,0.75
3158,,0.43048,0.218,0.37104,0.113,0.15648,0.055,0.10176,0.7
3159,,0.39816,0.193,0.33872,0.063,0.0888,-0.02,0.03408,0.65
3160,6,0.46684,0.268,0.4074,0.118,0.13012,1.0,0.0754,0.705
3161,,0.43452,0.243,0.37508,0.068,0.06244,0.925,0.00772,0.655
3162,,0.4022,0.218,0.34276,0.018,-0.00524,0.85,-0.05996,0.605
3163,7,0.46988,0.292,0.41044,0.072,0.03408,0.884,1.0,0.659
3164,,0.43756,0.267,0.37812,0.022,-0.0336,0.809,0.93232,0.609
3165,5,0.50524,0.341,0.4458,0.076,1.0,0.584,0.97164,0.663
3166,,0.47292,0.316,0.41348,0.026,0.93232,0.509,0.90396,0.613
3167,,0.4406,0.291,0.38116,-0.024,0.86464,0.434,0.83628,0.563
3168,4,0.50428,0.361,0.44484,1.0,0.90096,0.464,0.8726,0.613
3169,,0.47196,0.336,0.41252,0.95,0.83328,0.389,0.80492,0.563
3170,,0.43964,0.311,0.3802,0.9,0.7656,0.314,0.73724,0.513
3171,,0.40732,0.286,0.34788,0.85,0.69792,0.239,0.66956,0.463
3172,,0.375,0.261,0.31556,0.8,0.63024,0.164,0.60188,0.413
3173,,0.34268,0.236,0.28324,0.75,0.56256,0.089,0.5342,0.363
3174,,0.31036,0.211,0.25092,0.7,0.49488,0.014,0.46652,0.313
3175,,0.27804,0.186,0.2186,0.65,0.4272,-0.061,0.39884,0.263
3176,6,0.34672,0.261,0.28728,0.705,0.46852,1.0,0.44016,0.318
3177,,0.3144,0.236,0.25496,0.655,0.40084,0.925,0.37248,0.268
3178,,0.28208,0.211,0.22264,0.605,0.33316,0.85,0.3048,0.218
3179,,0.24976,0.186,0.19032,0.555,0.26548,0.775,0.23712,0.168
3180,,0.21744,0.161,0.158,0.505,0.1978,0.7,0.16944,0.118
3181,,0.18512,0.136,0.12568,0.455,0.13012,0.625,0.10176,0.068
3182,,0.1528,0.111,0.09336,0.405,0.06244,0.55,0.03408,0.018
3183,,0.12048,0.086,0.06104,0.355,-0.00524,0.475,-0.0336,-0.032
3184,7,0.18816,0.16,0.12872,0.409,0.03408,0.509,1.0,0.022
3185,,0.15584,0.135,0.0964,0.359,-0.0336,0.434,0.93232,-0.028
3186,5,0.22352,0.209,0.16408,0.413,1.0,0.209,0.97164,0.026
3187,,0.1912,0.184,0.13176,0.363,0.93232,0.134,0.90396,-0.024
3188,8,0.25488,0.254,0.19544,0.413,0.96864,0.164,0.94028,1.0
3189,,0.22256,0.229,0.16312,0.363,0.90096,0.089,0.8726,0.95
3190,,0.19024,0.204,0.1308,0.313,0.83328,0.014,0.80492,0.9
3191,,0.15792,0.179,0.09848,0.263,0.7656,-0.061,0.73724,0.85
3192,6,0.2266,0.254,0.16716,0.318,0.80692,1.0,0.77856,0.905
3193,,0.19428,0.229,0.13484,0.268,0.73924,0.925,0.71088,0.855
3194,,0.16196,0.204,0.10252,0.218,0.67156,0.85,0.6432,0.805
3195,,0.12964,0.179,0.0702,0.168,0.60388,0.775,0.57552,0.755
3196,,0.09732,0.154,0.03788,0.118,0.5362,0.7,0.50784,0.705
3197,,0.065,0.129,0.00556,0.068,0.46852,0.625,0.44016,0.655
3198,,0.03268,0.104,-0.02676,0.018,0.40084,0.55,0.37248,0.605
3199,3,0.09336,0.17,1.0,0.064,0.43316,0.576,0.4048,0.651
3200,,0.06104,0.145,0.96768,0.014,0.36548,0.501,0.33712,0.601
3201,,0.02872,0.12,0.93536,-0.036,0.2978,0.426,0.26944,0.551
3202,4,0.0924,0.19,0.99904,1.0,0.33412,0.456,0.30576,0.601
3203,,0.06008,0.165,0.96672,0.95,0.26644,0.381,0.23808,0.551
3204,,0.02776,0.14,0.9344,0.9,0.19876,0.306,0.1704,0.501
3205,,-0.00456,0.115,0.90208,0.85,0.13108,0.231,0.10272,0.451
3206,1,1.0,0.181,0.96276,0.896,0.1634,0.257,0.13504,0.497
3207,,0.96768,0.156,0.93044,0.846,0.09572,0.182,0.06736,0.447
3208,,0.93536,0.131,0.89812,0.796,0.02804,0.107,-0.00032,0.397
3209,7,1.0,0.205,0.9658,0.85,0.06736,0.141,1.0,0.451
3210,,0.96768,0.18,0.93348,0.8,-0.00032,0.066,0.93232,0.401
3211,5,1.0,0.254,1.0,0.854,1.0,-0.159,0.97164,0.455
3212,6,1.0,0.329,1.0,0.909,1.0,1.0,1.0,0.51
3213,,0.96768,0.304,0.96768,0.859,0.93232,0.925,0.93232,0.46
3214,,0.93536,0.279,0.93536,0.809,0.86464,0.85,0.86464,0.41
3215,,0.90304,0.254,0.90304,0.759,0.79696,0.775,0.79696,0.36
3216,,0.87072,0.229,0.87072,0.709,0.72928,0.7,0.72928,0.31
3217,,0.8384,0.204,0.8384,0.659,0.6616,0.625,0.6616,0.26
3218,,0.80608,0.179,0.80608,0.609,0.59392,0.55,0.59392,0.21
3219,,0.77376,0.154,0.77376,0.559,0.52624,0.475,0.52624,0.16
3220,,0.74144,0.129,0.74144,0.509,0.45856,0.4,0.45856,0.11
3221,,0.70912,0.104,0.70912,0.459,0.39088,0.325,0.39088,0.06
3222,,0.6768,0.079,0.6768,0.409,0.3232,0.25,0.3232,0.01
3223,,0.64448,0.054,0.64448,0.359,0.25552,0.175,0.25552,-0.04
3224,8,0.70816,0.124,0.70816,0.409,0.29184,0.205,0.29184,1.0
3225,,0.67584,0.099,0.67584,0.359,0.22416,0.13,0.22416,0.95
3226,,0.64352,0.074,0.64352,0.309,0.15648,0.055,0.15648,0.9
3227,,0.6112,0.049,0.6112,0.259,0.0888,-0.02,0.0888,0.85
3228,6,0.67988,0.124,0.67988,0.314,0.13012,1.0,0.13012,0.905
3229,,0.64756,0.099,0.64756,0.264,0.06244,0.925,0.06244,0.855
3230,,0.61524,0.074,0.61524,0.214,-0.00524,0.85,-0.00524,0.805
3231,5,0.68292,0.148,0.68292,0.268,1.0,0.625,0.03408,0.859
3232,,0.6506,0.123,0.6506,0.218,0.93232,0.55,-0.0336,0.809
3233,7,0.71828,0.197,0.71828,0.272,0.97164,0.584,1.0,0.863
3234,,0.68596,0.172,0.68596,0.222,0.90396,0.509,0.93232,0.813
3235,,0.65364,0.147,0.65364,0.172,0.83628,0.434,0.86464,0.763
3236,,0.62132,0.122,0.62132,0.122,0.7686,0.359,0.79696,0.713
3237,,0.589,0.097,0.589,0.072,0.70092,0.284,0.72928,0.663
3238,,0.55668,0.072,0.55668,0.022,0.63324,0.209,0.6616,0.613
3239,,0.52436,0.047,0.52436,-0.028,0.56556,0.134,0.59392,0.563
3240,4,0.58804,0.117,0.58804,1.0,0.60188,0.164,0.63024,0.613
3241,,0.55572,0.092,0.55572,0.95,0.5342,0.089,0.56256,0.563
3242,,0.5234,0.067,0.5234,0.9,0.46652,0.014,0.49488,0.513
3243,,0.49108,0.042,0.49108,0.85,0.39884,-0.061,0.4272,0.463
3244,6,0.55976,0.117,0.55976,0.905,0.44016,1.0,0.46852,0.518
3245,,0.52744,0.092,0.52744,0.855,0.37248,0.925,0.40084,0.468
3246,,0.49512,0.067,0.49512,0.805,0.3048,0.85,0.33316,0.418
3247,,0.4628,0.042,0.4628,0.755,0.23712,0.775,0.26548,0.368
3248,,0.43048,0.017,0.43048,0.705,0.16944,0.7,0.1978,0.318
3249,,0.39816,-0.008,0.39816,0.655,0.10176,0.625,0.13012,0.268
3250,2,0.45684,1.0,0.45684,0.7,0.13308,0.65,0.16144,0.313
3251,,0.42452,0.975,0.42452,0.65,0.0654,0.575,0.09376,0.263
3252,,0.3922,0.95,0.3922,0.6,-0.00228,0.5,0.02608,0.213
3253,5,0.45988,1.0,0.45988,0.654,1.0,0.275,0.0654,0.267
3254,,0.42756,0.975,0.42756,0.604,0.93232,0.2,-0.00228,0.217
3255,7,0.49524,1.0,0.49524,0.658,0.97164,0.234,1.0,0.271
3256,,0.46292,0.975,0.46292,0.608,0.90396,0.159,0.93232,0.221
3257,,0.4306,0.95,0.4306,0.558,0.83628,0.084,0.86464,0.171
3258,,0.39828,0.925,0.39828,0.508,0.7686,0.009,0.79696,0.121
3259,,0.36596,0.9,0.36596,0.458,0.70092,-0.066,0.72928,0.071
3260,6,0.43464,0.975,0.43464,0.513,0.74224,1.0,0.7706,0.126
3261,,0.40232,0.95,0.40232,0.463,0.67456,0.925,0.70292,0.076
3262,,0.37,0.925,0.37,0.413,0.60688,0.85,0.63524,0.026
3263,,0.33768,0.9,0.33768,0.363,0.5392,0.775,0.56756,-0.024
3264,8,0.40136,0.97,0.40136,0.413,0.57552,0.805,0.60388,1.0
3265,,0.36904,0.945,0.36904,0.363,0.50784,0.73,0.5362,0.95
3266,,0.33672,0.92,0.33672,0.313,0.44016,0.655,0.46852,0.9
3267,,0.3044,0.895,0.3044,0.263,0.37248,0.58,0.40084,0.85
3268,,0.27208,0.87,0.27208,0.213,0.3048,0.505,0.33316,0.8
3269,,0.23976,0.845,0.23976,0.163,0.23712,0.43,0.26548,0.75
3270,,0.20744,0.82,0.20744,0.113,0.16944,0.355,0.1978,0.7
3271,,0.17512,0.795,0.17512,0.063,0.10176,0.28,0.13012,0.65
3272,,0.1428,0.77,0.1428,0.013,0.03408,0.205,0.06244,0.6
3273,,0.11048,0.745,0.11048,-0.037,-0.0336,0.13,-0.00524,0.55
3274,4,0.17416,0.815,0.17416,1.0,0.00272,0.16,0.03108,0.6
3275,,0.14184,0.79,0.14184,0.95,-0.06496,0.085,-0.0366,0.55
3276,5,0.20952,0.864,0.20952,1.0,1.0,-0.14,0.00272,0.604
3277,6,0.2782,0.939,0.2782,1.0,1.0,1.0,0.04404,0.659
3278,,0.24588,0.914,0.24588,0.95,0.93232,0.925,-0.02364,0.609
3279,7,0.31356,0.988,0.31356,1.0,0.97164,0.959,1.0,0.663
3280,,0.28124,0.963,0.28124,0.95,0.90396,0.884,0.93232,0.613
3281,,0.24892,0.938,0.24892,0.9,0.83628,0.809,0.86464,0.563
3282,,0.2166,0.913,0.2166,0.85,0.7686,0.734,0.79696,0.513
3283,,0.18428,0.888,0.18428,0.8,0.70092,0.659,0.72928,0.463
3284,,0.15196,0.863,0.15196,0.75,0.63324,0.584,0.6616,0.413
3285,,0.11964,0.838,0.11964,0.7,0.56556,0.509,0.59392,0.363
3286,,0.08732,0.813,0.08732,0.65,0.49788,0.434,0.52624,0.313
3287,,0.055,0.788,0.055,0.6,0.4302,0.359,0.45856,0.263
3288,,0.02268,0.763,0.02268,0.55,0.36252,0.284,0.39088,0.213
3289,,-0.00964,0.738,-0.00964,0.5,0.29484,0.209,0.3232,0.163
3290,1,1.0,0.804,0.05104,0.546,0.32716,0.235,0.35552,0.209
3291,,0.96768,0.779,0.01872,0.496,0.25948,0.16,0.28784,0.159
3292,,0.93536,0.754,-0.0136,0.446,0.1918,0.085,0.22016,0.109
3293,3,0.99604,0.82,1.0,0.492,0.22412,0.111,0.25248,0.155
3294,,0.96372,0.795,0.96768,0.442,0.15644,0.036,0.1848,0.105
3295,,0.9314,0.77,0.93536,0.392,0.08876,-0.039,0.11712,0.055
3296,6,1.0,0.845,1.0,0.447,0.13008,1.0,0.15844,0.11
3297,,0.96768,0.82,0.96768,0.397,0.0624,0.925,0.09076,0.06
3298,,0.93536,0.795,0.93536,0.347,-0.00528,0.85,0.02308,0.01
3299,5,1.0,0.869,1.0,0.401,1.0,0.625,0.0624,0.064
3300,,0.96768,0.844,0.96768,0.351,0.93232,0.55,-0.00528,0.014
3301,7,1.0,0.918,1.0,0.405,0.97164,0.584,1.0,0.068
3302,,0.96768,0.893,0.96768,0.355,0.90396,0.509,0.93232,0.018
3303,,0.93536,0.868,0.93536,0.305,0.83628,0.434,0.86464,-0.032
3304,8,0.99904,0.938,0.99904,0.355,0.8726,0.464,0.90096,1.0
3305,,0.96672,0.913,0.96672,0.305,0.80492,0.389,0.83328,0.95
3306,,0.9344,0.888,0.9344,0.255,0.73724,0.314,0.7656,0.9
3307,,0.90208,0.863,0.90208,0.205,0.66956,0.239,0.69792,0.85
3308,,0.86976,0.838,0.86976,0.155,0.60188,0.164,0.63024,0.8
3309,,0.83744,0.813,0.83744,0.105,0.5342,0.089,0.56256,0.75
3310,,0.80512,0.788,0.80512,0.055,0.46652,0.014,0.49488,0.7
3311,,0.7728,0.763,0.7728,0.005,0.39884,-0.061,0.4272,0.65
3312,6,0.84148,0.838,0.84148,0.06,0.44016,1.0,0.46852,0.705
3313,,0.80916,0.813,0.80916,0.01,0.37248,0.925,0.40084,0.655
3314,,0.77684,0.788,0.77684,-0.04,0.3048,0.85,0.33316,0.605
3315,4,0.84052,0.858,0.84052,1.0,0.34112,0.88,0.36948,0.655
3316,,0.8082,0.833,0.8082,0.95,0.27344,0.805,0.3018,0.605
3317,,0.77588,0.808,0.77588,0.9,0.20576,0.73,0.23412,0.555
3318,,0.74356,0.783,0.74356,0.85,0.13808,0.655,0.16644,0.505
3319,,0.71124,0.758,0.71124,0.8,0.0704,0.58,0.09876,0.455
3320,,0.67892,0.733,0.67892,0.75,0.00272,0.505,0.03108,0.405
3321,,0.6466,0.708,0.6466,0.7,-0.06496,0.43,-0.0366,0.355
3322,5,0.71428,0.782,0.71428,0.754,1.0,0.205,0.00272,0.409
3323,,0.68196,0.757,0.68196,0.704,0.93232,0.13,-0.06496,0.359
3324,7,0.74964,0.831,0.74964,0.758,0.97164,0.164,1.0,0.413
3325,,0.71732,0.806,0.71732,0.708,0.90396,0.089,0.93232,0.363
3326,,0.685,0.781,0.685,0.658,0.83628,0.014,0.86464,0.313
3327,,0.65268,0.756,0.65268,0.608,0.7686,-0.061,0.79696,0.263
3328,6,0.72136,0.831,0.72136,0.663,0.80992,1.0,0.83828,0.318
3329,,0.68904,0.806,0.68904,0.613,0.74224,0.925,0.7706,0.268
3330,,0.65672,0.781,0.65672,0.563,0.67456,0.85,0.70292,0.218
3331,,0.6244,0.756,0.6244,0.513,0.60688,0.775,0.63524,0.168
3332,,0.59208,0.731,0.59208,0.463,0.5392,0.7,0.56756,0.118
3333,,0.55976,0.706,0.55976,0.413,0.47152,0.625,0.49988,0.068
3334,,0.52744,0.681,0.52744,0.363,0.40384,0.55,0.4322,0.018
3335,,0.49512,0.656,0.49512,0.313,0.33616,0.475,0.36452,-0.032
3336,8,0.5588,0.726,0.5588,0.363,0.37248,0.505,0.40084,1.0
3337,,0.52648,0.701,0.52648,0.313,0.3048,0.43,0.33316,0.95
3338,,0.49416,0.676,0.49416,0.263,0.23712,0.355,0.26548,0.9
3339,,0.46184,0.651,0.46184,0.213,0.16944,0.28,0.1978,0.85
3340,,0.42952,0.626,0.42952,0.163,0.10176,0.205,0.13012,0.8
3341,,0.3972,0.601,0.3972,0.113,0.03408,0.13,0.06244,0.75
3342,,0.36488,0.576,0.36488,0.063,-0.0336,0.055,-0.00524,0.7
3343,5,0.43256,0.65,0.43256,0.117,1.0,-0.17,0.03408,0.754
3344,6,0.50124,0.725,0.50124,0.172,1.0,1.0,0.0754,0.809
3345,,0.46892,0.7,0.46892,0.122,0.93232,0.925,0.00772,0.759
3346,,0.4366,0.675,0.4366,0.072,0.86464,0.85,-0.05996,0.709
3347,7,0.50428,0.749,0.50428,0.126,0.90396,0.884,1.0,0.763
3348,,0.47196,0.724,0.47196,0.076,0.83628,0.809,0.93232,0.713
3349,,0.43964,0.699,0.43964,0.026,0.7686,0.734,0.86464,0.663
3350,,0.40732,0.674,0.40732,-0.024,0.70092,0.659,0.79696,0.613
3351,4,0.471,0.744,0.471,1.0,0.73724,0.689,0.83328,0.663
3352,,0.43868,0.719,0.43868,0.95,0.66956,0.614,0.7656,0.613
3353,,0.40636,0.694,0.40636,0.9,0.60188,0.539,0.69792,0.563
3354,,0.37404,0.669,0.37404,0.85,0.5342,0.464,0.63024,0.513
3355,,0.34172,0.644,0.34172,0.8,0.46652,0.389,0.56256,0.463
3356,,0.3094,0.619,0.3094,0.75,0.39884,0.314,0.49488,0.413
3357,,0.27708,0.594,0.27708,0.7,0.33116,0.239,0.4272,0.363
3358,,0.24476,0.569,0.24476,0.65,0.26348,0.164,0.35952,0.313
3359,,0.21244,0.544,0.21244,0.6,0.1958,0.089,0.29184,0.263
3360,,0.18012,0.519,0.18012,0.55,0.12812,0.014,0.22416,0.213
3361,,0.1478,0.494,0.1478,0.5,0.06044,-0.061,0.15648,0.163
3362,6,0.21648,0.569,0.21648,0.555,0.10176,1.0,0.1978,0.218
3363,,0.18416,0.544,0.18416,0.505,0.03408,0.925,0.13012,0.168
3364,,0.15184,0.519,0.15184,0.455,-0.0336,0.85,0.06244,0.118
3365,5,0.21952,0.593,0.21952,0.509,1.0,0.625,0.10176,0.172
3366,,0.1872,0.568,0.1872,0.459,0.93232,0.55,0.03408,0.122
3367,,0.15488,0.543,0.15488,0.409,0.86464,0.475,-0.0336,0.072
3368,7,0.22256,0.617,0.22256,0.463,0.90396,0.509,1.0,0.126
3369,,0.19024,0.592,0.19024,0.413,0.83628,0.434,0.93232,0.076
3370,,0.15792,0.567,0.15792,0.363,0.7686,0.359,0.86464,0.026
3371,,0.1256,0.542,0.1256,0.313,0.70092,0.284,0.79696,-0.024
3372,8,0.18928,0.612,0.18928,0.363,0.73724,0.314,0.83328,1.0
3373,,0.15696,0.587,0.15696,0.313,0.66956,0.239,0.7656,0.95
3374,,0.12464,0.562,0.12464,0.263,0.60188,0.164,0.69792,0.9
3375,,0.09232,0.537,0.09232,0.213,0.5342,0.089,0.63024,0.85
3376,,0.06,0.512,0.06,0.163,0.46652,0.014,0.56256,0.8
3377,,0.02768,0.487,0.02768,0.113,0.39884,-0.061,0.49488,0.75
3378,6,0.09636,0.562,0.09636,0.168,0.44016,1.0,0.5362,0.805
3379,,0.06404,0.537,0.06404,0.118,0.37248,0.925,0.46852,0.755
3380,,0.03172,0.512,0.03172,0.068,0.3048,0.85,0.40084,0.705
3381,,-0.0006,0.487,-0.0006,0.018,0.23712,0.775,0.33316,0.655
3382,1,1.0,0.553,0.06008,0.064,0.26944,0.801,0.36548,0.701
3383,,0.96768,0.528,0.02776,0.014,0.20176,0.726,0.2978,0.651
3384,,0.93536,0.503,-0.00456,-0.036,0.13408,0.651,0.23012,0.601
3385,4,0.99904,0.573,0.05912,1.0,0.1704,0.681,0.26644,0.651
3386,,0.96672,0.548,0.0268,0.95,0.10272,0.606,0.19876,0.601
3387,,0.9344,0.523,-0.00552,0.9,0.03504,0.531,0.13108,0.551
3388,3,0.99508,0.589,1.0,0.946,0.06736,0.557,0.1634,0.597
3389,,0.96276,0.564,0.96768,0.896,-0.00032,0.482,0.09572,0.547
3390,5,1.0,0.638,1.0,0.95,1.0,0.257,0.13504,0.601
3391,,0.96768,0.613,0.96768,0.9,0.93232,0.182,0.06736,0.551
3392,,0.93536,0.588,0.93536,0.85,0.86464,0.107,-0.00032,0.501
3393,7,1.0,0.662,1.0,0.904,0.90396,0.141,1.0,0.555
3394,,0.96768,0.637,0.96768,0.854,0.83628,0.066,0.93232,0.505
3395,,0.93536,0.612,0.93536,0.804,0.7686,-0.009,0.86464,0.455
3396,6,1.0,0.687,1.0,0.859,0.80992,1.0,0.90596,0.51
3397,,0.96768,0.662,0.96768,0.809,0.74224,0.925,0.83828,0.46
3398,,0.93536,0.637,0.93536,0.759,0.67456,0.85,0.7706,0.41
3399,,0.90304,0.612,0.90304,0.709,0.60688,0.775,0.70292,0.36
3400,,0.87072,0.587,0.87072,0.659,0.5392,0.7,0.63524,0.31
3401,,0.8384,0.562,0.8384,0.609,0.47152,0.625,0.56756,0.26
3402,,0.80608,0.537,0.80608,0.559,0.40384,0.55,0.49988,0.21
3403,,0.77376,0.512,0.77376,0.509,0.33616,0.475,0.4322,0.16
3404,,0.74144,0.487,0.74144,0.459,0.26848,0.4,0.36452,0.11
3405,,0.70912,0.462,0.70912,0.409,0.2008,0.325,0.29684,0.06
3406,,0.6768,0.437,0.6768,0.359,0.13312,0.25,0.22916,0.01
3407,,0.64448,0.412,0.64448,0.309,0.06544,0.175,0.16148,-0.04
3408,8,0.70816,0.482,0.70816,0.359,0.10176,0.205,0.1978,1.0
3409,,0.67584,0.457,0.67584,0.309,0.03408,0.13,0.13012,0.95
3410,,0.64352,0.432,0.64352,0.259,-0.0336,0.055,0.06244,0.9
3411,5,0.7112,0.506,0.7112,0.313,1.0,-0.17,0.10176,0.954
3412,6,0.77988,0.581,0.77988,0.368,1.0,1.0,0.14308,1.0
3413,,0.74756,0.556,0.74756,0.318,0.93232,0.925,0.0754,0.95
3414,,0.71524,0.531,0.71524,0.268,0.86464,0.85,0.00772,0.9
3415,,0.68292,0.506,0.68292,0.218,0.79696,0.775,-0.05996,0.85
3416,7,0.7506,0.58,0.7506,0.272,0.83628,0.809,1.0,0.904
3417,,0.71828,0.555,0.71828,0.222,0.7686,0.734,0.93232,0.854
3418,,0.68596,0.53,0.68596,0.172,0.70092,0.659,0.86464,0.804
3419,,0.65364,0.505,0.65364,0.122,0.63324,0.584,0.79696,0.754
3420,,0.62132,0.48,0.62132,0.072,0.56556,0.509,0.72928,0.704
3421,,0.589,0.455,0.589,0.022,0.49788,0.434,0.6616,0.654
3422,,0.55668,0.43,0.55668,-0.028,0.4302,0.359,0.59392,0.604
3423,4,0.62036,0.5,0.62036,1.0,0.46652,0.389,0.63024,0.654
3424,,0.58804,0.475,0.58804,0.95,0.39884,0.314,0.56256,0.604
3425,,0.55572,0.45,0.55572,0.9,0.33116,0.239,0.49488,0.554
3426,,0.5234,0.425,0.5234,0.85,0.26348,0.164,0.4272,0.504
3427,,0.49108,0.4,0.49108,0.8,0.1958,0.089,0.35952,0.454
3428,,0.45876,0.375,0.45876,0.75,0.12812,0.014,0.29184,0.404
3429,,0.42644,0.35,0.42644,0.7,0.06044,-0.061,0.22416,0.354
3430,6,0.49512,0.425,0.49512,0.755,0.10176,1.0,0.26548,0.409
3431,,0.4628,0.4,0.4628,0.705,0.03408,0.925,0.1978,0.359
3432,,0.43048,0.375,0.43048,0.655,-0.0336,0.85,0.13012,0.309
3433,5,0.49816,0.449,0.49816,0.709,1.0,0.625,0.16944,0.363
3434,,0.46584,0.424,0.46584,0.659,0.93232,0.55,0.10176,0.313
3435,,0.43352,0.399,0.43352,0.609,0.86464,0.475,0.03408,0.263
3436,,0.4012,0.374,0.4012,0.559,0.79696,0.4,-0.0336,0.213
3437,7,0.46888,0.448,0.46888,0.613,0.83628,0.434,1.0,0.267
3438,,0.43656,0.423,0.43656,0.563,0.7686,0.359,0.93232,0.217
3439,,0.40424,0.398,0.40424,0.513,0.70092,0.284,0.86464,0.167
3440,,0.37192,0.373,0.37192,0.463,0.63324,0.209,0.79696,0.117
3441,,0.3396,0.348,0.3396,0.413,0.56556,0.134,0.72928,0.067
3442,,0.30728,0.323,0.30728,0.363,0.49788,0.059,0.6616,0.017
3443,,0.27496,0.298,0.27496,0.313,0.4302,-0.016,0.59392,-0.033
3444,8,0.33864,0.368,0.33864,0.363,0.46652,0.014,0.63024,1.0
3445,,0.30632,0.343,0.30632,0.313,0.39884,-0.061,0.56256,0.95
3446,6,0.375,0.418,0.375,0.368,0.44016,1.0,0.60388,1.0
3447,,0.34268,0.393,0.34268,0.318,0.37248,0.925,0.5362,0.95
3448,,0.31036,0.368,0.31036,0.268,0.3048,0.85,0.46852,0.9
3449,,0.27804,0.343,0.27804,0.218,0.23712,0.775,0.40084,0.85
3450,,0.24572,0.318,0.24572,0.168,0.16944,0.7,0.33316,0.8
3451,,0.2134,0.293,0.2134,0.118,0.10176,0.625,0.26548,0.75
3452,,0.18108,0.268,0.18108,0.068,0.03408,0.55,0.1978,0.7
3453,,0.14876,0.243,0.14876,0.018,-0.0336,0.475,0.13012,0.65
3454,5,0.21644,0.317,0.21644,0.072,1.0,0.25,0.16944,0.704
3455,,0.18412,0.292,0.18412,0.022,0.93232,0.175,0.10176,0.654
3456,,0.1518,0.267,0.1518,-0.028,0.86464,0.1,0.03408,0.604
3457,4,0.21548,0.337,0.21548,1.0,0.90096,0.13,0.0704,0.654
3458,,0.18316,0.312,0.18316,0.95,0.83328,0.055,0.00272,0.604
3459,,0.15084,0.287,0.15084,0.9,0.7656,-0.02,-0.06496,0.554
3460,7,0.21852,0.361,0.21852,0.954,0.80492,0.014,1.0,0.608
3461,,0.1862,0.336,0.1862,0.904,0.73724,-0.061,0.93232,0.558
3462,6,0.25488,0.411,0.25488,0.959,0.77856,1.0,0.97364,0.613
3463,,0.22256,0.386,0.22256,0.909,0.71088,0.925,0.90596,0.563
3464,,0.19024,0.361,0.19024,0.859,0.6432,0.85,0.83828,0.513
3465,,0.15792,0.336,0.15792,0.809,0.57552,0.775,0.7706,0.463
3466,,0.1256,0.311,0.1256,0.759,0.50784,0.7,0.70292,0.413
3467,,0.09328,0.286,0.09328,0.709,0.44016,0.625,0.63524,0.363
3468,,0.06096,0.261,0.06096,0.659,0.37248,0.55,0.56756,0.313
3469,,0.02864,0.236,0.02864,0.609,0.3048,0.475,0.49988,0.263
3470,,-0.00368,0.211,-0.00368,0.559,0.23712,0.4,0.4322,0.213
3471,1,1.0,0.277,0.057,0.605,0.26944,0.426,0.46452,0.259
3472,,0.96768,0.252,0.02468,0.555,0.20176,0.351,0.39684,0.209
3473,,0.93536,0.227,-0.00764,0.505,0.13408,0.276,0.32916,0.159
3474,3,0.99604,0.293,1.0,0.551,0.1664,0.302,0.36148,0.205
3475,,0.96372,0.268,0.96768,0.501,0.09872,0.227,0.2938,0.155
3476,,0.9314,0.243,0.93536,0.451,0.03104,0.152,0.22612,0.105
3477,,0.89908,0.218,0.90304,0.401,-0.03664,0.077,0.15844,0.055
3478,5,0.96676,0.292,0.97072,0.455,1.0,-0.148,0.19776,0.109
3479,6,1.0,0.367,1.0,0.51,1.0,1.0,0.23908,0.164
3480,,0.96768,0.342,0.96768,0.46,0.93232,0.925,0.1714,0.114
3481,,0.93536,0.317,0.93536,0.41,0.86464,0.85,0.10372,0.064
3482,,0.90304,0.292,0.90304,0.36,0.79696,0.775,0.03604,0.014
3483,,0.87072,0.267,0.87072,0.31,0.72928,0.7,-0.03164,-0.036
3484,8,0.9344,0.337,0.9344,0.36,0.7656,0.73,0.00468,1.0
3485,,0.90208,0.312,0.90208,0.31,0.69792,0.655,-0.063,0.95
3486,7,0.96976,0.386,0.96976,0.364,0.73724,0.689,1.0,1.0
3487,,0.93744,0.361,0.93744,0.314,0.66956,0.614,0.93232,0.95
3488,,0.90512,0.336,0.90512,0.264,0.60188,0.539,0.86464,0.9
3489,,0.8728,0.311,0.8728,0.214,0.5342,0.464,0.79696,0.85
3490,,0.84048,0.286,0.84048,0.164,0.46652,0.389,0.72928,0.8
3491,,0.80816,0.261,0.80816,0.114,0.39884,0.314,0.6616,0.75
3492,,0.77584,0.236,0.77584,0.064,0.33116,0.239,0.59392,0.7
3493,,0.74352,0.211,0.74352,0.014,0.26348,0.164,0.52624,0.65
3494,,0.7112,0.186,0.7112,-0.036,0.1958,0.089,0.45856,0.6
3495,4,0.77488,0.256,0.77488,1.0,0.23212,0.119,0.49488,0.65
3496,,0.74256,0.231,0.74256,0.95,0.16444,0.044,0.4272,0.6
3497,,0.71024,0.206,0.71024,0.9,0.09676,-0.031,0.35952,0.55
3498,6,0.77892,0.281,0.77892,0.955,0.13808,1.0,0.40084,0.605
3499,,0.7466,0.256,0.7466,0.905,0.0704,0.925,0.33316,0.555
3500,,0.71428,0.231,0.71428,0.855,0.00272,0.85,0.26548,0.505
3501,,0.68196,0.206,0.68196,0.805,-0.06496,0.775,0.1978,0.455
3502,5,0.74964,0.28,0.74964,0.859,1.0,0.55,0.23712,0.509
3503,,0.71732,0.255,0.71732,0.809,0.93232,0.475,0.16944,0.459
3504,,0.685,0.23,0.685,0.759,0.86464,0.4,0.10176,0.409
3505,,0.65268,0.205,0.65268,0.709,0.79696,0.325,0.03408,0.359
3506,,0.62036,0.18,0.62036,0.659,0.72928,0.25,-0.0336,0.309
3507,7,0.68804,0.254,0.68804,0.713,0.7686,0.284,1.0,0.363
3508,,0.65572,0.229,0.65572,0.663,0.70092,0.209,0.93232,0.313
3509,,0.6234,0.204,0.6234,0.613,0.63324,0.134,0.86464,0.263
3510,,0.59108,0.179,0.59108,0.563,0.56556,0.059,0.79696,0.213
3511,,0.55876,0.154,0.55876,0.513,0.49788,-0.016,0.72928,0.163
3512,6,0.62744,0.229,0.62744,0.568,0.5392,1.0,0.7706,0.218
3513,,0.59512,0.204,0.59512,0.518,0.47152,0.925,0.70292,0.168
3514,,0.5628,0.179,0.5628,0.468,0.40384,0.85,0.63524,0.118
3515,,0.53048,0.154,0.53048,0.418,0.33616,0.775,0.56756,0.068
3516,,0.49816,0.129,0.49816,0.368,0.26848,0.7,0.49988,0.018
3517,,0.46584,0.104,0.46584,0.318,0.2008,0.625,0.4322,-0.032
3518,8,0.52952,0.174,0.52952,0.368,0.23712,0.655,0.46852,1.0
3519,,0.4972,0.149,0.4972,0.318,0.16944,0.58,0.40084,0.95
3520,,0.46488,0.124,0.46488,0.268,0.10176,0.505,0.33316,0.9
3521,,0.43256,0.099,0.43256,0.218,0.03408,0.43,0.26548,0.85
3522,,0.40024,0.074,0.40024,0.168,-0.0336,0.355,0.1978,0.8
3523,5,0.46792,0.148,0.46792,0.222,1.0,0.13,0.23712,0.854
3524,,0.4356,0.123,0.4356,0.172,0.93232,0.055,0.16944,0.804
3525,,0.40328,0.098,0.40328,0.122,0.86464,-0.02,0.10176,0.754
3526,6,0.47196,0.173,0.47196,0.177,0.90596,1.0,0.14308,0.809
3527,,0.43964,0.148,0.43964,0.127,0.83828,0.925,0.0754,0.759
3528,,0.40732,0.123,0.40732,0.077,0.7706,0.85,0.00772,0.709
3529,,0.375,0.098,0.375,0.027,0.70292,0.775,-0.05996,0.659
3530,7,0.44268,0.172,0.44268,0.081,0.74224,0.809,1.0,0.713
3531,,0.41036,0.147,0.41036,0.031,0.67456,0.734,0.93232,0.663
3532,,0.37804,0.122,0.37804,-0.019,0.60688,0.659,0.86464,0.613
3533,4,0.44172,0.192,0.44172,1.0,0.6432,0.689,0.90096,0.663
3534,,0.4094,0.167,0.4094,0.95,0.57552,0.614,0.83328,0.613
3535,,0.37708,0.142,0.37708,0.9,0.50784,0.539,0.7656,0.563
3536,,0.34476,0.117,0.34476,0.85,0.44016,0.464,0.69792,0.513
3537,,0.31244,0.092,0.31244,0.8,0.37248,0.389,0.63024,0.463
3538,,0.28012,0.067,0.28012,0.75,0.3048,0.314,0.56256,0.413
3539,,0.2478,0.042,0.2478,0.7,0.23712,0.239,0.49488,0.363
3540,,0.21548,0.017,0.21548,0.65,0.16944,0.164,0.4272,0.313
3541,,0.18316,-0.008,0.18316,0.6,0.10176,0.089,0.35952,0.263
3542,2,0.24184,1.0,0.24184,0.645,0.13308,0.114,0.39084,0.308
3543,,0.20952,0.975,0.20952,0.595,0.0654,0.039,0.32316,0.258
3544,,0.1772,0.95,0.1772,0.545,-0.00228,-0.036,0.25548,0.208
3545,6,0.24588,1.0,0.24588,0.6,0.03904,1.0,0.2968,0.263
3546,,0.21356,0.975,0.21356,0.55,-0.02864,0.925,0.22912,0.213
3547,5,0.28124,1.0,0.28124,0.604,1.0,0.7,0.26844,0.267
3548,,0.24892,0.975,0.24892,0.554,0.93232,0.625,0.20076,0.217
3549,,0.2166,0.95,0.2166,0.504,0.86464,0.55,0.13308,0.167
3550,,0.18428,0.925,0.18428,0.454,0.79696,0.475,0.0654,0.117
3551,,0.15196,0.9,0.15196,0.404,0.72928,0.4,-0.00228,0.067
3552,7,0.21964,0.974,0.21964,0.458,0.7686,0.434,1.0,0.121
3553,,0.18732,0.949,0.18732,0.408,0.70092,0.359,0.93232,0.071
3554,,0.155,0.924,0.155,0.358,0.63324,0.284,0.86464,0.021
3555,,0.12268,0.899,0.12268,0.308,0.56556,0.209,0.79696,-0.029
3556,8,0.18636,0.969,0.18636,0.358,0.60188,0.239,0.83328,1.0
3557,,0.15404,0.944,0.15404,0.308,0.5342,0.164,0.7656,0.95
3558,,0.12172,0.919,0.12172,0.258,0.46652,0.089,0.69792,0.9
3559,,0.0894,0.894,0.0894,0.208,0.39884,0.014,0.63024,0.85
3560,,0.05708,0.869,0.05708,0.158,0.33116,-0.061,0.56256,0.8
3561,6,0.12576,0.944,0.12576,0.213,0.37248,1.0,0.60388,0.855
3562,,0.09344,0.919,0.09344,0.163,0.3048,0.925,0.5362,0.805
3563,,0.06112,0.894,0.06112,0.113,0.23712,0.85,0.46852,0.755
3564,,0.0288,0.869,0.0288,0.063,0.16944,0.775,0.40084,0.705
3565,,-0.00352,0.844,-0.00352,0.013,0.10176,0.7,0.33316,0.655
3566,3,0.05716,0.91,1.0,0.059,0.13408,0.726,0.36548,0.701
3567,,0.02484,0.885,0.96768,0.009,0.0664,0.651,0.2978,0.651
3568,,-0.00748,0.86,0.93536,-0.041,-0.00128,0.576,0.23012,0.601
3569,4,0.0562,0.93,0.99904,1.0,0.03504,0.606,0.26644,0.651
3570,,0.02388,0.905,0.96672,0.95,-0.03264,0.531,0.19876,0.601
3571,5,0.09156,0.979,1.0,1.0,1.0,0.306,0.23808,0.655
3572,,0.05924,0.954,0.96768,0.95,0.93232,0.231,0.1704,0.605
3573,,0.02692,0.929,0.93536,0.9,0.86464,0.156,0.10272,0.555
3574,,-0.0054,0.904,0.90304,0.85,0.79696,0.081,0.03504,0.505
3575,1,1.0,0.97,0.96372,0.896,0.82928,0.107,0.06736,0.551
3576,,0.96768,0.945,0.9314,0.846,0.7616,0.032,-0.00032,0.501
3577,7,1.0,1.0,0.99908,0.9,0.80092,0.066,1.0,0.555
3578,,0.96768,0.975,0.96676,0.85,0.73324,-0.009,0.93232,0.505
3579,6,1.0,1.0,1.0,0.905,0.77456,1.0,0.97364,0.56
3580,,0.96768,0.975,0.96768,0.855,0.70688,0.925,0.90596,0.51
3581,,0.93536,0.95,0.93536,0.805,0.6392,0.85,0.83828,0.46
3582,,0.90304,0.925,0.90304,0.755,0.57152,0.775,0.7706,0.41
3583,,0.87072,0.9,0.87072,0.705,0.50384,0.7,0.70292,0.36
3584,,0.8384,0.875,0.8384,0.655,0.43616,0.625,0.63524,0.31
3585,,0.80608,0.85,0.80608,0.605,0.36848,0.55,0.56756,0.26
3586,,0.77376,0.825,0.77376,0.555,0.3008,0.475,0.49988,0.21
3587,,0.74144,0.8,0.74144,0.505,0.23312,0.4,0.4322,0.16
3588,,0.70912,0.775,0.70912,0.455,0.16544,0.325,0.36452,0.11
3589,,0.6768,0.75,0.6768,0.405,0.09776,0.25,0.29684,0.06
3590,,0.64448,0.725,0.64448,0.355,0.03008,0.175,0.22916,0.01
3591,,0.61216,0.7,0.61216,0.305,-0.0376,0.1,0.16148,-0.04
3592,8,0.67584,0.77,0.67584,0.355,-0.00128,0.13,0.1978,1.0
3593,5,0.74352,0.844,0.74352,0.409,1.0,-0.095,0.23712,1.0
3594,6,0.8122,0.919,0.8122,0.464,1.0,1.0,0.27844,1.0
3595,,0.77988,0.894,0.77988,0.414,0.93232,0.925,0.21076,0.95
3596,,0.74756,0.869,0.74756,0.364,0.86464,0.85,0.14308,0.9
3597,,0.71524,0.844,0.71524,0.314,0.79696,0.775,0.0754,0.85
3598,,0.68292,0.819,0.68292,0.264,0.72928,0.7,0.00772,0.8
3599,,0.6506,0.794,0.6506,0.214,0.6616,0.625,-0.05996,0.75
3600,7,0.71828,0.868,0.71828,0.268,0.70092,0.659,1.0,0.804
3601,,0.68596,0.843,0.68596,0.218,0.63324,0.584,0.93232,0.754
3602,,0.65364,0.818,0.65364,0.168,0.56556,0.509,0.86464,0.704
3603,,0.62132,0.793,0.62132,0.118,0.49788,0.434,0.79696,0.654
3604,,0.589,0.768,0.589,0.068,0.4302,0.359,0.72928,0.604
3605,,0.55668,0.743,0.55668,0.018,0.36252,0.284,0.6616,0.554
3606,,0.52436,0.718,0.52436,-0.032,0.29484,0.209,0.59392,0.504
3607,4,0.58804,0.788,0.58804,1.0,0.33116,0.239,0.63024,0.554
3608,,0.55572,0.763,0.55572,0.95,0.26348,0.164,0.56256,0.504
3609,,0.5234,0.738,0.5234,0.9,0.1958,0.089,0.49488,0.454
3610,,0.49108,0.713,0.49108,0.85,0.12812,0.014,0.4272,0.404
3611,,0.45876,0.688,0.45876,0.8,0.06044,-0.061,0.35952,0.354
3612,6,0.52744,0.763,0.52744,0.855,0.10176,1.0,0.40084,0.409
3613,,0.49512,0.738,0.49512,0.805,0.03408,0.925,0.33316,0.359
3614,,0.4628,0.713,0.4628,0.755,-0.0336,0.85,0.26548,0.309
3615,5,0.53048,0.787,0.53048,0.809,1.0,0.625,0.3048,0.363
3616,,0.49816,0.762,0.49816,0.759,0.93232,0.55,0.23712,0.313
3617,,0.46584,0.737,0.46584,0.709,0.86464,0.475,0.16944,0.263
3618,,0.43352,0.712,0.43352,0.659,0.79696,0.4,0.10176,0.213
3619,,0.4012,0.687,0.4012,0.609,0.72928,0.325,0.03408,0.163
3620,,0.36888,0.662,0.36888,0.559,0.6616,0.25,-0.0336,0.113
3621,7,0.43656,0.736,0.43656,0.613,0.70092,0.284,1.0,0.167
3622,,0.40424,0.711,0.40424,0.563,0.63324,0.209,0.93232,0.117
3623,,0.37192,0.686,0.37192,0.513,0.56556,0.134,0.86464,0.067
3624,,0.3396,0.661,0.3396,0.463,0.49788,0.059,0.79696,0.017
3625,,0.30728,0.636,0.30728,0.413,0.4302,-0.016,0.72928,-0.033
3626,8,0.37096,0.706,0.37096,0.463,0.46652,0.014,0.7656,1.0
3627,,0.33864,0.681,0.33864,0.413,0.39884,-0.061,0.69792,0.95
3628,6,0.40732,0.756,0.40732,0.468,0.44016,1.0,0.73924,1.0
3629,,0.375,0.731,0.375,0.418,0.37248,0.925,0.67156,0.95
3630,,0.34268,0.706,0.34268,0.368,0.3048,0.85,0.60388,0.9
3631,,0.31036,0.681,0.31036,0.318,0.23712,0.775,0.5362,0.85
3632,,0.27804,0.656,0.27804,0.268,0.16944,0.7,0.46852,0.8
3633,,0.24572,0.631,0.24572,0.218,0.10176,0.625,0.40084,0.75
3634,,0.2134,0.606,0.2134,0.168,0.03408,0.55,0.33316,0.7
3635,,0.18108,0.581,0.18108,0.118,-0.0336,0.475,0.26548,0.65
3636,5,0.24876,0.655,0.24876,0.172,1.0,0.25,0.3048,0.704
3637,,0.21644,0.63,0.21644,0.122,0.93232,0.175,0.23712,0.654
3638,,0.18412,0.605,0.18412,0.072,0.86464,0.1,0.16944,0.604
3639,,0.1518,0.58,0.1518,0.022,0.79696,0.025,0.10176,0.554
3640,,0.11948,0.555,0.11948,-0.028,0.72928,-0.05,0.03408,0.504
3641,6,0.18816,0.63,0.18816,0.027,0.7706,1.0,0.0754,0.559
3642,,0.15584,0.605,0.15584,-0.023,0.70292,0.925,0.00772,0.509
3643,4,0.21952,0.675,0.21952,1.0,0.73924,0.955,0.04404,0.559
3644,,0.1872,0.65,0.1872,0.95,0.67156,0.88,-0.02364,0.509
3645,7,0.25488,0.724,0.25488,1.0,0.71088,0.914,1.0,0.563
3646,,0.22256,0.699,0.22256,0.95,0.6432,0.839,0.93232,0.513
3647,,0.19024,0.674,0.19024,0.9,0.57552,0.764,0.86464,0.463
3648,,0.15792,0.649,0.15792,0.85,0.50784,0.689,0.79696,0.413
3649,,0.1256,0.624,0.1256,0.8,0.44016,0.614,0.72928,0.363
3650,,0.09328,0.599,0.09328,0.75,0.37248,0.539,0.6616,0.313
3651,,0.06096,0.574,0.06096,0.7,0.3048,0.464,0.59392,0.263
3652,,0.02864,0.549,0.02864,0.65,0.23712,0.389,0.52624,0.213
3653,,-0.00368,0.524,-0.00368,0.6,0.16944,0.314,0.45856,0.163
3654,3,0.057,0.59,1.0,0.646,0.20176,0.34,0.49088,0.209
3655,,0.02468,0.565,0.96768,0.596,0.13408,0.265,0.4232,0.159
3656,,-0.00764,0.54,0.93536,0.546,0.0664,0.19,0.35552,0.109
3657,1,1.0,0.606,0.99604,0.592,0.09872,0.216,0.38784,0.155
3658,,0.96768,0.581,0.96372,0.542,0.03104,0.141,0.32016,0.105
3659,,0.93536,0.556,0.9314,0.492,-0.03664,0.066,0.25248,0.055
3660,5,1.0,0.63,0.99908,0.546,1.0,-0.159,0.2918,0.109
3661,6,1.0,0.705,1.0,0.601,1.0,1.0,0.33312,0.164
3662,,0.96768,0.68,0.96768,0.551,0.93232,0.925,0.26544,0.114
3663,,0.93536,0.655,0.93536,0.501,0.86464,0.85,0.19776,0.064
3664,,0.90304,0.63,0.90304,0.451,0.79696,0.775,0.13008,0.014
3665,,0.87072,0.605,0.87072,0.401,0.72928,0.7,0.0624,-0.036
3666,8,0.9344,0.675,0.9344,0.451,0.7656,0.73,0.09872,1.0
3667,,0.90208,0.65,0.90208,0.401,0.69792,0.655,0.03104,0.95
3668,,0.86976,0.625,0.86976,0.351,0.63024,0.58,-0.03664,0.9
3669,7,0.93744,0.699,0.93744,0.405,0.66956,0.614,1.0,0.954
3670,,0.90512,0.674,0.90512,0.355,0.60188,0.539,0.93232,0.904
3671,,0.8728,0.649,0.8728,0.305,0.5342,0.464,0.86464,0.854
3672,,0.84048,0.624,0.84048,0.255,0.46652,0.389,0.79696,0.804
3673,,0.80816,0.599,0.80816,0.205,0.39884,0.314,0.72928,0.754
3674,,0.77584,0.574,0.77584,0.155,0.33116,0.239,0.6616,0.704
3675,,0.74352,0.549,0.74352,0.105,0.26348,0.164,0.59392,0.654
3676,,0.7112,0.524,0.7112,0.055,0.1958,0.089,0.52624,0.604
3677,,0.67888,0.499,0.67888,0.005,0.12812,0.014,0.45856,0.554
3678,,0.64656,0.474,0.64656,-0.045,0.06044,-0.061,0.39088,0.504
3679,6,0.71524,0.549,0.71524,0.01,0.10176,1.0,0.4322,0.559
3680,,0.68292,0.524,0.68292,-0.04,0.03408,0.925,0.36452,0.509
3681,4,0.7466,0.594,0.7466,1.0,0.0704,0.955,0.40084,0.559
3682,,0.71428,0.569,0.71428,0.95,0.00272,0.88,0.33316,0.509
3683,,0.68196,0.544,0.68196,0.9,-0.06496,0.805,0.26548,0.459
3684,5,0.74964,0.618,0.74964,0.954,1.0,0.58,0.3048,0.513
3685,,0.71732,0.593,0.71732,0.904,0.93232,0.505,0.23712,0.463
3686,,0.685,0.568,0.685,0.854,0.86464,0.43,0.16944,0.413
3687,,0.65268,0.543,0.65268,0.804,0.79696,0.355,0.10176,0.363
3688,,0.62036,0.518,0.62036,0.754,0.72928,0.28,0.03408,0.313
3689,,0.58804,0.493,0.58804,0.704,0.6616,0.205,-0.0336,0.263
3690,7,0.65572,0.567,0.65572,0.758,0.70092,0.239,1.0,0.317
3691,,0.6234,0.542,0.6234,0.708,0.63324,0.164,0.93232,0.267
3692,,0.59108,0.517,0.59108,0.658,0.56556,0.089,0.86464,0.217
3693,,0.55876,0.492,0.55876,0.608,0.49788,0.014,0.79696,0.167
3694,,0.52644,0.467,0.52644,0.558,0.4302,-0.061,0.72928,0.117
3695,6,0.59512,0.542,0.59512,0.613,0.47152,1.0,0.7706,0.172
3696,,0.5628,0.517,0.5628,0.563,0.40384,0.925,0.70292,0.122
3697,,0.53048,0.492,0.53048,0.513,0.33616,0.85,0.63524,0.072
3698,,0.49816,0.467,0.49816,0.463,0.26848,0.775,0.56756,0.022
3699,,0.46584,0.442,0.46584,0.413,0.2008,0.7,0.49988,-0.028
3700,8,0.52952,0.512,0.52952,0.463,0.23712,0.73,0.5362,1.0
3701,,0.4972,0.487,0.4972,0.413,0.16944,0.655,0.46852,0.95
3702,,0.46488,0.462,0.46488,0.363,0.10176,0.58,0.40084,0.9
3703,,0.43256,0.437,0.43256,0.313,0.03408,0.505,0.33316,0.85
3704,,0.40024,0.412,0.40024,0.263,-0.0336,0.43,0.26548,0.8
3705,5,0.46792,0.486,0.46792,0.317,1.0,0.205,0.3048,0.854
3706,,0.4356,0.461,0.4356,0.267,0.93232,0.13,0.23712,0.804
3707,,0.40328,0.436,0.40328,0.217,0.86464,0.055,0.16944,0.754
3708,,0.37096,0.411,0.37096,0.167,0.79696,-0.02,0.10176,0.704
3709,6,0.43964,0.486,0.43964,0.222,0.83828,1.0,0.14308,0.759
3710,,0.40732,0.461,0.40732,0.172,0.7706,0.925,0.0754,0.709
3711,,0.375,0.436,0.375,0.122,0.70292,0.85,0.00772,0.659
3712,,0.34268,0.411,0.34268,0.072,0.63524,0.775,-0.05996,0.609
3713,7,0.41036,0.485,0.41036,0.126,0.67456,0.809,1.0,0.663
3714,,0.37804,0.46,0.37804,0.076,0.60688,0.734,0.93232,0.613
3715,,0.34572,0.435,0.34572,0.026,0.5392,0.659,0.86464,0.563
3716,,0.3134,0.41,0.3134,-0.024,0.47152,0.584,0.79696,0.513
3717,4,0.37708,0.48,0.37708,1.0,0.50784,0.614,0.83328,0.563
3718,,0.34476,0.455,0.34476,0.95,0.44016,0.539,0.7656,0.513
3719,,0.31244,0.43,0.31244,0.9,0.37248,0.464,0.69792,0.463
3720,,0.28012,0.405,0.28012,0.85,0.3048,0.389,0.63024,0.413
3721,,0.2478,0.38,0.2478,0.8,0.23712,0.314,0.56256,0.363
3722,,0.21548,0.355,0.21548,0.75,0.16944,0.239,0.49488,0.313
3723,,0.18316,0.33,0.18316,0.7,0.10176,0.164,0.4272,0.263
3724,,0.15084,0.305,0.15084,0.65,0.03408,0.089,0.35952,0.213
3725,,0.11852,0.28,0.11852,0.6,-0.0336,0.014,0.29184,0.163
3726,5,0.1862,0.354,0.1862,0.654,1.0,-0.211,0.33116,0.217
3727,6,0.25488,0.429,0.25488,0.709,1.0,1.0,0.37248,0.272
3728,,0.22256,0.404,0.22256,0.659,0.93232,0.925,0.3048,0.222
3729,,0.19024,0.379,0.19024,0.609,0.86464,0.85,0.23712,0.172
3730,,0.15792,0.354,0.15792,0.559,0.79696,0.775,0.16944,0.122
3731,,0.1256,0.329,0.1256,0.509,0.72928,0.7,0.10176,0.072
3732,,0.09328,0.304,0.09328,0.459,0.6616,0.625,0.03408,0.022
3733,,0.06096,0.279,0.06096,0.409,0.59392,0.55,-0.0336,-0.028
3734,7,0.12864,0.353,0.12864,0.463,0.63324,0.584,1.0,0.026
3735,,0.09632,0.328,0.09632,0.413,0.56556,0.509,0.93232,-0.024
3736,8,0.16,0.398,0.16,0.463,0.60188,0.539,0.96864,1.0
3737,,0.12768,0.373,0.12768,0.413,0.5342,0.464,0.90096,0.95
3738,,0.09536,0.348,0.09536,0.363,0.46652,0.389,0.83328,0.9
3739,,0.06304,0.323,0.06304,0.313,0.39884,0.314,0.7656,0.85
3740,,0.03072,0.298,0.03072,0.263,0.33116,0.239,0.69792,0.8
3741,,-0.0016,0.273,-0.0016,0.213,0.26348,0.164,0.63024,0.75
3742,3,0.05908,0.339,1.0,0.259,0.2958,0.19,0.66256,0.796
3743,,0.02676,0.314,0.96768,0.209,0.22812,0.115,0.59488,0.746
3744,,-0.00556,0.289,0.93536,0.159,0.16044,0.04,0.5272,0.696
3745,1,1.0,0.355,0.99604,0.205,0.19276,0.066,0.55952,0.742
3746,,0.96768,0.33,0.96372,0.155,0.12508,-0.009,0.49184,0.692
3747,6,1.0,0.405,1.0,0.21,0.1664,1.0,0.53316,0.747
3748,,0.96768,0.38,0.96768,0.16,0.09872,0.925,0.46548,0.697
3749,,0.93536,0.355,0.93536,0.11,0.03104,0.85,0.3978,0.647
3750,,0.90304,0.33,0.90304,0.06,-0.03664,0.775,0.33012,0.597
3751,5,0.97072,0.404,0.97072,0.114,1.0,0.55,0.36944,0.651
3752,,0.9384,0.379,0.9384,0.064,0.93232,0.475,0.30176,0.601
3753,,0.90608,0.354,0.90608,0.014,0.86464,0.4,0.23408,0.551
3754,,0.87376,0.329,0.87376,-0.036,0.79696,0.325,0.1664,0.501
3755,4,0.93744,0.399,0.93744,1.0,0.83328,0.355,0.20272,0.551
3756,,0.90512,0.374,0.90512,0.95,0.7656,0.28,0.13504,0.501
3757,,0.8728,0.349,0.8728,0.9,0.69792,0.205,0.06736,0.451
3758,,0.84048,0.324,0.84048,0.85,0.63024,0.13,-0.00032,0.401
3759,7,0.90816,0.398,0.90816,0.904,0.66956,0.164,1.0,0.455
3760,,0.87584,0.373,0.87584,0.854,0.60188,0.089,0.93232,0.405
3761,,0.84352,0.348,0.84352,0.804,0.5342,0.014,0.86464,0.355
3762,,0.8112,0.323,0.8112,0.754,0.46652,-0.061,0.79696,0.305
3763,6,0.87988,0.398,0.87988,0.809,0.50784,1.0,0.83828,0.36
3764,,0.84756,0.373,0.84756,0.759,0.44016,0.925,0.7706,0.31
3765,,0.81524,0.348,0.81524,0.709,0.37248,0.85,0.70292,0.26
3766,,0.78292,0.323,0.78292,0.659,0.3048,0.775,0.63524,0.21
3767,,0.7506,0.298,0.7506,0.609,0.23712,0.7,0.56756,0.16
3768,,0.71828,0.273,0.71828,0.559,0.16944,0.625,0.49988,0.11
3769,,0.68596,0.248,0.68596,0.509,0.10176,0.55,0.4322,0.06
3770,,0.65364,0.223,0.65364,0.459,0.03408,0.475,0.36452,0.01
3771,,0.62132,0.198,0.62132,0.409,-0.0336,0.4,0.29684,-0.04
3772,8,0.685,0.268,0.685,0.459,0.00272,0.43,0.33316,1.0
3773,,0.65268,0.243,0.65268,0.409,-0.06496,0.355,0.26548,0.95
3774,5,0.72036,0.317,0.72036,0.463,1.0,0.13,0.3048,1.0
3775,,0.68804,0.292,0.68804,0.413,0.93232,0.055,0.23712,0.95
3776,,0.65572,0.267,0.65572,0.363,0.86464,-0.02,0.16944,0.9
3777,6,0.7244,0.342,0.7244,0.418,0.90596,1.0,0.21076,0.955
3778,,0.69208,0.317,0.69208,0.368,0.83828,0.925,0.14308,0.905
3779,,0.65976,0.292,0.65976,0.318,0.7706,0.85,0.0754,0.855
3780,,0.62744,0.267,0.62744,0.268,0.70292,0.775,0.00772,0.805
3781,,0.59512,0.242,0.59512,0.218,0.63524,0.7,-0.05996,0.755
3782,7,0.6628,0.316,0.6628,0.272,0.67456,0.734,1.0,0.809
3783,,0.63048,0.291,0.63048,0.222,0.60688,0.659,0.93232,0.759
3784,,0.59816,0.266,0.59816,0.172,0.5392,0.584,0.86464,0.709
3785,,0.56584,0.241,0.56584,0.122,0.47152,0.509,0.79696,0.659
3786,,0.53352,0.216,0.53352,0.072,0.40384,0.434,0.72928,0.609
3787,,0.5012,0.191,0.5012,0.022,0.33616,0.359,0.6616,0.559
3788,,0.46888,0.166,0.46888,-0.028,0.26848,0.284,0.59392,0.509
3789,4,0.53256,0.236,0.53256,1.0,0.3048,0.314,0.63024,0.559
3790,,0.50024,0.211,0.50024,0.95,0.23712,0.239,0.56256,0.509
3791,,0.46792,0.186,0.46792,0.9,0.16944,0.164,0.49488,0.459
3792,,0.4356,0.161,0.4356,0.85,0.10176,0.089,0.4272,0.409
3793,,0.40328,0.136,0.40328,0.8,0.03408,0.014,0.35952,0.359
3794,,0.37096,0.111,0.37096,0.75,-0.0336,-0.061,0.29184,0.309
3795,6,0.43964,0.186,0.43964,0.805,0.00772,1.0,0.33316,0.364
3796,,0.40732,0.161,0.40732,0.755,-0.05996,0.925,0.26548,0.314
3797,5,0.475,0.235,0.475,0.809,1.0,0.7,0.3048,0.368
3798,,0.44268,0.21,0.44268,0.759,0.93232,0.625,0.23712,0.318
3799,,0.41036,0.185,0.41036,0.709,0.86464,0.55,0.16944,0.268
3800,,0.37804,0.16,0.37804,0.659,0.79696,0.475,0.10176,0.218
3801,,0.34572,0.135,0.34572,0.609,0.72928,0.4,0.03408,0.168
3802,,0.3134,0.11,0.3134,0.559,0.6616,0.325,-0.0336,0.118
3803,7,0.38108,0.184,0.38108,0.613,0.70092,0.359,1.0,0.172
3804,,0.34876,0.159,0.34876,0.563,0.63324,0.284,0.93232,0.122
3805,,0.31644,0.134,0.31644,0.513,0.56556,0.209,0.86464,0.072
3806,,0.28412,0.109,0.28412,0.463,0.49788,0.134,0.79696,0.022
3807,,0.2518,0.084,0.2518,0.413,0.4302,0.059,0.72928,-0.028
3808,8,0.31548,0.154,0.31548,0.463,0.46652,0.089,0.7656,1.0
3809,,0.28316,0.129,0.28316,0.413,0.39884,0.014,0.69792,0.95
3810,,0.25084,0.104,0.25084,0.363,0.33116,-0.061,0.63024,0.9
3811,6,0.31952,0.179,0.31952,0.418,0.37248,1.0,0.67156,0.955
3812,,0.2872,0.154,0.2872,0.368,0.3048,0.925,0.60388,0.905
3813,,0.25488,0.129,0.25488,0.318,0.23712,0.85,0.5362,0.855
3814,,0.22256,0.104,0.22256,0.268,0.16944,0.775,0.46852,0.805
3815,,0.19024,0.079,0.19024,0.218,0.10176,0.7,0.40084,0.755
3816,,0.15792,0.054,0.15792,0.168,0.03408,0.625,0.33316,0.705
3817,,0.1256,0.029,0.1256,0.118,-0.0336,0.55,0.26548,0.655
3818,5,0.19328,0.103,0.19328,0.172,1.0,0.325,0.3048,0.709
3819,,0.16096,0.078,0.16096,0.122,0.93232,0.25,0.23712,0.659
3820,,0.12864,0.053,0.12864,0.072,0.86464,0.175,0.16944,0.609
3821,,0.09632,0.028,0.09632,0.022,0.79696,0.1,0.10176,0.559
3822,,0.064,0.003,0.064,-0.028,0.72928,0.025,0.03408,0.509
3823,4,0.12768,0.073,0.12768,1.0,0.7656,0.055,0.0704,0.559
3824,,0.09536,0.048,0.09536,0.95,0.69792,-0.02,0.00272,0.509
3825,6,0.16404,0.123,0.16404,1.0,0.73924,1.0,0.04404,0.564
3826,,0.13172,0.098,0.13172,0.95,0.67156,0.925,-0.02364,0.514
3827,7,0.1994,0.172,0.1994,1.0,0.71088,0.959,1.0,0.568
3828,,0.16708,0.147,0.16708,0.95,0.6432,0.884,0.93232,0.518
3829,,0.13476,0.122,0.13476,0.9,0.57552,0.809,0.86464,0.468
3830,,0.10244,0.097,0.10244,0.85,0.50784,0.734,0.79696,0.418
3831,,0.07012,0.072,0.07012,0.8,0.44016,0.659,0.72928,0.368
3832,,0.0378,0.047,0.0378,0.75,0.37248,0.584,0.6616,0.318
3833,,0.00548,0.022,0.00548,0.7,0.3048,0.509,0.59392,0.268
3834,,-0.02684,-0.003,-0.02684,0.65,0.23712,0.434,0.52624,0.218
3835,3,0.03384,0.063,1.0,0.696,0.26944,0.46,0.55856,0.264
3836,,0.00152,0.038,0.96768,0.646,0.20176,0.385,0.49088,0.214
3837,,-0.0308,0.013,0.93536,0.596,0.13408,0.31,0.4232,0.164
3838,1,1.0,0.079,0.99604,0.642,0.1664,0.336,0.45552,0.21
3839,,0.96768,0.054,0.96372,0.592,0.09872,0.261,0.38784,0.16
3840,,0.93536,0.029,0.9314,0.542,0.03104,0.186,0.32016,0.11
3841,,0.90304,0.004,0.89908,0.492,-0.03664,0.111,0.25248,0.06
3842,5,0.97072,0.078,0.96676,0.546,1.0,-0.114,0.2918,0.114
3843,6,1.0,0.153,1.0,0.601,1.0,1.0,0.33312,0.169
3844,,0.96768,0.128,0.96768,0.551,0.93232,0.925,0.26544,0.119
3845,,0.93536,0.103,0.93536,0.501,0.86464,0.85,0.19776,0.069
3846,,0.90304,0.078,0.90304,0.451,0.79696,0.775,0.13008,0.019
3847,,0.87072,0.053,0.87072,0.401,0.72928,0.7,0.0624,-0.031
3848,8,0.9344,0.123,0.9344,0.451,0.7656,0.73,0.09872,1.0
3849,,0.90208,0.098,0.90208,0.401,0.69792,0.655,0.03104,0.95
3850,,0.86976,0.073,0.86976,0.351,0.63024,0.58,-0.03664,0.9
3851,7,0.93744,0.147,0.93744,0.405,0.66956,0.614,1.0,0.954
3852,,0.90512,0.122,0.90512,0.355,0.60188,0.539,0.93232,0.904
3853,,0.8728,0.097,0.8728,0.305,0.5342,0.464,0.86464,0.854
3854,,0.84048,0.072,0.84048,0.255,0.46652,0.389,0.79696,0.804
3855,,0.80816,0.047,0.80816,0.205,0.39884,0.314,0.72928,0.754
3856,,0.77584,0.022,0.77584,0.155,0.33116,0.239,0.6616,0.704
3857,,0.74352,-0.003,0.74352,0.105,0.26348,0.164,0.59392,0.654
3858,2,0.8022,1.0,0.8022,0.15,0.2948,0.189,0.62524,0.699
3859,,0.76988,0.975,0.76988,0.1,0.22712,0.114,0.55756,0.649
3860,,0.73756,0.95,0.73756,0.05,0.15944,0.039,0.48988,0.599
3861,,0.70524,0.925,0.70524,0.0,0.09176,-0.036,0.4222,0.549
3862,6,0.77392,1.0,0.77392,0.055,0.13308,1.0,0.46352,0.604
3863,,0.7416,0.975,0.7416,0.005,0.0654,0.925,0.39584,0.554
3864,,0.70928,0.95,0.70928,-0.045,-0.00228,0.85,0.32816,0.504
3865,4,0.77296,1.0,0.77296,1.0,0.03404,0.88,0.36448,0.554
3866,,0.74064,0.975,0.74064,0.95,-0.03364,0.805,0.2968,0.504
3867,5,0.80832,1.0,0.80832,1.0,1.0,0.58,0.33612,0.558
3868,,0.776,0.975,0.776,0.95,0.93232,0.505,0.26844,0.508
3869,,0.74368,0.95,0.74368,0.9,0.86464,0.43,0.20076,0.458
3870,,0.71136,0.925,0.71136,0.85,0.79696,0.355,0.13308,0.408
3871,,0.67904,0.9,0.67904,0.8,0.72928,0.28,0.0654,0.358
3872,,0.64672,0.875,0.64672,0.75,0.6616,0.205,-0.00228,0.308
3873,7,0.7144,0.949,0.7144,0.804,0.70092,0.239,1.0,0.362
3874,,0.68208,0.924,0.68208,0.754,0.63324,0.164,0.93232,0.312
3875,,0.64976,0.899,0.64976,0.704,0.56556,0.089,0.86464,0.262
3876,,0.61744,0.874,0.61744,0.654,0.49788,0.014,0.79696,0.212
3877,,0.58512,0.849,0.58512,0.604,0.4302,-0.061,0.72928,0.162
3878,6,0.6538,0.924,0.6538,0.659,0.47152,1.0,0.7706,0.217
3879,,0.62148,0.899,0.62148,0.609,0.40384,0.925,0.70292,0.167
3880,,0.58916,0.874,0.58916,0.559,0.33616,0.85,0.63524,0.117
3881,,0.55684,0.849,0.55684,0.509,0.26848,0.775,0.56756,0.067
3882,,0.52452,0.824,0.52452,0.459,0.2008,0.7,0.49988,0.017
3883,,0.4922,0.799,0.4922,0.409,0.13312,0.625,0.4322,-0.033
3884,8,0.55588,0.869,0.55588,0.459,0.16944,0.655,0.46852,1.0
3885,,0.52356,0.844,0.52356,0.409,0.10176,0.58,0.40084,0.95
3886,,0.49124,0.819,0.49124,0.359,0.03408,0.505,0.33316,0.9
3887,,0.45892,0.794,0.45892,0.309,-0.0336,0.43,0.26548,0.85
3888,5,0.5266,0.868,0.5266,0.363,1.0,0.205,0.3048,0.904
3889,,0.49428,0.843,0.49428,0.313,0.93232,0.13,0.23712,0.854
3890,,0.46196,0.818,0.46196,0.263,0.86464,0.055,0.16944,0.804
3891,,0.42964,0.793,0.42964,0.213,0.79696,-0.02,0.10176,0.754
3892,6,0.49832,0.868,0.49832,0.268,0.83828,1.0,0.14308,0.809
3893,,0.466,0.843,0.466,0.218,0.7706,0.925,0.0754,0.759
3894,,0.43368,0.818,0.43368,0.168,0.70292,0.85,0.00772,0.709
3895,,0.40136,0.793,0.40136,0.118,0.63524,0.775,-0.05996,0.659
3896,7,0.46904,0.867,0.46904,0.172,0.67456,0.809,1.0,0.713
3897,,0.43672,0.842,0.43672,0.122,0.60688,0.734,0.93232,0.663
3898,,0.4044,0.817,0.4044,0.072,0.5392,0.659,0.86464,0.613
3899,,0.37208,0.792,0.37208,0.022,0.47152,0.584,0.79696,0.563
3900,,0.33976,0.767,0.33976,-0.028,0.40384,0.509,0.72928,0.513
3901,4,0.40344,0.837,0.40344,1.0,0.44016,0.539,0.7656,0.563
3902,,0.37112,0.812,0.37112,0.95,0.37248,0.464,0.69792,0.513
3903,,0.3388,0.787,0.3388,0.9,0.3048,0.389,0.63024,0.463
3904,,0.30648,0.762,0.30648,0.85,0.23712,0.314,0.56256,0.413
3905,,0.27416,0.737,0.27416,0.8,0.16944,0.239,0.49488,0.363
3906,,0.24184,0.712,0.24184,0.75,0.10176,0.164,0.4272,0.313
3907,,0.20952,0.687,0.20952,0.7,0.03408,0.089,0.35952,0.263
3908,,0.1772,0.662,0.1772,0.65,-0.0336,0.014,0.29184,0.213
3909,5,0.24488,0.736,0.24488,0.704,1.0,-0.211,0.33116,0.267
3910,6,0.31356,0.811,0.31356,0.759,1.0,1.0,0.37248,0.322
3911,,0.28124,0.786,0.28124,0.709,0.93232,0.925,0.3048,0.272
3912,,0.24892,0.761,0.24892,0.659,0.86464,0.85,0.23712,0.222
3913,,0.2166,0.736,0.2166,0.609,0.79696,0.775,0.16944,0.172
3914,,0.18428,0.711,0.18428,0.559,0.72928,0.7,0.10176,0.122
3915,,0.15196,0.686,0.15196,0.509,0.6616,0.625,0.03408,0.072
3916,,0.11964,0.661,0.11964,0.459,0.59392,0.55,-0.0336,0.022
3917,7,0.18732,0.735,0.18732,0.513,0.63324,0.584,1.0,0.076
3918,,0.155,0.71,0.155,0.463,0.56556,0.509,0.93232,0.026
3919,,0.12268,0.685,0.12268,0.413,0.49788,0.434,0.86464,-0.024
3920,8,0.18636,0.755,0.18636,0.463,0.5342,0.464,0.90096,1.0
3921,,0.15404,0.73,0.15404,0.413,0.46652,0.389,0.83328,0.95
3922,,0.12172,0.705,0.12172,0.363,0.39884,0.314,0.7656,0.9
3923,,0.0894,0.68,0.0894,0.313,0.33116,0.239,0.69792,0.85
3924,,0.05708,0.655,0.05708,0.263,0.26348,0.164,0.63024,0.8
3925,,0.02476,0.63,0.02476,0.213,0.1958,0.089,0.56256,0.75
3926,,-0.00756,0.605,-0.00756,0.163,0.12812,0.014,0.49488,0.7
3927,3,0.05312,0.671,1.0,0.209,0.16044,0.04,0.5272,0.746
3928,,0.0208,0.646,0.96768,0.159,0.09276,-0.035,0.45952,0.696
3929,6,0.08948,0.721,1.0,0.214,0.13408,1.0,0.50084,0.751
3930,,0.05716,0.696,0.96768,0.164,0.0664,0.925,0.43316,0.701
3931,,0.02484,0.671,0.93536,0.114,-0.00128,0.85,0.36548,0.651
3932,5,0.09252,0.745,1.0,0.168,1.0,0.625,0.4048,0.705
3933,,0.0602,0.72,0.96768,0.118,0.93232,0.55,0.33712,0.655
3934,,0.02788,0.695,0.93536,0.068,0.86464,0.475,0.26944,0.605
3935,,-0.00444,0.67,0.90304,0.018,0.79696,0.4,0.20176,0.555
3936,1,1.0,0.736,0.96372,0.064,0.82928,0.426,0.23408,0.601
3937,,0.96768,0.711,0.9314,0.014,0.7616,0.351,0.1664,0.551
3938,,0.93536,0.686,0.89908,-0.036,0.69392,0.276,0.09872,0.501
3939,4,0.99904,0.756,0.96276,1.0,0.73024,0.306,0.13504,0.551
3940,,0.96672,0.731,0.93044,0.95,0.66256,0.231,0.06736,0.501
3941,,0.9344,0.706,0.89812,0.9,0.59488,0.156,-0.00032,0.451
3942,7,1.0,0.78,0.9658,0.954,0.6342,0.19,1.0,0.505
3943,,0.96768,0.755,0.93348,0.904,0.56652,0.115,0.93232,0.455
3944,,0.93536,0.73,0.90116,0.854,0.49884,0.04,0.86464,0.405
3945,,0.90304,0.705,0.86884,0.804,0.43116,-0.035,0.79696,0.355
3946,6,0.97172,0.78,0.93752,0.859,0.47248,1.0,0.83828,0.41
3947,,0.9394,0.755,0.9052,0.809,0.4048,0.925,0.7706,0.36
3948,,0.90708,0.73,0.87288,0.759,0.33712,0.85,0.70292,0.31
3949,,0.87476,0.705,0.84056,0.709,0.26944,0.775,0.63524,0.26
3950,,0.84244,0.68,0.80824,0.659,0.20176,0.7,0.56756,0.21
3951,,0.81012,0.655,0.77592,0.609,0.13408,0.625,0.49988,0.16
3952,,0.7778,0.63,0.7436,0.559,0.0664,0.55,0.4322,0.11
3953,,0.74548,0.605,0.71128,0.509,-0.00128,0.475,0.36452,0.06
3954,5,0.81316,0.679,0.77896,0.563,1.0,0.25,0.40384,0.114
3955,,0.78084,0.654,0.74664,0.513,0.93232,0.175,0.33616,0.064
3956,,0.74852,0.629,0.71432,0.463,0.86464,0.1,0.26848,0.014
3957,,0.7162,0.604,0.682,0.413,0.79696,0.025,0.2008,-0.036
3958,8,0.77988,0.674,0.74568,0.463,0.83328,0.055,0.23712,1.0
3959,,0.74756,0.649,0.71336,0.413,0.7656,-0.02,0.16944,0.95
3960,6,0.81624,0.724,0.78204,0.468,0.80692,1.0,0.21076,1.0
3961,,0.78392,0.699,0.74972,0.418,0.73924,0.925,0.14308,0.95
3962,,0.7516,0.674,0.7174,0.368,0.67156,0.85,0.0754,0.9
3963,,0.71928,0.649,0.68508,0.318,0.60388,0.775,0.00772,0.85
3964,,0.68696,0.624,0.65276,0.268,0.5362,0.7,-0.05996,0.8
3965,7,0.75464,0.698,0.72044,0.322,0.57552,0.734,1.0,0.854
3966,,0.72232,0.673,0.68812,0.272,0.50784,0.659,0.93232,0.804
3967,,0.69,0.648,0.6558,0.222,0.44016,0.584,0.86464,0.754
3968,,0.65768,0.623,0.62348,0.172,0.37248,0.509,0.79696,0.704
3969,,0.62536,0.598,0.59116,0.122,0.3048,0.434,0.72928,0.654
3970,,0.59304,0.573,0.55884,0.072,0.23712,0.359,0.6616,0.604
3971,,0.56072,0.548,0.52652,0.022,0.16944,0.284,0.59392,0.554
3972,,0.5284,0.523,0.4942,-0.028,0.10176,0.209,0.52624,0.504
3973,4,0.59208,0.593,0.55788,1.0,0.13808,0.239,0.56256,0.554
3974,,0.55976,0.568,0.52556,0.95,0.0704,0.164,0.49488,0.504
3975,,0.52744,0.543,0.49324,0.9,0.00272,0.089,0.4272,0.454
3976,,0.49512,0.518,0.46092,0.85,-0.06496,0.014,0.35952,0.404
3977,5,0.5628,0.592,0.5286,0.904,1.0,-0.211,0.39884,0.458
3978,6,0.63148,0.667,0.59728,0.959,1.0,1.0,0.44016,0.513
3979,,0.59916,0.642,0.56496,0.909,0.93232,0.925,0.37248,0.463
3980,,0.56684,0.617,0.53264,0.859,0.86464,0.85,0.3048,0.413
3981,,0.53452,0.592,0.50032,0.809,0.79696,0.775,0.23712,0.363
3982,,0.5022,0.567,0.468,0.759,0.72928,0.7,0.16944,0.313
3983,,0.46988,0.542,0.43568,0.709,0.6616,0.625,0.10176,0.263
3984,,0.43756,0.517,0.40336,0.659,0.59392,0.55,0.03408,0.213
3985,,0.40524,0.492,0.37104,0.609,0.52624,0.475,-0.0336,0.163
3986,7,0.47292,0.566,0.43872,0.663,0.56556,0.509,1.0,0.217
3987,,0.4406,0.541,0.4064,0.613,0.49788,0.434,0.93232,0.167
3988,,0.40828,0.516,0.37408,0.563,0.4302,0.359,0.86464,0.117
3989,,0.37596,0.491,0.34176,0.513,0.36252,0.284,0.79696,0.067
3990,,0.34364,0.466,0.30944,0.463,0.29484,0.209,0.72928,0.017
3991,,0.31132,0.441,0.27712,0.413,0.22716,0.134,0.6616,-0.033
3992,8,0.375,0.511,0.3408,0.463,0.26348,0.164,0.69792,1.0
3993,,0.34268,0.486,0.30848,0.413,0.1958,0.089,0.63024,0.95
3994,,0.31036,0.461,0.27616,0.363,0.12812,0.014,0.56256,0.9
3995,,0.27804,0.436,0.24384,0.313,0.06044,-0.061,0.49488,0.85
3996,6,0.34672,0.511,0.31252,0.368,0.10176,1.0,0.5362,0.905
3997,,0.3144,0.486,0.2802,0.318,0.03408,0.925,0.46852,0.855
3998,,0.28208,0.461,0.24788,0.268,-0.0336,0.85,0.40084,0.805
3999,5,0.34976,0.535,0.31556,0.322,1.0,0.625,0.44016,0.859
4000,,0.31744,0.51,0.28324,0.272,0.93232,0.55,0.37248,0.809
4001,,0.28512,0.485,0.25092,0.222,0.86464,0.475,0.3048,0.759
4002,,0.2528,0.46,0.2186,0.172,0.79696,0.4,0.23712,0.709
4003,,0.22048,0.435,0.18628,0.122,0.72928,0.325,0.16944,0.659
4004,,0.18816,0.41,0.15396,0.072,0.6616,0.25,0.10176,0.609
4005,,0.15584,0.385,0.12164,0.022,0.59392,0.175,0.03408,0.559
4006,,0.12352,0.36,0.08932,-0.028,0.52624,0.1,-0.0336,0.509
4007,7,0.1912,0.434,0.157,0.026,0.56556,0.134,1.0,0.563
4008,,0.15888,0.409,0.12468,-0.024,0.49788,0.059,0.93232,0.513
4009,4,0.22256,0.479,0.18836,1.0,0.5342,0.089,0.96864,0.563
4010,,0.19024,0.454,0.15604,0.95,0.46652,0.014,0.90096,0.513
4011,,0.15792,0.429,0.12372,0.9,0.39884,-0.061,0.83328,0.463
4012,6,0.2266,0.504,0.1924,0.955,0.44016,1.0,0.8746,0.518
4013,,0.19428,0.479,0.16008,0.905,0.37248,0.925,0.80692,0.468
4014,,0.16196,0.454,0.12776,0.855,0.3048,0.85,0.73924,0.418
4015,,0.12964,0.429,0.09544,0.805,0.23712,0.775,0.67156,0.368
4016,,0.09732,0.404,0.06312,0.755,0.16944,0.7,0.60388,0.318
4017,,0.065,0.379,0.0308,0.705,0.10176,0.625,0.5362,0.268
4018,,0.03268,0.354,-0.00152,0.655,0.03408,0.55,0.46852,0.218
4019,3,0.09336,0.42,1.0,0.701,0.0664,0.576,0.50084,0.264
4020,,0.06104,0.395,0.96768,0.651,-0.00128,0.501,0.43316,0.214
4021,5,0.12872,0.469,1.0,0.705,1.0,0.276,0.47248,0.268
4022,,0.0964,0.444,0.96768,0.655,0.93232,0.201,0.4048,0.218
4023,,0.06408,0.419,0.93536,0.605,0.86464,0.126,0.33712,0.168
4024,,0.03176,0.394,0.90304,0.555,0.79696,0.051,0.26944,0.118
4025,,-0.00056,0.369,0.87072,0.505,0.72928,-0.024,0.20176,0.068
4026,6,0.06812,0.444,0.9394,0.56,0.7706,1.0,0.24308,0.123
4027,,0.0358,0.419,0.90708,0.51,0.70292,0.925,0.1754,0.073
4028,,0.00348,0.394,0.87476,0.46,0.63524,0.85,0.10772,0.023
4029,,-0.02884,0.369,0.84244,0.41,0.56756,0.775,0.04004,-0.027
4030,1,1.0,0.435,0.90312,0.456,0.59988,0.801,0.07236,0.019
4031,,0.96768,0.41,0.8708,0.406,0.5322,0.726,0.00468,-0.031
4032,8,1.0,0.48,0.93448,0.456,0.56852,0.756,0.041,1.0
4033,,0.96768,0.455,0.90216,0.406,0.50084,0.681,-0.02668,0.95
4034,7,1.0,0.529,0.96984,0.46,0.54016,0.715,1.0,1.0
4035,,0.96768,0.504,0.93752,0.41,0.47248,0.64,0.93232,0.95
4036,,0.93536,0.479,0.9052,0.36,0.4048,0.565,0.86464,0.9
4037,,0.90304,0.454,0.87288,0.31,0.33712,0.49,0.79696,0.85
4038,,0.87072,0.429,0.84056,0.26,0.26944,0.415,0.72928,0.8
4039,,0.8384,0.404,0.80824,0.21,0.20176,0.34,0.6616,0.75
4040,,0.80608,0.379,0.77592,0.16,0.13408,0.265,0.59392,0.7
4041,,0.77376,0.354,0.7436,0.11,0.0664,0.19,0.52624,0.65
4042,,0.74144,0.329,0.71128,0.06,-0.00128,0.115,0.45856,0.6
4043,5,0.80912,0.403,0.77896,0.114,1.0,-0.11,0.49788,0.654
4044,6,0.8778,0.478,0.84764,0.169,1.0,1.0,0.5392,0.709
4045,,0.84548,0.453,0.81532,0.119,0.93232,0.925,0.47152,0.659
4046,,0.81316,0.428,0.783,0.069,0.86464,0.85,0.40384,0.609
4047,,0.78084,0.403,0.75068,0.019,0.79696,0.775,0.33616,0.559
4048,,0.74852,0.378,0.71836,-0.031,0.72928,0.7,0.26848,0.509
4049,4,0.8122,0.448,0.78204,1.0,0.7656,0.73,0.3048,0.559
4050,,0.77988,0.423,0.74972,0.95,0.69792,0.655,0.23712,0.509
4051,,0.74756,0.398,0.7174,0.9,0.63024,0.58,0.16944,0.459
4052,,0.71524,0.373,0.68508,0.85,0.56256,0.505,0.10176,0.409
4053,,0.68292,0.348,0.65276,0.8,0.49488,0.43,0.03408,0.359
4054,,0.6506,0.323,0.62044,0.75,0.4272,0.355,-0.0336,0.309
4055,7,0.71828,0.397,0.68812,0.804,0.46652,0.389,1.0,0.363
4056,,0.68596,0.372,0.6558,0.754,0.39884,0.314,0.93232,0.313
4057,,0.65364,0.347,0.62348,0.704,0.33116,0.239,0.86464,0.263
4058,,0.62132,0.322,0.59116,0.654,0.26348,0.164,0.79696,0.213
4059,,0.589,0.297,0.55884,0.604,0.1958,0.089,0.72928,0.163
4060,,0.55668,0.272,0.52652,0.554,0.12812,0.014,0.6616,0.113
4061,,0.52436,0.247,0.4942,0.504,0.06044,-0.061,0.59392,0.063
4062,6,0.59304,0.322,0.56288,0.559,0.10176,1.0,0.63524,0.118
4063,,0.56072,0.297,0.53056,0.509,0.03408,0.925,0.56756,0.068
4064,,0.5284,0.272,0.49824,0.459,-0.0336,0.85,0.49988,0.018
4065,5,0.59608,0.346,0.56592,0.513,1.0,0.625,0.5392,0.072
4066,,0.56376,0.321,0.5336,0.463,0.93232,0.55,0.47152,0.022
4067,,0.53144,0.296,0.50128,0.413,0.86464,0.475,0.40384,-0.028
4068,8,0.59512,0.366,0.56496,0.463,0.90096,0.505,0.44016,1.0
4069,,0.5628,0.341,0.53264,0.413,0.83328,0.43,0.37248,0.95
4070,,0.53048,0.316,0.50032,0.363,0.7656,0.355,0.3048,0.9
4071,,0.49816,0.291,0.468,0.313,0.69792,0.28,0.23712,0.85
4072,,0.46584,0.266,0.43568,0.263,0.63024,0.205,0.16944,0.8
4073,,0.43352,0.241,0.40336,0.213,0.56256,0.13,0.10176,0.75
4074,,0.4012,0.216,0.37104,0.163,0.49488,0.055,0.03408,0.7
4075,,0.36888,0.191,0.33872,0.113,0.4272,-0.02,-0.0336,0.65
4076,7,0.43656,0.265,0.4064,0.167,0.46652,0.014,1.0,0.704
4077,,0.40424,0.24,0.37408,0.117,0.39884,-0.061,0.93232,0.654
4078,6,0.47292,0.315,0.44276,0.172,0.44016,1.0,0.97364,0.709
4079,,0.4406,0.29,0.41044,0.122,0.37248,0.925,0.90596,0.659
4080,,0.40828,0.265,0.37812,0.072,0.3048,0.85,0.83828,0.609
4081,,0.37596,0.24,0.3458,0.022,0.23712,0.775,0.7706,0.559
4082,,0.34364,0.215,0.31348,-0.028,0.16944,0.7,0.70292,0.509
4083,4,0.40732,0.285,0.37716,1.0,0.20576,0.73,0.73924,0.559
4084,,0.375,0.26,0.34484,0.95,0.13808,0.655,0.67156,0.509
4085,,0.34268,0.235,0.31252,0.9,0.0704,0.58,0.60388,0.459
4086,,0.31036,0.21,0.2802,0.85,0.00272,0.505,0.5362,0.409
4087,,0.27804,0.185,0.24788,0.8,-0.06496,0.43,0.46852,0.359
4088,5,0.34572,0.259,0.31556,0.854,1.0,0.205,0.50784,0.413
4089,,0.3134,0.234,0.28324,0.804,0.93232,0.13,0.44016,0.363
4090,,0.28108,0.209,0.25092,0.754,0.86464,0.055,0.37248,0.313
4091,,0.24876,0.184,0.2186,0.704,0.79696,-0.02,0.3048,0.263
4092,6,0.31744,0.259,0.28728,0.759,0.83828,1.0,0.34612,0.318
4093,,0.28512,0.234,0.25496,0.709,0.7706,0.925,0.27844,0.268
4094,,0.2528,0.209,0.22264,0.659,0.70292,0.85,0.21076,0.218
4095,,0.22048,0.184,0.19032,0.609,0.63524,0.775,0.14308,0.168
4096,,0.18816,0.159,0.158,0.559,0.56756,0.7,0.0754,0.118
4097,,0.15584,0.134,0.12568,0.509,0.49988,0.625,0.00772,0.068
4098,,0.12352,0.109,0.09336,0.459,0.4322,0.55,-0.05996,0.018
4099,7,0.1912,0.183,0.16104,0.513,0.47152,0.584,1.0,0.072
4100,,0.15888,0.158,0.12872,0.463,0.40384,0.509,0.93232,0.022
4101,,0.12656,0.133,0.0964,0.413,0.33616,0.434,0.86464,-0.028
4102,8,0.19024,0.203,0.16008,0.463,0.37248,0.464,0.90096,1.0
4103,,0.15792,0.178,0.12776,0.413,0.3048,0.389,0.83328,0.95
4104,,0.1256,0.153,0.09544,0.363,0.23712,0.314,0.7656,0.9
4105,,0.09328,0.128,0.06312,0.313,0.16944,0.239,0.69792,0.85
4106,,0.06096,0.103,0.0308,0.263,0.10176,0.164,0.63024,0.8
4107,,0.02864,0.078,-0.00152,0.213,0.03408,0.089,0.56256,0.75
4108,3,0.08932,0.144,1.0,0.259,0.0664,0.115,0.59488,0.796
4109,,0.057,0.119,0.96768,0.209,-0.00128,0.04,0.5272,0.746
4110,5,0.12468,0.193,1.0,0.263,1.0,-0.185,0.56652,0.8
4111,6,0.19336,0.268,1.0,0.318,1.0,1.0,0.60784,0.855
4112,,0.16104,0.243,0.96768,0.268,0.93232,0.925,0.54016,0.805
4113,,0.12872,0.218,0.93536,0.218,0.86464,0.85,0.47248,0.755
4114,,0.0964,0.193,0.90304,0.168,0.79696,0.775,0.4048,0.705
4115,,0.06408,0.168,0.87072,0.118,0.72928,0.7,0.33712,0.655
4116,,0.03176,0.143,0.8384,0.068,0.6616,0.625,0.26944,0.605
4117,,-0.00056,0.118,0.80608,0.018,0.59392,0.55,0.20176,0.555
4118,1,1.0,0.184,0.86676,0.064,0.62624,0.576,0.23408,0.601
4119,,0.96768,0.159,0.83444,0.014,0.55856,0.501,0.1664,0.551
4120,,0.93536,0.134,0.80212,-0.036,0.49088,0.426,0.09872,0.501
4121,4,0.99904,0.204,0.8658,1.0,0.5272,0.456,0.13504,0.551
4122,,0.96672,0.179,0.83348,0.95,0.45952,0.381,0.06736,0.501
4123,,0.9344,0.154,0.80116,0.9,0.39184,0.306,-0.00032,0.451
4124,7,1.0,0.228,0.86884,0.954,0.43116,0.34,1.0,0.505
4125,,0.96768,0.203,0.83652,0.904,0.36348,0.265,0.93232,0.455
4126,,0.93536,0.178,0.8042,0.854,0.2958,0.19,0.86464,0.405
4127,,0.90304,0.153,0.77188,0.804,0.22812,0.115,0.79696,0.355
4128,,0.87072,0.128,0.73956,0.754,0.16044,0.04,0.72928,0.305
4129,,0.8384,0.103,0.70724,0.704,0.09276,-0.035,0.6616,0.255
4130,6,0.90708,0.178,0.77592,0.759,0.13408,1.0,0.70292,0.31
4131,,0.87476,0.153,0.7436,0.709,0.0664,0.925,0.63524,0.26
4132,,0.84244,0.128,0.71128,0.659,-0.00128,0.85,0.56756,0.21
4133,5,0.91012,0.202,0.77896,0.713,1.0,0.625,0.60688,0.264
4134,,0.8778,0.177,0.74664,0.663,0.93232,0.55,0.5392,0.214
4135,,0.84548,0.152,0.71432,0.613,0.86464,0.475,0.47152,0.164
4136,,0.81316,0.127,0.682,0.563,0.79696,0.4,0.40384,0.114
4137,,0.78084,0.102,0.64968,0.513,0.72928,0.325,0.33616,0.064
4138,,0.74852,0.077,0.61736,0.463,0.6616,0.25,0.26848,0.014
4139,,0.7162,0.052,0.58504,0.413,0.59392,0.175,0.2008,-0.036
4140,8,0.77988,0.122,0.64872,0.463,0.63024,0.205,0.23712,1.0
4141,,0.74756,0.097,0.6164,0.413,0.56256,0.13,0.16944,0.95
4142,,0.71524,0.072,0.58408,0.363,0.49488,0.055,0.10176,0.9
4143,,0.68292,0.047,0.55176,0.313,0.4272,-0.02,0.03408,0.85
4144,6,0.7516,0.122,0.62044,0.368,0.46852,1.0,0.0754,0.905
4145,,0.71928,0.097,0.58812,0.318,0.40084,0.925,0.00772,0.855
4146,,0.68696,0.072,0.5558,0.268,0.33316,0.85,-0.05996,0.805
4147,7,0.75464,0.146,0.62348,0.322,0.37248,0.884,1.0,0.859
4148,,0.72232,0.121,0.59116,0.272,0.3048,0.809,0.93232,0.809
4149,,0.69,0.096,0.55884,0.222,0.23712,0.734,0.86464,0.759
4150,,0.65768,0.071,0.52652,0.172,0.16944,0.659,0.79696,0.709
4151,,0.62536,0.046,0.4942,0.122,0.10176,0.584,0.72928,0.659
4152,,0.59304,0.021,0.46188,0.072,0.03408,0.509,0.6616,0.609
4153,,0.56072,-0.004,0.42956,0.022,-0.0336,0.434,0.59392,0.559
4154,5,0.6284,0.07,0.49724,0.076,1.0,0.209,0.63324,0.613
4155,,0.59608,0.045,0.46492,0.026,0.93232,0.134,0.56556,0.563
4156,,0.56376,0.02,0.4326,-0.024,0.86464,0.059,0.49788,0.513
4157,4,0.62744,0.09,0.49628,1.0,0.90096,0.089,0.5342,0.563
4158,,0.59512,0.065,0.46396,0.95,0.83328,0.014,0.46652,0.513
4159,,0.5628,0.04,0.43164,0.9,0.7656,-0.061,0.39884,0.463
4160,6,0.63148,0.115,0.50032,0.955,0.80692,1.0,0.44016,0.518
4161,,0.59916,0.09,0.468,0.905,0.73924,0.925,0.37248,0.468
4162,,0.56684,0.065,0.43568,0.855,0.67156,0.85,0.3048,0.418
4163,,0.53452,0.04,0.40336,0.805,0.60388,0.775,0.23712,0.368
4164,,0.5022,0.015,0.37104,0.755,0.5362,0.7,0.16944,0.318
4165,,0.46988,-0.01,0.33872,0.705,0.46852,0.625,0.10176,0.268
4166,2,0.52856,1.0,0.3974,0.75,0.49984,0.65,0.13308,0.313
4167,,0.49624,0.975,0.36508,0.7,0.43216,0.575,0.0654,0.263
4168,,0.46392,0.95,0.33276,0.65,0.36448,0.5,-0.00228,0.213
4169,7,0.5316,1.0,0.40044,0.704,0.4038,0.534,1.0,0.267
4170,,0.49928,0.975,0.36812,0.654,0.33612,0.459,0.93232,0.217
4171,,0.46696,0.95,0.3358,0.604,0.26844,0.384,0.86464,0.167
4172,,0.43464,0.925,0.30348,0.554,0.20076,0.309,0.79696,0.117
4173,,0.40232,0.9,0.27116,0.504,0.13308,0.234,0.72928,0.067
4174,,0.37,0.875,0.23884,0.454,0.0654,0.159,0.6616,0.017
4175,,0.33768,0.85,0.20652,0.404,-0.00228,0.084,0.59392,-0.033
4176,8,0.40136,0.92,0.2702,0.454,0.03404,0.114,0.63024,1.0
4177,,0.36904,0.895,0.23788,0.404,-0.03364,0.039,0.56256,0.95
4178,5,0.43672,0.969,0.30556,0.458,1.0,-0.186,0.60188,1.0
4179,6,0.5054,1.0,0.37424,0.513,1.0,1.0,0.6432,1.0
4180,,0.47308,0.975,0.34192,0.463,0.93232,0.925,0.57552,0.95
4181,,0.44076,0.95,0.3096,0.413,0.86464,0.85,0.50784,0.9
4182,,0.40844,0.925,0.27728,0.363,0.79696,0.775,0.44016,0.85
4183,,0.37612,0.9,0.24496,0.313,0.72928,0.7,0.37248,0.8
4184,,0.3438,0.875,0.21264,0.263,0.6616,0.625,0.3048,0.75
4185,,0.31148,0.85,0.18032,0.213,0.59392,0.55,0.23712,0.7
4186,,0.27916,0.825,0.148,0.163,0.52624,0.475,0.16944,0.65
4187,,0.24684,0.8,0.11568,0.113,0.45856,0.4,0.10176,0.6
4188,,0.21452,0.775,0.08336,0.063,0.39088,0.325,0.03408,0.55
4189,,0.1822,0.75,0.05104,0.013,0.3232,0.25,-0.0336,0.5
4190,7,0.24988,0.824,0.11872,0.067,0.36252,0.284,1.0,0.554
4191,,0.21756,0.799,0.0864,0.017,0.29484,0.209,0.93232,0.504
4192,,0.18524,0.774,0.05408,-0.033,0.22716,0.134,0.86464,0.454
4193,4,0.24892,0.844,0.11776,1.0,0.26348,0.164,0.90096,0.504
4194,,0.2166,0.819,0.08544,0.95,0.1958,0.089,0.83328,0.454
4195,,0.18428,0.794,0.05312,0.9,0.12812,0.014,0.7656,0.404
4196,,0.15196,0.769,0.0208,0.85,0.06044,-0.061,0.69792,0.354
4197,6,0.22064,0.844,0.08948,0.905,0.10176,1.0,0.73924,0.409
4198,,0.18832,0.819,0.05716,0.855,0.03408,0.925,0.67156,0.359
4199,,0.156,0.794,0.02484,0.805,-0.0336,0.85,0.60388,0.309
4200,5,0.22368,0.868,0.09252,0.859,1.0,0.625,0.6432,0.363
4201,,0.19136,0.843,0.0602,0.809,0.93232,0.55,0.57552,0.313
4202,,0.15904,0.818,0.02788,0.759,0.86464,0.475,0.50784,0.263
4203,,0.12672,0.793,-0.00444,0.709,0.79696,0.4,0.44016,0.213
4204,3,0.1874,0.859,1.0,0.755,0.82928,0.426,0.47248,0.259
4205,,0.15508,0.834,0.96768,0.705,0.7616,0.351,0.4048,0.209
4206,,0.12276,0.809,0.93536,0.655,0.69392,0.276,0.33712,0.159
4207,,0.09044,0.784,0.90304,0.605,0.62624,0.201,0.26944,0.109
4208,,0.05812,0.759,0.87072,0.555,0.55856,0.126,0.20176,0.059
4209,,0.0258,0.734,0.8384,0.505,0.49088,0.051,0.13408,0.009
4210,,-0.00652,0.709,0.80608,0.455,0.4232,-0.024,0.0664,-0.041
4211,8,0.05716,0.779,0.86976,0.505,0.45952,0.006,0.10272,1.0
4212,,0.02484,0.754,0.83744,0.455,0.39184,-0.069,0.03504,0.95
4213,6,0.09352,0.829,0.90612,0.51,0.43316,1.0,0.07636,1.0
4214,,0.0612,0.804,0.8738,0.46,0.36548,0.925,0.00868,0.95
4215,,0.02888,0.779,0.84148,0.41,0.2978,0.85,-0.059,0.9
4216,7,0.09656,0.853,0.90916,0.464,0.33712,0.884,1.0,0.954
4217,,0.06424,0.828,0.87684,0.414,0.26944,0.809,0.93232,0.904
4218,,0.03192,0.803,0.84452,0.364,0.20176,0.734,0.86464,0.854
4219,,-0.0004,0.778,0.8122,0.314,0.13408,0.659,0.79696,0.804
4220,1,1.0,0.844,0.87288,0.36,0.1664,0.685,0.82928,0.85
4221,,0.96768,0.819,0.84056,0.31,0.09872,0.61,0.7616,0.8
4222,,0.93536,0.794,0.80824,0.26,0.03104,0.535,0.69392,0.75
4223,,0.90304,0.769,0.77592,0.21,-0.03664,0.46,0.62624,0.7
4224,5,0.97072,0.843,0.8436,0.264,1.0,0.235,0.66556,0.754
4225,,0.9384,0.818,0.81128,0.214,0.93232,0.16,0.59788,0.704
4226,,0.90608,0.793,0.77896,0.164,0.86464,0.085,0.5302,0.654
4227,,0.87376,0.768,0.74664,0.114,0.79696,0.01,0.46252,0.604
4228,,0.84144,0.743,0.71432,0.064,0.72928,-0.065,0.39484,0.554
4229,6,0.91012,0.818,0.783,0.119,0.7706,1.0,0.43616,0.609
4230,,0.8778,0.793,0.75068,0.069,0.70292,0.925,0.36848,0.559
4231,,0.84548,0.768,0.71836,0.019,0.63524,0.85,0.3008,0.509
4232,,0.81316,0.743,0.68604,-0.031,0.56756,0.775,0.23312,0.459
4233,4,0.87684,0.813,0.74972,1.0,0.60388,0.805,0.26944,0.509
4234,,0.84452,0.788,0.7174,0.95,0.5362,0.73,0.20176,0.459
4235,,0.8122,0.763,0.68508,0.9,0.46852,0.655,0.13408,0.409
4236,,0.77988,0.738,0.65276,0.85,0.40084,0.58,0.0664,0.359
4237,,0.74756,0.713,0.62044,0.8,0.33316,0.505,-0.00128,0.309
4238,7,0.81524,0.787,0.68812,0.854,0.37248,0.539,1.0,0.363
4239,,0.78292,0.762,0.6558,0.804,0.3048,0.464,0.93232,0.313
4240,,0.7506,0.737,0.62348,0.754,0.23712,0.389,0.86464,0.263
4241,,0.71828,0.712,0.59116,0.704,0.16944,0.314,0.79696,0.213
4242,,0.68596,0.687,0.55884,0.654,0.10176,0.239,0.72928,0.163
4243,,0.65364,0.662,0.52652,0.604,0.03408,0.164,0.6616,0.113
4244,,0.62132,0.637,0.4942,0.554,-0.0336,0.089,0.59392,0.063
4245,5,0.689,0.711,0.56188,0.608,1.0,-0.136,0.63324,0.117
4246,6,0.75768,0.786,0.63056,0.663,1.0,1.0,0.67456,0.172
4247,,0.72536,0.761,0.59824,0.613,0.93232,0.925,0.60688,0.122
4248,,0.69304,0.736,0.56592,0.563,0.86464,0.85,0.5392,0.072
4249,,0.66072,0.711,0.5336,0.513,0.79696,0.775,0.47152,0.022
4250,,0.6284,0.686,0.50128,0.463,0.72928,0.7,0.40384,-0.028
4251,8,0.69208,0.756,0.56496,0.513,0.7656,0.73,0.44016,1.0
4252,,0.65976,0.731,0.53264,0.463,0.69792,0.655,0.37248,0.95
4253,,0.62744,0.706,0.50032,0.413,0.63024,0.58,0.3048,0.9
4254,,0.59512,0.681,0.468,0.363,0.56256,0.505,0.23712,0.85
4255,,0.5628,0.656,0.43568,0.313,0.49488,0.43,0.16944,0.8
4256,,0.53048,0.631,0.40336,0.263,0.4272,0.355,0.10176,0.75
4257,,0.49816,0.606,0.37104,0.213,0.35952,0.28,0.03408,0.7
4258,,0.46584,0.581,0.33872,0.163,0.29184,0.205,-0.0336,0.65
4259,7,0.53352,0.655,0.4064,0.217,0.33116,0.239,1.0,0.704
4260,,0.5012,0.63,0.37408,0.167,0.26348,0.164,0.93232,0.654
4261,,0.46888,0.605,0.34176,0.117,0.1958,0.089,0.86464,0.604
4262,,0.43656,0.58,0.30944,0.067,0.12812,0.014,0.79696,0.554
4263,,0.40424,0.555,0.27712,0.017,0.06044,-0.061,0.72928,0.504
4264,6,0.47292,0.63,0.3458,0.072,0.10176,1.0,0.7706,0.559
4265,,0.4406,0.605,0.31348,0.022,0.03408,0.925,0.70292,0.509
4266,,0.40828,0.58,0.28116,-0.028,-0.0336,0.85,0.63524,0.459
4267,5,0.47596,0.654,0.34884,0.026,1.0,0.625,0.67456,0.513
4268,,0.44364,0.629,0.31652,-0.024,0.93232,0.55,0.60688,0.463
4269,4,0.50732,0.699,0.3802,1.0,0.96864,0.58,0.6432,0.513
4270,,0.475,0.674,0.34788,0.95,0.90096,0.505,0.57552,0.463
4271,,0.44268,0.649,0.31556,0.9,0.83328,0.43,0.50784,0.413
4272,,0.41036,0.624,0.28324,0.85,0.7656,0.355,0.44016,0.363
4273,,0.37804,0.599,0.25092,0.8,0.69792,0.28,0.37248,0.313
4274,,0.34572,0.574,0.2186,0.75,0.63024,0.205,0.3048,0.263
4275,,0.3134,0.549,0.18628,0.7,0.56256,0.13,0.23712,0.213
4276,,0.28108,0.524,0.15396,0.65,0.49488,0.055,0.16944,0.163
4277,,0.24876,0.499,0.12164,0.6,0.4272,-0.02,0.10176,0.113
4278,6,0.31744,0.574,0.19032,0.655,0.46852,1.0,0.14308,0.168
4279,,0.28512,0.549,0.158,0.605,0.40084,0.925,0.0754,0.118
4280,,0.2528,0.524,0.12568,0.555,0.33316,0.85,0.00772,0.068
4281,,0.22048,0.499,0.09336,0.505,0.26548,0.775,-0.05996,0.018
4282,7,0.28816,0.573,0.16104,0.559,0.3048,0.809,1.0,0.072
4283,,0.25584,0.548,0.12872,0.509,0.23712,0.734,0.93232,0.022
4284,,0.22352,0.523,0.0964,0.459,0.16944,0.659,0.86464,-0.028
4285,8,0.2872,0.593,0.16008,0.509,0.20576,0.689,0.90096,1.0
4286,,0.25488,0.568,0.12776,0.459,0.13808,0.614,0.83328,0.95
4287,,0.22256,0.543,0.09544,0.409,0.0704,0.539,0.7656,0.9
4288,,0.19024,0.518,0.06312,0.359,0.00272,0.464,0.69792,0.85
4289,,0.15792,0.493,0.0308,0.309,-0.06496,0.389,0.63024,0.8
4290,5,0.2256,0.567,0.09848,0.363,1.0,0.164,0.66956,0.854
4291,,0.19328,0.542,0.06616,0.313,0.93232,0.089,0.60188,0.804
4292,,0.16096,0.517,0.03384,0.263,0.86464,0.014,0.5342,0.754
4293,,0.12864,0.492,0.00152,0.213,0.79696,-0.061,0.46652,0.704
4294,6,0.19732,0.567,0.0702,0.268,0.83828,1.0,0.50784,0.759
4295,,0.165,0.542,0.03788,0.218,0.7706,0.925,0.44016,0.709
4296,,0.13268,0.517,0.00556,0.168,0.70292,0.85,0.37248,0.659
4297,,0.10036,0.492,-0.02676,0.118,0.63524,0.775,0.3048,0.609
4298,3,0.16104,0.558,1.0,0.164,0.66756,0.801,0.33712,0.655
4299,,0.12872,0.533,0.96768,0.114,0.59988,0.726,0.26944,0.605
4300,,0.0964,0.508,0.93536,0.064,0.5322,0.651,0.20176,0.555
4301,,0.06408,0.483,0.90304,0.014,0.46452,0.576,0.13408,0.505
4302,,0.03176,0.458,0.87072,-0.036,0.39684,0.501,0.0664,0.455
4303,4,0.09544,0.528,0.9344,1.0,0.43316,0.531,0.10272,0.505
4304,,0.06312,0.503,0.90208,0.95,0.36548,0.456,0.03504,0.455
4305,,0.0308,0.478,0.86976,0.9,0.2978,0.381,-0.03264,0.405
4306,7,0.09848,0.552,0.93744,0.954,0.33712,0.415,1.0,0.459
4307,,0.06616,0.527,0.90512,0.904,0.26944,0.34,0.93232,0.409
4308,,0.03384,0.502,0.8728,0.854,0.20176,0.265,0.86464,0.359
4309,,0.00152,0.477,0.84048,0.804,0.13408,0.19,0.79696,0.309
4310,,-0.0308,0.452,0.80816,0.754,0.0664,0.115,0.72928,0.259
4311,1,1.0,0.518,0.86884,0.8,0.09872,0.141,0.7616,0.305
4312,,0.96768,0.493,0.83652,0.75,0.03104,0.066,0.69392,0.255
4313,,0.93536,0.468,0.8042,0.7,-0.03664,-0.009,0.62624,0.205
4314,5,1.0,0.542,0.87188,0.754,1.0,-0.234,0.66556,0.259
4315,6,1.0,0.617,0.94056,0.809,1.0,1.0,0.70688,0.314
4316,,0.96768,0.592,0.90824,0.759,0.93232,0.925,0.6392,0.264
4317,,0.93536,0.567,0.87592,0.709,0.86464,0.85,0.57152,0.214
4318,,0.90304,0.542,0.8436,0.659,0.79696,0.775,0.50384,0.164
4319,,0.87072,0.517,0.81128,0.609,0.72928,0.7,0.43616,0.114
4320,,0.8384,0.492,0.77896,0.559,0.6616,0.625,0.36848,0.064
4321,,0.80608,0.467,0.74664,0.509,0.59392,0.55,0.3008,0.014
4322,,0.77376,0.442,0.71432,0.459,0.52624,0.475,0.23312,-0.036
4323,8,0.83744,0.512,0.778,0.509,0.56256,0.505,0.26944,1.0
4324,,0.80512,0.487,0.74568,0.459,0.49488,0.43,0.20176,0.95
4325,,0.7728,0.462,0.71336,0.409,0.4272,0.355,0.13408,0.9
4326,,0.74048,0.437,0.68104,0.359,0.35952,0.28,0.0664,0.85
4327,,0.70816,0.412,0.64872,0.309,0.29184,0.205,-0.00128,0.8
4328,7,0.77584,0.486,0.7164,0.363,0.33116,0.239,1.0,0.854
4329,,0.74352,0.461,0.68408,0.313,0.26348,0.164,0.93232,0.804
4330,,0.7112,0.436,0.65176,0.263,0.1958,0.089,0.86464,0.754
4331,,0.67888,0.411,0.61944,0.213,0.12812,0.014,0.79696,0.704
4332,,0.64656,0.386,0.58712,0.163,0.06044,-0.061,0.72928,0.654
4333,6,0.71524,0.461,0.6558,0.218,0.10176,1.0,0.7706,0.709
4334,,0.68292,0.436,0.62348,0.168,0.03408,0.925,0.70292,0.659
4335,,0.6506,0.411,0.59116,0.118,-0.0336,0.85,0.63524,0.609
4336,5,0.71828,0.485,0.65884,0.172,1.0,0.625,0.67456,0.663
4337,,0.68596,0.46,0.62652,0.122,0.93232,0.55,0.60688,0.613
4338,,0.65364,0.435,0.5942,0.072,0.86464,0.475,0.5392,0.563
4339,,0.62132,0.41,0.56188,0.022,0.79696,0.4,0.47152,0.513
4340,,0.589,0.385,0.52956,-0.028,0.72928,0.325,0.40384,0.463
4341,4,0.65268,0.455,0.59324,1.0,0.7656,0.355,0.44016,0.513
4342,,0.62036,0.43,0.56092,0.95,0.69792,0.28,0.37248,0.463
4343,,0.58804,0.405,0.5286,0.9,0.63024,0.205,0.3048,0.413
4344,,0.55572,0.38,0.49628,0.85,0.56256,0.13,0.23712,0.363
4345,,0.5234,0.355,0.46396,0.8,0.49488,0.055,0.16944,0.313
4346,,0.49108,0.33,0.43164,0.75,0.4272,-0.02,0.10176,0.263
4347,6,0.55976,0.405,0.50032,0.805,0.46852,1.0,0.14308,0.318
4348,,0.52744,0.38,0.468,0.755,0.40084,0.925,0.0754,0.268
4349,,0.49512,0.355,0.43568,0.705,0.33316,0.85,0.00772,0.218
4350,,0.4628,0.33,0.40336,0.655,0.26548,0.775,-0.05996,0.168
4351,7,0.53048,0.404,0.47104,0.709,0.3048,0.809,1.0,0.222
4352,,0.49816,0.379,0.43872,0.659,0.23712,0.734,0.93232,0.172
4353,,0.46584,0.354,0.4064,0.609,0.16944,0.659,0.86464,0.122
4354,,0.43352,0.329,0.37408,0.559,0.10176,0.584,0.79696,0.072
4355,,0.4012,0.304,0.34176,0.509,0.03408,0.509,0.72928,0.022
4356,,0.36888,0.279,0.30944,0.459,-0.0336,0.434,0.6616,-0.028
4357,5,0.43656,0.353,0.37712,0.513,1.0,0.209,0.70092,0.026
4358,,0.40424,0.328,0.3448,0.463,0.93232,0.134,0.63324,-0.024
4359,8,0.46792,0.398,0.40848,0.513,0.96864,0.164,0.66956,1.0
4360,,0.4356,0.373,0.37616,0.463,0.90096,0.089,0.60188,0.95
4361,,0.40328,0.348,0.34384,0.413,0.83328,0.014,0.5342,0.9
4362,,0.37096,0.323,0.31152,0.363,0.7656,-0.061,0.46652,0.85
4363,6,0.43964,0.398,0.3802,0.418,0.80692,1.0,0.50784,0.905
4364,,0.40732,0.373,0.34788,0.368,0.73924,0.925,0.44016,0.855
4365,,0.375,0.348,0.31556,0.318,0.67156,0.85,0.37248,0.805
4366,,0.34268,0.323,0.28324,0.268,0.60388,0.775,0.3048,0.755
4367,,0.31036,0.298,0.25092,0.218,0.5362,0.7,0.23712,0.705
4368,,0.27804,0.273,0.2186,0.168,0.46852,0.625,0.16944,0.655
4369,,0.24572,0.248,0.18628,0.118,0.40084,0.55,0.10176,0.605
4370,,0.2134,0.223,0.15396,0.068,0.33316,0.475,0.03408,0.555
4371,,0.18108,0.198,0.12164,0.018,0.26548,0.4,-0.0336,0.505
4372,7,0.24876,0.272,0.18932,0.072,0.3048,0.434,1.0,0.559
4373,,0.21644,0.247,0.157,0.022,0.23712,0.359,0.93232,0.509
4374,,0.18412,0.222,0.12468,-0.028,0.16944,0.284,0.86464,0.459
4375,4,0.2478,0.292,0.18836,1.0,0.20576,0.314,0.90096,0.509
4376,,0.21548,0.267,0.15604,0.95,0.13808,0.239,0.83328,0.459
4377,,0.18316,0.242,0.12372,0.9,0.0704,0.164,0.7656,0.409
4378,,0.15084,0.217,0.0914,0.85,0.00272,0.089,0.69792,0.359
4379,,0.11852,0.192,0.05908,0.8,-0.06496,0.014,0.63024,0.309
4380,5,0.1862,0.266,0.12676,0.854,1.0,-0.211,0.66956,0.363
4381,6,0.25488,0.341,0.19544,0.909,1.0,1.0,0.71088,0.418
