step,active_motive,motive_1,motive_2,motive_3,motive_4,motive_5,motive_6,motive_7,motive_8
0,,-0.25092,0.90143,0.46399,0.19732,-0.68796,-0.68801,-0.88383,0.73235
1,7,-0.30092,0.80907,0.35399,0.10496,-0.73796,-0.69565,1.0,0.72471
2,5,-0.36092,0.71671,0.25399,0.0266,1.0,-0.70329,1.0,0.70307
3,6,-0.41792,0.62135,0.14699,-0.05876,0.957,1.0,1.0,0.68843
4,1,1.0,0.54299,0.04699,-0.15112,0.897,0.97836,1.0,0.68079
5,4,0.943,0.45763,-0.04601,1.0,0.854,0.96372,0.993,0.65615
6,3,0.893,0.37927,1.0,0.92164,0.804,0.94208,0.983,0.63451
7,,0.843,0.29391,0.9,0.83628,0.754,0.92744,0.983,0.61987
8,,0.793,0.20855,0.8,0.75092,0.704,0.9128,0.983,0.60523
9,,0.743,0.12319,0.7,0.66556,0.654,0.89816,0.983,0.59059
10,,0.693,0.03783,0.6,0.5802,0.604,0.88352,0.983,0.57595
11,,0.643,-0.04753,0.5,0.49484,0.554,0.86888,0.983,0.56131
12,2,0.6,1.0,0.407,0.40948,0.497,0.84424,0.976,0.54667
13,,0.55,0.91464,0.307,0.32412,0.447,0.8296,0.976,0.53203
14,,0.5,0.82928,0.207,0.23876,0.397,0.81496,0.976,0.51739
15,,0.45,0.74392,0.107,0.1534,0.347,0.80032,0.976,0.50275
16,,0.4,0.65856,0.007,0.06804,0.297,0.78568,0.976,0.48811
17,,0.35,0.5732,-0.093,-0.01732,0.247,0.77104,0.976,0.47347
18,3,0.3,0.49484,1.0,-0.09568,0.197,0.7494,0.966,0.45183
19,4,0.243,0.40948,0.907,1.0,0.154,0.73476,0.959,0.42719
20,,0.193,0.32412,0.807,0.91464,0.104,0.72012,0.959,0.41255
21,,0.143,0.23876,0.707,0.82928,0.054,0.70548,0.959,0.39791
22,,0.093,0.1534,0.607,0.74392,0.004,0.69084,0.959,0.38327
23,,0.043,0.06804,0.507,0.65856,-0.046,0.6762,0.959,0.36863
24,5,-0.017,-0.02432,0.407,0.5802,1.0,0.66856,0.959,0.34699
25,2,-0.06,1.0,0.314,0.49484,0.943,0.64392,0.952,0.33235
26,1,1.0,0.92164,0.214,0.40248,0.883,0.62228,0.952,0.32471
27,,0.95,0.83628,0.114,0.31712,0.833,0.60764,0.952,0.31007
28,,0.9,0.75092,0.014,0.23176,0.783,0.593,0.952,0.29543
29,,0.85,0.66556,-0.086,0.1464,0.733,0.57836,0.952,0.28079
30,3,0.8,0.5872,1.0,0.06804,0.683,0.55672,0.942,0.25915
31,,0.75,0.50184,0.9,-0.01732,0.633,0.54208,0.942,0.24451
32,4,0.693,0.41648,0.807,1.0,0.59,0.52744,0.935,0.21987
33,,0.643,0.33112,0.707,0.91464,0.54,0.5128,0.935,0.20523
34,,0.593,0.24576,0.607,0.82928,0.49,0.49816,0.935,0.19059
35,,0.543,0.1604,0.507,0.74392,0.44,0.48352,0.935,0.17595
36,,0.493,0.07504,0.407,0.65856,0.39,0.46888,0.935,0.16131
37,,0.443,-0.01032,0.307,0.5732,0.34,0.45424,0.935,0.14667
38,2,0.4,1.0,0.214,0.48784,0.283,0.4296,0.928,0.13203
39,,0.35,0.91464,0.114,0.40248,0.233,0.41496,0.928,0.11739
40,,0.3,0.82928,0.014,0.31712,0.183,0.40032,0.928,0.10275
41,,0.25,0.74392,-0.086,0.23176,0.133,0.38568,0.928,0.08811
42,3,0.2,0.66556,1.0,0.1534,0.083,0.36404,0.918,0.06647
43,,0.15,0.5802,0.9,0.06804,0.033,0.3494,0.918,0.05183
44,,0.1,0.49484,0.8,-0.01732,-0.017,0.33476,0.918,0.03719
45,4,0.043,0.40948,0.707,1.0,-0.06,0.32012,0.911,0.01255
46,5,-0.017,0.31712,0.607,0.92164,1.0,0.31248,0.911,-0.00909
47,1,1.0,0.23876,0.507,0.82928,0.94,0.29084,0.911,-0.01673
48,8,0.957,0.1534,0.4,0.73392,0.883,0.2762,0.918,1.0
49,,0.907,0.06804,0.3,0.64856,0.833,0.26156,0.918,0.98536
50,,0.857,-0.01732,0.2,0.5632,0.783,0.24692,0.918,0.97072
51,2,0.814,1.0,0.107,0.47784,0.726,0.22228,0.911,0.95608
52,,0.764,0.91464,0.007,0.39248,0.676,0.20764,0.911,0.94144
53,,0.714,0.82928,-0.093,0.30712,0.626,0.193,0.911,0.9268
54,3,0.664,0.75092,1.0,0.22876,0.576,0.17136,0.901,0.90516
55,,0.614,0.66556,0.9,0.1434,0.526,0.15672,0.901,0.89052
56,,0.564,0.5802,0.8,0.05804,0.476,0.14208,0.901,0.87588
57,,0.514,0.49484,0.7,-0.02732,0.426,0.12744,0.901,0.86124
58,4,0.457,0.40948,0.607,1.0,0.383,0.1128,0.894,0.8366
59,,0.407,0.32412,0.507,0.91464,0.333,0.09816,0.894,0.82196
60,,0.357,0.23876,0.407,0.82928,0.283,0.08352,0.894,0.80732
61,,0.307,0.1534,0.307,0.74392,0.233,0.06888,0.894,0.79268
62,,0.257,0.06804,0.207,0.65856,0.183,0.05424,0.894,0.77804
63,,0.207,-0.01732,0.107,0.5732,0.133,0.0396,0.894,0.7634
64,2,0.164,1.0,0.014,0.48784,0.076,0.01496,0.887,0.74876
65,,0.114,0.91464,-0.086,0.40248,0.026,0.00032,0.887,0.73412
66,3,0.064,0.83628,1.0,0.32412,-0.024,-0.02132,0.877,0.71248
67,5,0.004,0.74392,0.9,0.24576,1.0,-0.02896,0.877,0.69084
68,6,-0.053,0.64856,0.793,0.1604,0.957,1.0,0.884,0.6762
69,1,1.0,0.5702,0.693,0.06804,0.897,0.97836,0.884,0.66856
70,,0.95,0.48484,0.593,-0.01732,0.847,0.96372,0.884,0.65392
71,4,0.893,0.39948,0.5,1.0,0.804,0.94908,0.877,0.62928
72,,0.843,0.31412,0.4,0.91464,0.754,0.93444,0.877,0.61464
73,,0.793,0.22876,0.3,0.82928,0.704,0.9198,0.877,0.6
74,,0.743,0.1434,0.2,0.74392,0.654,0.90516,0.877,0.58536
75,,0.693,0.05804,0.1,0.65856,0.604,0.89052,0.877,0.57072
76,,0.643,-0.02732,0.0,0.5732,0.554,0.87588,0.877,0.55608
77,2,0.6,1.0,-0.093,0.48784,0.497,0.85124,0.87,0.54144
78,3,0.55,0.92164,1.0,0.40948,0.447,0.8296,0.86,0.5198
79,,0.5,0.83628,0.9,0.32412,0.397,0.81496,0.86,0.50516
80,,0.45,0.75092,0.8,0.23876,0.347,0.80032,0.86,0.49052
81,,0.4,0.66556,0.7,0.1534,0.297,0.78568,0.86,0.47588
82,,0.35,0.5802,0.6,0.06804,0.247,0.77104,0.86,0.46124
83,,0.3,0.49484,0.5,-0.01732,0.197,0.7564,0.86,0.4466
84,4,0.243,0.40948,0.407,1.0,0.154,0.74176,0.853,0.42196
85,,0.193,0.32412,0.307,0.91464,0.104,0.72712,0.853,0.40732
86,,0.143,0.23876,0.207,0.82928,0.054,0.71248,0.853,0.39268
87,,0.093,0.1534,0.107,0.74392,0.004,0.69784,0.853,0.37804
88,,0.043,0.06804,0.007,0.65856,-0.046,0.6832,0.853,0.3634
89,5,-0.017,-0.02432,-0.093,0.5802,1.0,0.67556,0.853,0.34176
90,3,-0.067,-0.10268,1.0,0.50184,0.95,0.65392,0.843,0.32012
91,2,-0.11,1.0,0.907,0.41648,0.893,0.62928,0.836,0.30548
92,1,1.0,0.92164,0.807,0.32412,0.833,0.60764,0.836,0.29784
93,,0.95,0.83628,0.707,0.23876,0.783,0.593,0.836,0.2832
94,,0.9,0.75092,0.607,0.1534,0.733,0.57836,0.836,0.26856
95,,0.85,0.66556,0.507,0.06804,0.683,0.56372,0.836,0.25392
96,,0.8,0.5802,0.407,-0.01732,0.633,0.54908,0.836,0.23928
97,4,0.743,0.49484,0.314,1.0,0.59,0.53444,0.829,0.21464
98,,0.693,0.40948,0.214,0.91464,0.54,0.5198,0.829,0.2
99,,0.643,0.32412,0.114,0.82928,0.49,0.50516,0.829,0.18536
100,,0.593,0.23876,0.014,0.74392,0.44,0.49052,0.829,0.17072
101,,0.543,0.1534,-0.086,0.65856,0.39,0.47588,0.829,0.15608
102,3,0.493,0.07504,1.0,0.5802,0.34,0.45424,0.819,0.13444
103,,0.443,-0.01032,0.9,0.49484,0.29,0.4396,0.819,0.1198
104,2,0.4,1.0,0.807,0.40948,0.233,0.41496,0.812,0.10516
105,,0.35,0.91464,0.707,0.32412,0.183,0.40032,0.812,0.09052
106,,0.3,0.82928,0.607,0.23876,0.133,0.38568,0.812,0.07588
107,,0.25,0.74392,0.507,0.1534,0.083,0.37104,0.812,0.06124
108,,0.2,0.65856,0.407,0.06804,0.033,0.3564,0.812,0.0466
109,,0.15,0.5732,0.307,-0.01732,-0.017,0.34176,0.812,0.03196
110,4,0.093,0.48784,0.214,1.0,-0.06,0.32712,0.805,0.00732
111,5,0.033,0.39548,0.114,0.92164,1.0,0.31948,0.805,-0.01432
112,8,-0.01,0.31012,0.007,0.82628,0.943,0.30484,0.812,1.0
113,1,1.0,0.23176,-0.093,0.73392,0.883,0.2832,0.812,0.99236
114,3,0.95,0.1534,1.0,0.65556,0.833,0.26156,0.802,0.97072
115,,0.9,0.06804,0.9,0.5702,0.783,0.24692,0.802,0.95608
116,,0.85,-0.01732,0.8,0.48484,0.733,0.23228,0.802,0.94144
117,2,0.807,1.0,0.707,0.39948,0.676,0.20764,0.795,0.9268
118,,0.757,0.91464,0.607,0.31412,0.626,0.193,0.795,0.91216
119,,0.707,0.82928,0.507,0.22876,0.576,0.17836,0.795,0.89752
120,,0.657,0.74392,0.407,0.1434,0.526,0.16372,0.795,0.88288
121,,0.607,0.65856,0.307,0.05804,0.476,0.14908,0.795,0.86824
122,,0.557,0.5732,0.207,-0.02732,0.426,0.13444,0.795,0.8536
123,4,0.5,0.48784,0.114,1.0,0.383,0.1198,0.788,0.82896
124,,0.45,0.40248,0.014,0.91464,0.333,0.10516,0.788,0.81432
125,,0.4,0.31712,-0.086,0.82928,0.283,0.09052,0.788,0.79968
126,3,0.35,0.23876,1.0,0.75092,0.233,0.06888,0.778,0.77804
127,,0.3,0.1534,0.9,0.66556,0.183,0.05424,0.778,0.7634
128,,0.25,0.06804,0.8,0.5802,0.133,0.0396,0.778,0.74876
129,,0.2,-0.01732,0.7,0.49484,0.083,0.02496,0.778,0.73412
130,2,0.157,1.0,0.607,0.40948,0.026,0.00032,0.771,0.71948
131,,0.107,0.91464,0.507,0.32412,-0.024,-0.01432,0.771,0.70484
132,5,0.047,0.82228,0.407,0.24576,1.0,-0.02196,0.771,0.6832
133,6,-0.01,0.72692,0.3,0.1604,0.957,1.0,0.778,0.66856
134,1,1.0,0.64856,0.2,0.06804,0.897,0.97836,0.778,0.66092
135,,0.95,0.5632,0.1,-0.01732,0.847,0.96372,0.778,0.64628
136,4,0.893,0.47784,0.007,1.0,0.804,0.94908,0.771,0.62164
137,,0.843,0.39248,-0.093,0.91464,0.754,0.93444,0.771,0.607
138,3,0.793,0.31412,1.0,0.83628,0.704,0.9128,0.761,0.58536
139,,0.743,0.22876,0.9,0.75092,0.654,0.89816,0.761,0.57072
140,,0.693,0.1434,0.8,0.66556,0.604,0.88352,0.761,0.55608
141,,0.643,0.05804,0.7,0.5802,0.554,0.86888,0.761,0.54144
142,,0.593,-0.02732,0.6,0.49484,0.504,0.85424,0.761,0.5268
143,2,0.55,1.0,0.507,0.40948,0.447,0.8296,0.754,0.51216
144,,0.5,0.91464,0.407,0.32412,0.397,0.81496,0.754,0.49752
145,,0.45,0.82928,0.307,0.23876,0.347,0.80032,0.754,0.48288
146,,0.4,0.74392,0.207,0.1534,0.297,0.78568,0.754,0.46824
147,,0.35,0.65856,0.107,0.06804,0.247,0.77104,0.754,0.4536
148,,0.3,0.5732,0.007,-0.01732,0.197,0.7564,0.754,0.43896
149,4,0.243,0.48784,-0.086,1.0,0.154,0.74176,0.747,0.41432
150,3,0.193,0.40948,1.0,0.92164,0.104,0.72012,0.737,0.39268
151,,0.143,0.32412,0.9,0.83628,0.054,0.70548,0.737,0.37804
152,,0.093,0.23876,0.8,0.75092,0.004,0.69084,0.737,0.3634
153,,0.043,0.1534,0.7,0.66556,-0.046,0.6762,0.737,0.34876
154,5,-0.017,0.06104,0.6,0.5872,1.0,0.66856,0.737,0.32712
155,1,1.0,-0.01732,0.5,0.49484,0.94,0.64692,0.737,0.31948
156,2,0.957,1.0,0.407,0.40948,0.883,0.62228,0.73,0.30484
157,,0.907,0.91464,0.307,0.32412,0.833,0.60764,0.73,0.2902
158,,0.857,0.82928,0.207,0.23876,0.783,0.593,0.73,0.27556
159,,0.807,0.74392,0.107,0.1534,0.733,0.57836,0.73,0.26092
160,,0.757,0.65856,0.007,0.06804,0.683,0.56372,0.73,0.24628
161,,0.707,0.5732,-0.093,-0.01732,0.633,0.54908,0.73,0.23164
162,3,0.657,0.49484,1.0,-0.09568,0.583,0.52744,0.72,0.21
163,4,0.6,0.40948,0.907,1.0,0.54,0.5128,0.713,0.18536
164,,0.55,0.32412,0.807,0.91464,0.49,0.49816,0.713,0.17072
165,,0.5,0.23876,0.707,0.82928,0.44,0.48352,0.713,0.15608
166,,0.45,0.1534,0.607,0.74392,0.39,0.46888,0.713,0.14144
167,,0.4,0.06804,0.507,0.65856,0.34,0.45424,0.713,0.1268
168,,0.35,-0.01732,0.407,0.5732,0.29,0.4396,0.713,0.11216
169,2,0.307,1.0,0.314,0.48784,0.233,0.41496,0.706,0.09752
170,,0.257,0.91464,0.214,0.40248,0.183,0.40032,0.706,0.08288
171,,0.207,0.82928,0.114,0.31712,0.133,0.38568,0.706,0.06824
172,,0.157,0.74392,0.014,0.23176,0.083,0.37104,0.706,0.0536
173,,0.107,0.65856,-0.086,0.1464,0.033,0.3564,0.706,0.03896
174,3,0.057,0.5802,1.0,0.06804,-0.017,0.33476,0.696,0.01732
175,5,-0.003,0.48784,0.9,-0.01032,1.0,0.32712,0.696,-0.00432
176,4,-0.06,0.40248,0.807,1.0,0.957,0.31248,0.689,-0.02896
177,1,1.0,0.32412,0.707,0.90764,0.897,0.29084,0.689,-0.0366
178,8,0.957,0.23876,0.6,0.81228,0.84,0.2762,0.696,1.0
179,,0.907,0.1534,0.5,0.72692,0.79,0.26156,0.696,0.98536
180,,0.857,0.06804,0.4,0.64156,0.74,0.24692,0.696,0.97072
181,,0.807,-0.01732,0.3,0.5562,0.69,0.23228,0.696,0.95608
182,2,0.764,1.0,0.207,0.47084,0.633,0.20764,0.689,0.94144
183,,0.714,0.91464,0.107,0.38548,0.583,0.193,0.689,0.9268
184,,0.664,0.82928,0.007,0.30012,0.533,0.17836,0.689,0.91216
185,,0.614,0.74392,-0.093,0.21476,0.483,0.16372,0.689,0.89752
186,3,0.564,0.66556,1.0,0.1364,0.433,0.14208,0.679,0.87588
187,,0.514,0.5802,0.9,0.05104,0.383,0.12744,0.679,0.86124
188,,0.464,0.49484,0.8,-0.03432,0.333,0.1128,0.679,0.8466
189,4,0.407,0.40948,0.707,1.0,0.29,0.09816,0.672,0.82196
190,,0.357,0.32412,0.607,0.91464,0.24,0.08352,0.672,0.80732
191,,0.307,0.23876,0.507,0.82928,0.19,0.06888,0.672,0.79268
192,,0.257,0.1534,0.407,0.74392,0.14,0.05424,0.672,0.77804
193,,0.207,0.06804,0.307,0.65856,0.09,0.0396,0.672,0.7634
194,,0.157,-0.01732,0.207,0.5732,0.04,0.02496,0.672,0.74876
195,2,0.114,1.0,0.114,0.48784,-0.017,0.00032,0.665,0.73412
196,5,0.054,0.90764,0.014,0.40948,1.0,-0.00732,0.665,0.71248
197,6,-0.003,0.81228,-0.093,0.32412,0.957,1.0,0.672,0.69784
198,3,-0.053,0.73392,1.0,0.24576,0.907,0.97836,0.662,0.6762
199,1,1.0,0.65556,0.9,0.1534,0.847,0.95672,0.662,0.66856
200,,0.95,0.5702,0.8,0.06804,0.797,0.94208,0.662,0.65392
201,,0.9,0.48484,0.7,-0.01732,0.747,0.92744,0.662,0.63928
202,4,0.843,0.39948,0.607,1.0,0.704,0.9128,0.655,0.61464
203,,0.793,0.31412,0.507,0.91464,0.654,0.89816,0.655,0.6
204,,0.743,0.22876,0.407,0.82928,0.604,0.88352,0.655,0.58536
205,,0.693,0.1434,0.307,0.74392,0.554,0.86888,0.655,0.57072
206,,0.643,0.05804,0.207,0.65856,0.504,0.85424,0.655,0.55608
207,,0.593,-0.02732,0.107,0.5732,0.454,0.8396,0.655,0.54144
208,2,0.55,1.0,0.014,0.48784,0.397,0.81496,0.648,0.5268
209,,0.5,0.91464,-0.086,0.40248,0.347,0.80032,0.648,0.51216
210,3,0.45,0.83628,1.0,0.32412,0.297,0.77868,0.638,0.49052
211,,0.4,0.75092,0.9,0.23876,0.247,0.76404,0.638,0.47588
212,,0.35,0.66556,0.8,0.1534,0.197,0.7494,0.638,0.46124
213,,0.3,0.5802,0.7,0.06804,0.147,0.73476,0.638,0.4466
214,,0.25,0.49484,0.6,-0.01732,0.097,0.72012,0.638,0.43196
215,4,0.193,0.40948,0.507,1.0,0.054,0.70548,0.631,0.40732
216,,0.143,0.32412,0.407,0.91464,0.004,0.69084,0.631,0.39268
217,,0.093,0.23876,0.307,0.82928,-0.046,0.6762,0.631,0.37804
218,5,0.033,0.1464,0.207,0.75092,1.0,0.66856,0.631,0.3564
219,,-0.017,0.06104,0.107,0.66556,0.95,0.65392,0.631,0.34176
220,1,1.0,-0.01732,0.007,0.5732,0.89,0.63228,0.631,0.33412
221,2,0.957,1.0,-0.086,0.48784,0.833,0.60764,0.624,0.31948
222,3,0.907,0.92164,1.0,0.40948,0.783,0.586,0.614,0.29784
223,,0.857,0.83628,0.9,0.32412,0.733,0.57136,0.614,0.2832
224,,0.807,0.75092,0.8,0.23876,0.683,0.55672,0.614,0.26856
225,,0.757,0.66556,0.7,0.1534,0.633,0.54208,0.614,0.25392
226,,0.707,0.5802,0.6,0.06804,0.583,0.52744,0.614,0.23928
227,,0.657,0.49484,0.5,-0.01732,0.533,0.5128,0.614,0.22464
228,4,0.6,0.40948,0.407,1.0,0.49,0.49816,0.607,0.2
229,,0.55,0.32412,0.307,0.91464,0.44,0.48352,0.607,0.18536
230,,0.5,0.23876,0.207,0.82928,0.39,0.46888,0.607,0.17072
231,,0.45,0.1534,0.107,0.74392,0.34,0.45424,0.607,0.15608
232,,0.4,0.06804,0.007,0.65856,0.29,0.4396,0.607,0.14144
233,,0.35,-0.01732,-0.093,0.5732,0.24,0.42496,0.607,0.1268
234,3,0.3,-0.09568,1.0,0.49484,0.19,0.40332,0.597,0.10516
235,2,0.257,1.0,0.907,0.40948,0.133,0.37868,0.59,0.09052
236,,0.207,0.91464,0.807,0.32412,0.083,0.36404,0.59,0.07588
237,,0.157,0.82928,0.707,0.23876,0.033,0.3494,0.59,0.06124
238,,0.107,0.74392,0.607,0.1534,-0.017,0.33476,0.59,0.0466
239,5,0.047,0.65156,0.507,0.07504,1.0,0.32712,0.59,0.02496
240,,-0.003,0.5662,0.407,-0.01032,0.95,0.31248,0.59,0.01032
241,4,-0.06,0.48084,0.314,1.0,0.907,0.29784,0.583,-0.01432
242,1,1.0,0.40248,0.214,0.90764,0.847,0.2762,0.583,-0.02196
243,8,0.957,0.31712,0.107,0.81228,0.79,0.26156,0.59,1.0
244,,0.907,0.23176,0.007,0.72692,0.74,0.24692,0.59,0.98536
245,,0.857,0.1464,-0.093,0.64156,0.69,0.23228,0.59,0.97072
246,3,0.807,0.06804,1.0,0.5632,0.64,0.21064,0.58,0.94908
247,,0.757,-0.01732,0.9,0.47784,0.59,0.196,0.58,0.93444
248,2,0.714,1.0,0.807,0.39248,0.533,0.17136,0.573,0.9198
249,,0.664,0.91464,0.707,0.30712,0.483,0.15672,0.573,0.90516
250,,0.614,0.82928,0.607,0.22176,0.433,0.14208,0.573,0.89052
251,,0.564,0.74392,0.507,0.1364,0.383,0.12744,0.573,0.87588
252,,0.514,0.65856,0.407,0.05104,0.333,0.1128,0.573,0.86124
253,,0.464,0.5732,0.307,-0.03432,0.283,0.09816,0.573,0.8466
254,4,0.407,0.48784,0.214,1.0,0.24,0.08352,0.566,0.82196
255,,0.357,0.40248,0.114,0.91464,0.19,0.06888,0.566,0.80732
256,,0.307,0.31712,0.014,0.82928,0.14,0.05424,0.566,0.79268
257,,0.257,0.23176,-0.086,0.74392,0.09,0.0396,0.566,0.77804
258,3,0.207,0.1534,1.0,0.66556,0.04,0.01796,0.556,0.7564
259,,0.157,0.06804,0.9,0.5802,-0.01,0.00332,0.556,0.74176
260,5,0.097,-0.02432,0.8,0.50184,1.0,-0.00432,0.556,0.72012
261,2,0.054,1.0,0.707,0.41648,0.943,-0.02896,0.549,0.70548
262,6,-0.003,0.90464,0.6,0.33112,0.9,1.0,0.556,0.69084
263,1,1.0,0.82628,0.5,0.23876,0.84,0.97836,0.556,0.6832
264,,0.95,0.74092,0.4,0.1534,0.79,0.96372,0.556,0.66856
265,,0.9,0.65556,0.3,0.06804,0.74,0.94908,0.556,0.65392
266,,0.85,0.5702,0.2,-0.01732,0.69,0.93444,0.556,0.63928
267,4,0.793,0.48484,0.107,1.0,0.647,0.9198,0.549,0.61464
268,,0.743,0.39948,0.007,0.91464,0.597,0.90516,0.549,0.6
269,,0.693,0.31412,-0.093,0.82928,0.547,0.89052,0.549,0.58536
270,3,0.643,0.23576,1.0,0.75092,0.497,0.86888,0.539,0.56372
271,,0.593,0.1504,0.9,0.66556,0.447,0.85424,0.539,0.54908
272,,0.543,0.06504,0.8,0.5802,0.397,0.8396,0.539,0.53444
273,,0.493,-0.02032,0.7,0.49484,0.347,0.82496,0.539,0.5198
274,2,0.45,1.0,0.607,0.40948,0.29,0.80032,0.532,0.50516
275,,0.4,0.91464,0.507,0.32412,0.24,0.78568,0.532,0.49052
276,,0.35,0.82928,0.407,0.23876,0.19,0.77104,0.532,0.47588
277,,0.3,0.74392,0.307,0.1534,0.14,0.7564,0.532,0.46124
278,,0.25,0.65856,0.207,0.06804,0.09,0.74176,0.532,0.4466
279,,0.2,0.5732,0.107,-0.01732,0.04,0.72712,0.532,0.43196
280,4,0.143,0.48784,0.014,1.0,-0.003,0.71248,0.525,0.40732
281,5,0.083,0.39548,-0.086,0.92164,1.0,0.70484,0.525,0.38568
282,3,0.033,0.31712,1.0,0.84328,0.95,0.6832,0.515,0.36404
283,,-0.017,0.23176,0.9,0.75792,0.9,0.66856,0.515,0.3494
284,1,1.0,0.1534,0.8,0.66556,0.84,0.64692,0.515,0.34176
285,,0.95,0.06804,0.7,0.5802,0.79,0.63228,0.515,0.32712
286,,0.9,-0.01732,0.6,0.49484,0.74,0.61764,0.515,0.31248
287,2,0.857,1.0,0.507,0.40948,0.683,0.593,0.508,0.29784
288,,0.807,0.91464,0.407,0.32412,0.633,0.57836,0.508,0.2832
289,,0.757,0.82928,0.307,0.23876,0.583,0.56372,0.508,0.26856
290,,0.707,0.74392,0.207,0.1534,0.533,0.54908,0.508,0.25392
291,,0.657,0.65856,0.107,0.06804,0.483,0.53444,0.508,0.23928
292,,0.607,0.5732,0.007,-0.01732,0.433,0.5198,0.508,0.22464
293,4,0.55,0.48784,-0.086,1.0,0.39,0.50516,0.501,0.2
294,3,0.5,0.40948,1.0,0.92164,0.34,0.48352,0.491,0.17836
295,,0.45,0.32412,0.9,0.83628,0.29,0.46888,0.491,0.16372
296,,0.4,0.23876,0.8,0.75092,0.24,0.45424,0.491,0.14908
297,,0.35,0.1534,0.7,0.66556,0.19,0.4396,0.491,0.13444
298,,0.3,0.06804,0.6,0.5802,0.14,0.42496,0.491,0.1198
299,,0.25,-0.01732,0.5,0.49484,0.09,0.41032,0.491,0.10516
300,2,0.207,1.0,0.407,0.40948,0.033,0.38568,0.484,0.09052
301,,0.157,0.91464,0.307,0.32412,-0.017,0.37104,0.484,0.07588
302,5,0.097,0.82228,0.207,0.24576,1.0,0.3634,0.484,0.05424
303,,0.047,0.73692,0.107,0.1604,0.95,0.34876,0.484,0.0396
304,,-0.003,0.65156,0.007,0.07504,0.9,0.33412,0.484,0.02496
305,1,1.0,0.5732,-0.093,-0.01732,0.84,0.31248,0.484,0.01732
306,3,0.95,0.49484,1.0,-0.09568,0.79,0.29084,0.474,-0.00432
307,4,0.893,0.40948,0.907,1.0,0.747,0.2762,0.467,-0.02896
308,8,0.85,0.32412,0.8,0.90464,0.69,0.26156,0.474,1.0
309,,0.8,0.23876,0.7,0.81928,0.64,0.24692,0.474,0.98536
310,,0.75,0.1534,0.6,0.73392,0.59,0.23228,0.474,0.97072
311,,0.7,0.06804,0.5,0.64856,0.54,0.21764,0.474,0.95608
312,,0.65,-0.01732,0.4,0.5632,0.49,0.203,0.474,0.94144
313,2,0.607,1.0,0.307,0.47784,0.433,0.17836,0.467,0.9268
314,,0.557,0.91464,0.207,0.39248,0.383,0.16372,0.467,0.91216
315,,0.507,0.82928,0.107,0.30712,0.333,0.14908,0.467,0.89752
316,,0.457,0.74392,0.007,0.22176,0.283,0.13444,0.467,0.88288
317,,0.407,0.65856,-0.093,0.1364,0.233,0.1198,0.467,0.86824
318,3,0.357,0.5802,1.0,0.05804,0.183,0.09816,0.457,0.8466
319,,0.307,0.49484,0.9,-0.02732,0.133,0.08352,0.457,0.83196
320,4,0.25,0.40948,0.807,1.0,0.09,0.06888,0.45,0.80732
321,,0.2,0.32412,0.707,0.91464,0.04,0.05424,0.45,0.79268
322,,0.15,0.23876,0.607,0.82928,-0.01,0.0396,0.45,0.77804
323,5,0.09,0.1464,0.507,0.75092,1.0,0.03196,0.45,0.7564
324,,0.04,0.06104,0.407,0.66556,0.95,0.01732,0.45,0.74176
325,,-0.01,-0.02432,0.307,0.5802,0.9,0.00268,0.45,0.72712
326,2,-0.053,1.0,0.214,0.49484,0.843,-0.02196,0.443,0.71248
327,1,1.0,0.92164,0.114,0.40248,0.783,-0.0436,0.443,0.70484
328,6,0.943,0.82628,0.007,0.31712,0.74,1.0,0.45,0.6902
329,,0.893,0.74092,-0.093,0.23176,0.69,0.98536,0.45,0.67556
330,3,0.843,0.66256,1.0,0.1534,0.64,0.96372,0.44,0.65392
331,,0.793,0.5772,0.9,0.06804,0.59,0.94908,0.44,0.63928
332,,0.743,0.49184,0.8,-0.01732,0.54,0.93444,0.44,0.62464
333,4,0.686,0.40648,0.707,1.0,0.497,0.9198,0.433,0.6
334,,0.636,0.32112,0.607,0.91464,0.447,0.90516,0.433,0.58536
335,,0.586,0.23576,0.507,0.82928,0.397,0.89052,0.433,0.57072
336,,0.536,0.1504,0.407,0.74392,0.347,0.87588,0.433,0.55608
337,,0.486,0.06504,0.307,0.65856,0.297,0.86124,0.433,0.54144
338,,0.436,-0.02032,0.207,0.5732,0.247,0.8466,0.433,0.5268
339,2,0.393,1.0,0.114,0.48784,0.19,0.82196,0.426,0.51216
340,,0.343,0.91464,0.014,0.40248,0.14,0.80732,0.426,0.49752
341,,0.293,0.82928,-0.086,0.31712,0.09,0.79268,0.426,0.48288
342,3,0.243,0.75092,1.0,0.23876,0.04,0.77104,0.416,0.46124
343,,0.193,0.66556,0.9,0.1534,-0.01,0.7564,0.416,0.4466
344,5,0.133,0.5732,0.8,0.07504,1.0,0.74876,0.416,0.42496
345,,0.083,0.48784,0.7,-0.01032,0.95,0.73412,0.416,0.41032
346,4,0.026,0.40248,0.607,1.0,0.907,0.71948,0.409,0.38568
347,,-0.024,0.31712,0.507,0.91464,0.857,0.70484,0.409,0.37104
348,1,1.0,0.23876,0.407,0.82228,0.797,0.6832,0.409,0.3634
349,,0.95,0.1534,0.307,0.73692,0.747,0.66856,0.409,0.34876
350,,0.9,0.06804,0.207,0.65156,0.697,0.65392,0.409,0.33412
351,,0.85,-0.01732,0.107,0.5662,0.647,0.63928,0.409,0.31948
352,2,0.807,1.0,0.014,0.48084,0.59,0.61464,0.402,0.30484
353,,0.757,0.91464,-0.086,0.39548,0.54,0.6,0.402,0.2902
354,3,0.707,0.83628,1.0,0.31712,0.49,0.57836,0.392,0.26856
355,,0.657,0.75092,0.9,0.23176,0.44,0.56372,0.392,0.25392
356,,0.607,0.66556,0.8,0.1464,0.39,0.54908,0.392,0.23928
357,,0.557,0.5802,0.7,0.06104,0.34,0.53444,0.392,0.22464
358,,0.507,0.49484,0.6,-0.02432,0.29,0.5198,0.392,0.21
359,4,0.45,0.40948,0.507,1.0,0.247,0.50516,0.385,0.18536
360,,0.4,0.32412,0.407,0.91464,0.197,0.49052,0.385,0.17072
361,,0.35,0.23876,0.307,0.82928,0.147,0.47588,0.385,0.15608
362,,0.3,0.1534,0.207,0.74392,0.097,0.46124,0.385,0.14144
363,,0.25,0.06804,0.107,0.65856,0.047,0.4466,0.385,0.1268
364,,0.2,-0.01732,0.007,0.5732,-0.003,0.43196,0.385,0.11216
365,2,0.157,1.0,-0.086,0.48784,-0.06,0.40732,0.378,0.09752
366,3,0.107,0.92164,1.0,0.40948,-0.11,0.38568,0.368,0.07588
367,5,0.047,0.82928,0.9,0.33112,1.0,0.37804,0.368,0.05424
368,,-0.003,0.74392,0.8,0.24576,0.95,0.3634,0.368,0.0396
369,1,1.0,0.66556,0.7,0.1534,0.89,0.34176,0.368,0.03196
370,,0.95,0.5802,0.6,0.06804,0.84,0.32712,0.368,0.01732
371,,0.9,0.49484,0.5,-0.01732,0.79,0.31248,0.368,0.00268
372,4,0.843,0.40948,0.407,1.0,0.747,0.29784,0.361,-0.02196
373,8,0.8,0.32412,0.3,0.90464,0.69,0.2832,0.368,1.0
374,,0.75,0.23876,0.2,0.81928,0.64,0.26856,0.368,0.98536
375,,0.7,0.1534,0.1,0.73392,0.59,0.25392,0.368,0.97072
376,,0.65,0.06804,0.0,0.64856,0.54,0.23928,0.368,0.95608
377,,0.6,-0.01732,-0.1,0.5632,0.49,0.22464,0.368,0.94144
378,3,0.55,-0.09568,1.0,0.48484,0.44,0.203,0.358,0.9198
379,2,0.507,1.0,0.907,0.39948,0.383,0.17836,0.351,0.90516
380,,0.457,0.91464,0.807,0.31412,0.333,0.16372,0.351,0.89052
381,,0.407,0.82928,0.707,0.22876,0.283,0.14908,0.351,0.87588
382,,0.357,0.74392,0.607,0.1434,0.233,0.13444,0.351,0.86124
383,,0.307,0.65856,0.507,0.05804,0.183,0.1198,0.351,0.8466
384,,0.257,0.5732,0.407,-0.02732,0.133,0.10516,0.351,0.83196
385,4,0.2,0.48784,0.314,1.0,0.09,0.09052,0.344,0.80732
386,,0.15,0.40248,0.214,0.91464,0.04,0.07588,0.344,0.79268
387,,0.1,0.31712,0.114,0.82928,-0.01,0.06124,0.344,0.77804
388,5,0.04,0.22476,0.014,0.75092,1.0,0.0536,0.344,0.7564
389,,-0.01,0.1394,-0.086,0.66556,0.95,0.03896,0.344,0.74176
390,3,-0.06,0.06104,1.0,0.5872,0.9,0.01732,0.334,0.72012
391,1,1.0,-0.01732,0.9,0.49484,0.84,-0.00432,0.334,0.71248
392,2,0.957,1.0,0.807,0.40948,0.783,-0.02896,0.327,0.69784
393,6,0.9,0.90464,0.7,0.32412,0.74,1.0,0.334,0.6832
394,,0.85,0.81928,0.6,0.23876,0.69,0.98536,0.334,0.66856
395,,0.8,0.73392,0.5,0.1534,0.64,0.97072,0.334,0.65392
396,,0.75,0.64856,0.4,0.06804,0.59,0.95608,0.334,0.63928
397,,0.7,0.5632,0.3,-0.01732,0.54,0.94144,0.334,0.62464
398,4,0.643,0.47784,0.207,1.0,0.497,0.9268,0.327,0.6
399,,0.593,0.39248,0.107,0.91464,0.447,0.91216,0.327,0.58536
400,,0.543,0.30712,0.007,0.82928,0.397,0.89752,0.327,0.57072
401,,0.493,0.22176,-0.093,0.74392,0.347,0.88288,0.327,0.55608
402,3,0.443,0.1434,1.0,0.66556,0.297,0.86124,0.317,0.53444
403,,0.393,0.05804,0.9,0.5802,0.247,0.8466,0.317,0.5198
404,,0.343,-0.02732,0.8,0.49484,0.197,0.83196,0.317,0.50516
405,2,0.3,1.0,0.707,0.40948,0.14,0.80732,0.31,0.49052
406,,0.25,0.91464,0.607,0.32412,0.09,0.79268,0.31,0.47588
407,,0.2,0.82928,0.507,0.23876,0.04,0.77804,0.31,0.46124
408,,0.15,0.74392,0.407,0.1534,-0.01,0.7634,0.31,0.4466
409,5,0.09,0.65156,0.307,0.07504,1.0,0.75576,0.31,0.42496
410,,0.04,0.5662,0.207,-0.01032,0.95,0.74112,0.31,0.41032
411,4,-0.017,0.48084,0.114,1.0,0.907,0.72648,0.303,0.38568
412,1,1.0,0.40248,0.014,0.90764,0.847,0.70484,0.303,0.37804
413,,0.95,0.31712,-0.086,0.82228,0.797,0.6902,0.303,0.3634
414,3,0.9,0.23876,1.0,0.74392,0.747,0.66856,0.293,0.34176
415,,0.85,0.1534,0.9,0.65856,0.697,0.65392,0.293,0.32712
416,,0.8,0.06804,0.8,0.5732,0.647,0.63928,0.293,0.31248
417,,0.75,-0.01732,0.7,0.48784,0.597,0.62464,0.293,0.29784
418,2,0.707,1.0,0.607,0.40248,0.54,0.6,0.286,0.2832
419,,0.657,0.91464,0.507,0.31712,0.49,0.58536,0.286,0.26856
420,,0.607,0.82928,0.407,0.23176,0.44,0.57072,0.286,0.25392
421,,0.557,0.74392,0.307,0.1464,0.39,0.55608,0.286,0.23928
422,,0.507,0.65856,0.207,0.06104,0.34,0.54144,0.286,0.22464
423,,0.457,0.5732,0.107,-0.02432,0.29,0.5268,0.286,0.21
424,4,0.4,0.48784,0.014,1.0,0.247,0.51216,0.279,0.18536
425,,0.35,0.40248,-0.086,0.91464,0.197,0.49752,0.279,0.17072
426,3,0.3,0.32412,1.0,0.83628,0.147,0.47588,0.269,0.14908
427,,0.25,0.23876,0.9,0.75092,0.097,0.46124,0.269,0.13444
428,,0.2,0.1534,0.8,0.66556,0.047,0.4466,0.269,0.1198
429,,0.15,0.06804,0.7,0.5802,-0.003,0.43196,0.269,0.10516
430,5,0.09,-0.02432,0.6,0.50184,1.0,0.42432,0.269,0.08352
431,2,0.047,1.0,0.507,0.41648,0.943,0.39968,0.262,0.06888
432,,-0.003,0.91464,0.407,0.33112,0.893,0.38504,0.262,0.05424
433,1,1.0,0.83628,0.307,0.23876,0.833,0.3634,0.262,0.0466
434,,0.95,0.75092,0.207,0.1534,0.783,0.34876,0.262,0.03196
435,,0.9,0.66556,0.107,0.06804,0.733,0.33412,0.262,0.01732
436,,0.85,0.5802,0.007,-0.01732,0.683,0.31948,0.262,0.00268
437,4,0.793,0.49484,-0.086,1.0,0.64,0.30484,0.255,-0.02196
438,3,0.743,0.41648,1.0,0.92164,0.59,0.2832,0.245,-0.0436
439,8,0.7,0.33112,0.893,0.82628,0.533,0.26856,0.252,1.0
440,,0.65,0.24576,0.793,0.74092,0.483,0.25392,0.252,0.98536
441,,0.6,0.1604,0.693,0.65556,0.433,0.23928,0.252,0.97072
442,,0.55,0.07504,0.593,0.5702,0.383,0.22464,0.252,0.95608
443,,0.5,-0.01032,0.493,0.48484,0.333,0.21,0.252,0.94144
444,2,0.457,1.0,0.4,0.39948,0.276,0.18536,0.245,0.9268
445,,0.407,0.91464,0.3,0.31412,0.226,0.17072,0.245,0.91216
446,,0.357,0.82928,0.2,0.22876,0.176,0.15608,0.245,0.89752
447,,0.307,0.74392,0.1,0.1434,0.126,0.14144,0.245,0.88288
448,,0.257,0.65856,0.0,0.05804,0.076,0.1268,0.245,0.86824
449,,0.207,0.5732,-0.1,-0.02732,0.026,0.11216,0.245,0.8536
450,3,0.157,0.49484,1.0,-0.10568,-0.024,0.09052,0.235,0.83196
451,4,0.1,0.40948,0.907,1.0,-0.067,0.07588,0.228,0.80732
452,5,0.04,0.31712,0.807,0.92164,1.0,0.06824,0.228,0.78568
453,,-0.01,0.23176,0.707,0.83628,0.95,0.0536,0.228,0.77104
454,1,1.0,0.1534,0.607,0.74392,0.89,0.03196,0.228,0.7634
455,,0.95,0.06804,0.507,0.65856,0.84,0.01732,0.228,0.74876
456,,0.9,-0.01732,0.407,0.5732,0.79,0.00268,0.228,0.73412
457,2,0.857,1.0,0.314,0.48784,0.733,-0.02196,0.221,0.71948
458,6,0.8,0.90464,0.207,0.40248,0.69,1.0,0.228,0.70484
459,,0.75,0.81928,0.107,0.31712,0.64,0.98536,0.228,0.6902
460,,0.7,0.73392,0.007,0.23176,0.59,0.97072,0.228,0.67556
461,,0.65,0.64856,-0.093,0.1464,0.54,0.95608,0.228,0.66092
462,3,0.6,0.5702,1.0,0.06804,0.49,0.93444,0.218,0.63928
463,,0.55,0.48484,0.9,-0.01732,0.44,0.9198,0.218,0.62464
464,4,0.493,0.39948,0.807,1.0,0.397,0.90516,0.211,0.6
465,,0.443,0.31412,0.707,0.91464,0.347,0.89052,0.211,0.58536
466,,0.393,0.22876,0.607,0.82928,0.297,0.87588,0.211,0.57072
467,,0.343,0.1434,0.507,0.74392,0.247,0.86124,0.211,0.55608
468,,0.293,0.05804,0.407,0.65856,0.197,0.8466,0.211,0.54144
469,,0.243,-0.02732,0.307,0.5732,0.147,0.83196,0.211,0.5268
470,2,0.2,1.0,0.214,0.48784,0.09,0.80732,0.204,0.51216
471,,0.15,0.91464,0.114,0.40248,0.04,0.79268,0.204,0.49752
472,,0.1,0.82928,0.014,0.31712,-0.01,0.77804,0.204,0.48288
473,5,0.04,0.73692,-0.086,0.23876,1.0,0.7704,0.204,0.46124
474,3,-0.01,0.65856,1.0,0.1604,0.95,0.74876,0.194,0.4396
475,1,1.0,0.5802,0.9,0.06804,0.89,0.72712,0.194,0.43196
476,,0.95,0.49484,0.8,-0.01732,0.84,0.71248,0.194,0.41732
477,4,0.893,0.40948,0.707,1.0,0.797,0.69784,0.187,0.39268
478,,0.843,0.32412,0.607,0.91464,0.747,0.6832,0.187,0.37804
479,,0.793,0.23876,0.507,0.82928,0.697,0.66856,0.187,0.3634
480,,0.743,0.1534,0.407,0.74392,0.647,0.65392,0.187,0.34876
481,,0.693,0.06804,0.307,0.65856,0.597,0.63928,0.187,0.33412
482,,0.643,-0.01732,0.207,0.5732,0.547,0.62464,0.187,0.31948
483,2,0.6,1.0,0.114,0.48784,0.49,0.6,0.18,0.30484
484,,0.55,0.91464,0.014,0.40248,0.44,0.58536,0.18,0.2902
485,,0.5,0.82928,-0.086,0.31712,0.39,0.57072,0.18,0.27556
486,3,0.45,0.75092,1.0,0.23876,0.34,0.54908,0.17,0.25392
487,,0.4,0.66556,0.9,0.1534,0.29,0.53444,0.17,0.23928
488,,0.35,0.5802,0.8,0.06804,0.24,0.5198,0.17,0.22464
489,,0.3,0.49484,0.7,-0.01732,0.19,0.50516,0.17,0.21
490,4,0.243,0.40948,0.607,1.0,0.147,0.49052,0.163,0.18536
491,,0.193,0.32412,0.507,0.91464,0.097,0.47588,0.163,0.17072
492,,0.143,0.23876,0.407,0.82928,0.047,0.46124,0.163,0.15608
493,,0.093,0.1534,0.307,0.74392,-0.003,0.4466,0.163,0.14144
494,5,0.033,0.06104,0.207,0.66556,1.0,0.43896,0.163,0.1198
495,,-0.017,-0.02432,0.107,0.5802,0.95,0.42432,0.163,0.10516
496,2,-0.06,1.0,0.014,0.49484,0.893,0.39968,0.156,0.09052
497,1,1.0,0.92164,-0.086,0.40248,0.833,0.37804,0.156,0.08288
498,3,0.95,0.84328,1.0,0.32412,0.783,0.3564,0.146,0.06124
499,,0.9,0.75792,0.9,0.23876,0.733,0.34176,0.146,0.0466
500,,0.85,0.67256,0.8,0.1534,0.683,0.32712,0.146,0.03196
501,,0.8,0.5872,0.7,0.06804,0.633,0.31248,0.146,0.01732
502,,0.75,0.50184,0.6,-0.01732,0.583,0.29784,0.146,0.00268
503,4,0.693,0.41648,0.507,1.0,0.54,0.2832,0.139,-0.02196
504,8,0.65,0.33112,0.4,0.90464,0.483,0.26856,0.146,1.0
505,,0.6,0.24576,0.3,0.81928,0.433,0.25392,0.146,0.98536
506,,0.55,0.1604,0.2,0.73392,0.383,0.23928,0.146,0.97072
507,,0.5,0.07504,0.1,0.64856,0.333,0.22464,0.146,0.95608
508,,0.45,-0.01032,0.0,0.5632,0.283,0.21,0.146,0.94144
509,2,0.407,1.0,-0.093,0.47784,0.226,0.18536,0.139,0.9268
510,3,0.357,0.92164,1.0,0.39948,0.176,0.16372,0.129,0.90516
511,,0.307,0.83628,0.9,0.31412,0.126,0.14908,0.129,0.89052
512,,0.257,0.75092,0.8,0.22876,0.076,0.13444,0.129,0.87588
513,,0.207,0.66556,0.7,0.1434,0.026,0.1198,0.129,0.86124
514,,0.157,0.5802,0.6,0.05804,-0.024,0.10516,0.129,0.8466
515,5,0.097,0.48784,0.5,-0.02032,1.0,0.09752,0.129,0.82496
516,4,0.04,0.40248,0.407,1.0,0.957,0.08288,0.122,0.80032
517,,-0.01,0.31712,0.307,0.91464,0.907,0.06824,0.122,0.78568
518,1,1.0,0.23876,0.207,0.82228,0.847,0.0466,0.122,0.77804
519,,0.95,0.1534,0.107,0.73692,0.797,0.03196,0.122,0.7634
520,,0.9,0.06804,0.007,0.65156,0.747,0.01732,0.122,0.74876
521,,0.85,-0.01732,-0.093,0.5662,0.697,0.00268,0.122,0.73412
522,3,0.8,-0.09568,1.0,0.48784,0.647,-0.01896,0.112,0.71248
523,2,0.757,1.0,0.907,0.40248,0.59,-0.0436,0.105,0.69784
524,6,0.7,0.90464,0.8,0.31712,0.547,1.0,0.112,0.6832
525,,0.65,0.81928,0.7,0.23176,0.497,0.98536,0.112,0.66856
526,,0.6,0.73392,0.6,0.1464,0.447,0.97072,0.112,0.65392
527,,0.55,0.64856,0.5,0.06104,0.397,0.95608,0.112,0.63928
528,,0.5,0.5632,0.4,-0.02432,0.347,0.94144,0.112,0.62464
529,4,0.443,0.47784,0.307,1.0,0.304,0.9268,0.105,0.6
530,,0.393,0.39248,0.207,0.91464,0.254,0.91216,0.105,0.58536
531,,0.343,0.30712,0.107,0.82928,0.204,0.89752,0.105,0.57072
532,,0.293,0.22176,0.007,0.74392,0.154,0.88288,0.105,0.55608
533,,0.243,0.1364,-0.093,0.65856,0.104,0.86824,0.105,0.54144
534,3,0.193,0.05804,1.0,0.5802,0.054,0.8466,0.095,0.5198
535,,0.143,-0.02732,0.9,0.49484,0.004,0.83196,0.095,0.50516
536,2,0.1,1.0,0.807,0.40948,-0.053,0.80732,0.088,0.49052
537,5,0.04,0.90764,0.707,0.33112,1.0,0.79968,0.088,0.46888
538,,-0.01,0.82228,0.607,0.24576,0.95,0.78504,0.088,0.45424
539,1,1.0,0.74392,0.507,0.1534,0.89,0.7634,0.088,0.4466
540,,0.95,0.65856,0.407,0.06804,0.84,0.74876,0.088,0.43196
541,,0.9,0.5732,0.307,-0.01732,0.79,0.73412,0.088,0.41732
542,4,0.843,0.48784,0.214,1.0,0.747,0.71948,0.081,0.39268
543,,0.793,0.40248,0.114,0.91464,0.697,0.70484,0.081,0.37804
544,,0.743,0.31712,0.014,0.82928,0.647,0.6902,0.081,0.3634
545,,0.693,0.23176,-0.086,0.74392,0.597,0.67556,0.081,0.34876
546,3,0.643,0.1534,1.0,0.66556,0.547,0.65392,0.071,0.32712
547,,0.593,0.06804,0.9,0.5802,0.497,0.63928,0.071,0.31248
548,,0.543,-0.01732,0.8,0.49484,0.447,0.62464,0.071,0.29784
549,2,0.5,1.0,0.707,0.40948,0.39,0.6,0.064,0.2832
550,,0.45,0.91464,0.607,0.32412,0.34,0.58536,0.064,0.26856
551,,0.4,0.82928,0.507,0.23876,0.29,0.57072,0.064,0.25392
552,,0.35,0.74392,0.407,0.1534,0.24,0.55608,0.064,0.23928
553,,0.3,0.65856,0.307,0.06804,0.19,0.54144,0.064,0.22464
554,,0.25,0.5732,0.207,-0.01732,0.14,0.5268,0.064,0.21
555,4,0.193,0.48784,0.114,1.0,0.097,0.51216,0.057,0.18536
556,,0.143,0.40248,0.014,0.91464,0.047,0.49752,0.057,0.17072
557,,0.093,0.31712,-0.086,0.82928,-0.003,0.48288,0.057,0.15608
558,3,0.043,0.23876,1.0,0.75092,-0.053,0.46124,0.047,0.13444
559,5,-0.017,0.1464,0.9,0.67256,1.0,0.4536,0.047,0.1128
560,1,1.0,0.06804,0.8,0.5802,0.94,0.43196,0.047,0.10516
561,,0.95,-0.01732,0.7,0.49484,0.89,0.41732,0.047,0.09052
562,2,0.907,1.0,0.607,0.40948,0.833,0.39268,0.04,0.07588
563,,0.857,0.91464,0.507,0.32412,0.783,0.37804,0.04,0.06124
564,,0.807,0.82928,0.407,0.23876,0.733,0.3634,0.04,0.0466
565,,0.757,0.74392,0.307,0.1534,0.683,0.34876,0.04,0.03196
566,,0.707,0.65856,0.207,0.06804,0.633,0.33412,0.04,0.01732
567,,0.657,0.5732,0.107,-0.01732,0.583,0.31948,0.04,0.00268
568,4,0.6,0.48784,0.014,1.0,0.54,0.30484,0.033,-0.02196
569,8,0.557,0.40248,-0.093,0.90464,0.483,0.2902,0.04,1.0
570,3,0.507,0.32412,1.0,0.82628,0.433,0.26856,0.03,0.97836
571,,0.457,0.23876,0.9,0.74092,0.383,0.25392,0.03,0.96372
572,,0.407,0.1534,0.8,0.65556,0.333,0.23928,0.03,0.94908
573,,0.357,0.06804,0.7,0.5702,0.283,0.22464,0.03,0.93444
574,,0.307,-0.01732,0.6,0.48484,0.233,0.21,0.03,0.9198
575,2,0.264,1.0,0.507,0.39948,0.176,0.18536,0.023,0.90516
576,,0.214,0.91464,0.407,0.31412,0.126,0.17072,0.023,0.89052
577,,0.164,0.82928,0.307,0.22876,0.076,0.15608,0.023,0.87588
578,,0.114,0.74392,0.207,0.1434,0.026,0.14144,0.023,0.86124
579,,0.064,0.65856,0.107,0.05804,-0.024,0.1268,0.023,0.8466
580,5,0.004,0.5662,0.007,-0.02032,1.0,0.11916,0.023,0.82496
581,4,-0.053,0.48084,-0.086,1.0,0.957,0.10452,0.016,0.80032
582,3,-0.103,0.40248,1.0,0.92164,0.907,0.08288,0.006,0.77868
583,1,1.0,0.32412,0.9,0.82928,0.847,0.06124,0.006,0.77104
584,,0.95,0.23876,0.8,0.74392,0.797,0.0466,0.006,0.7564
585,,0.9,0.1534,0.7,0.65856,0.747,0.03196,0.006,0.74176
586,,0.85,0.06804,0.6,0.5732,0.697,0.01732,0.006,0.72712
587,,0.8,-0.01732,0.5,0.48784,0.647,0.00268,0.006,0.71248
588,2,0.757,1.0,0.407,0.40248,0.59,-0.02196,-0.001,0.69784
589,6,0.7,0.90464,0.3,0.31712,0.547,1.0,0.006,0.6832
590,,0.65,0.81928,0.2,0.23176,0.497,0.98536,0.006,0.66856
591,,0.6,0.73392,0.1,0.1464,0.447,0.97072,0.006,0.65392
592,,0.55,0.64856,0.0,0.06104,0.397,0.95608,0.006,0.63928
593,,0.5,0.5632,-0.1,-0.02432,0.347,0.94144,0.006,0.62464
594,3,0.45,0.48484,1.0,-0.10268,0.297,0.9198,-0.004,0.603
595,4,0.393,0.39948,0.907,1.0,0.254,0.90516,-0.011,0.57836
596,7,0.343,0.30712,0.797,0.90764,0.204,0.89752,1.0,0.57072
597,,0.293,0.22176,0.697,0.82228,0.154,0.88288,1.0,0.55608
598,,0.243,0.1364,0.597,0.73692,0.104,0.86824,1.0,0.54144
599,,0.193,0.05104,0.497,0.65156,0.054,0.8536,1.0,0.5268
600,,0.143,-0.03432,0.397,0.5662,0.004,0.83896,1.0,0.51216
601,2,0.1,1.0,0.304,0.48084,-0.053,0.81432,0.993,0.49752
602,5,0.04,0.90764,0.204,0.40248,1.0,0.80668,0.993,0.47588
603,,-0.01,0.82228,0.104,0.31712,0.95,0.79204,0.993,0.46124
604,1,1.0,0.74392,0.004,0.22476,0.89,0.7704,0.993,0.4536
605,,0.95,0.65856,-0.096,0.1394,0.84,0.75576,0.993,0.43896
606,3,0.9,0.5802,1.0,0.06104,0.79,0.73412,0.983,0.41732
607,,0.85,0.49484,0.9,-0.02432,0.74,0.71948,0.983,0.40268
608,4,0.793,0.40948,0.807,1.0,0.697,0.70484,0.976,0.37804
609,,0.743,0.32412,0.707,0.91464,0.647,0.6902,0.976,0.3634
610,,0.693,0.23876,0.607,0.82928,0.597,0.67556,0.976,0.34876
611,,0.643,0.1534,0.507,0.74392,0.547,0.66092,0.976,0.33412
612,,0.593,0.06804,0.407,0.65856,0.497,0.64628,0.976,0.31948
613,,0.543,-0.01732,0.307,0.5732,0.447,0.63164,0.976,0.30484
614,2,0.5,1.0,0.214,0.48784,0.39,0.607,0.969,0.2902
615,,0.45,0.91464,0.114,0.40248,0.34,0.59236,0.969,0.27556
616,,0.4,0.82928,0.014,0.31712,0.29,0.57772,0.969,0.26092
617,,0.35,0.74392,-0.086,0.23176,0.24,0.56308,0.969,0.24628
618,3,0.3,0.66556,1.0,0.1534,0.19,0.54144,0.959,0.22464
619,,0.25,0.5802,0.9,0.06804,0.14,0.5268,0.959,0.21
620,,0.2,0.49484,0.8,-0.01732,0.09,0.51216,0.959,0.19536
621,4,0.143,0.40948,0.707,1.0,0.047,0.49752,0.952,0.17072
622,,0.093,0.32412,0.607,0.91464,-0.003,0.48288,0.952,0.15608
623,5,0.033,0.23176,0.507,0.83628,1.0,0.47524,0.952,0.13444
624,,-0.017,0.1464,0.407,0.75092,0.95,0.4606,0.952,0.1198
625,1,1.0,0.06804,0.307,0.65856,0.89,0.43896,0.952,0.11216
626,,0.95,-0.01732,0.207,0.5732,0.84,0.42432,0.952,0.09752
627,2,0.907,1.0,0.114,0.48784,0.783,0.39968,0.945,0.08288
628,,0.857,0.91464,0.014,0.40248,0.733,0.38504,0.945,0.06824
629,,0.807,0.82928,-0.086,0.31712,0.683,0.3704,0.945,0.0536
630,3,0.757,0.75092,1.0,0.23876,0.633,0.34876,0.935,0.03196
631,,0.707,0.66556,0.9,0.1534,0.583,0.33412,0.935,0.01732
632,,0.657,0.5802,0.8,0.06804,0.533,0.31948,0.935,0.00268
633,,0.607,0.49484,0.7,-0.01732,0.483,0.30484,0.935,-0.01196
634,4,0.55,0.40948,0.607,1.0,0.44,0.2902,0.928,-0.0366
635,8,0.507,0.32412,0.5,0.90464,0.383,0.27556,0.935,1.0
636,,0.457,0.23876,0.4,0.81928,0.333,0.26092,0.935,0.98536
637,,0.407,0.1534,0.3,0.73392,0.283,0.24628,0.935,0.97072
638,,0.357,0.06804,0.2,0.64856,0.233,0.23164,0.935,0.95608
639,,0.307,-0.01732,0.1,0.5632,0.183,0.217,0.935,0.94144
640,2,0.264,1.0,0.007,0.47784,0.126,0.19236,0.928,0.9268
641,,0.214,0.91464,-0.093,0.39248,0.076,0.17772,0.928,0.91216
642,3,0.164,0.83628,1.0,0.31412,0.026,0.15608,0.918,0.89052
643,,0.114,0.75092,0.9,0.22876,-0.024,0.14144,0.918,0.87588
644,5,0.054,0.65856,0.8,0.1504,1.0,0.1338,0.918,0.85424
645,,0.004,0.5732,0.7,0.06504,0.95,0.11916,0.918,0.8396
646,,-0.046,0.48784,0.6,-0.02032,0.9,0.10452,0.918,0.82496
647,1,1.0,0.40948,0.5,-0.11268,0.84,0.08288,0.918,0.81732
648,4,0.943,0.32412,0.407,1.0,0.797,0.06824,0.911,0.79268
649,,0.893,0.23876,0.307,0.91464,0.747,0.0536,0.911,0.77804
650,,0.843,0.1534,0.207,0.82928,0.697,0.03896,0.911,0.7634
651,,0.793,0.06804,0.107,0.74392,0.647,0.02432,0.911,0.74876
652,,0.743,-0.01732,0.007,0.65856,0.597,0.00968,0.911,0.73412
653,2,0.7,1.0,-0.086,0.5732,0.54,-0.01496,0.904,0.71948
654,3,0.65,0.92164,1.0,0.49484,0.49,-0.0366,0.894,0.69784
655,6,0.593,0.82628,0.893,0.40948,0.447,1.0,0.901,0.6832
656,,0.543,0.74092,0.793,0.32412,0.397,0.98536,0.901,0.66856
657,,0.493,0.65556,0.693,0.23876,0.347,0.97072,0.901,0.65392
658,,0.443,0.5702,0.593,0.1534,0.297,0.95608,0.901,0.63928
659,,0.393,0.48484,0.493,0.06804,0.247,0.94144,0.901,0.62464
660,,0.343,0.39948,0.393,-0.01732,0.197,0.9268,0.901,0.61
661,4,0.286,0.31412,0.3,1.0,0.154,0.91216,0.894,0.58536
662,,0.236,0.22876,0.2,0.91464,0.104,0.89752,0.894,0.57072
663,,0.186,0.1434,0.1,0.82928,0.054,0.88288,0.894,0.55608
664,,0.136,0.05804,0.0,0.74392,0.004,0.86824,0.894,0.54144
665,,0.086,-0.02732,-0.1,0.65856,-0.046,0.8536,0.894,0.5268
666,3,0.036,-0.10568,1.0,0.5802,-0.096,0.83196,0.884,0.50516
667,2,-0.007,1.0,0.907,0.49484,-0.153,0.80732,0.877,0.49052
668,5,-0.067,0.90764,0.807,0.41648,1.0,0.79968,0.877,0.46888
669,1,1.0,0.82928,0.707,0.32412,0.94,0.77804,0.877,0.46124
670,,0.95,0.74392,0.607,0.23876,0.89,0.7634,0.877,0.4466
671,,0.9,0.65856,0.507,0.1534,0.84,0.74876,0.877,0.43196
672,,0.85,0.5732,0.407,0.06804,0.79,0.73412,0.877,0.41732
673,,0.8,0.48784,0.307,-0.01732,0.74,0.71948,0.877,0.40268
674,4,0.743,0.40248,0.214,1.0,0.697,0.70484,0.87,0.37804
675,,0.693,0.31712,0.114,0.91464,0.647,0.6902,0.87,0.3634
676,,0.643,0.23176,0.014,0.82928,0.597,0.67556,0.87,0.34876
677,,0.593,0.1464,-0.086,0.74392,0.547,0.66092,0.87,0.33412
678,3,0.543,0.06804,1.0,0.66556,0.497,0.63928,0.86,0.31248
679,,0.493,-0.01732,0.9,0.5802,0.447,0.62464,0.86,0.29784
680,2,0.45,1.0,0.807,0.49484,0.39,0.6,0.853,0.2832
681,,0.4,0.91464,0.707,0.40948,0.34,0.58536,0.853,0.26856
682,,0.35,0.82928,0.607,0.32412,0.29,0.57072,0.853,0.25392
683,,0.3,0.74392,0.507,0.23876,0.24,0.55608,0.853,0.23928
684,,0.25,0.65856,0.407,0.1534,0.19,0.54144,0.853,0.22464
685,,0.2,0.5732,0.307,0.06804,0.14,0.5268,0.853,0.21
686,,0.15,0.48784,0.207,-0.01732,0.09,0.51216,0.853,0.19536
687,4,0.093,0.40248,0.114,1.0,0.047,0.49752,0.846,0.17072
688,,0.043,0.31712,0.014,0.91464,-0.003,0.48288,0.846,0.15608
689,5,-0.017,0.22476,-0.086,0.83628,1.0,0.47524,0.846,0.13444
690,3,-0.067,0.1464,1.0,0.75792,0.95,0.4536,0.836,0.1128
691,1,1.0,0.06804,0.9,0.66556,0.89,0.43196,0.836,0.10516
692,,0.95,-0.01732,0.8,0.5802,0.84,0.41732,0.836,0.09052
693,2,0.907,1.0,0.707,0.49484,0.783,0.39268,0.829,0.07588
694,,0.857,0.91464,0.607,0.40948,0.733,0.37804,0.829,0.06124
695,,0.807,0.82928,0.507,0.32412,0.683,0.3634,0.829,0.0466
696,,0.757,0.74392,0.407,0.23876,0.633,0.34876,0.829,0.03196
697,,0.707,0.65856,0.307,0.1534,0.583,0.33412,0.829,0.01732
698,,0.657,0.5732,0.207,0.06804,0.533,0.31948,0.829,0.00268
699,,0.607,0.48784,0.107,-0.01732,0.483,0.30484,0.829,-0.01196
700,4,0.55,0.40248,0.014,1.0,0.44,0.2902,0.822,-0.0366
701,8,0.507,0.31712,-0.093,0.90464,0.383,0.27556,0.829,1.0
702,3,0.457,0.23876,1.0,0.82628,0.333,0.25392,0.819,0.97836
703,,0.407,0.1534,0.9,0.74092,0.283,0.23928,0.819,0.96372
704,,0.357,0.06804,0.8,0.65556,0.233,0.22464,0.819,0.94908
705,,0.307,-0.01732,0.7,0.5702,0.183,0.21,0.819,0.93444
706,2,0.264,1.0,0.607,0.48484,0.126,0.18536,0.812,0.9198
707,,0.214,0.91464,0.507,0.39948,0.076,0.17072,0.812,0.90516
708,,0.164,0.82928,0.407,0.31412,0.026,0.15608,0.812,0.89052
709,,0.114,0.74392,0.307,0.22876,-0.024,0.14144,0.812,0.87588
710,5,0.054,0.65156,0.207,0.1504,1.0,0.1338,0.812,0.85424
711,,0.004,0.5662,0.107,0.06504,0.95,0.11916,0.812,0.8396
712,,-0.046,0.48084,0.007,-0.02032,0.9,0.10452,0.812,0.82496
713,1,1.0,0.40248,-0.093,-0.11268,0.84,0.08288,0.812,0.81732
714,4,0.943,0.31712,-0.186,1.0,0.797,0.06824,0.805,0.79268
715,3,0.893,0.23876,1.0,0.92164,0.747,0.0466,0.795,0.77104
716,,0.843,0.1534,0.9,0.83628,0.697,0.03196,0.795,0.7564
717,,0.793,0.06804,0.8,0.75092,0.647,0.01732,0.795,0.74176
718,,0.743,-0.01732,0.7,0.66556,0.597,0.00268,0.795,0.72712
719,2,0.7,1.0,0.607,0.5802,0.54,-0.02196,0.788,0.71248
720,6,0.643,0.90464,0.5,0.49484,0.497,1.0,0.795,0.69784
721,,0.593,0.81928,0.4,0.40948,0.447,0.98536,0.795,0.6832
722,,0.543,0.73392,0.3,0.32412,0.397,0.97072,0.795,0.66856
723,,0.493,0.64856,0.2,0.23876,0.347,0.95608,0.795,0.65392
724,,0.443,0.5632,0.1,0.1534,0.297,0.94144,0.795,0.63928
725,,0.393,0.47784,0.0,0.06804,0.247,0.9268,0.795,0.62464
726,,0.343,0.39248,-0.1,-0.01732,0.197,0.91216,0.795,0.61
727,3,0.293,0.31412,1.0,-0.09568,0.147,0.89052,0.785,0.58836
728,4,0.236,0.22876,0.907,1.0,0.104,0.87588,0.778,0.56372
729,,0.186,0.1434,0.807,0.91464,0.054,0.86124,0.778,0.54908
730,,0.136,0.05804,0.707,0.82928,0.004,0.8466,0.778,0.53444
731,,0.086,-0.02732,0.607,0.74392,-0.046,0.83196,0.778,0.5198
732,5,0.026,-0.11968,0.507,0.66556,1.0,0.82432,0.778,0.49816
733,2,-0.017,1.0,0.414,0.5802,0.943,0.79968,0.771,0.48352
734,1,1.0,0.92164,0.314,0.48784,0.883,0.77804,0.771,0.47588
735,,0.95,0.83628,0.214,0.40248,0.833,0.7634,0.771,0.46124
736,,0.9,0.75092,0.114,0.31712,0.783,0.74876,0.771,0.4466
737,,0.85,0.66556,0.014,0.23176,0.733,0.73412,0.771,0.43196
738,,0.8,0.5802,-0.086,0.1464,0.683,0.71948,0.771,0.41732
739,3,0.75,0.50184,1.0,0.06804,0.633,0.69784,0.761,0.39568
740,,0.7,0.41648,0.9,-0.01732,0.583,0.6832,0.761,0.38104
741,4,0.643,0.33112,0.807,1.0,0.54,0.66856,0.754,0.3564
742,,0.593,0.24576,0.707,0.91464,0.49,0.65392,0.754,0.34176
743,,0.543,0.1604,0.607,0.82928,0.44,0.63928,0.754,0.32712
744,,0.493,0.07504,0.507,0.74392,0.39,0.62464,0.754,0.31248
745,,0.443,-0.01032,0.407,0.65856,0.34,0.61,0.754,0.29784
746,2,0.4,1.0,0.314,0.5732,0.283,0.58536,0.747,0.2832
747,,0.35,0.91464,0.214,0.48784,0.233,0.57072,0.747,0.26856
748,,0.3,0.82928,0.114,0.40248,0.183,0.55608,0.747,0.25392
749,,0.25,0.74392,0.014,0.31712,0.133,0.54144,0.747,0.23928
750,,0.2,0.65856,-0.086,0.23176,0.083,0.5268,0.747,0.22464
751,3,0.15,0.5802,1.0,0.1534,0.033,0.50516,0.737,0.203
752,,0.1,0.49484,0.9,0.06804,-0.017,0.49052,0.737,0.18836
753,5,0.04,0.40248,0.8,-0.01032,1.0,0.48288,0.737,0.16672
754,4,-0.017,0.31712,0.707,1.0,0.957,0.46824,0.73,0.14208
755,1,1.0,0.23876,0.607,0.90764,0.897,0.4466,0.73,0.13444
756,,0.95,0.1534,0.507,0.82228,0.847,0.43196,0.73,0.1198
757,,0.9,0.06804,0.407,0.73692,0.797,0.41732,0.73,0.10516
758,,0.85,-0.01732,0.307,0.65156,0.747,0.40268,0.73,0.09052
759,2,0.807,1.0,0.214,0.5662,0.69,0.37804,0.723,0.07588
760,,0.757,0.91464,0.114,0.48084,0.64,0.3634,0.723,0.06124
761,,0.707,0.82928,0.014,0.39548,0.59,0.34876,0.723,0.0466
762,,0.657,0.74392,-0.086,0.31012,0.54,0.33412,0.723,0.03196
763,3,0.607,0.66556,1.0,0.23176,0.49,0.31248,0.713,0.01032
764,,0.557,0.5802,0.9,0.1464,0.44,0.29784,0.713,-0.00432
765,8,0.514,0.49484,0.793,0.05104,0.383,0.2832,0.72,1.0
766,,0.464,0.40948,0.693,-0.03432,0.333,0.26856,0.72,0.98536
767,4,0.407,0.32412,0.6,1.0,0.29,0.25392,0.713,0.96072
768,,0.357,0.23876,0.5,0.91464,0.24,0.23928,0.713,0.94608
769,,0.307,0.1534,0.4,0.82928,0.19,0.22464,0.713,0.93144
770,,0.257,0.06804,0.3,0.74392,0.14,0.21,0.713,0.9168
771,,0.207,-0.01732,0.2,0.65856,0.09,0.19536,0.713,0.90216
772,2,0.164,1.0,0.107,0.5732,0.033,0.17072,0.706,0.88752
773,,0.114,0.91464,0.007,0.48784,-0.017,0.15608,0.706,0.87288
774,5,0.054,0.82228,-0.093,0.40948,1.0,0.14844,0.706,0.85124
775,3,0.004,0.74392,1.0,0.33112,0.95,0.1268,0.696,0.8296
776,,-0.046,0.65856,0.9,0.24576,0.9,0.11216,0.696,0.81496
777,1,1.0,0.5802,0.8,0.1534,0.84,0.09052,0.696,0.80732
778,,0.95,0.49484,0.7,0.06804,0.79,0.07588,0.696,0.79268
779,,0.9,0.40948,0.6,-0.01732,0.74,0.06124,0.696,0.77804
780,4,0.843,0.32412,0.507,1.0,0.697,0.0466,0.689,0.7534
781,,0.793,0.23876,0.407,0.91464,0.647,0.03196,0.689,0.73876
782,,0.743,0.1534,0.307,0.82928,0.597,0.01732,0.689,0.72412
783,,0.693,0.06804,0.207,0.74392,0.547,0.00268,0.689,0.70948
784,,0.643,-0.01732,0.107,0.65856,0.497,-0.01196,0.689,0.69484
785,2,0.6,1.0,0.014,0.5732,0.44,-0.0366,0.682,0.6802
786,6,0.543,0.90464,-0.093,0.48784,0.397,1.0,0.689,0.66556
787,3,0.493,0.82628,1.0,0.40948,0.347,0.97836,0.679,0.64392
788,,0.443,0.74092,0.9,0.32412,0.297,0.96372,0.679,0.62928
789,,0.393,0.65556,0.8,0.23876,0.247,0.94908,0.679,0.61464
790,,0.343,0.5702,0.7,0.1534,0.197,0.93444,0.679,0.6
791,,0.293,0.48484,0.6,0.06804,0.147,0.9198,0.679,0.58536
792,,0.243,0.39948,0.5,-0.01732,0.097,0.90516,0.679,0.57072
793,4,0.186,0.31412,0.407,1.0,0.054,0.89052,0.672,0.54608
794,,0.136,0.22876,0.307,0.91464,0.004,0.87588,0.672,0.53144
795,,0.086,0.1434,0.207,0.82928,-0.046,0.86124,0.672,0.5168
796,5,0.026,0.05104,0.107,0.75092,1.0,0.8536,0.672,0.49516
797,,-0.024,-0.03432,0.007,0.66556,0.95,0.83896,0.672,0.48052
798,2,-0.067,1.0,-0.086,0.5802,0.893,0.81432,0.665,0.46588
799,3,-0.117,0.92164,1.0,0.50184,0.843,0.79268,0.655,0.44424
800,1,1.0,0.84328,0.9,0.40948,0.783,0.77104,0.655,0.4366
801,,0.95,0.75792,0.8,0.32412,0.733,0.7564,0.655,0.42196
802,,0.9,0.67256,0.7,0.23876,0.683,0.74176,0.655,0.40732
803,,0.85,0.5872,0.6,0.1534,0.633,0.72712,0.655,0.39268
804,,0.8,0.50184,0.5,0.06804,0.583,0.71248,0.655,0.37804
805,,0.75,0.41648,0.4,-0.01732,0.533,0.69784,0.655,0.3634
806,4,0.693,0.33112,0.307,1.0,0.49,0.6832,0.648,0.33876
807,,0.643,0.24576,0.207,0.91464,0.44,0.66856,0.648,0.32412
808,,0.593,0.1604,0.107,0.82928,0.39,0.65392,0.648,0.30948
809,,0.543,0.07504,0.007,0.74392,0.34,0.63928,0.648,0.29484
810,,0.493,-0.01032,-0.093,0.65856,0.29,0.62464,0.648,0.2802
811,3,0.443,-0.08868,1.0,0.5802,0.24,0.603,0.638,0.25856
812,2,0.4,1.0,0.907,0.49484,0.183,0.57836,0.631,0.24392
813,,0.35,0.91464,0.807,0.40948,0.133,0.56372,0.631,0.22928
814,,0.3,0.82928,0.707,0.32412,0.083,0.54908,0.631,0.21464
815,,0.25,0.74392,0.607,0.23876,0.033,0.53444,0.631,0.2
816,,0.2,0.65856,0.507,0.1534,-0.017,0.5198,0.631,0.18536
817,5,0.14,0.5662,0.407,0.07504,1.0,0.51216,0.631,0.16372
818,,0.09,0.48084,0.307,-0.01032,0.95,0.49752,0.631,0.14908
819,4,0.033,0.39548,0.214,1.0,0.907,0.48288,0.624,0.12444
820,,-0.017,0.31012,0.114,0.91464,0.857,0.46824,0.624,0.1098
821,1,1.0,0.23176,0.014,0.82228,0.797,0.4466,0.624,0.10216
822,,0.95,0.1464,-0.086,0.73692,0.747,0.43196,0.624,0.08752
823,3,0.9,0.06804,1.0,0.65856,0.697,0.41032,0.614,0.06588
824,,0.85,-0.01732,0.9,0.5732,0.647,0.39568,0.614,0.05124
825,2,0.807,1.0,0.807,0.48784,0.59,0.37104,0.607,0.0366
826,,0.757,0.91464,0.707,0.40248,0.54,0.3564,0.607,0.02196
827,,0.707,0.82928,0.607,0.31712,0.49,0.34176,0.607,0.00732
828,,0.657,0.74392,0.507,0.23176,0.44,0.32712,0.607,-0.00732
829,8,0.614,0.65856,0.4,0.1364,0.383,0.31248,0.614,1.0
830,,0.564,0.5732,0.3,0.05104,0.333,0.29784,0.614,0.98536
831,,0.514,0.48784,0.2,-0.03432,0.283,0.2832,0.614,0.97072
832,4,0.457,0.40248,0.107,1.0,0.24,0.26856,0.607,0.94608
833,,0.407,0.31712,0.007,0.91464,0.19,0.25392,0.607,0.93144
834,,0.357,0.23176,-0.093,0.82928,0.14,0.23928,0.607,0.9168
835,3,0.307,0.1534,1.0,0.75092,0.09,0.21764,0.597,0.89516
836,,0.257,0.06804,0.9,0.66556,0.04,0.203,0.597,0.88052
837,,0.207,-0.01732,0.8,0.5802,-0.01,0.18836,0.597,0.86588
838,2,0.164,1.0,0.707,0.49484,-0.067,0.16372,0.59,0.85124
839,5,0.104,0.90764,0.607,0.41648,1.0,0.15608,0.59,0.8296
840,,0.054,0.82228,0.507,0.33112,0.95,0.14144,0.59,0.81496
841,,0.004,0.73692,0.407,0.24576,0.9,0.1268,0.59,0.80032
842,,-0.046,0.65156,0.307,0.1604,0.85,0.11216,0.59,0.78568
843,1,1.0,0.5732,0.207,0.06804,0.79,0.09052,0.59,0.77804
844,,0.95,0.48784,0.107,-0.01732,0.74,0.07588,0.59,0.7634
845,4,0.893,0.40248,0.014,1.0,0.697,0.06124,0.583,0.73876
846,,0.843,0.31712,-0.086,0.91464,0.647,0.0466,0.583,0.72412
847,3,0.793,0.23876,1.0,0.83628,0.597,0.02496,0.573,0.70248
848,,0.743,0.1534,0.9,0.75092,0.547,0.01032,0.573,0.68784
849,,0.693,0.06804,0.8,0.66556,0.497,-0.00432,0.573,0.6732
850,6,0.636,-0.02732,0.693,0.5802,0.454,1.0,0.58,0.65856
851,2,0.593,1.0,0.6,0.49484,0.397,0.97536,0.573,0.64392
852,,0.543,0.91464,0.5,0.40948,0.347,0.96072,0.573,0.62928
853,,0.493,0.82928,0.4,0.32412,0.297,0.94608,0.573,0.61464
854,,0.443,0.74392,0.3,0.23876,0.247,0.93144,0.573,0.6
855,,0.393,0.65856,0.2,0.1534,0.197,0.9168,0.573,0.58536
856,,0.343,0.5732,0.1,0.06804,0.147,0.90216,0.573,0.57072
857,,0.293,0.48784,0.0,-0.01732,0.097,0.88752,0.573,0.55608
858,4,0.236,0.40248,-0.093,1.0,0.054,0.87288,0.566,0.53144
859,3,0.186,0.32412,1.0,0.92164,0.004,0.85124,0.556,0.5098
860,,0.136,0.23876,0.9,0.83628,-0.046,0.8366,0.556,0.49516
861,5,0.076,0.1464,0.8,0.75792,1.0,0.82896,0.556,0.47352
862,,0.026,0.06104,0.7,0.67256,0.95,0.81432,0.556,0.45888
863,,-0.024,-0.02432,0.6,0.5872,0.9,0.79968,0.556,0.44424
864,2,-0.067,1.0,0.507,0.50184,0.843,0.77504,0.549,0.4296
865,1,1.0,0.92164,0.407,0.40948,0.783,0.7534,0.549,0.42196
866,,0.95,0.83628,0.307,0.32412,0.733,0.73876,0.549,0.40732
867,,0.9,0.75092,0.207,0.23876,0.683,0.72412,0.549,0.39268
868,,0.85,0.66556,0.107,0.1534,0.633,0.70948,0.549,0.37804
869,,0.8,0.5802,0.007,0.06804,0.583,0.69484,0.549,0.3634
870,,0.75,0.49484,-0.093,-0.01732,0.533,0.6802,0.549,0.34876
871,3,0.7,0.41648,1.0,-0.09568,0.483,0.65856,0.539,0.32712
872,4,0.643,0.33112,0.907,1.0,0.44,0.64392,0.532,0.30248
873,,0.593,0.24576,0.807,0.91464,0.39,0.62928,0.532,0.28784
874,,0.543,0.1604,0.707,0.82928,0.34,0.61464,0.532,0.2732
875,,0.493,0.07504,0.607,0.74392,0.29,0.6,0.532,0.25856
876,,0.443,-0.01032,0.507,0.65856,0.24,0.58536,0.532,0.24392
877,2,0.4,1.0,0.414,0.5732,0.183,0.56072,0.525,0.22928
878,,0.35,0.91464,0.314,0.48784,0.133,0.54608,0.525,0.21464
879,,0.3,0.82928,0.214,0.40248,0.083,0.53144,0.525,0.2
880,,0.25,0.74392,0.114,0.31712,0.033,0.5168,0.525,0.18536
881,,0.2,0.65856,0.014,0.23176,-0.017,0.50216,0.525,0.17072
882,5,0.14,0.5662,-0.086,0.1534,1.0,0.49452,0.525,0.14908
883,3,0.09,0.48784,1.0,0.07504,0.95,0.47288,0.515,0.12744
884,,0.04,0.40248,0.9,-0.01032,0.9,0.45824,0.515,0.1128
885,4,-0.017,0.31712,0.807,1.0,0.857,0.4436,0.508,0.08816
886,1,1.0,0.23876,0.707,0.90764,0.797,0.42196,0.508,0.08052
887,,0.95,0.1534,0.607,0.82228,0.747,0.40732,0.508,0.06588
888,,0.9,0.06804,0.507,0.73692,0.697,0.39268,0.508,0.05124
889,,0.85,-0.01732,0.407,0.65156,0.647,0.37804,0.508,0.0366
890,2,0.807,1.0,0.314,0.5662,0.59,0.3534,0.501,0.02196
891,,0.757,0.91464,0.214,0.48084,0.54,0.33876,0.501,0.00732
892,,0.707,0.82928,0.114,0.39548,0.49,0.32412,0.501,-0.00732
893,8,0.664,0.74392,0.007,0.30012,0.433,0.30948,0.508,1.0
894,,0.614,0.65856,-0.093,0.21476,0.383,0.29484,0.508,0.98536
895,3,0.564,0.5802,1.0,0.1364,0.333,0.2732,0.498,0.96372
896,,0.514,0.49484,0.9,0.05104,0.283,0.25856,0.498,0.94908
897,,0.464,0.40948,0.8,-0.03432,0.233,0.24392,0.498,0.93444
898,4,0.407,0.32412,0.707,1.0,0.19,0.22928,0.491,0.9098
899,,0.357,0.23876,0.607,0.91464,0.14,0.21464,0.491,0.89516
900,,0.307,0.1534,0.507,0.82928,0.09,0.2,0.491,0.88052
901,,0.257,0.06804,0.407,0.74392,0.04,0.18536,0.491,0.86588
902,,0.207,-0.01732,0.307,0.65856,-0.01,0.17072,0.491,0.85124
903,2,0.164,1.0,0.214,0.5732,-0.067,0.14608,0.484,0.8366
904,5,0.104,0.90764,0.114,0.49484,1.0,0.13844,0.484,0.81496
905,,0.054,0.82228,0.014,0.40948,0.95,0.1238,0.484,0.80032
906,,0.004,0.73692,-0.086,0.32412,0.9,0.10916,0.484,0.78568
907,3,-0.046,0.65856,1.0,0.24576,0.85,0.08752,0.474,0.76404
908,1,1.0,0.5802,0.9,0.1534,0.79,0.06588,0.474,0.7564
909,,0.95,0.49484,0.8,0.06804,0.74,0.05124,0.474,0.74176
910,,0.9,0.40948,0.7,-0.01732,0.69,0.0366,0.474,0.72712
911,4,0.843,0.32412,0.607,1.0,0.647,0.02196,0.467,0.70248
912,,0.793,0.23876,0.507,0.91464,0.597,0.00732,0.467,0.68784
913,,0.743,0.1534,0.407,0.82928,0.547,-0.00732,0.467,0.6732
914,6,0.686,0.05804,0.3,0.74392,0.504,1.0,0.474,0.65856
915,,0.636,-0.02732,0.2,0.65856,0.454,0.98536,0.474,0.64392
916,2,0.593,1.0,0.107,0.5732,0.397,0.96072,0.467,0.62928
917,,0.543,0.91464,0.007,0.48784,0.347,0.94608,0.467,0.61464
918,,0.493,0.82928,-0.093,0.40248,0.297,0.93144,0.467,0.6
919,3,0.443,0.75092,1.0,0.32412,0.247,0.9098,0.457,0.57836
920,,0.393,0.66556,0.9,0.23876,0.197,0.89516,0.457,0.56372
921,,0.343,0.5802,0.8,0.1534,0.147,0.88052,0.457,0.54908
922,,0.293,0.49484,0.7,0.06804,0.097,0.86588,0.457,0.53444
923,,0.243,0.40948,0.6,-0.01732,0.047,0.85124,0.457,0.5198
924,4,0.186,0.32412,0.507,1.0,0.004,0.8366,0.45,0.49516
925,,0.136,0.23876,0.407,0.91464,-0.046,0.82196,0.45,0.48052
926,5,0.076,0.1464,0.307,0.83628,1.0,0.81432,0.45,0.45888
927,,0.026,0.06104,0.207,0.75092,0.95,0.79968,0.45,0.44424
928,,-0.024,-0.02432,0.107,0.66556,0.9,0.78504,0.45,0.4296
929,2,-0.067,1.0,0.014,0.5802,0.843,0.7604,0.443,0.41496
930,1,1.0,0.92164,-0.086,0.48784,0.783,0.73876,0.443,0.40732
931,3,0.95,0.84328,1.0,0.40948,0.733,0.71712,0.433,0.38568
932,,0.9,0.75792,0.9,0.32412,0.683,0.70248,0.433,0.37104
933,,0.85,0.67256,0.8,0.23876,0.633,0.68784,0.433,0.3564
934,,0.8,0.5872,0.7,0.1534,0.583,0.6732,0.433,0.34176
935,,0.75,0.50184,0.6,0.06804,0.533,0.65856,0.433,0.32712
936,,0.7,0.41648,0.5,-0.01732,0.483,0.64392,0.433,0.31248
937,4,0.643,0.33112,0.407,1.0,0.44,0.62928,0.426,0.28784
938,,0.593,0.24576,0.307,0.91464,0.39,0.61464,0.426,0.2732
939,,0.543,0.1604,0.207,0.82928,0.34,0.6,0.426,0.25856
940,,0.493,0.07504,0.107,0.74392,0.29,0.58536,0.426,0.24392
941,,0.443,-0.01032,0.007,0.65856,0.24,0.57072,0.426,0.22928
942,2,0.4,1.0,-0.086,0.5732,0.183,0.54608,0.419,0.21464
943,3,0.35,0.92164,1.0,0.49484,0.133,0.52444,0.409,0.193
944,,0.3,0.83628,0.9,0.40948,0.083,0.5098,0.409,0.17836
945,,0.25,0.75092,0.8,0.32412,0.033,0.49516,0.409,0.16372
946,,0.2,0.66556,0.7,0.23876,-0.017,0.48052,0.409,0.14908
947,5,0.14,0.5732,0.6,0.1604,1.0,0.47288,0.409,0.12744
948,,0.09,0.48784,0.5,0.07504,0.95,0.45824,0.409,0.1128
949,,0.04,0.40248,0.4,-0.01032,0.9,0.4436,0.409,0.09816
950,4,-0.017,0.31712,0.307,1.0,0.857,0.42896,0.402,0.07352
951,1,1.0,0.23876,0.207,0.90764,0.797,0.40732,0.402,0.06588
952,,0.95,0.1534,0.107,0.82228,0.747,0.39268,0.402,0.05124
953,,0.9,0.06804,0.007,0.73692,0.697,0.37804,0.402,0.0366
954,,0.85,-0.01732,-0.093,0.65156,0.647,0.3634,0.402,0.02196
955,3,0.8,-0.09568,1.0,0.5732,0.597,0.34176,0.392,0.00032
956,2,0.757,1.0,0.907,0.48784,0.54,0.31712,0.385,-0.01432
957,8,0.714,0.91464,0.8,0.39248,0.483,0.30248,0.392,1.0
958,,0.664,0.82928,0.7,0.30712,0.433,0.28784,0.392,0.98536
959,,0.614,0.74392,0.6,0.22176,0.383,0.2732,0.392,0.97072
960,,0.564,0.65856,0.5,0.1364,0.333,0.25856,0.392,0.95608
961,,0.514,0.5732,0.4,0.05104,0.283,0.24392,0.392,0.94144
962,,0.464,0.48784,0.3,-0.03432,0.233,0.22928,0.392,0.9268
963,4,0.407,0.40248,0.207,1.0,0.19,0.21464,0.385,0.90216
964,,0.357,0.31712,0.107,0.91464,0.14,0.2,0.385,0.88752
965,,0.307,0.23176,0.007,0.82928,0.09,0.18536,0.385,0.87288
966,,0.257,0.1464,-0.093,0.74392,0.04,0.17072,0.385,0.85824
967,3,0.207,0.06804,1.0,0.66556,-0.01,0.14908,0.375,0.8366
968,5,0.147,-0.02432,0.9,0.5872,1.0,0.14144,0.375,0.81496
969,2,0.104,1.0,0.807,0.50184,0.943,0.1168,0.368,0.80032
970,,0.054,0.91464,0.707,0.41648,0.893,0.10216,0.368,0.78568
971,,0.004,0.82928,0.607,0.33112,0.843,0.08752,0.368,0.77104
972,,-0.046,0.74392,0.507,0.24576,0.793,0.07288,0.368,0.7564
973,1,1.0,0.66556,0.407,0.1534,0.733,0.05124,0.368,0.74876
974,,0.95,0.5802,0.307,0.06804,0.683,0.0366,0.368,0.73412
975,,0.9,0.49484,0.207,-0.01732,0.633,0.02196,0.368,0.71948
976,4,0.843,0.40948,0.114,1.0,0.59,0.00732,0.361,0.69484
977,,0.793,0.32412,0.014,0.91464,0.54,-0.00732,0.361,0.6802
978,6,0.736,0.22876,-0.093,0.82928,0.497,1.0,0.368,0.66556
979,3,0.686,0.1504,1.0,0.75092,0.447,0.97836,0.358,0.64392
980,,0.636,0.06504,0.9,0.66556,0.397,0.96372,0.358,0.62928
981,,0.586,-0.02032,0.8,0.5802,0.347,0.94908,0.358,0.61464
982,2,0.543,1.0,0.707,0.49484,0.29,0.92444,0.351,0.6
983,,0.493,0.91464,0.607,0.40948,0.24,0.9098,0.351,0.58536
984,,0.443,0.82928,0.507,0.32412,0.19,0.89516,0.351,0.57072
985,,0.393,0.74392,0.407,0.23876,0.14,0.88052,0.351,0.55608
986,,0.343,0.65856,0.307,0.1534,0.09,0.86588,0.351,0.54144
987,,0.293,0.5732,0.207,0.06804,0.04,0.85124,0.351,0.5268
988,,0.243,0.48784,0.107,-0.01732,-0.01,0.8366,0.351,0.51216
989,4,0.186,0.40248,0.014,1.0,-0.053,0.82196,0.344,0.48752
990,5,0.126,0.31012,-0.086,0.92164,1.0,0.81432,0.344,0.46588
991,3,0.076,0.23176,1.0,0.84328,0.95,0.79268,0.334,0.44424
992,,0.026,0.1464,0.9,0.75792,0.9,0.77804,0.334,0.4296
993,,-0.024,0.06104,0.8,0.67256,0.85,0.7634,0.334,0.41496
994,1,1.0,-0.01732,0.7,0.5802,0.79,0.74176,0.334,0.40732
995,2,0.957,1.0,0.607,0.49484,0.733,0.71712,0.327,0.39268
996,,0.907,0.91464,0.507,0.40948,0.683,0.70248,0.327,0.37804
997,,0.857,0.82928,0.407,0.32412,0.633,0.68784,0.327,0.3634
998,,0.807,0.74392,0.307,0.23876,0.583,0.6732,0.327,0.34876
999,,0.757,0.65856,0.207,0.1534,0.533,0.65856,0.327,0.33412
1000,,0.707,0.5732,0.107,0.06804,0.483,0.64392,0.327,0.31948
1001,,0.657,0.48784,0.007,-0.01732,0.433,0.62928,0.327,0.30484
1002,4,0.6,0.40248,-0.086,1.0,0.39,0.61464,0.32,0.2802
1003,3,0.55,0.32412,1.0,0.92164,0.34,0.593,0.31,0.25856
1004,,0.5,0.23876,0.9,0.83628,0.29,0.57836,0.31,0.24392
1005,,0.45,0.1534,0.8,0.75092,0.24,0.56372,0.31,0.22928
1006,,0.4,0.06804,0.7,0.66556,0.19,0.54908,0.31,0.21464
1007,,0.35,-0.01732,0.6,0.5802,0.14,0.53444,0.31,0.2
1008,2,0.307,1.0,0.507,0.49484,0.083,0.5098,0.303,0.18536
1009,,0.257,0.91464,0.407,0.40948,0.033,0.49516,0.303,0.17072
1010,,0.207,0.82928,0.307,0.32412,-0.017,0.48052,0.303,0.15608
1011,5,0.147,0.73692,0.207,0.24576,1.0,0.47288,0.303,0.13444
1012,,0.097,0.65156,0.107,0.1604,0.95,0.45824,0.303,0.1198
1013,,0.047,0.5662,0.007,0.07504,0.9,0.4436,0.303,0.10516
1014,,-0.003,0.48084,-0.093,-0.01032,0.85,0.42896,0.303,0.09052
1015,3,-0.053,0.40248,1.0,-0.08868,0.8,0.40732,0.293,0.06888
1016,4,-0.11,0.31712,0.907,1.0,0.757,0.39268,0.286,0.04424
1017,1,1.0,0.23876,0.807,0.90764,0.697,0.37104,0.286,0.0366
1018,,0.95,0.1534,0.707,0.82228,0.647,0.3564,0.286,0.02196
1019,,0.9,0.06804,0.607,0.73692,0.597,0.34176,0.286,0.00732
1020,,0.85,-0.01732,0.507,0.65156,0.547,0.32712,0.286,-0.00732
1021,2,0.807,1.0,0.414,0.5662,0.49,0.30248,0.279,-0.02196
1022,8,0.764,0.91464,0.307,0.47084,0.433,0.28784,0.286,1.0
1023,,0.714,0.82928,0.207,0.38548,0.383,0.2732,0.286,0.98536
1024,,0.664,0.74392,0.107,0.30012,0.333,0.25856,0.286,0.97072
1025,,0.614,0.65856,0.007,0.21476,0.283,0.24392,0.286,0.95608
1026,,0.564,0.5732,-0.093,0.1294,0.233,0.22928,0.286,0.94144
1027,3,0.514,0.49484,1.0,0.05104,0.183,0.20764,0.276,0.9198
1028,,0.464,0.40948,0.9,-0.03432,0.133,0.193,0.276,0.90516
1029,4,0.407,0.32412,0.807,1.0,0.09,0.17836,0.269,0.88052
1030,,0.357,0.23876,0.707,0.91464,0.04,0.16372,0.269,0.86588
1031,,0.307,0.1534,0.607,0.82928,-0.01,0.14908,0.269,0.85124
1032,5,0.247,0.06104,0.507,0.75092,1.0,0.14144,0.269,0.8296
1033,,0.197,-0.02432,0.407,0.66556,0.95,0.1268,0.269,0.81496
1034,2,0.154,1.0,0.314,0.5802,0.893,0.10216,0.262,0.80032
1035,,0.104,0.91464,0.214,0.49484,0.843,0.08752,0.262,0.78568
1036,,0.054,0.82928,0.114,0.40948,0.793,0.07288,0.262,0.77104
1037,,0.004,0.74392,0.014,0.32412,0.743,0.05824,0.262,0.7564
1038,,-0.046,0.65856,-0.086,0.23876,0.693,0.0436,0.262,0.74176
1039,3,-0.096,0.5802,1.0,0.1604,0.643,0.02196,0.252,0.72012
1040,1,1.0,0.50184,0.9,0.06804,0.583,0.00032,0.252,0.71248
1041,,0.95,0.41648,0.8,-0.01732,0.533,-0.01432,0.252,0.69784
1042,4,0.893,0.33112,0.707,1.0,0.49,-0.02896,0.245,0.6732
1043,6,0.836,0.23576,0.6,0.91464,0.447,1.0,0.252,0.65856
1044,,0.786,0.1504,0.5,0.82928,0.397,0.98536,0.252,0.64392
1045,,0.736,0.06504,0.4,0.74392,0.347,0.97072,0.252,0.62928
1046,,0.686,-0.02032,0.3,0.65856,0.297,0.95608,0.252,0.61464
1047,2,0.643,1.0,0.207,0.5732,0.24,0.93144,0.245,0.6
1048,,0.593,0.91464,0.107,0.48784,0.19,0.9168,0.245,0.58536
1049,,0.543,0.82928,0.007,0.40248,0.14,0.90216,0.245,0.57072
1050,,0.493,0.74392,-0.093,0.31712,0.09,0.88752,0.245,0.55608
1051,3,0.443,0.66556,1.0,0.23876,0.04,0.86588,0.235,0.53444
1052,,0.393,0.5802,0.9,0.1534,-0.01,0.85124,0.235,0.5198
1053,5,0.333,0.48784,0.8,0.07504,1.0,0.8436,0.235,0.49816
1054,,0.283,0.40248,0.7,-0.01032,0.95,0.82896,0.235,0.48352
1055,4,0.226,0.31712,0.607,1.0,0.907,0.81432,0.228,0.45888
1056,,0.176,0.23176,0.507,0.91464,0.857,0.79968,0.228,0.44424
1057,,0.126,0.1464,0.407,0.82928,0.807,0.78504,0.228,0.4296
1058,,0.076,0.06104,0.307,0.74392,0.757,0.7704,0.228,0.41496
1059,,0.026,-0.02432,0.207,0.65856,0.707,0.75576,0.228,0.40032
1060,2,-0.017,1.0,0.114,0.5732,0.65,0.73112,0.221,0.38568
1061,1,1.0,0.92164,0.014,0.48084,0.59,0.70948,0.221,0.37804
1062,,0.95,0.83628,-0.086,0.39548,0.54,0.69484,0.221,0.3634
1063,3,0.9,0.75792,1.0,0.31712,0.49,0.6732,0.211,0.34176
1064,,0.85,0.67256,0.9,0.23176,0.44,0.65856,0.211,0.32712
1065,,0.8,0.5872,0.8,0.1464,0.39,0.64392,0.211,0.31248
1066,,0.75,0.50184,0.7,0.06104,0.34,0.62928,0.211,0.29784
1067,,0.7,0.41648,0.6,-0.02432,0.29,0.61464,0.211,0.2832
1068,4,0.643,0.33112,0.507,1.0,0.247,0.6,0.204,0.25856
1069,,0.593,0.24576,0.407,0.91464,0.197,0.58536,0.204,0.24392
1070,,0.543,0.1604,0.307,0.82928,0.147,0.57072,0.204,0.22928
1071,,0.493,0.07504,0.207,0.74392,0.097,0.55608,0.204,0.21464
1072,,0.443,-0.01032,0.107,0.65856,0.047,0.54144,0.204,0.2
1073,2,0.4,1.0,0.014,0.5732,-0.01,0.5168,0.197,0.18536
1074,5,0.34,0.90764,-0.086,0.49484,1.0,0.50916,0.197,0.16372
1075,3,0.29,0.82928,1.0,0.41648,0.95,0.48752,0.187,0.14208
1076,,0.24,0.74392,0.9,0.33112,0.9,0.47288,0.187,0.12744
1077,,0.19,0.65856,0.8,0.24576,0.85,0.45824,0.187,0.1128
1078,,0.14,0.5732,0.7,0.1604,0.8,0.4436,0.187,0.09816
1079,,0.09,0.48784,0.6,0.07504,0.75,0.42896,0.187,0.08352
1080,,0.04,0.40248,0.5,-0.01032,0.7,0.41432,0.187,0.06888
1081,4,-0.017,0.31712,0.407,1.0,0.657,0.39968,0.18,0.04424
1082,1,1.0,0.23876,0.307,0.90764,0.597,0.37804,0.18,0.0366
1083,,0.95,0.1534,0.207,0.82228,0.547,0.3634,0.18,0.02196
1084,,0.9,0.06804,0.107,0.73692,0.497,0.34876,0.18,0.00732
1085,,0.85,-0.01732,0.007,0.65156,0.447,0.33412,0.18,-0.00732
1086,2,0.807,1.0,-0.086,0.5662,0.39,0.30948,0.173,-0.02196
1087,3,0.757,0.92164,1.0,0.48784,0.34,0.28784,0.163,-0.0436
1088,8,0.714,0.83628,0.893,0.39248,0.283,0.2732,0.17,1.0
1089,,0.664,0.75092,0.793,0.30712,0.233,0.25856,0.17,0.98536
1090,,0.614,0.66556,0.693,0.22176,0.183,0.24392,0.17,0.97072
1091,,0.564,0.5802,0.593,0.1364,0.133,0.22928,0.17,0.95608
1092,,0.514,0.49484,0.493,0.05104,0.083,0.21464,0.17,0.94144
1093,,0.464,0.40948,0.393,-0.03432,0.033,0.2,0.17,0.9268
1094,4,0.407,0.32412,0.3,1.0,-0.01,0.18536,0.163,0.90216
1095,5,0.347,0.23176,0.2,0.92164,1.0,0.17772,0.163,0.88052
1096,,0.297,0.1464,0.1,0.83628,0.95,0.16308,0.163,0.86588
1097,,0.247,0.06104,0.0,0.75092,0.9,0.14844,0.163,0.85124
1098,,0.197,-0.02432,-0.1,0.66556,0.85,0.1338,0.163,0.8366
1099,3,0.147,-0.10268,1.0,0.5872,0.8,0.11216,0.153,0.81496
1100,2,0.104,1.0,0.907,0.50184,0.743,0.08752,0.146,0.80032
1101,,0.054,0.91464,0.807,0.41648,0.693,0.07288,0.146,0.78568
1102,,0.004,0.82928,0.707,0.33112,0.643,0.05824,0.146,0.77104
1103,,-0.046,0.74392,0.607,0.24576,0.593,0.0436,0.146,0.7564
1104,1,1.0,0.66556,0.507,0.1534,0.533,0.02196,0.146,0.74876
1105,,0.95,0.5802,0.407,0.06804,0.483,0.00732,0.146,0.73412
1106,,0.9,0.49484,0.307,-0.01732,0.433,-0.00732,0.146,0.71948
1107,4,0.843,0.40948,0.214,1.0,0.39,-0.02196,0.139,0.69484
1108,6,0.786,0.31412,0.107,0.91464,0.347,1.0,0.146,0.6802
1109,,0.736,0.22876,0.007,0.82928,0.297,0.98536,0.146,0.66556
1110,,0.686,0.1434,-0.093,0.74392,0.247,0.97072,0.146,0.65092
1111,3,0.636,0.06504,1.0,0.66556,0.197,0.94908,0.136,0.62928
1112,,0.586,-0.02032,0.9,0.5802,0.147,0.93444,0.136,0.61464
1113,2,0.543,1.0,0.807,0.49484,0.09,0.9098,0.129,0.6
1114,,0.493,0.91464,0.707,0.40948,0.04,0.89516,0.129,0.58536
1115,,0.443,0.82928,0.607,0.32412,-0.01,0.88052,0.129,0.57072
1116,5,0.383,0.73692,0.507,0.24576,1.0,0.87288,0.129,0.54908
1117,,0.333,0.65156,0.407,0.1604,0.95,0.85824,0.129,0.53444
1118,,0.283,0.5662,0.307,0.07504,0.9,0.8436,0.129,0.5198
1119,,0.233,0.48084,0.207,-0.01032,0.85,0.82896,0.129,0.50516
1120,4,0.176,0.39548,0.114,1.0,0.807,0.81432,0.122,0.48052
1121,,0.126,0.31012,0.014,0.91464,0.757,0.79968,0.122,0.46588
1122,,0.076,0.22476,-0.086,0.82928,0.707,0.78504,0.122,0.45124
1123,3,0.026,0.1464,1.0,0.75092,0.657,0.7634,0.112,0.4296
1124,,-0.024,0.06104,0.9,0.66556,0.607,0.74876,0.112,0.41496
1125,1,1.0,-0.01732,0.8,0.5732,0.547,0.72712,0.112,0.40732
1126,2,0.957,1.0,0.707,0.48784,0.49,0.70248,0.105,0.39268
1127,,0.907,0.91464,0.607,0.40248,0.44,0.68784,0.105,0.37804
1128,,0.857,0.82928,0.507,0.31712,0.39,0.6732,0.105,0.3634
1129,,0.807,0.74392,0.407,0.23176,0.34,0.65856,0.105,0.34876
1130,,0.757,0.65856,0.307,0.1464,0.29,0.64392,0.105,0.33412
1131,,0.707,0.5732,0.207,0.06104,0.24,0.62928,0.105,0.31948
1132,,0.657,0.48784,0.107,-0.02432,0.19,0.61464,0.105,0.30484
1133,4,0.6,0.40248,0.014,1.0,0.147,0.6,0.098,0.2802
1134,,0.55,0.31712,-0.086,0.91464,0.097,0.58536,0.098,0.26556
1135,3,0.5,0.23876,1.0,0.83628,0.047,0.56372,0.088,0.24392
1136,,0.45,0.1534,0.9,0.75092,-0.003,0.54908,0.088,0.22928
1137,5,0.39,0.06104,0.8,0.67256,1.0,0.54144,0.088,0.20764
1138,,0.34,-0.02432,0.7,0.5872,0.95,0.5268,0.088,0.193
1139,2,0.297,1.0,0.607,0.50184,0.893,0.50216,0.081,0.17836
1140,,0.247,0.91464,0.507,0.41648,0.843,0.48752,0.081,0.16372
1141,,0.197,0.82928,0.407,0.33112,0.793,0.47288,0.081,0.14908
1142,,0.147,0.74392,0.307,0.24576,0.743,0.45824,0.081,0.13444
1143,,0.097,0.65856,0.207,0.1604,0.693,0.4436,0.081,0.1198
1144,,0.047,0.5732,0.107,0.07504,0.643,0.42896,0.081,0.10516
1145,,-0.003,0.48784,0.007,-0.01032,0.593,0.41432,0.081,0.09052
1146,4,-0.06,0.40248,-0.086,1.0,0.55,0.39968,0.074,0.06588
1147,3,-0.11,0.32412,1.0,0.92164,0.5,0.37804,0.064,0.04424
1148,1,1.0,0.24576,0.9,0.82928,0.44,0.3564,0.064,0.0366
1149,,0.95,0.1604,0.8,0.74392,0.39,0.34176,0.064,0.02196
1150,,0.9,0.07504,0.7,0.65856,0.34,0.32712,0.064,0.00732
1151,,0.85,-0.01032,0.6,0.5732,0.29,0.31248,0.064,-0.00732
1152,2,0.807,1.0,0.507,0.48784,0.233,0.28784,0.057,-0.02196
1153,8,0.764,0.91464,0.4,0.39248,0.176,0.2732,0.064,1.0
1154,,0.714,0.82928,0.3,0.30712,0.126,0.25856,0.064,0.98536
1155,,0.664,0.74392,0.2,0.22176,0.076,0.24392,0.064,0.97072
1156,,0.614,0.65856,0.1,0.1364,0.026,0.22928,0.064,0.95608
1157,,0.564,0.5732,0.0,0.05104,-0.024,0.21464,0.064,0.94144
1158,5,0.504,0.48084,-0.1,-0.02732,1.0,0.207,0.064,0.9198
1159,3,0.454,0.40248,1.0,-0.10568,0.95,0.18536,0.054,0.89816
1160,4,0.397,0.31712,0.907,1.0,0.907,0.17072,0.047,0.87352
1161,,0.347,0.23176,0.807,0.91464,0.857,0.15608,0.047,0.85888
1162,,0.297,0.1464,0.707,0.82928,0.807,0.14144,0.047,0.84424
1163,,0.247,0.06104,0.607,0.74392,0.757,0.1268,0.047,0.8296
1164,,0.197,-0.02432,0.507,0.65856,0.707,0.11216,0.047,0.81496
1165,2,0.154,1.0,0.414,0.5732,0.65,0.08752,0.04,0.80032
1166,,0.104,0.91464,0.314,0.48784,0.6,0.07288,0.04,0.78568
1167,,0.054,0.82928,0.214,0.40248,0.55,0.05824,0.04,0.77104
1168,,0.004,0.74392,0.114,0.31712,0.5,0.0436,0.04,0.7564
1169,,-0.046,0.65856,0.014,0.23176,0.45,0.02896,0.04,0.74176
1170,1,1.0,0.5802,-0.086,0.1394,0.39,0.00732,0.04,0.73412
1171,3,0.95,0.50184,1.0,0.06104,0.34,-0.01432,0.03,0.71248
1172,6,0.893,0.40648,0.893,-0.02432,0.297,1.0,0.037,0.69784
1173,4,0.836,0.32112,0.8,1.0,0.254,0.98536,0.03,0.6732
1174,,0.786,0.23576,0.7,0.91464,0.204,0.97072,0.03,0.65856
1175,,0.736,0.1504,0.6,0.82928,0.154,0.95608,0.03,0.64392
1176,,0.686,0.06504,0.5,0.74392,0.104,0.94144,0.03,0.62928
1177,,0.636,-0.02032,0.4,0.65856,0.054,0.9268,0.03,0.61464
1178,2,0.593,1.0,0.307,0.5732,-0.003,0.90216,0.023,0.6
1179,5,0.533,0.90764,0.207,0.49484,1.0,0.89452,0.023,0.57836
1180,,0.483,0.82228,0.107,0.40948,0.95,0.87988,0.023,0.56372
1181,,0.433,0.73692,0.007,0.32412,0.9,0.86524,0.023,0.54908
1182,,0.383,0.65156,-0.093,0.23876,0.85,0.8506,0.023,0.53444
1183,3,0.333,0.5732,1.0,0.1604,0.8,0.82896,0.013,0.5128
1184,,0.283,0.48784,0.9,0.07504,0.75,0.81432,0.013,0.49816
1185,,0.233,0.40248,0.8,-0.01032,0.7,0.79968,0.013,0.48352
1186,4,0.176,0.31712,0.707,1.0,0.657,0.78504,0.006,0.45888
1187,,0.126,0.23176,0.607,0.91464,0.607,0.7704,0.006,0.44424
1188,,0.076,0.1464,0.507,0.82928,0.557,0.75576,0.006,0.4296
1189,,0.026,0.06104,0.407,0.74392,0.507,0.74112,0.006,0.41496
1190,,-0.024,-0.02432,0.307,0.65856,0.457,0.72648,0.006,0.40032
1191,2,-0.067,1.0,0.214,0.5732,0.4,0.70184,-0.001,0.38568
1192,1,1.0,0.92164,0.114,0.48084,0.34,0.6802,-0.001,0.37804
1193,7,0.95,0.82928,0.004,0.38848,0.29,0.67256,1.0,0.3704
1194,,0.9,0.74392,-0.096,0.30312,0.24,0.65792,1.0,0.35576
1195,3,0.85,0.66556,1.0,0.22476,0.19,0.63628,0.99,0.33412
1196,,0.8,0.5802,0.9,0.1394,0.14,0.62164,0.99,0.31948
1197,,0.75,0.49484,0.8,0.05404,0.09,0.607,0.99,0.30484
1198,,0.7,0.40948,0.7,-0.03132,0.04,0.59236,0.99,0.2902
1199,4,0.643,0.32412,0.607,1.0,-0.003,0.57772,0.983,0.26556
1200,5,0.583,0.23176,0.507,0.92164,1.0,0.57008,0.983,0.24392
1201,,0.533,0.1464,0.407,0.83628,0.95,0.55544,0.983,0.22928
1202,,0.483,0.06104,0.307,0.75092,0.9,0.5408,0.983,0.21464
1203,,0.433,-0.02432,0.207,0.66556,0.85,0.52616,0.983,0.2
1204,2,0.39,1.0,0.114,0.5802,0.793,0.50152,0.976,0.18536
1205,,0.34,0.91464,0.014,0.49484,0.743,0.48688,0.976,0.17072
1206,,0.29,0.82928,-0.086,0.40948,0.693,0.47224,0.976,0.15608
1207,3,0.24,0.75092,1.0,0.33112,0.643,0.4506,0.966,0.13444
1208,,0.19,0.66556,0.9,0.24576,0.593,0.43596,0.966,0.1198
1209,,0.14,0.5802,0.8,0.1604,0.543,0.42132,0.966,0.10516
1210,,0.09,0.49484,0.7,0.07504,0.493,0.40668,0.966,0.09052
1211,,0.04,0.40948,0.6,-0.01032,0.443,0.39204,0.966,0.07588
1212,4,-0.017,0.32412,0.507,1.0,0.4,0.3774,0.959,0.05124
1213,1,1.0,0.24576,0.407,0.90764,0.34,0.35576,0.959,0.0436
1214,,0.95,0.1604,0.307,0.82228,0.29,0.34112,0.959,0.02896
1215,,0.9,0.07504,0.207,0.73692,0.24,0.32648,0.959,0.01432
1216,,0.85,-0.01032,0.107,0.65156,0.19,0.31184,0.959,-0.00032
1217,2,0.807,1.0,0.014,0.5662,0.133,0.2872,0.952,-0.01496
1218,8,0.764,0.91464,-0.093,0.47084,0.076,0.27256,0.959,1.0
1219,3,0.714,0.83628,1.0,0.39248,0.026,0.25092,0.949,0.97836
1220,,0.664,0.75092,0.9,0.30712,-0.024,0.23628,0.949,0.96372
1221,5,0.604,0.65856,0.8,0.22876,1.0,0.22864,0.949,0.94208
1222,,0.554,0.5732,0.7,0.1434,0.95,0.214,0.949,0.92744
1223,,0.504,0.48784,0.6,0.05804,0.9,0.19936,0.949,0.9128
1224,,0.454,0.40248,0.5,-0.02732,0.85,0.18472,0.949,0.89816
1225,4,0.397,0.31712,0.407,1.0,0.807,0.17008,0.942,0.87352
1226,,0.347,0.23176,0.307,0.91464,0.757,0.15544,0.942,0.85888
1227,,0.297,0.1464,0.207,0.82928,0.707,0.1408,0.942,0.84424
1228,,0.247,0.06104,0.107,0.74392,0.657,0.12616,0.942,0.8296
1229,,0.197,-0.02432,0.007,0.65856,0.607,0.11152,0.942,0.81496
1230,2,0.154,1.0,-0.086,0.5732,0.55,0.08688,0.935,0.80032
1231,3,0.104,0.92164,1.0,0.49484,0.5,0.06524,0.925,0.77868
1232,,0.054,0.83628,0.9,0.40948,0.45,0.0506,0.925,0.76404
1233,,0.004,0.75092,0.8,0.32412,0.4,0.03596,0.925,0.7494
1234,,-0.046,0.66556,0.7,0.23876,0.35,0.02132,0.925,0.73476
1235,1,1.0,0.5872,0.6,0.1464,0.29,-0.00032,0.925,0.72712
1236,6,0.943,0.49184,0.493,0.06104,0.247,1.0,0.932,0.71248
1237,,0.893,0.40648,0.393,-0.02432,0.197,0.98536,0.932,0.69784
1238,4,0.836,0.32112,0.3,1.0,0.154,0.97072,0.925,0.6732
1239,,0.786,0.23576,0.2,0.91464,0.104,0.95608,0.925,0.65856
1240,,0.736,0.1504,0.1,0.82928,0.054,0.94144,0.925,0.64392
1241,,0.686,0.06504,0.0,0.74392,0.004,0.9268,0.925,0.62928
1242,,0.636,-0.02032,-0.1,0.65856,-0.046,0.91216,0.925,0.61464
1243,3,0.586,-0.09868,1.0,0.5802,-0.096,0.89052,0.915,0.593
1244,2,0.543,1.0,0.907,0.49484,-0.153,0.86588,0.908,0.57836
1245,5,0.483,0.90764,0.807,0.41648,1.0,0.85824,0.908,0.55672
1246,,0.433,0.82228,0.707,0.33112,0.95,0.8436,0.908,0.54208
1247,,0.383,0.73692,0.607,0.24576,0.9,0.82896,0.908,0.52744
1248,,0.333,0.65156,0.507,0.1604,0.85,0.81432,0.908,0.5128
1249,,0.283,0.5662,0.407,0.07504,0.8,0.79968,0.908,0.49816
1250,,0.233,0.48084,0.307,-0.01032,0.75,0.78504,0.908,0.48352
1251,4,0.176,0.39548,0.214,1.0,0.707,0.7704,0.901,0.45888
1252,,0.126,0.31012,0.114,0.91464,0.657,0.75576,0.901,0.44424
1253,,0.076,0.22476,0.014,0.82928,0.607,0.74112,0.901,0.4296
1254,,0.026,0.1394,-0.086,0.74392,0.557,0.72648,0.901,0.41496
1255,3,-0.024,0.06104,1.0,0.66556,0.507,0.70484,0.891,0.39332
1256,1,1.0,-0.01732,0.9,0.5732,0.447,0.6832,0.891,0.38568
1257,2,0.957,1.0,0.807,0.48784,0.39,0.65856,0.884,0.37104
1258,,0.907,0.91464,0.707,0.40248,0.34,0.64392,0.884,0.3564
1259,,0.857,0.82928,0.607,0.31712,0.29,0.62928,0.884,0.34176
1260,,0.807,0.74392,0.507,0.23176,0.24,0.61464,0.884,0.32712
1261,,0.757,0.65856,0.407,0.1464,0.19,0.6,0.884,0.31248
1262,,0.707,0.5732,0.307,0.06104,0.14,0.58536,0.884,0.29784
1263,,0.657,0.48784,0.207,-0.02432,0.09,0.57072,0.884,0.2832
1264,4,0.6,0.40248,0.114,1.0,0.047,0.55608,0.877,0.25856
1265,,0.55,0.31712,0.014,0.91464,-0.003,0.54144,0.877,0.24392
1266,5,0.49,0.22476,-0.086,0.83628,1.0,0.5338,0.877,0.22228
1267,3,0.44,0.1464,1.0,0.75792,0.95,0.51216,0.867,0.20064
1268,,0.39,0.06104,0.9,0.67256,0.9,0.49752,0.867,0.186
1269,,0.34,-0.02432,0.8,0.5872,0.85,0.48288,0.867,0.17136
1270,2,0.297,1.0,0.707,0.50184,0.793,0.45824,0.86,0.15672
1271,,0.247,0.91464,0.607,0.41648,0.743,0.4436,0.86,0.14208
1272,,0.197,0.82928,0.507,0.33112,0.693,0.42896,0.86,0.12744
1273,,0.147,0.74392,0.407,0.24576,0.643,0.41432,0.86,0.1128
1274,,0.097,0.65856,0.307,0.1604,0.593,0.39968,0.86,0.09816
1275,,0.047,0.5732,0.207,0.07504,0.543,0.38504,0.86,0.08352
1276,,-0.003,0.48784,0.107,-0.01032,0.493,0.3704,0.86,0.06888
1277,4,-0.06,0.40248,0.014,1.0,0.45,0.35576,0.853,0.04424
1278,1,1.0,0.32412,-0.086,0.90764,0.39,0.33412,0.853,0.0366
1279,3,0.95,0.24576,1.0,0.82928,0.34,0.31248,0.843,0.01496
1280,,0.9,0.1604,0.9,0.74392,0.29,0.29784,0.843,0.00032
1281,,0.85,0.07504,0.8,0.65856,0.24,0.2832,0.843,-0.01432
1282,8,0.807,-0.01032,0.693,0.5632,0.183,0.26856,0.85,1.0
1283,2,0.764,1.0,0.6,0.47784,0.126,0.24392,0.843,0.98536
1284,,0.714,0.91464,0.5,0.39248,0.076,0.22928,0.843,0.97072
1285,,0.664,0.82928,0.4,0.30712,0.026,0.21464,0.843,0.95608
1286,,0.614,0.74392,0.3,0.22176,-0.024,0.2,0.843,0.94144
1287,5,0.554,0.65156,0.2,0.1434,1.0,0.19236,0.843,0.9198
1288,,0.504,0.5662,0.1,0.05804,0.95,0.17772,0.843,0.90516
1289,,0.454,0.48084,0.0,-0.02732,0.9,0.16308,0.843,0.89052
1290,4,0.397,0.39548,-0.093,1.0,0.857,0.14844,0.836,0.86588
1291,3,0.347,0.31712,1.0,0.92164,0.807,0.1268,0.826,0.84424
1292,,0.297,0.23176,0.9,0.83628,0.757,0.11216,0.826,0.8296
1293,,0.247,0.1464,0.8,0.75092,0.707,0.09752,0.826,0.81496
1294,,0.197,0.06104,0.7,0.66556,0.657,0.08288,0.826,0.80032
1295,,0.147,-0.02432,0.6,0.5802,0.607,0.06824,0.826,0.78568
1296,2,0.104,1.0,0.507,0.49484,0.55,0.0436,0.819,0.77104
1297,,0.054,0.91464,0.407,0.40948,0.5,0.02896,0.819,0.7564
1298,,0.004,0.82928,0.307,0.32412,0.45,0.01432,0.819,0.74176
1299,,-0.046,0.74392,0.207,0.23876,0.4,-0.00032,0.819,0.72712
1300,1,1.0,0.66556,0.107,0.1464,0.34,-0.02196,0.819,0.71948
1301,6,0.943,0.5702,-0.0,0.06104,0.297,1.0,0.826,0.70484
1302,,0.893,0.48484,-0.1,-0.02432,0.247,0.98536,0.826,0.6902
1303,3,0.843,0.40648,1.0,-0.10268,0.197,0.96372,0.816,0.66856
1304,4,0.786,0.32112,0.907,1.0,0.154,0.94908,0.809,0.64392
1305,,0.736,0.23576,0.807,0.91464,0.104,0.93444,0.809,0.62928
1306,,0.686,0.1504,0.707,0.82928,0.054,0.9198,0.809,0.61464
1307,,0.636,0.06504,0.607,0.74392,0.004,0.90516,0.809,0.6
1308,,0.586,-0.02032,0.507,0.65856,-0.046,0.89052,0.809,0.58536
1309,5,0.526,-0.11268,0.407,0.5802,1.0,0.88288,0.809,0.56372
1310,2,0.483,1.0,0.314,0.49484,0.943,0.85824,0.802,0.54908
1311,,0.433,0.91464,0.214,0.40948,0.893,0.8436,0.802,0.53444
1312,,0.383,0.82928,0.114,0.32412,0.843,0.82896,0.802,0.5198
1313,,0.333,0.74392,0.014,0.23876,0.793,0.81432,0.802,0.50516
1314,,0.283,0.65856,-0.086,0.1534,0.743,0.79968,0.802,0.49052
1315,3,0.233,0.5802,1.0,0.07504,0.693,0.77804,0.792,0.46888
1316,,0.183,0.49484,0.9,-0.01032,0.643,0.7634,0.792,0.45424
1317,4,0.126,0.40948,0.807,1.0,0.6,0.74876,0.785,0.4296
1318,,0.076,0.32412,0.707,0.91464,0.55,0.73412,0.785,0.41496
1319,,0.026,0.23876,0.607,0.82928,0.5,0.71948,0.785,0.40032
1320,,-0.024,0.1534,0.507,0.74392,0.45,0.70484,0.785,0.38568
1321,1,1.0,0.07504,0.407,0.65156,0.39,0.6832,0.785,0.37804
1322,,0.95,-0.01032,0.307,0.5662,0.34,0.66856,0.785,0.3634
1323,2,0.907,1.0,0.214,0.48084,0.283,0.64392,0.778,0.34876
1324,,0.857,0.91464,0.114,0.39548,0.233,0.62928,0.778,0.33412
1325,,0.807,0.82928,0.014,0.31012,0.183,0.61464,0.778,0.31948
1326,,0.757,0.74392,-0.086,0.22476,0.133,0.6,0.778,0.30484
1327,3,0.707,0.66556,1.0,0.1464,0.083,0.57836,0.768,0.2832
1328,,0.657,0.5802,0.9,0.06104,0.033,0.56372,0.768,0.26856
1329,,0.607,0.49484,0.8,-0.02432,-0.017,0.54908,0.768,0.25392
1330,4,0.55,0.40948,0.707,1.0,-0.06,0.53444,0.761,0.22928
1331,5,0.49,0.31712,0.607,0.92164,1.0,0.5268,0.761,0.20764
1332,,0.44,0.23176,0.507,0.83628,0.95,0.51216,0.761,0.193
1333,,0.39,0.1464,0.407,0.75092,0.9,0.49752,0.761,0.17836
1334,,0.34,0.06104,0.307,0.66556,0.85,0.48288,0.761,0.16372
1335,,0.29,-0.02432,0.207,0.5802,0.8,0.46824,0.761,0.14908
1336,2,0.247,1.0,0.114,0.49484,0.743,0.4436,0.754,0.13444
1337,,0.197,0.91464,0.014,0.40948,0.693,0.42896,0.754,0.1198
1338,,0.147,0.82928,-0.086,0.32412,0.643,0.41432,0.754,0.10516
1339,3,0.097,0.75092,1.0,0.24576,0.593,0.39268,0.744,0.08352
1340,,0.047,0.66556,0.9,0.1604,0.543,0.37804,0.744,0.06888
1341,,-0.003,0.5802,0.8,0.07504,0.493,0.3634,0.744,0.05424
1342,1,1.0,0.50184,0.7,-0.01732,0.433,0.34176,0.744,0.0466
1343,4,0.943,0.41648,0.607,1.0,0.39,0.32712,0.737,0.02196
1344,,0.893,0.33112,0.507,0.91464,0.34,0.31248,0.737,0.00732
1345,,0.843,0.24576,0.407,0.82928,0.29,0.29784,0.737,-0.00732
1346,8,0.8,0.1604,0.3,0.73392,0.233,0.2832,0.744,1.0
1347,,0.75,0.07504,0.2,0.64856,0.183,0.26856,0.744,0.98536
1348,,0.7,-0.01032,0.1,0.5632,0.133,0.25392,0.744,0.97072
1349,2,0.657,1.0,0.007,0.47784,0.076,0.22928,0.737,0.95608
1350,,0.607,0.91464,-0.093,0.39248,0.026,0.21464,0.737,0.94144
1351,3,0.557,0.83628,1.0,0.31412,-0.024,0.193,0.727,0.9198
1352,5,0.497,0.74392,0.9,0.23576,1.0,0.18536,0.727,0.89816
1353,,0.447,0.65856,0.8,0.1504,0.95,0.17072,0.727,0.88352
1354,,0.397,0.5732,0.7,0.06504,0.9,0.15608,0.727,0.86888
1355,,0.347,0.48784,0.6,-0.02032,0.85,0.14144,0.727,0.85424
1356,4,0.29,0.40248,0.507,1.0,0.807,0.1268,0.72,0.8296
1357,,0.24,0.31712,0.407,0.91464,0.757,0.11216,0.72,0.81496
1358,,0.19,0.23176,0.307,0.82928,0.707,0.09752,0.72,0.80032
1359,,0.14,0.1464,0.207,0.74392,0.657,0.08288,0.72,0.78568
1360,,0.09,0.06104,0.107,0.65856,0.607,0.06824,0.72,0.77104
1361,,0.04,-0.02432,0.007,0.5732,0.557,0.0536,0.72,0.7564
1362,2,-0.003,1.0,-0.086,0.48784,0.5,0.02896,0.713,0.74176
1363,3,-0.053,0.92164,1.0,0.40948,0.45,0.00732,0.703,0.72012
1364,1,1.0,0.84328,0.9,0.31712,0.39,-0.01432,0.703,0.71248
1365,6,0.943,0.74792,0.793,0.23176,0.347,1.0,0.71,0.69784
1366,,0.893,0.66256,0.693,0.1464,0.297,0.98536,0.71,0.6832
1367,,0.843,0.5772,0.593,0.06104,0.247,0.97072,0.71,0.66856
1368,,0.793,0.49184,0.493,-0.02432,0.197,0.95608,0.71,0.65392
1369,4,0.736,0.40648,0.4,1.0,0.154,0.94144,0.703,0.62928
1370,,0.686,0.32112,0.3,0.91464,0.104,0.9268,0.703,0.61464
1371,,0.636,0.23576,0.2,0.82928,0.054,0.91216,0.703,0.6
1372,,0.586,0.1504,0.1,0.74392,0.004,0.89752,0.703,0.58536
1373,,0.536,0.06504,0.0,0.65856,-0.046,0.88288,0.703,0.57072
1374,5,0.476,-0.02732,-0.1,0.5802,1.0,0.87524,0.703,0.54908
1375,3,0.426,-0.10568,1.0,0.50184,0.95,0.8536,0.693,0.52744
1376,2,0.383,1.0,0.907,0.41648,0.893,0.82896,0.686,0.5128
1377,,0.333,0.91464,0.807,0.33112,0.843,0.81432,0.686,0.49816
1378,,0.283,0.82928,0.707,0.24576,0.793,0.79968,0.686,0.48352
1379,,0.233,0.74392,0.607,0.1604,0.743,0.78504,0.686,0.46888
1380,,0.183,0.65856,0.507,0.07504,0.693,0.7704,0.686,0.45424
1381,,0.133,0.5732,0.407,-0.01032,0.643,0.75576,0.686,0.4396
1382,4,0.076,0.48784,0.314,1.0,0.6,0.74112,0.679,0.41496
1383,,0.026,0.40248,0.214,0.91464,0.55,0.72648,0.679,0.40032
1384,,-0.024,0.31712,0.114,0.82928,0.5,0.71184,0.679,0.38568
1385,1,1.0,0.23876,0.014,0.73692,0.44,0.6902,0.679,0.37804
1386,,0.95,0.1534,-0.086,0.65156,0.39,0.67556,0.679,0.3634
1387,3,0.9,0.07504,1.0,0.5732,0.34,0.65392,0.669,0.34176
1388,,0.85,-0.01032,0.9,0.48784,0.29,0.63928,0.669,0.32712
1389,2,0.807,1.0,0.807,0.40248,0.233,0.61464,0.662,0.31248
1390,,0.757,0.91464,0.707,0.31712,0.183,0.6,0.662,0.29784
1391,,0.707,0.82928,0.607,0.23176,0.133,0.58536,0.662,0.2832
1392,,0.657,0.74392,0.507,0.1464,0.083,0.57072,0.662,0.26856
1393,,0.607,0.65856,0.407,0.06104,0.033,0.55608,0.662,0.25392
1394,,0.557,0.5732,0.307,-0.02432,-0.017,0.54144,0.662,0.23928
1395,4,0.5,0.48784,0.214,1.0,-0.06,0.5268,0.655,0.21464
1396,5,0.44,0.39548,0.114,0.92164,1.0,0.51916,0.655,0.193
1397,,0.39,0.31012,0.014,0.83628,0.95,0.50452,0.655,0.17836
1398,,0.34,0.22476,-0.086,0.75092,0.9,0.48988,0.655,0.16372
1399,3,0.29,0.1464,1.0,0.67256,0.85,0.46824,0.645,0.14208
1400,,0.24,0.06104,0.9,0.5872,0.8,0.4536,0.645,0.12744
1401,,0.19,-0.02432,0.8,0.50184,0.75,0.43896,0.645,0.1128
1402,2,0.147,1.0,0.707,0.41648,0.693,0.41432,0.638,0.09816
1403,,0.097,0.91464,0.607,0.33112,0.643,0.39968,0.638,0.08352
1404,,0.047,0.82928,0.507,0.24576,0.593,0.38504,0.638,0.06888
1405,,-0.003,0.74392,0.407,0.1604,0.543,0.3704,0.638,0.05424
1406,1,1.0,0.66556,0.307,0.06804,0.483,0.34876,0.638,0.0466
1407,,0.95,0.5802,0.207,-0.01732,0.433,0.33412,0.638,0.03196
1408,4,0.893,0.49484,0.114,1.0,0.39,0.31948,0.631,0.00732
1409,,0.843,0.40948,0.014,0.91464,0.34,0.30484,0.631,-0.00732
1410,8,0.8,0.32412,-0.093,0.81928,0.283,0.2902,0.638,1.0
1411,3,0.75,0.24576,1.0,0.74092,0.233,0.26856,0.628,0.97836
1412,,0.7,0.1604,0.9,0.65556,0.183,0.25392,0.628,0.96372
1413,,0.65,0.07504,0.8,0.5702,0.133,0.23928,0.628,0.94908
1414,,0.6,-0.01032,0.7,0.48484,0.083,0.22464,0.628,0.93444
1415,2,0.557,1.0,0.607,0.39948,0.026,0.2,0.621,0.9198
1416,,0.507,0.91464,0.507,0.31412,-0.024,0.18536,0.621,0.90516
1417,5,0.447,0.82228,0.407,0.23576,1.0,0.17772,0.621,0.88352
1418,,0.397,0.73692,0.307,0.1504,0.95,0.16308,0.621,0.86888
1419,,0.347,0.65156,0.207,0.06504,0.9,0.14844,0.621,0.85424
1420,,0.297,0.5662,0.107,-0.02032,0.85,0.1338,0.621,0.8396
1421,4,0.24,0.48084,0.014,1.0,0.807,0.11916,0.614,0.81496
1422,,0.19,0.39548,-0.086,0.91464,0.757,0.10452,0.614,0.80032
1423,3,0.14,0.31712,1.0,0.83628,0.707,0.08288,0.604,0.77868
1424,,0.09,0.23176,0.9,0.75092,0.657,0.06824,0.604,0.76404
1425,,0.04,0.1464,0.8,0.66556,0.607,0.0536,0.604,0.7494
1426,,-0.01,0.06104,0.7,0.5802,0.557,0.03896,0.604,0.73476
1427,1,1.0,-0.01732,0.6,0.48784,0.497,0.01732,0.604,0.72712
1428,2,0.957,1.0,0.507,0.40248,0.44,-0.00732,0.597,0.71248
1429,6,0.9,0.90464,0.4,0.31712,0.397,1.0,0.604,0.69784
1430,,0.85,0.81928,0.3,0.23176,0.347,0.98536,0.604,0.6832
1431,,0.8,0.73392,0.2,0.1464,0.297,0.97072,0.604,0.66856
1432,,0.75,0.64856,0.1,0.06104,0.247,0.95608,0.604,0.65392
1433,,0.7,0.5632,0.0,-0.02432,0.197,0.94144,0.604,0.63928
1434,4,0.643,0.47784,-0.093,1.0,0.154,0.9268,0.597,0.61464
1435,3,0.593,0.39948,1.0,0.92164,0.104,0.90516,0.587,0.593
1436,,0.543,0.31412,0.9,0.83628,0.054,0.89052,0.587,0.57836
1437,,0.493,0.22876,0.8,0.75092,0.004,0.87588,0.587,0.56372
1438,,0.443,0.1434,0.7,0.66556,-0.046,0.86124,0.587,0.54908
1439,5,0.383,0.05104,0.6,0.5872,1.0,0.8536,0.587,0.52744
1440,,0.333,-0.03432,0.5,0.50184,0.95,0.83896,0.587,0.5128
1441,2,0.29,1.0,0.407,0.41648,0.893,0.81432,0.58,0.49816
1442,,0.24,0.91464,0.307,0.33112,0.843,0.79968,0.58,0.48352
1443,,0.19,0.82928,0.207,0.24576,0.793,0.78504,0.58,0.46888
1444,,0.14,0.74392,0.107,0.1604,0.743,0.7704,0.58,0.45424
1445,,0.09,0.65856,0.007,0.07504,0.693,0.75576,0.58,0.4396
1446,,0.04,0.5732,-0.093,-0.01032,0.643,0.74112,0.58,0.42496
1447,3,-0.01,0.49484,1.0,-0.08868,0.593,0.71948,0.57,0.40332
1448,4,-0.067,0.40948,0.907,1.0,0.55,0.70484,0.563,0.37868
1449,1,1.0,0.33112,0.807,0.90764,0.49,0.6832,0.563,0.37104
1450,,0.95,0.24576,0.707,0.82228,0.44,0.66856,0.563,0.3564
1451,,0.9,0.1604,0.607,0.73692,0.39,0.65392,0.563,0.34176
1452,,0.85,0.07504,0.507,0.65156,0.34,0.63928,0.563,0.32712
1453,,0.8,-0.01032,0.407,0.5662,0.29,0.62464,0.563,0.31248
1454,2,0.757,1.0,0.314,0.48084,0.233,0.6,0.556,0.29784
1455,,0.707,0.91464,0.214,0.39548,0.183,0.58536,0.556,0.2832
1456,,0.657,0.82928,0.114,0.31012,0.133,0.57072,0.556,0.26856
1457,,0.607,0.74392,0.014,0.22476,0.083,0.55608,0.556,0.25392
1458,,0.557,0.65856,-0.086,0.1394,0.033,0.54144,0.556,0.23928
1459,3,0.507,0.5802,1.0,0.06104,-0.017,0.5198,0.546,0.21764
1460,5,0.447,0.48784,0.9,-0.01732,1.0,0.51216,0.546,0.196
1461,4,0.39,0.40248,0.807,1.0,0.957,0.49752,0.539,0.17136
1462,,0.34,0.31712,0.707,0.91464,0.907,0.48288,0.539,0.15672
1463,,0.29,0.23176,0.607,0.82928,0.857,0.46824,0.539,0.14208
1464,,0.24,0.1464,0.507,0.74392,0.807,0.4536,0.539,0.12744
1465,,0.19,0.06104,0.407,0.65856,0.757,0.43896,0.539,0.1128
1466,,0.14,-0.02432,0.307,0.5732,0.707,0.42432,0.539,0.09816
1467,2,0.097,1.0,0.214,0.48784,0.65,0.39968,0.532,0.08352
1468,,0.047,0.91464,0.114,0.40248,0.6,0.38504,0.532,0.06888
1469,,-0.003,0.82928,0.014,0.31712,0.55,0.3704,0.532,0.05424
1470,1,1.0,0.75092,-0.086,0.22476,0.49,0.34876,0.532,0.0466
1471,3,0.95,0.67256,1.0,0.1464,0.44,0.32712,0.522,0.02496
1472,,0.9,0.5872,0.9,0.06104,0.39,0.31248,0.522,0.01032
1473,,0.85,0.50184,0.8,-0.02432,0.34,0.29784,0.522,-0.00432
1474,4,0.793,0.41648,0.707,1.0,0.297,0.2832,0.515,-0.02896
1475,8,0.75,0.33112,0.6,0.90464,0.24,0.26856,0.522,1.0
1476,,0.7,0.24576,0.5,0.81928,0.19,0.25392,0.522,0.98536
1477,,0.65,0.1604,0.4,0.73392,0.14,0.23928,0.522,0.97072
1478,,0.6,0.07504,0.3,0.64856,0.09,0.22464,0.522,0.95608
1479,,0.55,-0.01032,0.2,0.5632,0.04,0.21,0.522,0.94144
1480,2,0.507,1.0,0.107,0.47784,-0.017,0.18536,0.515,0.9268
1481,5,0.447,0.90764,0.007,0.39948,1.0,0.17772,0.515,0.90516
1482,,0.397,0.82228,-0.093,0.31412,0.95,0.16308,0.515,0.89052
1483,3,0.347,0.74392,1.0,0.23576,0.9,0.14144,0.505,0.86888
1484,,0.297,0.65856,0.9,0.1504,0.85,0.1268,0.505,0.85424
1485,,0.247,0.5732,0.8,0.06504,0.8,0.11216,0.505,0.8396
1486,,0.197,0.48784,0.7,-0.02032,0.75,0.09752,0.505,0.82496
1487,4,0.14,0.40248,0.607,1.0,0.707,0.08288,0.498,0.80032
1488,,0.09,0.31712,0.507,0.91464,0.657,0.06824,0.498,0.78568
1489,,0.04,0.23176,0.407,0.82928,0.607,0.0536,0.498,0.77104
1490,,-0.01,0.1464,0.307,0.74392,0.557,0.03896,0.498,0.7564
1491,1,1.0,0.06804,0.207,0.65156,0.497,0.01732,0.498,0.74876
1492,,0.95,-0.01732,0.107,0.5662,0.447,0.00268,0.498,0.73412
1493,2,0.907,1.0,0.014,0.48084,0.39,-0.02196,0.491,0.71948
1494,6,0.85,0.90464,-0.093,0.39548,0.347,1.0,0.498,0.70484
1495,3,0.8,0.82628,1.0,0.31712,0.297,0.97836,0.488,0.6832
1496,,0.75,0.74092,0.9,0.23176,0.247,0.96372,0.488,0.66856
1497,,0.7,0.65556,0.8,0.1464,0.197,0.94908,0.488,0.65392
1498,,0.65,0.5702,0.7,0.06104,0.147,0.93444,0.488,0.63928
1499,,0.6,0.48484,0.6,-0.02432,0.097,0.9198,0.488,0.62464
1500,4,0.543,0.39948,0.507,1.0,0.054,0.90516,0.481,0.6
1501,,0.493,0.31412,0.407,0.91464,0.004,0.89052,0.481,0.58536
1502,,0.443,0.22876,0.307,0.82928,-0.046,0.87588,0.481,0.57072
1503,5,0.383,0.1364,0.207,0.75092,1.0,0.86824,0.481,0.54908
1504,,0.333,0.05104,0.107,0.66556,0.95,0.8536,0.481,0.53444
1505,,0.283,-0.03432,0.007,0.5802,0.9,0.83896,0.481,0.5198
1506,2,0.24,1.0,-0.086,0.49484,0.843,0.81432,0.474,0.50516
1507,3,0.19,0.92164,1.0,0.41648,0.793,0.79268,0.464,0.48352
1508,,0.14,0.83628,0.9,0.33112,0.743,0.77804,0.464,0.46888
1509,,0.09,0.75092,0.8,0.24576,0.693,0.7634,0.464,0.45424
1510,,0.04,0.66556,0.7,0.1604,0.643,0.74876,0.464,0.4396
1511,,-0.01,0.5802,0.6,0.07504,0.593,0.73412,0.464,0.42496
1512,1,1.0,0.50184,0.5,-0.01732,0.533,0.71248,0.464,0.41732
1513,4,0.943,0.41648,0.407,1.0,0.49,0.69784,0.457,0.39268
1514,,0.893,0.33112,0.307,0.91464,0.44,0.6832,0.457,0.37804
1515,,0.843,0.24576,0.207,0.82928,0.39,0.66856,0.457,0.3634
1516,,0.793,0.1604,0.107,0.74392,0.34,0.65392,0.457,0.34876
1517,,0.743,0.07504,0.007,0.65856,0.29,0.63928,0.457,0.33412
1518,,0.693,-0.01032,-0.093,0.5732,0.24,0.62464,0.457,0.31948
1519,3,0.643,-0.08868,1.0,0.49484,0.19,0.603,0.447,0.29784
1520,2,0.6,1.0,0.907,0.40948,0.133,0.57836,0.44,0.2832
1521,,0.55,0.91464,0.807,0.32412,0.083,0.56372,0.44,0.26856
1522,,0.5,0.82928,0.707,0.23876,0.033,0.54908,0.44,0.25392
1523,,0.45,0.74392,0.607,0.1534,-0.017,0.53444,0.44,0.23928
1524,5,0.39,0.65156,0.507,0.07504,1.0,0.5268,0.44,0.21764
1525,,0.34,0.5662,0.407,-0.01032,0.95,0.51216,0.44,0.203
1526,4,0.283,0.48084,0.314,1.0,0.907,0.49752,0.433,0.17836
1527,,0.233,0.39548,0.214,0.91464,0.857,0.48288,0.433,0.16372
1528,,0.183,0.31012,0.114,0.82928,0.807,0.46824,0.433,0.14908
1529,,0.133,0.22476,0.014,0.74392,0.757,0.4536,0.433,0.13444
1530,,0.083,0.1394,-0.086,0.65856,0.707,0.43896,0.433,0.1198
1531,3,0.033,0.06104,1.0,0.5802,0.657,0.41732,0.423,0.09816
1532,,-0.017,-0.02432,0.9,0.49484,0.607,0.40268,0.423,0.08352
1533,2,-0.06,1.0,0.807,0.40948,0.55,0.37804,0.416,0.06888
1534,1,1.0,0.92164,0.707,0.31712,0.49,0.3564,0.416,0.06124
1535,,0.95,0.83628,0.607,0.23176,0.44,0.34176,0.416,0.0466
1536,,0.9,0.75092,0.507,0.1464,0.39,0.32712,0.416,0.03196
1537,,0.85,0.66556,0.407,0.06104,0.34,0.31248,0.416,0.01732
1538,,0.8,0.5802,0.307,-0.02432,0.29,0.29784,0.416,0.00268
1539,4,0.743,0.49484,0.214,1.0,0.247,0.2832,0.409,-0.02196
1540,8,0.7,0.40948,0.107,0.90464,0.19,0.26856,0.416,1.0
1541,,0.65,0.32412,0.007,0.81928,0.14,0.25392,0.416,0.98536
1542,,0.6,0.23876,-0.093,0.73392,0.09,0.23928,0.416,0.97072
1543,3,0.55,0.1604,1.0,0.65556,0.04,0.21764,0.406,0.94908
1544,,0.5,0.07504,0.9,0.5702,-0.01,0.203,0.406,0.93444
1545,5,0.44,-0.01732,0.8,0.49184,1.0,0.19536,0.406,0.9128
1546,2,0.397,1.0,0.707,0.40648,0.943,0.17072,0.399,0.89816
1547,,0.347,0.91464,0.607,0.32112,0.893,0.15608,0.399,0.88352
1548,,0.297,0.82928,0.507,0.23576,0.843,0.14144,0.399,0.86888
1549,,0.247,0.74392,0.407,0.1504,0.793,0.1268,0.399,0.85424
1550,,0.197,0.65856,0.307,0.06504,0.743,0.11216,0.399,0.8396
1551,,0.147,0.5732,0.207,-0.02032,0.693,0.09752,0.399,0.82496
1552,4,0.09,0.48784,0.114,1.0,0.65,0.08288,0.392,0.80032
1553,,0.04,0.40248,0.014,0.91464,0.6,0.06824,0.392,0.78568
1554,,-0.01,0.31712,-0.086,0.82928,0.55,0.0536,0.392,0.77104
1555,3,-0.06,0.23876,1.0,0.75092,0.5,0.03196,0.382,0.7494
1556,1,1.0,0.1604,0.9,0.65856,0.44,0.01032,0.382,0.74176
1557,,0.95,0.07504,0.8,0.5732,0.39,-0.00432,0.382,0.72712
1558,6,0.893,-0.02032,0.693,0.48784,0.347,1.0,0.389,0.71248
1559,2,0.85,1.0,0.6,0.40248,0.29,0.97536,0.382,0.69784
1560,,0.8,0.91464,0.5,0.31712,0.24,0.96072,0.382,0.6832
1561,,0.75,0.82928,0.4,0.23176,0.19,0.94608,0.382,0.66856
1562,,0.7,0.74392,0.3,0.1464,0.14,0.93144,0.382,0.65392
1563,,0.65,0.65856,0.2,0.06104,0.09,0.9168,0.382,0.63928
1564,,0.6,0.5732,0.1,-0.02432,0.04,0.90216,0.382,0.62464
1565,4,0.543,0.48784,0.007,1.0,-0.003,0.88752,0.375,0.6
1566,5,0.483,0.39548,-0.093,0.92164,1.0,0.87988,0.375,0.57836
1567,3,0.433,0.31712,1.0,0.84328,0.95,0.85824,0.365,0.55672
1568,,0.383,0.23176,0.9,0.75792,0.9,0.8436,0.365,0.54208
1569,,0.333,0.1464,0.8,0.67256,0.85,0.82896,0.365,0.52744
1570,,0.283,0.06104,0.7,0.5872,0.8,0.81432,0.365,0.5128
1571,,0.233,-0.02432,0.6,0.50184,0.75,0.79968,0.365,0.49816
1572,2,0.19,1.0,0.507,0.41648,0.693,0.77504,0.358,0.48352
1573,,0.14,0.91464,0.407,0.33112,0.643,0.7604,0.358,0.46888
1574,,0.09,0.82928,0.307,0.24576,0.593,0.74576,0.358,0.45424
1575,,0.04,0.74392,0.207,0.1604,0.543,0.73112,0.358,0.4396
1576,,-0.01,0.65856,0.107,0.07504,0.493,0.71648,0.358,0.42496
1577,1,1.0,0.5802,0.007,-0.01732,0.433,0.69484,0.358,0.41732
1578,4,0.943,0.49484,-0.086,1.0,0.39,0.6802,0.351,0.39268
1579,3,0.893,0.41648,1.0,0.92164,0.34,0.65856,0.341,0.37104
1580,,0.843,0.33112,0.9,0.83628,0.29,0.64392,0.341,0.3564
1581,,0.793,0.24576,0.8,0.75092,0.24,0.62928,0.341,0.34176
1582,,0.743,0.1604,0.7,0.66556,0.19,0.61464,0.341,0.32712
1583,,0.693,0.07504,0.6,0.5802,0.14,0.6,0.341,0.31248
1584,,0.643,-0.01032,0.5,0.49484,0.09,0.58536,0.341,0.29784
1585,2,0.6,1.0,0.407,0.40948,0.033,0.56072,0.334,0.2832
1586,,0.55,0.91464,0.307,0.32412,-0.017,0.54608,0.334,0.26856
1587,5,0.49,0.82228,0.207,0.24576,1.0,0.53844,0.334,0.24692
1588,,0.44,0.73692,0.107,0.1604,0.95,0.5238,0.334,0.23228
1589,,0.39,0.65156,0.007,0.07504,0.9,0.50916,0.334,0.21764
1590,,0.34,0.5662,-0.093,-0.01032,0.85,0.49452,0.334,0.203
1591,3,0.29,0.48784,1.0,-0.08868,0.8,0.47288,0.324,0.18136
1592,4,0.233,0.40248,0.907,1.0,0.757,0.45824,0.317,0.15672
1593,,0.183,0.31712,0.807,0.91464,0.707,0.4436,0.317,0.14208
1594,,0.133,0.23176,0.707,0.82928,0.657,0.42896,0.317,0.12744
1595,,0.083,0.1464,0.607,0.74392,0.607,0.41432,0.317,0.1128
1596,,0.033,0.06104,0.507,0.65856,0.557,0.39968,0.317,0.09816
1597,,-0.017,-0.02432,0.407,0.5732,0.507,0.38504,0.317,0.08352
1598,2,-0.06,1.0,0.314,0.48784,0.45,0.3604,0.31,0.06888
1599,1,1.0,0.92164,0.214,0.39548,0.39,0.33876,0.31,0.06124
1600,,0.95,0.83628,0.114,0.31012,0.34,0.32412,0.31,0.0466
1601,,0.9,0.75092,0.014,0.22476,0.29,0.30948,0.31,0.03196
1602,,0.85,0.66556,-0.086,0.1394,0.24,0.29484,0.31,0.01732
1603,3,0.8,0.5872,1.0,0.06104,0.19,0.2732,0.3,-0.00432
1604,8,0.757,0.50184,0.893,-0.03432,0.133,0.25856,0.307,1.0
1605,4,0.7,0.41648,0.8,1.0,0.09,0.24392,0.3,0.97536
1606,,0.65,0.33112,0.7,0.91464,0.04,0.22928,0.3,0.96072
1607,,0.6,0.24576,0.6,0.82928,-0.01,0.21464,0.3,0.94608
1608,5,0.54,0.1534,0.5,0.75092,1.0,0.207,0.3,0.92444
1609,,0.49,0.06804,0.4,0.66556,0.95,0.19236,0.3,0.9098
1610,,0.44,-0.01732,0.3,0.5802,0.9,0.17772,0.3,0.89516
1611,2,0.397,1.0,0.207,0.49484,0.843,0.15308,0.293,0.88052
1612,,0.347,0.91464,0.107,0.40948,0.793,0.13844,0.293,0.86588
1613,,0.297,0.82928,0.007,0.32412,0.743,0.1238,0.293,0.85124
1614,,0.247,0.74392,-0.093,0.23876,0.693,0.10916,0.293,0.8366
1615,3,0.197,0.66556,1.0,0.1604,0.643,0.08752,0.283,0.81496
1616,,0.147,0.5802,0.9,0.07504,0.593,0.07288,0.283,0.80032
1617,,0.097,0.49484,0.8,-0.01032,0.543,0.05824,0.283,0.78568
1618,4,0.04,0.40948,0.707,1.0,0.5,0.0436,0.276,0.76104
1619,,-0.01,0.32412,0.607,0.91464,0.45,0.02896,0.276,0.7464
1620,1,1.0,0.24576,0.507,0.82228,0.39,0.00732,0.276,0.73876
1621,,0.95,0.1604,0.407,0.73692,0.34,-0.00732,0.276,0.72412
1622,6,0.893,0.06504,0.3,0.65156,0.297,1.0,0.283,0.70948
1623,,0.843,-0.02032,0.2,0.5662,0.247,0.98536,0.283,0.69484
1624,2,0.8,1.0,0.107,0.48084,0.19,0.96072,0.276,0.6802
1625,,0.75,0.91464,0.007,0.39548,0.14,0.94608,0.276,0.66556
1626,,0.7,0.82928,-0.093,0.31012,0.09,0.93144,0.276,0.65092
1627,3,0.65,0.75092,1.0,0.23176,0.04,0.9098,0.266,0.62928
1628,,0.6,0.66556,0.9,0.1464,-0.01,0.89516,0.266,0.61464
1629,5,0.54,0.5732,0.8,0.06804,1.0,0.88752,0.266,0.593
1630,,0.49,0.48784,0.7,-0.01732,0.95,0.87288,0.266,0.57836
1631,4,0.433,0.40248,0.607,1.0,0.907,0.85824,0.259,0.55372
1632,,0.383,0.31712,0.507,0.91464,0.857,0.8436,0.259,0.53908
1633,,0.333,0.23176,0.407,0.82928,0.807,0.82896,0.259,0.52444
1634,,0.283,0.1464,0.307,0.74392,0.757,0.81432,0.259,0.5098
1635,,0.233,0.06104,0.207,0.65856,0.707,0.79968,0.259,0.49516
1636,,0.183,-0.02432,0.107,0.5732,0.657,0.78504,0.259,0.48052
1637,2,0.14,1.0,0.014,0.48784,0.6,0.7604,0.252,0.46588
1638,,0.09,0.91464,-0.086,0.40248,0.55,0.74576,0.252,0.45124
1639,3,0.04,0.83628,1.0,0.32412,0.5,0.72412,0.242,0.4296
1640,,-0.01,0.75092,0.9,0.23876,0.45,0.70948,0.242,0.41496
1641,1,1.0,0.67256,0.8,0.1464,0.39,0.68784,0.242,0.40732
1642,,0.95,0.5872,0.7,0.06104,0.34,0.6732,0.242,0.39268
1643,,0.9,0.50184,0.6,-0.02432,0.29,0.65856,0.242,0.37804
1644,4,0.843,0.41648,0.507,1.0,0.247,0.64392,0.235,0.3534
1645,,0.793,0.33112,0.407,0.91464,0.197,0.62928,0.235,0.33876
1646,,0.743,0.24576,0.307,0.82928,0.147,0.61464,0.235,0.32412
1647,,0.693,0.1604,0.207,0.74392,0.097,0.6,0.235,0.30948
1648,,0.643,0.07504,0.107,0.65856,0.047,0.58536,0.235,0.29484
1649,,0.593,-0.01032,0.007,0.5732,-0.003,0.57072,0.235,0.2802
1650,2,0.55,1.0,-0.086,0.48784,-0.06,0.54608,0.228,0.26556
1651,3,0.5,0.92164,1.0,0.40948,-0.11,0.52444,0.218,0.24392
1652,5,0.44,0.82928,0.9,0.33112,1.0,0.5168,0.218,0.22228
1653,,0.39,0.74392,0.8,0.24576,0.95,0.50216,0.218,0.20764
1654,,0.34,0.65856,0.7,0.1604,0.9,0.48752,0.218,0.193
1655,,0.29,0.5732,0.6,0.07504,0.85,0.47288,0.218,0.17836
1656,,0.24,0.48784,0.5,-0.01032,0.8,0.45824,0.218,0.16372
1657,4,0.183,0.40248,0.407,1.0,0.757,0.4436,0.211,0.13908
1658,,0.133,0.31712,0.307,0.91464,0.707,0.42896,0.211,0.12444
1659,,0.083,0.23176,0.207,0.82928,0.657,0.41432,0.211,0.1098
1660,,0.033,0.1464,0.107,0.74392,0.607,0.39968,0.211,0.09516
1661,,-0.017,0.06104,0.007,0.65856,0.557,0.38504,0.211,0.08052
1662,1,1.0,-0.01732,-0.093,0.5662,0.497,0.3634,0.211,0.07288
1663,3,0.95,-0.09568,1.0,0.48784,0.447,0.34176,0.201,0.05124
1664,2,0.907,1.0,0.907,0.40248,0.39,0.31712,0.194,0.0366
1665,,0.857,0.91464,0.807,0.31712,0.34,0.30248,0.194,0.02196
1666,,0.807,0.82928,0.707,0.23176,0.29,0.28784,0.194,0.00732
1667,,0.757,0.74392,0.607,0.1464,0.24,0.2732,0.194,-0.00732
1668,8,0.714,0.65856,0.5,0.05104,0.183,0.25856,0.201,1.0
1669,,0.664,0.5732,0.4,-0.03432,0.133,0.24392,0.201,0.98536
1670,4,0.607,0.48784,0.307,1.0,0.09,0.22928,0.194,0.96072
1671,,0.557,0.40248,0.207,0.91464,0.04,0.21464,0.194,0.94608
1672,,0.507,0.31712,0.107,0.82928,-0.01,0.2,0.194,0.93144
1673,5,0.447,0.22476,0.007,0.75092,1.0,0.19236,0.194,0.9098
1674,,0.397,0.1394,-0.093,0.66556,0.95,0.17772,0.194,0.89516
1675,3,0.347,0.06104,1.0,0.5872,0.9,0.15608,0.184,0.87352
1676,,0.297,-0.02432,0.9,0.50184,0.85,0.14144,0.184,0.85888
1677,2,0.254,1.0,0.807,0.41648,0.793,0.1168,0.177,0.84424
1678,,0.204,0.91464,0.707,0.33112,0.743,0.10216,0.177,0.8296
1679,,0.154,0.82928,0.607,0.24576,0.693,0.08752,0.177,0.81496
1680,,0.104,0.74392,0.507,0.1604,0.643,0.07288,0.177,0.80032
1681,,0.054,0.65856,0.407,0.07504,0.593,0.05824,0.177,0.78568
1682,,0.004,0.5732,0.307,-0.01032,0.543,0.0436,0.177,0.77104
1683,4,-0.053,0.48784,0.214,1.0,0.5,0.02896,0.17,0.7464
1684,1,1.0,0.40948,0.114,0.90764,0.44,0.00732,0.17,0.73876
1685,,0.95,0.32412,0.014,0.82228,0.39,-0.00732,0.17,0.72412
1686,6,0.893,0.22876,-0.093,0.73692,0.347,1.0,0.177,0.70948
1687,3,0.843,0.1504,1.0,0.65856,0.297,0.97836,0.167,0.68784
1688,,0.793,0.06504,0.9,0.5732,0.247,0.96372,0.167,0.6732
1689,,0.743,-0.02032,0.8,0.48784,0.197,0.94908,0.167,0.65856
1690,2,0.7,1.0,0.707,0.40248,0.14,0.92444,0.16,0.64392
1691,,0.65,0.91464,0.607,0.31712,0.09,0.9098,0.16,0.62928
1692,,0.6,0.82928,0.507,0.23176,0.04,0.89516,0.16,0.61464
1693,,0.55,0.74392,0.407,0.1464,-0.01,0.88052,0.16,0.6
1694,5,0.49,0.65156,0.307,0.06804,1.0,0.87288,0.16,0.57836
1695,,0.44,0.5662,0.207,-0.01732,0.95,0.85824,0.16,0.56372
1696,4,0.383,0.48084,0.114,1.0,0.907,0.8436,0.153,0.53908
1697,,0.333,0.39548,0.014,0.91464,0.857,0.82896,0.153,0.52444
1698,,0.283,0.31012,-0.086,0.82928,0.807,0.81432,0.153,0.5098
1699,3,0.233,0.23176,1.0,0.75092,0.757,0.79268,0.143,0.48816
1700,,0.183,0.1464,0.9,0.66556,0.707,0.77804,0.143,0.47352
1701,,0.133,0.06104,0.8,0.5802,0.657,0.7634,0.143,0.45888
1702,,0.083,-0.02432,0.7,0.49484,0.607,0.74876,0.143,0.44424
1703,2,0.04,1.0,0.607,0.40948,0.55,0.72412,0.136,0.4296
1704,,-0.01,0.91464,0.507,0.32412,0.5,0.70948,0.136,0.41496
1705,1,1.0,0.83628,0.407,0.23176,0.44,0.68784,0.136,0.40732
1706,,0.95,0.75092,0.307,0.1464,0.39,0.6732,0.136,0.39268
1707,,0.9,0.66556,0.207,0.06104,0.34,0.65856,0.136,0.37804
1708,,0.85,0.5802,0.107,-0.02432,0.29,0.64392,0.136,0.3634
1709,4,0.793,0.49484,0.014,1.0,0.247,0.62928,0.129,0.33876
1710,,0.743,0.40948,-0.086,0.91464,0.197,0.61464,0.129,0.32412
1711,3,0.693,0.33112,1.0,0.83628,0.147,0.593,0.119,0.30248
1712,,0.643,0.24576,0.9,0.75092,0.097,0.57836,0.119,0.28784
1713,,0.593,0.1604,0.8,0.66556,0.047,0.56372,0.119,0.2732
1714,,0.543,0.07504,0.7,0.5802,-0.003,0.54908,0.119,0.25856
1715,5,0.483,-0.01732,0.6,0.50184,1.0,0.54144,0.119,0.23692
1716,2,0.44,1.0,0.507,0.41648,0.943,0.5168,0.112,0.22228
1717,,0.39,0.91464,0.407,0.33112,0.893,0.50216,0.112,0.20764
1718,,0.34,0.82928,0.307,0.24576,0.843,0.48752,0.112,0.193
1719,,0.29,0.74392,0.207,0.1604,0.793,0.47288,0.112,0.17836
1720,,0.24,0.65856,0.107,0.07504,0.743,0.45824,0.112,0.16372
1721,,0.19,0.5732,0.007,-0.01032,0.693,0.4436,0.112,0.14908
1722,4,0.133,0.48784,-0.086,1.0,0.65,0.42896,0.105,0.12444
1723,3,0.083,0.40948,1.0,0.92164,0.6,0.40732,0.095,0.1028
1724,,0.033,0.32412,0.9,0.83628,0.55,0.39268,0.095,0.08816
1725,,-0.017,0.23876,0.8,0.75092,0.5,0.37804,0.095,0.07352
1726,1,1.0,0.1604,0.7,0.65856,0.44,0.3564,0.095,0.06588
1727,,0.95,0.07504,0.6,0.5732,0.39,0.34176,0.095,0.05124
1728,,0.9,-0.01032,0.5,0.48784,0.34,0.32712,0.095,0.0366
1729,2,0.857,1.0,0.407,0.40248,0.283,0.30248,0.088,0.02196
1730,,0.807,0.91464,0.307,0.31712,0.233,0.28784,0.088,0.00732
1731,,0.757,0.82928,0.207,0.23176,0.183,0.2732,0.088,-0.00732
1732,8,0.714,0.74392,0.1,0.1364,0.126,0.25856,0.095,1.0
1733,,0.664,0.65856,0.0,0.05104,0.076,0.24392,0.095,0.98536
1734,,0.614,0.5732,-0.1,-0.03432,0.026,0.22928,0.095,0.97072
1735,3,0.564,0.49484,1.0,-0.11268,-0.024,0.20764,0.085,0.94908
1736,4,0.507,0.40948,0.907,1.0,-0.067,0.193,0.078,0.92444
1737,5,0.447,0.31712,0.807,0.92164,1.0,0.18536,0.078,0.9028
1738,,0.397,0.23176,0.707,0.83628,0.95,0.17072,0.078,0.88816
1739,,0.347,0.1464,0.607,0.75092,0.9,0.15608,0.078,0.87352
1740,,0.297,0.06104,0.507,0.66556,0.85,0.14144,0.078,0.85888
1741,,0.247,-0.02432,0.407,0.5802,0.8,0.1268,0.078,0.84424
1742,2,0.204,1.0,0.314,0.49484,0.743,0.10216,0.071,0.8296
1743,,0.154,0.91464,0.214,0.40948,0.693,0.08752,0.071,0.81496
1744,,0.104,0.82928,0.114,0.32412,0.643,0.07288,0.071,0.80032
1745,,0.054,0.74392,0.014,0.23876,0.593,0.05824,0.071,0.78568
1746,,0.004,0.65856,-0.086,0.1534,0.543,0.0436,0.071,0.77104
1747,3,-0.046,0.5802,1.0,0.07504,0.493,0.02196,0.061,0.7494
1748,1,1.0,0.50184,0.9,-0.01732,0.433,0.00032,0.061,0.74176
1749,4,0.943,0.41648,0.807,1.0,0.39,-0.01432,0.054,0.71712
1750,6,0.886,0.32112,0.7,0.91464,0.347,1.0,0.061,0.70248
1751,,0.836,0.23576,0.6,0.82928,0.297,0.98536,0.061,0.68784
1752,,0.786,0.1504,0.5,0.74392,0.247,0.97072,0.061,0.6732
1753,,0.736,0.06504,0.4,0.65856,0.197,0.95608,0.061,0.65856
1754,,0.686,-0.02032,0.3,0.5732,0.147,0.94144,0.061,0.64392
1755,2,0.643,1.0,0.207,0.48784,0.09,0.9168,0.054,0.62928
1756,,0.593,0.91464,0.107,0.40248,0.04,0.90216,0.054,0.61464
1757,,0.543,0.82928,0.007,0.31712,-0.01,0.88752,0.054,0.6
1758,5,0.483,0.73692,-0.093,0.23876,1.0,0.87988,0.054,0.57836
1759,3,0.433,0.65856,1.0,0.1604,0.95,0.85824,0.044,0.55672
1760,,0.383,0.5732,0.9,0.07504,0.9,0.8436,0.044,0.54208
1761,,0.333,0.48784,0.8,-0.01032,0.85,0.82896,0.044,0.52744
1762,4,0.276,0.40248,0.707,1.0,0.807,0.81432,0.037,0.5028
1763,,0.226,0.31712,0.607,0.91464,0.757,0.79968,0.037,0.48816
1764,,0.176,0.23176,0.507,0.82928,0.707,0.78504,0.037,0.47352
1765,,0.126,0.1464,0.407,0.74392,0.657,0.7704,0.037,0.45888
1766,,0.076,0.06104,0.307,0.65856,0.607,0.75576,0.037,0.44424
1767,,0.026,-0.02432,0.207,0.5732,0.557,0.74112,0.037,0.4296
1768,2,-0.017,1.0,0.114,0.48784,0.5,0.71648,0.03,0.41496
1769,1,1.0,0.92164,0.014,0.39548,0.44,0.69484,0.03,0.40732
1770,,0.95,0.83628,-0.086,0.31012,0.39,0.6802,0.03,0.39268
1771,3,0.9,0.75792,1.0,0.23176,0.34,0.65856,0.02,0.37104
1772,,0.85,0.67256,0.9,0.1464,0.29,0.64392,0.02,0.3564
1773,,0.8,0.5872,0.8,0.06104,0.24,0.62928,0.02,0.34176
1774,,0.75,0.50184,0.7,-0.02432,0.19,0.61464,0.02,0.32712
1775,4,0.693,0.41648,0.607,1.0,0.147,0.6,0.013,0.30248
1776,,0.643,0.33112,0.507,0.91464,0.097,0.58536,0.013,0.28784
1777,,0.593,0.24576,0.407,0.82928,0.047,0.57072,0.013,0.2732
1778,,0.543,0.1604,0.307,0.74392,-0.003,0.55608,0.013,0.25856
1779,5,0.483,0.06804,0.207,0.66556,1.0,0.54844,0.013,0.23692
1780,,0.433,-0.01732,0.107,0.5802,0.95,0.5338,0.013,0.22228
1781,2,0.39,1.0,0.014,0.49484,0.893,0.50916,0.006,0.20764
1782,,0.34,0.91464,-0.086,0.40948,0.843,0.49452,0.006,0.193
1783,3,0.29,0.83628,1.0,0.33112,0.793,0.47288,-0.004,0.17136
1784,7,0.24,0.74392,0.89,0.23876,0.743,0.46524,1.0,0.16372
1785,,0.19,0.65856,0.79,0.1534,0.693,0.4506,1.0,0.14908
1786,,0.14,0.5732,0.69,0.06804,0.643,0.43596,1.0,0.13444
1787,,0.09,0.48784,0.59,-0.01732,0.593,0.42132,1.0,0.1198
1788,4,0.033,0.40248,0.497,1.0,0.55,0.40668,0.993,0.09516
1789,,-0.017,0.31712,0.397,0.91464,0.5,0.39204,0.993,0.08052
1790,1,1.0,0.23876,0.297,0.82228,0.44,0.3704,0.993,0.07288
1791,,0.95,0.1534,0.197,0.73692,0.39,0.35576,0.993,0.05824
1792,,0.9,0.06804,0.097,0.65156,0.34,0.34112,0.993,0.0436
1793,,0.85,-0.01732,-0.003,0.5662,0.29,0.32648,0.993,0.02896
1794,2,0.807,1.0,-0.096,0.48084,0.233,0.30184,0.986,0.01432
1795,3,0.757,0.92164,1.0,0.40248,0.183,0.2802,0.976,-0.00732
1796,8,0.714,0.83628,0.893,0.30712,0.126,0.26556,0.983,1.0
1797,,0.664,0.75092,0.793,0.22176,0.076,0.25092,0.983,0.98536
1798,,0.614,0.66556,0.693,0.1364,0.026,0.23628,0.983,0.97072
1799,,0.564,0.5802,0.593,0.05104,-0.024,0.22164,0.983,0.95608
1800,5,0.504,0.48784,0.493,-0.02732,1.0,0.214,0.983,0.93444
1801,4,0.447,0.40248,0.4,1.0,0.957,0.19936,0.976,0.9098
1802,,0.397,0.31712,0.3,0.91464,0.907,0.18472,0.976,0.89516
1803,,0.347,0.23176,0.2,0.82928,0.857,0.17008,0.976,0.88052
1804,,0.297,0.1464,0.1,0.74392,0.807,0.15544,0.976,0.86588
1805,,0.247,0.06104,0.0,0.65856,0.757,0.1408,0.976,0.85124
1806,,0.197,-0.02432,-0.1,0.5732,0.707,0.12616,0.976,0.8366
1807,3,0.147,-0.10268,1.0,0.49484,0.657,0.10452,0.966,0.81496
1808,2,0.104,1.0,0.907,0.40948,0.6,0.07988,0.959,0.80032
1809,,0.054,0.91464,0.807,0.32412,0.55,0.06524,0.959,0.78568
1810,,0.004,0.82928,0.707,0.23876,0.5,0.0506,0.959,0.77104
1811,,-0.046,0.74392,0.607,0.1534,0.45,0.03596,0.959,0.7564
1812,1,1.0,0.66556,0.507,0.06104,0.39,0.01432,0.959,0.74876
1813,,0.95,0.5802,0.407,-0.02432,0.34,-0.00032,0.959,0.73412
1814,4,0.893,0.49484,0.314,1.0,0.297,-0.01496,0.952,0.70948
1815,6,0.836,0.39948,0.207,0.91464,0.254,1.0,0.959,0.69484
1816,,0.786,0.31412,0.107,0.82928,0.204,0.98536,0.959,0.6802
1817,,0.736,0.22876,0.007,0.74392,0.154,0.97072,0.959,0.66556
1818,,0.686,0.1434,-0.093,0.65856,0.104,0.95608,0.959,0.65092
1819,3,0.636,0.06504,1.0,0.5802,0.054,0.93444,0.949,0.62928
1820,,0.586,-0.02032,0.9,0.49484,0.004,0.9198,0.949,0.61464
1821,2,0.543,1.0,0.807,0.40948,-0.053,0.89516,0.942,0.6
1822,5,0.483,0.90764,0.707,0.33112,1.0,0.88752,0.942,0.57836
1823,,0.433,0.82228,0.607,0.24576,0.95,0.87288,0.942,0.56372
1824,,0.383,0.73692,0.507,0.1604,0.9,0.85824,0.942,0.54908
1825,,0.333,0.65156,0.407,0.07504,0.85,0.8436,0.942,0.53444
1826,,0.283,0.5662,0.307,-0.01032,0.8,0.82896,0.942,0.5198
1827,4,0.226,0.48084,0.214,1.0,0.757,0.81432,0.935,0.49516
1828,,0.176,0.39548,0.114,0.91464,0.707,0.79968,0.935,0.48052
1829,,0.126,0.31012,0.014,0.82928,0.657,0.78504,0.935,0.46588
1830,,0.076,0.22476,-0.086,0.74392,0.607,0.7704,0.935,0.45124
1831,3,0.026,0.1464,1.0,0.66556,0.557,0.74876,0.925,0.4296
1832,,-0.024,0.06104,0.9,0.5802,0.507,0.73412,0.925,0.41496
1833,1,1.0,-0.01732,0.8,0.48784,0.447,0.71248,0.925,0.40732
1834,2,0.957,1.0,0.707,0.40248,0.39,0.68784,0.918,0.39268
1835,,0.907,0.91464,0.607,0.31712,0.34,0.6732,0.918,0.37804
1836,,0.857,0.82928,0.507,0.23176,0.29,0.65856,0.918,0.3634
1837,,0.807,0.74392,0.407,0.1464,0.24,0.64392,0.918,0.34876
1838,,0.757,0.65856,0.307,0.06104,0.19,0.62928,0.918,0.33412
1839,,0.707,0.5732,0.207,-0.02432,0.14,0.61464,0.918,0.31948
1840,4,0.65,0.48784,0.114,1.0,0.097,0.6,0.911,0.29484
1841,,0.6,0.40248,0.014,0.91464,0.047,0.58536,0.911,0.2802
1842,,0.55,0.31712,-0.086,0.82928,-0.003,0.57072,0.911,0.26556
1843,3,0.5,0.23876,1.0,0.75092,-0.053,0.54908,0.901,0.24392
1844,5,0.44,0.1464,0.9,0.67256,1.0,0.54144,0.901,0.22228
1845,,0.39,0.06104,0.8,0.5872,0.95,0.5268,0.901,0.20764
1846,,0.34,-0.02432,0.7,0.50184,0.9,0.51216,0.901,0.193
1847,2,0.297,1.0,0.607,0.41648,0.843,0.48752,0.894,0.17836
1848,,0.247,0.91464,0.507,0.33112,0.793,0.47288,0.894,0.16372
1849,,0.197,0.82928,0.407,0.24576,0.743,0.45824,0.894,0.14908
1850,,0.147,0.74392,0.307,0.1604,0.693,0.4436,0.894,0.13444
1851,,0.097,0.65856,0.207,0.07504,0.643,0.42896,0.894,0.1198
1852,,0.047,0.5732,0.107,-0.01032,0.593,0.41432,0.894,0.10516
1853,4,-0.01,0.48784,0.014,1.0,0.55,0.39968,0.887,0.08052
1854,1,1.0,0.40948,-0.086,0.90764,0.49,0.37804,0.887,0.07288
1855,3,0.95,0.33112,1.0,0.82928,0.44,0.3564,0.877,0.05124
1856,,0.9,0.24576,0.9,0.74392,0.39,0.34176,0.877,0.0366
1857,,0.85,0.1604,0.8,0.65856,0.34,0.32712,0.877,0.02196
1858,,0.8,0.07504,0.7,0.5732,0.29,0.31248,0.877,0.00732
1859,,0.75,-0.01032,0.6,0.48784,0.24,0.29784,0.877,-0.00732
1860,2,0.707,1.0,0.507,0.40248,0.183,0.2732,0.87,-0.02196
1861,8,0.664,0.91464,0.4,0.30712,0.126,0.25856,0.877,1.0
1862,,0.614,0.82928,0.3,0.22176,0.076,0.24392,0.877,0.98536
1863,,0.564,0.74392,0.2,0.1364,0.026,0.22928,0.877,0.97072
1864,,0.514,0.65856,0.1,0.05104,-0.024,0.21464,0.877,0.95608
1865,5,0.454,0.5662,0.0,-0.02732,1.0,0.207,0.877,0.93444
1866,4,0.397,0.48084,-0.093,1.0,0.957,0.19236,0.87,0.9098
1867,3,0.347,0.40248,1.0,0.92164,0.907,0.17072,0.86,0.88816
1868,,0.297,0.31712,0.9,0.83628,0.857,0.15608,0.86,0.87352
1869,,0.247,0.23176,0.8,0.75092,0.807,0.14144,0.86,0.85888
1870,,0.197,0.1464,0.7,0.66556,0.757,0.1268,0.86,0.84424
1871,,0.147,0.06104,0.6,0.5802,0.707,0.11216,0.86,0.8296
1872,,0.097,-0.02432,0.5,0.49484,0.657,0.09752,0.86,0.81496
1873,2,0.054,1.0,0.407,0.40948,0.6,0.07288,0.853,0.80032
1874,,0.004,0.91464,0.307,0.32412,0.55,0.05824,0.853,0.78568
1875,,-0.046,0.82928,0.207,0.23876,0.5,0.0436,0.853,0.77104
1876,1,1.0,0.75092,0.107,0.1464,0.44,0.02196,0.853,0.7634
1877,,0.95,0.66556,0.007,0.06104,0.39,0.00732,0.853,0.74876
1878,,0.9,0.5802,-0.093,-0.02432,0.34,-0.00732,0.853,0.73412
1879,3,0.85,0.50184,1.0,-0.10268,0.29,-0.02896,0.843,0.71248
1880,4,0.793,0.41648,0.907,1.0,0.247,-0.0436,0.836,0.68784
1881,6,0.736,0.32112,0.8,0.91464,0.204,1.0,0.843,0.6732
1882,,0.686,0.23576,0.7,0.82928,0.154,0.98536,0.843,0.65856
1883,,0.636,0.1504,0.6,0.74392,0.104,0.97072,0.843,0.64392
1884,,0.586,0.06504,0.5,0.65856,0.054,0.95608,0.843,0.62928
1885,,0.536,-0.02032,0.4,0.5732,0.004,0.94144,0.843,0.61464
1886,2,0.493,1.0,0.307,0.48784,-0.053,0.9168,0.836,0.6
1887,5,0.433,0.90764,0.207,0.40948,1.0,0.90916,0.836,0.57836
1888,,0.383,0.82228,0.107,0.32412,0.95,0.89452,0.836,0.56372
1889,,0.333,0.73692,0.007,0.23876,0.9,0.87988,0.836,0.54908
1890,,0.283,0.65156,-0.093,0.1534,0.85,0.86524,0.836,0.53444
1891,3,0.233,0.5732,1.0,0.07504,0.8,0.8436,0.826,0.5128
1892,,0.183,0.48784,0.9,-0.01032,0.75,0.82896,0.826,0.49816
1893,4,0.126,0.40248,0.807,1.0,0.707,0.81432,0.819,0.47352
1894,,0.076,0.31712,0.707,0.91464,0.657,0.79968,0.819,0.45888
1895,,0.026,0.23176,0.607,0.82928,0.607,0.78504,0.819,0.44424
1896,,-0.024,0.1464,0.507,0.74392,0.557,0.7704,0.819,0.4296
1897,1,1.0,0.06804,0.407,0.65156,0.497,0.74876,0.819,0.42196
1898,,0.95,-0.01732,0.307,0.5662,0.447,0.73412,0.819,0.40732
1899,2,0.907,1.0,0.214,0.48084,0.39,0.70948,0.812,0.39268
1900,,0.857,0.91464,0.114,0.39548,0.34,0.69484,0.812,0.37804
1901,,0.807,0.82928,0.014,0.31012,0.29,0.6802,0.812,0.3634
1902,,0.757,0.74392,-0.086,0.22476,0.24,0.66556,0.812,0.34876
1903,3,0.707,0.66556,1.0,0.1464,0.19,0.64392,0.802,0.32712
1904,,0.657,0.5802,0.9,0.06104,0.14,0.62928,0.802,0.31248
1905,,0.607,0.49484,0.8,-0.02432,0.09,0.61464,0.802,0.29784
1906,4,0.55,0.40948,0.707,1.0,0.047,0.6,0.795,0.2732
1907,,0.5,0.32412,0.607,0.91464,-0.003,0.58536,0.795,0.25856
1908,5,0.44,0.23176,0.507,0.83628,1.0,0.57772,0.795,0.23692
1909,,0.39,0.1464,0.407,0.75092,0.95,0.56308,0.795,0.22228
1910,,0.34,0.06104,0.307,0.66556,0.9,0.54844,0.795,0.20764
1911,,0.29,-0.02432,0.207,0.5802,0.85,0.5338,0.795,0.193
1912,2,0.247,1.0,0.114,0.49484,0.793,0.50916,0.788,0.17836
1913,,0.197,0.91464,0.014,0.40948,0.743,0.49452,0.788,0.16372
1914,,0.147,0.82928,-0.086,0.32412,0.693,0.47988,0.788,0.14908
1915,3,0.097,0.75092,1.0,0.24576,0.643,0.45824,0.778,0.12744
1916,,0.047,0.66556,0.9,0.1604,0.593,0.4436,0.778,0.1128
1917,,-0.003,0.5802,0.8,0.07504,0.543,0.42896,0.778,0.09816
1918,1,1.0,0.50184,0.7,-0.01732,0.483,0.40732,0.778,0.09052
1919,4,0.943,0.41648,0.607,1.0,0.44,0.39268,0.771,0.06588
1920,,0.893,0.33112,0.507,0.91464,0.39,0.37804,0.771,0.05124
1921,,0.843,0.24576,0.407,0.82928,0.34,0.3634,0.771,0.0366
1922,,0.793,0.1604,0.307,0.74392,0.29,0.34876,0.771,0.02196
1923,,0.743,0.07504,0.207,0.65856,0.24,0.33412,0.771,0.00732
1924,,0.693,-0.01032,0.107,0.5732,0.19,0.31948,0.771,-0.00732
1925,2,0.65,1.0,0.014,0.48784,0.133,0.29484,0.764,-0.02196
1926,8,0.607,0.91464,-0.093,0.39248,0.076,0.2802,0.771,1.0
1927,3,0.557,0.83628,1.0,0.31412,0.026,0.25856,0.761,0.97836
1928,,0.507,0.75092,0.9,0.22876,-0.024,0.24392,0.761,0.96372
1929,5,0.447,0.65856,0.8,0.1504,1.0,0.23628,0.761,0.94208
1930,,0.397,0.5732,0.7,0.06504,0.95,0.22164,0.761,0.92744
1931,,0.347,0.48784,0.6,-0.02032,0.9,0.207,0.761,0.9128
1932,4,0.29,0.40248,0.507,1.0,0.857,0.19236,0.754,0.88816
1933,,0.24,0.31712,0.407,0.91464,0.807,0.17772,0.754,0.87352
1934,,0.19,0.23176,0.307,0.82928,0.757,0.16308,0.754,0.85888
1935,,0.14,0.1464,0.207,0.74392,0.707,0.14844,0.754,0.84424
1936,,0.09,0.06104,0.107,0.65856,0.657,0.1338,0.754,0.8296
1937,,0.04,-0.02432,0.007,0.5732,0.607,0.11916,0.754,0.81496
1938,2,-0.003,1.0,-0.086,0.48784,0.55,0.09452,0.747,0.80032
1939,3,-0.053,0.92164,1.0,0.40948,0.5,0.07288,0.737,0.77868
1940,1,1.0,0.84328,0.9,0.31712,0.44,0.05124,0.737,0.77104
1941,,0.95,0.75792,0.8,0.23176,0.39,0.0366,0.737,0.7564
1942,,0.9,0.67256,0.7,0.1464,0.34,0.02196,0.737,0.74176
1943,,0.85,0.5872,0.6,0.06104,0.29,0.00732,0.737,0.72712
1944,,0.8,0.50184,0.5,-0.02432,0.24,-0.00732,0.737,0.71248
1945,4,0.743,0.41648,0.407,1.0,0.197,-0.02196,0.73,0.68784
1946,6,0.686,0.32112,0.3,0.91464,0.154,1.0,0.737,0.6732
1947,,0.636,0.23576,0.2,0.82928,0.104,0.98536,0.737,0.65856
1948,,0.586,0.1504,0.1,0.74392,0.054,0.97072,0.737,0.64392
1949,,0.536,0.06504,0.0,0.65856,0.004,0.95608,0.737,0.62928
1950,,0.486,-0.02032,-0.1,0.5732,-0.046,0.94144,0.737,0.61464
1951,3,0.436,-0.09868,1.0,0.49484,-0.096,0.9198,0.727,0.593
1952,2,0.393,1.0,0.907,0.40948,-0.153,0.89516,0.72,0.57836
1953,5,0.333,0.90764,0.807,0.33112,1.0,0.88752,0.72,0.55672
1954,,0.283,0.82228,0.707,0.24576,0.95,0.87288,0.72,0.54208
1955,,0.233,0.73692,0.607,0.1604,0.9,0.85824,0.72,0.52744
1956,,0.183,0.65156,0.507,0.07504,0.85,0.8436,0.72,0.5128
1957,,0.133,0.5662,0.407,-0.01032,0.8,0.82896,0.72,0.49816
1958,4,0.076,0.48084,0.314,1.0,0.757,0.81432,0.713,0.47352
1959,,0.026,0.39548,0.214,0.91464,0.707,0.79968,0.713,0.45888
1960,,-0.024,0.31012,0.114,0.82928,0.657,0.78504,0.713,0.44424
1961,1,1.0,0.23176,0.014,0.73692,0.597,0.7634,0.713,0.4366
1962,,0.95,0.1464,-0.086,0.65156,0.547,0.74876,0.713,0.42196
1963,3,0.9,0.06804,1.0,0.5732,0.497,0.72712,0.703,0.40032
1964,,0.85,-0.01732,0.9,0.48784,0.447,0.71248,0.703,0.38568
1965,2,0.807,1.0,0.807,0.40248,0.39,0.68784,0.696,0.37104
1966,,0.757,0.91464,0.707,0.31712,0.34,0.6732,0.696,0.3564
1967,,0.707,0.82928,0.607,0.23176,0.29,0.65856,0.696,0.34176
1968,,0.657,0.74392,0.507,0.1464,0.24,0.64392,0.696,0.32712
1969,,0.607,0.65856,0.407,0.06104,0.19,0.62928,0.696,0.31248
1970,,0.557,0.5732,0.307,-0.02432,0.14,0.61464,0.696,0.29784
1971,4,0.5,0.48784,0.214,1.0,0.097,0.6,0.689,0.2732
1972,,0.45,0.40248,0.114,0.91464,0.047,0.58536,0.689,0.25856
1973,,0.4,0.31712,0.014,0.82928,-0.003,0.57072,0.689,0.24392
1974,5,0.34,0.22476,-0.086,0.75092,1.0,0.56308,0.689,0.22228
1975,3,0.29,0.1464,1.0,0.67256,0.95,0.54144,0.679,0.20064
1976,,0.24,0.06104,0.9,0.5872,0.9,0.5268,0.679,0.186
1977,,0.19,-0.02432,0.8,0.50184,0.85,0.51216,0.679,0.17136
1978,2,0.147,1.0,0.707,0.41648,0.793,0.48752,0.672,0.15672
1979,,0.097,0.91464,0.607,0.33112,0.743,0.47288,0.672,0.14208
1980,,0.047,0.82928,0.507,0.24576,0.693,0.45824,0.672,0.12744
1981,,-0.003,0.74392,0.407,0.1604,0.643,0.4436,0.672,0.1128
1982,1,1.0,0.66556,0.307,0.06804,0.583,0.42196,0.672,0.10516
1983,,0.95,0.5802,0.207,-0.01732,0.533,0.40732,0.672,0.09052
1984,4,0.893,0.49484,0.114,1.0,0.49,0.39268,0.665,0.06588
1985,,0.843,0.40948,0.014,0.91464,0.44,0.37804,0.665,0.05124
1986,,0.793,0.32412,-0.086,0.82928,0.39,0.3634,0.665,0.0366
1987,3,0.743,0.24576,1.0,0.75092,0.34,0.34176,0.655,0.01496
1988,,0.693,0.1604,0.9,0.66556,0.29,0.32712,0.655,0.00032
1989,,0.643,0.07504,0.8,0.5802,0.24,0.31248,0.655,-0.01432
1990,8,0.6,-0.01032,0.693,0.48484,0.183,0.29784,0.662,1.0
1991,2,0.557,1.0,0.6,0.39948,0.126,0.2732,0.655,0.98536
1992,,0.507,0.91464,0.5,0.31412,0.076,0.25856,0.655,0.97072
1993,,0.457,0.82928,0.4,0.22876,0.026,0.24392,0.655,0.95608
1994,,0.407,0.74392,0.3,0.1434,-0.024,0.22928,0.655,0.94144
1995,5,0.347,0.65156,0.2,0.06504,1.0,0.22164,0.655,0.9198
1996,,0.297,0.5662,0.1,-0.02032,0.95,0.207,0.655,0.90516
1997,4,0.24,0.48084,0.007,1.0,0.907,0.19236,0.648,0.88052
1998,,0.19,0.39548,-0.093,0.91464,0.857,0.17772,0.648,0.86588
1999,3,0.14,0.31712,1.0,0.83628,0.807,0.15608,0.638,0.84424
2000,,0.09,0.23176,0.9,0.75092,0.757,0.14144,0.638,0.8296
2001,,0.04,0.1464,0.8,0.66556,0.707,0.1268,0.638,0.81496
2002,,-0.01,0.06104,0.7,0.5802,0.657,0.11216,0.638,0.80032
2003,1,1.0,-0.01732,0.6,0.48784,0.597,0.09052,0.638,0.79268
2004,2,0.957,1.0,0.507,0.40248,0.54,0.06588,0.631,0.77804
2005,,0.907,0.91464,0.407,0.31712,0.49,0.05124,0.631,0.7634
2006,,0.857,0.82928,0.307,0.23176,0.44,0.0366,0.631,0.74876
2007,,0.807,0.74392,0.207,0.1464,0.39,0.02196,0.631,0.73412
2008,,0.757,0.65856,0.107,0.06104,0.34,0.00732,0.631,0.71948
2009,,0.707,0.5732,0.007,-0.02432,0.29,-0.00732,0.631,0.70484
2010,4,0.65,0.48784,-0.086,1.0,0.247,-0.02196,0.624,0.6802
2011,3,0.6,0.40948,1.0,0.92164,0.197,-0.0436,0.614,0.65856
2012,6,0.543,0.31412,0.893,0.83628,0.154,1.0,0.621,0.64392
2013,,0.493,0.22876,0.793,0.75092,0.104,0.98536,0.621,0.62928
2014,,0.443,0.1434,0.693,0.66556,0.054,0.97072,0.621,0.61464
2015,,0.393,0.05804,0.593,0.5802,0.004,0.95608,0.621,0.6
2016,,0.343,-0.02732,0.493,0.49484,-0.046,0.94144,0.621,0.58536
2017,5,0.283,-0.11968,0.393,0.41648,1.0,0.9338,0.621,0.56372
2018,2,0.24,1.0,0.3,0.33112,0.943,0.90916,0.614,0.54908
2019,,0.19,0.91464,0.2,0.24576,0.893,0.89452,0.614,0.53444
2020,,0.14,0.82928,0.1,0.1604,0.843,0.87988,0.614,0.5198
2021,,0.09,0.74392,0.0,0.07504,0.793,0.86524,0.614,0.50516
2022,,0.04,0.65856,-0.1,-0.01032,0.743,0.8506,0.614,0.49052
2023,3,-0.01,0.5802,1.0,-0.08868,0.693,0.82896,0.604,0.46888
2024,4,-0.067,0.49484,0.907,1.0,0.65,0.81432,0.597,0.44424
2025,1,1.0,0.41648,0.807,0.90764,0.59,0.79268,0.597,0.4366
2026,,0.95,0.33112,0.707,0.82228,0.54,0.77804,0.597,0.42196
2027,,0.9,0.24576,0.607,0.73692,0.49,0.7634,0.597,0.40732
2028,,0.85,0.1604,0.507,0.65156,0.44,0.74876,0.597,0.39268
2029,,0.8,0.07504,0.407,0.5662,0.39,0.73412,0.597,0.37804
2030,,0.75,-0.01032,0.307,0.48084,0.34,0.71948,0.597,0.3634
2031,2,0.707,1.0,0.214,0.39548,0.283,0.69484,0.59,0.34876
2032,,0.657,0.91464,0.114,0.31012,0.233,0.6802,0.59,0.33412
2033,,0.607,0.82928,0.014,0.22476,0.183,0.66556,0.59,0.31948
2034,,0.557,0.74392,-0.086,0.1394,0.133,0.65092,0.59,0.30484
2035,3,0.507,0.66556,1.0,0.06104,0.083,0.62928,0.58,0.2832
2036,,0.457,0.5802,0.9,-0.02432,0.033,0.61464,0.58,0.26856
2037,4,0.4,0.49484,0.807,1.0,-0.01,0.6,0.573,0.24392
2038,5,0.34,0.40248,0.707,0.92164,1.0,0.59236,0.573,0.22228
2039,,0.29,0.31712,0.607,0.83628,0.95,0.57772,0.573,0.20764
2040,,0.24,0.23176,0.507,0.75092,0.9,0.56308,0.573,0.193
2041,,0.19,0.1464,0.407,0.66556,0.85,0.54844,0.573,0.17836
2042,,0.14,0.06104,0.307,0.5802,0.8,0.5338,0.573,0.16372
2043,,0.09,-0.02432,0.207,0.49484,0.75,0.51916,0.573,0.14908
2044,2,0.047,1.0,0.114,0.40948,0.693,0.49452,0.566,0.13444
2045,,-0.003,0.91464,0.014,0.32412,0.643,0.47988,0.566,0.1198
2046,1,1.0,0.83628,-0.086,0.23176,0.583,0.45824,0.566,0.11216
2047,3,0.95,0.75792,1.0,0.1534,0.533,0.4366,0.556,0.09052
2048,,0.9,0.67256,0.9,0.06804,0.483,0.42196,0.556,0.07588
2049,,0.85,0.5872,0.8,-0.01732,0.433,0.40732,0.556,0.06124
2050,4,0.793,0.50184,0.707,1.0,0.39,0.39268,0.549,0.0366
2051,,0.743,0.41648,0.607,0.91464,0.34,0.37804,0.549,0.02196
2052,,0.693,0.33112,0.507,0.82928,0.29,0.3634,0.549,0.00732
2053,,0.643,0.24576,0.407,0.74392,0.24,0.34876,0.549,-0.00732
2054,8,0.6,0.1604,0.3,0.64856,0.183,0.33412,0.556,1.0
2055,,0.55,0.07504,0.2,0.5632,0.133,0.31948,0.556,0.98536
2056,,0.5,-0.01032,0.1,0.47784,0.083,0.30484,0.556,0.97072
2057,2,0.457,1.0,0.007,0.39248,0.026,0.2802,0.549,0.95608
2058,,0.407,0.91464,-0.093,0.30712,-0.024,0.26556,0.549,0.94144
2059,3,0.357,0.83628,1.0,0.22876,-0.074,0.24392,0.539,0.9198
2060,5,0.297,0.74392,0.9,0.1504,1.0,0.23628,0.539,0.89816
2061,,0.247,0.65856,0.8,0.06504,0.95,0.22164,0.539,0.88352
2062,,0.197,0.5732,0.7,-0.02032,0.9,0.207,0.539,0.86888
2063,4,0.14,0.48784,0.607,1.0,0.857,0.19236,0.532,0.84424
2064,,0.09,0.40248,0.507,0.91464,0.807,0.17772,0.532,0.8296
2065,,0.04,0.31712,0.407,0.82928,0.757,0.16308,0.532,0.81496
2066,,-0.01,0.23176,0.307,0.74392,0.707,0.14844,0.532,0.80032
2067,1,1.0,0.1534,0.207,0.65156,0.647,0.1268,0.532,0.79268
2068,,0.95,0.06804,0.107,0.5662,0.597,0.11216,0.532,0.77804
2069,,0.9,-0.01732,0.007,0.48084,0.547,0.09752,0.532,0.7634
2070,2,0.857,1.0,-0.086,0.39548,0.49,0.07288,0.525,0.74876
2071,3,0.807,0.92164,1.0,0.31712,0.44,0.05124,0.515,0.72712
2072,,0.757,0.83628,0.9,0.23176,0.39,0.0366,0.515,0.71248
2073,,0.707,0.75092,0.8,0.1464,0.34,0.02196,0.515,0.69784
2074,,0.657,0.66556,0.7,0.06104,0.29,0.00732,0.515,0.6832
2075,,0.607,0.5802,0.6,-0.02432,0.24,-0.00732,0.515,0.66856
2076,4,0.55,0.49484,0.507,1.0,0.197,-0.02196,0.508,0.64392
2077,6,0.493,0.39948,0.4,0.91464,0.154,1.0,0.515,0.62928
2078,,0.443,0.31412,0.3,0.82928,0.104,0.98536,0.515,0.61464
2079,,0.393,0.22876,0.2,0.74392,0.054,0.97072,0.515,0.6
2080,,0.343,0.1434,0.1,0.65856,0.004,0.95608,0.515,0.58536
2081,,0.293,0.05804,0.0,0.5732,-0.046,0.94144,0.515,0.57072
2082,5,0.233,-0.03432,-0.1,0.49484,1.0,0.9338,0.515,0.54908
2083,3,0.183,-0.11268,1.0,0.41648,0.95,0.91216,0.505,0.52744
2084,2,0.14,1.0,0.907,0.33112,0.893,0.88752,0.498,0.5128
2085,,0.09,0.91464,0.807,0.24576,0.843,0.87288,0.498,0.49816
2086,,0.04,0.82928,0.707,0.1604,0.793,0.85824,0.498,0.48352
2087,,-0.01,0.74392,0.607,0.07504,0.743,0.8436,0.498,0.46888
2088,1,1.0,0.66556,0.507,-0.01732,0.683,0.82196,0.498,0.46124
2089,4,0.943,0.5802,0.414,1.0,0.64,0.80732,0.491,0.4366
2090,,0.893,0.49484,0.314,0.91464,0.59,0.79268,0.491,0.42196
2091,,0.843,0.40948,0.214,0.82928,0.54,0.77804,0.491,0.40732
2092,,0.793,0.32412,0.114,0.74392,0.49,0.7634,0.491,0.39268
2093,,0.743,0.23876,0.014,0.65856,0.44,0.74876,0.491,0.37804
2094,,0.693,0.1534,-0.086,0.5732,0.39,0.73412,0.491,0.3634
2095,3,0.643,0.07504,1.0,0.49484,0.34,0.71248,0.481,0.34176
2096,,0.593,-0.01032,0.9,0.40948,0.29,0.69784,0.481,0.32712
2097,2,0.55,1.0,0.807,0.32412,0.233,0.6732,0.474,0.31248
2098,,0.5,0.91464,0.707,0.23876,0.183,0.65856,0.474,0.29784
2099,,0.45,0.82928,0.607,0.1534,0.133,0.64392,0.474,0.2832
2100,,0.4,0.74392,0.507,0.06804,0.083,0.62928,0.474,0.26856
2101,,0.35,0.65856,0.407,-0.01732,0.033,0.61464,0.474,0.25392
2102,4,0.293,0.5732,0.314,1.0,-0.01,0.6,0.467,0.22928
2103,5,0.233,0.48084,0.214,0.92164,1.0,0.59236,0.467,0.20764
2104,,0.183,0.39548,0.114,0.83628,0.95,0.57772,0.467,0.193
2105,,0.133,0.31012,0.014,0.75092,0.9,0.56308,0.467,0.17836
2106,,0.083,0.22476,-0.086,0.66556,0.85,0.54844,0.467,0.16372
2107,3,0.033,0.1464,1.0,0.5872,0.8,0.5268,0.457,0.14208
2108,,-0.017,0.06104,0.9,0.50184,0.75,0.51216,0.457,0.12744
2109,1,1.0,-0.01732,0.8,0.40948,0.69,0.49052,0.457,0.1198
2110,2,0.957,1.0,0.707,0.32412,0.633,0.46588,0.45,0.10516
2111,,0.907,0.91464,0.607,0.23876,0.583,0.45124,0.45,0.09052
2112,,0.857,0.82928,0.507,0.1534,0.533,0.4366,0.45,0.07588
2113,,0.807,0.74392,0.407,0.06804,0.483,0.42196,0.45,0.06124
2114,,0.757,0.65856,0.307,-0.01732,0.433,0.40732,0.45,0.0466
2115,4,0.7,0.5732,0.214,1.0,0.39,0.39268,0.443,0.02196
2116,,0.65,0.48784,0.114,0.91464,0.34,0.37804,0.443,0.00732
2117,,0.6,0.40248,0.014,0.82928,0.29,0.3634,0.443,-0.00732
2118,8,0.557,0.31712,-0.093,0.73392,0.233,0.34876,0.45,1.0
2119,3,0.507,0.23876,1.0,0.65556,0.183,0.32712,0.44,0.97836
2120,,0.457,0.1534,0.9,0.5702,0.133,0.31248,0.44,0.96372
2121,,0.407,0.06804,0.8,0.48484,0.083,0.29784,0.44,0.94908
2122,,0.357,-0.01732,0.7,0.39948,0.033,0.2832,0.44,0.93444
2123,2,0.314,1.0,0.607,0.31412,-0.024,0.25856,0.433,0.9198
2124,5,0.254,0.90764,0.507,0.23576,1.0,0.25092,0.433,0.89816
2125,,0.204,0.82228,0.407,0.1504,0.95,0.23628,0.433,0.88352
2126,,0.154,0.73692,0.307,0.06504,0.9,0.22164,0.433,0.86888
2127,,0.104,0.65156,0.207,-0.02032,0.85,0.207,0.433,0.85424
2128,4,0.047,0.5662,0.114,1.0,0.807,0.19236,0.426,0.8296
2129,,-0.003,0.48084,0.014,0.91464,0.757,0.17772,0.426,0.81496
2130,1,1.0,0.40248,-0.086,0.82228,0.697,0.15608,0.426,0.80732
2131,3,0.95,0.32412,1.0,0.74392,0.647,0.13444,0.416,0.78568
2132,,0.9,0.23876,0.9,0.65856,0.597,0.1198,0.416,0.77104
2133,,0.85,0.1534,0.8,0.5732,0.547,0.10516,0.416,0.7564
2134,,0.8,0.06804,0.7,0.48784,0.497,0.09052,0.416,0.74176
2135,,0.75,-0.01732,0.6,0.40248,0.447,0.07588,0.416,0.72712
2136,2,0.707,1.0,0.507,0.31712,0.39,0.05124,0.409,0.71248
2137,,0.657,0.91464,0.407,0.23176,0.34,0.0366,0.409,0.69784
2138,,0.607,0.82928,0.307,0.1464,0.29,0.02196,0.409,0.6832
2139,,0.557,0.74392,0.207,0.06104,0.24,0.00732,0.409,0.66856
2140,,0.507,0.65856,0.107,-0.02432,0.19,-0.00732,0.409,0.65392
2141,4,0.45,0.5732,0.014,1.0,0.147,-0.02196,0.402,0.62928
2142,6,0.393,0.47784,-0.093,0.91464,0.104,1.0,0.409,0.61464
2143,3,0.343,0.39948,1.0,0.83628,0.054,0.97836,0.399,0.593
2144,,0.293,0.31412,0.9,0.75092,0.004,0.96372,0.399,0.57836
2145,,0.243,0.22876,0.8,0.66556,-0.046,0.94908,0.399,0.56372
2146,5,0.183,0.1364,0.7,0.5872,1.0,0.94144,0.399,0.54208
2147,,0.133,0.05104,0.6,0.50184,0.95,0.9268,0.399,0.52744
2148,,0.083,-0.03432,0.5,0.41648,0.9,0.91216,0.399,0.5128
2149,2,0.04,1.0,0.407,0.33112,0.843,0.88752,0.392,0.49816
2150,,-0.01,0.91464,0.307,0.24576,0.793,0.87288,0.392,0.48352
2151,1,1.0,0.83628,0.207,0.1534,0.733,0.85124,0.392,0.47588
2152,,0.95,0.75092,0.107,0.06804,0.683,0.8366,0.392,0.46124
2153,,0.9,0.66556,0.007,-0.01732,0.633,0.82196,0.392,0.4466
2154,4,0.843,0.5802,-0.086,1.0,0.59,0.80732,0.385,0.42196
2155,3,0.793,0.50184,1.0,0.92164,0.54,0.78568,0.375,0.40032
2156,,0.743,0.41648,0.9,0.83628,0.49,0.77104,0.375,0.38568
2157,,0.693,0.33112,0.8,0.75092,0.44,0.7564,0.375,0.37104
2158,,0.643,0.24576,0.7,0.66556,0.39,0.74176,0.375,0.3564
2159,,0.593,0.1604,0.6,0.5802,0.34,0.72712,0.375,0.34176
2160,,0.543,0.07504,0.5,0.49484,0.29,0.71248,0.375,0.32712
2161,,0.493,-0.01032,0.4,0.40948,0.24,0.69784,0.375,0.31248
2162,2,0.45,1.0,0.307,0.32412,0.183,0.6732,0.368,0.29784
2163,,0.4,0.91464,0.207,0.23876,0.133,0.65856,0.368,0.2832
2164,,0.35,0.82928,0.107,0.1534,0.083,0.64392,0.368,0.26856
2165,,0.3,0.74392,0.007,0.06804,0.033,0.62928,0.368,0.25392
2166,,0.25,0.65856,-0.093,-0.01732,-0.017,0.61464,0.368,0.23928
2167,3,0.2,0.5802,1.0,-0.09568,-0.067,0.593,0.358,0.21764
2168,4,0.143,0.49484,0.907,1.0,-0.11,0.57836,0.351,0.193
2169,5,0.083,0.40248,0.807,0.92164,1.0,0.57072,0.351,0.17136
2170,,0.033,0.31712,0.707,0.83628,0.95,0.55608,0.351,0.15672
2171,,-0.017,0.23176,0.607,0.75092,0.9,0.54144,0.351,0.14208
2172,1,1.0,0.1534,0.507,0.65856,0.84,0.5198,0.351,0.13444
2173,,0.95,0.06804,0.407,0.5732,0.79,0.50516,0.351,0.1198
2174,,0.9,-0.01732,0.307,0.48784,0.74,0.49052,0.351,0.10516
2175,2,0.857,1.0,0.214,0.40248,0.683,0.46588,0.344,0.09052
2176,,0.807,0.91464,0.114,0.31712,0.633,0.45124,0.344,0.07588
2177,,0.757,0.82928,0.014,0.23176,0.583,0.4366,0.344,0.06124
2178,,0.707,0.74392,-0.086,0.1464,0.533,0.42196,0.344,0.0466
2179,3,0.657,0.66556,1.0,0.06804,0.483,0.40032,0.334,0.02496
2180,,0.607,0.5802,0.9,-0.01732,0.433,0.38568,0.334,0.01032
2181,4,0.55,0.49484,0.807,1.0,0.39,0.37104,0.327,-0.01432
2182,8,0.507,0.40948,0.7,0.90464,0.333,0.3564,0.334,1.0
2183,,0.457,0.32412,0.6,0.81928,0.283,0.34176,0.334,0.98536
2184,,0.407,0.23876,0.5,0.73392,0.233,0.32712,0.334,0.97072
2185,,0.357,0.1534,0.4,0.64856,0.183,0.31248,0.334,0.95608
2186,,0.307,0.06804,0.3,0.5632,0.133,0.29784,0.334,0.94144
2187,,0.257,-0.01732,0.2,0.47784,0.083,0.2832,0.334,0.9268
2188,2,0.214,1.0,0.107,0.39248,0.026,0.25856,0.327,0.91216
2189,,0.164,0.91464,0.007,0.30712,-0.024,0.24392,0.327,0.89752
2190,5,0.104,0.82228,-0.093,0.22876,1.0,0.23628,0.327,0.87588
2191,3,0.054,0.74392,1.0,0.1504,0.95,0.21464,0.317,0.85424
2192,,0.004,0.65856,0.9,0.06504,0.9,0.2,0.317,0.8396
2193,,-0.046,0.5732,0.8,-0.02032,0.85,0.18536,0.317,0.82496
2194,1,1.0,0.49484,0.7,-0.11268,0.79,0.16372,0.317,0.81732
2195,4,0.943,0.40948,0.607,1.0,0.747,0.14908,0.31,0.79268
2196,,0.893,0.32412,0.507,0.91464,0.697,0.13444,0.31,0.77804
2197,,0.843,0.23876,0.407,0.82928,0.647,0.1198,0.31,0.7634
2198,,0.793,0.1534,0.307,0.74392,0.597,0.10516,0.31,0.74876
2199,,0.743,0.06804,0.207,0.65856,0.547,0.09052,0.31,0.73412
2200,,0.693,-0.01732,0.107,0.5732,0.497,0.07588,0.31,0.71948
2201,2,0.65,1.0,0.014,0.48784,0.44,0.05124,0.303,0.70484
2202,,0.6,0.91464,-0.086,0.40248,0.39,0.0366,0.303,0.6902
2203,3,0.55,0.83628,1.0,0.32412,0.34,0.01496,0.293,0.66856
2204,,0.5,0.75092,0.9,0.23876,0.29,0.00032,0.293,0.65392
2205,,0.45,0.66556,0.8,0.1534,0.24,-0.01432,0.293,0.63928
2206,6,0.393,0.5702,0.693,0.06804,0.197,1.0,0.3,0.62464
2207,,0.343,0.48484,0.593,-0.01732,0.147,0.98536,0.3,0.61
2208,4,0.286,0.39948,0.5,1.0,0.104,0.97072,0.293,0.58536
2209,,0.236,0.31412,0.4,0.91464,0.054,0.95608,0.293,0.57072
2210,,0.186,0.22876,0.3,0.82928,0.004,0.94144,0.293,0.55608
2211,,0.136,0.1434,0.2,0.74392,-0.046,0.9268,0.293,0.54144
2212,5,0.076,0.05104,0.1,0.66556,1.0,0.91916,0.293,0.5198
2213,,0.026,-0.03432,0.0,0.5802,0.95,0.90452,0.293,0.50516
2214,2,-0.017,1.0,-0.093,0.49484,0.893,0.87988,0.286,0.49052
2215,3,-0.067,0.92164,1.0,0.41648,0.843,0.85824,0.276,0.46888
2216,1,1.0,0.84328,0.9,0.32412,0.783,0.8366,0.276,0.46124
2217,,0.95,0.75792,0.8,0.23876,0.733,0.82196,0.276,0.4466
2218,,0.9,0.67256,0.7,0.1534,0.683,0.80732,0.276,0.43196
2219,,0.85,0.5872,0.6,0.06804,0.633,0.79268,0.276,0.41732
2220,,0.8,0.50184,0.5,-0.01732,0.583,0.77804,0.276,0.40268
2221,4,0.743,0.41648,0.407,1.0,0.54,0.7634,0.269,0.37804
2222,,0.693,0.33112,0.307,0.91464,0.49,0.74876,0.269,0.3634
2223,,0.643,0.24576,0.207,0.82928,0.44,0.73412,0.269,0.34876
2224,,0.593,0.1604,0.107,0.74392,0.39,0.71948,0.269,0.33412
2225,,0.543,0.07504,0.007,0.65856,0.34,0.70484,0.269,0.31948
2226,,0.493,-0.01032,-0.093,0.5732,0.29,0.6902,0.269,0.30484
2227,3,0.443,-0.08868,1.0,0.49484,0.24,0.66856,0.259,0.2832
2228,2,0.4,1.0,0.907,0.40948,0.183,0.64392,0.252,0.26856
2229,,0.35,0.91464,0.807,0.32412,0.133,0.62928,0.252,0.25392
2230,,0.3,0.82928,0.707,0.23876,0.083,0.61464,0.252,0.23928
2231,,0.25,0.74392,0.607,0.1534,0.033,0.6,0.252,0.22464
2232,,0.2,0.65856,0.507,0.06804,-0.017,0.58536,0.252,0.21
2233,5,0.14,0.5662,0.407,-0.01032,1.0,0.57772,0.252,0.18836
2234,4,0.083,0.48084,0.314,1.0,0.957,0.56308,0.245,0.16372
2235,,0.033,0.39548,0.214,0.91464,0.907,0.54844,0.245,0.14908
2236,,-0.017,0.31012,0.114,0.82928,0.857,0.5338,0.245,0.13444
2237,1,1.0,0.23176,0.014,0.73692,0.797,0.51216,0.245,0.1268
2238,,0.95,0.1464,-0.086,0.65156,0.747,0.49752,0.245,0.11216
2239,3,0.9,0.06804,1.0,0.5732,0.697,0.47588,0.235,0.09052
2240,,0.85,-0.01732,0.9,0.48784,0.647,0.46124,0.235,0.07588
2241,2,0.807,1.0,0.807,0.40248,0.59,0.4366,0.228,0.06124
2242,,0.757,0.91464,0.707,0.31712,0.54,0.42196,0.228,0.0466
2243,,0.707,0.82928,0.607,0.23176,0.49,0.40732,0.228,0.03196
2244,,0.657,0.74392,0.507,0.1464,0.44,0.39268,0.228,0.01732
2245,,0.607,0.65856,0.407,0.06104,0.39,0.37804,0.228,0.00268
2246,,0.557,0.5732,0.307,-0.02432,0.34,0.3634,0.228,-0.01196
2247,4,0.5,0.48784,0.214,1.0,0.297,0.34876,0.221,-0.0366
2248,8,0.457,0.40248,0.107,0.90464,0.24,0.33412,0.228,1.0
2249,,0.407,0.31712,0.007,0.81928,0.19,0.31948,0.228,0.98536
2250,,0.357,0.23176,-0.093,0.73392,0.14,0.30484,0.228,0.97072
2251,3,0.307,0.1534,1.0,0.65556,0.09,0.2832,0.218,0.94908
2252,,0.257,0.06804,0.9,0.5702,0.04,0.26856,0.218,0.93444
2253,,0.207,-0.01732,0.8,0.48484,-0.01,0.25392,0.218,0.9198
2254,2,0.164,1.0,0.707,0.39948,-0.067,0.22928,0.211,0.90516
2255,5,0.104,0.90764,0.607,0.32112,1.0,0.22164,0.211,0.88352
2256,,0.054,0.82228,0.507,0.23576,0.95,0.207,0.211,0.86888
2257,,0.004,0.73692,0.407,0.1504,0.9,0.19236,0.211,0.85424
2258,,-0.046,0.65156,0.307,0.06504,0.85,0.17772,0.211,0.8396
2259,1,1.0,0.5732,0.207,-0.02732,0.79,0.15608,0.211,0.83196
2260,4,0.943,0.48784,0.114,1.0,0.747,0.14144,0.204,0.80732
2261,,0.893,0.40248,0.014,0.91464,0.697,0.1268,0.204,0.79268
2262,,0.843,0.31712,-0.086,0.82928,0.647,0.11216,0.204,0.77804
2263,3,0.793,0.23876,1.0,0.75092,0.597,0.09052,0.194,0.7564
2264,,0.743,0.1534,0.9,0.66556,0.547,0.07588,0.194,0.74176
2265,,0.693,0.06804,0.8,0.5802,0.497,0.06124,0.194,0.72712
2266,,0.643,-0.01732,0.7,0.49484,0.447,0.0466,0.194,0.71248
2267,2,0.6,1.0,0.607,0.40948,0.39,0.02196,0.187,0.69784
2268,,0.55,0.91464,0.507,0.32412,0.34,0.00732,0.187,0.6832
2269,,0.5,0.82928,0.407,0.23876,0.29,-0.00732,0.187,0.66856
2270,6,0.443,0.73392,0.3,0.1534,0.247,1.0,0.194,0.65392
2271,,0.393,0.64856,0.2,0.06804,0.197,0.98536,0.194,0.63928
2272,,0.343,0.5632,0.1,-0.01732,0.147,0.97072,0.194,0.62464
2273,4,0.286,0.47784,0.007,1.0,0.104,0.95608,0.187,0.6
2274,,0.236,0.39248,-0.093,0.91464,0.054,0.94144,0.187,0.58536
2275,3,0.186,0.31412,1.0,0.83628,0.004,0.9198,0.177,0.56372
2276,,0.136,0.22876,0.9,0.75092,-0.046,0.90516,0.177,0.54908
2277,5,0.076,0.1364,0.8,0.67256,1.0,0.89752,0.177,0.52744
2278,,0.026,0.05104,0.7,0.5872,0.95,0.88288,0.177,0.5128
2279,,-0.024,-0.03432,0.6,0.50184,0.9,0.86824,0.177,0.49816
2280,2,-0.067,1.0,0.507,0.41648,0.843,0.8436,0.17,0.48352
2281,1,1.0,0.92164,0.407,0.32412,0.783,0.82196,0.17,0.47588
2282,,0.95,0.83628,0.307,0.23876,0.733,0.80732,0.17,0.46124
2283,,0.9,0.75092,0.207,0.1534,0.683,0.79268,0.17,0.4466
2284,,0.85,0.66556,0.107,0.06804,0.633,0.77804,0.17,0.43196
2285,,0.8,0.5802,0.007,-0.01732,0.583,0.7634,0.17,0.41732
2286,4,0.743,0.49484,-0.086,1.0,0.54,0.74876,0.163,0.39268
2287,3,0.693,0.41648,1.0,0.92164,0.49,0.72712,0.153,0.37104
2288,,0.643,0.33112,0.9,0.83628,0.44,0.71248,0.153,0.3564
2289,,0.593,0.24576,0.8,0.75092,0.39,0.69784,0.153,0.34176
2290,,0.543,0.1604,0.7,0.66556,0.34,0.6832,0.153,0.32712
2291,,0.493,0.07504,0.6,0.5802,0.29,0.66856,0.153,0.31248
2292,,0.443,-0.01032,0.5,0.49484,0.24,0.65392,0.153,0.29784
2293,2,0.4,1.0,0.407,0.40948,0.183,0.62928,0.146,0.2832
2294,,0.35,0.91464,0.307,0.32412,0.133,0.61464,0.146,0.26856
2295,,0.3,0.82928,0.207,0.23876,0.083,0.6,0.146,0.25392
2296,,0.25,0.74392,0.107,0.1534,0.033,0.58536,0.146,0.23928
2297,,0.2,0.65856,0.007,0.06804,-0.017,0.57072,0.146,0.22464
2298,5,0.14,0.5662,-0.093,-0.01032,1.0,0.56308,0.146,0.203
2299,3,0.09,0.48784,1.0,-0.08868,0.95,0.54144,0.136,0.18136
2300,4,0.033,0.40248,0.907,1.0,0.907,0.5268,0.129,0.15672
2301,,-0.017,0.31712,0.807,0.91464,0.857,0.51216,0.129,0.14208
2302,1,1.0,0.23876,0.707,0.82228,0.797,0.49052,0.129,0.13444
2303,,0.95,0.1534,0.607,0.73692,0.747,0.47588,0.129,0.1198
2304,,0.9,0.06804,0.507,0.65156,0.697,0.46124,0.129,0.10516
2305,,0.85,-0.01732,0.407,0.5662,0.647,0.4466,0.129,0.09052
2306,2,0.807,1.0,0.314,0.48084,0.59,0.42196,0.122,0.07588
2307,,0.757,0.91464,0.214,0.39548,0.54,0.40732,0.122,0.06124
2308,,0.707,0.82928,0.114,0.31012,0.49,0.39268,0.122,0.0466
2309,,0.657,0.74392,0.014,0.22476,0.44,0.37804,0.122,0.03196
2310,,0.607,0.65856,-0.086,0.1394,0.39,0.3634,0.122,0.01732
2311,3,0.557,0.5802,1.0,0.06104,0.34,0.34176,0.112,-0.00432
2312,8,0.514,0.49484,0.893,-0.03432,0.283,0.32712,0.119,1.0
2313,4,0.457,0.40948,0.8,1.0,0.24,0.31248,0.112,0.97536
2314,,0.407,0.32412,0.7,0.91464,0.19,0.29784,0.112,0.96072
2315,,0.357,0.23876,0.6,0.82928,0.14,0.2832,0.112,0.94608
2316,,0.307,0.1534,0.5,0.74392,0.09,0.26856,0.112,0.93144
2317,,0.257,0.06804,0.4,0.65856,0.04,0.25392,0.112,0.9168
2318,,0.207,-0.01732,0.3,0.5732,-0.01,0.23928,0.112,0.90216
2319,2,0.164,1.0,0.207,0.48784,-0.067,0.21464,0.105,0.88752
2320,5,0.104,0.90764,0.107,0.40948,1.0,0.207,0.105,0.86588
2321,,0.054,0.82228,0.007,0.32412,0.95,0.19236,0.105,0.85124
2322,,0.004,0.73692,-0.093,0.23876,0.9,0.17772,0.105,0.8366
2323,3,-0.046,0.65856,1.0,0.1604,0.85,0.15608,0.095,0.81496
2324,1,1.0,0.5802,0.9,0.06804,0.79,0.13444,0.095,0.80732
2325,,0.95,0.49484,0.8,-0.01732,0.74,0.1198,0.095,0.79268
2326,4,0.893,0.40948,0.707,1.0,0.697,0.10516,0.088,0.76804
2327,,0.843,0.32412,0.607,0.91464,0.647,0.09052,0.088,0.7534
2328,,0.793,0.23876,0.507,0.82928,0.597,0.07588,0.088,0.73876
2329,,0.743,0.1534,0.407,0.74392,0.547,0.06124,0.088,0.72412
2330,,0.693,0.06804,0.307,0.65856,0.497,0.0466,0.088,0.70948
2331,,0.643,-0.01732,0.207,0.5732,0.447,0.03196,0.088,0.69484
2332,2,0.6,1.0,0.114,0.48784,0.39,0.00732,0.081,0.6802
2333,,0.55,0.91464,0.014,0.40248,0.34,-0.00732,0.081,0.66556
2334,6,0.493,0.81928,-0.093,0.31712,0.297,1.0,0.088,0.65092
2335,3,0.443,0.74092,1.0,0.23876,0.247,0.97836,0.078,0.62928
2336,,0.393,0.65556,0.9,0.1534,0.197,0.96372,0.078,0.61464
2337,,0.343,0.5702,0.8,0.06804,0.147,0.94908,0.078,0.6
2338,,0.293,0.48484,0.7,-0.01732,0.097,0.93444,0.078,0.58536
2339,4,0.236,0.39948,0.607,1.0,0.054,0.9198,0.071,0.56072
2340,,0.186,0.31412,0.507,0.91464,0.004,0.90516,0.071,0.54608
2341,,0.136,0.22876,0.407,0.82928,-0.046,0.89052,0.071,0.53144
2342,5,0.076,0.1364,0.307,0.75092,1.0,0.88288,0.071,0.5098
2343,,0.026,0.05104,0.207,0.66556,0.95,0.86824,0.071,0.49516
2344,,-0.024,-0.03432,0.107,0.5802,0.9,0.8536,0.071,0.48052
2345,2,-0.067,1.0,0.014,0.49484,0.843,0.82896,0.064,0.46588
2346,1,1.0,0.92164,-0.086,0.40248,0.783,0.80732,0.064,0.45824
2347,3,0.95,0.84328,1.0,0.32412,0.733,0.78568,0.054,0.4366
2348,,0.9,0.75792,0.9,0.23876,0.683,0.77104,0.054,0.42196
2349,,0.85,0.67256,0.8,0.1534,0.633,0.7564,0.054,0.40732
2350,,0.8,0.5872,0.7,0.06804,0.583,0.74176,0.054,0.39268
2351,,0.75,0.50184,0.6,-0.01732,0.533,0.72712,0.054,0.37804
2352,4,0.693,0.41648,0.507,1.0,0.49,0.71248,0.047,0.3534
2353,,0.643,0.33112,0.407,0.91464,0.44,0.69784,0.047,0.33876
2354,,0.593,0.24576,0.307,0.82928,0.39,0.6832,0.047,0.32412
2355,,0.543,0.1604,0.207,0.74392,0.34,0.66856,0.047,0.30948
2356,,0.493,0.07504,0.107,0.65856,0.29,0.65392,0.047,0.29484
2357,,0.443,-0.01032,0.007,0.5732,0.24,0.63928,0.047,0.2802
2358,2,0.4,1.0,-0.086,0.48784,0.183,0.61464,0.04,0.26556
2359,3,0.35,0.92164,1.0,0.40948,0.133,0.593,0.03,0.24392
2360,,0.3,0.83628,0.9,0.32412,0.083,0.57836,0.03,0.22928
2361,,0.25,0.75092,0.8,0.23876,0.033,0.56372,0.03,0.21464
2362,,0.2,0.66556,0.7,0.1534,-0.017,0.54908,0.03,0.2
2363,5,0.14,0.5732,0.6,0.07504,1.0,0.54144,0.03,0.17836
2364,,0.09,0.48784,0.5,-0.01032,0.95,0.5268,0.03,0.16372
2365,4,0.033,0.40248,0.407,1.0,0.907,0.51216,0.023,0.13908
2366,,-0.017,0.31712,0.307,0.91464,0.857,0.49752,0.023,0.12444
2367,1,1.0,0.23876,0.207,0.82228,0.797,0.47588,0.023,0.1168
2368,,0.95,0.1534,0.107,0.73692,0.747,0.46124,0.023,0.10216
2369,,0.9,0.06804,0.007,0.65156,0.697,0.4466,0.023,0.08752
2370,,0.85,-0.01732,-0.093,0.5662,0.647,0.43196,0.023,0.07288
2371,3,0.8,-0.09568,1.0,0.48784,0.597,0.41032,0.013,0.05124
2372,2,0.757,1.0,0.907,0.40248,0.54,0.38568,0.006,0.0366
2373,,0.707,0.91464,0.807,0.31712,0.49,0.37104,0.006,0.02196
2374,,0.657,0.82928,0.707,0.23176,0.44,0.3564,0.006,0.00732
2375,,0.607,0.74392,0.607,0.1464,0.39,0.34176,0.006,-0.00732
2376,8,0.564,0.65856,0.5,0.05104,0.333,0.32712,0.013,1.0
2377,,0.514,0.5732,0.4,-0.03432,0.283,0.31248,0.013,0.98536
2378,4,0.457,0.48784,0.307,1.0,0.24,0.29784,0.006,0.96072
2379,,0.407,0.40248,0.207,0.91464,0.19,0.2832,0.006,0.94608
2380,,0.357,0.31712,0.107,0.82928,0.14,0.26856,0.006,0.93144
2381,,0.307,0.23176,0.007,0.74392,0.09,0.25392,0.006,0.9168
2382,,0.257,0.1464,-0.093,0.65856,0.04,0.23928,0.006,0.90216
2383,3,0.207,0.06804,1.0,0.5802,-0.01,0.21764,-0.004,0.88052
2384,5,0.147,-0.02432,0.9,0.50184,1.0,0.21,-0.004,0.85888
2385,2,0.104,1.0,0.807,0.41648,0.943,0.18536,-0.011,0.84424
2386,7,0.054,0.90764,0.697,0.32412,0.893,0.17772,1.0,0.8366
2387,,0.004,0.82228,0.597,0.23876,0.843,0.16308,1.0,0.82196
2388,,-0.046,0.73692,0.497,0.1534,0.793,0.14844,1.0,0.80732
2389,1,1.0,0.65856,0.397,0.06104,0.733,0.1268,1.0,0.79968
2390,,0.95,0.5732,0.297,-0.02432,0.683,0.11216,1.0,0.78504
2391,4,0.893,0.48784,0.204,1.0,0.64,0.09752,0.993,0.7604
2392,,0.843,0.40248,0.104,0.91464,0.59,0.08288,0.993,0.74576
2393,,0.793,0.31712,0.004,0.82928,0.54,0.06824,0.993,0.73112
2394,,0.743,0.23176,-0.096,0.74392,0.49,0.0536,0.993,0.71648
2395,3,0.693,0.1534,1.0,0.66556,0.44,0.03196,0.983,0.69484
2396,,0.643,0.06804,0.9,0.5802,0.39,0.01732,0.983,0.6802
2397,,0.593,-0.01732,0.8,0.49484,0.34,0.00268,0.983,0.66556
2398,2,0.55,1.0,0.707,0.40948,0.283,-0.02196,0.976,0.65092
2399,6,0.493,0.90464,0.6,0.32412,0.24,1.0,0.983,0.63628
2400,,0.443,0.81928,0.5,0.23876,0.19,0.98536,0.983,0.62164
2401,,0.393,0.73392,0.4,0.1534,0.14,0.97072,0.983,0.607
2402,,0.343,0.64856,0.3,0.06804,0.09,0.95608,0.983,0.59236
2403,,0.293,0.5632,0.2,-0.01732,0.04,0.94144,0.983,0.57772
2404,4,0.236,0.47784,0.107,1.0,-0.003,0.9268,0.976,0.55308
2405,5,0.176,0.38548,0.007,0.92164,1.0,0.91916,0.976,0.53144
2406,,0.126,0.30012,-0.093,0.83628,0.95,0.90452,0.976,0.5168
2407,3,0.076,0.22176,1.0,0.75792,0.9,0.88288,0.966,0.49516
2408,,0.026,0.1364,0.9,0.67256,0.85,0.86824,0.966,0.48052
2409,,-0.024,0.05104,0.8,0.5872,0.8,0.8536,0.966,0.46588
2410,1,1.0,-0.02732,0.7,0.49484,0.74,0.83196,0.966,0.45824
2411,2,0.957,1.0,0.607,0.40948,0.683,0.80732,0.959,0.4436
2412,,0.907,0.91464,0.507,0.32412,0.633,0.79268,0.959,0.42896
2413,,0.857,0.82928,0.407,0.23876,0.583,0.77804,0.959,0.41432
2414,,0.807,0.74392,0.307,0.1534,0.533,0.7634,0.959,0.39968
2415,,0.757,0.65856,0.207,0.06804,0.483,0.74876,0.959,0.38504
2416,,0.707,0.5732,0.107,-0.01732,0.433,0.73412,0.959,0.3704
2417,4,0.65,0.48784,0.014,1.0,0.39,0.71948,0.952,0.34576
2418,,0.6,0.40248,-0.086,0.91464,0.34,0.70484,0.952,0.33112
2419,3,0.55,0.32412,1.0,0.83628,0.29,0.6832,0.942,0.30948
2420,,0.5,0.23876,0.9,0.75092,0.24,0.66856,0.942,0.29484
2421,,0.45,0.1534,0.8,0.66556,0.19,0.65392,0.942,0.2802
2422,,0.4,0.06804,0.7,0.5802,0.14,0.63928,0.942,0.26556
2423,,0.35,-0.01732,0.6,0.49484,0.09,0.62464,0.942,0.25092
2424,2,0.307,1.0,0.507,0.40948,0.033,0.6,0.935,0.23628
2425,,0.257,0.91464,0.407,0.32412,-0.017,0.58536,0.935,0.22164
2426,5,0.197,0.82228,0.307,0.24576,1.0,0.57772,0.935,0.2
2427,,0.147,0.73692,0.207,0.1604,0.95,0.56308,0.935,0.18536
2428,,0.097,0.65156,0.107,0.07504,0.9,0.54844,0.935,0.17072
2429,,0.047,0.5662,0.007,-0.01032,0.85,0.5338,0.935,0.15608
2430,4,-0.01,0.48084,-0.086,1.0,0.807,0.51916,0.928,0.13144
2431,3,-0.06,0.40248,1.0,0.92164,0.757,0.49752,0.918,0.1098
2432,1,1.0,0.32412,0.9,0.82928,0.697,0.47588,0.918,0.10216
2433,,0.95,0.23876,0.8,0.74392,0.647,0.46124,0.918,0.08752
2434,,0.9,0.1534,0.7,0.65856,0.597,0.4466,0.918,0.07288
2435,,0.85,0.06804,0.6,0.5732,0.547,0.43196,0.918,0.05824
2436,,0.8,-0.01732,0.5,0.48784,0.497,0.41732,0.918,0.0436
2437,2,0.757,1.0,0.407,0.40248,0.44,0.39268,0.911,0.02896
2438,,0.707,0.91464,0.307,0.31712,0.39,0.37804,0.911,0.01432
2439,,0.657,0.82928,0.207,0.23176,0.34,0.3634,0.911,-0.00032
2440,8,0.614,0.74392,0.1,0.1364,0.283,0.34876,0.918,1.0
2441,,0.564,0.65856,0.0,0.05104,0.233,0.33412,0.918,0.98536
2442,,0.514,0.5732,-0.1,-0.03432,0.183,0.31948,0.918,0.97072
2443,3,0.464,0.49484,1.0,-0.11268,0.133,0.29784,0.908,0.94908
2444,4,0.407,0.40948,0.907,1.0,0.09,0.2832,0.901,0.92444
2445,,0.357,0.32412,0.807,0.91464,0.04,0.26856,0.901,0.9098
2446,,0.307,0.23876,0.707,0.82928,-0.01,0.25392,0.901,0.89516
2447,5,0.247,0.1464,0.607,0.75092,1.0,0.24628,0.901,0.87352
2448,,0.197,0.06104,0.507,0.66556,0.95,0.23164,0.901,0.85888
2449,,0.147,-0.02432,0.407,0.5802,0.9,0.217,0.901,0.84424
2450,2,0.104,1.0,0.314,0.49484,0.843,0.19236,0.894,0.8296
2451,,0.054,0.91464,0.214,0.40948,0.793,0.17772,0.894,0.81496
2452,,0.004,0.82928,0.114,0.32412,0.743,0.16308,0.894,0.80032
2453,,-0.046,0.74392,0.014,0.23876,0.693,0.14844,0.894,0.78568
2454,1,1.0,0.66556,-0.086,0.1464,0.633,0.1268,0.894,0.77804
2455,3,0.95,0.5872,1.0,0.06804,0.583,0.10516,0.884,0.7564
2456,,0.9,0.50184,0.9,-0.01732,0.533,0.09052,0.884,0.74176
2457,4,0.843,0.41648,0.807,1.0,0.49,0.07588,0.877,0.71712
2458,,0.793,0.33112,0.707,0.91464,0.44,0.06124,0.877,0.70248
2459,,0.743,0.24576,0.607,0.82928,0.39,0.0466,0.877,0.68784
2460,,0.693,0.1604,0.507,0.74392,0.34,0.03196,0.877,0.6732
2461,,0.643,0.07504,0.407,0.65856,0.29,0.01732,0.877,0.65856
2462,,0.593,-0.01032,0.307,0.5732,0.24,0.00268,0.877,0.64392
2463,2,0.55,1.0,0.214,0.48784,0.183,-0.02196,0.87,0.62928
2464,6,0.493,0.90464,0.107,0.40248,0.14,1.0,0.877,0.61464
2465,,0.443,0.81928,0.007,0.31712,0.09,0.98536,0.877,0.6
2466,,0.393,0.73392,-0.093,0.23176,0.04,0.97072,0.877,0.58536
2467,3,0.343,0.65556,1.0,0.1534,-0.01,0.94908,0.867,0.56372
2468,5,0.283,0.5632,0.9,0.07504,1.0,0.94144,0.867,0.54208
2469,,0.233,0.47784,0.8,-0.01032,0.95,0.9268,0.867,0.52744
2470,4,0.176,0.39248,0.707,1.0,0.907,0.91216,0.86,0.5028
2471,,0.126,0.30712,0.607,0.91464,0.857,0.89752,0.86,0.48816
2472,,0.076,0.22176,0.507,0.82928,0.807,0.88288,0.86,0.47352
2473,,0.026,0.1364,0.407,0.74392,0.757,0.86824,0.86,0.45888
2474,,-0.024,0.05104,0.307,0.65856,0.707,0.8536,0.86,0.44424
2475,1,1.0,-0.02732,0.207,0.5662,0.647,0.83196,0.86,0.4366
2476,2,0.957,1.0,0.114,0.48084,0.59,0.80732,0.853,0.42196
2477,,0.907,0.91464,0.014,0.39548,0.54,0.79268,0.853,0.40732
2478,,0.857,0.82928,-0.086,0.31012,0.49,0.77804,0.853,0.39268
2479,3,0.807,0.75092,1.0,0.23176,0.44,0.7564,0.843,0.37104
2480,,0.757,0.66556,0.9,0.1464,0.39,0.74176,0.843,0.3564
2481,,0.707,0.5802,0.8,0.06104,0.34,0.72712,0.843,0.34176
2482,,0.657,0.49484,0.7,-0.02432,0.29,0.71248,0.843,0.32712
2483,4,0.6,0.40948,0.607,1.0,0.247,0.69784,0.836,0.30248
2484,,0.55,0.32412,0.507,0.91464,0.197,0.6832,0.836,0.28784
2485,,0.5,0.23876,0.407,0.82928,0.147,0.66856,0.836,0.2732
2486,,0.45,0.1534,0.307,0.74392,0.097,0.65392,0.836,0.25856
2487,,0.4,0.06804,0.207,0.65856,0.047,0.63928,0.836,0.24392
2488,,0.35,-0.01732,0.107,0.5732,-0.003,0.62464,0.836,0.22928
2489,2,0.307,1.0,0.014,0.48784,-0.06,0.6,0.829,0.21464
2490,5,0.247,0.90764,-0.086,0.40948,1.0,0.59236,0.829,0.193
2491,3,0.197,0.82928,1.0,0.33112,0.95,0.57072,0.819,0.17136
2492,,0.147,0.74392,0.9,0.24576,0.9,0.55608,0.819,0.15672
2493,,0.097,0.65856,0.8,0.1604,0.85,0.54144,0.819,0.14208
2494,,0.047,0.5732,0.7,0.07504,0.8,0.5268,0.819,0.12744
2495,,-0.003,0.48784,0.6,-0.01032,0.75,0.51216,0.819,0.1128
2496,4,-0.06,0.40248,0.507,1.0,0.707,0.49752,0.812,0.08816
2497,1,1.0,0.32412,0.407,0.90764,0.647,0.47588,0.812,0.08052
2498,,0.95,0.23876,0.307,0.82228,0.597,0.46124,0.812,0.06588
2499,,0.9,0.1534,0.207,0.73692,0.547,0.4466,0.812,0.05124
2500,,0.85,0.06804,0.107,0.65156,0.497,0.43196,0.812,0.0366
2501,,0.8,-0.01732,0.007,0.5662,0.447,0.41732,0.812,0.02196
2502,2,0.757,1.0,-0.086,0.48084,0.39,0.39268,0.805,0.00732
2503,3,0.707,0.92164,1.0,0.40248,0.34,0.37104,0.795,-0.01432
2504,8,0.664,0.83628,0.893,0.30712,0.283,0.3564,0.802,1.0
2505,,0.614,0.75092,0.793,0.22176,0.233,0.34176,0.802,0.98536
2506,,0.564,0.66556,0.693,0.1364,0.183,0.32712,0.802,0.97072
2507,,0.514,0.5802,0.593,0.05104,0.133,0.31248,0.802,0.95608
2508,,0.464,0.49484,0.493,-0.03432,0.083,0.29784,0.802,0.94144
2509,4,0.407,0.40948,0.4,1.0,0.04,0.2832,0.795,0.9168
2510,,0.357,0.32412,0.3,0.91464,-0.01,0.26856,0.795,0.90216
2511,5,0.297,0.23176,0.2,0.83628,1.0,0.26092,0.795,0.88052
2512,,0.247,0.1464,0.1,0.75092,0.95,0.24628,0.795,0.86588
2513,,0.197,0.06104,0.0,0.66556,0.9,0.23164,0.795,0.85124
2514,,0.147,-0.02432,-0.1,0.5802,0.85,0.217,0.795,0.8366
2515,3,0.097,-0.10268,1.0,0.50184,0.8,0.19536,0.785,0.81496
2516,2,0.054,1.0,0.907,0.41648,0.743,0.17072,0.778,0.80032
2517,,0.004,0.91464,0.807,0.33112,0.693,0.15608,0.778,0.78568
2518,,-0.046,0.82928,0.707,0.24576,0.643,0.14144,0.778,0.77104
2519,1,1.0,0.75092,0.607,0.1534,0.583,0.1198,0.778,0.7634
2520,,0.95,0.66556,0.507,0.06804,0.533,0.10516,0.778,0.74876
2521,,0.9,0.5802,0.407,-0.01732,0.483,0.09052,0.778,0.73412
2522,4,0.843,0.49484,0.314,1.0,0.44,0.07588,0.771,0.70948
2523,,0.793,0.40948,0.214,0.91464,0.39,0.06124,0.771,0.69484
2524,,0.743,0.32412,0.114,0.82928,0.34,0.0466,0.771,0.6802
2525,,0.693,0.23876,0.014,0.74392,0.29,0.03196,0.771,0.66556
2526,,0.643,0.1534,-0.086,0.65856,0.24,0.01732,0.771,0.65092
2527,3,0.593,0.07504,1.0,0.5802,0.19,-0.00432,0.761,0.62928
2528,6,0.536,-0.02032,0.893,0.49484,0.147,1.0,0.768,0.61464
2529,2,0.493,1.0,0.8,0.40948,0.09,0.97536,0.761,0.6
2530,,0.443,0.91464,0.7,0.32412,0.04,0.96072,0.761,0.58536
2531,,0.393,0.82928,0.6,0.23876,-0.01,0.94608,0.761,0.57072
2532,5,0.333,0.73692,0.5,0.1604,1.0,0.93844,0.761,0.54908
2533,,0.283,0.65156,0.4,0.07504,0.95,0.9238,0.761,0.53444
2534,,0.233,0.5662,0.3,-0.01032,0.9,0.90916,0.761,0.5198
2535,4,0.176,0.48084,0.207,1.0,0.857,0.89452,0.754,0.49516
2536,,0.126,0.39548,0.107,0.91464,0.807,0.87988,0.754,0.48052
2537,,0.076,0.31012,0.007,0.82928,0.757,0.86524,0.754,0.46588
2538,,0.026,0.22476,-0.093,0.74392,0.707,0.8506,0.754,0.45124
2539,3,-0.024,0.1464,1.0,0.66556,0.657,0.82896,0.744,0.4296
2540,1,1.0,0.06804,0.9,0.5732,0.597,0.80732,0.744,0.42196
2541,,0.95,-0.01732,0.8,0.48784,0.547,0.79268,0.744,0.40732
2542,2,0.907,1.0,0.707,0.40248,0.49,0.76804,0.737,0.39268
2543,,0.857,0.91464,0.607,0.31712,0.44,0.7534,0.737,0.37804
2544,,0.807,0.82928,0.507,0.23176,0.39,0.73876,0.737,0.3634
2545,,0.757,0.74392,0.407,0.1464,0.34,0.72412,0.737,0.34876
2546,,0.707,0.65856,0.307,0.06104,0.29,0.70948,0.737,0.33412
2547,,0.657,0.5732,0.207,-0.02432,0.24,0.69484,0.737,0.31948
2548,4,0.6,0.48784,0.114,1.0,0.197,0.6802,0.73,0.29484
2549,,0.55,0.40248,0.014,0.91464,0.147,0.66556,0.73,0.2802
2550,,0.5,0.31712,-0.086,0.82928,0.097,0.65092,0.73,0.26556
2551,3,0.45,0.23876,1.0,0.75092,0.047,0.62928,0.72,0.24392
2552,,0.4,0.1534,0.9,0.66556,-0.003,0.61464,0.72,0.22928
2553,5,0.34,0.06104,0.8,0.5872,1.0,0.607,0.72,0.20764
2554,,0.29,-0.02432,0.7,0.50184,0.95,0.59236,0.72,0.193
2555,2,0.247,1.0,0.607,0.41648,0.893,0.56772,0.713,0.17836
2556,,0.197,0.91464,0.507,0.33112,0.843,0.55308,0.713,0.16372
2557,,0.147,0.82928,0.407,0.24576,0.793,0.53844,0.713,0.14908
2558,,0.097,0.74392,0.307,0.1604,0.743,0.5238,0.713,0.13444
2559,,0.047,0.65856,0.207,0.07504,0.693,0.50916,0.713,0.1198
2560,,-0.003,0.5732,0.107,-0.01032,0.643,0.49452,0.713,0.10516
2561,4,-0.06,0.48784,0.014,1.0,0.6,0.47988,0.706,0.08052
2562,1,1.0,0.40948,-0.086,0.90764,0.54,0.45824,0.706,0.07288
2563,3,0.95,0.33112,1.0,0.82928,0.49,0.4366,0.696,0.05124
2564,,0.9,0.24576,0.9,0.74392,0.44,0.42196,0.696,0.0366
2565,,0.85,0.1604,0.8,0.65856,0.39,0.40732,0.696,0.02196
2566,,0.8,0.07504,0.7,0.5732,0.34,0.39268,0.696,0.00732
2567,,0.75,-0.01032,0.6,0.48784,0.29,0.37804,0.696,-0.00732
2568,2,0.707,1.0,0.507,0.40248,0.233,0.3534,0.689,-0.02196
2569,8,0.664,0.91464,0.4,0.30712,0.176,0.33876,0.696,1.0
2570,,0.614,0.82928,0.3,0.22176,0.126,0.32412,0.696,0.98536
2571,,0.564,0.74392,0.2,0.1364,0.076,0.30948,0.696,0.97072
2572,,0.514,0.65856,0.1,0.05104,0.026,0.29484,0.696,0.95608
2573,,0.464,0.5732,0.0,-0.03432,-0.024,0.2802,0.696,0.94144
2574,4,0.407,0.48784,-0.093,1.0,-0.067,0.26556,0.689,0.9168
2575,3,0.357,0.40948,1.0,0.92164,-0.117,0.24392,0.679,0.89516
2576,5,0.297,0.31712,0.9,0.84328,1.0,0.23628,0.679,0.87352
2577,,0.247,0.23176,0.8,0.75792,0.95,0.22164,0.679,0.85888
2578,,0.197,0.1464,0.7,0.67256,0.9,0.207,0.679,0.84424
2579,,0.147,0.06104,0.6,0.5872,0.85,0.19236,0.679,0.8296
2580,,0.097,-0.02432,0.5,0.50184,0.8,0.17772,0.679,0.81496
2581,2,0.054,1.0,0.407,0.41648,0.743,0.15308,0.672,0.80032
2582,,0.004,0.91464,0.307,0.33112,0.693,0.13844,0.672,0.78568
2583,,-0.046,0.82928,0.207,0.24576,0.643,0.1238,0.672,0.77104
2584,1,1.0,0.75092,0.107,0.1534,0.583,0.10216,0.672,0.7634
2585,,0.95,0.66556,0.007,0.06804,0.533,0.08752,0.672,0.74876
2586,,0.9,0.5802,-0.093,-0.01732,0.483,0.07288,0.672,0.73412
2587,3,0.85,0.50184,1.0,-0.09568,0.433,0.05124,0.662,0.71248
2588,4,0.793,0.41648,0.907,1.0,0.39,0.0366,0.655,0.68784
2589,,0.743,0.33112,0.807,0.91464,0.34,0.02196,0.655,0.6732
2590,,0.693,0.24576,0.707,0.82928,0.29,0.00732,0.655,0.65856
2591,,0.643,0.1604,0.607,0.74392,0.24,-0.00732,0.655,0.64392
2592,6,0.586,0.06504,0.5,0.65856,0.197,1.0,0.662,0.62928
2593,,0.536,-0.02032,0.4,0.5732,0.147,0.98536,0.662,0.61464
2594,2,0.493,1.0,0.307,0.48784,0.09,0.96072,0.655,0.6
2595,,0.443,0.91464,0.207,0.40248,0.04,0.94608,0.655,0.58536
2596,,0.393,0.82928,0.107,0.31712,-0.01,0.93144,0.655,0.57072
2597,5,0.333,0.73692,0.007,0.23876,1.0,0.9238,0.655,0.54908
2598,,0.283,0.65156,-0.093,0.1534,0.95,0.90916,0.655,0.53444
2599,3,0.233,0.5732,1.0,0.07504,0.9,0.88752,0.645,0.5128
2600,,0.183,0.48784,0.9,-0.01032,0.85,0.87288,0.645,0.49816
2601,4,0.126,0.40248,0.807,1.0,0.807,0.85824,0.638,0.47352
2602,,0.076,0.31712,0.707,0.91464,0.757,0.8436,0.638,0.45888
2603,,0.026,0.23176,0.607,0.82928,0.707,0.82896,0.638,0.44424
2604,,-0.024,0.1464,0.507,0.74392,0.657,0.81432,0.638,0.4296
2605,1,1.0,0.06804,0.407,0.65156,0.597,0.79268,0.638,0.42196
2606,,0.95,-0.01732,0.307,0.5662,0.547,0.77804,0.638,0.40732
2607,2,0.907,1.0,0.214,0.48084,0.49,0.7534,0.631,0.39268
2608,,0.857,0.91464,0.114,0.39548,0.44,0.73876,0.631,0.37804
2609,,0.807,0.82928,0.014,0.31012,0.39,0.72412,0.631,0.3634
2610,,0.757,0.74392,-0.086,0.22476,0.34,0.70948,0.631,0.34876
2611,3,0.707,0.66556,1.0,0.1464,0.29,0.68784,0.621,0.32712
2612,,0.657,0.5802,0.9,0.06104,0.24,0.6732,0.621,0.31248
2613,,0.607,0.49484,0.8,-0.02432,0.19,0.65856,0.621,0.29784
2614,4,0.55,0.40948,0.707,1.0,0.147,0.64392,0.614,0.2732
2615,,0.5,0.32412,0.607,0.91464,0.097,0.62928,0.614,0.25856
2616,,0.45,0.23876,0.507,0.82928,0.047,0.61464,0.614,0.24392
2617,,0.4,0.1534,0.407,0.74392,-0.003,0.6,0.614,0.22928
2618,5,0.34,0.06104,0.307,0.66556,1.0,0.59236,0.614,0.20764
2619,,0.29,-0.02432,0.207,0.5802,0.95,0.57772,0.614,0.193
2620,2,0.247,1.0,0.114,0.49484,0.893,0.55308,0.607,0.17836
2621,,0.197,0.91464,0.014,0.40948,0.843,0.53844,0.607,0.16372
2622,,0.147,0.82928,-0.086,0.32412,0.793,0.5238,0.607,0.14908
2623,3,0.097,0.75092,1.0,0.24576,0.743,0.50216,0.597,0.12744
2624,,0.047,0.66556,0.9,0.1604,0.693,0.48752,0.597,0.1128
2625,,-0.003,0.5802,0.8,0.07504,0.643,0.47288,0.597,0.09816
2626,1,1.0,0.50184,0.7,-0.01732,0.583,0.45124,0.597,0.09052
2627,4,0.943,0.41648,0.607,1.0,0.54,0.4366,0.59,0.06588
2628,,0.893,0.33112,0.507,0.91464,0.49,0.42196,0.59,0.05124
2629,,0.843,0.24576,0.407,0.82928,0.44,0.40732,0.59,0.0366
2630,,0.793,0.1604,0.307,0.74392,0.39,0.39268,0.59,0.02196
2631,,0.743,0.07504,0.207,0.65856,0.34,0.37804,0.59,0.00732
2632,,0.693,-0.01032,0.107,0.5732,0.29,0.3634,0.59,-0.00732
2633,2,0.65,1.0,0.014,0.48784,0.233,0.33876,0.583,-0.02196
2634,8,0.607,0.91464,-0.093,0.39248,0.176,0.32412,0.59,1.0
2635,3,0.557,0.83628,1.0,0.31412,0.126,0.30248,0.58,0.97836
2636,,0.507,0.75092,0.9,0.22876,0.076,0.28784,0.58,0.96372
2637,,0.457,0.66556,0.8,0.1434,0.026,0.2732,0.58,0.94908
2638,,0.407,0.5802,0.7,0.05804,-0.024,0.25856,0.58,0.93444
2639,5,0.347,0.48784,0.6,-0.02032,1.0,0.25092,0.58,0.9128
2640,4,0.29,0.40248,0.507,1.0,0.957,0.23628,0.573,0.88816
2641,,0.24,0.31712,0.407,0.91464,0.907,0.22164,0.573,0.87352
2642,,0.19,0.23176,0.307,0.82928,0.857,0.207,0.573,0.85888
2643,,0.14,0.1464,0.207,0.74392,0.807,0.19236,0.573,0.84424
2644,,0.09,0.06104,0.107,0.65856,0.757,0.17772,0.573,0.8296
2645,,0.04,-0.02432,0.007,0.5732,0.707,0.16308,0.573,0.81496
2646,2,-0.003,1.0,-0.086,0.48784,0.65,0.13844,0.566,0.80032
2647,3,-0.053,0.92164,1.0,0.40948,0.6,0.1168,0.556,0.77868
2648,1,1.0,0.84328,0.9,0.31712,0.54,0.09516,0.556,0.77104
2649,,0.95,0.75792,0.8,0.23176,0.49,0.08052,0.556,0.7564
2650,,0.9,0.67256,0.7,0.1464,0.44,0.06588,0.556,0.74176
2651,,0.85,0.5872,0.6,0.06104,0.39,0.05124,0.556,0.72712
2652,,0.8,0.50184,0.5,-0.02432,0.34,0.0366,0.556,0.71248
2653,4,0.743,0.41648,0.407,1.0,0.297,0.02196,0.549,0.68784
2654,,0.693,0.33112,0.307,0.91464,0.247,0.00732,0.549,0.6732
2655,,0.643,0.24576,0.207,0.82928,0.197,-0.00732,0.549,0.65856
2656,6,0.586,0.1504,0.1,0.74392,0.154,1.0,0.556,0.64392
2657,,0.536,0.06504,0.0,0.65856,0.104,0.98536,0.556,0.62928
2658,,0.486,-0.02032,-0.1,0.5732,0.054,0.97072,0.556,0.61464
2659,3,0.436,-0.09868,1.0,0.49484,0.004,0.94908,0.546,0.593
2660,2,0.393,1.0,0.907,0.40948,-0.053,0.92444,0.539,0.57836
2661,5,0.333,0.90764,0.807,0.33112,1.0,0.9168,0.539,0.55672
2662,,0.283,0.82228,0.707,0.24576,0.95,0.90216,0.539,0.54208
2663,,0.233,0.73692,0.607,0.1604,0.9,0.88752,0.539,0.52744
2664,,0.183,0.65156,0.507,0.07504,0.85,0.87288,0.539,0.5128
2665,,0.133,0.5662,0.407,-0.01032,0.8,0.85824,0.539,0.49816
2666,4,0.076,0.48084,0.314,1.0,0.757,0.8436,0.532,0.47352
2667,,0.026,0.39548,0.214,0.91464,0.707,0.82896,0.532,0.45888
2668,,-0.024,0.31012,0.114,0.82928,0.657,0.81432,0.532,0.44424
2669,1,1.0,0.23176,0.014,0.73692,0.597,0.79268,0.532,0.4366
2670,,0.95,0.1464,-0.086,0.65156,0.547,0.77804,0.532,0.42196
2671,3,0.9,0.06804,1.0,0.5732,0.497,0.7564,0.522,0.40032
2672,,0.85,-0.01732,0.9,0.48784,0.447,0.74176,0.522,0.38568
2673,2,0.807,1.0,0.807,0.40248,0.39,0.71712,0.515,0.37104
2674,,0.757,0.91464,0.707,0.31712,0.34,0.70248,0.515,0.3564
2675,,0.707,0.82928,0.607,0.23176,0.29,0.68784,0.515,0.34176
2676,,0.657,0.74392,0.507,0.1464,0.24,0.6732,0.515,0.32712
2677,,0.607,0.65856,0.407,0.06104,0.19,0.65856,0.515,0.31248
2678,,0.557,0.5732,0.307,-0.02432,0.14,0.64392,0.515,0.29784
2679,4,0.5,0.48784,0.214,1.0,0.097,0.62928,0.508,0.2732
2680,,0.45,0.40248,0.114,0.91464,0.047,0.61464,0.508,0.25856
2681,,0.4,0.31712,0.014,0.82928,-0.003,0.6,0.508,0.24392
2682,5,0.34,0.22476,-0.086,0.75092,1.0,0.59236,0.508,0.22228
2683,3,0.29,0.1464,1.0,0.67256,0.95,0.57072,0.498,0.20064
2684,,0.24,0.06104,0.9,0.5872,0.9,0.55608,0.498,0.186
2685,,0.19,-0.02432,0.8,0.50184,0.85,0.54144,0.498,0.17136
2686,2,0.147,1.0,0.707,0.41648,0.793,0.5168,0.491,0.15672
2687,,0.097,0.91464,0.607,0.33112,0.743,0.50216,0.491,0.14208
2688,,0.047,0.82928,0.507,0.24576,0.693,0.48752,0.491,0.12744
2689,,-0.003,0.74392,0.407,0.1604,0.643,0.47288,0.491,0.1128
2690,1,1.0,0.66556,0.307,0.06804,0.583,0.45124,0.491,0.10516
2691,,0.95,0.5802,0.207,-0.01732,0.533,0.4366,0.491,0.09052
2692,4,0.893,0.49484,0.114,1.0,0.49,0.42196,0.484,0.06588
2693,,0.843,0.40948,0.014,0.91464,0.44,0.40732,0.484,0.05124
2694,,0.793,0.32412,-0.086,0.82928,0.39,0.39268,0.484,0.0366
2695,3,0.743,0.24576,1.0,0.75092,0.34,0.37104,0.474,0.01496
2696,,0.693,0.1604,0.9,0.66556,0.29,0.3564,0.474,0.00032
2697,,0.643,0.07504,0.8,0.5802,0.24,0.34176,0.474,-0.01432
2698,8,0.6,-0.01032,0.693,0.48484,0.183,0.32712,0.481,1.0
2699,2,0.557,1.0,0.6,0.39948,0.126,0.30248,0.474,0.98536
2700,,0.507,0.91464,0.5,0.31412,0.076,0.28784,0.474,0.97072
2701,,0.457,0.82928,0.4,0.22876,0.026,0.2732,0.474,0.95608
2702,,0.407,0.74392,0.3,0.1434,-0.024,0.25856,0.474,0.94144
2703,5,0.347,0.65156,0.2,0.06504,1.0,0.25092,0.474,0.9198
2704,,0.297,0.5662,0.1,-0.02032,0.95,0.23628,0.474,0.90516
2705,4,0.24,0.48084,0.007,1.0,0.907,0.22164,0.467,0.88052
2706,,0.19,0.39548,-0.093,0.91464,0.857,0.207,0.467,0.86588
2707,3,0.14,0.31712,1.0,0.83628,0.807,0.18536,0.457,0.84424
2708,,0.09,0.23176,0.9,0.75092,0.757,0.17072,0.457,0.8296
2709,,0.04,0.1464,0.8,0.66556,0.707,0.15608,0.457,0.81496
2710,,-0.01,0.06104,0.7,0.5802,0.657,0.14144,0.457,0.80032
2711,1,1.0,-0.01732,0.6,0.48784,0.597,0.1198,0.457,0.79268
2712,2,0.957,1.0,0.507,0.40248,0.54,0.09516,0.45,0.77804
2713,,0.907,0.91464,0.407,0.31712,0.49,0.08052,0.45,0.7634
2714,,0.857,0.82928,0.307,0.23176,0.44,0.06588,0.45,0.74876
2715,,0.807,0.74392,0.207,0.1464,0.39,0.05124,0.45,0.73412
2716,,0.757,0.65856,0.107,0.06104,0.34,0.0366,0.45,0.71948
2717,,0.707,0.5732,0.007,-0.02432,0.29,0.02196,0.45,0.70484
2718,4,0.65,0.48784,-0.086,1.0,0.247,0.00732,0.443,0.6802
2719,3,0.6,0.40948,1.0,0.92164,0.197,-0.01432,0.433,0.65856
2720,6,0.543,0.31412,0.893,0.83628,0.154,1.0,0.44,0.64392
2721,,0.493,0.22876,0.793,0.75092,0.104,0.98536,0.44,0.62928
2722,,0.443,0.1434,0.693,0.66556,0.054,0.97072,0.44,0.61464
2723,,0.393,0.05804,0.593,0.5802,0.004,0.95608,0.44,0.6
2724,,0.343,-0.02732,0.493,0.49484,-0.046,0.94144,0.44,0.58536
2725,5,0.283,-0.11968,0.393,0.41648,1.0,0.9338,0.44,0.56372
2726,2,0.24,1.0,0.3,0.33112,0.943,0.90916,0.433,0.54908
2727,,0.19,0.91464,0.2,0.24576,0.893,0.89452,0.433,0.53444
2728,,0.14,0.82928,0.1,0.1604,0.843,0.87988,0.433,0.5198
2729,,0.09,0.74392,0.0,0.07504,0.793,0.86524,0.433,0.50516
2730,,0.04,0.65856,-0.1,-0.01032,0.743,0.8506,0.433,0.49052
2731,3,-0.01,0.5802,1.0,-0.08868,0.693,0.82896,0.423,0.46888
2732,4,-0.067,0.49484,0.907,1.0,0.65,0.81432,0.416,0.44424
2733,1,1.0,0.41648,0.807,0.90764,0.59,0.79268,0.416,0.4366
2734,,0.95,0.33112,0.707,0.82228,0.54,0.77804,0.416,0.42196
2735,,0.9,0.24576,0.607,0.73692,0.49,0.7634,0.416,0.40732
2736,,0.85,0.1604,0.507,0.65156,0.44,0.74876,0.416,0.39268
2737,,0.8,0.07504,0.407,0.5662,0.39,0.73412,0.416,0.37804
2738,,0.75,-0.01032,0.307,0.48084,0.34,0.71948,0.416,0.3634
2739,2,0.707,1.0,0.214,0.39548,0.283,0.69484,0.409,0.34876
2740,,0.657,0.91464,0.114,0.31012,0.233,0.6802,0.409,0.33412
2741,,0.607,0.82928,0.014,0.22476,0.183,0.66556,0.409,0.31948
2742,,0.557,0.74392,-0.086,0.1394,0.133,0.65092,0.409,0.30484
2743,3,0.507,0.66556,1.0,0.06104,0.083,0.62928,0.399,0.2832
2744,,0.457,0.5802,0.9,-0.02432,0.033,0.61464,0.399,0.26856
2745,4,0.4,0.49484,0.807,1.0,-0.01,0.6,0.392,0.24392
2746,5,0.34,0.40248,0.707,0.92164,1.0,0.59236,0.392,0.22228
2747,,0.29,0.31712,0.607,0.83628,0.95,0.57772,0.392,0.20764
2748,,0.24,0.23176,0.507,0.75092,0.9,0.56308,0.392,0.193
2749,,0.19,0.1464,0.407,0.66556,0.85,0.54844,0.392,0.17836
2750,,0.14,0.06104,0.307,0.5802,0.8,0.5338,0.392,0.16372
2751,,0.09,-0.02432,0.207,0.49484,0.75,0.51916,0.392,0.14908
2752,2,0.047,1.0,0.114,0.40948,0.693,0.49452,0.385,0.13444
2753,,-0.003,0.91464,0.014,0.32412,0.643,0.47988,0.385,0.1198
2754,1,1.0,0.83628,-0.086,0.23176,0.583,0.45824,0.385,0.11216
2755,3,0.95,0.75792,1.0,0.1534,0.533,0.4366,0.375,0.09052
2756,,0.9,0.67256,0.9,0.06804,0.483,0.42196,0.375,0.07588
2757,,0.85,0.5872,0.8,-0.01732,0.433,0.40732,0.375,0.06124
2758,4,0.793,0.50184,0.707,1.0,0.39,0.39268,0.368,0.0366
2759,,0.743,0.41648,0.607,0.91464,0.34,0.37804,0.368,0.02196
2760,,0.693,0.33112,0.507,0.82928,0.29,0.3634,0.368,0.00732
2761,,0.643,0.24576,0.407,0.74392,0.24,0.34876,0.368,-0.00732
2762,8,0.6,0.1604,0.3,0.64856,0.183,0.33412,0.375,1.0
