step,active_motive,motive_1,motive_2,motive_3,motive_4,motive_5,motive_6,motive_7,motive_8
0,,0.08665,0.07822,0.12512,0.27461,0.3573,0.3301,0.13997,0.47743
1,,-0.91335,-0.92178,-0.87488,-0.72539,-0.6427,-0.6699,-0.86003,-0.52257
2,2,-1.0,0.07822,-1.0,-1.0,-1.0,-1.0,-1.0,-1.0
3,2,-1.0,1.0,-1.0,-1.0,-1.0,-1.0,-1.0,-1.0
4,8,-1.0,0.0,-1.0,-1.0,-1.0,-1.0,-1.0,0.0
5,8,-1.0,-1.0,-1.0,-1.0,-1.0,-1.0,-1.0,1.0
6,7,-1.0,-1.0,-1.0,-1.0,-1.0,-1.0,0.0,0.0
7,7,-1.0,-1.0,-1.0,-1.0,-1.0,-1.0,1.0,-1.0
8,5,-1.0,-1.0,-1.0,-1.0,0.0,-1.0,0.0,-1.0
9,5,-1.0,-1.0,-1.0,-1.0,1.0,-1.0,-1.0,-1.0
10,7,-1.0,-1.0,-1.0,-1.0,0.0,-1.0,0.0,-1.0
11,7,-1.0,-1.0,-1.0,-1.0,-1.0,-1.0,1.0,-1.0
12,5,-1.0,-1.0,-1.0,-1.0,0.0,-1.0,0.0,-1.0
13,5,-1.0,-1.0,-1.0,-1.0,1.0,-1.0,-1.0,-1.0
14,8,-1.0,-1.0,-1.0,-1.0,0.0,-1.0,-1.0,0.0
15,8,-1.0,-1.0,-1.0,-1.0,-1.0,-1.0,-1.0,1.0
16,3,-1.0,-1.0,0.0,-1.0,-1.0,-1.0,-1.0,0.0
17,3,-1.0,-1.0,1.0,-1.0,-1.0,-1.0,-1.0,-1.0
18,5,-1.0,-1.0,0.0,-1.0,0.0,-1.0,-1.0,-1.0
19,5,-1.0,-1.0,-1.0,-1.0,1.0,-1.0,-1.0,-1.0
20,2,-1.0,0.0,-1.0,-1.0,0.0,-1.0,-1.0,-1.0
21,2,-1.0,1.0,-1.0,-1.0,-1.0,-1.0,-1.0,-1.0
22,4,-1.0,0.0,-1.0,0.0,-1.0,-1.0,-1.0,-1.0
23,4,-1.0,-1.0,-1.0,1.0,-1.0,-1.0,-1.0,-1.0
24,6,-1.0,-1.0,-1.0,0.0,-1.0,0.0,-1.0,-1.0
25,6,-1.0,-1.0,-1.0,-1.0,-1.0,1.0,-1.0,-1.0
26,7,-1.0,-1.0,-1.0,-1.0,-1.0,0.0,0.0,-1.0
27,7,-1.0,-1.0,-1.0,-1.0,-1.0,-1.0,1.0,-1.0
28,1,0.0,-1.0,-1.0,-1.0,-1.0,-1.0,0.0,-1.0
29,1,1.0,-1.0,-1.0,-1.0,-1.0,-1.0,-1.0,-1.0
30,6,0.0,-1.0,-1.0,-1.0,-1.0,0.0,-1.0,-1.0
31,6,-1.0,-1.0,-1.0,-1.0,-1.0,1.0,-1.0,-1.0
32,7,-1.0,-1.0,-1.0,-1.0,-1.0,0.0,0.0,-1.0
33,7,-1.0,-1.0,-1.0,-1.0,-1.0,-1.0,1.0,-1.0
34,4,-1.0,-1.0,-1.0,0.0,-1.0,-1.0,0.0,-1.0
35,4,-1.0,-1.0,-1.0,1.0,-1.0,-1.0,-1.0,-1.0
36,6,-1.0,-1.0,-1.0,0.0,-1.0,0.0,-1.0,-1.0
37,6,-1.0,-1.0,-1.0,-1.0,-1.0,1.0,-1.0,-1.0
38,8,-1.0,-1.0,-1.0,-1.0,-1.0,0.0,-1.0,0.0
39,8,-1.0,-1.0,-1.0,-1.0,-1.0,-1.0,-1.0,1.0
40,1,0.0,-1.0,-1.0,-1.0,-1.0,-1.0,-1.0,0.0
41,1,1.0,-1.0,-1.0,-1.0,-1.0,-1.0,-1.0,-1.0
42,7,0.0,-1.0,-1.0,-1.0,-1.0,-1.0,0.0,-1.0
43,7,-1.0,-1.0,-1.0,-1.0,-1.0,-1.0,1.0,-1.0
44,6,-1.0,-1.0,-1.0,-1.0,-1.0,0.0,0.0,-1.0
45,6,-1.0,-1.0,-1.0,-1.0,-1.0,1.0,-1.0,-1.0
46,7,-1.0,-1.0,-1.0,-1.0,-1.0,0.0,0.0,-1.0
47,7,-1.0,-1.0,-1.0,-1.0,-1.0,-1.0,1.0,-1.0
48,4,-1.0,-1.0,-1.0,0.0,-1.0,-1.0,0.0,-1.0
49,4,-1.0,-1.0,-1.0,1.0,-1.0,-1.0,-1.0,-1.0
