step,active_motive,motive_1,motive_2,motive_3,motive_4,motive_5,motive_6,motive_7,motive_8
0,,-0.25092,0.90143,0.46399,0.19732,-0.68796,-0.68801,-0.88383,0.73235
1,7,-0.27592,0.88375,0.46399,0.215,-0.66296,-0.67033,1.0,0.71467
2,6,-0.30092,0.86607,0.46399,0.23268,-0.88796,1.0,1.0,0.69699
3,5,-0.32592,0.84839,0.46399,0.25036,1.0,0.76768,1.0,0.67931
4,1,1.0,0.83071,0.46399,0.26804,1.0,0.78536,1.0,0.66163
5,,0.925,0.76303,0.41399,0.23572,0.975,0.75304,0.95,0.59395
6,,0.85,0.69535,0.36399,0.2034,0.95,0.72072,0.9,0.52627
7,,0.775,0.62767,0.31399,0.17108,0.925,0.6884,0.85,0.45859
8,,0.7,0.55999,0.26399,0.13876,0.9,0.65608,0.8,0.39091
9,,0.625,0.49231,0.21399,0.10644,0.875,0.62376,0.75,0.32323
10,,0.55,0.42463,0.16399,0.07412,0.85,0.59144,0.7,0.25555
11,,0.475,0.35695,0.11399,0.0418,0.825,0.55912,0.65,0.18787
12,,0.4,0.28927,0.06399,0.00948,0.8,0.5268,0.6,0.12019
13,,0.325,0.22159,0.01399,-0.02284,0.775,0.49448,0.55,0.05251
14,4,0.3,0.20391,0.01399,1.0,0.8,0.51216,0.55,0.03483
15,,0.225,0.13623,-0.03601,0.96768,0.775,0.47984,0.5,-0.03285
16,3,0.2,0.11855,1.0,0.98536,0.8,0.49752,0.5,-0.05053
17,8,0.175,0.10087,1.0,1.0,0.825,0.5152,0.5,1.0
18,,0.1,0.03319,0.95,0.96768,0.8,0.48288,0.45,0.93232
19,,0.025,-0.03449,0.9,0.93536,0.775,0.45056,0.4,0.86464
20,2,0.0,1.0,0.9,0.95304,0.8,0.46824,0.4,0.84696
21,,-0.075,0.93232,0.85,0.92072,0.775,0.43592,0.35,0.77928
22,1,1.0,0.91464,0.85,0.9384,0.8,0.4536,0.35,0.7616
23,,0.925,0.84696,0.8,0.90608,0.775,0.42128,0.3,0.69392
24,,0.85,0.77928,0.75,0.87376,0.75,0.38896,0.25,0.62624
25,,0.775,0.7116,0.7,0.84144,0.725,0.35664,0.2,0.55856
26,,0.7,0.64392,0.65,0.80912,0.7,0.32432,0.15,0.49088
27,,0.625,0.57624,0.6,0.7768,0.675,0.292,0.1,0.4232
28,,0.55,0.50856,0.55,0.74448,0.65,0.25968,0.05,0.35552
29,,0.475,0.44088,0.5,0.71216,0.625,0.22736,0.0,0.28784
30,,0.4,0.3732,0.45,0.67984,0.6,0.19504,-0.05,0.22016
31,7,0.375,0.35552,0.45,0.69752,0.625,0.21272,1.0,0.20248
32,,0.3,0.28784,0.4,0.6652,0.6,0.1804,0.95,0.1348
33,,0.225,0.22016,0.35,0.63288,0.575,0.14808,0.9,0.06712
34,,0.15,0.15248,0.3,0.60056,0.55,0.11576,0.85,-0.00056
35,8,0.125,0.1348,0.3,0.61824,0.575,0.13344,0.85,1.0
36,,0.05,0.06712,0.25,0.58592,0.55,0.10112,0.8,0.93232
37,,-0.025,-0.00056,0.2,0.5536,0.525,0.0688,0.75,0.86464
38,1,1.0,-0.01824,0.2,0.57128,0.55,0.08648,0.75,0.84696
39,2,0.975,1.0,0.2,0.58896,0.575,0.10416,0.75,0.82928
40,,0.9,0.93232,0.15,0.55664,0.55,0.07184,0.7,0.7616
41,,0.825,0.86464,0.1,0.52432,0.525,0.03952,0.65,0.69392
42,,0.75,0.79696,0.05,0.492,0.5,0.0072,0.6,0.62624
43,,0.675,0.72928,0.0,0.45968,0.475,-0.02512,0.55,0.55856
44,6,0.65,0.7116,0.0,0.47736,0.25,1.0,0.55,0.54088
45,,0.575,0.64392,-0.05,0.44504,0.225,0.96768,0.5,0.4732
46,3,0.55,0.62624,1.0,0.46272,0.25,0.98536,0.5,0.45552
47,,0.475,0.55856,0.95,0.4304,0.225,0.95304,0.45,0.38784
48,,0.4,0.49088,0.9,0.39808,0.2,0.92072,0.4,0.32016
49,,0.325,0.4232,0.85,0.36576,0.175,0.8884,0.35,0.25248
50,,0.25,0.35552,0.8,0.33344,0.15,0.85608,0.3,0.1848
51,,0.175,0.28784,0.75,0.30112,0.125,0.82376,0.25,0.11712
52,,0.1,0.22016,0.7,0.2688,0.1,0.79144,0.2,0.04944
53,,0.025,0.15248,0.65,0.23648,0.075,0.75912,0.15,-0.01824
54,8,0.0,0.1348,0.65,0.25416,0.1,0.7768,0.15,1.0
55,,-0.075,0.06712,0.6,0.22184,0.075,0.74448,0.1,0.93232
56,1,1.0,0.04944,0.6,0.23952,0.1,0.76216,0.1,0.91464
57,,0.925,-0.01824,0.55,0.2072,0.075,0.72984,0.05,0.84696
58,2,0.9,1.0,0.55,0.22488,0.1,0.74752,0.05,0.82928
59,,0.825,0.93232,0.5,0.19256,0.075,0.7152,0.0,0.7616
60,,0.75,0.86464,0.45,0.16024,0.05,0.68288,-0.05,0.69392
61,7,0.725,0.84696,0.45,0.17792,0.075,0.70056,1.0,0.67624
62,,0.65,0.77928,0.4,0.1456,0.05,0.66824,0.95,0.60856
63,,0.575,0.7116,0.35,0.11328,0.025,0.63592,0.9,0.54088
64,,0.5,0.64392,0.3,0.08096,0.0,0.6036,0.85,0.4732
65,,0.425,0.57624,0.25,0.04864,-0.025,0.57128,0.8,0.40552
66,5,0.4,0.55856,0.25,0.06632,1.0,0.33896,0.8,0.38784
67,,0.325,0.49088,0.2,0.034,0.975,0.30664,0.75,0.32016
68,,0.25,0.4232,0.15,0.00168,0.95,0.27432,0.7,0.25248
69,,0.175,0.35552,0.1,-0.03064,0.925,0.242,0.65,0.1848
70,4,0.15,0.33784,0.1,1.0,0.95,0.25968,0.65,0.16712
71,,0.075,0.27016,0.05,0.96768,0.925,0.22736,0.6,0.09944
72,,-0.0,0.20248,0.0,0.93536,0.9,0.19504,0.55,0.03176
73,,-0.075,0.1348,-0.05,0.90304,0.875,0.16272,0.5,-0.03592
74,1,1.0,0.11712,-0.05,0.92072,0.9,0.1804,0.5,-0.0536
75,8,0.975,0.09944,-0.05,0.9384,0.925,0.19808,0.5,1.0
76,3,0.95,0.08176,1.0,0.95608,0.95,0.21576,0.5,0.98232
77,,0.875,0.01408,0.95,0.92376,0.925,0.18344,0.45,0.91464
78,,0.8,-0.0536,0.9,0.89144,0.9,0.15112,0.4,0.84696
79,2,0.775,1.0,0.9,0.90912,0.925,0.1688,0.4,0.82928
80,,0.7,0.93232,0.85,0.8768,0.9,0.13648,0.35,0.7616
81,,0.625,0.86464,0.8,0.84448,0.875,0.10416,0.3,0.69392
82,,0.55,0.79696,0.75,0.81216,0.85,0.07184,0.25,0.62624
83,,0.475,0.72928,0.7,0.77984,0.825,0.03952,0.2,0.55856
84,,0.4,0.6616,0.65,0.74752,0.8,0.0072,0.15,0.49088
85,,0.325,0.59392,0.6,0.7152,0.775,-0.02512,0.1,0.4232
86,6,0.3,0.57624,0.6,0.73288,0.55,1.0,0.1,0.40552
87,,0.225,0.50856,0.55,0.70056,0.525,0.96768,0.05,0.33784
88,,0.15,0.44088,0.5,0.66824,0.5,0.93536,0.0,0.27016
89,,0.075,0.3732,0.45,0.63592,0.475,0.90304,-0.05,0.20248
90,7,0.05,0.35552,0.45,0.6536,0.5,0.92072,1.0,0.1848
91,,-0.025,0.28784,0.4,0.62128,0.475,0.8884,0.95,0.11712
92,1,1.0,0.27016,0.4,0.63896,0.5,0.90608,0.95,0.09944
93,,0.925,0.20248,0.35,0.60664,0.475,0.87376,0.9,0.03176
94,,0.85,0.1348,0.3,0.57432,0.45,0.84144,0.85,-0.03592
95,8,0.825,0.11712,0.3,0.592,0.475,0.85912,0.85,1.0
96,,0.75,0.04944,0.25,0.55968,0.45,0.8268,0.8,0.93232
97,,0.675,-0.01824,0.2,0.52736,0.425,0.79448,0.75,0.86464
98,2,0.65,1.0,0.2,0.54504,0.45,0.81216,0.75,0.84696
99,,0.575,0.93232,0.15,0.51272,0.425,0.77984,0.7,0.77928
100,,0.5,0.86464,0.1,0.4804,0.4,0.74752,0.65,0.7116
101,,0.425,0.79696,0.05,0.44808,0.375,0.7152,0.6,0.64392
102,,0.35,0.72928,0.0,0.41576,0.35,0.68288,0.55,0.57624
103,,0.275,0.6616,-0.05,0.38344,0.325,0.65056,0.5,0.50856
104,3,0.25,0.64392,1.0,0.40112,0.35,0.66824,0.5,0.49088
105,,0.175,0.57624,0.95,0.3688,0.325,0.63592,0.45,0.4232
106,,0.1,0.50856,0.9,0.33648,0.3,0.6036,0.4,0.35552
107,,0.025,0.44088,0.85,0.30416,0.275,0.57128,0.35,0.28784
108,,-0.05,0.3732,0.8,0.27184,0.25,0.53896,0.3,0.22016
109,1,1.0,0.35552,0.8,0.28952,0.275,0.55664,0.3,0.20248
110,,0.925,0.28784,0.75,0.2572,0.25,0.52432,0.25,0.1348
111,,0.85,0.22016,0.7,0.22488,0.225,0.492,0.2,0.06712
112,,0.775,0.15248,0.65,0.19256,0.2,0.45968,0.15,-0.00056
113,8,0.75,0.1348,0.65,0.21024,0.225,0.47736,0.15,1.0
114,,0.675,0.06712,0.6,0.17792,0.2,0.44504,0.1,0.93232
115,,0.6,-0.00056,0.55,0.1456,0.175,0.41272,0.05,0.86464
116,2,0.575,1.0,0.55,0.16328,0.2,0.4304,0.05,0.84696
117,,0.5,0.93232,0.5,0.13096,0.175,0.39808,0.0,0.77928
118,,0.425,0.86464,0.45,0.09864,0.15,0.36576,-0.05,0.7116
119,7,0.4,0.84696,0.45,0.11632,0.175,0.38344,1.0,0.69392
120,,0.325,0.77928,0.4,0.084,0.15,0.35112,0.95,0.62624
121,,0.25,0.7116,0.35,0.05168,0.125,0.3188,0.9,0.55856
122,,0.175,0.64392,0.3,0.01936,0.1,0.28648,0.85,0.49088
123,,0.1,0.57624,0.25,-0.01296,0.075,0.25416,0.8,0.4232
124,4,0.075,0.55856,0.25,1.0,0.1,0.27184,0.8,0.40552
125,,-0.0,0.49088,0.2,0.96768,0.075,0.23952,0.75,0.33784
126,,-0.075,0.4232,0.15,0.93536,0.05,0.2072,0.7,0.27016
127,1,1.0,0.40552,0.15,0.95304,0.075,0.22488,0.7,0.25248
128,,0.925,0.33784,0.1,0.92072,0.05,0.19256,0.65,0.1848
129,,0.85,0.27016,0.05,0.8884,0.025,0.16024,0.6,0.11712
130,,0.775,0.20248,0.0,0.85608,0.0,0.12792,0.55,0.04944
131,,0.7,0.1348,-0.05,0.82376,-0.025,0.0956,0.5,-0.01824
132,3,0.675,0.11712,1.0,0.84144,0.0,0.11328,0.5,-0.03592
133,8,0.65,0.09944,1.0,0.85912,0.025,0.13096,0.5,1.0
134,,0.575,0.03176,0.95,0.8268,0.0,0.09864,0.45,0.93232
135,,0.5,-0.03592,0.9,0.79448,-0.025,0.06632,0.4,0.86464
136,2,0.475,1.0,0.9,0.81216,0.0,0.084,0.4,0.84696
137,,0.4,0.93232,0.85,0.77984,-0.025,0.05168,0.35,0.77928
138,5,0.375,0.91464,0.85,0.79752,1.0,-0.18064,0.35,0.7616
139,6,0.35,0.89696,0.85,0.8152,0.775,1.0,0.35,0.74392
140,,0.275,0.82928,0.8,0.78288,0.75,0.96768,0.3,0.67624
141,,0.2,0.7616,0.75,0.75056,0.725,0.93536,0.25,0.60856
142,,0.125,0.69392,0.7,0.71824,0.7,0.90304,0.2,0.54088
143,,0.05,0.62624,0.65,0.68592,0.675,0.87072,0.15,0.4732
144,,-0.025,0.55856,0.6,0.6536,0.65,0.8384,0.1,0.40552
145,1,1.0,0.54088,0.6,0.67128,0.675,0.85608,0.1,0.38784
146,,0.925,0.4732,0.55,0.63896,0.65,0.82376,0.05,0.32016
147,,0.85,0.40552,0.5,0.60664,0.625,0.79144,0.0,0.25248
148,,0.775,0.33784,0.45,0.57432,0.6,0.75912,-0.05,0.1848
149,7,0.75,0.32016,0.45,0.592,0.625,0.7768,1.0,0.16712
150,,0.675,0.25248,0.4,0.55968,0.6,0.74448,0.95,0.09944
151,,0.6,0.1848,0.35,0.52736,0.575,0.71216,0.9,0.03176
152,,0.525,0.11712,0.3,0.49504,0.55,0.67984,0.85,-0.03592
153,8,0.5,0.09944,0.3,0.51272,0.575,0.69752,0.85,1.0
154,,0.425,0.03176,0.25,0.4804,0.55,0.6652,0.8,0.93232
155,,0.35,-0.03592,0.2,0.44808,0.525,0.63288,0.75,0.86464
156,2,0.325,1.0,0.2,0.46576,0.55,0.65056,0.75,0.84696
157,,0.25,0.93232,0.15,0.43344,0.525,0.61824,0.7,0.77928
158,,0.175,0.86464,0.1,0.40112,0.5,0.58592,0.65,0.7116
159,,0.1,0.79696,0.05,0.3688,0.475,0.5536,0.6,0.64392
160,,0.025,0.72928,0.0,0.33648,0.45,0.52128,0.55,0.57624
161,,-0.05,0.6616,-0.05,0.30416,0.425,0.48896,0.5,0.50856
162,3,-0.075,0.64392,1.0,0.32184,0.45,0.50664,0.5,0.49088
163,1,1.0,0.62624,1.0,0.33952,0.475,0.52432,0.5,0.4732
164,,0.925,0.55856,0.95,0.3072,0.45,0.492,0.45,0.40552
165,,0.85,0.49088,0.9,0.27488,0.425,0.45968,0.4,0.33784
166,,0.775,0.4232,0.85,0.24256,0.4,0.42736,0.35,0.27016
167,,0.7,0.35552,0.8,0.21024,0.375,0.39504,0.3,0.20248
168,,0.625,0.28784,0.75,0.17792,0.35,0.36272,0.25,0.1348
169,,0.55,0.22016,0.7,0.1456,0.325,0.3304,0.2,0.06712
170,,0.475,0.15248,0.65,0.11328,0.3,0.29808,0.15,-0.00056
171,8,0.45,0.1348,0.65,0.13096,0.325,0.31576,0.15,1.0
172,,0.375,0.06712,0.6,0.09864,0.3,0.28344,0.1,0.93232
173,,0.3,-0.00056,0.55,0.06632,0.275,0.25112,0.05,0.86464
174,2,0.275,1.0,0.55,0.084,0.3,0.2688,0.05,0.84696
175,,0.2,0.93232,0.5,0.05168,0.275,0.23648,0.0,0.77928
176,,0.125,0.86464,0.45,0.01936,0.25,0.20416,-0.05,0.7116
177,7,0.1,0.84696,0.45,0.03704,0.275,0.22184,1.0,0.69392
178,,0.025,0.77928,0.4,0.00472,0.25,0.18952,0.95,0.62624
179,,-0.05,0.7116,0.35,-0.0276,0.225,0.1572,0.9,0.55856
180,1,1.0,0.69392,0.35,-0.00992,0.25,0.17488,0.9,0.54088
181,4,0.975,0.67624,0.35,1.0,0.275,0.19256,0.9,0.5232
182,,0.9,0.60856,0.3,0.96768,0.25,0.16024,0.85,0.45552
183,,0.825,0.54088,0.25,0.93536,0.225,0.12792,0.8,0.38784
184,,0.75,0.4732,0.2,0.90304,0.2,0.0956,0.75,0.32016
185,,0.675,0.40552,0.15,0.87072,0.175,0.06328,0.7,0.25248
186,,0.6,0.33784,0.1,0.8384,0.15,0.03096,0.65,0.1848
187,,0.525,0.27016,0.05,0.80608,0.125,-0.00136,0.6,0.11712
188,6,0.5,0.25248,0.05,0.82376,-0.1,1.0,0.6,0.09944
189,5,0.475,0.2348,0.05,0.84144,1.0,0.76768,0.6,0.08176
190,,0.4,0.16712,0.0,0.80912,0.975,0.73536,0.55,0.01408
191,,0.325,0.09944,-0.05,0.7768,0.95,0.70304,0.5,-0.0536
192,8,0.3,0.08176,-0.05,0.79448,0.975,0.72072,0.5,1.0
193,3,0.275,0.06408,1.0,0.81216,1.0,0.7384,0.5,0.98232
194,,0.2,-0.0036,0.95,0.77984,0.975,0.70608,0.45,0.91464
195,2,0.175,1.0,0.95,0.79752,1.0,0.72376,0.45,0.89696
196,,0.1,0.93232,0.9,0.7652,0.975,0.69144,0.4,0.82928
197,,0.025,0.86464,0.85,0.73288,0.95,0.65912,0.35,0.7616
198,,-0.05,0.79696,0.8,0.70056,0.925,0.6268,0.3,0.69392
199,1,1.0,0.77928,0.8,0.71824,0.95,0.64448,0.3,0.67624
200,,0.925,0.7116,0.75,0.68592,0.925,0.61216,0.25,0.60856
201,,0.85,0.64392,0.7,0.6536,0.9,0.57984,0.2,0.54088
202,,0.775,0.57624,0.65,0.62128,0.875,0.54752,0.15,0.4732
203,,0.7,0.50856,0.6,0.58896,0.85,0.5152,0.1,0.40552
204,,0.625,0.44088,0.55,0.55664,0.825,0.48288,0.05,0.33784
205,,0.55,0.3732,0.5,0.52432,0.8,0.45056,0.0,0.27016
206,,0.475,0.30552,0.45,0.492,0.775,0.41824,-0.05,0.20248
207,7,0.45,0.28784,0.45,0.50968,0.8,0.43592,1.0,0.1848
208,,0.375,0.22016,0.4,0.47736,0.775,0.4036,0.95,0.11712
209,,0.3,0.15248,0.35,0.44504,0.75,0.37128,0.9,0.04944
210,,0.225,0.0848,0.3,0.41272,0.725,0.33896,0.85,-0.01824
211,8,0.2,0.06712,0.3,0.4304,0.75,0.35664,0.85,1.0
212,,0.125,-0.00056,0.25,0.39808,0.725,0.32432,0.8,0.93232
213,2,0.1,1.0,0.25,0.41576,0.75,0.342,0.8,0.91464
214,,0.025,0.93232,0.2,0.38344,0.725,0.30968,0.75,0.84696
215,,-0.05,0.86464,0.15,0.35112,0.7,0.27736,0.7,0.77928
216,1,1.0,0.84696,0.15,0.3688,0.725,0.29504,0.7,0.7616
217,,0.925,0.77928,0.1,0.33648,0.7,0.26272,0.65,0.69392
218,,0.85,0.7116,0.05,0.30416,0.675,0.2304,0.6,0.62624
219,,0.775,0.64392,0.0,0.27184,0.65,0.19808,0.55,0.55856
220,,0.7,0.57624,-0.05,0.23952,0.625,0.16576,0.5,0.49088
221,3,0.675,0.55856,1.0,0.2572,0.65,0.18344,0.5,0.4732
222,,0.6,0.49088,0.95,0.22488,0.625,0.15112,0.45,0.40552
223,,0.525,0.4232,0.9,0.19256,0.6,0.1188,0.4,0.33784
224,,0.45,0.35552,0.85,0.16024,0.575,0.08648,0.35,0.27016
225,,0.375,0.28784,0.8,0.12792,0.55,0.05416,0.3,0.20248
226,,0.3,0.22016,0.75,0.0956,0.525,0.02184,0.25,0.1348
227,,0.225,0.15248,0.7,0.06328,0.5,-0.01048,0.2,0.06712
228,6,0.2,0.1348,0.7,0.08096,0.275,1.0,0.2,0.04944
229,,0.125,0.06712,0.65,0.04864,0.25,0.96768,0.15,-0.01824
230,8,0.1,0.04944,0.65,0.06632,0.275,0.98536,0.15,1.0
231,,0.025,-0.01824,0.6,0.034,0.25,0.95304,0.1,0.93232
232,2,0.0,1.0,0.6,0.05168,0.275,0.97072,0.1,0.91464
233,,-0.075,0.93232,0.55,0.01936,0.25,0.9384,0.05,0.84696
234,1,1.0,0.91464,0.55,0.03704,0.275,0.95608,0.05,0.82928
235,,0.925,0.84696,0.5,0.00472,0.25,0.92376,0.0,0.7616
236,,0.85,0.77928,0.45,-0.0276,0.225,0.89144,-0.05,0.69392
237,7,0.825,0.7616,0.45,-0.00992,0.25,0.90912,1.0,0.67624
238,4,0.8,0.74392,0.45,1.0,0.275,0.9268,1.0,0.65856
239,,0.725,0.67624,0.4,0.96768,0.25,0.89448,0.95,0.59088
240,,0.65,0.60856,0.35,0.93536,0.225,0.86216,0.9,0.5232
241,,0.575,0.54088,0.3,0.90304,0.2,0.82984,0.85,0.45552
242,,0.5,0.4732,0.25,0.87072,0.175,0.79752,0.8,0.38784
243,,0.425,0.40552,0.2,0.8384,0.15,0.7652,0.75,0.32016
244,,0.35,0.33784,0.15,0.80608,0.125,0.73288,0.7,0.25248
245,,0.275,0.27016,0.1,0.77376,0.1,0.70056,0.65,0.1848
246,,0.2,0.20248,0.05,0.74144,0.075,0.66824,0.6,0.11712
247,,0.125,0.1348,0.0,0.70912,0.05,0.63592,0.55,0.04944
248,,0.05,0.06712,-0.05,0.6768,0.025,0.6036,0.5,-0.01824
249,3,0.025,0.04944,1.0,0.69448,0.05,0.62128,0.5,-0.03592
250,8,0.0,0.03176,1.0,0.71216,0.075,0.63896,0.5,1.0
251,,-0.075,-0.03592,0.95,0.67984,0.05,0.60664,0.45,0.93232
252,1,1.0,-0.0536,0.95,0.69752,0.075,0.62432,0.45,0.91464
253,2,0.975,1.0,0.95,0.7152,0.1,0.642,0.45,0.89696
254,,0.9,0.93232,0.9,0.68288,0.075,0.60968,0.4,0.82928
255,,0.825,0.86464,0.85,0.65056,0.05,0.57736,0.35,0.7616
256,,0.75,0.79696,0.8,0.61824,0.025,0.54504,0.3,0.69392
257,,0.675,0.72928,0.75,0.58592,0.0,0.51272,0.25,0.62624
258,,0.6,0.6616,0.7,0.5536,-0.025,0.4804,0.2,0.55856
259,5,0.575,0.64392,0.7,0.57128,1.0,0.24808,0.2,0.54088
260,,0.5,0.57624,0.65,0.53896,0.975,0.21576,0.15,0.4732
261,,0.425,0.50856,0.6,0.50664,0.95,0.18344,0.1,0.40552
262,,0.35,0.44088,0.55,0.47432,0.925,0.15112,0.05,0.33784
263,,0.275,0.3732,0.5,0.442,0.9,0.1188,0.0,0.27016
264,,0.2,0.30552,0.45,0.40968,0.875,0.08648,-0.05,0.20248
265,7,0.175,0.28784,0.45,0.42736,0.9,0.10416,1.0,0.1848
266,,0.1,0.22016,0.4,0.39504,0.875,0.07184,0.95,0.11712
267,,0.025,0.15248,0.35,0.36272,0.85,0.03952,0.9,0.04944
268,,-0.05,0.0848,0.3,0.3304,0.825,0.0072,0.85,-0.01824
269,1,1.0,0.06712,0.3,0.34808,0.85,0.02488,0.85,-0.03592
270,8,0.975,0.04944,0.3,0.36576,0.875,0.04256,0.85,1.0
271,,0.9,-0.01824,0.25,0.33344,0.85,0.01024,0.8,0.93232
272,2,0.875,1.0,0.25,0.35112,0.875,0.02792,0.8,0.91464
273,,0.8,0.93232,0.2,0.3188,0.85,-0.0044,0.75,0.84696
274,6,0.775,0.91464,0.2,0.33648,0.625,1.0,0.75,0.82928
275,,0.7,0.84696,0.15,0.30416,0.6,0.96768,0.7,0.7616
276,,0.625,0.77928,0.1,0.27184,0.575,0.93536,0.65,0.69392
277,,0.55,0.7116,0.05,0.23952,0.55,0.90304,0.6,0.62624
278,,0.475,0.64392,0.0,0.2072,0.525,0.87072,0.55,0.55856
279,,0.4,0.57624,-0.05,0.17488,0.5,0.8384,0.5,0.49088
280,3,0.375,0.55856,1.0,0.19256,0.525,0.85608,0.5,0.4732
281,,0.3,0.49088,0.95,0.16024,0.5,0.82376,0.45,0.40552
282,,0.225,0.4232,0.9,0.12792,0.475,0.79144,0.4,0.33784
283,,0.15,0.35552,0.85,0.0956,0.45,0.75912,0.35,0.27016
284,,0.075,0.28784,0.8,0.06328,0.425,0.7268,0.3,0.20248
285,,-0.0,0.22016,0.75,0.03096,0.4,0.69448,0.25,0.1348
286,,-0.075,0.15248,0.7,-0.00136,0.375,0.66216,0.2,0.06712
287,1,1.0,0.1348,0.7,0.01632,0.4,0.67984,0.2,0.04944
288,,0.925,0.06712,0.65,-0.016,0.375,0.64752,0.15,-0.01824
289,8,0.9,0.04944,0.65,0.00168,0.4,0.6652,0.15,1.0
290,,0.825,-0.01824,0.6,-0.03064,0.375,0.63288,0.1,0.93232
291,4,0.8,-0.03592,0.6,1.0,0.4,0.65056,0.1,0.91464
292,2,0.775,1.0,0.6,1.0,0.425,0.66824,0.1,0.89696
293,,0.7,0.93232,0.55,0.96768,0.4,0.63592,0.05,0.82928
294,,0.625,0.86464,0.5,0.93536,0.375,0.6036,0.0,0.7616
295,,0.55,0.79696,0.45,0.90304,0.35,0.57128,-0.05,0.69392
296,7,0.525,0.77928,0.45,0.92072,0.375,0.58896,1.0,0.67624
297,,0.45,0.7116,0.4,0.8884,0.35,0.55664,0.95,0.60856
298,,0.375,0.64392,0.35,0.85608,0.325,0.52432,0.9,0.54088
299,,0.3,0.57624,0.3,0.82376,0.3,0.492,0.85,0.4732
300,,0.225,0.50856,0.25,0.79144,0.275,0.45968,0.8,0.40552
301,,0.15,0.44088,0.2,0.75912,0.25,0.42736,0.75,0.33784
302,,0.075,0.3732,0.15,0.7268,0.225,0.39504,0.7,0.27016
303,,-0.0,0.30552,0.1,0.69448,0.2,0.36272,0.65,0.20248
304,,-0.075,0.23784,0.05,0.66216,0.175,0.3304,0.6,0.1348
305,1,1.0,0.22016,0.05,0.67984,0.2,0.34808,0.6,0.11712
306,,0.925,0.15248,0.0,0.64752,0.175,0.31576,0.55,0.04944
307,,0.85,0.0848,-0.05,0.6152,0.15,0.28344,0.5,-0.01824
308,3,0.825,0.06712,1.0,0.63288,0.175,0.30112,0.5,-0.03592
309,8,0.8,0.04944,1.0,0.65056,0.2,0.3188,0.5,1.0
310,,0.725,-0.01824,0.95,0.61824,0.175,0.28648,0.45,0.93232
311,2,0.7,1.0,0.95,0.63592,0.2,0.30416,0.45,0.91464
312,,0.625,0.93232,0.9,0.6036,0.175,0.27184,0.4,0.84696
313,,0.55,0.86464,0.85,0.57128,0.15,0.23952,0.35,0.77928
314,,0.475,0.79696,0.8,0.53896,0.125,0.2072,0.3,0.7116
315,,0.4,0.72928,0.75,0.50664,0.1,0.17488,0.25,0.64392
316,,0.325,0.6616,0.7,0.47432,0.075,0.14256,0.2,0.57624
317,,0.25,0.59392,0.65,0.442,0.05,0.11024,0.15,0.50856
318,,0.175,0.52624,0.6,0.40968,0.025,0.07792,0.1,0.44088
319,,0.1,0.45856,0.55,0.37736,0.0,0.0456,0.05,0.3732
320,,0.025,0.39088,0.5,0.34504,-0.025,0.01328,0.0,0.30552
321,5,0.0,0.3732,0.5,0.36272,1.0,-0.21904,0.0,0.28784
322,6,-0.025,0.35552,0.5,0.3804,0.775,1.0,0.0,0.27016
323,1,1.0,0.33784,0.5,0.39808,0.8,1.0,0.0,0.25248
324,,0.925,0.27016,0.45,0.36576,0.775,0.96768,-0.05,0.1848
325,7,0.9,0.25248,0.45,0.38344,0.8,0.98536,1.0,0.16712
326,,0.825,0.1848,0.4,0.35112,0.775,0.95304,0.95,0.09944
327,,0.75,0.11712,0.35,0.3188,0.75,0.92072,0.9,0.03176
328,,0.675,0.04944,0.3,0.28648,0.725,0.8884,0.85,-0.03592
329,8,0.65,0.03176,0.3,0.30416,0.75,0.90608,0.85,1.0
330,,0.575,-0.03592,0.25,0.27184,0.725,0.87376,0.8,0.93232
331,2,0.55,1.0,0.25,0.28952,0.75,0.89144,0.8,0.91464
332,,0.475,0.93232,0.2,0.2572,0.725,0.85912,0.75,0.84696
333,,0.4,0.86464,0.15,0.22488,0.7,0.8268,0.7,0.77928
334,,0.325,0.79696,0.1,0.19256,0.675,0.79448,0.65,0.7116
335,,0.25,0.72928,0.05,0.16024,0.65,0.76216,0.6,0.64392
336,,0.175,0.6616,0.0,0.12792,0.625,0.72984,0.55,0.57624
337,,0.1,0.59392,-0.05,0.0956,0.6,0.69752,0.5,0.50856
338,3,0.075,0.57624,1.0,0.11328,0.625,0.7152,0.5,0.49088
339,,-0.0,0.50856,0.95,0.08096,0.6,0.68288,0.45,0.4232
340,,-0.075,0.44088,0.9,0.04864,0.575,0.65056,0.4,0.35552
341,1,1.0,0.4232,0.9,0.06632,0.6,0.66824,0.4,0.33784
342,,0.925,0.35552,0.85,0.034,0.575,0.63592,0.35,0.27016
343,,0.85,0.28784,0.8,0.00168,0.55,0.6036,0.3,0.20248
344,,0.775,0.22016,0.75,-0.03064,0.525,0.57128,0.25,0.1348
345,4,0.75,0.20248,0.75,1.0,0.55,0.58896,0.25,0.11712
346,,0.675,0.1348,0.7,0.96768,0.525,0.55664,0.2,0.04944
347,,0.6,0.06712,0.65,0.93536,0.5,0.52432,0.15,-0.01824
348,8,0.575,0.04944,0.65,0.95304,0.525,0.542,0.15,1.0
349,,0.5,-0.01824,0.6,0.92072,0.5,0.50968,0.1,0.93232
350,2,0.475,1.0,0.6,0.9384,0.525,0.52736,0.1,0.91464
351,,0.4,0.93232,0.55,0.90608,0.5,0.49504,0.05,0.84696
352,,0.325,0.86464,0.5,0.87376,0.475,0.46272,0.0,0.77928
353,,0.25,0.79696,0.45,0.84144,0.45,0.4304,-0.05,0.7116
354,7,0.225,0.77928,0.45,0.85912,0.475,0.44808,1.0,0.69392
355,,0.15,0.7116,0.4,0.8268,0.45,0.41576,0.95,0.62624
356,,0.075,0.64392,0.35,0.79448,0.425,0.38344,0.9,0.55856
357,,-0.0,0.57624,0.3,0.76216,0.4,0.35112,0.85,0.49088
358,,-0.075,0.50856,0.25,0.72984,0.375,0.3188,0.8,0.4232
359,1,1.0,0.49088,0.25,0.74752,0.4,0.33648,0.8,0.40552
360,,0.925,0.4232,0.2,0.7152,0.375,0.30416,0.75,0.33784
361,,0.85,0.35552,0.15,0.68288,0.35,0.27184,0.7,0.27016
362,,0.775,0.28784,0.1,0.65056,0.325,0.23952,0.65,0.20248
363,,0.7,0.22016,0.05,0.61824,0.3,0.2072,0.6,0.1348
364,,0.625,0.15248,0.0,0.58592,0.275,0.17488,0.55,0.06712
365,,0.55,0.0848,-0.05,0.5536,0.25,0.14256,0.5,-0.00056
366,3,0.525,0.06712,1.0,0.57128,0.275,0.16024,0.5,-0.01824
367,8,0.5,0.04944,1.0,0.58896,0.3,0.17792,0.5,1.0
368,,0.425,-0.01824,0.95,0.55664,0.275,0.1456,0.45,0.93232
369,2,0.4,1.0,0.95,0.57432,0.3,0.16328,0.45,0.91464
370,,0.325,0.93232,0.9,0.542,0.275,0.13096,0.4,0.84696
371,,0.25,0.86464,0.85,0.50968,0.25,0.09864,0.35,0.77928
372,,0.175,0.79696,0.8,0.47736,0.225,0.06632,0.3,0.7116
373,,0.1,0.72928,0.75,0.44504,0.2,0.034,0.25,0.64392
374,,0.025,0.6616,0.7,0.41272,0.175,0.00168,0.2,0.57624
375,,-0.05,0.59392,0.65,0.3804,0.15,-0.03064,0.15,0.50856
376,1,1.0,0.57624,0.65,0.39808,0.175,-0.01296,0.15,0.49088
377,6,0.975,0.55856,0.65,0.41576,-0.05,1.0,0.15,0.4732
378,5,0.95,0.54088,0.65,0.43344,1.0,0.76768,0.15,0.45552
379,,0.875,0.4732,0.6,0.40112,0.975,0.73536,0.1,0.38784
380,,0.8,0.40552,0.55,0.3688,0.95,0.70304,0.05,0.32016
381,,0.725,0.33784,0.5,0.33648,0.925,0.67072,0.0,0.25248
382,,0.65,0.27016,0.45,0.30416,0.9,0.6384,-0.05,0.1848
383,7,0.625,0.25248,0.45,0.32184,0.925,0.65608,1.0,0.16712
384,,0.55,0.1848,0.4,0.28952,0.9,0.62376,0.95,0.09944
385,,0.475,0.11712,0.35,0.2572,0.875,0.59144,0.9,0.03176
386,,0.4,0.04944,0.3,0.22488,0.85,0.55912,0.85,-0.03592
387,8,0.375,0.03176,0.3,0.24256,0.875,0.5768,0.85,1.0
388,,0.3,-0.03592,0.25,0.21024,0.85,0.54448,0.8,0.93232
389,2,0.275,1.0,0.25,0.22792,0.875,0.56216,0.8,0.91464
390,,0.2,0.93232,0.2,0.1956,0.85,0.52984,0.75,0.84696
391,,0.125,0.86464,0.15,0.16328,0.825,0.49752,0.7,0.77928
392,,0.05,0.79696,0.1,0.13096,0.8,0.4652,0.65,0.7116
393,,-0.025,0.72928,0.05,0.09864,0.775,0.43288,0.6,0.64392
394,1,1.0,0.7116,0.05,0.11632,0.8,0.45056,0.6,0.62624
395,,0.925,0.64392,0.0,0.084,0.775,0.41824,0.55,0.55856
396,,0.85,0.57624,-0.05,0.05168,0.75,0.38592,0.5,0.49088
397,3,0.825,0.55856,1.0,0.06936,0.775,0.4036,0.5,0.4732
398,,0.75,0.49088,0.95,0.03704,0.75,0.37128,0.45,0.40552
399,,0.675,0.4232,0.9,0.00472,0.725,0.33896,0.4,0.33784
400,,0.6,0.35552,0.85,-0.0276,0.7,0.30664,0.35,0.27016
401,4,0.575,0.33784,0.85,1.0,0.725,0.32432,0.35,0.25248
402,,0.5,0.27016,0.8,0.96768,0.7,0.292,0.3,0.1848
403,,0.425,0.20248,0.75,0.93536,0.675,0.25968,0.25,0.11712
404,,0.35,0.1348,0.7,0.90304,0.65,0.22736,0.2,0.04944
405,,0.275,0.06712,0.65,0.87072,0.625,0.19504,0.15,-0.01824
406,8,0.25,0.04944,0.65,0.8884,0.65,0.21272,0.15,1.0
407,,0.175,-0.01824,0.6,0.85608,0.625,0.1804,0.1,0.93232
408,2,0.15,1.0,0.6,0.87376,0.65,0.19808,0.1,0.91464
409,,0.075,0.93232,0.55,0.84144,0.625,0.16576,0.05,0.84696
410,,-0.0,0.86464,0.5,0.80912,0.6,0.13344,0.0,0.77928
411,,-0.075,0.79696,0.45,0.7768,0.575,0.10112,-0.05,0.7116
412,1,1.0,0.77928,0.45,0.79448,0.6,0.1188,-0.05,0.69392
413,7,0.975,0.7616,0.45,0.81216,0.625,0.13648,1.0,0.67624
414,,0.9,0.69392,0.4,0.77984,0.6,0.10416,0.95,0.60856
415,,0.825,0.62624,0.35,0.74752,0.575,0.07184,0.9,0.54088
416,,0.75,0.55856,0.3,0.7152,0.55,0.03952,0.85,0.4732
417,,0.675,0.49088,0.25,0.68288,0.525,0.0072,0.8,0.40552
418,,0.6,0.4232,0.2,0.65056,0.5,-0.02512,0.75,0.33784
419,6,0.575,0.40552,0.2,0.66824,0.275,1.0,0.75,0.32016
420,,0.5,0.33784,0.15,0.63592,0.25,0.96768,0.7,0.25248
421,,0.425,0.27016,0.1,0.6036,0.225,0.93536,0.65,0.1848
422,,0.35,0.20248,0.05,0.57128,0.2,0.90304,0.6,0.11712
423,,0.275,0.1348,0.0,0.53896,0.175,0.87072,0.55,0.04944
424,,0.2,0.06712,-0.05,0.50664,0.15,0.8384,0.5,-0.01824
425,3,0.175,0.04944,1.0,0.52432,0.175,0.85608,0.5,-0.03592
426,8,0.15,0.03176,1.0,0.542,0.2,0.87376,0.5,1.0
427,,0.075,-0.03592,0.95,0.50968,0.175,0.84144,0.45,0.93232
428,2,0.05,1.0,0.95,0.52736,0.2,0.85912,0.45,0.91464
429,,-0.025,0.93232,0.9,0.49504,0.175,0.8268,0.4,0.84696
430,1,1.0,0.91464,0.9,0.51272,0.2,0.84448,0.4,0.82928
431,,0.925,0.84696,0.85,0.4804,0.175,0.81216,0.35,0.7616
432,,0.85,0.77928,0.8,0.44808,0.15,0.77984,0.3,0.69392
433,,0.775,0.7116,0.75,0.41576,0.125,0.74752,0.25,0.62624
434,,0.7,0.64392,0.7,0.38344,0.1,0.7152,0.2,0.55856
435,,0.625,0.57624,0.65,0.35112,0.075,0.68288,0.15,0.49088
436,,0.55,0.50856,0.6,0.3188,0.05,0.65056,0.1,0.4232
437,,0.475,0.44088,0.55,0.28648,0.025,0.61824,0.05,0.35552
438,,0.4,0.3732,0.5,0.25416,0.0,0.58592,0.0,0.28784
439,,0.325,0.30552,0.45,0.22184,-0.025,0.5536,-0.05,0.22016
440,7,0.3,0.28784,0.45,0.23952,0.0,0.57128,1.0,0.20248
441,,0.225,0.22016,0.4,0.2072,-0.025,0.53896,0.95,0.1348
442,5,0.2,0.20248,0.4,0.22488,1.0,0.30664,0.95,0.11712
443,,0.125,0.1348,0.35,0.19256,0.975,0.27432,0.9,0.04944
444,,0.05,0.06712,0.3,0.16024,0.95,0.242,0.85,-0.01824
445,8,0.025,0.04944,0.3,0.17792,0.975,0.25968,0.85,1.0
446,,-0.05,-0.01824,0.25,0.1456,0.95,0.22736,0.8,0.93232
447,1,1.0,-0.03592,0.25,0.16328,0.975,0.24504,0.8,0.91464
448,2,0.975,1.0,0.25,0.18096,1.0,0.26272,0.8,0.89696
449,,0.9,0.93232,0.2,0.14864,0.975,0.2304,0.75,0.82928
450,,0.825,0.86464,0.15,0.11632,0.95,0.19808,0.7,0.7616
451,,0.75,0.79696,0.1,0.084,0.925,0.16576,0.65,0.69392
452,,0.675,0.72928,0.05,0.05168,0.9,0.13344,0.6,0.62624
453,,0.6,0.6616,0.0,0.01936,0.875,0.10112,0.55,0.55856
454,,0.525,0.59392,-0.05,-0.01296,0.85,0.0688,0.5,0.49088
455,3,0.5,0.57624,1.0,0.00472,0.875,0.08648,0.5,0.4732
456,,0.425,0.50856,0.95,-0.0276,0.85,0.05416,0.45,0.40552
457,4,0.4,0.49088,0.95,1.0,0.875,0.07184,0.45,0.38784
458,,0.325,0.4232,0.9,0.96768,0.85,0.03952,0.4,0.32016
459,,0.25,0.35552,0.85,0.93536,0.825,0.0072,0.35,0.25248
460,,0.175,0.28784,0.8,0.90304,0.8,-0.02512,0.3,0.1848
461,6,0.15,0.27016,0.8,0.92072,0.575,1.0,0.3,0.16712
462,,0.075,0.20248,0.75,0.8884,0.55,0.96768,0.25,0.09944
463,,-0.0,0.1348,0.7,0.85608,0.525,0.93536,0.2,0.03176
464,,-0.075,0.06712,0.65,0.82376,0.5,0.90304,0.15,-0.03592
465,1,1.0,0.04944,0.65,0.84144,0.525,0.92072,0.15,-0.0536
466,8,0.975,0.03176,0.65,0.85912,0.55,0.9384,0.15,1.0
467,,0.9,-0.03592,0.6,0.8268,0.525,0.90608,0.1,0.93232
468,2,0.875,1.0,0.6,0.84448,0.55,0.92376,0.1,0.91464
469,,0.8,0.93232,0.55,0.81216,0.525,0.89144,0.05,0.84696
470,,0.725,0.86464,0.5,0.77984,0.5,0.85912,0.0,0.77928
471,,0.65,0.79696,0.45,0.74752,0.475,0.8268,-0.05,0.7116
472,7,0.625,0.77928,0.45,0.7652,0.5,0.84448,1.0,0.69392
473,,0.55,0.7116,0.4,0.73288,0.475,0.81216,0.95,0.62624
474,,0.475,0.64392,0.35,0.70056,0.45,0.77984,0.9,0.55856
475,,0.4,0.57624,0.3,0.66824,0.425,0.74752,0.85,0.49088
476,,0.325,0.50856,0.25,0.63592,0.4,0.7152,0.8,0.4232
477,,0.25,0.44088,0.2,0.6036,0.375,0.68288,0.75,0.35552
478,,0.175,0.3732,0.15,0.57128,0.35,0.65056,0.7,0.28784
479,,0.1,0.30552,0.1,0.53896,0.325,0.61824,0.65,0.22016
480,,0.025,0.23784,0.05,0.50664,0.3,0.58592,0.6,0.15248
481,,-0.05,0.17016,0.0,0.47432,0.275,0.5536,0.55,0.0848
482,1,1.0,0.15248,0.0,0.492,0.3,0.57128,0.55,0.06712
483,,0.925,0.0848,-0.05,0.45968,0.275,0.53896,0.5,-0.00056
484,3,0.9,0.06712,1.0,0.47736,0.3,0.55664,0.5,-0.01824
485,8,0.875,0.04944,1.0,0.49504,0.325,0.57432,0.5,1.0
486,,0.8,-0.01824,0.95,0.46272,0.3,0.542,0.45,0.93232
487,2,0.775,1.0,0.95,0.4804,0.325,0.55968,0.45,0.91464
488,,0.7,0.93232,0.9,0.44808,0.3,0.52736,0.4,0.84696
489,,0.625,0.86464,0.85,0.41576,0.275,0.49504,0.35,0.77928
490,,0.55,0.79696,0.8,0.38344,0.25,0.46272,0.3,0.7116
491,,0.475,0.72928,0.75,0.35112,0.225,0.4304,0.25,0.64392
492,,0.4,0.6616,0.7,0.3188,0.2,0.39808,0.2,0.57624
493,,0.325,0.59392,0.65,0.28648,0.175,0.36576,0.15,0.50856
494,,0.25,0.52624,0.6,0.25416,0.15,0.33344,0.1,0.44088
495,,0.175,0.45856,0.55,0.22184,0.125,0.30112,0.05,0.3732
496,,0.1,0.39088,0.5,0.18952,0.1,0.2688,0.0,0.30552
497,,0.025,0.3232,0.45,0.1572,0.075,0.23648,-0.05,0.23784
498,7,0.0,0.30552,0.45,0.17488,0.1,0.25416,1.0,0.22016
499,,-0.075,0.23784,0.4,0.14256,0.075,0.22184,0.95,0.15248
500,1,1.0,0.22016,0.4,0.16024,0.1,0.23952,0.95,0.1348
501,,0.925,0.15248,0.35,0.12792,0.075,0.2072,0.9,0.06712
502,,0.85,0.0848,0.3,0.0956,0.05,0.17488,0.85,-0.00056
503,8,0.825,0.06712,0.3,0.11328,0.075,0.19256,0.85,1.0
504,,0.75,-0.00056,0.25,0.08096,0.05,0.16024,0.8,0.93232
505,2,0.725,1.0,0.25,0.09864,0.075,0.17792,0.8,0.91464
506,,0.65,0.93232,0.2,0.06632,0.05,0.1456,0.75,0.84696
507,,0.575,0.86464,0.15,0.034,0.025,0.11328,0.7,0.77928
508,,0.5,0.79696,0.1,0.00168,0.0,0.08096,0.65,0.7116
509,,0.425,0.72928,0.05,-0.03064,-0.025,0.04864,0.6,0.64392
510,4,0.4,0.7116,0.05,1.0,0.0,0.06632,0.6,0.62624
511,,0.325,0.64392,0.0,0.96768,-0.025,0.034,0.55,0.55856
512,5,0.3,0.62624,0.0,0.98536,1.0,-0.19832,0.55,0.54088
513,6,0.275,0.60856,0.0,1.0,0.775,1.0,0.55,0.5232
514,,0.2,0.54088,-0.05,0.96768,0.75,0.96768,0.5,0.45552
515,3,0.175,0.5232,1.0,0.98536,0.775,0.98536,0.5,0.43784
516,,0.1,0.45552,0.95,0.95304,0.75,0.95304,0.45,0.37016
517,,0.025,0.38784,0.9,0.92072,0.725,0.92072,0.4,0.30248
518,,-0.05,0.32016,0.85,0.8884,0.7,0.8884,0.35,0.2348
519,1,1.0,0.30248,0.85,0.90608,0.725,0.90608,0.35,0.21712
520,,0.925,0.2348,0.8,0.87376,0.7,0.87376,0.3,0.14944
521,,0.85,0.16712,0.75,0.84144,0.675,0.84144,0.25,0.08176
522,,0.775,0.09944,0.7,0.80912,0.65,0.80912,0.2,0.01408
523,,0.7,0.03176,0.65,0.7768,0.625,0.7768,0.15,-0.0536
524,8,0.675,0.01408,0.65,0.79448,0.65,0.79448,0.15,1.0
525,,0.6,-0.0536,0.6,0.76216,0.625,0.76216,0.1,0.93232
526,2,0.575,1.0,0.6,0.77984,0.65,0.77984,0.1,0.91464
527,,0.5,0.93232,0.55,0.74752,0.625,0.74752,0.05,0.84696
528,,0.425,0.86464,0.5,0.7152,0.6,0.7152,0.0,0.77928
529,,0.35,0.79696,0.45,0.68288,0.575,0.68288,-0.05,0.7116
530,7,0.325,0.77928,0.45,0.70056,0.6,0.70056,1.0,0.69392
531,,0.25,0.7116,0.4,0.66824,0.575,0.66824,0.95,0.62624
532,,0.175,0.64392,0.35,0.63592,0.55,0.63592,0.9,0.55856
533,,0.1,0.57624,0.3,0.6036,0.525,0.6036,0.85,0.49088
534,,0.025,0.50856,0.25,0.57128,0.5,0.57128,0.8,0.4232
535,,-0.05,0.44088,0.2,0.53896,0.475,0.53896,0.75,0.35552
536,1,1.0,0.4232,0.2,0.55664,0.5,0.55664,0.75,0.33784
537,,0.925,0.35552,0.15,0.52432,0.475,0.52432,0.7,0.27016
538,,0.85,0.28784,0.1,0.492,0.45,0.492,0.65,0.20248
539,,0.775,0.22016,0.05,0.45968,0.425,0.45968,0.6,0.1348
540,,0.7,0.15248,0.0,0.42736,0.4,0.42736,0.55,0.06712
541,,0.625,0.0848,-0.05,0.39504,0.375,0.39504,0.5,-0.00056
542,3,0.6,0.06712,1.0,0.41272,0.4,0.41272,0.5,-0.01824
543,8,0.575,0.04944,1.0,0.4304,0.425,0.4304,0.5,1.0
544,,0.5,-0.01824,0.95,0.39808,0.4,0.39808,0.45,0.93232
545,2,0.475,1.0,0.95,0.41576,0.425,0.41576,0.45,0.91464
546,,0.4,0.93232,0.9,0.38344,0.4,0.38344,0.4,0.84696
547,,0.325,0.86464,0.85,0.35112,0.375,0.35112,0.35,0.77928
548,,0.25,0.79696,0.8,0.3188,0.35,0.3188,0.3,0.7116
549,,0.175,0.72928,0.75,0.28648,0.325,0.28648,0.25,0.64392
550,,0.1,0.6616,0.7,0.25416,0.3,0.25416,0.2,0.57624
551,,0.025,0.59392,0.65,0.22184,0.275,0.22184,0.15,0.50856
552,,-0.05,0.52624,0.6,0.18952,0.25,0.18952,0.1,0.44088
553,1,1.0,0.50856,0.6,0.2072,0.275,0.2072,0.1,0.4232
554,,0.925,0.44088,0.55,0.17488,0.25,0.17488,0.05,0.35552
555,,0.85,0.3732,0.5,0.14256,0.225,0.14256,0.0,0.28784
556,,0.775,0.30552,0.45,0.11024,0.2,0.11024,-0.05,0.22016
557,7,0.75,0.28784,0.45,0.12792,0.225,0.12792,1.0,0.20248
558,,0.675,0.22016,0.4,0.0956,0.2,0.0956,0.95,0.1348
559,,0.6,0.15248,0.35,0.06328,0.175,0.06328,0.9,0.06712
560,,0.525,0.0848,0.3,0.03096,0.15,0.03096,0.85,-0.00056
561,8,0.5,0.06712,0.3,0.04864,0.175,0.04864,0.85,1.0
562,,0.425,-0.00056,0.25,0.01632,0.15,0.01632,0.8,0.93232
563,2,0.4,1.0,0.25,0.034,0.175,0.034,0.8,0.91464
564,,0.325,0.93232,0.2,0.00168,0.15,0.00168,0.75,0.84696
565,,0.25,0.86464,0.15,-0.03064,0.125,-0.03064,0.7,0.77928
566,6,0.225,0.84696,0.15,-0.01296,-0.1,1.0,0.7,0.7616
567,5,0.2,0.82928,0.15,0.00472,1.0,0.76768,0.7,0.74392
568,,0.125,0.7616,0.1,-0.0276,0.975,0.73536,0.65,0.67624
569,4,0.1,0.74392,0.1,1.0,1.0,0.75304,0.65,0.65856
570,,0.025,0.67624,0.05,0.96768,0.975,0.72072,0.6,0.59088
571,,-0.05,0.60856,0.0,0.93536,0.95,0.6884,0.55,0.5232
572,1,1.0,0.59088,0.0,0.95304,0.975,0.70608,0.55,0.50552
573,,0.925,0.5232,-0.05,0.92072,0.95,0.67376,0.5,0.43784
574,3,0.9,0.50552,1.0,0.9384,0.975,0.69144,0.5,0.42016
575,,0.825,0.43784,0.95,0.90608,0.95,0.65912,0.45,0.35248
576,,0.75,0.37016,0.9,0.87376,0.925,0.6268,0.4,0.2848
577,,0.675,0.30248,0.85,0.84144,0.9,0.59448,0.35,0.21712
578,,0.6,0.2348,0.8,0.80912,0.875,0.56216,0.3,0.14944
579,,0.525,0.16712,0.75,0.7768,0.85,0.52984,0.25,0.08176
580,,0.45,0.09944,0.7,0.74448,0.825,0.49752,0.2,0.01408
581,,0.375,0.03176,0.65,0.71216,0.8,0.4652,0.15,-0.0536
582,8,0.35,0.01408,0.65,0.72984,0.825,0.48288,0.15,1.0
583,,0.275,-0.0536,0.6,0.69752,0.8,0.45056,0.1,0.93232
584,2,0.25,1.0,0.6,0.7152,0.825,0.46824,0.1,0.91464
585,,0.175,0.93232,0.55,0.68288,0.8,0.43592,0.05,0.84696
586,,0.1,0.86464,0.5,0.65056,0.775,0.4036,0.0,0.77928
587,,0.025,0.79696,0.45,0.61824,0.75,0.37128,-0.05,0.7116
588,7,0.0,0.77928,0.45,0.63592,0.775,0.38896,1.0,0.69392
589,,-0.075,0.7116,0.4,0.6036,0.75,0.35664,0.95,0.62624
590,1,1.0,0.69392,0.4,0.62128,0.775,0.37432,0.95,0.60856
591,,0.925,0.62624,0.35,0.58896,0.75,0.342,0.9,0.54088
592,,0.85,0.55856,0.3,0.55664,0.725,0.30968,0.85,0.4732
593,,0.775,0.49088,0.25,0.52432,0.7,0.27736,0.8,0.40552
594,,0.7,0.4232,0.2,0.492,0.675,0.24504,0.75,0.33784
595,,0.625,0.35552,0.15,0.45968,0.65,0.21272,0.7,0.27016
596,,0.55,0.28784,0.1,0.42736,0.625,0.1804,0.65,0.20248
597,,0.475,0.22016,0.05,0.39504,0.6,0.14808,0.6,0.1348
598,,0.4,0.15248,0.0,0.36272,0.575,0.11576,0.55,0.06712
599,,0.325,0.0848,-0.05,0.3304,0.55,0.08344,0.5,-0.00056
600,3,0.3,0.06712,1.0,0.34808,0.575,0.10112,0.5,-0.01824
601,8,0.275,0.04944,1.0,0.36576,0.6,0.1188,0.5,1.0
602,,0.2,-0.01824,0.95,0.33344,0.575,0.08648,0.45,0.93232
603,2,0.175,1.0,0.95,0.35112,0.6,0.10416,0.45,0.91464
604,,0.1,0.93232,0.9,0.3188,0.575,0.07184,0.4,0.84696
605,,0.025,0.86464,0.85,0.28648,0.55,0.03952,0.35,0.77928
606,,-0.05,0.79696,0.8,0.25416,0.525,0.0072,0.3,0.7116
607,1,1.0,0.77928,0.8,0.27184,0.55,0.02488,0.3,0.69392
608,,0.925,0.7116,0.75,0.23952,0.525,-0.00744,0.25,0.62624
609,6,0.9,0.69392,0.75,0.2572,0.3,1.0,0.25,0.60856
610,,0.825,0.62624,0.7,0.22488,0.275,0.96768,0.2,0.54088
611,,0.75,0.55856,0.65,0.19256,0.25,0.93536,0.15,0.4732
612,,0.675,0.49088,0.6,0.16024,0.225,0.90304,0.1,0.40552
613,,0.6,0.4232,0.55,0.12792,0.2,0.87072,0.05,0.33784
614,,0.525,0.35552,0.5,0.0956,0.175,0.8384,0.0,0.27016
615,,0.45,0.28784,0.45,0.06328,0.15,0.80608,-0.05,0.20248
616,7,0.425,0.27016,0.45,0.08096,0.175,0.82376,1.0,0.1848
617,,0.35,0.20248,0.4,0.04864,0.15,0.79144,0.95,0.11712
618,,0.275,0.1348,0.35,0.01632,0.125,0.75912,0.9,0.04944
619,,0.2,0.06712,0.3,-0.016,0.1,0.7268,0.85,-0.01824
620,8,0.175,0.04944,0.3,0.00168,0.125,0.74448,0.85,1.0
621,,0.1,-0.01824,0.25,-0.03064,0.1,0.71216,0.8,0.93232
622,4,0.075,-0.03592,0.25,1.0,0.125,0.72984,0.8,0.91464
623,2,0.05,1.0,0.25,1.0,0.15,0.74752,0.8,0.89696
624,,-0.025,0.93232,0.2,0.96768,0.125,0.7152,0.75,0.82928
625,1,1.0,0.91464,0.2,0.98536,0.15,0.73288,0.75,0.8116
626,,0.925,0.84696,0.15,0.95304,0.125,0.70056,0.7,0.74392
627,,0.85,0.77928,0.1,0.92072,0.1,0.66824,0.65,0.67624
628,,0.775,0.7116,0.05,0.8884,0.075,0.63592,0.6,0.60856
629,,0.7,0.64392,0.0,0.85608,0.05,0.6036,0.55,0.54088
630,,0.625,0.57624,-0.05,0.82376,0.025,0.57128,0.5,0.4732
631,3,0.6,0.55856,1.0,0.84144,0.05,0.58896,0.5,0.45552
632,,0.525,0.49088,0.95,0.80912,0.025,0.55664,0.45,0.38784
633,,0.45,0.4232,0.9,0.7768,0.0,0.52432,0.4,0.32016
634,,0.375,0.35552,0.85,0.74448,-0.025,0.492,0.35,0.25248
635,5,0.35,0.33784,0.85,0.76216,1.0,0.25968,0.35,0.2348
636,,0.275,0.27016,0.8,0.72984,0.975,0.22736,0.3,0.16712
637,,0.2,0.20248,0.75,0.69752,0.95,0.19504,0.25,0.09944
638,,0.125,0.1348,0.7,0.6652,0.925,0.16272,0.2,0.03176
639,,0.05,0.06712,0.65,0.63288,0.9,0.1304,0.15,-0.03592
640,8,0.025,0.04944,0.65,0.65056,0.925,0.14808,0.15,1.0
641,,-0.05,-0.01824,0.6,0.61824,0.9,0.11576,0.1,0.93232
642,1,1.0,-0.03592,0.6,0.63592,0.925,0.13344,0.1,0.91464
643,2,0.975,1.0,0.6,0.6536,0.95,0.15112,0.1,0.89696
644,,0.9,0.93232,0.55,0.62128,0.925,0.1188,0.05,0.82928
645,,0.825,0.86464,0.5,0.58896,0.9,0.08648,0.0,0.7616
646,,0.75,0.79696,0.45,0.55664,0.875,0.05416,-0.05,0.69392
647,7,0.725,0.77928,0.45,0.57432,0.9,0.07184,1.0,0.67624
648,,0.65,0.7116,0.4,0.542,0.875,0.03952,0.95,0.60856
649,,0.575,0.64392,0.35,0.50968,0.85,0.0072,0.9,0.54088
650,,0.5,0.57624,0.3,0.47736,0.825,-0.02512,0.85,0.4732
651,6,0.475,0.55856,0.3,0.49504,0.6,1.0,0.85,0.45552
652,,0.4,0.49088,0.25,0.46272,0.575,0.96768,0.8,0.38784
653,,0.325,0.4232,0.2,0.4304,0.55,0.93536,0.75,0.32016
654,,0.25,0.35552,0.15,0.39808,0.525,0.90304,0.7,0.25248
655,,0.175,0.28784,0.1,0.36576,0.5,0.87072,0.65,0.1848
656,,0.1,0.22016,0.05,0.33344,0.475,0.8384,0.6,0.11712
657,,0.025,0.15248,0.0,0.30112,0.45,0.80608,0.55,0.04944
658,,-0.05,0.0848,-0.05,0.2688,0.425,0.77376,0.5,-0.01824
659,3,-0.075,0.06712,1.0,0.28648,0.45,0.79144,0.5,-0.03592
660,1,1.0,0.04944,1.0,0.30416,0.475,0.80912,0.5,-0.0536
661,8,0.975,0.03176,1.0,0.32184,0.5,0.8268,0.5,1.0
662,,0.9,-0.03592,0.95,0.28952,0.475,0.79448,0.45,0.93232
663,2,0.875,1.0,0.95,0.3072,0.5,0.81216,0.45,0.91464
664,,0.8,0.93232,0.9,0.27488,0.475,0.77984,0.4,0.84696
665,,0.725,0.86464,0.85,0.24256,0.45,0.74752,0.35,0.77928
666,,0.65,0.79696,0.8,0.21024,0.425,0.7152,0.3,0.7116
667,,0.575,0.72928,0.75,0.17792,0.4,0.68288,0.25,0.64392
668,,0.5,0.6616,0.7,0.1456,0.375,0.65056,0.2,0.57624
669,,0.425,0.59392,0.65,0.11328,0.35,0.61824,0.15,0.50856
670,,0.35,0.52624,0.6,0.08096,0.325,0.58592,0.1,0.44088
671,,0.275,0.45856,0.55,0.04864,0.3,0.5536,0.05,0.3732
672,,0.2,0.39088,0.5,0.01632,0.275,0.52128,0.0,0.30552
673,,0.125,0.3232,0.45,-0.016,0.25,0.48896,-0.05,0.23784
674,7,0.1,0.30552,0.45,0.00168,0.275,0.50664,1.0,0.22016
675,,0.025,0.23784,0.4,-0.03064,0.25,0.47432,0.95,0.15248
676,4,0.0,0.22016,0.4,1.0,0.275,0.492,0.95,0.1348
677,,-0.075,0.15248,0.35,0.96768,0.25,0.45968,0.9,0.06712
678,1,1.0,0.1348,0.35,0.98536,0.275,0.47736,0.9,0.04944
679,,0.925,0.06712,0.3,0.95304,0.25,0.44504,0.85,-0.01824
680,8,0.9,0.04944,0.3,0.97072,0.275,0.46272,0.85,1.0
681,,0.825,-0.01824,0.25,0.9384,0.25,0.4304,0.8,0.93232
682,2,0.8,1.0,0.25,0.95608,0.275,0.44808,0.8,0.91464
683,,0.725,0.93232,0.2,0.92376,0.25,0.41576,0.75,0.84696
684,,0.65,0.86464,0.15,0.89144,0.225,0.38344,0.7,0.77928
685,,0.575,0.79696,0.1,0.85912,0.2,0.35112,0.65,0.7116
686,,0.5,0.72928,0.05,0.8268,0.175,0.3188,0.6,0.64392
687,,0.425,0.6616,0.0,0.79448,0.15,0.28648,0.55,0.57624
688,,0.35,0.59392,-0.05,0.76216,0.125,0.25416,0.5,0.50856
689,3,0.325,0.57624,1.0,0.77984,0.15,0.27184,0.5,0.49088
690,,0.25,0.50856,0.95,0.74752,0.125,0.23952,0.45,0.4232
691,,0.175,0.44088,0.9,0.7152,0.1,0.2072,0.4,0.35552
692,,0.1,0.3732,0.85,0.68288,0.075,0.17488,0.35,0.28784
693,,0.025,0.30552,0.8,0.65056,0.05,0.14256,0.3,0.22016
694,,-0.05,0.23784,0.75,0.61824,0.025,0.11024,0.25,0.15248
695,1,1.0,0.22016,0.75,0.63592,0.05,0.12792,0.25,0.1348
696,,0.925,0.15248,0.7,0.6036,0.025,0.0956,0.2,0.06712
697,,0.85,0.0848,0.65,0.57128,0.0,0.06328,0.15,-0.00056
698,8,0.825,0.06712,0.65,0.58896,0.025,0.08096,0.15,1.0
699,,0.75,-0.00056,0.6,0.55664,0.0,0.04864,0.1,0.93232
700,2,0.725,1.0,0.6,0.57432,0.025,0.06632,0.1,0.91464
701,,0.65,0.93232,0.55,0.542,0.0,0.034,0.05,0.84696
702,,0.575,0.86464,0.5,0.50968,-0.025,0.00168,0.0,0.77928
703,5,0.55,0.84696,0.5,0.52736,1.0,-0.23064,0.0,0.7616
704,6,0.525,0.82928,0.5,0.54504,0.775,1.0,0.0,0.74392
705,,0.45,0.7616,0.45,0.51272,0.75,0.96768,-0.05,0.67624
706,7,0.425,0.74392,0.45,0.5304,0.775,0.98536,1.0,0.65856
707,,0.35,0.67624,0.4,0.49808,0.75,0.95304,0.95,0.59088
708,,0.275,0.60856,0.35,0.46576,0.725,0.92072,0.9,0.5232
709,,0.2,0.54088,0.3,0.43344,0.7,0.8884,0.85,0.45552
710,,0.125,0.4732,0.25,0.40112,0.675,0.85608,0.8,0.38784
711,,0.05,0.40552,0.2,0.3688,0.65,0.82376,0.75,0.32016
712,,-0.025,0.33784,0.15,0.33648,0.625,0.79144,0.7,0.25248
713,1,1.0,0.32016,0.15,0.35416,0.65,0.80912,0.7,0.2348
714,,0.925,0.25248,0.1,0.32184,0.625,0.7768,0.65,0.16712
715,,0.85,0.1848,0.05,0.28952,0.6,0.74448,0.6,0.09944
716,,0.775,0.11712,0.0,0.2572,0.575,0.71216,0.55,0.03176
717,,0.7,0.04944,-0.05,0.22488,0.55,0.67984,0.5,-0.03592
718,3,0.675,0.03176,1.0,0.24256,0.575,0.69752,0.5,-0.0536
719,8,0.65,0.01408,1.0,0.26024,0.6,0.7152,0.5,1.0
720,,0.575,-0.0536,0.95,0.22792,0.575,0.68288,0.45,0.93232
721,2,0.55,1.0,0.95,0.2456,0.6,0.70056,0.45,0.91464
722,,0.475,0.93232,0.9,0.21328,0.575,0.66824,0.4,0.84696
723,,0.4,0.86464,0.85,0.18096,0.55,0.63592,0.35,0.77928
724,,0.325,0.79696,0.8,0.14864,0.525,0.6036,0.3,0.7116
725,,0.25,0.72928,0.75,0.11632,0.5,0.57128,0.25,0.64392
726,,0.175,0.6616,0.7,0.084,0.475,0.53896,0.2,0.57624
727,,0.1,0.59392,0.65,0.05168,0.45,0.50664,0.15,0.50856
728,,0.025,0.52624,0.6,0.01936,0.425,0.47432,0.1,0.44088
729,,-0.05,0.45856,0.55,-0.01296,0.4,0.442,0.05,0.3732
730,1,1.0,0.44088,0.55,0.00472,0.425,0.45968,0.05,0.35552
731,,0.925,0.3732,0.5,-0.0276,0.4,0.42736,0.0,0.28784
732,4,0.9,0.35552,0.5,1.0,0.425,0.44504,0.0,0.27016
733,,0.825,0.28784,0.45,0.96768,0.4,0.41272,-0.05,0.20248
734,7,0.8,0.27016,0.45,0.98536,0.425,0.4304,1.0,0.1848
735,,0.725,0.20248,0.4,0.95304,0.4,0.39808,0.95,0.11712
736,,0.65,0.1348,0.35,0.92072,0.375,0.36576,0.9,0.04944
737,,0.575,0.06712,0.3,0.8884,0.35,0.33344,0.85,-0.01824
738,8,0.55,0.04944,0.3,0.90608,0.375,0.35112,0.85,1.0
739,,0.475,-0.01824,0.25,0.87376,0.35,0.3188,0.8,0.93232
740,2,0.45,1.0,0.25,0.89144,0.375,0.33648,0.8,0.91464
741,,0.375,0.93232,0.2,0.85912,0.35,0.30416,0.75,0.84696
742,,0.3,0.86464,0.15,0.8268,0.325,0.27184,0.7,0.77928
743,,0.225,0.79696,0.1,0.79448,0.3,0.23952,0.65,0.7116
744,,0.15,0.72928,0.05,0.76216,0.275,0.2072,0.6,0.64392
745,,0.075,0.6616,0.0,0.72984,0.25,0.17488,0.55,0.57624
746,,-0.0,0.59392,-0.05,0.69752,0.225,0.14256,0.5,0.50856
747,3,-0.025,0.57624,1.0,0.7152,0.25,0.16024,0.5,0.49088
748,1,1.0,0.55856,1.0,0.73288,0.275,0.17792,0.5,0.4732
749,,0.925,0.49088,0.95,0.70056,0.25,0.1456,0.45,0.40552
750,,0.85,0.4232,0.9,0.66824,0.225,0.11328,0.4,0.33784
751,,0.775,0.35552,0.85,0.63592,0.2,0.08096,0.35,0.27016
752,,0.7,0.28784,0.8,0.6036,0.175,0.04864,0.3,0.20248
753,,0.625,0.22016,0.75,0.57128,0.15,0.01632,0.25,0.1348
754,,0.55,0.15248,0.7,0.53896,0.125,-0.016,0.2,0.06712
755,6,0.525,0.1348,0.7,0.55664,-0.1,1.0,0.2,0.04944
756,5,0.5,0.11712,0.7,0.57432,1.0,0.76768,0.2,0.03176
757,,0.425,0.04944,0.65,0.542,0.975,0.73536,0.15,-0.03592
758,8,0.4,0.03176,0.65,0.55968,1.0,0.75304,0.15,1.0
759,,0.325,-0.03592,0.6,0.52736,0.975,0.72072,0.1,0.93232
760,2,0.3,1.0,0.6,0.54504,1.0,0.7384,0.1,0.91464
761,,0.225,0.93232,0.55,0.51272,0.975,0.70608,0.05,0.84696
762,,0.15,0.86464,0.5,0.4804,0.95,0.67376,0.0,0.77928
763,,0.075,0.79696,0.45,0.44808,0.925,0.64144,-0.05,0.7116
764,7,0.05,0.77928,0.45,0.46576,0.95,0.65912,1.0,0.69392
765,,-0.025,0.7116,0.4,0.43344,0.925,0.6268,0.95,0.62624
766,1,1.0,0.69392,0.4,0.45112,0.95,0.64448,0.95,0.60856
767,,0.925,0.62624,0.35,0.4188,0.925,0.61216,0.9,0.54088
768,,0.85,0.55856,0.3,0.38648,0.9,0.57984,0.85,0.4732
769,,0.775,0.49088,0.25,0.35416,0.875,0.54752,0.8,0.40552
770,,0.7,0.4232,0.2,0.32184,0.85,0.5152,0.75,0.33784
771,,0.625,0.35552,0.15,0.28952,0.825,0.48288,0.7,0.27016
772,,0.55,0.28784,0.1,0.2572,0.8,0.45056,0.65,0.20248
773,,0.475,0.22016,0.05,0.22488,0.775,0.41824,0.6,0.1348
774,,0.4,0.15248,0.0,0.19256,0.75,0.38592,0.55,0.06712
775,,0.325,0.0848,-0.05,0.16024,0.725,0.3536,0.5,-0.00056
776,3,0.3,0.06712,1.0,0.17792,0.75,0.37128,0.5,-0.01824
777,8,0.275,0.04944,1.0,0.1956,0.775,0.38896,0.5,1.0
778,,0.2,-0.01824,0.95,0.16328,0.75,0.35664,0.45,0.93232
779,2,0.175,1.0,0.95,0.18096,0.775,0.37432,0.45,0.91464
780,,0.1,0.93232,0.9,0.14864,0.75,0.342,0.4,0.84696
781,,0.025,0.86464,0.85,0.11632,0.725,0.30968,0.35,0.77928
782,,-0.05,0.79696,0.8,0.084,0.7,0.27736,0.3,0.7116
783,1,1.0,0.77928,0.8,0.10168,0.725,0.29504,0.3,0.69392
784,,0.925,0.7116,0.75,0.06936,0.7,0.26272,0.25,0.62624
785,,0.85,0.64392,0.7,0.03704,0.675,0.2304,0.2,0.55856
786,,0.775,0.57624,0.65,0.00472,0.65,0.19808,0.15,0.49088
787,,0.7,0.50856,0.6,-0.0276,0.625,0.16576,0.1,0.4232
788,4,0.675,0.49088,0.6,1.0,0.65,0.18344,0.1,0.40552
789,,0.6,0.4232,0.55,0.96768,0.625,0.15112,0.05,0.33784
790,,0.525,0.35552,0.5,0.93536,0.6,0.1188,0.0,0.27016
791,,0.45,0.28784,0.45,0.90304,0.575,0.08648,-0.05,0.20248
792,7,0.425,0.27016,0.45,0.92072,0.6,0.10416,1.0,0.1848
793,,0.35,0.20248,0.4,0.8884,0.575,0.07184,0.95,0.11712
794,,0.275,0.1348,0.35,0.85608,0.55,0.03952,0.9,0.04944
795,,0.2,0.06712,0.3,0.82376,0.525,0.0072,0.85,-0.01824
796,8,0.175,0.04944,0.3,0.84144,0.55,0.02488,0.85,1.0
797,,0.1,-0.01824,0.25,0.80912,0.525,-0.00744,0.8,0.93232
798,2,0.075,1.0,0.25,0.8268,0.55,0.01024,0.8,0.91464
799,,-0.0,0.93232,0.2,0.79448,0.525,-0.02208,0.75,0.84696
800,6,-0.025,0.91464,0.2,0.81216,0.3,1.0,0.75,0.82928
801,1,1.0,0.89696,0.2,0.82984,0.325,1.0,0.75,0.8116
802,,0.925,0.82928,0.15,0.79752,0.3,0.96768,0.7,0.74392
803,,0.85,0.7616,0.1,0.7652,0.275,0.93536,0.65,0.67624
804,,0.775,0.69392,0.05,0.73288,0.25,0.90304,0.6,0.60856
805,,0.7,0.62624,0.0,0.70056,0.225,0.87072,0.55,0.54088
806,,0.625,0.55856,-0.05,0.66824,0.2,0.8384,0.5,0.4732
807,3,0.6,0.54088,1.0,0.68592,0.225,0.85608,0.5,0.45552
808,,0.525,0.4732,0.95,0.6536,0.2,0.82376,0.45,0.38784
809,,0.45,0.40552,0.9,0.62128,0.175,0.79144,0.4,0.32016
810,,0.375,0.33784,0.85,0.58896,0.15,0.75912,0.35,0.25248
811,,0.3,0.27016,0.8,0.55664,0.125,0.7268,0.3,0.1848
812,,0.225,0.20248,0.75,0.52432,0.1,0.69448,0.25,0.11712
813,,0.15,0.1348,0.7,0.492,0.075,0.66216,0.2,0.04944
814,,0.075,0.06712,0.65,0.45968,0.05,0.62984,0.15,-0.01824
815,8,0.05,0.04944,0.65,0.47736,0.075,0.64752,0.15,1.0
816,,-0.025,-0.01824,0.6,0.44504,0.05,0.6152,0.1,0.93232
817,1,1.0,-0.03592,0.6,0.46272,0.075,0.63288,0.1,0.91464
818,2,0.975,1.0,0.6,0.4804,0.1,0.65056,0.1,0.89696
819,,0.9,0.93232,0.55,0.44808,0.075,0.61824,0.05,0.82928
820,,0.825,0.86464,0.5,0.41576,0.05,0.58592,0.0,0.7616
821,,0.75,0.79696,0.45,0.38344,0.025,0.5536,-0.05,0.69392
822,7,0.725,0.77928,0.45,0.40112,0.05,0.57128,1.0,0.67624
823,,0.65,0.7116,0.4,0.3688,0.025,0.53896,0.95,0.60856
824,,0.575,0.64392,0.35,0.33648,0.0,0.50664,0.9,0.54088
825,,0.5,0.57624,0.3,0.30416,-0.025,0.47432,0.85,0.4732
826,5,0.475,0.55856,0.3,0.32184,1.0,0.242,0.85,0.45552
827,,0.4,0.49088,0.25,0.28952,0.975,0.20968,0.8,0.38784
828,,0.325,0.4232,0.2,0.2572,0.95,0.17736,0.75,0.32016
829,,0.25,0.35552,0.15,0.22488,0.925,0.14504,0.7,0.25248
830,,0.175,0.28784,0.1,0.19256,0.9,0.11272,0.65,0.1848
831,,0.1,0.22016,0.05,0.16024,0.875,0.0804,0.6,0.11712
832,,0.025,0.15248,0.0,0.12792,0.85,0.04808,0.55,0.04944
833,,-0.05,0.0848,-0.05,0.0956,0.825,0.01576,0.5,-0.01824
834,1,1.0,0.06712,-0.05,0.11328,0.85,0.03344,0.5,-0.03592
835,3,0.975,0.04944,1.0,0.13096,0.875,0.05112,0.5,-0.0536
836,8,0.95,0.03176,1.0,0.14864,0.9,0.0688,0.5,1.0
837,,0.875,-0.03592,0.95,0.11632,0.875,0.03648,0.45,0.93232
838,2,0.85,1.0,0.95,0.134,0.9,0.05416,0.45,0.91464
839,,0.775,0.93232,0.9,0.10168,0.875,0.02184,0.4,0.84696
840,,0.7,0.86464,0.85,0.06936,0.85,-0.01048,0.35,0.77928
841,6,0.675,0.84696,0.85,0.08704,0.625,1.0,0.35,0.7616
842,,0.6,0.77928,0.8,0.05472,0.6,0.96768,0.3,0.69392
843,,0.525,0.7116,0.75,0.0224,0.575,0.93536,0.25,0.62624
844,,0.45,0.64392,0.7,-0.00992,0.55,0.90304,0.2,0.55856
845,4,0.425,0.62624,0.7,1.0,0.575,0.92072,0.2,0.54088
846,,0.35,0.55856,0.65,0.96768,0.55,0.8884,0.15,0.4732
847,,0.275,0.49088,0.6,0.93536,0.525,0.85608,0.1,0.40552
848,,0.2,0.4232,0.55,0.90304,0.5,0.82376,0.05,0.33784
849,,0.125,0.35552,0.5,0.87072,0.475,0.79144,0.0,0.27016
850,,0.05,0.28784,0.45,0.8384,0.45,0.75912,-0.05,0.20248
851,7,0.025,0.27016,0.45,0.85608,0.475,0.7768,1.0,0.1848
852,,-0.05,0.20248,0.4,0.82376,0.45,0.74448,0.95,0.11712
853,1,1.0,0.1848,0.4,0.84144,0.475,0.76216,0.95,0.09944
854,,0.925,0.11712,0.35,0.80912,0.45,0.72984,0.9,0.03176
855,,0.85,0.04944,0.3,0.7768,0.425,0.69752,0.85,-0.03592
856,8,0.825,0.03176,0.3,0.79448,0.45,0.7152,0.85,1.0
857,,0.75,-0.03592,0.25,0.76216,0.425,0.68288,0.8,0.93232
858,2,0.725,1.0,0.25,0.77984,0.45,0.70056,0.8,0.91464
859,,0.65,0.93232,0.2,0.74752,0.425,0.66824,0.75,0.84696
860,,0.575,0.86464,0.15,0.7152,0.4,0.63592,0.7,0.77928
861,,0.5,0.79696,0.1,0.68288,0.375,0.6036,0.65,0.7116
862,,0.425,0.72928,0.05,0.65056,0.35,0.57128,0.6,0.64392
863,,0.35,0.6616,0.0,0.61824,0.325,0.53896,0.55,0.57624
864,,0.275,0.59392,-0.05,0.58592,0.3,0.50664,0.5,0.50856
865,3,0.25,0.57624,1.0,0.6036,0.325,0.52432,0.5,0.49088
866,,0.175,0.50856,0.95,0.57128,0.3,0.492,0.45,0.4232
867,,0.1,0.44088,0.9,0.53896,0.275,0.45968,0.4,0.35552
868,,0.025,0.3732,0.85,0.50664,0.25,0.42736,0.35,0.28784
869,,-0.05,0.30552,0.8,0.47432,0.225,0.39504,0.3,0.22016
870,1,1.0,0.28784,0.8,0.492,0.25,0.41272,0.3,0.20248
871,,0.925,0.22016,0.75,0.45968,0.225,0.3804,0.25,0.1348
872,,0.85,0.15248,0.7,0.42736,0.2,0.34808,0.2,0.06712
873,,0.775,0.0848,0.65,0.39504,0.175,0.31576,0.15,-0.00056
874,8,0.75,0.06712,0.65,0.41272,0.2,0.33344,0.15,1.0
875,,0.675,-0.00056,0.6,0.3804,0.175,0.30112,0.1,0.93232
876,2,0.65,1.0,0.6,0.39808,0.2,0.3188,0.1,0.91464
877,,0.575,0.93232,0.55,0.36576,0.175,0.28648,0.05,0.84696
878,,0.5,0.86464,0.5,0.33344,0.15,0.25416,0.0,0.77928
879,,0.425,0.79696,0.45,0.30112,0.125,0.22184,-0.05,0.7116
880,7,0.4,0.77928,0.45,0.3188,0.15,0.23952,1.0,0.69392
881,,0.325,0.7116,0.4,0.28648,0.125,0.2072,0.95,0.62624
882,,0.25,0.64392,0.35,0.25416,0.1,0.17488,0.9,0.55856
883,,0.175,0.57624,0.3,0.22184,0.075,0.14256,0.85,0.49088
884,,0.1,0.50856,0.25,0.18952,0.05,0.11024,0.8,0.4232
885,,0.025,0.44088,0.2,0.1572,0.025,0.07792,0.75,0.35552
886,,-0.05,0.3732,0.15,0.12488,0.0,0.0456,0.7,0.28784
887,1,1.0,0.35552,0.15,0.14256,0.025,0.06328,0.7,0.27016
888,,0.925,0.28784,0.1,0.11024,0.0,0.03096,0.65,0.20248
889,,0.85,0.22016,0.05,0.07792,-0.025,-0.00136,0.6,0.1348
890,5,0.825,0.20248,0.05,0.0956,1.0,-0.23368,0.6,0.11712
891,6,0.8,0.1848,0.05,0.11328,0.775,1.0,0.6,0.09944
892,,0.725,0.11712,0.0,0.08096,0.75,0.96768,0.55,0.03176
893,,0.65,0.04944,-0.05,0.04864,0.725,0.93536,0.5,-0.03592
894,3,0.625,0.03176,1.0,0.06632,0.75,0.95304,0.5,-0.0536
895,8,0.6,0.01408,1.0,0.084,0.775,0.97072,0.5,1.0
896,,0.525,-0.0536,0.95,0.05168,0.75,0.9384,0.45,0.93232
897,2,0.5,1.0,0.95,0.06936,0.775,0.95608,0.45,0.91464
898,,0.425,0.93232,0.9,0.03704,0.75,0.92376,0.4,0.84696
899,,0.35,0.86464,0.85,0.00472,0.725,0.89144,0.35,0.77928
900,,0.275,0.79696,0.8,-0.0276,0.7,0.85912,0.3,0.7116
901,4,0.25,0.77928,0.8,1.0,0.725,0.8768,0.3,0.69392
902,,0.175,0.7116,0.75,0.96768,0.7,0.84448,0.25,0.62624
903,,0.1,0.64392,0.7,0.93536,0.675,0.81216,0.2,0.55856
904,,0.025,0.57624,0.65,0.90304,0.65,0.77984,0.15,0.49088
905,,-0.05,0.50856,0.6,0.87072,0.625,0.74752,0.1,0.4232
906,1,1.0,0.49088,0.6,0.8884,0.65,0.7652,0.1,0.40552
907,,0.925,0.4232,0.55,0.85608,0.625,0.73288,0.05,0.33784
908,,0.85,0.35552,0.5,0.82376,0.6,0.70056,0.0,0.27016
909,,0.775,0.28784,0.45,0.79144,0.575,0.66824,-0.05,0.20248
910,7,0.75,0.27016,0.45,0.80912,0.6,0.68592,1.0,0.1848
911,,0.675,0.20248,0.4,0.7768,0.575,0.6536,0.95,0.11712
912,,0.6,0.1348,0.35,0.74448,0.55,0.62128,0.9,0.04944
913,,0.525,0.06712,0.3,0.71216,0.525,0.58896,0.85,-0.01824
914,8,0.5,0.04944,0.3,0.72984,0.55,0.60664,0.85,1.0
915,,0.425,-0.01824,0.25,0.69752,0.525,0.57432,0.8,0.93232
916,2,0.4,1.0,0.25,0.7152,0.55,0.592,0.8,0.91464
917,,0.325,0.93232,0.2,0.68288,0.525,0.55968,0.75,0.84696
918,,0.25,0.86464,0.15,0.65056,0.5,0.52736,0.7,0.77928
919,,0.175,0.79696,0.1,0.61824,0.475,0.49504,0.65,0.7116
920,,0.1,0.72928,0.05,0.58592,0.45,0.46272,0.6,0.64392
921,,0.025,0.6616,0.0,0.5536,0.425,0.4304,0.55,0.57624
922,,-0.05,0.59392,-0.05,0.52128,0.4,0.39808,0.5,0.50856
923,3,-0.075,0.57624,1.0,0.53896,0.425,0.41576,0.5,0.49088
924,1,1.0,0.55856,1.0,0.55664,0.45,0.43344,0.5,0.4732
925,,0.925,0.49088,0.95,0.52432,0.425,0.40112,0.45,0.40552
926,,0.85,0.4232,0.9,0.492,0.4,0.3688,0.4,0.33784
927,,0.775,0.35552,0.85,0.45968,0.375,0.33648,0.35,0.27016
928,,0.7,0.28784,0.8,0.42736,0.35,0.30416,0.3,0.20248
929,,0.625,0.22016,0.75,0.39504,0.325,0.27184,0.25,0.1348
930,,0.55,0.15248,0.7,0.36272,0.3,0.23952,0.2,0.06712
931,,0.475,0.0848,0.65,0.3304,0.275,0.2072,0.15,-0.00056
932,8,0.45,0.06712,0.65,0.34808,0.3,0.22488,0.15,1.0
933,,0.375,-0.00056,0.6,0.31576,0.275,0.19256,0.1,0.93232
934,2,0.35,1.0,0.6,0.33344,0.3,0.21024,0.1,0.91464
935,,0.275,0.93232,0.55,0.30112,0.275,0.17792,0.05,0.84696
936,,0.2,0.86464,0.5,0.2688,0.25,0.1456,0.0,0.77928
937,,0.125,0.79696,0.45,0.23648,0.225,0.11328,-0.05,0.7116
938,7,0.1,0.77928,0.45,0.25416,0.25,0.13096,1.0,0.69392
939,,0.025,0.7116,0.4,0.22184,0.225,0.09864,0.95,0.62624
940,,-0.05,0.64392,0.35,0.18952,0.2,0.06632,0.9,0.55856
941,1,1.0,0.62624,0.35,0.2072,0.225,0.084,0.9,0.54088
942,,0.925,0.55856,0.3,0.17488,0.2,0.05168,0.85,0.4732
943,,0.85,0.49088,0.25,0.14256,0.175,0.01936,0.8,0.40552
944,,0.775,0.4232,0.2,0.11024,0.15,-0.01296,0.75,0.33784
945,6,0.75,0.40552,0.2,0.12792,-0.075,1.0,0.75,0.32016
946,5,0.725,0.38784,0.2,0.1456,1.0,0.76768,0.75,0.30248
947,,0.65,0.32016,0.15,0.11328,0.975,0.73536,0.7,0.2348
948,,0.575,0.25248,0.1,0.08096,0.95,0.70304,0.65,0.16712
949,,0.5,0.1848,0.05,0.04864,0.925,0.67072,0.6,0.09944
950,,0.425,0.11712,0.0,0.01632,0.9,0.6384,0.55,0.03176
951,,0.35,0.04944,-0.05,-0.016,0.875,0.60608,0.5,-0.03592
952,3,0.325,0.03176,1.0,0.00168,0.9,0.62376,0.5,-0.0536
953,8,0.3,0.01408,1.0,0.01936,0.925,0.64144,0.5,1.0
954,,0.225,-0.0536,0.95,-0.01296,0.9,0.60912,0.45,0.93232
955,2,0.2,1.0,0.95,0.00472,0.925,0.6268,0.45,0.91464
956,,0.125,0.93232,0.9,-0.0276,0.9,0.59448,0.4,0.84696
957,4,0.1,0.91464,0.9,1.0,0.925,0.61216,0.4,0.82928
958,,0.025,0.84696,0.85,0.96768,0.9,0.57984,0.35,0.7616
959,,-0.05,0.77928,0.8,0.93536,0.875,0.54752,0.3,0.69392
960,1,1.0,0.7616,0.8,0.95304,0.9,0.5652,0.3,0.67624
961,,0.925,0.69392,0.75,0.92072,0.875,0.53288,0.25,0.60856
962,,0.85,0.62624,0.7,0.8884,0.85,0.50056,0.2,0.54088
963,,0.775,0.55856,0.65,0.85608,0.825,0.46824,0.15,0.4732
964,,0.7,0.49088,0.6,0.82376,0.8,0.43592,0.1,0.40552
965,,0.625,0.4232,0.55,0.79144,0.775,0.4036,0.05,0.33784
966,,0.55,0.35552,0.5,0.75912,0.75,0.37128,0.0,0.27016
967,,0.475,0.28784,0.45,0.7268,0.725,0.33896,-0.05,0.20248
968,7,0.45,0.27016,0.45,0.74448,0.75,0.35664,1.0,0.1848
969,,0.375,0.20248,0.4,0.71216,0.725,0.32432,0.95,0.11712
970,,0.3,0.1348,0.35,0.67984,0.7,0.292,0.9,0.04944
971,,0.225,0.06712,0.3,0.64752,0.675,0.25968,0.85,-0.01824
972,8,0.2,0.04944,0.3,0.6652,0.7,0.27736,0.85,1.0
973,,0.125,-0.01824,0.25,0.63288,0.675,0.24504,0.8,0.93232
974,2,0.1,1.0,0.25,0.65056,0.7,0.26272,0.8,0.91464
975,,0.025,0.93232,0.2,0.61824,0.675,0.2304,0.75,0.84696
976,,-0.05,0.86464,0.15,0.58592,0.65,0.19808,0.7,0.77928
977,1,1.0,0.84696,0.15,0.6036,0.675,0.21576,0.7,0.7616
978,,0.925,0.77928,0.1,0.57128,0.65,0.18344,0.65,0.69392
979,,0.85,0.7116,0.05,0.53896,0.625,0.15112,0.6,0.62624
980,,0.775,0.64392,0.0,0.50664,0.6,0.1188,0.55,0.55856
981,,0.7,0.57624,-0.05,0.47432,0.575,0.08648,0.5,0.49088
982,3,0.675,0.55856,1.0,0.492,0.6,0.10416,0.5,0.4732
983,,0.6,0.49088,0.95,0.45968,0.575,0.07184,0.45,0.40552
984,,0.525,0.4232,0.9,0.42736,0.55,0.03952,0.4,0.33784
985,,0.45,0.35552,0.85,0.39504,0.525,0.0072,0.35,0.27016
986,,0.375,0.28784,0.8,0.36272,0.5,-0.02512,0.3,0.20248
987,6,0.35,0.27016,0.8,0.3804,0.275,1.0,0.3,0.1848
988,,0.275,0.20248,0.75,0.34808,0.25,0.96768,0.25,0.11712
989,,0.2,0.1348,0.7,0.31576,0.225,0.93536,0.2,0.04944
990,,0.125,0.06712,0.65,0.28344,0.2,0.90304,0.15,-0.01824
991,8,0.1,0.04944,0.65,0.30112,0.225,0.92072,0.15,1.0
992,,0.025,-0.01824,0.6,0.2688,0.2,0.8884,0.1,0.93232
993,2,0.0,1.0,0.6,0.28648,0.225,0.90608,0.1,0.91464
994,,-0.075,0.93232,0.55,0.25416,0.2,0.87376,0.05,0.84696
995,1,1.0,0.91464,0.55,0.27184,0.225,0.89144,0.05,0.82928
996,,0.925,0.84696,0.5,0.23952,0.2,0.85912,0.0,0.7616
997,,0.85,0.77928,0.45,0.2072,0.175,0.8268,-0.05,0.69392
998,7,0.825,0.7616,0.45,0.22488,0.2,0.84448,1.0,0.67624
999,,0.75,0.69392,0.4,0.19256,0.175,0.81216,0.95,0.60856
1000,,0.675,0.62624,0.35,0.16024,0.15,0.77984,0.9,0.54088
1001,,0.6,0.55856,0.3,0.12792,0.125,0.74752,0.85,0.4732
1002,,0.525,0.49088,0.25,0.0956,0.1,0.7152,0.8,0.40552
1003,,0.45,0.4232,0.2,0.06328,0.075,0.68288,0.75,0.33784
1004,,0.375,0.35552,0.15,0.03096,0.05,0.65056,0.7,0.27016
1005,,0.3,0.28784,0.1,-0.00136,0.025,0.61824,0.65,0.20248
1006,4,0.275,0.27016,0.1,1.0,0.05,0.63592,0.65,0.1848
1007,,0.2,0.20248,0.05,0.96768,0.025,0.6036,0.6,0.11712
1008,,0.125,0.1348,0.0,0.93536,0.0,0.57128,0.55,0.04944
1009,,0.05,0.06712,-0.05,0.90304,-0.025,0.53896,0.5,-0.01824
1010,3,0.025,0.04944,1.0,0.92072,0.0,0.55664,0.5,-0.03592
1011,8,0.0,0.03176,1.0,0.9384,0.025,0.57432,0.5,1.0
1012,,-0.075,-0.03592,0.95,0.90608,0.0,0.542,0.45,0.93232
1013,1,1.0,-0.0536,0.95,0.92376,0.025,0.55968,0.45,0.91464
1014,2,0.975,1.0,0.95,0.94144,0.05,0.57736,0.45,0.89696
1015,,0.9,0.93232,0.9,0.90912,0.025,0.54504,0.4,0.82928
1016,,0.825,0.86464,0.85,0.8768,0.0,0.51272,0.35,0.7616
1017,,0.75,0.79696,0.8,0.84448,-0.025,0.4804,0.3,0.69392
1018,5,0.725,0.77928,0.8,0.86216,1.0,0.24808,0.3,0.67624
1019,,0.65,0.7116,0.75,0.82984,0.975,0.21576,0.25,0.60856
1020,,0.575,0.64392,0.7,0.79752,0.95,0.18344,0.2,0.54088
1021,,0.5,0.57624,0.65,0.7652,0.925,0.15112,0.15,0.4732
1022,,0.425,0.50856,0.6,0.73288,0.9,0.1188,0.1,0.40552
1023,,0.35,0.44088,0.55,0.70056,0.875,0.08648,0.05,0.33784
1024,,0.275,0.3732,0.5,0.66824,0.85,0.05416,0.0,0.27016
1025,,0.2,0.30552,0.45,0.63592,0.825,0.02184,-0.05,0.20248
1026,7,0.175,0.28784,0.45,0.6536,0.85,0.03952,1.0,0.1848
1027,,0.1,0.22016,0.4,0.62128,0.825,0.0072,0.95,0.11712
1028,,0.025,0.15248,0.35,0.58896,0.8,-0.02512,0.9,0.04944
1029,6,0.0,0.1348,0.35,0.60664,0.575,1.0,0.9,0.03176
1030,,-0.075,0.06712,0.3,0.57432,0.55,0.96768,0.85,-0.03592
1031,1,1.0,0.04944,0.3,0.592,0.575,0.98536,0.85,-0.0536
1032,8,0.975,0.03176,0.3,0.60968,0.6,1.0,0.85,1.0
1033,,0.9,-0.03592,0.25,0.57736,0.575,0.96768,0.8,0.93232
1034,2,0.875,1.0,0.25,0.59504,0.6,0.98536,0.8,0.91464
1035,,0.8,0.93232,0.2,0.56272,0.575,0.95304,0.75,0.84696
1036,,0.725,0.86464,0.15,0.5304,0.55,0.92072,0.7,0.77928
1037,,0.65,0.79696,0.1,0.49808,0.525,0.8884,0.65,0.7116
1038,,0.575,0.72928,0.05,0.46576,0.5,0.85608,0.6,0.64392
1039,,0.5,0.6616,0.0,0.43344,0.475,0.82376,0.55,0.57624
1040,,0.425,0.59392,-0.05,0.40112,0.45,0.79144,0.5,0.50856
1041,3,0.4,0.57624,1.0,0.4188,0.475,0.80912,0.5,0.49088
1042,,0.325,0.50856,0.95,0.38648,0.45,0.7768,0.45,0.4232
1043,,0.25,0.44088,0.9,0.35416,0.425,0.74448,0.4,0.35552
1044,,0.175,0.3732,0.85,0.32184,0.4,0.71216,0.35,0.28784
1045,,0.1,0.30552,0.8,0.28952,0.375,0.67984,0.3,0.22016
1046,,0.025,0.23784,0.75,0.2572,0.35,0.64752,0.25,0.15248
1047,,-0.05,0.17016,0.7,0.22488,0.325,0.6152,0.2,0.0848
1048,1,1.0,0.15248,0.7,0.24256,0.35,0.63288,0.2,0.06712
1049,,0.925,0.0848,0.65,0.21024,0.325,0.60056,0.15,-0.00056
1050,8,0.9,0.06712,0.65,0.22792,0.35,0.61824,0.15,1.0
1051,,0.825,-0.00056,0.6,0.1956,0.325,0.58592,0.1,0.93232
1052,2,0.8,1.0,0.6,0.21328,0.35,0.6036,0.1,0.91464
1053,,0.725,0.93232,0.55,0.18096,0.325,0.57128,0.05,0.84696
1054,,0.65,0.86464,0.5,0.14864,0.3,0.53896,0.0,0.77928
1055,,0.575,0.79696,0.45,0.11632,0.275,0.50664,-0.05,0.7116
1056,7,0.55,0.77928,0.45,0.134,0.3,0.52432,1.0,0.69392
1057,,0.475,0.7116,0.4,0.10168,0.275,0.492,0.95,0.62624
1058,,0.4,0.64392,0.35,0.06936,0.25,0.45968,0.9,0.55856
1059,,0.325,0.57624,0.3,0.03704,0.225,0.42736,0.85,0.49088
1060,,0.25,0.50856,0.25,0.00472,0.2,0.39504,0.8,0.4232
1061,,0.175,0.44088,0.2,-0.0276,0.175,0.36272,0.75,0.35552
1062,4,0.15,0.4232,0.2,1.0,0.2,0.3804,0.75,0.33784
1063,,0.075,0.35552,0.15,0.96768,0.175,0.34808,0.7,0.27016
1064,,-0.0,0.28784,0.1,0.93536,0.15,0.31576,0.65,0.20248
1065,,-0.075,0.22016,0.05,0.90304,0.125,0.28344,0.6,0.1348
1066,1,1.0,0.20248,0.05,0.92072,0.15,0.30112,0.6,0.11712
1067,,0.925,0.1348,0.0,0.8884,0.125,0.2688,0.55,0.04944
1068,,0.85,0.06712,-0.05,0.85608,0.1,0.23648,0.5,-0.01824
1069,3,0.825,0.04944,1.0,0.87376,0.125,0.25416,0.5,-0.03592
1070,8,0.8,0.03176,1.0,0.89144,0.15,0.27184,0.5,1.0
1071,,0.725,-0.03592,0.95,0.85912,0.125,0.23952,0.45,0.93232
1072,2,0.7,1.0,0.95,0.8768,0.15,0.2572,0.45,0.91464
1073,,0.625,0.93232,0.9,0.84448,0.125,0.22488,0.4,0.84696
1074,,0.55,0.86464,0.85,0.81216,0.1,0.19256,0.35,0.77928
1075,,0.475,0.79696,0.8,0.77984,0.075,0.16024,0.3,0.7116
1076,,0.4,0.72928,0.75,0.74752,0.05,0.12792,0.25,0.64392
1077,,0.325,0.6616,0.7,0.7152,0.025,0.0956,0.2,0.57624
1078,,0.25,0.59392,0.65,0.68288,0.0,0.06328,0.15,0.50856
1079,,0.175,0.52624,0.6,0.65056,-0.025,0.03096,0.1,0.44088
1080,5,0.15,0.50856,0.6,0.66824,1.0,-0.20136,0.1,0.4232
1081,6,0.125,0.49088,0.6,0.68592,0.775,1.0,0.1,0.40552
1082,,0.05,0.4232,0.55,0.6536,0.75,0.96768,0.05,0.33784
1083,,-0.025,0.35552,0.5,0.62128,0.725,0.93536,0.0,0.27016
1084,1,1.0,0.33784,0.5,0.63896,0.75,0.95304,0.0,0.25248
1085,,0.925,0.27016,0.45,0.60664,0.725,0.92072,-0.05,0.1848
1086,7,0.9,0.25248,0.45,0.62432,0.75,0.9384,1.0,0.16712
1087,,0.825,0.1848,0.4,0.592,0.725,0.90608,0.95,0.09944
1088,,0.75,0.11712,0.35,0.55968,0.7,0.87376,0.9,0.03176
1089,,0.675,0.04944,0.3,0.52736,0.675,0.84144,0.85,-0.03592
1090,8,0.65,0.03176,0.3,0.54504,0.7,0.85912,0.85,1.0
1091,,0.575,-0.03592,0.25,0.51272,0.675,0.8268,0.8,0.93232
1092,2,0.55,1.0,0.25,0.5304,0.7,0.84448,0.8,0.91464
1093,,0.475,0.93232,0.2,0.49808,0.675,0.81216,0.75,0.84696
1094,,0.4,0.86464,0.15,0.46576,0.65,0.77984,0.7,0.77928
1095,,0.325,0.79696,0.1,0.43344,0.625,0.74752,0.65,0.7116
1096,,0.25,0.72928,0.05,0.40112,0.6,0.7152,0.6,0.64392
1097,,0.175,0.6616,0.0,0.3688,0.575,0.68288,0.55,0.57624
1098,,0.1,0.59392,-0.05,0.33648,0.55,0.65056,0.5,0.50856
1099,3,0.075,0.57624,1.0,0.35416,0.575,0.66824,0.5,0.49088
1100,,-0.0,0.50856,0.95,0.32184,0.55,0.63592,0.45,0.4232
1101,,-0.075,0.44088,0.9,0.28952,0.525,0.6036,0.4,0.35552
1102,1,1.0,0.4232,0.9,0.3072,0.55,0.62128,0.4,0.33784
1103,,0.925,0.35552,0.85,0.27488,0.525,0.58896,0.35,0.27016
1104,,0.85,0.28784,0.8,0.24256,0.5,0.55664,0.3,0.20248
1105,,0.775,0.22016,0.75,0.21024,0.475,0.52432,0.25,0.1348
1106,,0.7,0.15248,0.7,0.17792,0.45,0.492,0.2,0.06712
1107,,0.625,0.0848,0.65,0.1456,0.425,0.45968,0.15,-0.00056
1108,8,0.6,0.06712,0.65,0.16328,0.45,0.47736,0.15,1.0
1109,,0.525,-0.00056,0.6,0.13096,0.425,0.44504,0.1,0.93232
1110,2,0.5,1.0,0.6,0.14864,0.45,0.46272,0.1,0.91464
1111,,0.425,0.93232,0.55,0.11632,0.425,0.4304,0.05,0.84696
1112,,0.35,0.86464,0.5,0.084,0.4,0.39808,0.0,0.77928
1113,,0.275,0.79696,0.45,0.05168,0.375,0.36576,-0.05,0.7116
1114,7,0.25,0.77928,0.45,0.06936,0.4,0.38344,1.0,0.69392
1115,,0.175,0.7116,0.4,0.03704,0.375,0.35112,0.95,0.62624
1116,,0.1,0.64392,0.35,0.00472,0.35,0.3188,0.9,0.55856
1117,,0.025,0.57624,0.3,-0.0276,0.325,0.28648,0.85,0.49088
1118,4,0.0,0.55856,0.3,1.0,0.35,0.30416,0.85,0.4732
1119,,-0.075,0.49088,0.25,0.96768,0.325,0.27184,0.8,0.40552
1120,1,1.0,0.4732,0.25,0.98536,0.35,0.28952,0.8,0.38784
1121,,0.925,0.40552,0.2,0.95304,0.325,0.2572,0.75,0.32016
1122,,0.85,0.33784,0.15,0.92072,0.3,0.22488,0.7,0.25248
1123,,0.775,0.27016,0.1,0.8884,0.275,0.19256,0.65,0.1848
1124,,0.7,0.20248,0.05,0.85608,0.25,0.16024,0.6,0.11712
1125,,0.625,0.1348,0.0,0.82376,0.225,0.12792,0.55,0.04944
1126,,0.55,0.06712,-0.05,0.79144,0.2,0.0956,0.5,-0.01824
1127,3,0.525,0.04944,1.0,0.80912,0.225,0.11328,0.5,-0.03592
1128,8,0.5,0.03176,1.0,0.8268,0.25,0.13096,0.5,1.0
1129,,0.425,-0.03592,0.95,0.79448,0.225,0.09864,0.45,0.93232
1130,2,0.4,1.0,0.95,0.81216,0.25,0.11632,0.45,0.91464
1131,,0.325,0.93232,0.9,0.77984,0.225,0.084,0.4,0.84696
1132,,0.25,0.86464,0.85,0.74752,0.2,0.05168,0.35,0.77928
1133,,0.175,0.79696,0.8,0.7152,0.175,0.01936,0.3,0.7116
1134,,0.1,0.72928,0.75,0.68288,0.15,-0.01296,0.25,0.64392
1135,6,0.075,0.7116,0.75,0.70056,-0.075,1.0,0.25,0.62624
1136,5,0.05,0.69392,0.75,0.71824,1.0,0.76768,0.25,0.60856
1137,,-0.025,0.62624,0.7,0.68592,0.975,0.73536,0.2,0.54088
1138,1,1.0,0.60856,0.7,0.7036,1.0,0.75304,0.2,0.5232
1139,,0.925,0.54088,0.65,0.67128,0.975,0.72072,0.15,0.45552
1140,,0.85,0.4732,0.6,0.63896,0.95,0.6884,0.1,0.38784
1141,,0.775,0.40552,0.55,0.60664,0.925,0.65608,0.05,0.32016
1142,,0.7,0.33784,0.5,0.57432,0.9,0.62376,0.0,0.25248
1143,,0.625,0.27016,0.45,0.542,0.875,0.59144,-0.05,0.1848
1144,7,0.6,0.25248,0.45,0.55968,0.9,0.60912,1.0,0.16712
1145,,0.525,0.1848,0.4,0.52736,0.875,0.5768,0.95,0.09944
1146,,0.45,0.11712,0.35,0.49504,0.85,0.54448,0.9,0.03176
1147,,0.375,0.04944,0.3,0.46272,0.825,0.51216,0.85,-0.03592
1148,8,0.35,0.03176,0.3,0.4804,0.85,0.52984,0.85,1.0
1149,,0.275,-0.03592,0.25,0.44808,0.825,0.49752,0.8,0.93232
1150,2,0.25,1.0,0.25,0.46576,0.85,0.5152,0.8,0.91464
1151,,0.175,0.93232,0.2,0.43344,0.825,0.48288,0.75,0.84696
1152,,0.1,0.86464,0.15,0.40112,0.8,0.45056,0.7,0.77928
1153,,0.025,0.79696,0.1,0.3688,0.775,0.41824,0.65,0.7116
1154,,-0.05,0.72928,0.05,0.33648,0.75,0.38592,0.6,0.64392
1155,1,1.0,0.7116,0.05,0.35416,0.775,0.4036,0.6,0.62624
1156,,0.925,0.64392,0.0,0.32184,0.75,0.37128,0.55,0.55856
1157,,0.85,0.57624,-0.05,0.28952,0.725,0.33896,0.5,0.49088
1158,3,0.825,0.55856,1.0,0.3072,0.75,0.35664,0.5,0.4732
1159,,0.75,0.49088,0.95,0.27488,0.725,0.32432,0.45,0.40552
1160,,0.675,0.4232,0.9,0.24256,0.7,0.292,0.4,0.33784
1161,,0.6,0.35552,0.85,0.21024,0.675,0.25968,0.35,0.27016
1162,,0.525,0.28784,0.8,0.17792,0.65,0.22736,0.3,0.20248
1163,,0.45,0.22016,0.75,0.1456,0.625,0.19504,0.25,0.1348
1164,,0.375,0.15248,0.7,0.11328,0.6,0.16272,0.2,0.06712
1165,,0.3,0.0848,0.65,0.08096,0.575,0.1304,0.15,-0.00056
1166,8,0.275,0.06712,0.65,0.09864,0.6,0.14808,0.15,1.0
1167,,0.2,-0.00056,0.6,0.06632,0.575,0.11576,0.1,0.93232
1168,2,0.175,1.0,0.6,0.084,0.6,0.13344,0.1,0.91464
1169,,0.1,0.93232,0.55,0.05168,0.575,0.10112,0.05,0.84696
1170,,0.025,0.86464,0.5,0.01936,0.55,0.0688,0.0,0.77928
1171,,-0.05,0.79696,0.45,-0.01296,0.525,0.03648,-0.05,0.7116
1172,1,1.0,0.77928,0.45,0.00472,0.55,0.05416,-0.05,0.69392
1173,7,0.975,0.7616,0.45,0.0224,0.575,0.07184,1.0,0.67624
1174,,0.9,0.69392,0.4,-0.00992,0.55,0.03952,0.95,0.60856
1175,4,0.875,0.67624,0.4,1.0,0.575,0.0572,0.95,0.59088
1176,,0.8,0.60856,0.35,0.96768,0.55,0.02488,0.9,0.5232
1177,,0.725,0.54088,0.3,0.93536,0.525,-0.00744,0.85,0.45552
1178,6,0.7,0.5232,0.3,0.95304,0.3,1.0,0.85,0.43784
1179,,0.625,0.45552,0.25,0.92072,0.275,0.96768,0.8,0.37016
1180,,0.55,0.38784,0.2,0.8884,0.25,0.93536,0.75,0.30248
1181,,0.475,0.32016,0.15,0.85608,0.225,0.90304,0.7,0.2348
1182,,0.4,0.25248,0.1,0.82376,0.2,0.87072,0.65,0.16712
1183,,0.325,0.1848,0.05,0.79144,0.175,0.8384,0.6,0.09944
1184,,0.25,0.11712,0.0,0.75912,0.15,0.80608,0.55,0.03176
1185,,0.175,0.04944,-0.05,0.7268,0.125,0.77376,0.5,-0.03592
1186,3,0.15,0.03176,1.0,0.74448,0.15,0.79144,0.5,-0.0536
1187,8,0.125,0.01408,1.0,0.76216,0.175,0.80912,0.5,1.0
1188,,0.05,-0.0536,0.95,0.72984,0.15,0.7768,0.45,0.93232
1189,2,0.025,1.0,0.95,0.74752,0.175,0.79448,0.45,0.91464
1190,,-0.05,0.93232,0.9,0.7152,0.15,0.76216,0.4,0.84696
1191,1,1.0,0.91464,0.9,0.73288,0.175,0.77984,0.4,0.82928
1192,,0.925,0.84696,0.85,0.70056,0.15,0.74752,0.35,0.7616
1193,,0.85,0.77928,0.8,0.66824,0.125,0.7152,0.3,0.69392
1194,,0.775,0.7116,0.75,0.63592,0.1,0.68288,0.25,0.62624
1195,,0.7,0.64392,0.7,0.6036,0.075,0.65056,0.2,0.55856
1196,,0.625,0.57624,0.65,0.57128,0.05,0.61824,0.15,0.49088
1197,,0.55,0.50856,0.6,0.53896,0.025,0.58592,0.1,0.4232
1198,,0.475,0.44088,0.55,0.50664,0.0,0.5536,0.05,0.35552
1199,,0.4,0.3732,0.5,0.47432,-0.025,0.52128,0.0,0.28784
1200,5,0.375,0.35552,0.5,0.492,1.0,0.28896,0.0,0.27016
1201,,0.3,0.28784,0.45,0.45968,0.975,0.25664,-0.05,0.20248
1202,7,0.275,0.27016,0.45,0.47736,1.0,0.27432,1.0,0.1848
1203,,0.2,0.20248,0.4,0.44504,0.975,0.242,0.95,0.11712
1204,,0.125,0.1348,0.35,0.41272,0.95,0.20968,0.9,0.04944
1205,,0.05,0.06712,0.3,0.3804,0.925,0.17736,0.85,-0.01824
1206,8,0.025,0.04944,0.3,0.39808,0.95,0.19504,0.85,1.0
1207,,-0.05,-0.01824,0.25,0.36576,0.925,0.16272,0.8,0.93232
1208,1,1.0,-0.03592,0.25,0.38344,0.95,0.1804,0.8,0.91464
1209,2,0.975,1.0,0.25,0.40112,0.975,0.19808,0.8,0.89696
1210,,0.9,0.93232,0.2,0.3688,0.95,0.16576,0.75,0.82928
1211,,0.825,0.86464,0.15,0.33648,0.925,0.13344,0.7,0.7616
1212,,0.75,0.79696,0.1,0.30416,0.9,0.10112,0.65,0.69392
1213,,0.675,0.72928,0.05,0.27184,0.875,0.0688,0.6,0.62624
1214,,0.6,0.6616,0.0,0.23952,0.85,0.03648,0.55,0.55856
1215,,0.525,0.59392,-0.05,0.2072,0.825,0.00416,0.5,0.49088
1216,3,0.5,0.57624,1.0,0.22488,0.85,0.02184,0.5,0.4732
1217,,0.425,0.50856,0.95,0.19256,0.825,-0.01048,0.45,0.40552
1218,6,0.4,0.49088,0.95,0.21024,0.6,1.0,0.45,0.38784
1219,,0.325,0.4232,0.9,0.17792,0.575,0.96768,0.4,0.32016
1220,,0.25,0.35552,0.85,0.1456,0.55,0.93536,0.35,0.25248
1221,,0.175,0.28784,0.8,0.11328,0.525,0.90304,0.3,0.1848
1222,,0.1,0.22016,0.75,0.08096,0.5,0.87072,0.25,0.11712
1223,,0.025,0.15248,0.7,0.04864,0.475,0.8384,0.2,0.04944
1224,,-0.05,0.0848,0.65,0.01632,0.45,0.80608,0.15,-0.01824
1225,1,1.0,0.06712,0.65,0.034,0.475,0.82376,0.15,-0.03592
1226,8,0.975,0.04944,0.65,0.05168,0.5,0.84144,0.15,1.0
1227,,0.9,-0.01824,0.6,0.01936,0.475,0.80912,0.1,0.93232
1228,2,0.875,1.0,0.6,0.03704,0.5,0.8268,0.1,0.91464
1229,,0.8,0.93232,0.55,0.00472,0.475,0.79448,0.05,0.84696
1230,,0.725,0.86464,0.5,-0.0276,0.45,0.76216,0.0,0.77928
1231,4,0.7,0.84696,0.5,1.0,0.475,0.77984,0.0,0.7616
1232,,0.625,0.77928,0.45,0.96768,0.45,0.74752,-0.05,0.69392
1233,7,0.6,0.7616,0.45,0.98536,0.475,0.7652,1.0,0.67624
1234,,0.525,0.69392,0.4,0.95304,0.45,0.73288,0.95,0.60856
1235,,0.45,0.62624,0.35,0.92072,0.425,0.70056,0.9,0.54088
1236,,0.375,0.55856,0.3,0.8884,0.4,0.66824,0.85,0.4732
1237,,0.3,0.49088,0.25,0.85608,0.375,0.63592,0.8,0.40552
1238,,0.225,0.4232,0.2,0.82376,0.35,0.6036,0.75,0.33784
1239,,0.15,0.35552,0.15,0.79144,0.325,0.57128,0.7,0.27016
1240,,0.075,0.28784,0.1,0.75912,0.3,0.53896,0.65,0.20248
1241,,-0.0,0.22016,0.05,0.7268,0.275,0.50664,0.6,0.1348
1242,,-0.075,0.15248,0.0,0.69448,0.25,0.47432,0.55,0.06712
1243,1,1.0,0.1348,0.0,0.71216,0.275,0.492,0.55,0.04944
1244,,0.925,0.06712,-0.05,0.67984,0.25,0.45968,0.5,-0.01824
1245,3,0.9,0.04944,1.0,0.69752,0.275,0.47736,0.5,-0.03592
1246,8,0.875,0.03176,1.0,0.7152,0.3,0.49504,0.5,1.0
1247,,0.8,-0.03592,0.95,0.68288,0.275,0.46272,0.45,0.93232
1248,2,0.775,1.0,0.95,0.70056,0.3,0.4804,0.45,0.91464
1249,,0.7,0.93232,0.9,0.66824,0.275,0.44808,0.4,0.84696
1250,,0.625,0.86464,0.85,0.63592,0.25,0.41576,0.35,0.77928
1251,,0.55,0.79696,0.8,0.6036,0.225,0.38344,0.3,0.7116
1252,,0.475,0.72928,0.75,0.57128,0.2,0.35112,0.25,0.64392
1253,,0.4,0.6616,0.7,0.53896,0.175,0.3188,0.2,0.57624
1254,,0.325,0.59392,0.65,0.50664,0.15,0.28648,0.15,0.50856
1255,,0.25,0.52624,0.6,0.47432,0.125,0.25416,0.1,0.44088
1256,,0.175,0.45856,0.55,0.442,0.1,0.22184,0.05,0.3732
1257,,0.1,0.39088,0.5,0.40968,0.075,0.18952,0.0,0.30552
1258,,0.025,0.3232,0.45,0.37736,0.05,0.1572,-0.05,0.23784
1259,7,0.0,0.30552,0.45,0.39504,0.075,0.17488,1.0,0.22016
1260,,-0.075,0.23784,0.4,0.36272,0.05,0.14256,0.95,0.15248
1261,1,1.0,0.22016,0.4,0.3804,0.075,0.16024,0.95,0.1348
1262,,0.925,0.15248,0.35,0.34808,0.05,0.12792,0.9,0.06712
1263,,0.85,0.0848,0.3,0.31576,0.025,0.0956,0.85,-0.00056
1264,8,0.825,0.06712,0.3,0.33344,0.05,0.11328,0.85,1.0
1265,,0.75,-0.00056,0.25,0.30112,0.025,0.08096,0.8,0.93232
1266,2,0.725,1.0,0.25,0.3188,0.05,0.09864,0.8,0.91464
1267,,0.65,0.93232,0.2,0.28648,0.025,0.06632,0.75,0.84696
1268,,0.575,0.86464,0.15,0.25416,0.0,0.034,0.7,0.77928
1269,,0.5,0.79696,0.1,0.22184,-0.025,0.00168,0.65,0.7116
1270,5,0.475,0.77928,0.1,0.23952,1.0,-0.23064,0.65,0.69392
1271,6,0.45,0.7616,0.1,0.2572,0.775,1.0,0.65,0.67624
1272,,0.375,0.69392,0.05,0.22488,0.75,0.96768,0.6,0.60856
1273,,0.3,0.62624,0.0,0.19256,0.725,0.93536,0.55,0.54088
1274,,0.225,0.55856,-0.05,0.16024,0.7,0.90304,0.5,0.4732
1275,3,0.2,0.54088,1.0,0.17792,0.725,0.92072,0.5,0.45552
1276,,0.125,0.4732,0.95,0.1456,0.7,0.8884,0.45,0.38784
1277,,0.05,0.40552,0.9,0.11328,0.675,0.85608,0.4,0.32016
1278,,-0.025,0.33784,0.85,0.08096,0.65,0.82376,0.35,0.25248
1279,1,1.0,0.32016,0.85,0.09864,0.675,0.84144,0.35,0.2348
1280,,0.925,0.25248,0.8,0.06632,0.65,0.80912,0.3,0.16712
1281,,0.85,0.1848,0.75,0.034,0.625,0.7768,0.25,0.09944
1282,,0.775,0.11712,0.7,0.00168,0.6,0.74448,0.2,0.03176
1283,,0.7,0.04944,0.65,-0.03064,0.575,0.71216,0.15,-0.03592
1284,8,0.675,0.03176,0.65,-0.01296,0.6,0.72984,0.15,1.0
1285,4,0.65,0.01408,0.65,1.0,0.625,0.74752,0.15,0.98232
1286,,0.575,-0.0536,0.6,0.96768,0.6,0.7152,0.1,0.91464
1287,2,0.55,1.0,0.6,0.98536,0.625,0.73288,0.1,0.89696
1288,,0.475,0.93232,0.55,0.95304,0.6,0.70056,0.05,0.82928
1289,,0.4,0.86464,0.5,0.92072,0.575,0.66824,0.0,0.7616
1290,,0.325,0.79696,0.45,0.8884,0.55,0.63592,-0.05,0.69392
1291,7,0.3,0.77928,0.45,0.90608,0.575,0.6536,1.0,0.67624
1292,,0.225,0.7116,0.4,0.87376,0.55,0.62128,0.95,0.60856
1293,,0.15,0.64392,0.35,0.84144,0.525,0.58896,0.9,0.54088
1294,,0.075,0.57624,0.3,0.80912,0.5,0.55664,0.85,0.4732
1295,,-0.0,0.50856,0.25,0.7768,0.475,0.52432,0.8,0.40552
1296,,-0.075,0.44088,0.2,0.74448,0.45,0.492,0.75,0.33784
1297,1,1.0,0.4232,0.2,0.76216,0.475,0.50968,0.75,0.32016
1298,,0.925,0.35552,0.15,0.72984,0.45,0.47736,0.7,0.25248
1299,,0.85,0.28784,0.1,0.69752,0.425,0.44504,0.65,0.1848
1300,,0.775,0.22016,0.05,0.6652,0.4,0.41272,0.6,0.11712
1301,,0.7,0.15248,0.0,0.63288,0.375,0.3804,0.55,0.04944
1302,,0.625,0.0848,-0.05,0.60056,0.35,0.34808,0.5,-0.01824
1303,3,0.6,0.06712,1.0,0.61824,0.375,0.36576,0.5,-0.03592
1304,8,0.575,0.04944,1.0,0.63592,0.4,0.38344,0.5,1.0
1305,,0.5,-0.01824,0.95,0.6036,0.375,0.35112,0.45,0.93232
1306,2,0.475,1.0,0.95,0.62128,0.4,0.3688,0.45,0.91464
1307,,0.4,0.93232,0.9,0.58896,0.375,0.33648,0.4,0.84696
1308,,0.325,0.86464,0.85,0.55664,0.35,0.30416,0.35,0.77928
1309,,0.25,0.79696,0.8,0.52432,0.325,0.27184,0.3,0.7116
1310,,0.175,0.72928,0.75,0.492,0.3,0.23952,0.25,0.64392
1311,,0.1,0.6616,0.7,0.45968,0.275,0.2072,0.2,0.57624
1312,,0.025,0.59392,0.65,0.42736,0.25,0.17488,0.15,0.50856
1313,,-0.05,0.52624,0.6,0.39504,0.225,0.14256,0.1,0.44088
1314,1,1.0,0.50856,0.6,0.41272,0.25,0.16024,0.1,0.4232
1315,,0.925,0.44088,0.55,0.3804,0.225,0.12792,0.05,0.35552
1316,,0.85,0.3732,0.5,0.34808,0.2,0.0956,0.0,0.28784
1317,,0.775,0.30552,0.45,0.31576,0.175,0.06328,-0.05,0.22016
1318,7,0.75,0.28784,0.45,0.33344,0.2,0.08096,1.0,0.20248
1319,,0.675,0.22016,0.4,0.30112,0.175,0.04864,0.95,0.1348
1320,,0.6,0.15248,0.35,0.2688,0.15,0.01632,0.9,0.06712
1321,,0.525,0.0848,0.3,0.23648,0.125,-0.016,0.85,-0.00056
1322,6,0.5,0.06712,0.3,0.25416,-0.1,1.0,0.85,-0.01824
1323,5,0.475,0.04944,0.3,0.27184,1.0,0.76768,0.85,-0.03592
1324,8,0.45,0.03176,0.3,0.28952,1.0,0.78536,0.85,1.0
1325,,0.375,-0.03592,0.25,0.2572,0.975,0.75304,0.8,0.93232
1326,2,0.35,1.0,0.25,0.27488,1.0,0.77072,0.8,0.91464
1327,,0.275,0.93232,0.2,0.24256,0.975,0.7384,0.75,0.84696
1328,,0.2,0.86464,0.15,0.21024,0.95,0.70608,0.7,0.77928
1329,,0.125,0.79696,0.1,0.17792,0.925,0.67376,0.65,0.7116
1330,,0.05,0.72928,0.05,0.1456,0.9,0.64144,0.6,0.64392
1331,,-0.025,0.6616,0.0,0.11328,0.875,0.60912,0.55,0.57624
1332,1,1.0,0.64392,0.0,0.13096,0.9,0.6268,0.55,0.55856
1333,,0.925,0.57624,-0.05,0.09864,0.875,0.59448,0.5,0.49088
1334,3,0.9,0.55856,1.0,0.11632,0.9,0.61216,0.5,0.4732
1335,,0.825,0.49088,0.95,0.084,0.875,0.57984,0.45,0.40552
1336,,0.75,0.4232,0.9,0.05168,0.85,0.54752,0.4,0.33784
1337,,0.675,0.35552,0.85,0.01936,0.825,0.5152,0.35,0.27016
1338,,0.6,0.28784,0.8,-0.01296,0.8,0.48288,0.3,0.20248
1339,4,0.575,0.27016,0.8,1.0,0.825,0.50056,0.3,0.1848
1340,,0.5,0.20248,0.75,0.96768,0.8,0.46824,0.25,0.11712
1341,,0.425,0.1348,0.7,0.93536,0.775,0.43592,0.2,0.04944
1342,,0.35,0.06712,0.65,0.90304,0.75,0.4036,0.15,-0.01824
1343,8,0.325,0.04944,0.65,0.92072,0.775,0.42128,0.15,1.0
1344,,0.25,-0.01824,0.6,0.8884,0.75,0.38896,0.1,0.93232
1345,2,0.225,1.0,0.6,0.90608,0.775,0.40664,0.1,0.91464
1346,,0.15,0.93232,0.55,0.87376,0.75,0.37432,0.05,0.84696
1347,,0.075,0.86464,0.5,0.84144,0.725,0.342,0.0,0.77928
1348,,-0.0,0.79696,0.45,0.80912,0.7,0.30968,-0.05,0.7116
1349,7,-0.025,0.77928,0.45,0.8268,0.725,0.32736,1.0,0.69392
1350,1,1.0,0.7616,0.45,0.84448,0.75,0.34504,1.0,0.67624
1351,,0.925,0.69392,0.4,0.81216,0.725,0.31272,0.95,0.60856
1352,,0.85,0.62624,0.35,0.77984,0.7,0.2804,0.9,0.54088
1353,,0.775,0.55856,0.3,0.74752,0.675,0.24808,0.85,0.4732
1354,,0.7,0.49088,0.25,0.7152,0.65,0.21576,0.8,0.40552
1355,,0.625,0.4232,0.2,0.68288,0.625,0.18344,0.75,0.33784
1356,,0.55,0.35552,0.15,0.65056,0.6,0.15112,0.7,0.27016
1357,,0.475,0.28784,0.1,0.61824,0.575,0.1188,0.65,0.20248
1358,,0.4,0.22016,0.05,0.58592,0.55,0.08648,0.6,0.1348
1359,,0.325,0.15248,0.0,0.5536,0.525,0.05416,0.55,0.06712
1360,,0.25,0.0848,-0.05,0.52128,0.5,0.02184,0.5,-0.00056
1361,3,0.225,0.06712,1.0,0.53896,0.525,0.03952,0.5,-0.01824
1362,8,0.2,0.04944,1.0,0.55664,0.55,0.0572,0.5,1.0
1363,,0.125,-0.01824,0.95,0.52432,0.525,0.02488,0.45,0.93232
1364,2,0.1,1.0,0.95,0.542,0.55,0.04256,0.45,0.91464
1365,,0.025,0.93232,0.9,0.50968,0.525,0.01024,0.4,0.84696
1366,,-0.05,0.86464,0.85,0.47736,0.5,-0.02208,0.35,0.77928
1367,1,1.0,0.84696,0.85,0.49504,0.525,-0.0044,0.35,0.7616
1368,6,0.975,0.82928,0.85,0.51272,0.3,1.0,0.35,0.74392
1369,,0.9,0.7616,0.8,0.4804,0.275,0.96768,0.3,0.67624
1370,,0.825,0.69392,0.75,0.44808,0.25,0.93536,0.25,0.60856
1371,,0.75,0.62624,0.7,0.41576,0.225,0.90304,0.2,0.54088
1372,,0.675,0.55856,0.65,0.38344,0.2,0.87072,0.15,0.4732
1373,,0.6,0.49088,0.6,0.35112,0.175,0.8384,0.1,0.40552
1374,,0.525,0.4232,0.55,0.3188,0.15,0.80608,0.05,0.33784
1375,,0.45,0.35552,0.5,0.28648,0.125,0.77376,0.0,0.27016
1376,,0.375,0.28784,0.45,0.25416,0.1,0.74144,-0.05,0.20248
1377,7,0.35,0.27016,0.45,0.27184,0.125,0.75912,1.0,0.1848
1378,,0.275,0.20248,0.4,0.23952,0.1,0.7268,0.95,0.11712
1379,,0.2,0.1348,0.35,0.2072,0.075,0.69448,0.9,0.04944
1380,,0.125,0.06712,0.3,0.17488,0.05,0.66216,0.85,-0.01824
1381,8,0.1,0.04944,0.3,0.19256,0.075,0.67984,0.85,1.0
1382,,0.025,-0.01824,0.25,0.16024,0.05,0.64752,0.8,0.93232
1383,2,0.0,1.0,0.25,0.17792,0.075,0.6652,0.8,0.91464
1384,,-0.075,0.93232,0.2,0.1456,0.05,0.63288,0.75,0.84696
1385,1,1.0,0.91464,0.2,0.16328,0.075,0.65056,0.75,0.82928
1386,,0.925,0.84696,0.15,0.13096,0.05,0.61824,0.7,0.7616
1387,,0.85,0.77928,0.1,0.09864,0.025,0.58592,0.65,0.69392
1388,,0.775,0.7116,0.05,0.06632,0.0,0.5536,0.6,0.62624
1389,,0.7,0.64392,0.0,0.034,-0.025,0.52128,0.55,0.55856
1390,5,0.675,0.62624,0.0,0.05168,1.0,0.28896,0.55,0.54088
1391,,0.6,0.55856,-0.05,0.01936,0.975,0.25664,0.5,0.4732
1392,3,0.575,0.54088,1.0,0.03704,1.0,0.27432,0.5,0.45552
1393,,0.5,0.4732,0.95,0.00472,0.975,0.242,0.45,0.38784
1394,,0.425,0.40552,0.9,-0.0276,0.95,0.20968,0.4,0.32016
1395,4,0.4,0.38784,0.9,1.0,0.975,0.22736,0.4,0.30248
1396,,0.325,0.32016,0.85,0.96768,0.95,0.19504,0.35,0.2348
1397,,0.25,0.25248,0.8,0.93536,0.925,0.16272,0.3,0.16712
1398,,0.175,0.1848,0.75,0.90304,0.9,0.1304,0.25,0.09944
1399,,0.1,0.11712,0.7,0.87072,0.875,0.09808,0.2,0.03176
1400,,0.025,0.04944,0.65,0.8384,0.85,0.06576,0.15,-0.03592
1401,8,0.0,0.03176,0.65,0.85608,0.875,0.08344,0.15,1.0
1402,,-0.075,-0.03592,0.6,0.82376,0.85,0.05112,0.1,0.93232
1403,1,1.0,-0.0536,0.6,0.84144,0.875,0.0688,0.1,0.91464
1404,2,0.975,1.0,0.6,0.85912,0.9,0.08648,0.1,0.89696
1405,,0.9,0.93232,0.55,0.8268,0.875,0.05416,0.05,0.82928
1406,,0.825,0.86464,0.5,0.79448,0.85,0.02184,0.0,0.7616
1407,,0.75,0.79696,0.45,0.76216,0.825,-0.01048,-0.05,0.69392
1408,7,0.725,0.77928,0.45,0.77984,0.85,0.0072,1.0,0.67624
1409,,0.65,0.7116,0.4,0.74752,0.825,-0.02512,0.95,0.60856
1410,6,0.625,0.69392,0.4,0.7652,0.6,1.0,0.95,0.59088
1411,,0.55,0.62624,0.35,0.73288,0.575,0.96768,0.9,0.5232
1412,,0.475,0.55856,0.3,0.70056,0.55,0.93536,0.85,0.45552
1413,,0.4,0.49088,0.25,0.66824,0.525,0.90304,0.8,0.38784
1414,,0.325,0.4232,0.2,0.63592,0.5,0.87072,0.75,0.32016
1415,,0.25,0.35552,0.15,0.6036,0.475,0.8384,0.7,0.25248
1416,,0.175,0.28784,0.1,0.57128,0.45,0.80608,0.65,0.1848
1417,,0.1,0.22016,0.05,0.53896,0.425,0.77376,0.6,0.11712
1418,,0.025,0.15248,0.0,0.50664,0.4,0.74144,0.55,0.04944
1419,,-0.05,0.0848,-0.05,0.47432,0.375,0.70912,0.5,-0.01824
1420,3,-0.075,0.06712,1.0,0.492,0.4,0.7268,0.5,-0.03592
1421,1,1.0,0.04944,1.0,0.50968,0.425,0.74448,0.5,-0.0536
1422,8,0.975,0.03176,1.0,0.52736,0.45,0.76216,0.5,1.0
1423,,0.9,-0.03592,0.95,0.49504,0.425,0.72984,0.45,0.93232
1424,2,0.875,1.0,0.95,0.51272,0.45,0.74752,0.45,0.91464
1425,,0.8,0.93232,0.9,0.4804,0.425,0.7152,0.4,0.84696
1426,,0.725,0.86464,0.85,0.44808,0.4,0.68288,0.35,0.77928
1427,,0.65,0.79696,0.8,0.41576,0.375,0.65056,0.3,0.7116
1428,,0.575,0.72928,0.75,0.38344,0.35,0.61824,0.25,0.64392
1429,,0.5,0.6616,0.7,0.35112,0.325,0.58592,0.2,0.57624
1430,,0.425,0.59392,0.65,0.3188,0.3,0.5536,0.15,0.50856
1431,,0.35,0.52624,0.6,0.28648,0.275,0.52128,0.1,0.44088
1432,,0.275,0.45856,0.55,0.25416,0.25,0.48896,0.05,0.3732
1433,,0.2,0.39088,0.5,0.22184,0.225,0.45664,0.0,0.30552
1434,,0.125,0.3232,0.45,0.18952,0.2,0.42432,-0.05,0.23784
1435,7,0.1,0.30552,0.45,0.2072,0.225,0.442,1.0,0.22016
1436,,0.025,0.23784,0.4,0.17488,0.2,0.40968,0.95,0.15248
1437,,-0.05,0.17016,0.35,0.14256,0.175,0.37736,0.9,0.0848
1438,1,1.0,0.15248,0.35,0.16024,0.2,0.39504,0.9,0.06712
1439,,0.925,0.0848,0.3,0.12792,0.175,0.36272,0.85,-0.00056
1440,8,0.9,0.06712,0.3,0.1456,0.2,0.3804,0.85,1.0
1441,,0.825,-0.00056,0.25,0.11328,0.175,0.34808,0.8,0.93232
1442,2,0.8,1.0,0.25,0.13096,0.2,0.36576,0.8,0.91464
1443,,0.725,0.93232,0.2,0.09864,0.175,0.33344,0.75,0.84696
1444,,0.65,0.86464,0.15,0.06632,0.15,0.30112,0.7,0.77928
1445,,0.575,0.79696,0.1,0.034,0.125,0.2688,0.65,0.7116
1446,,0.5,0.72928,0.05,0.00168,0.1,0.23648,0.6,0.64392
1447,,0.425,0.6616,0.0,-0.03064,0.075,0.20416,0.55,0.57624
1448,4,0.4,0.64392,0.0,1.0,0.1,0.22184,0.55,0.55856
1449,,0.325,0.57624,-0.05,0.96768,0.075,0.18952,0.5,0.49088
1450,3,0.3,0.55856,1.0,0.98536,0.1,0.2072,0.5,0.4732
1451,,0.225,0.49088,0.95,0.95304,0.075,0.17488,0.45,0.40552
1452,,0.15,0.4232,0.9,0.92072,0.05,0.14256,0.4,0.33784
1453,,0.075,0.35552,0.85,0.8884,0.025,0.11024,0.35,0.27016
1454,,-0.0,0.28784,0.8,0.85608,0.0,0.07792,0.3,0.20248
1455,,-0.075,0.22016,0.75,0.82376,-0.025,0.0456,0.25,0.1348
1456,1,1.0,0.20248,0.75,0.84144,0.0,0.06328,0.25,0.11712
1457,,0.925,0.1348,0.7,0.80912,-0.025,0.03096,0.2,0.04944
1458,5,0.9,0.11712,0.7,0.8268,1.0,-0.20136,0.2,0.03176
1459,6,0.875,0.09944,0.7,0.84448,0.775,1.0,0.2,0.01408
1460,,0.8,0.03176,0.65,0.81216,0.75,0.96768,0.15,-0.0536
1461,8,0.775,0.01408,0.65,0.82984,0.775,0.98536,0.15,1.0
1462,,0.7,-0.0536,0.6,0.79752,0.75,0.95304,0.1,0.93232
1463,2,0.675,1.0,0.6,0.8152,0.775,0.97072,0.1,0.91464
1464,,0.6,0.93232,0.55,0.78288,0.75,0.9384,0.05,0.84696
1465,,0.525,0.86464,0.5,0.75056,0.725,0.90608,0.0,0.77928
1466,,0.45,0.79696,0.45,0.71824,0.7,0.87376,-0.05,0.7116
1467,7,0.425,0.77928,0.45,0.73592,0.725,0.89144,1.0,0.69392
1468,,0.35,0.7116,0.4,0.7036,0.7,0.85912,0.95,0.62624
1469,,0.275,0.64392,0.35,0.67128,0.675,0.8268,0.9,0.55856
1470,,0.2,0.57624,0.3,0.63896,0.65,0.79448,0.85,0.49088
1471,,0.125,0.50856,0.25,0.60664,0.625,0.76216,0.8,0.4232
1472,,0.05,0.44088,0.2,0.57432,0.6,0.72984,0.75,0.35552
1473,,-0.025,0.3732,0.15,0.542,0.575,0.69752,0.7,0.28784
1474,1,1.0,0.35552,0.15,0.55968,0.6,0.7152,0.7,0.27016
1475,,0.925,0.28784,0.1,0.52736,0.575,0.68288,0.65,0.20248
1476,,0.85,0.22016,0.05,0.49504,0.55,0.65056,0.6,0.1348
1477,,0.775,0.15248,0.0,0.46272,0.525,0.61824,0.55,0.06712
1478,,0.7,0.0848,-0.05,0.4304,0.5,0.58592,0.5,-0.00056
1479,3,0.675,0.06712,1.0,0.44808,0.525,0.6036,0.5,-0.01824
1480,8,0.65,0.04944,1.0,0.46576,0.55,0.62128,0.5,1.0
1481,,0.575,-0.01824,0.95,0.43344,0.525,0.58896,0.45,0.93232
1482,2,0.55,1.0,0.95,0.45112,0.55,0.60664,0.45,0.91464
1483,,0.475,0.93232,0.9,0.4188,0.525,0.57432,0.4,0.84696
1484,,0.4,0.86464,0.85,0.38648,0.5,0.542,0.35,0.77928
1485,,0.325,0.79696,0.8,0.35416,0.475,0.50968,0.3,0.7116
1486,,0.25,0.72928,0.75,0.32184,0.45,0.47736,0.25,0.64392
1487,,0.175,0.6616,0.7,0.28952,0.425,0.44504,0.2,0.57624
1488,,0.1,0.59392,0.65,0.2572,0.4,0.41272,0.15,0.50856
1489,,0.025,0.52624,0.6,0.22488,0.375,0.3804,0.1,0.44088
1490,,-0.05,0.45856,0.55,0.19256,0.35,0.34808,0.05,0.3732
1491,1,1.0,0.44088,0.55,0.21024,0.375,0.36576,0.05,0.35552
1492,,0.925,0.3732,0.5,0.17792,0.35,0.33344,0.0,0.28784
1493,,0.85,0.30552,0.45,0.1456,0.325,0.30112,-0.05,0.22016
1494,7,0.825,0.28784,0.45,0.16328,0.35,0.3188,1.0,0.20248
1495,,0.75,0.22016,0.4,0.13096,0.325,0.28648,0.95,0.1348
1496,,0.675,0.15248,0.35,0.09864,0.3,0.25416,0.9,0.06712
1497,,0.6,0.0848,0.3,0.06632,0.275,0.22184,0.85,-0.00056
1498,8,0.575,0.06712,0.3,0.084,0.3,0.23952,0.85,1.0
1499,,0.5,-0.00056,0.25,0.05168,0.275,0.2072,0.8,0.93232
1500,2,0.475,1.0,0.25,0.06936,0.3,0.22488,0.8,0.91464
1501,,0.4,0.93232,0.2,0.03704,0.275,0.19256,0.75,0.84696
1502,,0.325,0.86464,0.15,0.00472,0.25,0.16024,0.7,0.77928
1503,,0.25,0.79696,0.1,-0.0276,0.225,0.12792,0.65,0.7116
1504,4,0.225,0.77928,0.1,1.0,0.25,0.1456,0.65,0.69392
1505,,0.15,0.7116,0.05,0.96768,0.225,0.11328,0.6,0.62624
1506,,0.075,0.64392,0.0,0.93536,0.2,0.08096,0.55,0.55856
1507,,-0.0,0.57624,-0.05,0.90304,0.175,0.04864,0.5,0.49088
1508,3,-0.025,0.55856,1.0,0.92072,0.2,0.06632,0.5,0.4732
1509,1,1.0,0.54088,1.0,0.9384,0.225,0.084,0.5,0.45552
1510,,0.925,0.4732,0.95,0.90608,0.2,0.05168,0.45,0.38784
1511,,0.85,0.40552,0.9,0.87376,0.175,0.01936,0.4,0.32016
1512,,0.775,0.33784,0.85,0.84144,0.15,-0.01296,0.35,0.25248
1513,6,0.75,0.32016,0.85,0.85912,-0.075,1.0,0.35,0.2348
1514,5,0.725,0.30248,0.85,0.8768,1.0,0.76768,0.35,0.21712
1515,,0.65,0.2348,0.8,0.84448,0.975,0.73536,0.3,0.14944
1516,,0.575,0.16712,0.75,0.81216,0.95,0.70304,0.25,0.08176
1517,,0.5,0.09944,0.7,0.77984,0.925,0.67072,0.2,0.01408
1518,,0.425,0.03176,0.65,0.74752,0.9,0.6384,0.15,-0.0536
1519,8,0.4,0.01408,0.65,0.7652,0.925,0.65608,0.15,1.0
1520,,0.325,-0.0536,0.6,0.73288,0.9,0.62376,0.1,0.93232
1521,2,0.3,1.0,0.6,0.75056,0.925,0.64144,0.1,0.91464
1522,,0.225,0.93232,0.55,0.71824,0.9,0.60912,0.05,0.84696
1523,,0.15,0.86464,0.5,0.68592,0.875,0.5768,0.0,0.77928
1524,,0.075,0.79696,0.45,0.6536,0.85,0.54448,-0.05,0.7116
1525,7,0.05,0.77928,0.45,0.67128,0.875,0.56216,1.0,0.69392
1526,,-0.025,0.7116,0.4,0.63896,0.85,0.52984,0.95,0.62624
1527,1,1.0,0.69392,0.4,0.65664,0.875,0.54752,0.95,0.60856
1528,,0.925,0.62624,0.35,0.62432,0.85,0.5152,0.9,0.54088
1529,,0.85,0.55856,0.3,0.592,0.825,0.48288,0.85,0.4732
1530,,0.775,0.49088,0.25,0.55968,0.8,0.45056,0.8,0.40552
1531,,0.7,0.4232,0.2,0.52736,0.775,0.41824,0.75,0.33784
1532,,0.625,0.35552,0.15,0.49504,0.75,0.38592,0.7,0.27016
1533,,0.55,0.28784,0.1,0.46272,0.725,0.3536,0.65,0.20248
1534,,0.475,0.22016,0.05,0.4304,0.7,0.32128,0.6,0.1348
1535,,0.4,0.15248,0.0,0.39808,0.675,0.28896,0.55,0.06712
1536,,0.325,0.0848,-0.05,0.36576,0.65,0.25664,0.5,-0.00056
1537,3,0.3,0.06712,1.0,0.38344,0.675,0.27432,0.5,-0.01824
1538,8,0.275,0.04944,1.0,0.40112,0.7,0.292,0.5,1.0
1539,,0.2,-0.01824,0.95,0.3688,0.675,0.25968,0.45,0.93232
1540,2,0.175,1.0,0.95,0.38648,0.7,0.27736,0.45,0.91464
1541,,0.1,0.93232,0.9,0.35416,0.675,0.24504,0.4,0.84696
1542,,0.025,0.86464,0.85,0.32184,0.65,0.21272,0.35,0.77928
1543,,-0.05,0.79696,0.8,0.28952,0.625,0.1804,0.3,0.7116
1544,1,1.0,0.77928,0.8,0.3072,0.65,0.19808,0.3,0.69392
1545,,0.925,0.7116,0.75,0.27488,0.625,0.16576,0.25,0.62624
1546,,0.85,0.64392,0.7,0.24256,0.6,0.13344,0.2,0.55856
1547,,0.775,0.57624,0.65,0.21024,0.575,0.10112,0.15,0.49088
1548,,0.7,0.50856,0.6,0.17792,0.55,0.0688,0.1,0.4232
1549,,0.625,0.44088,0.55,0.1456,0.525,0.03648,0.05,0.35552
1550,,0.55,0.3732,0.5,0.11328,0.5,0.00416,0.0,0.28784
1551,,0.475,0.30552,0.45,0.08096,0.475,-0.02816,-0.05,0.22016
1552,7,0.45,0.28784,0.45,0.09864,0.5,-0.01048,1.0,0.20248
1553,6,0.425,0.27016,0.45,0.11632,0.275,1.0,1.0,0.1848
1554,,0.35,0.20248,0.4,0.084,0.25,0.96768,0.95,0.11712
1555,,0.275,0.1348,0.35,0.05168,0.225,0.93536,0.9,0.04944
1556,,0.2,0.06712,0.3,0.01936,0.2,0.90304,0.85,-0.01824
1557,8,0.175,0.04944,0.3,0.03704,0.225,0.92072,0.85,1.0
1558,,0.1,-0.01824,0.25,0.00472,0.2,0.8884,0.8,0.93232
1559,2,0.075,1.0,0.25,0.0224,0.225,0.90608,0.8,0.91464
1560,,-0.0,0.93232,0.2,-0.00992,0.2,0.87376,0.75,0.84696
1561,4,-0.025,0.91464,0.2,1.0,0.225,0.89144,0.75,0.82928
1562,1,1.0,0.89696,0.2,1.0,0.25,0.90912,0.75,0.8116
1563,,0.925,0.82928,0.15,0.96768,0.225,0.8768,0.7,0.74392
1564,,0.85,0.7616,0.1,0.93536,0.2,0.84448,0.65,0.67624
1565,,0.775,0.69392,0.05,0.90304,0.175,0.81216,0.6,0.60856
1566,,0.7,0.62624,0.0,0.87072,0.15,0.77984,0.55,0.54088
1567,,0.625,0.55856,-0.05,0.8384,0.125,0.74752,0.5,0.4732
1568,3,0.6,0.54088,1.0,0.85608,0.15,0.7652,0.5,0.45552
1569,,0.525,0.4732,0.95,0.82376,0.125,0.73288,0.45,0.38784
1570,,0.45,0.40552,0.9,0.79144,0.1,0.70056,0.4,0.32016
1571,,0.375,0.33784,0.85,0.75912,0.075,0.66824,0.35,0.25248
1572,,0.3,0.27016,0.8,0.7268,0.05,0.63592,0.3,0.1848
1573,,0.225,0.20248,0.75,0.69448,0.025,0.6036,0.25,0.11712
1574,,0.15,0.1348,0.7,0.66216,0.0,0.57128,0.2,0.04944
1575,,0.075,0.06712,0.65,0.62984,-0.025,0.53896,0.15,-0.01824
1576,5,0.05,0.04944,0.65,0.64752,1.0,0.30664,0.15,-0.03592
1577,8,0.025,0.03176,0.65,0.6652,1.0,0.32432,0.15,1.0
1578,,-0.05,-0.03592,0.6,0.63288,0.975,0.292,0.1,0.93232
1579,1,1.0,-0.0536,0.6,0.65056,1.0,0.30968,0.1,0.91464
1580,2,0.975,1.0,0.6,0.66824,1.0,0.32736,0.1,0.89696
1581,,0.9,0.93232,0.55,0.63592,0.975,0.29504,0.05,0.82928
1582,,0.825,0.86464,0.5,0.6036,0.95,0.26272,0.0,0.7616
1583,,0.75,0.79696,0.45,0.57128,0.925,0.2304,-0.05,0.69392
1584,7,0.725,0.77928,0.45,0.58896,0.95,0.24808,1.0,0.67624
1585,,0.65,0.7116,0.4,0.55664,0.925,0.21576,0.95,0.60856
1586,,0.575,0.64392,0.35,0.52432,0.9,0.18344,0.9,0.54088
1587,,0.5,0.57624,0.3,0.492,0.875,0.15112,0.85,0.4732
1588,,0.425,0.50856,0.25,0.45968,0.85,0.1188,0.8,0.40552
1589,,0.35,0.44088,0.2,0.42736,0.825,0.08648,0.75,0.33784
1590,,0.275,0.3732,0.15,0.39504,0.8,0.05416,0.7,0.27016
1591,,0.2,0.30552,0.1,0.36272,0.775,0.02184,0.65,0.20248
1592,,0.125,0.23784,0.05,0.3304,0.75,-0.01048,0.6,0.1348
1593,6,0.1,0.22016,0.05,0.34808,0.525,1.0,0.6,0.11712
1594,,0.025,0.15248,0.0,0.31576,0.5,0.96768,0.55,0.04944
1595,,-0.05,0.0848,-0.05,0.28344,0.475,0.93536,0.5,-0.01824
1596,3,-0.075,0.06712,1.0,0.30112,0.5,0.95304,0.5,-0.03592
1597,1,1.0,0.04944,1.0,0.3188,0.525,0.97072,0.5,-0.0536
1598,8,0.975,0.03176,1.0,0.33648,0.55,0.9884,0.5,1.0
1599,,0.9,-0.03592,0.95,0.30416,0.525,0.95608,0.45,0.93232
1600,2,0.875,1.0,0.95,0.32184,0.55,0.97376,0.45,0.91464
1601,,0.8,0.93232,0.9,0.28952,0.525,0.94144,0.4,0.84696
1602,,0.725,0.86464,0.85,0.2572,0.5,0.90912,0.35,0.77928
1603,,0.65,0.79696,0.8,0.22488,0.475,0.8768,0.3,0.7116
1604,,0.575,0.72928,0.75,0.19256,0.45,0.84448,0.25,0.64392
1605,,0.5,0.6616,0.7,0.16024,0.425,0.81216,0.2,0.57624
1606,,0.425,0.59392,0.65,0.12792,0.4,0.77984,0.15,0.50856
1607,,0.35,0.52624,0.6,0.0956,0.375,0.74752,0.1,0.44088
1608,,0.275,0.45856,0.55,0.06328,0.35,0.7152,0.05,0.3732
1609,,0.2,0.39088,0.5,0.03096,0.325,0.68288,0.0,0.30552
1610,,0.125,0.3232,0.45,-0.00136,0.3,0.65056,-0.05,0.23784
1611,7,0.1,0.30552,0.45,0.01632,0.325,0.66824,1.0,0.22016
1612,,0.025,0.23784,0.4,-0.016,0.3,0.63592,0.95,0.15248
1613,4,0.0,0.22016,0.4,1.0,0.325,0.6536,0.95,0.1348
1614,,-0.075,0.15248,0.35,0.96768,0.3,0.62128,0.9,0.06712
1615,1,1.0,0.1348,0.35,0.98536,0.325,0.63896,0.9,0.04944
1616,,0.925,0.06712,0.3,0.95304,0.3,0.60664,0.85,-0.01824
1617,8,0.9,0.04944,0.3,0.97072,0.325,0.62432,0.85,1.0
1618,,0.825,-0.01824,0.25,0.9384,0.3,0.592,0.8,0.93232
1619,2,0.8,1.0,0.25,0.95608,0.325,0.60968,0.8,0.91464
1620,,0.725,0.93232,0.2,0.92376,0.3,0.57736,0.75,0.84696
1621,,0.65,0.86464,0.15,0.89144,0.275,0.54504,0.7,0.77928
1622,,0.575,0.79696,0.1,0.85912,0.25,0.51272,0.65,0.7116
1623,,0.5,0.72928,0.05,0.8268,0.225,0.4804,0.6,0.64392
1624,,0.425,0.6616,0.0,0.79448,0.2,0.44808,0.55,0.57624
1625,,0.35,0.59392,-0.05,0.76216,0.175,0.41576,0.5,0.50856
1626,3,0.325,0.57624,1.0,0.77984,0.2,0.43344,0.5,0.49088
1627,,0.25,0.50856,0.95,0.74752,0.175,0.40112,0.45,0.4232
1628,,0.175,0.44088,0.9,0.7152,0.15,0.3688,0.4,0.35552
1629,,0.1,0.3732,0.85,0.68288,0.125,0.33648,0.35,0.28784
1630,,0.025,0.30552,0.8,0.65056,0.1,0.30416,0.3,0.22016
1631,,-0.05,0.23784,0.75,0.61824,0.075,0.27184,0.25,0.15248
1632,1,1.0,0.22016,0.75,0.63592,0.1,0.28952,0.25,0.1348
1633,,0.925,0.15248,0.7,0.6036,0.075,0.2572,0.2,0.06712
1634,,0.85,0.0848,0.65,0.57128,0.05,0.22488,0.15,-0.00056
1635,8,0.825,0.06712,0.65,0.58896,0.075,0.24256,0.15,1.0
1636,,0.75,-0.00056,0.6,0.55664,0.05,0.21024,0.1,0.93232
1637,2,0.725,1.0,0.6,0.57432,0.075,0.22792,0.1,0.91464
1638,,0.65,0.93232,0.55,0.542,0.05,0.1956,0.05,0.84696
1639,,0.575,0.86464,0.5,0.50968,0.025,0.16328,0.0,0.77928
1640,,0.5,0.79696,0.45,0.47736,0.0,0.13096,-0.05,0.7116
1641,7,0.475,0.77928,0.45,0.49504,0.025,0.14864,1.0,0.69392
1642,,0.4,0.7116,0.4,0.46272,0.0,0.11632,0.95,0.62624
1643,,0.325,0.64392,0.35,0.4304,-0.025,0.084,0.9,0.55856
1644,5,0.3,0.62624,0.35,0.44808,1.0,-0.14832,0.9,0.54088
1645,6,0.275,0.60856,0.35,0.46576,0.775,1.0,0.9,0.5232
1646,,0.2,0.54088,0.3,0.43344,0.75,0.96768,0.85,0.45552
1647,,0.125,0.4732,0.25,0.40112,0.725,0.93536,0.8,0.38784
1648,,0.05,0.40552,0.2,0.3688,0.7,0.90304,0.75,0.32016
1649,,-0.025,0.33784,0.15,0.33648,0.675,0.87072,0.7,0.25248
1650,1,1.0,0.32016,0.15,0.35416,0.7,0.8884,0.7,0.2348
1651,,0.925,0.25248,0.1,0.32184,0.675,0.85608,0.65,0.16712
1652,,0.85,0.1848,0.05,0.28952,0.65,0.82376,0.6,0.09944
1653,,0.775,0.11712,0.0,0.2572,0.625,0.79144,0.55,0.03176
1654,,0.7,0.04944,-0.05,0.22488,0.6,0.75912,0.5,-0.03592
1655,3,0.675,0.03176,1.0,0.24256,0.625,0.7768,0.5,-0.0536
1656,8,0.65,0.01408,1.0,0.26024,0.65,0.79448,0.5,1.0
1657,,0.575,-0.0536,0.95,0.22792,0.625,0.76216,0.45,0.93232
1658,2,0.55,1.0,0.95,0.2456,0.65,0.77984,0.45,0.91464
1659,,0.475,0.93232,0.9,0.21328,0.625,0.74752,0.4,0.84696
1660,,0.4,0.86464,0.85,0.18096,0.6,0.7152,0.35,0.77928
1661,,0.325,0.79696,0.8,0.14864,0.575,0.68288,0.3,0.7116
1662,,0.25,0.72928,0.75,0.11632,0.55,0.65056,0.25,0.64392
1663,,0.175,0.6616,0.7,0.084,0.525,0.61824,0.2,0.57624
1664,,0.1,0.59392,0.65,0.05168,0.5,0.58592,0.15,0.50856
1665,,0.025,0.52624,0.6,0.01936,0.475,0.5536,0.1,0.44088
1666,,-0.05,0.45856,0.55,-0.01296,0.45,0.52128,0.05,0.3732
1667,1,1.0,0.44088,0.55,0.00472,0.475,0.53896,0.05,0.35552
1668,,0.925,0.3732,0.5,-0.0276,0.45,0.50664,0.0,0.28784
1669,4,0.9,0.35552,0.5,1.0,0.475,0.52432,0.0,0.27016
1670,,0.825,0.28784,0.45,0.96768,0.45,0.492,-0.05,0.20248
1671,7,0.8,0.27016,0.45,0.98536,0.475,0.50968,1.0,0.1848
1672,,0.725,0.20248,0.4,0.95304,0.45,0.47736,0.95,0.11712
1673,,0.65,0.1348,0.35,0.92072,0.425,0.44504,0.9,0.04944
1674,,0.575,0.06712,0.3,0.8884,0.4,0.41272,0.85,-0.01824
1675,8,0.55,0.04944,0.3,0.90608,0.425,0.4304,0.85,1.0
1676,,0.475,-0.01824,0.25,0.87376,0.4,0.39808,0.8,0.93232
1677,2,0.45,1.0,0.25,0.89144,0.425,0.41576,0.8,0.91464
1678,,0.375,0.93232,0.2,0.85912,0.4,0.38344,0.75,0.84696
1679,,0.3,0.86464,0.15,0.8268,0.375,0.35112,0.7,0.77928
1680,,0.225,0.79696,0.1,0.79448,0.35,0.3188,0.65,0.7116
1681,,0.15,0.72928,0.05,0.76216,0.325,0.28648,0.6,0.64392
1682,,0.075,0.6616,0.0,0.72984,0.3,0.25416,0.55,0.57624
1683,,-0.0,0.59392,-0.05,0.69752,0.275,0.22184,0.5,0.50856
1684,3,-0.025,0.57624,1.0,0.7152,0.3,0.23952,0.5,0.49088
1685,1,1.0,0.55856,1.0,0.73288,0.325,0.2572,0.5,0.4732
1686,,0.925,0.49088,0.95,0.70056,0.3,0.22488,0.45,0.40552
1687,,0.85,0.4232,0.9,0.66824,0.275,0.19256,0.4,0.33784
1688,,0.775,0.35552,0.85,0.63592,0.25,0.16024,0.35,0.27016
1689,,0.7,0.28784,0.8,0.6036,0.225,0.12792,0.3,0.20248
1690,,0.625,0.22016,0.75,0.57128,0.2,0.0956,0.25,0.1348
1691,,0.55,0.15248,0.7,0.53896,0.175,0.06328,0.2,0.06712
1692,,0.475,0.0848,0.65,0.50664,0.15,0.03096,0.15,-0.00056
1693,8,0.45,0.06712,0.65,0.52432,0.175,0.04864,0.15,1.0
1694,,0.375,-0.00056,0.6,0.492,0.15,0.01632,0.1,0.93232
1695,2,0.35,1.0,0.6,0.50968,0.175,0.034,0.1,0.91464
1696,,0.275,0.93232,0.55,0.47736,0.15,0.00168,0.05,0.84696
1697,,0.2,0.86464,0.5,0.44504,0.125,-0.03064,0.0,0.77928
1698,6,0.175,0.84696,0.5,0.46272,-0.1,1.0,0.0,0.7616
1699,5,0.15,0.82928,0.5,0.4804,1.0,0.76768,0.0,0.74392
1700,,0.075,0.7616,0.45,0.44808,0.975,0.73536,-0.05,0.67624
1701,7,0.05,0.74392,0.45,0.46576,1.0,0.75304,1.0,0.65856
1702,,-0.025,0.67624,0.4,0.43344,0.975,0.72072,0.95,0.59088
1703,1,1.0,0.65856,0.4,0.45112,1.0,0.7384,0.95,0.5732
1704,,0.925,0.59088,0.35,0.4188,0.975,0.70608,0.9,0.50552
1705,,0.85,0.5232,0.3,0.38648,0.95,0.67376,0.85,0.43784
1706,,0.775,0.45552,0.25,0.35416,0.925,0.64144,0.8,0.37016
1707,,0.7,0.38784,0.2,0.32184,0.9,0.60912,0.75,0.30248
1708,,0.625,0.32016,0.15,0.28952,0.875,0.5768,0.7,0.2348
1709,,0.55,0.25248,0.1,0.2572,0.85,0.54448,0.65,0.16712
1710,,0.475,0.1848,0.05,0.22488,0.825,0.51216,0.6,0.09944
1711,,0.4,0.11712,0.0,0.19256,0.8,0.47984,0.55,0.03176
1712,,0.325,0.04944,-0.05,0.16024,0.775,0.44752,0.5,-0.03592
1713,3,0.3,0.03176,1.0,0.17792,0.8,0.4652,0.5,-0.0536
1714,8,0.275,0.01408,1.0,0.1956,0.825,0.48288,0.5,1.0
1715,,0.2,-0.0536,0.95,0.16328,0.8,0.45056,0.45,0.93232
1716,2,0.175,1.0,0.95,0.18096,0.825,0.46824,0.45,0.91464
1717,,0.1,0.93232,0.9,0.14864,0.8,0.43592,0.4,0.84696
1718,,0.025,0.86464,0.85,0.11632,0.775,0.4036,0.35,0.77928
1719,,-0.05,0.79696,0.8,0.084,0.75,0.37128,0.3,0.7116
1720,1,1.0,0.77928,0.8,0.10168,0.775,0.38896,0.3,0.69392
1721,,0.925,0.7116,0.75,0.06936,0.75,0.35664,0.25,0.62624
1722,,0.85,0.64392,0.7,0.03704,0.725,0.32432,0.2,0.55856
1723,,0.775,0.57624,0.65,0.00472,0.7,0.292,0.15,0.49088
1724,,0.7,0.50856,0.6,-0.0276,0.675,0.25968,0.1,0.4232
1725,4,0.675,0.49088,0.6,1.0,0.7,0.27736,0.1,0.40552
1726,,0.6,0.4232,0.55,0.96768,0.675,0.24504,0.05,0.33784
1727,,0.525,0.35552,0.5,0.93536,0.65,0.21272,0.0,0.27016
1728,,0.45,0.28784,0.45,0.90304,0.625,0.1804,-0.05,0.20248
1729,7,0.425,0.27016,0.45,0.92072,0.65,0.19808,1.0,0.1848
1730,,0.35,0.20248,0.4,0.8884,0.625,0.16576,0.95,0.11712
1731,,0.275,0.1348,0.35,0.85608,0.6,0.13344,0.9,0.04944
1732,,0.2,0.06712,0.3,0.82376,0.575,0.10112,0.85,-0.01824
1733,8,0.175,0.04944,0.3,0.84144,0.6,0.1188,0.85,1.0
1734,,0.1,-0.01824,0.25,0.80912,0.575,0.08648,0.8,0.93232
1735,2,0.075,1.0,0.25,0.8268,0.6,0.10416,0.8,0.91464
1736,,-0.0,0.93232,0.2,0.79448,0.575,0.07184,0.75,0.84696
1737,,-0.075,0.86464,0.15,0.76216,0.55,0.03952,0.7,0.77928
1738,1,1.0,0.84696,0.15,0.77984,0.575,0.0572,0.7,0.7616
1739,,0.925,0.77928,0.1,0.74752,0.55,0.02488,0.65,0.69392
1740,,0.85,0.7116,0.05,0.7152,0.525,-0.00744,0.6,0.62624
1741,6,0.825,0.69392,0.05,0.73288,0.3,1.0,0.6,0.60856
1742,,0.75,0.62624,0.0,0.70056,0.275,0.96768,0.55,0.54088
1743,,0.675,0.55856,-0.05,0.66824,0.25,0.93536,0.5,0.4732
1744,3,0.65,0.54088,1.0,0.68592,0.275,0.95304,0.5,0.45552
1745,,0.575,0.4732,0.95,0.6536,0.25,0.92072,0.45,0.38784
1746,,0.5,0.40552,0.9,0.62128,0.225,0.8884,0.4,0.32016
1747,,0.425,0.33784,0.85,0.58896,0.2,0.85608,0.35,0.25248
1748,,0.35,0.27016,0.8,0.55664,0.175,0.82376,0.3,0.1848
1749,,0.275,0.20248,0.75,0.52432,0.15,0.79144,0.25,0.11712
1750,,0.2,0.1348,0.7,0.492,0.125,0.75912,0.2,0.04944
1751,,0.125,0.06712,0.65,0.45968,0.1,0.7268,0.15,-0.01824
1752,8,0.1,0.04944,0.65,0.47736,0.125,0.74448,0.15,1.0
1753,,0.025,-0.01824,0.6,0.44504,0.1,0.71216,0.1,0.93232
1754,2,0.0,1.0,0.6,0.46272,0.125,0.72984,0.1,0.91464
1755,,-0.075,0.93232,0.55,0.4304,0.1,0.69752,0.05,0.84696
1756,1,1.0,0.91464,0.55,0.44808,0.125,0.7152,0.05,0.82928
1757,,0.925,0.84696,0.5,0.41576,0.1,0.68288,0.0,0.7616
1758,,0.85,0.77928,0.45,0.38344,0.075,0.65056,-0.05,0.69392
1759,7,0.825,0.7616,0.45,0.40112,0.1,0.66824,1.0,0.67624
1760,,0.75,0.69392,0.4,0.3688,0.075,0.63592,0.95,0.60856
1761,,0.675,0.62624,0.35,0.33648,0.05,0.6036,0.9,0.54088
1762,,0.6,0.55856,0.3,0.30416,0.025,0.57128,0.85,0.4732
1763,,0.525,0.49088,0.25,0.27184,0.0,0.53896,0.8,0.40552
1764,,0.45,0.4232,0.2,0.23952,-0.025,0.50664,0.75,0.33784
1765,5,0.425,0.40552,0.2,0.2572,1.0,0.27432,0.75,0.32016
1766,,0.35,0.33784,0.15,0.22488,0.975,0.242,0.7,0.25248
1767,,0.275,0.27016,0.1,0.19256,0.95,0.20968,0.65,0.1848
1768,,0.2,0.20248,0.05,0.16024,0.925,0.17736,0.6,0.11712
1769,,0.125,0.1348,0.0,0.12792,0.9,0.14504,0.55,0.04944
1770,,0.05,0.06712,-0.05,0.0956,0.875,0.11272,0.5,-0.01824
1771,3,0.025,0.04944,1.0,0.11328,0.9,0.1304,0.5,-0.03592
1772,8,0.0,0.03176,1.0,0.13096,0.925,0.14808,0.5,1.0
1773,,-0.075,-0.03592,0.95,0.09864,0.9,0.11576,0.45,0.93232
1774,1,1.0,-0.0536,0.95,0.11632,0.925,0.13344,0.45,0.91464
1775,2,0.975,1.0,0.95,0.134,0.95,0.15112,0.45,0.89696
1776,,0.9,0.93232,0.9,0.10168,0.925,0.1188,0.4,0.82928
1777,,0.825,0.86464,0.85,0.06936,0.9,0.08648,0.35,0.7616
1778,,0.75,0.79696,0.8,0.03704,0.875,0.05416,0.3,0.69392
1779,,0.675,0.72928,0.75,0.00472,0.85,0.02184,0.25,0.62624
1780,,0.6,0.6616,0.7,-0.0276,0.825,-0.01048,0.2,0.55856
1781,4,0.575,0.64392,0.7,1.0,0.85,0.0072,0.2,0.54088
1782,,0.5,0.57624,0.65,0.96768,0.825,-0.02512,0.15,0.4732
1783,6,0.475,0.55856,0.65,0.98536,0.6,1.0,0.15,0.45552
1784,,0.4,0.49088,0.6,0.95304,0.575,0.96768,0.1,0.38784
1785,,0.325,0.4232,0.55,0.92072,0.55,0.93536,0.05,0.32016
1786,,0.25,0.35552,0.5,0.8884,0.525,0.90304,0.0,0.25248
1787,,0.175,0.28784,0.45,0.85608,0.5,0.87072,-0.05,0.1848
1788,7,0.15,0.27016,0.45,0.87376,0.525,0.8884,1.0,0.16712
1789,,0.075,0.20248,0.4,0.84144,0.5,0.85608,0.95,0.09944
1790,,-0.0,0.1348,0.35,0.80912,0.475,0.82376,0.9,0.03176
1791,,-0.075,0.06712,0.3,0.7768,0.45,0.79144,0.85,-0.03592
1792,1,1.0,0.04944,0.3,0.79448,0.475,0.80912,0.85,-0.0536
1793,8,0.975,0.03176,0.3,0.81216,0.5,0.8268,0.85,1.0
1794,,0.9,-0.03592,0.25,0.77984,0.475,0.79448,0.8,0.93232
1795,2,0.875,1.0,0.25,0.79752,0.5,0.81216,0.8,0.91464
1796,,0.8,0.93232,0.2,0.7652,0.475,0.77984,0.75,0.84696
1797,,0.725,0.86464,0.15,0.73288,0.45,0.74752,0.7,0.77928
1798,,0.65,0.79696,0.1,0.70056,0.425,0.7152,0.65,0.7116
1799,,0.575,0.72928,0.05,0.66824,0.4,0.68288,0.6,0.64392
1800,,0.5,0.6616,0.0,0.63592,0.375,0.65056,0.55,0.57624
1801,,0.425,0.59392,-0.05,0.6036,0.35,0.61824,0.5,0.50856
1802,3,0.4,0.57624,1.0,0.62128,0.375,0.63592,0.5,0.49088
1803,,0.325,0.50856,0.95,0.58896,0.35,0.6036,0.45,0.4232
1804,,0.25,0.44088,0.9,0.55664,0.325,0.57128,0.4,0.35552
1805,,0.175,0.3732,0.85,0.52432,0.3,0.53896,0.35,0.28784
1806,,0.1,0.30552,0.8,0.492,0.275,0.50664,0.3,0.22016
1807,,0.025,0.23784,0.75,0.45968,0.25,0.47432,0.25,0.15248
1808,,-0.05,0.17016,0.7,0.42736,0.225,0.442,0.2,0.0848
1809,1,1.0,0.15248,0.7,0.44504,0.25,0.45968,0.2,0.06712
1810,,0.925,0.0848,0.65,0.41272,0.225,0.42736,0.15,-0.00056
1811,8,0.9,0.06712,0.65,0.4304,0.25,0.44504,0.15,1.0
1812,,0.825,-0.00056,0.6,0.39808,0.225,0.41272,0.1,0.93232
1813,2,0.8,1.0,0.6,0.41576,0.25,0.4304,0.1,0.91464
1814,,0.725,0.93232,0.55,0.38344,0.225,0.39808,0.05,0.84696
1815,,0.65,0.86464,0.5,0.35112,0.2,0.36576,0.0,0.77928
1816,,0.575,0.79696,0.45,0.3188,0.175,0.33344,-0.05,0.7116
1817,7,0.55,0.77928,0.45,0.33648,0.2,0.35112,1.0,0.69392
1818,,0.475,0.7116,0.4,0.30416,0.175,0.3188,0.95,0.62624
1819,,0.4,0.64392,0.35,0.27184,0.15,0.28648,0.9,0.55856
1820,,0.325,0.57624,0.3,0.23952,0.125,0.25416,0.85,0.49088
1821,,0.25,0.50856,0.25,0.2072,0.1,0.22184,0.8,0.4232
1822,,0.175,0.44088,0.2,0.17488,0.075,0.18952,0.75,0.35552
1823,,0.1,0.3732,0.15,0.14256,0.05,0.1572,0.7,0.28784
1824,,0.025,0.30552,0.1,0.11024,0.025,0.12488,0.65,0.22016
1825,,-0.05,0.23784,0.05,0.07792,0.0,0.09256,0.6,0.15248
1826,1,1.0,0.22016,0.05,0.0956,0.025,0.11024,0.6,0.1348
1827,,0.925,0.15248,0.0,0.06328,0.0,0.07792,0.55,0.06712
1828,,0.85,0.0848,-0.05,0.03096,-0.025,0.0456,0.5,-0.00056
1829,3,0.825,0.06712,1.0,0.04864,0.0,0.06328,0.5,-0.01824
1830,8,0.8,0.04944,1.0,0.06632,0.025,0.08096,0.5,1.0
1831,,0.725,-0.01824,0.95,0.034,0.0,0.04864,0.45,0.93232
1832,2,0.7,1.0,0.95,0.05168,0.025,0.06632,0.45,0.91464
1833,,0.625,0.93232,0.9,0.01936,0.0,0.034,0.4,0.84696
1834,,0.55,0.86464,0.85,-0.01296,-0.025,0.00168,0.35,0.77928
1835,5,0.525,0.84696,0.85,0.00472,1.0,-0.23064,0.35,0.7616
1836,6,0.5,0.82928,0.85,0.0224,0.775,1.0,0.35,0.74392
1837,,0.425,0.7616,0.8,-0.00992,0.75,0.96768,0.3,0.67624
1838,4,0.4,0.74392,0.8,1.0,0.775,0.98536,0.3,0.65856
1839,,0.325,0.67624,0.75,0.96768,0.75,0.95304,0.25,0.59088
1840,,0.25,0.60856,0.7,0.93536,0.725,0.92072,0.2,0.5232
1841,,0.175,0.54088,0.65,0.90304,0.7,0.8884,0.15,0.45552
1842,,0.1,0.4732,0.6,0.87072,0.675,0.85608,0.1,0.38784
1843,,0.025,0.40552,0.55,0.8384,0.65,0.82376,0.05,0.32016
1844,,-0.05,0.33784,0.5,0.80608,0.625,0.79144,0.0,0.25248
1845,1,1.0,0.32016,0.5,0.82376,0.65,0.80912,0.0,0.2348
1846,,0.925,0.25248,0.45,0.79144,0.625,0.7768,-0.05,0.16712
1847,7,0.9,0.2348,0.45,0.80912,0.65,0.79448,1.0,0.14944
1848,,0.825,0.16712,0.4,0.7768,0.625,0.76216,0.95,0.08176
1849,,0.75,0.09944,0.35,0.74448,0.6,0.72984,0.9,0.01408
1850,,0.675,0.03176,0.3,0.71216,0.575,0.69752,0.85,-0.0536
1851,8,0.65,0.01408,0.3,0.72984,0.6,0.7152,0.85,1.0
1852,,0.575,-0.0536,0.25,0.69752,0.575,0.68288,0.8,0.93232
1853,2,0.55,1.0,0.25,0.7152,0.6,0.70056,0.8,0.91464
1854,,0.475,0.93232,0.2,0.68288,0.575,0.66824,0.75,0.84696
1855,,0.4,0.86464,0.15,0.65056,0.55,0.63592,0.7,0.77928
1856,,0.325,0.79696,0.1,0.61824,0.525,0.6036,0.65,0.7116
1857,,0.25,0.72928,0.05,0.58592,0.5,0.57128,0.6,0.64392
1858,,0.175,0.6616,0.0,0.5536,0.475,0.53896,0.55,0.57624
1859,,0.1,0.59392,-0.05,0.52128,0.45,0.50664,0.5,0.50856
1860,3,0.075,0.57624,1.0,0.53896,0.475,0.52432,0.5,0.49088
1861,,-0.0,0.50856,0.95,0.50664,0.45,0.492,0.45,0.4232
1862,,-0.075,0.44088,0.9,0.47432,0.425,0.45968,0.4,0.35552
1863,1,1.0,0.4232,0.9,0.492,0.45,0.47736,0.4,0.33784
1864,,0.925,0.35552,0.85,0.45968,0.425,0.44504,0.35,0.27016
1865,,0.85,0.28784,0.8,0.42736,0.4,0.41272,0.3,0.20248
1866,,0.775,0.22016,0.75,0.39504,0.375,0.3804,0.25,0.1348
1867,,0.7,0.15248,0.7,0.36272,0.35,0.34808,0.2,0.06712
1868,,0.625,0.0848,0.65,0.3304,0.325,0.31576,0.15,-0.00056
1869,8,0.6,0.06712,0.65,0.34808,0.35,0.33344,0.15,1.0
1870,,0.525,-0.00056,0.6,0.31576,0.325,0.30112,0.1,0.93232
1871,2,0.5,1.0,0.6,0.33344,0.35,0.3188,0.1,0.91464
1872,,0.425,0.93232,0.55,0.30112,0.325,0.28648,0.05,0.84696
1873,,0.35,0.86464,0.5,0.2688,0.3,0.25416,0.0,0.77928
1874,,0.275,0.79696,0.45,0.23648,0.275,0.22184,-0.05,0.7116
1875,7,0.25,0.77928,0.45,0.25416,0.3,0.23952,1.0,0.69392
1876,,0.175,0.7116,0.4,0.22184,0.275,0.2072,0.95,0.62624
1877,,0.1,0.64392,0.35,0.18952,0.25,0.17488,0.9,0.55856
1878,,0.025,0.57624,0.3,0.1572,0.225,0.14256,0.85,0.49088
1879,,-0.05,0.50856,0.25,0.12488,0.2,0.11024,0.8,0.4232
1880,1,1.0,0.49088,0.25,0.14256,0.225,0.12792,0.8,0.40552
1881,,0.925,0.4232,0.2,0.11024,0.2,0.0956,0.75,0.33784
1882,,0.85,0.35552,0.15,0.07792,0.175,0.06328,0.7,0.27016
1883,,0.775,0.28784,0.1,0.0456,0.15,0.03096,0.65,0.20248
1884,,0.7,0.22016,0.05,0.01328,0.125,-0.00136,0.6,0.1348
1885,6,0.675,0.20248,0.05,0.03096,-0.1,1.0,0.6,0.11712
1886,5,0.65,0.1848,0.05,0.04864,1.0,0.76768,0.6,0.09944
1887,,0.575,0.11712,0.0,0.01632,0.975,0.73536,0.55,0.03176
1888,,0.5,0.04944,-0.05,-0.016,0.95,0.70304,0.5,-0.03592
1889,3,0.475,0.03176,1.0,0.00168,0.975,0.72072,0.5,-0.0536
1890,8,0.45,0.01408,1.0,0.01936,1.0,0.7384,0.5,1.0
1891,,0.375,-0.0536,0.95,-0.01296,0.975,0.70608,0.45,0.93232
1892,2,0.35,1.0,0.95,0.00472,1.0,0.72376,0.45,0.91464
1893,,0.275,0.93232,0.9,-0.0276,0.975,0.69144,0.4,0.84696
1894,4,0.25,0.91464,0.9,1.0,1.0,0.70912,0.4,0.82928
1895,,0.175,0.84696,0.85,0.96768,0.975,0.6768,0.35,0.7616
1896,,0.1,0.77928,0.8,0.93536,0.95,0.64448,0.3,0.69392
1897,,0.025,0.7116,0.75,0.90304,0.925,0.61216,0.25,0.62624
1898,,-0.05,0.64392,0.7,0.87072,0.9,0.57984,0.2,0.55856
1899,1,1.0,0.62624,0.7,0.8884,0.925,0.59752,0.2,0.54088
1900,,0.925,0.55856,0.65,0.85608,0.9,0.5652,0.15,0.4732
1901,,0.85,0.49088,0.6,0.82376,0.875,0.53288,0.1,0.40552
1902,,0.775,0.4232,0.55,0.79144,0.85,0.50056,0.05,0.33784
1903,,0.7,0.35552,0.5,0.75912,0.825,0.46824,0.0,0.27016
1904,,0.625,0.28784,0.45,0.7268,0.8,0.43592,-0.05,0.20248
1905,7,0.6,0.27016,0.45,0.74448,0.825,0.4536,1.0,0.1848
1906,,0.525,0.20248,0.4,0.71216,0.8,0.42128,0.95,0.11712
1907,,0.45,0.1348,0.35,0.67984,0.775,0.38896,0.9,0.04944
1908,,0.375,0.06712,0.3,0.64752,0.75,0.35664,0.85,-0.01824
1909,8,0.35,0.04944,0.3,0.6652,0.775,0.37432,0.85,1.0
1910,,0.275,-0.01824,0.25,0.63288,0.75,0.342,0.8,0.93232
1911,2,0.25,1.0,0.25,0.65056,0.775,0.35968,0.8,0.91464
1912,,0.175,0.93232,0.2,0.61824,0.75,0.32736,0.75,0.84696
1913,,0.1,0.86464,0.15,0.58592,0.725,0.29504,0.7,0.77928
1914,,0.025,0.79696,0.1,0.5536,0.7,0.26272,0.65,0.7116
1915,,-0.05,0.72928,0.05,0.52128,0.675,0.2304,0.6,0.64392
1916,1,1.0,0.7116,0.05,0.53896,0.7,0.24808,0.6,0.62624
1917,,0.925,0.64392,0.0,0.50664,0.675,0.21576,0.55,0.55856
1918,,0.85,0.57624,-0.05,0.47432,0.65,0.18344,0.5,0.49088
1919,3,0.825,0.55856,1.0,0.492,0.675,0.20112,0.5,0.4732
1920,,0.75,0.49088,0.95,0.45968,0.65,0.1688,0.45,0.40552
1921,,0.675,0.4232,0.9,0.42736,0.625,0.13648,0.4,0.33784
1922,,0.6,0.35552,0.85,0.39504,0.6,0.10416,0.35,0.27016
1923,,0.525,0.28784,0.8,0.36272,0.575,0.07184,0.3,0.20248
1924,,0.45,0.22016,0.75,0.3304,0.55,0.03952,0.25,0.1348
1925,,0.375,0.15248,0.7,0.29808,0.525,0.0072,0.2,0.06712
1926,,0.3,0.0848,0.65,0.26576,0.5,-0.02512,0.15,-0.00056
1927,6,0.275,0.06712,0.65,0.28344,0.275,1.0,0.15,-0.01824
1928,8,0.25,0.04944,0.65,0.30112,0.3,1.0,0.15,1.0
1929,,0.175,-0.01824,0.6,0.2688,0.275,0.96768,0.1,0.93232
1930,2,0.15,1.0,0.6,0.28648,0.3,0.98536,0.1,0.91464
1931,,0.075,0.93232,0.55,0.25416,0.275,0.95304,0.05,0.84696
1932,,-0.0,0.86464,0.5,0.22184,0.25,0.92072,0.0,0.77928
1933,,-0.075,0.79696,0.45,0.18952,0.225,0.8884,-0.05,0.7116
1934,1,1.0,0.77928,0.45,0.2072,0.25,0.90608,-0.05,0.69392
1935,7,0.975,0.7616,0.45,0.22488,0.275,0.92376,1.0,0.67624
1936,,0.9,0.69392,0.4,0.19256,0.25,0.89144,0.95,0.60856
1937,,0.825,0.62624,0.35,0.16024,0.225,0.85912,0.9,0.54088
1938,,0.75,0.55856,0.3,0.12792,0.2,0.8268,0.85,0.4732
1939,,0.675,0.49088,0.25,0.0956,0.175,0.79448,0.8,0.40552
1940,,0.6,0.4232,0.2,0.06328,0.15,0.76216,0.75,0.33784
1941,,0.525,0.35552,0.15,0.03096,0.125,0.72984,0.7,0.27016
1942,,0.45,0.28784,0.1,-0.00136,0.1,0.69752,0.65,0.20248
1943,4,0.425,0.27016,0.1,1.0,0.125,0.7152,0.65,0.1848
1944,,0.35,0.20248,0.05,0.96768,0.1,0.68288,0.6,0.11712
1945,,0.275,0.1348,0.0,0.93536,0.075,0.65056,0.55,0.04944
1946,,0.2,0.06712,-0.05,0.90304,0.05,0.61824,0.5,-0.01824
1947,3,0.175,0.04944,1.0,0.92072,0.075,0.63592,0.5,-0.03592
1948,8,0.15,0.03176,1.0,0.9384,0.1,0.6536,0.5,1.0
1949,,0.075,-0.03592,0.95,0.90608,0.075,0.62128,0.45,0.93232
1950,2,0.05,1.0,0.95,0.92376,0.1,0.63896,0.45,0.91464
1951,,-0.025,0.93232,0.9,0.89144,0.075,0.60664,0.4,0.84696
1952,1,1.0,0.91464,0.9,0.90912,0.1,0.62432,0.4,0.82928
1953,,0.925,0.84696,0.85,0.8768,0.075,0.592,0.35,0.7616
1954,,0.85,0.77928,0.8,0.84448,0.05,0.55968,0.3,0.69392
1955,,0.775,0.7116,0.75,0.81216,0.025,0.52736,0.25,0.62624
1956,,0.7,0.64392,0.7,0.77984,0.0,0.49504,0.2,0.55856
1957,,0.625,0.57624,0.65,0.74752,-0.025,0.46272,0.15,0.49088
1958,5,0.6,0.55856,0.65,0.7652,1.0,0.2304,0.15,0.4732
1959,,0.525,0.49088,0.6,0.73288,0.975,0.19808,0.1,0.40552
1960,,0.45,0.4232,0.55,0.70056,0.95,0.16576,0.05,0.33784
1961,,0.375,0.35552,0.5,0.66824,0.925,0.13344,0.0,0.27016
1962,,0.3,0.28784,0.45,0.63592,0.9,0.10112,-0.05,0.20248
1963,7,0.275,0.27016,0.45,0.6536,0.925,0.1188,1.0,0.1848
1964,,0.2,0.20248,0.4,0.62128,0.9,0.08648,0.95,0.11712
1965,,0.125,0.1348,0.35,0.58896,0.875,0.05416,0.9,0.04944
1966,,0.05,0.06712,0.3,0.55664,0.85,0.02184,0.85,-0.01824
1967,8,0.025,0.04944,0.3,0.57432,0.875,0.03952,0.85,1.0
1968,,-0.05,-0.01824,0.25,0.542,0.85,0.0072,0.8,0.93232
1969,1,1.0,-0.03592,0.25,0.55968,0.875,0.02488,0.8,0.91464
1970,2,0.975,1.0,0.25,0.57736,0.9,0.04256,0.8,0.89696
1971,,0.9,0.93232,0.2,0.54504,0.875,0.01024,0.75,0.82928
1972,,0.825,0.86464,0.15,0.51272,0.85,-0.02208,0.7,0.7616
1973,6,0.8,0.84696,0.15,0.5304,0.625,1.0,0.7,0.74392
1974,,0.725,0.77928,0.1,0.49808,0.6,0.96768,0.65,0.67624
1975,,0.65,0.7116,0.05,0.46576,0.575,0.93536,0.6,0.60856
1976,,0.575,0.64392,0.0,0.43344,0.55,0.90304,0.55,0.54088
1977,,0.5,0.57624,-0.05,0.40112,0.525,0.87072,0.5,0.4732
1978,3,0.475,0.55856,1.0,0.4188,0.55,0.8884,0.5,0.45552
1979,,0.4,0.49088,0.95,0.38648,0.525,0.85608,0.45,0.38784
1980,,0.325,0.4232,0.9,0.35416,0.5,0.82376,0.4,0.32016
1981,,0.25,0.35552,0.85,0.32184,0.475,0.79144,0.35,0.25248
1982,,0.175,0.28784,0.8,0.28952,0.45,0.75912,0.3,0.1848
1983,,0.1,0.22016,0.75,0.2572,0.425,0.7268,0.25,0.11712
1984,,0.025,0.15248,0.7,0.22488,0.4,0.69448,0.2,0.04944
1985,,-0.05,0.0848,0.65,0.19256,0.375,0.66216,0.15,-0.01824
1986,1,1.0,0.06712,0.65,0.21024,0.4,0.67984,0.15,-0.03592
1987,8,0.975,0.04944,0.65,0.22792,0.425,0.69752,0.15,1.0
1988,,0.9,-0.01824,0.6,0.1956,0.4,0.6652,0.1,0.93232
1989,2,0.875,1.0,0.6,0.21328,0.425,0.68288,0.1,0.91464
1990,,0.8,0.93232,0.55,0.18096,0.4,0.65056,0.05,0.84696
1991,,0.725,0.86464,0.5,0.14864,0.375,0.61824,0.0,0.77928
1992,,0.65,0.79696,0.45,0.11632,0.35,0.58592,-0.05,0.7116
1993,7,0.625,0.77928,0.45,0.134,0.375,0.6036,1.0,0.69392
1994,,0.55,0.7116,0.4,0.10168,0.35,0.57128,0.95,0.62624
1995,,0.475,0.64392,0.35,0.06936,0.325,0.53896,0.9,0.55856
1996,,0.4,0.57624,0.3,0.03704,0.3,0.50664,0.85,0.49088
1997,,0.325,0.50856,0.25,0.00472,0.275,0.47432,0.8,0.4232
1998,,0.25,0.44088,0.2,-0.0276,0.25,0.442,0.75,0.35552
1999,4,0.225,0.4232,0.2,1.0,0.275,0.45968,0.75,0.33784
2000,,0.15,0.35552,0.15,0.96768,0.25,0.42736,0.7,0.27016
2001,,0.075,0.28784,0.1,0.93536,0.225,0.39504,0.65,0.20248
2002,,-0.0,0.22016,0.05,0.90304,0.2,0.36272,0.6,0.1348
2003,,-0.075,0.15248,0.0,0.87072,0.175,0.3304,0.55,0.06712
2004,1,1.0,0.1348,0.0,0.8884,0.2,0.34808,0.55,0.04944
2005,,0.925,0.06712,-0.05,0.85608,0.175,0.31576,0.5,-0.01824
2006,3,0.9,0.04944,1.0,0.87376,0.2,0.33344,0.5,-0.03592
2007,8,0.875,0.03176,1.0,0.89144,0.225,0.35112,0.5,1.0
2008,,0.8,-0.03592,0.95,0.85912,0.2,0.3188,0.45,0.93232
2009,2,0.775,1.0,0.95,0.8768,0.225,0.33648,0.45,0.91464
2010,,0.7,0.93232,0.9,0.84448,0.2,0.30416,0.4,0.84696
2011,,0.625,0.86464,0.85,0.81216,0.175,0.27184,0.35,0.77928
2012,,0.55,0.79696,0.8,0.77984,0.15,0.23952,0.3,0.7116
2013,,0.475,0.72928,0.75,0.74752,0.125,0.2072,0.25,0.64392
2014,,0.4,0.6616,0.7,0.7152,0.1,0.17488,0.2,0.57624
2015,,0.325,0.59392,0.65,0.68288,0.075,0.14256,0.15,0.50856
2016,,0.25,0.52624,0.6,0.65056,0.05,0.11024,0.1,0.44088
2017,,0.175,0.45856,0.55,0.61824,0.025,0.07792,0.05,0.3732
2018,,0.1,0.39088,0.5,0.58592,0.0,0.0456,0.0,0.30552
2019,,0.025,0.3232,0.45,0.5536,-0.025,0.01328,-0.05,0.23784
2020,7,0.0,0.30552,0.45,0.57128,0.0,0.03096,1.0,0.22016
2021,,-0.075,0.23784,0.4,0.53896,-0.025,-0.00136,0.95,0.15248
2022,1,1.0,0.22016,0.4,0.55664,0.0,0.01632,0.95,0.1348
2023,,0.925,0.15248,0.35,0.52432,-0.025,-0.016,0.9,0.06712
2024,5,0.9,0.1348,0.35,0.542,1.0,-0.24832,0.9,0.04944
2025,6,0.875,0.11712,0.35,0.55968,0.775,1.0,0.9,0.03176
2026,,0.8,0.04944,0.3,0.52736,0.75,0.96768,0.85,-0.03592
2027,8,0.775,0.03176,0.3,0.54504,0.775,0.98536,0.85,1.0
2028,,0.7,-0.03592,0.25,0.51272,0.75,0.95304,0.8,0.93232
2029,2,0.675,1.0,0.25,0.5304,0.775,0.97072,0.8,0.91464
2030,,0.6,0.93232,0.2,0.49808,0.75,0.9384,0.75,0.84696
2031,,0.525,0.86464,0.15,0.46576,0.725,0.90608,0.7,0.77928
2032,,0.45,0.79696,0.1,0.43344,0.7,0.87376,0.65,0.7116
2033,,0.375,0.72928,0.05,0.40112,0.675,0.84144,0.6,0.64392
2034,,0.3,0.6616,0.0,0.3688,0.65,0.80912,0.55,0.57624
2035,,0.225,0.59392,-0.05,0.33648,0.625,0.7768,0.5,0.50856
2036,3,0.2,0.57624,1.0,0.35416,0.65,0.79448,0.5,0.49088
2037,,0.125,0.50856,0.95,0.32184,0.625,0.76216,0.45,0.4232
2038,,0.05,0.44088,0.9,0.28952,0.6,0.72984,0.4,0.35552
2039,,-0.025,0.3732,0.85,0.2572,0.575,0.69752,0.35,0.28784
2040,1,1.0,0.35552,0.85,0.27488,0.6,0.7152,0.35,0.27016
2041,,0.925,0.28784,0.8,0.24256,0.575,0.68288,0.3,0.20248
2042,,0.85,0.22016,0.75,0.21024,0.55,0.65056,0.25,0.1348
2043,,0.775,0.15248,0.7,0.17792,0.525,0.61824,0.2,0.06712
2044,,0.7,0.0848,0.65,0.1456,0.5,0.58592,0.15,-0.00056
2045,8,0.675,0.06712,0.65,0.16328,0.525,0.6036,0.15,1.0
2046,,0.6,-0.00056,0.6,0.13096,0.5,0.57128,0.1,0.93232
2047,2,0.575,1.0,0.6,0.14864,0.525,0.58896,0.1,0.91464
2048,,0.5,0.93232,0.55,0.11632,0.5,0.55664,0.05,0.84696
2049,,0.425,0.86464,0.5,0.084,0.475,0.52432,0.0,0.77928
2050,,0.35,0.79696,0.45,0.05168,0.45,0.492,-0.05,0.7116
2051,7,0.325,0.77928,0.45,0.06936,0.475,0.50968,1.0,0.69392
2052,,0.25,0.7116,0.4,0.03704,0.45,0.47736,0.95,0.62624
2053,,0.175,0.64392,0.35,0.00472,0.425,0.44504,0.9,0.55856
2054,,0.1,0.57624,0.3,-0.0276,0.4,0.41272,0.85,0.49088
2055,4,0.075,0.55856,0.3,1.0,0.425,0.4304,0.85,0.4732
2056,,-0.0,0.49088,0.25,0.96768,0.4,0.39808,0.8,0.40552
2057,,-0.075,0.4232,0.2,0.93536,0.375,0.36576,0.75,0.33784
2058,1,1.0,0.40552,0.2,0.95304,0.4,0.38344,0.75,0.32016
2059,,0.925,0.33784,0.15,0.92072,0.375,0.35112,0.7,0.25248
2060,,0.85,0.27016,0.1,0.8884,0.35,0.3188,0.65,0.1848
2061,,0.775,0.20248,0.05,0.85608,0.325,0.28648,0.6,0.11712
2062,,0.7,0.1348,0.0,0.82376,0.3,0.25416,0.55,0.04944
2063,,0.625,0.06712,-0.05,0.79144,0.275,0.22184,0.5,-0.01824
2064,3,0.6,0.04944,1.0,0.80912,0.3,0.23952,0.5,-0.03592
2065,8,0.575,0.03176,1.0,0.8268,0.325,0.2572,0.5,1.0
2066,,0.5,-0.03592,0.95,0.79448,0.3,0.22488,0.45,0.93232
2067,2,0.475,1.0,0.95,0.81216,0.325,0.24256,0.45,0.91464
2068,,0.4,0.93232,0.9,0.77984,0.3,0.21024,0.4,0.84696
2069,,0.325,0.86464,0.85,0.74752,0.275,0.17792,0.35,0.77928
2070,,0.25,0.79696,0.8,0.7152,0.25,0.1456,0.3,0.7116
2071,,0.175,0.72928,0.75,0.68288,0.225,0.11328,0.25,0.64392
2072,,0.1,0.6616,0.7,0.65056,0.2,0.08096,0.2,0.57624
2073,,0.025,0.59392,0.65,0.61824,0.175,0.04864,0.15,0.50856
2074,,-0.05,0.52624,0.6,0.58592,0.15,0.01632,0.1,0.44088
2075,1,1.0,0.50856,0.6,0.6036,0.175,0.034,0.1,0.4232
2076,,0.925,0.44088,0.55,0.57128,0.15,0.00168,0.05,0.35552
2077,,0.85,0.3732,0.5,0.53896,0.125,-0.03064,0.0,0.28784
2078,6,0.825,0.35552,0.5,0.55664,-0.1,1.0,0.0,0.27016
2079,5,0.8,0.33784,0.5,0.57432,1.0,0.76768,0.0,0.25248
2080,,0.725,0.27016,0.45,0.542,0.975,0.73536,-0.05,0.1848
2081,7,0.7,0.25248,0.45,0.55968,1.0,0.75304,1.0,0.16712
2082,,0.625,0.1848,0.4,0.52736,0.975,0.72072,0.95,0.09944
2083,,0.55,0.11712,0.35,0.49504,0.95,0.6884,0.9,0.03176
2084,,0.475,0.04944,0.3,0.46272,0.925,0.65608,0.85,-0.03592
2085,8,0.45,0.03176,0.3,0.4804,0.95,0.67376,0.85,1.0
2086,,0.375,-0.03592,0.25,0.44808,0.925,0.64144,0.8,0.93232
2087,2,0.35,1.0,0.25,0.46576,0.95,0.65912,0.8,0.91464
2088,,0.275,0.93232,0.2,0.43344,0.925,0.6268,0.75,0.84696
2089,,0.2,0.86464,0.15,0.40112,0.9,0.59448,0.7,0.77928
2090,,0.125,0.79696,0.1,0.3688,0.875,0.56216,0.65,0.7116
2091,,0.05,0.72928,0.05,0.33648,0.85,0.52984,0.6,0.64392
2092,,-0.025,0.6616,0.0,0.30416,0.825,0.49752,0.55,0.57624
2093,1,1.0,0.64392,0.0,0.32184,0.85,0.5152,0.55,0.55856
2094,,0.925,0.57624,-0.05,0.28952,0.825,0.48288,0.5,0.49088
2095,3,0.9,0.55856,1.0,0.3072,0.85,0.50056,0.5,0.4732
2096,,0.825,0.49088,0.95,0.27488,0.825,0.46824,0.45,0.40552
2097,,0.75,0.4232,0.9,0.24256,0.8,0.43592,0.4,0.33784
2098,,0.675,0.35552,0.85,0.21024,0.775,0.4036,0.35,0.27016
2099,,0.6,0.28784,0.8,0.17792,0.75,0.37128,0.3,0.20248
2100,,0.525,0.22016,0.75,0.1456,0.725,0.33896,0.25,0.1348
2101,,0.45,0.15248,0.7,0.11328,0.7,0.30664,0.2,0.06712
2102,,0.375,0.0848,0.65,0.08096,0.675,0.27432,0.15,-0.00056
2103,8,0.35,0.06712,0.65,0.09864,0.7,0.292,0.15,1.0
2104,,0.275,-0.00056,0.6,0.06632,0.675,0.25968,0.1,0.93232
2105,2,0.25,1.0,0.6,0.084,0.7,0.27736,0.1,0.91464
2106,,0.175,0.93232,0.55,0.05168,0.675,0.24504,0.05,0.84696
2107,,0.1,0.86464,0.5,0.01936,0.65,0.21272,0.0,0.77928
2108,,0.025,0.79696,0.45,-0.01296,0.625,0.1804,-0.05,0.7116
2109,7,0.0,0.77928,0.45,0.00472,0.65,0.19808,1.0,0.69392
2110,,-0.075,0.7116,0.4,-0.0276,0.625,0.16576,0.95,0.62624
2111,1,1.0,0.69392,0.4,-0.00992,0.65,0.18344,0.95,0.60856
2112,4,0.975,0.67624,0.4,1.0,0.675,0.20112,0.95,0.59088
2113,,0.9,0.60856,0.35,0.96768,0.65,0.1688,0.9,0.5232
2114,,0.825,0.54088,0.3,0.93536,0.625,0.13648,0.85,0.45552
2115,,0.75,0.4732,0.25,0.90304,0.6,0.10416,0.8,0.38784
2116,,0.675,0.40552,0.2,0.87072,0.575,0.07184,0.75,0.32016
2117,,0.6,0.33784,0.15,0.8384,0.55,0.03952,0.7,0.25248
2118,,0.525,0.27016,0.1,0.80608,0.525,0.0072,0.65,0.1848
2119,,0.45,0.20248,0.05,0.77376,0.5,-0.02512,0.6,0.11712
2120,6,0.425,0.1848,0.05,0.79144,0.275,1.0,0.6,0.09944
2121,,0.35,0.11712,0.0,0.75912,0.25,0.96768,0.55,0.03176
2122,,0.275,0.04944,-0.05,0.7268,0.225,0.93536,0.5,-0.03592
2123,3,0.25,0.03176,1.0,0.74448,0.25,0.95304,0.5,-0.0536
2124,8,0.225,0.01408,1.0,0.76216,0.275,0.97072,0.5,1.0
2125,,0.15,-0.0536,0.95,0.72984,0.25,0.9384,0.45,0.93232
2126,2,0.125,1.0,0.95,0.74752,0.275,0.95608,0.45,0.91464
2127,,0.05,0.93232,0.9,0.7152,0.25,0.92376,0.4,0.84696
2128,,-0.025,0.86464,0.85,0.68288,0.225,0.89144,0.35,0.77928
2129,1,1.0,0.84696,0.85,0.70056,0.25,0.90912,0.35,0.7616
2130,,0.925,0.77928,0.8,0.66824,0.225,0.8768,0.3,0.69392
2131,,0.85,0.7116,0.75,0.63592,0.2,0.84448,0.25,0.62624
2132,,0.775,0.64392,0.7,0.6036,0.175,0.81216,0.2,0.55856
2133,,0.7,0.57624,0.65,0.57128,0.15,0.77984,0.15,0.49088
2134,,0.625,0.50856,0.6,0.53896,0.125,0.74752,0.1,0.4232
2135,,0.55,0.44088,0.55,0.50664,0.1,0.7152,0.05,0.35552
2136,,0.475,0.3732,0.5,0.47432,0.075,0.68288,0.0,0.28784
2137,,0.4,0.30552,0.45,0.442,0.05,0.65056,-0.05,0.22016
2138,7,0.375,0.28784,0.45,0.45968,0.075,0.66824,1.0,0.20248
2139,,0.3,0.22016,0.4,0.42736,0.05,0.63592,0.95,0.1348
2140,,0.225,0.15248,0.35,0.39504,0.025,0.6036,0.9,0.06712
2141,,0.15,0.0848,0.3,0.36272,0.0,0.57128,0.85,-0.00056
2142,8,0.125,0.06712,0.3,0.3804,0.025,0.58896,0.85,1.0
2143,,0.05,-0.00056,0.25,0.34808,0.0,0.55664,0.8,0.93232
2144,2,0.025,1.0,0.25,0.36576,0.025,0.57432,0.8,0.91464
2145,,-0.05,0.93232,0.2,0.33344,0.0,0.542,0.75,0.84696
2146,1,1.0,0.91464,0.2,0.35112,0.025,0.55968,0.75,0.82928
2147,,0.925,0.84696,0.15,0.3188,0.0,0.52736,0.7,0.7616
2148,,0.85,0.77928,0.1,0.28648,-0.025,0.49504,0.65,0.69392
2149,5,0.825,0.7616,0.1,0.30416,1.0,0.26272,0.65,0.67624
2150,,0.75,0.69392,0.05,0.27184,0.975,0.2304,0.6,0.60856
2151,,0.675,0.62624,0.0,0.23952,0.95,0.19808,0.55,0.54088
2152,,0.6,0.55856,-0.05,0.2072,0.925,0.16576,0.5,0.4732
2153,3,0.575,0.54088,1.0,0.22488,0.95,0.18344,0.5,0.45552
2154,,0.5,0.4732,0.95,0.19256,0.925,0.15112,0.45,0.38784
2155,,0.425,0.40552,0.9,0.16024,0.9,0.1188,0.4,0.32016
2156,,0.35,0.33784,0.85,0.12792,0.875,0.08648,0.35,0.25248
2157,,0.275,0.27016,0.8,0.0956,0.85,0.05416,0.3,0.1848
2158,,0.2,0.20248,0.75,0.06328,0.825,0.02184,0.25,0.11712
2159,,0.125,0.1348,0.7,0.03096,0.8,-0.01048,0.2,0.04944
2160,6,0.1,0.11712,0.7,0.04864,0.575,1.0,0.2,0.03176
2161,,0.025,0.04944,0.65,0.01632,0.55,0.96768,0.15,-0.03592
2162,8,0.0,0.03176,0.65,0.034,0.575,0.98536,0.15,1.0
2163,,-0.075,-0.03592,0.6,0.00168,0.55,0.95304,0.1,0.93232
2164,1,1.0,-0.0536,0.6,0.01936,0.575,0.97072,0.1,0.91464
2165,2,0.975,1.0,0.6,0.03704,0.6,0.9884,0.1,0.89696
2166,,0.9,0.93232,0.55,0.00472,0.575,0.95608,0.05,0.82928
2167,,0.825,0.86464,0.5,-0.0276,0.55,0.92376,0.0,0.7616
2168,4,0.8,0.84696,0.5,1.0,0.575,0.94144,0.0,0.74392
2169,,0.725,0.77928,0.45,0.96768,0.55,0.90912,-0.05,0.67624
2170,7,0.7,0.7616,0.45,0.98536,0.575,0.9268,1.0,0.65856
2171,,0.625,0.69392,0.4,0.95304,0.55,0.89448,0.95,0.59088
2172,,0.55,0.62624,0.35,0.92072,0.525,0.86216,0.9,0.5232
2173,,0.475,0.55856,0.3,0.8884,0.5,0.82984,0.85,0.45552
2174,,0.4,0.49088,0.25,0.85608,0.475,0.79752,0.8,0.38784
2175,,0.325,0.4232,0.2,0.82376,0.45,0.7652,0.75,0.32016
2176,,0.25,0.35552,0.15,0.79144,0.425,0.73288,0.7,0.25248
2177,,0.175,0.28784,0.1,0.75912,0.4,0.70056,0.65,0.1848
2178,,0.1,0.22016,0.05,0.7268,0.375,0.66824,0.6,0.11712
2179,,0.025,0.15248,0.0,0.69448,0.35,0.63592,0.55,0.04944
2180,,-0.05,0.0848,-0.05,0.66216,0.325,0.6036,0.5,-0.01824
2181,3,-0.075,0.06712,1.0,0.67984,0.35,0.62128,0.5,-0.03592
2182,1,1.0,0.04944,1.0,0.69752,0.375,0.63896,0.5,-0.0536
2183,8,0.975,0.03176,1.0,0.7152,0.4,0.65664,0.5,1.0
2184,,0.9,-0.03592,0.95,0.68288,0.375,0.62432,0.45,0.93232
2185,2,0.875,1.0,0.95,0.70056,0.4,0.642,0.45,0.91464
2186,,0.8,0.93232,0.9,0.66824,0.375,0.60968,0.4,0.84696
2187,,0.725,0.86464,0.85,0.63592,0.35,0.57736,0.35,0.77928
2188,,0.65,0.79696,0.8,0.6036,0.325,0.54504,0.3,0.7116
2189,,0.575,0.72928,0.75,0.57128,0.3,0.51272,0.25,0.64392
2190,,0.5,0.6616,0.7,0.53896,0.275,0.4804,0.2,0.57624
2191,,0.425,0.59392,0.65,0.50664,0.25,0.44808,0.15,0.50856
2192,,0.35,0.52624,0.6,0.47432,0.225,0.41576,0.1,0.44088
2193,,0.275,0.45856,0.55,0.442,0.2,0.38344,0.05,0.3732
2194,,0.2,0.39088,0.5,0.40968,0.175,0.35112,0.0,0.30552
2195,,0.125,0.3232,0.45,0.37736,0.15,0.3188,-0.05,0.23784
2196,7,0.1,0.30552,0.45,0.39504,0.175,0.33648,1.0,0.22016
2197,,0.025,0.23784,0.4,0.36272,0.15,0.30416,0.95,0.15248
2198,,-0.05,0.17016,0.35,0.3304,0.125,0.27184,0.9,0.0848
2199,1,1.0,0.15248,0.35,0.34808,0.15,0.28952,0.9,0.06712
2200,,0.925,0.0848,0.3,0.31576,0.125,0.2572,0.85,-0.00056
2201,8,0.9,0.06712,0.3,0.33344,0.15,0.27488,0.85,1.0
2202,,0.825,-0.00056,0.25,0.30112,0.125,0.24256,0.8,0.93232
2203,2,0.8,1.0,0.25,0.3188,0.15,0.26024,0.8,0.91464
2204,,0.725,0.93232,0.2,0.28648,0.125,0.22792,0.75,0.84696
2205,,0.65,0.86464,0.15,0.25416,0.1,0.1956,0.7,0.77928
2206,,0.575,0.79696,0.1,0.22184,0.075,0.16328,0.65,0.7116
2207,,0.5,0.72928,0.05,0.18952,0.05,0.13096,0.6,0.64392
2208,,0.425,0.6616,0.0,0.1572,0.025,0.09864,0.55,0.57624
2209,,0.35,0.59392,-0.05,0.12488,0.0,0.06632,0.5,0.50856
2210,3,0.325,0.57624,1.0,0.14256,0.025,0.084,0.5,0.49088
2211,,0.25,0.50856,0.95,0.11024,0.0,0.05168,0.45,0.4232
2212,,0.175,0.44088,0.9,0.07792,-0.025,0.01936,0.4,0.35552
2213,5,0.15,0.4232,0.9,0.0956,1.0,-0.21296,0.4,0.33784
2214,6,0.125,0.40552,0.9,0.11328,0.775,1.0,0.4,0.32016
2215,,0.05,0.33784,0.85,0.08096,0.75,0.96768,0.35,0.25248
2216,,-0.025,0.27016,0.8,0.04864,0.725,0.93536,0.3,0.1848
2217,1,1.0,0.25248,0.8,0.06632,0.75,0.95304,0.3,0.16712
2218,,0.925,0.1848,0.75,0.034,0.725,0.92072,0.25,0.09944
2219,,0.85,0.11712,0.7,0.00168,0.7,0.8884,0.2,0.03176
2220,,0.775,0.04944,0.65,-0.03064,0.675,0.85608,0.15,-0.03592
2221,8,0.75,0.03176,0.65,-0.01296,0.7,0.87376,0.15,1.0
2222,4,0.725,0.01408,0.65,1.0,0.725,0.89144,0.15,0.98232
2223,,0.65,-0.0536,0.6,0.96768,0.7,0.85912,0.1,0.91464
2224,2,0.625,1.0,0.6,0.98536,0.725,0.8768,0.1,0.89696
2225,,0.55,0.93232,0.55,0.95304,0.7,0.84448,0.05,0.82928
2226,,0.475,0.86464,0.5,0.92072,0.675,0.81216,0.0,0.7616
2227,,0.4,0.79696,0.45,0.8884,0.65,0.77984,-0.05,0.69392
2228,7,0.375,0.77928,0.45,0.90608,0.675,0.79752,1.0,0.67624
2229,,0.3,0.7116,0.4,0.87376,0.65,0.7652,0.95,0.60856
2230,,0.225,0.64392,0.35,0.84144,0.625,0.73288,0.9,0.54088
2231,,0.15,0.57624,0.3,0.80912,0.6,0.70056,0.85,0.4732
2232,,0.075,0.50856,0.25,0.7768,0.575,0.66824,0.8,0.40552
2233,,-0.0,0.44088,0.2,0.74448,0.55,0.63592,0.75,0.33784
2234,,-0.075,0.3732,0.15,0.71216,0.525,0.6036,0.7,0.27016
2235,1,1.0,0.35552,0.15,0.72984,0.55,0.62128,0.7,0.25248
2236,,0.925,0.28784,0.1,0.69752,0.525,0.58896,0.65,0.1848
2237,,0.85,0.22016,0.05,0.6652,0.5,0.55664,0.6,0.11712
2238,,0.775,0.15248,0.0,0.63288,0.475,0.52432,0.55,0.04944
2239,,0.7,0.0848,-0.05,0.60056,0.45,0.492,0.5,-0.01824
2240,3,0.675,0.06712,1.0,0.61824,0.475,0.50968,0.5,-0.03592
2241,8,0.65,0.04944,1.0,0.63592,0.5,0.52736,0.5,1.0
2242,,0.575,-0.01824,0.95,0.6036,0.475,0.49504,0.45,0.93232
2243,2,0.55,1.0,0.95,0.62128,0.5,0.51272,0.45,0.91464
2244,,0.475,0.93232,0.9,0.58896,0.475,0.4804,0.4,0.84696
2245,,0.4,0.86464,0.85,0.55664,0.45,0.44808,0.35,0.77928
2246,,0.325,0.79696,0.8,0.52432,0.425,0.41576,0.3,0.7116
2247,,0.25,0.72928,0.75,0.492,0.4,0.38344,0.25,0.64392
2248,,0.175,0.6616,0.7,0.45968,0.375,0.35112,0.2,0.57624
2249,,0.1,0.59392,0.65,0.42736,0.35,0.3188,0.15,0.50856
2250,,0.025,0.52624,0.6,0.39504,0.325,0.28648,0.1,0.44088
2251,,-0.05,0.45856,0.55,0.36272,0.3,0.25416,0.05,0.3732
2252,1,1.0,0.44088,0.55,0.3804,0.325,0.27184,0.05,0.35552
2253,,0.925,0.3732,0.5,0.34808,0.3,0.23952,0.0,0.28784
2254,,0.85,0.30552,0.45,0.31576,0.275,0.2072,-0.05,0.22016
2255,7,0.825,0.28784,0.45,0.33344,0.3,0.22488,1.0,0.20248
2256,,0.75,0.22016,0.4,0.30112,0.275,0.19256,0.95,0.1348
2257,,0.675,0.15248,0.35,0.2688,0.25,0.16024,0.9,0.06712
2258,,0.6,0.0848,0.3,0.23648,0.225,0.12792,0.85,-0.00056
2259,8,0.575,0.06712,0.3,0.25416,0.25,0.1456,0.85,1.0
2260,,0.5,-0.00056,0.25,0.22184,0.225,0.11328,0.8,0.93232
2261,2,0.475,1.0,0.25,0.23952,0.25,0.13096,0.8,0.91464
2262,,0.4,0.93232,0.2,0.2072,0.225,0.09864,0.75,0.84696
2263,,0.325,0.86464,0.15,0.17488,0.2,0.06632,0.7,0.77928
2264,,0.25,0.79696,0.1,0.14256,0.175,0.034,0.65,0.7116
2265,,0.175,0.72928,0.05,0.11024,0.15,0.00168,0.6,0.64392
2266,,0.1,0.6616,0.0,0.07792,0.125,-0.03064,0.55,0.57624
2267,6,0.075,0.64392,0.0,0.0956,-0.1,1.0,0.55,0.55856
2268,5,0.05,0.62624,0.0,0.11328,1.0,0.76768,0.55,0.54088
2269,,-0.025,0.55856,-0.05,0.08096,0.975,0.73536,0.5,0.4732
2270,3,-0.05,0.54088,1.0,0.09864,1.0,0.75304,0.5,0.45552
2271,1,1.0,0.5232,1.0,0.11632,1.0,0.77072,0.5,0.43784
2272,,0.925,0.45552,0.95,0.084,0.975,0.7384,0.45,0.37016
2273,,0.85,0.38784,0.9,0.05168,0.95,0.70608,0.4,0.30248
2274,,0.775,0.32016,0.85,0.01936,0.925,0.67376,0.35,0.2348
2275,,0.7,0.25248,0.8,-0.01296,0.9,0.64144,0.3,0.16712
2276,4,0.675,0.2348,0.8,1.0,0.925,0.65912,0.3,0.14944
2277,,0.6,0.16712,0.75,0.96768,0.9,0.6268,0.25,0.08176
2278,,0.525,0.09944,0.7,0.93536,0.875,0.59448,0.2,0.01408
2279,,0.45,0.03176,0.65,0.90304,0.85,0.56216,0.15,-0.0536
2280,8,0.425,0.01408,0.65,0.92072,0.875,0.57984,0.15,1.0
2281,,0.35,-0.0536,0.6,0.8884,0.85,0.54752,0.1,0.93232
2282,2,0.325,1.0,0.6,0.90608,0.875,0.5652,0.1,0.91464
2283,,0.25,0.93232,0.55,0.87376,0.85,0.53288,0.05,0.84696
2284,,0.175,0.86464,0.5,0.84144,0.825,0.50056,0.0,0.77928
2285,,0.1,0.79696,0.45,0.80912,0.8,0.46824,-0.05,0.7116
2286,7,0.075,0.77928,0.45,0.8268,0.825,0.48592,1.0,0.69392
2287,,-0.0,0.7116,0.4,0.79448,0.8,0.4536,0.95,0.62624
2288,,-0.075,0.64392,0.35,0.76216,0.775,0.42128,0.9,0.55856
2289,1,1.0,0.62624,0.35,0.77984,0.8,0.43896,0.9,0.54088
2290,,0.925,0.55856,0.3,0.74752,0.775,0.40664,0.85,0.4732
2291,,0.85,0.49088,0.25,0.7152,0.75,0.37432,0.8,0.40552
2292,,0.775,0.4232,0.2,0.68288,0.725,0.342,0.75,0.33784
2293,,0.7,0.35552,0.15,0.65056,0.7,0.30968,0.7,0.27016
2294,,0.625,0.28784,0.1,0.61824,0.675,0.27736,0.65,0.20248
2295,,0.55,0.22016,0.05,0.58592,0.65,0.24504,0.6,0.1348
2296,,0.475,0.15248,0.0,0.5536,0.625,0.21272,0.55,0.06712
2297,,0.4,0.0848,-0.05,0.52128,0.6,0.1804,0.5,-0.00056
2298,3,0.375,0.06712,1.0,0.53896,0.625,0.19808,0.5,-0.01824
2299,8,0.35,0.04944,1.0,0.55664,0.65,0.21576,0.5,1.0
2300,,0.275,-0.01824,0.95,0.52432,0.625,0.18344,0.45,0.93232
2301,2,0.25,1.0,0.95,0.542,0.65,0.20112,0.45,0.91464
2302,,0.175,0.93232,0.9,0.50968,0.625,0.1688,0.4,0.84696
2303,,0.1,0.86464,0.85,0.47736,0.6,0.13648,0.35,0.77928
2304,,0.025,0.79696,0.8,0.44504,0.575,0.10416,0.3,0.7116
2305,,-0.05,0.72928,0.75,0.41272,0.55,0.07184,0.25,0.64392
2306,1,1.0,0.7116,0.75,0.4304,0.575,0.08952,0.25,0.62624
2307,,0.925,0.64392,0.7,0.39808,0.55,0.0572,0.2,0.55856
2308,,0.85,0.57624,0.65,0.36576,0.525,0.02488,0.15,0.49088
2309,,0.775,0.50856,0.6,0.33344,0.5,-0.00744,0.1,0.4232
2310,6,0.75,0.49088,0.6,0.35112,0.275,1.0,0.1,0.40552
2311,,0.675,0.4232,0.55,0.3188,0.25,0.96768,0.05,0.33784
2312,,0.6,0.35552,0.5,0.28648,0.225,0.93536,0.0,0.27016
2313,,0.525,0.28784,0.45,0.25416,0.2,0.90304,-0.05,0.20248
2314,7,0.5,0.27016,0.45,0.27184,0.225,0.92072,1.0,0.1848
2315,,0.425,0.20248,0.4,0.23952,0.2,0.8884,0.95,0.11712
2316,,0.35,0.1348,0.35,0.2072,0.175,0.85608,0.9,0.04944
2317,,0.275,0.06712,0.3,0.17488,0.15,0.82376,0.85,-0.01824
2318,8,0.25,0.04944,0.3,0.19256,0.175,0.84144,0.85,1.0
2319,,0.175,-0.01824,0.25,0.16024,0.15,0.80912,0.8,0.93232
2320,2,0.15,1.0,0.25,0.17792,0.175,0.8268,0.8,0.91464
2321,,0.075,0.93232,0.2,0.1456,0.15,0.79448,0.75,0.84696
2322,,-0.0,0.86464,0.15,0.11328,0.125,0.76216,0.7,0.77928
2323,,-0.075,0.79696,0.1,0.08096,0.1,0.72984,0.65,0.7116
2324,1,1.0,0.77928,0.1,0.09864,0.125,0.74752,0.65,0.69392
2325,,0.925,0.7116,0.05,0.06632,0.1,0.7152,0.6,0.62624
2326,,0.85,0.64392,0.0,0.034,0.075,0.68288,0.55,0.55856
2327,,0.775,0.57624,-0.05,0.00168,0.05,0.65056,0.5,0.49088
2328,3,0.75,0.55856,1.0,0.01936,0.075,0.66824,0.5,0.4732
2329,,0.675,0.49088,0.95,-0.01296,0.05,0.63592,0.45,0.40552
2330,4,0.65,0.4732,0.95,1.0,0.075,0.6536,0.45,0.38784
2331,,0.575,0.40552,0.9,0.96768,0.05,0.62128,0.4,0.32016
2332,,0.5,0.33784,0.85,0.93536,0.025,0.58896,0.35,0.25248
2333,,0.425,0.27016,0.8,0.90304,0.0,0.55664,0.3,0.1848
2334,,0.35,0.20248,0.75,0.87072,-0.025,0.52432,0.25,0.11712
2335,5,0.325,0.1848,0.75,0.8884,1.0,0.292,0.25,0.09944
2336,,0.25,0.11712,0.7,0.85608,0.975,0.25968,0.2,0.03176
2337,,0.175,0.04944,0.65,0.82376,0.95,0.22736,0.15,-0.03592
2338,8,0.15,0.03176,0.65,0.84144,0.975,0.24504,0.15,1.0
2339,,0.075,-0.03592,0.6,0.80912,0.95,0.21272,0.1,0.93232
2340,2,0.05,1.0,0.6,0.8268,0.975,0.2304,0.1,0.91464
2341,,-0.025,0.93232,0.55,0.79448,0.95,0.19808,0.05,0.84696
2342,1,1.0,0.91464,0.55,0.81216,0.975,0.21576,0.05,0.82928
2343,,0.925,0.84696,0.5,0.77984,0.95,0.18344,0.0,0.7616
2344,,0.85,0.77928,0.45,0.74752,0.925,0.15112,-0.05,0.69392
2345,7,0.825,0.7616,0.45,0.7652,0.95,0.1688,1.0,0.67624
2346,,0.75,0.69392,0.4,0.73288,0.925,0.13648,0.95,0.60856
2347,,0.675,0.62624,0.35,0.70056,0.9,0.10416,0.9,0.54088
2348,,0.6,0.55856,0.3,0.66824,0.875,0.07184,0.85,0.4732
2349,,0.525,0.49088,0.25,0.63592,0.85,0.03952,0.8,0.40552
2350,,0.45,0.4232,0.2,0.6036,0.825,0.0072,0.75,0.33784
2351,,0.375,0.35552,0.15,0.57128,0.8,-0.02512,0.7,0.27016
2352,6,0.35,0.33784,0.15,0.58896,0.575,1.0,0.7,0.25248
2353,,0.275,0.27016,0.1,0.55664,0.55,0.96768,0.65,0.1848
2354,,0.2,0.20248,0.05,0.52432,0.525,0.93536,0.6,0.11712
2355,,0.125,0.1348,0.0,0.492,0.5,0.90304,0.55,0.04944
2356,,0.05,0.06712,-0.05,0.45968,0.475,0.87072,0.5,-0.01824
2357,3,0.025,0.04944,1.0,0.47736,0.5,0.8884,0.5,-0.03592
2358,8,0.0,0.03176,1.0,0.49504,0.525,0.90608,0.5,1.0
2359,,-0.075,-0.03592,0.95,0.46272,0.5,0.87376,0.45,0.93232
2360,1,1.0,-0.0536,0.95,0.4804,0.525,0.89144,0.45,0.91464
2361,2,0.975,1.0,0.95,0.49808,0.55,0.90912,0.45,0.89696
2362,,0.9,0.93232,0.9,0.46576,0.525,0.8768,0.4,0.82928
2363,,0.825,0.86464,0.85,0.43344,0.5,0.84448,0.35,0.7616
2364,,0.75,0.79696,0.8,0.40112,0.475,0.81216,0.3,0.69392
2365,,0.675,0.72928,0.75,0.3688,0.45,0.77984,0.25,0.62624
2366,,0.6,0.6616,0.7,0.33648,0.425,0.74752,0.2,0.55856
2367,,0.525,0.59392,0.65,0.30416,0.4,0.7152,0.15,0.49088
2368,,0.45,0.52624,0.6,0.27184,0.375,0.68288,0.1,0.4232
2369,,0.375,0.45856,0.55,0.23952,0.35,0.65056,0.05,0.35552
2370,,0.3,0.39088,0.5,0.2072,0.325,0.61824,0.0,0.28784
2371,,0.225,0.3232,0.45,0.17488,0.3,0.58592,-0.05,0.22016
2372,7,0.2,0.30552,0.45,0.19256,0.325,0.6036,1.0,0.20248
2373,,0.125,0.23784,0.4,0.16024,0.3,0.57128,0.95,0.1348
2374,,0.05,0.17016,0.35,0.12792,0.275,0.53896,0.9,0.06712
2375,,-0.025,0.10248,0.3,0.0956,0.25,0.50664,0.85,-0.00056
2376,1,1.0,0.0848,0.3,0.11328,0.275,0.52432,0.85,-0.01824
2377,8,0.975,0.06712,0.3,0.13096,0.3,0.542,0.85,1.0
2378,,0.9,-0.00056,0.25,0.09864,0.275,0.50968,0.8,0.93232
2379,2,0.875,1.0,0.25,0.11632,0.3,0.52736,0.8,0.91464
2380,,0.8,0.93232,0.2,0.084,0.275,0.49504,0.75,0.84696
2381,,0.725,0.86464,0.15,0.05168,0.25,0.46272,0.7,0.77928
2382,,0.65,0.79696,0.1,0.01936,0.225,0.4304,0.65,0.7116
2383,,0.575,0.72928,0.05,-0.01296,0.2,0.39808,0.6,0.64392
2384,4,0.55,0.7116,0.05,1.0,0.225,0.41576,0.6,0.62624
2385,,0.475,0.64392,0.0,0.96768,0.2,0.38344,0.55,0.55856
2386,,0.4,0.57624,-0.05,0.93536,0.175,0.35112,0.5,0.49088
2387,3,0.375,0.55856,1.0,0.95304,0.2,0.3688,0.5,0.4732
2388,,0.3,0.49088,0.95,0.92072,0.175,0.33648,0.45,0.40552
2389,,0.225,0.4232,0.9,0.8884,0.15,0.30416,0.4,0.33784
2390,,0.15,0.35552,0.85,0.85608,0.125,0.27184,0.35,0.27016
2391,,0.075,0.28784,0.8,0.82376,0.1,0.23952,0.3,0.20248
2392,,-0.0,0.22016,0.75,0.79144,0.075,0.2072,0.25,0.1348
2393,,-0.075,0.15248,0.7,0.75912,0.05,0.17488,0.2,0.06712
2394,1,1.0,0.1348,0.7,0.7768,0.075,0.19256,0.2,0.04944
2395,,0.925,0.06712,0.65,0.74448,0.05,0.16024,0.15,-0.01824
2396,8,0.9,0.04944,0.65,0.76216,0.075,0.17792,0.15,1.0
2397,,0.825,-0.01824,0.6,0.72984,0.05,0.1456,0.1,0.93232
2398,2,0.8,1.0,0.6,0.74752,0.075,0.16328,0.1,0.91464
2399,,0.725,0.93232,0.55,0.7152,0.05,0.13096,0.05,0.84696
2400,,0.65,0.86464,0.5,0.68288,0.025,0.09864,0.0,0.77928
2401,,0.575,0.79696,0.45,0.65056,0.0,0.06632,-0.05,0.7116
2402,7,0.55,0.77928,0.45,0.66824,0.025,0.084,1.0,0.69392
2403,,0.475,0.7116,0.4,0.63592,0.0,0.05168,0.95,0.62624
2404,,0.4,0.64392,0.35,0.6036,-0.025,0.01936,0.9,0.55856
2405,5,0.375,0.62624,0.35,0.62128,1.0,-0.21296,0.9,0.54088
2406,6,0.35,0.60856,0.35,0.63896,0.775,1.0,0.9,0.5232
2407,,0.275,0.54088,0.3,0.60664,0.75,0.96768,0.85,0.45552
2408,,0.2,0.4732,0.25,0.57432,0.725,0.93536,0.8,0.38784
2409,,0.125,0.40552,0.2,0.542,0.7,0.90304,0.75,0.32016
2410,,0.05,0.33784,0.15,0.50968,0.675,0.87072,0.7,0.25248
2411,,-0.025,0.27016,0.1,0.47736,0.65,0.8384,0.65,0.1848
2412,1,1.0,0.25248,0.1,0.49504,0.675,0.85608,0.65,0.16712
2413,,0.925,0.1848,0.05,0.46272,0.65,0.82376,0.6,0.09944
2414,,0.85,0.11712,0.0,0.4304,0.625,0.79144,0.55,0.03176
2415,,0.775,0.04944,-0.05,0.39808,0.6,0.75912,0.5,-0.03592
2416,3,0.75,0.03176,1.0,0.41576,0.625,0.7768,0.5,-0.0536
2417,8,0.725,0.01408,1.0,0.43344,0.65,0.79448,0.5,1.0
2418,,0.65,-0.0536,0.95,0.40112,0.625,0.76216,0.45,0.93232
2419,2,0.625,1.0,0.95,0.4188,0.65,0.77984,0.45,0.91464
2420,,0.55,0.93232,0.9,0.38648,0.625,0.74752,0.4,0.84696
2421,,0.475,0.86464,0.85,0.35416,0.6,0.7152,0.35,0.77928
2422,,0.4,0.79696,0.8,0.32184,0.575,0.68288,0.3,0.7116
2423,,0.325,0.72928,0.75,0.28952,0.55,0.65056,0.25,0.64392
2424,,0.25,0.6616,0.7,0.2572,0.525,0.61824,0.2,0.57624
2425,,0.175,0.59392,0.65,0.22488,0.5,0.58592,0.15,0.50856
2426,,0.1,0.52624,0.6,0.19256,0.475,0.5536,0.1,0.44088
2427,,0.025,0.45856,0.55,0.16024,0.45,0.52128,0.05,0.3732
2428,,-0.05,0.39088,0.5,0.12792,0.425,0.48896,0.0,0.30552
2429,1,1.0,0.3732,0.5,0.1456,0.45,0.50664,0.0,0.28784
2430,,0.925,0.30552,0.45,0.11328,0.425,0.47432,-0.05,0.22016
2431,7,0.9,0.28784,0.45,0.13096,0.45,0.492,1.0,0.20248
2432,,0.825,0.22016,0.4,0.09864,0.425,0.45968,0.95,0.1348
2433,,0.75,0.15248,0.35,0.06632,0.4,0.42736,0.9,0.06712
2434,,0.675,0.0848,0.3,0.034,0.375,0.39504,0.85,-0.00056
2435,8,0.65,0.06712,0.3,0.05168,0.4,0.41272,0.85,1.0
2436,,0.575,-0.00056,0.25,0.01936,0.375,0.3804,0.8,0.93232
2437,2,0.55,1.0,0.25,0.03704,0.4,0.39808,0.8,0.91464
2438,,0.475,0.93232,0.2,0.00472,0.375,0.36576,0.75,0.84696
2439,,0.4,0.86464,0.15,-0.0276,0.35,0.33344,0.7,0.77928
2440,4,0.375,0.84696,0.15,1.0,0.375,0.35112,0.7,0.7616
2441,,0.3,0.77928,0.1,0.96768,0.35,0.3188,0.65,0.69392
2442,,0.225,0.7116,0.05,0.93536,0.325,0.28648,0.6,0.62624
2443,,0.15,0.64392,0.0,0.90304,0.3,0.25416,0.55,0.55856
2444,,0.075,0.57624,-0.05,0.87072,0.275,0.22184,0.5,0.49088
2445,3,0.05,0.55856,1.0,0.8884,0.3,0.23952,0.5,0.4732
2446,,-0.025,0.49088,0.95,0.85608,0.275,0.2072,0.45,0.40552
2447,1,1.0,0.4732,0.95,0.87376,0.3,0.22488,0.45,0.38784
2448,,0.925,0.40552,0.9,0.84144,0.275,0.19256,0.4,0.32016
2449,,0.85,0.33784,0.85,0.80912,0.25,0.16024,0.35,0.25248
2450,,0.775,0.27016,0.8,0.7768,0.225,0.12792,0.3,0.1848
2451,,0.7,0.20248,0.75,0.74448,0.2,0.0956,0.25,0.11712
2452,,0.625,0.1348,0.7,0.71216,0.175,0.06328,0.2,0.04944
2453,,0.55,0.06712,0.65,0.67984,0.15,0.03096,0.15,-0.01824
2454,8,0.525,0.04944,0.65,0.69752,0.175,0.04864,0.15,1.0
2455,,0.45,-0.01824,0.6,0.6652,0.15,0.01632,0.1,0.93232
2456,2,0.425,1.0,0.6,0.68288,0.175,0.034,0.1,0.91464
2457,,0.35,0.93232,0.55,0.65056,0.15,0.00168,0.05,0.84696
2458,,0.275,0.86464,0.5,0.61824,0.125,-0.03064,0.0,0.77928
2459,6,0.25,0.84696,0.5,0.63592,-0.1,1.0,0.0,0.7616
2460,5,0.225,0.82928,0.5,0.6536,1.0,0.76768,0.0,0.74392
2461,,0.15,0.7616,0.45,0.62128,0.975,0.73536,-0.05,0.67624
2462,7,0.125,0.74392,0.45,0.63896,1.0,0.75304,1.0,0.65856
2463,,0.05,0.67624,0.4,0.60664,0.975,0.72072,0.95,0.59088
2464,,-0.025,0.60856,0.35,0.57432,0.95,0.6884,0.9,0.5232
2465,1,1.0,0.59088,0.35,0.592,0.975,0.70608,0.9,0.50552
2466,,0.925,0.5232,0.3,0.55968,0.95,0.67376,0.85,0.43784
2467,,0.85,0.45552,0.25,0.52736,0.925,0.64144,0.8,0.37016
2468,,0.775,0.38784,0.2,0.49504,0.9,0.60912,0.75,0.30248
2469,,0.7,0.32016,0.15,0.46272,0.875,0.5768,0.7,0.2348
2470,,0.625,0.25248,0.1,0.4304,0.85,0.54448,0.65,0.16712
2471,,0.55,0.1848,0.05,0.39808,0.825,0.51216,0.6,0.09944
2472,,0.475,0.11712,0.0,0.36576,0.8,0.47984,0.55,0.03176
2473,,0.4,0.04944,-0.05,0.33344,0.775,0.44752,0.5,-0.03592
2474,3,0.375,0.03176,1.0,0.35112,0.8,0.4652,0.5,-0.0536
2475,8,0.35,0.01408,1.0,0.3688,0.825,0.48288,0.5,1.0
2476,,0.275,-0.0536,0.95,0.33648,0.8,0.45056,0.45,0.93232
2477,2,0.25,1.0,0.95,0.35416,0.825,0.46824,0.45,0.91464
2478,,0.175,0.93232,0.9,0.32184,0.8,0.43592,0.4,0.84696
2479,,0.1,0.86464,0.85,0.28952,0.775,0.4036,0.35,0.77928
2480,,0.025,0.79696,0.8,0.2572,0.75,0.37128,0.3,0.7116
2481,,-0.05,0.72928,0.75,0.22488,0.725,0.33896,0.25,0.64392
2482,1,1.0,0.7116,0.75,0.24256,0.75,0.35664,0.25,0.62624
2483,,0.925,0.64392,0.7,0.21024,0.725,0.32432,0.2,0.55856
2484,,0.85,0.57624,0.65,0.17792,0.7,0.292,0.15,0.49088
2485,,0.775,0.50856,0.6,0.1456,0.675,0.25968,0.1,0.4232
2486,,0.7,0.44088,0.55,0.11328,0.65,0.22736,0.05,0.35552
2487,,0.625,0.3732,0.5,0.08096,0.625,0.19504,0.0,0.28784
2488,,0.55,0.30552,0.45,0.04864,0.6,0.16272,-0.05,0.22016
2489,7,0.525,0.28784,0.45,0.06632,0.625,0.1804,1.0,0.20248
2490,,0.45,0.22016,0.4,0.034,0.6,0.14808,0.95,0.1348
2491,,0.375,0.15248,0.35,0.00168,0.575,0.11576,0.9,0.06712
2492,,0.3,0.0848,0.3,-0.03064,0.55,0.08344,0.85,-0.00056
2493,4,0.275,0.06712,0.3,1.0,0.575,0.10112,0.85,-0.01824
2494,8,0.25,0.04944,0.3,1.0,0.6,0.1188,0.85,1.0
2495,,0.175,-0.01824,0.25,0.96768,0.575,0.08648,0.8,0.93232
2496,2,0.15,1.0,0.25,0.98536,0.6,0.10416,0.8,0.91464
2497,,0.075,0.93232,0.2,0.95304,0.575,0.07184,0.75,0.84696
2498,,-0.0,0.86464,0.15,0.92072,0.55,0.03952,0.7,0.77928
2499,,-0.075,0.79696,0.1,0.8884,0.525,0.0072,0.65,0.7116
2500,1,1.0,0.77928,0.1,0.90608,0.55,0.02488,0.65,0.69392
2501,,0.925,0.7116,0.05,0.87376,0.525,-0.00744,0.6,0.62624
2502,6,0.9,0.69392,0.05,0.89144,0.3,1.0,0.6,0.60856
2503,,0.825,0.62624,0.0,0.85912,0.275,0.96768,0.55,0.54088
2504,,0.75,0.55856,-0.05,0.8268,0.25,0.93536,0.5,0.4732
2505,3,0.725,0.54088,1.0,0.84448,0.275,0.95304,0.5,0.45552
2506,,0.65,0.4732,0.95,0.81216,0.25,0.92072,0.45,0.38784
2507,,0.575,0.40552,0.9,0.77984,0.225,0.8884,0.4,0.32016
2508,,0.5,0.33784,0.85,0.74752,0.2,0.85608,0.35,0.25248
2509,,0.425,0.27016,0.8,0.7152,0.175,0.82376,0.3,0.1848
2510,,0.35,0.20248,0.75,0.68288,0.15,0.79144,0.25,0.11712
2511,,0.275,0.1348,0.7,0.65056,0.125,0.75912,0.2,0.04944
2512,,0.2,0.06712,0.65,0.61824,0.1,0.7268,0.15,-0.01824
2513,8,0.175,0.04944,0.65,0.63592,0.125,0.74448,0.15,1.0
2514,,0.1,-0.01824,0.6,0.6036,0.1,0.71216,0.1,0.93232
2515,2,0.075,1.0,0.6,0.62128,0.125,0.72984,0.1,0.91464
2516,,-0.0,0.93232,0.55,0.58896,0.1,0.69752,0.05,0.84696
2517,,-0.075,0.86464,0.5,0.55664,0.075,0.6652,0.0,0.77928
2518,1,1.0,0.84696,0.5,0.57432,0.1,0.68288,0.0,0.7616
2519,,0.925,0.77928,0.45,0.542,0.075,0.65056,-0.05,0.69392
2520,7,0.9,0.7616,0.45,0.55968,0.1,0.66824,1.0,0.67624
2521,,0.825,0.69392,0.4,0.52736,0.075,0.63592,0.95,0.60856
2522,,0.75,0.62624,0.35,0.49504,0.05,0.6036,0.9,0.54088
2523,,0.675,0.55856,0.3,0.46272,0.025,0.57128,0.85,0.4732
2524,,0.6,0.49088,0.25,0.4304,0.0,0.53896,0.8,0.40552
2525,,0.525,0.4232,0.2,0.39808,-0.025,0.50664,0.75,0.33784
2526,5,0.5,0.40552,0.2,0.41576,1.0,0.27432,0.75,0.32016
2527,,0.425,0.33784,0.15,0.38344,0.975,0.242,0.7,0.25248
2528,,0.35,0.27016,0.1,0.35112,0.95,0.20968,0.65,0.1848
2529,,0.275,0.20248,0.05,0.3188,0.925,0.17736,0.6,0.11712
2530,,0.2,0.1348,0.0,0.28648,0.9,0.14504,0.55,0.04944
2531,,0.125,0.06712,-0.05,0.25416,0.875,0.11272,0.5,-0.01824
2532,3,0.1,0.04944,1.0,0.27184,0.9,0.1304,0.5,-0.03592
2533,8,0.075,0.03176,1.0,0.28952,0.925,0.14808,0.5,1.0
2534,,-0.0,-0.03592,0.95,0.2572,0.9,0.11576,0.45,0.93232
2535,2,-0.025,1.0,0.95,0.27488,0.925,0.13344,0.45,0.91464
2536,1,1.0,0.98232,0.95,0.29256,0.95,0.15112,0.45,0.89696
2537,,0.925,0.91464,0.9,0.26024,0.925,0.1188,0.4,0.82928
2538,,0.85,0.84696,0.85,0.22792,0.9,0.08648,0.35,0.7616
2539,,0.775,0.77928,0.8,0.1956,0.875,0.05416,0.3,0.69392
2540,,0.7,0.7116,0.75,0.16328,0.85,0.02184,0.25,0.62624
2541,,0.625,0.64392,0.7,0.13096,0.825,-0.01048,0.2,0.55856
2542,6,0.6,0.62624,0.7,0.14864,0.6,1.0,0.2,0.54088
2543,,0.525,0.55856,0.65,0.11632,0.575,0.96768,0.15,0.4732
2544,,0.45,0.49088,0.6,0.084,0.55,0.93536,0.1,0.40552
2545,,0.375,0.4232,0.55,0.05168,0.525,0.90304,0.05,0.33784
2546,,0.3,0.35552,0.5,0.01936,0.5,0.87072,0.0,0.27016
2547,,0.225,0.28784,0.45,-0.01296,0.475,0.8384,-0.05,0.20248
2548,7,0.2,0.27016,0.45,0.00472,0.5,0.85608,1.0,0.1848
2549,,0.125,0.20248,0.4,-0.0276,0.475,0.82376,0.95,0.11712
2550,4,0.1,0.1848,0.4,1.0,0.5,0.84144,0.95,0.09944
2551,,0.025,0.11712,0.35,0.96768,0.475,0.80912,0.9,0.03176
2552,,-0.05,0.04944,0.3,0.93536,0.45,0.7768,0.85,-0.03592
2553,1,1.0,0.03176,0.3,0.95304,0.475,0.79448,0.85,-0.0536
2554,8,0.975,0.01408,0.3,0.97072,0.5,0.81216,0.85,1.0
2555,,0.9,-0.0536,0.25,0.9384,0.475,0.77984,0.8,0.93232
2556,2,0.875,1.0,0.25,0.95608,0.5,0.79752,0.8,0.91464
2557,,0.8,0.93232,0.2,0.92376,0.475,0.7652,0.75,0.84696
2558,,0.725,0.86464,0.15,0.89144,0.45,0.73288,0.7,0.77928
2559,,0.65,0.79696,0.1,0.85912,0.425,0.70056,0.65,0.7116
2560,,0.575,0.72928,0.05,0.8268,0.4,0.66824,0.6,0.64392
2561,,0.5,0.6616,0.0,0.79448,0.375,0.63592,0.55,0.57624
2562,,0.425,0.59392,-0.05,0.76216,0.35,0.6036,0.5,0.50856
2563,3,0.4,0.57624,1.0,0.77984,0.375,0.62128,0.5,0.49088
2564,,0.325,0.50856,0.95,0.74752,0.35,0.58896,0.45,0.4232
2565,,0.25,0.44088,0.9,0.7152,0.325,0.55664,0.4,0.35552
2566,,0.175,0.3732,0.85,0.68288,0.3,0.52432,0.35,0.28784
2567,,0.1,0.30552,0.8,0.65056,0.275,0.492,0.3,0.22016
2568,,0.025,0.23784,0.75,0.61824,0.25,0.45968,0.25,0.15248
2569,,-0.05,0.17016,0.7,0.58592,0.225,0.42736,0.2,0.0848
2570,1,1.0,0.15248,0.7,0.6036,0.25,0.44504,0.2,0.06712
2571,,0.925,0.0848,0.65,0.57128,0.225,0.41272,0.15,-0.00056
2572,8,0.9,0.06712,0.65,0.58896,0.25,0.4304,0.15,1.0
2573,,0.825,-0.00056,0.6,0.55664,0.225,0.39808,0.1,0.93232
2574,2,0.8,1.0,0.6,0.57432,0.25,0.41576,0.1,0.91464
2575,,0.725,0.93232,0.55,0.542,0.225,0.38344,0.05,0.84696
2576,,0.65,0.86464,0.5,0.50968,0.2,0.35112,0.0,0.77928
2577,,0.575,0.79696,0.45,0.47736,0.175,0.3188,-0.05,0.7116
2578,7,0.55,0.77928,0.45,0.49504,0.2,0.33648,1.0,0.69392
2579,,0.475,0.7116,0.4,0.46272,0.175,0.30416,0.95,0.62624
2580,,0.4,0.64392,0.35,0.4304,0.15,0.27184,0.9,0.55856
2581,,0.325,0.57624,0.3,0.39808,0.125,0.23952,0.85,0.49088
2582,,0.25,0.50856,0.25,0.36576,0.1,0.2072,0.8,0.4232
2583,,0.175,0.44088,0.2,0.33344,0.075,0.17488,0.75,0.35552
2584,,0.1,0.3732,0.15,0.30112,0.05,0.14256,0.7,0.28784
2585,,0.025,0.30552,0.1,0.2688,0.025,0.11024,0.65,0.22016
2586,,-0.05,0.23784,0.05,0.23648,0.0,0.07792,0.6,0.15248
2587,1,1.0,0.22016,0.05,0.25416,0.025,0.0956,0.6,0.1348
2588,,0.925,0.15248,0.0,0.22184,0.0,0.06328,0.55,0.06712
2589,,0.85,0.0848,-0.05,0.18952,-0.025,0.03096,0.5,-0.00056
2590,3,0.825,0.06712,1.0,0.2072,0.0,0.04864,0.5,-0.01824
2591,8,0.8,0.04944,1.0,0.22488,0.025,0.06632,0.5,1.0
2592,,0.725,-0.01824,0.95,0.19256,0.0,0.034,0.45,0.93232
2593,2,0.7,1.0,0.95,0.21024,0.025,0.05168,0.45,0.91464
2594,,0.625,0.93232,0.9,0.17792,0.0,0.01936,0.4,0.84696
2595,,0.55,0.86464,0.85,0.1456,-0.025,-0.01296,0.35,0.77928
2596,5,0.525,0.84696,0.85,0.16328,1.0,-0.24528,0.35,0.7616
2597,6,0.5,0.82928,0.85,0.18096,0.775,1.0,0.35,0.74392
2598,,0.425,0.7616,0.8,0.14864,0.75,0.96768,0.3,0.67624
2599,,0.35,0.69392,0.75,0.11632,0.725,0.93536,0.25,0.60856
2600,,0.275,0.62624,0.7,0.084,0.7,0.90304,0.2,0.54088
2601,,0.2,0.55856,0.65,0.05168,0.675,0.87072,0.15,0.4732
2602,,0.125,0.49088,0.6,0.01936,0.65,0.8384,0.1,0.40552
2603,,0.05,0.4232,0.55,-0.01296,0.625,0.80608,0.05,0.33784
2604,4,0.025,0.40552,0.55,1.0,0.65,0.82376,0.05,0.32016
2605,,-0.05,0.33784,0.5,0.96768,0.625,0.79144,0.0,0.25248
2606,1,1.0,0.32016,0.5,0.98536,0.65,0.80912,0.0,0.2348
2607,,0.925,0.25248,0.45,0.95304,0.625,0.7768,-0.05,0.16712
2608,7,0.9,0.2348,0.45,0.97072,0.65,0.79448,1.0,0.14944
2609,,0.825,0.16712,0.4,0.9384,0.625,0.76216,0.95,0.08176
2610,,0.75,0.09944,0.35,0.90608,0.6,0.72984,0.9,0.01408
2611,,0.675,0.03176,0.3,0.87376,0.575,0.69752,0.85,-0.0536
2612,8,0.65,0.01408,0.3,0.89144,0.6,0.7152,0.85,1.0
2613,,0.575,-0.0536,0.25,0.85912,0.575,0.68288,0.8,0.93232
2614,2,0.55,1.0,0.25,0.8768,0.6,0.70056,0.8,0.91464
2615,,0.475,0.93232,0.2,0.84448,0.575,0.66824,0.75,0.84696
2616,,0.4,0.86464,0.15,0.81216,0.55,0.63592,0.7,0.77928
2617,,0.325,0.79696,0.1,0.77984,0.525,0.6036,0.65,0.7116
2618,,0.25,0.72928,0.05,0.74752,0.5,0.57128,0.6,0.64392
2619,,0.175,0.6616,0.0,0.7152,0.475,0.53896,0.55,0.57624
2620,,0.1,0.59392,-0.05,0.68288,0.45,0.50664,0.5,0.50856
2621,3,0.075,0.57624,1.0,0.70056,0.475,0.52432,0.5,0.49088
2622,,-0.0,0.50856,0.95,0.66824,0.45,0.492,0.45,0.4232
2623,,-0.075,0.44088,0.9,0.63592,0.425,0.45968,0.4,0.35552
2624,1,1.0,0.4232,0.9,0.6536,0.45,0.47736,0.4,0.33784
2625,,0.925,0.35552,0.85,0.62128,0.425,0.44504,0.35,0.27016
2626,,0.85,0.28784,0.8,0.58896,0.4,0.41272,0.3,0.20248
2627,,0.775,0.22016,0.75,0.55664,0.375,0.3804,0.25,0.1348
2628,,0.7,0.15248,0.7,0.52432,0.35,0.34808,0.2,0.06712
2629,,0.625,0.0848,0.65,0.492,0.325,0.31576,0.15,-0.00056
2630,8,0.6,0.06712,0.65,0.50968,0.35,0.33344,0.15,1.0
2631,,0.525,-0.00056,0.6,0.47736,0.325,0.30112,0.1,0.93232
2632,2,0.5,1.0,0.6,0.49504,0.35,0.3188,0.1,0.91464
2633,,0.425,0.93232,0.55,0.46272,0.325,0.28648,0.05,0.84696
2634,,0.35,0.86464,0.5,0.4304,0.3,0.25416,0.0,0.77928
2635,,0.275,0.79696,0.45,0.39808,0.275,0.22184,-0.05,0.7116
2636,7,0.25,0.77928,0.45,0.41576,0.3,0.23952,1.0,0.69392
2637,,0.175,0.7116,0.4,0.38344,0.275,0.2072,0.95,0.62624
2638,,0.1,0.64392,0.35,0.35112,0.25,0.17488,0.9,0.55856
2639,,0.025,0.57624,0.3,0.3188,0.225,0.14256,0.85,0.49088
2640,,-0.05,0.50856,0.25,0.28648,0.2,0.11024,0.8,0.4232
2641,1,1.0,0.49088,0.25,0.30416,0.225,0.12792,0.8,0.40552
2642,,0.925,0.4232,0.2,0.27184,0.2,0.0956,0.75,0.33784
2643,,0.85,0.35552,0.15,0.23952,0.175,0.06328,0.7,0.27016
2644,,0.775,0.28784,0.1,0.2072,0.15,0.03096,0.65,0.20248
2645,,0.7,0.22016,0.05,0.17488,0.125,-0.00136,0.6,0.1348
2646,6,0.675,0.20248,0.05,0.19256,-0.1,1.0,0.6,0.11712
2647,5,0.65,0.1848,0.05,0.21024,1.0,0.76768,0.6,0.09944
2648,,0.575,0.11712,0.0,0.17792,0.975,0.73536,0.55,0.03176
2649,,0.5,0.04944,-0.05,0.1456,0.95,0.70304,0.5,-0.03592
2650,3,0.475,0.03176,1.0,0.16328,0.975,0.72072,0.5,-0.0536
2651,8,0.45,0.01408,1.0,0.18096,1.0,0.7384,0.5,1.0
2652,,0.375,-0.0536,0.95,0.14864,0.975,0.70608,0.45,0.93232
2653,2,0.35,1.0,0.95,0.16632,1.0,0.72376,0.45,0.91464
2654,,0.275,0.93232,0.9,0.134,0.975,0.69144,0.4,0.84696
2655,,0.2,0.86464,0.85,0.10168,0.95,0.65912,0.35,0.77928
2656,,0.125,0.79696,0.8,0.06936,0.925,0.6268,0.3,0.7116
2657,,0.05,0.72928,0.75,0.03704,0.9,0.59448,0.25,0.64392
2658,,-0.025,0.6616,0.7,0.00472,0.875,0.56216,0.2,0.57624
2659,1,1.0,0.64392,0.7,0.0224,0.9,0.57984,0.2,0.55856
2660,,0.925,0.57624,0.65,-0.00992,0.875,0.54752,0.15,0.49088
2661,4,0.9,0.55856,0.65,1.0,0.9,0.5652,0.15,0.4732
2662,,0.825,0.49088,0.6,0.96768,0.875,0.53288,0.1,0.40552
2663,,0.75,0.4232,0.55,0.93536,0.85,0.50056,0.05,0.33784
2664,,0.675,0.35552,0.5,0.90304,0.825,0.46824,0.0,0.27016
2665,,0.6,0.28784,0.45,0.87072,0.8,0.43592,-0.05,0.20248
2666,7,0.575,0.27016,0.45,0.8884,0.825,0.4536,1.0,0.1848
2667,,0.5,0.20248,0.4,0.85608,0.8,0.42128,0.95,0.11712
2668,,0.425,0.1348,0.35,0.82376,0.775,0.38896,0.9,0.04944
2669,,0.35,0.06712,0.3,0.79144,0.75,0.35664,0.85,-0.01824
2670,8,0.325,0.04944,0.3,0.80912,0.775,0.37432,0.85,1.0
2671,,0.25,-0.01824,0.25,0.7768,0.75,0.342,0.8,0.93232
2672,2,0.225,1.0,0.25,0.79448,0.775,0.35968,0.8,0.91464
2673,,0.15,0.93232,0.2,0.76216,0.75,0.32736,0.75,0.84696
2674,,0.075,0.86464,0.15,0.72984,0.725,0.29504,0.7,0.77928
2675,,-0.0,0.79696,0.1,0.69752,0.7,0.26272,0.65,0.7116
2676,,-0.075,0.72928,0.05,0.6652,0.675,0.2304,0.6,0.64392
2677,1,1.0,0.7116,0.05,0.68288,0.7,0.24808,0.6,0.62624
2678,,0.925,0.64392,0.0,0.65056,0.675,0.21576,0.55,0.55856
2679,,0.85,0.57624,-0.05,0.61824,0.65,0.18344,0.5,0.49088
2680,3,0.825,0.55856,1.0,0.63592,0.675,0.20112,0.5,0.4732
2681,,0.75,0.49088,0.95,0.6036,0.65,0.1688,0.45,0.40552
2682,,0.675,0.4232,0.9,0.57128,0.625,0.13648,0.4,0.33784
2683,,0.6,0.35552,0.85,0.53896,0.6,0.10416,0.35,0.27016
2684,,0.525,0.28784,0.8,0.50664,0.575,0.07184,0.3,0.20248
2685,,0.45,0.22016,0.75,0.47432,0.55,0.03952,0.25,0.1348
2686,,0.375,0.15248,0.7,0.442,0.525,0.0072,0.2,0.06712
2687,,0.3,0.0848,0.65,0.40968,0.5,-0.02512,0.15,-0.00056
2688,6,0.275,0.06712,0.65,0.42736,0.275,1.0,0.15,-0.01824
2689,8,0.25,0.04944,0.65,0.44504,0.3,1.0,0.15,1.0
2690,,0.175,-0.01824,0.6,0.41272,0.275,0.96768,0.1,0.93232
2691,2,0.15,1.0,0.6,0.4304,0.3,0.98536,0.1,0.91464
2692,,0.075,0.93232,0.55,0.39808,0.275,0.95304,0.05,0.84696
2693,,-0.0,0.86464,0.5,0.36576,0.25,0.92072,0.0,0.77928
2694,,-0.075,0.79696,0.45,0.33344,0.225,0.8884,-0.05,0.7116
2695,1,1.0,0.77928,0.45,0.35112,0.25,0.90608,-0.05,0.69392
2696,7,0.975,0.7616,0.45,0.3688,0.275,0.92376,1.0,0.67624
2697,,0.9,0.69392,0.4,0.33648,0.25,0.89144,0.95,0.60856
2698,,0.825,0.62624,0.35,0.30416,0.225,0.85912,0.9,0.54088
2699,,0.75,0.55856,0.3,0.27184,0.2,0.8268,0.85,0.4732
2700,,0.675,0.49088,0.25,0.23952,0.175,0.79448,0.8,0.40552
2701,,0.6,0.4232,0.2,0.2072,0.15,0.76216,0.75,0.33784
2702,,0.525,0.35552,0.15,0.17488,0.125,0.72984,0.7,0.27016
2703,,0.45,0.28784,0.1,0.14256,0.1,0.69752,0.65,0.20248
2704,,0.375,0.22016,0.05,0.11024,0.075,0.6652,0.6,0.1348
2705,,0.3,0.15248,0.0,0.07792,0.05,0.63288,0.55,0.06712
2706,,0.225,0.0848,-0.05,0.0456,0.025,0.60056,0.5,-0.00056
2707,3,0.2,0.06712,1.0,0.06328,0.05,0.61824,0.5,-0.01824
2708,8,0.175,0.04944,1.0,0.08096,0.075,0.63592,0.5,1.0
2709,,0.1,-0.01824,0.95,0.04864,0.05,0.6036,0.45,0.93232
2710,2,0.075,1.0,0.95,0.06632,0.075,0.62128,0.45,0.91464
2711,,-0.0,0.93232,0.9,0.034,0.05,0.58896,0.4,0.84696
2712,,-0.075,0.86464,0.85,0.00168,0.025,0.55664,0.35,0.77928
2713,1,1.0,0.84696,0.85,0.01936,0.05,0.57432,0.35,0.7616
2714,,0.925,0.77928,0.8,-0.01296,0.025,0.542,0.3,0.69392
2715,4,0.9,0.7616,0.8,1.0,0.05,0.55968,0.3,0.67624
2716,,0.825,0.69392,0.75,0.96768,0.025,0.52736,0.25,0.60856
2717,,0.75,0.62624,0.7,0.93536,0.0,0.49504,0.2,0.54088
2718,,0.675,0.55856,0.65,0.90304,-0.025,0.46272,0.15,0.4732
2719,5,0.65,0.54088,0.65,0.92072,1.0,0.2304,0.15,0.45552
2720,,0.575,0.4732,0.6,0.8884,0.975,0.19808,0.1,0.38784
2721,,0.5,0.40552,0.55,0.85608,0.95,0.16576,0.05,0.32016
2722,,0.425,0.33784,0.5,0.82376,0.925,0.13344,0.0,0.25248
2723,,0.35,0.27016,0.45,0.79144,0.9,0.10112,-0.05,0.1848
2724,7,0.325,0.25248,0.45,0.80912,0.925,0.1188,1.0,0.16712
2725,,0.25,0.1848,0.4,0.7768,0.9,0.08648,0.95,0.09944
2726,,0.175,0.11712,0.35,0.74448,0.875,0.05416,0.9,0.03176
2727,,0.1,0.04944,0.3,0.71216,0.85,0.02184,0.85,-0.03592
2728,8,0.075,0.03176,0.3,0.72984,0.875,0.03952,0.85,1.0
2729,,-0.0,-0.03592,0.25,0.69752,0.85,0.0072,0.8,0.93232
2730,2,-0.025,1.0,0.25,0.7152,0.875,0.02488,0.8,0.91464
2731,1,1.0,0.98232,0.25,0.73288,0.9,0.04256,0.8,0.89696
2732,,0.925,0.91464,0.2,0.70056,0.875,0.01024,0.75,0.82928
2733,,0.85,0.84696,0.15,0.66824,0.85,-0.02208,0.7,0.7616
2734,6,0.825,0.82928,0.15,0.68592,0.625,1.0,0.7,0.74392
2735,,0.75,0.7616,0.1,0.6536,0.6,0.96768,0.65,0.67624
2736,,0.675,0.69392,0.05,0.62128,0.575,0.93536,0.6,0.60856
2737,,0.6,0.62624,0.0,0.58896,0.55,0.90304,0.55,0.54088
2738,,0.525,0.55856,-0.05,0.55664,0.525,0.87072,0.5,0.4732
2739,3,0.5,0.54088,1.0,0.57432,0.55,0.8884,0.5,0.45552
2740,,0.425,0.4732,0.95,0.542,0.525,0.85608,0.45,0.38784
2741,,0.35,0.40552,0.9,0.50968,0.5,0.82376,0.4,0.32016
2742,,0.275,0.33784,0.85,0.47736,0.475,0.79144,0.35,0.25248
2743,,0.2,0.27016,0.8,0.44504,0.45,0.75912,0.3,0.1848
2744,,0.125,0.20248,0.75,0.41272,0.425,0.7268,0.25,0.11712
2745,,0.05,0.1348,0.7,0.3804,0.4,0.69448,0.2,0.04944
2746,,-0.025,0.06712,0.65,0.34808,0.375,0.66216,0.15,-0.01824
2747,1,1.0,0.04944,0.65,0.36576,0.4,0.67984,0.15,-0.03592
2748,8,0.975,0.03176,0.65,0.38344,0.425,0.69752,0.15,1.0
2749,,0.9,-0.03592,0.6,0.35112,0.4,0.6652,0.1,0.93232
2750,2,0.875,1.0,0.6,0.3688,0.425,0.68288,0.1,0.91464
2751,,0.8,0.93232,0.55,0.33648,0.4,0.65056,0.05,0.84696
2752,,0.725,0.86464,0.5,0.30416,0.375,0.61824,0.0,0.77928
2753,,0.65,0.79696,0.45,0.27184,0.35,0.58592,-0.05,0.7116
2754,7,0.625,0.77928,0.45,0.28952,0.375,0.6036,1.0,0.69392
2755,,0.55,0.7116,0.4,0.2572,0.35,0.57128,0.95,0.62624
2756,,0.475,0.64392,0.35,0.22488,0.325,0.53896,0.9,0.55856
2757,,0.4,0.57624,0.3,0.19256,0.3,0.50664,0.85,0.49088
2758,,0.325,0.50856,0.25,0.16024,0.275,0.47432,0.8,0.4232
2759,,0.25,0.44088,0.2,0.12792,0.25,0.442,0.75,0.35552
2760,,0.175,0.3732,0.15,0.0956,0.225,0.40968,0.7,0.28784
2761,,0.1,0.30552,0.1,0.06328,0.2,0.37736,0.65,0.22016
2762,,0.025,0.23784,0.05,0.03096,0.175,0.34504,0.6,0.15248
2763,,-0.05,0.17016,0.0,-0.00136,0.15,0.31272,0.55,0.0848
2764,1,1.0,0.15248,0.0,0.01632,0.175,0.3304,0.55,0.06712
2765,,0.925,0.0848,-0.05,-0.016,0.15,0.29808,0.5,-0.00056
2766,3,0.9,0.06712,1.0,0.00168,0.175,0.31576,0.5,-0.01824
2767,8,0.875,0.04944,1.0,0.01936,0.2,0.33344,0.5,1.0
2768,,0.8,-0.01824,0.95,-0.01296,0.175,0.30112,0.45,0.93232
2769,2,0.775,1.0,0.95,0.00472,0.2,0.3188,0.45,0.91464
2770,,0.7,0.93232,0.9,-0.0276,0.175,0.28648,0.4,0.84696
2771,4,0.675,0.91464,0.9,1.0,0.2,0.30416,0.4,0.82928
2772,,0.6,0.84696,0.85,0.96768,0.175,0.27184,0.35,0.7616
2773,,0.525,0.77928,0.8,0.93536,0.15,0.23952,0.3,0.69392
2774,,0.45,0.7116,0.75,0.90304,0.125,0.2072,0.25,0.62624
2775,,0.375,0.64392,0.7,0.87072,0.1,0.17488,0.2,0.55856
2776,,0.3,0.57624,0.65,0.8384,0.075,0.14256,0.15,0.49088
2777,,0.225,0.50856,0.6,0.80608,0.05,0.11024,0.1,0.4232
2778,,0.15,0.44088,0.55,0.77376,0.025,0.07792,0.05,0.35552
2779,,0.075,0.3732,0.5,0.74144,0.0,0.0456,0.0,0.28784
2780,,-0.0,0.30552,0.45,0.70912,-0.025,0.01328,-0.05,0.22016
2781,7,-0.025,0.28784,0.45,0.7268,0.0,0.03096,1.0,0.20248
2782,1,1.0,0.27016,0.45,0.74448,0.025,0.04864,1.0,0.1848
2783,,0.925,0.20248,0.4,0.71216,0.0,0.01632,0.95,0.11712
2784,,0.85,0.1348,0.35,0.67984,-0.025,-0.016,0.9,0.04944
2785,5,0.825,0.11712,0.35,0.69752,1.0,-0.24832,0.9,0.03176
2786,6,0.8,0.09944,0.35,0.7152,0.775,1.0,0.9,0.01408
2787,,0.725,0.03176,0.3,0.68288,0.75,0.96768,0.85,-0.0536
2788,8,0.7,0.01408,0.3,0.70056,0.775,0.98536,0.85,1.0
2789,,0.625,-0.0536,0.25,0.66824,0.75,0.95304,0.8,0.93232
2790,2,0.6,1.0,0.25,0.68592,0.775,0.97072,0.8,0.91464
2791,,0.525,0.93232,0.2,0.6536,0.75,0.9384,0.75,0.84696
2792,,0.45,0.86464,0.15,0.62128,0.725,0.90608,0.7,0.77928
2793,,0.375,0.79696,0.1,0.58896,0.7,0.87376,0.65,0.7116
2794,,0.3,0.72928,0.05,0.55664,0.675,0.84144,0.6,0.64392
2795,,0.225,0.6616,0.0,0.52432,0.65,0.80912,0.55,0.57624
2796,,0.15,0.59392,-0.05,0.492,0.625,0.7768,0.5,0.50856
2797,3,0.125,0.57624,1.0,0.50968,0.65,0.79448,0.5,0.49088
2798,,0.05,0.50856,0.95,0.47736,0.625,0.76216,0.45,0.4232
2799,,-0.025,0.44088,0.9,0.44504,0.6,0.72984,0.4,0.35552
2800,1,1.0,0.4232,0.9,0.46272,0.625,0.74752,0.4,0.33784
2801,,0.925,0.35552,0.85,0.4304,0.6,0.7152,0.35,0.27016
2802,,0.85,0.28784,0.8,0.39808,0.575,0.68288,0.3,0.20248
2803,,0.775,0.22016,0.75,0.36576,0.55,0.65056,0.25,0.1348
2804,,0.7,0.15248,0.7,0.33344,0.525,0.61824,0.2,0.06712
2805,,0.625,0.0848,0.65,0.30112,0.5,0.58592,0.15,-0.00056
2806,8,0.6,0.06712,0.65,0.3188,0.525,0.6036,0.15,1.0
2807,,0.525,-0.00056,0.6,0.28648,0.5,0.57128,0.1,0.93232
2808,2,0.5,1.0,0.6,0.30416,0.525,0.58896,0.1,0.91464
2809,,0.425,0.93232,0.55,0.27184,0.5,0.55664,0.05,0.84696
2810,,0.35,0.86464,0.5,0.23952,0.475,0.52432,0.0,0.77928
2811,,0.275,0.79696,0.45,0.2072,0.45,0.492,-0.05,0.7116
2812,7,0.25,0.77928,0.45,0.22488,0.475,0.50968,1.0,0.69392
2813,,0.175,0.7116,0.4,0.19256,0.45,0.47736,0.95,0.62624
2814,,0.1,0.64392,0.35,0.16024,0.425,0.44504,0.9,0.55856
2815,,0.025,0.57624,0.3,0.12792,0.4,0.41272,0.85,0.49088
2816,,-0.05,0.50856,0.25,0.0956,0.375,0.3804,0.8,0.4232
2817,1,1.0,0.49088,0.25,0.11328,0.4,0.39808,0.8,0.40552
2818,,0.925,0.4232,0.2,0.08096,0.375,0.36576,0.75,0.33784
2819,,0.85,0.35552,0.15,0.04864,0.35,0.33344,0.7,0.27016
2820,,0.775,0.28784,0.1,0.01632,0.325,0.30112,0.65,0.20248
2821,,0.7,0.22016,0.05,-0.016,0.3,0.2688,0.6,0.1348
2822,4,0.675,0.20248,0.05,1.0,0.325,0.28648,0.6,0.11712
2823,,0.6,0.1348,0.0,0.96768,0.3,0.25416,0.55,0.04944
2824,,0.525,0.06712,-0.05,0.93536,0.275,0.22184,0.5,-0.01824
2825,3,0.5,0.04944,1.0,0.95304,0.3,0.23952,0.5,-0.03592
2826,8,0.475,0.03176,1.0,0.97072,0.325,0.2572,0.5,1.0
2827,,0.4,-0.03592,0.95,0.9384,0.3,0.22488,0.45,0.93232
2828,2,0.375,1.0,0.95,0.95608,0.325,0.24256,0.45,0.91464
2829,,0.3,0.93232,0.9,0.92376,0.3,0.21024,0.4,0.84696
2830,,0.225,0.86464,0.85,0.89144,0.275,0.17792,0.35,0.77928
2831,,0.15,0.79696,0.8,0.85912,0.25,0.1456,0.3,0.7116
2832,,0.075,0.72928,0.75,0.8268,0.225,0.11328,0.25,0.64392
2833,,-0.0,0.6616,0.7,0.79448,0.2,0.08096,0.2,0.57624
2834,,-0.075,0.59392,0.65,0.76216,0.175,0.04864,0.15,0.50856
2835,1,1.0,0.57624,0.65,0.77984,0.2,0.06632,0.15,0.49088
2836,,0.925,0.50856,0.6,0.74752,0.175,0.034,0.1,0.4232
2837,,0.85,0.44088,0.55,0.7152,0.15,0.00168,0.05,0.35552
2838,,0.775,0.3732,0.5,0.68288,0.125,-0.03064,0.0,0.28784
2839,6,0.75,0.35552,0.5,0.70056,-0.1,1.0,0.0,0.27016
2840,5,0.725,0.33784,0.5,0.71824,1.0,0.76768,0.0,0.25248
2841,,0.65,0.27016,0.45,0.68592,0.975,0.73536,-0.05,0.1848
2842,7,0.625,0.25248,0.45,0.7036,1.0,0.75304,1.0,0.16712
2843,,0.55,0.1848,0.4,0.67128,0.975,0.72072,0.95,0.09944
2844,,0.475,0.11712,0.35,0.63896,0.95,0.6884,0.9,0.03176
2845,,0.4,0.04944,0.3,0.60664,0.925,0.65608,0.85,-0.03592
2846,8,0.375,0.03176,0.3,0.62432,0.95,0.67376,0.85,1.0
2847,,0.3,-0.03592,0.25,0.592,0.925,0.64144,0.8,0.93232
2848,2,0.275,1.0,0.25,0.60968,0.95,0.65912,0.8,0.91464
2849,,0.2,0.93232,0.2,0.57736,0.925,0.6268,0.75,0.84696
2850,,0.125,0.86464,0.15,0.54504,0.9,0.59448,0.7,0.77928
2851,,0.05,0.79696,0.1,0.51272,0.875,0.56216,0.65,0.7116
2852,,-0.025,0.72928,0.05,0.4804,0.85,0.52984,0.6,0.64392
2853,1,1.0,0.7116,0.05,0.49808,0.875,0.54752,0.6,0.62624
2854,,0.925,0.64392,0.0,0.46576,0.85,0.5152,0.55,0.55856
2855,,0.85,0.57624,-0.05,0.43344,0.825,0.48288,0.5,0.49088
2856,3,0.825,0.55856,1.0,0.45112,0.85,0.50056,0.5,0.4732
2857,,0.75,0.49088,0.95,0.4188,0.825,0.46824,0.45,0.40552
2858,,0.675,0.4232,0.9,0.38648,0.8,0.43592,0.4,0.33784
2859,,0.6,0.35552,0.85,0.35416,0.775,0.4036,0.35,0.27016
2860,,0.525,0.28784,0.8,0.32184,0.75,0.37128,0.3,0.20248
2861,,0.45,0.22016,0.75,0.28952,0.725,0.33896,0.25,0.1348
2862,,0.375,0.15248,0.7,0.2572,0.7,0.30664,0.2,0.06712
2863,,0.3,0.0848,0.65,0.22488,0.675,0.27432,0.15,-0.00056
2864,8,0.275,0.06712,0.65,0.24256,0.7,0.292,0.15,1.0
2865,,0.2,-0.00056,0.6,0.21024,0.675,0.25968,0.1,0.93232
2866,2,0.175,1.0,0.6,0.22792,0.7,0.27736,0.1,0.91464
2867,,0.1,0.93232,0.55,0.1956,0.675,0.24504,0.05,0.84696
2868,,0.025,0.86464,0.5,0.16328,0.65,0.21272,0.0,0.77928
2869,,-0.05,0.79696,0.45,0.13096,0.625,0.1804,-0.05,0.7116
2870,7,-0.075,0.77928,0.45,0.14864,0.65,0.19808,1.0,0.69392
2871,1,1.0,0.7616,0.45,0.16632,0.675,0.21576,1.0,0.67624
2872,,0.925,0.69392,0.4,0.134,0.65,0.18344,0.95,0.60856
2873,,0.85,0.62624,0.35,0.10168,0.625,0.15112,0.9,0.54088
2874,,0.775,0.55856,0.3,0.06936,0.6,0.1188,0.85,0.4732
2875,,0.7,0.49088,0.25,0.03704,0.575,0.08648,0.8,0.40552
2876,,0.625,0.4232,0.2,0.00472,0.55,0.05416,0.75,0.33784
2877,,0.55,0.35552,0.15,-0.0276,0.525,0.02184,0.7,0.27016
2878,4,0.525,0.33784,0.15,1.0,0.55,0.03952,0.7,0.25248
2879,,0.45,0.27016,0.1,0.96768,0.525,0.0072,0.65,0.1848
2880,,0.375,0.20248,0.05,0.93536,0.5,-0.02512,0.6,0.11712
2881,6,0.35,0.1848,0.05,0.95304,0.275,1.0,0.6,0.09944
2882,,0.275,0.11712,0.0,0.92072,0.25,0.96768,0.55,0.03176
2883,,0.2,0.04944,-0.05,0.8884,0.225,0.93536,0.5,-0.03592
2884,3,0.175,0.03176,1.0,0.90608,0.25,0.95304,0.5,-0.0536
2885,8,0.15,0.01408,1.0,0.92376,0.275,0.97072,0.5,1.0
2886,,0.075,-0.0536,0.95,0.89144,0.25,0.9384,0.45,0.93232
2887,2,0.05,1.0,0.95,0.90912,0.275,0.95608,0.45,0.91464
2888,,-0.025,0.93232,0.9,0.8768,0.25,0.92376,0.4,0.84696
2889,1,1.0,0.91464,0.9,0.89448,0.275,0.94144,0.4,0.82928
2890,,0.925,0.84696,0.85,0.86216,0.25,0.90912,0.35,0.7616
2891,,0.85,0.77928,0.8,0.82984,0.225,0.8768,0.3,0.69392
2892,,0.775,0.7116,0.75,0.79752,0.2,0.84448,0.25,0.62624
2893,,0.7,0.64392,0.7,0.7652,0.175,0.81216,0.2,0.55856
2894,,0.625,0.57624,0.65,0.73288,0.15,0.77984,0.15,0.49088
2895,,0.55,0.50856,0.6,0.70056,0.125,0.74752,0.1,0.4232
2896,,0.475,0.44088,0.55,0.66824,0.1,0.7152,0.05,0.35552
2897,,0.4,0.3732,0.5,0.63592,0.075,0.68288,0.0,0.28784
2898,,0.325,0.30552,0.45,0.6036,0.05,0.65056,-0.05,0.22016
2899,7,0.3,0.28784,0.45,0.62128,0.075,0.66824,1.0,0.20248
2900,,0.225,0.22016,0.4,0.58896,0.05,0.63592,0.95,0.1348
2901,,0.15,0.15248,0.35,0.55664,0.025,0.6036,0.9,0.06712
2902,,0.075,0.0848,0.3,0.52432,0.0,0.57128,0.85,-0.00056
2903,8,0.05,0.06712,0.3,0.542,0.025,0.58896,0.85,1.0
2904,,-0.025,-0.00056,0.25,0.50968,0.0,0.55664,0.8,0.93232
2905,1,1.0,-0.01824,0.25,0.52736,0.025,0.57432,0.8,0.91464
2906,2,0.975,1.0,0.25,0.54504,0.05,0.592,0.8,0.89696
2907,,0.9,0.93232,0.2,0.51272,0.025,0.55968,0.75,0.82928
2908,,0.825,0.86464,0.15,0.4804,0.0,0.52736,0.7,0.7616
2909,,0.75,0.79696,0.1,0.44808,-0.025,0.49504,0.65,0.69392
2910,5,0.725,0.77928,0.1,0.46576,1.0,0.26272,0.65,0.67624
2911,,0.65,0.7116,0.05,0.43344,0.975,0.2304,0.6,0.60856
2912,,0.575,0.64392,0.0,0.40112,0.95,0.19808,0.55,0.54088
2913,,0.5,0.57624,-0.05,0.3688,0.925,0.16576,0.5,0.4732
2914,3,0.475,0.55856,1.0,0.38648,0.95,0.18344,0.5,0.45552
2915,,0.4,0.49088,0.95,0.35416,0.925,0.15112,0.45,0.38784
2916,,0.325,0.4232,0.9,0.32184,0.9,0.1188,0.4,0.32016
2917,,0.25,0.35552,0.85,0.28952,0.875,0.08648,0.35,0.25248
2918,,0.175,0.28784,0.8,0.2572,0.85,0.05416,0.3,0.1848
2919,,0.1,0.22016,0.75,0.22488,0.825,0.02184,0.25,0.11712
2920,,0.025,0.15248,0.7,0.19256,0.8,-0.01048,0.2,0.04944
2921,6,0.0,0.1348,0.7,0.21024,0.575,1.0,0.2,0.03176
2922,,-0.075,0.06712,0.65,0.17792,0.55,0.96768,0.15,-0.03592
2923,1,1.0,0.04944,0.65,0.1956,0.575,0.98536,0.15,-0.0536
2924,8,0.975,0.03176,0.65,0.21328,0.6,1.0,0.15,1.0
2925,,0.9,-0.03592,0.6,0.18096,0.575,0.96768,0.1,0.93232
2926,2,0.875,1.0,0.6,0.19864,0.6,0.98536,0.1,0.91464
2927,,0.8,0.93232,0.55,0.16632,0.575,0.95304,0.05,0.84696
2928,,0.725,0.86464,0.5,0.134,0.55,0.92072,0.0,0.77928
2929,,0.65,0.79696,0.45,0.10168,0.525,0.8884,-0.05,0.7116
2930,7,0.625,0.77928,0.45,0.11936,0.55,0.90608,1.0,0.69392
2931,,0.55,0.7116,0.4,0.08704,0.525,0.87376,0.95,0.62624
2932,,0.475,0.64392,0.35,0.05472,0.5,0.84144,0.9,0.55856
2933,,0.4,0.57624,0.3,0.0224,0.475,0.80912,0.85,0.49088
2934,,0.325,0.50856,0.25,-0.00992,0.45,0.7768,0.8,0.4232
2935,4,0.3,0.49088,0.25,1.0,0.475,0.79448,0.8,0.40552
2936,,0.225,0.4232,0.2,0.96768,0.45,0.76216,0.75,0.33784
2937,,0.15,0.35552,0.15,0.93536,0.425,0.72984,0.7,0.27016
2938,,0.075,0.28784,0.1,0.90304,0.4,0.69752,0.65,0.20248
2939,,-0.0,0.22016,0.05,0.87072,0.375,0.6652,0.6,0.1348
2940,,-0.075,0.15248,0.0,0.8384,0.35,0.63288,0.55,0.06712
2941,1,1.0,0.1348,0.0,0.85608,0.375,0.65056,0.55,0.04944
2942,,0.925,0.06712,-0.05,0.82376,0.35,0.61824,0.5,-0.01824
2943,3,0.9,0.04944,1.0,0.84144,0.375,0.63592,0.5,-0.03592
2944,8,0.875,0.03176,1.0,0.85912,0.4,0.6536,0.5,1.0
2945,,0.8,-0.03592,0.95,0.8268,0.375,0.62128,0.45,0.93232
2946,2,0.775,1.0,0.95,0.84448,0.4,0.63896,0.45,0.91464
2947,,0.7,0.93232,0.9,0.81216,0.375,0.60664,0.4,0.84696
2948,,0.625,0.86464,0.85,0.77984,0.35,0.57432,0.35,0.77928
2949,,0.55,0.79696,0.8,0.74752,0.325,0.542,0.3,0.7116
2950,,0.475,0.72928,0.75,0.7152,0.3,0.50968,0.25,0.64392
2951,,0.4,0.6616,0.7,0.68288,0.275,0.47736,0.2,0.57624
2952,,0.325,0.59392,0.65,0.65056,0.25,0.44504,0.15,0.50856
2953,,0.25,0.52624,0.6,0.61824,0.225,0.41272,0.1,0.44088
2954,,0.175,0.45856,0.55,0.58592,0.2,0.3804,0.05,0.3732
2955,,0.1,0.39088,0.5,0.5536,0.175,0.34808,0.0,0.30552
2956,,0.025,0.3232,0.45,0.52128,0.15,0.31576,-0.05,0.23784
2957,7,0.0,0.30552,0.45,0.53896,0.175,0.33344,1.0,0.22016
2958,,-0.075,0.23784,0.4,0.50664,0.15,0.30112,0.95,0.15248
2959,1,1.0,0.22016,0.4,0.52432,0.175,0.3188,0.95,0.1348
2960,,0.925,0.15248,0.35,0.492,0.15,0.28648,0.9,0.06712
2961,,0.85,0.0848,0.3,0.45968,0.125,0.25416,0.85,-0.00056
2962,8,0.825,0.06712,0.3,0.47736,0.15,0.27184,0.85,1.0
2963,,0.75,-0.00056,0.25,0.44504,0.125,0.23952,0.8,0.93232
2964,2,0.725,1.0,0.25,0.46272,0.15,0.2572,0.8,0.91464
2965,,0.65,0.93232,0.2,0.4304,0.125,0.22488,0.75,0.84696
2966,,0.575,0.86464,0.15,0.39808,0.1,0.19256,0.7,0.77928
2967,,0.5,0.79696,0.1,0.36576,0.075,0.16024,0.65,0.7116
2968,,0.425,0.72928,0.05,0.33344,0.05,0.12792,0.6,0.64392
2969,,0.35,0.6616,0.0,0.30112,0.025,0.0956,0.55,0.57624
2970,,0.275,0.59392,-0.05,0.2688,0.0,0.06328,0.5,0.50856
2971,3,0.25,0.57624,1.0,0.28648,0.025,0.08096,0.5,0.49088
2972,,0.175,0.50856,0.95,0.25416,0.0,0.04864,0.45,0.4232
2973,,0.1,0.44088,0.9,0.22184,-0.025,0.01632,0.4,0.35552
2974,5,0.075,0.4232,0.9,0.23952,1.0,-0.216,0.4,0.33784
2975,6,0.05,0.40552,0.9,0.2572,0.775,1.0,0.4,0.32016
2976,,-0.025,0.33784,0.85,0.22488,0.75,0.96768,0.35,0.25248
2977,1,1.0,0.32016,0.85,0.24256,0.775,0.98536,0.35,0.2348
2978,,0.925,0.25248,0.8,0.21024,0.75,0.95304,0.3,0.16712
2979,,0.85,0.1848,0.75,0.17792,0.725,0.92072,0.25,0.09944
2980,,0.775,0.11712,0.7,0.1456,0.7,0.8884,0.2,0.03176
2981,,0.7,0.04944,0.65,0.11328,0.675,0.85608,0.15,-0.03592
2982,8,0.675,0.03176,0.65,0.13096,0.7,0.87376,0.15,1.0
2983,,0.6,-0.03592,0.6,0.09864,0.675,0.84144,0.1,0.93232
2984,2,0.575,1.0,0.6,0.11632,0.7,0.85912,0.1,0.91464
2985,,0.5,0.93232,0.55,0.084,0.675,0.8268,0.05,0.84696
2986,,0.425,0.86464,0.5,0.05168,0.65,0.79448,0.0,0.77928
2987,,0.35,0.79696,0.45,0.01936,0.625,0.76216,-0.05,0.7116
2988,7,0.325,0.77928,0.45,0.03704,0.65,0.77984,1.0,0.69392
2989,,0.25,0.7116,0.4,0.00472,0.625,0.74752,0.95,0.62624
2990,,0.175,0.64392,0.35,-0.0276,0.6,0.7152,0.9,0.55856
2991,4,0.15,0.62624,0.35,1.0,0.625,0.73288,0.9,0.54088
2992,,0.075,0.55856,0.3,0.96768,0.6,0.70056,0.85,0.4732
2993,,-0.0,0.49088,0.25,0.93536,0.575,0.66824,0.8,0.40552
2994,,-0.075,0.4232,0.2,0.90304,0.55,0.63592,0.75,0.33784
2995,1,1.0,0.40552,0.2,0.92072,0.575,0.6536,0.75,0.32016
2996,,0.925,0.33784,0.15,0.8884,0.55,0.62128,0.7,0.25248
2997,,0.85,0.27016,0.1,0.85608,0.525,0.58896,0.65,0.1848
2998,,0.775,0.20248,0.05,0.82376,0.5,0.55664,0.6,0.11712
2999,,0.7,0.1348,0.0,0.79144,0.475,0.52432,0.55,0.04944
3000,,0.625,0.06712,-0.05,0.75912,0.45,0.492,0.5,-0.01824
3001,3,0.6,0.04944,1.0,0.7768,0.475,0.50968,0.5,-0.03592
3002,8,0.575,0.03176,1.0,0.79448,0.5,0.52736,0.5,1.0
3003,,0.5,-0.03592,0.95,0.76216,0.475,0.49504,0.45,0.93232
3004,2,0.475,1.0,0.95,0.77984,0.5,0.51272,0.45,0.91464
3005,,0.4,0.93232,0.9,0.74752,0.475,0.4804,0.4,0.84696
3006,,0.325,0.86464,0.85,0.7152,0.45,0.44808,0.35,0.77928
3007,,0.25,0.79696,0.8,0.68288,0.425,0.41576,0.3,0.7116
3008,,0.175,0.72928,0.75,0.65056,0.4,0.38344,0.25,0.64392
3009,,0.1,0.6616,0.7,0.61824,0.375,0.35112,0.2,0.57624
3010,,0.025,0.59392,0.65,0.58592,0.35,0.3188,0.15,0.50856
3011,,-0.05,0.52624,0.6,0.5536,0.325,0.28648,0.1,0.44088
3012,1,1.0,0.50856,0.6,0.57128,0.35,0.30416,0.1,0.4232
3013,,0.925,0.44088,0.55,0.53896,0.325,0.27184,0.05,0.35552
3014,,0.85,0.3732,0.5,0.50664,0.3,0.23952,0.0,0.28784
3015,,0.775,0.30552,0.45,0.47432,0.275,0.2072,-0.05,0.22016
3016,7,0.75,0.28784,0.45,0.492,0.3,0.22488,1.0,0.20248
3017,,0.675,0.22016,0.4,0.45968,0.275,0.19256,0.95,0.1348
3018,,0.6,0.15248,0.35,0.42736,0.25,0.16024,0.9,0.06712
3019,,0.525,0.0848,0.3,0.39504,0.225,0.12792,0.85,-0.00056
3020,8,0.5,0.06712,0.3,0.41272,0.25,0.1456,0.85,1.0
3021,,0.425,-0.00056,0.25,0.3804,0.225,0.11328,0.8,0.93232
3022,2,0.4,1.0,0.25,0.39808,0.25,0.13096,0.8,0.91464
3023,,0.325,0.93232,0.2,0.36576,0.225,0.09864,0.75,0.84696
3024,,0.25,0.86464,0.15,0.33344,0.2,0.06632,0.7,0.77928
3025,,0.175,0.79696,0.1,0.30112,0.175,0.034,0.65,0.7116
3026,,0.1,0.72928,0.05,0.2688,0.15,0.00168,0.6,0.64392
3027,,0.025,0.6616,0.0,0.23648,0.125,-0.03064,0.55,0.57624
3028,6,0.0,0.64392,0.0,0.25416,-0.1,1.0,0.55,0.55856
3029,5,-0.025,0.62624,0.0,0.27184,1.0,0.76768,0.55,0.54088
3030,1,1.0,0.60856,0.0,0.28952,1.0,0.78536,0.55,0.5232
3031,,0.925,0.54088,-0.05,0.2572,0.975,0.75304,0.5,0.45552
3032,3,0.9,0.5232,1.0,0.27488,1.0,0.77072,0.5,0.43784
3033,,0.825,0.45552,0.95,0.24256,0.975,0.7384,0.45,0.37016
3034,,0.75,0.38784,0.9,0.21024,0.95,0.70608,0.4,0.30248
3035,,0.675,0.32016,0.85,0.17792,0.925,0.67376,0.35,0.2348
3036,,0.6,0.25248,0.8,0.1456,0.9,0.64144,0.3,0.16712
3037,,0.525,0.1848,0.75,0.11328,0.875,0.60912,0.25,0.09944
3038,,0.45,0.11712,0.7,0.08096,0.85,0.5768,0.2,0.03176
3039,,0.375,0.04944,0.65,0.04864,0.825,0.54448,0.15,-0.03592
3040,8,0.35,0.03176,0.65,0.06632,0.85,0.56216,0.15,1.0
3041,,0.275,-0.03592,0.6,0.034,0.825,0.52984,0.1,0.93232
3042,2,0.25,1.0,0.6,0.05168,0.85,0.54752,0.1,0.91464
3043,,0.175,0.93232,0.55,0.01936,0.825,0.5152,0.05,0.84696
3044,,0.1,0.86464,0.5,-0.01296,0.8,0.48288,0.0,0.77928
3045,4,0.075,0.84696,0.5,1.0,0.825,0.50056,0.0,0.7616
3046,,-0.0,0.77928,0.45,0.96768,0.8,0.46824,-0.05,0.69392
3047,7,-0.025,0.7616,0.45,0.98536,0.825,0.48592,1.0,0.67624
3048,1,1.0,0.74392,0.45,1.0,0.85,0.5036,1.0,0.65856
3049,,0.925,0.67624,0.4,0.96768,0.825,0.47128,0.95,0.59088
3050,,0.85,0.60856,0.35,0.93536,0.8,0.43896,0.9,0.5232
3051,,0.775,0.54088,0.3,0.90304,0.775,0.40664,0.85,0.45552
3052,,0.7,0.4732,0.25,0.87072,0.75,0.37432,0.8,0.38784
3053,,0.625,0.40552,0.2,0.8384,0.725,0.342,0.75,0.32016
3054,,0.55,0.33784,0.15,0.80608,0.7,0.30968,0.7,0.25248
3055,,0.475,0.27016,0.1,0.77376,0.675,0.27736,0.65,0.1848
3056,,0.4,0.20248,0.05,0.74144,0.65,0.24504,0.6,0.11712
3057,,0.325,0.1348,0.0,0.70912,0.625,0.21272,0.55,0.04944
3058,,0.25,0.06712,-0.05,0.6768,0.6,0.1804,0.5,-0.01824
3059,3,0.225,0.04944,1.0,0.69448,0.625,0.19808,0.5,-0.03592
3060,8,0.2,0.03176,1.0,0.71216,0.65,0.21576,0.5,1.0
3061,,0.125,-0.03592,0.95,0.67984,0.625,0.18344,0.45,0.93232
3062,2,0.1,1.0,0.95,0.69752,0.65,0.20112,0.45,0.91464
3063,,0.025,0.93232,0.9,0.6652,0.625,0.1688,0.4,0.84696
3064,,-0.05,0.86464,0.85,0.63288,0.6,0.13648,0.35,0.77928
3065,1,1.0,0.84696,0.85,0.65056,0.625,0.15416,0.35,0.7616
3066,,0.925,0.77928,0.8,0.61824,0.6,0.12184,0.3,0.69392
3067,,0.85,0.7116,0.75,0.58592,0.575,0.08952,0.25,0.62624
3068,,0.775,0.64392,0.7,0.5536,0.55,0.0572,0.2,0.55856
3069,,0.7,0.57624,0.65,0.52128,0.525,0.02488,0.15,0.49088
3070,,0.625,0.50856,0.6,0.48896,0.5,-0.00744,0.1,0.4232
3071,6,0.6,0.49088,0.6,0.50664,0.275,1.0,0.1,0.40552
3072,,0.525,0.4232,0.55,0.47432,0.25,0.96768,0.05,0.33784
3073,,0.45,0.35552,0.5,0.442,0.225,0.93536,0.0,0.27016
3074,,0.375,0.28784,0.45,0.40968,0.2,0.90304,-0.05,0.20248
3075,7,0.35,0.27016,0.45,0.42736,0.225,0.92072,1.0,0.1848
3076,,0.275,0.20248,0.4,0.39504,0.2,0.8884,0.95,0.11712
3077,,0.2,0.1348,0.35,0.36272,0.175,0.85608,0.9,0.04944
3078,,0.125,0.06712,0.3,0.3304,0.15,0.82376,0.85,-0.01824
3079,8,0.1,0.04944,0.3,0.34808,0.175,0.84144,0.85,1.0
3080,,0.025,-0.01824,0.25,0.31576,0.15,0.80912,0.8,0.93232
3081,2,0.0,1.0,0.25,0.33344,0.175,0.8268,0.8,0.91464
3082,,-0.075,0.93232,0.2,0.30112,0.15,0.79448,0.75,0.84696
3083,1,1.0,0.91464,0.2,0.3188,0.175,0.81216,0.75,0.82928
3084,,0.925,0.84696,0.15,0.28648,0.15,0.77984,0.7,0.7616
3085,,0.85,0.77928,0.1,0.25416,0.125,0.74752,0.65,0.69392
3086,,0.775,0.7116,0.05,0.22184,0.1,0.7152,0.6,0.62624
3087,,0.7,0.64392,0.0,0.18952,0.075,0.68288,0.55,0.55856
3088,,0.625,0.57624,-0.05,0.1572,0.05,0.65056,0.5,0.49088
3089,3,0.6,0.55856,1.0,0.17488,0.075,0.66824,0.5,0.4732
3090,,0.525,0.49088,0.95,0.14256,0.05,0.63592,0.45,0.40552
3091,,0.45,0.4232,0.9,0.11024,0.025,0.6036,0.4,0.33784
3092,,0.375,0.35552,0.85,0.07792,0.0,0.57128,0.35,0.27016
3093,,0.3,0.28784,0.8,0.0456,-0.025,0.53896,0.3,0.20248
3094,5,0.275,0.27016,0.8,0.06328,1.0,0.30664,0.3,0.1848
3095,,0.2,0.20248,0.75,0.03096,0.975,0.27432,0.25,0.11712
3096,,0.125,0.1348,0.7,-0.00136,0.95,0.242,0.2,0.04944
3097,4,0.1,0.11712,0.7,1.0,0.975,0.25968,0.2,0.03176
3098,,0.025,0.04944,0.65,0.96768,0.95,0.22736,0.15,-0.03592
3099,8,0.0,0.03176,0.65,0.98536,0.975,0.24504,0.15,1.0
3100,,-0.075,-0.03592,0.6,0.95304,0.95,0.21272,0.1,0.93232
3101,1,1.0,-0.0536,0.6,0.97072,0.975,0.2304,0.1,0.91464
3102,2,0.975,1.0,0.6,0.9884,1.0,0.24808,0.1,0.89696
3103,,0.9,0.93232,0.55,0.95608,0.975,0.21576,0.05,0.82928
3104,,0.825,0.86464,0.5,0.92376,0.95,0.18344,0.0,0.7616
3105,,0.75,0.79696,0.45,0.89144,0.925,0.15112,-0.05,0.69392
3106,7,0.725,0.77928,0.45,0.90912,0.95,0.1688,1.0,0.67624
3107,,0.65,0.7116,0.4,0.8768,0.925,0.13648,0.95,0.60856
3108,,0.575,0.64392,0.35,0.84448,0.9,0.10416,0.9,0.54088
3109,,0.5,0.57624,0.3,0.81216,0.875,0.07184,0.85,0.4732
3110,,0.425,0.50856,0.25,0.77984,0.85,0.03952,0.8,0.40552
3111,,0.35,0.44088,0.2,0.74752,0.825,0.0072,0.75,0.33784
3112,,0.275,0.3732,0.15,0.7152,0.8,-0.02512,0.7,0.27016
3113,6,0.25,0.35552,0.15,0.73288,0.575,1.0,0.7,0.25248
3114,,0.175,0.28784,0.1,0.70056,0.55,0.96768,0.65,0.1848
3115,,0.1,0.22016,0.05,0.66824,0.525,0.93536,0.6,0.11712
3116,,0.025,0.15248,0.0,0.63592,0.5,0.90304,0.55,0.04944
3117,,-0.05,0.0848,-0.05,0.6036,0.475,0.87072,0.5,-0.01824
3118,3,-0.075,0.06712,1.0,0.62128,0.5,0.8884,0.5,-0.03592
3119,1,1.0,0.04944,1.0,0.63896,0.525,0.90608,0.5,-0.0536
3120,8,0.975,0.03176,1.0,0.65664,0.55,0.92376,0.5,1.0
3121,,0.9,-0.03592,0.95,0.62432,0.525,0.89144,0.45,0.93232
3122,2,0.875,1.0,0.95,0.642,0.55,0.90912,0.45,0.91464
3123,,0.8,0.93232,0.9,0.60968,0.525,0.8768,0.4,0.84696
3124,,0.725,0.86464,0.85,0.57736,0.5,0.84448,0.35,0.77928
3125,,0.65,0.79696,0.8,0.54504,0.475,0.81216,0.3,0.7116
3126,,0.575,0.72928,0.75,0.51272,0.45,0.77984,0.25,0.64392
3127,,0.5,0.6616,0.7,0.4804,0.425,0.74752,0.2,0.57624
3128,,0.425,0.59392,0.65,0.44808,0.4,0.7152,0.15,0.50856
3129,,0.35,0.52624,0.6,0.41576,0.375,0.68288,0.1,0.44088
3130,,0.275,0.45856,0.55,0.38344,0.35,0.65056,0.05,0.3732
3131,,0.2,0.39088,0.5,0.35112,0.325,0.61824,0.0,0.30552
3132,,0.125,0.3232,0.45,0.3188,0.3,0.58592,-0.05,0.23784
3133,7,0.1,0.30552,0.45,0.33648,0.325,0.6036,1.0,0.22016
3134,,0.025,0.23784,0.4,0.30416,0.3,0.57128,0.95,0.15248
3135,,-0.05,0.17016,0.35,0.27184,0.275,0.53896,0.9,0.0848
3136,1,1.0,0.15248,0.35,0.28952,0.3,0.55664,0.9,0.06712
3137,,0.925,0.0848,0.3,0.2572,0.275,0.52432,0.85,-0.00056
3138,8,0.9,0.06712,0.3,0.27488,0.3,0.542,0.85,1.0
3139,,0.825,-0.00056,0.25,0.24256,0.275,0.50968,0.8,0.93232
3140,2,0.8,1.0,0.25,0.26024,0.3,0.52736,0.8,0.91464
3141,,0.725,0.93232,0.2,0.22792,0.275,0.49504,0.75,0.84696
3142,,0.65,0.86464,0.15,0.1956,0.25,0.46272,0.7,0.77928
3143,,0.575,0.79696,0.1,0.16328,0.225,0.4304,0.65,0.7116
3144,,0.5,0.72928,0.05,0.13096,0.2,0.39808,0.6,0.64392
3145,,0.425,0.6616,0.0,0.09864,0.175,0.36576,0.55,0.57624
3146,,0.35,0.59392,-0.05,0.06632,0.15,0.33344,0.5,0.50856
3147,3,0.325,0.57624,1.0,0.084,0.175,0.35112,0.5,0.49088
3148,,0.25,0.50856,0.95,0.05168,0.15,0.3188,0.45,0.4232
3149,,0.175,0.44088,0.9,0.01936,0.125,0.28648,0.4,0.35552
3150,,0.1,0.3732,0.85,-0.01296,0.1,0.25416,0.35,0.28784
3151,4,0.075,0.35552,0.85,1.0,0.125,0.27184,0.35,0.27016
3152,,-0.0,0.28784,0.8,0.96768,0.1,0.23952,0.3,0.20248
3153,,-0.075,0.22016,0.75,0.93536,0.075,0.2072,0.25,0.1348
3154,1,1.0,0.20248,0.75,0.95304,0.1,0.22488,0.25,0.11712
3155,,0.925,0.1348,0.7,0.92072,0.075,0.19256,0.2,0.04944
3156,,0.85,0.06712,0.65,0.8884,0.05,0.16024,0.15,-0.01824
3157,8,0.825,0.04944,0.65,0.90608,0.075,0.17792,0.15,1.0
3158,,0.75,-0.01824,0.6,0.87376,0.05,0.1456,0.1,0.93232
3159,2,0.725,1.0,0.6,0.89144,0.075,0.16328,0.1,0.91464
3160,,0.65,0.93232,0.55,0.85912,0.05,0.13096,0.05,0.84696
3161,,0.575,0.86464,0.5,0.8268,0.025,0.09864,0.0,0.77928
3162,,0.5,0.79696,0.45,0.79448,0.0,0.06632,-0.05,0.7116
3163,7,0.475,0.77928,0.45,0.81216,0.025,0.084,1.0,0.69392
3164,,0.4,0.7116,0.4,0.77984,0.0,0.05168,0.95,0.62624
3165,,0.325,0.64392,0.35,0.74752,-0.025,0.01936,0.9,0.55856
3166,5,0.3,0.62624,0.35,0.7652,1.0,-0.21296,0.9,0.54088
3167,6,0.275,0.60856,0.35,0.78288,0.775,1.0,0.9,0.5232
3168,,0.2,0.54088,0.3,0.75056,0.75,0.96768,0.85,0.45552
3169,,0.125,0.4732,0.25,0.71824,0.725,0.93536,0.8,0.38784
3170,,0.05,0.40552,0.2,0.68592,0.7,0.90304,0.75,0.32016
3171,,-0.025,0.33784,0.15,0.6536,0.675,0.87072,0.7,0.25248
3172,1,1.0,0.32016,0.15,0.67128,0.7,0.8884,0.7,0.2348
3173,,0.925,0.25248,0.1,0.63896,0.675,0.85608,0.65,0.16712
3174,,0.85,0.1848,0.05,0.60664,0.65,0.82376,0.6,0.09944
3175,,0.775,0.11712,0.0,0.57432,0.625,0.79144,0.55,0.03176
3176,,0.7,0.04944,-0.05,0.542,0.6,0.75912,0.5,-0.03592
3177,3,0.675,0.03176,1.0,0.55968,0.625,0.7768,0.5,-0.0536
3178,8,0.65,0.01408,1.0,0.57736,0.65,0.79448,0.5,1.0
3179,,0.575,-0.0536,0.95,0.54504,0.625,0.76216,0.45,0.93232
3180,2,0.55,1.0,0.95,0.56272,0.65,0.77984,0.45,0.91464
3181,,0.475,0.93232,0.9,0.5304,0.625,0.74752,0.4,0.84696
3182,,0.4,0.86464,0.85,0.49808,0.6,0.7152,0.35,0.77928
3183,,0.325,0.79696,0.8,0.46576,0.575,0.68288,0.3,0.7116
3184,,0.25,0.72928,0.75,0.43344,0.55,0.65056,0.25,0.64392
3185,,0.175,0.6616,0.7,0.40112,0.525,0.61824,0.2,0.57624
3186,,0.1,0.59392,0.65,0.3688,0.5,0.58592,0.15,0.50856
3187,,0.025,0.52624,0.6,0.33648,0.475,0.5536,0.1,0.44088
3188,,-0.05,0.45856,0.55,0.30416,0.45,0.52128,0.05,0.3732
3189,1,1.0,0.44088,0.55,0.32184,0.475,0.53896,0.05,0.35552
3190,,0.925,0.3732,0.5,0.28952,0.45,0.50664,0.0,0.28784
3191,,0.85,0.30552,0.45,0.2572,0.425,0.47432,-0.05,0.22016
3192,7,0.825,0.28784,0.45,0.27488,0.45,0.492,1.0,0.20248
3193,,0.75,0.22016,0.4,0.24256,0.425,0.45968,0.95,0.1348
3194,,0.675,0.15248,0.35,0.21024,0.4,0.42736,0.9,0.06712
3195,,0.6,0.0848,0.3,0.17792,0.375,0.39504,0.85,-0.00056
3196,8,0.575,0.06712,0.3,0.1956,0.4,0.41272,0.85,1.0
3197,,0.5,-0.00056,0.25,0.16328,0.375,0.3804,0.8,0.93232
3198,2,0.475,1.0,0.25,0.18096,0.4,0.39808,0.8,0.91464
3199,,0.4,0.93232,0.2,0.14864,0.375,0.36576,0.75,0.84696
3200,,0.325,0.86464,0.15,0.11632,0.35,0.33344,0.7,0.77928
3201,,0.25,0.79696,0.1,0.084,0.325,0.30112,0.65,0.7116
3202,,0.175,0.72928,0.05,0.05168,0.3,0.2688,0.6,0.64392
3203,,0.1,0.6616,0.0,0.01936,0.275,0.23648,0.55,0.57624
3204,,0.025,0.59392,-0.05,-0.01296,0.25,0.20416,0.5,0.50856
3205,3,0.0,0.57624,1.0,0.00472,0.275,0.22184,0.5,0.49088
3206,,-0.075,0.50856,0.95,-0.0276,0.25,0.18952,0.45,0.4232
3207,1,1.0,0.49088,0.95,-0.00992,0.275,0.2072,0.45,0.40552
3208,4,0.975,0.4732,0.95,1.0,0.3,0.22488,0.45,0.38784
3209,,0.9,0.40552,0.9,0.96768,0.275,0.19256,0.4,0.32016
3210,,0.825,0.33784,0.85,0.93536,0.25,0.16024,0.35,0.25248
3211,,0.75,0.27016,0.8,0.90304,0.225,0.12792,0.3,0.1848
3212,,0.675,0.20248,0.75,0.87072,0.2,0.0956,0.25,0.11712
3213,,0.6,0.1348,0.7,0.8384,0.175,0.06328,0.2,0.04944
3214,,0.525,0.06712,0.65,0.80608,0.15,0.03096,0.15,-0.01824
3215,8,0.5,0.04944,0.65,0.82376,0.175,0.04864,0.15,1.0
3216,,0.425,-0.01824,0.6,0.79144,0.15,0.01632,0.1,0.93232
3217,2,0.4,1.0,0.6,0.80912,0.175,0.034,0.1,0.91464
3218,,0.325,0.93232,0.55,0.7768,0.15,0.00168,0.05,0.84696
3219,,0.25,0.86464,0.5,0.74448,0.125,-0.03064,0.0,0.77928
3220,6,0.225,0.84696,0.5,0.76216,-0.1,1.0,0.0,0.7616
3221,5,0.2,0.82928,0.5,0.77984,1.0,0.76768,0.0,0.74392
3222,,0.125,0.7616,0.45,0.74752,0.975,0.73536,-0.05,0.67624
3223,7,0.1,0.74392,0.45,0.7652,1.0,0.75304,1.0,0.65856
3224,,0.025,0.67624,0.4,0.73288,0.975,0.72072,0.95,0.59088
3225,,-0.05,0.60856,0.35,0.70056,0.95,0.6884,0.9,0.5232
3226,1,1.0,0.59088,0.35,0.71824,0.975,0.70608,0.9,0.50552
3227,,0.925,0.5232,0.3,0.68592,0.95,0.67376,0.85,0.43784
3228,,0.85,0.45552,0.25,0.6536,0.925,0.64144,0.8,0.37016
3229,,0.775,0.38784,0.2,0.62128,0.9,0.60912,0.75,0.30248
3230,,0.7,0.32016,0.15,0.58896,0.875,0.5768,0.7,0.2348
3231,,0.625,0.25248,0.1,0.55664,0.85,0.54448,0.65,0.16712
3232,,0.55,0.1848,0.05,0.52432,0.825,0.51216,0.6,0.09944
3233,,0.475,0.11712,0.0,0.492,0.8,0.47984,0.55,0.03176
3234,,0.4,0.04944,-0.05,0.45968,0.775,0.44752,0.5,-0.03592
3235,3,0.375,0.03176,1.0,0.47736,0.8,0.4652,0.5,-0.0536
3236,8,0.35,0.01408,1.0,0.49504,0.825,0.48288,0.5,1.0
3237,,0.275,-0.0536,0.95,0.46272,0.8,0.45056,0.45,0.93232
3238,2,0.25,1.0,0.95,0.4804,0.825,0.46824,0.45,0.91464
3239,,0.175,0.93232,0.9,0.44808,0.8,0.43592,0.4,0.84696
3240,,0.1,0.86464,0.85,0.41576,0.775,0.4036,0.35,0.77928
3241,,0.025,0.79696,0.8,0.38344,0.75,0.37128,0.3,0.7116
3242,,-0.05,0.72928,0.75,0.35112,0.725,0.33896,0.25,0.64392
3243,1,1.0,0.7116,0.75,0.3688,0.75,0.35664,0.25,0.62624
3244,,0.925,0.64392,0.7,0.33648,0.725,0.32432,0.2,0.55856
3245,,0.85,0.57624,0.65,0.30416,0.7,0.292,0.15,0.49088
3246,,0.775,0.50856,0.6,0.27184,0.675,0.25968,0.1,0.4232
3247,,0.7,0.44088,0.55,0.23952,0.65,0.22736,0.05,0.35552
3248,,0.625,0.3732,0.5,0.2072,0.625,0.19504,0.0,0.28784
3249,,0.55,0.30552,0.45,0.17488,0.6,0.16272,-0.05,0.22016
3250,7,0.525,0.28784,0.45,0.19256,0.625,0.1804,1.0,0.20248
3251,,0.45,0.22016,0.4,0.16024,0.6,0.14808,0.95,0.1348
3252,,0.375,0.15248,0.35,0.12792,0.575,0.11576,0.9,0.06712
3253,,0.3,0.0848,0.3,0.0956,0.55,0.08344,0.85,-0.00056
3254,8,0.275,0.06712,0.3,0.11328,0.575,0.10112,0.85,1.0
3255,,0.2,-0.00056,0.25,0.08096,0.55,0.0688,0.8,0.93232
3256,2,0.175,1.0,0.25,0.09864,0.575,0.08648,0.8,0.91464
3257,,0.1,0.93232,0.2,0.06632,0.55,0.05416,0.75,0.84696
3258,,0.025,0.86464,0.15,0.034,0.525,0.02184,0.7,0.77928
3259,,-0.05,0.79696,0.1,0.00168,0.5,-0.01048,0.65,0.7116
3260,1,1.0,0.77928,0.1,0.01936,0.525,0.0072,0.65,0.69392
3261,,0.925,0.7116,0.05,-0.01296,0.5,-0.02512,0.6,0.62624
3262,6,0.9,0.69392,0.05,0.00472,0.275,1.0,0.6,0.60856
3263,,0.825,0.62624,0.0,-0.0276,0.25,0.96768,0.55,0.54088
3264,4,0.8,0.60856,0.0,1.0,0.275,0.98536,0.55,0.5232
3265,,0.725,0.54088,-0.05,0.96768,0.25,0.95304,0.5,0.45552
3266,3,0.7,0.5232,1.0,0.98536,0.275,0.97072,0.5,0.43784
3267,,0.625,0.45552,0.95,0.95304,0.25,0.9384,0.45,0.37016
3268,,0.55,0.38784,0.9,0.92072,0.225,0.90608,0.4,0.30248
3269,,0.475,0.32016,0.85,0.8884,0.2,0.87376,0.35,0.2348
3270,,0.4,0.25248,0.8,0.85608,0.175,0.84144,0.3,0.16712
3271,,0.325,0.1848,0.75,0.82376,0.15,0.80912,0.25,0.09944
3272,,0.25,0.11712,0.7,0.79144,0.125,0.7768,0.2,0.03176
3273,,0.175,0.04944,0.65,0.75912,0.1,0.74448,0.15,-0.03592
3274,8,0.15,0.03176,0.65,0.7768,0.125,0.76216,0.15,1.0
3275,,0.075,-0.03592,0.6,0.74448,0.1,0.72984,0.1,0.93232
3276,2,0.05,1.0,0.6,0.76216,0.125,0.74752,0.1,0.91464
3277,,-0.025,0.93232,0.55,0.72984,0.1,0.7152,0.05,0.84696
3278,1,1.0,0.91464,0.55,0.74752,0.125,0.73288,0.05,0.82928
3279,,0.925,0.84696,0.5,0.7152,0.1,0.70056,0.0,0.7616
3280,,0.85,0.77928,0.45,0.68288,0.075,0.66824,-0.05,0.69392
3281,7,0.825,0.7616,0.45,0.70056,0.1,0.68592,1.0,0.67624
3282,,0.75,0.69392,0.4,0.66824,0.075,0.6536,0.95,0.60856
3283,,0.675,0.62624,0.35,0.63592,0.05,0.62128,0.9,0.54088
3284,,0.6,0.55856,0.3,0.6036,0.025,0.58896,0.85,0.4732
3285,,0.525,0.49088,0.25,0.57128,0.0,0.55664,0.8,0.40552
3286,,0.45,0.4232,0.2,0.53896,-0.025,0.52432,0.75,0.33784
3287,5,0.425,0.40552,0.2,0.55664,1.0,0.292,0.75,0.32016
3288,,0.35,0.33784,0.15,0.52432,0.975,0.25968,0.7,0.25248
3289,,0.275,0.27016,0.1,0.492,0.95,0.22736,0.65,0.1848
3290,,0.2,0.20248,0.05,0.45968,0.925,0.19504,0.6,0.11712
3291,,0.125,0.1348,0.0,0.42736,0.9,0.16272,0.55,0.04944
3292,,0.05,0.06712,-0.05,0.39504,0.875,0.1304,0.5,-0.01824
3293,3,0.025,0.04944,1.0,0.41272,0.9,0.14808,0.5,-0.03592
3294,8,0.0,0.03176,1.0,0.4304,0.925,0.16576,0.5,1.0
3295,,-0.075,-0.03592,0.95,0.39808,0.9,0.13344,0.45,0.93232
3296,1,1.0,-0.0536,0.95,0.41576,0.925,0.15112,0.45,0.91464
3297,2,0.975,1.0,0.95,0.43344,0.95,0.1688,0.45,0.89696
3298,,0.9,0.93232,0.9,0.40112,0.925,0.13648,0.4,0.82928
3299,,0.825,0.86464,0.85,0.3688,0.9,0.10416,0.35,0.7616
3300,,0.75,0.79696,0.8,0.33648,0.875,0.07184,0.3,0.69392
3301,,0.675,0.72928,0.75,0.30416,0.85,0.03952,0.25,0.62624
3302,,0.6,0.6616,0.7,0.27184,0.825,0.0072,0.2,0.55856
3303,,0.525,0.59392,0.65,0.23952,0.8,-0.02512,0.15,0.49088
3304,6,0.5,0.57624,0.65,0.2572,0.575,1.0,0.15,0.4732
3305,,0.425,0.50856,0.6,0.22488,0.55,0.96768,0.1,0.40552
3306,,0.35,0.44088,0.55,0.19256,0.525,0.93536,0.05,0.33784
3307,,0.275,0.3732,0.5,0.16024,0.5,0.90304,0.0,0.27016
3308,,0.2,0.30552,0.45,0.12792,0.475,0.87072,-0.05,0.20248
3309,7,0.175,0.28784,0.45,0.1456,0.5,0.8884,1.0,0.1848
3310,,0.1,0.22016,0.4,0.11328,0.475,0.85608,0.95,0.11712
3311,,0.025,0.15248,0.35,0.08096,0.45,0.82376,0.9,0.04944
3312,,-0.05,0.0848,0.3,0.04864,0.425,0.79144,0.85,-0.01824
3313,1,1.0,0.06712,0.3,0.06632,0.45,0.80912,0.85,-0.03592
3314,8,0.975,0.04944,0.3,0.084,0.475,0.8268,0.85,1.0
3315,,0.9,-0.01824,0.25,0.05168,0.45,0.79448,0.8,0.93232
3316,2,0.875,1.0,0.25,0.06936,0.475,0.81216,0.8,0.91464
3317,,0.8,0.93232,0.2,0.03704,0.45,0.77984,0.75,0.84696
3318,,0.725,0.86464,0.15,0.00472,0.425,0.74752,0.7,0.77928
3319,,0.65,0.79696,0.1,-0.0276,0.4,0.7152,0.65,0.7116
3320,4,0.625,0.77928,0.1,1.0,0.425,0.73288,0.65,0.69392
3321,,0.55,0.7116,0.05,0.96768,0.4,0.70056,0.6,0.62624
3322,,0.475,0.64392,0.0,0.93536,0.375,0.66824,0.55,0.55856
3323,,0.4,0.57624,-0.05,0.90304,0.35,0.63592,0.5,0.49088
3324,3,0.375,0.55856,1.0,0.92072,0.375,0.6536,0.5,0.4732
3325,,0.3,0.49088,0.95,0.8884,0.35,0.62128,0.45,0.40552
3326,,0.225,0.4232,0.9,0.85608,0.325,0.58896,0.4,0.33784
3327,,0.15,0.35552,0.85,0.82376,0.3,0.55664,0.35,0.27016
3328,,0.075,0.28784,0.8,0.79144,0.275,0.52432,0.3,0.20248
3329,,-0.0,0.22016,0.75,0.75912,0.25,0.492,0.25,0.1348
3330,,-0.075,0.15248,0.7,0.7268,0.225,0.45968,0.2,0.06712
3331,1,1.0,0.1348,0.7,0.74448,0.25,0.47736,0.2,0.04944
3332,,0.925,0.06712,0.65,0.71216,0.225,0.44504,0.15,-0.01824
3333,8,0.9,0.04944,0.65,0.72984,0.25,0.46272,0.15,1.0
3334,,0.825,-0.01824,0.6,0.69752,0.225,0.4304,0.1,0.93232
3335,2,0.8,1.0,0.6,0.7152,0.25,0.44808,0.1,0.91464
3336,,0.725,0.93232,0.55,0.68288,0.225,0.41576,0.05,0.84696
3337,,0.65,0.86464,0.5,0.65056,0.2,0.38344,0.0,0.77928
3338,,0.575,0.79696,0.45,0.61824,0.175,0.35112,-0.05,0.7116
3339,7,0.55,0.77928,0.45,0.63592,0.2,0.3688,1.0,0.69392
3340,,0.475,0.7116,0.4,0.6036,0.175,0.33648,0.95,0.62624
3341,,0.4,0.64392,0.35,0.57128,0.15,0.30416,0.9,0.55856
3342,,0.325,0.57624,0.3,0.53896,0.125,0.27184,0.85,0.49088
3343,,0.25,0.50856,0.25,0.50664,0.1,0.23952,0.8,0.4232
3344,,0.175,0.44088,0.2,0.47432,0.075,0.2072,0.75,0.35552
3345,,0.1,0.3732,0.15,0.442,0.05,0.17488,0.7,0.28784
3346,,0.025,0.30552,0.1,0.40968,0.025,0.14256,0.65,0.22016
3347,,-0.05,0.23784,0.05,0.37736,0.0,0.11024,0.6,0.15248
3348,1,1.0,0.22016,0.05,0.39504,0.025,0.12792,0.6,0.1348
3349,,0.925,0.15248,0.0,0.36272,0.0,0.0956,0.55,0.06712
3350,,0.85,0.0848,-0.05,0.3304,-0.025,0.06328,0.5,-0.00056
3351,3,0.825,0.06712,1.0,0.34808,0.0,0.08096,0.5,-0.01824
3352,8,0.8,0.04944,1.0,0.36576,0.025,0.09864,0.5,1.0
3353,,0.725,-0.01824,0.95,0.33344,0.0,0.06632,0.45,0.93232
3354,2,0.7,1.0,0.95,0.35112,0.025,0.084,0.45,0.91464
3355,,0.625,0.93232,0.9,0.3188,0.0,0.05168,0.4,0.84696
3356,,0.55,0.86464,0.85,0.28648,-0.025,0.01936,0.35,0.77928
3357,5,0.525,0.84696,0.85,0.30416,1.0,-0.21296,0.35,0.7616
3358,6,0.5,0.82928,0.85,0.32184,0.775,1.0,0.35,0.74392
3359,,0.425,0.7616,0.8,0.28952,0.75,0.96768,0.3,0.67624
3360,,0.35,0.69392,0.75,0.2572,0.725,0.93536,0.25,0.60856
3361,,0.275,0.62624,0.7,0.22488,0.7,0.90304,0.2,0.54088
3362,,0.2,0.55856,0.65,0.19256,0.675,0.87072,0.15,0.4732
3363,,0.125,0.49088,0.6,0.16024,0.65,0.8384,0.1,0.40552
3364,,0.05,0.4232,0.55,0.12792,0.625,0.80608,0.05,0.33784
3365,,-0.025,0.35552,0.5,0.0956,0.6,0.77376,0.0,0.27016
3366,1,1.0,0.33784,0.5,0.11328,0.625,0.79144,0.0,0.25248
3367,,0.925,0.27016,0.45,0.08096,0.6,0.75912,-0.05,0.1848
3368,7,0.9,0.25248,0.45,0.09864,0.625,0.7768,1.0,0.16712
3369,,0.825,0.1848,0.4,0.06632,0.6,0.74448,0.95,0.09944
3370,,0.75,0.11712,0.35,0.034,0.575,0.71216,0.9,0.03176
3371,,0.675,0.04944,0.3,0.00168,0.55,0.67984,0.85,-0.03592
3372,8,0.65,0.03176,0.3,0.01936,0.575,0.69752,0.85,1.0
3373,,0.575,-0.03592,0.25,-0.01296,0.55,0.6652,0.8,0.93232
3374,2,0.55,1.0,0.25,0.00472,0.575,0.68288,0.8,0.91464
3375,,0.475,0.93232,0.2,-0.0276,0.55,0.65056,0.75,0.84696
3376,4,0.45,0.91464,0.2,1.0,0.575,0.66824,0.75,0.82928
3377,,0.375,0.84696,0.15,0.96768,0.55,0.63592,0.7,0.7616
3378,,0.3,0.77928,0.1,0.93536,0.525,0.6036,0.65,0.69392
3379,,0.225,0.7116,0.05,0.90304,0.5,0.57128,0.6,0.62624
3380,,0.15,0.64392,0.0,0.87072,0.475,0.53896,0.55,0.55856
3381,,0.075,0.57624,-0.05,0.8384,0.45,0.50664,0.5,0.49088
3382,3,0.05,0.55856,1.0,0.85608,0.475,0.52432,0.5,0.4732
3383,,-0.025,0.49088,0.95,0.82376,0.45,0.492,0.45,0.40552
3384,1,1.0,0.4732,0.95,0.84144,0.475,0.50968,0.45,0.38784
3385,,0.925,0.40552,0.9,0.80912,0.45,0.47736,0.4,0.32016
3386,,0.85,0.33784,0.85,0.7768,0.425,0.44504,0.35,0.25248
3387,,0.775,0.27016,0.8,0.74448,0.4,0.41272,0.3,0.1848
3388,,0.7,0.20248,0.75,0.71216,0.375,0.3804,0.25,0.11712
3389,,0.625,0.1348,0.7,0.67984,0.35,0.34808,0.2,0.04944
3390,,0.55,0.06712,0.65,0.64752,0.325,0.31576,0.15,-0.01824
3391,8,0.525,0.04944,0.65,0.6652,0.35,0.33344,0.15,1.0
3392,,0.45,-0.01824,0.6,0.63288,0.325,0.30112,0.1,0.93232
3393,2,0.425,1.0,0.6,0.65056,0.35,0.3188,0.1,0.91464
3394,,0.35,0.93232,0.55,0.61824,0.325,0.28648,0.05,0.84696
3395,,0.275,0.86464,0.5,0.58592,0.3,0.25416,0.0,0.77928
3396,,0.2,0.79696,0.45,0.5536,0.275,0.22184,-0.05,0.7116
3397,7,0.175,0.77928,0.45,0.57128,0.3,0.23952,1.0,0.69392
3398,,0.1,0.7116,0.4,0.53896,0.275,0.2072,0.95,0.62624
3399,,0.025,0.64392,0.35,0.50664,0.25,0.17488,0.9,0.55856
3400,,-0.05,0.57624,0.3,0.47432,0.225,0.14256,0.85,0.49088
3401,1,1.0,0.55856,0.3,0.492,0.25,0.16024,0.85,0.4732
3402,,0.925,0.49088,0.25,0.45968,0.225,0.12792,0.8,0.40552
3403,,0.85,0.4232,0.2,0.42736,0.2,0.0956,0.75,0.33784
3404,,0.775,0.35552,0.15,0.39504,0.175,0.06328,0.7,0.27016
3405,,0.7,0.28784,0.1,0.36272,0.15,0.03096,0.65,0.20248
3406,,0.625,0.22016,0.05,0.3304,0.125,-0.00136,0.6,0.1348
3407,6,0.6,0.20248,0.05,0.34808,-0.1,1.0,0.6,0.11712
3408,5,0.575,0.1848,0.05,0.36576,1.0,0.76768,0.6,0.09944
3409,,0.5,0.11712,0.0,0.33344,0.975,0.73536,0.55,0.03176
3410,,0.425,0.04944,-0.05,0.30112,0.95,0.70304,0.5,-0.03592
3411,3,0.4,0.03176,1.0,0.3188,0.975,0.72072,0.5,-0.0536
3412,8,0.375,0.01408,1.0,0.33648,1.0,0.7384,0.5,1.0
3413,,0.3,-0.0536,0.95,0.30416,0.975,0.70608,0.45,0.93232
3414,2,0.275,1.0,0.95,0.32184,1.0,0.72376,0.45,0.91464
3415,,0.2,0.93232,0.9,0.28952,0.975,0.69144,0.4,0.84696
3416,,0.125,0.86464,0.85,0.2572,0.95,0.65912,0.35,0.77928
3417,,0.05,0.79696,0.8,0.22488,0.925,0.6268,0.3,0.7116
3418,,-0.025,0.72928,0.75,0.19256,0.9,0.59448,0.25,0.64392
3419,1,1.0,0.7116,0.75,0.21024,0.925,0.61216,0.25,0.62624
3420,,0.925,0.64392,0.7,0.17792,0.9,0.57984,0.2,0.55856
3421,,0.85,0.57624,0.65,0.1456,0.875,0.54752,0.15,0.49088
3422,,0.775,0.50856,0.6,0.11328,0.85,0.5152,0.1,0.4232
3423,,0.7,0.44088,0.55,0.08096,0.825,0.48288,0.05,0.35552
3424,,0.625,0.3732,0.5,0.04864,0.8,0.45056,0.0,0.28784
3425,,0.55,0.30552,0.45,0.01632,0.775,0.41824,-0.05,0.22016
3426,7,0.525,0.28784,0.45,0.034,0.8,0.43592,1.0,0.20248
3427,,0.45,0.22016,0.4,0.00168,0.775,0.4036,0.95,0.1348
3428,,0.375,0.15248,0.35,-0.03064,0.75,0.37128,0.9,0.06712
3429,4,0.35,0.1348,0.35,1.0,0.775,0.38896,0.9,0.04944
3430,,0.275,0.06712,0.3,0.96768,0.75,0.35664,0.85,-0.01824
3431,8,0.25,0.04944,0.3,0.98536,0.775,0.37432,0.85,1.0
3432,,0.175,-0.01824,0.25,0.95304,0.75,0.342,0.8,0.93232
3433,2,0.15,1.0,0.25,0.97072,0.775,0.35968,0.8,0.91464
3434,,0.075,0.93232,0.2,0.9384,0.75,0.32736,0.75,0.84696
3435,,-0.0,0.86464,0.15,0.90608,0.725,0.29504,0.7,0.77928
3436,,-0.075,0.79696,0.1,0.87376,0.7,0.26272,0.65,0.7116
3437,1,1.0,0.77928,0.1,0.89144,0.725,0.2804,0.65,0.69392
3438,,0.925,0.7116,0.05,0.85912,0.7,0.24808,0.6,0.62624
3439,,0.85,0.64392,0.0,0.8268,0.675,0.21576,0.55,0.55856
3440,,0.775,0.57624,-0.05,0.79448,0.65,0.18344,0.5,0.49088
3441,3,0.75,0.55856,1.0,0.81216,0.675,0.20112,0.5,0.4732
3442,,0.675,0.49088,0.95,0.77984,0.65,0.1688,0.45,0.40552
3443,,0.6,0.4232,0.9,0.74752,0.625,0.13648,0.4,0.33784
3444,,0.525,0.35552,0.85,0.7152,0.6,0.10416,0.35,0.27016
3445,,0.45,0.28784,0.8,0.68288,0.575,0.07184,0.3,0.20248
3446,,0.375,0.22016,0.75,0.65056,0.55,0.03952,0.25,0.1348
3447,,0.3,0.15248,0.7,0.61824,0.525,0.0072,0.2,0.06712
3448,,0.225,0.0848,0.65,0.58592,0.5,-0.02512,0.15,-0.00056
3449,6,0.2,0.06712,0.65,0.6036,0.275,1.0,0.15,-0.01824
3450,8,0.175,0.04944,0.65,0.62128,0.3,1.0,0.15,1.0
3451,,0.1,-0.01824,0.6,0.58896,0.275,0.96768,0.1,0.93232
3452,2,0.075,1.0,0.6,0.60664,0.3,0.98536,0.1,0.91464
3453,,-0.0,0.93232,0.55,0.57432,0.275,0.95304,0.05,0.84696
3454,,-0.075,0.86464,0.5,0.542,0.25,0.92072,0.0,0.77928
3455,1,1.0,0.84696,0.5,0.55968,0.275,0.9384,0.0,0.7616
3456,,0.925,0.77928,0.45,0.52736,0.25,0.90608,-0.05,0.69392
3457,7,0.9,0.7616,0.45,0.54504,0.275,0.92376,1.0,0.67624
3458,,0.825,0.69392,0.4,0.51272,0.25,0.89144,0.95,0.60856
3459,,0.75,0.62624,0.35,0.4804,0.225,0.85912,0.9,0.54088
3460,,0.675,0.55856,0.3,0.44808,0.2,0.8268,0.85,0.4732
3461,,0.6,0.49088,0.25,0.41576,0.175,0.79448,0.8,0.40552
3462,,0.525,0.4232,0.2,0.38344,0.15,0.76216,0.75,0.33784
3463,,0.45,0.35552,0.15,0.35112,0.125,0.72984,0.7,0.27016
3464,,0.375,0.28784,0.1,0.3188,0.1,0.69752,0.65,0.20248
3465,,0.3,0.22016,0.05,0.28648,0.075,0.6652,0.6,0.1348
3466,,0.225,0.15248,0.0,0.25416,0.05,0.63288,0.55,0.06712
3467,,0.15,0.0848,-0.05,0.22184,0.025,0.60056,0.5,-0.00056
3468,3,0.125,0.06712,1.0,0.23952,0.05,0.61824,0.5,-0.01824
3469,8,0.1,0.04944,1.0,0.2572,0.075,0.63592,0.5,1.0
3470,,0.025,-0.01824,0.95,0.22488,0.05,0.6036,0.45,0.93232
3471,2,0.0,1.0,0.95,0.24256,0.075,0.62128,0.45,0.91464
3472,,-0.075,0.93232,0.9,0.21024,0.05,0.58896,0.4,0.84696
3473,1,1.0,0.91464,0.9,0.22792,0.075,0.60664,0.4,0.82928
3474,,0.925,0.84696,0.85,0.1956,0.05,0.57432,0.35,0.7616
3475,,0.85,0.77928,0.8,0.16328,0.025,0.542,0.3,0.69392
3476,,0.775,0.7116,0.75,0.13096,0.0,0.50968,0.25,0.62624
3477,,0.7,0.64392,0.7,0.09864,-0.025,0.47736,0.2,0.55856
3478,5,0.675,0.62624,0.7,0.11632,1.0,0.24504,0.2,0.54088
3479,,0.6,0.55856,0.65,0.084,0.975,0.21272,0.15,0.4732
3480,,0.525,0.49088,0.6,0.05168,0.95,0.1804,0.1,0.40552
3481,,0.45,0.4232,0.55,0.01936,0.925,0.14808,0.05,0.33784
3482,,0.375,0.35552,0.5,-0.01296,0.9,0.11576,0.0,0.27016
3483,4,0.35,0.33784,0.5,1.0,0.925,0.13344,0.0,0.25248
3484,,0.275,0.27016,0.45,0.96768,0.9,0.10112,-0.05,0.1848
3485,7,0.25,0.25248,0.45,0.98536,0.925,0.1188,1.0,0.16712
3486,,0.175,0.1848,0.4,0.95304,0.9,0.08648,0.95,0.09944
3487,,0.1,0.11712,0.35,0.92072,0.875,0.05416,0.9,0.03176
3488,,0.025,0.04944,0.3,0.8884,0.85,0.02184,0.85,-0.03592
3489,8,0.0,0.03176,0.3,0.90608,0.875,0.03952,0.85,1.0
3490,,-0.075,-0.03592,0.25,0.87376,0.85,0.0072,0.8,0.93232
3491,1,1.0,-0.0536,0.25,0.89144,0.875,0.02488,0.8,0.91464
3492,2,0.975,1.0,0.25,0.90912,0.9,0.04256,0.8,0.89696
3493,,0.9,0.93232,0.2,0.8768,0.875,0.01024,0.75,0.82928
3494,,0.825,0.86464,0.15,0.84448,0.85,-0.02208,0.7,0.7616
3495,6,0.8,0.84696,0.15,0.86216,0.625,1.0,0.7,0.74392
3496,,0.725,0.77928,0.1,0.82984,0.6,0.96768,0.65,0.67624
3497,,0.65,0.7116,0.05,0.79752,0.575,0.93536,0.6,0.60856
3498,,0.575,0.64392,0.0,0.7652,0.55,0.90304,0.55,0.54088
3499,,0.5,0.57624,-0.05,0.73288,0.525,0.87072,0.5,0.4732
3500,3,0.475,0.55856,1.0,0.75056,0.55,0.8884,0.5,0.45552
3501,,0.4,0.49088,0.95,0.71824,0.525,0.85608,0.45,0.38784
3502,,0.325,0.4232,0.9,0.68592,0.5,0.82376,0.4,0.32016
3503,,0.25,0.35552,0.85,0.6536,0.475,0.79144,0.35,0.25248
3504,,0.175,0.28784,0.8,0.62128,0.45,0.75912,0.3,0.1848
3505,,0.1,0.22016,0.75,0.58896,0.425,0.7268,0.25,0.11712
3506,,0.025,0.15248,0.7,0.55664,0.4,0.69448,0.2,0.04944
3507,,-0.05,0.0848,0.65,0.52432,0.375,0.66216,0.15,-0.01824
3508,1,1.0,0.06712,0.65,0.542,0.4,0.67984,0.15,-0.03592
3509,8,0.975,0.04944,0.65,0.55968,0.425,0.69752,0.15,1.0
3510,,0.9,-0.01824,0.6,0.52736,0.4,0.6652,0.1,0.93232
3511,2,0.875,1.0,0.6,0.54504,0.425,0.68288,0.1,0.91464
3512,,0.8,0.93232,0.55,0.51272,0.4,0.65056,0.05,0.84696
3513,,0.725,0.86464,0.5,0.4804,0.375,0.61824,0.0,0.77928
3514,,0.65,0.79696,0.45,0.44808,0.35,0.58592,-0.05,0.7116
3515,7,0.625,0.77928,0.45,0.46576,0.375,0.6036,1.0,0.69392
3516,,0.55,0.7116,0.4,0.43344,0.35,0.57128,0.95,0.62624
3517,,0.475,0.64392,0.35,0.40112,0.325,0.53896,0.9,0.55856
3518,,0.4,0.57624,0.3,0.3688,0.3,0.50664,0.85,0.49088
3519,,0.325,0.50856,0.25,0.33648,0.275,0.47432,0.8,0.4232
3520,,0.25,0.44088,0.2,0.30416,0.25,0.442,0.75,0.35552
3521,,0.175,0.3732,0.15,0.27184,0.225,0.40968,0.7,0.28784
3522,,0.1,0.30552,0.1,0.23952,0.2,0.37736,0.65,0.22016
3523,,0.025,0.23784,0.05,0.2072,0.175,0.34504,0.6,0.15248
3524,,-0.05,0.17016,0.0,0.17488,0.15,0.31272,0.55,0.0848
3525,1,1.0,0.15248,0.0,0.19256,0.175,0.3304,0.55,0.06712
3526,,0.925,0.0848,-0.05,0.16024,0.15,0.29808,0.5,-0.00056
3527,3,0.9,0.06712,1.0,0.17792,0.175,0.31576,0.5,-0.01824
3528,8,0.875,0.04944,1.0,0.1956,0.2,0.33344,0.5,1.0
3529,,0.8,-0.01824,0.95,0.16328,0.175,0.30112,0.45,0.93232
3530,2,0.775,1.0,0.95,0.18096,0.2,0.3188,0.45,0.91464
3531,,0.7,0.93232,0.9,0.14864,0.175,0.28648,0.4,0.84696
3532,,0.625,0.86464,0.85,0.11632,0.15,0.25416,0.35,0.77928
3533,,0.55,0.79696,0.8,0.084,0.125,0.22184,0.3,0.7116
3534,,0.475,0.72928,0.75,0.05168,0.1,0.18952,0.25,0.64392
3535,,0.4,0.6616,0.7,0.01936,0.075,0.1572,0.2,0.57624
3536,,0.325,0.59392,0.65,-0.01296,0.05,0.12488,0.15,0.50856
3537,4,0.3,0.57624,0.65,1.0,0.075,0.14256,0.15,0.49088
