step,active_motive,motive_1,motive_2,motive_3,motive_4,motive_5,motive_6,motive_7,motive_8
0,,0.35614,0.07404,0.49887,0.13339,0.48831,0.20552,0.01653,0.17254
1,,-0.14386,-0.42596,-0.00113,-0.36661,-0.01169,-0.29448,-0.48347,-0.32746
2,7,-0.64386,-1.0,-0.70113,-1.0,-0.51169,-0.65348,0.51653,-0.68646
3,7,-1.0,-1.0,-1.0,-1.0,-1.0,-1.0,1.0,-1.0
4,1,0.0,-1.0,-1.0,-1.0,-1.0,-1.0,0.5,-1.0
5,1,1.0,-1.0,-1.0,-1.0,-1.0,-1.0,0.0,-1.0
6,4,0.359,-1.0,-1.0,0.0,-1.0,-1.0,-0.641,-1.0
7,4,-0.282,-1.0,-1.0,1.0,-1.0,-1.0,-1.0,-1.0
8,8,-0.641,-1.0,-1.0,0.3,-1.0,-1.0,-1.0,0.0
9,8,-1.0,-1.0,-1.0,-0.4,-1.0,-1.0,-1.0,1.0
10,2,-1.0,0.0,-1.0,-0.9,-1.0,-1.0,-1.0,0.5
11,2,-1.0,1.0,-1.0,-1.0,-1.0,-1.0,-1.0,0.0
12,6,-1.0,0.3,-1.0,-1.0,-1.0,0.0,-1.0,-0.5
13,6,-1.0,-0.4,-1.0,-1.0,-1.0,1.0,-1.0,-1.0
14,5,-1.0,-1.0,-1.0,-1.0,0.0,0.641,-1.0,-1.0
15,5,-1.0,-1.0,-1.0,-1.0,1.0,0.282,-1.0,-1.0
16,2,-1.0,0.0,-1.0,-1.0,0.359,-0.418,-1.0,-1.0
17,2,-1.0,1.0,-1.0,-1.0,-0.282,-1.0,-1.0,-1.0
18,8,-1.0,0.5,-1.0,-1.0,-0.923,-1.0,-1.0,0.0
19,8,-1.0,0.0,-1.0,-1.0,-1.0,-1.0,-1.0,1.0
20,5,-1.0,-0.641,-1.0,-1.0,0.0,-1.0,-1.0,0.359
21,5,-1.0,-1.0,-1.0,-1.0,1.0,-1.0,-1.0,-0.282
22,3,-1.0,-1.0,0.0,-1.0,0.5,-1.0,-1.0,-0.923
23,3,-1.0,-1.0,1.0,-1.0,0.0,-1.0,-1.0,-1.0
24,4,-1.0,-1.0,0.641,0.0,-0.359,-1.0,-1.0,-1.0
25,4,-1.0,-1.0,0.282,1.0,-0.718,-1.0,-1.0,-1.0
26,1,0.0,-1.0,-0.218,0.359,-1.0,-1.0,-1.0,-1.0
27,1,1.0,-1.0,-0.718,-0.282,-1.0,-1.0,-1.0,-1.0
28,8,0.641,-1.0,-1.0,-0.982,-1.0,-1.0,-1.0,0.0
29,8,0.282,-1.0,-1.0,-1.0,-1.0,-1.0,-1.0,1.0
30,5,-0.418,-1.0,-1.0,-1.0,0.0,-1.0,-1.0,0.359
31,5,-1.0,-1.0,-1.0,-1.0,1.0,-1.0,-1.0,-0.282
32,2,-1.0,0.0,-1.0,-1.0,0.359,-1.0,-1.0,-0.782
33,2,-1.0,1.0,-1.0,-1.0,-0.282,-1.0,-1.0,-1.0
34,8,-1.0,0.5,-1.0,-1.0,-0.923,-1.0,-1.0,0.0
35,8,-1.0,0.0,-1.0,-1.0,-1.0,-1.0,-1.0,1.0
36,7,-1.0,-0.641,-1.0,-1.0,-1.0,-1.0,0.0,0.641
37,7,-1.0,-1.0,-1.0,-1.0,-1.0,-1.0,1.0,0.282
38,3,-1.0,-1.0,0.0,-1.0,-1.0,-1.0,0.3,-0.359
39,3,-1.0,-1.0,1.0,-1.0,-1.0,-1.0,-0.4,-1.0
40,1,0.0,-1.0,0.5,-1.0,-1.0,-1.0,-0.9,-1.0
41,1,1.0,-1.0,0.0,-1.0,-1.0,-1.0,-1.0,-1.0
42,2,0.641,0.0,-0.359,-1.0,-1.0,-1.0,-1.0,-1.0
43,2,0.282,1.0,-0.718,-1.0,-1.0,-1.0,-1.0,-1.0
44,7,-0.218,0.359,-1.0,-1.0,-1.0,-1.0,0.0,-1.0
45,7,-0.718,-0.282,-1.0,-1.0,-1.0,-1.0,1.0,-1.0
46,5,-1.0,-0.923,-1.0,-1.0,0.0,-1.0,0.5,-1.0
47,5,-1.0,-1.0,-1.0,-1.0,1.0,-1.0,0.0,-1.0
48,8,-1.0,-1.0,-1.0,-1.0,0.359,-1.0,-0.359,0.0
49,8,-1.0,-1.0,-1.0,-1.0,-0.282,-1.0,-0.718,1.0
