step,active_motive,motive_1,motive_2,motive_3,motive_4,motive_5,motive_6,motive_7,motive_8
0,,0.27915,0.44132,0.09435,0.13944,0.35018,0.42333,0.42816,0.20225
1,,-0.22085,-0.05868,-0.40565,-0.36056,-0.14982,-0.07667,-0.07184,-0.29775
2,3,-0.72085,-0.48768,0.59435,-0.78956,-0.64982,-0.64767,-0.67184,-0.86875
3,3,-1.0,-0.91668,1.0,-1.0,-1.0,-1.0,-1.0,-1.0
4,1,0.0,-1.0,0.5,-1.0,-1.0,-1.0,-1.0,-1.0
5,1,1.0,-1.0,0.0,-1.0,-1.0,-1.0,-1.0,-1.0
6,6,0.429,-1.0,-0.571,-1.0,-1.0,0.0,-1.0,-1.0
7,6,-0.142,-1.0,-1.0,-1.0,-1.0,1.0,-1.0,-1.0
8,4,-0.713,-1.0,-1.0,0.0,-1.0,0.5,-1.0,-1.0
9,4,-1.0,-1.0,-1.0,1.0,-1.0,0.0,-1.0,-1.0
10,1,0.0,-1.0,-1.0,0.429,-1.0,-0.571,-1.0,-1.0
11,1,1.0,-1.0,-1.0,-0.142,-1.0,-1.0,-1.0,-1.0
12,6,0.429,-1.0,-1.0,-0.642,-1.0,0.0,-1.0,-1.0
13,6,-0.142,-1.0,-1.0,-1.0,-1.0,1.0,-1.0,-1.0
14,8,-0.571,-1.0,-1.0,-1.0,-1.0,0.5,-1.0,0.0
15,8,-1.0,-1.0,-1.0,-1.0,-1.0,0.0,-1.0,1.0
16,4,-1.0,-1.0,-1.0,0.0,-1.0,-0.5,-1.0,0.4
17,4,-1.0,-1.0,-1.0,1.0,-1.0,-1.0,-1.0,-0.2
18,7,-1.0,-1.0,-1.0,0.429,-1.0,-1.0,0.0,-0.629
19,7,-1.0,-1.0,-1.0,-0.142,-1.0,-1.0,1.0,-1.0
20,3,-1.0,-1.0,0.0,-0.571,-1.0,-1.0,0.4,-1.0
21,3,-1.0,-1.0,1.0,-1.0,-1.0,-1.0,-0.2,-1.0
22,8,-1.0,-1.0,0.429,-1.0,-1.0,-1.0,-0.629,0.0
23,8,-1.0,-1.0,-0.142,-1.0,-1.0,-1.0,-1.0,1.0
24,1,0.0,-1.0,-0.642,-1.0,-1.0,-1.0,-1.0,0.571
25,1,1.0,-1.0,-1.0,-1.0,-1.0,-1.0,-1.0,0.142
26,4,0.429,-1.0,-1.0,0.0,-1.0,-1.0,-1.0,-0.458
27,4,-0.142,-1.0,-1.0,1.0,-1.0,-1.0,-1.0,-1.0
28,2,-0.571,0.0,-1.0,0.5,-1.0,-1.0,-1.0,-1.0
29,2,-1.0,1.0,-1.0,0.0,-1.0,-1.0,-1.0,-1.0
30,7,-1.0,0.429,-1.0,-0.571,-1.0,-1.0,0.0,-1.0
31,7,-1.0,-0.142,-1.0,-1.0,-1.0,-1.0,1.0,-1.0
32,3,-1.0,-0.571,0.0,-1.0,-1.0,-1.0,0.4,-1.0
33,3,-1.0,-1.0,1.0,-1.0,-1.0,-1.0,-0.2,-1.0
34,8,-1.0,-1.0,0.429,-1.0,-1.0,-1.0,-0.629,0.0
35,8,-1.0,-1.0,-0.142,-1.0,-1.0,-1.0,-1.0,1.0
36,2,-1.0,0.0,-0.571,-1.0,-1.0,-1.0,-1.0,0.5
37,2,-1.0,1.0,-1.0,-1.0,-1.0,-1.0,-1.0,0.0
38,3,-1.0,0.571,0.0,-1.0,-1.0,-1.0,-1.0,-0.571
39,3,-1.0,0.142,1.0,-1.0,-1.0,-1.0,-1.0,-1.0
40,8,-1.0,-0.358,0.429,-1.0,-1.0,-1.0,-1.0,0.0
41,8,-1.0,-0.858,-0.142,-1.0,-1.0,-1.0,-1.0,1.0
42,5,-1.0,-1.0,-0.642,-1.0,0.0,-1.0,-1.0,0.429
43,5,-1.0,-1.0,-1.0,-1.0,1.0,-1.0,-1.0,-0.142
44,6,-1.0,-1.0,-1.0,-1.0,0.571,0.0,-1.0,-0.642
45,6,-1.0,-1.0,-1.0,-1.0,0.142,1.0,-1.0,-1.0
46,1,0.0,-1.0,-1.0,-1.0,-0.458,0.429,-1.0,-1.0
47,1,1.0,-1.0,-1.0,-1.0,-1.0,-0.142,-1.0,-1.0
48,5,0.4,-1.0,-1.0,-1.0,0.0,-0.571,-1.0,-1.0
49,5,-0.2,-1.0,-1.0,-1.0,1.0,-1.0,-1.0,-1.0
