step,active_motive,motive_1,motive_2,motive_3,motive_4,motive_5,motive_6,motive_7,motive_8
0,,0.0566,0.01586,0.01202,0.03419,0.00918,0.00942,0.03114,0.09795
1,,-0.9434,-0.98414,-0.98798,-0.96581,-0.99082,-0.99058,-0.96886,-0.90205
2,5,-1.0,-1.0,-1.0,-1.0,0.00918,-1.0,-1.0,-1.0
3,5,-1.0,-1.0,-1.0,-1.0,1.0,-1.0,-1.0,-1.0
4,6,-1.0,-1.0,-1.0,-1.0,0.512,0.0,-1.0,-1.0
5,6,-1.0,-1.0,-1.0,-1.0,0.024,1.0,-1.0,-1.0
6,4,-1.0,-1.0,-1.0,0.0,-0.464,0.3,-1.0,-1.0
7,4,-1.0,-1.0,-1.0,1.0,-0.952,-0.4,-1.0,-1.0
8,2,-1.0,0.0,-1.0,0.3,-1.0,-1.0,-1.0,-1.0
9,2,-1.0,1.0,-1.0,-0.4,-1.0,-1.0,-1.0,-1.0
10,3,-1.0,0.512,0.0,-0.888,-1.0,-1.0,-1.0,-1.0
11,3,-1.0,0.024,1.0,-1.0,-1.0,-1.0,-1.0,-1.0
12,7,-1.0,-0.888,0.0,-1.0,-1.0,-1.0,0.0,-1.0
13,7,-1.0,-1.0,-1.0,-1.0,-1.0,-1.0,1.0,-1.0
14,8,-1.0,-1.0,-1.0,-1.0,-1.0,-1.0,0.512,0.0
15,8,-1.0,-1.0,-1.0,-1.0,-1.0,-1.0,0.024,1.0
16,4,-1.0,-1.0,-1.0,0.0,-1.0,-1.0,-0.888,0.0
17,4,-1.0,-1.0,-1.0,1.0,-1.0,-1.0,-1.0,-1.0
18,1,0.0,-1.0,-1.0,0.088,-1.0,-1.0,-1.0,-1.0
19,1,1.0,-1.0,-1.0,-0.824,-1.0,-1.0,-1.0,-1.0
20,8,0.512,-1.0,-1.0,-1.0,-1.0,-1.0,-1.0,0.0
21,8,0.024,-1.0,-1.0,-1.0,-1.0,-1.0,-1.0,1.0
22,7,-0.676,-1.0,-1.0,-1.0,-1.0,-1.0,0.0,0.512
23,7,-1.0,-1.0,-1.0,-1.0,-1.0,-1.0,1.0,0.024
24,5,-1.0,-1.0,-1.0,-1.0,0.0,-1.0,0.3,-0.888
25,5,-1.0,-1.0,-1.0,-1.0,1.0,-1.0,-0.4,-1.0
26,2,-1.0,0.0,-1.0,-1.0,0.088,-1.0,-1.0,-1.0
27,2,-1.0,1.0,-1.0,-1.0,-0.824,-1.0,-1.0,-1.0
28,3,-1.0,0.512,0.0,-1.0,-1.0,-1.0,-1.0,-1.0
29,3,-1.0,0.024,1.0,-1.0,-1.0,-1.0,-1.0,-1.0
30,8,-1.0,-0.676,0.088,-1.0,-1.0,-1.0,-1.0,0.0
31,8,-1.0,-1.0,-0.824,-1.0,-1.0,-1.0,-1.0,1.0
32,6,-1.0,-1.0,-1.0,-1.0,-1.0,0.0,-1.0,0.3
33,6,-1.0,-1.0,-1.0,-1.0,-1.0,1.0,-1.0,-0.4
34,4,-1.0,-1.0,-1.0,0.0,-1.0,0.3,-1.0,-1.0
35,4,-1.0,-1.0,-1.0,1.0,-1.0,-0.4,-1.0,-1.0
36,2,-1.0,0.0,-1.0,0.3,-1.0,-1.0,-1.0,-1.0
37,2,-1.0,1.0,-1.0,-0.4,-1.0,-1.0,-1.0,-1.0
38,6,-1.0,0.0,-1.0,-1.0,-1.0,0.0,-1.0,-1.0
39,6,-1.0,-1.0,-1.0,-1.0,-1.0,1.0,-1.0,-1.0
40,8,-1.0,-1.0,-1.0,-1.0,-1.0,0.3,-1.0,0.0
41,8,-1.0,-1.0,-1.0,-1.0,-1.0,-0.4,-1.0,1.0
42,2,-1.0,0.0,-1.0,-1.0,-1.0,-1.0,-1.0,0.3
43,2,-1.0,1.0,-1.0,-1.0,-1.0,-1.0,-1.0,-0.4
44,3,-1.0,0.512,0.0,-1.0,-1.0,-1.0,-1.0,-1.0
45,3,-1.0,0.024,1.0,-1.0,-1.0,-1.0,-1.0,-1.0
46,5,-1.0,-0.888,0.3,-1.0,0.0,-1.0,-1.0,-1.0
47,5,-1.0,-1.0,-0.4,-1.0,1.0,-1.0,-1.0,-1.0
48,2,-1.0,0.0,-0.888,-1.0,0.088,-1.0,-1.0,-1.0
49,2,-1.0,1.0,-1.0,-1.0,-0.824,-1.0,-1.0,-1.0
