step,active_motive,motive_1,motive_2,motive_3,motive_4,motive_5,motive_6,motive_7,motive_8
0,,-0.25092,0.90143,0.46399,0.19732,-0.68796,-0.68801,-0.88383,0.73235
1,7,-0.2186,0.95143,0.53167,0.27232,-0.62028,-0.63801,1.0,0.75735
2,6,-0.18628,1.0,0.59935,0.34732,-0.5526,1.0,1.0,0.78235
3,5,-0.15396,1.0,0.66703,0.42232,1.0,1.0,1.0,0.80735
4,1,1.0,1.0,0.73471,0.49732,1.0,1.0,1.0,0.83235
5,,0.93232,0.95,0.70239,0.47232,0.96768,0.95,0.93232,0.75735
6,,0.86464,0.9,0.67007,0.44732,0.93536,0.9,0.86464,0.68235
7,,0.79696,0.85,0.63775,0.42232,0.90304,0.85,0.79696,0.60735
8,,0.72928,0.8,0.60543,0.39732,0.87072,0.8,0.72928,0.53235
9,,0.6616,0.75,0.57311,0.37232,0.8384,0.75,0.6616,0.45735
10,,0.59392,0.7,0.54079,0.34732,0.80608,0.7,0.59392,0.38235
11,,0.52624,0.65,0.50847,0.32232,0.77376,0.65,0.52624,0.30735
12,,0.45856,0.6,0.47615,0.29732,0.74144,0.6,0.45856,0.23235
13,,0.39088,0.55,0.44383,0.27232,0.70912,0.55,0.39088,0.15735
14,,0.3232,0.5,0.41151,0.24732,0.6768,0.5,0.3232,0.08235
15,,0.25552,0.45,0.37919,0.22232,0.64448,0.45,0.25552,0.00735
16,,0.18784,0.4,0.34687,0.19732,0.61216,0.4,0.18784,-0.06765
17,8,0.22016,0.45,0.41455,0.27232,0.67984,0.45,0.22016,1.0
18,,0.15248,0.4,0.38223,0.24732,0.64752,0.4,0.15248,0.925
19,,0.0848,0.35,0.34991,0.22232,0.6152,0.35,0.0848,0.85
20,,0.01712,0.3,0.31759,0.19732,0.58288,0.3,0.01712,0.775
21,,-0.05056,0.25,0.28527,0.17232,0.55056,0.25,-0.05056,0.7
22,7,-0.01824,0.3,0.35295,0.24732,0.61824,0.3,1.0,0.725
23,1,1.0,0.35,0.42063,0.32232,0.68592,0.35,1.0,0.75
24,,0.93232,0.3,0.38831,0.29732,0.6536,0.3,0.93232,0.675
25,,0.86464,0.25,0.35599,0.27232,0.62128,0.25,0.86464,0.6
26,,0.79696,0.2,0.32367,0.24732,0.58896,0.2,0.79696,0.525
27,,0.72928,0.15,0.29135,0.22232,0.55664,0.15,0.72928,0.45
28,,0.6616,0.1,0.25903,0.19732,0.52432,0.1,0.6616,0.375
29,,0.59392,0.05,0.22671,0.17232,0.492,0.05,0.59392,0.3
30,,0.52624,0.0,0.19439,0.14732,0.45968,0.0,0.52624,0.225
31,,0.45856,-0.05,0.16207,0.12232,0.42736,-0.05,0.45856,0.15
32,6,0.49088,0.0,0.22975,0.19732,0.49504,1.0,0.49088,0.175
33,,0.4232,-0.05,0.19743,0.17232,0.46272,0.95,0.4232,0.1
34,2,0.45552,1.0,0.26511,0.24732,0.5304,1.0,0.45552,0.125
35,,0.38784,0.95,0.23279,0.22232,0.49808,0.95,0.38784,0.05
36,,0.32016,0.9,0.20047,0.19732,0.46576,0.9,0.32016,-0.025
37,8,0.35248,0.95,0.26815,0.27232,0.53344,0.95,0.35248,1.0
38,,0.2848,0.9,0.23583,0.24732,0.50112,0.9,0.2848,0.925
39,,0.21712,0.85,0.20351,0.22232,0.4688,0.85,0.21712,0.85
40,,0.14944,0.8,0.17119,0.19732,0.43648,0.8,0.14944,0.775
41,,0.08176,0.75,0.13887,0.17232,0.40416,0.75,0.08176,0.7
42,,0.01408,0.7,0.10655,0.14732,0.37184,0.7,0.01408,0.625
43,,-0.0536,0.65,0.07423,0.12232,0.33952,0.65,-0.0536,0.55
44,7,-0.02128,0.7,0.14191,0.19732,0.4072,0.7,1.0,0.575
45,1,1.0,0.75,0.20959,0.27232,0.47488,0.75,1.0,0.6
46,,0.93232,0.7,0.17727,0.24732,0.44256,0.7,0.93232,0.525
47,,0.86464,0.65,0.14495,0.22232,0.41024,0.65,0.86464,0.45
48,,0.79696,0.6,0.11263,0.19732,0.37792,0.6,0.79696,0.375
49,,0.72928,0.55,0.08031,0.17232,0.3456,0.55,0.72928,0.3
50,,0.6616,0.5,0.04799,0.14732,0.31328,0.5,0.6616,0.225
51,,0.59392,0.45,0.01567,0.12232,0.28096,0.45,0.59392,0.15
52,,0.52624,0.4,-0.01665,0.09732,0.24864,0.4,0.52624,0.075
53,3,0.55856,0.45,1.0,0.17232,0.31632,0.45,0.55856,0.1
54,,0.49088,0.4,0.96768,0.14732,0.284,0.4,0.49088,0.025
55,,0.4232,0.35,0.93536,0.12232,0.25168,0.35,0.4232,-0.05
56,8,0.45552,0.4,1.0,0.19732,0.31936,0.4,0.45552,1.0
57,,0.38784,0.35,0.96768,0.17232,0.28704,0.35,0.38784,0.925
58,,0.32016,0.3,0.93536,0.14732,0.25472,0.3,0.32016,0.85
59,,0.25248,0.25,0.90304,0.12232,0.2224,0.25,0.25248,0.775
60,,0.1848,0.2,0.87072,0.09732,0.19008,0.2,0.1848,0.7
61,,0.11712,0.15,0.8384,0.07232,0.15776,0.15,0.11712,0.625
62,,0.04944,0.1,0.80608,0.04732,0.12544,0.1,0.04944,0.55
63,,-0.01824,0.05,0.77376,0.02232,0.09312,0.05,-0.01824,0.475
64,1,1.0,0.1,0.84144,0.09732,0.1608,0.1,0.01408,0.5
65,,0.93232,0.05,0.80912,0.07232,0.12848,0.05,-0.0536,0.425
66,7,0.96464,0.1,0.8768,0.14732,0.19616,0.1,1.0,0.45
67,,0.89696,0.05,0.84448,0.12232,0.16384,0.05,0.93232,0.375
68,,0.82928,0.0,0.81216,0.09732,0.13152,0.0,0.86464,0.3
69,,0.7616,-0.05,0.77984,0.07232,0.0992,-0.05,0.79696,0.225
70,6,0.79392,0.0,0.84752,0.14732,0.16688,1.0,0.82928,0.25
71,,0.72624,-0.05,0.8152,0.12232,0.13456,0.95,0.7616,0.175
72,2,0.75856,1.0,0.88288,0.19732,0.20224,1.0,0.79392,0.2
73,,0.69088,0.95,0.85056,0.17232,0.16992,0.95,0.72624,0.125
74,,0.6232,0.9,0.81824,0.14732,0.1376,0.9,0.65856,0.05
75,,0.55552,0.85,0.78592,0.12232,0.10528,0.85,0.59088,-0.025
76,8,0.58784,0.9,0.8536,0.19732,0.17296,0.9,0.6232,1.0
77,,0.52016,0.85,0.82128,0.17232,0.14064,0.85,0.55552,0.925
78,,0.45248,0.8,0.78896,0.14732,0.10832,0.8,0.48784,0.85
79,,0.3848,0.75,0.75664,0.12232,0.076,0.75,0.42016,0.775
80,,0.31712,0.7,0.72432,0.09732,0.04368,0.7,0.35248,0.7
81,,0.24944,0.65,0.692,0.07232,0.01136,0.65,0.2848,0.625
82,,0.18176,0.6,0.65968,0.04732,-0.02096,0.6,0.21712,0.55
83,5,0.21408,0.65,0.72736,0.12232,1.0,0.65,0.24944,0.575
84,,0.1464,0.6,0.69504,0.09732,0.96768,0.6,0.18176,0.5
85,,0.07872,0.55,0.66272,0.07232,0.93536,0.55,0.11408,0.425
86,,0.01104,0.5,0.6304,0.04732,0.90304,0.5,0.0464,0.35
87,,-0.05664,0.45,0.59808,0.02232,0.87072,0.45,-0.02128,0.275
88,1,1.0,0.5,0.66576,0.09732,0.9384,0.5,0.01104,0.3
89,,0.93232,0.45,0.63344,0.07232,0.90608,0.45,-0.05664,0.225
90,7,0.96464,0.5,0.70112,0.14732,0.97376,0.5,1.0,0.25
91,,0.89696,0.45,0.6688,0.12232,0.94144,0.45,0.93232,0.175
92,,0.82928,0.4,0.63648,0.09732,0.90912,0.4,0.86464,0.1
93,,0.7616,0.35,0.60416,0.07232,0.8768,0.35,0.79696,0.025
94,,0.69392,0.3,0.57184,0.04732,0.84448,0.3,0.72928,-0.05
95,8,0.72624,0.35,0.63952,0.12232,0.91216,0.35,0.7616,1.0
96,,0.65856,0.3,0.6072,0.09732,0.87984,0.3,0.69392,0.925
97,,0.59088,0.25,0.57488,0.07232,0.84752,0.25,0.62624,0.85
98,,0.5232,0.2,0.54256,0.04732,0.8152,0.2,0.55856,0.775
99,,0.45552,0.15,0.51024,0.02232,0.78288,0.15,0.49088,0.7
100,,0.38784,0.1,0.47792,-0.00268,0.75056,0.1,0.4232,0.625
101,4,0.42016,0.15,0.5456,1.0,0.81824,0.15,0.45552,0.65
102,,0.35248,0.1,0.51328,0.975,0.78592,0.1,0.38784,0.575
103,,0.2848,0.05,0.48096,0.95,0.7536,0.05,0.32016,0.5
104,,0.21712,0.0,0.44864,0.925,0.72128,0.0,0.25248,0.425
105,,0.14944,-0.05,0.41632,0.9,0.68896,-0.05,0.1848,0.35
106,2,0.18176,1.0,0.484,0.975,0.75664,0.0,0.21712,0.375
107,,0.11408,0.95,0.45168,0.95,0.72432,-0.05,0.14944,0.3
108,6,0.1464,1.0,0.51936,1.0,0.792,1.0,0.18176,0.325
109,,0.07872,0.95,0.48704,0.975,0.75968,0.95,0.11408,0.25
110,,0.01104,0.9,0.45472,0.95,0.72736,0.9,0.0464,0.175
111,,-0.05664,0.85,0.4224,0.925,0.69504,0.85,-0.02128,0.1
112,1,1.0,0.9,0.49008,1.0,0.76272,0.9,0.01104,0.125
113,,0.93232,0.85,0.45776,0.975,0.7304,0.85,-0.05664,0.05
114,7,0.96464,0.9,0.52544,1.0,0.79808,0.9,1.0,0.075
115,,0.89696,0.85,0.49312,0.975,0.76576,0.85,0.93232,-0.0
116,,0.82928,0.8,0.4608,0.95,0.73344,0.8,0.86464,-0.075
117,8,0.8616,0.85,0.52848,1.0,0.80112,0.85,0.89696,1.0
118,,0.79392,0.8,0.49616,0.975,0.7688,0.8,0.82928,0.925
119,,0.72624,0.75,0.46384,0.95,0.73648,0.75,0.7616,0.85
120,,0.65856,0.7,0.43152,0.925,0.70416,0.7,0.69392,0.775
121,,0.59088,0.65,0.3992,0.9,0.67184,0.65,0.62624,0.7
122,,0.5232,0.6,0.36688,0.875,0.63952,0.6,0.55856,0.625
123,,0.45552,0.55,0.33456,0.85,0.6072,0.55,0.49088,0.55
124,,0.38784,0.5,0.30224,0.825,0.57488,0.5,0.4232,0.475
125,,0.32016,0.45,0.26992,0.8,0.54256,0.45,0.35552,0.4
126,,0.25248,0.4,0.2376,0.775,0.51024,0.4,0.28784,0.325
127,,0.1848,0.35,0.20528,0.75,0.47792,0.35,0.22016,0.25
128,,0.11712,0.3,0.17296,0.725,0.4456,0.3,0.15248,0.175
129,,0.04944,0.25,0.14064,0.7,0.41328,0.25,0.0848,0.1
130,,-0.01824,0.2,0.10832,0.675,0.38096,0.2,0.01712,0.025
131,1,1.0,0.25,0.176,0.75,0.44864,0.25,0.04944,0.05
132,,0.93232,0.2,0.14368,0.725,0.41632,0.2,-0.01824,-0.025
133,8,0.96464,0.25,0.21136,0.8,0.484,0.25,0.01408,1.0
134,,0.89696,0.2,0.17904,0.775,0.45168,0.2,-0.0536,0.925
135,7,0.92928,0.25,0.24672,0.85,0.51936,0.25,1.0,0.95
136,,0.8616,0.2,0.2144,0.825,0.48704,0.2,0.93232,0.875
137,,0.79392,0.15,0.18208,0.8,0.45472,0.15,0.86464,0.8
138,,0.72624,0.1,0.14976,0.775,0.4224,0.1,0.79696,0.725
139,,0.65856,0.05,0.11744,0.75,0.39008,0.05,0.72928,0.65
140,,0.59088,0.0,0.08512,0.725,0.35776,0.0,0.6616,0.575
141,,0.5232,-0.05,0.0528,0.7,0.32544,-0.05,0.59392,0.5
142,6,0.55552,0.0,0.12048,0.775,0.39312,1.0,0.62624,0.525
143,,0.48784,-0.05,0.08816,0.75,0.3608,0.95,0.55856,0.45
144,2,0.52016,1.0,0.15584,0.825,0.42848,1.0,0.59088,0.475
145,,0.45248,0.95,0.12352,0.8,0.39616,0.95,0.5232,0.4
146,,0.3848,0.9,0.0912,0.775,0.36384,0.9,0.45552,0.325
147,,0.31712,0.85,0.05888,0.75,0.33152,0.85,0.38784,0.25
148,,0.24944,0.8,0.02656,0.725,0.2992,0.8,0.32016,0.175
149,,0.18176,0.75,-0.00576,0.7,0.26688,0.75,0.25248,0.1
150,3,0.21408,0.8,1.0,0.775,0.33456,0.8,0.2848,0.125
151,,0.1464,0.75,0.96768,0.75,0.30224,0.75,0.21712,0.05
152,,0.07872,0.7,0.93536,0.725,0.26992,0.7,0.14944,-0.025
153,8,0.11104,0.75,1.0,0.8,0.3376,0.75,0.18176,1.0
154,,0.04336,0.7,0.96768,0.775,0.30528,0.7,0.11408,0.925
155,,-0.02432,0.65,0.93536,0.75,0.27296,0.65,0.0464,0.85
156,1,1.0,0.7,1.0,0.825,0.34064,0.7,0.07872,0.875
157,,0.93232,0.65,0.96768,0.8,0.30832,0.65,0.01104,0.8
158,,0.86464,0.6,0.93536,0.775,0.276,0.6,-0.05664,0.725
159,7,0.89696,0.65,1.0,0.85,0.34368,0.65,1.0,0.75
160,,0.82928,0.6,0.96768,0.825,0.31136,0.6,0.93232,0.675
161,,0.7616,0.55,0.93536,0.8,0.27904,0.55,0.86464,0.6
162,,0.69392,0.5,0.90304,0.775,0.24672,0.5,0.79696,0.525
163,,0.62624,0.45,0.87072,0.75,0.2144,0.45,0.72928,0.45
164,,0.55856,0.4,0.8384,0.725,0.18208,0.4,0.6616,0.375
165,,0.49088,0.35,0.80608,0.7,0.14976,0.35,0.59392,0.3
166,,0.4232,0.3,0.77376,0.675,0.11744,0.3,0.52624,0.225
167,,0.35552,0.25,0.74144,0.65,0.08512,0.25,0.45856,0.15
168,,0.28784,0.2,0.70912,0.625,0.0528,0.2,0.39088,0.075
169,,0.22016,0.15,0.6768,0.6,0.02048,0.15,0.3232,-0.0
170,,0.15248,0.1,0.64448,0.575,-0.01184,0.1,0.25552,-0.075
171,8,0.1848,0.15,0.71216,0.65,0.05584,0.15,0.28784,1.0
172,,0.11712,0.1,0.67984,0.625,0.02352,0.1,0.22016,0.925
173,,0.04944,0.05,0.64752,0.6,-0.0088,0.05,0.15248,0.85
174,5,0.08176,0.1,0.7152,0.675,1.0,0.1,0.1848,0.875
175,,0.01408,0.05,0.68288,0.65,0.96768,0.05,0.11712,0.8
176,,-0.0536,0.0,0.65056,0.625,0.93536,0.0,0.04944,0.725
177,1,1.0,0.05,0.71824,0.7,1.0,0.05,0.08176,0.75
178,,0.93232,0.0,0.68592,0.675,0.96768,0.0,0.01408,0.675
179,,0.86464,-0.05,0.6536,0.65,0.93536,-0.05,-0.0536,0.6
180,7,0.89696,0.0,0.72128,0.725,1.0,0.0,1.0,0.625
181,,0.82928,-0.05,0.68896,0.7,0.96768,-0.05,0.93232,0.55
182,6,0.8616,0.0,0.75664,0.775,1.0,1.0,0.96464,0.575
183,,0.79392,-0.05,0.72432,0.75,0.96768,0.95,0.89696,0.5
184,2,0.82624,1.0,0.792,0.825,1.0,1.0,0.92928,0.525
185,,0.75856,0.95,0.75968,0.8,0.96768,0.95,0.8616,0.45
186,,0.69088,0.9,0.72736,0.775,0.93536,0.9,0.79392,0.375
187,,0.6232,0.85,0.69504,0.75,0.90304,0.85,0.72624,0.3
188,,0.55552,0.8,0.66272,0.725,0.87072,0.8,0.65856,0.225
189,,0.48784,0.75,0.6304,0.7,0.8384,0.75,0.59088,0.15
190,,0.42016,0.7,0.59808,0.675,0.80608,0.7,0.5232,0.075
191,,0.35248,0.65,0.56576,0.65,0.77376,0.65,0.45552,-0.0
192,,0.2848,0.6,0.53344,0.625,0.74144,0.6,0.38784,-0.075
193,8,0.31712,0.65,0.60112,0.7,0.80912,0.65,0.42016,1.0
194,,0.24944,0.6,0.5688,0.675,0.7768,0.6,0.35248,0.925
195,,0.18176,0.55,0.53648,0.65,0.74448,0.55,0.2848,0.85
196,,0.11408,0.5,0.50416,0.625,0.71216,0.5,0.21712,0.775
197,,0.0464,0.45,0.47184,0.6,0.67984,0.45,0.14944,0.7
198,,-0.02128,0.4,0.43952,0.575,0.64752,0.4,0.08176,0.625
199,1,1.0,0.45,0.5072,0.65,0.7152,0.45,0.11408,0.65
200,,0.93232,0.4,0.47488,0.625,0.68288,0.4,0.0464,0.575
201,,0.86464,0.35,0.44256,0.6,0.65056,0.35,-0.02128,0.5
202,7,0.89696,0.4,0.51024,0.675,0.71824,0.4,1.0,0.525
203,,0.82928,0.35,0.47792,0.65,0.68592,0.35,0.93232,0.45
204,,0.7616,0.3,0.4456,0.625,0.6536,0.3,0.86464,0.375
205,,0.69392,0.25,0.41328,0.6,0.62128,0.25,0.79696,0.3
206,,0.62624,0.2,0.38096,0.575,0.58896,0.2,0.72928,0.225
207,,0.55856,0.15,0.34864,0.55,0.55664,0.15,0.6616,0.15
208,,0.49088,0.1,0.31632,0.525,0.52432,0.1,0.59392,0.075
209,,0.4232,0.05,0.284,0.5,0.492,0.05,0.52624,-0.0
210,,0.35552,0.0,0.25168,0.475,0.45968,0.0,0.45856,-0.075
211,8,0.38784,0.05,0.31936,0.55,0.52736,0.05,0.49088,1.0
212,,0.32016,0.0,0.28704,0.525,0.49504,0.0,0.4232,0.925
213,,0.25248,-0.05,0.25472,0.5,0.46272,-0.05,0.35552,0.85
214,6,0.2848,0.0,0.3224,0.575,0.5304,1.0,0.38784,0.875
215,,0.21712,-0.05,0.29008,0.55,0.49808,0.95,0.32016,0.8
216,2,0.24944,1.0,0.35776,0.625,0.56576,1.0,0.35248,0.825
217,,0.18176,0.95,0.32544,0.6,0.53344,0.95,0.2848,0.75
218,,0.11408,0.9,0.29312,0.575,0.50112,0.9,0.21712,0.675
219,,0.0464,0.85,0.2608,0.55,0.4688,0.85,0.14944,0.6
220,,-0.02128,0.8,0.22848,0.525,0.43648,0.8,0.08176,0.525
221,1,1.0,0.85,0.29616,0.6,0.50416,0.85,0.11408,0.55
222,,0.93232,0.8,0.26384,0.575,0.47184,0.8,0.0464,0.475
223,,0.86464,0.75,0.23152,0.55,0.43952,0.75,-0.02128,0.4
224,7,0.89696,0.8,0.2992,0.625,0.5072,0.8,1.0,0.425
225,,0.82928,0.75,0.26688,0.6,0.47488,0.75,0.93232,0.35
226,,0.7616,0.7,0.23456,0.575,0.44256,0.7,0.86464,0.275
227,,0.69392,0.65,0.20224,0.55,0.41024,0.65,0.79696,0.2
228,,0.62624,0.6,0.16992,0.525,0.37792,0.6,0.72928,0.125
229,,0.55856,0.55,0.1376,0.5,0.3456,0.55,0.6616,0.05
230,,0.49088,0.5,0.10528,0.475,0.31328,0.5,0.59392,-0.025
231,8,0.5232,0.55,0.17296,0.55,0.38096,0.55,0.62624,1.0
232,,0.45552,0.5,0.14064,0.525,0.34864,0.5,0.55856,0.925
233,,0.38784,0.45,0.10832,0.5,0.31632,0.45,0.49088,0.85
234,,0.32016,0.4,0.076,0.475,0.284,0.4,0.4232,0.775
235,,0.25248,0.35,0.04368,0.45,0.25168,0.35,0.35552,0.7
236,,0.1848,0.3,0.01136,0.425,0.21936,0.3,0.28784,0.625
237,,0.11712,0.25,-0.02096,0.4,0.18704,0.25,0.22016,0.55
238,3,0.14944,0.3,1.0,0.475,0.25472,0.3,0.25248,0.575
239,,0.08176,0.25,0.96768,0.45,0.2224,0.25,0.1848,0.5
240,,0.01408,0.2,0.93536,0.425,0.19008,0.2,0.11712,0.425
241,,-0.0536,0.15,0.90304,0.4,0.15776,0.15,0.04944,0.35
242,1,1.0,0.2,0.97072,0.475,0.22544,0.2,0.08176,0.375
243,,0.93232,0.15,0.9384,0.45,0.19312,0.15,0.01408,0.3
244,,0.86464,0.1,0.90608,0.425,0.1608,0.1,-0.0536,0.225
245,7,0.89696,0.15,0.97376,0.5,0.22848,0.15,1.0,0.25
246,,0.82928,0.1,0.94144,0.475,0.19616,0.1,0.93232,0.175
247,,0.7616,0.05,0.90912,0.45,0.16384,0.05,0.86464,0.1
248,,0.69392,0.0,0.8768,0.425,0.13152,0.0,0.79696,0.025
249,,0.62624,-0.05,0.84448,0.4,0.0992,-0.05,0.72928,-0.05
250,6,0.65856,0.0,0.91216,0.475,0.16688,1.0,0.7616,-0.025
251,8,0.69088,0.05,0.97984,0.55,0.23456,1.0,0.79392,1.0
252,,0.6232,0.0,0.94752,0.525,0.20224,0.95,0.72624,0.925
253,,0.55552,-0.05,0.9152,0.5,0.16992,0.9,0.65856,0.85
254,2,0.58784,1.0,0.98288,0.575,0.2376,0.95,0.69088,0.875
255,,0.52016,0.95,0.95056,0.55,0.20528,0.9,0.6232,0.8
256,,0.45248,0.9,0.91824,0.525,0.17296,0.85,0.55552,0.725
257,,0.3848,0.85,0.88592,0.5,0.14064,0.8,0.48784,0.65
258,,0.31712,0.8,0.8536,0.475,0.10832,0.75,0.42016,0.575
259,,0.24944,0.75,0.82128,0.45,0.076,0.7,0.35248,0.5
260,,0.18176,0.7,0.78896,0.425,0.04368,0.65,0.2848,0.425
261,,0.11408,0.65,0.75664,0.4,0.01136,0.6,0.21712,0.35
262,,0.0464,0.6,0.72432,0.375,-0.02096,0.55,0.14944,0.275
263,5,0.07872,0.65,0.792,0.45,1.0,0.6,0.18176,0.3
264,,0.01104,0.6,0.75968,0.425,0.96768,0.55,0.11408,0.225
265,,-0.05664,0.55,0.72736,0.4,0.93536,0.5,0.0464,0.15
266,1,1.0,0.6,0.79504,0.475,1.0,0.55,0.07872,0.175
267,,0.93232,0.55,0.76272,0.45,0.96768,0.5,0.01104,0.1
268,,0.86464,0.5,0.7304,0.425,0.93536,0.45,-0.05664,0.025
269,7,0.89696,0.55,0.79808,0.5,1.0,0.5,1.0,0.05
270,,0.82928,0.5,0.76576,0.475,0.96768,0.45,0.93232,-0.025
271,8,0.8616,0.55,0.83344,0.55,1.0,0.5,0.96464,1.0
272,,0.79392,0.5,0.80112,0.525,0.96768,0.45,0.89696,0.925
273,,0.72624,0.45,0.7688,0.5,0.93536,0.4,0.82928,0.85
274,,0.65856,0.4,0.73648,0.475,0.90304,0.35,0.7616,0.775
275,,0.59088,0.35,0.70416,0.45,0.87072,0.3,0.69392,0.7
276,,0.5232,0.3,0.67184,0.425,0.8384,0.25,0.62624,0.625
277,,0.45552,0.25,0.63952,0.4,0.80608,0.2,0.55856,0.55
278,,0.38784,0.2,0.6072,0.375,0.77376,0.15,0.49088,0.475
279,,0.32016,0.15,0.57488,0.35,0.74144,0.1,0.4232,0.4
280,,0.25248,0.1,0.54256,0.325,0.70912,0.05,0.35552,0.325
281,,0.1848,0.05,0.51024,0.3,0.6768,0.0,0.28784,0.25
282,,0.11712,0.0,0.47792,0.275,0.64448,-0.05,0.22016,0.175
283,6,0.14944,0.05,0.5456,0.35,0.71216,1.0,0.25248,0.2
284,,0.08176,0.0,0.51328,0.325,0.67984,0.95,0.1848,0.125
285,,0.01408,-0.05,0.48096,0.3,0.64752,0.9,0.11712,0.05
286,2,0.0464,1.0,0.54864,0.375,0.7152,0.95,0.14944,0.075
287,,-0.02128,0.95,0.51632,0.35,0.68288,0.9,0.08176,-0.0
288,1,1.0,1.0,0.584,0.425,0.75056,0.95,0.11408,0.025
289,,0.93232,0.95,0.55168,0.4,0.71824,0.9,0.0464,-0.05
290,8,0.96464,1.0,0.61936,0.475,0.78592,0.95,0.07872,1.0
291,,0.89696,0.95,0.58704,0.45,0.7536,0.9,0.01104,0.925
292,,0.82928,0.9,0.55472,0.425,0.72128,0.85,-0.05664,0.85
293,7,0.8616,0.95,0.6224,0.5,0.78896,0.9,1.0,0.875
294,,0.79392,0.9,0.59008,0.475,0.75664,0.85,0.93232,0.8
295,,0.72624,0.85,0.55776,0.45,0.72432,0.8,0.86464,0.725
296,,0.65856,0.8,0.52544,0.425,0.692,0.75,0.79696,0.65
297,,0.59088,0.75,0.49312,0.4,0.65968,0.7,0.72928,0.575
298,,0.5232,0.7,0.4608,0.375,0.62736,0.65,0.6616,0.5
299,,0.45552,0.65,0.42848,0.35,0.59504,0.6,0.59392,0.425
300,,0.38784,0.6,0.39616,0.325,0.56272,0.55,0.52624,0.35
301,,0.32016,0.55,0.36384,0.3,0.5304,0.5,0.45856,0.275
302,,0.25248,0.5,0.33152,0.275,0.49808,0.45,0.39088,0.2
303,,0.1848,0.45,0.2992,0.25,0.46576,0.4,0.3232,0.125
304,,0.11712,0.4,0.26688,0.225,0.43344,0.35,0.25552,0.05
305,,0.04944,0.35,0.23456,0.2,0.40112,0.3,0.18784,-0.025
306,8,0.08176,0.4,0.30224,0.275,0.4688,0.35,0.22016,1.0
307,,0.01408,0.35,0.26992,0.25,0.43648,0.3,0.15248,0.925
308,,-0.0536,0.3,0.2376,0.225,0.40416,0.25,0.0848,0.85
309,1,1.0,0.35,0.30528,0.3,0.47184,0.3,0.11712,0.875
310,,0.93232,0.3,0.27296,0.275,0.43952,0.25,0.04944,0.8
311,,0.86464,0.25,0.24064,0.25,0.4072,0.2,-0.01824,0.725
312,7,0.89696,0.3,0.30832,0.325,0.47488,0.25,1.0,0.75
313,,0.82928,0.25,0.276,0.3,0.44256,0.2,0.93232,0.675
314,,0.7616,0.2,0.24368,0.275,0.41024,0.15,0.86464,0.6
315,,0.69392,0.15,0.21136,0.25,0.37792,0.1,0.79696,0.525
316,,0.62624,0.1,0.17904,0.225,0.3456,0.05,0.72928,0.45
317,,0.55856,0.05,0.14672,0.2,0.31328,0.0,0.6616,0.375
318,,0.49088,0.0,0.1144,0.175,0.28096,-0.05,0.59392,0.3
319,6,0.5232,0.05,0.18208,0.25,0.34864,1.0,0.62624,0.325
320,,0.45552,0.0,0.14976,0.225,0.31632,0.95,0.55856,0.25
321,,0.38784,-0.05,0.11744,0.2,0.284,0.9,0.49088,0.175
322,2,0.42016,1.0,0.18512,0.275,0.35168,0.95,0.5232,0.2
323,,0.35248,0.95,0.1528,0.25,0.31936,0.9,0.45552,0.125
324,,0.2848,0.9,0.12048,0.225,0.28704,0.85,0.38784,0.05
325,,0.21712,0.85,0.08816,0.2,0.25472,0.8,0.32016,-0.025
326,8,0.24944,0.9,0.15584,0.275,0.3224,0.85,0.35248,1.0
327,,0.18176,0.85,0.12352,0.25,0.29008,0.8,0.2848,0.925
328,,0.11408,0.8,0.0912,0.225,0.25776,0.75,0.21712,0.85
329,,0.0464,0.75,0.05888,0.2,0.22544,0.7,0.14944,0.775
330,,-0.02128,0.7,0.02656,0.175,0.19312,0.65,0.08176,0.7
331,1,1.0,0.75,0.09424,0.25,0.2608,0.7,0.11408,0.725
332,,0.93232,0.7,0.06192,0.225,0.22848,0.65,0.0464,0.65
333,,0.86464,0.65,0.0296,0.2,0.19616,0.6,-0.02128,0.575
334,7,0.89696,0.7,0.09728,0.275,0.26384,0.65,1.0,0.6
335,,0.82928,0.65,0.06496,0.25,0.23152,0.6,0.93232,0.525
336,,0.7616,0.6,0.03264,0.225,0.1992,0.55,0.86464,0.45
337,,0.69392,0.55,0.00032,0.2,0.16688,0.5,0.79696,0.375
338,,0.62624,0.5,-0.032,0.175,0.13456,0.45,0.72928,0.3
339,3,0.65856,0.55,1.0,0.25,0.20224,0.5,0.7616,0.325
340,,0.59088,0.5,0.96768,0.225,0.16992,0.45,0.69392,0.25
341,,0.5232,0.45,0.93536,0.2,0.1376,0.4,0.62624,0.175
342,,0.45552,0.4,0.90304,0.175,0.10528,0.35,0.55856,0.1
343,,0.38784,0.35,0.87072,0.15,0.07296,0.3,0.49088,0.025
344,,0.32016,0.3,0.8384,0.125,0.04064,0.25,0.4232,-0.05
345,8,0.35248,0.35,0.90608,0.2,0.10832,0.3,0.45552,1.0
346,,0.2848,0.3,0.87376,0.175,0.076,0.25,0.38784,0.925
347,,0.21712,0.25,0.84144,0.15,0.04368,0.2,0.32016,0.85
348,,0.14944,0.2,0.80912,0.125,0.01136,0.15,0.25248,0.775
349,,0.08176,0.15,0.7768,0.1,-0.02096,0.1,0.1848,0.7
350,5,0.11408,0.2,0.84448,0.175,1.0,0.15,0.21712,0.725
351,,0.0464,0.15,0.81216,0.15,0.96768,0.1,0.14944,0.65
352,,-0.02128,0.1,0.77984,0.125,0.93536,0.05,0.08176,0.575
353,1,1.0,0.15,0.84752,0.2,1.0,0.1,0.11408,0.6
354,,0.93232,0.1,0.8152,0.175,0.96768,0.05,0.0464,0.525
355,,0.86464,0.05,0.78288,0.15,0.93536,0.0,-0.02128,0.45
356,7,0.89696,0.1,0.85056,0.225,1.0,0.05,1.0,0.475
357,,0.82928,0.05,0.81824,0.2,0.96768,0.0,0.93232,0.4
358,,0.7616,0.0,0.78592,0.175,0.93536,-0.05,0.86464,0.325
359,6,0.79392,0.05,0.8536,0.25,1.0,1.0,0.89696,0.35
360,,0.72624,0.0,0.82128,0.225,0.96768,0.95,0.82928,0.275
361,,0.65856,-0.05,0.78896,0.2,0.93536,0.9,0.7616,0.2
362,2,0.69088,1.0,0.85664,0.275,1.0,0.95,0.79392,0.225
363,,0.6232,0.95,0.82432,0.25,0.96768,0.9,0.72624,0.15
364,,0.55552,0.9,0.792,0.225,0.93536,0.85,0.65856,0.075
365,,0.48784,0.85,0.75968,0.2,0.90304,0.8,0.59088,-0.0
366,,0.42016,0.8,0.72736,0.175,0.87072,0.75,0.5232,-0.075
367,8,0.45248,0.85,0.79504,0.25,0.9384,0.8,0.55552,1.0
368,,0.3848,0.8,0.76272,0.225,0.90608,0.75,0.48784,0.925
369,,0.31712,0.75,0.7304,0.2,0.87376,0.7,0.42016,0.85
370,,0.24944,0.7,0.69808,0.175,0.84144,0.65,0.35248,0.775
371,,0.18176,0.65,0.66576,0.15,0.80912,0.6,0.2848,0.7
372,,0.11408,0.6,0.63344,0.125,0.7768,0.55,0.21712,0.625
373,,0.0464,0.55,0.60112,0.1,0.74448,0.5,0.14944,0.55
374,,-0.02128,0.5,0.5688,0.075,0.71216,0.45,0.08176,0.475
375,1,1.0,0.55,0.63648,0.15,0.77984,0.5,0.11408,0.5
376,,0.93232,0.5,0.60416,0.125,0.74752,0.45,0.0464,0.425
377,,0.86464,0.45,0.57184,0.1,0.7152,0.4,-0.02128,0.35
378,7,0.89696,0.5,0.63952,0.175,0.78288,0.45,1.0,0.375
379,,0.82928,0.45,0.6072,0.15,0.75056,0.4,0.93232,0.3
380,,0.7616,0.4,0.57488,0.125,0.71824,0.35,0.86464,0.225
381,,0.69392,0.35,0.54256,0.1,0.68592,0.3,0.79696,0.15
382,,0.62624,0.3,0.51024,0.075,0.6536,0.25,0.72928,0.075
383,,0.55856,0.25,0.47792,0.05,0.62128,0.2,0.6616,-0.0
384,,0.49088,0.2,0.4456,0.025,0.58896,0.15,0.59392,-0.075
385,8,0.5232,0.25,0.51328,0.1,0.65664,0.2,0.62624,1.0
386,,0.45552,0.2,0.48096,0.075,0.62432,0.15,0.55856,0.925
387,,0.38784,0.15,0.44864,0.05,0.592,0.1,0.49088,0.85
388,,0.32016,0.1,0.41632,0.025,0.55968,0.05,0.4232,0.775
389,,0.25248,0.05,0.384,0.0,0.52736,0.0,0.35552,0.7
390,,0.1848,0.0,0.35168,-0.025,0.49504,-0.05,0.28784,0.625
391,6,0.21712,0.05,0.41936,0.05,0.56272,1.0,0.32016,0.65
392,,0.14944,0.0,0.38704,0.025,0.5304,0.95,0.25248,0.575
393,,0.08176,-0.05,0.35472,0.0,0.49808,0.9,0.1848,0.5
394,2,0.11408,1.0,0.4224,0.075,0.56576,0.95,0.21712,0.525
395,,0.0464,0.95,0.39008,0.05,0.53344,0.9,0.14944,0.45
396,,-0.02128,0.9,0.35776,0.025,0.50112,0.85,0.08176,0.375
397,1,1.0,0.95,0.42544,0.1,0.5688,0.9,0.11408,0.4
398,,0.93232,0.9,0.39312,0.075,0.53648,0.85,0.0464,0.325
399,,0.86464,0.85,0.3608,0.05,0.50416,0.8,-0.02128,0.25
400,7,0.89696,0.9,0.42848,0.125,0.57184,0.85,1.0,0.275
401,,0.82928,0.85,0.39616,0.1,0.53952,0.8,0.93232,0.2
402,,0.7616,0.8,0.36384,0.075,0.5072,0.75,0.86464,0.125
403,,0.69392,0.75,0.33152,0.05,0.47488,0.7,0.79696,0.05
404,,0.62624,0.7,0.2992,0.025,0.44256,0.65,0.72928,-0.025
405,8,0.65856,0.75,0.36688,0.1,0.51024,0.7,0.7616,1.0
406,,0.59088,0.7,0.33456,0.075,0.47792,0.65,0.69392,0.925
407,,0.5232,0.65,0.30224,0.05,0.4456,0.6,0.62624,0.85
408,,0.45552,0.6,0.26992,0.025,0.41328,0.55,0.55856,0.775
409,,0.38784,0.55,0.2376,0.0,0.38096,0.5,0.49088,0.7
410,,0.32016,0.5,0.20528,-0.025,0.34864,0.45,0.4232,0.625
411,4,0.35248,0.55,0.27296,1.0,0.41632,0.5,0.45552,0.65
412,,0.2848,0.5,0.24064,0.975,0.384,0.45,0.38784,0.575
413,,0.21712,0.45,0.20832,0.95,0.35168,0.4,0.32016,0.5
414,,0.14944,0.4,0.176,0.925,0.31936,0.35,0.25248,0.425
415,,0.08176,0.35,0.14368,0.9,0.28704,0.3,0.1848,0.35
416,,0.01408,0.3,0.11136,0.875,0.25472,0.25,0.11712,0.275
417,,-0.0536,0.25,0.07904,0.85,0.2224,0.2,0.04944,0.2
418,1,1.0,0.3,0.14672,0.925,0.29008,0.25,0.08176,0.225
419,,0.93232,0.25,0.1144,0.9,0.25776,0.2,0.01408,0.15
420,,0.86464,0.2,0.08208,0.875,0.22544,0.15,-0.0536,0.075
421,7,0.89696,0.25,0.14976,0.95,0.29312,0.2,1.0,0.1
422,,0.82928,0.2,0.11744,0.925,0.2608,0.15,0.93232,0.025
423,,0.7616,0.15,0.08512,0.9,0.22848,0.1,0.86464,-0.05
424,8,0.79392,0.2,0.1528,0.975,0.29616,0.15,0.89696,1.0
425,,0.72624,0.15,0.12048,0.95,0.26384,0.1,0.82928,0.925
426,,0.65856,0.1,0.08816,0.925,0.23152,0.05,0.7616,0.85
427,,0.59088,0.05,0.05584,0.9,0.1992,0.0,0.69392,0.775
428,,0.5232,0.0,0.02352,0.875,0.16688,-0.05,0.62624,0.7
429,6,0.55552,0.05,0.0912,0.95,0.23456,1.0,0.65856,0.725
430,,0.48784,0.0,0.05888,0.925,0.20224,0.95,0.59088,0.65
431,,0.42016,-0.05,0.02656,0.9,0.16992,0.9,0.5232,0.575
432,2,0.45248,1.0,0.09424,0.975,0.2376,0.95,0.55552,0.6
433,,0.3848,0.95,0.06192,0.95,0.20528,0.9,0.48784,0.525
434,,0.31712,0.9,0.0296,0.925,0.17296,0.85,0.42016,0.45
435,,0.24944,0.85,-0.00272,0.9,0.14064,0.8,0.35248,0.375
436,3,0.28176,0.9,1.0,0.975,0.20832,0.85,0.3848,0.4
437,,0.21408,0.85,0.96768,0.95,0.176,0.8,0.31712,0.325
438,,0.1464,0.8,0.93536,0.925,0.14368,0.75,0.24944,0.25
439,,0.07872,0.75,0.90304,0.9,0.11136,0.7,0.18176,0.175
440,,0.01104,0.7,0.87072,0.875,0.07904,0.65,0.11408,0.1
441,,-0.05664,0.65,0.8384,0.85,0.04672,0.6,0.0464,0.025
442,1,1.0,0.7,0.90608,0.925,0.1144,0.65,0.07872,0.05
443,,0.93232,0.65,0.87376,0.9,0.08208,0.6,0.01104,-0.025
444,8,0.96464,0.7,0.94144,0.975,0.14976,0.65,0.04336,1.0
445,,0.89696,0.65,0.90912,0.95,0.11744,0.6,-0.02432,0.925
446,7,0.92928,0.7,0.9768,1.0,0.18512,0.65,1.0,0.95
447,,0.8616,0.65,0.94448,0.975,0.1528,0.6,0.93232,0.875
448,,0.79392,0.6,0.91216,0.95,0.12048,0.55,0.86464,0.8
449,,0.72624,0.55,0.87984,0.925,0.08816,0.5,0.79696,0.725
450,,0.65856,0.5,0.84752,0.9,0.05584,0.45,0.72928,0.65
451,,0.59088,0.45,0.8152,0.875,0.02352,0.4,0.6616,0.575
452,,0.5232,0.4,0.78288,0.85,-0.0088,0.35,0.59392,0.5
453,5,0.55552,0.45,0.85056,0.925,1.0,0.4,0.62624,0.525
454,,0.48784,0.4,0.81824,0.9,0.96768,0.35,0.55856,0.45
455,,0.42016,0.35,0.78592,0.875,0.93536,0.3,0.49088,0.375
456,,0.35248,0.3,0.7536,0.85,0.90304,0.25,0.4232,0.3
457,,0.2848,0.25,0.72128,0.825,0.87072,0.2,0.35552,0.225
458,,0.21712,0.2,0.68896,0.8,0.8384,0.15,0.28784,0.15
459,,0.14944,0.15,0.65664,0.775,0.80608,0.1,0.22016,0.075
460,,0.08176,0.1,0.62432,0.75,0.77376,0.05,0.15248,-0.0
461,,0.01408,0.05,0.592,0.725,0.74144,0.0,0.0848,-0.075
462,8,0.0464,0.1,0.65968,0.8,0.80912,0.05,0.11712,1.0
463,,-0.02128,0.05,0.62736,0.775,0.7768,0.0,0.04944,0.925
464,1,1.0,0.1,0.69504,0.85,0.84448,0.05,0.08176,0.95
465,,0.93232,0.05,0.66272,0.825,0.81216,0.0,0.01408,0.875
466,,0.86464,0.0,0.6304,0.8,0.77984,-0.05,-0.0536,0.8
467,7,0.89696,0.05,0.69808,0.875,0.84752,0.0,1.0,0.825
468,,0.82928,0.0,0.66576,0.85,0.8152,-0.05,0.93232,0.75
469,6,0.8616,0.05,0.73344,0.925,0.88288,1.0,0.96464,0.775
470,,0.79392,0.0,0.70112,0.9,0.85056,0.95,0.89696,0.7
471,,0.72624,-0.05,0.6688,0.875,0.81824,0.9,0.82928,0.625
472,2,0.75856,1.0,0.73648,0.95,0.88592,0.95,0.8616,0.65
473,,0.69088,0.95,0.70416,0.925,0.8536,0.9,0.79392,0.575
474,,0.6232,0.9,0.67184,0.9,0.82128,0.85,0.72624,0.5
475,,0.55552,0.85,0.63952,0.875,0.78896,0.8,0.65856,0.425
476,,0.48784,0.8,0.6072,0.85,0.75664,0.75,0.59088,0.35
477,,0.42016,0.75,0.57488,0.825,0.72432,0.7,0.5232,0.275
478,,0.35248,0.7,0.54256,0.8,0.692,0.65,0.45552,0.2
479,,0.2848,0.65,0.51024,0.775,0.65968,0.6,0.38784,0.125
480,,0.21712,0.6,0.47792,0.75,0.62736,0.55,0.32016,0.05
481,,0.14944,0.55,0.4456,0.725,0.59504,0.5,0.25248,-0.025
482,8,0.18176,0.6,0.51328,0.8,0.66272,0.55,0.2848,1.0
483,,0.11408,0.55,0.48096,0.775,0.6304,0.5,0.21712,0.925
484,,0.0464,0.5,0.44864,0.75,0.59808,0.45,0.14944,0.85
485,,-0.02128,0.45,0.41632,0.725,0.56576,0.4,0.08176,0.775
486,1,1.0,0.5,0.484,0.8,0.63344,0.45,0.11408,0.8
487,,0.93232,0.45,0.45168,0.775,0.60112,0.4,0.0464,0.725
488,,0.86464,0.4,0.41936,0.75,0.5688,0.35,-0.02128,0.65
489,7,0.89696,0.45,0.48704,0.825,0.63648,0.4,1.0,0.675
490,,0.82928,0.4,0.45472,0.8,0.60416,0.35,0.93232,0.6
491,,0.7616,0.35,0.4224,0.775,0.57184,0.3,0.86464,0.525
492,,0.69392,0.3,0.39008,0.75,0.53952,0.25,0.79696,0.45
493,,0.62624,0.25,0.35776,0.725,0.5072,0.2,0.72928,0.375
494,,0.55856,0.2,0.32544,0.7,0.47488,0.15,0.6616,0.3
495,,0.49088,0.15,0.29312,0.675,0.44256,0.1,0.59392,0.225
496,,0.4232,0.1,0.2608,0.65,0.41024,0.05,0.52624,0.15
497,,0.35552,0.05,0.22848,0.625,0.37792,0.0,0.45856,0.075
498,,0.28784,0.0,0.19616,0.6,0.3456,-0.05,0.39088,-0.0
499,6,0.32016,0.05,0.26384,0.675,0.41328,1.0,0.4232,0.025
500,,0.25248,0.0,0.23152,0.65,0.38096,0.95,0.35552,-0.05
501,8,0.2848,0.05,0.2992,0.725,0.44864,1.0,0.38784,1.0
502,,0.21712,0.0,0.26688,0.7,0.41632,0.95,0.32016,0.925
503,,0.14944,-0.05,0.23456,0.675,0.384,0.9,0.25248,0.85
504,2,0.18176,1.0,0.30224,0.75,0.45168,0.95,0.2848,0.875
505,,0.11408,0.95,0.26992,0.725,0.41936,0.9,0.21712,0.8
506,,0.0464,0.9,0.2376,0.7,0.38704,0.85,0.14944,0.725
507,,-0.02128,0.85,0.20528,0.675,0.35472,0.8,0.08176,0.65
508,1,1.0,0.9,0.27296,0.75,0.4224,0.85,0.11408,0.675
509,,0.93232,0.85,0.24064,0.725,0.39008,0.8,0.0464,0.6
510,,0.86464,0.8,0.20832,0.7,0.35776,0.75,-0.02128,0.525
511,7,0.89696,0.85,0.276,0.775,0.42544,0.8,1.0,0.55
512,,0.82928,0.8,0.24368,0.75,0.39312,0.75,0.93232,0.475
513,,0.7616,0.75,0.21136,0.725,0.3608,0.7,0.86464,0.4
514,,0.69392,0.7,0.17904,0.7,0.32848,0.65,0.79696,0.325
515,,0.62624,0.65,0.14672,0.675,0.29616,0.6,0.72928,0.25
516,,0.55856,0.6,0.1144,0.65,0.26384,0.55,0.6616,0.175
517,,0.49088,0.55,0.08208,0.625,0.23152,0.5,0.59392,0.1
518,,0.4232,0.5,0.04976,0.6,0.1992,0.45,0.52624,0.025
519,,0.35552,0.45,0.01744,0.575,0.16688,0.4,0.45856,-0.05
520,8,0.38784,0.5,0.08512,0.65,0.23456,0.45,0.49088,1.0
521,,0.32016,0.45,0.0528,0.625,0.20224,0.4,0.4232,0.925
522,,0.25248,0.4,0.02048,0.6,0.16992,0.35,0.35552,0.85
523,,0.1848,0.35,-0.01184,0.575,0.1376,0.3,0.28784,0.775
524,3,0.21712,0.4,1.0,0.65,0.20528,0.35,0.32016,0.8
525,,0.14944,0.35,0.96768,0.625,0.17296,0.3,0.25248,0.725
526,,0.08176,0.3,0.93536,0.6,0.14064,0.25,0.1848,0.65
527,,0.01408,0.25,0.90304,0.575,0.10832,0.2,0.11712,0.575
528,,-0.0536,0.2,0.87072,0.55,0.076,0.15,0.04944,0.5
529,1,1.0,0.25,0.9384,0.625,0.14368,0.2,0.08176,0.525
530,,0.93232,0.2,0.90608,0.6,0.11136,0.15,0.01408,0.45
531,,0.86464,0.15,0.87376,0.575,0.07904,0.1,-0.0536,0.375
532,7,0.89696,0.2,0.94144,0.65,0.14672,0.15,1.0,0.4
533,,0.82928,0.15,0.90912,0.625,0.1144,0.1,0.93232,0.325
534,,0.7616,0.1,0.8768,0.6,0.08208,0.05,0.86464,0.25
535,,0.69392,0.05,0.84448,0.575,0.04976,0.0,0.79696,0.175
536,,0.62624,0.0,0.81216,0.55,0.01744,-0.05,0.72928,0.1
537,6,0.65856,0.05,0.87984,0.625,0.08512,1.0,0.7616,0.125
538,,0.59088,0.0,0.84752,0.6,0.0528,0.95,0.69392,0.05
539,,0.5232,-0.05,0.8152,0.575,0.02048,0.9,0.62624,-0.025
540,2,0.55552,1.0,0.88288,0.65,0.08816,0.95,0.65856,0.0
541,,0.48784,0.95,0.85056,0.625,0.05584,0.9,0.59088,-0.075
542,8,0.52016,1.0,0.91824,0.7,0.12352,0.95,0.6232,1.0
543,,0.45248,0.95,0.88592,0.675,0.0912,0.9,0.55552,0.925
544,,0.3848,0.9,0.8536,0.65,0.05888,0.85,0.48784,0.85
545,,0.31712,0.85,0.82128,0.625,0.02656,0.8,0.42016,0.775
546,,0.24944,0.8,0.78896,0.6,-0.00576,0.75,0.35248,0.7
547,5,0.28176,0.85,0.85664,0.675,1.0,0.8,0.3848,0.725
548,,0.21408,0.8,0.82432,0.65,0.96768,0.75,0.31712,0.65
549,,0.1464,0.75,0.792,0.625,0.93536,0.7,0.24944,0.575
550,,0.07872,0.7,0.75968,0.6,0.90304,0.65,0.18176,0.5
551,,0.01104,0.65,0.72736,0.575,0.87072,0.6,0.11408,0.425
552,,-0.05664,0.6,0.69504,0.55,0.8384,0.55,0.0464,0.35
553,1,1.0,0.65,0.76272,0.625,0.90608,0.6,0.07872,0.375
554,,0.93232,0.6,0.7304,0.6,0.87376,0.55,0.01104,0.3
555,,0.86464,0.55,0.69808,0.575,0.84144,0.5,-0.05664,0.225
556,7,0.89696,0.6,0.76576,0.65,0.90912,0.55,1.0,0.25
557,,0.82928,0.55,0.73344,0.625,0.8768,0.5,0.93232,0.175
558,,0.7616,0.5,0.70112,0.6,0.84448,0.45,0.86464,0.1
559,,0.69392,0.45,0.6688,0.575,0.81216,0.4,0.79696,0.025
560,,0.62624,0.4,0.63648,0.55,0.77984,0.35,0.72928,-0.05
561,8,0.65856,0.45,0.70416,0.625,0.84752,0.4,0.7616,1.0
562,,0.59088,0.4,0.67184,0.6,0.8152,0.35,0.69392,0.925
563,,0.5232,0.35,0.63952,0.575,0.78288,0.3,0.62624,0.85
564,,0.45552,0.3,0.6072,0.55,0.75056,0.25,0.55856,0.775
565,,0.38784,0.25,0.57488,0.525,0.71824,0.2,0.49088,0.7
566,,0.32016,0.2,0.54256,0.5,0.68592,0.15,0.4232,0.625
567,,0.25248,0.15,0.51024,0.475,0.6536,0.1,0.35552,0.55
568,,0.1848,0.1,0.47792,0.45,0.62128,0.05,0.28784,0.475
569,,0.11712,0.05,0.4456,0.425,0.58896,0.0,0.22016,0.4
570,,0.04944,0.0,0.41328,0.4,0.55664,-0.05,0.15248,0.325
571,6,0.08176,0.05,0.48096,0.475,0.62432,1.0,0.1848,0.35
572,,0.01408,0.0,0.44864,0.45,0.592,0.95,0.11712,0.275
573,,-0.0536,-0.05,0.41632,0.425,0.55968,0.9,0.04944,0.2
574,1,1.0,0.0,0.484,0.5,0.62736,0.95,0.08176,0.225
575,,0.93232,-0.05,0.45168,0.475,0.59504,0.9,0.01408,0.15
576,2,0.96464,1.0,0.51936,0.55,0.66272,0.95,0.0464,0.175
577,,0.89696,0.95,0.48704,0.525,0.6304,0.9,-0.02128,0.1
578,7,0.92928,1.0,0.55472,0.6,0.69808,0.95,1.0,0.125
579,,0.8616,0.95,0.5224,0.575,0.66576,0.9,0.93232,0.05
580,,0.79392,0.9,0.49008,0.55,0.63344,0.85,0.86464,-0.025
581,8,0.82624,0.95,0.55776,0.625,0.70112,0.9,0.89696,1.0
582,,0.75856,0.9,0.52544,0.6,0.6688,0.85,0.82928,0.925
583,,0.69088,0.85,0.49312,0.575,0.63648,0.8,0.7616,0.85
584,,0.6232,0.8,0.4608,0.55,0.60416,0.75,0.69392,0.775
585,,0.55552,0.75,0.42848,0.525,0.57184,0.7,0.62624,0.7
586,,0.48784,0.7,0.39616,0.5,0.53952,0.65,0.55856,0.625
587,,0.42016,0.65,0.36384,0.475,0.5072,0.6,0.49088,0.55
588,,0.35248,0.6,0.33152,0.45,0.47488,0.55,0.4232,0.475
589,,0.2848,0.55,0.2992,0.425,0.44256,0.5,0.35552,0.4
590,,0.21712,0.5,0.26688,0.4,0.41024,0.45,0.28784,0.325
591,,0.14944,0.45,0.23456,0.375,0.37792,0.4,0.22016,0.25
592,,0.08176,0.4,0.20224,0.35,0.3456,0.35,0.15248,0.175
593,,0.01408,0.35,0.16992,0.325,0.31328,0.3,0.0848,0.1
594,,-0.0536,0.3,0.1376,0.3,0.28096,0.25,0.01712,0.025
595,1,1.0,0.35,0.20528,0.375,0.34864,0.3,0.04944,0.05
596,,0.93232,0.3,0.17296,0.35,0.31632,0.25,-0.01824,-0.025
597,8,0.96464,0.35,0.24064,0.425,0.384,0.3,0.01408,1.0
598,,0.89696,0.3,0.20832,0.4,0.35168,0.25,-0.0536,0.925
599,7,0.92928,0.35,0.276,0.475,0.41936,0.3,1.0,0.95
600,,0.8616,0.3,0.24368,0.45,0.38704,0.25,0.93232,0.875
601,,0.79392,0.25,0.21136,0.425,0.35472,0.2,0.86464,0.8
602,,0.72624,0.2,0.17904,0.4,0.3224,0.15,0.79696,0.725
603,,0.65856,0.15,0.14672,0.375,0.29008,0.1,0.72928,0.65
604,,0.59088,0.1,0.1144,0.35,0.25776,0.05,0.6616,0.575
605,,0.5232,0.05,0.08208,0.325,0.22544,0.0,0.59392,0.5
606,,0.45552,0.0,0.04976,0.3,0.19312,-0.05,0.52624,0.425
607,6,0.48784,0.05,0.11744,0.375,0.2608,1.0,0.55856,0.45
608,,0.42016,0.0,0.08512,0.35,0.22848,0.95,0.49088,0.375
609,,0.35248,-0.05,0.0528,0.325,0.19616,0.9,0.4232,0.3
610,2,0.3848,1.0,0.12048,0.4,0.26384,0.95,0.45552,0.325
611,,0.31712,0.95,0.08816,0.375,0.23152,0.9,0.38784,0.25
612,,0.24944,0.9,0.05584,0.35,0.1992,0.85,0.32016,0.175
613,,0.18176,0.85,0.02352,0.325,0.16688,0.8,0.25248,0.1
614,,0.11408,0.8,-0.0088,0.3,0.13456,0.75,0.1848,0.025
615,3,0.1464,0.85,1.0,0.375,0.20224,0.8,0.21712,0.05
616,,0.07872,0.8,0.96768,0.35,0.16992,0.75,0.14944,-0.025
617,8,0.11104,0.85,1.0,0.425,0.2376,0.8,0.18176,1.0
618,,0.04336,0.8,0.96768,0.4,0.20528,0.75,0.11408,0.925
619,,-0.02432,0.75,0.93536,0.375,0.17296,0.7,0.0464,0.85
620,1,1.0,0.8,1.0,0.45,0.24064,0.75,0.07872,0.875
621,,0.93232,0.75,0.96768,0.425,0.20832,0.7,0.01104,0.8
622,,0.86464,0.7,0.93536,0.4,0.176,0.65,-0.05664,0.725
623,7,0.89696,0.75,1.0,0.475,0.24368,0.7,1.0,0.75
624,,0.82928,0.7,0.96768,0.45,0.21136,0.65,0.93232,0.675
625,,0.7616,0.65,0.93536,0.425,0.17904,0.6,0.86464,0.6
626,,0.69392,0.6,0.90304,0.4,0.14672,0.55,0.79696,0.525
627,,0.62624,0.55,0.87072,0.375,0.1144,0.5,0.72928,0.45
628,,0.55856,0.5,0.8384,0.35,0.08208,0.45,0.6616,0.375
629,,0.49088,0.45,0.80608,0.325,0.04976,0.4,0.59392,0.3
630,,0.4232,0.4,0.77376,0.3,0.01744,0.35,0.52624,0.225
631,,0.35552,0.35,0.74144,0.275,-0.01488,0.3,0.45856,0.15
632,5,0.38784,0.4,0.80912,0.35,1.0,0.35,0.49088,0.175
633,,0.32016,0.35,0.7768,0.325,0.96768,0.3,0.4232,0.1
634,,0.25248,0.3,0.74448,0.3,0.93536,0.25,0.35552,0.025
635,,0.1848,0.25,0.71216,0.275,0.90304,0.2,0.28784,-0.05
636,8,0.21712,0.3,0.77984,0.35,0.97072,0.25,0.32016,1.0
637,,0.14944,0.25,0.74752,0.325,0.9384,0.2,0.25248,0.925
638,,0.08176,0.2,0.7152,0.3,0.90608,0.15,0.1848,0.85
639,,0.01408,0.15,0.68288,0.275,0.87376,0.1,0.11712,0.775
640,,-0.0536,0.1,0.65056,0.25,0.84144,0.05,0.04944,0.7
641,1,1.0,0.15,0.71824,0.325,0.90912,0.1,0.08176,0.725
642,,0.93232,0.1,0.68592,0.3,0.8768,0.05,0.01408,0.65
643,,0.86464,0.05,0.6536,0.275,0.84448,0.0,-0.0536,0.575
644,7,0.89696,0.1,0.72128,0.35,0.91216,0.05,1.0,0.6
645,,0.82928,0.05,0.68896,0.325,0.87984,0.0,0.93232,0.525
646,,0.7616,0.0,0.65664,0.3,0.84752,-0.05,0.86464,0.45
647,6,0.79392,0.05,0.72432,0.375,0.9152,1.0,0.89696,0.475
648,,0.72624,0.0,0.692,0.35,0.88288,0.95,0.82928,0.4
649,,0.65856,-0.05,0.65968,0.325,0.85056,0.9,0.7616,0.325
650,2,0.69088,1.0,0.72736,0.4,0.91824,0.95,0.79392,0.35
651,,0.6232,0.95,0.69504,0.375,0.88592,0.9,0.72624,0.275
652,,0.55552,0.9,0.66272,0.35,0.8536,0.85,0.65856,0.2
653,,0.48784,0.85,0.6304,0.325,0.82128,0.8,0.59088,0.125
654,,0.42016,0.8,0.59808,0.3,0.78896,0.75,0.5232,0.05
655,,0.35248,0.75,0.56576,0.275,0.75664,0.7,0.45552,-0.025
656,8,0.3848,0.8,0.63344,0.35,0.82432,0.75,0.48784,1.0
657,,0.31712,0.75,0.60112,0.325,0.792,0.7,0.42016,0.925
658,,0.24944,0.7,0.5688,0.3,0.75968,0.65,0.35248,0.85
659,,0.18176,0.65,0.53648,0.275,0.72736,0.6,0.2848,0.775
660,,0.11408,0.6,0.50416,0.25,0.69504,0.55,0.21712,0.7
661,,0.0464,0.55,0.47184,0.225,0.66272,0.5,0.14944,0.625
662,,-0.02128,0.5,0.43952,0.2,0.6304,0.45,0.08176,0.55
663,1,1.0,0.55,0.5072,0.275,0.69808,0.5,0.11408,0.575
664,,0.93232,0.5,0.47488,0.25,0.66576,0.45,0.0464,0.5
665,,0.86464,0.45,0.44256,0.225,0.63344,0.4,-0.02128,0.425
666,7,0.89696,0.5,0.51024,0.3,0.70112,0.45,1.0,0.45
667,,0.82928,0.45,0.47792,0.275,0.6688,0.4,0.93232,0.375
668,,0.7616,0.4,0.4456,0.25,0.63648,0.35,0.86464,0.3
669,,0.69392,0.35,0.41328,0.225,0.60416,0.3,0.79696,0.225
670,,0.62624,0.3,0.38096,0.2,0.57184,0.25,0.72928,0.15
671,,0.55856,0.25,0.34864,0.175,0.53952,0.2,0.6616,0.075
672,,0.49088,0.2,0.31632,0.15,0.5072,0.15,0.59392,-0.0
673,,0.4232,0.15,0.284,0.125,0.47488,0.1,0.52624,-0.075
674,8,0.45552,0.2,0.35168,0.2,0.54256,0.15,0.55856,1.0
675,,0.38784,0.15,0.31936,0.175,0.51024,0.1,0.49088,0.925
676,,0.32016,0.1,0.28704,0.15,0.47792,0.05,0.4232,0.85
677,,0.25248,0.05,0.25472,0.125,0.4456,0.0,0.35552,0.775
678,,0.1848,0.0,0.2224,0.1,0.41328,-0.05,0.28784,0.7
679,6,0.21712,0.05,0.29008,0.175,0.48096,1.0,0.32016,0.725
680,,0.14944,0.0,0.25776,0.15,0.44864,0.95,0.25248,0.65
681,,0.08176,-0.05,0.22544,0.125,0.41632,0.9,0.1848,0.575
682,2,0.11408,1.0,0.29312,0.2,0.484,0.95,0.21712,0.6
683,,0.0464,0.95,0.2608,0.175,0.45168,0.9,0.14944,0.525
684,,-0.02128,0.9,0.22848,0.15,0.41936,0.85,0.08176,0.45
685,1,1.0,0.95,0.29616,0.225,0.48704,0.9,0.11408,0.475
686,,0.93232,0.9,0.26384,0.2,0.45472,0.85,0.0464,0.4
687,,0.86464,0.85,0.23152,0.175,0.4224,0.8,-0.02128,0.325
688,7,0.89696,0.9,0.2992,0.25,0.49008,0.85,1.0,0.35
689,,0.82928,0.85,0.26688,0.225,0.45776,0.8,0.93232,0.275
690,,0.7616,0.8,0.23456,0.2,0.42544,0.75,0.86464,0.2
691,,0.69392,0.75,0.20224,0.175,0.39312,0.7,0.79696,0.125
692,,0.62624,0.7,0.16992,0.15,0.3608,0.65,0.72928,0.05
693,,0.55856,0.65,0.1376,0.125,0.32848,0.6,0.6616,-0.025
694,8,0.59088,0.7,0.20528,0.2,0.39616,0.65,0.69392,1.0
695,,0.5232,0.65,0.17296,0.175,0.36384,0.6,0.62624,0.925
696,,0.45552,0.6,0.14064,0.15,0.33152,0.55,0.55856,0.85
697,,0.38784,0.55,0.10832,0.125,0.2992,0.5,0.49088,0.775
698,,0.32016,0.5,0.076,0.1,0.26688,0.45,0.4232,0.7
699,,0.25248,0.45,0.04368,0.075,0.23456,0.4,0.35552,0.625
700,,0.1848,0.4,0.01136,0.05,0.20224,0.35,0.28784,0.55
701,,0.11712,0.35,-0.02096,0.025,0.16992,0.3,0.22016,0.475
702,3,0.14944,0.4,1.0,0.1,0.2376,0.35,0.25248,0.5
703,,0.08176,0.35,0.96768,0.075,0.20528,0.3,0.1848,0.425
704,,0.01408,0.3,0.93536,0.05,0.17296,0.25,0.11712,0.35
705,,-0.0536,0.25,0.90304,0.025,0.14064,0.2,0.04944,0.275
706,1,1.0,0.3,0.97072,0.1,0.20832,0.25,0.08176,0.3
707,,0.93232,0.25,0.9384,0.075,0.176,0.2,0.01408,0.225
708,,0.86464,0.2,0.90608,0.05,0.14368,0.15,-0.0536,0.15
709,7,0.89696,0.25,0.97376,0.125,0.21136,0.2,1.0,0.175
710,,0.82928,0.2,0.94144,0.1,0.17904,0.15,0.93232,0.1
711,,0.7616,0.15,0.90912,0.075,0.14672,0.1,0.86464,0.025
712,,0.69392,0.1,0.8768,0.05,0.1144,0.05,0.79696,-0.05
713,8,0.72624,0.15,0.94448,0.125,0.18208,0.1,0.82928,1.0
714,,0.65856,0.1,0.91216,0.1,0.14976,0.05,0.7616,0.925
715,,0.59088,0.05,0.87984,0.075,0.11744,0.0,0.69392,0.85
716,,0.5232,0.0,0.84752,0.05,0.08512,-0.05,0.62624,0.775
717,6,0.55552,0.05,0.9152,0.125,0.1528,1.0,0.65856,0.8
718,,0.48784,0.0,0.88288,0.1,0.12048,0.95,0.59088,0.725
719,,0.42016,-0.05,0.85056,0.075,0.08816,0.9,0.5232,0.65
720,2,0.45248,1.0,0.91824,0.15,0.15584,0.95,0.55552,0.675
721,,0.3848,0.95,0.88592,0.125,0.12352,0.9,0.48784,0.6
722,,0.31712,0.9,0.8536,0.1,0.0912,0.85,0.42016,0.525
723,,0.24944,0.85,0.82128,0.075,0.05888,0.8,0.35248,0.45
724,,0.18176,0.8,0.78896,0.05,0.02656,0.75,0.2848,0.375
725,,0.11408,0.75,0.75664,0.025,-0.00576,0.7,0.21712,0.3
726,5,0.1464,0.8,0.82432,0.1,1.0,0.75,0.24944,0.325
727,,0.07872,0.75,0.792,0.075,0.96768,0.7,0.18176,0.25
728,,0.01104,0.7,0.75968,0.05,0.93536,0.65,0.11408,0.175
729,,-0.05664,0.65,0.72736,0.025,0.90304,0.6,0.0464,0.1
730,1,1.0,0.7,0.79504,0.1,0.97072,0.65,0.07872,0.125
731,,0.93232,0.65,0.76272,0.075,0.9384,0.6,0.01104,0.05
732,,0.86464,0.6,0.7304,0.05,0.90608,0.55,-0.05664,-0.025
733,7,0.89696,0.65,0.79808,0.125,0.97376,0.6,1.0,0.0
734,,0.82928,0.6,0.76576,0.1,0.94144,0.55,0.93232,-0.075
735,8,0.8616,0.65,0.83344,0.175,1.0,0.6,0.96464,1.0
736,,0.79392,0.6,0.80112,0.15,0.96768,0.55,0.89696,0.925
737,,0.72624,0.55,0.7688,0.125,0.93536,0.5,0.82928,0.85
738,,0.65856,0.5,0.73648,0.1,0.90304,0.45,0.7616,0.775
739,,0.59088,0.45,0.70416,0.075,0.87072,0.4,0.69392,0.7
740,,0.5232,0.4,0.67184,0.05,0.8384,0.35,0.62624,0.625
741,,0.45552,0.35,0.63952,0.025,0.80608,0.3,0.55856,0.55
742,,0.38784,0.3,0.6072,0.0,0.77376,0.25,0.49088,0.475
743,,0.32016,0.25,0.57488,-0.025,0.74144,0.2,0.4232,0.4
744,4,0.35248,0.3,0.64256,1.0,0.80912,0.25,0.45552,0.425
745,,0.2848,0.25,0.61024,0.975,0.7768,0.2,0.38784,0.35
746,,0.21712,0.2,0.57792,0.95,0.74448,0.15,0.32016,0.275
747,,0.14944,0.15,0.5456,0.925,0.71216,0.1,0.25248,0.2
748,,0.08176,0.1,0.51328,0.9,0.67984,0.05,0.1848,0.125
749,,0.01408,0.05,0.48096,0.875,0.64752,0.0,0.11712,0.05
750,,-0.0536,0.0,0.44864,0.85,0.6152,-0.05,0.04944,-0.025
751,1,1.0,0.05,0.51632,0.925,0.68288,0.0,0.08176,0.0
752,,0.93232,0.0,0.484,0.9,0.65056,-0.05,0.01408,-0.075
753,8,0.96464,0.05,0.55168,0.975,0.71824,0.0,0.0464,1.0
754,,0.89696,0.0,0.51936,0.95,0.68592,-0.05,-0.02128,0.925
755,6,0.92928,0.05,0.58704,1.0,0.7536,1.0,0.01104,0.95
756,,0.8616,0.0,0.55472,0.975,0.72128,0.95,-0.05664,0.875
757,7,0.89392,0.05,0.6224,1.0,0.78896,1.0,1.0,0.9
758,,0.82624,0.0,0.59008,0.975,0.75664,0.95,0.93232,0.825
759,,0.75856,-0.05,0.55776,0.95,0.72432,0.9,0.86464,0.75
760,2,0.79088,1.0,0.62544,1.0,0.792,0.95,0.89696,0.775
761,,0.7232,0.95,0.59312,0.975,0.75968,0.9,0.82928,0.7
762,,0.65552,0.9,0.5608,0.95,0.72736,0.85,0.7616,0.625
763,,0.58784,0.85,0.52848,0.925,0.69504,0.8,0.69392,0.55
764,,0.52016,0.8,0.49616,0.9,0.66272,0.75,0.62624,0.475
765,,0.45248,0.75,0.46384,0.875,0.6304,0.7,0.55856,0.4
766,,0.3848,0.7,0.43152,0.85,0.59808,0.65,0.49088,0.325
767,,0.31712,0.65,0.3992,0.825,0.56576,0.6,0.4232,0.25
768,,0.24944,0.6,0.36688,0.8,0.53344,0.55,0.35552,0.175
769,,0.18176,0.55,0.33456,0.775,0.50112,0.5,0.28784,0.1
770,,0.11408,0.5,0.30224,0.75,0.4688,0.45,0.22016,0.025
771,,0.0464,0.45,0.26992,0.725,0.43648,0.4,0.15248,-0.05
772,8,0.07872,0.5,0.3376,0.8,0.50416,0.45,0.1848,1.0
773,,0.01104,0.45,0.30528,0.775,0.47184,0.4,0.11712,0.925
774,,-0.05664,0.4,0.27296,0.75,0.43952,0.35,0.04944,0.85
775,1,1.0,0.45,0.34064,0.825,0.5072,0.4,0.08176,0.875
776,,0.93232,0.4,0.30832,0.8,0.47488,0.35,0.01408,0.8
777,,0.86464,0.35,0.276,0.775,0.44256,0.3,-0.0536,0.725
778,7,0.89696,0.4,0.34368,0.85,0.51024,0.35,1.0,0.75
779,,0.82928,0.35,0.31136,0.825,0.47792,0.3,0.93232,0.675
780,,0.7616,0.3,0.27904,0.8,0.4456,0.25,0.86464,0.6
781,,0.69392,0.25,0.24672,0.775,0.41328,0.2,0.79696,0.525
782,,0.62624,0.2,0.2144,0.75,0.38096,0.15,0.72928,0.45
783,,0.55856,0.15,0.18208,0.725,0.34864,0.1,0.6616,0.375
784,,0.49088,0.1,0.14976,0.7,0.31632,0.05,0.59392,0.3
785,,0.4232,0.05,0.11744,0.675,0.284,0.0,0.52624,0.225
786,,0.35552,0.0,0.08512,0.65,0.25168,-0.05,0.45856,0.15
787,6,0.38784,0.05,0.1528,0.725,0.31936,1.0,0.49088,0.175
788,,0.32016,0.0,0.12048,0.7,0.28704,0.95,0.4232,0.1
789,,0.25248,-0.05,0.08816,0.675,0.25472,0.9,0.35552,0.025
790,2,0.2848,1.0,0.15584,0.75,0.3224,0.95,0.38784,0.05
791,,0.21712,0.95,0.12352,0.725,0.29008,0.9,0.32016,-0.025
792,8,0.24944,1.0,0.1912,0.8,0.35776,0.95,0.35248,1.0
793,,0.18176,0.95,0.15888,0.775,0.32544,0.9,0.2848,0.925
794,,0.11408,0.9,0.12656,0.75,0.29312,0.85,0.21712,0.85
795,,0.0464,0.85,0.09424,0.725,0.2608,0.8,0.14944,0.775
796,,-0.02128,0.8,0.06192,0.7,0.22848,0.75,0.08176,0.7
797,1,1.0,0.85,0.1296,0.775,0.29616,0.8,0.11408,0.725
798,,0.93232,0.8,0.09728,0.75,0.26384,0.75,0.0464,0.65
799,,0.86464,0.75,0.06496,0.725,0.23152,0.7,-0.02128,0.575
800,7,0.89696,0.8,0.13264,0.8,0.2992,0.75,1.0,0.6
801,,0.82928,0.75,0.10032,0.775,0.26688,0.7,0.93232,0.525
802,,0.7616,0.7,0.068,0.75,0.23456,0.65,0.86464,0.45
803,,0.69392,0.65,0.03568,0.725,0.20224,0.6,0.79696,0.375
804,,0.62624,0.6,0.00336,0.7,0.16992,0.55,0.72928,0.3
805,,0.55856,0.55,-0.02896,0.675,0.1376,0.5,0.6616,0.225
806,3,0.59088,0.6,1.0,0.75,0.20528,0.55,0.69392,0.25
807,,0.5232,0.55,0.96768,0.725,0.17296,0.5,0.62624,0.175
808,,0.45552,0.5,0.93536,0.7,0.14064,0.45,0.55856,0.1
809,,0.38784,0.45,0.90304,0.675,0.10832,0.4,0.49088,0.025
810,,0.32016,0.4,0.87072,0.65,0.076,0.35,0.4232,-0.05
811,8,0.35248,0.45,0.9384,0.725,0.14368,0.4,0.45552,1.0
812,,0.2848,0.4,0.90608,0.7,0.11136,0.35,0.38784,0.925
813,,0.21712,0.35,0.87376,0.675,0.07904,0.3,0.32016,0.85
814,,0.14944,0.3,0.84144,0.65,0.04672,0.25,0.25248,0.775
815,,0.08176,0.25,0.80912,0.625,0.0144,0.2,0.1848,0.7
816,,0.01408,0.2,0.7768,0.6,-0.01792,0.15,0.11712,0.625
817,5,0.0464,0.25,0.84448,0.675,1.0,0.2,0.14944,0.65
818,,-0.02128,0.2,0.81216,0.65,0.96768,0.15,0.08176,0.575
819,1,1.0,0.25,0.87984,0.725,1.0,0.2,0.11408,0.6
820,,0.93232,0.2,0.84752,0.7,0.96768,0.15,0.0464,0.525
821,,0.86464,0.15,0.8152,0.675,0.93536,0.1,-0.02128,0.45
822,7,0.89696,0.2,0.88288,0.75,1.0,0.15,1.0,0.475
823,,0.82928,0.15,0.85056,0.725,0.96768,0.1,0.93232,0.4
824,,0.7616,0.1,0.81824,0.7,0.93536,0.05,0.86464,0.325
825,,0.69392,0.05,0.78592,0.675,0.90304,0.0,0.79696,0.25
826,,0.62624,0.0,0.7536,0.65,0.87072,-0.05,0.72928,0.175
827,6,0.65856,0.05,0.82128,0.725,0.9384,1.0,0.7616,0.2
828,,0.59088,0.0,0.78896,0.7,0.90608,0.95,0.69392,0.125
829,,0.5232,-0.05,0.75664,0.675,0.87376,0.9,0.62624,0.05
830,2,0.55552,1.0,0.82432,0.75,0.94144,0.95,0.65856,0.075
831,,0.48784,0.95,0.792,0.725,0.90912,0.9,0.59088,-0.0
832,,0.42016,0.9,0.75968,0.7,0.8768,0.85,0.5232,-0.075
833,8,0.45248,0.95,0.82736,0.775,0.94448,0.9,0.55552,1.0
834,,0.3848,0.9,0.79504,0.75,0.91216,0.85,0.48784,0.925
835,,0.31712,0.85,0.76272,0.725,0.87984,0.8,0.42016,0.85
836,,0.24944,0.8,0.7304,0.7,0.84752,0.75,0.35248,0.775
837,,0.18176,0.75,0.69808,0.675,0.8152,0.7,0.2848,0.7
838,,0.11408,0.7,0.66576,0.65,0.78288,0.65,0.21712,0.625
839,,0.0464,0.65,0.63344,0.625,0.75056,0.6,0.14944,0.55
840,,-0.02128,0.6,0.60112,0.6,0.71824,0.55,0.08176,0.475
841,1,1.0,0.65,0.6688,0.675,0.78592,0.6,0.11408,0.5
842,,0.93232,0.6,0.63648,0.65,0.7536,0.55,0.0464,0.425
843,,0.86464,0.55,0.60416,0.625,0.72128,0.5,-0.02128,0.35
844,7,0.89696,0.6,0.67184,0.7,0.78896,0.55,1.0,0.375
845,,0.82928,0.55,0.63952,0.675,0.75664,0.5,0.93232,0.3
846,,0.7616,0.5,0.6072,0.65,0.72432,0.45,0.86464,0.225
847,,0.69392,0.45,0.57488,0.625,0.692,0.4,0.79696,0.15
848,,0.62624,0.4,0.54256,0.6,0.65968,0.35,0.72928,0.075
849,,0.55856,0.35,0.51024,0.575,0.62736,0.3,0.6616,-0.0
850,,0.49088,0.3,0.47792,0.55,0.59504,0.25,0.59392,-0.075
851,8,0.5232,0.35,0.5456,0.625,0.66272,0.3,0.62624,1.0
852,,0.45552,0.3,0.51328,0.6,0.6304,0.25,0.55856,0.925
853,,0.38784,0.25,0.48096,0.575,0.59808,0.2,0.49088,0.85
854,,0.32016,0.2,0.44864,0.55,0.56576,0.15,0.4232,0.775
855,,0.25248,0.15,0.41632,0.525,0.53344,0.1,0.35552,0.7
856,,0.1848,0.1,0.384,0.5,0.50112,0.05,0.28784,0.625
857,,0.11712,0.05,0.35168,0.475,0.4688,0.0,0.22016,0.55
858,,0.04944,0.0,0.31936,0.45,0.43648,-0.05,0.15248,0.475
859,6,0.08176,0.05,0.38704,0.525,0.50416,1.0,0.1848,0.5
860,,0.01408,0.0,0.35472,0.5,0.47184,0.95,0.11712,0.425
861,,-0.0536,-0.05,0.3224,0.475,0.43952,0.9,0.04944,0.35
862,1,1.0,0.0,0.39008,0.55,0.5072,0.95,0.08176,0.375
863,,0.93232,-0.05,0.35776,0.525,0.47488,0.9,0.01408,0.3
864,2,0.96464,1.0,0.42544,0.6,0.54256,0.95,0.0464,0.325
865,,0.89696,0.95,0.39312,0.575,0.51024,0.9,-0.02128,0.25
866,7,0.92928,1.0,0.4608,0.65,0.57792,0.95,1.0,0.275
867,,0.8616,0.95,0.42848,0.625,0.5456,0.9,0.93232,0.2
868,,0.79392,0.9,0.39616,0.6,0.51328,0.85,0.86464,0.125
869,,0.72624,0.85,0.36384,0.575,0.48096,0.8,0.79696,0.05
870,,0.65856,0.8,0.33152,0.55,0.44864,0.75,0.72928,-0.025
871,8,0.69088,0.85,0.3992,0.625,0.51632,0.8,0.7616,1.0
872,,0.6232,0.8,0.36688,0.6,0.484,0.75,0.69392,0.925
873,,0.55552,0.75,0.33456,0.575,0.45168,0.7,0.62624,0.85
874,,0.48784,0.7,0.30224,0.55,0.41936,0.65,0.55856,0.775
875,,0.42016,0.65,0.26992,0.525,0.38704,0.6,0.49088,0.7
876,,0.35248,0.6,0.2376,0.5,0.35472,0.55,0.4232,0.625
877,,0.2848,0.55,0.20528,0.475,0.3224,0.5,0.35552,0.55
878,,0.21712,0.5,0.17296,0.45,0.29008,0.45,0.28784,0.475
879,,0.14944,0.45,0.14064,0.425,0.25776,0.4,0.22016,0.4
880,,0.08176,0.4,0.10832,0.4,0.22544,0.35,0.15248,0.325
881,,0.01408,0.35,0.076,0.375,0.19312,0.3,0.0848,0.25
882,,-0.0536,0.3,0.04368,0.35,0.1608,0.25,0.01712,0.175
883,1,1.0,0.35,0.11136,0.425,0.22848,0.3,0.04944,0.2
884,,0.93232,0.3,0.07904,0.4,0.19616,0.25,-0.01824,0.125
885,7,0.96464,0.35,0.14672,0.475,0.26384,0.3,1.0,0.15
886,,0.89696,0.3,0.1144,0.45,0.23152,0.25,0.93232,0.075
887,,0.82928,0.25,0.08208,0.425,0.1992,0.2,0.86464,-0.0
888,,0.7616,0.2,0.04976,0.4,0.16688,0.15,0.79696,-0.075
889,8,0.79392,0.25,0.11744,0.475,0.23456,0.2,0.82928,1.0
890,,0.72624,0.2,0.08512,0.45,0.20224,0.15,0.7616,0.925
891,,0.65856,0.15,0.0528,0.425,0.16992,0.1,0.69392,0.85
892,,0.59088,0.1,0.02048,0.4,0.1376,0.05,0.62624,0.775
893,,0.5232,0.05,-0.01184,0.375,0.10528,0.0,0.55856,0.7
894,3,0.55552,0.1,1.0,0.45,0.17296,0.05,0.59088,0.725
895,,0.48784,0.05,0.96768,0.425,0.14064,0.0,0.5232,0.65
896,,0.42016,0.0,0.93536,0.4,0.10832,-0.05,0.45552,0.575
897,6,0.45248,0.05,1.0,0.475,0.176,1.0,0.48784,0.6
898,,0.3848,0.0,0.96768,0.45,0.14368,0.95,0.42016,0.525
899,,0.31712,-0.05,0.93536,0.425,0.11136,0.9,0.35248,0.45
900,2,0.34944,1.0,1.0,0.5,0.17904,0.95,0.3848,0.475
901,,0.28176,0.95,0.96768,0.475,0.14672,0.9,0.31712,0.4
902,,0.21408,0.9,0.93536,0.45,0.1144,0.85,0.24944,0.325
903,,0.1464,0.85,0.90304,0.425,0.08208,0.8,0.18176,0.25
904,,0.07872,0.8,0.87072,0.4,0.04976,0.75,0.11408,0.175
905,,0.01104,0.75,0.8384,0.375,0.01744,0.7,0.0464,0.1
906,,-0.05664,0.7,0.80608,0.35,-0.01488,0.65,-0.02128,0.025
907,1,1.0,0.75,0.87376,0.425,0.0528,0.7,0.01104,0.05
908,,0.93232,0.7,0.84144,0.4,0.02048,0.65,-0.05664,-0.025
909,7,0.96464,0.75,0.90912,0.475,0.08816,0.7,1.0,0.0
910,,0.89696,0.7,0.8768,0.45,0.05584,0.65,0.93232,-0.075
911,8,0.92928,0.75,0.94448,0.525,0.12352,0.7,0.96464,1.0
912,,0.8616,0.7,0.91216,0.5,0.0912,0.65,0.89696,0.925
913,,0.79392,0.65,0.87984,0.475,0.05888,0.6,0.82928,0.85
914,,0.72624,0.6,0.84752,0.45,0.02656,0.55,0.7616,0.775
915,,0.65856,0.55,0.8152,0.425,-0.00576,0.5,0.69392,0.7
916,5,0.69088,0.6,0.88288,0.5,1.0,0.55,0.72624,0.725
917,,0.6232,0.55,0.85056,0.475,0.96768,0.5,0.65856,0.65
918,,0.55552,0.5,0.81824,0.45,0.93536,0.45,0.59088,0.575
919,,0.48784,0.45,0.78592,0.425,0.90304,0.4,0.5232,0.5
920,,0.42016,0.4,0.7536,0.4,0.87072,0.35,0.45552,0.425
921,,0.35248,0.35,0.72128,0.375,0.8384,0.3,0.38784,0.35
922,,0.2848,0.3,0.68896,0.35,0.80608,0.25,0.32016,0.275
923,,0.21712,0.25,0.65664,0.325,0.77376,0.2,0.25248,0.2
924,,0.14944,0.2,0.62432,0.3,0.74144,0.15,0.1848,0.125
925,,0.08176,0.15,0.592,0.275,0.70912,0.1,0.11712,0.05
926,,0.01408,0.1,0.55968,0.25,0.6768,0.05,0.04944,-0.025
927,8,0.0464,0.15,0.62736,0.325,0.74448,0.1,0.08176,1.0
928,,-0.02128,0.1,0.59504,0.3,0.71216,0.05,0.01408,0.925
929,1,1.0,0.15,0.66272,0.375,0.77984,0.1,0.0464,0.95
930,,0.93232,0.1,0.6304,0.35,0.74752,0.05,-0.02128,0.875
931,7,0.96464,0.15,0.69808,0.425,0.8152,0.1,1.0,0.9
932,,0.89696,0.1,0.66576,0.4,0.78288,0.05,0.93232,0.825
933,,0.82928,0.05,0.63344,0.375,0.75056,0.0,0.86464,0.75
934,,0.7616,0.0,0.60112,0.35,0.71824,-0.05,0.79696,0.675
935,6,0.79392,0.05,0.6688,0.425,0.78592,1.0,0.82928,0.7
936,,0.72624,0.0,0.63648,0.4,0.7536,0.95,0.7616,0.625
937,,0.65856,-0.05,0.60416,0.375,0.72128,0.9,0.69392,0.55
938,2,0.69088,1.0,0.67184,0.45,0.78896,0.95,0.72624,0.575
939,,0.6232,0.95,0.63952,0.425,0.75664,0.9,0.65856,0.5
940,,0.55552,0.9,0.6072,0.4,0.72432,0.85,0.59088,0.425
941,,0.48784,0.85,0.57488,0.375,0.692,0.8,0.5232,0.35
942,,0.42016,0.8,0.54256,0.35,0.65968,0.75,0.45552,0.275
943,,0.35248,0.75,0.51024,0.325,0.62736,0.7,0.38784,0.2
944,,0.2848,0.7,0.47792,0.3,0.59504,0.65,0.32016,0.125
945,,0.21712,0.65,0.4456,0.275,0.56272,0.6,0.25248,0.05
946,,0.14944,0.6,0.41328,0.25,0.5304,0.55,0.1848,-0.025
947,8,0.18176,0.65,0.48096,0.325,0.59808,0.6,0.21712,1.0
948,,0.11408,0.6,0.44864,0.3,0.56576,0.55,0.14944,0.925
949,,0.0464,0.55,0.41632,0.275,0.53344,0.5,0.08176,0.85
950,,-0.02128,0.5,0.384,0.25,0.50112,0.45,0.01408,0.775
951,1,1.0,0.55,0.45168,0.325,0.5688,0.5,0.0464,0.8
952,,0.93232,0.5,0.41936,0.3,0.53648,0.45,-0.02128,0.725
953,7,0.96464,0.55,0.48704,0.375,0.60416,0.5,1.0,0.75
954,,0.89696,0.5,0.45472,0.35,0.57184,0.45,0.93232,0.675
955,,0.82928,0.45,0.4224,0.325,0.53952,0.4,0.86464,0.6
956,,0.7616,0.4,0.39008,0.3,0.5072,0.35,0.79696,0.525
957,,0.69392,0.35,0.35776,0.275,0.47488,0.3,0.72928,0.45
958,,0.62624,0.3,0.32544,0.25,0.44256,0.25,0.6616,0.375
959,,0.55856,0.25,0.29312,0.225,0.41024,0.2,0.59392,0.3
960,,0.49088,0.2,0.2608,0.2,0.37792,0.15,0.52624,0.225
961,,0.4232,0.15,0.22848,0.175,0.3456,0.1,0.45856,0.15
962,,0.35552,0.1,0.19616,0.15,0.31328,0.05,0.39088,0.075
963,,0.28784,0.05,0.16384,0.125,0.28096,0.0,0.3232,-0.0
964,,0.22016,0.0,0.13152,0.1,0.24864,-0.05,0.25552,-0.075
965,8,0.25248,0.05,0.1992,0.175,0.31632,0.0,0.28784,1.0
966,,0.1848,0.0,0.16688,0.15,0.284,-0.05,0.22016,0.925
967,6,0.21712,0.05,0.23456,0.225,0.35168,1.0,0.25248,0.95
968,,0.14944,0.0,0.20224,0.2,0.31936,0.95,0.1848,0.875
969,,0.08176,-0.05,0.16992,0.175,0.28704,0.9,0.11712,0.8
970,2,0.11408,1.0,0.2376,0.25,0.35472,0.95,0.14944,0.825
971,,0.0464,0.95,0.20528,0.225,0.3224,0.9,0.08176,0.75
972,,-0.02128,0.9,0.17296,0.2,0.29008,0.85,0.01408,0.675
973,1,1.0,0.95,0.24064,0.275,0.35776,0.9,0.0464,0.7
974,,0.93232,0.9,0.20832,0.25,0.32544,0.85,-0.02128,0.625
975,7,0.96464,0.95,0.276,0.325,0.39312,0.9,1.0,0.65
976,,0.89696,0.9,0.24368,0.3,0.3608,0.85,0.93232,0.575
977,,0.82928,0.85,0.21136,0.275,0.32848,0.8,0.86464,0.5
978,,0.7616,0.8,0.17904,0.25,0.29616,0.75,0.79696,0.425
979,,0.69392,0.75,0.14672,0.225,0.26384,0.7,0.72928,0.35
980,,0.62624,0.7,0.1144,0.2,0.23152,0.65,0.6616,0.275
981,,0.55856,0.65,0.08208,0.175,0.1992,0.6,0.59392,0.2
982,,0.49088,0.6,0.04976,0.15,0.16688,0.55,0.52624,0.125
983,,0.4232,0.55,0.01744,0.125,0.13456,0.5,0.45856,0.05
984,,0.35552,0.5,-0.01488,0.1,0.10224,0.45,0.39088,-0.025
985,8,0.38784,0.55,0.0528,0.175,0.16992,0.5,0.4232,1.0
986,,0.32016,0.5,0.02048,0.15,0.1376,0.45,0.35552,0.925
987,,0.25248,0.45,-0.01184,0.125,0.10528,0.4,0.28784,0.85
988,3,0.2848,0.5,1.0,0.2,0.17296,0.45,0.32016,0.875
989,,0.21712,0.45,0.96768,0.175,0.14064,0.4,0.25248,0.8
990,,0.14944,0.4,0.93536,0.15,0.10832,0.35,0.1848,0.725
991,,0.08176,0.35,0.90304,0.125,0.076,0.3,0.11712,0.65
992,,0.01408,0.3,0.87072,0.1,0.04368,0.25,0.04944,0.575
993,,-0.0536,0.25,0.8384,0.075,0.01136,0.2,-0.01824,0.5
994,1,1.0,0.3,0.90608,0.15,0.07904,0.25,0.01408,0.525
995,,0.93232,0.25,0.87376,0.125,0.04672,0.2,-0.0536,0.45
996,7,0.96464,0.3,0.94144,0.2,0.1144,0.25,1.0,0.475
997,,0.89696,0.25,0.90912,0.175,0.08208,0.2,0.93232,0.4
998,,0.82928,0.2,0.8768,0.15,0.04976,0.15,0.86464,0.325
999,,0.7616,0.15,0.84448,0.125,0.01744,0.1,0.79696,0.25
1000,,0.69392,0.1,0.81216,0.1,-0.01488,0.05,0.72928,0.175
1001,5,0.72624,0.15,0.87984,0.175,1.0,0.1,0.7616,0.2
1002,,0.65856,0.1,0.84752,0.15,0.96768,0.05,0.69392,0.125
1003,,0.59088,0.05,0.8152,0.125,0.93536,0.0,0.62624,0.05
1004,,0.5232,0.0,0.78288,0.1,0.90304,-0.05,0.55856,-0.025
1005,6,0.55552,0.05,0.85056,0.175,0.97072,1.0,0.59088,0.0
1006,,0.48784,0.0,0.81824,0.15,0.9384,0.95,0.5232,-0.075
1007,8,0.52016,0.05,0.88592,0.225,1.0,1.0,0.55552,1.0
1008,,0.45248,0.0,0.8536,0.2,0.96768,0.95,0.48784,0.925
1009,,0.3848,-0.05,0.82128,0.175,0.93536,0.9,0.42016,0.85
1010,2,0.41712,1.0,0.88896,0.25,1.0,0.95,0.45248,0.875
1011,,0.34944,0.95,0.85664,0.225,0.96768,0.9,0.3848,0.8
1012,,0.28176,0.9,0.82432,0.2,0.93536,0.85,0.31712,0.725
1013,,0.21408,0.85,0.792,0.175,0.90304,0.8,0.24944,0.65
1014,,0.1464,0.8,0.75968,0.15,0.87072,0.75,0.18176,0.575
1015,,0.07872,0.75,0.72736,0.125,0.8384,0.7,0.11408,0.5
1016,,0.01104,0.7,0.69504,0.1,0.80608,0.65,0.0464,0.425
1017,,-0.05664,0.65,0.66272,0.075,0.77376,0.6,-0.02128,0.35
1018,1,1.0,0.7,0.7304,0.15,0.84144,0.65,0.01104,0.375
1019,,0.93232,0.65,0.69808,0.125,0.80912,0.6,-0.05664,0.3
1020,7,0.96464,0.7,0.76576,0.2,0.8768,0.65,1.0,0.325
1021,,0.89696,0.65,0.73344,0.175,0.84448,0.6,0.93232,0.25
1022,,0.82928,0.6,0.70112,0.15,0.81216,0.55,0.86464,0.175
1023,,0.7616,0.55,0.6688,0.125,0.77984,0.5,0.79696,0.1
1024,,0.69392,0.5,0.63648,0.1,0.74752,0.45,0.72928,0.025
1025,,0.62624,0.45,0.60416,0.075,0.7152,0.4,0.6616,-0.05
1026,8,0.65856,0.5,0.67184,0.15,0.78288,0.45,0.69392,1.0
1027,,0.59088,0.45,0.63952,0.125,0.75056,0.4,0.62624,0.925
1028,,0.5232,0.4,0.6072,0.1,0.71824,0.35,0.55856,0.85
1029,,0.45552,0.35,0.57488,0.075,0.68592,0.3,0.49088,0.775
1030,,0.38784,0.3,0.54256,0.05,0.6536,0.25,0.4232,0.7
1031,,0.32016,0.25,0.51024,0.025,0.62128,0.2,0.35552,0.625
1032,,0.25248,0.2,0.47792,0.0,0.58896,0.15,0.28784,0.55
1033,,0.1848,0.15,0.4456,-0.025,0.55664,0.1,0.22016,0.475
1034,4,0.21712,0.2,0.51328,1.0,0.62432,0.15,0.25248,0.5
1035,,0.14944,0.15,0.48096,0.975,0.592,0.1,0.1848,0.425
1036,,0.08176,0.1,0.44864,0.95,0.55968,0.05,0.11712,0.35
1037,,0.01408,0.05,0.41632,0.925,0.52736,0.0,0.04944,0.275
1038,,-0.0536,0.0,0.384,0.9,0.49504,-0.05,-0.01824,0.2
1039,1,1.0,0.05,0.45168,0.975,0.56272,0.0,0.01408,0.225
1040,,0.93232,0.0,0.41936,0.95,0.5304,-0.05,-0.0536,0.15
1041,7,0.96464,0.05,0.48704,1.0,0.59808,0.0,1.0,0.175
1042,,0.89696,0.0,0.45472,0.975,0.56576,-0.05,0.93232,0.1
1043,6,0.92928,0.05,0.5224,1.0,0.63344,1.0,0.96464,0.125
1044,,0.8616,0.0,0.49008,0.975,0.60112,0.95,0.89696,0.05
1045,,0.79392,-0.05,0.45776,0.95,0.5688,0.9,0.82928,-0.025
1046,2,0.82624,1.0,0.52544,1.0,0.63648,0.95,0.8616,0.0
1047,,0.75856,0.95,0.49312,0.975,0.60416,0.9,0.79392,-0.075
1048,8,0.79088,1.0,0.5608,1.0,0.67184,0.95,0.82624,1.0
1049,,0.7232,0.95,0.52848,0.975,0.63952,0.9,0.75856,0.925
1050,,0.65552,0.9,0.49616,0.95,0.6072,0.85,0.69088,0.85
1051,,0.58784,0.85,0.46384,0.925,0.57488,0.8,0.6232,0.775
1052,,0.52016,0.8,0.43152,0.9,0.54256,0.75,0.55552,0.7
1053,,0.45248,0.75,0.3992,0.875,0.51024,0.7,0.48784,0.625
1054,,0.3848,0.7,0.36688,0.85,0.47792,0.65,0.42016,0.55
1055,,0.31712,0.65,0.33456,0.825,0.4456,0.6,0.35248,0.475
1056,,0.24944,0.6,0.30224,0.8,0.41328,0.55,0.2848,0.4
1057,,0.18176,0.55,0.26992,0.775,0.38096,0.5,0.21712,0.325
1058,,0.11408,0.5,0.2376,0.75,0.34864,0.45,0.14944,0.25
1059,,0.0464,0.45,0.20528,0.725,0.31632,0.4,0.08176,0.175
1060,,-0.02128,0.4,0.17296,0.7,0.284,0.35,0.01408,0.1
1061,1,1.0,0.45,0.24064,0.775,0.35168,0.4,0.0464,0.125
1062,,0.93232,0.4,0.20832,0.75,0.31936,0.35,-0.02128,0.05
1063,7,0.96464,0.45,0.276,0.825,0.38704,0.4,1.0,0.075
1064,,0.89696,0.4,0.24368,0.8,0.35472,0.35,0.93232,-0.0
1065,,0.82928,0.35,0.21136,0.775,0.3224,0.3,0.86464,-0.075
1066,8,0.8616,0.4,0.27904,0.85,0.39008,0.35,0.89696,1.0
1067,,0.79392,0.35,0.24672,0.825,0.35776,0.3,0.82928,0.925
1068,,0.72624,0.3,0.2144,0.8,0.32544,0.25,0.7616,0.85
1069,,0.65856,0.25,0.18208,0.775,0.29312,0.2,0.69392,0.775
1070,,0.59088,0.2,0.14976,0.75,0.2608,0.15,0.62624,0.7
1071,,0.5232,0.15,0.11744,0.725,0.22848,0.1,0.55856,0.625
1072,,0.45552,0.1,0.08512,0.7,0.19616,0.05,0.49088,0.55
1073,,0.38784,0.05,0.0528,0.675,0.16384,0.0,0.4232,0.475
1074,,0.32016,0.0,0.02048,0.65,0.13152,-0.05,0.35552,0.4
1075,6,0.35248,0.05,0.08816,0.725,0.1992,1.0,0.38784,0.425
1076,,0.2848,0.0,0.05584,0.7,0.16688,0.95,0.32016,0.35
1077,,0.21712,-0.05,0.02352,0.675,0.13456,0.9,0.25248,0.275
1078,2,0.24944,1.0,0.0912,0.75,0.20224,0.95,0.2848,0.3
1079,,0.18176,0.95,0.05888,0.725,0.16992,0.9,0.21712,0.225
1080,,0.11408,0.9,0.02656,0.7,0.1376,0.85,0.14944,0.15
1081,,0.0464,0.85,-0.00576,0.675,0.10528,0.8,0.08176,0.075
1082,3,0.07872,0.9,1.0,0.75,0.17296,0.85,0.11408,0.1
1083,,0.01104,0.85,0.96768,0.725,0.14064,0.8,0.0464,0.025
1084,,-0.05664,0.8,0.93536,0.7,0.10832,0.75,-0.02128,-0.05
1085,1,1.0,0.85,1.0,0.775,0.176,0.8,0.01104,-0.025
1086,8,1.0,0.9,1.0,0.85,0.24368,0.85,0.04336,1.0
1087,,0.93232,0.85,0.96768,0.825,0.21136,0.8,-0.02432,0.925
1088,7,0.96464,0.9,1.0,0.9,0.27904,0.85,1.0,0.95
1089,,0.89696,0.85,0.96768,0.875,0.24672,0.8,0.93232,0.875
1090,,0.82928,0.8,0.93536,0.85,0.2144,0.75,0.86464,0.8
1091,,0.7616,0.75,0.90304,0.825,0.18208,0.7,0.79696,0.725
1092,,0.69392,0.7,0.87072,0.8,0.14976,0.65,0.72928,0.65
1093,,0.62624,0.65,0.8384,0.775,0.11744,0.6,0.6616,0.575
1094,,0.55856,0.6,0.80608,0.75,0.08512,0.55,0.59392,0.5
1095,,0.49088,0.55,0.77376,0.725,0.0528,0.5,0.52624,0.425
1096,,0.4232,0.5,0.74144,0.7,0.02048,0.45,0.45856,0.35
1097,,0.35552,0.45,0.70912,0.675,-0.01184,0.4,0.39088,0.275
1098,5,0.38784,0.5,0.7768,0.75,1.0,0.45,0.4232,0.3
1099,,0.32016,0.45,0.74448,0.725,0.96768,0.4,0.35552,0.225
1100,,0.25248,0.4,0.71216,0.7,0.93536,0.35,0.28784,0.15
1101,,0.1848,0.35,0.67984,0.675,0.90304,0.3,0.22016,0.075
1102,,0.11712,0.3,0.64752,0.65,0.87072,0.25,0.15248,-0.0
1103,,0.04944,0.25,0.6152,0.625,0.8384,0.2,0.0848,-0.075
1104,8,0.08176,0.3,0.68288,0.7,0.90608,0.25,0.11712,1.0
1105,,0.01408,0.25,0.65056,0.675,0.87376,0.2,0.04944,0.925
1106,,-0.0536,0.2,0.61824,0.65,0.84144,0.15,-0.01824,0.85
1107,1,1.0,0.25,0.68592,0.725,0.90912,0.2,0.01408,0.875
1108,,0.93232,0.2,0.6536,0.7,0.8768,0.15,-0.0536,0.8
1109,7,0.96464,0.25,0.72128,0.775,0.94448,0.2,1.0,0.825
1110,,0.89696,0.2,0.68896,0.75,0.91216,0.15,0.93232,0.75
1111,,0.82928,0.15,0.65664,0.725,0.87984,0.1,0.86464,0.675
1112,,0.7616,0.1,0.62432,0.7,0.84752,0.05,0.79696,0.6
1113,,0.69392,0.05,0.592,0.675,0.8152,0.0,0.72928,0.525
1114,,0.62624,0.0,0.55968,0.65,0.78288,-0.05,0.6616,0.45
1115,6,0.65856,0.05,0.62736,0.725,0.85056,1.0,0.69392,0.475
1116,,0.59088,0.0,0.59504,0.7,0.81824,0.95,0.62624,0.4
1117,,0.5232,-0.05,0.56272,0.675,0.78592,0.9,0.55856,0.325
1118,2,0.55552,1.0,0.6304,0.75,0.8536,0.95,0.59088,0.35
1119,,0.48784,0.95,0.59808,0.725,0.82128,0.9,0.5232,0.275
1120,,0.42016,0.9,0.56576,0.7,0.78896,0.85,0.45552,0.2
1121,,0.35248,0.85,0.53344,0.675,0.75664,0.8,0.38784,0.125
1122,,0.2848,0.8,0.50112,0.65,0.72432,0.75,0.32016,0.05
1123,,0.21712,0.75,0.4688,0.625,0.692,0.7,0.25248,-0.025
1124,8,0.24944,0.8,0.53648,0.7,0.75968,0.75,0.2848,1.0
1125,,0.18176,0.75,0.50416,0.675,0.72736,0.7,0.21712,0.925
1126,,0.11408,0.7,0.47184,0.65,0.69504,0.65,0.14944,0.85
1127,,0.0464,0.65,0.43952,0.625,0.66272,0.6,0.08176,0.775
1128,,-0.02128,0.6,0.4072,0.6,0.6304,0.55,0.01408,0.7
1129,1,1.0,0.65,0.47488,0.675,0.69808,0.6,0.0464,0.725
1130,,0.93232,0.6,0.44256,0.65,0.66576,0.55,-0.02128,0.65
1131,7,0.96464,0.65,0.51024,0.725,0.73344,0.6,1.0,0.675
1132,,0.89696,0.6,0.47792,0.7,0.70112,0.55,0.93232,0.6
1133,,0.82928,0.55,0.4456,0.675,0.6688,0.5,0.86464,0.525
1134,,0.7616,0.5,0.41328,0.65,0.63648,0.45,0.79696,0.45
1135,,0.69392,0.45,0.38096,0.625,0.60416,0.4,0.72928,0.375
1136,,0.62624,0.4,0.34864,0.6,0.57184,0.35,0.6616,0.3
1137,,0.55856,0.35,0.31632,0.575,0.53952,0.3,0.59392,0.225
1138,,0.49088,0.3,0.284,0.55,0.5072,0.25,0.52624,0.15
1139,,0.4232,0.25,0.25168,0.525,0.47488,0.2,0.45856,0.075
1140,,0.35552,0.2,0.21936,0.5,0.44256,0.15,0.39088,-0.0
1141,,0.28784,0.15,0.18704,0.475,0.41024,0.1,0.3232,-0.075
1142,8,0.32016,0.2,0.25472,0.55,0.47792,0.15,0.35552,1.0
1143,,0.25248,0.15,0.2224,0.525,0.4456,0.1,0.28784,0.925
1144,,0.1848,0.1,0.19008,0.5,0.41328,0.05,0.22016,0.85
1145,,0.11712,0.05,0.15776,0.475,0.38096,0.0,0.15248,0.775
1146,,0.04944,0.0,0.12544,0.45,0.34864,-0.05,0.0848,0.7
1147,6,0.08176,0.05,0.19312,0.525,0.41632,1.0,0.11712,0.725
1148,,0.01408,0.0,0.1608,0.5,0.384,0.95,0.04944,0.65
1149,,-0.0536,-0.05,0.12848,0.475,0.35168,0.9,-0.01824,0.575
1150,1,1.0,0.0,0.19616,0.55,0.41936,0.95,0.01408,0.6
1151,,0.93232,-0.05,0.16384,0.525,0.38704,0.9,-0.0536,0.525
1152,7,0.96464,0.0,0.23152,0.6,0.45472,0.95,1.0,0.55
1153,,0.89696,-0.05,0.1992,0.575,0.4224,0.9,0.93232,0.475
1154,2,0.92928,1.0,0.26688,0.65,0.49008,0.95,0.96464,0.5
1155,,0.8616,0.95,0.23456,0.625,0.45776,0.9,0.89696,0.425
1156,,0.79392,0.9,0.20224,0.6,0.42544,0.85,0.82928,0.35
1157,,0.72624,0.85,0.16992,0.575,0.39312,0.8,0.7616,0.275
1158,,0.65856,0.8,0.1376,0.55,0.3608,0.75,0.69392,0.2
1159,,0.59088,0.75,0.10528,0.525,0.32848,0.7,0.62624,0.125
1160,,0.5232,0.7,0.07296,0.5,0.29616,0.65,0.55856,0.05
1161,,0.45552,0.65,0.04064,0.475,0.26384,0.6,0.49088,-0.025
1162,8,0.48784,0.7,0.10832,0.55,0.33152,0.65,0.5232,1.0
1163,,0.42016,0.65,0.076,0.525,0.2992,0.6,0.45552,0.925
1164,,0.35248,0.6,0.04368,0.5,0.26688,0.55,0.38784,0.85
1165,,0.2848,0.55,0.01136,0.475,0.23456,0.5,0.32016,0.775
1166,,0.21712,0.5,-0.02096,0.45,0.20224,0.45,0.25248,0.7
1167,3,0.24944,0.55,1.0,0.525,0.26992,0.5,0.2848,0.725
1168,,0.18176,0.5,0.96768,0.5,0.2376,0.45,0.21712,0.65
1169,,0.11408,0.45,0.93536,0.475,0.20528,0.4,0.14944,0.575
1170,,0.0464,0.4,0.90304,0.45,0.17296,0.35,0.08176,0.5
1171,,-0.02128,0.35,0.87072,0.425,0.14064,0.3,0.01408,0.425
1172,1,1.0,0.4,0.9384,0.5,0.20832,0.35,0.0464,0.45
1173,,0.93232,0.35,0.90608,0.475,0.176,0.3,-0.02128,0.375
1174,7,0.96464,0.4,0.97376,0.55,0.24368,0.35,1.0,0.4
1175,,0.89696,0.35,0.94144,0.525,0.21136,0.3,0.93232,0.325
1176,,0.82928,0.3,0.90912,0.5,0.17904,0.25,0.86464,0.25
1177,,0.7616,0.25,0.8768,0.475,0.14672,0.2,0.79696,0.175
1178,,0.69392,0.2,0.84448,0.45,0.1144,0.15,0.72928,0.1
1179,,0.62624,0.15,0.81216,0.425,0.08208,0.1,0.6616,0.025
1180,,0.55856,0.1,0.77984,0.4,0.04976,0.05,0.59392,-0.05
1181,8,0.59088,0.15,0.84752,0.475,0.11744,0.1,0.62624,1.0
1182,,0.5232,0.1,0.8152,0.45,0.08512,0.05,0.55856,0.925
1183,,0.45552,0.05,0.78288,0.425,0.0528,0.0,0.49088,0.85
1184,,0.38784,0.0,0.75056,0.4,0.02048,-0.05,0.4232,0.775
1185,6,0.42016,0.05,0.81824,0.475,0.08816,1.0,0.45552,0.8
1186,,0.35248,0.0,0.78592,0.45,0.05584,0.95,0.38784,0.725
1187,,0.2848,-0.05,0.7536,0.425,0.02352,0.9,0.32016,0.65
1188,2,0.31712,1.0,0.82128,0.5,0.0912,0.95,0.35248,0.675
1189,,0.24944,0.95,0.78896,0.475,0.05888,0.9,0.2848,0.6
1190,,0.18176,0.9,0.75664,0.45,0.02656,0.85,0.21712,0.525
1191,,0.11408,0.85,0.72432,0.425,-0.00576,0.8,0.14944,0.45
1192,5,0.1464,0.9,0.792,0.5,1.0,0.85,0.18176,0.475
1193,,0.07872,0.85,0.75968,0.475,0.96768,0.8,0.11408,0.4
1194,,0.01104,0.8,0.72736,0.45,0.93536,0.75,0.0464,0.325
1195,,-0.05664,0.75,0.69504,0.425,0.90304,0.7,-0.02128,0.25
1196,1,1.0,0.8,0.76272,0.5,0.97072,0.75,0.01104,0.275
1197,,0.93232,0.75,0.7304,0.475,0.9384,0.7,-0.05664,0.2
1198,7,0.96464,0.8,0.79808,0.55,1.0,0.75,1.0,0.225
1199,,0.89696,0.75,0.76576,0.525,0.96768,0.7,0.93232,0.15
1200,,0.82928,0.7,0.73344,0.5,0.93536,0.65,0.86464,0.075
1201,,0.7616,0.65,0.70112,0.475,0.90304,0.6,0.79696,-0.0
1202,,0.69392,0.6,0.6688,0.45,0.87072,0.55,0.72928,-0.075
1203,8,0.72624,0.65,0.73648,0.525,0.9384,0.6,0.7616,1.0
1204,,0.65856,0.6,0.70416,0.5,0.90608,0.55,0.69392,0.925
1205,,0.59088,0.55,0.67184,0.475,0.87376,0.5,0.62624,0.85
1206,,0.5232,0.5,0.63952,0.45,0.84144,0.45,0.55856,0.775
1207,,0.45552,0.45,0.6072,0.425,0.80912,0.4,0.49088,0.7
1208,,0.38784,0.4,0.57488,0.4,0.7768,0.35,0.4232,0.625
1209,,0.32016,0.35,0.54256,0.375,0.74448,0.3,0.35552,0.55
1210,,0.25248,0.3,0.51024,0.35,0.71216,0.25,0.28784,0.475
1211,,0.1848,0.25,0.47792,0.325,0.67984,0.2,0.22016,0.4
1212,,0.11712,0.2,0.4456,0.3,0.64752,0.15,0.15248,0.325
1213,,0.04944,0.15,0.41328,0.275,0.6152,0.1,0.0848,0.25
1214,,-0.01824,0.1,0.38096,0.25,0.58288,0.05,0.01712,0.175
1215,1,1.0,0.15,0.44864,0.325,0.65056,0.1,0.04944,0.2
1216,,0.93232,0.1,0.41632,0.3,0.61824,0.05,-0.01824,0.125
1217,7,0.96464,0.15,0.484,0.375,0.68592,0.1,1.0,0.15
1218,,0.89696,0.1,0.45168,0.35,0.6536,0.05,0.93232,0.075
1219,,0.82928,0.05,0.41936,0.325,0.62128,0.0,0.86464,-0.0
1220,,0.7616,0.0,0.38704,0.3,0.58896,-0.05,0.79696,-0.075
1221,8,0.79392,0.05,0.45472,0.375,0.65664,0.0,0.82928,1.0
1222,,0.72624,0.0,0.4224,0.35,0.62432,-0.05,0.7616,0.925
1223,6,0.75856,0.05,0.49008,0.425,0.692,1.0,0.79392,0.95
1224,,0.69088,0.0,0.45776,0.4,0.65968,0.95,0.72624,0.875
1225,,0.6232,-0.05,0.42544,0.375,0.62736,0.9,0.65856,0.8
1226,2,0.65552,1.0,0.49312,0.45,0.69504,0.95,0.69088,0.825
1227,,0.58784,0.95,0.4608,0.425,0.66272,0.9,0.6232,0.75
1228,,0.52016,0.9,0.42848,0.4,0.6304,0.85,0.55552,0.675
1229,,0.45248,0.85,0.39616,0.375,0.59808,0.8,0.48784,0.6
1230,,0.3848,0.8,0.36384,0.35,0.56576,0.75,0.42016,0.525
1231,,0.31712,0.75,0.33152,0.325,0.53344,0.7,0.35248,0.45
1232,,0.24944,0.7,0.2992,0.3,0.50112,0.65,0.2848,0.375
1233,,0.18176,0.65,0.26688,0.275,0.4688,0.6,0.21712,0.3
1234,,0.11408,0.6,0.23456,0.25,0.43648,0.55,0.14944,0.225
1235,,0.0464,0.55,0.20224,0.225,0.40416,0.5,0.08176,0.15
1236,,-0.02128,0.5,0.16992,0.2,0.37184,0.45,0.01408,0.075
1237,1,1.0,0.55,0.2376,0.275,0.43952,0.5,0.0464,0.1
1238,,0.93232,0.5,0.20528,0.25,0.4072,0.45,-0.02128,0.025
1239,7,0.96464,0.55,0.27296,0.325,0.47488,0.5,1.0,0.05
1240,,0.89696,0.5,0.24064,0.3,0.44256,0.45,0.93232,-0.025
1241,8,0.92928,0.55,0.30832,0.375,0.51024,0.5,0.96464,1.0
1242,,0.8616,0.5,0.276,0.35,0.47792,0.45,0.89696,0.925
1243,,0.79392,0.45,0.24368,0.325,0.4456,0.4,0.82928,0.85
1244,,0.72624,0.4,0.21136,0.3,0.41328,0.35,0.7616,0.775
1245,,0.65856,0.35,0.17904,0.275,0.38096,0.3,0.69392,0.7
1246,,0.59088,0.3,0.14672,0.25,0.34864,0.25,0.62624,0.625
1247,,0.5232,0.25,0.1144,0.225,0.31632,0.2,0.55856,0.55
1248,,0.45552,0.2,0.08208,0.2,0.284,0.15,0.49088,0.475
1249,,0.38784,0.15,0.04976,0.175,0.25168,0.1,0.4232,0.4
1250,,0.32016,0.1,0.01744,0.15,0.21936,0.05,0.35552,0.325
1251,,0.25248,0.05,-0.01488,0.125,0.18704,0.0,0.28784,0.25
1252,3,0.2848,0.1,1.0,0.2,0.25472,0.05,0.32016,0.275
1253,,0.21712,0.05,0.96768,0.175,0.2224,0.0,0.25248,0.2
1254,,0.14944,0.0,0.93536,0.15,0.19008,-0.05,0.1848,0.125
1255,6,0.18176,0.05,1.0,0.225,0.25776,1.0,0.21712,0.15
1256,,0.11408,0.0,0.96768,0.2,0.22544,0.95,0.14944,0.075
1257,,0.0464,-0.05,0.93536,0.175,0.19312,0.9,0.08176,-0.0
1258,2,0.07872,1.0,1.0,0.25,0.2608,0.95,0.11408,0.025
1259,,0.01104,0.95,0.96768,0.225,0.22848,0.9,0.0464,-0.05
1260,8,0.04336,1.0,1.0,0.3,0.29616,0.95,0.07872,1.0
1261,,-0.02432,0.95,0.96768,0.275,0.26384,0.9,0.01104,0.925
1262,1,1.0,1.0,1.0,0.35,0.33152,0.95,0.04336,0.95
1263,,0.93232,0.95,0.96768,0.325,0.2992,0.9,-0.02432,0.875
1264,7,0.96464,1.0,1.0,0.4,0.36688,0.95,1.0,0.9
1265,,0.89696,0.95,0.96768,0.375,0.33456,0.9,0.93232,0.825
1266,,0.82928,0.9,0.93536,0.35,0.30224,0.85,0.86464,0.75
1267,,0.7616,0.85,0.90304,0.325,0.26992,0.8,0.79696,0.675
1268,,0.69392,0.8,0.87072,0.3,0.2376,0.75,0.72928,0.6
1269,,0.62624,0.75,0.8384,0.275,0.20528,0.7,0.6616,0.525
1270,,0.55856,0.7,0.80608,0.25,0.17296,0.65,0.59392,0.45
1271,,0.49088,0.65,0.77376,0.225,0.14064,0.6,0.52624,0.375
1272,,0.4232,0.6,0.74144,0.2,0.10832,0.55,0.45856,0.3
1273,,0.35552,0.55,0.70912,0.175,0.076,0.5,0.39088,0.225
1274,,0.28784,0.5,0.6768,0.15,0.04368,0.45,0.3232,0.15
1275,,0.22016,0.45,0.64448,0.125,0.01136,0.4,0.25552,0.075
1276,,0.15248,0.4,0.61216,0.1,-0.02096,0.35,0.18784,-0.0
1277,5,0.1848,0.45,0.67984,0.175,1.0,0.4,0.22016,0.025
1278,,0.11712,0.4,0.64752,0.15,0.96768,0.35,0.15248,-0.05
1279,8,0.14944,0.45,0.7152,0.225,1.0,0.4,0.1848,1.0
1280,,0.08176,0.4,0.68288,0.2,0.96768,0.35,0.11712,0.925
1281,,0.01408,0.35,0.65056,0.175,0.93536,0.3,0.04944,0.85
1282,,-0.0536,0.3,0.61824,0.15,0.90304,0.25,-0.01824,0.775
1283,1,1.0,0.35,0.68592,0.225,0.97072,0.3,0.01408,0.8
1284,,0.93232,0.3,0.6536,0.2,0.9384,0.25,-0.0536,0.725
1285,7,0.96464,0.35,0.72128,0.275,1.0,0.3,1.0,0.75
1286,,0.89696,0.3,0.68896,0.25,0.96768,0.25,0.93232,0.675
1287,,0.82928,0.25,0.65664,0.225,0.93536,0.2,0.86464,0.6
1288,,0.7616,0.2,0.62432,0.2,0.90304,0.15,0.79696,0.525
1289,,0.69392,0.15,0.592,0.175,0.87072,0.1,0.72928,0.45
1290,,0.62624,0.1,0.55968,0.15,0.8384,0.05,0.6616,0.375
1291,,0.55856,0.05,0.52736,0.125,0.80608,0.0,0.59392,0.3
1292,,0.49088,0.0,0.49504,0.1,0.77376,-0.05,0.52624,0.225
1293,6,0.5232,0.05,0.56272,0.175,0.84144,1.0,0.55856,0.25
1294,,0.45552,0.0,0.5304,0.15,0.80912,0.95,0.49088,0.175
1295,,0.38784,-0.05,0.49808,0.125,0.7768,0.9,0.4232,0.1
1296,2,0.42016,1.0,0.56576,0.2,0.84448,0.95,0.45552,0.125
1297,,0.35248,0.95,0.53344,0.175,0.81216,0.9,0.38784,0.05
1298,,0.2848,0.9,0.50112,0.15,0.77984,0.85,0.32016,-0.025
1299,8,0.31712,0.95,0.5688,0.225,0.84752,0.9,0.35248,1.0
1300,,0.24944,0.9,0.53648,0.2,0.8152,0.85,0.2848,0.925
1301,,0.18176,0.85,0.50416,0.175,0.78288,0.8,0.21712,0.85
1302,,0.11408,0.8,0.47184,0.15,0.75056,0.75,0.14944,0.775
1303,,0.0464,0.75,0.43952,0.125,0.71824,0.7,0.08176,0.7
1304,,-0.02128,0.7,0.4072,0.1,0.68592,0.65,0.01408,0.625
1305,1,1.0,0.75,0.47488,0.175,0.7536,0.7,0.0464,0.65
1306,,0.93232,0.7,0.44256,0.15,0.72128,0.65,-0.02128,0.575
1307,7,0.96464,0.75,0.51024,0.225,0.78896,0.7,1.0,0.6
1308,,0.89696,0.7,0.47792,0.2,0.75664,0.65,0.93232,0.525
1309,,0.82928,0.65,0.4456,0.175,0.72432,0.6,0.86464,0.45
1310,,0.7616,0.6,0.41328,0.15,0.692,0.55,0.79696,0.375
1311,,0.69392,0.55,0.38096,0.125,0.65968,0.5,0.72928,0.3
1312,,0.62624,0.5,0.34864,0.1,0.62736,0.45,0.6616,0.225
1313,,0.55856,0.45,0.31632,0.075,0.59504,0.4,0.59392,0.15
1314,,0.49088,0.4,0.284,0.05,0.56272,0.35,0.52624,0.075
1315,,0.4232,0.35,0.25168,0.025,0.5304,0.3,0.45856,-0.0
1316,,0.35552,0.3,0.21936,0.0,0.49808,0.25,0.39088,-0.075
1317,8,0.38784,0.35,0.28704,0.075,0.56576,0.3,0.4232,1.0
1318,,0.32016,0.3,0.25472,0.05,0.53344,0.25,0.35552,0.925
1319,,0.25248,0.25,0.2224,0.025,0.50112,0.2,0.28784,0.85
1320,,0.1848,0.2,0.19008,0.0,0.4688,0.15,0.22016,0.775
1321,,0.11712,0.15,0.15776,-0.025,0.43648,0.1,0.15248,0.7
1322,4,0.14944,0.2,0.22544,1.0,0.50416,0.15,0.1848,0.725
1323,,0.08176,0.15,0.19312,0.975,0.47184,0.1,0.11712,0.65
1324,,0.01408,0.1,0.1608,0.95,0.43952,0.05,0.04944,0.575
1325,,-0.0536,0.05,0.12848,0.925,0.4072,0.0,-0.01824,0.5
1326,1,1.0,0.1,0.19616,1.0,0.47488,0.05,0.01408,0.525
1327,,0.93232,0.05,0.16384,0.975,0.44256,0.0,-0.0536,0.45
1328,7,0.96464,0.1,0.23152,1.0,0.51024,0.05,1.0,0.475
1329,,0.89696,0.05,0.1992,0.975,0.47792,0.0,0.93232,0.4
1330,,0.82928,0.0,0.16688,0.95,0.4456,-0.05,0.86464,0.325
1331,6,0.8616,0.05,0.23456,1.0,0.51328,1.0,0.89696,0.35
1332,,0.79392,0.0,0.20224,0.975,0.48096,0.95,0.82928,0.275
1333,,0.72624,-0.05,0.16992,0.95,0.44864,0.9,0.7616,0.2
1334,2,0.75856,1.0,0.2376,1.0,0.51632,0.95,0.79392,0.225
1335,,0.69088,0.95,0.20528,0.975,0.484,0.9,0.72624,0.15
1336,,0.6232,0.9,0.17296,0.95,0.45168,0.85,0.65856,0.075
1337,,0.55552,0.85,0.14064,0.925,0.41936,0.8,0.59088,-0.0
1338,,0.48784,0.8,0.10832,0.9,0.38704,0.75,0.5232,-0.075
1339,8,0.52016,0.85,0.176,0.975,0.45472,0.8,0.55552,1.0
1340,,0.45248,0.8,0.14368,0.95,0.4224,0.75,0.48784,0.925
1341,,0.3848,0.75,0.11136,0.925,0.39008,0.7,0.42016,0.85
1342,,0.31712,0.7,0.07904,0.9,0.35776,0.65,0.35248,0.775
1343,,0.24944,0.65,0.04672,0.875,0.32544,0.6,0.2848,0.7
1344,,0.18176,0.6,0.0144,0.85,0.29312,0.55,0.21712,0.625
1345,,0.11408,0.55,-0.01792,0.825,0.2608,0.5,0.14944,0.55
1346,3,0.1464,0.6,1.0,0.9,0.32848,0.55,0.18176,0.575
1347,,0.07872,0.55,0.96768,0.875,0.29616,0.5,0.11408,0.5
1348,,0.01104,0.5,0.93536,0.85,0.26384,0.45,0.0464,0.425
1349,,-0.05664,0.45,0.90304,0.825,0.23152,0.4,-0.02128,0.35
1350,1,1.0,0.5,0.97072,0.9,0.2992,0.45,0.01104,0.375
1351,,0.93232,0.45,0.9384,0.875,0.26688,0.4,-0.05664,0.3
1352,7,0.96464,0.5,1.0,0.95,0.33456,0.45,1.0,0.325
1353,,0.89696,0.45,0.96768,0.925,0.30224,0.4,0.93232,0.25
1354,,0.82928,0.4,0.93536,0.9,0.26992,0.35,0.86464,0.175
1355,,0.7616,0.35,0.90304,0.875,0.2376,0.3,0.79696,0.1
1356,,0.69392,0.3,0.87072,0.85,0.20528,0.25,0.72928,0.025
1357,,0.62624,0.25,0.8384,0.825,0.17296,0.2,0.6616,-0.05
1358,8,0.65856,0.3,0.90608,0.9,0.24064,0.25,0.69392,1.0
1359,,0.59088,0.25,0.87376,0.875,0.20832,0.2,0.62624,0.925
1360,,0.5232,0.2,0.84144,0.85,0.176,0.15,0.55856,0.85
1361,,0.45552,0.15,0.80912,0.825,0.14368,0.1,0.49088,0.775
1362,,0.38784,0.1,0.7768,0.8,0.11136,0.05,0.4232,0.7
1363,,0.32016,0.05,0.74448,0.775,0.07904,0.0,0.35552,0.625
1364,,0.25248,0.0,0.71216,0.75,0.04672,-0.05,0.28784,0.55
1365,6,0.2848,0.05,0.77984,0.825,0.1144,1.0,0.32016,0.575
1366,,0.21712,0.0,0.74752,0.8,0.08208,0.95,0.25248,0.5
1367,,0.14944,-0.05,0.7152,0.775,0.04976,0.9,0.1848,0.425
1368,2,0.18176,1.0,0.78288,0.85,0.11744,0.95,0.21712,0.45
1369,,0.11408,0.95,0.75056,0.825,0.08512,0.9,0.14944,0.375
1370,,0.0464,0.9,0.71824,0.8,0.0528,0.85,0.08176,0.3
1371,,-0.02128,0.85,0.68592,0.775,0.02048,0.8,0.01408,0.225
1372,1,1.0,0.9,0.7536,0.85,0.08816,0.85,0.0464,0.25
1373,,0.93232,0.85,0.72128,0.825,0.05584,0.8,-0.02128,0.175
1374,7,0.96464,0.9,0.78896,0.9,0.12352,0.85,1.0,0.2
1375,,0.89696,0.85,0.75664,0.875,0.0912,0.8,0.93232,0.125
1376,,0.82928,0.8,0.72432,0.85,0.05888,0.75,0.86464,0.05
1377,,0.7616,0.75,0.692,0.825,0.02656,0.7,0.79696,-0.025
1378,8,0.79392,0.8,0.75968,0.9,0.09424,0.75,0.82928,1.0
1379,,0.72624,0.75,0.72736,0.875,0.06192,0.7,0.7616,0.925
1380,,0.65856,0.7,0.69504,0.85,0.0296,0.65,0.69392,0.85
1381,,0.59088,0.65,0.66272,0.825,-0.00272,0.6,0.62624,0.775
1382,5,0.6232,0.7,0.7304,0.9,1.0,0.65,0.65856,0.8
1383,,0.55552,0.65,0.69808,0.875,0.96768,0.6,0.59088,0.725
1384,,0.48784,0.6,0.66576,0.85,0.93536,0.55,0.5232,0.65
1385,,0.42016,0.55,0.63344,0.825,0.90304,0.5,0.45552,0.575
1386,,0.35248,0.5,0.60112,0.8,0.87072,0.45,0.38784,0.5
1387,,0.2848,0.45,0.5688,0.775,0.8384,0.4,0.32016,0.425
1388,,0.21712,0.4,0.53648,0.75,0.80608,0.35,0.25248,0.35
1389,,0.14944,0.35,0.50416,0.725,0.77376,0.3,0.1848,0.275
1390,,0.08176,0.3,0.47184,0.7,0.74144,0.25,0.11712,0.2
1391,,0.01408,0.25,0.43952,0.675,0.70912,0.2,0.04944,0.125
1392,,-0.0536,0.2,0.4072,0.65,0.6768,0.15,-0.01824,0.05
1393,1,1.0,0.25,0.47488,0.725,0.74448,0.2,0.01408,0.075
1394,,0.93232,0.2,0.44256,0.7,0.71216,0.15,-0.0536,-0.0
1395,7,0.96464,0.25,0.51024,0.775,0.77984,0.2,1.0,0.025
1396,,0.89696,0.2,0.47792,0.75,0.74752,0.15,0.93232,-0.05
1397,8,0.92928,0.25,0.5456,0.825,0.8152,0.2,0.96464,1.0
1398,,0.8616,0.2,0.51328,0.8,0.78288,0.15,0.89696,0.925
1399,,0.79392,0.15,0.48096,0.775,0.75056,0.1,0.82928,0.85
1400,,0.72624,0.1,0.44864,0.75,0.71824,0.05,0.7616,0.775
1401,,0.65856,0.05,0.41632,0.725,0.68592,0.0,0.69392,0.7
1402,,0.59088,0.0,0.384,0.7,0.6536,-0.05,0.62624,0.625
1403,6,0.6232,0.05,0.45168,0.775,0.72128,1.0,0.65856,0.65
1404,,0.55552,0.0,0.41936,0.75,0.68896,0.95,0.59088,0.575
1405,,0.48784,-0.05,0.38704,0.725,0.65664,0.9,0.5232,0.5
1406,2,0.52016,1.0,0.45472,0.8,0.72432,0.95,0.55552,0.525
1407,,0.45248,0.95,0.4224,0.775,0.692,0.9,0.48784,0.45
1408,,0.3848,0.9,0.39008,0.75,0.65968,0.85,0.42016,0.375
1409,,0.31712,0.85,0.35776,0.725,0.62736,0.8,0.35248,0.3
1410,,0.24944,0.8,0.32544,0.7,0.59504,0.75,0.2848,0.225
1411,,0.18176,0.75,0.29312,0.675,0.56272,0.7,0.21712,0.15
1412,,0.11408,0.7,0.2608,0.65,0.5304,0.65,0.14944,0.075
1413,,0.0464,0.65,0.22848,0.625,0.49808,0.6,0.08176,-0.0
1414,,-0.02128,0.6,0.19616,0.6,0.46576,0.55,0.01408,-0.075
1415,8,0.01104,0.65,0.26384,0.675,0.53344,0.6,0.0464,1.0
1416,,-0.05664,0.6,0.23152,0.65,0.50112,0.55,-0.02128,0.925
1417,1,1.0,0.65,0.2992,0.725,0.5688,0.6,0.01104,0.95
1418,,0.93232,0.6,0.26688,0.7,0.53648,0.55,-0.05664,0.875
1419,7,0.96464,0.65,0.33456,0.775,0.60416,0.6,1.0,0.9
1420,,0.89696,0.6,0.30224,0.75,0.57184,0.55,0.93232,0.825
1421,,0.82928,0.55,0.26992,0.725,0.53952,0.5,0.86464,0.75
1422,,0.7616,0.5,0.2376,0.7,0.5072,0.45,0.79696,0.675
1423,,0.69392,0.45,0.20528,0.675,0.47488,0.4,0.72928,0.6
1424,,0.62624,0.4,0.17296,0.65,0.44256,0.35,0.6616,0.525
1425,,0.55856,0.35,0.14064,0.625,0.41024,0.3,0.59392,0.45
1426,,0.49088,0.3,0.10832,0.6,0.37792,0.25,0.52624,0.375
1427,,0.4232,0.25,0.076,0.575,0.3456,0.2,0.45856,0.3
1428,,0.35552,0.2,0.04368,0.55,0.31328,0.15,0.39088,0.225
1429,,0.28784,0.15,0.01136,0.525,0.28096,0.1,0.3232,0.15
1430,,0.22016,0.1,-0.02096,0.5,0.24864,0.05,0.25552,0.075
1431,3,0.25248,0.15,1.0,0.575,0.31632,0.1,0.28784,0.1
1432,,0.1848,0.1,0.96768,0.55,0.284,0.05,0.22016,0.025
1433,,0.11712,0.05,0.93536,0.525,0.25168,0.0,0.15248,-0.05
1434,8,0.14944,0.1,1.0,0.6,0.31936,0.05,0.1848,1.0
1435,,0.08176,0.05,0.96768,0.575,0.28704,0.0,0.11712,0.925
1436,,0.01408,0.0,0.93536,0.55,0.25472,-0.05,0.04944,0.85
1437,6,0.0464,0.05,1.0,0.625,0.3224,1.0,0.08176,0.875
1438,,-0.02128,0.0,0.96768,0.6,0.29008,0.95,0.01408,0.8
1439,1,1.0,0.05,1.0,0.675,0.35776,1.0,0.0464,0.825
1440,,0.93232,0.0,0.96768,0.65,0.32544,0.95,-0.02128,0.75
1441,7,0.96464,0.05,1.0,0.725,0.39312,1.0,1.0,0.775
1442,,0.89696,0.0,0.96768,0.7,0.3608,0.95,0.93232,0.7
1443,,0.82928,-0.05,0.93536,0.675,0.32848,0.9,0.86464,0.625
1444,2,0.8616,1.0,1.0,0.75,0.39616,0.95,0.89696,0.65
1445,,0.79392,0.95,0.96768,0.725,0.36384,0.9,0.82928,0.575
1446,,0.72624,0.9,0.93536,0.7,0.33152,0.85,0.7616,0.5
1447,,0.65856,0.85,0.90304,0.675,0.2992,0.8,0.69392,0.425
1448,,0.59088,0.8,0.87072,0.65,0.26688,0.75,0.62624,0.35
1449,,0.5232,0.75,0.8384,0.625,0.23456,0.7,0.55856,0.275
1450,,0.45552,0.7,0.80608,0.6,0.20224,0.65,0.49088,0.2
1451,,0.38784,0.65,0.77376,0.575,0.16992,0.6,0.4232,0.125
1452,,0.32016,0.6,0.74144,0.55,0.1376,0.55,0.35552,0.05
1453,,0.25248,0.55,0.70912,0.525,0.10528,0.5,0.28784,-0.025
1454,8,0.2848,0.6,0.7768,0.6,0.17296,0.55,0.32016,1.0
1455,,0.21712,0.55,0.74448,0.575,0.14064,0.5,0.25248,0.925
1456,,0.14944,0.5,0.71216,0.55,0.10832,0.45,0.1848,0.85
1457,,0.08176,0.45,0.67984,0.525,0.076,0.4,0.11712,0.775
1458,,0.01408,0.4,0.64752,0.5,0.04368,0.35,0.04944,0.7
1459,,-0.0536,0.35,0.6152,0.475,0.01136,0.3,-0.01824,0.625
1460,1,1.0,0.4,0.68288,0.55,0.07904,0.35,0.01408,0.65
1461,,0.93232,0.35,0.65056,0.525,0.04672,0.3,-0.0536,0.575
1462,7,0.96464,0.4,0.71824,0.6,0.1144,0.35,1.0,0.6
1463,,0.89696,0.35,0.68592,0.575,0.08208,0.3,0.93232,0.525
1464,,0.82928,0.3,0.6536,0.55,0.04976,0.25,0.86464,0.45
1465,,0.7616,0.25,0.62128,0.525,0.01744,0.2,0.79696,0.375
1466,,0.69392,0.2,0.58896,0.5,-0.01488,0.15,0.72928,0.3
1467,5,0.72624,0.25,0.65664,0.575,1.0,0.2,0.7616,0.325
1468,,0.65856,0.2,0.62432,0.55,0.96768,0.15,0.69392,0.25
1469,,0.59088,0.15,0.592,0.525,0.93536,0.1,0.62624,0.175
1470,,0.5232,0.1,0.55968,0.5,0.90304,0.05,0.55856,0.1
1471,,0.45552,0.05,0.52736,0.475,0.87072,0.0,0.49088,0.025
1472,,0.38784,0.0,0.49504,0.45,0.8384,-0.05,0.4232,-0.05
1473,8,0.42016,0.05,0.56272,0.525,0.90608,0.0,0.45552,1.0
1474,,0.35248,0.0,0.5304,0.5,0.87376,-0.05,0.38784,0.925
1475,6,0.3848,0.05,0.59808,0.575,0.94144,1.0,0.42016,0.95
1476,,0.31712,0.0,0.56576,0.55,0.90912,0.95,0.35248,0.875
1477,,0.24944,-0.05,0.53344,0.525,0.8768,0.9,0.2848,0.8
1478,2,0.28176,1.0,0.60112,0.6,0.94448,0.95,0.31712,0.825
1479,,0.21408,0.95,0.5688,0.575,0.91216,0.9,0.24944,0.75
1480,,0.1464,0.9,0.53648,0.55,0.87984,0.85,0.18176,0.675
1481,,0.07872,0.85,0.50416,0.525,0.84752,0.8,0.11408,0.6
1482,,0.01104,0.8,0.47184,0.5,0.8152,0.75,0.0464,0.525
1483,,-0.05664,0.75,0.43952,0.475,0.78288,0.7,-0.02128,0.45
1484,1,1.0,0.8,0.5072,0.55,0.85056,0.75,0.01104,0.475
1485,,0.93232,0.75,0.47488,0.525,0.81824,0.7,-0.05664,0.4
1486,7,0.96464,0.8,0.54256,0.6,0.88592,0.75,1.0,0.425
1487,,0.89696,0.75,0.51024,0.575,0.8536,0.7,0.93232,0.35
1488,,0.82928,0.7,0.47792,0.55,0.82128,0.65,0.86464,0.275
1489,,0.7616,0.65,0.4456,0.525,0.78896,0.6,0.79696,0.2
1490,,0.69392,0.6,0.41328,0.5,0.75664,0.55,0.72928,0.125
1491,,0.62624,0.55,0.38096,0.475,0.72432,0.5,0.6616,0.05
1492,,0.55856,0.5,0.34864,0.45,0.692,0.45,0.59392,-0.025
1493,8,0.59088,0.55,0.41632,0.525,0.75968,0.5,0.62624,1.0
1494,,0.5232,0.5,0.384,0.5,0.72736,0.45,0.55856,0.925
1495,,0.45552,0.45,0.35168,0.475,0.69504,0.4,0.49088,0.85
1496,,0.38784,0.4,0.31936,0.45,0.66272,0.35,0.4232,0.775
1497,,0.32016,0.35,0.28704,0.425,0.6304,0.3,0.35552,0.7
1498,,0.25248,0.3,0.25472,0.4,0.59808,0.25,0.28784,0.625
1499,,0.1848,0.25,0.2224,0.375,0.56576,0.2,0.22016,0.55
1500,,0.11712,0.2,0.19008,0.35,0.53344,0.15,0.15248,0.475
1501,,0.04944,0.15,0.15776,0.325,0.50112,0.1,0.0848,0.4
1502,,-0.01824,0.1,0.12544,0.3,0.4688,0.05,0.01712,0.325
1503,1,1.0,0.15,0.19312,0.375,0.53648,0.1,0.04944,0.35
1504,,0.93232,0.1,0.1608,0.35,0.50416,0.05,-0.01824,0.275
1505,7,0.96464,0.15,0.22848,0.425,0.57184,0.1,1.0,0.3
1506,,0.89696,0.1,0.19616,0.4,0.53952,0.05,0.93232,0.225
1507,,0.82928,0.05,0.16384,0.375,0.5072,0.0,0.86464,0.15
1508,,0.7616,0.0,0.13152,0.35,0.47488,-0.05,0.79696,0.075
1509,6,0.79392,0.05,0.1992,0.425,0.54256,1.0,0.82928,0.1
1510,,0.72624,0.0,0.16688,0.4,0.51024,0.95,0.7616,0.025
1511,,0.65856,-0.05,0.13456,0.375,0.47792,0.9,0.69392,-0.05
1512,8,0.69088,0.0,0.20224,0.45,0.5456,0.95,0.72624,1.0
1513,,0.6232,-0.05,0.16992,0.425,0.51328,0.9,0.65856,0.925
1514,2,0.65552,1.0,0.2376,0.5,0.58096,0.95,0.69088,0.95
1515,,0.58784,0.95,0.20528,0.475,0.54864,0.9,0.6232,0.875
1516,,0.52016,0.9,0.17296,0.45,0.51632,0.85,0.55552,0.8
1517,,0.45248,0.85,0.14064,0.425,0.484,0.8,0.48784,0.725
1518,,0.3848,0.8,0.10832,0.4,0.45168,0.75,0.42016,0.65
1519,,0.31712,0.75,0.076,0.375,0.41936,0.7,0.35248,0.575
1520,,0.24944,0.7,0.04368,0.35,0.38704,0.65,0.2848,0.5
1521,,0.18176,0.65,0.01136,0.325,0.35472,0.6,0.21712,0.425
1522,,0.11408,0.6,-0.02096,0.3,0.3224,0.55,0.14944,0.35
1523,3,0.1464,0.65,1.0,0.375,0.39008,0.6,0.18176,0.375
1524,,0.07872,0.6,0.96768,0.35,0.35776,0.55,0.11408,0.3
1525,,0.01104,0.55,0.93536,0.325,0.32544,0.5,0.0464,0.225
1526,,-0.05664,0.5,0.90304,0.3,0.29312,0.45,-0.02128,0.15
1527,1,1.0,0.55,0.97072,0.375,0.3608,0.5,0.01104,0.175
1528,,0.93232,0.5,0.9384,0.35,0.32848,0.45,-0.05664,0.1
1529,7,0.96464,0.55,1.0,0.425,0.39616,0.5,1.0,0.125
1530,,0.89696,0.5,0.96768,0.4,0.36384,0.45,0.93232,0.05
1531,,0.82928,0.45,0.93536,0.375,0.33152,0.4,0.86464,-0.025
1532,8,0.8616,0.5,1.0,0.45,0.3992,0.45,0.89696,1.0
1533,,0.79392,0.45,0.96768,0.425,0.36688,0.4,0.82928,0.925
1534,,0.72624,0.4,0.93536,0.4,0.33456,0.35,0.7616,0.85
1535,,0.65856,0.35,0.90304,0.375,0.30224,0.3,0.69392,0.775
1536,,0.59088,0.3,0.87072,0.35,0.26992,0.25,0.62624,0.7
1537,,0.5232,0.25,0.8384,0.325,0.2376,0.2,0.55856,0.625
1538,,0.45552,0.2,0.80608,0.3,0.20528,0.15,0.49088,0.55
1539,,0.38784,0.15,0.77376,0.275,0.17296,0.1,0.4232,0.475
1540,,0.32016,0.1,0.74144,0.25,0.14064,0.05,0.35552,0.4
1541,,0.25248,0.05,0.70912,0.225,0.10832,0.0,0.28784,0.325
1542,,0.1848,0.0,0.6768,0.2,0.076,-0.05,0.22016,0.25
1543,6,0.21712,0.05,0.74448,0.275,0.14368,1.0,0.25248,0.275
1544,,0.14944,0.0,0.71216,0.25,0.11136,0.95,0.1848,0.2
1545,,0.08176,-0.05,0.67984,0.225,0.07904,0.9,0.11712,0.125
1546,2,0.11408,1.0,0.74752,0.3,0.14672,0.95,0.14944,0.15
1547,,0.0464,0.95,0.7152,0.275,0.1144,0.9,0.08176,0.075
1548,,-0.02128,0.9,0.68288,0.25,0.08208,0.85,0.01408,-0.0
1549,1,1.0,0.95,0.75056,0.325,0.14976,0.9,0.0464,0.025
1550,,0.93232,0.9,0.71824,0.3,0.11744,0.85,-0.02128,-0.05
1551,8,0.96464,0.95,0.78592,0.375,0.18512,0.9,0.01104,1.0
1552,,0.89696,0.9,0.7536,0.35,0.1528,0.85,-0.05664,0.925
1553,7,0.92928,0.95,0.82128,0.425,0.22048,0.9,1.0,0.95
1554,,0.8616,0.9,0.78896,0.4,0.18816,0.85,0.93232,0.875
1555,,0.79392,0.85,0.75664,0.375,0.15584,0.8,0.86464,0.8
1556,,0.72624,0.8,0.72432,0.35,0.12352,0.75,0.79696,0.725
1557,,0.65856,0.75,0.692,0.325,0.0912,0.7,0.72928,0.65
1558,,0.59088,0.7,0.65968,0.3,0.05888,0.65,0.6616,0.575
1559,,0.5232,0.65,0.62736,0.275,0.02656,0.6,0.59392,0.5
1560,,0.45552,0.6,0.59504,0.25,-0.00576,0.55,0.52624,0.425
1561,5,0.48784,0.65,0.66272,0.325,1.0,0.6,0.55856,0.45
1562,,0.42016,0.6,0.6304,0.3,0.96768,0.55,0.49088,0.375
1563,,0.35248,0.55,0.59808,0.275,0.93536,0.5,0.4232,0.3
1564,,0.2848,0.5,0.56576,0.25,0.90304,0.45,0.35552,0.225
1565,,0.21712,0.45,0.53344,0.225,0.87072,0.4,0.28784,0.15
1566,,0.14944,0.4,0.50112,0.2,0.8384,0.35,0.22016,0.075
1567,,0.08176,0.35,0.4688,0.175,0.80608,0.3,0.15248,-0.0
1568,,0.01408,0.3,0.43648,0.15,0.77376,0.25,0.0848,-0.075
1569,8,0.0464,0.35,0.50416,0.225,0.84144,0.3,0.11712,1.0
1570,,-0.02128,0.3,0.47184,0.2,0.80912,0.25,0.04944,0.925
1571,1,1.0,0.35,0.53952,0.275,0.8768,0.3,0.08176,0.95
1572,,0.93232,0.3,0.5072,0.25,0.84448,0.25,0.01408,0.875
1573,,0.86464,0.25,0.47488,0.225,0.81216,0.2,-0.0536,0.8
1574,7,0.89696,0.3,0.54256,0.3,0.87984,0.25,1.0,0.825
1575,,0.82928,0.25,0.51024,0.275,0.84752,0.2,0.93232,0.75
1576,,0.7616,0.2,0.47792,0.25,0.8152,0.15,0.86464,0.675
1577,,0.69392,0.15,0.4456,0.225,0.78288,0.1,0.79696,0.6
1578,,0.62624,0.1,0.41328,0.2,0.75056,0.05,0.72928,0.525
1579,,0.55856,0.05,0.38096,0.175,0.71824,0.0,0.6616,0.45
1580,,0.49088,0.0,0.34864,0.15,0.68592,-0.05,0.59392,0.375
1581,6,0.5232,0.05,0.41632,0.225,0.7536,1.0,0.62624,0.4
1582,,0.45552,0.0,0.384,0.2,0.72128,0.95,0.55856,0.325
1583,,0.38784,-0.05,0.35168,0.175,0.68896,0.9,0.49088,0.25
1584,2,0.42016,1.0,0.41936,0.25,0.75664,0.95,0.5232,0.275
1585,,0.35248,0.95,0.38704,0.225,0.72432,0.9,0.45552,0.2
1586,,0.2848,0.9,0.35472,0.2,0.692,0.85,0.38784,0.125
1587,,0.21712,0.85,0.3224,0.175,0.65968,0.8,0.32016,0.05
1588,,0.14944,0.8,0.29008,0.15,0.62736,0.75,0.25248,-0.025
1589,8,0.18176,0.85,0.35776,0.225,0.69504,0.8,0.2848,1.0
1590,,0.11408,0.8,0.32544,0.2,0.66272,0.75,0.21712,0.925
1591,,0.0464,0.75,0.29312,0.175,0.6304,0.7,0.14944,0.85
1592,,-0.02128,0.7,0.2608,0.15,0.59808,0.65,0.08176,0.775
1593,1,1.0,0.75,0.32848,0.225,0.66576,0.7,0.11408,0.8
1594,,0.93232,0.7,0.29616,0.2,0.63344,0.65,0.0464,0.725
1595,,0.86464,0.65,0.26384,0.175,0.60112,0.6,-0.02128,0.65
1596,7,0.89696,0.7,0.33152,0.25,0.6688,0.65,1.0,0.675
1597,,0.82928,0.65,0.2992,0.225,0.63648,0.6,0.93232,0.6
1598,,0.7616,0.6,0.26688,0.2,0.60416,0.55,0.86464,0.525
1599,,0.69392,0.55,0.23456,0.175,0.57184,0.5,0.79696,0.45
1600,,0.62624,0.5,0.20224,0.15,0.53952,0.45,0.72928,0.375
1601,,0.55856,0.45,0.16992,0.125,0.5072,0.4,0.6616,0.3
1602,,0.49088,0.4,0.1376,0.1,0.47488,0.35,0.59392,0.225
1603,,0.4232,0.35,0.10528,0.075,0.44256,0.3,0.52624,0.15
1604,,0.35552,0.3,0.07296,0.05,0.41024,0.25,0.45856,0.075
1605,,0.28784,0.25,0.04064,0.025,0.37792,0.2,0.39088,-0.0
1606,,0.22016,0.2,0.00832,0.0,0.3456,0.15,0.3232,-0.075
1607,8,0.25248,0.25,0.076,0.075,0.41328,0.2,0.35552,1.0
1608,,0.1848,0.2,0.04368,0.05,0.38096,0.15,0.28784,0.925
1609,,0.11712,0.15,0.01136,0.025,0.34864,0.1,0.22016,0.85
1610,,0.04944,0.1,-0.02096,0.0,0.31632,0.05,0.15248,0.775
1611,3,0.08176,0.15,1.0,0.075,0.384,0.1,0.1848,0.8
1612,,0.01408,0.1,0.96768,0.05,0.35168,0.05,0.11712,0.725
1613,,-0.0536,0.05,0.93536,0.025,0.31936,0.0,0.04944,0.65
1614,1,1.0,0.1,1.0,0.1,0.38704,0.05,0.08176,0.675
1615,,0.93232,0.05,0.96768,0.075,0.35472,0.0,0.01408,0.6
1616,,0.86464,0.0,0.93536,0.05,0.3224,-0.05,-0.0536,0.525
1617,7,0.89696,0.05,1.0,0.125,0.39008,0.0,1.0,0.55
1618,,0.82928,0.0,0.96768,0.1,0.35776,-0.05,0.93232,0.475
1619,6,0.8616,0.05,1.0,0.175,0.42544,1.0,0.96464,0.5
1620,,0.79392,0.0,0.96768,0.15,0.39312,0.95,0.89696,0.425
1621,,0.72624,-0.05,0.93536,0.125,0.3608,0.9,0.82928,0.35
1622,2,0.75856,1.0,1.0,0.2,0.42848,0.95,0.8616,0.375
1623,,0.69088,0.95,0.96768,0.175,0.39616,0.9,0.79392,0.3
1624,,0.6232,0.9,0.93536,0.15,0.36384,0.85,0.72624,0.225
1625,,0.55552,0.85,0.90304,0.125,0.33152,0.8,0.65856,0.15
1626,,0.48784,0.8,0.87072,0.1,0.2992,0.75,0.59088,0.075
1627,,0.42016,0.75,0.8384,0.075,0.26688,0.7,0.5232,-0.0
1628,,0.35248,0.7,0.80608,0.05,0.23456,0.65,0.45552,-0.075
1629,8,0.3848,0.75,0.87376,0.125,0.30224,0.7,0.48784,1.0
1630,,0.31712,0.7,0.84144,0.1,0.26992,0.65,0.42016,0.925
1631,,0.24944,0.65,0.80912,0.075,0.2376,0.6,0.35248,0.85
1632,,0.18176,0.6,0.7768,0.05,0.20528,0.55,0.2848,0.775
1633,,0.11408,0.55,0.74448,0.025,0.17296,0.5,0.21712,0.7
1634,,0.0464,0.5,0.71216,0.0,0.14064,0.45,0.14944,0.625
1635,,-0.02128,0.45,0.67984,-0.025,0.10832,0.4,0.08176,0.55
1636,4,0.01104,0.5,0.74752,1.0,0.176,0.45,0.11408,0.575
1637,,-0.05664,0.45,0.7152,0.975,0.14368,0.4,0.0464,0.5
1638,1,1.0,0.5,0.78288,1.0,0.21136,0.45,0.07872,0.525
1639,,0.93232,0.45,0.75056,0.975,0.17904,0.4,0.01104,0.45
1640,,0.86464,0.4,0.71824,0.95,0.14672,0.35,-0.05664,0.375
1641,7,0.89696,0.45,0.78592,1.0,0.2144,0.4,1.0,0.4
1642,,0.82928,0.4,0.7536,0.975,0.18208,0.35,0.93232,0.325
1643,,0.7616,0.35,0.72128,0.95,0.14976,0.3,0.86464,0.25
1644,,0.69392,0.3,0.68896,0.925,0.11744,0.25,0.79696,0.175
1645,,0.62624,0.25,0.65664,0.9,0.08512,0.2,0.72928,0.1
1646,,0.55856,0.2,0.62432,0.875,0.0528,0.15,0.6616,0.025
1647,,0.49088,0.15,0.592,0.85,0.02048,0.1,0.59392,-0.05
1648,8,0.5232,0.2,0.65968,0.925,0.08816,0.15,0.62624,1.0
1649,,0.45552,0.15,0.62736,0.9,0.05584,0.1,0.55856,0.925
1650,,0.38784,0.1,0.59504,0.875,0.02352,0.05,0.49088,0.85
1651,,0.32016,0.05,0.56272,0.85,-0.0088,0.0,0.4232,0.775
1652,5,0.35248,0.1,0.6304,0.925,1.0,0.05,0.45552,0.8
1653,,0.2848,0.05,0.59808,0.9,0.96768,0.0,0.38784,0.725
1654,,0.21712,0.0,0.56576,0.875,0.93536,-0.05,0.32016,0.65
1655,6,0.24944,0.05,0.63344,0.95,1.0,1.0,0.35248,0.675
1656,,0.18176,0.0,0.60112,0.925,0.96768,0.95,0.2848,0.6
1657,,0.11408,-0.05,0.5688,0.9,0.93536,0.9,0.21712,0.525
1658,2,0.1464,1.0,0.63648,0.975,1.0,0.95,0.24944,0.55
1659,,0.07872,0.95,0.60416,0.95,0.96768,0.9,0.18176,0.475
1660,,0.01104,0.9,0.57184,0.925,0.93536,0.85,0.11408,0.4
1661,,-0.05664,0.85,0.53952,0.9,0.90304,0.8,0.0464,0.325
1662,1,1.0,0.9,0.6072,0.975,0.97072,0.85,0.07872,0.35
1663,,0.93232,0.85,0.57488,0.95,0.9384,0.8,0.01104,0.275
1664,,0.86464,0.8,0.54256,0.925,0.90608,0.75,-0.05664,0.2
1665,7,0.89696,0.85,0.61024,1.0,0.97376,0.8,1.0,0.225
1666,,0.82928,0.8,0.57792,0.975,0.94144,0.75,0.93232,0.15
1667,,0.7616,0.75,0.5456,0.95,0.90912,0.7,0.86464,0.075
1668,,0.69392,0.7,0.51328,0.925,0.8768,0.65,0.79696,-0.0
1669,,0.62624,0.65,0.48096,0.9,0.84448,0.6,0.72928,-0.075
1670,8,0.65856,0.7,0.54864,0.975,0.91216,0.65,0.7616,1.0
1671,,0.59088,0.65,0.51632,0.95,0.87984,0.6,0.69392,0.925
1672,,0.5232,0.6,0.484,0.925,0.84752,0.55,0.62624,0.85
1673,,0.45552,0.55,0.45168,0.9,0.8152,0.5,0.55856,0.775
1674,,0.38784,0.5,0.41936,0.875,0.78288,0.45,0.49088,0.7
1675,,0.32016,0.45,0.38704,0.85,0.75056,0.4,0.4232,0.625
1676,,0.25248,0.4,0.35472,0.825,0.71824,0.35,0.35552,0.55
1677,,0.1848,0.35,0.3224,0.8,0.68592,0.3,0.28784,0.475
1678,,0.11712,0.3,0.29008,0.775,0.6536,0.25,0.22016,0.4
1679,,0.04944,0.25,0.25776,0.75,0.62128,0.2,0.15248,0.325
1680,,-0.01824,0.2,0.22544,0.725,0.58896,0.15,0.0848,0.25
1681,1,1.0,0.25,0.29312,0.8,0.65664,0.2,0.11712,0.275
1682,,0.93232,0.2,0.2608,0.775,0.62432,0.15,0.04944,0.2
1683,,0.86464,0.15,0.22848,0.75,0.592,0.1,-0.01824,0.125
1684,7,0.89696,0.2,0.29616,0.825,0.65968,0.15,1.0,0.15
1685,,0.82928,0.15,0.26384,0.8,0.62736,0.1,0.93232,0.075
1686,,0.7616,0.1,0.23152,0.775,0.59504,0.05,0.86464,-0.0
1687,,0.69392,0.05,0.1992,0.75,0.56272,0.0,0.79696,-0.075
1688,8,0.72624,0.1,0.26688,0.825,0.6304,0.05,0.82928,1.0
1689,,0.65856,0.05,0.23456,0.8,0.59808,0.0,0.7616,0.925
1690,,0.59088,0.0,0.20224,0.775,0.56576,-0.05,0.69392,0.85
1691,6,0.6232,0.05,0.26992,0.85,0.63344,1.0,0.72624,0.875
1692,,0.55552,0.0,0.2376,0.825,0.60112,0.95,0.65856,0.8
1693,,0.48784,-0.05,0.20528,0.8,0.5688,0.9,0.59088,0.725
1694,2,0.52016,1.0,0.27296,0.875,0.63648,0.95,0.6232,0.75
1695,,0.45248,0.95,0.24064,0.85,0.60416,0.9,0.55552,0.675
1696,,0.3848,0.9,0.20832,0.825,0.57184,0.85,0.48784,0.6
1697,,0.31712,0.85,0.176,0.8,0.53952,0.8,0.42016,0.525
1698,,0.24944,0.8,0.14368,0.775,0.5072,0.75,0.35248,0.45
1699,,0.18176,0.75,0.11136,0.75,0.47488,0.7,0.2848,0.375
1700,,0.11408,0.7,0.07904,0.725,0.44256,0.65,0.21712,0.3
1701,,0.0464,0.65,0.04672,0.7,0.41024,0.6,0.14944,0.225
1702,,-0.02128,0.6,0.0144,0.675,0.37792,0.55,0.08176,0.15
1703,1,1.0,0.65,0.08208,0.75,0.4456,0.6,0.11408,0.175
1704,,0.93232,0.6,0.04976,0.725,0.41328,0.55,0.0464,0.1
1705,,0.86464,0.55,0.01744,0.7,0.38096,0.5,-0.02128,0.025
1706,7,0.89696,0.6,0.08512,0.775,0.44864,0.55,1.0,0.05
1707,,0.82928,0.55,0.0528,0.75,0.41632,0.5,0.93232,-0.025
1708,8,0.8616,0.6,0.12048,0.825,0.484,0.55,0.96464,1.0
1709,,0.79392,0.55,0.08816,0.8,0.45168,0.5,0.89696,0.925
1710,,0.72624,0.5,0.05584,0.775,0.41936,0.45,0.82928,0.85
1711,,0.65856,0.45,0.02352,0.75,0.38704,0.4,0.7616,0.775
1712,,0.59088,0.4,-0.0088,0.725,0.35472,0.35,0.69392,0.7
1713,3,0.6232,0.45,1.0,0.8,0.4224,0.4,0.72624,0.725
1714,,0.55552,0.4,0.96768,0.775,0.39008,0.35,0.65856,0.65
1715,,0.48784,0.35,0.93536,0.75,0.35776,0.3,0.59088,0.575
1716,,0.42016,0.3,0.90304,0.725,0.32544,0.25,0.5232,0.5
1717,,0.35248,0.25,0.87072,0.7,0.29312,0.2,0.45552,0.425
1718,,0.2848,0.2,0.8384,0.675,0.2608,0.15,0.38784,0.35
1719,,0.21712,0.15,0.80608,0.65,0.22848,0.1,0.32016,0.275
1720,,0.14944,0.1,0.77376,0.625,0.19616,0.05,0.25248,0.2
1721,,0.08176,0.05,0.74144,0.6,0.16384,0.0,0.1848,0.125
1722,,0.01408,0.0,0.70912,0.575,0.13152,-0.05,0.11712,0.05
1723,6,0.0464,0.05,0.7768,0.65,0.1992,1.0,0.14944,0.075
1724,,-0.02128,0.0,0.74448,0.625,0.16688,0.95,0.08176,-0.0
1725,1,1.0,0.05,0.81216,0.7,0.23456,1.0,0.11408,0.025
1726,,0.93232,0.0,0.77984,0.675,0.20224,0.95,0.0464,-0.05
1727,8,0.96464,0.05,0.84752,0.75,0.26992,1.0,0.07872,1.0
1728,,0.89696,0.0,0.8152,0.725,0.2376,0.95,0.01104,0.925
1729,,0.82928,-0.05,0.78288,0.7,0.20528,0.9,-0.05664,0.85
1730,7,0.8616,0.0,0.85056,0.775,0.27296,0.95,1.0,0.875
1731,,0.79392,-0.05,0.81824,0.75,0.24064,0.9,0.93232,0.8
1732,2,0.82624,1.0,0.88592,0.825,0.30832,0.95,0.96464,0.825
1733,,0.75856,0.95,0.8536,0.8,0.276,0.9,0.89696,0.75
1734,,0.69088,0.9,0.82128,0.775,0.24368,0.85,0.82928,0.675
1735,,0.6232,0.85,0.78896,0.75,0.21136,0.8,0.7616,0.6
1736,,0.55552,0.8,0.75664,0.725,0.17904,0.75,0.69392,0.525
1737,,0.48784,0.75,0.72432,0.7,0.14672,0.7,0.62624,0.45
1738,,0.42016,0.7,0.692,0.675,0.1144,0.65,0.55856,0.375
1739,,0.35248,0.65,0.65968,0.65,0.08208,0.6,0.49088,0.3
1740,,0.2848,0.6,0.62736,0.625,0.04976,0.55,0.4232,0.225
1741,,0.21712,0.55,0.59504,0.6,0.01744,0.5,0.35552,0.15
1742,,0.14944,0.5,0.56272,0.575,-0.01488,0.45,0.28784,0.075
1743,5,0.18176,0.55,0.6304,0.65,1.0,0.5,0.32016,0.1
1744,,0.11408,0.5,0.59808,0.625,0.96768,0.45,0.25248,0.025
1745,,0.0464,0.45,0.56576,0.6,0.93536,0.4,0.1848,-0.05
1746,8,0.07872,0.5,0.63344,0.675,1.0,0.45,0.21712,1.0
1747,,0.01104,0.45,0.60112,0.65,0.96768,0.4,0.14944,0.925
1748,,-0.05664,0.4,0.5688,0.625,0.93536,0.35,0.08176,0.85
1749,1,1.0,0.45,0.63648,0.7,1.0,0.4,0.11408,0.875
1750,,0.93232,0.4,0.60416,0.675,0.96768,0.35,0.0464,0.8
1751,,0.86464,0.35,0.57184,0.65,0.93536,0.3,-0.02128,0.725
1752,7,0.89696,0.4,0.63952,0.725,1.0,0.35,1.0,0.75
1753,,0.82928,0.35,0.6072,0.7,0.96768,0.3,0.93232,0.675
1754,,0.7616,0.3,0.57488,0.675,0.93536,0.25,0.86464,0.6
1755,,0.69392,0.25,0.54256,0.65,0.90304,0.2,0.79696,0.525
1756,,0.62624,0.2,0.51024,0.625,0.87072,0.15,0.72928,0.45
1757,,0.55856,0.15,0.47792,0.6,0.8384,0.1,0.6616,0.375
1758,,0.49088,0.1,0.4456,0.575,0.80608,0.05,0.59392,0.3
1759,,0.4232,0.05,0.41328,0.55,0.77376,0.0,0.52624,0.225
1760,,0.35552,0.0,0.38096,0.525,0.74144,-0.05,0.45856,0.15
1761,6,0.38784,0.05,0.44864,0.6,0.80912,1.0,0.49088,0.175
1762,,0.32016,0.0,0.41632,0.575,0.7768,0.95,0.4232,0.1
1763,,0.25248,-0.05,0.384,0.55,0.74448,0.9,0.35552,0.025
1764,2,0.2848,1.0,0.45168,0.625,0.81216,0.95,0.38784,0.05
1765,,0.21712,0.95,0.41936,0.6,0.77984,0.9,0.32016,-0.025
1766,8,0.24944,1.0,0.48704,0.675,0.84752,0.95,0.35248,1.0
1767,,0.18176,0.95,0.45472,0.65,0.8152,0.9,0.2848,0.925
1768,,0.11408,0.9,0.4224,0.625,0.78288,0.85,0.21712,0.85
1769,,0.0464,0.85,0.39008,0.6,0.75056,0.8,0.14944,0.775
1770,,-0.02128,0.8,0.35776,0.575,0.71824,0.75,0.08176,0.7
1771,1,1.0,0.85,0.42544,0.65,0.78592,0.8,0.11408,0.725
1772,,0.93232,0.8,0.39312,0.625,0.7536,0.75,0.0464,0.65
1773,,0.86464,0.75,0.3608,0.6,0.72128,0.7,-0.02128,0.575
1774,7,0.89696,0.8,0.42848,0.675,0.78896,0.75,1.0,0.6
1775,,0.82928,0.75,0.39616,0.65,0.75664,0.7,0.93232,0.525
1776,,0.7616,0.7,0.36384,0.625,0.72432,0.65,0.86464,0.45
1777,,0.69392,0.65,0.33152,0.6,0.692,0.6,0.79696,0.375
1778,,0.62624,0.6,0.2992,0.575,0.65968,0.55,0.72928,0.3
1779,,0.55856,0.55,0.26688,0.55,0.62736,0.5,0.6616,0.225
1780,,0.49088,0.5,0.23456,0.525,0.59504,0.45,0.59392,0.15
1781,,0.4232,0.45,0.20224,0.5,0.56272,0.4,0.52624,0.075
1782,,0.35552,0.4,0.16992,0.475,0.5304,0.35,0.45856,-0.0
1783,,0.28784,0.35,0.1376,0.45,0.49808,0.3,0.39088,-0.075
1784,8,0.32016,0.4,0.20528,0.525,0.56576,0.35,0.4232,1.0
1785,,0.25248,0.35,0.17296,0.5,0.53344,0.3,0.35552,0.925
1786,,0.1848,0.3,0.14064,0.475,0.50112,0.25,0.28784,0.85
1787,,0.11712,0.25,0.10832,0.45,0.4688,0.2,0.22016,0.775
1788,,0.04944,0.2,0.076,0.425,0.43648,0.15,0.15248,0.7
1789,,-0.01824,0.15,0.04368,0.4,0.40416,0.1,0.0848,0.625
1790,1,1.0,0.2,0.11136,0.475,0.47184,0.15,0.11712,0.65
1791,,0.93232,0.15,0.07904,0.45,0.43952,0.1,0.04944,0.575
1792,,0.86464,0.1,0.04672,0.425,0.4072,0.05,-0.01824,0.5
1793,7,0.89696,0.15,0.1144,0.5,0.47488,0.1,1.0,0.525
1794,,0.82928,0.1,0.08208,0.475,0.44256,0.05,0.93232,0.45
1795,,0.7616,0.05,0.04976,0.45,0.41024,0.0,0.86464,0.375
1796,,0.69392,0.0,0.01744,0.425,0.37792,-0.05,0.79696,0.3
1797,6,0.72624,0.05,0.08512,0.5,0.4456,1.0,0.82928,0.325
1798,,0.65856,0.0,0.0528,0.475,0.41328,0.95,0.7616,0.25
1799,,0.59088,-0.05,0.02048,0.45,0.38096,0.9,0.69392,0.175
1800,2,0.6232,1.0,0.08816,0.525,0.44864,0.95,0.72624,0.2
1801,,0.55552,0.95,0.05584,0.5,0.41632,0.9,0.65856,0.125
1802,,0.48784,0.9,0.02352,0.475,0.384,0.85,0.59088,0.05
1803,,0.42016,0.85,-0.0088,0.45,0.35168,0.8,0.5232,-0.025
1804,8,0.45248,0.9,0.05888,0.525,0.41936,0.85,0.55552,1.0
1805,,0.3848,0.85,0.02656,0.5,0.38704,0.8,0.48784,0.925
1806,,0.31712,0.8,-0.00576,0.475,0.35472,0.75,0.42016,0.85
1807,3,0.34944,0.85,1.0,0.55,0.4224,0.8,0.45248,0.875
1808,,0.28176,0.8,0.96768,0.525,0.39008,0.75,0.3848,0.8
1809,,0.21408,0.75,0.93536,0.5,0.35776,0.7,0.31712,0.725
1810,,0.1464,0.7,0.90304,0.475,0.32544,0.65,0.24944,0.65
1811,,0.07872,0.65,0.87072,0.45,0.29312,0.6,0.18176,0.575
1812,,0.01104,0.6,0.8384,0.425,0.2608,0.55,0.11408,0.5
1813,,-0.05664,0.55,0.80608,0.4,0.22848,0.5,0.0464,0.425
1814,1,1.0,0.6,0.87376,0.475,0.29616,0.55,0.07872,0.45
1815,,0.93232,0.55,0.84144,0.45,0.26384,0.5,0.01104,0.375
1816,,0.86464,0.5,0.80912,0.425,0.23152,0.45,-0.05664,0.3
1817,7,0.89696,0.55,0.8768,0.5,0.2992,0.5,1.0,0.325
1818,,0.82928,0.5,0.84448,0.475,0.26688,0.45,0.93232,0.25
1819,,0.7616,0.45,0.81216,0.45,0.23456,0.4,0.86464,0.175
1820,,0.69392,0.4,0.77984,0.425,0.20224,0.35,0.79696,0.1
1821,,0.62624,0.35,0.74752,0.4,0.16992,0.3,0.72928,0.025
1822,,0.55856,0.3,0.7152,0.375,0.1376,0.25,0.6616,-0.05
1823,8,0.59088,0.35,0.78288,0.45,0.20528,0.3,0.69392,1.0
1824,,0.5232,0.3,0.75056,0.425,0.17296,0.25,0.62624,0.925
1825,,0.45552,0.25,0.71824,0.4,0.14064,0.2,0.55856,0.85
1826,,0.38784,0.2,0.68592,0.375,0.10832,0.15,0.49088,0.775
1827,,0.32016,0.15,0.6536,0.35,0.076,0.1,0.4232,0.7
1828,,0.25248,0.1,0.62128,0.325,0.04368,0.05,0.35552,0.625
1829,,0.1848,0.05,0.58896,0.3,0.01136,0.0,0.28784,0.55
1830,,0.11712,0.0,0.55664,0.275,-0.02096,-0.05,0.22016,0.475
1831,6,0.14944,0.05,0.62432,0.35,0.04672,1.0,0.25248,0.5
1832,,0.08176,0.0,0.592,0.325,0.0144,0.95,0.1848,0.425
1833,,0.01408,-0.05,0.55968,0.3,-0.01792,0.9,0.11712,0.35
1834,2,0.0464,1.0,0.62736,0.375,0.04976,0.95,0.14944,0.375
1835,,-0.02128,0.95,0.59504,0.35,0.01744,0.9,0.08176,0.3
1836,1,1.0,1.0,0.66272,0.425,0.08512,0.95,0.11408,0.325
1837,,0.93232,0.95,0.6304,0.4,0.0528,0.9,0.0464,0.25
1838,,0.86464,0.9,0.59808,0.375,0.02048,0.85,-0.02128,0.175
1839,7,0.89696,0.95,0.66576,0.45,0.08816,0.9,1.0,0.2
1840,,0.82928,0.9,0.63344,0.425,0.05584,0.85,0.93232,0.125
1841,,0.7616,0.85,0.60112,0.4,0.02352,0.8,0.86464,0.05
1842,,0.69392,0.8,0.5688,0.375,-0.0088,0.75,0.79696,-0.025
1843,8,0.72624,0.85,0.63648,0.45,0.05888,0.8,0.82928,1.0
1844,,0.65856,0.8,0.60416,0.425,0.02656,0.75,0.7616,0.925
1845,,0.59088,0.75,0.57184,0.4,-0.00576,0.7,0.69392,0.85
1846,5,0.6232,0.8,0.63952,0.475,1.0,0.75,0.72624,0.875
1847,,0.55552,0.75,0.6072,0.45,0.96768,0.7,0.65856,0.8
1848,,0.48784,0.7,0.57488,0.425,0.93536,0.65,0.59088,0.725
1849,,0.42016,0.65,0.54256,0.4,0.90304,0.6,0.5232,0.65
1850,,0.35248,0.6,0.51024,0.375,0.87072,0.55,0.45552,0.575
1851,,0.2848,0.55,0.47792,0.35,0.8384,0.5,0.38784,0.5
1852,,0.21712,0.5,0.4456,0.325,0.80608,0.45,0.32016,0.425
1853,,0.14944,0.45,0.41328,0.3,0.77376,0.4,0.25248,0.35
1854,,0.08176,0.4,0.38096,0.275,0.74144,0.35,0.1848,0.275
1855,,0.01408,0.35,0.34864,0.25,0.70912,0.3,0.11712,0.2
1856,,-0.0536,0.3,0.31632,0.225,0.6768,0.25,0.04944,0.125
1857,1,1.0,0.35,0.384,0.3,0.74448,0.3,0.08176,0.15
1858,,0.93232,0.3,0.35168,0.275,0.71216,0.25,0.01408,0.075
1859,,0.86464,0.25,0.31936,0.25,0.67984,0.2,-0.0536,-0.0
1860,7,0.89696,0.3,0.38704,0.325,0.74752,0.25,1.0,0.025
1861,,0.82928,0.25,0.35472,0.3,0.7152,0.2,0.93232,-0.05
1862,8,0.8616,0.3,0.4224,0.375,0.78288,0.25,0.96464,1.0
1863,,0.79392,0.25,0.39008,0.35,0.75056,0.2,0.89696,0.925
1864,,0.72624,0.2,0.35776,0.325,0.71824,0.15,0.82928,0.85
1865,,0.65856,0.15,0.32544,0.3,0.68592,0.1,0.7616,0.775
1866,,0.59088,0.1,0.29312,0.275,0.6536,0.05,0.69392,0.7
1867,,0.5232,0.05,0.2608,0.25,0.62128,0.0,0.62624,0.625
1868,,0.45552,0.0,0.22848,0.225,0.58896,-0.05,0.55856,0.55
1869,6,0.48784,0.05,0.29616,0.3,0.65664,1.0,0.59088,0.575
1870,,0.42016,0.0,0.26384,0.275,0.62432,0.95,0.5232,0.5
1871,,0.35248,-0.05,0.23152,0.25,0.592,0.9,0.45552,0.425
1872,2,0.3848,1.0,0.2992,0.325,0.65968,0.95,0.48784,0.45
1873,,0.31712,0.95,0.26688,0.3,0.62736,0.9,0.42016,0.375
1874,,0.24944,0.9,0.23456,0.275,0.59504,0.85,0.35248,0.3
1875,,0.18176,0.85,0.20224,0.25,0.56272,0.8,0.2848,0.225
1876,,0.11408,0.8,0.16992,0.225,0.5304,0.75,0.21712,0.15
1877,,0.0464,0.75,0.1376,0.2,0.49808,0.7,0.14944,0.075
1878,,-0.02128,0.7,0.10528,0.175,0.46576,0.65,0.08176,-0.0
1879,1,1.0,0.75,0.17296,0.25,0.53344,0.7,0.11408,0.025
1880,,0.93232,0.7,0.14064,0.225,0.50112,0.65,0.0464,-0.05
1881,8,0.96464,0.75,0.20832,0.3,0.5688,0.7,0.07872,1.0
1882,,0.89696,0.7,0.176,0.275,0.53648,0.65,0.01104,0.925
1883,,0.82928,0.65,0.14368,0.25,0.50416,0.6,-0.05664,0.85
1884,7,0.8616,0.7,0.21136,0.325,0.57184,0.65,1.0,0.875
1885,,0.79392,0.65,0.17904,0.3,0.53952,0.6,0.93232,0.8
1886,,0.72624,0.6,0.14672,0.275,0.5072,0.55,0.86464,0.725
1887,,0.65856,0.55,0.1144,0.25,0.47488,0.5,0.79696,0.65
1888,,0.59088,0.5,0.08208,0.225,0.44256,0.45,0.72928,0.575
1889,,0.5232,0.45,0.04976,0.2,0.41024,0.4,0.6616,0.5
1890,,0.45552,0.4,0.01744,0.175,0.37792,0.35,0.59392,0.425
1891,,0.38784,0.35,-0.01488,0.15,0.3456,0.3,0.52624,0.35
1892,3,0.42016,0.4,1.0,0.225,0.41328,0.35,0.55856,0.375
1893,,0.35248,0.35,0.96768,0.2,0.38096,0.3,0.49088,0.3
1894,,0.2848,0.3,0.93536,0.175,0.34864,0.25,0.4232,0.225
1895,,0.21712,0.25,0.90304,0.15,0.31632,0.2,0.35552,0.15
1896,,0.14944,0.2,0.87072,0.125,0.284,0.15,0.28784,0.075
1897,,0.08176,0.15,0.8384,0.1,0.25168,0.1,0.22016,-0.0
1898,,0.01408,0.1,0.80608,0.075,0.21936,0.05,0.15248,-0.075
1899,8,0.0464,0.15,0.87376,0.15,0.28704,0.1,0.1848,1.0
1900,,-0.02128,0.1,0.84144,0.125,0.25472,0.05,0.11712,0.925
1901,1,1.0,0.15,0.90912,0.2,0.3224,0.1,0.14944,0.95
1902,,0.93232,0.1,0.8768,0.175,0.29008,0.05,0.08176,0.875
1903,,0.86464,0.05,0.84448,0.15,0.25776,0.0,0.01408,0.8
1904,,0.79696,0.0,0.81216,0.125,0.22544,-0.05,-0.0536,0.725
1905,7,0.82928,0.05,0.87984,0.2,0.29312,0.0,1.0,0.75
1906,,0.7616,0.0,0.84752,0.175,0.2608,-0.05,0.93232,0.675
1907,6,0.79392,0.05,0.9152,0.25,0.32848,1.0,0.96464,0.7
1908,,0.72624,0.0,0.88288,0.225,0.29616,0.95,0.89696,0.625
1909,,0.65856,-0.05,0.85056,0.2,0.26384,0.9,0.82928,0.55
1910,2,0.69088,1.0,0.91824,0.275,0.33152,0.95,0.8616,0.575
1911,,0.6232,0.95,0.88592,0.25,0.2992,0.9,0.79392,0.5
1912,,0.55552,0.9,0.8536,0.225,0.26688,0.85,0.72624,0.425
1913,,0.48784,0.85,0.82128,0.2,0.23456,0.8,0.65856,0.35
1914,,0.42016,0.8,0.78896,0.175,0.20224,0.75,0.59088,0.275
1915,,0.35248,0.75,0.75664,0.15,0.16992,0.7,0.5232,0.2
1916,,0.2848,0.7,0.72432,0.125,0.1376,0.65,0.45552,0.125
1917,,0.21712,0.65,0.692,0.1,0.10528,0.6,0.38784,0.05
1918,,0.14944,0.6,0.65968,0.075,0.07296,0.55,0.32016,-0.025
1919,8,0.18176,0.65,0.72736,0.15,0.14064,0.6,0.35248,1.0
1920,,0.11408,0.6,0.69504,0.125,0.10832,0.55,0.2848,0.925
1921,,0.0464,0.55,0.66272,0.1,0.076,0.5,0.21712,0.85
1922,,-0.02128,0.5,0.6304,0.075,0.04368,0.45,0.14944,0.775
1923,1,1.0,0.55,0.69808,0.15,0.11136,0.5,0.18176,0.8
1924,,0.93232,0.5,0.66576,0.125,0.07904,0.45,0.11408,0.725
1925,,0.86464,0.45,0.63344,0.1,0.04672,0.4,0.0464,0.65
1926,,0.79696,0.4,0.60112,0.075,0.0144,0.35,-0.02128,0.575
1927,7,0.82928,0.45,0.6688,0.15,0.08208,0.4,1.0,0.6
1928,,0.7616,0.4,0.63648,0.125,0.04976,0.35,0.93232,0.525
1929,,0.69392,0.35,0.60416,0.1,0.01744,0.3,0.86464,0.45
1930,,0.62624,0.3,0.57184,0.075,-0.01488,0.25,0.79696,0.375
1931,5,0.65856,0.35,0.63952,0.15,1.0,0.3,0.82928,0.4
1932,,0.59088,0.3,0.6072,0.125,0.96768,0.25,0.7616,0.325
1933,,0.5232,0.25,0.57488,0.1,0.93536,0.2,0.69392,0.25
1934,,0.45552,0.2,0.54256,0.075,0.90304,0.15,0.62624,0.175
1935,,0.38784,0.15,0.51024,0.05,0.87072,0.1,0.55856,0.1
1936,,0.32016,0.1,0.47792,0.025,0.8384,0.05,0.49088,0.025
1937,,0.25248,0.05,0.4456,0.0,0.80608,0.0,0.4232,-0.05
1938,8,0.2848,0.1,0.51328,0.075,0.87376,0.05,0.45552,1.0
1939,,0.21712,0.05,0.48096,0.05,0.84144,0.0,0.38784,0.925
1940,,0.14944,0.0,0.44864,0.025,0.80912,-0.05,0.32016,0.85
1941,6,0.18176,0.05,0.51632,0.1,0.8768,1.0,0.35248,0.875
1942,,0.11408,0.0,0.484,0.075,0.84448,0.95,0.2848,0.8
1943,,0.0464,-0.05,0.45168,0.05,0.81216,0.9,0.21712,0.725
1944,2,0.07872,1.0,0.51936,0.125,0.87984,0.95,0.24944,0.75
1945,,0.01104,0.95,0.48704,0.1,0.84752,0.9,0.18176,0.675
1946,,-0.05664,0.9,0.45472,0.075,0.8152,0.85,0.11408,0.6
1947,1,1.0,0.95,0.5224,0.15,0.88288,0.9,0.1464,0.625
1948,,0.93232,0.9,0.49008,0.125,0.85056,0.85,0.07872,0.55
1949,,0.86464,0.85,0.45776,0.1,0.81824,0.8,0.01104,0.475
1950,,0.79696,0.8,0.42544,0.075,0.78592,0.75,-0.05664,0.4
1951,7,0.82928,0.85,0.49312,0.15,0.8536,0.8,1.0,0.425
1952,,0.7616,0.8,0.4608,0.125,0.82128,0.75,0.93232,0.35
1953,,0.69392,0.75,0.42848,0.1,0.78896,0.7,0.86464,0.275
1954,,0.62624,0.7,0.39616,0.075,0.75664,0.65,0.79696,0.2
1955,,0.55856,0.65,0.36384,0.05,0.72432,0.6,0.72928,0.125
1956,,0.49088,0.6,0.33152,0.025,0.692,0.55,0.6616,0.05
1957,,0.4232,0.55,0.2992,0.0,0.65968,0.5,0.59392,-0.025
1958,8,0.45552,0.6,0.36688,0.075,0.72736,0.55,0.62624,1.0
1959,,0.38784,0.55,0.33456,0.05,0.69504,0.5,0.55856,0.925
1960,,0.32016,0.5,0.30224,0.025,0.66272,0.45,0.49088,0.85
1961,,0.25248,0.45,0.26992,0.0,0.6304,0.4,0.4232,0.775
1962,,0.1848,0.4,0.2376,-0.025,0.59808,0.35,0.35552,0.7
1963,4,0.21712,0.45,0.30528,1.0,0.66576,0.4,0.38784,0.725
1964,,0.14944,0.4,0.27296,0.975,0.63344,0.35,0.32016,0.65
1965,,0.08176,0.35,0.24064,0.95,0.60112,0.3,0.25248,0.575
1966,,0.01408,0.3,0.20832,0.925,0.5688,0.25,0.1848,0.5
1967,,-0.0536,0.25,0.176,0.9,0.53648,0.2,0.11712,0.425
1968,1,1.0,0.3,0.24368,0.975,0.60416,0.25,0.14944,0.45
1969,,0.93232,0.25,0.21136,0.95,0.57184,0.2,0.08176,0.375
1970,,0.86464,0.2,0.17904,0.925,0.53952,0.15,0.01408,0.3
1971,,0.79696,0.15,0.14672,0.9,0.5072,0.1,-0.0536,0.225
1972,7,0.82928,0.2,0.2144,0.975,0.57488,0.15,1.0,0.25
1973,,0.7616,0.15,0.18208,0.95,0.54256,0.1,0.93232,0.175
1974,,0.69392,0.1,0.14976,0.925,0.51024,0.05,0.86464,0.1
1975,,0.62624,0.05,0.11744,0.9,0.47792,0.0,0.79696,0.025
1976,,0.55856,0.0,0.08512,0.875,0.4456,-0.05,0.72928,-0.05
1977,8,0.59088,0.05,0.1528,0.95,0.51328,0.0,0.7616,1.0
1978,,0.5232,0.0,0.12048,0.925,0.48096,-0.05,0.69392,0.925
1979,6,0.55552,0.05,0.18816,1.0,0.54864,1.0,0.72624,0.95
1980,,0.48784,0.0,0.15584,0.975,0.51632,0.95,0.65856,0.875
1981,,0.42016,-0.05,0.12352,0.95,0.484,0.9,0.59088,0.8
1982,2,0.45248,1.0,0.1912,1.0,0.55168,0.95,0.6232,0.825
1983,,0.3848,0.95,0.15888,0.975,0.51936,0.9,0.55552,0.75
1984,,0.31712,0.9,0.12656,0.95,0.48704,0.85,0.48784,0.675
1985,,0.24944,0.85,0.09424,0.925,0.45472,0.8,0.42016,0.6
1986,,0.18176,0.8,0.06192,0.9,0.4224,0.75,0.35248,0.525
1987,,0.11408,0.75,0.0296,0.875,0.39008,0.7,0.2848,0.45
1988,,0.0464,0.7,-0.00272,0.85,0.35776,0.65,0.21712,0.375
1989,3,0.07872,0.75,1.0,0.925,0.42544,0.7,0.24944,0.4
1990,,0.01104,0.7,0.96768,0.9,0.39312,0.65,0.18176,0.325
1991,,-0.05664,0.65,0.93536,0.875,0.3608,0.6,0.11408,0.25
1992,1,1.0,0.7,1.0,0.95,0.42848,0.65,0.1464,0.275
1993,,0.93232,0.65,0.96768,0.925,0.39616,0.6,0.07872,0.2
1994,,0.86464,0.6,0.93536,0.9,0.36384,0.55,0.01104,0.125
1995,,0.79696,0.55,0.90304,0.875,0.33152,0.5,-0.05664,0.05
1996,7,0.82928,0.6,0.97072,0.95,0.3992,0.55,1.0,0.075
1997,,0.7616,0.55,0.9384,0.925,0.36688,0.5,0.93232,-0.0
1998,,0.69392,0.5,0.90608,0.9,0.33456,0.45,0.86464,-0.075
1999,8,0.72624,0.55,0.97376,0.975,0.40224,0.5,0.89696,1.0
2000,,0.65856,0.5,0.94144,0.95,0.36992,0.45,0.82928,0.925
2001,,0.59088,0.45,0.90912,0.925,0.3376,0.4,0.7616,0.85
2002,,0.5232,0.4,0.8768,0.9,0.30528,0.35,0.69392,0.775
2003,,0.45552,0.35,0.84448,0.875,0.27296,0.3,0.62624,0.7
2004,,0.38784,0.3,0.81216,0.85,0.24064,0.25,0.55856,0.625
2005,,0.32016,0.25,0.77984,0.825,0.20832,0.2,0.49088,0.55
2006,,0.25248,0.2,0.74752,0.8,0.176,0.15,0.4232,0.475
2007,,0.1848,0.15,0.7152,0.775,0.14368,0.1,0.35552,0.4
2008,,0.11712,0.1,0.68288,0.75,0.11136,0.05,0.28784,0.325
2009,,0.04944,0.05,0.65056,0.725,0.07904,0.0,0.22016,0.25
2010,,-0.01824,0.0,0.61824,0.7,0.04672,-0.05,0.15248,0.175
2011,6,0.01408,0.05,0.68592,0.775,0.1144,1.0,0.1848,0.2
2012,,-0.0536,0.0,0.6536,0.75,0.08208,0.95,0.11712,0.125
2013,1,1.0,0.05,0.72128,0.825,0.14976,1.0,0.14944,0.15
2014,,0.93232,0.0,0.68896,0.8,0.11744,0.95,0.08176,0.075
2015,,0.86464,-0.05,0.65664,0.775,0.08512,0.9,0.01408,-0.0
2016,2,0.89696,1.0,0.72432,0.85,0.1528,0.95,0.0464,0.025
2017,,0.82928,0.95,0.692,0.825,0.12048,0.9,-0.02128,-0.05
2018,8,0.8616,1.0,0.75968,0.9,0.18816,0.95,0.01104,1.0
2019,,0.79392,0.95,0.72736,0.875,0.15584,0.9,-0.05664,0.925
2020,7,0.82624,1.0,0.79504,0.95,0.22352,0.95,1.0,0.95
2021,,0.75856,0.95,0.76272,0.925,0.1912,0.9,0.93232,0.875
2022,,0.69088,0.9,0.7304,0.9,0.15888,0.85,0.86464,0.8
2023,,0.6232,0.85,0.69808,0.875,0.12656,0.8,0.79696,0.725
2024,,0.55552,0.8,0.66576,0.85,0.09424,0.75,0.72928,0.65
2025,,0.48784,0.75,0.63344,0.825,0.06192,0.7,0.6616,0.575
2026,,0.42016,0.7,0.60112,0.8,0.0296,0.65,0.59392,0.5
2027,,0.35248,0.65,0.5688,0.775,-0.00272,0.6,0.52624,0.425
2028,5,0.3848,0.7,0.63648,0.85,1.0,0.65,0.55856,0.45
2029,,0.31712,0.65,0.60416,0.825,0.96768,0.6,0.49088,0.375
2030,,0.24944,0.6,0.57184,0.8,0.93536,0.55,0.4232,0.3
2031,,0.18176,0.55,0.53952,0.775,0.90304,0.5,0.35552,0.225
2032,,0.11408,0.5,0.5072,0.75,0.87072,0.45,0.28784,0.15
2033,,0.0464,0.45,0.47488,0.725,0.8384,0.4,0.22016,0.075
2034,,-0.02128,0.4,0.44256,0.7,0.80608,0.35,0.15248,-0.0
2035,1,1.0,0.45,0.51024,0.775,0.87376,0.4,0.1848,0.025
2036,,0.93232,0.4,0.47792,0.75,0.84144,0.35,0.11712,-0.05
2037,8,0.96464,0.45,0.5456,0.825,0.90912,0.4,0.14944,1.0
2038,,0.89696,0.4,0.51328,0.8,0.8768,0.35,0.08176,0.925
2039,,0.82928,0.35,0.48096,0.775,0.84448,0.3,0.01408,0.85
2040,,0.7616,0.3,0.44864,0.75,0.81216,0.25,-0.0536,0.775
2041,7,0.79392,0.35,0.51632,0.825,0.87984,0.3,1.0,0.8
2042,,0.72624,0.3,0.484,0.8,0.84752,0.25,0.93232,0.725
2043,,0.65856,0.25,0.45168,0.775,0.8152,0.2,0.86464,0.65
2044,,0.59088,0.2,0.41936,0.75,0.78288,0.15,0.79696,0.575
2045,,0.5232,0.15,0.38704,0.725,0.75056,0.1,0.72928,0.5
2046,,0.45552,0.1,0.35472,0.7,0.71824,0.05,0.6616,0.425
2047,,0.38784,0.05,0.3224,0.675,0.68592,0.0,0.59392,0.35
2048,,0.32016,0.0,0.29008,0.65,0.6536,-0.05,0.52624,0.275
2049,6,0.35248,0.05,0.35776,0.725,0.72128,1.0,0.55856,0.3
2050,,0.2848,0.0,0.32544,0.7,0.68896,0.95,0.49088,0.225
2051,,0.21712,-0.05,0.29312,0.675,0.65664,0.9,0.4232,0.15
2052,2,0.24944,1.0,0.3608,0.75,0.72432,0.95,0.45552,0.175
2053,,0.18176,0.95,0.32848,0.725,0.692,0.9,0.38784,0.1
2054,,0.11408,0.9,0.29616,0.7,0.65968,0.85,0.32016,0.025
2055,,0.0464,0.85,0.26384,0.675,0.62736,0.8,0.25248,-0.05
2056,8,0.07872,0.9,0.33152,0.75,0.69504,0.85,0.2848,1.0
2057,,0.01104,0.85,0.2992,0.725,0.66272,0.8,0.21712,0.925
2058,,-0.05664,0.8,0.26688,0.7,0.6304,0.75,0.14944,0.85
2059,1,1.0,0.85,0.33456,0.775,0.69808,0.8,0.18176,0.875
2060,,0.93232,0.8,0.30224,0.75,0.66576,0.75,0.11408,0.8
2061,,0.86464,0.75,0.26992,0.725,0.63344,0.7,0.0464,0.725
2062,,0.79696,0.7,0.2376,0.7,0.60112,0.65,-0.02128,0.65
2063,7,0.82928,0.75,0.30528,0.775,0.6688,0.7,1.0,0.675
2064,,0.7616,0.7,0.27296,0.75,0.63648,0.65,0.93232,0.6
2065,,0.69392,0.65,0.24064,0.725,0.60416,0.6,0.86464,0.525
2066,,0.62624,0.6,0.20832,0.7,0.57184,0.55,0.79696,0.45
2067,,0.55856,0.55,0.176,0.675,0.53952,0.5,0.72928,0.375
2068,,0.49088,0.5,0.14368,0.65,0.5072,0.45,0.6616,0.3
2069,,0.4232,0.45,0.11136,0.625,0.47488,0.4,0.59392,0.225
2070,,0.35552,0.4,0.07904,0.6,0.44256,0.35,0.52624,0.15
2071,,0.28784,0.35,0.04672,0.575,0.41024,0.3,0.45856,0.075
2072,,0.22016,0.3,0.0144,0.55,0.37792,0.25,0.39088,-0.0
2073,,0.15248,0.25,-0.01792,0.525,0.3456,0.2,0.3232,-0.075
2074,8,0.1848,0.3,0.04976,0.6,0.41328,0.25,0.35552,1.0
2075,,0.11712,0.25,0.01744,0.575,0.38096,0.2,0.28784,0.925
2076,,0.04944,0.2,-0.01488,0.55,0.34864,0.15,0.22016,0.85
2077,3,0.08176,0.25,1.0,0.625,0.41632,0.2,0.25248,0.875
2078,,0.01408,0.2,0.96768,0.6,0.384,0.15,0.1848,0.8
2079,,-0.0536,0.15,0.93536,0.575,0.35168,0.1,0.11712,0.725
2080,1,1.0,0.2,1.0,0.65,0.41936,0.15,0.14944,0.75
2081,,0.93232,0.15,0.96768,0.625,0.38704,0.1,0.08176,0.675
2082,,0.86464,0.1,0.93536,0.6,0.35472,0.05,0.01408,0.6
2083,,0.79696,0.05,0.90304,0.575,0.3224,0.0,-0.0536,0.525
2084,7,0.82928,0.1,0.97072,0.65,0.39008,0.05,1.0,0.55
2085,,0.7616,0.05,0.9384,0.625,0.35776,0.0,0.93232,0.475
2086,,0.69392,0.0,0.90608,0.6,0.32544,-0.05,0.86464,0.4
2087,6,0.72624,0.05,0.97376,0.675,0.39312,1.0,0.89696,0.425
2088,,0.65856,0.0,0.94144,0.65,0.3608,0.95,0.82928,0.35
2089,,0.59088,-0.05,0.90912,0.625,0.32848,0.9,0.7616,0.275
2090,2,0.6232,1.0,0.9768,0.7,0.39616,0.95,0.79392,0.3
2091,,0.55552,0.95,0.94448,0.675,0.36384,0.9,0.72624,0.225
2092,,0.48784,0.9,0.91216,0.65,0.33152,0.85,0.65856,0.15
2093,,0.42016,0.85,0.87984,0.625,0.2992,0.8,0.59088,0.075
2094,,0.35248,0.8,0.84752,0.6,0.26688,0.75,0.5232,-0.0
2095,,0.2848,0.75,0.8152,0.575,0.23456,0.7,0.45552,-0.075
2096,8,0.31712,0.8,0.88288,0.65,0.30224,0.75,0.48784,1.0
2097,,0.24944,0.75,0.85056,0.625,0.26992,0.7,0.42016,0.925
2098,,0.18176,0.7,0.81824,0.6,0.2376,0.65,0.35248,0.85
2099,,0.11408,0.65,0.78592,0.575,0.20528,0.6,0.2848,0.775
2100,,0.0464,0.6,0.7536,0.55,0.17296,0.55,0.21712,0.7
2101,,-0.02128,0.55,0.72128,0.525,0.14064,0.5,0.14944,0.625
2102,1,1.0,0.6,0.78896,0.6,0.20832,0.55,0.18176,0.65
2103,,0.93232,0.55,0.75664,0.575,0.176,0.5,0.11408,0.575
2104,,0.86464,0.5,0.72432,0.55,0.14368,0.45,0.0464,0.5
2105,,0.79696,0.45,0.692,0.525,0.11136,0.4,-0.02128,0.425
2106,7,0.82928,0.5,0.75968,0.6,0.17904,0.45,1.0,0.45
2107,,0.7616,0.45,0.72736,0.575,0.14672,0.4,0.93232,0.375
2108,,0.69392,0.4,0.69504,0.55,0.1144,0.35,0.86464,0.3
2109,,0.62624,0.35,0.66272,0.525,0.08208,0.3,0.79696,0.225
2110,,0.55856,0.3,0.6304,0.5,0.04976,0.25,0.72928,0.15
2111,,0.49088,0.25,0.59808,0.475,0.01744,0.2,0.6616,0.075
2112,,0.4232,0.2,0.56576,0.45,-0.01488,0.15,0.59392,-0.0
2113,5,0.45552,0.25,0.63344,0.525,1.0,0.2,0.62624,0.025
2114,,0.38784,0.2,0.60112,0.5,0.96768,0.15,0.55856,-0.05
2115,8,0.42016,0.25,0.6688,0.575,1.0,0.2,0.59088,1.0
2116,,0.35248,0.2,0.63648,0.55,0.96768,0.15,0.5232,0.925
2117,,0.2848,0.15,0.60416,0.525,0.93536,0.1,0.45552,0.85
2118,,0.21712,0.1,0.57184,0.5,0.90304,0.05,0.38784,0.775
2119,,0.14944,0.05,0.53952,0.475,0.87072,0.0,0.32016,0.7
2120,,0.08176,0.0,0.5072,0.45,0.8384,-0.05,0.25248,0.625
2121,6,0.11408,0.05,0.57488,0.525,0.90608,1.0,0.2848,0.65
2122,,0.0464,0.0,0.54256,0.5,0.87376,0.95,0.21712,0.575
2123,,-0.02128,-0.05,0.51024,0.475,0.84144,0.9,0.14944,0.5
2124,2,0.01104,1.0,0.57792,0.55,0.90912,0.95,0.18176,0.525
2125,,-0.05664,0.95,0.5456,0.525,0.8768,0.9,0.11408,0.45
2126,1,1.0,1.0,0.61328,0.6,0.94448,0.95,0.1464,0.475
2127,,0.93232,0.95,0.58096,0.575,0.91216,0.9,0.07872,0.4
2128,,0.86464,0.9,0.54864,0.55,0.87984,0.85,0.01104,0.325
2129,,0.79696,0.85,0.51632,0.525,0.84752,0.8,-0.05664,0.25
2130,7,0.82928,0.9,0.584,0.6,0.9152,0.85,1.0,0.275
2131,,0.7616,0.85,0.55168,0.575,0.88288,0.8,0.93232,0.2
2132,,0.69392,0.8,0.51936,0.55,0.85056,0.75,0.86464,0.125
2133,,0.62624,0.75,0.48704,0.525,0.81824,0.7,0.79696,0.05
2134,,0.55856,0.7,0.45472,0.5,0.78592,0.65,0.72928,-0.025
2135,8,0.59088,0.75,0.5224,0.575,0.8536,0.7,0.7616,1.0
2136,,0.5232,0.7,0.49008,0.55,0.82128,0.65,0.69392,0.925
2137,,0.45552,0.65,0.45776,0.525,0.78896,0.6,0.62624,0.85
2138,,0.38784,0.6,0.42544,0.5,0.75664,0.55,0.55856,0.775
2139,,0.32016,0.55,0.39312,0.475,0.72432,0.5,0.49088,0.7
2140,,0.25248,0.5,0.3608,0.45,0.692,0.45,0.4232,0.625
2141,,0.1848,0.45,0.32848,0.425,0.65968,0.4,0.35552,0.55
2142,,0.11712,0.4,0.29616,0.4,0.62736,0.35,0.28784,0.475
2143,,0.04944,0.35,0.26384,0.375,0.59504,0.3,0.22016,0.4
2144,,-0.01824,0.3,0.23152,0.35,0.56272,0.25,0.15248,0.325
2145,1,1.0,0.35,0.2992,0.425,0.6304,0.3,0.1848,0.35
2146,,0.93232,0.3,0.26688,0.4,0.59808,0.25,0.11712,0.275
2147,,0.86464,0.25,0.23456,0.375,0.56576,0.2,0.04944,0.2
2148,,0.79696,0.2,0.20224,0.35,0.53344,0.15,-0.01824,0.125
2149,7,0.82928,0.25,0.26992,0.425,0.60112,0.2,1.0,0.15
2150,,0.7616,0.2,0.2376,0.4,0.5688,0.15,0.93232,0.075
2151,,0.69392,0.15,0.20528,0.375,0.53648,0.1,0.86464,-0.0
2152,,0.62624,0.1,0.17296,0.35,0.50416,0.05,0.79696,-0.075
2153,8,0.65856,0.15,0.24064,0.425,0.57184,0.1,0.82928,1.0
2154,,0.59088,0.1,0.20832,0.4,0.53952,0.05,0.7616,0.925
2155,,0.5232,0.05,0.176,0.375,0.5072,0.0,0.69392,0.85
2156,,0.45552,0.0,0.14368,0.35,0.47488,-0.05,0.62624,0.775
2157,6,0.48784,0.05,0.21136,0.425,0.54256,1.0,0.65856,0.8
2158,,0.42016,0.0,0.17904,0.4,0.51024,0.95,0.59088,0.725
2159,,0.35248,-0.05,0.14672,0.375,0.47792,0.9,0.5232,0.65
2160,2,0.3848,1.0,0.2144,0.45,0.5456,0.95,0.55552,0.675
2161,,0.31712,0.95,0.18208,0.425,0.51328,0.9,0.48784,0.6
2162,,0.24944,0.9,0.14976,0.4,0.48096,0.85,0.42016,0.525
2163,,0.18176,0.85,0.11744,0.375,0.44864,0.8,0.35248,0.45
2164,,0.11408,0.8,0.08512,0.35,0.41632,0.75,0.2848,0.375
2165,,0.0464,0.75,0.0528,0.325,0.384,0.7,0.21712,0.3
2166,,-0.02128,0.7,0.02048,0.3,0.35168,0.65,0.14944,0.225
2167,1,1.0,0.75,0.08816,0.375,0.41936,0.7,0.18176,0.25
2168,,0.93232,0.7,0.05584,0.35,0.38704,0.65,0.11408,0.175
2169,,0.86464,0.65,0.02352,0.325,0.35472,0.6,0.0464,0.1
2170,,0.79696,0.6,-0.0088,0.3,0.3224,0.55,-0.02128,0.025
2171,7,0.82928,0.65,0.05888,0.375,0.39008,0.6,1.0,0.05
2172,,0.7616,0.6,0.02656,0.35,0.35776,0.55,0.93232,-0.025
2173,8,0.79392,0.65,0.09424,0.425,0.42544,0.6,0.96464,1.0
2174,,0.72624,0.6,0.06192,0.4,0.39312,0.55,0.89696,0.925
2175,,0.65856,0.55,0.0296,0.375,0.3608,0.5,0.82928,0.85
2176,,0.59088,0.5,-0.00272,0.35,0.32848,0.45,0.7616,0.775
2177,3,0.6232,0.55,1.0,0.425,0.39616,0.5,0.79392,0.8
2178,,0.55552,0.5,0.96768,0.4,0.36384,0.45,0.72624,0.725
2179,,0.48784,0.45,0.93536,0.375,0.33152,0.4,0.65856,0.65
2180,,0.42016,0.4,0.90304,0.35,0.2992,0.35,0.59088,0.575
2181,,0.35248,0.35,0.87072,0.325,0.26688,0.3,0.5232,0.5
2182,,0.2848,0.3,0.8384,0.3,0.23456,0.25,0.45552,0.425
2183,,0.21712,0.25,0.80608,0.275,0.20224,0.2,0.38784,0.35
2184,,0.14944,0.2,0.77376,0.25,0.16992,0.15,0.32016,0.275
2185,,0.08176,0.15,0.74144,0.225,0.1376,0.1,0.25248,0.2
2186,,0.01408,0.1,0.70912,0.2,0.10528,0.05,0.1848,0.125
2187,,-0.0536,0.05,0.6768,0.175,0.07296,0.0,0.11712,0.05
2188,1,1.0,0.1,0.74448,0.25,0.14064,0.05,0.14944,0.075
2189,,0.93232,0.05,0.71216,0.225,0.10832,0.0,0.08176,-0.0
2190,,0.86464,0.0,0.67984,0.2,0.076,-0.05,0.01408,-0.075
2191,8,0.89696,0.05,0.74752,0.275,0.14368,0.0,0.0464,1.0
2192,,0.82928,0.0,0.7152,0.25,0.11136,-0.05,-0.02128,0.925
2193,6,0.8616,0.05,0.78288,0.325,0.17904,1.0,0.01104,0.95
2194,,0.79392,0.0,0.75056,0.3,0.14672,0.95,-0.05664,0.875
2195,7,0.82624,0.05,0.81824,0.375,0.2144,1.0,1.0,0.9
2196,,0.75856,0.0,0.78592,0.35,0.18208,0.95,0.93232,0.825
2197,,0.69088,-0.05,0.7536,0.325,0.14976,0.9,0.86464,0.75
2198,2,0.7232,1.0,0.82128,0.4,0.21744,0.95,0.89696,0.775
2199,,0.65552,0.95,0.78896,0.375,0.18512,0.9,0.82928,0.7
2200,,0.58784,0.9,0.75664,0.35,0.1528,0.85,0.7616,0.625
2201,,0.52016,0.85,0.72432,0.325,0.12048,0.8,0.69392,0.55
2202,,0.45248,0.8,0.692,0.3,0.08816,0.75,0.62624,0.475
2203,,0.3848,0.75,0.65968,0.275,0.05584,0.7,0.55856,0.4
2204,,0.31712,0.7,0.62736,0.25,0.02352,0.65,0.49088,0.325
2205,,0.24944,0.65,0.59504,0.225,-0.0088,0.6,0.4232,0.25
2206,5,0.28176,0.7,0.66272,0.3,1.0,0.65,0.45552,0.275
2207,,0.21408,0.65,0.6304,0.275,0.96768,0.6,0.38784,0.2
2208,,0.1464,0.6,0.59808,0.25,0.93536,0.55,0.32016,0.125
2209,,0.07872,0.55,0.56576,0.225,0.90304,0.5,0.25248,0.05
2210,,0.01104,0.5,0.53344,0.2,0.87072,0.45,0.1848,-0.025
2211,8,0.04336,0.55,0.60112,0.275,0.9384,0.5,0.21712,1.0
2212,,-0.02432,0.5,0.5688,0.25,0.90608,0.45,0.14944,0.925
2213,1,1.0,0.55,0.63648,0.325,0.97376,0.5,0.18176,0.95
2214,,0.93232,0.5,0.60416,0.3,0.94144,0.45,0.11408,0.875
2215,,0.86464,0.45,0.57184,0.275,0.90912,0.4,0.0464,0.8
2216,,0.79696,0.4,0.53952,0.25,0.8768,0.35,-0.02128,0.725
2217,7,0.82928,0.45,0.6072,0.325,0.94448,0.4,1.0,0.75
2218,,0.7616,0.4,0.57488,0.3,0.91216,0.35,0.93232,0.675
2219,,0.69392,0.35,0.54256,0.275,0.87984,0.3,0.86464,0.6
2220,,0.62624,0.3,0.51024,0.25,0.84752,0.25,0.79696,0.525
2221,,0.55856,0.25,0.47792,0.225,0.8152,0.2,0.72928,0.45
2222,,0.49088,0.2,0.4456,0.2,0.78288,0.15,0.6616,0.375
2223,,0.4232,0.15,0.41328,0.175,0.75056,0.1,0.59392,0.3
2224,,0.35552,0.1,0.38096,0.15,0.71824,0.05,0.52624,0.225
2225,,0.28784,0.05,0.34864,0.125,0.68592,0.0,0.45856,0.15
2226,,0.22016,0.0,0.31632,0.1,0.6536,-0.05,0.39088,0.075
2227,6,0.25248,0.05,0.384,0.175,0.72128,1.0,0.4232,0.1
2228,,0.1848,0.0,0.35168,0.15,0.68896,0.95,0.35552,0.025
2229,,0.11712,-0.05,0.31936,0.125,0.65664,0.9,0.28784,-0.05
2230,8,0.14944,0.0,0.38704,0.2,0.72432,0.95,0.32016,1.0
2231,,0.08176,-0.05,0.35472,0.175,0.692,0.9,0.25248,0.925
2232,2,0.11408,1.0,0.4224,0.25,0.75968,0.95,0.2848,0.95
2233,,0.0464,0.95,0.39008,0.225,0.72736,0.9,0.21712,0.875
2234,,-0.02128,0.9,0.35776,0.2,0.69504,0.85,0.14944,0.8
2235,1,1.0,0.95,0.42544,0.275,0.76272,0.9,0.18176,0.825
2236,,0.93232,0.9,0.39312,0.25,0.7304,0.85,0.11408,0.75
2237,,0.86464,0.85,0.3608,0.225,0.69808,0.8,0.0464,0.675
2238,,0.79696,0.8,0.32848,0.2,0.66576,0.75,-0.02128,0.6
2239,7,0.82928,0.85,0.39616,0.275,0.73344,0.8,1.0,0.625
2240,,0.7616,0.8,0.36384,0.25,0.70112,0.75,0.93232,0.55
2241,,0.69392,0.75,0.33152,0.225,0.6688,0.7,0.86464,0.475
2242,,0.62624,0.7,0.2992,0.2,0.63648,0.65,0.79696,0.4
2243,,0.55856,0.65,0.26688,0.175,0.60416,0.6,0.72928,0.325
2244,,0.49088,0.6,0.23456,0.15,0.57184,0.55,0.6616,0.25
2245,,0.4232,0.55,0.20224,0.125,0.53952,0.5,0.59392,0.175
2246,,0.35552,0.5,0.16992,0.1,0.5072,0.45,0.52624,0.1
2247,,0.28784,0.45,0.1376,0.075,0.47488,0.4,0.45856,0.025
2248,,0.22016,0.4,0.10528,0.05,0.44256,0.35,0.39088,-0.05
2249,8,0.25248,0.45,0.17296,0.125,0.51024,0.4,0.4232,1.0
2250,,0.1848,0.4,0.14064,0.1,0.47792,0.35,0.35552,0.925
2251,,0.11712,0.35,0.10832,0.075,0.4456,0.3,0.28784,0.85
2252,,0.04944,0.3,0.076,0.05,0.41328,0.25,0.22016,0.775
2253,,-0.01824,0.25,0.04368,0.025,0.38096,0.2,0.15248,0.7
2254,1,1.0,0.3,0.11136,0.1,0.44864,0.25,0.1848,0.725
2255,,0.93232,0.25,0.07904,0.075,0.41632,0.2,0.11712,0.65
2256,,0.86464,0.2,0.04672,0.05,0.384,0.15,0.04944,0.575
2257,,0.79696,0.15,0.0144,0.025,0.35168,0.1,-0.01824,0.5
2258,7,0.82928,0.2,0.08208,0.1,0.41936,0.15,1.0,0.525
2259,,0.7616,0.15,0.04976,0.075,0.38704,0.1,0.93232,0.45
2260,,0.69392,0.1,0.01744,0.05,0.35472,0.05,0.86464,0.375
2261,,0.62624,0.05,-0.01488,0.025,0.3224,0.0,0.79696,0.3
2262,3,0.65856,0.1,1.0,0.1,0.39008,0.05,0.82928,0.325
2263,,0.59088,0.05,0.96768,0.075,0.35776,0.0,0.7616,0.25
2264,,0.5232,0.0,0.93536,0.05,0.32544,-0.05,0.69392,0.175
2265,6,0.55552,0.05,1.0,0.125,0.39312,1.0,0.72624,0.2
2266,,0.48784,0.0,0.96768,0.1,0.3608,0.95,0.65856,0.125
2267,,0.42016,-0.05,0.93536,0.075,0.32848,0.9,0.59088,0.05
2268,2,0.45248,1.0,1.0,0.15,0.39616,0.95,0.6232,0.075
2269,,0.3848,0.95,0.96768,0.125,0.36384,0.9,0.55552,-0.0
2270,,0.31712,0.9,0.93536,0.1,0.33152,0.85,0.48784,-0.075
2271,8,0.34944,0.95,1.0,0.175,0.3992,0.9,0.52016,1.0
2272,,0.28176,0.9,0.96768,0.15,0.36688,0.85,0.45248,0.925
2273,,0.21408,0.85,0.93536,0.125,0.33456,0.8,0.3848,0.85
2274,,0.1464,0.8,0.90304,0.1,0.30224,0.75,0.31712,0.775
2275,,0.07872,0.75,0.87072,0.075,0.26992,0.7,0.24944,0.7
2276,,0.01104,0.7,0.8384,0.05,0.2376,0.65,0.18176,0.625
2277,,-0.05664,0.65,0.80608,0.025,0.20528,0.6,0.11408,0.55
2278,1,1.0,0.7,0.87376,0.1,0.27296,0.65,0.1464,0.575
2279,,0.93232,0.65,0.84144,0.075,0.24064,0.6,0.07872,0.5
2280,,0.86464,0.6,0.80912,0.05,0.20832,0.55,0.01104,0.425
2281,,0.79696,0.55,0.7768,0.025,0.176,0.5,-0.05664,0.35
2282,7,0.82928,0.6,0.84448,0.1,0.24368,0.55,1.0,0.375
2283,,0.7616,0.55,0.81216,0.075,0.21136,0.5,0.93232,0.3
2284,,0.69392,0.5,0.77984,0.05,0.17904,0.45,0.86464,0.225
2285,,0.62624,0.45,0.74752,0.025,0.14672,0.4,0.79696,0.15
2286,,0.55856,0.4,0.7152,0.0,0.1144,0.35,0.72928,0.075
2287,,0.49088,0.35,0.68288,-0.025,0.08208,0.3,0.6616,-0.0
2288,4,0.5232,0.4,0.75056,1.0,0.14976,0.35,0.69392,0.025
2289,,0.45552,0.35,0.71824,0.975,0.11744,0.3,0.62624,-0.05
2290,8,0.48784,0.4,0.78592,1.0,0.18512,0.35,0.65856,1.0
2291,,0.42016,0.35,0.7536,0.975,0.1528,0.3,0.59088,0.925
2292,,0.35248,0.3,0.72128,0.95,0.12048,0.25,0.5232,0.85
2293,,0.2848,0.25,0.68896,0.925,0.08816,0.2,0.45552,0.775
2294,,0.21712,0.2,0.65664,0.9,0.05584,0.15,0.38784,0.7
2295,,0.14944,0.15,0.62432,0.875,0.02352,0.1,0.32016,0.625
2296,,0.08176,0.1,0.592,0.85,-0.0088,0.05,0.25248,0.55
2297,5,0.11408,0.15,0.65968,0.925,1.0,0.1,0.2848,0.575
2298,,0.0464,0.1,0.62736,0.9,0.96768,0.05,0.21712,0.5
2299,,-0.02128,0.05,0.59504,0.875,0.93536,0.0,0.14944,0.425
2300,1,1.0,0.1,0.66272,0.95,1.0,0.05,0.18176,0.45
2301,,0.93232,0.05,0.6304,0.925,0.96768,0.0,0.11408,0.375
2302,,0.86464,0.0,0.59808,0.9,0.93536,-0.05,0.0464,0.3
2303,6,0.89696,0.05,0.66576,0.975,1.0,1.0,0.07872,0.325
2304,,0.82928,0.0,0.63344,0.95,0.96768,0.95,0.01104,0.25
2305,,0.7616,-0.05,0.60112,0.925,0.93536,0.9,-0.05664,0.175
2306,7,0.79392,0.0,0.6688,1.0,1.0,0.95,1.0,0.2
2307,,0.72624,-0.05,0.63648,0.975,0.96768,0.9,0.93232,0.125
2308,2,0.75856,1.0,0.70416,1.0,1.0,0.95,0.96464,0.15
2309,,0.69088,0.95,0.67184,0.975,0.96768,0.9,0.89696,0.075
2310,,0.6232,0.9,0.63952,0.95,0.93536,0.85,0.82928,-0.0
2311,,0.55552,0.85,0.6072,0.925,0.90304,0.8,0.7616,-0.075
2312,8,0.58784,0.9,0.67488,1.0,0.97072,0.85,0.79392,1.0
2313,,0.52016,0.85,0.64256,0.975,0.9384,0.8,0.72624,0.925
2314,,0.45248,0.8,0.61024,0.95,0.90608,0.75,0.65856,0.85
2315,,0.3848,0.75,0.57792,0.925,0.87376,0.7,0.59088,0.775
2316,,0.31712,0.7,0.5456,0.9,0.84144,0.65,0.5232,0.7
2317,,0.24944,0.65,0.51328,0.875,0.80912,0.6,0.45552,0.625
2318,,0.18176,0.6,0.48096,0.85,0.7768,0.55,0.38784,0.55
2319,,0.11408,0.55,0.44864,0.825,0.74448,0.5,0.32016,0.475
2320,,0.0464,0.5,0.41632,0.8,0.71216,0.45,0.25248,0.4
2321,,-0.02128,0.45,0.384,0.775,0.67984,0.4,0.1848,0.325
2322,1,1.0,0.5,0.45168,0.85,0.74752,0.45,0.21712,0.35
2323,,0.93232,0.45,0.41936,0.825,0.7152,0.4,0.14944,0.275
2324,,0.86464,0.4,0.38704,0.8,0.68288,0.35,0.08176,0.2
2325,,0.79696,0.35,0.35472,0.775,0.65056,0.3,0.01408,0.125
2326,,0.72928,0.3,0.3224,0.75,0.61824,0.25,-0.0536,0.05
2327,7,0.7616,0.35,0.39008,0.825,0.68592,0.3,1.0,0.075
2328,,0.69392,0.3,0.35776,0.8,0.6536,0.25,0.93232,-0.0
2329,,0.62624,0.25,0.32544,0.775,0.62128,0.2,0.86464,-0.075
2330,8,0.65856,0.3,0.39312,0.85,0.68896,0.25,0.89696,1.0
2331,,0.59088,0.25,0.3608,0.825,0.65664,0.2,0.82928,0.925
2332,,0.5232,0.2,0.32848,0.8,0.62432,0.15,0.7616,0.85
2333,,0.45552,0.15,0.29616,0.775,0.592,0.1,0.69392,0.775
2334,,0.38784,0.1,0.26384,0.75,0.55968,0.05,0.62624,0.7
2335,,0.32016,0.05,0.23152,0.725,0.52736,0.0,0.55856,0.625
2336,,0.25248,0.0,0.1992,0.7,0.49504,-0.05,0.49088,0.55
2337,6,0.2848,0.05,0.26688,0.775,0.56272,1.0,0.5232,0.575
2338,,0.21712,0.0,0.23456,0.75,0.5304,0.95,0.45552,0.5
2339,,0.14944,-0.05,0.20224,0.725,0.49808,0.9,0.38784,0.425
2340,2,0.18176,1.0,0.26992,0.8,0.56576,0.95,0.42016,0.45
2341,,0.11408,0.95,0.2376,0.775,0.53344,0.9,0.35248,0.375
2342,,0.0464,0.9,0.20528,0.75,0.50112,0.85,0.2848,0.3
2343,,-0.02128,0.85,0.17296,0.725,0.4688,0.8,0.21712,0.225
2344,1,1.0,0.9,0.24064,0.8,0.53648,0.85,0.24944,0.25
2345,,0.93232,0.85,0.20832,0.775,0.50416,0.8,0.18176,0.175
2346,,0.86464,0.8,0.176,0.75,0.47184,0.75,0.11408,0.1
2347,,0.79696,0.75,0.14368,0.725,0.43952,0.7,0.0464,0.025
2348,,0.72928,0.7,0.11136,0.7,0.4072,0.65,-0.02128,-0.05
2349,8,0.7616,0.75,0.17904,0.775,0.47488,0.7,0.01104,1.0
2350,,0.69392,0.7,0.14672,0.75,0.44256,0.65,-0.05664,0.925
2351,7,0.72624,0.75,0.2144,0.825,0.51024,0.7,1.0,0.95
2352,,0.65856,0.7,0.18208,0.8,0.47792,0.65,0.93232,0.875
2353,,0.59088,0.65,0.14976,0.775,0.4456,0.6,0.86464,0.8
2354,,0.5232,0.6,0.11744,0.75,0.41328,0.55,0.79696,0.725
2355,,0.45552,0.55,0.08512,0.725,0.38096,0.5,0.72928,0.65
2356,,0.38784,0.5,0.0528,0.7,0.34864,0.45,0.6616,0.575
2357,,0.32016,0.45,0.02048,0.675,0.31632,0.4,0.59392,0.5
2358,,0.25248,0.4,-0.01184,0.65,0.284,0.35,0.52624,0.425
2359,3,0.2848,0.45,1.0,0.725,0.35168,0.4,0.55856,0.45
2360,,0.21712,0.4,0.96768,0.7,0.31936,0.35,0.49088,0.375
2361,,0.14944,0.35,0.93536,0.675,0.28704,0.3,0.4232,0.3
2362,,0.08176,0.3,0.90304,0.65,0.25472,0.25,0.35552,0.225
2363,,0.01408,0.25,0.87072,0.625,0.2224,0.2,0.28784,0.15
2364,,-0.0536,0.2,0.8384,0.6,0.19008,0.15,0.22016,0.075
2365,1,1.0,0.25,0.90608,0.675,0.25776,0.2,0.25248,0.1
2366,,0.93232,0.2,0.87376,0.65,0.22544,0.15,0.1848,0.025
2367,,0.86464,0.15,0.84144,0.625,0.19312,0.1,0.11712,-0.05
2368,8,0.89696,0.2,0.90912,0.7,0.2608,0.15,0.14944,1.0
2369,,0.82928,0.15,0.8768,0.675,0.22848,0.1,0.08176,0.925
2370,,0.7616,0.1,0.84448,0.65,0.19616,0.05,0.01408,0.85
2371,,0.69392,0.05,0.81216,0.625,0.16384,0.0,-0.0536,0.775
2372,7,0.72624,0.1,0.87984,0.7,0.23152,0.05,1.0,0.8
2373,,0.65856,0.05,0.84752,0.675,0.1992,0.0,0.93232,0.725
2374,,0.59088,0.0,0.8152,0.65,0.16688,-0.05,0.86464,0.65
2375,6,0.6232,0.05,0.88288,0.725,0.23456,1.0,0.89696,0.675
2376,,0.55552,0.0,0.85056,0.7,0.20224,0.95,0.82928,0.6
2377,,0.48784,-0.05,0.81824,0.675,0.16992,0.9,0.7616,0.525
2378,2,0.52016,1.0,0.88592,0.75,0.2376,0.95,0.79392,0.55
2379,,0.45248,0.95,0.8536,0.725,0.20528,0.9,0.72624,0.475
2380,,0.3848,0.9,0.82128,0.7,0.17296,0.85,0.65856,0.4
2381,,0.31712,0.85,0.78896,0.675,0.14064,0.8,0.59088,0.325
2382,,0.24944,0.8,0.75664,0.65,0.10832,0.75,0.5232,0.25
2383,,0.18176,0.75,0.72432,0.625,0.076,0.7,0.45552,0.175
2384,,0.11408,0.7,0.692,0.6,0.04368,0.65,0.38784,0.1
2385,,0.0464,0.65,0.65968,0.575,0.01136,0.6,0.32016,0.025
2386,,-0.02128,0.6,0.62736,0.55,-0.02096,0.55,0.25248,-0.05
2387,8,0.01104,0.65,0.69504,0.625,0.04672,0.6,0.2848,1.0
2388,,-0.05664,0.6,0.66272,0.6,0.0144,0.55,0.21712,0.925
2389,1,1.0,0.65,0.7304,0.675,0.08208,0.6,0.24944,0.95
2390,,0.93232,0.6,0.69808,0.65,0.04976,0.55,0.18176,0.875
2391,,0.86464,0.55,0.66576,0.625,0.01744,0.5,0.11408,0.8
2392,,0.79696,0.5,0.63344,0.6,-0.01488,0.45,0.0464,0.725
2393,5,0.82928,0.55,0.70112,0.675,1.0,0.5,0.07872,0.75
2394,,0.7616,0.5,0.6688,0.65,0.96768,0.45,0.01104,0.675
2395,,0.69392,0.45,0.63648,0.625,0.93536,0.4,-0.05664,0.6
2396,7,0.72624,0.5,0.70416,0.7,1.0,0.45,1.0,0.625
2397,,0.65856,0.45,0.67184,0.675,0.96768,0.4,0.93232,0.55
2398,,0.59088,0.4,0.63952,0.65,0.93536,0.35,0.86464,0.475
2399,,0.5232,0.35,0.6072,0.625,0.90304,0.3,0.79696,0.4
2400,,0.45552,0.3,0.57488,0.6,0.87072,0.25,0.72928,0.325
2401,,0.38784,0.25,0.54256,0.575,0.8384,0.2,0.6616,0.25
2402,,0.32016,0.2,0.51024,0.55,0.80608,0.15,0.59392,0.175
2403,,0.25248,0.15,0.47792,0.525,0.77376,0.1,0.52624,0.1
2404,,0.1848,0.1,0.4456,0.5,0.74144,0.05,0.45856,0.025
2405,,0.11712,0.05,0.41328,0.475,0.70912,0.0,0.39088,-0.05
2406,8,0.14944,0.1,0.48096,0.55,0.7768,0.05,0.4232,1.0
2407,,0.08176,0.05,0.44864,0.525,0.74448,0.0,0.35552,0.925
2408,,0.01408,0.0,0.41632,0.5,0.71216,-0.05,0.28784,0.85
2409,6,0.0464,0.05,0.484,0.575,0.77984,1.0,0.32016,0.875
2410,,-0.02128,0.0,0.45168,0.55,0.74752,0.95,0.25248,0.8
2411,1,1.0,0.05,0.51936,0.625,0.8152,1.0,0.2848,0.825
2412,,0.93232,0.0,0.48704,0.6,0.78288,0.95,0.21712,0.75
2413,,0.86464,-0.05,0.45472,0.575,0.75056,0.9,0.14944,0.675
2414,2,0.89696,1.0,0.5224,0.65,0.81824,0.95,0.18176,0.7
2415,,0.82928,0.95,0.49008,0.625,0.78592,0.9,0.11408,0.625
2416,,0.7616,0.9,0.45776,0.6,0.7536,0.85,0.0464,0.55
2417,,0.69392,0.85,0.42544,0.575,0.72128,0.8,-0.02128,0.475
2418,7,0.72624,0.9,0.49312,0.65,0.78896,0.85,1.0,0.5
2419,,0.65856,0.85,0.4608,0.625,0.75664,0.8,0.93232,0.425
2420,,0.59088,0.8,0.42848,0.6,0.72432,0.75,0.86464,0.35
2421,,0.5232,0.75,0.39616,0.575,0.692,0.7,0.79696,0.275
2422,,0.45552,0.7,0.36384,0.55,0.65968,0.65,0.72928,0.2
2423,,0.38784,0.65,0.33152,0.525,0.62736,0.6,0.6616,0.125
2424,,0.32016,0.6,0.2992,0.5,0.59504,0.55,0.59392,0.05
2425,,0.25248,0.55,0.26688,0.475,0.56272,0.5,0.52624,-0.025
2426,8,0.2848,0.6,0.33456,0.55,0.6304,0.55,0.55856,1.0
2427,,0.21712,0.55,0.30224,0.525,0.59808,0.5,0.49088,0.925
2428,,0.14944,0.5,0.26992,0.5,0.56576,0.45,0.4232,0.85
2429,,0.08176,0.45,0.2376,0.475,0.53344,0.4,0.35552,0.775
2430,,0.01408,0.4,0.20528,0.45,0.50112,0.35,0.28784,0.7
2431,,-0.0536,0.35,0.17296,0.425,0.4688,0.3,0.22016,0.625
2432,1,1.0,0.4,0.24064,0.5,0.53648,0.35,0.25248,0.65
2433,,0.93232,0.35,0.20832,0.475,0.50416,0.3,0.1848,0.575
2434,,0.86464,0.3,0.176,0.45,0.47184,0.25,0.11712,0.5
2435,,0.79696,0.25,0.14368,0.425,0.43952,0.2,0.04944,0.425
2436,,0.72928,0.2,0.11136,0.4,0.4072,0.15,-0.01824,0.35
2437,7,0.7616,0.25,0.17904,0.475,0.47488,0.2,1.0,0.375
2438,,0.69392,0.2,0.14672,0.45,0.44256,0.15,0.93232,0.3
2439,,0.62624,0.15,0.1144,0.425,0.41024,0.1,0.86464,0.225
2440,,0.55856,0.1,0.08208,0.4,0.37792,0.05,0.79696,0.15
2441,,0.49088,0.05,0.04976,0.375,0.3456,0.0,0.72928,0.075
2442,,0.4232,0.0,0.01744,0.35,0.31328,-0.05,0.6616,-0.0
2443,6,0.45552,0.05,0.08512,0.425,0.38096,1.0,0.69392,0.025
2444,,0.38784,0.0,0.0528,0.4,0.34864,0.95,0.62624,-0.05
2445,8,0.42016,0.05,0.12048,0.475,0.41632,1.0,0.65856,1.0
2446,,0.35248,0.0,0.08816,0.45,0.384,0.95,0.59088,0.925
2447,,0.2848,-0.05,0.05584,0.425,0.35168,0.9,0.5232,0.85
2448,2,0.31712,1.0,0.12352,0.5,0.41936,0.95,0.55552,0.875
2449,,0.24944,0.95,0.0912,0.475,0.38704,0.9,0.48784,0.8
2450,,0.18176,0.9,0.05888,0.45,0.35472,0.85,0.42016,0.725
2451,,0.11408,0.85,0.02656,0.425,0.3224,0.8,0.35248,0.65
2452,,0.0464,0.8,-0.00576,0.4,0.29008,0.75,0.2848,0.575
2453,3,0.07872,0.85,1.0,0.475,0.35776,0.8,0.31712,0.6
2454,,0.01104,0.8,0.96768,0.45,0.32544,0.75,0.24944,0.525
2455,,-0.05664,0.75,0.93536,0.425,0.29312,0.7,0.18176,0.45
2456,1,1.0,0.8,1.0,0.5,0.3608,0.75,0.21408,0.475
2457,,0.93232,0.75,0.96768,0.475,0.32848,0.7,0.1464,0.4
2458,,0.86464,0.7,0.93536,0.45,0.29616,0.65,0.07872,0.325
2459,,0.79696,0.65,0.90304,0.425,0.26384,0.6,0.01104,0.25
2460,,0.72928,0.6,0.87072,0.4,0.23152,0.55,-0.05664,0.175
2461,7,0.7616,0.65,0.9384,0.475,0.2992,0.6,1.0,0.2
2462,,0.69392,0.6,0.90608,0.45,0.26688,0.55,0.93232,0.125
2463,,0.62624,0.55,0.87376,0.425,0.23456,0.5,0.86464,0.05
2464,,0.55856,0.5,0.84144,0.4,0.20224,0.45,0.79696,-0.025
2465,8,0.59088,0.55,0.90912,0.475,0.26992,0.5,0.82928,1.0
2466,,0.5232,0.5,0.8768,0.45,0.2376,0.45,0.7616,0.925
2467,,0.45552,0.45,0.84448,0.425,0.20528,0.4,0.69392,0.85
2468,,0.38784,0.4,0.81216,0.4,0.17296,0.35,0.62624,0.775
2469,,0.32016,0.35,0.77984,0.375,0.14064,0.3,0.55856,0.7
2470,,0.25248,0.3,0.74752,0.35,0.10832,0.25,0.49088,0.625
2471,,0.1848,0.25,0.7152,0.325,0.076,0.2,0.4232,0.55
2472,,0.11712,0.2,0.68288,0.3,0.04368,0.15,0.35552,0.475
2473,,0.04944,0.15,0.65056,0.275,0.01136,0.1,0.28784,0.4
2474,,-0.01824,0.1,0.61824,0.25,-0.02096,0.05,0.22016,0.325
2475,5,0.01408,0.15,0.68592,0.325,1.0,0.1,0.25248,0.35
2476,,-0.0536,0.1,0.6536,0.3,0.96768,0.05,0.1848,0.275
2477,1,1.0,0.15,0.72128,0.375,1.0,0.1,0.21712,0.3
2478,,0.93232,0.1,0.68896,0.35,0.96768,0.05,0.14944,0.225
2479,,0.86464,0.05,0.65664,0.325,0.93536,0.0,0.08176,0.15
2480,,0.79696,0.0,0.62432,0.3,0.90304,-0.05,0.01408,0.075
2481,6,0.82928,0.05,0.692,0.375,0.97072,1.0,0.0464,0.1
2482,,0.7616,0.0,0.65968,0.35,0.9384,0.95,-0.02128,0.025
2483,7,0.79392,0.05,0.72736,0.425,1.0,1.0,1.0,0.05
2484,,0.72624,0.0,0.69504,0.4,0.96768,0.95,0.93232,-0.025
2485,8,0.75856,0.05,0.76272,0.475,1.0,1.0,0.96464,1.0
2486,,0.69088,0.0,0.7304,0.45,0.96768,0.95,0.89696,0.925
2487,,0.6232,-0.05,0.69808,0.425,0.93536,0.9,0.82928,0.85
2488,2,0.65552,1.0,0.76576,0.5,1.0,0.95,0.8616,0.875
2489,,0.58784,0.95,0.73344,0.475,0.96768,0.9,0.79392,0.8
2490,,0.52016,0.9,0.70112,0.45,0.93536,0.85,0.72624,0.725
2491,,0.45248,0.85,0.6688,0.425,0.90304,0.8,0.65856,0.65
2492,,0.3848,0.8,0.63648,0.4,0.87072,0.75,0.59088,0.575
2493,,0.31712,0.75,0.60416,0.375,0.8384,0.7,0.5232,0.5
2494,,0.24944,0.7,0.57184,0.35,0.80608,0.65,0.45552,0.425
2495,,0.18176,0.65,0.53952,0.325,0.77376,0.6,0.38784,0.35
2496,,0.11408,0.6,0.5072,0.3,0.74144,0.55,0.32016,0.275
2497,,0.0464,0.55,0.47488,0.275,0.70912,0.5,0.25248,0.2
2498,,-0.02128,0.5,0.44256,0.25,0.6768,0.45,0.1848,0.125
2499,1,1.0,0.55,0.51024,0.325,0.74448,0.5,0.21712,0.15
2500,,0.93232,0.5,0.47792,0.3,0.71216,0.45,0.14944,0.075
2501,,0.86464,0.45,0.4456,0.275,0.67984,0.4,0.08176,-0.0
2502,,0.79696,0.4,0.41328,0.25,0.64752,0.35,0.01408,-0.075
2503,8,0.82928,0.45,0.48096,0.325,0.7152,0.4,0.0464,1.0
2504,,0.7616,0.4,0.44864,0.3,0.68288,0.35,-0.02128,0.925
2505,7,0.79392,0.45,0.51632,0.375,0.75056,0.4,1.0,0.95
2506,,0.72624,0.4,0.484,0.35,0.71824,0.35,0.93232,0.875
2507,,0.65856,0.35,0.45168,0.325,0.68592,0.3,0.86464,0.8
2508,,0.59088,0.3,0.41936,0.3,0.6536,0.25,0.79696,0.725
2509,,0.5232,0.25,0.38704,0.275,0.62128,0.2,0.72928,0.65
2510,,0.45552,0.2,0.35472,0.25,0.58896,0.15,0.6616,0.575
2511,,0.38784,0.15,0.3224,0.225,0.55664,0.1,0.59392,0.5
2512,,0.32016,0.1,0.29008,0.2,0.52432,0.05,0.52624,0.425
2513,,0.25248,0.05,0.25776,0.175,0.492,0.0,0.45856,0.35
2514,,0.1848,0.0,0.22544,0.15,0.45968,-0.05,0.39088,0.275
2515,6,0.21712,0.05,0.29312,0.225,0.52736,1.0,0.4232,0.3
2516,,0.14944,0.0,0.2608,0.2,0.49504,0.95,0.35552,0.225
2517,,0.08176,-0.05,0.22848,0.175,0.46272,0.9,0.28784,0.15
2518,2,0.11408,1.0,0.29616,0.25,0.5304,0.95,0.32016,0.175
2519,,0.0464,0.95,0.26384,0.225,0.49808,0.9,0.25248,0.1
2520,,-0.02128,0.9,0.23152,0.2,0.46576,0.85,0.1848,0.025
2521,1,1.0,0.95,0.2992,0.275,0.53344,0.9,0.21712,0.05
2522,,0.93232,0.9,0.26688,0.25,0.50112,0.85,0.14944,-0.025
2523,8,0.96464,0.95,0.33456,0.325,0.5688,0.9,0.18176,1.0
2524,,0.89696,0.9,0.30224,0.3,0.53648,0.85,0.11408,0.925
2525,,0.82928,0.85,0.26992,0.275,0.50416,0.8,0.0464,0.85
2526,,0.7616,0.8,0.2376,0.25,0.47184,0.75,-0.02128,0.775
2527,7,0.79392,0.85,0.30528,0.325,0.53952,0.8,1.0,0.8
2528,,0.72624,0.8,0.27296,0.3,0.5072,0.75,0.93232,0.725
2529,,0.65856,0.75,0.24064,0.275,0.47488,0.7,0.86464,0.65
2530,,0.59088,0.7,0.20832,0.25,0.44256,0.65,0.79696,0.575
2531,,0.5232,0.65,0.176,0.225,0.41024,0.6,0.72928,0.5
2532,,0.45552,0.6,0.14368,0.2,0.37792,0.55,0.6616,0.425
2533,,0.38784,0.55,0.11136,0.175,0.3456,0.5,0.59392,0.35
2534,,0.32016,0.5,0.07904,0.15,0.31328,0.45,0.52624,0.275
2535,,0.25248,0.45,0.04672,0.125,0.28096,0.4,0.45856,0.2
2536,,0.1848,0.4,0.0144,0.1,0.24864,0.35,0.39088,0.125
2537,,0.11712,0.35,-0.01792,0.075,0.21632,0.3,0.3232,0.05
2538,3,0.14944,0.4,1.0,0.15,0.284,0.35,0.35552,0.075
2539,,0.08176,0.35,0.96768,0.125,0.25168,0.3,0.28784,-0.0
2540,,0.01408,0.3,0.93536,0.1,0.21936,0.25,0.22016,-0.075
2541,8,0.0464,0.35,1.0,0.175,0.28704,0.3,0.25248,1.0
2542,,-0.02128,0.3,0.96768,0.15,0.25472,0.25,0.1848,0.925
2543,1,1.0,0.35,1.0,0.225,0.3224,0.3,0.21712,0.95
2544,,0.93232,0.3,0.96768,0.2,0.29008,0.25,0.14944,0.875
2545,,0.86464,0.25,0.93536,0.175,0.25776,0.2,0.08176,0.8
2546,,0.79696,0.2,0.90304,0.15,0.22544,0.15,0.01408,0.725
2547,,0.72928,0.15,0.87072,0.125,0.19312,0.1,-0.0536,0.65
2548,7,0.7616,0.2,0.9384,0.2,0.2608,0.15,1.0,0.675
2549,,0.69392,0.15,0.90608,0.175,0.22848,0.1,0.93232,0.6
2550,,0.62624,0.1,0.87376,0.15,0.19616,0.05,0.86464,0.525
2551,,0.55856,0.05,0.84144,0.125,0.16384,0.0,0.79696,0.45
2552,,0.49088,0.0,0.80912,0.1,0.13152,-0.05,0.72928,0.375
2553,6,0.5232,0.05,0.8768,0.175,0.1992,1.0,0.7616,0.4
2554,,0.45552,0.0,0.84448,0.15,0.16688,0.95,0.69392,0.325
2555,,0.38784,-0.05,0.81216,0.125,0.13456,0.9,0.62624,0.25
2556,2,0.42016,1.0,0.87984,0.2,0.20224,0.95,0.65856,0.275
2557,,0.35248,0.95,0.84752,0.175,0.16992,0.9,0.59088,0.2
2558,,0.2848,0.9,0.8152,0.15,0.1376,0.85,0.5232,0.125
2559,,0.21712,0.85,0.78288,0.125,0.10528,0.8,0.45552,0.05
2560,,0.14944,0.8,0.75056,0.1,0.07296,0.75,0.38784,-0.025
2561,8,0.18176,0.85,0.81824,0.175,0.14064,0.8,0.42016,1.0
2562,,0.11408,0.8,0.78592,0.15,0.10832,0.75,0.35248,0.925
2563,,0.0464,0.75,0.7536,0.125,0.076,0.7,0.2848,0.85
2564,,-0.02128,0.7,0.72128,0.1,0.04368,0.65,0.21712,0.775
2565,1,1.0,0.75,0.78896,0.175,0.11136,0.7,0.24944,0.8
2566,,0.93232,0.7,0.75664,0.15,0.07904,0.65,0.18176,0.725
2567,,0.86464,0.65,0.72432,0.125,0.04672,0.6,0.11408,0.65
2568,,0.79696,0.6,0.692,0.1,0.0144,0.55,0.0464,0.575
2569,,0.72928,0.55,0.65968,0.075,-0.01792,0.5,-0.02128,0.5
2570,7,0.7616,0.6,0.72736,0.15,0.04976,0.55,1.0,0.525
2571,,0.69392,0.55,0.69504,0.125,0.01744,0.5,0.93232,0.45
2572,,0.62624,0.5,0.66272,0.1,-0.01488,0.45,0.86464,0.375
2573,5,0.65856,0.55,0.7304,0.175,1.0,0.5,0.89696,0.4
2574,,0.59088,0.5,0.69808,0.15,0.96768,0.45,0.82928,0.325
2575,,0.5232,0.45,0.66576,0.125,0.93536,0.4,0.7616,0.25
2576,,0.45552,0.4,0.63344,0.1,0.90304,0.35,0.69392,0.175
2577,,0.38784,0.35,0.60112,0.075,0.87072,0.3,0.62624,0.1
2578,,0.32016,0.3,0.5688,0.05,0.8384,0.25,0.55856,0.025
2579,,0.25248,0.25,0.53648,0.025,0.80608,0.2,0.49088,-0.05
2580,8,0.2848,0.3,0.60416,0.1,0.87376,0.25,0.5232,1.0
2581,,0.21712,0.25,0.57184,0.075,0.84144,0.2,0.45552,0.925
2582,,0.14944,0.2,0.53952,0.05,0.80912,0.15,0.38784,0.85
2583,,0.08176,0.15,0.5072,0.025,0.7768,0.1,0.32016,0.775
2584,,0.01408,0.1,0.47488,0.0,0.74448,0.05,0.25248,0.7
2585,,-0.0536,0.05,0.44256,-0.025,0.71216,0.0,0.1848,0.625
2586,1,1.0,0.1,0.51024,0.05,0.77984,0.05,0.21712,0.65
2587,,0.93232,0.05,0.47792,0.025,0.74752,0.0,0.14944,0.575
2588,,0.86464,0.0,0.4456,0.0,0.7152,-0.05,0.08176,0.5
2589,6,0.89696,0.05,0.51328,0.075,0.78288,1.0,0.11408,0.525
2590,,0.82928,0.0,0.48096,0.05,0.75056,0.95,0.0464,0.45
2591,,0.7616,-0.05,0.44864,0.025,0.71824,0.9,-0.02128,0.375
2592,2,0.79392,1.0,0.51632,0.1,0.78592,0.95,0.01104,0.4
2593,,0.72624,0.95,0.484,0.075,0.7536,0.9,-0.05664,0.325
2594,7,0.75856,1.0,0.55168,0.15,0.82128,0.95,1.0,0.35
2595,,0.69088,0.95,0.51936,0.125,0.78896,0.9,0.93232,0.275
2596,,0.6232,0.9,0.48704,0.1,0.75664,0.85,0.86464,0.2
2597,,0.55552,0.85,0.45472,0.075,0.72432,0.8,0.79696,0.125
2598,,0.48784,0.8,0.4224,0.05,0.692,0.75,0.72928,0.05
2599,,0.42016,0.75,0.39008,0.025,0.65968,0.7,0.6616,-0.025
2600,8,0.45248,0.8,0.45776,0.1,0.72736,0.75,0.69392,1.0
2601,,0.3848,0.75,0.42544,0.075,0.69504,0.7,0.62624,0.925
2602,,0.31712,0.7,0.39312,0.05,0.66272,0.65,0.55856,0.85
2603,,0.24944,0.65,0.3608,0.025,0.6304,0.6,0.49088,0.775
2604,,0.18176,0.6,0.32848,0.0,0.59808,0.55,0.4232,0.7
2605,,0.11408,0.55,0.29616,-0.025,0.56576,0.5,0.35552,0.625
2606,4,0.1464,0.6,0.36384,1.0,0.63344,0.55,0.38784,0.65
2607,,0.07872,0.55,0.33152,0.975,0.60112,0.5,0.32016,0.575
2608,,0.01104,0.5,0.2992,0.95,0.5688,0.45,0.25248,0.5
2609,,-0.05664,0.45,0.26688,0.925,0.53648,0.4,0.1848,0.425
2610,1,1.0,0.5,0.33456,1.0,0.60416,0.45,0.21712,0.45
2611,,0.93232,0.45,0.30224,0.975,0.57184,0.4,0.14944,0.375
2612,,0.86464,0.4,0.26992,0.95,0.53952,0.35,0.08176,0.3
2613,,0.79696,0.35,0.2376,0.925,0.5072,0.3,0.01408,0.225
2614,,0.72928,0.3,0.20528,0.9,0.47488,0.25,-0.0536,0.15
2615,7,0.7616,0.35,0.27296,0.975,0.54256,0.3,1.0,0.175
2616,,0.69392,0.3,0.24064,0.95,0.51024,0.25,0.93232,0.1
2617,,0.62624,0.25,0.20832,0.925,0.47792,0.2,0.86464,0.025
2618,,0.55856,0.2,0.176,0.9,0.4456,0.15,0.79696,-0.05
2619,8,0.59088,0.25,0.24368,0.975,0.51328,0.2,0.82928,1.0
2620,,0.5232,0.2,0.21136,0.95,0.48096,0.15,0.7616,0.925
2621,,0.45552,0.15,0.17904,0.925,0.44864,0.1,0.69392,0.85
2622,,0.38784,0.1,0.14672,0.9,0.41632,0.05,0.62624,0.775
2623,,0.32016,0.05,0.1144,0.875,0.384,0.0,0.55856,0.7
2624,,0.25248,0.0,0.08208,0.85,0.35168,-0.05,0.49088,0.625
2625,6,0.2848,0.05,0.14976,0.925,0.41936,1.0,0.5232,0.65
2626,,0.21712,0.0,0.11744,0.9,0.38704,0.95,0.45552,0.575
2627,,0.14944,-0.05,0.08512,0.875,0.35472,0.9,0.38784,0.5
2628,2,0.18176,1.0,0.1528,0.95,0.4224,0.95,0.42016,0.525
2629,,0.11408,0.95,0.12048,0.925,0.39008,0.9,0.35248,0.45
2630,,0.0464,0.9,0.08816,0.9,0.35776,0.85,0.2848,0.375
2631,,-0.02128,0.85,0.05584,0.875,0.32544,0.8,0.21712,0.3
2632,1,1.0,0.9,0.12352,0.95,0.39312,0.85,0.24944,0.325
2633,,0.93232,0.85,0.0912,0.925,0.3608,0.8,0.18176,0.25
2634,,0.86464,0.8,0.05888,0.9,0.32848,0.75,0.11408,0.175
2635,,0.79696,0.75,0.02656,0.875,0.29616,0.7,0.0464,0.1
2636,,0.72928,0.7,-0.00576,0.85,0.26384,0.65,-0.02128,0.025
2637,7,0.7616,0.75,0.06192,0.925,0.33152,0.7,1.0,0.05
2638,,0.69392,0.7,0.0296,0.9,0.2992,0.65,0.93232,-0.025
2639,8,0.72624,0.75,0.09728,0.975,0.36688,0.7,0.96464,1.0
2640,,0.65856,0.7,0.06496,0.95,0.33456,0.65,0.89696,0.925
2641,,0.59088,0.65,0.03264,0.925,0.30224,0.6,0.82928,0.85
2642,,0.5232,0.6,0.00032,0.9,0.26992,0.55,0.7616,0.775
2643,,0.45552,0.55,-0.032,0.875,0.2376,0.5,0.69392,0.7
2644,3,0.48784,0.6,1.0,0.95,0.30528,0.55,0.72624,0.725
2645,,0.42016,0.55,0.96768,0.925,0.27296,0.5,0.65856,0.65
2646,,0.35248,0.5,0.93536,0.9,0.24064,0.45,0.59088,0.575
2647,,0.2848,0.45,0.90304,0.875,0.20832,0.4,0.5232,0.5
2648,,0.21712,0.4,0.87072,0.85,0.176,0.35,0.45552,0.425
2649,,0.14944,0.35,0.8384,0.825,0.14368,0.3,0.38784,0.35
2650,,0.08176,0.3,0.80608,0.8,0.11136,0.25,0.32016,0.275
2651,,0.01408,0.25,0.77376,0.775,0.07904,0.2,0.25248,0.2
2652,,-0.0536,0.2,0.74144,0.75,0.04672,0.15,0.1848,0.125
2653,1,1.0,0.25,0.80912,0.825,0.1144,0.2,0.21712,0.15
2654,,0.93232,0.2,0.7768,0.8,0.08208,0.15,0.14944,0.075
2655,,0.86464,0.15,0.74448,0.775,0.04976,0.1,0.08176,-0.0
2656,,0.79696,0.1,0.71216,0.75,0.01744,0.05,0.01408,-0.075
2657,8,0.82928,0.15,0.77984,0.825,0.08512,0.1,0.0464,1.0
2658,,0.7616,0.1,0.74752,0.8,0.0528,0.05,-0.02128,0.925
2659,7,0.79392,0.15,0.8152,0.875,0.12048,0.1,1.0,0.95
2660,,0.72624,0.1,0.78288,0.85,0.08816,0.05,0.93232,0.875
2661,,0.65856,0.05,0.75056,0.825,0.05584,0.0,0.86464,0.8
2662,,0.59088,0.0,0.71824,0.8,0.02352,-0.05,0.79696,0.725
2663,6,0.6232,0.05,0.78592,0.875,0.0912,1.0,0.82928,0.75
2664,,0.55552,0.0,0.7536,0.85,0.05888,0.95,0.7616,0.675
2665,,0.48784,-0.05,0.72128,0.825,0.02656,0.9,0.69392,0.6
2666,2,0.52016,1.0,0.78896,0.9,0.09424,0.95,0.72624,0.625
2667,,0.45248,0.95,0.75664,0.875,0.06192,0.9,0.65856,0.55
2668,,0.3848,0.9,0.72432,0.85,0.0296,0.85,0.59088,0.475
2669,,0.31712,0.85,0.692,0.825,-0.00272,0.8,0.5232,0.4
2670,5,0.34944,0.9,0.75968,0.9,1.0,0.85,0.55552,0.425
2671,,0.28176,0.85,0.72736,0.875,0.96768,0.8,0.48784,0.35
2672,,0.21408,0.8,0.69504,0.85,0.93536,0.75,0.42016,0.275
2673,,0.1464,0.75,0.66272,0.825,0.90304,0.7,0.35248,0.2
2674,,0.07872,0.7,0.6304,0.8,0.87072,0.65,0.2848,0.125
2675,,0.01104,0.65,0.59808,0.775,0.8384,0.6,0.21712,0.05
2676,,-0.05664,0.6,0.56576,0.75,0.80608,0.55,0.14944,-0.025
2677,1,1.0,0.65,0.63344,0.825,0.87376,0.6,0.18176,0.0
2678,,0.93232,0.6,0.60112,0.8,0.84144,0.55,0.11408,-0.075
2679,8,0.96464,0.65,0.6688,0.875,0.90912,0.6,0.1464,1.0
2680,,0.89696,0.6,0.63648,0.85,0.8768,0.55,0.07872,0.925
2681,,0.82928,0.55,0.60416,0.825,0.84448,0.5,0.01104,0.85
2682,,0.7616,0.5,0.57184,0.8,0.81216,0.45,-0.05664,0.775
2683,7,0.79392,0.55,0.63952,0.875,0.87984,0.5,1.0,0.8
2684,,0.72624,0.5,0.6072,0.85,0.84752,0.45,0.93232,0.725
2685,,0.65856,0.45,0.57488,0.825,0.8152,0.4,0.86464,0.65
2686,,0.59088,0.4,0.54256,0.8,0.78288,0.35,0.79696,0.575
2687,,0.5232,0.35,0.51024,0.775,0.75056,0.3,0.72928,0.5
2688,,0.45552,0.3,0.47792,0.75,0.71824,0.25,0.6616,0.425
2689,,0.38784,0.25,0.4456,0.725,0.68592,0.2,0.59392,0.35
2690,,0.32016,0.2,0.41328,0.7,0.6536,0.15,0.52624,0.275
2691,,0.25248,0.15,0.38096,0.675,0.62128,0.1,0.45856,0.2
2692,,0.1848,0.1,0.34864,0.65,0.58896,0.05,0.39088,0.125
2693,,0.11712,0.05,0.31632,0.625,0.55664,0.0,0.3232,0.05
2694,,0.04944,0.0,0.284,0.6,0.52432,-0.05,0.25552,-0.025
2695,6,0.08176,0.05,0.35168,0.675,0.592,1.0,0.28784,0.0
2696,,0.01408,0.0,0.31936,0.65,0.55968,0.95,0.22016,-0.075
2697,8,0.0464,0.05,0.38704,0.725,0.62736,1.0,0.25248,1.0
2698,,-0.02128,0.0,0.35472,0.7,0.59504,0.95,0.1848,0.925
2699,1,1.0,0.05,0.4224,0.775,0.66272,1.0,0.21712,0.95
2700,,0.93232,0.0,0.39008,0.75,0.6304,0.95,0.14944,0.875
2701,,0.86464,-0.05,0.35776,0.725,0.59808,0.9,0.08176,0.8
2702,2,0.89696,1.0,0.42544,0.8,0.66576,0.95,0.11408,0.825
2703,,0.82928,0.95,0.39312,0.775,0.63344,0.9,0.0464,0.75
2704,,0.7616,0.9,0.3608,0.75,0.60112,0.85,-0.02128,0.675
2705,7,0.79392,0.95,0.42848,0.825,0.6688,0.9,1.0,0.7
2706,,0.72624,0.9,0.39616,0.8,0.63648,0.85,0.93232,0.625
2707,,0.65856,0.85,0.36384,0.775,0.60416,0.8,0.86464,0.55
2708,,0.59088,0.8,0.33152,0.75,0.57184,0.75,0.79696,0.475
2709,,0.5232,0.75,0.2992,0.725,0.53952,0.7,0.72928,0.4
2710,,0.45552,0.7,0.26688,0.7,0.5072,0.65,0.6616,0.325
2711,,0.38784,0.65,0.23456,0.675,0.47488,0.6,0.59392,0.25
2712,,0.32016,0.6,0.20224,0.65,0.44256,0.55,0.52624,0.175
2713,,0.25248,0.55,0.16992,0.625,0.41024,0.5,0.45856,0.1
2714,,0.1848,0.5,0.1376,0.6,0.37792,0.45,0.39088,0.025
2715,,0.11712,0.45,0.10528,0.575,0.3456,0.4,0.3232,-0.05
2716,8,0.14944,0.5,0.17296,0.65,0.41328,0.45,0.35552,1.0
2717,,0.08176,0.45,0.14064,0.625,0.38096,0.4,0.28784,0.925
2718,,0.01408,0.4,0.10832,0.6,0.34864,0.35,0.22016,0.85
2719,,-0.0536,0.35,0.076,0.575,0.31632,0.3,0.15248,0.775
2720,1,1.0,0.4,0.14368,0.65,0.384,0.35,0.1848,0.8
2721,,0.93232,0.35,0.11136,0.625,0.35168,0.3,0.11712,0.725
2722,,0.86464,0.3,0.07904,0.6,0.31936,0.25,0.04944,0.65
2723,,0.79696,0.25,0.04672,0.575,0.28704,0.2,-0.01824,0.575
2724,7,0.82928,0.3,0.1144,0.65,0.35472,0.25,1.0,0.6
2725,,0.7616,0.25,0.08208,0.625,0.3224,0.2,0.93232,0.525
2726,,0.69392,0.2,0.04976,0.6,0.29008,0.15,0.86464,0.45
2727,,0.62624,0.15,0.01744,0.575,0.25776,0.1,0.79696,0.375
2728,,0.55856,0.1,-0.01488,0.55,0.22544,0.05,0.72928,0.3
2729,3,0.59088,0.15,1.0,0.625,0.29312,0.1,0.7616,0.325
2730,,0.5232,0.1,0.96768,0.6,0.2608,0.05,0.69392,0.25
2731,,0.45552,0.05,0.93536,0.575,0.22848,0.0,0.62624,0.175
2732,,0.38784,0.0,0.90304,0.55,0.19616,-0.05,0.55856,0.1
2733,6,0.42016,0.05,0.97072,0.625,0.26384,1.0,0.59088,0.125
2734,,0.35248,0.0,0.9384,0.6,0.23152,0.95,0.5232,0.05
2735,,0.2848,-0.05,0.90608,0.575,0.1992,0.9,0.45552,-0.025
2736,2,0.31712,1.0,0.97376,0.65,0.26688,0.95,0.48784,0.0
2737,,0.24944,0.95,0.94144,0.625,0.23456,0.9,0.42016,-0.075
2738,8,0.28176,1.0,1.0,0.7,0.30224,0.95,0.45248,1.0
2739,,0.21408,0.95,0.96768,0.675,0.26992,0.9,0.3848,0.925
2740,,0.1464,0.9,0.93536,0.65,0.2376,0.85,0.31712,0.85
2741,,0.07872,0.85,0.90304,0.625,0.20528,0.8,0.24944,0.775
2742,,0.01104,0.8,0.87072,0.6,0.17296,0.75,0.18176,0.7
2743,,-0.05664,0.75,0.8384,0.575,0.14064,0.7,0.11408,0.625
2744,1,1.0,0.8,0.90608,0.65,0.20832,0.75,0.1464,0.65
2745,,0.93232,0.75,0.87376,0.625,0.176,0.7,0.07872,0.575
2746,,0.86464,0.7,0.84144,0.6,0.14368,0.65,0.01104,0.5
2747,,0.79696,0.65,0.80912,0.575,0.11136,0.6,-0.05664,0.425
2748,7,0.82928,0.7,0.8768,0.65,0.17904,0.65,1.0,0.45
2749,,0.7616,0.65,0.84448,0.625,0.14672,0.6,0.93232,0.375
2750,,0.69392,0.6,0.81216,0.6,0.1144,0.55,0.86464,0.3
2751,,0.62624,0.55,0.77984,0.575,0.08208,0.5,0.79696,0.225
2752,,0.55856,0.5,0.74752,0.55,0.04976,0.45,0.72928,0.15
2753,,0.49088,0.45,0.7152,0.525,0.01744,0.4,0.6616,0.075
2754,,0.4232,0.4,0.68288,0.5,-0.01488,0.35,0.59392,-0.0
2755,5,0.45552,0.45,0.75056,0.575,1.0,0.4,0.62624,0.025
2756,,0.38784,0.4,0.71824,0.55,0.96768,0.35,0.55856,-0.05
2757,8,0.42016,0.45,0.78592,0.625,1.0,0.4,0.59088,1.0
2758,,0.35248,0.4,0.7536,0.6,0.96768,0.35,0.5232,0.925
2759,,0.2848,0.35,0.72128,0.575,0.93536,0.3,0.45552,0.85
2760,,0.21712,0.3,0.68896,0.55,0.90304,0.25,0.38784,0.775
2761,,0.14944,0.25,0.65664,0.525,0.87072,0.2,0.32016,0.7
2762,,0.08176,0.2,0.62432,0.5,0.8384,0.15,0.25248,0.625
2763,,0.01408,0.15,0.592,0.475,0.80608,0.1,0.1848,0.55
2764,,-0.0536,0.1,0.55968,0.45,0.77376,0.05,0.11712,0.475
2765,1,1.0,0.15,0.62736,0.525,0.84144,0.1,0.14944,0.5
2766,,0.93232,0.1,0.59504,0.5,0.80912,0.05,0.08176,0.425
2767,,0.86464,0.05,0.56272,0.475,0.7768,0.0,0.01408,0.35
2768,,0.79696,0.0,0.5304,0.45,0.74448,-0.05,-0.0536,0.275
2769,7,0.82928,0.05,0.59808,0.525,0.81216,0.0,1.0,0.3
2770,,0.7616,0.0,0.56576,0.5,0.77984,-0.05,0.93232,0.225
2771,6,0.79392,0.05,0.63344,0.575,0.84752,1.0,0.96464,0.25
2772,,0.72624,0.0,0.60112,0.55,0.8152,0.95,0.89696,0.175
2773,,0.65856,-0.05,0.5688,0.525,0.78288,0.9,0.82928,0.1
2774,2,0.69088,1.0,0.63648,0.6,0.85056,0.95,0.8616,0.125
2775,,0.6232,0.95,0.60416,0.575,0.81824,0.9,0.79392,0.05
2776,,0.55552,0.9,0.57184,0.55,0.78592,0.85,0.72624,-0.025
2777,8,0.58784,0.95,0.63952,0.625,0.8536,0.9,0.75856,1.0
2778,,0.52016,0.9,0.6072,0.6,0.82128,0.85,0.69088,0.925
2779,,0.45248,0.85,0.57488,0.575,0.78896,0.8,0.6232,0.85
2780,,0.3848,0.8,0.54256,0.55,0.75664,0.75,0.55552,0.775
2781,,0.31712,0.75,0.51024,0.525,0.72432,0.7,0.48784,0.7
2782,,0.24944,0.7,0.47792,0.5,0.692,0.65,0.42016,0.625
2783,,0.18176,0.65,0.4456,0.475,0.65968,0.6,0.35248,0.55
2784,,0.11408,0.6,0.41328,0.45,0.62736,0.55,0.2848,0.475
2785,,0.0464,0.55,0.38096,0.425,0.59504,0.5,0.21712,0.4
2786,,-0.02128,0.5,0.34864,0.4,0.56272,0.45,0.14944,0.325
2787,1,1.0,0.55,0.41632,0.475,0.6304,0.5,0.18176,0.35
2788,,0.93232,0.5,0.384,0.45,0.59808,0.45,0.11408,0.275
2789,,0.86464,0.45,0.35168,0.425,0.56576,0.4,0.0464,0.2
2790,,0.79696,0.4,0.31936,0.4,0.53344,0.35,-0.02128,0.125
2791,7,0.82928,0.45,0.38704,0.475,0.60112,0.4,1.0,0.15
2792,,0.7616,0.4,0.35472,0.45,0.5688,0.35,0.93232,0.075
2793,,0.69392,0.35,0.3224,0.425,0.53648,0.3,0.86464,-0.0
2794,,0.62624,0.3,0.29008,0.4,0.50416,0.25,0.79696,-0.075
2795,8,0.65856,0.35,0.35776,0.475,0.57184,0.3,0.82928,1.0
2796,,0.59088,0.3,0.32544,0.45,0.53952,0.25,0.7616,0.925
2797,,0.5232,0.25,0.29312,0.425,0.5072,0.2,0.69392,0.85
2798,,0.45552,0.2,0.2608,0.4,0.47488,0.15,0.62624,0.775
2799,,0.38784,0.15,0.22848,0.375,0.44256,0.1,0.55856,0.7
2800,,0.32016,0.1,0.19616,0.35,0.41024,0.05,0.49088,0.625
2801,,0.25248,0.05,0.16384,0.325,0.37792,0.0,0.4232,0.55
2802,,0.1848,0.0,0.13152,0.3,0.3456,-0.05,0.35552,0.475
2803,6,0.21712,0.05,0.1992,0.375,0.41328,1.0,0.38784,0.5
2804,,0.14944,0.0,0.16688,0.35,0.38096,0.95,0.32016,0.425
2805,,0.08176,-0.05,0.13456,0.325,0.34864,0.9,0.25248,0.35
2806,2,0.11408,1.0,0.20224,0.4,0.41632,0.95,0.2848,0.375
2807,,0.0464,0.95,0.16992,0.375,0.384,0.9,0.21712,0.3
2808,,-0.02128,0.9,0.1376,0.35,0.35168,0.85,0.14944,0.225
2809,1,1.0,0.95,0.20528,0.425,0.41936,0.9,0.18176,0.25
2810,,0.93232,0.9,0.17296,0.4,0.38704,0.85,0.11408,0.175
2811,,0.86464,0.85,0.14064,0.375,0.35472,0.8,0.0464,0.1
2812,,0.79696,0.8,0.10832,0.35,0.3224,0.75,-0.02128,0.025
2813,7,0.82928,0.85,0.176,0.425,0.39008,0.8,1.0,0.05
2814,,0.7616,0.8,0.14368,0.4,0.35776,0.75,0.93232,-0.025
2815,8,0.79392,0.85,0.21136,0.475,0.42544,0.8,0.96464,1.0
2816,,0.72624,0.8,0.17904,0.45,0.39312,0.75,0.89696,0.925
2817,,0.65856,0.75,0.14672,0.425,0.3608,0.7,0.82928,0.85
2818,,0.59088,0.7,0.1144,0.4,0.32848,0.65,0.7616,0.775
2819,,0.5232,0.65,0.08208,0.375,0.29616,0.6,0.69392,0.7
2820,,0.45552,0.6,0.04976,0.35,0.26384,0.55,0.62624,0.625
2821,,0.38784,0.55,0.01744,0.325,0.23152,0.5,0.55856,0.55
2822,,0.32016,0.5,-0.01488,0.3,0.1992,0.45,0.49088,0.475
2823,3,0.35248,0.55,1.0,0.375,0.26688,0.5,0.5232,0.5
2824,,0.2848,0.5,0.96768,0.35,0.23456,0.45,0.45552,0.425
2825,,0.21712,0.45,0.93536,0.325,0.20224,0.4,0.38784,0.35
2826,,0.14944,0.4,0.90304,0.3,0.16992,0.35,0.32016,0.275
2827,,0.08176,0.35,0.87072,0.275,0.1376,0.3,0.25248,0.2
2828,,0.01408,0.3,0.8384,0.25,0.10528,0.25,0.1848,0.125
2829,,-0.0536,0.25,0.80608,0.225,0.07296,0.2,0.11712,0.05
2830,1,1.0,0.3,0.87376,0.3,0.14064,0.25,0.14944,0.075
2831,,0.93232,0.25,0.84144,0.275,0.10832,0.2,0.08176,-0.0
2832,,0.86464,0.2,0.80912,0.25,0.076,0.15,0.01408,-0.075
2833,8,0.89696,0.25,0.8768,0.325,0.14368,0.2,0.0464,1.0
2834,,0.82928,0.2,0.84448,0.3,0.11136,0.15,-0.02128,0.925
2835,7,0.8616,0.25,0.91216,0.375,0.17904,0.2,1.0,0.95
2836,,0.79392,0.2,0.87984,0.35,0.14672,0.15,0.93232,0.875
2837,,0.72624,0.15,0.84752,0.325,0.1144,0.1,0.86464,0.8
2838,,0.65856,0.1,0.8152,0.3,0.08208,0.05,0.79696,0.725
2839,,0.59088,0.05,0.78288,0.275,0.04976,0.0,0.72928,0.65
2840,,0.5232,0.0,0.75056,0.25,0.01744,-0.05,0.6616,0.575
2841,6,0.55552,0.05,0.81824,0.325,0.08512,1.0,0.69392,0.6
2842,,0.48784,0.0,0.78592,0.3,0.0528,0.95,0.62624,0.525
2843,,0.42016,-0.05,0.7536,0.275,0.02048,0.9,0.55856,0.45
2844,2,0.45248,1.0,0.82128,0.35,0.08816,0.95,0.59088,0.475
2845,,0.3848,0.95,0.78896,0.325,0.05584,0.9,0.5232,0.4
2846,,0.31712,0.9,0.75664,0.3,0.02352,0.85,0.45552,0.325
2847,,0.24944,0.85,0.72432,0.275,-0.0088,0.8,0.38784,0.25
2848,5,0.28176,0.9,0.792,0.35,1.0,0.85,0.42016,0.275
2849,,0.21408,0.85,0.75968,0.325,0.96768,0.8,0.35248,0.2
2850,,0.1464,0.8,0.72736,0.3,0.93536,0.75,0.2848,0.125
2851,,0.07872,0.75,0.69504,0.275,0.90304,0.7,0.21712,0.05
2852,,0.01104,0.7,0.66272,0.25,0.87072,0.65,0.14944,-0.025
2853,8,0.04336,0.75,0.7304,0.325,0.9384,0.7,0.18176,1.0
2854,,-0.02432,0.7,0.69808,0.3,0.90608,0.65,0.11408,0.925
2855,1,1.0,0.75,0.76576,0.375,0.97376,0.7,0.1464,0.95
2856,,0.93232,0.7,0.73344,0.35,0.94144,0.65,0.07872,0.875
2857,,0.86464,0.65,0.70112,0.325,0.90912,0.6,0.01104,0.8
2858,,0.79696,0.6,0.6688,0.3,0.8768,0.55,-0.05664,0.725
2859,7,0.82928,0.65,0.73648,0.375,0.94448,0.6,1.0,0.75
2860,,0.7616,0.6,0.70416,0.35,0.91216,0.55,0.93232,0.675
2861,,0.69392,0.55,0.67184,0.325,0.87984,0.5,0.86464,0.6
2862,,0.62624,0.5,0.63952,0.3,0.84752,0.45,0.79696,0.525
2863,,0.55856,0.45,0.6072,0.275,0.8152,0.4,0.72928,0.45
2864,,0.49088,0.4,0.57488,0.25,0.78288,0.35,0.6616,0.375
2865,,0.4232,0.35,0.54256,0.225,0.75056,0.3,0.59392,0.3
2866,,0.35552,0.3,0.51024,0.2,0.71824,0.25,0.52624,0.225
2867,,0.28784,0.25,0.47792,0.175,0.68592,0.2,0.45856,0.15
2868,,0.22016,0.2,0.4456,0.15,0.6536,0.15,0.39088,0.075
2869,,0.15248,0.15,0.41328,0.125,0.62128,0.1,0.3232,-0.0
2870,,0.0848,0.1,0.38096,0.1,0.58896,0.05,0.25552,-0.075
2871,8,0.11712,0.15,0.44864,0.175,0.65664,0.1,0.28784,1.0
2872,,0.04944,0.1,0.41632,0.15,0.62432,0.05,0.22016,0.925
2873,,-0.01824,0.05,0.384,0.125,0.592,0.0,0.15248,0.85
2874,1,1.0,0.1,0.45168,0.2,0.65968,0.05,0.1848,0.875
2875,,0.93232,0.05,0.41936,0.175,0.62736,0.0,0.11712,0.8
2876,,0.86464,0.0,0.38704,0.15,0.59504,-0.05,0.04944,0.725
2877,6,0.89696,0.05,0.45472,0.225,0.66272,1.0,0.08176,0.75
2878,,0.82928,0.0,0.4224,0.2,0.6304,0.95,0.01408,0.675
2879,,0.7616,-0.05,0.39008,0.175,0.59808,0.9,-0.0536,0.6
2880,7,0.79392,0.0,0.45776,0.25,0.66576,0.95,1.0,0.625
2881,,0.72624,-0.05,0.42544,0.225,0.63344,0.9,0.93232,0.55
2882,2,0.75856,1.0,0.49312,0.3,0.70112,0.95,0.96464,0.575
2883,,0.69088,0.95,0.4608,0.275,0.6688,0.9,0.89696,0.5
2884,,0.6232,0.9,0.42848,0.25,0.63648,0.85,0.82928,0.425
2885,,0.55552,0.85,0.39616,0.225,0.60416,0.8,0.7616,0.35
2886,,0.48784,0.8,0.36384,0.2,0.57184,0.75,0.69392,0.275
2887,,0.42016,0.75,0.33152,0.175,0.53952,0.7,0.62624,0.2
2888,,0.35248,0.7,0.2992,0.15,0.5072,0.65,0.55856,0.125
2889,,0.2848,0.65,0.26688,0.125,0.47488,0.6,0.49088,0.05
2890,,0.21712,0.6,0.23456,0.1,0.44256,0.55,0.4232,-0.025
2891,8,0.24944,0.65,0.30224,0.175,0.51024,0.6,0.45552,1.0
2892,,0.18176,0.6,0.26992,0.15,0.47792,0.55,0.38784,0.925
2893,,0.11408,0.55,0.2376,0.125,0.4456,0.5,0.32016,0.85
2894,,0.0464,0.5,0.20528,0.1,0.41328,0.45,0.25248,0.775
2895,,-0.02128,0.45,0.17296,0.075,0.38096,0.4,0.1848,0.7
2896,1,1.0,0.5,0.24064,0.15,0.44864,0.45,0.21712,0.725
2897,,0.93232,0.45,0.20832,0.125,0.41632,0.4,0.14944,0.65
2898,,0.86464,0.4,0.176,0.1,0.384,0.35,0.08176,0.575
2899,,0.79696,0.35,0.14368,0.075,0.35168,0.3,0.01408,0.5
2900,,0.72928,0.3,0.11136,0.05,0.31936,0.25,-0.0536,0.425
2901,7,0.7616,0.35,0.17904,0.125,0.38704,0.3,1.0,0.45
2902,,0.69392,0.3,0.14672,0.1,0.35472,0.25,0.93232,0.375
2903,,0.62624,0.25,0.1144,0.075,0.3224,0.2,0.86464,0.3
2904,,0.55856,0.2,0.08208,0.05,0.29008,0.15,0.79696,0.225
2905,,0.49088,0.15,0.04976,0.025,0.25776,0.1,0.72928,0.15
2906,,0.4232,0.1,0.01744,0.0,0.22544,0.05,0.6616,0.075
2907,,0.35552,0.05,-0.01488,-0.025,0.19312,0.0,0.59392,-0.0
2908,4,0.38784,0.1,0.0528,1.0,0.2608,0.05,0.62624,0.025
2909,,0.32016,0.05,0.02048,0.975,0.22848,0.0,0.55856,-0.05
2910,8,0.35248,0.1,0.08816,1.0,0.29616,0.05,0.59088,1.0
2911,,0.2848,0.05,0.05584,0.975,0.26384,0.0,0.5232,0.925
2912,,0.21712,0.0,0.02352,0.95,0.23152,-0.05,0.45552,0.85
2913,6,0.24944,0.05,0.0912,1.0,0.2992,1.0,0.48784,0.875
2914,,0.18176,0.0,0.05888,0.975,0.26688,0.95,0.42016,0.8
2915,,0.11408,-0.05,0.02656,0.95,0.23456,0.9,0.35248,0.725
2916,2,0.1464,1.0,0.09424,1.0,0.30224,0.95,0.3848,0.75
2917,,0.07872,0.95,0.06192,0.975,0.26992,0.9,0.31712,0.675
2918,,0.01104,0.9,0.0296,0.95,0.2376,0.85,0.24944,0.6
2919,,-0.05664,0.85,-0.00272,0.925,0.20528,0.8,0.18176,0.525
2920,1,1.0,0.9,0.06496,1.0,0.27296,0.85,0.21408,0.55
2921,,0.93232,0.85,0.03264,0.975,0.24064,0.8,0.1464,0.475
2922,,0.86464,0.8,0.00032,0.95,0.20832,0.75,0.07872,0.4
2923,,0.79696,0.75,-0.032,0.925,0.176,0.7,0.01104,0.325
2924,3,0.82928,0.8,1.0,1.0,0.24368,0.75,0.04336,0.35
2925,,0.7616,0.75,0.96768,0.975,0.21136,0.7,-0.02432,0.275
2926,7,0.79392,0.8,1.0,1.0,0.27904,0.75,1.0,0.3
2927,,0.72624,0.75,0.96768,0.975,0.24672,0.7,0.93232,0.225
2928,,0.65856,0.7,0.93536,0.95,0.2144,0.65,0.86464,0.15
2929,,0.59088,0.65,0.90304,0.925,0.18208,0.6,0.79696,0.075
2930,,0.5232,0.6,0.87072,0.9,0.14976,0.55,0.72928,-0.0
2931,,0.45552,0.55,0.8384,0.875,0.11744,0.5,0.6616,-0.075
2932,8,0.48784,0.6,0.90608,0.95,0.18512,0.55,0.69392,1.0
2933,,0.42016,0.55,0.87376,0.925,0.1528,0.5,0.62624,0.925
2934,,0.35248,0.5,0.84144,0.9,0.12048,0.45,0.55856,0.85
2935,,0.2848,0.45,0.80912,0.875,0.08816,0.4,0.49088,0.775
2936,,0.21712,0.4,0.7768,0.85,0.05584,0.35,0.4232,0.7
2937,,0.14944,0.35,0.74448,0.825,0.02352,0.3,0.35552,0.625
2938,,0.08176,0.3,0.71216,0.8,-0.0088,0.25,0.28784,0.55
2939,5,0.11408,0.35,0.77984,0.875,1.0,0.3,0.32016,0.575
2940,,0.0464,0.3,0.74752,0.85,0.96768,0.25,0.25248,0.5
2941,,-0.02128,0.25,0.7152,0.825,0.93536,0.2,0.1848,0.425
2942,1,1.0,0.3,0.78288,0.9,1.0,0.25,0.21712,0.45
2943,,0.93232,0.25,0.75056,0.875,0.96768,0.2,0.14944,0.375
2944,,0.86464,0.2,0.71824,0.85,0.93536,0.15,0.08176,0.3
2945,,0.79696,0.15,0.68592,0.825,0.90304,0.1,0.01408,0.225
2946,,0.72928,0.1,0.6536,0.8,0.87072,0.05,-0.0536,0.15
2947,7,0.7616,0.15,0.72128,0.875,0.9384,0.1,1.0,0.175
2948,,0.69392,0.1,0.68896,0.85,0.90608,0.05,0.93232,0.1
2949,,0.62624,0.05,0.65664,0.825,0.87376,0.0,0.86464,0.025
2950,,0.55856,0.0,0.62432,0.8,0.84144,-0.05,0.79696,-0.05
2951,6,0.59088,0.05,0.692,0.875,0.90912,1.0,0.82928,-0.025
2952,8,0.6232,0.1,0.75968,0.95,0.9768,1.0,0.8616,1.0
2953,,0.55552,0.05,0.72736,0.925,0.94448,0.95,0.79392,0.925
2954,,0.48784,0.0,0.69504,0.9,0.91216,0.9,0.72624,0.85
2955,,0.42016,-0.05,0.66272,0.875,0.87984,0.85,0.65856,0.775
2956,2,0.45248,1.0,0.7304,0.95,0.94752,0.9,0.69088,0.8
2957,,0.3848,0.95,0.69808,0.925,0.9152,0.85,0.6232,0.725
2958,,0.31712,0.9,0.66576,0.9,0.88288,0.8,0.55552,0.65
2959,,0.24944,0.85,0.63344,0.875,0.85056,0.75,0.48784,0.575
2960,,0.18176,0.8,0.60112,0.85,0.81824,0.7,0.42016,0.5
2961,,0.11408,0.75,0.5688,0.825,0.78592,0.65,0.35248,0.425
2962,,0.0464,0.7,0.53648,0.8,0.7536,0.6,0.2848,0.35
2963,,-0.02128,0.65,0.50416,0.775,0.72128,0.55,0.21712,0.275
2964,1,1.0,0.7,0.57184,0.85,0.78896,0.6,0.24944,0.3
2965,,0.93232,0.65,0.53952,0.825,0.75664,0.55,0.18176,0.225
2966,,0.86464,0.6,0.5072,0.8,0.72432,0.5,0.11408,0.15
2967,,0.79696,0.55,0.47488,0.775,0.692,0.45,0.0464,0.075
2968,,0.72928,0.5,0.44256,0.75,0.65968,0.4,-0.02128,-0.0
2969,7,0.7616,0.55,0.51024,0.825,0.72736,0.45,1.0,0.025
2970,,0.69392,0.5,0.47792,0.8,0.69504,0.4,0.93232,-0.05
2971,8,0.72624,0.55,0.5456,0.875,0.76272,0.45,0.96464,1.0
2972,,0.65856,0.5,0.51328,0.85,0.7304,0.4,0.89696,0.925
2973,,0.59088,0.45,0.48096,0.825,0.69808,0.35,0.82928,0.85
2974,,0.5232,0.4,0.44864,0.8,0.66576,0.3,0.7616,0.775
2975,,0.45552,0.35,0.41632,0.775,0.63344,0.25,0.69392,0.7
2976,,0.38784,0.3,0.384,0.75,0.60112,0.2,0.62624,0.625
2977,,0.32016,0.25,0.35168,0.725,0.5688,0.15,0.55856,0.55
2978,,0.25248,0.2,0.31936,0.7,0.53648,0.1,0.49088,0.475
2979,,0.1848,0.15,0.28704,0.675,0.50416,0.05,0.4232,0.4
2980,,0.11712,0.1,0.25472,0.65,0.47184,0.0,0.35552,0.325
2981,,0.04944,0.05,0.2224,0.625,0.43952,-0.05,0.28784,0.25
2982,6,0.08176,0.1,0.29008,0.7,0.5072,1.0,0.32016,0.275
2983,,0.01408,0.05,0.25776,0.675,0.47488,0.95,0.25248,0.2
2984,,-0.0536,0.0,0.22544,0.65,0.44256,0.9,0.1848,0.125
2985,1,1.0,0.05,0.29312,0.725,0.51024,0.95,0.21712,0.15
2986,,0.93232,0.0,0.2608,0.7,0.47792,0.9,0.14944,0.075
2987,,0.86464,-0.05,0.22848,0.675,0.4456,0.85,0.08176,-0.0
2988,2,0.89696,1.0,0.29616,0.75,0.51328,0.9,0.11408,0.025
2989,,0.82928,0.95,0.26384,0.725,0.48096,0.85,0.0464,-0.05
2990,8,0.8616,1.0,0.33152,0.8,0.54864,0.9,0.07872,1.0
2991,,0.79392,0.95,0.2992,0.775,0.51632,0.85,0.01104,0.925
2992,,0.72624,0.9,0.26688,0.75,0.484,0.8,-0.05664,0.85
2993,7,0.75856,0.95,0.33456,0.825,0.55168,0.85,1.0,0.875
2994,,0.69088,0.9,0.30224,0.8,0.51936,0.8,0.93232,0.8
2995,,0.6232,0.85,0.26992,0.775,0.48704,0.75,0.86464,0.725
2996,,0.55552,0.8,0.2376,0.75,0.45472,0.7,0.79696,0.65
2997,,0.48784,0.75,0.20528,0.725,0.4224,0.65,0.72928,0.575
2998,,0.42016,0.7,0.17296,0.7,0.39008,0.6,0.6616,0.5
2999,,0.35248,0.65,0.14064,0.675,0.35776,0.55,0.59392,0.425
3000,,0.2848,0.6,0.10832,0.65,0.32544,0.5,0.52624,0.35
3001,,0.21712,0.55,0.076,0.625,0.29312,0.45,0.45856,0.275
3002,,0.14944,0.5,0.04368,0.6,0.2608,0.4,0.39088,0.2
3003,,0.08176,0.45,0.01136,0.575,0.22848,0.35,0.3232,0.125
3004,,0.01408,0.4,-0.02096,0.55,0.19616,0.3,0.25552,0.05
3005,3,0.0464,0.45,1.0,0.625,0.26384,0.35,0.28784,0.075
3006,,-0.02128,0.4,0.96768,0.6,0.23152,0.3,0.22016,-0.0
3007,1,1.0,0.45,1.0,0.675,0.2992,0.35,0.25248,0.025
3008,,0.93232,0.4,0.96768,0.65,0.26688,0.3,0.1848,-0.05
3009,8,0.96464,0.45,1.0,0.725,0.33456,0.35,0.21712,1.0
3010,,0.89696,0.4,0.96768,0.7,0.30224,0.3,0.14944,0.925
3011,,0.82928,0.35,0.93536,0.675,0.26992,0.25,0.08176,0.85
3012,,0.7616,0.3,0.90304,0.65,0.2376,0.2,0.01408,0.775
3013,,0.69392,0.25,0.87072,0.625,0.20528,0.15,-0.0536,0.7
3014,7,0.72624,0.3,0.9384,0.7,0.27296,0.2,1.0,0.725
3015,,0.65856,0.25,0.90608,0.675,0.24064,0.15,0.93232,0.65
3016,,0.59088,0.2,0.87376,0.65,0.20832,0.1,0.86464,0.575
3017,,0.5232,0.15,0.84144,0.625,0.176,0.05,0.79696,0.5
3018,,0.45552,0.1,0.80912,0.6,0.14368,0.0,0.72928,0.425
3019,,0.38784,0.05,0.7768,0.575,0.11136,-0.05,0.6616,0.35
3020,6,0.42016,0.1,0.84448,0.65,0.17904,1.0,0.69392,0.375
3021,,0.35248,0.05,0.81216,0.625,0.14672,0.95,0.62624,0.3
3022,,0.2848,0.0,0.77984,0.6,0.1144,0.9,0.55856,0.225
3023,,0.21712,-0.05,0.74752,0.575,0.08208,0.85,0.49088,0.15
3024,2,0.24944,1.0,0.8152,0.65,0.14976,0.9,0.5232,0.175
3025,,0.18176,0.95,0.78288,0.625,0.11744,0.85,0.45552,0.1
3026,,0.11408,0.9,0.75056,0.6,0.08512,0.8,0.38784,0.025
3027,,0.0464,0.85,0.71824,0.575,0.0528,0.75,0.32016,-0.05
3028,8,0.07872,0.9,0.78592,0.65,0.12048,0.8,0.35248,1.0
3029,,0.01104,0.85,0.7536,0.625,0.08816,0.75,0.2848,0.925
3030,,-0.05664,0.8,0.72128,0.6,0.05584,0.7,0.21712,0.85
3031,1,1.0,0.85,0.78896,0.675,0.12352,0.75,0.24944,0.875
3032,,0.93232,0.8,0.75664,0.65,0.0912,0.7,0.18176,0.8
3033,,0.86464,0.75,0.72432,0.625,0.05888,0.65,0.11408,0.725
3034,,0.79696,0.7,0.692,0.6,0.02656,0.6,0.0464,0.65
3035,,0.72928,0.65,0.65968,0.575,-0.00576,0.55,-0.02128,0.575
3036,7,0.7616,0.7,0.72736,0.65,0.06192,0.6,1.0,0.6
3037,,0.69392,0.65,0.69504,0.625,0.0296,0.55,0.93232,0.525
3038,,0.62624,0.6,0.66272,0.6,-0.00272,0.5,0.86464,0.45
3039,5,0.65856,0.65,0.7304,0.675,1.0,0.55,0.89696,0.475
3040,,0.59088,0.6,0.69808,0.65,0.96768,0.5,0.82928,0.4
3041,,0.5232,0.55,0.66576,0.625,0.93536,0.45,0.7616,0.325
3042,,0.45552,0.5,0.63344,0.6,0.90304,0.4,0.69392,0.25
3043,,0.38784,0.45,0.60112,0.575,0.87072,0.35,0.62624,0.175
3044,,0.32016,0.4,0.5688,0.55,0.8384,0.3,0.55856,0.1
3045,,0.25248,0.35,0.53648,0.525,0.80608,0.25,0.49088,0.025
3046,,0.1848,0.3,0.50416,0.5,0.77376,0.2,0.4232,-0.05
3047,8,0.21712,0.35,0.57184,0.575,0.84144,0.25,0.45552,1.0
3048,,0.14944,0.3,0.53952,0.55,0.80912,0.2,0.38784,0.925
3049,,0.08176,0.25,0.5072,0.525,0.7768,0.15,0.32016,0.85
3050,,0.01408,0.2,0.47488,0.5,0.74448,0.1,0.25248,0.775
3051,,-0.0536,0.15,0.44256,0.475,0.71216,0.05,0.1848,0.7
3052,1,1.0,0.2,0.51024,0.55,0.77984,0.1,0.21712,0.725
3053,,0.93232,0.15,0.47792,0.525,0.74752,0.05,0.14944,0.65
3054,,0.86464,0.1,0.4456,0.5,0.7152,0.0,0.08176,0.575
3055,,0.79696,0.05,0.41328,0.475,0.68288,-0.05,0.01408,0.5
3056,6,0.82928,0.1,0.48096,0.55,0.75056,1.0,0.0464,0.525
3057,,0.7616,0.05,0.44864,0.525,0.71824,0.95,-0.02128,0.45
3058,7,0.79392,0.1,0.51632,0.6,0.78592,1.0,1.0,0.475
3059,,0.72624,0.05,0.484,0.575,0.7536,0.95,0.93232,0.4
3060,,0.65856,0.0,0.45168,0.55,0.72128,0.9,0.86464,0.325
3061,,0.59088,-0.05,0.41936,0.525,0.68896,0.85,0.79696,0.25
3062,2,0.6232,1.0,0.48704,0.6,0.75664,0.9,0.82928,0.275
3063,,0.55552,0.95,0.45472,0.575,0.72432,0.85,0.7616,0.2
3064,,0.48784,0.9,0.4224,0.55,0.692,0.8,0.69392,0.125
3065,,0.42016,0.85,0.39008,0.525,0.65968,0.75,0.62624,0.05
3066,,0.35248,0.8,0.35776,0.5,0.62736,0.7,0.55856,-0.025
3067,8,0.3848,0.85,0.42544,0.575,0.69504,0.75,0.59088,1.0
3068,,0.31712,0.8,0.39312,0.55,0.66272,0.7,0.5232,0.925
3069,,0.24944,0.75,0.3608,0.525,0.6304,0.65,0.45552,0.85
3070,,0.18176,0.7,0.32848,0.5,0.59808,0.6,0.38784,0.775
3071,,0.11408,0.65,0.29616,0.475,0.56576,0.55,0.32016,0.7
3072,,0.0464,0.6,0.26384,0.45,0.53344,0.5,0.25248,0.625
3073,,-0.02128,0.55,0.23152,0.425,0.50112,0.45,0.1848,0.55
3074,1,1.0,0.6,0.2992,0.5,0.5688,0.5,0.21712,0.575
3075,,0.93232,0.55,0.26688,0.475,0.53648,0.45,0.14944,0.5
3076,,0.86464,0.5,0.23456,0.45,0.50416,0.4,0.08176,0.425
3077,,0.79696,0.45,0.20224,0.425,0.47184,0.35,0.01408,0.35
3078,,0.72928,0.4,0.16992,0.4,0.43952,0.3,-0.0536,0.275
3079,7,0.7616,0.45,0.2376,0.475,0.5072,0.35,1.0,0.3
3080,,0.69392,0.4,0.20528,0.45,0.47488,0.3,0.93232,0.225
3081,,0.62624,0.35,0.17296,0.425,0.44256,0.25,0.86464,0.15
3082,,0.55856,0.3,0.14064,0.4,0.41024,0.2,0.79696,0.075
3083,,0.49088,0.25,0.10832,0.375,0.37792,0.15,0.72928,-0.0
3084,,0.4232,0.2,0.076,0.35,0.3456,0.1,0.6616,-0.075
3085,8,0.45552,0.25,0.14368,0.425,0.41328,0.15,0.69392,1.0
3086,,0.38784,0.2,0.11136,0.4,0.38096,0.1,0.62624,0.925
3087,,0.32016,0.15,0.07904,0.375,0.34864,0.05,0.55856,0.85
3088,,0.25248,0.1,0.04672,0.35,0.31632,0.0,0.49088,0.775
3089,,0.1848,0.05,0.0144,0.325,0.284,-0.05,0.4232,0.7
3090,6,0.21712,0.1,0.08208,0.4,0.35168,1.0,0.45552,0.725
3091,,0.14944,0.05,0.04976,0.375,0.31936,0.95,0.38784,0.65
3092,,0.08176,0.0,0.01744,0.35,0.28704,0.9,0.32016,0.575
3093,,0.01408,-0.05,-0.01488,0.325,0.25472,0.85,0.25248,0.5
3094,2,0.0464,1.0,0.0528,0.4,0.3224,0.9,0.2848,0.525
3095,,-0.02128,0.95,0.02048,0.375,0.29008,0.85,0.21712,0.45
3096,1,1.0,1.0,0.08816,0.45,0.35776,0.9,0.24944,0.475
3097,,0.93232,0.95,0.05584,0.425,0.32544,0.85,0.18176,0.4
3098,,0.86464,0.9,0.02352,0.4,0.29312,0.8,0.11408,0.325
3099,,0.79696,0.85,-0.0088,0.375,0.2608,0.75,0.0464,0.25
3100,3,0.82928,0.9,1.0,0.45,0.32848,0.8,0.07872,0.275
3101,,0.7616,0.85,0.96768,0.425,0.29616,0.75,0.01104,0.2
3102,,0.69392,0.8,0.93536,0.4,0.26384,0.7,-0.05664,0.125
3103,7,0.72624,0.85,1.0,0.475,0.33152,0.75,1.0,0.15
3104,,0.65856,0.8,0.96768,0.45,0.2992,0.7,0.93232,0.075
3105,,0.59088,0.75,0.93536,0.425,0.26688,0.65,0.86464,-0.0
3106,,0.5232,0.7,0.90304,0.4,0.23456,0.6,0.79696,-0.075
3107,8,0.55552,0.75,0.97072,0.475,0.30224,0.65,0.82928,1.0
3108,,0.48784,0.7,0.9384,0.45,0.26992,0.6,0.7616,0.925
3109,,0.42016,0.65,0.90608,0.425,0.2376,0.55,0.69392,0.85
3110,,0.35248,0.6,0.87376,0.4,0.20528,0.5,0.62624,0.775
3111,,0.2848,0.55,0.84144,0.375,0.17296,0.45,0.55856,0.7
3112,,0.21712,0.5,0.80912,0.35,0.14064,0.4,0.49088,0.625
3113,,0.14944,0.45,0.7768,0.325,0.10832,0.35,0.4232,0.55
3114,,0.08176,0.4,0.74448,0.3,0.076,0.3,0.35552,0.475
3115,,0.01408,0.35,0.71216,0.275,0.04368,0.25,0.28784,0.4
3116,,-0.0536,0.3,0.67984,0.25,0.01136,0.2,0.22016,0.325
3117,1,1.0,0.35,0.74752,0.325,0.07904,0.25,0.25248,0.35
3118,,0.93232,0.3,0.7152,0.3,0.04672,0.2,0.1848,0.275
3119,,0.86464,0.25,0.68288,0.275,0.0144,0.15,0.11712,0.2
3120,,0.79696,0.2,0.65056,0.25,-0.01792,0.1,0.04944,0.125
3121,5,0.82928,0.25,0.71824,0.325,1.0,0.15,0.08176,0.15
3122,,0.7616,0.2,0.68592,0.3,0.96768,0.1,0.01408,0.075
3123,,0.69392,0.15,0.6536,0.275,0.93536,0.05,-0.0536,-0.0
3124,7,0.72624,0.2,0.72128,0.35,1.0,0.1,1.0,0.025
3125,,0.65856,0.15,0.68896,0.325,0.96768,0.05,0.93232,-0.05
3126,8,0.69088,0.2,0.75664,0.4,1.0,0.1,0.96464,1.0
3127,,0.6232,0.15,0.72432,0.375,0.96768,0.05,0.89696,0.925
3128,,0.55552,0.1,0.692,0.35,0.93536,0.0,0.82928,0.85
3129,,0.48784,0.05,0.65968,0.325,0.90304,-0.05,0.7616,0.775
3130,6,0.52016,0.1,0.72736,0.4,0.97072,1.0,0.79392,0.8
3131,,0.45248,0.05,0.69504,0.375,0.9384,0.95,0.72624,0.725
3132,,0.3848,0.0,0.66272,0.35,0.90608,0.9,0.65856,0.65
3133,,0.31712,-0.05,0.6304,0.325,0.87376,0.85,0.59088,0.575
3134,2,0.34944,1.0,0.69808,0.4,0.94144,0.9,0.6232,0.6
3135,,0.28176,0.95,0.66576,0.375,0.90912,0.85,0.55552,0.525
3136,,0.21408,0.9,0.63344,0.35,0.8768,0.8,0.48784,0.45
3137,,0.1464,0.85,0.60112,0.325,0.84448,0.75,0.42016,0.375
3138,,0.07872,0.8,0.5688,0.3,0.81216,0.7,0.35248,0.3
3139,,0.01104,0.75,0.53648,0.275,0.77984,0.65,0.2848,0.225
3140,,-0.05664,0.7,0.50416,0.25,0.74752,0.6,0.21712,0.15
3141,1,1.0,0.75,0.57184,0.325,0.8152,0.65,0.24944,0.175
3142,,0.93232,0.7,0.53952,0.3,0.78288,0.6,0.18176,0.1
3143,,0.86464,0.65,0.5072,0.275,0.75056,0.55,0.11408,0.025
3144,,0.79696,0.6,0.47488,0.25,0.71824,0.5,0.0464,-0.05
3145,8,0.82928,0.65,0.54256,0.325,0.78592,0.55,0.07872,1.0
3146,,0.7616,0.6,0.51024,0.3,0.7536,0.5,0.01104,0.925
3147,,0.69392,0.55,0.47792,0.275,0.72128,0.45,-0.05664,0.85
3148,7,0.72624,0.6,0.5456,0.35,0.78896,0.5,1.0,0.875
3149,,0.65856,0.55,0.51328,0.325,0.75664,0.45,0.93232,0.8
3150,,0.59088,0.5,0.48096,0.3,0.72432,0.4,0.86464,0.725
3151,,0.5232,0.45,0.44864,0.275,0.692,0.35,0.79696,0.65
3152,,0.45552,0.4,0.41632,0.25,0.65968,0.3,0.72928,0.575
3153,,0.38784,0.35,0.384,0.225,0.62736,0.25,0.6616,0.5
3154,,0.32016,0.3,0.35168,0.2,0.59504,0.2,0.59392,0.425
3155,,0.25248,0.25,0.31936,0.175,0.56272,0.15,0.52624,0.35
3156,,0.1848,0.2,0.28704,0.15,0.5304,0.1,0.45856,0.275
3157,,0.11712,0.15,0.25472,0.125,0.49808,0.05,0.39088,0.2
3158,,0.04944,0.1,0.2224,0.1,0.46576,0.0,0.3232,0.125
3159,,-0.01824,0.05,0.19008,0.075,0.43344,-0.05,0.25552,0.05
3160,6,0.01408,0.1,0.25776,0.15,0.50112,1.0,0.28784,0.075
3161,,-0.0536,0.05,0.22544,0.125,0.4688,0.95,0.22016,-0.0
3162,1,1.0,0.1,0.29312,0.2,0.53648,1.0,0.25248,0.025
3163,,0.93232,0.05,0.2608,0.175,0.50416,0.95,0.1848,-0.05
3164,8,0.96464,0.1,0.32848,0.25,0.57184,1.0,0.21712,1.0
3165,,0.89696,0.05,0.29616,0.225,0.53952,0.95,0.14944,0.925
3166,,0.82928,0.0,0.26384,0.2,0.5072,0.9,0.08176,0.85
3167,,0.7616,-0.05,0.23152,0.175,0.47488,0.85,0.01408,0.775
3168,2,0.79392,1.0,0.2992,0.25,0.54256,0.9,0.0464,0.8
3169,,0.72624,0.95,0.26688,0.225,0.51024,0.85,-0.02128,0.725
3170,7,0.75856,1.0,0.33456,0.3,0.57792,0.9,1.0,0.75
3171,,0.69088,0.95,0.30224,0.275,0.5456,0.85,0.93232,0.675
3172,,0.6232,0.9,0.26992,0.25,0.51328,0.8,0.86464,0.6
3173,,0.55552,0.85,0.2376,0.225,0.48096,0.75,0.79696,0.525
3174,,0.48784,0.8,0.20528,0.2,0.44864,0.7,0.72928,0.45
3175,,0.42016,0.75,0.17296,0.175,0.41632,0.65,0.6616,0.375
3176,,0.35248,0.7,0.14064,0.15,0.384,0.6,0.59392,0.3
3177,,0.2848,0.65,0.10832,0.125,0.35168,0.55,0.52624,0.225
3178,,0.21712,0.6,0.076,0.1,0.31936,0.5,0.45856,0.15
3179,,0.14944,0.55,0.04368,0.075,0.28704,0.45,0.39088,0.075
3180,,0.08176,0.5,0.01136,0.05,0.25472,0.4,0.3232,-0.0
3181,,0.01408,0.45,-0.02096,0.025,0.2224,0.35,0.25552,-0.075
3182,8,0.0464,0.5,0.04672,0.1,0.29008,0.4,0.28784,1.0
3183,,-0.02128,0.45,0.0144,0.075,0.25776,0.35,0.22016,0.925
3184,1,1.0,0.5,0.08208,0.15,0.32544,0.4,0.25248,0.95
3185,,0.93232,0.45,0.04976,0.125,0.29312,0.35,0.1848,0.875
3186,,0.86464,0.4,0.01744,0.1,0.2608,0.3,0.11712,0.8
3187,,0.79696,0.35,-0.01488,0.075,0.22848,0.25,0.04944,0.725
3188,3,0.82928,0.4,1.0,0.15,0.29616,0.3,0.08176,0.75
3189,,0.7616,0.35,0.96768,0.125,0.26384,0.25,0.01408,0.675
3190,,0.69392,0.3,0.93536,0.1,0.23152,0.2,-0.0536,0.6
3191,7,0.72624,0.35,1.0,0.175,0.2992,0.25,1.0,0.625
3192,,0.65856,0.3,0.96768,0.15,0.26688,0.2,0.93232,0.55
3193,,0.59088,0.25,0.93536,0.125,0.23456,0.15,0.86464,0.475
3194,,0.5232,0.2,0.90304,0.1,0.20224,0.1,0.79696,0.4
3195,,0.45552,0.15,0.87072,0.075,0.16992,0.05,0.72928,0.325
3196,,0.38784,0.1,0.8384,0.05,0.1376,0.0,0.6616,0.25
3197,,0.32016,0.05,0.80608,0.025,0.10528,-0.05,0.59392,0.175
3198,6,0.35248,0.1,0.87376,0.1,0.17296,1.0,0.62624,0.2
3199,,0.2848,0.05,0.84144,0.075,0.14064,0.95,0.55856,0.125
3200,,0.21712,0.0,0.80912,0.05,0.10832,0.9,0.49088,0.05
3201,,0.14944,-0.05,0.7768,0.025,0.076,0.85,0.4232,-0.025
3202,2,0.18176,1.0,0.84448,0.1,0.14368,0.9,0.45552,0.0
3203,,0.11408,0.95,0.81216,0.075,0.11136,0.85,0.38784,-0.075
3204,8,0.1464,1.0,0.87984,0.15,0.17904,0.9,0.42016,1.0
3205,,0.07872,0.95,0.84752,0.125,0.14672,0.85,0.35248,0.925
3206,,0.01104,0.9,0.8152,0.1,0.1144,0.8,0.2848,0.85
3207,,-0.05664,0.85,0.78288,0.075,0.08208,0.75,0.21712,0.775
3208,1,1.0,0.9,0.85056,0.15,0.14976,0.8,0.24944,0.8
3209,,0.93232,0.85,0.81824,0.125,0.11744,0.75,0.18176,0.725
3210,,0.86464,0.8,0.78592,0.1,0.08512,0.7,0.11408,0.65
3211,,0.79696,0.75,0.7536,0.075,0.0528,0.65,0.0464,0.575
3212,,0.72928,0.7,0.72128,0.05,0.02048,0.6,-0.02128,0.5
3213,7,0.7616,0.75,0.78896,0.125,0.08816,0.65,1.0,0.525
3214,,0.69392,0.7,0.75664,0.1,0.05584,0.6,0.93232,0.45
3215,,0.62624,0.65,0.72432,0.075,0.02352,0.55,0.86464,0.375
3216,,0.55856,0.6,0.692,0.05,-0.0088,0.5,0.79696,0.3
3217,5,0.59088,0.65,0.75968,0.125,1.0,0.55,0.82928,0.325
3218,,0.5232,0.6,0.72736,0.1,0.96768,0.5,0.7616,0.25
3219,,0.45552,0.55,0.69504,0.075,0.93536,0.45,0.69392,0.175
3220,,0.38784,0.5,0.66272,0.05,0.90304,0.4,0.62624,0.1
3221,,0.32016,0.45,0.6304,0.025,0.87072,0.35,0.55856,0.025
3222,,0.25248,0.4,0.59808,0.0,0.8384,0.3,0.49088,-0.05
3223,8,0.2848,0.45,0.66576,0.075,0.90608,0.35,0.5232,1.0
3224,,0.21712,0.4,0.63344,0.05,0.87376,0.3,0.45552,0.925
3225,,0.14944,0.35,0.60112,0.025,0.84144,0.25,0.38784,0.85
3226,,0.08176,0.3,0.5688,0.0,0.80912,0.2,0.32016,0.775
3227,,0.01408,0.25,0.53648,-0.025,0.7768,0.15,0.25248,0.7
3228,4,0.0464,0.3,0.60416,1.0,0.84448,0.2,0.2848,0.725
3229,,-0.02128,0.25,0.57184,0.975,0.81216,0.15,0.21712,0.65
3230,1,1.0,0.3,0.63952,1.0,0.87984,0.2,0.24944,0.675
3231,,0.93232,0.25,0.6072,0.975,0.84752,0.15,0.18176,0.6
3232,,0.86464,0.2,0.57488,0.95,0.8152,0.1,0.11408,0.525
3233,,0.79696,0.15,0.54256,0.925,0.78288,0.05,0.0464,0.45
3234,,0.72928,0.1,0.51024,0.9,0.75056,0.0,-0.02128,0.375
3235,7,0.7616,0.15,0.57792,0.975,0.81824,0.05,1.0,0.4
3236,,0.69392,0.1,0.5456,0.95,0.78592,0.0,0.93232,0.325
3237,,0.62624,0.05,0.51328,0.925,0.7536,-0.05,0.86464,0.25
3238,6,0.65856,0.1,0.58096,1.0,0.82128,1.0,0.89696,0.275
3239,,0.59088,0.05,0.54864,0.975,0.78896,0.95,0.82928,0.2
3240,,0.5232,0.0,0.51632,0.95,0.75664,0.9,0.7616,0.125
3241,,0.45552,-0.05,0.484,0.925,0.72432,0.85,0.69392,0.05
3242,2,0.48784,1.0,0.55168,1.0,0.792,0.9,0.72624,0.075
3243,,0.42016,0.95,0.51936,0.975,0.75968,0.85,0.65856,-0.0
3244,,0.35248,0.9,0.48704,0.95,0.72736,0.8,0.59088,-0.075
3245,8,0.3848,0.95,0.55472,1.0,0.79504,0.85,0.6232,1.0
3246,,0.31712,0.9,0.5224,0.975,0.76272,0.8,0.55552,0.925
3247,,0.24944,0.85,0.49008,0.95,0.7304,0.75,0.48784,0.85
3248,,0.18176,0.8,0.45776,0.925,0.69808,0.7,0.42016,0.775
3249,,0.11408,0.75,0.42544,0.9,0.66576,0.65,0.35248,0.7
3250,,0.0464,0.7,0.39312,0.875,0.63344,0.6,0.2848,0.625
3251,,-0.02128,0.65,0.3608,0.85,0.60112,0.55,0.21712,0.55
3252,1,1.0,0.7,0.42848,0.925,0.6688,0.6,0.24944,0.575
3253,,0.93232,0.65,0.39616,0.9,0.63648,0.55,0.18176,0.5
3254,,0.86464,0.6,0.36384,0.875,0.60416,0.5,0.11408,0.425
3255,,0.79696,0.55,0.33152,0.85,0.57184,0.45,0.0464,0.35
3256,,0.72928,0.5,0.2992,0.825,0.53952,0.4,-0.02128,0.275
3257,7,0.7616,0.55,0.36688,0.9,0.6072,0.45,1.0,0.3
3258,,0.69392,0.5,0.33456,0.875,0.57488,0.4,0.93232,0.225
3259,,0.62624,0.45,0.30224,0.85,0.54256,0.35,0.86464,0.15
3260,,0.55856,0.4,0.26992,0.825,0.51024,0.3,0.79696,0.075
3261,,0.49088,0.35,0.2376,0.8,0.47792,0.25,0.72928,-0.0
3262,,0.4232,0.3,0.20528,0.775,0.4456,0.2,0.6616,-0.075
3263,8,0.45552,0.35,0.27296,0.85,0.51328,0.25,0.69392,1.0
3264,,0.38784,0.3,0.24064,0.825,0.48096,0.2,0.62624,0.925
3265,,0.32016,0.25,0.20832,0.8,0.44864,0.15,0.55856,0.85
3266,,0.25248,0.2,0.176,0.775,0.41632,0.1,0.49088,0.775
3267,,0.1848,0.15,0.14368,0.75,0.384,0.05,0.4232,0.7
3268,,0.11712,0.1,0.11136,0.725,0.35168,0.0,0.35552,0.625
3269,,0.04944,0.05,0.07904,0.7,0.31936,-0.05,0.28784,0.55
3270,6,0.08176,0.1,0.14672,0.775,0.38704,1.0,0.32016,0.575
3271,,0.01408,0.05,0.1144,0.75,0.35472,0.95,0.25248,0.5
3272,,-0.0536,0.0,0.08208,0.725,0.3224,0.9,0.1848,0.425
3273,1,1.0,0.05,0.14976,0.8,0.39008,0.95,0.21712,0.45
3274,,0.93232,0.0,0.11744,0.775,0.35776,0.9,0.14944,0.375
3275,,0.86464,-0.05,0.08512,0.75,0.32544,0.85,0.08176,0.3
3276,2,0.89696,1.0,0.1528,0.825,0.39312,0.9,0.11408,0.325
3277,,0.82928,0.95,0.12048,0.8,0.3608,0.85,0.0464,0.25
3278,,0.7616,0.9,0.08816,0.775,0.32848,0.8,-0.02128,0.175
3279,7,0.79392,0.95,0.15584,0.85,0.39616,0.85,1.0,0.2
3280,,0.72624,0.9,0.12352,0.825,0.36384,0.8,0.93232,0.125
3281,,0.65856,0.85,0.0912,0.8,0.33152,0.75,0.86464,0.05
3282,,0.59088,0.8,0.05888,0.775,0.2992,0.7,0.79696,-0.025
3283,8,0.6232,0.85,0.12656,0.85,0.36688,0.75,0.82928,1.0
3284,,0.55552,0.8,0.09424,0.825,0.33456,0.7,0.7616,0.925
3285,,0.48784,0.75,0.06192,0.8,0.30224,0.65,0.69392,0.85
3286,,0.42016,0.7,0.0296,0.775,0.26992,0.6,0.62624,0.775
3287,,0.35248,0.65,-0.00272,0.75,0.2376,0.55,0.55856,0.7
3288,3,0.3848,0.7,1.0,0.825,0.30528,0.6,0.59088,0.725
3289,,0.31712,0.65,0.96768,0.8,0.27296,0.55,0.5232,0.65
3290,,0.24944,0.6,0.93536,0.775,0.24064,0.5,0.45552,0.575
3291,,0.18176,0.55,0.90304,0.75,0.20832,0.45,0.38784,0.5
3292,,0.11408,0.5,0.87072,0.725,0.176,0.4,0.32016,0.425
3293,,0.0464,0.45,0.8384,0.7,0.14368,0.35,0.25248,0.35
3294,,-0.02128,0.4,0.80608,0.675,0.11136,0.3,0.1848,0.275
3295,1,1.0,0.45,0.87376,0.75,0.17904,0.35,0.21712,0.3
3296,,0.93232,0.4,0.84144,0.725,0.14672,0.3,0.14944,0.225
3297,,0.86464,0.35,0.80912,0.7,0.1144,0.25,0.08176,0.15
3298,,0.79696,0.3,0.7768,0.675,0.08208,0.2,0.01408,0.075
3299,,0.72928,0.25,0.74448,0.65,0.04976,0.15,-0.0536,-0.0
3300,7,0.7616,0.3,0.81216,0.725,0.11744,0.2,1.0,0.025
3301,,0.69392,0.25,0.77984,0.7,0.08512,0.15,0.93232,-0.05
3302,8,0.72624,0.3,0.84752,0.775,0.1528,0.2,0.96464,1.0
3303,,0.65856,0.25,0.8152,0.75,0.12048,0.15,0.89696,0.925
3304,,0.59088,0.2,0.78288,0.725,0.08816,0.1,0.82928,0.85
3305,,0.5232,0.15,0.75056,0.7,0.05584,0.05,0.7616,0.775
3306,,0.45552,0.1,0.71824,0.675,0.02352,0.0,0.69392,0.7
3307,,0.38784,0.05,0.68592,0.65,-0.0088,-0.05,0.62624,0.625
3308,6,0.42016,0.1,0.7536,0.725,0.05888,1.0,0.65856,0.65
3309,,0.35248,0.05,0.72128,0.7,0.02656,0.95,0.59088,0.575
3310,,0.2848,0.0,0.68896,0.675,-0.00576,0.9,0.5232,0.5
3311,5,0.31712,0.05,0.75664,0.75,1.0,0.95,0.55552,0.525
3312,,0.24944,0.0,0.72432,0.725,0.96768,0.9,0.48784,0.45
3313,,0.18176,-0.05,0.692,0.7,0.93536,0.85,0.42016,0.375
3314,2,0.21408,1.0,0.75968,0.775,1.0,0.9,0.45248,0.4
3315,,0.1464,0.95,0.72736,0.75,0.96768,0.85,0.3848,0.325
3316,,0.07872,0.9,0.69504,0.725,0.93536,0.8,0.31712,0.25
3317,,0.01104,0.85,0.66272,0.7,0.90304,0.75,0.24944,0.175
3318,,-0.05664,0.8,0.6304,0.675,0.87072,0.7,0.18176,0.1
3319,1,1.0,0.85,0.69808,0.75,0.9384,0.75,0.21408,0.125
3320,,0.93232,0.8,0.66576,0.725,0.90608,0.7,0.1464,0.05
3321,,0.86464,0.75,0.63344,0.7,0.87376,0.65,0.07872,-0.025
3322,8,0.89696,0.8,0.70112,0.775,0.94144,0.7,0.11104,1.0
3323,,0.82928,0.75,0.6688,0.75,0.90912,0.65,0.04336,0.925
3324,,0.7616,0.7,0.63648,0.725,0.8768,0.6,-0.02432,0.85
3325,7,0.79392,0.75,0.70416,0.8,0.94448,0.65,1.0,0.875
3326,,0.72624,0.7,0.67184,0.775,0.91216,0.6,0.93232,0.8
3327,,0.65856,0.65,0.63952,0.75,0.87984,0.55,0.86464,0.725
3328,,0.59088,0.6,0.6072,0.725,0.84752,0.5,0.79696,0.65
3329,,0.5232,0.55,0.57488,0.7,0.8152,0.45,0.72928,0.575
3330,,0.45552,0.5,0.54256,0.675,0.78288,0.4,0.6616,0.5
3331,,0.38784,0.45,0.51024,0.65,0.75056,0.35,0.59392,0.425
3332,,0.32016,0.4,0.47792,0.625,0.71824,0.3,0.52624,0.35
3333,,0.25248,0.35,0.4456,0.6,0.68592,0.25,0.45856,0.275
3334,,0.1848,0.3,0.41328,0.575,0.6536,0.2,0.39088,0.2
3335,,0.11712,0.25,0.38096,0.55,0.62128,0.15,0.3232,0.125
3336,,0.04944,0.2,0.34864,0.525,0.58896,0.1,0.25552,0.05
3337,,-0.01824,0.15,0.31632,0.5,0.55664,0.05,0.18784,-0.025
3338,8,0.01408,0.2,0.384,0.575,0.62432,0.1,0.22016,1.0
3339,,-0.0536,0.15,0.35168,0.55,0.592,0.05,0.15248,0.925
3340,1,1.0,0.2,0.41936,0.625,0.65968,0.1,0.1848,0.95
3341,,0.93232,0.15,0.38704,0.6,0.62736,0.05,0.11712,0.875
3342,,0.86464,0.1,0.35472,0.575,0.59504,0.0,0.04944,0.8
3343,,0.79696,0.05,0.3224,0.55,0.56272,-0.05,-0.01824,0.725
3344,6,0.82928,0.1,0.39008,0.625,0.6304,1.0,0.01408,0.75
3345,,0.7616,0.05,0.35776,0.6,0.59808,0.95,-0.0536,0.675
3346,7,0.79392,0.1,0.42544,0.675,0.66576,1.0,1.0,0.7
3347,,0.72624,0.05,0.39312,0.65,0.63344,0.95,0.93232,0.625
3348,,0.65856,0.0,0.3608,0.625,0.60112,0.9,0.86464,0.55
3349,,0.59088,-0.05,0.32848,0.6,0.5688,0.85,0.79696,0.475
3350,2,0.6232,1.0,0.39616,0.675,0.63648,0.9,0.82928,0.5
3351,,0.55552,0.95,0.36384,0.65,0.60416,0.85,0.7616,0.425
3352,,0.48784,0.9,0.33152,0.625,0.57184,0.8,0.69392,0.35
3353,,0.42016,0.85,0.2992,0.6,0.53952,0.75,0.62624,0.275
3354,,0.35248,0.8,0.26688,0.575,0.5072,0.7,0.55856,0.2
3355,,0.2848,0.75,0.23456,0.55,0.47488,0.65,0.49088,0.125
3356,,0.21712,0.7,0.20224,0.525,0.44256,0.6,0.4232,0.05
3357,,0.14944,0.65,0.16992,0.5,0.41024,0.55,0.35552,-0.025
3358,8,0.18176,0.7,0.2376,0.575,0.47792,0.6,0.38784,1.0
3359,,0.11408,0.65,0.20528,0.55,0.4456,0.55,0.32016,0.925
3360,,0.0464,0.6,0.17296,0.525,0.41328,0.5,0.25248,0.85
3361,,-0.02128,0.55,0.14064,0.5,0.38096,0.45,0.1848,0.775
3362,1,1.0,0.6,0.20832,0.575,0.44864,0.5,0.21712,0.8
3363,,0.93232,0.55,0.176,0.55,0.41632,0.45,0.14944,0.725
3364,,0.86464,0.5,0.14368,0.525,0.384,0.4,0.08176,0.65
3365,,0.79696,0.45,0.11136,0.5,0.35168,0.35,0.01408,0.575
3366,,0.72928,0.4,0.07904,0.475,0.31936,0.3,-0.0536,0.5
3367,7,0.7616,0.45,0.14672,0.55,0.38704,0.35,1.0,0.525
3368,,0.69392,0.4,0.1144,0.525,0.35472,0.3,0.93232,0.45
3369,,0.62624,0.35,0.08208,0.5,0.3224,0.25,0.86464,0.375
3370,,0.55856,0.3,0.04976,0.475,0.29008,0.2,0.79696,0.3
3371,,0.49088,0.25,0.01744,0.45,0.25776,0.15,0.72928,0.225
3372,,0.4232,0.2,-0.01488,0.425,0.22544,0.1,0.6616,0.15
3373,3,0.45552,0.25,1.0,0.5,0.29312,0.15,0.69392,0.175
3374,,0.38784,0.2,0.96768,0.475,0.2608,0.1,0.62624,0.1
3375,,0.32016,0.15,0.93536,0.45,0.22848,0.05,0.55856,0.025
3376,,0.25248,0.1,0.90304,0.425,0.19616,0.0,0.49088,-0.05
3377,8,0.2848,0.15,0.97072,0.5,0.26384,0.05,0.5232,1.0
3378,,0.21712,0.1,0.9384,0.475,0.23152,0.0,0.45552,0.925
3379,,0.14944,0.05,0.90608,0.45,0.1992,-0.05,0.38784,0.85
3380,6,0.18176,0.1,0.97376,0.525,0.26688,1.0,0.42016,0.875
3381,,0.11408,0.05,0.94144,0.5,0.23456,0.95,0.35248,0.8
3382,,0.0464,0.0,0.90912,0.475,0.20224,0.9,0.2848,0.725
3383,,-0.02128,-0.05,0.8768,0.45,0.16992,0.85,0.21712,0.65
3384,2,0.01104,1.0,0.94448,0.525,0.2376,0.9,0.24944,0.675
3385,,-0.05664,0.95,0.91216,0.5,0.20528,0.85,0.18176,0.6
3386,1,1.0,1.0,0.97984,0.575,0.27296,0.9,0.21408,0.625
3387,,0.93232,0.95,0.94752,0.55,0.24064,0.85,0.1464,0.55
3388,,0.86464,0.9,0.9152,0.525,0.20832,0.8,0.07872,0.475
3389,,0.79696,0.85,0.88288,0.5,0.176,0.75,0.01104,0.4
3390,,0.72928,0.8,0.85056,0.475,0.14368,0.7,-0.05664,0.325
3391,7,0.7616,0.85,0.91824,0.55,0.21136,0.75,1.0,0.35
3392,,0.69392,0.8,0.88592,0.525,0.17904,0.7,0.93232,0.275
3393,,0.62624,0.75,0.8536,0.5,0.14672,0.65,0.86464,0.2
3394,,0.55856,0.7,0.82128,0.475,0.1144,0.6,0.79696,0.125
3395,,0.49088,0.65,0.78896,0.45,0.08208,0.55,0.72928,0.05
3396,,0.4232,0.6,0.75664,0.425,0.04976,0.5,0.6616,-0.025
3397,8,0.45552,0.65,0.82432,0.5,0.11744,0.55,0.69392,1.0
3398,,0.38784,0.6,0.792,0.475,0.08512,0.5,0.62624,0.925
3399,,0.32016,0.55,0.75968,0.45,0.0528,0.45,0.55856,0.85
3400,,0.25248,0.5,0.72736,0.425,0.02048,0.4,0.49088,0.775
3401,,0.1848,0.45,0.69504,0.4,-0.01184,0.35,0.4232,0.7
3402,5,0.21712,0.5,0.76272,0.475,1.0,0.4,0.45552,0.725
3403,,0.14944,0.45,0.7304,0.45,0.96768,0.35,0.38784,0.65
3404,,0.08176,0.4,0.69808,0.425,0.93536,0.3,0.32016,0.575
3405,,0.01408,0.35,0.66576,0.4,0.90304,0.25,0.25248,0.5
3406,,-0.0536,0.3,0.63344,0.375,0.87072,0.2,0.1848,0.425
3407,1,1.0,0.35,0.70112,0.45,0.9384,0.25,0.21712,0.45
3408,,0.93232,0.3,0.6688,0.425,0.90608,0.2,0.14944,0.375
3409,,0.86464,0.25,0.63648,0.4,0.87376,0.15,0.08176,0.3
3410,,0.79696,0.2,0.60416,0.375,0.84144,0.1,0.01408,0.225
3411,,0.72928,0.15,0.57184,0.35,0.80912,0.05,-0.0536,0.15
3412,7,0.7616,0.2,0.63952,0.425,0.8768,0.1,1.0,0.175
3413,,0.69392,0.15,0.6072,0.4,0.84448,0.05,0.93232,0.1
3414,,0.62624,0.1,0.57488,0.375,0.81216,0.0,0.86464,0.025
3415,,0.55856,0.05,0.54256,0.35,0.77984,-0.05,0.79696,-0.05
3416,6,0.59088,0.1,0.61024,0.425,0.84752,1.0,0.82928,-0.025
3417,8,0.6232,0.15,0.67792,0.5,0.9152,1.0,0.8616,1.0
3418,,0.55552,0.1,0.6456,0.475,0.88288,0.95,0.79392,0.925
3419,,0.48784,0.05,0.61328,0.45,0.85056,0.9,0.72624,0.85
3420,,0.42016,0.0,0.58096,0.425,0.81824,0.85,0.65856,0.775
3421,,0.35248,-0.05,0.54864,0.4,0.78592,0.8,0.59088,0.7
3422,2,0.3848,1.0,0.61632,0.475,0.8536,0.85,0.6232,0.725
3423,,0.31712,0.95,0.584,0.45,0.82128,0.8,0.55552,0.65
3424,,0.24944,0.9,0.55168,0.425,0.78896,0.75,0.48784,0.575
3425,,0.18176,0.85,0.51936,0.4,0.75664,0.7,0.42016,0.5
3426,,0.11408,0.8,0.48704,0.375,0.72432,0.65,0.35248,0.425
3427,,0.0464,0.75,0.45472,0.35,0.692,0.6,0.2848,0.35
3428,,-0.02128,0.7,0.4224,0.325,0.65968,0.55,0.21712,0.275
3429,1,1.0,0.75,0.49008,0.4,0.72736,0.6,0.24944,0.3
3430,,0.93232,0.7,0.45776,0.375,0.69504,0.55,0.18176,0.225
3431,,0.86464,0.65,0.42544,0.35,0.66272,0.5,0.11408,0.15
3432,,0.79696,0.6,0.39312,0.325,0.6304,0.45,0.0464,0.075
3433,,0.72928,0.55,0.3608,0.3,0.59808,0.4,-0.02128,-0.0
3434,7,0.7616,0.6,0.42848,0.375,0.66576,0.45,1.0,0.025
3435,,0.69392,0.55,0.39616,0.35,0.63344,0.4,0.93232,-0.05
3436,8,0.72624,0.6,0.46384,0.425,0.70112,0.45,0.96464,1.0
3437,,0.65856,0.55,0.43152,0.4,0.6688,0.4,0.89696,0.925
3438,,0.59088,0.5,0.3992,0.375,0.63648,0.35,0.82928,0.85
3439,,0.5232,0.45,0.36688,0.35,0.60416,0.3,0.7616,0.775
3440,,0.45552,0.4,0.33456,0.325,0.57184,0.25,0.69392,0.7
3441,,0.38784,0.35,0.30224,0.3,0.53952,0.2,0.62624,0.625
3442,,0.32016,0.3,0.26992,0.275,0.5072,0.15,0.55856,0.55
3443,,0.25248,0.25,0.2376,0.25,0.47488,0.1,0.49088,0.475
3444,,0.1848,0.2,0.20528,0.225,0.44256,0.05,0.4232,0.4
3445,,0.11712,0.15,0.17296,0.2,0.41024,0.0,0.35552,0.325
3446,,0.04944,0.1,0.14064,0.175,0.37792,-0.05,0.28784,0.25
3447,6,0.08176,0.15,0.20832,0.25,0.4456,1.0,0.32016,0.275
3448,,0.01408,0.1,0.176,0.225,0.41328,0.95,0.25248,0.2
3449,,-0.0536,0.05,0.14368,0.2,0.38096,0.9,0.1848,0.125
3450,1,1.0,0.1,0.21136,0.275,0.44864,0.95,0.21712,0.15
3451,,0.93232,0.05,0.17904,0.25,0.41632,0.9,0.14944,0.075
3452,,0.86464,0.0,0.14672,0.225,0.384,0.85,0.08176,-0.0
3453,,0.79696,-0.05,0.1144,0.2,0.35168,0.8,0.01408,-0.075
3454,8,0.82928,0.0,0.18208,0.275,0.41936,0.85,0.0464,1.0
3455,,0.7616,-0.05,0.14976,0.25,0.38704,0.8,-0.02128,0.925
3456,2,0.79392,1.0,0.21744,0.325,0.45472,0.85,0.01104,0.95
3457,,0.72624,0.95,0.18512,0.3,0.4224,0.8,-0.05664,0.875
3458,7,0.75856,1.0,0.2528,0.375,0.49008,0.85,1.0,0.9
3459,,0.69088,0.95,0.22048,0.35,0.45776,0.8,0.93232,0.825
3460,,0.6232,0.9,0.18816,0.325,0.42544,0.75,0.86464,0.75
3461,,0.55552,0.85,0.15584,0.3,0.39312,0.7,0.79696,0.675
3462,,0.48784,0.8,0.12352,0.275,0.3608,0.65,0.72928,0.6
3463,,0.42016,0.75,0.0912,0.25,0.32848,0.6,0.6616,0.525
3464,,0.35248,0.7,0.05888,0.225,0.29616,0.55,0.59392,0.45
3465,,0.2848,0.65,0.02656,0.2,0.26384,0.5,0.52624,0.375
3466,,0.21712,0.6,-0.00576,0.175,0.23152,0.45,0.45856,0.3
3467,3,0.24944,0.65,1.0,0.25,0.2992,0.5,0.49088,0.325
3468,,0.18176,0.6,0.96768,0.225,0.26688,0.45,0.4232,0.25
3469,,0.11408,0.55,0.93536,0.2,0.23456,0.4,0.35552,0.175
3470,,0.0464,0.5,0.90304,0.175,0.20224,0.35,0.28784,0.1
3471,,-0.02128,0.45,0.87072,0.15,0.16992,0.3,0.22016,0.025
3472,1,1.0,0.5,0.9384,0.225,0.2376,0.35,0.25248,0.05
3473,,0.93232,0.45,0.90608,0.2,0.20528,0.3,0.1848,-0.025
3474,8,0.96464,0.5,0.97376,0.275,0.27296,0.35,0.21712,1.0
3475,,0.89696,0.45,0.94144,0.25,0.24064,0.3,0.14944,0.925
3476,,0.82928,0.4,0.90912,0.225,0.20832,0.25,0.08176,0.85
3477,,0.7616,0.35,0.8768,0.2,0.176,0.2,0.01408,0.775
3478,,0.69392,0.3,0.84448,0.175,0.14368,0.15,-0.0536,0.7
3479,7,0.72624,0.35,0.91216,0.25,0.21136,0.2,1.0,0.725
3480,,0.65856,0.3,0.87984,0.225,0.17904,0.15,0.93232,0.65
3481,,0.59088,0.25,0.84752,0.2,0.14672,0.1,0.86464,0.575
3482,,0.5232,0.2,0.8152,0.175,0.1144,0.05,0.79696,0.5
3483,,0.45552,0.15,0.78288,0.15,0.08208,0.0,0.72928,0.425
3484,,0.38784,0.1,0.75056,0.125,0.04976,-0.05,0.6616,0.35
3485,6,0.42016,0.15,0.81824,0.2,0.11744,1.0,0.69392,0.375
3486,,0.35248,0.1,0.78592,0.175,0.08512,0.95,0.62624,0.3
3487,,0.2848,0.05,0.7536,0.15,0.0528,0.9,0.55856,0.225
3488,,0.21712,0.0,0.72128,0.125,0.02048,0.85,0.49088,0.15
3489,,0.14944,-0.05,0.68896,0.1,-0.01184,0.8,0.4232,0.075
3490,2,0.18176,1.0,0.75664,0.175,0.05584,0.85,0.45552,0.1
3491,,0.11408,0.95,0.72432,0.15,0.02352,0.8,0.38784,0.025
3492,,0.0464,0.9,0.692,0.125,-0.0088,0.75,0.32016,-0.05
3493,8,0.07872,0.95,0.75968,0.2,0.05888,0.8,0.35248,1.0
3494,,0.01104,0.9,0.72736,0.175,0.02656,0.75,0.2848,0.925
3495,,-0.05664,0.85,0.69504,0.15,-0.00576,0.7,0.21712,0.85
3496,1,1.0,0.9,0.76272,0.225,0.06192,0.75,0.24944,0.875
3497,,0.93232,0.85,0.7304,0.2,0.0296,0.7,0.18176,0.8
3498,,0.86464,0.8,0.69808,0.175,-0.00272,0.65,0.11408,0.725
3499,5,0.89696,0.85,0.76576,0.25,1.0,0.7,0.1464,0.75
3500,,0.82928,0.8,0.73344,0.225,0.96768,0.65,0.07872,0.675
3501,,0.7616,0.75,0.70112,0.2,0.93536,0.6,0.01104,0.6
3502,,0.69392,0.7,0.6688,0.175,0.90304,0.55,-0.05664,0.525
3503,7,0.72624,0.75,0.73648,0.25,0.97072,0.6,1.0,0.55
3504,,0.65856,0.7,0.70416,0.225,0.9384,0.55,0.93232,0.475
3505,,0.59088,0.65,0.67184,0.2,0.90608,0.5,0.86464,0.4
3506,,0.5232,0.6,0.63952,0.175,0.87376,0.45,0.79696,0.325
3507,,0.45552,0.55,0.6072,0.15,0.84144,0.4,0.72928,0.25
3508,,0.38784,0.5,0.57488,0.125,0.80912,0.35,0.6616,0.175
3509,,0.32016,0.45,0.54256,0.1,0.7768,0.3,0.59392,0.1
3510,,0.25248,0.4,0.51024,0.075,0.74448,0.25,0.52624,0.025
3511,,0.1848,0.35,0.47792,0.05,0.71216,0.2,0.45856,-0.05
3512,8,0.21712,0.4,0.5456,0.125,0.77984,0.25,0.49088,1.0
3513,,0.14944,0.35,0.51328,0.1,0.74752,0.2,0.4232,0.925
3514,,0.08176,0.3,0.48096,0.075,0.7152,0.15,0.35552,0.85
3515,,0.01408,0.25,0.44864,0.05,0.68288,0.1,0.28784,0.775
3516,,-0.0536,0.2,0.41632,0.025,0.65056,0.05,0.22016,0.7
3517,1,1.0,0.25,0.484,0.1,0.71824,0.1,0.25248,0.725
3518,,0.93232,0.2,0.45168,0.075,0.68592,0.05,0.1848,0.65
3519,,0.86464,0.15,0.41936,0.05,0.6536,0.0,0.11712,0.575
3520,,0.79696,0.1,0.38704,0.025,0.62128,-0.05,0.04944,0.5
3521,6,0.82928,0.15,0.45472,0.1,0.68896,1.0,0.08176,0.525
3522,,0.7616,0.1,0.4224,0.075,0.65664,0.95,0.01408,0.45
3523,,0.69392,0.05,0.39008,0.05,0.62432,0.9,-0.0536,0.375
3524,7,0.72624,0.1,0.45776,0.125,0.692,0.95,1.0,0.4
3525,,0.65856,0.05,0.42544,0.1,0.65968,0.9,0.93232,0.325
3526,,0.59088,0.0,0.39312,0.075,0.62736,0.85,0.86464,0.25
3527,,0.5232,-0.05,0.3608,0.05,0.59504,0.8,0.79696,0.175
3528,2,0.55552,1.0,0.42848,0.125,0.66272,0.85,0.82928,0.2
3529,,0.48784,0.95,0.39616,0.1,0.6304,0.8,0.7616,0.125
3530,,0.42016,0.9,0.36384,0.075,0.59808,0.75,0.69392,0.05
3531,,0.35248,0.85,0.33152,0.05,0.56576,0.7,0.62624,-0.025
3532,8,0.3848,0.9,0.3992,0.125,0.63344,0.75,0.65856,1.0
3533,,0.31712,0.85,0.36688,0.1,0.60112,0.7,0.59088,0.925
3534,,0.24944,0.8,0.33456,0.075,0.5688,0.65,0.5232,0.85
3535,,0.18176,0.75,0.30224,0.05,0.53648,0.6,0.45552,0.775
3536,,0.11408,0.7,0.26992,0.025,0.50416,0.55,0.38784,0.7
3537,,0.0464,0.65,0.2376,0.0,0.47184,0.5,0.32016,0.625
3538,,-0.02128,0.6,0.20528,-0.025,0.43952,0.45,0.25248,0.55
3539,4,0.01104,0.65,0.27296,1.0,0.5072,0.5,0.2848,0.575
3540,,-0.05664,0.6,0.24064,0.975,0.47488,0.45,0.21712,0.5
3541,1,1.0,0.65,0.30832,1.0,0.54256,0.5,0.24944,0.525
3542,,0.93232,0.6,0.276,0.975,0.51024,0.45,0.18176,0.45
3543,,0.86464,0.55,0.24368,0.95,0.47792,0.4,0.11408,0.375
3544,,0.79696,0.5,0.21136,0.925,0.4456,0.35,0.0464,0.3
3545,,0.72928,0.45,0.17904,0.9,0.41328,0.3,-0.02128,0.225
3546,7,0.7616,0.5,0.24672,0.975,0.48096,0.35,1.0,0.25
3547,,0.69392,0.45,0.2144,0.95,0.44864,0.3,0.93232,0.175
3548,,0.62624,0.4,0.18208,0.925,0.41632,0.25,0.86464,0.1
3549,,0.55856,0.35,0.14976,0.9,0.384,0.2,0.79696,0.025
3550,,0.49088,0.3,0.11744,0.875,0.35168,0.15,0.72928,-0.05
3551,8,0.5232,0.35,0.18512,0.95,0.41936,0.2,0.7616,1.0
3552,,0.45552,0.3,0.1528,0.925,0.38704,0.15,0.69392,0.925
3553,,0.38784,0.25,0.12048,0.9,0.35472,0.1,0.62624,0.85
3554,,0.32016,0.2,0.08816,0.875,0.3224,0.05,0.55856,0.775
3555,,0.25248,0.15,0.05584,0.85,0.29008,0.0,0.49088,0.7
3556,,0.1848,0.1,0.02352,0.825,0.25776,-0.05,0.4232,0.625
3557,6,0.21712,0.15,0.0912,0.9,0.32544,1.0,0.45552,0.65
3558,,0.14944,0.1,0.05888,0.875,0.29312,0.95,0.38784,0.575
3559,,0.08176,0.05,0.02656,0.85,0.2608,0.9,0.32016,0.5
3560,,0.01408,0.0,-0.00576,0.825,0.22848,0.85,0.25248,0.425
3561,3,0.0464,0.05,1.0,0.9,0.29616,0.9,0.2848,0.45
3562,,-0.02128,0.0,0.96768,0.875,0.26384,0.85,0.21712,0.375
3563,1,1.0,0.05,1.0,0.95,0.33152,0.9,0.24944,0.4
3564,,0.93232,0.0,0.96768,0.925,0.2992,0.85,0.18176,0.325
3565,,0.86464,-0.05,0.93536,0.9,0.26688,0.8,0.11408,0.25
3566,2,0.89696,1.0,1.0,0.975,0.33456,0.85,0.1464,0.275
3567,,0.82928,0.95,0.96768,0.95,0.30224,0.8,0.07872,0.2
3568,,0.7616,0.9,0.93536,0.925,0.26992,0.75,0.01104,0.125
3569,,0.69392,0.85,0.90304,0.9,0.2376,0.7,-0.05664,0.05
3570,7,0.72624,0.9,0.97072,0.975,0.30528,0.75,1.0,0.075
3571,,0.65856,0.85,0.9384,0.95,0.27296,0.7,0.93232,-0.0
3572,,0.59088,0.8,0.90608,0.925,0.24064,0.65,0.86464,-0.075
3573,8,0.6232,0.85,0.97376,1.0,0.30832,0.7,0.89696,1.0
3574,,0.55552,0.8,0.94144,0.975,0.276,0.65,0.82928,0.925
3575,,0.48784,0.75,0.90912,0.95,0.24368,0.6,0.7616,0.85
3576,,0.42016,0.7,0.8768,0.925,0.21136,0.55,0.69392,0.775
3577,,0.35248,0.65,0.84448,0.9,0.17904,0.5,0.62624,0.7
3578,,0.2848,0.6,0.81216,0.875,0.14672,0.45,0.55856,0.625
3579,,0.21712,0.55,0.77984,0.85,0.1144,0.4,0.49088,0.55
3580,,0.14944,0.5,0.74752,0.825,0.08208,0.35,0.4232,0.475
3581,,0.08176,0.45,0.7152,0.8,0.04976,0.3,0.35552,0.4
3582,,0.01408,0.4,0.68288,0.775,0.01744,0.25,0.28784,0.325
3583,,-0.0536,0.35,0.65056,0.75,-0.01488,0.2,0.22016,0.25
3584,1,1.0,0.4,0.71824,0.825,0.0528,0.25,0.25248,0.275
3585,,0.93232,0.35,0.68592,0.8,0.02048,0.2,0.1848,0.2
3586,,0.86464,0.3,0.6536,0.775,-0.01184,0.15,0.11712,0.125
3587,5,0.89696,0.35,0.72128,0.85,1.0,0.2,0.14944,0.15
3588,,0.82928,0.3,0.68896,0.825,0.96768,0.15,0.08176,0.075
3589,,0.7616,0.25,0.65664,0.8,0.93536,0.1,0.01408,-0.0
3590,,0.69392,0.2,0.62432,0.775,0.90304,0.05,-0.0536,-0.075
3591,8,0.72624,0.25,0.692,0.85,0.97072,0.1,-0.02128,1.0
3592,7,0.75856,0.3,0.75968,0.925,1.0,0.15,1.0,1.0
3593,,0.69088,0.25,0.72736,0.9,0.96768,0.1,0.93232,0.925
3594,,0.6232,0.2,0.69504,0.875,0.93536,0.05,0.86464,0.85
3595,,0.55552,0.15,0.66272,0.85,0.90304,0.0,0.79696,0.775
3596,,0.48784,0.1,0.6304,0.825,0.87072,-0.05,0.72928,0.7
3597,6,0.52016,0.15,0.69808,0.9,0.9384,1.0,0.7616,0.725
3598,,0.45248,0.1,0.66576,0.875,0.90608,0.95,0.69392,0.65
3599,,0.3848,0.05,0.63344,0.85,0.87376,0.9,0.62624,0.575
3600,,0.31712,0.0,0.60112,0.825,0.84144,0.85,0.55856,0.5
3601,,0.24944,-0.05,0.5688,0.8,0.80912,0.8,0.49088,0.425
3602,2,0.28176,1.0,0.63648,0.875,0.8768,0.85,0.5232,0.45
3603,,0.21408,0.95,0.60416,0.85,0.84448,0.8,0.45552,0.375
3604,,0.1464,0.9,0.57184,0.825,0.81216,0.75,0.38784,0.3
3605,,0.07872,0.85,0.53952,0.8,0.77984,0.7,0.32016,0.225
3606,,0.01104,0.8,0.5072,0.775,0.74752,0.65,0.25248,0.15
3607,,-0.05664,0.75,0.47488,0.75,0.7152,0.6,0.1848,0.075
3608,1,1.0,0.8,0.54256,0.825,0.78288,0.65,0.21712,0.1
3609,,0.93232,0.75,0.51024,0.8,0.75056,0.6,0.14944,0.025
3610,,0.86464,0.7,0.47792,0.775,0.71824,0.55,0.08176,-0.05
3611,8,0.89696,0.75,0.5456,0.85,0.78592,0.6,0.11408,1.0
3612,,0.82928,0.7,0.51328,0.825,0.7536,0.55,0.0464,0.925
3613,,0.7616,0.65,0.48096,0.8,0.72128,0.5,-0.02128,0.85
3614,7,0.79392,0.7,0.54864,0.875,0.78896,0.55,1.0,0.875
3615,,0.72624,0.65,0.51632,0.85,0.75664,0.5,0.93232,0.8
3616,,0.65856,0.6,0.484,0.825,0.72432,0.45,0.86464,0.725
3617,,0.59088,0.55,0.45168,0.8,0.692,0.4,0.79696,0.65
3618,,0.5232,0.5,0.41936,0.775,0.65968,0.35,0.72928,0.575
3619,,0.45552,0.45,0.38704,0.75,0.62736,0.3,0.6616,0.5
3620,,0.38784,0.4,0.35472,0.725,0.59504,0.25,0.59392,0.425
3621,,0.32016,0.35,0.3224,0.7,0.56272,0.2,0.52624,0.35
3622,,0.25248,0.3,0.29008,0.675,0.5304,0.15,0.45856,0.275
3623,,0.1848,0.25,0.25776,0.65,0.49808,0.1,0.39088,0.2
3624,,0.11712,0.2,0.22544,0.625,0.46576,0.05,0.3232,0.125
3625,,0.04944,0.15,0.19312,0.6,0.43344,0.0,0.25552,0.05
3626,,-0.01824,0.1,0.1608,0.575,0.40112,-0.05,0.18784,-0.025
3627,6,0.01408,0.15,0.22848,0.65,0.4688,1.0,0.22016,0.0
3628,,-0.0536,0.1,0.19616,0.625,0.43648,0.95,0.15248,-0.075
3629,8,-0.02128,0.15,0.26384,0.7,0.50416,1.0,0.1848,1.0
3630,1,1.0,0.2,0.33152,0.775,0.57184,1.0,0.21712,1.0
3631,,0.93232,0.15,0.2992,0.75,0.53952,0.95,0.14944,0.925
3632,,0.86464,0.1,0.26688,0.725,0.5072,0.9,0.08176,0.85
3633,,0.79696,0.05,0.23456,0.7,0.47488,0.85,0.01408,0.775
3634,,0.72928,0.0,0.20224,0.675,0.44256,0.8,-0.0536,0.7
3635,7,0.7616,0.05,0.26992,0.75,0.51024,0.85,1.0,0.725
3636,,0.69392,0.0,0.2376,0.725,0.47792,0.8,0.93232,0.65
3637,,0.62624,-0.05,0.20528,0.7,0.4456,0.75,0.86464,0.575
3638,2,0.65856,1.0,0.27296,0.775,0.51328,0.8,0.89696,0.6
3639,,0.59088,0.95,0.24064,0.75,0.48096,0.75,0.82928,0.525
3640,,0.5232,0.9,0.20832,0.725,0.44864,0.7,0.7616,0.45
3641,,0.45552,0.85,0.176,0.7,0.41632,0.65,0.69392,0.375
3642,,0.38784,0.8,0.14368,0.675,0.384,0.6,0.62624,0.3
3643,,0.32016,0.75,0.11136,0.65,0.35168,0.55,0.55856,0.225
3644,,0.25248,0.7,0.07904,0.625,0.31936,0.5,0.49088,0.15
3645,,0.1848,0.65,0.04672,0.6,0.28704,0.45,0.4232,0.075
3646,,0.11712,0.6,0.0144,0.575,0.25472,0.4,0.35552,-0.0
3647,,0.04944,0.55,-0.01792,0.55,0.2224,0.35,0.28784,-0.075
3648,8,0.08176,0.6,0.04976,0.625,0.29008,0.4,0.32016,1.0
3649,,0.01408,0.55,0.01744,0.6,0.25776,0.35,0.25248,0.925
3650,,-0.0536,0.5,-0.01488,0.575,0.22544,0.3,0.1848,0.85
3651,1,1.0,0.55,0.0528,0.65,0.29312,0.35,0.21712,0.875
3652,,0.93232,0.5,0.02048,0.625,0.2608,0.3,0.14944,0.8
3653,,0.86464,0.45,-0.01184,0.6,0.22848,0.25,0.08176,0.725
3654,3,0.89696,0.5,1.0,0.675,0.29616,0.3,0.11408,0.75
3655,,0.82928,0.45,0.96768,0.65,0.26384,0.25,0.0464,0.675
3656,,0.7616,0.4,0.93536,0.625,0.23152,0.2,-0.02128,0.6
3657,7,0.79392,0.45,1.0,0.7,0.2992,0.25,1.0,0.625
3658,,0.72624,0.4,0.96768,0.675,0.26688,0.2,0.93232,0.55
3659,,0.65856,0.35,0.93536,0.65,0.23456,0.15,0.86464,0.475
3660,,0.59088,0.3,0.90304,0.625,0.20224,0.1,0.79696,0.4
3661,,0.5232,0.25,0.87072,0.6,0.16992,0.05,0.72928,0.325
3662,,0.45552,0.2,0.8384,0.575,0.1376,0.0,0.6616,0.25
3663,,0.38784,0.15,0.80608,0.55,0.10528,-0.05,0.59392,0.175
3664,6,0.42016,0.2,0.87376,0.625,0.17296,1.0,0.62624,0.2
3665,,0.35248,0.15,0.84144,0.6,0.14064,0.95,0.55856,0.125
3666,,0.2848,0.1,0.80912,0.575,0.10832,0.9,0.49088,0.05
3667,,0.21712,0.05,0.7768,0.55,0.076,0.85,0.4232,-0.025
3668,8,0.24944,0.1,0.84448,0.625,0.14368,0.9,0.45552,1.0
3669,,0.18176,0.05,0.81216,0.6,0.11136,0.85,0.38784,0.925
3670,,0.11408,0.0,0.77984,0.575,0.07904,0.8,0.32016,0.85
3671,,0.0464,-0.05,0.74752,0.55,0.04672,0.75,0.25248,0.775
3672,2,0.07872,1.0,0.8152,0.625,0.1144,0.8,0.2848,0.8
3673,,0.01104,0.95,0.78288,0.6,0.08208,0.75,0.21712,0.725
3674,,-0.05664,0.9,0.75056,0.575,0.04976,0.7,0.14944,0.65
3675,1,1.0,0.95,0.81824,0.65,0.11744,0.75,0.18176,0.675
3676,,0.93232,0.9,0.78592,0.625,0.08512,0.7,0.11408,0.6
3677,,0.86464,0.85,0.7536,0.6,0.0528,0.65,0.0464,0.525
3678,,0.79696,0.8,0.72128,0.575,0.02048,0.6,-0.02128,0.45
3679,7,0.82928,0.85,0.78896,0.65,0.08816,0.65,1.0,0.475
3680,,0.7616,0.8,0.75664,0.625,0.05584,0.6,0.93232,0.4
3681,,0.69392,0.75,0.72432,0.6,0.02352,0.55,0.86464,0.325
3682,,0.62624,0.7,0.692,0.575,-0.0088,0.5,0.79696,0.25
3683,5,0.65856,0.75,0.75968,0.65,1.0,0.55,0.82928,0.275
3684,,0.59088,0.7,0.72736,0.625,0.96768,0.5,0.7616,0.2
3685,,0.5232,0.65,0.69504,0.6,0.93536,0.45,0.69392,0.125
3686,,0.45552,0.6,0.66272,0.575,0.90304,0.4,0.62624,0.05
3687,,0.38784,0.55,0.6304,0.55,0.87072,0.35,0.55856,-0.025
3688,8,0.42016,0.6,0.69808,0.625,0.9384,0.4,0.59088,1.0
3689,,0.35248,0.55,0.66576,0.6,0.90608,0.35,0.5232,0.925
3690,,0.2848,0.5,0.63344,0.575,0.87376,0.3,0.45552,0.85
3691,,0.21712,0.45,0.60112,0.55,0.84144,0.25,0.38784,0.775
3692,,0.14944,0.4,0.5688,0.525,0.80912,0.2,0.32016,0.7
3693,,0.08176,0.35,0.53648,0.5,0.7768,0.15,0.25248,0.625
3694,,0.01408,0.3,0.50416,0.475,0.74448,0.1,0.1848,0.55
3695,,-0.0536,0.25,0.47184,0.45,0.71216,0.05,0.11712,0.475
3696,1,1.0,0.3,0.53952,0.525,0.77984,0.1,0.14944,0.5
3697,,0.93232,0.25,0.5072,0.5,0.74752,0.05,0.08176,0.425
3698,,0.86464,0.2,0.47488,0.475,0.7152,0.0,0.01408,0.35
3699,,0.79696,0.15,0.44256,0.45,0.68288,-0.05,-0.0536,0.275
3700,7,0.82928,0.2,0.51024,0.525,0.75056,0.0,1.0,0.3
3701,,0.7616,0.15,0.47792,0.5,0.71824,-0.05,0.93232,0.225
3702,6,0.79392,0.2,0.5456,0.575,0.78592,1.0,0.96464,0.25
3703,,0.72624,0.15,0.51328,0.55,0.7536,0.95,0.89696,0.175
3704,,0.65856,0.1,0.48096,0.525,0.72128,0.9,0.82928,0.1
3705,,0.59088,0.05,0.44864,0.5,0.68896,0.85,0.7616,0.025
3706,,0.5232,0.0,0.41632,0.475,0.65664,0.8,0.69392,-0.05
3707,8,0.55552,0.05,0.484,0.55,0.72432,0.85,0.72624,1.0
3708,,0.48784,0.0,0.45168,0.525,0.692,0.8,0.65856,0.925
3709,,0.42016,-0.05,0.41936,0.5,0.65968,0.75,0.59088,0.85
3710,2,0.45248,1.0,0.48704,0.575,0.72736,0.8,0.6232,0.875
3711,,0.3848,0.95,0.45472,0.55,0.69504,0.75,0.55552,0.8
3712,,0.31712,0.9,0.4224,0.525,0.66272,0.7,0.48784,0.725
3713,,0.24944,0.85,0.39008,0.5,0.6304,0.65,0.42016,0.65
3714,,0.18176,0.8,0.35776,0.475,0.59808,0.6,0.35248,0.575
3715,,0.11408,0.75,0.32544,0.45,0.56576,0.55,0.2848,0.5
3716,,0.0464,0.7,0.29312,0.425,0.53344,0.5,0.21712,0.425
3717,,-0.02128,0.65,0.2608,0.4,0.50112,0.45,0.14944,0.35
3718,1,1.0,0.7,0.32848,0.475,0.5688,0.5,0.18176,0.375
3719,,0.93232,0.65,0.29616,0.45,0.53648,0.45,0.11408,0.3
3720,,0.86464,0.6,0.26384,0.425,0.50416,0.4,0.0464,0.225
3721,,0.79696,0.55,0.23152,0.4,0.47184,0.35,-0.02128,0.15
3722,7,0.82928,0.6,0.2992,0.475,0.53952,0.4,1.0,0.175
3723,,0.7616,0.55,0.26688,0.45,0.5072,0.35,0.93232,0.1
3724,,0.69392,0.5,0.23456,0.425,0.47488,0.3,0.86464,0.025
3725,,0.62624,0.45,0.20224,0.4,0.44256,0.25,0.79696,-0.05
3726,8,0.65856,0.5,0.26992,0.475,0.51024,0.3,0.82928,1.0
3727,,0.59088,0.45,0.2376,0.45,0.47792,0.25,0.7616,0.925
3728,,0.5232,0.4,0.20528,0.425,0.4456,0.2,0.69392,0.85
3729,,0.45552,0.35,0.17296,0.4,0.41328,0.15,0.62624,0.775
3730,,0.38784,0.3,0.14064,0.375,0.38096,0.1,0.55856,0.7
3731,,0.32016,0.25,0.10832,0.35,0.34864,0.05,0.49088,0.625
3732,,0.25248,0.2,0.076,0.325,0.31632,0.0,0.4232,0.55
3733,,0.1848,0.15,0.04368,0.3,0.284,-0.05,0.35552,0.475
3734,6,0.21712,0.2,0.11136,0.375,0.35168,1.0,0.38784,0.5
3735,,0.14944,0.15,0.07904,0.35,0.31936,0.95,0.32016,0.425
3736,,0.08176,0.1,0.04672,0.325,0.28704,0.9,0.25248,0.35
3737,,0.01408,0.05,0.0144,0.3,0.25472,0.85,0.1848,0.275
3738,,-0.0536,0.0,-0.01792,0.275,0.2224,0.8,0.11712,0.2
3739,1,1.0,0.05,0.04976,0.35,0.29008,0.85,0.14944,0.225
3740,,0.93232,0.0,0.01744,0.325,0.25776,0.8,0.08176,0.15
3741,,0.86464,-0.05,-0.01488,0.3,0.22544,0.75,0.01408,0.075
3742,2,0.89696,1.0,0.0528,0.375,0.29312,0.8,0.0464,0.1
3743,,0.82928,0.95,0.02048,0.35,0.2608,0.75,-0.02128,0.025
3744,7,0.8616,1.0,0.08816,0.425,0.32848,0.8,1.0,0.05
3745,,0.79392,0.95,0.05584,0.4,0.29616,0.75,0.93232,-0.025
3746,8,0.82624,1.0,0.12352,0.475,0.36384,0.8,0.96464,1.0
3747,,0.75856,0.95,0.0912,0.45,0.33152,0.75,0.89696,0.925
3748,,0.69088,0.9,0.05888,0.425,0.2992,0.7,0.82928,0.85
3749,,0.6232,0.85,0.02656,0.4,0.26688,0.65,0.7616,0.775
3750,,0.55552,0.8,-0.00576,0.375,0.23456,0.6,0.69392,0.7
3751,3,0.58784,0.85,1.0,0.45,0.30224,0.65,0.72624,0.725
3752,,0.52016,0.8,0.96768,0.425,0.26992,0.6,0.65856,0.65
3753,,0.45248,0.75,0.93536,0.4,0.2376,0.55,0.59088,0.575
3754,,0.3848,0.7,0.90304,0.375,0.20528,0.5,0.5232,0.5
3755,,0.31712,0.65,0.87072,0.35,0.17296,0.45,0.45552,0.425
3756,,0.24944,0.6,0.8384,0.325,0.14064,0.4,0.38784,0.35
3757,,0.18176,0.55,0.80608,0.3,0.10832,0.35,0.32016,0.275
3758,,0.11408,0.5,0.77376,0.275,0.076,0.3,0.25248,0.2
3759,,0.0464,0.45,0.74144,0.25,0.04368,0.25,0.1848,0.125
3760,,-0.02128,0.4,0.70912,0.225,0.01136,0.2,0.11712,0.05
3761,1,1.0,0.45,0.7768,0.3,0.07904,0.25,0.14944,0.075
3762,,0.93232,0.4,0.74448,0.275,0.04672,0.2,0.08176,-0.0
3763,,0.86464,0.35,0.71216,0.25,0.0144,0.15,0.01408,-0.075
3764,8,0.89696,0.4,0.77984,0.325,0.08208,0.2,0.0464,1.0
3765,,0.82928,0.35,0.74752,0.3,0.04976,0.15,-0.02128,0.925
3766,7,0.8616,0.4,0.8152,0.375,0.11744,0.2,1.0,0.95
3767,,0.79392,0.35,0.78288,0.35,0.08512,0.15,0.93232,0.875
3768,,0.72624,0.3,0.75056,0.325,0.0528,0.1,0.86464,0.8
3769,,0.65856,0.25,0.71824,0.3,0.02048,0.05,0.79696,0.725
3770,,0.59088,0.2,0.68592,0.275,-0.01184,0.0,0.72928,0.65
3771,5,0.6232,0.25,0.7536,0.35,1.0,0.05,0.7616,0.675
3772,,0.55552,0.2,0.72128,0.325,0.96768,0.0,0.69392,0.6
3773,,0.48784,0.15,0.68896,0.3,0.93536,-0.05,0.62624,0.525
3774,6,0.52016,0.2,0.75664,0.375,1.0,1.0,0.65856,0.55
3775,,0.45248,0.15,0.72432,0.35,0.96768,0.95,0.59088,0.475
3776,,0.3848,0.1,0.692,0.325,0.93536,0.9,0.5232,0.4
3777,,0.31712,0.05,0.65968,0.3,0.90304,0.85,0.45552,0.325
3778,,0.24944,0.0,0.62736,0.275,0.87072,0.8,0.38784,0.25
3779,,0.18176,-0.05,0.59504,0.25,0.8384,0.75,0.32016,0.175
3780,2,0.21408,1.0,0.66272,0.325,0.90608,0.8,0.35248,0.2
3781,,0.1464,0.95,0.6304,0.3,0.87376,0.75,0.2848,0.125
3782,,0.07872,0.9,0.59808,0.275,0.84144,0.7,0.21712,0.05
3783,,0.01104,0.85,0.56576,0.25,0.80912,0.65,0.14944,-0.025
3784,8,0.04336,0.9,0.63344,0.325,0.8768,0.7,0.18176,1.0
3785,,-0.02432,0.85,0.60112,0.3,0.84448,0.65,0.11408,0.925
3786,1,1.0,0.9,0.6688,0.375,0.91216,0.7,0.1464,0.95
3787,,0.93232,0.85,0.63648,0.35,0.87984,0.65,0.07872,0.875
3788,,0.86464,0.8,0.60416,0.325,0.84752,0.6,0.01104,0.8
3789,,0.79696,0.75,0.57184,0.3,0.8152,0.55,-0.05664,0.725
3790,7,0.82928,0.8,0.63952,0.375,0.88288,0.6,1.0,0.75
3791,,0.7616,0.75,0.6072,0.35,0.85056,0.55,0.93232,0.675
3792,,0.69392,0.7,0.57488,0.325,0.81824,0.5,0.86464,0.6
3793,,0.62624,0.65,0.54256,0.3,0.78592,0.45,0.79696,0.525
3794,,0.55856,0.6,0.51024,0.275,0.7536,0.4,0.72928,0.45
3795,,0.49088,0.55,0.47792,0.25,0.72128,0.35,0.6616,0.375
3796,,0.4232,0.5,0.4456,0.225,0.68896,0.3,0.59392,0.3
3797,,0.35552,0.45,0.41328,0.2,0.65664,0.25,0.52624,0.225
3798,,0.28784,0.4,0.38096,0.175,0.62432,0.2,0.45856,0.15
3799,,0.22016,0.35,0.34864,0.15,0.592,0.15,0.39088,0.075
3800,,0.15248,0.3,0.31632,0.125,0.55968,0.1,0.3232,-0.0
3801,,0.0848,0.25,0.284,0.1,0.52736,0.05,0.25552,-0.075
3802,8,0.11712,0.3,0.35168,0.175,0.59504,0.1,0.28784,1.0
3803,,0.04944,0.25,0.31936,0.15,0.56272,0.05,0.22016,0.925
3804,,-0.01824,0.2,0.28704,0.125,0.5304,0.0,0.15248,0.85
3805,1,1.0,0.25,0.35472,0.2,0.59808,0.05,0.1848,0.875
3806,,0.93232,0.2,0.3224,0.175,0.56576,0.0,0.11712,0.8
3807,,0.86464,0.15,0.29008,0.15,0.53344,-0.05,0.04944,0.725
3808,6,0.89696,0.2,0.35776,0.225,0.60112,1.0,0.08176,0.75
3809,,0.82928,0.15,0.32544,0.2,0.5688,0.95,0.01408,0.675
3810,,0.7616,0.1,0.29312,0.175,0.53648,0.9,-0.0536,0.6
3811,7,0.79392,0.15,0.3608,0.25,0.60416,0.95,1.0,0.625
3812,,0.72624,0.1,0.32848,0.225,0.57184,0.9,0.93232,0.55
3813,,0.65856,0.05,0.29616,0.2,0.53952,0.85,0.86464,0.475
3814,,0.59088,0.0,0.26384,0.175,0.5072,0.8,0.79696,0.4
3815,,0.5232,-0.05,0.23152,0.15,0.47488,0.75,0.72928,0.325
3816,2,0.55552,1.0,0.2992,0.225,0.54256,0.8,0.7616,0.35
3817,,0.48784,0.95,0.26688,0.2,0.51024,0.75,0.69392,0.275
3818,,0.42016,0.9,0.23456,0.175,0.47792,0.7,0.62624,0.2
3819,,0.35248,0.85,0.20224,0.15,0.4456,0.65,0.55856,0.125
3820,,0.2848,0.8,0.16992,0.125,0.41328,0.6,0.49088,0.05
3821,,0.21712,0.75,0.1376,0.1,0.38096,0.55,0.4232,-0.025
3822,8,0.24944,0.8,0.20528,0.175,0.44864,0.6,0.45552,1.0
3823,,0.18176,0.75,0.17296,0.15,0.41632,0.55,0.38784,0.925
3824,,0.11408,0.7,0.14064,0.125,0.384,0.5,0.32016,0.85
3825,,0.0464,0.65,0.10832,0.1,0.35168,0.45,0.25248,0.775
3826,,-0.02128,0.6,0.076,0.075,0.31936,0.4,0.1848,0.7
3827,1,1.0,0.65,0.14368,0.15,0.38704,0.45,0.21712,0.725
3828,,0.93232,0.6,0.11136,0.125,0.35472,0.4,0.14944,0.65
3829,,0.86464,0.55,0.07904,0.1,0.3224,0.35,0.08176,0.575
3830,,0.79696,0.5,0.04672,0.075,0.29008,0.3,0.01408,0.5
3831,,0.72928,0.45,0.0144,0.05,0.25776,0.25,-0.0536,0.425
3832,7,0.7616,0.5,0.08208,0.125,0.32544,0.3,1.0,0.45
3833,,0.69392,0.45,0.04976,0.1,0.29312,0.25,0.93232,0.375
3834,,0.62624,0.4,0.01744,0.075,0.2608,0.2,0.86464,0.3
3835,,0.55856,0.35,-0.01488,0.05,0.22848,0.15,0.79696,0.225
3836,3,0.59088,0.4,1.0,0.125,0.29616,0.2,0.82928,0.25
3837,,0.5232,0.35,0.96768,0.1,0.26384,0.15,0.7616,0.175
3838,,0.45552,0.3,0.93536,0.075,0.23152,0.1,0.69392,0.1
3839,,0.38784,0.25,0.90304,0.05,0.1992,0.05,0.62624,0.025
3840,,0.32016,0.2,0.87072,0.025,0.16688,0.0,0.55856,-0.05
3841,8,0.35248,0.25,0.9384,0.1,0.23456,0.05,0.59088,1.0
3842,,0.2848,0.2,0.90608,0.075,0.20224,0.0,0.5232,0.925
3843,,0.21712,0.15,0.87376,0.05,0.16992,-0.05,0.45552,0.85
3844,6,0.24944,0.2,0.94144,0.125,0.2376,1.0,0.48784,0.875
3845,,0.18176,0.15,0.90912,0.1,0.20528,0.95,0.42016,0.8
3846,,0.11408,0.1,0.8768,0.075,0.17296,0.9,0.35248,0.725
3847,,0.0464,0.05,0.84448,0.05,0.14064,0.85,0.2848,0.65
3848,,-0.02128,0.0,0.81216,0.025,0.10832,0.8,0.21712,0.575
3849,1,1.0,0.05,0.87984,0.1,0.176,0.85,0.24944,0.6
3850,,0.93232,0.0,0.84752,0.075,0.14368,0.8,0.18176,0.525
3851,,0.86464,-0.05,0.8152,0.05,0.11136,0.75,0.11408,0.45
3852,2,0.89696,1.0,0.88288,0.125,0.17904,0.8,0.1464,0.475
3853,,0.82928,0.95,0.85056,0.1,0.14672,0.75,0.07872,0.4
3854,,0.7616,0.9,0.81824,0.075,0.1144,0.7,0.01104,0.325
3855,,0.69392,0.85,0.78592,0.05,0.08208,0.65,-0.05664,0.25
3856,7,0.72624,0.9,0.8536,0.125,0.14976,0.7,1.0,0.275
3857,,0.65856,0.85,0.82128,0.1,0.11744,0.65,0.93232,0.2
3858,,0.59088,0.8,0.78896,0.075,0.08512,0.6,0.86464,0.125
3859,,0.5232,0.75,0.75664,0.05,0.0528,0.55,0.79696,0.05
3860,,0.45552,0.7,0.72432,0.025,0.02048,0.5,0.72928,-0.025
3861,8,0.48784,0.75,0.792,0.1,0.08816,0.55,0.7616,1.0
3862,,0.42016,0.7,0.75968,0.075,0.05584,0.5,0.69392,0.925
3863,,0.35248,0.65,0.72736,0.05,0.02352,0.45,0.62624,0.85
3864,,0.2848,0.6,0.69504,0.025,-0.0088,0.4,0.55856,0.775
3865,5,0.31712,0.65,0.76272,0.1,1.0,0.45,0.59088,0.8
3866,,0.24944,0.6,0.7304,0.075,0.96768,0.4,0.5232,0.725
3867,,0.18176,0.55,0.69808,0.05,0.93536,0.35,0.45552,0.65
3868,,0.11408,0.5,0.66576,0.025,0.90304,0.3,0.38784,0.575
3869,,0.0464,0.45,0.63344,0.0,0.87072,0.25,0.32016,0.5
3870,,-0.02128,0.4,0.60112,-0.025,0.8384,0.2,0.25248,0.425
3871,4,0.01104,0.45,0.6688,1.0,0.90608,0.25,0.2848,0.45
3872,,-0.05664,0.4,0.63648,0.975,0.87376,0.2,0.21712,0.375
3873,1,1.0,0.45,0.70416,1.0,0.94144,0.25,0.24944,0.4
3874,,0.93232,0.4,0.67184,0.975,0.90912,0.2,0.18176,0.325
3875,,0.86464,0.35,0.63952,0.95,0.8768,0.15,0.11408,0.25
3876,,0.79696,0.3,0.6072,0.925,0.84448,0.1,0.0464,0.175
3877,,0.72928,0.25,0.57488,0.9,0.81216,0.05,-0.02128,0.1
3878,7,0.7616,0.3,0.64256,0.975,0.87984,0.1,1.0,0.125
3879,,0.69392,0.25,0.61024,0.95,0.84752,0.05,0.93232,0.05
3880,,0.62624,0.2,0.57792,0.925,0.8152,0.0,0.86464,-0.025
3881,8,0.65856,0.25,0.6456,1.0,0.88288,0.05,0.89696,1.0
3882,,0.59088,0.2,0.61328,0.975,0.85056,0.0,0.82928,0.925
3883,,0.5232,0.15,0.58096,0.95,0.81824,-0.05,0.7616,0.85
3884,6,0.55552,0.2,0.64864,1.0,0.88592,1.0,0.79392,0.875
3885,,0.48784,0.15,0.61632,0.975,0.8536,0.95,0.72624,0.8
3886,,0.42016,0.1,0.584,0.95,0.82128,0.9,0.65856,0.725
3887,,0.35248,0.05,0.55168,0.925,0.78896,0.85,0.59088,0.65
3888,,0.2848,0.0,0.51936,0.9,0.75664,0.8,0.5232,0.575
3889,,0.21712,-0.05,0.48704,0.875,0.72432,0.75,0.45552,0.5
3890,2,0.24944,1.0,0.55472,0.95,0.792,0.8,0.48784,0.525
3891,,0.18176,0.95,0.5224,0.925,0.75968,0.75,0.42016,0.45
3892,,0.11408,0.9,0.49008,0.9,0.72736,0.7,0.35248,0.375
3893,,0.0464,0.85,0.45776,0.875,0.69504,0.65,0.2848,0.3
3894,,-0.02128,0.8,0.42544,0.85,0.66272,0.6,0.21712,0.225
3895,1,1.0,0.85,0.49312,0.925,0.7304,0.65,0.24944,0.25
3896,,0.93232,0.8,0.4608,0.9,0.69808,0.6,0.18176,0.175
3897,,0.86464,0.75,0.42848,0.875,0.66576,0.55,0.11408,0.1
3898,,0.79696,0.7,0.39616,0.85,0.63344,0.5,0.0464,0.025
3899,,0.72928,0.65,0.36384,0.825,0.60112,0.45,-0.02128,-0.05
3900,8,0.7616,0.7,0.43152,0.9,0.6688,0.5,0.01104,1.0
3901,,0.69392,0.65,0.3992,0.875,0.63648,0.45,-0.05664,0.925
3902,7,0.72624,0.7,0.46688,0.95,0.70416,0.5,1.0,0.95
3903,,0.65856,0.65,0.43456,0.925,0.67184,0.45,0.93232,0.875
3904,,0.59088,0.6,0.40224,0.9,0.63952,0.4,0.86464,0.8
3905,,0.5232,0.55,0.36992,0.875,0.6072,0.35,0.79696,0.725
3906,,0.45552,0.5,0.3376,0.85,0.57488,0.3,0.72928,0.65
3907,,0.38784,0.45,0.30528,0.825,0.54256,0.25,0.6616,0.575
3908,,0.32016,0.4,0.27296,0.8,0.51024,0.2,0.59392,0.5
3909,,0.25248,0.35,0.24064,0.775,0.47792,0.15,0.52624,0.425
3910,,0.1848,0.3,0.20832,0.75,0.4456,0.1,0.45856,0.35
3911,,0.11712,0.25,0.176,0.725,0.41328,0.05,0.39088,0.275
3912,,0.04944,0.2,0.14368,0.7,0.38096,0.0,0.3232,0.2
3913,,-0.01824,0.15,0.11136,0.675,0.34864,-0.05,0.25552,0.125
3914,6,0.01408,0.2,0.17904,0.75,0.41632,1.0,0.28784,0.15
3915,,-0.0536,0.15,0.14672,0.725,0.384,0.95,0.22016,0.075
3916,1,1.0,0.2,0.2144,0.8,0.45168,1.0,0.25248,0.1
3917,,0.93232,0.15,0.18208,0.775,0.41936,0.95,0.1848,0.025
3918,,0.86464,0.1,0.14976,0.75,0.38704,0.9,0.11712,-0.05
3919,8,0.89696,0.15,0.21744,0.825,0.45472,0.95,0.14944,1.0
3920,,0.82928,0.1,0.18512,0.8,0.4224,0.9,0.08176,0.925
3921,,0.7616,0.05,0.1528,0.775,0.39008,0.85,0.01408,0.85
3922,,0.69392,0.0,0.12048,0.75,0.35776,0.8,-0.0536,0.775
3923,7,0.72624,0.05,0.18816,0.825,0.42544,0.85,1.0,0.8
3924,,0.65856,0.0,0.15584,0.8,0.39312,0.8,0.93232,0.725
3925,,0.59088,-0.05,0.12352,0.775,0.3608,0.75,0.86464,0.65
3926,2,0.6232,1.0,0.1912,0.85,0.42848,0.8,0.89696,0.675
3927,,0.55552,0.95,0.15888,0.825,0.39616,0.75,0.82928,0.6
3928,,0.48784,0.9,0.12656,0.8,0.36384,0.7,0.7616,0.525
3929,,0.42016,0.85,0.09424,0.775,0.33152,0.65,0.69392,0.45
3930,,0.35248,0.8,0.06192,0.75,0.2992,0.6,0.62624,0.375
3931,,0.2848,0.75,0.0296,0.725,0.26688,0.55,0.55856,0.3
3932,,0.21712,0.7,-0.00272,0.7,0.23456,0.5,0.49088,0.225
3933,3,0.24944,0.75,1.0,0.775,0.30224,0.55,0.5232,0.25
3934,,0.18176,0.7,0.96768,0.75,0.26992,0.5,0.45552,0.175
3935,,0.11408,0.65,0.93536,0.725,0.2376,0.45,0.38784,0.1
3936,,0.0464,0.6,0.90304,0.7,0.20528,0.4,0.32016,0.025
3937,,-0.02128,0.55,0.87072,0.675,0.17296,0.35,0.25248,-0.05
3938,8,0.01104,0.6,0.9384,0.75,0.24064,0.4,0.2848,1.0
3939,,-0.05664,0.55,0.90608,0.725,0.20832,0.35,0.21712,0.925
3940,1,1.0,0.6,0.97376,0.8,0.276,0.4,0.24944,0.95
3941,,0.93232,0.55,0.94144,0.775,0.24368,0.35,0.18176,0.875
3942,,0.86464,0.5,0.90912,0.75,0.21136,0.3,0.11408,0.8
3943,,0.79696,0.45,0.8768,0.725,0.17904,0.25,0.0464,0.725
3944,,0.72928,0.4,0.84448,0.7,0.14672,0.2,-0.02128,0.65
3945,7,0.7616,0.45,0.91216,0.775,0.2144,0.25,1.0,0.675
3946,,0.69392,0.4,0.87984,0.75,0.18208,0.2,0.93232,0.6
3947,,0.62624,0.35,0.84752,0.725,0.14976,0.15,0.86464,0.525
3948,,0.55856,0.3,0.8152,0.7,0.11744,0.1,0.79696,0.45
3949,,0.49088,0.25,0.78288,0.675,0.08512,0.05,0.72928,0.375
3950,,0.4232,0.2,0.75056,0.65,0.0528,0.0,0.6616,0.3
3951,,0.35552,0.15,0.71824,0.625,0.02048,-0.05,0.59392,0.225
3952,6,0.38784,0.2,0.78592,0.7,0.08816,1.0,0.62624,0.25
3953,,0.32016,0.15,0.7536,0.675,0.05584,0.95,0.55856,0.175
3954,,0.25248,0.1,0.72128,0.65,0.02352,0.9,0.49088,0.1
3955,,0.1848,0.05,0.68896,0.625,-0.0088,0.85,0.4232,0.025
3956,5,0.21712,0.1,0.75664,0.7,1.0,0.9,0.45552,0.05
3957,,0.14944,0.05,0.72432,0.675,0.96768,0.85,0.38784,-0.025
3958,8,0.18176,0.1,0.792,0.75,1.0,0.9,0.42016,1.0
3959,,0.11408,0.05,0.75968,0.725,0.96768,0.85,0.35248,0.925
3960,,0.0464,0.0,0.72736,0.7,0.93536,0.8,0.2848,0.85
3961,,-0.02128,-0.05,0.69504,0.675,0.90304,0.75,0.21712,0.775
3962,2,0.01104,1.0,0.76272,0.75,0.97072,0.8,0.24944,0.8
3963,,-0.05664,0.95,0.7304,0.725,0.9384,0.75,0.18176,0.725
3964,1,1.0,1.0,0.79808,0.8,1.0,0.8,0.21408,0.75
3965,,0.93232,0.95,0.76576,0.775,0.96768,0.75,0.1464,0.675
3966,,0.86464,0.9,0.73344,0.75,0.93536,0.7,0.07872,0.6
3967,,0.79696,0.85,0.70112,0.725,0.90304,0.65,0.01104,0.525
3968,,0.72928,0.8,0.6688,0.7,0.87072,0.6,-0.05664,0.45
3969,7,0.7616,0.85,0.73648,0.775,0.9384,0.65,1.0,0.475
3970,,0.69392,0.8,0.70416,0.75,0.90608,0.6,0.93232,0.4
3971,,0.62624,0.75,0.67184,0.725,0.87376,0.55,0.86464,0.325
3972,,0.55856,0.7,0.63952,0.7,0.84144,0.5,0.79696,0.25
3973,,0.49088,0.65,0.6072,0.675,0.80912,0.45,0.72928,0.175
3974,,0.4232,0.6,0.57488,0.65,0.7768,0.4,0.6616,0.1
3975,,0.35552,0.55,0.54256,0.625,0.74448,0.35,0.59392,0.025
3976,,0.28784,0.5,0.51024,0.6,0.71216,0.3,0.52624,-0.05
3977,8,0.32016,0.55,0.57792,0.675,0.77984,0.35,0.55856,1.0
3978,,0.25248,0.5,0.5456,0.65,0.74752,0.3,0.49088,0.925
3979,,0.1848,0.45,0.51328,0.625,0.7152,0.25,0.4232,0.85
3980,,0.11712,0.4,0.48096,0.6,0.68288,0.2,0.35552,0.775
3981,,0.04944,0.35,0.44864,0.575,0.65056,0.15,0.28784,0.7
3982,,-0.01824,0.3,0.41632,0.55,0.61824,0.1,0.22016,0.625
3983,1,1.0,0.35,0.484,0.625,0.68592,0.15,0.25248,0.65
3984,,0.93232,0.3,0.45168,0.6,0.6536,0.1,0.1848,0.575
3985,,0.86464,0.25,0.41936,0.575,0.62128,0.05,0.11712,0.5
3986,,0.79696,0.2,0.38704,0.55,0.58896,0.0,0.04944,0.425
3987,,0.72928,0.15,0.35472,0.525,0.55664,-0.05,-0.01824,0.35
3988,6,0.7616,0.2,0.4224,0.6,0.62432,1.0,0.01408,0.375
3989,,0.69392,0.15,0.39008,0.575,0.592,0.95,-0.0536,0.3
3990,7,0.72624,0.2,0.45776,0.65,0.65968,1.0,1.0,0.325
3991,,0.65856,0.15,0.42544,0.625,0.62736,0.95,0.93232,0.25
3992,,0.59088,0.1,0.39312,0.6,0.59504,0.9,0.86464,0.175
3993,,0.5232,0.05,0.3608,0.575,0.56272,0.85,0.79696,0.1
3994,,0.45552,0.0,0.32848,0.55,0.5304,0.8,0.72928,0.025
3995,,0.38784,-0.05,0.29616,0.525,0.49808,0.75,0.6616,-0.05
3996,8,0.42016,0.0,0.36384,0.6,0.56576,0.8,0.69392,1.0
3997,,0.35248,-0.05,0.33152,0.575,0.53344,0.75,0.62624,0.925
3998,2,0.3848,1.0,0.3992,0.65,0.60112,0.8,0.65856,0.95
3999,,0.31712,0.95,0.36688,0.625,0.5688,0.75,0.59088,0.875
4000,,0.24944,0.9,0.33456,0.6,0.53648,0.7,0.5232,0.8
4001,,0.18176,0.85,0.30224,0.575,0.50416,0.65,0.45552,0.725
4002,,0.11408,0.8,0.26992,0.55,0.47184,0.6,0.38784,0.65
4003,,0.0464,0.75,0.2376,0.525,0.43952,0.55,0.32016,0.575
4004,,-0.02128,0.7,0.20528,0.5,0.4072,0.5,0.25248,0.5
4005,1,1.0,0.75,0.27296,0.575,0.47488,0.55,0.2848,0.525
4006,,0.93232,0.7,0.24064,0.55,0.44256,0.5,0.21712,0.45
4007,,0.86464,0.65,0.20832,0.525,0.41024,0.45,0.14944,0.375
4008,,0.79696,0.6,0.176,0.5,0.37792,0.4,0.08176,0.3
4009,,0.72928,0.55,0.14368,0.475,0.3456,0.35,0.01408,0.225
4010,,0.6616,0.5,0.11136,0.45,0.31328,0.3,-0.0536,0.15
4011,7,0.69392,0.55,0.17904,0.525,0.38096,0.35,1.0,0.175
4012,,0.62624,0.5,0.14672,0.5,0.34864,0.3,0.93232,0.1
4013,,0.55856,0.45,0.1144,0.475,0.31632,0.25,0.86464,0.025
4014,,0.49088,0.4,0.08208,0.45,0.284,0.2,0.79696,-0.05
4015,8,0.5232,0.45,0.14976,0.525,0.35168,0.25,0.82928,1.0
4016,,0.45552,0.4,0.11744,0.5,0.31936,0.2,0.7616,0.925
4017,,0.38784,0.35,0.08512,0.475,0.28704,0.15,0.69392,0.85
4018,,0.32016,0.3,0.0528,0.45,0.25472,0.1,0.62624,0.775
4019,,0.25248,0.25,0.02048,0.425,0.2224,0.05,0.55856,0.7
4020,,0.1848,0.2,-0.01184,0.4,0.19008,0.0,0.49088,0.625
4021,3,0.21712,0.25,1.0,0.475,0.25776,0.05,0.5232,0.65
4022,,0.14944,0.2,0.96768,0.45,0.22544,0.0,0.45552,0.575
4023,,0.08176,0.15,0.93536,0.425,0.19312,-0.05,0.38784,0.5
4024,6,0.11408,0.2,1.0,0.5,0.2608,1.0,0.42016,0.525
4025,,0.0464,0.15,0.96768,0.475,0.22848,0.95,0.35248,0.45
4026,,-0.02128,0.1,0.93536,0.45,0.19616,0.9,0.2848,0.375
4027,1,1.0,0.15,1.0,0.525,0.26384,0.95,0.31712,0.4
4028,,0.93232,0.1,0.96768,0.5,0.23152,0.9,0.24944,0.325
4029,,0.86464,0.05,0.93536,0.475,0.1992,0.85,0.18176,0.25
4030,,0.79696,0.0,0.90304,0.45,0.16688,0.8,0.11408,0.175
4031,,0.72928,-0.05,0.87072,0.425,0.13456,0.75,0.0464,0.1
4032,2,0.7616,1.0,0.9384,0.5,0.20224,0.8,0.07872,0.125
4033,,0.69392,0.95,0.90608,0.475,0.16992,0.75,0.01104,0.05
4034,,0.62624,0.9,0.87376,0.45,0.1376,0.7,-0.05664,-0.025
4035,7,0.65856,0.95,0.94144,0.525,0.20528,0.75,1.0,0.0
4036,,0.59088,0.9,0.90912,0.5,0.17296,0.7,0.93232,-0.075
4037,8,0.6232,0.95,0.9768,0.575,0.24064,0.75,0.96464,1.0
4038,,0.55552,0.9,0.94448,0.55,0.20832,0.7,0.89696,0.925
4039,,0.48784,0.85,0.91216,0.525,0.176,0.65,0.82928,0.85
4040,,0.42016,0.8,0.87984,0.5,0.14368,0.6,0.7616,0.775
4041,,0.35248,0.75,0.84752,0.475,0.11136,0.55,0.69392,0.7
4042,,0.2848,0.7,0.8152,0.45,0.07904,0.5,0.62624,0.625
4043,,0.21712,0.65,0.78288,0.425,0.04672,0.45,0.55856,0.55
4044,,0.14944,0.6,0.75056,0.4,0.0144,0.4,0.49088,0.475
4045,,0.08176,0.55,0.71824,0.375,-0.01792,0.35,0.4232,0.4
4046,5,0.11408,0.6,0.78592,0.45,1.0,0.4,0.45552,0.425
4047,,0.0464,0.55,0.7536,0.425,0.96768,0.35,0.38784,0.35
4048,,-0.02128,0.5,0.72128,0.4,0.93536,0.3,0.32016,0.275
4049,1,1.0,0.55,0.78896,0.475,1.0,0.35,0.35248,0.3
4050,,0.93232,0.5,0.75664,0.45,0.96768,0.3,0.2848,0.225
4051,,0.86464,0.45,0.72432,0.425,0.93536,0.25,0.21712,0.15
4052,,0.79696,0.4,0.692,0.4,0.90304,0.2,0.14944,0.075
4053,,0.72928,0.35,0.65968,0.375,0.87072,0.15,0.08176,-0.0
4054,,0.6616,0.3,0.62736,0.35,0.8384,0.1,0.01408,-0.075
4055,8,0.69392,0.35,0.69504,0.425,0.90608,0.15,0.0464,1.0
4056,,0.62624,0.3,0.66272,0.4,0.87376,0.1,-0.02128,0.925
4057,7,0.65856,0.35,0.7304,0.475,0.94144,0.15,1.0,0.95
4058,,0.59088,0.3,0.69808,0.45,0.90912,0.1,0.93232,0.875
4059,,0.5232,0.25,0.66576,0.425,0.8768,0.05,0.86464,0.8
4060,,0.45552,0.2,0.63344,0.4,0.84448,0.0,0.79696,0.725
4061,,0.38784,0.15,0.60112,0.375,0.81216,-0.05,0.72928,0.65
4062,6,0.42016,0.2,0.6688,0.45,0.87984,1.0,0.7616,0.675
4063,,0.35248,0.15,0.63648,0.425,0.84752,0.95,0.69392,0.6
4064,,0.2848,0.1,0.60416,0.4,0.8152,0.9,0.62624,0.525
4065,,0.21712,0.05,0.57184,0.375,0.78288,0.85,0.55856,0.45
4066,,0.14944,0.0,0.53952,0.35,0.75056,0.8,0.49088,0.375
4067,,0.08176,-0.05,0.5072,0.325,0.71824,0.75,0.4232,0.3
4068,2,0.11408,1.0,0.57488,0.4,0.78592,0.8,0.45552,0.325
4069,,0.0464,0.95,0.54256,0.375,0.7536,0.75,0.38784,0.25
4070,,-0.02128,0.9,0.51024,0.35,0.72128,0.7,0.32016,0.175
4071,1,1.0,0.95,0.57792,0.425,0.78896,0.75,0.35248,0.2
4072,,0.93232,0.9,0.5456,0.4,0.75664,0.7,0.2848,0.125
4073,,0.86464,0.85,0.51328,0.375,0.72432,0.65,0.21712,0.05
4074,,0.79696,0.8,0.48096,0.35,0.692,0.6,0.14944,-0.025
4075,8,0.82928,0.85,0.54864,0.425,0.75968,0.65,0.18176,1.0
4076,,0.7616,0.8,0.51632,0.4,0.72736,0.6,0.11408,0.925
4077,,0.69392,0.75,0.484,0.375,0.69504,0.55,0.0464,0.85
4078,,0.62624,0.7,0.45168,0.35,0.66272,0.5,-0.02128,0.775
4079,7,0.65856,0.75,0.51936,0.425,0.7304,0.55,1.0,0.8
4080,,0.59088,0.7,0.48704,0.4,0.69808,0.5,0.93232,0.725
4081,,0.5232,0.65,0.45472,0.375,0.66576,0.45,0.86464,0.65
4082,,0.45552,0.6,0.4224,0.35,0.63344,0.4,0.79696,0.575
4083,,0.38784,0.55,0.39008,0.325,0.60112,0.35,0.72928,0.5
4084,,0.32016,0.5,0.35776,0.3,0.5688,0.3,0.6616,0.425
4085,,0.25248,0.45,0.32544,0.275,0.53648,0.25,0.59392,0.35
4086,,0.1848,0.4,0.29312,0.25,0.50416,0.2,0.52624,0.275
4087,,0.11712,0.35,0.2608,0.225,0.47184,0.15,0.45856,0.2
4088,,0.04944,0.3,0.22848,0.2,0.43952,0.1,0.39088,0.125
4089,,-0.01824,0.25,0.19616,0.175,0.4072,0.05,0.3232,0.05
4090,1,1.0,0.3,0.26384,0.25,0.47488,0.1,0.35552,0.075
4091,,0.93232,0.25,0.23152,0.225,0.44256,0.05,0.28784,-0.0
4092,,0.86464,0.2,0.1992,0.2,0.41024,0.0,0.22016,-0.075
4093,8,0.89696,0.25,0.26688,0.275,0.47792,0.05,0.25248,1.0
4094,,0.82928,0.2,0.23456,0.25,0.4456,0.0,0.1848,0.925
4095,,0.7616,0.15,0.20224,0.225,0.41328,-0.05,0.11712,0.85
4096,6,0.79392,0.2,0.26992,0.3,0.48096,1.0,0.14944,0.875
4097,,0.72624,0.15,0.2376,0.275,0.44864,0.95,0.08176,0.8
4098,,0.65856,0.1,0.20528,0.25,0.41632,0.9,0.01408,0.725
4099,,0.59088,0.05,0.17296,0.225,0.384,0.85,-0.0536,0.65
4100,7,0.6232,0.1,0.24064,0.3,0.45168,0.9,1.0,0.675
4101,,0.55552,0.05,0.20832,0.275,0.41936,0.85,0.93232,0.6
4102,,0.48784,0.0,0.176,0.25,0.38704,0.8,0.86464,0.525
4103,,0.42016,-0.05,0.14368,0.225,0.35472,0.75,0.79696,0.45
4104,2,0.45248,1.0,0.21136,0.3,0.4224,0.8,0.82928,0.475
4105,,0.3848,0.95,0.17904,0.275,0.39008,0.75,0.7616,0.4
4106,,0.31712,0.9,0.14672,0.25,0.35776,0.7,0.69392,0.325
4107,,0.24944,0.85,0.1144,0.225,0.32544,0.65,0.62624,0.25
4108,,0.18176,0.8,0.08208,0.2,0.29312,0.6,0.55856,0.175
4109,,0.11408,0.75,0.04976,0.175,0.2608,0.55,0.49088,0.1
4110,,0.0464,0.7,0.01744,0.15,0.22848,0.5,0.4232,0.025
4111,,-0.02128,0.65,-0.01488,0.125,0.19616,0.45,0.35552,-0.05
4112,8,0.01104,0.7,0.0528,0.2,0.26384,0.5,0.38784,1.0
4113,,-0.05664,0.65,0.02048,0.175,0.23152,0.45,0.32016,0.925
4114,1,1.0,0.7,0.08816,0.25,0.2992,0.5,0.35248,0.95
4115,,0.93232,0.65,0.05584,0.225,0.26688,0.45,0.2848,0.875
4116,,0.86464,0.6,0.02352,0.2,0.23456,0.4,0.21712,0.8
4117,,0.79696,0.55,-0.0088,0.175,0.20224,0.35,0.14944,0.725
4118,3,0.82928,0.6,1.0,0.25,0.26992,0.4,0.18176,0.75
4119,,0.7616,0.55,0.96768,0.225,0.2376,0.35,0.11408,0.675
4120,,0.69392,0.5,0.93536,0.2,0.20528,0.3,0.0464,0.6
4121,,0.62624,0.45,0.90304,0.175,0.17296,0.25,-0.02128,0.525
4122,7,0.65856,0.5,0.97072,0.25,0.24064,0.3,1.0,0.55
4123,,0.59088,0.45,0.9384,0.225,0.20832,0.25,0.93232,0.475
4124,,0.5232,0.4,0.90608,0.2,0.176,0.2,0.86464,0.4
4125,,0.45552,0.35,0.87376,0.175,0.14368,0.15,0.79696,0.325
4126,,0.38784,0.3,0.84144,0.15,0.11136,0.1,0.72928,0.25
4127,,0.32016,0.25,0.80912,0.125,0.07904,0.05,0.6616,0.175
4128,,0.25248,0.2,0.7768,0.1,0.04672,0.0,0.59392,0.1
4129,,0.1848,0.15,0.74448,0.075,0.0144,-0.05,0.52624,0.025
4130,6,0.21712,0.2,0.81216,0.15,0.08208,1.0,0.55856,0.05
4131,,0.14944,0.15,0.77984,0.125,0.04976,0.95,0.49088,-0.025
4132,8,0.18176,0.2,0.84752,0.2,0.11744,1.0,0.5232,1.0
4133,,0.11408,0.15,0.8152,0.175,0.08512,0.95,0.45552,0.925
4134,,0.0464,0.1,0.78288,0.15,0.0528,0.9,0.38784,0.85
4135,,-0.02128,0.05,0.75056,0.125,0.02048,0.85,0.32016,0.775
4136,1,1.0,0.1,0.81824,0.2,0.08816,0.9,0.35248,0.8
4137,,0.93232,0.05,0.78592,0.175,0.05584,0.85,0.2848,0.725
4138,,0.86464,0.0,0.7536,0.15,0.02352,0.8,0.21712,0.65
4139,,0.79696,-0.05,0.72128,0.125,-0.0088,0.75,0.14944,0.575
4140,2,0.82928,1.0,0.78896,0.2,0.05888,0.8,0.18176,0.6
4141,,0.7616,0.95,0.75664,0.175,0.02656,0.75,0.11408,0.525
4142,,0.69392,0.9,0.72432,0.15,-0.00576,0.7,0.0464,0.45
4143,5,0.72624,0.95,0.792,0.225,1.0,0.75,0.07872,0.475
4144,,0.65856,0.9,0.75968,0.2,0.96768,0.7,0.01104,0.4
4145,,0.59088,0.85,0.72736,0.175,0.93536,0.65,-0.05664,0.325
4146,7,0.6232,0.9,0.79504,0.25,1.0,0.7,1.0,0.35
4147,,0.55552,0.85,0.76272,0.225,0.96768,0.65,0.93232,0.275
4148,,0.48784,0.8,0.7304,0.2,0.93536,0.6,0.86464,0.2
4149,,0.42016,0.75,0.69808,0.175,0.90304,0.55,0.79696,0.125
4150,,0.35248,0.7,0.66576,0.15,0.87072,0.5,0.72928,0.05
4151,,0.2848,0.65,0.63344,0.125,0.8384,0.45,0.6616,-0.025
4152,8,0.31712,0.7,0.70112,0.2,0.90608,0.5,0.69392,1.0
4153,,0.24944,0.65,0.6688,0.175,0.87376,0.45,0.62624,0.925
4154,,0.18176,0.6,0.63648,0.15,0.84144,0.4,0.55856,0.85
4155,,0.11408,0.55,0.60416,0.125,0.80912,0.35,0.49088,0.775
4156,,0.0464,0.5,0.57184,0.1,0.7768,0.3,0.4232,0.7
4157,,-0.02128,0.45,0.53952,0.075,0.74448,0.25,0.35552,0.625
4158,1,1.0,0.5,0.6072,0.15,0.81216,0.3,0.38784,0.65
4159,,0.93232,0.45,0.57488,0.125,0.77984,0.25,0.32016,0.575
4160,,0.86464,0.4,0.54256,0.1,0.74752,0.2,0.25248,0.5
4161,,0.79696,0.35,0.51024,0.075,0.7152,0.15,0.1848,0.425
4162,,0.72928,0.3,0.47792,0.05,0.68288,0.1,0.11712,0.35
4163,,0.6616,0.25,0.4456,0.025,0.65056,0.05,0.04944,0.275
4164,,0.59392,0.2,0.41328,0.0,0.61824,0.0,-0.01824,0.2
4165,7,0.62624,0.25,0.48096,0.075,0.68592,0.05,1.0,0.225
4166,,0.55856,0.2,0.44864,0.05,0.6536,0.0,0.93232,0.15
4167,,0.49088,0.15,0.41632,0.025,0.62128,-0.05,0.86464,0.075
4168,6,0.5232,0.2,0.484,0.1,0.68896,1.0,0.89696,0.1
4169,,0.45552,0.15,0.45168,0.075,0.65664,0.95,0.82928,0.025
4170,,0.38784,0.1,0.41936,0.05,0.62432,0.9,0.7616,-0.05
4171,8,0.42016,0.15,0.48704,0.125,0.692,0.95,0.79392,1.0
4172,,0.35248,0.1,0.45472,0.1,0.65968,0.9,0.72624,0.925
4173,,0.2848,0.05,0.4224,0.075,0.62736,0.85,0.65856,0.85
4174,,0.21712,0.0,0.39008,0.05,0.59504,0.8,0.59088,0.775
4175,,0.14944,-0.05,0.35776,0.025,0.56272,0.75,0.5232,0.7
4176,2,0.18176,1.0,0.42544,0.1,0.6304,0.8,0.55552,0.725
4177,,0.11408,0.95,0.39312,0.075,0.59808,0.75,0.48784,0.65
4178,,0.0464,0.9,0.3608,0.05,0.56576,0.7,0.42016,0.575
4179,,-0.02128,0.85,0.32848,0.025,0.53344,0.65,0.35248,0.5
4180,1,1.0,0.9,0.39616,0.1,0.60112,0.7,0.3848,0.525
4181,,0.93232,0.85,0.36384,0.075,0.5688,0.65,0.31712,0.45
4182,,0.86464,0.8,0.33152,0.05,0.53648,0.6,0.24944,0.375
4183,,0.79696,0.75,0.2992,0.025,0.50416,0.55,0.18176,0.3
4184,,0.72928,0.7,0.26688,0.0,0.47184,0.5,0.11408,0.225
4185,,0.6616,0.65,0.23456,-0.025,0.43952,0.45,0.0464,0.15
4186,4,0.69392,0.7,0.30224,1.0,0.5072,0.5,0.07872,0.175
4187,,0.62624,0.65,0.26992,0.975,0.47488,0.45,0.01104,0.1
4188,,0.55856,0.6,0.2376,0.95,0.44256,0.4,-0.05664,0.025
4189,7,0.59088,0.65,0.30528,1.0,0.51024,0.45,1.0,0.05
4190,,0.5232,0.6,0.27296,0.975,0.47792,0.4,0.93232,-0.025
4191,8,0.55552,0.65,0.34064,1.0,0.5456,0.45,0.96464,1.0
4192,,0.48784,0.6,0.30832,0.975,0.51328,0.4,0.89696,0.925
4193,,0.42016,0.55,0.276,0.95,0.48096,0.35,0.82928,0.85
4194,,0.35248,0.5,0.24368,0.925,0.44864,0.3,0.7616,0.775
4195,,0.2848,0.45,0.21136,0.9,0.41632,0.25,0.69392,0.7
4196,,0.21712,0.4,0.17904,0.875,0.384,0.2,0.62624,0.625
4197,,0.14944,0.35,0.14672,0.85,0.35168,0.15,0.55856,0.55
4198,,0.08176,0.3,0.1144,0.825,0.31936,0.1,0.49088,0.475
4199,,0.01408,0.25,0.08208,0.8,0.28704,0.05,0.4232,0.4
4200,,-0.0536,0.2,0.04976,0.775,0.25472,0.0,0.35552,0.325
4201,1,1.0,0.25,0.11744,0.85,0.3224,0.05,0.38784,0.35
4202,,0.93232,0.2,0.08512,0.825,0.29008,0.0,0.32016,0.275
4203,,0.86464,0.15,0.0528,0.8,0.25776,-0.05,0.25248,0.2
4204,6,0.89696,0.2,0.12048,0.875,0.32544,1.0,0.2848,0.225
4205,,0.82928,0.15,0.08816,0.85,0.29312,0.95,0.21712,0.15
4206,,0.7616,0.1,0.05584,0.825,0.2608,0.9,0.14944,0.075
4207,,0.69392,0.05,0.02352,0.8,0.22848,0.85,0.08176,-0.0
4208,,0.62624,0.0,-0.0088,0.775,0.19616,0.8,0.01408,-0.075
4209,8,0.65856,0.05,0.05888,0.85,0.26384,0.85,0.0464,1.0
4210,,0.59088,0.0,0.02656,0.825,0.23152,0.8,-0.02128,0.925
4211,7,0.6232,0.05,0.09424,0.9,0.2992,0.85,1.0,0.95
4212,,0.55552,0.0,0.06192,0.875,0.26688,0.8,0.93232,0.875
4213,,0.48784,-0.05,0.0296,0.85,0.23456,0.75,0.86464,0.8
4214,2,0.52016,1.0,0.09728,0.925,0.30224,0.8,0.89696,0.825
4215,,0.45248,0.95,0.06496,0.9,0.26992,0.75,0.82928,0.75
4216,,0.3848,0.9,0.03264,0.875,0.2376,0.7,0.7616,0.675
4217,,0.31712,0.85,0.00032,0.85,0.20528,0.65,0.69392,0.6
4218,,0.24944,0.8,-0.032,0.825,0.17296,0.6,0.62624,0.525
4219,3,0.28176,0.85,1.0,0.9,0.24064,0.65,0.65856,0.55
4220,,0.21408,0.8,0.96768,0.875,0.20832,0.6,0.59088,0.475
4221,,0.1464,0.75,0.93536,0.85,0.176,0.55,0.5232,0.4
4222,,0.07872,0.7,0.90304,0.825,0.14368,0.5,0.45552,0.325
4223,,0.01104,0.65,0.87072,0.8,0.11136,0.45,0.38784,0.25
4224,,-0.05664,0.6,0.8384,0.775,0.07904,0.4,0.32016,0.175
4225,1,1.0,0.65,0.90608,0.85,0.14672,0.45,0.35248,0.2
4226,,0.93232,0.6,0.87376,0.825,0.1144,0.4,0.2848,0.125
4227,,0.86464,0.55,0.84144,0.8,0.08208,0.35,0.21712,0.05
4228,,0.79696,0.5,0.80912,0.775,0.04976,0.3,0.14944,-0.025
4229,8,0.82928,0.55,0.8768,0.85,0.11744,0.35,0.18176,1.0
4230,,0.7616,0.5,0.84448,0.825,0.08512,0.3,0.11408,0.925
4231,,0.69392,0.45,0.81216,0.8,0.0528,0.25,0.0464,0.85
4232,,0.62624,0.4,0.77984,0.775,0.02048,0.2,-0.02128,0.775
4233,7,0.65856,0.45,0.84752,0.85,0.08816,0.25,1.0,0.8
4234,,0.59088,0.4,0.8152,0.825,0.05584,0.2,0.93232,0.725
4235,,0.5232,0.35,0.78288,0.8,0.02352,0.15,0.86464,0.65
4236,,0.45552,0.3,0.75056,0.775,-0.0088,0.1,0.79696,0.575
4237,5,0.48784,0.35,0.81824,0.85,1.0,0.15,0.82928,0.6
4238,,0.42016,0.3,0.78592,0.825,0.96768,0.1,0.7616,0.525
4239,,0.35248,0.25,0.7536,0.8,0.93536,0.05,0.69392,0.45
4240,,0.2848,0.2,0.72128,0.775,0.90304,0.0,0.62624,0.375
4241,,0.21712,0.15,0.68896,0.75,0.87072,-0.05,0.55856,0.3
4242,6,0.24944,0.2,0.75664,0.825,0.9384,1.0,0.59088,0.325
4243,,0.18176,0.15,0.72432,0.8,0.90608,0.95,0.5232,0.25
4244,,0.11408,0.1,0.692,0.775,0.87376,0.9,0.45552,0.175
4245,,0.0464,0.05,0.65968,0.75,0.84144,0.85,0.38784,0.1
4246,,-0.02128,0.0,0.62736,0.725,0.80912,0.8,0.32016,0.025
4247,1,1.0,0.05,0.69504,0.8,0.8768,0.85,0.35248,0.05
4248,,0.93232,0.0,0.66272,0.775,0.84448,0.8,0.2848,-0.025
4249,8,0.96464,0.05,0.7304,0.85,0.91216,0.85,0.31712,1.0
4250,,0.89696,0.0,0.69808,0.825,0.87984,0.8,0.24944,0.925
4251,,0.82928,-0.05,0.66576,0.8,0.84752,0.75,0.18176,0.85
4252,2,0.8616,1.0,0.73344,0.875,0.9152,0.8,0.21408,0.875
4253,,0.79392,0.95,0.70112,0.85,0.88288,0.75,0.1464,0.8
4254,,0.72624,0.9,0.6688,0.825,0.85056,0.7,0.07872,0.725
4255,,0.65856,0.85,0.63648,0.8,0.81824,0.65,0.01104,0.65
4256,,0.59088,0.8,0.60416,0.775,0.78592,0.6,-0.05664,0.575
4257,7,0.6232,0.85,0.67184,0.85,0.8536,0.65,1.0,0.6
4258,,0.55552,0.8,0.63952,0.825,0.82128,0.6,0.93232,0.525
4259,,0.48784,0.75,0.6072,0.8,0.78896,0.55,0.86464,0.45
4260,,0.42016,0.7,0.57488,0.775,0.75664,0.5,0.79696,0.375
4261,,0.35248,0.65,0.54256,0.75,0.72432,0.45,0.72928,0.3
4262,,0.2848,0.6,0.51024,0.725,0.692,0.4,0.6616,0.225
4263,,0.21712,0.55,0.47792,0.7,0.65968,0.35,0.59392,0.15
4264,,0.14944,0.5,0.4456,0.675,0.62736,0.3,0.52624,0.075
4265,,0.08176,0.45,0.41328,0.65,0.59504,0.25,0.45856,-0.0
4266,,0.01408,0.4,0.38096,0.625,0.56272,0.2,0.39088,-0.075
4267,8,0.0464,0.45,0.44864,0.7,0.6304,0.25,0.4232,1.0
4268,,-0.02128,0.4,0.41632,0.675,0.59808,0.2,0.35552,0.925
4269,1,1.0,0.45,0.484,0.75,0.66576,0.25,0.38784,0.95
4270,,0.93232,0.4,0.45168,0.725,0.63344,0.2,0.32016,0.875
4271,,0.86464,0.35,0.41936,0.7,0.60112,0.15,0.25248,0.8
4272,,0.79696,0.3,0.38704,0.675,0.5688,0.1,0.1848,0.725
4273,,0.72928,0.25,0.35472,0.65,0.53648,0.05,0.11712,0.65
4274,,0.6616,0.2,0.3224,0.625,0.50416,0.0,0.04944,0.575
4275,,0.59392,0.15,0.29008,0.6,0.47184,-0.05,-0.01824,0.5
4276,6,0.62624,0.2,0.35776,0.675,0.53952,1.0,0.01408,0.525
4277,,0.55856,0.15,0.32544,0.65,0.5072,0.95,-0.0536,0.45
4278,7,0.59088,0.2,0.39312,0.725,0.57488,1.0,1.0,0.475
4279,,0.5232,0.15,0.3608,0.7,0.54256,0.95,0.93232,0.4
4280,,0.45552,0.1,0.32848,0.675,0.51024,0.9,0.86464,0.325
4281,,0.38784,0.05,0.29616,0.65,0.47792,0.85,0.79696,0.25
4282,,0.32016,0.0,0.26384,0.625,0.4456,0.8,0.72928,0.175
4283,,0.25248,-0.05,0.23152,0.6,0.41328,0.75,0.6616,0.1
4284,2,0.2848,1.0,0.2992,0.675,0.48096,0.8,0.69392,0.125
4285,,0.21712,0.95,0.26688,0.65,0.44864,0.75,0.62624,0.05
4286,,0.14944,0.9,0.23456,0.625,0.41632,0.7,0.55856,-0.025
4287,8,0.18176,0.95,0.30224,0.7,0.484,0.75,0.59088,1.0
4288,,0.11408,0.9,0.26992,0.675,0.45168,0.7,0.5232,0.925
4289,,0.0464,0.85,0.2376,0.65,0.41936,0.65,0.45552,0.85
4290,,-0.02128,0.8,0.20528,0.625,0.38704,0.6,0.38784,0.775
4291,1,1.0,0.85,0.27296,0.7,0.45472,0.65,0.42016,0.8
4292,,0.93232,0.8,0.24064,0.675,0.4224,0.6,0.35248,0.725
4293,,0.86464,0.75,0.20832,0.65,0.39008,0.55,0.2848,0.65
4294,,0.79696,0.7,0.176,0.625,0.35776,0.5,0.21712,0.575
4295,,0.72928,0.65,0.14368,0.6,0.32544,0.45,0.14944,0.5
4296,,0.6616,0.6,0.11136,0.575,0.29312,0.4,0.08176,0.425
4297,,0.59392,0.55,0.07904,0.55,0.2608,0.35,0.01408,0.35
4298,,0.52624,0.5,0.04672,0.525,0.22848,0.3,-0.0536,0.275
4299,7,0.55856,0.55,0.1144,0.6,0.29616,0.35,1.0,0.3
4300,,0.49088,0.5,0.08208,0.575,0.26384,0.3,0.93232,0.225
4301,,0.4232,0.45,0.04976,0.55,0.23152,0.25,0.86464,0.15
4302,,0.35552,0.4,0.01744,0.525,0.1992,0.2,0.79696,0.075
4303,,0.28784,0.35,-0.01488,0.5,0.16688,0.15,0.72928,-0.0
4304,3,0.32016,0.4,1.0,0.575,0.23456,0.2,0.7616,0.025
4305,,0.25248,0.35,0.96768,0.55,0.20224,0.15,0.69392,-0.05
4306,8,0.2848,0.4,1.0,0.625,0.26992,0.2,0.72624,1.0
4307,,0.21712,0.35,0.96768,0.6,0.2376,0.15,0.65856,0.925
4308,,0.14944,0.3,0.93536,0.575,0.20528,0.1,0.59088,0.85
4309,,0.08176,0.25,0.90304,0.55,0.17296,0.05,0.5232,0.775
4310,,0.01408,0.2,0.87072,0.525,0.14064,0.0,0.45552,0.7
4311,,-0.0536,0.15,0.8384,0.5,0.10832,-0.05,0.38784,0.625
4312,1,1.0,0.2,0.90608,0.575,0.176,0.0,0.42016,0.65
4313,,0.93232,0.15,0.87376,0.55,0.14368,-0.05,0.35248,0.575
4314,6,0.96464,0.2,0.94144,0.625,0.21136,1.0,0.3848,0.6
4315,,0.89696,0.15,0.90912,0.6,0.17904,0.95,0.31712,0.525
4316,,0.82928,0.1,0.8768,0.575,0.14672,0.9,0.24944,0.45
4317,,0.7616,0.05,0.84448,0.55,0.1144,0.85,0.18176,0.375
4318,,0.69392,0.0,0.81216,0.525,0.08208,0.8,0.11408,0.3
4319,,0.62624,-0.05,0.77984,0.5,0.04976,0.75,0.0464,0.225
4320,2,0.65856,1.0,0.84752,0.575,0.11744,0.8,0.07872,0.25
4321,,0.59088,0.95,0.8152,0.55,0.08512,0.75,0.01104,0.175
4322,,0.5232,0.9,0.78288,0.525,0.0528,0.7,-0.05664,0.1
4323,7,0.55552,0.95,0.85056,0.6,0.12048,0.75,1.0,0.125
4324,,0.48784,0.9,0.81824,0.575,0.08816,0.7,0.93232,0.05
4325,,0.42016,0.85,0.78592,0.55,0.05584,0.65,0.86464,-0.025
4326,8,0.45248,0.9,0.8536,0.625,0.12352,0.7,0.89696,1.0
4327,,0.3848,0.85,0.82128,0.6,0.0912,0.65,0.82928,0.925
4328,,0.31712,0.8,0.78896,0.575,0.05888,0.6,0.7616,0.85
4329,,0.24944,0.75,0.75664,0.55,0.02656,0.55,0.69392,0.775
4330,,0.18176,0.7,0.72432,0.525,-0.00576,0.5,0.62624,0.7
4331,5,0.21408,0.75,0.792,0.6,1.0,0.55,0.65856,0.725
4332,,0.1464,0.7,0.75968,0.575,0.96768,0.5,0.59088,0.65
4333,,0.07872,0.65,0.72736,0.55,0.93536,0.45,0.5232,0.575
4334,,0.01104,0.6,0.69504,0.525,0.90304,0.4,0.45552,0.5
4335,,-0.05664,0.55,0.66272,0.5,0.87072,0.35,0.38784,0.425
4336,1,1.0,0.6,0.7304,0.575,0.9384,0.4,0.42016,0.45
4337,,0.93232,0.55,0.69808,0.55,0.90608,0.35,0.35248,0.375
4338,,0.86464,0.5,0.66576,0.525,0.87376,0.3,0.2848,0.3
4339,,0.79696,0.45,0.63344,0.5,0.84144,0.25,0.21712,0.225
4340,,0.72928,0.4,0.60112,0.475,0.80912,0.2,0.14944,0.15
4341,,0.6616,0.35,0.5688,0.45,0.7768,0.15,0.08176,0.075
4342,,0.59392,0.3,0.53648,0.425,0.74448,0.1,0.01408,-0.0
4343,,0.52624,0.25,0.50416,0.4,0.71216,0.05,-0.0536,-0.075
4344,8,0.55856,0.3,0.57184,0.475,0.77984,0.1,-0.02128,1.0
4345,7,0.59088,0.35,0.63952,0.55,0.84752,0.15,1.0,1.0
4346,,0.5232,0.3,0.6072,0.525,0.8152,0.1,0.93232,0.925
4347,,0.45552,0.25,0.57488,0.5,0.78288,0.05,0.86464,0.85
4348,,0.38784,0.2,0.54256,0.475,0.75056,0.0,0.79696,0.775
4349,,0.32016,0.15,0.51024,0.45,0.71824,-0.05,0.72928,0.7
4350,6,0.35248,0.2,0.57792,0.525,0.78592,1.0,0.7616,0.725
4351,,0.2848,0.15,0.5456,0.5,0.7536,0.95,0.69392,0.65
4352,,0.21712,0.1,0.51328,0.475,0.72128,0.9,0.62624,0.575
4353,,0.14944,0.05,0.48096,0.45,0.68896,0.85,0.55856,0.5
4354,,0.08176,0.0,0.44864,0.425,0.65664,0.8,0.49088,0.425
4355,,0.01408,-0.05,0.41632,0.4,0.62432,0.75,0.4232,0.35
4356,2,0.0464,1.0,0.484,0.475,0.692,0.8,0.45552,0.375
4357,,-0.02128,0.95,0.45168,0.45,0.65968,0.75,0.38784,0.3
4358,1,1.0,1.0,0.51936,0.525,0.72736,0.8,0.42016,0.325
4359,,0.93232,0.95,0.48704,0.5,0.69504,0.75,0.35248,0.25
4360,,0.86464,0.9,0.45472,0.475,0.66272,0.7,0.2848,0.175
4361,,0.79696,0.85,0.4224,0.45,0.6304,0.65,0.21712,0.1
4362,,0.72928,0.8,0.39008,0.425,0.59808,0.6,0.14944,0.025
4363,,0.6616,0.75,0.35776,0.4,0.56576,0.55,0.08176,-0.05
4364,8,0.69392,0.8,0.42544,0.475,0.63344,0.6,0.11408,1.0
4365,,0.62624,0.75,0.39312,0.45,0.60112,0.55,0.0464,0.925
4366,,0.55856,0.7,0.3608,0.425,0.5688,0.5,-0.02128,0.85
4367,7,0.59088,0.75,0.42848,0.5,0.63648,0.55,1.0,0.875
4368,,0.5232,0.7,0.39616,0.475,0.60416,0.5,0.93232,0.8
4369,,0.45552,0.65,0.36384,0.45,0.57184,0.45,0.86464,0.725
4370,,0.38784,0.6,0.33152,0.425,0.53952,0.4,0.79696,0.65
4371,,0.32016,0.55,0.2992,0.4,0.5072,0.35,0.72928,0.575
4372,,0.25248,0.5,0.26688,0.375,0.47488,0.3,0.6616,0.5
4373,,0.1848,0.45,0.23456,0.35,0.44256,0.25,0.59392,0.425
4374,,0.11712,0.4,0.20224,0.325,0.41024,0.2,0.52624,0.35
4375,,0.04944,0.35,0.16992,0.3,0.37792,0.15,0.45856,0.275
4376,,-0.01824,0.3,0.1376,0.275,0.3456,0.1,0.39088,0.2
4377,1,1.0,0.35,0.20528,0.35,0.41328,0.15,0.4232,0.225
4378,,0.93232,0.3,0.17296,0.325,0.38096,0.1,0.35552,0.15
4379,,0.86464,0.25,0.14064,0.3,0.34864,0.05,0.28784,0.075
4380,,0.79696,0.2,0.10832,0.275,0.31632,0.0,0.22016,-0.0
4381,,0.72928,0.15,0.076,0.25,0.284,-0.05,0.15248,-0.075
4382,8,0.7616,0.2,0.14368,0.325,0.35168,0.0,0.1848,1.0
4383,,0.69392,0.15,0.11136,0.3,0.31936,-0.05,0.11712,0.925
4384,6,0.72624,0.2,0.17904,0.375,0.38704,1.0,0.14944,0.95
4385,,0.65856,0.15,0.14672,0.35,0.35472,0.95,0.08176,0.875
4386,,0.59088,0.1,0.1144,0.325,0.3224,0.9,0.01408,0.8
4387,,0.5232,0.05,0.08208,0.3,0.29008,0.85,-0.0536,0.725
4388,7,0.55552,0.1,0.14976,0.375,0.35776,0.9,1.0,0.75
4389,,0.48784,0.05,0.11744,0.35,0.32544,0.85,0.93232,0.675
4390,,0.42016,0.0,0.08512,0.325,0.29312,0.8,0.86464,0.6
4391,,0.35248,-0.05,0.0528,0.3,0.2608,0.75,0.79696,0.525
4392,2,0.3848,1.0,0.12048,0.375,0.32848,0.8,0.82928,0.55
4393,,0.31712,0.95,0.08816,0.35,0.29616,0.75,0.7616,0.475
4394,,0.24944,0.9,0.05584,0.325,0.26384,0.7,0.69392,0.4
4395,,0.18176,0.85,0.02352,0.3,0.23152,0.65,0.62624,0.325
4396,,0.11408,0.8,-0.0088,0.275,0.1992,0.6,0.55856,0.25
4397,3,0.1464,0.85,1.0,0.35,0.26688,0.65,0.59088,0.275
4398,,0.07872,0.8,0.96768,0.325,0.23456,0.6,0.5232,0.2
4399,,0.01104,0.75,0.93536,0.3,0.20224,0.55,0.45552,0.125
4400,,-0.05664,0.7,0.90304,0.275,0.16992,0.5,0.38784,0.05
4401,1,1.0,0.75,0.97072,0.35,0.2376,0.55,0.42016,0.075
4402,,0.93232,0.7,0.9384,0.325,0.20528,0.5,0.35248,-0.0
4403,,0.86464,0.65,0.90608,0.3,0.17296,0.45,0.2848,-0.075
4404,8,0.89696,0.7,0.97376,0.375,0.24064,0.5,0.31712,1.0
4405,,0.82928,0.65,0.94144,0.35,0.20832,0.45,0.24944,0.925
4406,,0.7616,0.6,0.90912,0.325,0.176,0.4,0.18176,0.85
4407,,0.69392,0.55,0.8768,0.3,0.14368,0.35,0.11408,0.775
4408,,0.62624,0.5,0.84448,0.275,0.11136,0.3,0.0464,0.7
4409,,0.55856,0.45,0.81216,0.25,0.07904,0.25,-0.02128,0.625
4410,7,0.59088,0.5,0.87984,0.325,0.14672,0.3,1.0,0.65
4411,,0.5232,0.45,0.84752,0.3,0.1144,0.25,0.93232,0.575
4412,,0.45552,0.4,0.8152,0.275,0.08208,0.2,0.86464,0.5
4413,,0.38784,0.35,0.78288,0.25,0.04976,0.15,0.79696,0.425
4414,,0.32016,0.3,0.75056,0.225,0.01744,0.1,0.72928,0.35
4415,,0.25248,0.25,0.71824,0.2,-0.01488,0.05,0.6616,0.275
4416,5,0.2848,0.3,0.78592,0.275,1.0,0.1,0.69392,0.3
4417,,0.21712,0.25,0.7536,0.25,0.96768,0.05,0.62624,0.225
4418,,0.14944,0.2,0.72128,0.225,0.93536,0.0,0.55856,0.15
4419,,0.08176,0.15,0.68896,0.2,0.90304,-0.05,0.49088,0.075
4420,6,0.11408,0.2,0.75664,0.275,0.97072,1.0,0.5232,0.1
4421,,0.0464,0.15,0.72432,0.25,0.9384,0.95,0.45552,0.025
4422,,-0.02128,0.1,0.692,0.225,0.90608,0.9,0.38784,-0.05
4423,8,0.01104,0.15,0.75968,0.3,0.97376,0.95,0.42016,1.0
4424,,-0.05664,0.1,0.72736,0.275,0.94144,0.9,0.35248,0.925
4425,1,1.0,0.15,0.79504,0.35,1.0,0.95,0.3848,0.95
4426,,0.93232,0.1,0.76272,0.325,0.96768,0.9,0.31712,0.875
4427,,0.86464,0.05,0.7304,0.3,0.93536,0.85,0.24944,0.8
4428,,0.79696,0.0,0.69808,0.275,0.90304,0.8,0.18176,0.725
4429,,0.72928,-0.05,0.66576,0.25,0.87072,0.75,0.11408,0.65
4430,2,0.7616,1.0,0.73344,0.325,0.9384,0.8,0.1464,0.675
4431,,0.69392,0.95,0.70112,0.3,0.90608,0.75,0.07872,0.6
4432,,0.62624,0.9,0.6688,0.275,0.87376,0.7,0.01104,0.525
4433,,0.55856,0.85,0.63648,0.25,0.84144,0.65,-0.05664,0.45
4434,7,0.59088,0.9,0.70416,0.325,0.90912,0.7,1.0,0.475
4435,,0.5232,0.85,0.67184,0.3,0.8768,0.65,0.93232,0.4
4436,,0.45552,0.8,0.63952,0.275,0.84448,0.6,0.86464,0.325
4437,,0.38784,0.75,0.6072,0.25,0.81216,0.55,0.79696,0.25
4438,,0.32016,0.7,0.57488,0.225,0.77984,0.5,0.72928,0.175
4439,,0.25248,0.65,0.54256,0.2,0.74752,0.45,0.6616,0.1
4440,,0.1848,0.6,0.51024,0.175,0.7152,0.4,0.59392,0.025
4441,,0.11712,0.55,0.47792,0.15,0.68288,0.35,0.52624,-0.05
4442,8,0.14944,0.6,0.5456,0.225,0.75056,0.4,0.55856,1.0
4443,,0.08176,0.55,0.51328,0.2,0.71824,0.35,0.49088,0.925
4444,,0.01408,0.5,0.48096,0.175,0.68592,0.3,0.4232,0.85
4445,,-0.0536,0.45,0.44864,0.15,0.6536,0.25,0.35552,0.775
4446,1,1.0,0.5,0.51632,0.225,0.72128,0.3,0.38784,0.8
4447,,0.93232,0.45,0.484,0.2,0.68896,0.25,0.32016,0.725
4448,,0.86464,0.4,0.45168,0.175,0.65664,0.2,0.25248,0.65
4449,,0.79696,0.35,0.41936,0.15,0.62432,0.15,0.1848,0.575
4450,,0.72928,0.3,0.38704,0.125,0.592,0.1,0.11712,0.5
4451,,0.6616,0.25,0.35472,0.1,0.55968,0.05,0.04944,0.425
4452,,0.59392,0.2,0.3224,0.075,0.52736,0.0,-0.01824,0.35
4453,7,0.62624,0.25,0.39008,0.15,0.59504,0.05,1.0,0.375
4454,,0.55856,0.2,0.35776,0.125,0.56272,0.0,0.93232,0.3
4455,,0.49088,0.15,0.32544,0.1,0.5304,-0.05,0.86464,0.225
4456,6,0.5232,0.2,0.39312,0.175,0.59808,1.0,0.89696,0.25
4457,,0.45552,0.15,0.3608,0.15,0.56576,0.95,0.82928,0.175
4458,,0.38784,0.1,0.32848,0.125,0.53344,0.9,0.7616,0.1
4459,,0.32016,0.05,0.29616,0.1,0.50112,0.85,0.69392,0.025
4460,,0.25248,0.0,0.26384,0.075,0.4688,0.8,0.62624,-0.05
4461,8,0.2848,0.05,0.33152,0.15,0.53648,0.85,0.65856,1.0
4462,,0.21712,0.0,0.2992,0.125,0.50416,0.8,0.59088,0.925
4463,,0.14944,-0.05,0.26688,0.1,0.47184,0.75,0.5232,0.85
4464,2,0.18176,1.0,0.33456,0.175,0.53952,0.8,0.55552,0.875
4465,,0.11408,0.95,0.30224,0.15,0.5072,0.75,0.48784,0.8
4466,,0.0464,0.9,0.26992,0.125,0.47488,0.7,0.42016,0.725
4467,,-0.02128,0.85,0.2376,0.1,0.44256,0.65,0.35248,0.65
4468,1,1.0,0.9,0.30528,0.175,0.51024,0.7,0.3848,0.675
4469,,0.93232,0.85,0.27296,0.15,0.47792,0.65,0.31712,0.6
4470,,0.86464,0.8,0.24064,0.125,0.4456,0.6,0.24944,0.525
4471,,0.79696,0.75,0.20832,0.1,0.41328,0.55,0.18176,0.45
4472,,0.72928,0.7,0.176,0.075,0.38096,0.5,0.11408,0.375
4473,,0.6616,0.65,0.14368,0.05,0.34864,0.45,0.0464,0.3
4474,,0.59392,0.6,0.11136,0.025,0.31632,0.4,-0.02128,0.225
4475,7,0.62624,0.65,0.17904,0.1,0.384,0.45,1.0,0.25
4476,,0.55856,0.6,0.14672,0.075,0.35168,0.4,0.93232,0.175
4477,,0.49088,0.55,0.1144,0.05,0.31936,0.35,0.86464,0.1
4478,,0.4232,0.5,0.08208,0.025,0.28704,0.3,0.79696,0.025
4479,,0.35552,0.45,0.04976,0.0,0.25472,0.25,0.72928,-0.05
4480,8,0.38784,0.5,0.11744,0.075,0.3224,0.3,0.7616,1.0
4481,,0.32016,0.45,0.08512,0.05,0.29008,0.25,0.69392,0.925
4482,,0.25248,0.4,0.0528,0.025,0.25776,0.2,0.62624,0.85
4483,,0.1848,0.35,0.02048,0.0,0.22544,0.15,0.55856,0.775
4484,,0.11712,0.3,-0.01184,-0.025,0.19312,0.1,0.49088,0.7
4485,4,0.14944,0.35,0.05584,1.0,0.2608,0.15,0.5232,0.725
4486,,0.08176,0.3,0.02352,0.975,0.22848,0.1,0.45552,0.65
4487,,0.01408,0.25,-0.0088,0.95,0.19616,0.05,0.38784,0.575
4488,3,0.0464,0.3,1.0,1.0,0.26384,0.1,0.42016,0.6
4489,,-0.02128,0.25,0.96768,0.975,0.23152,0.05,0.35248,0.525
4490,1,1.0,0.3,1.0,1.0,0.2992,0.1,0.3848,0.55
