step,active_motive,motive_1,motive_2,motive_3,motive_4,motive_5,motive_6,motive_7,motive_8
0,,0.00813,0.00848,0.09866,0.03743,0.03706,0.08128,0.09472,0.0986
1,,-0.49187,-0.49152,-0.40134,-0.46257,-0.46294,-0.41872,-0.40528,-0.4014
2,1,0.50813,-0.60852,-0.80134,-1.0,-1.0,-1.0,-0.80528,-0.5184
3,1,1.0,-0.72552,-1.0,-1.0,-1.0,-1.0,-1.0,-0.6354
4,6,0.317,-1.0,-1.0,-1.0,-1.0,0.0,-1.0,-1.0
5,6,-0.366,-1.0,-1.0,-1.0,-1.0,1.0,-1.0,-1.0
6,5,-1.0,-1.0,-1.0,-1.0,0.0,0.883,-1.0,-1.0
7,5,-1.0,-1.0,-1.0,-1.0,1.0,0.766,-1.0,-1.0
8,8,-1.0,-1.0,-1.0,-1.0,0.317,0.366,-1.0,0.0
9,8,-1.0,-1.0,-1.0,-1.0,-0.366,-0.034,-1.0,1.0
10,4,-1.0,-1.0,-1.0,0.0,-0.483,-0.434,-1.0,0.2
11,4,-1.0,-1.0,-1.0,1.0,-0.6,-0.834,-1.0,-0.6
12,3,-1.0,-1.0,0.0,0.883,-1.0,-1.0,-1.0,-1.0
13,3,-1.0,-1.0,1.0,0.766,-1.0,-1.0,-1.0,-1.0
14,5,-1.0,-1.0,0.6,0.649,0.0,-1.0,-1.0,-1.0
15,5,-1.0,-1.0,0.2,0.532,1.0,-1.0,-1.0,-1.0
16,8,-1.0,-1.0,-0.483,-0.268,0.317,-1.0,-1.0,0.0
17,8,-1.0,-1.0,-1.0,-1.0,-0.366,-1.0,-1.0,1.0
18,4,-1.0,-1.0,-1.0,0.0,-0.483,-1.0,-1.0,0.2
19,4,-1.0,-1.0,-1.0,1.0,-0.6,-1.0,-1.0,-0.6
20,3,-1.0,-1.0,0.0,0.883,-1.0,-1.0,-1.0,-1.0
21,3,-1.0,-1.0,1.0,0.766,-1.0,-1.0,-1.0,-1.0
22,2,-1.0,0.0,0.883,0.366,-1.0,-1.0,-1.0,-1.0
23,2,-1.0,1.0,0.766,-0.034,-1.0,-1.0,-1.0,-1.0
24,5,-1.0,0.317,0.366,-0.151,0.0,-1.0,-1.0,-1.0
25,5,-1.0,-0.366,-0.034,-0.268,1.0,-1.0,-1.0,-1.0
26,7,-1.0,-1.0,-0.834,-0.951,0.6,-1.0,0.0,-1.0
27,7,-1.0,-1.0,-1.0,-1.0,0.2,-1.0,1.0,-1.0
28,8,-1.0,-1.0,-1.0,-1.0,-0.483,-1.0,0.883,0.0
29,8,-1.0,-1.0,-1.0,-1.0,-1.0,-1.0,0.766,1.0
30,3,-1.0,-1.0,0.0,-1.0,-1.0,-1.0,-0.034,0.317
31,3,-1.0,-1.0,1.0,-1.0,-1.0,-1.0,-0.834,-0.366
32,6,-1.0,-1.0,0.317,-1.0,-1.0,0.0,-0.951,-0.766
33,6,-1.0,-1.0,-0.366,-1.0,-1.0,1.0,-1.0,-1.0
34,7,-1.0,-1.0,-1.0,-1.0,-1.0,0.883,0.0,-1.0
35,7,-1.0,-1.0,-1.0,-1.0,-1.0,0.766,1.0,-1.0
36,2,-1.0,0.0,-1.0,-1.0,-1.0,-0.034,0.317,-1.0
37,2,-1.0,1.0,-1.0,-1.0,-1.0,-0.834,-0.366,-1.0
38,5,-1.0,0.317,-1.0,-1.0,0.0,-0.951,-0.766,-1.0
39,5,-1.0,-0.366,-1.0,-1.0,1.0,-1.0,-1.0,-1.0
40,8,-1.0,-0.766,-1.0,-1.0,0.317,-1.0,-1.0,0.0
41,8,-1.0,-1.0,-1.0,-1.0,-0.366,-1.0,-1.0,1.0
42,2,-1.0,0.0,-1.0,-1.0,-1.0,-1.0,-1.0,0.6
43,2,-1.0,1.0,-1.0,-1.0,-1.0,-1.0,-1.0,0.2
44,5,-1.0,0.317,-1.0,-1.0,0.0,-1.0,-1.0,-0.483
45,5,-1.0,-0.366,-1.0,-1.0,1.0,-1.0,-1.0,-1.0
46,6,-1.0,-1.0,-1.0,-1.0,0.883,0.0,-1.0,-1.0
47,6,-1.0,-1.0,-1.0,-1.0,0.766,1.0,-1.0,-1.0
48,7,-1.0,-1.0,-1.0,-1.0,0.366,0.883,0.0,-1.0
49,7,-1.0,-1.0,-1.0,-1.0,-0.034,0.766,1.0,-1.0
