step,active_motive,motive_1,motive_2,motive_3,motive_4,motive_5,motive_6,motive_7,motive_8
0,,-0.25092,0.90143,0.46399,0.19732,-0.68796,-0.68801,-0.88383,0.73235
1,7,-0.2186,0.94443,0.53167,0.29032,-0.58528,-0.59501,1.0,0.77535
2,6,-0.17928,0.99443,0.60635,0.39032,-0.8176,1.0,1.0,0.82535
3,5,-0.14696,1.0,0.67403,0.48332,1.0,0.75,1.0,0.86835
4,1,1.0,1.0,0.70671,0.54032,1.0,0.807,1.0,0.87535
5,,0.93232,0.95,0.67439,0.51532,0.96768,0.757,0.93232,0.80035
6,,0.86464,0.9,0.64207,0.49032,0.93536,0.707,0.86464,0.72535
7,,0.79696,0.85,0.60975,0.46532,0.90304,0.657,0.79696,0.65035
8,,0.72928,0.8,0.57743,0.44032,0.87072,0.607,0.72928,0.57535
9,,0.6616,0.75,0.54511,0.41532,0.8384,0.557,0.6616,0.50035
10,,0.59392,0.7,0.51279,0.39032,0.80608,0.507,0.59392,0.42535
11,,0.52624,0.65,0.48047,0.36532,0.77376,0.457,0.52624,0.35035
12,,0.45856,0.6,0.44815,0.34032,0.74144,0.407,0.45856,0.27535
13,,0.39088,0.55,0.41583,0.31532,0.70912,0.357,0.39088,0.20035
14,,0.3232,0.5,0.38351,0.29032,0.6768,0.307,0.3232,0.12535
15,,0.25552,0.45,0.35119,0.26532,0.64448,0.257,0.25552,0.05035
16,,0.18784,0.4,0.31887,0.24032,0.61216,0.207,0.18784,-0.02465
17,8,0.20216,0.425,0.36855,0.31532,0.69784,0.282,0.23816,1.0
18,,0.13448,0.375,0.33623,0.29032,0.66552,0.232,0.17048,0.925
19,,0.0668,0.325,0.30391,0.26532,0.6332,0.182,0.1028,0.85
20,,-0.00088,0.275,0.27159,0.24032,0.60088,0.132,0.03512,0.775
21,1,1.0,0.282,0.30427,0.29732,0.66856,0.189,0.06744,0.782
22,,0.93232,0.232,0.27195,0.27232,0.63624,0.139,-0.00024,0.707
23,7,0.96464,0.275,0.33963,0.36532,0.73892,0.232,1.0,0.75
24,,0.89696,0.225,0.30731,0.34032,0.7066,0.182,0.93232,0.675
25,,0.82928,0.175,0.27499,0.31532,0.67428,0.132,0.86464,0.6
26,,0.7616,0.125,0.24267,0.29032,0.64196,0.082,0.79696,0.525
27,,0.69392,0.075,0.21035,0.26532,0.60964,0.032,0.72928,0.45
28,,0.62624,0.025,0.17803,0.24032,0.57732,-0.018,0.6616,0.375
29,6,0.66556,0.075,0.25271,0.34032,0.345,1.0,0.73692,0.425
30,,0.59788,0.025,0.22039,0.31532,0.31268,0.95,0.66924,0.35
31,,0.5302,-0.025,0.18807,0.29032,0.28036,0.9,0.60156,0.275
32,2,0.51952,1.0,0.21275,0.34032,0.34104,0.95,0.62688,0.275
33,,0.45184,0.95,0.18043,0.31532,0.30872,0.9,0.5592,0.2
34,,0.38416,0.9,0.14811,0.29032,0.2764,0.85,0.49152,0.125
35,,0.31648,0.85,0.11579,0.26532,0.24408,0.8,0.42384,0.05
36,,0.2488,0.8,0.08347,0.24032,0.21176,0.75,0.35616,-0.025
37,8,0.26312,0.825,0.13315,0.31532,0.29744,0.825,0.40648,1.0
38,,0.19544,0.775,0.10083,0.29032,0.26512,0.775,0.3388,0.925
39,,0.12776,0.725,0.06851,0.26532,0.2328,0.725,0.27112,0.85
40,,0.06008,0.675,0.03619,0.24032,0.20048,0.675,0.20344,0.775
41,,-0.0076,0.625,0.00387,0.21532,0.16816,0.625,0.13576,0.7
42,1,1.0,0.632,0.03655,0.27232,0.23584,0.682,0.16808,0.707
43,,0.93232,0.582,0.00423,0.24732,0.20352,0.632,0.1004,0.632
44,,0.86464,0.532,-0.02809,0.22232,0.1712,0.582,0.03272,0.557
45,3,0.86196,0.539,1.0,0.27932,0.23888,0.639,0.06504,0.564
46,,0.79428,0.489,0.96768,0.25432,0.20656,0.589,-0.00264,0.489
47,7,0.8266,0.532,1.0,0.34732,0.30924,0.682,1.0,0.532
48,,0.75892,0.482,0.96768,0.32232,0.27692,0.632,0.93232,0.457
49,,0.69124,0.432,0.93536,0.29732,0.2446,0.582,0.86464,0.382
50,,0.62356,0.382,0.90304,0.27232,0.21228,0.532,0.79696,0.307
51,,0.55588,0.332,0.87072,0.24732,0.17996,0.482,0.72928,0.232
52,,0.4882,0.282,0.8384,0.22232,0.14764,0.432,0.6616,0.157
53,,0.42052,0.232,0.80608,0.19732,0.11532,0.382,0.59392,0.082
54,,0.35284,0.182,0.77376,0.17232,0.083,0.332,0.52624,0.007
55,,0.28516,0.132,0.74144,0.14732,0.05068,0.282,0.45856,-0.068
56,8,0.29948,0.157,0.79112,0.22232,0.13636,0.357,0.50888,1.0
57,,0.2318,0.107,0.7588,0.19732,0.10404,0.307,0.4412,0.925
58,,0.16412,0.057,0.72648,0.17232,0.07172,0.257,0.37352,0.85
59,,0.09644,0.007,0.69416,0.14732,0.0394,0.207,0.30584,0.775
60,,0.02876,-0.043,0.66184,0.12232,0.00708,0.157,0.23816,0.7
61,2,0.01808,1.0,0.68652,0.17232,0.06776,0.207,0.26348,0.7
62,,-0.0496,0.95,0.6542,0.14732,0.03544,0.157,0.1958,0.625
63,1,1.0,0.957,0.68688,0.20432,0.10312,0.214,0.22812,0.632
64,,0.93232,0.907,0.65456,0.17932,0.0708,0.164,0.16044,0.557
65,,0.86464,0.857,0.62224,0.15432,0.03848,0.114,0.09276,0.482
66,,0.79696,0.807,0.58992,0.12932,0.00616,0.064,0.02508,0.407
67,,0.72928,0.757,0.5576,0.10432,-0.02616,0.014,-0.0426,0.332
68,7,0.7616,0.8,0.62528,0.19732,0.07652,0.107,1.0,0.375
69,,0.69392,0.75,0.59296,0.17232,0.0442,0.057,0.93232,0.3
70,,0.62624,0.7,0.56064,0.14732,0.01188,0.007,0.86464,0.225
71,,0.55856,0.65,0.52832,0.12232,-0.02044,-0.043,0.79696,0.15
72,6,0.59788,0.7,0.603,0.22232,-0.25276,1.0,0.87228,0.2
73,5,0.6302,0.743,0.67068,0.31532,1.0,0.75,0.9396,0.243
74,,0.56252,0.693,0.63836,0.29032,0.96768,0.7,0.87192,0.168
75,,0.49484,0.643,0.60604,0.26532,0.93536,0.65,0.80424,0.093
76,,0.42716,0.593,0.57372,0.24032,0.90304,0.6,0.73656,0.018
77,,0.35948,0.543,0.5414,0.21532,0.87072,0.55,0.66888,-0.057
78,8,0.3738,0.568,0.59108,0.29032,0.9564,0.625,0.7192,1.0
79,,0.30612,0.518,0.55876,0.26532,0.92408,0.575,0.65152,0.925
80,,0.23844,0.468,0.52644,0.24032,0.89176,0.525,0.58384,0.85
81,,0.17076,0.418,0.49412,0.21532,0.85944,0.475,0.51616,0.775
82,,0.10308,0.368,0.4618,0.19032,0.82712,0.425,0.44848,0.7
83,,0.0354,0.318,0.42948,0.16532,0.7948,0.375,0.3808,0.625
84,,-0.03228,0.268,0.39716,0.14032,0.76248,0.325,0.31312,0.55
85,1,1.0,0.275,0.42984,0.19732,0.83016,0.382,0.34544,0.557
86,,0.93232,0.225,0.39752,0.17232,0.79784,0.332,0.27776,0.482
87,,0.86464,0.175,0.3652,0.14732,0.76552,0.282,0.21008,0.407
88,,0.79696,0.125,0.33288,0.12232,0.7332,0.232,0.1424,0.332
89,,0.72928,0.075,0.30056,0.09732,0.70088,0.182,0.07472,0.257
90,,0.6616,0.025,0.26824,0.07232,0.66856,0.132,0.00704,0.182
91,,0.59392,-0.025,0.23592,0.04732,0.63624,0.082,-0.06064,0.107
92,7,0.62624,0.018,0.3036,0.14032,0.73892,0.175,1.0,0.15
93,,0.55856,-0.032,0.27128,0.11532,0.7066,0.125,0.93232,0.075
94,2,0.54788,1.0,0.29596,0.16532,0.76728,0.175,0.95764,0.075
95,,0.4802,0.95,0.26364,0.14032,0.73496,0.125,0.88996,-0.0
96,,0.41252,0.9,0.23132,0.11532,0.70264,0.075,0.82228,-0.075
97,8,0.42684,0.925,0.281,0.19032,0.78832,0.15,0.8726,1.0
98,,0.35916,0.875,0.24868,0.16532,0.756,0.1,0.80492,0.925
99,,0.29148,0.825,0.21636,0.14032,0.72368,0.05,0.73724,0.85
100,,0.2238,0.775,0.18404,0.11532,0.69136,0.0,0.66956,0.775
101,,0.15612,0.725,0.15172,0.09032,0.65904,-0.05,0.60188,0.7
102,6,0.19544,0.775,0.2264,0.19032,0.42672,1.0,0.6772,0.75
103,,0.12776,0.725,0.19408,0.16532,0.3944,0.95,0.60952,0.675
104,,0.06008,0.675,0.16176,0.14032,0.36208,0.9,0.54184,0.6
105,,-0.0076,0.625,0.12944,0.11532,0.32976,0.85,0.47416,0.525
106,1,1.0,0.632,0.16212,0.17232,0.39744,0.907,0.50648,0.532
107,,0.93232,0.582,0.1298,0.14732,0.36512,0.857,0.4388,0.457
108,,0.86464,0.532,0.09748,0.12232,0.3328,0.807,0.37112,0.382
109,,0.79696,0.482,0.06516,0.09732,0.30048,0.757,0.30344,0.307
110,,0.72928,0.432,0.03284,0.07232,0.26816,0.707,0.23576,0.232
111,,0.6616,0.382,0.00052,0.04732,0.23584,0.657,0.16808,0.157
112,,0.59392,0.332,-0.0318,0.02232,0.20352,0.607,0.1004,0.082
113,3,0.59124,0.339,1.0,0.07932,0.2712,0.664,0.13272,0.089
114,,0.52356,0.289,0.96768,0.05432,0.23888,0.614,0.06504,0.014
115,,0.45588,0.239,0.93536,0.02932,0.20656,0.564,-0.00264,-0.061
116,8,0.4702,0.264,0.98504,0.10432,0.29224,0.639,0.04768,1.0
117,,0.40252,0.214,0.95272,0.07932,0.25992,0.589,-0.02,0.925
118,7,0.43484,0.257,1.0,0.17232,0.3626,0.682,1.0,0.968
119,,0.36716,0.207,0.96768,0.14732,0.33028,0.632,0.93232,0.893
120,,0.29948,0.157,0.93536,0.12232,0.29796,0.582,0.86464,0.818
121,,0.2318,0.107,0.90304,0.09732,0.26564,0.532,0.79696,0.743
122,,0.16412,0.057,0.87072,0.07232,0.23332,0.482,0.72928,0.668
123,,0.09644,0.007,0.8384,0.04732,0.201,0.432,0.6616,0.593
124,,0.02876,-0.043,0.80608,0.02232,0.16868,0.382,0.59392,0.518
125,2,0.01808,1.0,0.83076,0.07232,0.22936,0.432,0.61924,0.518
126,,-0.0496,0.95,0.79844,0.04732,0.19704,0.382,0.55156,0.443
127,1,1.0,0.957,0.83112,0.10432,0.26472,0.439,0.58388,0.45
128,,0.93232,0.907,0.7988,0.07932,0.2324,0.389,0.5162,0.375
129,,0.86464,0.857,0.76648,0.05432,0.20008,0.339,0.44852,0.3
130,,0.79696,0.807,0.73416,0.02932,0.16776,0.289,0.38084,0.225
131,,0.72928,0.757,0.70184,0.00432,0.13544,0.239,0.31316,0.15
132,,0.6616,0.707,0.66952,-0.02068,0.10312,0.189,0.24548,0.075
133,4,0.67592,0.732,0.7192,1.0,0.1888,0.264,0.2958,0.1
134,,0.60824,0.682,0.68688,0.975,0.15648,0.214,0.22812,0.025
135,,0.54056,0.632,0.65456,0.95,0.12416,0.164,0.16044,-0.05
136,8,0.55488,0.657,0.70424,1.0,0.20984,0.239,0.21076,1.0
137,,0.4872,0.607,0.67192,0.975,0.17752,0.189,0.14308,0.925
138,,0.41952,0.557,0.6396,0.95,0.1452,0.139,0.0754,0.85
139,,0.35184,0.507,0.60728,0.925,0.11288,0.089,0.00772,0.775
140,,0.28416,0.457,0.57496,0.9,0.08056,0.039,-0.05996,0.7
141,7,0.31648,0.5,0.64264,0.993,0.18324,0.132,1.0,0.743
142,,0.2488,0.45,0.61032,0.968,0.15092,0.082,0.93232,0.668
143,,0.18112,0.4,0.578,0.943,0.1186,0.032,0.86464,0.593
144,,0.11344,0.35,0.54568,0.918,0.08628,-0.018,0.79696,0.518
145,6,0.15276,0.4,0.62036,1.0,-0.14604,1.0,0.87228,0.568
146,5,0.18508,0.443,0.68804,1.0,1.0,0.75,0.9396,0.611
147,,0.1174,0.393,0.65572,0.975,0.96768,0.7,0.87192,0.536
148,,0.04972,0.343,0.6234,0.95,0.93536,0.65,0.80424,0.461
149,,-0.01796,0.293,0.59108,0.925,0.90304,0.6,0.73656,0.386
150,1,1.0,0.3,0.62376,0.982,0.97072,0.657,0.76888,0.393
151,,0.93232,0.25,0.59144,0.957,0.9384,0.607,0.7012,0.318
152,,0.86464,0.2,0.55912,0.932,0.90608,0.557,0.63352,0.243
153,,0.79696,0.15,0.5268,0.907,0.87376,0.507,0.56584,0.168
154,,0.72928,0.1,0.49448,0.882,0.84144,0.457,0.49816,0.093
155,,0.6616,0.05,0.46216,0.857,0.80912,0.407,0.43048,0.018
156,,0.59392,0.0,0.42984,0.832,0.7768,0.357,0.3628,-0.057
157,8,0.60824,0.025,0.47952,0.907,0.86248,0.432,0.41312,1.0
158,,0.54056,-0.025,0.4472,0.882,0.83016,0.382,0.34544,0.925
159,2,0.52988,1.0,0.47188,0.932,0.89084,0.432,0.37076,0.925
160,,0.4622,0.95,0.43956,0.907,0.85852,0.382,0.30308,0.85
161,,0.39452,0.9,0.40724,0.882,0.8262,0.332,0.2354,0.775
162,,0.32684,0.85,0.37492,0.857,0.79388,0.282,0.16772,0.7
163,,0.25916,0.8,0.3426,0.832,0.76156,0.232,0.10004,0.625
164,,0.19148,0.75,0.31028,0.807,0.72924,0.182,0.03236,0.55
165,,0.1238,0.7,0.27796,0.782,0.69692,0.132,-0.03532,0.475
166,7,0.15612,0.743,0.34564,0.875,0.7996,0.225,1.0,0.518
167,,0.08844,0.693,0.31332,0.85,0.76728,0.175,0.93232,0.443
168,,0.02076,0.643,0.281,0.825,0.73496,0.125,0.86464,0.368
169,,-0.04692,0.593,0.24868,0.8,0.70264,0.075,0.79696,0.293
170,1,1.0,0.6,0.28136,0.857,0.77032,0.132,0.82928,0.3
171,,0.93232,0.55,0.24904,0.832,0.738,0.082,0.7616,0.225
172,,0.86464,0.5,0.21672,0.807,0.70568,0.032,0.69392,0.15
173,,0.79696,0.45,0.1844,0.782,0.67336,-0.018,0.62624,0.075
174,6,0.83628,0.5,0.25908,0.882,0.44104,1.0,0.70156,0.125
175,,0.7686,0.45,0.22676,0.857,0.40872,0.95,0.63388,0.05
176,,0.70092,0.4,0.19444,0.832,0.3764,0.9,0.5662,-0.025
177,8,0.71524,0.425,0.24412,0.907,0.46208,0.975,0.61652,1.0
178,,0.64756,0.375,0.2118,0.882,0.42976,0.925,0.54884,0.925
179,,0.57988,0.325,0.17948,0.857,0.39744,0.875,0.48116,0.85
180,,0.5122,0.275,0.14716,0.832,0.36512,0.825,0.41348,0.775
181,,0.44452,0.225,0.11484,0.807,0.3328,0.775,0.3458,0.7
182,,0.37684,0.175,0.08252,0.782,0.30048,0.725,0.27812,0.625
183,,0.30916,0.125,0.0502,0.757,0.26816,0.675,0.21044,0.55
184,,0.24148,0.075,0.01788,0.732,0.23584,0.625,0.14276,0.475
185,,0.1738,0.025,-0.01444,0.707,0.20352,0.575,0.07508,0.4
186,3,0.17112,0.032,1.0,0.764,0.2712,0.632,0.1074,0.407
187,,0.10344,-0.018,0.96768,0.739,0.23888,0.582,0.03972,0.332
188,2,0.09276,1.0,0.99236,0.789,0.29956,0.632,0.06504,0.332
189,,0.02508,0.95,0.96004,0.764,0.26724,0.582,-0.00264,0.257
190,7,0.0574,0.993,1.0,0.857,0.36992,0.675,1.0,0.3
191,,-0.01028,0.943,0.96768,0.832,0.3376,0.625,0.93232,0.225
192,1,1.0,0.95,1.0,0.889,0.40528,0.682,0.96464,0.232
193,,0.93232,0.9,0.96768,0.864,0.37296,0.632,0.89696,0.157
194,,0.86464,0.85,0.93536,0.839,0.34064,0.582,0.82928,0.082
195,,0.79696,0.8,0.90304,0.814,0.30832,0.532,0.7616,0.007
196,,0.72928,0.75,0.87072,0.789,0.276,0.482,0.69392,-0.068
197,8,0.7436,0.775,0.9204,0.864,0.36168,0.557,0.74424,1.0
198,,0.67592,0.725,0.88808,0.839,0.32936,0.507,0.67656,0.925
199,,0.60824,0.675,0.85576,0.814,0.29704,0.457,0.60888,0.85
200,,0.54056,0.625,0.82344,0.789,0.26472,0.407,0.5412,0.775
201,,0.47288,0.575,0.79112,0.764,0.2324,0.357,0.47352,0.7
202,,0.4052,0.525,0.7588,0.739,0.20008,0.307,0.40584,0.625
203,,0.33752,0.475,0.72648,0.714,0.16776,0.257,0.33816,0.55
204,,0.26984,0.425,0.69416,0.689,0.13544,0.207,0.27048,0.475
205,,0.20216,0.375,0.66184,0.664,0.10312,0.157,0.2028,0.4
206,,0.13448,0.325,0.62952,0.639,0.0708,0.107,0.13512,0.325
207,,0.0668,0.275,0.5972,0.614,0.03848,0.057,0.06744,0.25
208,,-0.00088,0.225,0.56488,0.589,0.00616,0.007,-0.00024,0.175
209,1,1.0,0.232,0.59756,0.646,0.07384,0.064,0.03208,0.182
210,,0.93232,0.182,0.56524,0.621,0.04152,0.014,-0.0356,0.107
211,7,0.96464,0.225,0.63292,0.714,0.1442,0.107,1.0,0.15
212,,0.89696,0.175,0.6006,0.689,0.11188,0.057,0.93232,0.075
213,,0.82928,0.125,0.56828,0.664,0.07956,0.007,0.86464,-0.0
214,,0.7616,0.075,0.53596,0.639,0.04724,-0.043,0.79696,-0.075
215,8,0.77592,0.1,0.58564,0.714,0.13292,0.032,0.84728,1.0
216,,0.70824,0.05,0.55332,0.689,0.1006,-0.018,0.7796,0.925
217,6,0.74756,0.1,0.628,0.789,-0.13172,1.0,0.85492,0.975
218,5,0.77988,0.143,0.69568,0.882,1.0,0.75,0.92224,1.0
219,,0.7122,0.093,0.66336,0.857,0.96768,0.7,0.85456,0.925
220,,0.64452,0.043,0.63104,0.832,0.93536,0.65,0.78688,0.85
221,,0.57684,-0.007,0.59872,0.807,0.90304,0.6,0.7192,0.775
222,2,0.56616,1.0,0.6234,0.857,0.96372,0.65,0.74452,0.775
223,,0.49848,0.95,0.59108,0.832,0.9314,0.6,0.67684,0.7
224,,0.4308,0.9,0.55876,0.807,0.89908,0.55,0.60916,0.625
225,,0.36312,0.85,0.52644,0.782,0.86676,0.5,0.54148,0.55
226,,0.29544,0.8,0.49412,0.757,0.83444,0.45,0.4738,0.475
227,,0.22776,0.75,0.4618,0.732,0.80212,0.4,0.40612,0.4
228,,0.16008,0.7,0.42948,0.707,0.7698,0.35,0.33844,0.325
229,,0.0924,0.65,0.39716,0.682,0.73748,0.3,0.27076,0.25
230,,0.02472,0.6,0.36484,0.657,0.70516,0.25,0.20308,0.175
231,,-0.04296,0.55,0.33252,0.632,0.67284,0.2,0.1354,0.1
232,1,1.0,0.557,0.3652,0.689,0.74052,0.257,0.16772,0.107
233,,0.93232,0.507,0.33288,0.664,0.7082,0.207,0.10004,0.032
234,,0.86464,0.457,0.30056,0.639,0.67588,0.157,0.03236,-0.043
235,8,0.87896,0.482,0.35024,0.714,0.76156,0.232,0.08268,1.0
236,,0.81128,0.432,0.31792,0.689,0.72924,0.182,0.015,0.925
237,,0.7436,0.382,0.2856,0.664,0.69692,0.132,-0.05268,0.85
238,7,0.77592,0.425,0.35328,0.757,0.7996,0.225,1.0,0.893
239,,0.70824,0.375,0.32096,0.732,0.76728,0.175,0.93232,0.818
240,,0.64056,0.325,0.28864,0.707,0.73496,0.125,0.86464,0.743
241,,0.57288,0.275,0.25632,0.682,0.70264,0.075,0.79696,0.668
242,,0.5052,0.225,0.224,0.657,0.67032,0.025,0.72928,0.593
243,,0.43752,0.175,0.19168,0.632,0.638,-0.025,0.6616,0.518
244,6,0.47684,0.225,0.26636,0.732,0.40568,1.0,0.73692,0.568
245,,0.40916,0.175,0.23404,0.707,0.37336,0.95,0.66924,0.493
246,,0.34148,0.125,0.20172,0.682,0.34104,0.9,0.60156,0.418
247,,0.2738,0.075,0.1694,0.657,0.30872,0.85,0.53388,0.343
248,,0.20612,0.025,0.13708,0.632,0.2764,0.8,0.4662,0.268
249,,0.13844,-0.025,0.10476,0.607,0.24408,0.75,0.39852,0.193
250,2,0.12776,1.0,0.12944,0.657,0.30476,0.8,0.42384,0.193
251,,0.06008,0.95,0.09712,0.632,0.27244,0.75,0.35616,0.118
252,,-0.0076,0.9,0.0648,0.607,0.24012,0.7,0.28848,0.043
253,1,1.0,0.907,0.09748,0.664,0.3078,0.757,0.3208,0.05
254,,0.93232,0.857,0.06516,0.639,0.27548,0.707,0.25312,-0.025
255,8,0.94664,0.882,0.11484,0.714,0.36116,0.782,0.30344,1.0
256,,0.87896,0.832,0.08252,0.689,0.32884,0.732,0.23576,0.925
257,,0.81128,0.782,0.0502,0.664,0.29652,0.682,0.16808,0.85
258,,0.7436,0.732,0.01788,0.639,0.2642,0.632,0.1004,0.775
259,,0.67592,0.682,-0.01444,0.614,0.23188,0.582,0.03272,0.7
260,3,0.67324,0.689,1.0,0.671,0.29956,0.639,0.06504,0.707
261,,0.60556,0.639,0.96768,0.646,0.26724,0.589,-0.00264,0.632
262,7,0.63788,0.682,1.0,0.739,0.36992,0.682,1.0,0.675
263,,0.5702,0.632,0.96768,0.714,0.3376,0.632,0.93232,0.6
264,,0.50252,0.582,0.93536,0.689,0.30528,0.582,0.86464,0.525
265,,0.43484,0.532,0.90304,0.664,0.27296,0.532,0.79696,0.45
266,,0.36716,0.482,0.87072,0.639,0.24064,0.482,0.72928,0.375
267,,0.29948,0.432,0.8384,0.614,0.20832,0.432,0.6616,0.3
268,,0.2318,0.382,0.80608,0.589,0.176,0.382,0.59392,0.225
269,,0.16412,0.332,0.77376,0.564,0.14368,0.332,0.52624,0.15
270,,0.09644,0.282,0.74144,0.539,0.11136,0.282,0.45856,0.075
271,,0.02876,0.232,0.70912,0.514,0.07904,0.232,0.39088,-0.0
272,,-0.03892,0.182,0.6768,0.489,0.04672,0.182,0.3232,-0.075
273,8,-0.0246,0.207,0.72648,0.564,0.1324,0.257,0.37352,1.0
274,1,1.0,0.214,0.75916,0.621,0.20008,0.314,0.40584,1.0
275,,0.93232,0.164,0.72684,0.596,0.16776,0.264,0.33816,0.925
276,,0.86464,0.114,0.69452,0.571,0.13544,0.214,0.27048,0.85
277,,0.79696,0.064,0.6622,0.546,0.10312,0.164,0.2028,0.775
278,,0.72928,0.014,0.62988,0.521,0.0708,0.114,0.13512,0.7
279,,0.6616,-0.036,0.59756,0.496,0.03848,0.064,0.06744,0.625
280,2,0.65092,1.0,0.62224,0.546,0.09916,0.114,0.09276,0.625
281,,0.58324,0.95,0.58992,0.521,0.06684,0.064,0.02508,0.55
282,,0.51556,0.9,0.5576,0.496,0.03452,0.014,-0.0426,0.475
283,7,0.54788,0.943,0.62528,0.589,0.1372,0.107,1.0,0.518
284,,0.4802,0.893,0.59296,0.564,0.10488,0.057,0.93232,0.443
285,,0.41252,0.843,0.56064,0.539,0.07256,0.007,0.86464,0.368
286,,0.34484,0.793,0.52832,0.514,0.04024,-0.043,0.79696,0.293
287,6,0.38416,0.843,0.603,0.614,-0.19208,1.0,0.87228,0.343
288,5,0.41648,0.886,0.67068,0.707,1.0,0.75,0.9396,0.386
289,,0.3488,0.836,0.63836,0.682,0.96768,0.7,0.87192,0.311
290,,0.28112,0.786,0.60604,0.657,0.93536,0.65,0.80424,0.236
291,,0.21344,0.736,0.57372,0.632,0.90304,0.6,0.73656,0.161
292,,0.14576,0.686,0.5414,0.607,0.87072,0.55,0.66888,0.086
293,,0.07808,0.636,0.50908,0.582,0.8384,0.5,0.6012,0.011
294,,0.0104,0.586,0.47676,0.557,0.80608,0.45,0.53352,-0.064
295,8,0.02472,0.611,0.52644,0.632,0.89176,0.525,0.58384,1.0
296,,-0.04296,0.561,0.49412,0.607,0.85944,0.475,0.51616,0.925
297,1,1.0,0.568,0.5268,0.664,0.92712,0.532,0.54848,0.932
298,,0.93232,0.518,0.49448,0.639,0.8948,0.482,0.4808,0.857
299,,0.86464,0.468,0.46216,0.614,0.86248,0.432,0.41312,0.782
300,,0.79696,0.418,0.42984,0.589,0.83016,0.382,0.34544,0.707
301,,0.72928,0.368,0.39752,0.564,0.79784,0.332,0.27776,0.632
302,,0.6616,0.318,0.3652,0.539,0.76552,0.282,0.21008,0.557
303,,0.59392,0.268,0.33288,0.514,0.7332,0.232,0.1424,0.482
304,,0.52624,0.218,0.30056,0.489,0.70088,0.182,0.07472,0.407
305,,0.45856,0.168,0.26824,0.464,0.66856,0.132,0.00704,0.332
306,,0.39088,0.118,0.23592,0.439,0.63624,0.082,-0.06064,0.257
307,7,0.4232,0.161,0.3036,0.532,0.73892,0.175,1.0,0.3
308,,0.35552,0.111,0.27128,0.507,0.7066,0.125,0.93232,0.225
309,,0.28784,0.061,0.23896,0.482,0.67428,0.075,0.86464,0.15
310,,0.22016,0.011,0.20664,0.457,0.64196,0.025,0.79696,0.075
311,,0.15248,-0.039,0.17432,0.432,0.60964,-0.025,0.72928,-0.0
312,2,0.1418,1.0,0.199,0.482,0.67032,0.025,0.7546,-0.0
313,,0.07412,0.95,0.16668,0.457,0.638,-0.025,0.68692,-0.075
314,8,0.08844,0.975,0.21636,0.532,0.72368,0.05,0.73724,1.0
315,,0.02076,0.925,0.18404,0.507,0.69136,0.0,0.66956,0.925
316,,-0.04692,0.875,0.15172,0.482,0.65904,-0.05,0.60188,0.85
317,6,-0.0076,0.925,0.2264,0.582,0.42672,1.0,0.6772,0.9
318,1,1.0,0.932,0.25908,0.639,0.4944,1.0,0.70952,0.907
319,,0.93232,0.882,0.22676,0.614,0.46208,0.95,0.64184,0.832
320,,0.86464,0.832,0.19444,0.589,0.42976,0.9,0.57416,0.757
321,,0.79696,0.782,0.16212,0.564,0.39744,0.85,0.50648,0.682
322,,0.72928,0.732,0.1298,0.539,0.36512,0.8,0.4388,0.607
323,,0.6616,0.682,0.09748,0.514,0.3328,0.75,0.37112,0.532
324,,0.59392,0.632,0.06516,0.489,0.30048,0.7,0.30344,0.457
325,,0.52624,0.582,0.03284,0.464,0.26816,0.65,0.23576,0.382
326,,0.45856,0.532,0.00052,0.439,0.23584,0.6,0.16808,0.307
327,,0.39088,0.482,-0.0318,0.414,0.20352,0.55,0.1004,0.232
328,3,0.3882,0.489,1.0,0.471,0.2712,0.607,0.13272,0.239
329,,0.32052,0.439,0.96768,0.446,0.23888,0.557,0.06504,0.164
330,,0.25284,0.389,0.93536,0.421,0.20656,0.507,-0.00264,0.089
331,7,0.28516,0.432,1.0,0.514,0.30924,0.6,1.0,0.132
332,,0.21748,0.382,0.96768,0.489,0.27692,0.55,0.93232,0.057
333,,0.1498,0.332,0.93536,0.464,0.2446,0.5,0.86464,-0.018
334,8,0.16412,0.357,0.98504,0.539,0.33028,0.575,0.91496,1.0
335,,0.09644,0.307,0.95272,0.514,0.29796,0.525,0.84728,0.925
336,,0.02876,0.257,0.9204,0.489,0.26564,0.475,0.7796,0.85
337,,-0.03892,0.207,0.88808,0.464,0.23332,0.425,0.71192,0.775
338,1,1.0,0.214,0.92076,0.521,0.301,0.482,0.74424,0.782
339,,0.93232,0.164,0.88844,0.496,0.26868,0.432,0.67656,0.707
340,,0.86464,0.114,0.85612,0.471,0.23636,0.382,0.60888,0.632
341,,0.79696,0.064,0.8238,0.446,0.20404,0.332,0.5412,0.557
342,,0.72928,0.014,0.79148,0.421,0.17172,0.282,0.47352,0.482
343,,0.6616,-0.036,0.75916,0.396,0.1394,0.232,0.40584,0.407
344,2,0.65092,1.0,0.78384,0.446,0.20008,0.282,0.43116,0.407
345,,0.58324,0.95,0.75152,0.421,0.16776,0.232,0.36348,0.332
346,,0.51556,0.9,0.7192,0.396,0.13544,0.182,0.2958,0.257
347,,0.44788,0.85,0.68688,0.371,0.10312,0.132,0.22812,0.182
348,,0.3802,0.8,0.65456,0.346,0.0708,0.082,0.16044,0.107
349,,0.31252,0.75,0.62224,0.321,0.03848,0.032,0.09276,0.032
350,,0.24484,0.7,0.58992,0.296,0.00616,-0.018,0.02508,-0.043
351,8,0.25916,0.725,0.6396,0.371,0.09184,0.057,0.0754,1.0
352,,0.19148,0.675,0.60728,0.346,0.05952,0.007,0.00772,0.925
353,,0.1238,0.625,0.57496,0.321,0.0272,-0.043,-0.05996,0.85
354,7,0.15612,0.668,0.64264,0.414,0.12988,0.05,1.0,0.893
355,,0.08844,0.618,0.61032,0.389,0.09756,0.0,0.93232,0.818
356,,0.02076,0.568,0.578,0.364,0.06524,-0.05,0.86464,0.743
357,6,0.06008,0.618,0.65268,0.464,-0.16708,1.0,0.93996,0.793
358,5,0.0924,0.661,0.72036,0.557,1.0,0.75,1.0,0.836
359,,0.02472,0.611,0.68804,0.532,0.96768,0.7,0.93232,0.761
360,,-0.04296,0.561,0.65572,0.507,0.93536,0.65,0.86464,0.686
361,1,1.0,0.568,0.6884,0.564,1.0,0.707,0.89696,0.693
362,,0.93232,0.518,0.65608,0.539,0.96768,0.657,0.82928,0.618
363,,0.86464,0.468,0.62376,0.514,0.93536,0.607,0.7616,0.543
364,,0.79696,0.418,0.59144,0.489,0.90304,0.557,0.69392,0.468
365,,0.72928,0.368,0.55912,0.464,0.87072,0.507,0.62624,0.393
366,,0.6616,0.318,0.5268,0.439,0.8384,0.457,0.55856,0.318
367,,0.59392,0.268,0.49448,0.414,0.80608,0.407,0.49088,0.243
368,,0.52624,0.218,0.46216,0.389,0.77376,0.357,0.4232,0.168
369,,0.45856,0.168,0.42984,0.364,0.74144,0.307,0.35552,0.093
370,,0.39088,0.118,0.39752,0.339,0.70912,0.257,0.28784,0.018
371,,0.3232,0.068,0.3652,0.314,0.6768,0.207,0.22016,-0.057
372,8,0.33752,0.093,0.41488,0.389,0.76248,0.282,0.27048,1.0
373,,0.26984,0.043,0.38256,0.364,0.73016,0.232,0.2028,0.925
374,,0.20216,-0.007,0.35024,0.339,0.69784,0.182,0.13512,0.85
375,2,0.19148,1.0,0.37492,0.389,0.75852,0.232,0.16044,0.85
376,,0.1238,0.95,0.3426,0.364,0.7262,0.182,0.09276,0.775
377,,0.05612,0.9,0.31028,0.339,0.69388,0.132,0.02508,0.7
378,,-0.01156,0.85,0.27796,0.314,0.66156,0.082,-0.0426,0.625
379,7,0.02076,0.893,0.34564,0.407,0.76424,0.175,1.0,0.668
380,,-0.04692,0.843,0.31332,0.382,0.73192,0.125,0.93232,0.593
381,1,1.0,0.85,0.346,0.439,0.7996,0.182,0.96464,0.6
382,,0.93232,0.8,0.31368,0.414,0.76728,0.132,0.89696,0.525
383,,0.86464,0.75,0.28136,0.389,0.73496,0.082,0.82928,0.45
384,,0.79696,0.7,0.24904,0.364,0.70264,0.032,0.7616,0.375
385,,0.72928,0.65,0.21672,0.339,0.67032,-0.018,0.69392,0.3
386,6,0.7686,0.7,0.2914,0.439,0.438,1.0,0.76924,0.35
387,,0.70092,0.65,0.25908,0.414,0.40568,0.95,0.70156,0.275
388,,0.63324,0.6,0.22676,0.389,0.37336,0.9,0.63388,0.2
389,,0.56556,0.55,0.19444,0.364,0.34104,0.85,0.5662,0.125
390,,0.49788,0.5,0.16212,0.339,0.30872,0.8,0.49852,0.05
391,,0.4302,0.45,0.1298,0.314,0.2764,0.75,0.43084,-0.025
392,8,0.44452,0.475,0.17948,0.389,0.36208,0.825,0.48116,1.0
393,,0.37684,0.425,0.14716,0.364,0.32976,0.775,0.41348,0.925
394,,0.30916,0.375,0.11484,0.339,0.29744,0.725,0.3458,0.85
395,,0.24148,0.325,0.08252,0.314,0.26512,0.675,0.27812,0.775
396,,0.1738,0.275,0.0502,0.289,0.2328,0.625,0.21044,0.7
397,,0.10612,0.225,0.01788,0.264,0.20048,0.575,0.14276,0.625
398,,0.03844,0.175,-0.01444,0.239,0.16816,0.525,0.07508,0.55
399,3,0.03576,0.182,1.0,0.296,0.23584,0.582,0.1074,0.557
400,,-0.03192,0.132,0.96768,0.271,0.20352,0.532,0.03972,0.482
401,1,1.0,0.139,1.0,0.328,0.2712,0.589,0.07204,0.489
402,,0.93232,0.089,0.96768,0.303,0.23888,0.539,0.00436,0.414
403,,0.86464,0.039,0.93536,0.278,0.20656,0.489,-0.06332,0.339
404,7,0.89696,0.082,1.0,0.371,0.30924,0.582,1.0,0.382
405,,0.82928,0.032,0.96768,0.346,0.27692,0.532,0.93232,0.307
406,,0.7616,-0.018,0.93536,0.321,0.2446,0.482,0.86464,0.232
407,2,0.75092,1.0,0.96004,0.371,0.30528,0.532,0.88996,0.232
408,,0.68324,0.95,0.92772,0.346,0.27296,0.482,0.82228,0.157
409,,0.61556,0.9,0.8954,0.321,0.24064,0.432,0.7546,0.082
410,,0.54788,0.85,0.86308,0.296,0.20832,0.382,0.68692,0.007
411,,0.4802,0.8,0.83076,0.271,0.176,0.332,0.61924,-0.068
412,8,0.49452,0.825,0.88044,0.346,0.26168,0.407,0.66956,1.0
413,,0.42684,0.775,0.84812,0.321,0.22936,0.357,0.60188,0.925
414,,0.35916,0.725,0.8158,0.296,0.19704,0.307,0.5342,0.85
415,,0.29148,0.675,0.78348,0.271,0.16472,0.257,0.46652,0.775
416,,0.2238,0.625,0.75116,0.246,0.1324,0.207,0.39884,0.7
417,,0.15612,0.575,0.71884,0.221,0.10008,0.157,0.33116,0.625
418,,0.08844,0.525,0.68652,0.196,0.06776,0.107,0.26348,0.55
419,,0.02076,0.475,0.6542,0.171,0.03544,0.057,0.1958,0.475
420,,-0.04692,0.425,0.62188,0.146,0.00312,0.007,0.12812,0.4
421,1,1.0,0.432,0.65456,0.203,0.0708,0.064,0.16044,0.407
422,,0.93232,0.382,0.62224,0.178,0.03848,0.014,0.09276,0.332
423,,0.86464,0.332,0.58992,0.153,0.00616,-0.036,0.02508,0.257
424,6,0.90396,0.382,0.6646,0.253,-0.22616,1.0,0.1004,0.307
425,5,0.93628,0.425,0.73228,0.346,1.0,0.75,0.16772,0.35
426,,0.8686,0.375,0.69996,0.321,0.96768,0.7,0.10004,0.275
427,,0.80092,0.325,0.66764,0.296,0.93536,0.65,0.03236,0.2
428,,0.73324,0.275,0.63532,0.271,0.90304,0.6,-0.03532,0.125
429,7,0.76556,0.318,0.703,0.364,1.0,0.693,1.0,0.168
430,,0.69788,0.268,0.67068,0.339,0.96768,0.643,0.93232,0.093
431,,0.6302,0.218,0.63836,0.314,0.93536,0.593,0.86464,0.018
432,,0.56252,0.168,0.60604,0.289,0.90304,0.543,0.79696,-0.057
433,8,0.57684,0.193,0.65572,0.364,0.98872,0.618,0.84728,1.0
434,,0.50916,0.143,0.6234,0.339,0.9564,0.568,0.7796,0.925
435,,0.44148,0.093,0.59108,0.314,0.92408,0.518,0.71192,0.85
436,,0.3738,0.043,0.55876,0.289,0.89176,0.468,0.64424,0.775
437,,0.30612,-0.007,0.52644,0.264,0.85944,0.418,0.57656,0.7
438,2,0.29544,1.0,0.55112,0.314,0.92012,0.468,0.60188,0.7
439,,0.22776,0.95,0.5188,0.289,0.8878,0.418,0.5342,0.625
440,,0.16008,0.9,0.48648,0.264,0.85548,0.368,0.46652,0.55
441,,0.0924,0.85,0.45416,0.239,0.82316,0.318,0.39884,0.475
442,,0.02472,0.8,0.42184,0.214,0.79084,0.268,0.33116,0.4
443,,-0.04296,0.75,0.38952,0.189,0.75852,0.218,0.26348,0.325
444,1,1.0,0.757,0.4222,0.246,0.8262,0.275,0.2958,0.332
445,,0.93232,0.707,0.38988,0.221,0.79388,0.225,0.22812,0.257
446,,0.86464,0.657,0.35756,0.196,0.76156,0.175,0.16044,0.182
447,,0.79696,0.607,0.32524,0.171,0.72924,0.125,0.09276,0.107
448,,0.72928,0.557,0.29292,0.146,0.69692,0.075,0.02508,0.032
449,,0.6616,0.507,0.2606,0.121,0.6646,0.025,-0.0426,-0.043
450,8,0.67592,0.532,0.31028,0.196,0.75028,0.1,0.00772,1.0
451,,0.60824,0.482,0.27796,0.171,0.71796,0.05,-0.05996,0.925
452,7,0.64056,0.525,0.34564,0.264,0.82064,0.143,1.0,0.968
453,,0.57288,0.475,0.31332,0.239,0.78832,0.093,0.93232,0.893
454,,0.5052,0.425,0.281,0.214,0.756,0.043,0.86464,0.818
455,,0.43752,0.375,0.24868,0.189,0.72368,-0.007,0.79696,0.743
456,6,0.47684,0.425,0.32336,0.289,0.49136,1.0,0.87228,0.793
457,,0.40916,0.375,0.29104,0.264,0.45904,0.95,0.8046,0.718
458,,0.34148,0.325,0.25872,0.239,0.42672,0.9,0.73692,0.643
459,,0.2738,0.275,0.2264,0.214,0.3944,0.85,0.66924,0.568
460,,0.20612,0.225,0.19408,0.189,0.36208,0.8,0.60156,0.493
461,,0.13844,0.175,0.16176,0.164,0.32976,0.75,0.53388,0.418
462,,0.07076,0.125,0.12944,0.139,0.29744,0.7,0.4662,0.343
463,,0.00308,0.075,0.09712,0.114,0.26512,0.65,0.39852,0.268
464,,-0.0646,0.025,0.0648,0.089,0.2328,0.6,0.33084,0.193
465,1,1.0,0.032,0.09748,0.146,0.30048,0.657,0.36316,0.2
466,,0.93232,-0.018,0.06516,0.121,0.26816,0.607,0.29548,0.125
467,2,0.92164,1.0,0.08984,0.171,0.32884,0.657,0.3208,0.125
468,,0.85396,0.95,0.05752,0.146,0.29652,0.607,0.25312,0.05
469,,0.78628,0.9,0.0252,0.121,0.2642,0.557,0.18544,-0.025
470,8,0.8006,0.925,0.07488,0.196,0.34988,0.632,0.23576,1.0
471,,0.73292,0.875,0.04256,0.171,0.31756,0.582,0.16808,0.925
472,,0.66524,0.825,0.01024,0.146,0.28524,0.532,0.1004,0.85
473,,0.59756,0.775,-0.02208,0.121,0.25292,0.482,0.03272,0.775
474,3,0.59488,0.782,1.0,0.178,0.3206,0.539,0.06504,0.782
475,,0.5272,0.732,0.96768,0.153,0.28828,0.489,-0.00264,0.707
476,7,0.55952,0.775,1.0,0.246,0.39096,0.582,1.0,0.75
477,,0.49184,0.725,0.96768,0.221,0.35864,0.532,0.93232,0.675
478,,0.42416,0.675,0.93536,0.196,0.32632,0.482,0.86464,0.6
479,,0.35648,0.625,0.90304,0.171,0.294,0.432,0.79696,0.525
480,,0.2888,0.575,0.87072,0.146,0.26168,0.382,0.72928,0.45
481,,0.22112,0.525,0.8384,0.121,0.22936,0.332,0.6616,0.375
482,,0.15344,0.475,0.80608,0.096,0.19704,0.282,0.59392,0.3
483,,0.08576,0.425,0.77376,0.071,0.16472,0.232,0.52624,0.225
484,,0.01808,0.375,0.74144,0.046,0.1324,0.182,0.45856,0.15
485,,-0.0496,0.325,0.70912,0.021,0.10008,0.132,0.39088,0.075
486,1,1.0,0.332,0.7418,0.078,0.16776,0.189,0.4232,0.082
487,,0.93232,0.282,0.70948,0.053,0.13544,0.139,0.35552,0.007
488,,0.86464,0.232,0.67716,0.028,0.10312,0.089,0.28784,-0.068
489,8,0.87896,0.257,0.72684,0.103,0.1888,0.164,0.33816,1.0
490,,0.81128,0.207,0.69452,0.078,0.15648,0.114,0.27048,0.925
491,,0.7436,0.157,0.6622,0.053,0.12416,0.064,0.2028,0.85
492,,0.67592,0.107,0.62988,0.028,0.09184,0.014,0.13512,0.775
493,,0.60824,0.057,0.59756,0.003,0.05952,-0.036,0.06744,0.7
494,6,0.64756,0.107,0.67224,0.103,-0.1728,1.0,0.14276,0.75
495,5,0.67988,0.15,0.73992,0.196,1.0,0.75,0.21008,0.793
496,,0.6122,0.1,0.7076,0.171,0.96768,0.7,0.1424,0.718
497,,0.54452,0.05,0.67528,0.146,0.93536,0.65,0.07472,0.643
498,,0.47684,0.0,0.64296,0.121,0.90304,0.6,0.00704,0.568
499,,0.40916,-0.05,0.61064,0.096,0.87072,0.55,-0.06064,0.493
500,7,0.44148,-0.007,0.67832,0.189,0.9734,0.643,1.0,0.536
501,2,0.4308,1.0,0.703,0.239,1.0,0.693,1.0,0.536
502,,0.36312,0.95,0.67068,0.214,0.96768,0.643,0.93232,0.461
503,,0.29544,0.9,0.63836,0.189,0.93536,0.593,0.86464,0.386
504,,0.22776,0.85,0.60604,0.164,0.90304,0.543,0.79696,0.311
505,,0.16008,0.8,0.57372,0.139,0.87072,0.493,0.72928,0.236
506,,0.0924,0.75,0.5414,0.114,0.8384,0.443,0.6616,0.161
507,,0.02472,0.7,0.50908,0.089,0.80608,0.393,0.59392,0.086
508,,-0.04296,0.65,0.47676,0.064,0.77376,0.343,0.52624,0.011
509,1,1.0,0.657,0.50944,0.121,0.84144,0.4,0.55856,0.018
510,,0.93232,0.607,0.47712,0.096,0.80912,0.35,0.49088,-0.057
511,8,0.94664,0.632,0.5268,0.171,0.8948,0.425,0.5412,1.0
512,,0.87896,0.582,0.49448,0.146,0.86248,0.375,0.47352,0.925
513,,0.81128,0.532,0.46216,0.121,0.83016,0.325,0.40584,0.85
514,,0.7436,0.482,0.42984,0.096,0.79784,0.275,0.33816,0.775
515,,0.67592,0.432,0.39752,0.071,0.76552,0.225,0.27048,0.7
516,,0.60824,0.382,0.3652,0.046,0.7332,0.175,0.2028,0.625
517,,0.54056,0.332,0.33288,0.021,0.70088,0.125,0.13512,0.55
518,,0.47288,0.282,0.30056,-0.004,0.66856,0.075,0.06744,0.475
519,4,0.4872,0.307,0.35024,1.0,0.75424,0.15,0.11776,0.5
520,,0.41952,0.257,0.31792,0.975,0.72192,0.1,0.05008,0.425
521,,0.35184,0.207,0.2856,0.95,0.6896,0.05,-0.0176,0.35
522,7,0.38416,0.25,0.35328,1.0,0.79228,0.143,1.0,0.393
523,,0.31648,0.2,0.32096,0.975,0.75996,0.093,0.93232,0.318
524,,0.2488,0.15,0.28864,0.95,0.72764,0.043,0.86464,0.243
525,,0.18112,0.1,0.25632,0.925,0.69532,-0.007,0.79696,0.168
526,6,0.22044,0.15,0.331,1.0,0.463,1.0,0.87228,0.218
527,,0.15276,0.1,0.29868,0.975,0.43068,0.95,0.8046,0.143
528,,0.08508,0.05,0.26636,0.95,0.39836,0.9,0.73692,0.068
529,,0.0174,0.0,0.23404,0.925,0.36604,0.85,0.66924,-0.007
530,8,0.03172,0.025,0.28372,1.0,0.45172,0.925,0.71956,1.0
531,,-0.03596,-0.025,0.2514,0.975,0.4194,0.875,0.65188,0.925
532,1,1.0,-0.018,0.28408,1.0,0.48708,0.932,0.6842,0.932
533,2,0.98932,1.0,0.30876,1.0,0.54776,0.982,0.70952,0.932
534,,0.92164,0.95,0.27644,0.975,0.51544,0.932,0.64184,0.857
535,,0.85396,0.9,0.24412,0.95,0.48312,0.882,0.57416,0.782
536,,0.78628,0.85,0.2118,0.925,0.4508,0.832,0.50648,0.707
537,,0.7186,0.8,0.17948,0.9,0.41848,0.782,0.4388,0.632
538,,0.65092,0.75,0.14716,0.875,0.38616,0.732,0.37112,0.557
539,,0.58324,0.7,0.11484,0.85,0.35384,0.682,0.30344,0.482
540,,0.51556,0.65,0.08252,0.825,0.32152,0.632,0.23576,0.407
541,,0.44788,0.6,0.0502,0.8,0.2892,0.582,0.16808,0.332
542,,0.3802,0.55,0.01788,0.775,0.25688,0.532,0.1004,0.257
543,,0.31252,0.5,-0.01444,0.75,0.22456,0.482,0.03272,0.182
544,3,0.30984,0.507,1.0,0.807,0.29224,0.539,0.06504,0.189
545,,0.24216,0.457,0.96768,0.782,0.25992,0.489,-0.00264,0.114
546,7,0.27448,0.5,1.0,0.875,0.3626,0.582,1.0,0.157
547,,0.2068,0.45,0.96768,0.85,0.33028,0.532,0.93232,0.082
548,,0.13912,0.4,0.93536,0.825,0.29796,0.482,0.86464,0.007
549,,0.07144,0.35,0.90304,0.8,0.26564,0.432,0.79696,-0.068
550,8,0.08576,0.375,0.95272,0.875,0.35132,0.507,0.84728,1.0
551,,0.01808,0.325,0.9204,0.85,0.319,0.457,0.7796,0.925
552,,-0.0496,0.275,0.88808,0.825,0.28668,0.407,0.71192,0.85
553,1,1.0,0.282,0.92076,0.882,0.35436,0.464,0.74424,0.857
554,,0.93232,0.232,0.88844,0.857,0.32204,0.414,0.67656,0.782
555,,0.86464,0.182,0.85612,0.832,0.28972,0.364,0.60888,0.707
556,,0.79696,0.132,0.8238,0.807,0.2574,0.314,0.5412,0.632
557,,0.72928,0.082,0.79148,0.782,0.22508,0.264,0.47352,0.557
558,,0.6616,0.032,0.75916,0.757,0.19276,0.214,0.40584,0.482
559,,0.59392,-0.018,0.72684,0.732,0.16044,0.164,0.33816,0.407
560,2,0.58324,1.0,0.75152,0.782,0.22112,0.214,0.36348,0.407
561,,0.51556,0.95,0.7192,0.757,0.1888,0.164,0.2958,0.332
562,,0.44788,0.9,0.68688,0.732,0.15648,0.114,0.22812,0.257
563,,0.3802,0.85,0.65456,0.707,0.12416,0.064,0.16044,0.182
564,,0.31252,0.8,0.62224,0.682,0.09184,0.014,0.09276,0.107
565,,0.24484,0.75,0.58992,0.657,0.05952,-0.036,0.02508,0.032
566,6,0.28416,0.8,0.6646,0.757,-0.1728,1.0,0.1004,0.082
567,5,0.31648,0.843,0.73228,0.85,1.0,0.75,0.16772,0.125
568,,0.2488,0.793,0.69996,0.825,0.96768,0.7,0.10004,0.05
569,,0.18112,0.743,0.66764,0.8,0.93536,0.65,0.03236,-0.025
570,8,0.19544,0.768,0.71732,0.875,1.0,0.725,0.08268,1.0
571,,0.12776,0.718,0.685,0.85,0.96768,0.675,0.015,0.925
572,,0.06008,0.668,0.65268,0.825,0.93536,0.625,-0.05268,0.85
573,7,0.0924,0.711,0.72036,0.918,1.0,0.718,1.0,0.893
574,,0.02472,0.661,0.68804,0.893,0.96768,0.668,0.93232,0.818
575,,-0.04296,0.611,0.65572,0.868,0.93536,0.618,0.86464,0.743
576,1,1.0,0.618,0.6884,0.925,1.0,0.675,0.89696,0.75
577,,0.93232,0.568,0.65608,0.9,0.96768,0.625,0.82928,0.675
578,,0.86464,0.518,0.62376,0.875,0.93536,0.575,0.7616,0.6
579,,0.79696,0.468,0.59144,0.85,0.90304,0.525,0.69392,0.525
580,,0.72928,0.418,0.55912,0.825,0.87072,0.475,0.62624,0.45
581,,0.6616,0.368,0.5268,0.8,0.8384,0.425,0.55856,0.375
582,,0.59392,0.318,0.49448,0.775,0.80608,0.375,0.49088,0.3
583,,0.52624,0.268,0.46216,0.75,0.77376,0.325,0.4232,0.225
584,,0.45856,0.218,0.42984,0.725,0.74144,0.275,0.35552,0.15
585,,0.39088,0.168,0.39752,0.7,0.70912,0.225,0.28784,0.075
586,,0.3232,0.118,0.3652,0.675,0.6768,0.175,0.22016,-0.0
587,,0.25552,0.068,0.33288,0.65,0.64448,0.125,0.15248,-0.075
588,8,0.26984,0.093,0.38256,0.725,0.73016,0.2,0.2028,1.0
589,,0.20216,0.043,0.35024,0.7,0.69784,0.15,0.13512,0.925
590,,0.13448,-0.007,0.31792,0.675,0.66552,0.1,0.06744,0.85
591,2,0.1238,1.0,0.3426,0.725,0.7262,0.15,0.09276,0.85
592,,0.05612,0.95,0.31028,0.7,0.69388,0.1,0.02508,0.775
593,,-0.01156,0.9,0.27796,0.675,0.66156,0.05,-0.0426,0.7
594,7,0.02076,0.943,0.34564,0.768,0.76424,0.143,1.0,0.743
595,,-0.04692,0.893,0.31332,0.743,0.73192,0.093,0.93232,0.668
596,1,1.0,0.9,0.346,0.8,0.7996,0.15,0.96464,0.675
597,,0.93232,0.85,0.31368,0.775,0.76728,0.1,0.89696,0.6
598,,0.86464,0.8,0.28136,0.75,0.73496,0.05,0.82928,0.525
599,,0.79696,0.75,0.24904,0.725,0.70264,0.0,0.7616,0.45
600,,0.72928,0.7,0.21672,0.7,0.67032,-0.05,0.69392,0.375
601,6,0.7686,0.75,0.2914,0.8,0.438,1.0,0.76924,0.425
602,,0.70092,0.7,0.25908,0.775,0.40568,0.95,0.70156,0.35
603,,0.63324,0.65,0.22676,0.75,0.37336,0.9,0.63388,0.275
604,,0.56556,0.6,0.19444,0.725,0.34104,0.85,0.5662,0.2
605,,0.49788,0.55,0.16212,0.7,0.30872,0.8,0.49852,0.125
606,,0.4302,0.5,0.1298,0.675,0.2764,0.75,0.43084,0.05
607,,0.36252,0.45,0.09748,0.65,0.24408,0.7,0.36316,-0.025
608,8,0.37684,0.475,0.14716,0.725,0.32976,0.775,0.41348,1.0
609,,0.30916,0.425,0.11484,0.7,0.29744,0.725,0.3458,0.925
610,,0.24148,0.375,0.08252,0.675,0.26512,0.675,0.27812,0.85
611,,0.1738,0.325,0.0502,0.65,0.2328,0.625,0.21044,0.775
612,,0.10612,0.275,0.01788,0.625,0.20048,0.575,0.14276,0.7
613,,0.03844,0.225,-0.01444,0.6,0.16816,0.525,0.07508,0.625
614,3,0.03576,0.232,1.0,0.657,0.23584,0.582,0.1074,0.632
615,,-0.03192,0.182,0.96768,0.632,0.20352,0.532,0.03972,0.557
616,1,1.0,0.189,1.0,0.689,0.2712,0.589,0.07204,0.564
617,,0.93232,0.139,0.96768,0.664,0.23888,0.539,0.00436,0.489
618,,0.86464,0.089,0.93536,0.639,0.20656,0.489,-0.06332,0.414
619,7,0.89696,0.132,1.0,0.732,0.30924,0.582,1.0,0.457
620,,0.82928,0.082,0.96768,0.707,0.27692,0.532,0.93232,0.382
621,,0.7616,0.032,0.93536,0.682,0.2446,0.482,0.86464,0.307
622,,0.69392,-0.018,0.90304,0.657,0.21228,0.432,0.79696,0.232
623,2,0.68324,1.0,0.92772,0.707,0.27296,0.482,0.82228,0.232
624,,0.61556,0.95,0.8954,0.682,0.24064,0.432,0.7546,0.157
625,,0.54788,0.9,0.86308,0.657,0.20832,0.382,0.68692,0.082
626,,0.4802,0.85,0.83076,0.632,0.176,0.332,0.61924,0.007
627,,0.41252,0.8,0.79844,0.607,0.14368,0.282,0.55156,-0.068
628,8,0.42684,0.825,0.84812,0.682,0.22936,0.357,0.60188,1.0
629,,0.35916,0.775,0.8158,0.657,0.19704,0.307,0.5342,0.925
630,,0.29148,0.725,0.78348,0.632,0.16472,0.257,0.46652,0.85
631,,0.2238,0.675,0.75116,0.607,0.1324,0.207,0.39884,0.775
632,,0.15612,0.625,0.71884,0.582,0.10008,0.157,0.33116,0.7
633,,0.08844,0.575,0.68652,0.557,0.06776,0.107,0.26348,0.625
634,,0.02076,0.525,0.6542,0.532,0.03544,0.057,0.1958,0.55
635,,-0.04692,0.475,0.62188,0.507,0.00312,0.007,0.12812,0.475
636,1,1.0,0.482,0.65456,0.564,0.0708,0.064,0.16044,0.482
637,,0.93232,0.432,0.62224,0.539,0.03848,0.014,0.09276,0.407
638,,0.86464,0.382,0.58992,0.514,0.00616,-0.036,0.02508,0.332
639,6,0.90396,0.432,0.6646,0.614,-0.22616,1.0,0.1004,0.382
640,5,0.93628,0.475,0.73228,0.707,1.0,0.75,0.16772,0.425
641,,0.8686,0.425,0.69996,0.682,0.96768,0.7,0.10004,0.35
642,,0.80092,0.375,0.66764,0.657,0.93536,0.65,0.03236,0.275
643,,0.73324,0.325,0.63532,0.632,0.90304,0.6,-0.03532,0.2
644,7,0.76556,0.368,0.703,0.725,1.0,0.693,1.0,0.243
645,,0.69788,0.318,0.67068,0.7,0.96768,0.643,0.93232,0.168
646,,0.6302,0.268,0.63836,0.675,0.93536,0.593,0.86464,0.093
647,,0.56252,0.218,0.60604,0.65,0.90304,0.543,0.79696,0.018
648,,0.49484,0.168,0.57372,0.625,0.87072,0.493,0.72928,-0.057
649,8,0.50916,0.193,0.6234,0.7,0.9564,0.568,0.7796,1.0
650,,0.44148,0.143,0.59108,0.675,0.92408,0.518,0.71192,0.925
651,,0.3738,0.093,0.55876,0.65,0.89176,0.468,0.64424,0.85
652,,0.30612,0.043,0.52644,0.625,0.85944,0.418,0.57656,0.775
653,,0.23844,-0.007,0.49412,0.6,0.82712,0.368,0.50888,0.7
654,2,0.22776,1.0,0.5188,0.65,0.8878,0.418,0.5342,0.7
655,,0.16008,0.95,0.48648,0.625,0.85548,0.368,0.46652,0.625
656,,0.0924,0.9,0.45416,0.6,0.82316,0.318,0.39884,0.55
657,,0.02472,0.85,0.42184,0.575,0.79084,0.268,0.33116,0.475
658,,-0.04296,0.8,0.38952,0.55,0.75852,0.218,0.26348,0.4
659,1,1.0,0.807,0.4222,0.607,0.8262,0.275,0.2958,0.407
660,,0.93232,0.757,0.38988,0.582,0.79388,0.225,0.22812,0.332
661,,0.86464,0.707,0.35756,0.557,0.76156,0.175,0.16044,0.257
662,,0.79696,0.657,0.32524,0.532,0.72924,0.125,0.09276,0.182
663,,0.72928,0.607,0.29292,0.507,0.69692,0.075,0.02508,0.107
664,,0.6616,0.557,0.2606,0.482,0.6646,0.025,-0.0426,0.032
665,7,0.69392,0.6,0.32828,0.575,0.76728,0.118,1.0,0.075
666,,0.62624,0.55,0.29596,0.55,0.73496,0.068,0.93232,-0.0
667,,0.55856,0.5,0.26364,0.525,0.70264,0.018,0.86464,-0.075
668,8,0.57288,0.525,0.31332,0.6,0.78832,0.093,0.91496,1.0
669,,0.5052,0.475,0.281,0.575,0.756,0.043,0.84728,0.925
670,,0.43752,0.425,0.24868,0.55,0.72368,-0.007,0.7796,0.85
671,6,0.47684,0.475,0.32336,0.65,0.49136,1.0,0.85492,0.9
672,,0.40916,0.425,0.29104,0.625,0.45904,0.95,0.78724,0.825
673,,0.34148,0.375,0.25872,0.6,0.42672,0.9,0.71956,0.75
674,,0.2738,0.325,0.2264,0.575,0.3944,0.85,0.65188,0.675
675,,0.20612,0.275,0.19408,0.55,0.36208,0.8,0.5842,0.6
676,,0.13844,0.225,0.16176,0.525,0.32976,0.75,0.51652,0.525
677,,0.07076,0.175,0.12944,0.5,0.29744,0.7,0.44884,0.45
678,,0.00308,0.125,0.09712,0.475,0.26512,0.65,0.38116,0.375
679,,-0.0646,0.075,0.0648,0.45,0.2328,0.6,0.31348,0.3
680,1,1.0,0.082,0.09748,0.507,0.30048,0.657,0.3458,0.307
681,,0.93232,0.032,0.06516,0.482,0.26816,0.607,0.27812,0.232
682,,0.86464,-0.018,0.03284,0.457,0.23584,0.557,0.21044,0.157
683,2,0.85396,1.0,0.05752,0.507,0.29652,0.607,0.23576,0.157
684,,0.78628,0.95,0.0252,0.482,0.2642,0.557,0.16808,0.082
685,,0.7186,0.9,-0.00712,0.457,0.23188,0.507,0.1004,0.007
686,3,0.71592,0.907,1.0,0.514,0.29956,0.564,0.13272,0.014
687,,0.64824,0.857,0.96768,0.489,0.26724,0.514,0.06504,-0.061
688,8,0.66256,0.882,1.0,0.564,0.35292,0.589,0.11536,1.0
689,,0.59488,0.832,0.96768,0.539,0.3206,0.539,0.04768,0.925
690,,0.5272,0.782,0.93536,0.514,0.28828,0.489,-0.02,0.85
691,7,0.55952,0.825,1.0,0.607,0.39096,0.582,1.0,0.893
692,,0.49184,0.775,0.96768,0.582,0.35864,0.532,0.93232,0.818
693,,0.42416,0.725,0.93536,0.557,0.32632,0.482,0.86464,0.743
694,,0.35648,0.675,0.90304,0.532,0.294,0.432,0.79696,0.668
695,,0.2888,0.625,0.87072,0.507,0.26168,0.382,0.72928,0.593
696,,0.22112,0.575,0.8384,0.482,0.22936,0.332,0.6616,0.518
697,,0.15344,0.525,0.80608,0.457,0.19704,0.282,0.59392,0.443
698,,0.08576,0.475,0.77376,0.432,0.16472,0.232,0.52624,0.368
699,,0.01808,0.425,0.74144,0.407,0.1324,0.182,0.45856,0.293
700,,-0.0496,0.375,0.70912,0.382,0.10008,0.132,0.39088,0.218
701,1,1.0,0.382,0.7418,0.439,0.16776,0.189,0.4232,0.225
702,,0.93232,0.332,0.70948,0.414,0.13544,0.139,0.35552,0.15
703,,0.86464,0.282,0.67716,0.389,0.10312,0.089,0.28784,0.075
704,,0.79696,0.232,0.64484,0.364,0.0708,0.039,0.22016,-0.0
705,,0.72928,0.182,0.61252,0.339,0.03848,-0.011,0.15248,-0.075
706,8,0.7436,0.207,0.6622,0.414,0.12416,0.064,0.2028,1.0
707,,0.67592,0.157,0.62988,0.389,0.09184,0.014,0.13512,0.925
708,,0.60824,0.107,0.59756,0.364,0.05952,-0.036,0.06744,0.85
709,6,0.64756,0.157,0.67224,0.464,-0.1728,1.0,0.14276,0.9
710,5,0.67988,0.2,0.73992,0.557,1.0,0.75,0.21008,0.943
711,,0.6122,0.15,0.7076,0.532,0.96768,0.7,0.1424,0.868
712,,0.54452,0.1,0.67528,0.507,0.93536,0.65,0.07472,0.793
713,,0.47684,0.05,0.64296,0.482,0.90304,0.6,0.00704,0.718
714,,0.40916,0.0,0.61064,0.457,0.87072,0.55,-0.06064,0.643
715,7,0.44148,0.043,0.67832,0.55,0.9734,0.643,1.0,0.686
716,,0.3738,-0.007,0.646,0.525,0.94108,0.593,0.93232,0.611
717,2,0.36312,1.0,0.67068,0.575,1.0,0.643,0.95764,0.611
718,,0.29544,0.95,0.63836,0.55,0.96768,0.593,0.88996,0.536
719,,0.22776,0.9,0.60604,0.525,0.93536,0.543,0.82228,0.461
720,,0.16008,0.85,0.57372,0.5,0.90304,0.493,0.7546,0.386
721,,0.0924,0.8,0.5414,0.475,0.87072,0.443,0.68692,0.311
722,,0.02472,0.75,0.50908,0.45,0.8384,0.393,0.61924,0.236
723,,-0.04296,0.7,0.47676,0.425,0.80608,0.343,0.55156,0.161
724,1,1.0,0.707,0.50944,0.482,0.87376,0.4,0.58388,0.168
725,,0.93232,0.657,0.47712,0.457,0.84144,0.35,0.5162,0.093
726,,0.86464,0.607,0.4448,0.432,0.80912,0.3,0.44852,0.018
727,,0.79696,0.557,0.41248,0.407,0.7768,0.25,0.38084,-0.057
728,8,0.81128,0.582,0.46216,0.482,0.86248,0.325,0.43116,1.0
729,,0.7436,0.532,0.42984,0.457,0.83016,0.275,0.36348,0.925
730,,0.67592,0.482,0.39752,0.432,0.79784,0.225,0.2958,0.85
731,,0.60824,0.432,0.3652,0.407,0.76552,0.175,0.22812,0.775
732,,0.54056,0.382,0.33288,0.382,0.7332,0.125,0.16044,0.7
733,,0.47288,0.332,0.30056,0.357,0.70088,0.075,0.09276,0.625
734,,0.4052,0.282,0.26824,0.332,0.66856,0.025,0.02508,0.55
735,,0.33752,0.232,0.23592,0.307,0.63624,-0.025,-0.0426,0.475
736,7,0.36984,0.275,0.3036,0.4,0.73892,0.068,1.0,0.518
737,,0.30216,0.225,0.27128,0.375,0.7066,0.018,0.93232,0.443
738,,0.23448,0.175,0.23896,0.35,0.67428,-0.032,0.86464,0.368
739,6,0.2738,0.225,0.31364,0.45,0.44196,1.0,0.93996,0.418
740,,0.20612,0.175,0.28132,0.425,0.40964,0.95,0.87228,0.343
741,,0.13844,0.125,0.249,0.4,0.37732,0.9,0.8046,0.268
742,,0.07076,0.075,0.21668,0.375,0.345,0.85,0.73692,0.193
743,,0.00308,0.025,0.18436,0.35,0.31268,0.8,0.66924,0.118
744,,-0.0646,-0.025,0.15204,0.325,0.28036,0.75,0.60156,0.043
745,1,1.0,-0.018,0.18472,0.382,0.34804,0.807,0.63388,0.05
746,2,0.98932,1.0,0.2094,0.432,0.40872,0.857,0.6592,0.05
747,,0.92164,0.95,0.17708,0.407,0.3764,0.807,0.59152,-0.025
748,8,0.93596,0.975,0.22676,0.482,0.46208,0.882,0.64184,1.0
749,,0.86828,0.925,0.19444,0.457,0.42976,0.832,0.57416,0.925
750,,0.8006,0.875,0.16212,0.432,0.39744,0.782,0.50648,0.85
751,,0.73292,0.825,0.1298,0.407,0.36512,0.732,0.4388,0.775
752,,0.66524,0.775,0.09748,0.382,0.3328,0.682,0.37112,0.7
753,,0.59756,0.725,0.06516,0.357,0.30048,0.632,0.30344,0.625
754,,0.52988,0.675,0.03284,0.332,0.26816,0.582,0.23576,0.55
755,,0.4622,0.625,0.00052,0.307,0.23584,0.532,0.16808,0.475
756,,0.39452,0.575,-0.0318,0.282,0.20352,0.482,0.1004,0.4
757,3,0.39184,0.582,1.0,0.339,0.2712,0.539,0.13272,0.407
758,,0.32416,0.532,0.96768,0.314,0.23888,0.489,0.06504,0.332
759,,0.25648,0.482,0.93536,0.289,0.20656,0.439,-0.00264,0.257
760,7,0.2888,0.525,1.0,0.382,0.30924,0.532,1.0,0.3
761,,0.22112,0.475,0.96768,0.357,0.27692,0.482,0.93232,0.225
762,,0.15344,0.425,0.93536,0.332,0.2446,0.432,0.86464,0.15
763,,0.08576,0.375,0.90304,0.307,0.21228,0.382,0.79696,0.075
764,,0.01808,0.325,0.87072,0.282,0.17996,0.332,0.72928,-0.0
765,,-0.0496,0.275,0.8384,0.257,0.14764,0.282,0.6616,-0.075
766,8,-0.03528,0.3,0.88808,0.332,0.23332,0.357,0.71192,1.0
767,1,1.0,0.307,0.92076,0.389,0.301,0.414,0.74424,1.0
768,,0.93232,0.257,0.88844,0.364,0.26868,0.364,0.67656,0.925
769,,0.86464,0.207,0.85612,0.339,0.23636,0.314,0.60888,0.85
770,,0.79696,0.157,0.8238,0.314,0.20404,0.264,0.5412,0.775
771,,0.72928,0.107,0.79148,0.289,0.17172,0.214,0.47352,0.7
772,,0.6616,0.057,0.75916,0.264,0.1394,0.164,0.40584,0.625
773,,0.59392,0.007,0.72684,0.239,0.10708,0.114,0.33816,0.55
774,,0.52624,-0.043,0.69452,0.214,0.07476,0.064,0.27048,0.475
775,2,0.51556,1.0,0.7192,0.264,0.13544,0.114,0.2958,0.475
776,,0.44788,0.95,0.68688,0.239,0.10312,0.064,0.22812,0.4
777,,0.3802,0.9,0.65456,0.214,0.0708,0.014,0.16044,0.325
778,,0.31252,0.85,0.62224,0.189,0.03848,-0.036,0.09276,0.25
779,6,0.35184,0.9,0.69692,0.289,-0.19384,1.0,0.16808,0.3
780,5,0.38416,0.943,0.7646,0.382,1.0,0.75,0.2354,0.343
781,,0.31648,0.893,0.73228,0.357,0.96768,0.7,0.16772,0.268
782,,0.2488,0.843,0.69996,0.332,0.93536,0.65,0.10004,0.193
783,,0.18112,0.793,0.66764,0.307,0.90304,0.6,0.03236,0.118
784,,0.11344,0.743,0.63532,0.282,0.87072,0.55,-0.03532,0.043
785,7,0.14576,0.786,0.703,0.375,0.9734,0.643,1.0,0.086
786,,0.07808,0.736,0.67068,0.35,0.94108,0.593,0.93232,0.011
787,,0.0104,0.686,0.63836,0.325,0.90876,0.543,0.86464,-0.064
788,8,0.02472,0.711,0.68804,0.4,0.99444,0.618,0.91496,1.0
789,,-0.04296,0.661,0.65572,0.375,0.96212,0.568,0.84728,0.925
790,1,1.0,0.668,0.6884,0.432,1.0,0.625,0.8796,0.932
791,,0.93232,0.618,0.65608,0.407,0.96768,0.575,0.81192,0.857
792,,0.86464,0.568,0.62376,0.382,0.93536,0.525,0.74424,0.782
793,,0.79696,0.518,0.59144,0.357,0.90304,0.475,0.67656,0.707
794,,0.72928,0.468,0.55912,0.332,0.87072,0.425,0.60888,0.632
795,,0.6616,0.418,0.5268,0.307,0.8384,0.375,0.5412,0.557
796,,0.59392,0.368,0.49448,0.282,0.80608,0.325,0.47352,0.482
797,,0.52624,0.318,0.46216,0.257,0.77376,0.275,0.40584,0.407
798,,0.45856,0.268,0.42984,0.232,0.74144,0.225,0.33816,0.332
799,,0.39088,0.218,0.39752,0.207,0.70912,0.175,0.27048,0.257
800,,0.3232,0.168,0.3652,0.182,0.6768,0.125,0.2028,0.182
801,,0.25552,0.118,0.33288,0.157,0.64448,0.075,0.13512,0.107
802,,0.18784,0.068,0.30056,0.132,0.61216,0.025,0.06744,0.032
803,,0.12016,0.018,0.26824,0.107,0.57984,-0.025,-0.00024,-0.043
804,8,0.13448,0.043,0.31792,0.182,0.66552,0.05,0.05008,1.0
805,,0.0668,-0.007,0.2856,0.157,0.6332,0.0,-0.0176,0.925
806,7,0.09912,0.036,0.35328,0.25,0.73588,0.093,1.0,0.968
807,,0.03144,-0.014,0.32096,0.225,0.70356,0.043,0.93232,0.893
808,2,0.02076,1.0,0.34564,0.275,0.76424,0.093,0.95764,0.893
809,,-0.04692,0.95,0.31332,0.25,0.73192,0.043,0.88996,0.818
810,1,1.0,0.957,0.346,0.307,0.7996,0.1,0.92228,0.825
811,,0.93232,0.907,0.31368,0.282,0.76728,0.05,0.8546,0.75
812,,0.86464,0.857,0.28136,0.257,0.73496,0.0,0.78692,0.675
813,,0.79696,0.807,0.24904,0.232,0.70264,-0.05,0.71924,0.6
814,6,0.83628,0.857,0.32372,0.332,0.47032,1.0,0.79456,0.65
815,,0.7686,0.807,0.2914,0.307,0.438,0.95,0.72688,0.575
816,,0.70092,0.757,0.25908,0.282,0.40568,0.9,0.6592,0.5
817,,0.63324,0.707,0.22676,0.257,0.37336,0.85,0.59152,0.425
818,,0.56556,0.657,0.19444,0.232,0.34104,0.8,0.52384,0.35
819,,0.49788,0.607,0.16212,0.207,0.30872,0.75,0.45616,0.275
820,,0.4302,0.557,0.1298,0.182,0.2764,0.7,0.38848,0.2
821,,0.36252,0.507,0.09748,0.157,0.24408,0.65,0.3208,0.125
822,,0.29484,0.457,0.06516,0.132,0.21176,0.6,0.25312,0.05
823,,0.22716,0.407,0.03284,0.107,0.17944,0.55,0.18544,-0.025
824,8,0.24148,0.432,0.08252,0.182,0.26512,0.625,0.23576,1.0
825,,0.1738,0.382,0.0502,0.157,0.2328,0.575,0.16808,0.925
826,,0.10612,0.332,0.01788,0.132,0.20048,0.525,0.1004,0.85
827,,0.03844,0.282,-0.01444,0.107,0.16816,0.475,0.03272,0.775
828,3,0.03576,0.289,1.0,0.164,0.23584,0.532,0.06504,0.782
829,,-0.03192,0.239,0.96768,0.139,0.20352,0.482,-0.00264,0.707
830,1,1.0,0.246,1.0,0.196,0.2712,0.539,0.02968,0.714
831,,0.93232,0.196,0.96768,0.171,0.23888,0.489,-0.038,0.639
832,7,0.96464,0.239,1.0,0.264,0.34156,0.582,1.0,0.682
833,,0.89696,0.189,0.96768,0.239,0.30924,0.532,0.93232,0.607
834,,0.82928,0.139,0.93536,0.214,0.27692,0.482,0.86464,0.532
835,,0.7616,0.089,0.90304,0.189,0.2446,0.432,0.79696,0.457
836,,0.69392,0.039,0.87072,0.164,0.21228,0.382,0.72928,0.382
837,,0.62624,-0.011,0.8384,0.139,0.17996,0.332,0.6616,0.307
838,2,0.61556,1.0,0.86308,0.189,0.24064,0.382,0.68692,0.307
839,,0.54788,0.95,0.83076,0.164,0.20832,0.332,0.61924,0.232
840,,0.4802,0.9,0.79844,0.139,0.176,0.282,0.55156,0.157
841,,0.41252,0.85,0.76612,0.114,0.14368,0.232,0.48388,0.082
842,,0.34484,0.8,0.7338,0.089,0.11136,0.182,0.4162,0.007
843,,0.27716,0.75,0.70148,0.064,0.07904,0.132,0.34852,-0.068
844,8,0.29148,0.775,0.75116,0.139,0.16472,0.207,0.39884,1.0
845,,0.2238,0.725,0.71884,0.114,0.1324,0.157,0.33116,0.925
846,,0.15612,0.675,0.68652,0.089,0.10008,0.107,0.26348,0.85
847,,0.08844,0.625,0.6542,0.064,0.06776,0.057,0.1958,0.775
848,,0.02076,0.575,0.62188,0.039,0.03544,0.007,0.12812,0.7
849,,-0.04692,0.525,0.58956,0.014,0.00312,-0.043,0.06044,0.625
850,1,1.0,0.532,0.62224,0.071,0.0708,0.014,0.09276,0.632
851,,0.93232,0.482,0.58992,0.046,0.03848,-0.036,0.02508,0.557
852,6,0.97164,0.532,0.6646,0.146,-0.19384,1.0,0.1004,0.607
853,5,1.0,0.575,0.73228,0.239,1.0,0.75,0.16772,0.65
854,,0.93232,0.525,0.69996,0.214,0.96768,0.7,0.10004,0.575
855,,0.86464,0.475,0.66764,0.189,0.93536,0.65,0.03236,0.5
856,,0.79696,0.425,0.63532,0.164,0.90304,0.6,-0.03532,0.425
857,7,0.82928,0.468,0.703,0.257,1.0,0.693,1.0,0.468
858,,0.7616,0.418,0.67068,0.232,0.96768,0.643,0.93232,0.393
859,,0.69392,0.368,0.63836,0.207,0.93536,0.593,0.86464,0.318
860,,0.62624,0.318,0.60604,0.182,0.90304,0.543,0.79696,0.243
861,,0.55856,0.268,0.57372,0.157,0.87072,0.493,0.72928,0.168
862,,0.49088,0.218,0.5414,0.132,0.8384,0.443,0.6616,0.093
863,,0.4232,0.168,0.50908,0.107,0.80608,0.393,0.59392,0.018
864,,0.35552,0.118,0.47676,0.082,0.77376,0.343,0.52624,-0.057
865,8,0.36984,0.143,0.52644,0.157,0.85944,0.418,0.57656,1.0
866,,0.30216,0.093,0.49412,0.132,0.82712,0.368,0.50888,0.925
867,,0.23448,0.043,0.4618,0.107,0.7948,0.318,0.4412,0.85
868,,0.1668,-0.007,0.42948,0.082,0.76248,0.268,0.37352,0.775
869,2,0.15612,1.0,0.45416,0.132,0.82316,0.318,0.39884,0.775
870,,0.08844,0.95,0.42184,0.107,0.79084,0.268,0.33116,0.7
871,,0.02076,0.9,0.38952,0.082,0.75852,0.218,0.26348,0.625
872,,-0.04692,0.85,0.3572,0.057,0.7262,0.168,0.1958,0.55
873,1,1.0,0.857,0.38988,0.114,0.79388,0.225,0.22812,0.557
874,,0.93232,0.807,0.35756,0.089,0.76156,0.175,0.16044,0.482
875,,0.86464,0.757,0.32524,0.064,0.72924,0.125,0.09276,0.407
876,,0.79696,0.707,0.29292,0.039,0.69692,0.075,0.02508,0.332
877,,0.72928,0.657,0.2606,0.014,0.6646,0.025,-0.0426,0.257
878,7,0.7616,0.7,0.32828,0.107,0.76728,0.118,1.0,0.3
879,,0.69392,0.65,0.29596,0.082,0.73496,0.068,0.93232,0.225
880,,0.62624,0.6,0.26364,0.057,0.70264,0.018,0.86464,0.15
881,,0.55856,0.55,0.23132,0.032,0.67032,-0.032,0.79696,0.075
882,6,0.59788,0.6,0.306,0.132,0.438,1.0,0.87228,0.125
883,,0.5302,0.55,0.27368,0.107,0.40568,0.95,0.8046,0.05
884,,0.46252,0.5,0.24136,0.082,0.37336,0.9,0.73692,-0.025
885,8,0.47684,0.525,0.29104,0.157,0.45904,0.975,0.78724,1.0
886,,0.40916,0.475,0.25872,0.132,0.42672,0.925,0.71956,0.925
887,,0.34148,0.425,0.2264,0.107,0.3944,0.875,0.65188,0.85
888,,0.2738,0.375,0.19408,0.082,0.36208,0.825,0.5842,0.775
889,,0.20612,0.325,0.16176,0.057,0.32976,0.775,0.51652,0.7
890,,0.13844,0.275,0.12944,0.032,0.29744,0.725,0.44884,0.625
891,,0.07076,0.225,0.09712,0.007,0.26512,0.675,0.38116,0.55
892,,0.00308,0.175,0.0648,-0.018,0.2328,0.625,0.31348,0.475
893,4,0.0174,0.2,0.11448,1.0,0.31848,0.7,0.3638,0.5
894,,-0.05028,0.15,0.08216,0.975,0.28616,0.65,0.29612,0.425
895,1,1.0,0.157,0.11484,1.0,0.35384,0.707,0.32844,0.432
896,,0.93232,0.107,0.08252,0.975,0.32152,0.657,0.26076,0.357
897,,0.86464,0.057,0.0502,0.95,0.2892,0.607,0.19308,0.282
898,,0.79696,0.007,0.01788,0.925,0.25688,0.557,0.1254,0.207
899,,0.72928,-0.043,-0.01444,0.9,0.22456,0.507,0.05772,0.132
900,2,0.7186,1.0,0.01024,0.95,0.28524,0.557,0.08304,0.132
901,,0.65092,0.95,-0.02208,0.925,0.25292,0.507,0.01536,0.057
902,3,0.64824,0.957,1.0,0.982,0.3206,0.564,0.04768,0.064
903,,0.58056,0.907,0.96768,0.957,0.28828,0.514,-0.02,-0.011
904,7,0.61288,0.95,1.0,1.0,0.39096,0.607,1.0,0.032
905,,0.5452,0.9,0.96768,0.975,0.35864,0.557,0.93232,-0.043
906,8,0.55952,0.925,1.0,1.0,0.44432,0.632,0.98264,1.0
907,,0.49184,0.875,0.96768,0.975,0.412,0.582,0.91496,0.925
908,,0.42416,0.825,0.93536,0.95,0.37968,0.532,0.84728,0.85
909,,0.35648,0.775,0.90304,0.925,0.34736,0.482,0.7796,0.775
910,,0.2888,0.725,0.87072,0.9,0.31504,0.432,0.71192,0.7
911,,0.22112,0.675,0.8384,0.875,0.28272,0.382,0.64424,0.625
912,,0.15344,0.625,0.80608,0.85,0.2504,0.332,0.57656,0.55
913,,0.08576,0.575,0.77376,0.825,0.21808,0.282,0.50888,0.475
914,,0.01808,0.525,0.74144,0.8,0.18576,0.232,0.4412,0.4
915,,-0.0496,0.475,0.70912,0.775,0.15344,0.182,0.37352,0.325
916,1,1.0,0.482,0.7418,0.832,0.22112,0.239,0.40584,0.332
917,,0.93232,0.432,0.70948,0.807,0.1888,0.189,0.33816,0.257
918,,0.86464,0.382,0.67716,0.782,0.15648,0.139,0.27048,0.182
919,,0.79696,0.332,0.64484,0.757,0.12416,0.089,0.2028,0.107
920,,0.72928,0.282,0.61252,0.732,0.09184,0.039,0.13512,0.032
921,,0.6616,0.232,0.5802,0.707,0.05952,-0.011,0.06744,-0.043
922,8,0.67592,0.257,0.62988,0.782,0.1452,0.064,0.11776,1.0
923,,0.60824,0.207,0.59756,0.757,0.11288,0.014,0.05008,0.925
924,,0.54056,0.157,0.56524,0.732,0.08056,-0.036,-0.0176,0.85
925,6,0.57988,0.207,0.63992,0.832,-0.15176,1.0,0.05772,0.9
926,5,0.6122,0.25,0.7076,0.925,1.0,0.75,0.12504,0.943
927,,0.54452,0.2,0.67528,0.9,0.96768,0.7,0.05736,0.868
928,,0.47684,0.15,0.64296,0.875,0.93536,0.65,-0.01032,0.793
929,7,0.50916,0.193,0.71064,0.968,1.0,0.743,1.0,0.836
930,,0.44148,0.143,0.67832,0.943,0.96768,0.693,0.93232,0.761
931,,0.3738,0.093,0.646,0.918,0.93536,0.643,0.86464,0.686
932,,0.30612,0.043,0.61368,0.893,0.90304,0.593,0.79696,0.611
933,,0.23844,-0.007,0.58136,0.868,0.87072,0.543,0.72928,0.536
934,2,0.22776,1.0,0.60604,0.918,0.9314,0.593,0.7546,0.536
935,,0.16008,0.95,0.57372,0.893,0.89908,0.543,0.68692,0.461
936,,0.0924,0.9,0.5414,0.868,0.86676,0.493,0.61924,0.386
937,,0.02472,0.85,0.50908,0.843,0.83444,0.443,0.55156,0.311
938,,-0.04296,0.8,0.47676,0.818,0.80212,0.393,0.48388,0.236
939,1,1.0,0.807,0.50944,0.875,0.8698,0.45,0.5162,0.243
940,,0.93232,0.757,0.47712,0.85,0.83748,0.4,0.44852,0.168
941,,0.86464,0.707,0.4448,0.825,0.80516,0.35,0.38084,0.093
942,,0.79696,0.657,0.41248,0.8,0.77284,0.3,0.31316,0.018
943,,0.72928,0.607,0.38016,0.775,0.74052,0.25,0.24548,-0.057
944,8,0.7436,0.632,0.42984,0.85,0.8262,0.325,0.2958,1.0
945,,0.67592,0.582,0.39752,0.825,0.79388,0.275,0.22812,0.925
946,,0.60824,0.532,0.3652,0.8,0.76156,0.225,0.16044,0.85
947,,0.54056,0.482,0.33288,0.775,0.72924,0.175,0.09276,0.775
948,,0.47288,0.432,0.30056,0.75,0.69692,0.125,0.02508,0.7
949,,0.4052,0.382,0.26824,0.725,0.6646,0.075,-0.0426,0.625
950,7,0.43752,0.425,0.33592,0.818,0.76728,0.168,1.0,0.668
951,,0.36984,0.375,0.3036,0.793,0.73496,0.118,0.93232,0.593
952,,0.30216,0.325,0.27128,0.768,0.70264,0.068,0.86464,0.518
953,,0.23448,0.275,0.23896,0.743,0.67032,0.018,0.79696,0.443
954,,0.1668,0.225,0.20664,0.718,0.638,-0.032,0.72928,0.368
955,6,0.20612,0.275,0.28132,0.818,0.40568,1.0,0.8046,0.418
956,,0.13844,0.225,0.249,0.793,0.37336,0.95,0.73692,0.343
957,,0.07076,0.175,0.21668,0.768,0.34104,0.9,0.66924,0.268
958,,0.00308,0.125,0.18436,0.743,0.30872,0.85,0.60156,0.193
959,,-0.0646,0.075,0.15204,0.718,0.2764,0.8,0.53388,0.118
960,1,1.0,0.082,0.18472,0.775,0.34408,0.857,0.5662,0.125
961,,0.93232,0.032,0.1524,0.75,0.31176,0.807,0.49852,0.05
962,,0.86464,-0.018,0.12008,0.725,0.27944,0.757,0.43084,-0.025
963,8,0.87896,0.007,0.16976,0.8,0.36512,0.832,0.48116,1.0
964,,0.81128,-0.043,0.13744,0.775,0.3328,0.782,0.41348,0.925
965,2,0.8006,1.0,0.16212,0.825,0.39348,0.832,0.4388,0.925
966,,0.73292,0.95,0.1298,0.8,0.36116,0.782,0.37112,0.85
967,,0.66524,0.9,0.09748,0.775,0.32884,0.732,0.30344,0.775
968,,0.59756,0.85,0.06516,0.75,0.29652,0.682,0.23576,0.7
969,,0.52988,0.8,0.03284,0.725,0.2642,0.632,0.16808,0.625
970,,0.4622,0.75,0.00052,0.7,0.23188,0.582,0.1004,0.55
971,,0.39452,0.7,-0.0318,0.675,0.19956,0.532,0.03272,0.475
972,3,0.39184,0.707,1.0,0.732,0.26724,0.589,0.06504,0.482
973,,0.32416,0.657,0.96768,0.707,0.23492,0.539,-0.00264,0.407
974,7,0.35648,0.7,1.0,0.8,0.3376,0.632,1.0,0.45
975,,0.2888,0.65,0.96768,0.775,0.30528,0.582,0.93232,0.375
976,,0.22112,0.6,0.93536,0.75,0.27296,0.532,0.86464,0.3
977,,0.15344,0.55,0.90304,0.725,0.24064,0.482,0.79696,0.225
978,,0.08576,0.5,0.87072,0.7,0.20832,0.432,0.72928,0.15
979,,0.01808,0.45,0.8384,0.675,0.176,0.382,0.6616,0.075
980,,-0.0496,0.4,0.80608,0.65,0.14368,0.332,0.59392,-0.0
981,1,1.0,0.407,0.83876,0.707,0.21136,0.389,0.62624,0.007
982,,0.93232,0.357,0.80644,0.682,0.17904,0.339,0.55856,-0.068
983,8,0.94664,0.382,0.85612,0.757,0.26472,0.414,0.60888,1.0
984,,0.87896,0.332,0.8238,0.732,0.2324,0.364,0.5412,0.925
985,,0.81128,0.282,0.79148,0.707,0.20008,0.314,0.47352,0.85
986,,0.7436,0.232,0.75916,0.682,0.16776,0.264,0.40584,0.775
987,,0.67592,0.182,0.72684,0.657,0.13544,0.214,0.33816,0.7
988,,0.60824,0.132,0.69452,0.632,0.10312,0.164,0.27048,0.625
989,,0.54056,0.082,0.6622,0.607,0.0708,0.114,0.2028,0.55
990,,0.47288,0.032,0.62988,0.582,0.03848,0.064,0.13512,0.475
991,,0.4052,-0.018,0.59756,0.557,0.00616,0.014,0.06744,0.4
992,2,0.39452,1.0,0.62224,0.607,0.06684,0.064,0.09276,0.4
993,,0.32684,0.95,0.58992,0.582,0.03452,0.014,0.02508,0.325
994,,0.25916,0.9,0.5576,0.557,0.0022,-0.036,-0.0426,0.25
995,7,0.29148,0.943,0.62528,0.65,0.10488,0.057,1.0,0.293
996,,0.2238,0.893,0.59296,0.625,0.07256,0.007,0.93232,0.218
997,,0.15612,0.843,0.56064,0.6,0.04024,-0.043,0.86464,0.143
998,6,0.19544,0.893,0.63532,0.7,-0.19208,1.0,0.93996,0.193
999,5,0.22776,0.936,0.703,0.793,1.0,0.75,1.0,0.236
1000,,0.16008,0.886,0.67068,0.768,0.96768,0.7,0.93232,0.161
1001,,0.0924,0.836,0.63836,0.743,0.93536,0.65,0.86464,0.086
1002,,0.02472,0.786,0.60604,0.718,0.90304,0.6,0.79696,0.011
1003,,-0.04296,0.736,0.57372,0.693,0.87072,0.55,0.72928,-0.064
1004,8,-0.02864,0.761,0.6234,0.768,0.9564,0.625,0.7796,1.0
1005,1,1.0,0.768,0.65608,0.825,1.0,0.682,0.81192,1.0
1006,,0.93232,0.718,0.62376,0.8,0.96768,0.632,0.74424,0.925
1007,,0.86464,0.668,0.59144,0.775,0.93536,0.582,0.67656,0.85
1008,,0.79696,0.618,0.55912,0.75,0.90304,0.532,0.60888,0.775
1009,,0.72928,0.568,0.5268,0.725,0.87072,0.482,0.5412,0.7
1010,,0.6616,0.518,0.49448,0.7,0.8384,0.432,0.47352,0.625
1011,,0.59392,0.468,0.46216,0.675,0.80608,0.382,0.40584,0.55
1012,,0.52624,0.418,0.42984,0.65,0.77376,0.332,0.33816,0.475
1013,,0.45856,0.368,0.39752,0.625,0.74144,0.282,0.27048,0.4
1014,,0.39088,0.318,0.3652,0.6,0.70912,0.232,0.2028,0.325
1015,,0.3232,0.268,0.33288,0.575,0.6768,0.182,0.13512,0.25
1016,,0.25552,0.218,0.30056,0.55,0.64448,0.132,0.06744,0.175
1017,,0.18784,0.168,0.26824,0.525,0.61216,0.082,-0.00024,0.1
1018,7,0.22016,0.211,0.33592,0.618,0.71484,0.175,1.0,0.143
1019,,0.15248,0.161,0.3036,0.593,0.68252,0.125,0.93232,0.068
1020,,0.0848,0.111,0.27128,0.568,0.6502,0.075,0.86464,-0.007
1021,8,0.09912,0.136,0.32096,0.643,0.73588,0.15,0.91496,1.0
1022,,0.03144,0.086,0.28864,0.618,0.70356,0.1,0.84728,0.925
1023,,-0.03624,0.036,0.25632,0.593,0.67124,0.05,0.7796,0.85
1024,1,1.0,0.043,0.289,0.65,0.73892,0.107,0.81192,0.857
1025,,0.93232,-0.007,0.25668,0.625,0.7066,0.057,0.74424,0.782
1026,2,0.92164,1.0,0.28136,0.675,0.76728,0.107,0.76956,0.782
1027,,0.85396,0.95,0.24904,0.65,0.73496,0.057,0.70188,0.707
1028,,0.78628,0.9,0.21672,0.625,0.70264,0.007,0.6342,0.632
1029,,0.7186,0.85,0.1844,0.6,0.67032,-0.043,0.56652,0.557
1030,6,0.75792,0.9,0.25908,0.7,0.438,1.0,0.64184,0.607
1031,,0.69024,0.85,0.22676,0.675,0.40568,0.95,0.57416,0.532
1032,,0.62256,0.8,0.19444,0.65,0.37336,0.9,0.50648,0.457
1033,,0.55488,0.75,0.16212,0.625,0.34104,0.85,0.4388,0.382
1034,,0.4872,0.7,0.1298,0.6,0.30872,0.8,0.37112,0.307
1035,,0.41952,0.65,0.09748,0.575,0.2764,0.75,0.30344,0.232
1036,,0.35184,0.6,0.06516,0.55,0.24408,0.7,0.23576,0.157
1037,,0.28416,0.55,0.03284,0.525,0.21176,0.65,0.16808,0.082
1038,,0.21648,0.5,0.00052,0.5,0.17944,0.6,0.1004,0.007
1039,,0.1488,0.45,-0.0318,0.475,0.14712,0.55,0.03272,-0.068
1040,8,0.16312,0.475,0.01788,0.55,0.2328,0.625,0.08304,1.0
1041,,0.09544,0.425,-0.01444,0.525,0.20048,0.575,0.01536,0.925
1042,3,0.09276,0.432,1.0,0.582,0.26816,0.632,0.04768,0.932
1043,,0.02508,0.382,0.96768,0.557,0.23584,0.582,-0.02,0.857
1044,7,0.0574,0.425,1.0,0.65,0.33852,0.675,1.0,0.9
1045,,-0.01028,0.375,0.96768,0.625,0.3062,0.625,0.93232,0.825
1046,1,1.0,0.382,1.0,0.682,0.37388,0.682,0.96464,0.832
1047,,0.93232,0.332,0.96768,0.657,0.34156,0.632,0.89696,0.757
1048,,0.86464,0.282,0.93536,0.632,0.30924,0.582,0.82928,0.682
1049,,0.79696,0.232,0.90304,0.607,0.27692,0.532,0.7616,0.607
1050,,0.72928,0.182,0.87072,0.582,0.2446,0.482,0.69392,0.532
1051,,0.6616,0.132,0.8384,0.557,0.21228,0.432,0.62624,0.457
1052,,0.59392,0.082,0.80608,0.532,0.17996,0.382,0.55856,0.382
1053,,0.52624,0.032,0.77376,0.507,0.14764,0.332,0.49088,0.307
1054,,0.45856,-0.018,0.74144,0.482,0.11532,0.282,0.4232,0.232
1055,2,0.44788,1.0,0.76612,0.532,0.176,0.332,0.44852,0.232
1056,,0.3802,0.95,0.7338,0.507,0.14368,0.282,0.38084,0.157
1057,,0.31252,0.9,0.70148,0.482,0.11136,0.232,0.31316,0.082
1058,,0.24484,0.85,0.66916,0.457,0.07904,0.182,0.24548,0.007
1059,,0.17716,0.8,0.63684,0.432,0.04672,0.132,0.1778,-0.068
1060,8,0.19148,0.825,0.68652,0.507,0.1324,0.207,0.22812,1.0
1061,,0.1238,0.775,0.6542,0.482,0.10008,0.157,0.16044,0.925
1062,,0.05612,0.725,0.62188,0.457,0.06776,0.107,0.09276,0.85
1063,,-0.01156,0.675,0.58956,0.432,0.03544,0.057,0.02508,0.775
1064,1,1.0,0.682,0.62224,0.489,0.10312,0.114,0.0574,0.782
1065,,0.93232,0.632,0.58992,0.464,0.0708,0.064,-0.01028,0.707
1066,7,0.96464,0.675,0.6576,0.557,0.17348,0.157,1.0,0.75
1067,,0.89696,0.625,0.62528,0.532,0.14116,0.107,0.93232,0.675
1068,,0.82928,0.575,0.59296,0.507,0.10884,0.057,0.86464,0.6
1069,,0.7616,0.525,0.56064,0.482,0.07652,0.007,0.79696,0.525
1070,,0.69392,0.475,0.52832,0.457,0.0442,-0.043,0.72928,0.45
1071,6,0.73324,0.525,0.603,0.557,-0.18812,1.0,0.8046,0.5
1072,5,0.76556,0.568,0.67068,0.65,1.0,0.75,0.87192,0.543
1073,,0.69788,0.518,0.63836,0.625,0.96768,0.7,0.80424,0.468
1074,,0.6302,0.468,0.60604,0.6,0.93536,0.65,0.73656,0.393
1075,,0.56252,0.418,0.57372,0.575,0.90304,0.6,0.66888,0.318
1076,,0.49484,0.368,0.5414,0.55,0.87072,0.55,0.6012,0.243
1077,,0.42716,0.318,0.50908,0.525,0.8384,0.5,0.53352,0.168
1078,,0.35948,0.268,0.47676,0.5,0.80608,0.45,0.46584,0.093
1079,,0.2918,0.218,0.44444,0.475,0.77376,0.4,0.39816,0.018
1080,,0.22412,0.168,0.41212,0.45,0.74144,0.35,0.33048,-0.057
1081,8,0.23844,0.193,0.4618,0.525,0.82712,0.425,0.3808,1.0
1082,,0.17076,0.143,0.42948,0.5,0.7948,0.375,0.31312,0.925
1083,,0.10308,0.093,0.39716,0.475,0.76248,0.325,0.24544,0.85
1084,,0.0354,0.043,0.36484,0.45,0.73016,0.275,0.17776,0.775
1085,,-0.03228,-0.007,0.33252,0.425,0.69784,0.225,0.11008,0.7
1086,1,1.0,0.0,0.3652,0.482,0.76552,0.282,0.1424,0.707
1087,,0.93232,-0.05,0.33288,0.457,0.7332,0.232,0.07472,0.632
1088,2,0.92164,1.0,0.35756,0.507,0.79388,0.282,0.10004,0.632
1089,,0.85396,0.95,0.32524,0.482,0.76156,0.232,0.03236,0.557
1090,,0.78628,0.9,0.29292,0.457,0.72924,0.182,-0.03532,0.482
1091,7,0.8186,0.943,0.3606,0.55,0.83192,0.275,1.0,0.525
1092,,0.75092,0.893,0.32828,0.525,0.7996,0.225,0.93232,0.45
1093,,0.68324,0.843,0.29596,0.5,0.76728,0.175,0.86464,0.375
1094,,0.61556,0.793,0.26364,0.475,0.73496,0.125,0.79696,0.3
1095,,0.54788,0.743,0.23132,0.45,0.70264,0.075,0.72928,0.225
1096,,0.4802,0.693,0.199,0.425,0.67032,0.025,0.6616,0.15
1097,,0.41252,0.643,0.16668,0.4,0.638,-0.025,0.59392,0.075
1098,6,0.45184,0.693,0.24136,0.5,0.40568,1.0,0.66924,0.125
1099,,0.38416,0.643,0.20904,0.475,0.37336,0.95,0.60156,0.05
1100,,0.31648,0.593,0.17672,0.45,0.34104,0.9,0.53388,-0.025
1101,8,0.3308,0.618,0.2264,0.525,0.42672,0.975,0.5842,1.0
1102,,0.26312,0.568,0.19408,0.5,0.3944,0.925,0.51652,0.925
1103,,0.19544,0.518,0.16176,0.475,0.36208,0.875,0.44884,0.85
1104,,0.12776,0.468,0.12944,0.45,0.32976,0.825,0.38116,0.775
1105,,0.06008,0.418,0.09712,0.425,0.29744,0.775,0.31348,0.7
1106,,-0.0076,0.368,0.0648,0.4,0.26512,0.725,0.2458,0.625
1107,1,1.0,0.375,0.09748,0.457,0.3328,0.782,0.27812,0.632
1108,,0.93232,0.325,0.06516,0.432,0.30048,0.732,0.21044,0.557
1109,,0.86464,0.275,0.03284,0.407,0.26816,0.682,0.14276,0.482
1110,,0.79696,0.225,0.00052,0.382,0.23584,0.632,0.07508,0.407
1111,,0.72928,0.175,-0.0318,0.357,0.20352,0.582,0.0074,0.332
1112,3,0.7266,0.182,1.0,0.414,0.2712,0.639,0.03972,0.339
1113,,0.65892,0.132,0.96768,0.389,0.23888,0.589,-0.02796,0.264
1114,7,0.69124,0.175,1.0,0.482,0.34156,0.682,1.0,0.307
1115,,0.62356,0.125,0.96768,0.457,0.30924,0.632,0.93232,0.232
1116,,0.55588,0.075,0.93536,0.432,0.27692,0.582,0.86464,0.157
1117,,0.4882,0.025,0.90304,0.407,0.2446,0.532,0.79696,0.082
1118,,0.42052,-0.025,0.87072,0.382,0.21228,0.482,0.72928,0.007
1119,2,0.40984,1.0,0.8954,0.432,0.27296,0.532,0.7546,0.007
1120,,0.34216,0.95,0.86308,0.407,0.24064,0.482,0.68692,-0.068
1121,8,0.35648,0.975,0.91276,0.482,0.32632,0.557,0.73724,1.0
1122,,0.2888,0.925,0.88044,0.457,0.294,0.507,0.66956,0.925
1123,,0.22112,0.875,0.84812,0.432,0.26168,0.457,0.60188,0.85
1124,,0.15344,0.825,0.8158,0.407,0.22936,0.407,0.5342,0.775
1125,,0.08576,0.775,0.78348,0.382,0.19704,0.357,0.46652,0.7
1126,,0.01808,0.725,0.75116,0.357,0.16472,0.307,0.39884,0.625
1127,,-0.0496,0.675,0.71884,0.332,0.1324,0.257,0.33116,0.55
1128,1,1.0,0.682,0.75152,0.389,0.20008,0.314,0.36348,0.557
1129,,0.93232,0.632,0.7192,0.364,0.16776,0.264,0.2958,0.482
1130,,0.86464,0.582,0.68688,0.339,0.13544,0.214,0.22812,0.407
1131,,0.79696,0.532,0.65456,0.314,0.10312,0.164,0.16044,0.332
1132,,0.72928,0.482,0.62224,0.289,0.0708,0.114,0.09276,0.257
1133,,0.6616,0.432,0.58992,0.264,0.03848,0.064,0.02508,0.182
1134,,0.59392,0.382,0.5576,0.239,0.00616,0.014,-0.0426,0.107
1135,7,0.62624,0.425,0.62528,0.332,0.10884,0.107,1.0,0.15
1136,,0.55856,0.375,0.59296,0.307,0.07652,0.057,0.93232,0.075
1137,,0.49088,0.325,0.56064,0.282,0.0442,0.007,0.86464,-0.0
1138,,0.4232,0.275,0.52832,0.257,0.01188,-0.043,0.79696,-0.075
1139,8,0.43752,0.3,0.578,0.332,0.09756,0.032,0.84728,1.0
1140,,0.36984,0.25,0.54568,0.307,0.06524,-0.018,0.7796,0.925
1141,6,0.40916,0.3,0.62036,0.407,-0.16708,1.0,0.85492,0.975
1142,5,0.44148,0.343,0.68804,0.5,1.0,0.75,0.92224,1.0
1143,,0.3738,0.293,0.65572,0.475,0.96768,0.7,0.85456,0.925
1144,,0.30612,0.243,0.6234,0.45,0.93536,0.65,0.78688,0.85
1145,,0.23844,0.193,0.59108,0.425,0.90304,0.6,0.7192,0.775
1146,,0.17076,0.143,0.55876,0.4,0.87072,0.55,0.65152,0.7
1147,,0.10308,0.093,0.52644,0.375,0.8384,0.5,0.58384,0.625
1148,,0.0354,0.043,0.49412,0.35,0.80608,0.45,0.51616,0.55
1149,,-0.03228,-0.007,0.4618,0.325,0.77376,0.4,0.44848,0.475
1150,1,1.0,0.0,0.49448,0.382,0.84144,0.457,0.4808,0.482
1151,,0.93232,-0.05,0.46216,0.357,0.80912,0.407,0.41312,0.407
1152,2,0.92164,1.0,0.48684,0.407,0.8698,0.457,0.43844,0.407
1153,,0.85396,0.95,0.45452,0.382,0.83748,0.407,0.37076,0.332
1154,,0.78628,0.9,0.4222,0.357,0.80516,0.357,0.30308,0.257
1155,,0.7186,0.85,0.38988,0.332,0.77284,0.307,0.2354,0.182
1156,,0.65092,0.8,0.35756,0.307,0.74052,0.257,0.16772,0.107
1157,,0.58324,0.75,0.32524,0.282,0.7082,0.207,0.10004,0.032
1158,,0.51556,0.7,0.29292,0.257,0.67588,0.157,0.03236,-0.043
1159,8,0.52988,0.725,0.3426,0.332,0.76156,0.232,0.08268,1.0
1160,,0.4622,0.675,0.31028,0.307,0.72924,0.182,0.015,0.925
1161,,0.39452,0.625,0.27796,0.282,0.69692,0.132,-0.05268,0.85
1162,7,0.42684,0.668,0.34564,0.375,0.7996,0.225,1.0,0.893
1163,,0.35916,0.618,0.31332,0.35,0.76728,0.175,0.93232,0.818
1164,,0.29148,0.568,0.281,0.325,0.73496,0.125,0.86464,0.743
1165,,0.2238,0.518,0.24868,0.3,0.70264,0.075,0.79696,0.668
1166,,0.15612,0.468,0.21636,0.275,0.67032,0.025,0.72928,0.593
1167,,0.08844,0.418,0.18404,0.25,0.638,-0.025,0.6616,0.518
1168,6,0.12776,0.468,0.25872,0.35,0.40568,1.0,0.73692,0.568
1169,,0.06008,0.418,0.2264,0.325,0.37336,0.95,0.66924,0.493
1170,,-0.0076,0.368,0.19408,0.3,0.34104,0.9,0.60156,0.418
1171,1,1.0,0.375,0.22676,0.357,0.40872,0.957,0.63388,0.425
1172,,0.93232,0.325,0.19444,0.332,0.3764,0.907,0.5662,0.35
1173,,0.86464,0.275,0.16212,0.307,0.34408,0.857,0.49852,0.275
1174,,0.79696,0.225,0.1298,0.282,0.31176,0.807,0.43084,0.2
1175,,0.72928,0.175,0.09748,0.257,0.27944,0.757,0.36316,0.125
1176,,0.6616,0.125,0.06516,0.232,0.24712,0.707,0.29548,0.05
1177,,0.59392,0.075,0.03284,0.207,0.2148,0.657,0.2278,-0.025
1178,8,0.60824,0.1,0.08252,0.282,0.30048,0.732,0.27812,1.0
1179,,0.54056,0.05,0.0502,0.257,0.26816,0.682,0.21044,0.925
1180,,0.47288,0.0,0.01788,0.232,0.23584,0.632,0.14276,0.85
1181,,0.4052,-0.05,-0.01444,0.207,0.20352,0.582,0.07508,0.775
1182,2,0.39452,1.0,0.01024,0.257,0.2642,0.632,0.1004,0.775
1183,,0.32684,0.95,-0.02208,0.232,0.23188,0.582,0.03272,0.7
1184,3,0.32416,0.957,1.0,0.289,0.29956,0.639,0.06504,0.707
1185,,0.25648,0.907,0.96768,0.264,0.26724,0.589,-0.00264,0.632
1186,7,0.2888,0.95,1.0,0.357,0.36992,0.682,1.0,0.675
1187,,0.22112,0.9,0.96768,0.332,0.3376,0.632,0.93232,0.6
1188,,0.15344,0.85,0.93536,0.307,0.30528,0.582,0.86464,0.525
1189,,0.08576,0.8,0.90304,0.282,0.27296,0.532,0.79696,0.45
1190,,0.01808,0.75,0.87072,0.257,0.24064,0.482,0.72928,0.375
1191,,-0.0496,0.7,0.8384,0.232,0.20832,0.432,0.6616,0.3
1192,1,1.0,0.707,0.87108,0.289,0.276,0.489,0.69392,0.307
1193,,0.93232,0.657,0.83876,0.264,0.24368,0.439,0.62624,0.232
1194,,0.86464,0.607,0.80644,0.239,0.21136,0.389,0.55856,0.157
1195,,0.79696,0.557,0.77412,0.214,0.17904,0.339,0.49088,0.082
1196,,0.72928,0.507,0.7418,0.189,0.14672,0.289,0.4232,0.007
1197,,0.6616,0.457,0.70948,0.164,0.1144,0.239,0.35552,-0.068
1198,8,0.67592,0.482,0.75916,0.239,0.20008,0.314,0.40584,1.0
1199,,0.60824,0.432,0.72684,0.214,0.16776,0.264,0.33816,0.925
1200,,0.54056,0.382,0.69452,0.189,0.13544,0.214,0.27048,0.85
1201,,0.47288,0.332,0.6622,0.164,0.10312,0.164,0.2028,0.775
1202,,0.4052,0.282,0.62988,0.139,0.0708,0.114,0.13512,0.7
1203,,0.33752,0.232,0.59756,0.114,0.03848,0.064,0.06744,0.625
1204,,0.26984,0.182,0.56524,0.089,0.00616,0.014,-0.00024,0.55
1205,7,0.30216,0.225,0.63292,0.182,0.10884,0.107,1.0,0.593
1206,,0.23448,0.175,0.6006,0.157,0.07652,0.057,0.93232,0.518
1207,,0.1668,0.125,0.56828,0.132,0.0442,0.007,0.86464,0.443
1208,,0.09912,0.075,0.53596,0.107,0.01188,-0.043,0.79696,0.368
1209,6,0.13844,0.125,0.61064,0.207,-0.22044,1.0,0.87228,0.418
1210,5,0.17076,0.168,0.67832,0.3,1.0,0.75,0.9396,0.461
1211,,0.10308,0.118,0.646,0.275,0.96768,0.7,0.87192,0.386
1212,,0.0354,0.068,0.61368,0.25,0.93536,0.65,0.80424,0.311
1213,,-0.03228,0.018,0.58136,0.225,0.90304,0.6,0.73656,0.236
1214,1,1.0,0.025,0.61404,0.282,0.97072,0.657,0.76888,0.243
1215,,0.93232,-0.025,0.58172,0.257,0.9384,0.607,0.7012,0.168
1216,2,0.92164,1.0,0.6064,0.307,0.99908,0.657,0.72652,0.168
1217,,0.85396,0.95,0.57408,0.282,0.96676,0.607,0.65884,0.093
1218,,0.78628,0.9,0.54176,0.257,0.93444,0.557,0.59116,0.018
1219,,0.7186,0.85,0.50944,0.232,0.90212,0.507,0.52348,-0.057
1220,8,0.73292,0.875,0.55912,0.307,0.9878,0.582,0.5738,1.0
1221,,0.66524,0.825,0.5268,0.282,0.95548,0.532,0.50612,0.925
1222,,0.59756,0.775,0.49448,0.257,0.92316,0.482,0.43844,0.85
1223,,0.52988,0.725,0.46216,0.232,0.89084,0.432,0.37076,0.775
1224,,0.4622,0.675,0.42984,0.207,0.85852,0.382,0.30308,0.7
1225,,0.39452,0.625,0.39752,0.182,0.8262,0.332,0.2354,0.625
1226,,0.32684,0.575,0.3652,0.157,0.79388,0.282,0.16772,0.55
1227,,0.25916,0.525,0.33288,0.132,0.76156,0.232,0.10004,0.475
1228,,0.19148,0.475,0.30056,0.107,0.72924,0.182,0.03236,0.4
1229,,0.1238,0.425,0.26824,0.082,0.69692,0.132,-0.03532,0.325
1230,7,0.15612,0.468,0.33592,0.175,0.7996,0.225,1.0,0.368
1231,,0.08844,0.418,0.3036,0.15,0.76728,0.175,0.93232,0.293
1232,,0.02076,0.368,0.27128,0.125,0.73496,0.125,0.86464,0.218
1233,,-0.04692,0.318,0.23896,0.1,0.70264,0.075,0.79696,0.143
1234,1,1.0,0.325,0.27164,0.157,0.77032,0.132,0.82928,0.15
1235,,0.93232,0.275,0.23932,0.132,0.738,0.082,0.7616,0.075
1236,,0.86464,0.225,0.207,0.107,0.70568,0.032,0.69392,-0.0
1237,,0.79696,0.175,0.17468,0.082,0.67336,-0.018,0.62624,-0.075
1238,8,0.81128,0.2,0.22436,0.157,0.75904,0.057,0.67656,1.0
1239,,0.7436,0.15,0.19204,0.132,0.72672,0.007,0.60888,0.925
1240,,0.67592,0.1,0.15972,0.107,0.6944,-0.043,0.5412,0.85
1241,6,0.71524,0.15,0.2344,0.207,0.46208,1.0,0.61652,0.9
1242,,0.64756,0.1,0.20208,0.182,0.42976,0.95,0.54884,0.825
1243,,0.57988,0.05,0.16976,0.157,0.39744,0.9,0.48116,0.75
1244,,0.5122,0.0,0.13744,0.132,0.36512,0.85,0.41348,0.675
1245,,0.44452,-0.05,0.10512,0.107,0.3328,0.8,0.3458,0.6
1246,2,0.43384,1.0,0.1298,0.157,0.39348,0.85,0.37112,0.6
1247,,0.36616,0.95,0.09748,0.132,0.36116,0.8,0.30344,0.525
1248,,0.29848,0.9,0.06516,0.107,0.32884,0.75,0.23576,0.45
1249,,0.2308,0.85,0.03284,0.082,0.29652,0.7,0.16808,0.375
1250,,0.16312,0.8,0.00052,0.057,0.2642,0.65,0.1004,0.3
1251,,0.09544,0.75,-0.0318,0.032,0.23188,0.6,0.03272,0.225
1252,3,0.09276,0.757,1.0,0.089,0.29956,0.657,0.06504,0.232
1253,,0.02508,0.707,0.96768,0.064,0.26724,0.607,-0.00264,0.157
1254,7,0.0574,0.75,1.0,0.157,0.36992,0.7,1.0,0.2
1255,,-0.01028,0.7,0.96768,0.132,0.3376,0.65,0.93232,0.125
1256,1,1.0,0.707,1.0,0.189,0.40528,0.707,0.96464,0.132
1257,,0.93232,0.657,0.96768,0.164,0.37296,0.657,0.89696,0.057
1258,,0.86464,0.607,0.93536,0.139,0.34064,0.607,0.82928,-0.018
1259,8,0.87896,0.632,0.98504,0.214,0.42632,0.682,0.8796,1.0
1260,,0.81128,0.582,0.95272,0.189,0.394,0.632,0.81192,0.925
1261,,0.7436,0.532,0.9204,0.164,0.36168,0.582,0.74424,0.85
1262,,0.67592,0.482,0.88808,0.139,0.32936,0.532,0.67656,0.775
1263,,0.60824,0.432,0.85576,0.114,0.29704,0.482,0.60888,0.7
1264,,0.54056,0.382,0.82344,0.089,0.26472,0.432,0.5412,0.625
1265,,0.47288,0.332,0.79112,0.064,0.2324,0.382,0.47352,0.55
1266,,0.4052,0.282,0.7588,0.039,0.20008,0.332,0.40584,0.475
1267,,0.33752,0.232,0.72648,0.014,0.16776,0.282,0.33816,0.4
1268,,0.26984,0.182,0.69416,-0.011,0.13544,0.232,0.27048,0.325
1269,4,0.28416,0.207,0.74384,1.0,0.22112,0.307,0.3208,0.35
1270,,0.21648,0.157,0.71152,0.975,0.1888,0.257,0.25312,0.275
1271,,0.1488,0.107,0.6792,0.95,0.15648,0.207,0.18544,0.2
1272,,0.08112,0.057,0.64688,0.925,0.12416,0.157,0.11776,0.125
1273,,0.01344,0.007,0.61456,0.9,0.09184,0.107,0.05008,0.05
1274,,-0.05424,-0.043,0.58224,0.875,0.05952,0.057,-0.0176,-0.025
1275,1,1.0,-0.036,0.61492,0.932,0.1272,0.114,0.01472,-0.018
1276,2,0.98932,1.0,0.6396,0.982,0.18788,0.164,0.04004,-0.018
1277,8,1.0,1.0,0.68928,1.0,0.27356,0.239,0.09036,1.0
1278,,0.93232,0.95,0.65696,0.975,0.24124,0.189,0.02268,0.925
1279,,0.86464,0.9,0.62464,0.95,0.20892,0.139,-0.045,0.85
1280,7,0.89696,0.943,0.69232,1.0,0.3116,0.232,1.0,0.893
1281,,0.82928,0.893,0.66,0.975,0.27928,0.182,0.93232,0.818
1282,,0.7616,0.843,0.62768,0.95,0.24696,0.132,0.86464,0.743
1283,,0.69392,0.793,0.59536,0.925,0.21464,0.082,0.79696,0.668
1284,,0.62624,0.743,0.56304,0.9,0.18232,0.032,0.72928,0.593
1285,,0.55856,0.693,0.53072,0.875,0.15,-0.018,0.6616,0.518
1286,6,0.59788,0.743,0.6054,0.975,-0.08232,1.0,0.73692,0.568
1287,5,0.6302,0.786,0.67308,1.0,1.0,0.75,0.80424,0.611
1288,,0.56252,0.736,0.64076,0.975,0.96768,0.7,0.73656,0.536
1289,,0.49484,0.686,0.60844,0.95,0.93536,0.65,0.66888,0.461
1290,,0.42716,0.636,0.57612,0.925,0.90304,0.6,0.6012,0.386
1291,,0.35948,0.586,0.5438,0.9,0.87072,0.55,0.53352,0.311
1292,,0.2918,0.536,0.51148,0.875,0.8384,0.5,0.46584,0.236
1293,,0.22412,0.486,0.47916,0.85,0.80608,0.45,0.39816,0.161
1294,,0.15644,0.436,0.44684,0.825,0.77376,0.4,0.33048,0.086
1295,,0.08876,0.386,0.41452,0.8,0.74144,0.35,0.2628,0.011
1296,,0.02108,0.336,0.3822,0.775,0.70912,0.3,0.19512,-0.064
1297,8,0.0354,0.361,0.43188,0.85,0.7948,0.375,0.24544,1.0
1298,,-0.03228,0.311,0.39956,0.825,0.76248,0.325,0.17776,0.925
1299,1,1.0,0.318,0.43224,0.882,0.83016,0.382,0.21008,0.932
1300,,0.93232,0.268,0.39992,0.857,0.79784,0.332,0.1424,0.857
1301,,0.86464,0.218,0.3676,0.832,0.76552,0.282,0.07472,0.782
1302,,0.79696,0.168,0.33528,0.807,0.7332,0.232,0.00704,0.707
1303,,0.72928,0.118,0.30296,0.782,0.70088,0.182,-0.06064,0.632
1304,7,0.7616,0.161,0.37064,0.875,0.80356,0.275,1.0,0.675
1305,,0.69392,0.111,0.33832,0.85,0.77124,0.225,0.93232,0.6
1306,,0.62624,0.061,0.306,0.825,0.73892,0.175,0.86464,0.525
1307,,0.55856,0.011,0.27368,0.8,0.7066,0.125,0.79696,0.45
1308,,0.49088,-0.039,0.24136,0.775,0.67428,0.075,0.72928,0.375
1309,2,0.4802,1.0,0.26604,0.825,0.73496,0.125,0.7546,0.375
1310,,0.41252,0.95,0.23372,0.8,0.70264,0.075,0.68692,0.3
1311,,0.34484,0.9,0.2014,0.775,0.67032,0.025,0.61924,0.225
1312,,0.27716,0.85,0.16908,0.75,0.638,-0.025,0.55156,0.15
1313,6,0.31648,0.9,0.24376,0.85,0.40568,1.0,0.62688,0.2
1314,,0.2488,0.85,0.21144,0.825,0.37336,0.95,0.5592,0.125
1315,,0.18112,0.8,0.17912,0.8,0.34104,0.9,0.49152,0.05
1316,,0.11344,0.75,0.1468,0.775,0.30872,0.85,0.42384,-0.025
1317,8,0.12776,0.775,0.19648,0.85,0.3944,0.925,0.47416,1.0
1318,,0.06008,0.725,0.16416,0.825,0.36208,0.875,0.40648,0.925
1319,,-0.0076,0.675,0.13184,0.8,0.32976,0.825,0.3388,0.85
1320,1,1.0,0.682,0.16452,0.857,0.39744,0.882,0.37112,0.857
1321,,0.93232,0.632,0.1322,0.832,0.36512,0.832,0.30344,0.782
1322,,0.86464,0.582,0.09988,0.807,0.3328,0.782,0.23576,0.707
1323,,0.79696,0.532,0.06756,0.782,0.30048,0.732,0.16808,0.632
1324,,0.72928,0.482,0.03524,0.757,0.26816,0.682,0.1004,0.557
1325,,0.6616,0.432,0.00292,0.732,0.23584,0.632,0.03272,0.482
1326,,0.59392,0.382,-0.0294,0.707,0.20352,0.582,-0.03496,0.407
1327,7,0.62624,0.425,0.03828,0.8,0.3062,0.675,1.0,0.45
1328,,0.55856,0.375,0.00596,0.775,0.27388,0.625,0.93232,0.375
1329,,0.49088,0.325,-0.02636,0.75,0.24156,0.575,0.86464,0.3
1330,3,0.4882,0.332,1.0,0.807,0.30924,0.632,0.89696,0.307
1331,,0.42052,0.282,0.96768,0.782,0.27692,0.582,0.82928,0.232
1332,,0.35284,0.232,0.93536,0.757,0.2446,0.532,0.7616,0.157
1333,,0.28516,0.182,0.90304,0.732,0.21228,0.482,0.69392,0.082
1334,,0.21748,0.132,0.87072,0.707,0.17996,0.432,0.62624,0.007
1335,,0.1498,0.082,0.8384,0.682,0.14764,0.382,0.55856,-0.068
1336,8,0.16412,0.107,0.88808,0.757,0.23332,0.457,0.60888,1.0
1337,,0.09644,0.057,0.85576,0.732,0.201,0.407,0.5412,0.925
1338,,0.02876,0.007,0.82344,0.707,0.16868,0.357,0.47352,0.85
1339,,-0.03892,-0.043,0.79112,0.682,0.13636,0.307,0.40584,0.775
1340,2,-0.0496,1.0,0.8158,0.732,0.19704,0.357,0.43116,0.775
1341,1,1.0,1.0,0.84848,0.789,0.26472,0.414,0.46348,0.782
1342,,0.93232,0.95,0.81616,0.764,0.2324,0.364,0.3958,0.707
1343,,0.86464,0.9,0.78384,0.739,0.20008,0.314,0.32812,0.632
1344,,0.79696,0.85,0.75152,0.714,0.16776,0.264,0.26044,0.557
1345,,0.72928,0.8,0.7192,0.689,0.13544,0.214,0.19276,0.482
1346,,0.6616,0.75,0.68688,0.664,0.10312,0.164,0.12508,0.407
1347,,0.59392,0.7,0.65456,0.639,0.0708,0.114,0.0574,0.332
1348,,0.52624,0.65,0.62224,0.614,0.03848,0.064,-0.01028,0.257
1349,7,0.55856,0.693,0.68992,0.707,0.14116,0.157,1.0,0.3
1350,,0.49088,0.643,0.6576,0.682,0.10884,0.107,0.93232,0.225
1351,,0.4232,0.593,0.62528,0.657,0.07652,0.057,0.86464,0.15
1352,,0.35552,0.543,0.59296,0.632,0.0442,0.007,0.79696,0.075
1353,,0.28784,0.493,0.56064,0.607,0.01188,-0.043,0.72928,-0.0
1354,6,0.32716,0.543,0.63532,0.707,-0.22044,1.0,0.8046,0.05
1355,5,0.35948,0.586,0.703,0.8,1.0,0.75,0.87192,0.093
1356,,0.2918,0.536,0.67068,0.775,0.96768,0.7,0.80424,0.018
1357,,0.22412,0.486,0.63836,0.75,0.93536,0.65,0.73656,-0.057
1358,8,0.23844,0.511,0.68804,0.825,1.0,0.725,0.78688,1.0
1359,,0.17076,0.461,0.65572,0.8,0.96768,0.675,0.7192,0.925
1360,,0.10308,0.411,0.6234,0.775,0.93536,0.625,0.65152,0.85
1361,,0.0354,0.361,0.59108,0.75,0.90304,0.575,0.58384,0.775
1362,,-0.03228,0.311,0.55876,0.725,0.87072,0.525,0.51616,0.7
1363,1,1.0,0.318,0.59144,0.782,0.9384,0.582,0.54848,0.707
1364,,0.93232,0.268,0.55912,0.757,0.90608,0.532,0.4808,0.632
1365,,0.86464,0.218,0.5268,0.732,0.87376,0.482,0.41312,0.557
1366,,0.79696,0.168,0.49448,0.707,0.84144,0.432,0.34544,0.482
1367,,0.72928,0.118,0.46216,0.682,0.80912,0.382,0.27776,0.407
1368,,0.6616,0.068,0.42984,0.657,0.7768,0.332,0.21008,0.332
1369,,0.59392,0.018,0.39752,0.632,0.74448,0.282,0.1424,0.257
1370,,0.52624,-0.032,0.3652,0.607,0.71216,0.232,0.07472,0.182
1371,2,0.51556,1.0,0.38988,0.657,0.77284,0.282,0.10004,0.182
1372,,0.44788,0.95,0.35756,0.632,0.74052,0.232,0.03236,0.107
1373,,0.3802,0.9,0.32524,0.607,0.7082,0.182,-0.03532,0.032
1374,7,0.41252,0.943,0.39292,0.7,0.81088,0.275,1.0,0.075
1375,,0.34484,0.893,0.3606,0.675,0.77856,0.225,0.93232,-0.0
1376,,0.27716,0.843,0.32828,0.65,0.74624,0.175,0.86464,-0.075
1377,8,0.29148,0.868,0.37796,0.725,0.83192,0.25,0.91496,1.0
1378,,0.2238,0.818,0.34564,0.7,0.7996,0.2,0.84728,0.925
1379,,0.15612,0.768,0.31332,0.675,0.76728,0.15,0.7796,0.85
1380,,0.08844,0.718,0.281,0.65,0.73496,0.1,0.71192,0.775
1381,,0.02076,0.668,0.24868,0.625,0.70264,0.05,0.64424,0.7
1382,,-0.04692,0.618,0.21636,0.6,0.67032,0.0,0.57656,0.625
1383,1,1.0,0.625,0.24904,0.657,0.738,0.057,0.60888,0.632
1384,,0.93232,0.575,0.21672,0.632,0.70568,0.007,0.5412,0.557
1385,,0.86464,0.525,0.1844,0.607,0.67336,-0.043,0.47352,0.482
1386,6,0.90396,0.575,0.25908,0.707,0.44104,1.0,0.54884,0.532
1387,,0.83628,0.525,0.22676,0.682,0.40872,0.95,0.48116,0.457
1388,,0.7686,0.475,0.19444,0.657,0.3764,0.9,0.41348,0.382
1389,,0.70092,0.425,0.16212,0.632,0.34408,0.85,0.3458,0.307
1390,,0.63324,0.375,0.1298,0.607,0.31176,0.8,0.27812,0.232
1391,,0.56556,0.325,0.09748,0.582,0.27944,0.75,0.21044,0.157
1392,,0.49788,0.275,0.06516,0.557,0.24712,0.7,0.14276,0.082
1393,,0.4302,0.225,0.03284,0.532,0.2148,0.65,0.07508,0.007
1394,,0.36252,0.175,0.00052,0.507,0.18248,0.6,0.0074,-0.068
1395,8,0.37684,0.2,0.0502,0.582,0.26816,0.675,0.05772,1.0
1396,,0.30916,0.15,0.01788,0.557,0.23584,0.625,-0.00996,0.925
1397,7,0.34148,0.193,0.08556,0.65,0.33852,0.718,1.0,0.968
1398,,0.2738,0.143,0.05324,0.625,0.3062,0.668,0.93232,0.893
1399,,0.20612,0.093,0.02092,0.6,0.27388,0.618,0.86464,0.818
1400,,0.13844,0.043,-0.0114,0.575,0.24156,0.568,0.79696,0.743
1401,3,0.13576,0.05,1.0,0.632,0.30924,0.625,0.82928,0.75
1402,,0.06808,0.0,0.96768,0.607,0.27692,0.575,0.7616,0.675
1403,,0.0004,-0.05,0.93536,0.582,0.2446,0.525,0.69392,0.6
1404,2,-0.01028,1.0,0.96004,0.632,0.30528,0.575,0.71924,0.6
1405,1,1.0,1.0,0.99272,0.689,0.37296,0.632,0.75156,0.607
1406,,0.93232,0.95,0.9604,0.664,0.34064,0.582,0.68388,0.532
1407,,0.86464,0.9,0.92808,0.639,0.30832,0.532,0.6162,0.457
1408,,0.79696,0.85,0.89576,0.614,0.276,0.482,0.54852,0.382
1409,,0.72928,0.8,0.86344,0.589,0.24368,0.432,0.48084,0.307
1410,,0.6616,0.75,0.83112,0.564,0.21136,0.382,0.41316,0.232
1411,,0.59392,0.7,0.7988,0.539,0.17904,0.332,0.34548,0.157
1412,,0.52624,0.65,0.76648,0.514,0.14672,0.282,0.2778,0.082
1413,,0.45856,0.6,0.73416,0.489,0.1144,0.232,0.21012,0.007
1414,,0.39088,0.55,0.70184,0.464,0.08208,0.182,0.14244,-0.068
1415,8,0.4052,0.575,0.75152,0.539,0.16776,0.257,0.19276,1.0
1416,,0.33752,0.525,0.7192,0.514,0.13544,0.207,0.12508,0.925
1417,,0.26984,0.475,0.68688,0.489,0.10312,0.157,0.0574,0.85
1418,,0.20216,0.425,0.65456,0.464,0.0708,0.107,-0.01028,0.775
1419,7,0.23448,0.468,0.72224,0.557,0.17348,0.2,1.0,0.818
1420,,0.1668,0.418,0.68992,0.532,0.14116,0.15,0.93232,0.743
1421,,0.09912,0.368,0.6576,0.507,0.10884,0.1,0.86464,0.668
1422,,0.03144,0.318,0.62528,0.482,0.07652,0.05,0.79696,0.593
1423,,-0.03624,0.268,0.59296,0.457,0.0442,0.0,0.72928,0.518
1424,1,1.0,0.275,0.62564,0.514,0.11188,0.057,0.7616,0.525
1425,,0.93232,0.225,0.59332,0.489,0.07956,0.007,0.69392,0.45
1426,,0.86464,0.175,0.561,0.464,0.04724,-0.043,0.62624,0.375
1427,6,0.90396,0.225,0.63568,0.564,-0.18508,1.0,0.70156,0.425
1428,5,0.93628,0.268,0.70336,0.657,1.0,0.75,0.76888,0.468
1429,,0.8686,0.218,0.67104,0.632,0.96768,0.7,0.7012,0.393
1430,,0.80092,0.168,0.63872,0.607,0.93536,0.65,0.63352,0.318
1431,,0.73324,0.118,0.6064,0.582,0.90304,0.6,0.56584,0.243
1432,,0.66556,0.068,0.57408,0.557,0.87072,0.55,0.49816,0.168
1433,,0.59788,0.018,0.54176,0.532,0.8384,0.5,0.43048,0.093
1434,,0.5302,-0.032,0.50944,0.507,0.80608,0.45,0.3628,0.018
1435,2,0.51952,1.0,0.53412,0.557,0.86676,0.5,0.38812,0.018
1436,,0.45184,0.95,0.5018,0.532,0.83444,0.45,0.32044,-0.057
1437,8,0.46616,0.975,0.55148,0.607,0.92012,0.525,0.37076,1.0
1438,,0.39848,0.925,0.51916,0.582,0.8878,0.475,0.30308,0.925
1439,,0.3308,0.875,0.48684,0.557,0.85548,0.425,0.2354,0.85
1440,,0.26312,0.825,0.45452,0.532,0.82316,0.375,0.16772,0.775
1441,,0.19544,0.775,0.4222,0.507,0.79084,0.325,0.10004,0.7
1442,,0.12776,0.725,0.38988,0.482,0.75852,0.275,0.03236,0.625
1443,,0.06008,0.675,0.35756,0.457,0.7262,0.225,-0.03532,0.55
1444,7,0.0924,0.718,0.42524,0.55,0.82888,0.318,1.0,0.593
1445,,0.02472,0.668,0.39292,0.525,0.79656,0.268,0.93232,0.518
1446,,-0.04296,0.618,0.3606,0.5,0.76424,0.218,0.86464,0.443
1447,1,1.0,0.625,0.39328,0.557,0.83192,0.275,0.89696,0.45
1448,,0.93232,0.575,0.36096,0.532,0.7996,0.225,0.82928,0.375
1449,,0.86464,0.525,0.32864,0.507,0.76728,0.175,0.7616,0.3
1450,,0.79696,0.475,0.29632,0.482,0.73496,0.125,0.69392,0.225
1451,,0.72928,0.425,0.264,0.457,0.70264,0.075,0.62624,0.15
1452,,0.6616,0.375,0.23168,0.432,0.67032,0.025,0.55856,0.075
1453,,0.59392,0.325,0.19936,0.407,0.638,-0.025,0.49088,-0.0
1454,6,0.63324,0.375,0.27404,0.507,0.40568,1.0,0.5662,0.05
1455,,0.56556,0.325,0.24172,0.482,0.37336,0.95,0.49852,-0.025
1456,8,0.57988,0.35,0.2914,0.557,0.45904,1.0,0.54884,1.0
1457,,0.5122,0.3,0.25908,0.532,0.42672,0.95,0.48116,0.925
1458,,0.44452,0.25,0.22676,0.507,0.3944,0.9,0.41348,0.85
1459,,0.37684,0.2,0.19444,0.482,0.36208,0.85,0.3458,0.775
1460,,0.30916,0.15,0.16212,0.457,0.32976,0.8,0.27812,0.7
1461,,0.24148,0.1,0.1298,0.432,0.29744,0.75,0.21044,0.625
1462,,0.1738,0.05,0.09748,0.407,0.26512,0.7,0.14276,0.55
1463,,0.10612,0.0,0.06516,0.382,0.2328,0.65,0.07508,0.475
1464,,0.03844,-0.05,0.03284,0.357,0.20048,0.6,0.0074,0.4
1465,2,0.02776,1.0,0.05752,0.407,0.26116,0.65,0.03272,0.4
1466,,-0.03992,0.95,0.0252,0.382,0.22884,0.6,-0.03496,0.325
1467,1,1.0,0.957,0.05788,0.439,0.29652,0.657,-0.00264,0.332
1468,7,1.0,1.0,0.12556,0.532,0.3992,0.75,1.0,0.375
1469,,0.93232,0.95,0.09324,0.507,0.36688,0.7,0.93232,0.3
1470,,0.86464,0.9,0.06092,0.482,0.33456,0.65,0.86464,0.225
1471,,0.79696,0.85,0.0286,0.457,0.30224,0.6,0.79696,0.15
1472,,0.72928,0.8,-0.00372,0.432,0.26992,0.55,0.72928,0.075
1473,3,0.7266,0.807,1.0,0.489,0.3376,0.607,0.7616,0.082
1474,,0.65892,0.757,0.96768,0.464,0.30528,0.557,0.69392,0.007
1475,,0.59124,0.707,0.93536,0.439,0.27296,0.507,0.62624,-0.068
1476,8,0.60556,0.732,0.98504,0.514,0.35864,0.582,0.67656,1.0
1477,,0.53788,0.682,0.95272,0.489,0.32632,0.532,0.60888,0.925
1478,,0.4702,0.632,0.9204,0.464,0.294,0.482,0.5412,0.85
1479,,0.40252,0.582,0.88808,0.439,0.26168,0.432,0.47352,0.775
1480,,0.33484,0.532,0.85576,0.414,0.22936,0.382,0.40584,0.7
1481,,0.26716,0.482,0.82344,0.389,0.19704,0.332,0.33816,0.625
1482,,0.19948,0.432,0.79112,0.364,0.16472,0.282,0.27048,0.55
1483,,0.1318,0.382,0.7588,0.339,0.1324,0.232,0.2028,0.475
1484,,0.06412,0.332,0.72648,0.314,0.10008,0.182,0.13512,0.4
1485,,-0.00356,0.282,0.69416,0.289,0.06776,0.132,0.06744,0.325
1486,1,1.0,0.289,0.72684,0.346,0.13544,0.189,0.09976,0.332
1487,,0.93232,0.239,0.69452,0.321,0.10312,0.139,0.03208,0.257
1488,,0.86464,0.189,0.6622,0.296,0.0708,0.089,-0.0356,0.182
1489,7,0.89696,0.232,0.72988,0.389,0.17348,0.182,1.0,0.225
1490,,0.82928,0.182,0.69756,0.364,0.14116,0.132,0.93232,0.15
1491,,0.7616,0.132,0.66524,0.339,0.10884,0.082,0.86464,0.075
1492,,0.69392,0.082,0.63292,0.314,0.07652,0.032,0.79696,-0.0
1493,,0.62624,0.032,0.6006,0.289,0.0442,-0.018,0.72928,-0.075
1494,8,0.64056,0.057,0.65028,0.364,0.12988,0.057,0.7796,1.0
1495,,0.57288,0.007,0.61796,0.339,0.09756,0.007,0.71192,0.925
1496,,0.5052,-0.043,0.58564,0.314,0.06524,-0.043,0.64424,0.85
1497,6,0.54452,0.007,0.66032,0.414,-0.16708,1.0,0.71956,0.9
1498,5,0.57684,0.05,0.728,0.507,1.0,0.75,0.78688,0.943
1499,,0.50916,0.0,0.69568,0.482,0.96768,0.7,0.7192,0.868
1500,,0.44148,-0.05,0.66336,0.457,0.93536,0.65,0.65152,0.793
1501,2,0.4308,1.0,0.68804,0.507,0.99604,0.7,0.67684,0.793
1502,,0.36312,0.95,0.65572,0.482,0.96372,0.65,0.60916,0.718
1503,,0.29544,0.9,0.6234,0.457,0.9314,0.6,0.54148,0.643
1504,,0.22776,0.85,0.59108,0.432,0.89908,0.55,0.4738,0.568
1505,,0.16008,0.8,0.55876,0.407,0.86676,0.5,0.40612,0.493
1506,,0.0924,0.75,0.52644,0.382,0.83444,0.45,0.33844,0.418
1507,,0.02472,0.7,0.49412,0.357,0.80212,0.4,0.27076,0.343
1508,,-0.04296,0.65,0.4618,0.332,0.7698,0.35,0.20308,0.268
1509,1,1.0,0.657,0.49448,0.389,0.83748,0.407,0.2354,0.275
1510,,0.93232,0.607,0.46216,0.364,0.80516,0.357,0.16772,0.2
1511,,0.86464,0.557,0.42984,0.339,0.77284,0.307,0.10004,0.125
1512,,0.79696,0.507,0.39752,0.314,0.74052,0.257,0.03236,0.05
1513,,0.72928,0.457,0.3652,0.289,0.7082,0.207,-0.03532,-0.025
1514,7,0.7616,0.5,0.43288,0.382,0.81088,0.3,1.0,0.018
1515,,0.69392,0.45,0.40056,0.357,0.77856,0.25,0.93232,-0.057
1516,8,0.70824,0.475,0.45024,0.432,0.86424,0.325,0.98264,1.0
1517,,0.64056,0.425,0.41792,0.407,0.83192,0.275,0.91496,0.925
1518,,0.57288,0.375,0.3856,0.382,0.7996,0.225,0.84728,0.85
1519,,0.5052,0.325,0.35328,0.357,0.76728,0.175,0.7796,0.775
1520,,0.43752,0.275,0.32096,0.332,0.73496,0.125,0.71192,0.7
1521,,0.36984,0.225,0.28864,0.307,0.70264,0.075,0.64424,0.625
1522,,0.30216,0.175,0.25632,0.282,0.67032,0.025,0.57656,0.55
1523,,0.23448,0.125,0.224,0.257,0.638,-0.025,0.50888,0.475
1524,6,0.2738,0.175,0.29868,0.357,0.40568,1.0,0.5842,0.525
1525,,0.20612,0.125,0.26636,0.332,0.37336,0.95,0.51652,0.45
1526,,0.13844,0.075,0.23404,0.307,0.34104,0.9,0.44884,0.375
1527,,0.07076,0.025,0.20172,0.282,0.30872,0.85,0.38116,0.3
1528,,0.00308,-0.025,0.1694,0.257,0.2764,0.8,0.31348,0.225
1529,2,-0.0076,1.0,0.19408,0.307,0.33708,0.85,0.3388,0.225
1530,1,1.0,1.0,0.22676,0.364,0.40476,0.907,0.37112,0.232
1531,,0.93232,0.95,0.19444,0.339,0.37244,0.857,0.30344,0.157
1532,,0.86464,0.9,0.16212,0.314,0.34012,0.807,0.23576,0.082
1533,,0.79696,0.85,0.1298,0.289,0.3078,0.757,0.16808,0.007
1534,,0.72928,0.8,0.09748,0.264,0.27548,0.707,0.1004,-0.068
1535,8,0.7436,0.825,0.14716,0.339,0.36116,0.782,0.15072,1.0
1536,,0.67592,0.775,0.11484,0.314,0.32884,0.732,0.08304,0.925
1537,,0.60824,0.725,0.08252,0.289,0.29652,0.682,0.01536,0.85
1538,,0.54056,0.675,0.0502,0.264,0.2642,0.632,-0.05232,0.775
1539,7,0.57288,0.718,0.11788,0.357,0.36688,0.725,1.0,0.818
1540,,0.5052,0.668,0.08556,0.332,0.33456,0.675,0.93232,0.743
1541,,0.43752,0.618,0.05324,0.307,0.30224,0.625,0.86464,0.668
1542,,0.36984,0.568,0.02092,0.282,0.26992,0.575,0.79696,0.593
1543,,0.30216,0.518,-0.0114,0.257,0.2376,0.525,0.72928,0.518
1544,3,0.29948,0.525,1.0,0.314,0.30528,0.582,0.7616,0.525
1545,,0.2318,0.475,0.96768,0.289,0.27296,0.532,0.69392,0.45
1546,,0.16412,0.425,0.93536,0.264,0.24064,0.482,0.62624,0.375
1547,,0.09644,0.375,0.90304,0.239,0.20832,0.432,0.55856,0.3
1548,,0.02876,0.325,0.87072,0.214,0.176,0.382,0.49088,0.225
1549,,-0.03892,0.275,0.8384,0.189,0.14368,0.332,0.4232,0.15
1550,1,1.0,0.282,0.87108,0.246,0.21136,0.389,0.45552,0.157
1551,,0.93232,0.232,0.83876,0.221,0.17904,0.339,0.38784,0.082
1552,,0.86464,0.182,0.80644,0.196,0.14672,0.289,0.32016,0.007
1553,,0.79696,0.132,0.77412,0.171,0.1144,0.239,0.25248,-0.068
1554,8,0.81128,0.157,0.8238,0.246,0.20008,0.314,0.3028,1.0
1555,,0.7436,0.107,0.79148,0.221,0.16776,0.264,0.23512,0.925
1556,,0.67592,0.057,0.75916,0.196,0.13544,0.214,0.16744,0.85
1557,,0.60824,0.007,0.72684,0.171,0.10312,0.164,0.09976,0.775
1558,,0.54056,-0.043,0.69452,0.146,0.0708,0.114,0.03208,0.7
1559,2,0.52988,1.0,0.7192,0.196,0.13148,0.164,0.0574,0.7
1560,,0.4622,0.95,0.68688,0.171,0.09916,0.114,-0.01028,0.625
1561,7,0.49452,0.993,0.75456,0.264,0.20184,0.207,1.0,0.668
1562,,0.42684,0.943,0.72224,0.239,0.16952,0.157,0.93232,0.593
1563,,0.35916,0.893,0.68992,0.214,0.1372,0.107,0.86464,0.518
1564,,0.29148,0.843,0.6576,0.189,0.10488,0.057,0.79696,0.443
1565,,0.2238,0.793,0.62528,0.164,0.07256,0.007,0.72928,0.368
1566,,0.15612,0.743,0.59296,0.139,0.04024,-0.043,0.6616,0.293
1567,6,0.19544,0.793,0.66764,0.239,-0.19208,1.0,0.73692,0.343
1568,5,0.22776,0.836,0.73532,0.332,1.0,0.75,0.80424,0.386
1569,,0.16008,0.786,0.703,0.307,0.96768,0.7,0.73656,0.311
1570,,0.0924,0.736,0.67068,0.282,0.93536,0.65,0.66888,0.236
1571,,0.02472,0.686,0.63836,0.257,0.90304,0.6,0.6012,0.161
1572,,-0.04296,0.636,0.60604,0.232,0.87072,0.55,0.53352,0.086
1573,1,1.0,0.643,0.63872,0.289,0.9384,0.607,0.56584,0.093
1574,,0.93232,0.593,0.6064,0.264,0.90608,0.557,0.49816,0.018
1575,,0.86464,0.543,0.57408,0.239,0.87376,0.507,0.43048,-0.057
1576,8,0.87896,0.568,0.62376,0.314,0.95944,0.582,0.4808,1.0
1577,,0.81128,0.518,0.59144,0.289,0.92712,0.532,0.41312,0.925
1578,,0.7436,0.468,0.55912,0.264,0.8948,0.482,0.34544,0.85
1579,,0.67592,0.418,0.5268,0.239,0.86248,0.432,0.27776,0.775
1580,,0.60824,0.368,0.49448,0.214,0.83016,0.382,0.21008,0.7
1581,,0.54056,0.318,0.46216,0.189,0.79784,0.332,0.1424,0.625
1582,,0.47288,0.268,0.42984,0.164,0.76552,0.282,0.07472,0.55
1583,,0.4052,0.218,0.39752,0.139,0.7332,0.232,0.00704,0.475
1584,,0.33752,0.168,0.3652,0.114,0.70088,0.182,-0.06064,0.4
1585,7,0.36984,0.211,0.43288,0.207,0.80356,0.275,1.0,0.443
1586,,0.30216,0.161,0.40056,0.182,0.77124,0.225,0.93232,0.368
1587,,0.23448,0.111,0.36824,0.157,0.73892,0.175,0.86464,0.293
1588,,0.1668,0.061,0.33592,0.132,0.7066,0.125,0.79696,0.218
1589,,0.09912,0.011,0.3036,0.107,0.67428,0.075,0.72928,0.143
1590,,0.03144,-0.039,0.27128,0.082,0.64196,0.025,0.6616,0.068
1591,2,0.02076,1.0,0.29596,0.132,0.70264,0.075,0.68692,0.068
1592,,-0.04692,0.95,0.26364,0.107,0.67032,0.025,0.61924,-0.007
1593,1,1.0,0.957,0.29632,0.164,0.738,0.082,0.65156,-0.0
1594,,0.93232,0.907,0.264,0.139,0.70568,0.032,0.58388,-0.075
1595,8,0.94664,0.932,0.31368,0.214,0.79136,0.107,0.6342,1.0
1596,,0.87896,0.882,0.28136,0.189,0.75904,0.057,0.56652,0.925
1597,,0.81128,0.832,0.24904,0.164,0.72672,0.007,0.49884,0.85
1598,,0.7436,0.782,0.21672,0.139,0.6944,-0.043,0.43116,0.775
1599,6,0.78292,0.832,0.2914,0.239,0.46208,1.0,0.50648,0.825
1600,,0.71524,0.782,0.25908,0.214,0.42976,0.95,0.4388,0.75
1601,,0.64756,0.732,0.22676,0.189,0.39744,0.9,0.37112,0.675
1602,,0.57988,0.682,0.19444,0.164,0.36512,0.85,0.30344,0.6
1603,,0.5122,0.632,0.16212,0.139,0.3328,0.8,0.23576,0.525
1604,,0.44452,0.582,0.1298,0.114,0.30048,0.75,0.16808,0.45
1605,,0.37684,0.532,0.09748,0.089,0.26816,0.7,0.1004,0.375
1606,,0.30916,0.482,0.06516,0.064,0.23584,0.65,0.03272,0.3
1607,,0.24148,0.432,0.03284,0.039,0.20352,0.6,-0.03496,0.225
1608,7,0.2738,0.475,0.10052,0.132,0.3062,0.693,1.0,0.268
1609,,0.20612,0.425,0.0682,0.107,0.27388,0.643,0.93232,0.193
1610,,0.13844,0.375,0.03588,0.082,0.24156,0.593,0.86464,0.118
1611,,0.07076,0.325,0.00356,0.057,0.20924,0.543,0.79696,0.043
1612,,0.00308,0.275,-0.02876,0.032,0.17692,0.493,0.72928,-0.032
1613,8,0.0174,0.3,0.02092,0.107,0.2626,0.568,0.7796,1.0
1614,,-0.05028,0.25,-0.0114,0.082,0.23028,0.518,0.71192,0.925
1615,1,1.0,0.257,0.02128,0.139,0.29796,0.575,0.74424,0.932
1616,,0.93232,0.207,-0.01104,0.114,0.26564,0.525,0.67656,0.857
1617,3,0.92964,0.214,1.0,0.171,0.33332,0.582,0.70888,0.864
1618,,0.86196,0.164,0.96768,0.146,0.301,0.532,0.6412,0.789
1619,,0.79428,0.114,0.93536,0.121,0.26868,0.482,0.57352,0.714
1620,,0.7266,0.064,0.90304,0.096,0.23636,0.432,0.50584,0.639
1621,,0.65892,0.014,0.87072,0.071,0.20404,0.382,0.43816,0.564
1622,,0.59124,-0.036,0.8384,0.046,0.17172,0.332,0.37048,0.489
1623,2,0.58056,1.0,0.86308,0.096,0.2324,0.382,0.3958,0.489
1624,,0.51288,0.95,0.83076,0.071,0.20008,0.332,0.32812,0.414
1625,,0.4452,0.9,0.79844,0.046,0.16776,0.282,0.26044,0.339
1626,,0.37752,0.85,0.76612,0.021,0.13544,0.232,0.19276,0.264
1627,,0.30984,0.8,0.7338,-0.004,0.10312,0.182,0.12508,0.189
1628,4,0.32416,0.825,0.78348,1.0,0.1888,0.257,0.1754,0.214
1629,,0.25648,0.775,0.75116,0.975,0.15648,0.207,0.10772,0.139
1630,,0.1888,0.725,0.71884,0.95,0.12416,0.157,0.04004,0.064
1631,,0.12112,0.675,0.68652,0.925,0.09184,0.107,-0.02764,-0.011
1632,7,0.15344,0.718,0.7542,1.0,0.19452,0.2,1.0,0.032
1633,,0.08576,0.668,0.72188,0.975,0.1622,0.15,0.93232,-0.043
1634,8,0.10008,0.693,0.77156,1.0,0.24788,0.225,0.98264,1.0
1635,,0.0324,0.643,0.73924,0.975,0.21556,0.175,0.91496,0.925
1636,,-0.03528,0.593,0.70692,0.95,0.18324,0.125,0.84728,0.85
1637,1,1.0,0.6,0.7396,1.0,0.25092,0.182,0.8796,0.857
1638,,0.93232,0.55,0.70728,0.975,0.2186,0.132,0.81192,0.782
1639,,0.86464,0.5,0.67496,0.95,0.18628,0.082,0.74424,0.707
1640,,0.79696,0.45,0.64264,0.925,0.15396,0.032,0.67656,0.632
1641,,0.72928,0.4,0.61032,0.9,0.12164,-0.018,0.60888,0.557
1642,6,0.7686,0.45,0.685,1.0,-0.11068,1.0,0.6842,0.607
1643,5,0.80092,0.493,0.75268,1.0,1.0,0.75,0.75152,0.65
1644,,0.73324,0.443,0.72036,0.975,0.96768,0.7,0.68384,0.575
1645,,0.66556,0.393,0.68804,0.95,0.93536,0.65,0.61616,0.5
1646,,0.59788,0.343,0.65572,0.925,0.90304,0.6,0.54848,0.425
1647,,0.5302,0.293,0.6234,0.9,0.87072,0.55,0.4808,0.35
1648,,0.46252,0.243,0.59108,0.875,0.8384,0.5,0.41312,0.275
1649,,0.39484,0.193,0.55876,0.85,0.80608,0.45,0.34544,0.2
1650,,0.32716,0.143,0.52644,0.825,0.77376,0.4,0.27776,0.125
1651,,0.25948,0.093,0.49412,0.8,0.74144,0.35,0.21008,0.05
1652,,0.1918,0.043,0.4618,0.775,0.70912,0.3,0.1424,-0.025
1653,8,0.20612,0.068,0.51148,0.85,0.7948,0.375,0.19272,1.0
1654,,0.13844,0.018,0.47916,0.825,0.76248,0.325,0.12504,0.925
1655,,0.07076,-0.032,0.44684,0.8,0.73016,0.275,0.05736,0.85
1656,2,0.06008,1.0,0.47152,0.85,0.79084,0.325,0.08268,0.85
1657,,-0.0076,0.95,0.4392,0.825,0.75852,0.275,0.015,0.775
1658,1,1.0,0.957,0.47188,0.882,0.8262,0.332,0.04732,0.782
1659,,0.93232,0.907,0.43956,0.857,0.79388,0.282,-0.02036,0.707
1660,7,0.96464,0.95,0.50724,0.95,0.89656,0.375,1.0,0.75
1661,,0.89696,0.9,0.47492,0.925,0.86424,0.325,0.93232,0.675
1662,,0.82928,0.85,0.4426,0.9,0.83192,0.275,0.86464,0.6
1663,,0.7616,0.8,0.41028,0.875,0.7996,0.225,0.79696,0.525
1664,,0.69392,0.75,0.37796,0.85,0.76728,0.175,0.72928,0.45
1665,,0.62624,0.7,0.34564,0.825,0.73496,0.125,0.6616,0.375
1666,,0.55856,0.65,0.31332,0.8,0.70264,0.075,0.59392,0.3
1667,,0.49088,0.6,0.281,0.775,0.67032,0.025,0.52624,0.225
1668,,0.4232,0.55,0.24868,0.75,0.638,-0.025,0.45856,0.15
1669,6,0.46252,0.6,0.32336,0.85,0.40568,1.0,0.53388,0.2
1670,,0.39484,0.55,0.29104,0.825,0.37336,0.95,0.4662,0.125
1671,,0.32716,0.5,0.25872,0.8,0.34104,0.9,0.39852,0.05
1672,,0.25948,0.45,0.2264,0.775,0.30872,0.85,0.33084,-0.025
1673,8,0.2738,0.475,0.27608,0.85,0.3944,0.925,0.38116,1.0
1674,,0.20612,0.425,0.24376,0.825,0.36208,0.875,0.31348,0.925
1675,,0.13844,0.375,0.21144,0.8,0.32976,0.825,0.2458,0.85
1676,,0.07076,0.325,0.17912,0.775,0.29744,0.775,0.17812,0.775
1677,,0.00308,0.275,0.1468,0.75,0.26512,0.725,0.11044,0.7
1678,,-0.0646,0.225,0.11448,0.725,0.2328,0.675,0.04276,0.625
1679,1,1.0,0.232,0.14716,0.782,0.30048,0.732,0.07508,0.632
1680,,0.93232,0.182,0.11484,0.757,0.26816,0.682,0.0074,0.557
1681,,0.86464,0.132,0.08252,0.732,0.23584,0.632,-0.06028,0.482
1682,7,0.89696,0.175,0.1502,0.825,0.33852,0.725,1.0,0.525
1683,,0.82928,0.125,0.11788,0.8,0.3062,0.675,0.93232,0.45
1684,,0.7616,0.075,0.08556,0.775,0.27388,0.625,0.86464,0.375
1685,,0.69392,0.025,0.05324,0.75,0.24156,0.575,0.79696,0.3
1686,,0.62624,-0.025,0.02092,0.725,0.20924,0.525,0.72928,0.225
1687,2,0.61556,1.0,0.0456,0.775,0.26992,0.575,0.7546,0.225
1688,,0.54788,0.95,0.01328,0.75,0.2376,0.525,0.68692,0.15
1689,,0.4802,0.9,-0.01904,0.725,0.20528,0.475,0.61924,0.075
1690,3,0.47752,0.907,1.0,0.782,0.27296,0.532,0.65156,0.082
1691,,0.40984,0.857,0.96768,0.757,0.24064,0.482,0.58388,0.007
1692,,0.34216,0.807,0.93536,0.732,0.20832,0.432,0.5162,-0.068
1693,8,0.35648,0.832,0.98504,0.807,0.294,0.507,0.56652,1.0
1694,,0.2888,0.782,0.95272,0.782,0.26168,0.457,0.49884,0.925
1695,,0.22112,0.732,0.9204,0.757,0.22936,0.407,0.43116,0.85
1696,,0.15344,0.682,0.88808,0.732,0.19704,0.357,0.36348,0.775
1697,,0.08576,0.632,0.85576,0.707,0.16472,0.307,0.2958,0.7
1698,,0.01808,0.582,0.82344,0.682,0.1324,0.257,0.22812,0.625
1699,,-0.0496,0.532,0.79112,0.657,0.10008,0.207,0.16044,0.55
1700,1,1.0,0.539,0.8238,0.714,0.16776,0.264,0.19276,0.557
1701,,0.93232,0.489,0.79148,0.689,0.13544,0.214,0.12508,0.482
1702,,0.86464,0.439,0.75916,0.664,0.10312,0.164,0.0574,0.407
1703,,0.79696,0.389,0.72684,0.639,0.0708,0.114,-0.01028,0.332
1704,7,0.82928,0.432,0.79452,0.732,0.17348,0.207,1.0,0.375
1705,,0.7616,0.382,0.7622,0.707,0.14116,0.157,0.93232,0.3
1706,,0.69392,0.332,0.72988,0.682,0.10884,0.107,0.86464,0.225
1707,,0.62624,0.282,0.69756,0.657,0.07652,0.057,0.79696,0.15
1708,,0.55856,0.232,0.66524,0.632,0.0442,0.007,0.72928,0.075
1709,,0.49088,0.182,0.63292,0.607,0.01188,-0.043,0.6616,-0.0
1710,6,0.5302,0.232,0.7076,0.707,-0.22044,1.0,0.73692,0.05
1711,5,0.56252,0.275,0.77528,0.8,1.0,0.75,0.80424,0.093
1712,,0.49484,0.225,0.74296,0.775,0.96768,0.7,0.73656,0.018
1713,,0.42716,0.175,0.71064,0.75,0.93536,0.65,0.66888,-0.057
1714,8,0.44148,0.2,0.76032,0.825,1.0,0.725,0.7192,1.0
1715,,0.3738,0.15,0.728,0.8,0.96768,0.675,0.65152,0.925
1716,,0.30612,0.1,0.69568,0.775,0.93536,0.625,0.58384,0.85
1717,,0.23844,0.05,0.66336,0.75,0.90304,0.575,0.51616,0.775
1718,,0.17076,0.0,0.63104,0.725,0.87072,0.525,0.44848,0.7
1719,,0.10308,-0.05,0.59872,0.7,0.8384,0.475,0.3808,0.625
1720,2,0.0924,1.0,0.6234,0.75,0.89908,0.525,0.40612,0.625
1721,,0.02472,0.95,0.59108,0.725,0.86676,0.475,0.33844,0.55
1722,,-0.04296,0.9,0.55876,0.7,0.83444,0.425,0.27076,0.475
1723,1,1.0,0.907,0.59144,0.757,0.90212,0.482,0.30308,0.482
1724,,0.93232,0.857,0.55912,0.732,0.8698,0.432,0.2354,0.407
1725,,0.86464,0.807,0.5268,0.707,0.83748,0.382,0.16772,0.332
1726,,0.79696,0.757,0.49448,0.682,0.80516,0.332,0.10004,0.257
1727,,0.72928,0.707,0.46216,0.657,0.77284,0.282,0.03236,0.182
1728,,0.6616,0.657,0.42984,0.632,0.74052,0.232,-0.03532,0.107
1729,7,0.69392,0.7,0.49752,0.725,0.8432,0.325,1.0,0.15
1730,,0.62624,0.65,0.4652,0.7,0.81088,0.275,0.93232,0.075
1731,,0.55856,0.6,0.43288,0.675,0.77856,0.225,0.86464,-0.0
1732,,0.49088,0.55,0.40056,0.65,0.74624,0.175,0.79696,-0.075
1733,8,0.5052,0.575,0.45024,0.725,0.83192,0.25,0.84728,1.0
1734,,0.43752,0.525,0.41792,0.7,0.7996,0.2,0.7796,0.925
1735,,0.36984,0.475,0.3856,0.675,0.76728,0.15,0.71192,0.85
1736,,0.30216,0.425,0.35328,0.65,0.73496,0.1,0.64424,0.775
1737,,0.23448,0.375,0.32096,0.625,0.70264,0.05,0.57656,0.7
1738,,0.1668,0.325,0.28864,0.6,0.67032,0.0,0.50888,0.625
1739,,0.09912,0.275,0.25632,0.575,0.638,-0.05,0.4412,0.55
1740,6,0.13844,0.325,0.331,0.675,0.40568,1.0,0.51652,0.6
1741,,0.07076,0.275,0.29868,0.65,0.37336,0.95,0.44884,0.525
1742,,0.00308,0.225,0.26636,0.625,0.34104,0.9,0.38116,0.45
1743,,-0.0646,0.175,0.23404,0.6,0.30872,0.85,0.31348,0.375
1744,1,1.0,0.182,0.26672,0.657,0.3764,0.907,0.3458,0.382
1745,,0.93232,0.132,0.2344,0.632,0.34408,0.857,0.27812,0.307
1746,,0.86464,0.082,0.20208,0.607,0.31176,0.807,0.21044,0.232
1747,,0.79696,0.032,0.16976,0.582,0.27944,0.757,0.14276,0.157
1748,,0.72928,-0.018,0.13744,0.557,0.24712,0.707,0.07508,0.082
1749,2,0.7186,1.0,0.16212,0.607,0.3078,0.757,0.1004,0.082
1750,,0.65092,0.95,0.1298,0.582,0.27548,0.707,0.03272,0.007
1751,,0.58324,0.9,0.09748,0.557,0.24316,0.657,-0.03496,-0.068
1752,8,0.59756,0.925,0.14716,0.632,0.32884,0.732,0.01536,1.0
1753,,0.52988,0.875,0.11484,0.607,0.29652,0.682,-0.05232,0.925
1754,7,0.5622,0.918,0.18252,0.7,0.3992,0.775,1.0,0.968
1755,,0.49452,0.868,0.1502,0.675,0.36688,0.725,0.93232,0.893
1756,,0.42684,0.818,0.11788,0.65,0.33456,0.675,0.86464,0.818
1757,,0.35916,0.768,0.08556,0.625,0.30224,0.625,0.79696,0.743
1758,,0.29148,0.718,0.05324,0.6,0.26992,0.575,0.72928,0.668
1759,,0.2238,0.668,0.02092,0.575,0.2376,0.525,0.6616,0.593
1760,,0.15612,0.618,-0.0114,0.55,0.20528,0.475,0.59392,0.518
1761,3,0.15344,0.625,1.0,0.607,0.27296,0.532,0.62624,0.525
1762,,0.08576,0.575,0.96768,0.582,0.24064,0.482,0.55856,0.45
1763,,0.01808,0.525,0.93536,0.557,0.20832,0.432,0.49088,0.375
1764,,-0.0496,0.475,0.90304,0.532,0.176,0.382,0.4232,0.3
1765,1,1.0,0.482,0.93572,0.589,0.24368,0.439,0.45552,0.307
1766,,0.93232,0.432,0.9034,0.564,0.21136,0.389,0.38784,0.232
1767,,0.86464,0.382,0.87108,0.539,0.17904,0.339,0.32016,0.157
1768,,0.79696,0.332,0.83876,0.514,0.14672,0.289,0.25248,0.082
1769,,0.72928,0.282,0.80644,0.489,0.1144,0.239,0.1848,0.007
1770,,0.6616,0.232,0.77412,0.464,0.08208,0.189,0.11712,-0.068
1771,8,0.67592,0.257,0.8238,0.539,0.16776,0.264,0.16744,1.0
1772,,0.60824,0.207,0.79148,0.514,0.13544,0.214,0.09976,0.925
1773,,0.54056,0.157,0.75916,0.489,0.10312,0.164,0.03208,0.85
1774,,0.47288,0.107,0.72684,0.464,0.0708,0.114,-0.0356,0.775
1775,7,0.5052,0.15,0.79452,0.557,0.17348,0.207,1.0,0.818
1776,,0.43752,0.1,0.7622,0.532,0.14116,0.157,0.93232,0.743
1777,,0.36984,0.05,0.72988,0.507,0.10884,0.107,0.86464,0.668
1778,,0.30216,0.0,0.69756,0.482,0.07652,0.057,0.79696,0.593
1779,,0.23448,-0.05,0.66524,0.457,0.0442,0.007,0.72928,0.518
1780,2,0.2238,1.0,0.68992,0.507,0.10488,0.057,0.7546,0.518
1781,,0.15612,0.95,0.6576,0.482,0.07256,0.007,0.68692,0.443
1782,,0.08844,0.9,0.62528,0.457,0.04024,-0.043,0.61924,0.368
1783,6,0.12776,0.95,0.69996,0.557,-0.19208,1.0,0.69456,0.418
1784,5,0.16008,0.993,0.76764,0.65,1.0,0.75,0.76188,0.461
1785,,0.0924,0.943,0.73532,0.625,0.96768,0.7,0.6942,0.386
1786,,0.02472,0.893,0.703,0.6,0.93536,0.65,0.62652,0.311
1787,,-0.04296,0.843,0.67068,0.575,0.90304,0.6,0.55884,0.236
1788,1,1.0,0.85,0.70336,0.632,0.97072,0.657,0.59116,0.243
1789,,0.93232,0.8,0.67104,0.607,0.9384,0.607,0.52348,0.168
1790,,0.86464,0.75,0.63872,0.582,0.90608,0.557,0.4558,0.093
1791,,0.79696,0.7,0.6064,0.557,0.87376,0.507,0.38812,0.018
1792,,0.72928,0.65,0.57408,0.532,0.84144,0.457,0.32044,-0.057
1793,8,0.7436,0.675,0.62376,0.607,0.92712,0.532,0.37076,1.0
1794,,0.67592,0.625,0.59144,0.582,0.8948,0.482,0.30308,0.925
1795,,0.60824,0.575,0.55912,0.557,0.86248,0.432,0.2354,0.85
1796,,0.54056,0.525,0.5268,0.532,0.83016,0.382,0.16772,0.775
1797,,0.47288,0.475,0.49448,0.507,0.79784,0.332,0.10004,0.7
1798,,0.4052,0.425,0.46216,0.482,0.76552,0.282,0.03236,0.625
1799,,0.33752,0.375,0.42984,0.457,0.7332,0.232,-0.03532,0.55
1800,7,0.36984,0.418,0.49752,0.55,0.83588,0.325,1.0,0.593
1801,,0.30216,0.368,0.4652,0.525,0.80356,0.275,0.93232,0.518
1802,,0.23448,0.318,0.43288,0.5,0.77124,0.225,0.86464,0.443
1803,,0.1668,0.268,0.40056,0.475,0.73892,0.175,0.79696,0.368
1804,,0.09912,0.218,0.36824,0.45,0.7066,0.125,0.72928,0.293
1805,,0.03144,0.168,0.33592,0.425,0.67428,0.075,0.6616,0.218
1806,,-0.03624,0.118,0.3036,0.4,0.64196,0.025,0.59392,0.143
1807,1,1.0,0.125,0.33628,0.457,0.70964,0.082,0.62624,0.15
1808,,0.93232,0.075,0.30396,0.432,0.67732,0.032,0.55856,0.075
1809,,0.86464,0.025,0.27164,0.407,0.645,-0.018,0.49088,-0.0
1810,6,0.90396,0.075,0.34632,0.507,0.41268,1.0,0.5662,0.05
1811,,0.83628,0.025,0.314,0.482,0.38036,0.95,0.49852,-0.025
1812,8,0.8506,0.05,0.36368,0.557,0.46604,1.0,0.54884,1.0
1813,,0.78292,0.0,0.33136,0.532,0.43372,0.95,0.48116,0.925
1814,,0.71524,-0.05,0.29904,0.507,0.4014,0.9,0.41348,0.85
1815,2,0.70456,1.0,0.32372,0.557,0.46208,0.95,0.4388,0.85
1816,,0.63688,0.95,0.2914,0.532,0.42976,0.9,0.37112,0.775
1817,,0.5692,0.9,0.25908,0.507,0.39744,0.85,0.30344,0.7
1818,,0.50152,0.85,0.22676,0.482,0.36512,0.8,0.23576,0.625
1819,,0.43384,0.8,0.19444,0.457,0.3328,0.75,0.16808,0.55
1820,,0.36616,0.75,0.16212,0.432,0.30048,0.7,0.1004,0.475
1821,,0.29848,0.7,0.1298,0.407,0.26816,0.65,0.03272,0.4
1822,,0.2308,0.65,0.09748,0.382,0.23584,0.6,-0.03496,0.325
1823,7,0.26312,0.693,0.16516,0.475,0.33852,0.693,1.0,0.368
1824,,0.19544,0.643,0.13284,0.45,0.3062,0.643,0.93232,0.293
1825,,0.12776,0.593,0.10052,0.425,0.27388,0.593,0.86464,0.218
1826,,0.06008,0.543,0.0682,0.4,0.24156,0.543,0.79696,0.143
1827,,-0.0076,0.493,0.03588,0.375,0.20924,0.493,0.72928,0.068
1828,1,1.0,0.5,0.06856,0.432,0.27692,0.55,0.7616,0.075
1829,,0.93232,0.45,0.03624,0.407,0.2446,0.5,0.69392,-0.0
1830,,0.86464,0.4,0.00392,0.382,0.21228,0.45,0.62624,-0.075
1831,8,0.87896,0.425,0.0536,0.457,0.29796,0.525,0.67656,1.0
1832,,0.81128,0.375,0.02128,0.432,0.26564,0.475,0.60888,0.925
1833,,0.7436,0.325,-0.01104,0.407,0.23332,0.425,0.5412,0.85
1834,3,0.74092,0.332,1.0,0.464,0.301,0.482,0.57352,0.857
1835,,0.67324,0.282,0.96768,0.439,0.26868,0.432,0.50584,0.782
1836,,0.60556,0.232,0.93536,0.414,0.23636,0.382,0.43816,0.707
1837,,0.53788,0.182,0.90304,0.389,0.20404,0.332,0.37048,0.632
1838,,0.4702,0.132,0.87072,0.364,0.17172,0.282,0.3028,0.557
1839,,0.40252,0.082,0.8384,0.339,0.1394,0.232,0.23512,0.482
1840,,0.33484,0.032,0.80608,0.314,0.10708,0.182,0.16744,0.407
1841,,0.26716,-0.018,0.77376,0.289,0.07476,0.132,0.09976,0.332
1842,2,0.25648,1.0,0.79844,0.339,0.13544,0.182,0.12508,0.332
1843,,0.1888,0.95,0.76612,0.314,0.10312,0.132,0.0574,0.257
1844,,0.12112,0.9,0.7338,0.289,0.0708,0.082,-0.01028,0.182
1845,7,0.15344,0.943,0.80148,0.382,0.17348,0.175,1.0,0.225
1846,,0.08576,0.893,0.76916,0.357,0.14116,0.125,0.93232,0.15
1847,,0.01808,0.843,0.73684,0.332,0.10884,0.075,0.86464,0.075
1848,,-0.0496,0.793,0.70452,0.307,0.07652,0.025,0.79696,-0.0
1849,1,1.0,0.8,0.7372,0.364,0.1442,0.082,0.82928,0.007
1850,,0.93232,0.75,0.70488,0.339,0.11188,0.032,0.7616,-0.068
1851,8,0.94664,0.775,0.75456,0.414,0.19756,0.107,0.81192,1.0
1852,,0.87896,0.725,0.72224,0.389,0.16524,0.057,0.74424,0.925
1853,,0.81128,0.675,0.68992,0.364,0.13292,0.007,0.67656,0.85
1854,,0.7436,0.625,0.6576,0.339,0.1006,-0.043,0.60888,0.775
1855,6,0.78292,0.675,0.73228,0.439,-0.13172,1.0,0.6842,0.825
1856,5,0.81524,0.718,0.79996,0.532,1.0,0.75,0.75152,0.868
1857,,0.74756,0.668,0.76764,0.507,0.96768,0.7,0.68384,0.793
1858,,0.67988,0.618,0.73532,0.482,0.93536,0.65,0.61616,0.718
1859,,0.6122,0.568,0.703,0.457,0.90304,0.6,0.54848,0.643
1860,,0.54452,0.518,0.67068,0.432,0.87072,0.55,0.4808,0.568
1861,,0.47684,0.468,0.63836,0.407,0.8384,0.5,0.41312,0.493
1862,,0.40916,0.418,0.60604,0.382,0.80608,0.45,0.34544,0.418
1863,,0.34148,0.368,0.57372,0.357,0.77376,0.4,0.27776,0.343
1864,,0.2738,0.318,0.5414,0.332,0.74144,0.35,0.21008,0.268
1865,,0.20612,0.268,0.50908,0.307,0.70912,0.3,0.1424,0.193
1866,,0.13844,0.218,0.47676,0.282,0.6768,0.25,0.07472,0.118
1867,,0.07076,0.168,0.44444,0.257,0.64448,0.2,0.00704,0.043
1868,,0.00308,0.118,0.41212,0.232,0.61216,0.15,-0.06064,-0.032
1869,7,0.0354,0.161,0.4798,0.325,0.71484,0.243,1.0,0.011
1870,,-0.03228,0.111,0.44748,0.3,0.68252,0.193,0.93232,-0.064
1871,8,-0.01796,0.136,0.49716,0.375,0.7682,0.268,0.98264,1.0
1872,1,1.0,0.143,0.52984,0.432,0.83588,0.325,1.0,1.0
1873,,0.93232,0.093,0.49752,0.407,0.80356,0.275,0.93232,0.925
1874,,0.86464,0.043,0.4652,0.382,0.77124,0.225,0.86464,0.85
1875,,0.79696,-0.007,0.43288,0.357,0.73892,0.175,0.79696,0.775
1876,2,0.78628,1.0,0.45756,0.407,0.7996,0.225,0.82228,0.775
1877,,0.7186,0.95,0.42524,0.382,0.76728,0.175,0.7546,0.7
1878,,0.65092,0.9,0.39292,0.357,0.73496,0.125,0.68692,0.625
1879,,0.58324,0.85,0.3606,0.332,0.70264,0.075,0.61924,0.55
1880,,0.51556,0.8,0.32828,0.307,0.67032,0.025,0.55156,0.475
1881,,0.44788,0.75,0.29596,0.282,0.638,-0.025,0.48388,0.4
1882,6,0.4872,0.8,0.37064,0.382,0.40568,1.0,0.5592,0.45
1883,,0.41952,0.75,0.33832,0.357,0.37336,0.95,0.49152,0.375
1884,,0.35184,0.7,0.306,0.332,0.34104,0.9,0.42384,0.3
1885,,0.28416,0.65,0.27368,0.307,0.30872,0.85,0.35616,0.225
1886,,0.21648,0.6,0.24136,0.282,0.2764,0.8,0.28848,0.15
1887,,0.1488,0.55,0.20904,0.257,0.24408,0.75,0.2208,0.075
1888,,0.08112,0.5,0.17672,0.232,0.21176,0.7,0.15312,-0.0
1889,,0.01344,0.45,0.1444,0.207,0.17944,0.65,0.08544,-0.075
1890,8,0.02776,0.475,0.19408,0.282,0.26512,0.725,0.13576,1.0
1891,,-0.03992,0.425,0.16176,0.257,0.2328,0.675,0.06808,0.925
1892,1,1.0,0.432,0.19444,0.314,0.30048,0.732,0.1004,0.932
1893,,0.93232,0.382,0.16212,0.289,0.26816,0.682,0.03272,0.857
1894,,0.86464,0.332,0.1298,0.264,0.23584,0.632,-0.03496,0.782
1895,7,0.89696,0.375,0.19748,0.357,0.33852,0.725,1.0,0.825
1896,,0.82928,0.325,0.16516,0.332,0.3062,0.675,0.93232,0.75
1897,,0.7616,0.275,0.13284,0.307,0.27388,0.625,0.86464,0.675
1898,,0.69392,0.225,0.10052,0.282,0.24156,0.575,0.79696,0.6
1899,,0.62624,0.175,0.0682,0.257,0.20924,0.525,0.72928,0.525
1900,,0.55856,0.125,0.03588,0.232,0.17692,0.475,0.6616,0.45
1901,,0.49088,0.075,0.00356,0.207,0.1446,0.425,0.59392,0.375
1902,,0.4232,0.025,-0.02876,0.182,0.11228,0.375,0.52624,0.3
1903,3,0.42052,0.032,1.0,0.239,0.17996,0.432,0.55856,0.307
1904,,0.35284,-0.018,0.96768,0.214,0.14764,0.382,0.49088,0.232
1905,2,0.34216,1.0,0.99236,0.264,0.20832,0.432,0.5162,0.232
1906,,0.27448,0.95,0.96004,0.239,0.176,0.382,0.44852,0.157
1907,,0.2068,0.9,0.92772,0.214,0.14368,0.332,0.38084,0.082
1908,,0.13912,0.85,0.8954,0.189,0.11136,0.282,0.31316,0.007
1909,,0.07144,0.8,0.86308,0.164,0.07904,0.232,0.24548,-0.068
1910,8,0.08576,0.825,0.91276,0.239,0.16472,0.307,0.2958,1.0
1911,,0.01808,0.775,0.88044,0.214,0.1324,0.257,0.22812,0.925
1912,,-0.0496,0.725,0.84812,0.189,0.10008,0.207,0.16044,0.85
1913,1,1.0,0.732,0.8808,0.246,0.16776,0.264,0.19276,0.857
1914,,0.93232,0.682,0.84848,0.221,0.13544,0.214,0.12508,0.782
1915,,0.86464,0.632,0.81616,0.196,0.10312,0.164,0.0574,0.707
1916,,0.79696,0.582,0.78384,0.171,0.0708,0.114,-0.01028,0.632
1917,7,0.82928,0.625,0.85152,0.264,0.17348,0.207,1.0,0.675
1918,,0.7616,0.575,0.8192,0.239,0.14116,0.157,0.93232,0.6
1919,,0.69392,0.525,0.78688,0.214,0.10884,0.107,0.86464,0.525
1920,,0.62624,0.475,0.75456,0.189,0.07652,0.057,0.79696,0.45
1921,,0.55856,0.425,0.72224,0.164,0.0442,0.007,0.72928,0.375
1922,,0.49088,0.375,0.68992,0.139,0.01188,-0.043,0.6616,0.3
1923,6,0.5302,0.425,0.7646,0.239,-0.22044,1.0,0.73692,0.35
1924,5,0.56252,0.468,0.83228,0.332,1.0,0.75,0.80424,0.393
1925,,0.49484,0.418,0.79996,0.307,0.96768,0.7,0.73656,0.318
1926,,0.42716,0.368,0.76764,0.282,0.93536,0.65,0.66888,0.243
1927,,0.35948,0.318,0.73532,0.257,0.90304,0.6,0.6012,0.168
1928,,0.2918,0.268,0.703,0.232,0.87072,0.55,0.53352,0.093
1929,,0.22412,0.218,0.67068,0.207,0.8384,0.5,0.46584,0.018
1930,,0.15644,0.168,0.63836,0.182,0.80608,0.45,0.39816,-0.057
1931,8,0.17076,0.193,0.68804,0.257,0.89176,0.525,0.44848,1.0
1932,,0.10308,0.143,0.65572,0.232,0.85944,0.475,0.3808,0.925
1933,,0.0354,0.093,0.6234,0.207,0.82712,0.425,0.31312,0.85
1934,,-0.03228,0.043,0.59108,0.182,0.7948,0.375,0.24544,0.775
1935,1,1.0,0.05,0.62376,0.239,0.86248,0.432,0.27776,0.782
1936,,0.93232,0.0,0.59144,0.214,0.83016,0.382,0.21008,0.707
1937,,0.86464,-0.05,0.55912,0.189,0.79784,0.332,0.1424,0.632
1938,2,0.85396,1.0,0.5838,0.239,0.85852,0.382,0.16772,0.632
1939,,0.78628,0.95,0.55148,0.214,0.8262,0.332,0.10004,0.557
1940,,0.7186,0.9,0.51916,0.189,0.79388,0.282,0.03236,0.482
1941,,0.65092,0.85,0.48684,0.164,0.76156,0.232,-0.03532,0.407
1942,7,0.68324,0.893,0.55452,0.257,0.86424,0.325,1.0,0.45
1943,,0.61556,0.843,0.5222,0.232,0.83192,0.275,0.93232,0.375
1944,,0.54788,0.793,0.48988,0.207,0.7996,0.225,0.86464,0.3
1945,,0.4802,0.743,0.45756,0.182,0.76728,0.175,0.79696,0.225
1946,,0.41252,0.693,0.42524,0.157,0.73496,0.125,0.72928,0.15
1947,,0.34484,0.643,0.39292,0.132,0.70264,0.075,0.6616,0.075
1948,,0.27716,0.593,0.3606,0.107,0.67032,0.025,0.59392,-0.0
1949,,0.20948,0.543,0.32828,0.082,0.638,-0.025,0.52624,-0.075
1950,8,0.2238,0.568,0.37796,0.157,0.72368,0.05,0.57656,1.0
1951,,0.15612,0.518,0.34564,0.132,0.69136,0.0,0.50888,0.925
1952,,0.08844,0.468,0.31332,0.107,0.65904,-0.05,0.4412,0.85
1953,6,0.12776,0.518,0.388,0.207,0.42672,1.0,0.51652,0.9
1954,,0.06008,0.468,0.35568,0.182,0.3944,0.95,0.44884,0.825
1955,,-0.0076,0.418,0.32336,0.157,0.36208,0.9,0.38116,0.75
1956,1,1.0,0.425,0.35604,0.214,0.42976,0.957,0.41348,0.757
1957,,0.93232,0.375,0.32372,0.189,0.39744,0.907,0.3458,0.682
1958,,0.86464,0.325,0.2914,0.164,0.36512,0.857,0.27812,0.607
1959,,0.79696,0.275,0.25908,0.139,0.3328,0.807,0.21044,0.532
1960,,0.72928,0.225,0.22676,0.114,0.30048,0.757,0.14276,0.457
1961,,0.6616,0.175,0.19444,0.089,0.26816,0.707,0.07508,0.382
1962,,0.59392,0.125,0.16212,0.064,0.23584,0.657,0.0074,0.307
1963,,0.52624,0.075,0.1298,0.039,0.20352,0.607,-0.06028,0.232
1964,7,0.55856,0.118,0.19748,0.132,0.3062,0.7,1.0,0.275
1965,,0.49088,0.068,0.16516,0.107,0.27388,0.65,0.93232,0.2
1966,,0.4232,0.018,0.13284,0.082,0.24156,0.6,0.86464,0.125
1967,,0.35552,-0.032,0.10052,0.057,0.20924,0.55,0.79696,0.05
1968,2,0.34484,1.0,0.1252,0.107,0.26992,0.6,0.82228,0.05
1969,,0.27716,0.95,0.09288,0.082,0.2376,0.55,0.7546,-0.025
1970,8,0.29148,0.975,0.14256,0.157,0.32328,0.625,0.80492,1.0
1971,,0.2238,0.925,0.11024,0.132,0.29096,0.575,0.73724,0.925
1972,,0.15612,0.875,0.07792,0.107,0.25864,0.525,0.66956,0.85
1973,,0.08844,0.825,0.0456,0.082,0.22632,0.475,0.60188,0.775
1974,,0.02076,0.775,0.01328,0.057,0.194,0.425,0.5342,0.7
1975,,-0.04692,0.725,-0.01904,0.032,0.16168,0.375,0.46652,0.625
1976,1,1.0,0.732,0.01364,0.089,0.22936,0.432,0.49884,0.632
1977,,0.93232,0.682,-0.01868,0.064,0.19704,0.382,0.43116,0.557
1978,3,0.92964,0.689,1.0,0.121,0.26472,0.439,0.46348,0.564
1979,,0.86196,0.639,0.96768,0.096,0.2324,0.389,0.3958,0.489
1980,,0.79428,0.589,0.93536,0.071,0.20008,0.339,0.32812,0.414
1981,,0.7266,0.539,0.90304,0.046,0.16776,0.289,0.26044,0.339
1982,,0.65892,0.489,0.87072,0.021,0.13544,0.239,0.19276,0.264
1983,,0.59124,0.439,0.8384,-0.004,0.10312,0.189,0.12508,0.189
1984,4,0.60556,0.464,0.88808,1.0,0.1888,0.264,0.1754,0.214
1985,,0.53788,0.414,0.85576,0.975,0.15648,0.214,0.10772,0.139
1986,,0.4702,0.364,0.82344,0.95,0.12416,0.164,0.04004,0.064
1987,,0.40252,0.314,0.79112,0.925,0.09184,0.114,-0.02764,-0.011
1988,7,0.43484,0.357,0.8588,1.0,0.19452,0.207,1.0,0.032
1989,,0.36716,0.307,0.82648,0.975,0.1622,0.157,0.93232,-0.043
1990,8,0.38148,0.332,0.87616,1.0,0.24788,0.232,0.98264,1.0
1991,,0.3138,0.282,0.84384,0.975,0.21556,0.182,0.91496,0.925
1992,,0.24612,0.232,0.81152,0.95,0.18324,0.132,0.84728,0.85
1993,,0.17844,0.182,0.7792,0.925,0.15092,0.082,0.7796,0.775
1994,,0.11076,0.132,0.74688,0.9,0.1186,0.032,0.71192,0.7
1995,,0.04308,0.082,0.71456,0.875,0.08628,-0.018,0.64424,0.625
1996,6,0.0824,0.132,0.78924,0.975,-0.14604,1.0,0.71956,0.675
1997,5,0.11472,0.175,0.85692,1.0,1.0,0.75,0.78688,0.718
1998,,0.04704,0.125,0.8246,0.975,0.96768,0.7,0.7192,0.643
1999,,-0.02064,0.075,0.79228,0.95,0.93536,0.65,0.65152,0.568
2000,1,1.0,0.082,0.82496,1.0,1.0,0.707,0.68384,0.575
2001,,0.93232,0.032,0.79264,0.975,0.96768,0.657,0.61616,0.5
2002,,0.86464,-0.018,0.76032,0.95,0.93536,0.607,0.54848,0.425
2003,2,0.85396,1.0,0.785,1.0,0.99604,0.657,0.5738,0.425
2004,,0.78628,0.95,0.75268,0.975,0.96372,0.607,0.50612,0.35
2005,,0.7186,0.9,0.72036,0.95,0.9314,0.557,0.43844,0.275
2006,,0.65092,0.85,0.68804,0.925,0.89908,0.507,0.37076,0.2
2007,,0.58324,0.8,0.65572,0.9,0.86676,0.457,0.30308,0.125
2008,,0.51556,0.75,0.6234,0.875,0.83444,0.407,0.2354,0.05
2009,,0.44788,0.7,0.59108,0.85,0.80212,0.357,0.16772,-0.025
2010,8,0.4622,0.725,0.64076,0.925,0.8878,0.432,0.21804,1.0
2011,,0.39452,0.675,0.60844,0.9,0.85548,0.382,0.15036,0.925
2012,,0.32684,0.625,0.57612,0.875,0.82316,0.332,0.08268,0.85
2013,,0.25916,0.575,0.5438,0.85,0.79084,0.282,0.015,0.775
2014,,0.19148,0.525,0.51148,0.825,0.75852,0.232,-0.05268,0.7
2015,7,0.2238,0.568,0.57916,0.918,0.8612,0.325,1.0,0.743
2016,,0.15612,0.518,0.54684,0.893,0.82888,0.275,0.93232,0.668
2017,,0.08844,0.468,0.51452,0.868,0.79656,0.225,0.86464,0.593
2018,,0.02076,0.418,0.4822,0.843,0.76424,0.175,0.79696,0.518
2019,,-0.04692,0.368,0.44988,0.818,0.73192,0.125,0.72928,0.443
2020,1,1.0,0.375,0.48256,0.875,0.7996,0.182,0.7616,0.45
2021,,0.93232,0.325,0.45024,0.85,0.76728,0.132,0.69392,0.375
2022,,0.86464,0.275,0.41792,0.825,0.73496,0.082,0.62624,0.3
2023,,0.79696,0.225,0.3856,0.8,0.70264,0.032,0.55856,0.225
2024,,0.72928,0.175,0.35328,0.775,0.67032,-0.018,0.49088,0.15
2025,6,0.7686,0.225,0.42796,0.875,0.438,1.0,0.5662,0.2
2026,,0.70092,0.175,0.39564,0.85,0.40568,0.95,0.49852,0.125
2027,,0.63324,0.125,0.36332,0.825,0.37336,0.9,0.43084,0.05
2028,,0.56556,0.075,0.331,0.8,0.34104,0.85,0.36316,-0.025
2029,8,0.57988,0.1,0.38068,0.875,0.42672,0.925,0.41348,1.0
2030,,0.5122,0.05,0.34836,0.85,0.3944,0.875,0.3458,0.925
2031,,0.44452,0.0,0.31604,0.825,0.36208,0.825,0.27812,0.85
2032,,0.37684,-0.05,0.28372,0.8,0.32976,0.775,0.21044,0.775
2033,2,0.36616,1.0,0.3084,0.85,0.39044,0.825,0.23576,0.775
2034,,0.29848,0.95,0.27608,0.825,0.35812,0.775,0.16808,0.7
2035,,0.2308,0.9,0.24376,0.8,0.3258,0.725,0.1004,0.625
2036,,0.16312,0.85,0.21144,0.775,0.29348,0.675,0.03272,0.55
2037,,0.09544,0.8,0.17912,0.75,0.26116,0.625,-0.03496,0.475
2038,7,0.12776,0.843,0.2468,0.843,0.36384,0.718,1.0,0.518
2039,,0.06008,0.793,0.21448,0.818,0.33152,0.668,0.93232,0.443
2040,,-0.0076,0.743,0.18216,0.793,0.2992,0.618,0.86464,0.368
2041,1,1.0,0.75,0.21484,0.85,0.36688,0.675,0.89696,0.375
2042,,0.93232,0.7,0.18252,0.825,0.33456,0.625,0.82928,0.3
2043,,0.86464,0.65,0.1502,0.8,0.30224,0.575,0.7616,0.225
2044,,0.79696,0.6,0.11788,0.775,0.26992,0.525,0.69392,0.15
2045,,0.72928,0.55,0.08556,0.75,0.2376,0.475,0.62624,0.075
2046,,0.6616,0.5,0.05324,0.725,0.20528,0.425,0.55856,-0.0
2047,,0.59392,0.45,0.02092,0.7,0.17296,0.375,0.49088,-0.075
2048,8,0.60824,0.475,0.0706,0.775,0.25864,0.45,0.5412,1.0
2049,,0.54056,0.425,0.03828,0.75,0.22632,0.4,0.47352,0.925
2050,,0.47288,0.375,0.00596,0.725,0.194,0.35,0.40584,0.85
2051,,0.4052,0.325,-0.02636,0.7,0.16168,0.3,0.33816,0.775
2052,3,0.40252,0.332,1.0,0.757,0.22936,0.357,0.37048,0.782
2053,,0.33484,0.282,0.96768,0.732,0.19704,0.307,0.3028,0.707
2054,,0.26716,0.232,0.93536,0.707,0.16472,0.257,0.23512,0.632
2055,,0.19948,0.182,0.90304,0.682,0.1324,0.207,0.16744,0.557
2056,,0.1318,0.132,0.87072,0.657,0.10008,0.157,0.09976,0.482
2057,,0.06412,0.082,0.8384,0.632,0.06776,0.107,0.03208,0.407
2058,,-0.00356,0.032,0.80608,0.607,0.03544,0.057,-0.0356,0.332
2059,7,0.02876,0.075,0.87376,0.7,0.13812,0.15,1.0,0.375
2060,,-0.03892,0.025,0.84144,0.675,0.1058,0.1,0.93232,0.3
2061,1,1.0,0.032,0.87412,0.732,0.17348,0.157,0.96464,0.307
2062,,0.93232,-0.018,0.8418,0.707,0.14116,0.107,0.89696,0.232
2063,2,0.92164,1.0,0.86648,0.757,0.20184,0.157,0.92228,0.232
2064,,0.85396,0.95,0.83416,0.732,0.16952,0.107,0.8546,0.157
2065,,0.78628,0.9,0.80184,0.707,0.1372,0.057,0.78692,0.082
2066,,0.7186,0.85,0.76952,0.682,0.10488,0.007,0.71924,0.007
2067,,0.65092,0.8,0.7372,0.657,0.07256,-0.043,0.65156,-0.068
2068,8,0.66524,0.825,0.78688,0.732,0.15824,0.032,0.70188,1.0
2069,,0.59756,0.775,0.75456,0.707,0.12592,-0.018,0.6342,0.925
2070,6,0.63688,0.825,0.82924,0.807,-0.1064,1.0,0.70952,0.975
2071,5,0.6692,0.868,0.89692,0.9,1.0,0.75,0.77684,1.0
2072,,0.60152,0.818,0.8646,0.875,0.96768,0.7,0.70916,0.925
2073,,0.53384,0.768,0.83228,0.85,0.93536,0.65,0.64148,0.85
2074,,0.46616,0.718,0.79996,0.825,0.90304,0.6,0.5738,0.775
2075,,0.39848,0.668,0.76764,0.8,0.87072,0.55,0.50612,0.7
2076,,0.3308,0.618,0.73532,0.775,0.8384,0.5,0.43844,0.625
2077,,0.26312,0.568,0.703,0.75,0.80608,0.45,0.37076,0.55
2078,,0.19544,0.518,0.67068,0.725,0.77376,0.4,0.30308,0.475
2079,,0.12776,0.468,0.63836,0.7,0.74144,0.35,0.2354,0.4
2080,,0.06008,0.418,0.60604,0.675,0.70912,0.3,0.16772,0.325
2081,,-0.0076,0.368,0.57372,0.65,0.6768,0.25,0.10004,0.25
2082,1,1.0,0.375,0.6064,0.707,0.74448,0.307,0.13236,0.257
2083,,0.93232,0.325,0.57408,0.682,0.71216,0.257,0.06468,0.182
2084,,0.86464,0.275,0.54176,0.657,0.67984,0.207,-0.003,0.107
2085,7,0.89696,0.318,0.60944,0.75,0.78252,0.3,1.0,0.15
2086,,0.82928,0.268,0.57712,0.725,0.7502,0.25,0.93232,0.075
2087,,0.7616,0.218,0.5448,0.7,0.71788,0.2,0.86464,-0.0
2088,,0.69392,0.168,0.51248,0.675,0.68556,0.15,0.79696,-0.075
2089,8,0.70824,0.193,0.56216,0.75,0.77124,0.225,0.84728,1.0
2090,,0.64056,0.143,0.52984,0.725,0.73892,0.175,0.7796,0.925
2091,,0.57288,0.093,0.49752,0.7,0.7066,0.125,0.71192,0.85
2092,,0.5052,0.043,0.4652,0.675,0.67428,0.075,0.64424,0.775
2093,,0.43752,-0.007,0.43288,0.65,0.64196,0.025,0.57656,0.7
2094,2,0.42684,1.0,0.45756,0.7,0.70264,0.075,0.60188,0.7
2095,,0.35916,0.95,0.42524,0.675,0.67032,0.025,0.5342,0.625
2096,,0.29148,0.9,0.39292,0.65,0.638,-0.025,0.46652,0.55
2097,6,0.3308,0.95,0.4676,0.75,0.40568,1.0,0.54184,0.6
2098,,0.26312,0.9,0.43528,0.725,0.37336,0.95,0.47416,0.525
2099,,0.19544,0.85,0.40296,0.7,0.34104,0.9,0.40648,0.45
2100,,0.12776,0.8,0.37064,0.675,0.30872,0.85,0.3388,0.375
2101,,0.06008,0.75,0.33832,0.65,0.2764,0.8,0.27112,0.3
2102,,-0.0076,0.7,0.306,0.625,0.24408,0.75,0.20344,0.225
2103,1,1.0,0.707,0.33868,0.682,0.31176,0.807,0.23576,0.232
2104,,0.93232,0.657,0.30636,0.657,0.27944,0.757,0.16808,0.157
2105,,0.86464,0.607,0.27404,0.632,0.24712,0.707,0.1004,0.082
2106,,0.79696,0.557,0.24172,0.607,0.2148,0.657,0.03272,0.007
2107,,0.72928,0.507,0.2094,0.582,0.18248,0.607,-0.03496,-0.068
2108,8,0.7436,0.532,0.25908,0.657,0.26816,0.682,0.01536,1.0
2109,,0.67592,0.482,0.22676,0.632,0.23584,0.632,-0.05232,0.925
2110,7,0.70824,0.525,0.29444,0.725,0.33852,0.725,1.0,0.968
2111,,0.64056,0.475,0.26212,0.7,0.3062,0.675,0.93232,0.893
2112,,0.57288,0.425,0.2298,0.675,0.27388,0.625,0.86464,0.818
2113,,0.5052,0.375,0.19748,0.65,0.24156,0.575,0.79696,0.743
2114,,0.43752,0.325,0.16516,0.625,0.20924,0.525,0.72928,0.668
2115,,0.36984,0.275,0.13284,0.6,0.17692,0.475,0.6616,0.593
2116,,0.30216,0.225,0.10052,0.575,0.1446,0.425,0.59392,0.518
2117,,0.23448,0.175,0.0682,0.55,0.11228,0.375,0.52624,0.443
2118,,0.1668,0.125,0.03588,0.525,0.07996,0.325,0.45856,0.368
2119,,0.09912,0.075,0.00356,0.5,0.04764,0.275,0.39088,0.293
2120,,0.03144,0.025,-0.02876,0.475,0.01532,0.225,0.3232,0.218
2121,3,0.02876,0.032,1.0,0.532,0.083,0.282,0.35552,0.225
2122,,-0.03892,-0.018,0.96768,0.507,0.05068,0.232,0.28784,0.15
2123,1,1.0,-0.011,1.0,0.564,0.11836,0.289,0.32016,0.157
2124,2,0.98932,1.0,1.0,0.614,0.17904,0.339,0.34548,0.157
2125,,0.92164,0.95,0.96768,0.589,0.14672,0.289,0.2778,0.082
2126,,0.85396,0.9,0.93536,0.564,0.1144,0.239,0.21012,0.007
2127,,0.78628,0.85,0.90304,0.539,0.08208,0.189,0.14244,-0.068
2128,8,0.8006,0.875,0.95272,0.614,0.16776,0.264,0.19276,1.0
2129,,0.73292,0.825,0.9204,0.589,0.13544,0.214,0.12508,0.925
2130,,0.66524,0.775,0.88808,0.564,0.10312,0.164,0.0574,0.85
2131,,0.59756,0.725,0.85576,0.539,0.0708,0.114,-0.01028,0.775
2132,7,0.62988,0.768,0.92344,0.632,0.17348,0.207,1.0,0.818
2133,,0.5622,0.718,0.89112,0.607,0.14116,0.157,0.93232,0.743
2134,,0.49452,0.668,0.8588,0.582,0.10884,0.107,0.86464,0.668
2135,,0.42684,0.618,0.82648,0.557,0.07652,0.057,0.79696,0.593
2136,,0.35916,0.568,0.79416,0.532,0.0442,0.007,0.72928,0.518
2137,,0.29148,0.518,0.76184,0.507,0.01188,-0.043,0.6616,0.443
2138,6,0.3308,0.568,0.83652,0.607,-0.22044,1.0,0.73692,0.493
2139,5,0.36312,0.611,0.9042,0.7,1.0,0.75,0.80424,0.536
2140,,0.29544,0.561,0.87188,0.675,0.96768,0.7,0.73656,0.461
2141,,0.22776,0.511,0.83956,0.65,0.93536,0.65,0.66888,0.386
2142,,0.16008,0.461,0.80724,0.625,0.90304,0.6,0.6012,0.311
2143,,0.0924,0.411,0.77492,0.6,0.87072,0.55,0.53352,0.236
2144,,0.02472,0.361,0.7426,0.575,0.8384,0.5,0.46584,0.161
2145,,-0.04296,0.311,0.71028,0.55,0.80608,0.45,0.39816,0.086
2146,1,1.0,0.318,0.74296,0.607,0.87376,0.507,0.43048,0.093
2147,,0.93232,0.268,0.71064,0.582,0.84144,0.457,0.3628,0.018
2148,,0.86464,0.218,0.67832,0.557,0.80912,0.407,0.29512,-0.057
2149,8,0.87896,0.243,0.728,0.632,0.8948,0.482,0.34544,1.0
2150,,0.81128,0.193,0.69568,0.607,0.86248,0.432,0.27776,0.925
2151,,0.7436,0.143,0.66336,0.582,0.83016,0.382,0.21008,0.85
2152,,0.67592,0.093,0.63104,0.557,0.79784,0.332,0.1424,0.775
2153,,0.60824,0.043,0.59872,0.532,0.76552,0.282,0.07472,0.7
2154,,0.54056,-0.007,0.5664,0.507,0.7332,0.232,0.00704,0.625
2155,2,0.52988,1.0,0.59108,0.557,0.79388,0.282,0.03236,0.625
2156,,0.4622,0.95,0.55876,0.532,0.76156,0.232,-0.03532,0.55
2157,7,0.49452,0.993,0.62644,0.625,0.86424,0.325,1.0,0.593
2158,,0.42684,0.943,0.59412,0.6,0.83192,0.275,0.93232,0.518
2159,,0.35916,0.893,0.5618,0.575,0.7996,0.225,0.86464,0.443
2160,,0.29148,0.843,0.52948,0.55,0.76728,0.175,0.79696,0.368
2161,,0.2238,0.793,0.49716,0.525,0.73496,0.125,0.72928,0.293
2162,,0.15612,0.743,0.46484,0.5,0.70264,0.075,0.6616,0.218
2163,,0.08844,0.693,0.43252,0.475,0.67032,0.025,0.59392,0.143
2164,,0.02076,0.643,0.4002,0.45,0.638,-0.025,0.52624,0.068
2165,6,0.06008,0.693,0.47488,0.55,0.40568,1.0,0.60156,0.118
2166,,-0.0076,0.643,0.44256,0.525,0.37336,0.95,0.53388,0.043
2167,1,1.0,0.65,0.47524,0.582,0.44104,1.0,0.5662,0.05
2168,,0.93232,0.6,0.44292,0.557,0.40872,0.95,0.49852,-0.025
2169,8,0.94664,0.625,0.4926,0.632,0.4944,1.0,0.54884,1.0
2170,,0.87896,0.575,0.46028,0.607,0.46208,0.95,0.48116,0.925
2171,,0.81128,0.525,0.42796,0.582,0.42976,0.9,0.41348,0.85
2172,,0.7436,0.475,0.39564,0.557,0.39744,0.85,0.3458,0.775
2173,,0.67592,0.425,0.36332,0.532,0.36512,0.8,0.27812,0.7
2174,,0.60824,0.375,0.331,0.507,0.3328,0.75,0.21044,0.625
2175,,0.54056,0.325,0.29868,0.482,0.30048,0.7,0.14276,0.55
2176,,0.47288,0.275,0.26636,0.457,0.26816,0.65,0.07508,0.475
2177,,0.4052,0.225,0.23404,0.432,0.23584,0.6,0.0074,0.4
2178,,0.33752,0.175,0.20172,0.407,0.20352,0.55,-0.06028,0.325
2179,7,0.36984,0.218,0.2694,0.5,0.3062,0.643,1.0,0.368
2180,,0.30216,0.168,0.23708,0.475,0.27388,0.593,0.93232,0.293
2181,,0.23448,0.118,0.20476,0.45,0.24156,0.543,0.86464,0.218
2182,,0.1668,0.068,0.17244,0.425,0.20924,0.493,0.79696,0.143
2183,,0.09912,0.018,0.14012,0.4,0.17692,0.443,0.72928,0.068
2184,,0.03144,-0.032,0.1078,0.375,0.1446,0.393,0.6616,-0.007
2185,2,0.02076,1.0,0.13248,0.425,0.20528,0.443,0.68692,-0.007
2186,8,0.03508,1.0,0.18216,0.5,0.29096,0.518,0.73724,1.0
2187,,-0.0326,0.95,0.14984,0.475,0.25864,0.468,0.66956,0.925
2188,1,1.0,0.957,0.18252,0.532,0.32632,0.525,0.70188,0.932
2189,,0.93232,0.907,0.1502,0.507,0.294,0.475,0.6342,0.857
2190,,0.86464,0.857,0.11788,0.482,0.26168,0.425,0.56652,0.782
2191,,0.79696,0.807,0.08556,0.457,0.22936,0.375,0.49884,0.707
2192,,0.72928,0.757,0.05324,0.432,0.19704,0.325,0.43116,0.632
2193,,0.6616,0.707,0.02092,0.407,0.16472,0.275,0.36348,0.557
2194,,0.59392,0.657,-0.0114,0.382,0.1324,0.225,0.2958,0.482
2195,3,0.59124,0.664,1.0,0.439,0.20008,0.282,0.32812,0.489
2196,,0.52356,0.614,0.96768,0.414,0.16776,0.232,0.26044,0.414
2197,,0.45588,0.564,0.93536,0.389,0.13544,0.182,0.19276,0.339
2198,,0.3882,0.514,0.90304,0.364,0.10312,0.132,0.12508,0.264
2199,,0.32052,0.464,0.87072,0.339,0.0708,0.082,0.0574,0.189
2200,,0.25284,0.414,0.8384,0.314,0.03848,0.032,-0.01028,0.114
2201,7,0.28516,0.457,0.90608,0.407,0.14116,0.125,1.0,0.157
2202,,0.21748,0.407,0.87376,0.382,0.10884,0.075,0.93232,0.082
2203,,0.1498,0.357,0.84144,0.357,0.07652,0.025,0.86464,0.007
2204,,0.08212,0.307,0.80912,0.332,0.0442,-0.025,0.79696,-0.068
2205,8,0.09644,0.332,0.8588,0.407,0.12988,0.05,0.84728,1.0
2206,,0.02876,0.282,0.82648,0.382,0.09756,0.0,0.7796,0.925
2207,,-0.03892,0.232,0.79416,0.357,0.06524,-0.05,0.71192,0.85
2208,6,0.0004,0.282,0.86884,0.457,-0.16708,1.0,0.78724,0.9
2209,5,0.03272,0.325,0.93652,0.55,1.0,0.75,0.85456,0.943
2210,,-0.03496,0.275,0.9042,0.525,0.96768,0.7,0.78688,0.868
2211,1,1.0,0.282,0.93688,0.582,1.0,0.757,0.8192,0.875
2212,,0.93232,0.232,0.90456,0.557,0.96768,0.707,0.75152,0.8
2213,,0.86464,0.182,0.87224,0.532,0.93536,0.657,0.68384,0.725
2214,,0.79696,0.132,0.83992,0.507,0.90304,0.607,0.61616,0.65
2215,,0.72928,0.082,0.8076,0.482,0.87072,0.557,0.54848,0.575
2216,,0.6616,0.032,0.77528,0.457,0.8384,0.507,0.4808,0.5
2217,,0.59392,-0.018,0.74296,0.432,0.80608,0.457,0.41312,0.425
2218,2,0.58324,1.0,0.76764,0.482,0.86676,0.507,0.43844,0.425
2219,,0.51556,0.95,0.73532,0.457,0.83444,0.457,0.37076,0.35
2220,,0.44788,0.9,0.703,0.432,0.80212,0.407,0.30308,0.275
2221,,0.3802,0.85,0.67068,0.407,0.7698,0.357,0.2354,0.2
2222,,0.31252,0.8,0.63836,0.382,0.73748,0.307,0.16772,0.125
2223,,0.24484,0.75,0.60604,0.357,0.70516,0.257,0.10004,0.05
2224,,0.17716,0.7,0.57372,0.332,0.67284,0.207,0.03236,-0.025
2225,8,0.19148,0.725,0.6234,0.407,0.75852,0.282,0.08268,1.0
2226,,0.1238,0.675,0.59108,0.382,0.7262,0.232,0.015,0.925
2227,,0.05612,0.625,0.55876,0.357,0.69388,0.182,-0.05268,0.85
2228,7,0.08844,0.668,0.62644,0.45,0.79656,0.275,1.0,0.893
2229,,0.02076,0.618,0.59412,0.425,0.76424,0.225,0.93232,0.818
2230,,-0.04692,0.568,0.5618,0.4,0.73192,0.175,0.86464,0.743
2231,1,1.0,0.575,0.59448,0.457,0.7996,0.232,0.89696,0.75
2232,,0.93232,0.525,0.56216,0.432,0.76728,0.182,0.82928,0.675
2233,,0.86464,0.475,0.52984,0.407,0.73496,0.132,0.7616,0.6
2234,,0.79696,0.425,0.49752,0.382,0.70264,0.082,0.69392,0.525
2235,,0.72928,0.375,0.4652,0.357,0.67032,0.032,0.62624,0.45
2236,,0.6616,0.325,0.43288,0.332,0.638,-0.018,0.55856,0.375
2237,6,0.70092,0.375,0.50756,0.432,0.40568,1.0,0.63388,0.425
2238,,0.63324,0.325,0.47524,0.407,0.37336,0.95,0.5662,0.35
2239,,0.56556,0.275,0.44292,0.382,0.34104,0.9,0.49852,0.275
2240,,0.49788,0.225,0.4106,0.357,0.30872,0.85,0.43084,0.2
2241,,0.4302,0.175,0.37828,0.332,0.2764,0.8,0.36316,0.125
2242,,0.36252,0.125,0.34596,0.307,0.24408,0.75,0.29548,0.05
2243,,0.29484,0.075,0.31364,0.282,0.21176,0.7,0.2278,-0.025
2244,8,0.30916,0.1,0.36332,0.357,0.29744,0.775,0.27812,1.0
2245,,0.24148,0.05,0.331,0.332,0.26512,0.725,0.21044,0.925
2246,,0.1738,0.0,0.29868,0.307,0.2328,0.675,0.14276,0.85
2247,,0.10612,-0.05,0.26636,0.282,0.20048,0.625,0.07508,0.775
2248,2,0.09544,1.0,0.29104,0.332,0.26116,0.675,0.1004,0.775
2249,,0.02776,0.95,0.25872,0.307,0.22884,0.625,0.03272,0.7
2250,,-0.03992,0.9,0.2264,0.282,0.19652,0.575,-0.03496,0.625
2251,1,1.0,0.907,0.25908,0.339,0.2642,0.632,-0.00264,0.632
2252,7,1.0,0.95,0.32676,0.432,0.36688,0.725,1.0,0.675
2253,,0.93232,0.9,0.29444,0.407,0.33456,0.675,0.93232,0.6
2254,,0.86464,0.85,0.26212,0.382,0.30224,0.625,0.86464,0.525
2255,,0.79696,0.8,0.2298,0.357,0.26992,0.575,0.79696,0.45
2256,,0.72928,0.75,0.19748,0.332,0.2376,0.525,0.72928,0.375
2257,,0.6616,0.7,0.16516,0.307,0.20528,0.475,0.6616,0.3
2258,,0.59392,0.65,0.13284,0.282,0.17296,0.425,0.59392,0.225
2259,,0.52624,0.6,0.10052,0.257,0.14064,0.375,0.52624,0.15
2260,,0.45856,0.55,0.0682,0.232,0.10832,0.325,0.45856,0.075
2261,,0.39088,0.5,0.03588,0.207,0.076,0.275,0.39088,-0.0
2262,,0.3232,0.45,0.00356,0.182,0.04368,0.225,0.3232,-0.075
2263,8,0.33752,0.475,0.05324,0.257,0.12936,0.3,0.37352,1.0
2264,,0.26984,0.425,0.02092,0.232,0.09704,0.25,0.30584,0.925
2265,,0.20216,0.375,-0.0114,0.207,0.06472,0.2,0.23816,0.85
2266,3,0.19948,0.382,1.0,0.264,0.1324,0.257,0.27048,0.857
2267,,0.1318,0.332,0.96768,0.239,0.10008,0.207,0.2028,0.782
2268,,0.06412,0.282,0.93536,0.214,0.06776,0.157,0.13512,0.707
2269,,-0.00356,0.232,0.90304,0.189,0.03544,0.107,0.06744,0.632
2270,1,1.0,0.239,0.93572,0.246,0.10312,0.164,0.09976,0.639
2271,,0.93232,0.189,0.9034,0.221,0.0708,0.114,0.03208,0.564
2272,,0.86464,0.139,0.87108,0.196,0.03848,0.064,-0.0356,0.489
2273,7,0.89696,0.182,0.93876,0.289,0.14116,0.157,1.0,0.532
2274,,0.82928,0.132,0.90644,0.264,0.10884,0.107,0.93232,0.457
2275,,0.7616,0.082,0.87412,0.239,0.07652,0.057,0.86464,0.382
2276,,0.69392,0.032,0.8418,0.214,0.0442,0.007,0.79696,0.307
2277,,0.62624,-0.018,0.80948,0.189,0.01188,-0.043,0.72928,0.232
2278,6,0.66556,0.032,0.88416,0.289,-0.22044,1.0,0.8046,0.282
2279,5,0.69788,0.075,0.95184,0.382,1.0,0.75,0.87192,0.325
2280,,0.6302,0.025,0.91952,0.357,0.96768,0.7,0.80424,0.25
2281,,0.56252,-0.025,0.8872,0.332,0.93536,0.65,0.73656,0.175
2282,2,0.55184,1.0,0.91188,0.382,0.99604,0.7,0.76188,0.175
2283,,0.48416,0.95,0.87956,0.357,0.96372,0.65,0.6942,0.1
2284,,0.41648,0.9,0.84724,0.332,0.9314,0.6,0.62652,0.025
2285,,0.3488,0.85,0.81492,0.307,0.89908,0.55,0.55884,-0.05
2286,8,0.36312,0.875,0.8646,0.382,0.98476,0.625,0.60916,1.0
2287,,0.29544,0.825,0.83228,0.357,0.95244,0.575,0.54148,0.925
2288,,0.22776,0.775,0.79996,0.332,0.92012,0.525,0.4738,0.85
2289,,0.16008,0.725,0.76764,0.307,0.8878,0.475,0.40612,0.775
2290,,0.0924,0.675,0.73532,0.282,0.85548,0.425,0.33844,0.7
2291,,0.02472,0.625,0.703,0.257,0.82316,0.375,0.27076,0.625
2292,,-0.04296,0.575,0.67068,0.232,0.79084,0.325,0.20308,0.55
2293,1,1.0,0.582,0.70336,0.289,0.85852,0.382,0.2354,0.557
2294,,0.93232,0.532,0.67104,0.264,0.8262,0.332,0.16772,0.482
2295,,0.86464,0.482,0.63872,0.239,0.79388,0.282,0.10004,0.407
2296,,0.79696,0.432,0.6064,0.214,0.76156,0.232,0.03236,0.332
2297,,0.72928,0.382,0.57408,0.189,0.72924,0.182,-0.03532,0.257
2298,7,0.7616,0.425,0.64176,0.282,0.83192,0.275,1.0,0.3
2299,,0.69392,0.375,0.60944,0.257,0.7996,0.225,0.93232,0.225
2300,,0.62624,0.325,0.57712,0.232,0.76728,0.175,0.86464,0.15
2301,,0.55856,0.275,0.5448,0.207,0.73496,0.125,0.79696,0.075
2302,,0.49088,0.225,0.51248,0.182,0.70264,0.075,0.72928,-0.0
2303,,0.4232,0.175,0.48016,0.157,0.67032,0.025,0.6616,-0.075
2304,8,0.43752,0.2,0.52984,0.232,0.756,0.1,0.71192,1.0
2305,,0.36984,0.15,0.49752,0.207,0.72368,0.05,0.64424,0.925
2306,,0.30216,0.1,0.4652,0.182,0.69136,0.0,0.57656,0.85
2307,,0.23448,0.05,0.43288,0.157,0.65904,-0.05,0.50888,0.775
2308,6,0.2738,0.1,0.50756,0.257,0.42672,1.0,0.5842,0.825
2309,,0.20612,0.05,0.47524,0.232,0.3944,0.95,0.51652,0.75
2310,,0.13844,0.0,0.44292,0.207,0.36208,0.9,0.44884,0.675
2311,,0.07076,-0.05,0.4106,0.182,0.32976,0.85,0.38116,0.6
2312,2,0.06008,1.0,0.43528,0.232,0.39044,0.9,0.40648,0.6
2313,,-0.0076,0.95,0.40296,0.207,0.35812,0.85,0.3388,0.525
2314,1,1.0,0.957,0.43564,0.264,0.4258,0.907,0.37112,0.532
2315,,0.93232,0.907,0.40332,0.239,0.39348,0.857,0.30344,0.457
2316,,0.86464,0.857,0.371,0.214,0.36116,0.807,0.23576,0.382
2317,,0.79696,0.807,0.33868,0.189,0.32884,0.757,0.16808,0.307
2318,,0.72928,0.757,0.30636,0.164,0.29652,0.707,0.1004,0.232
2319,,0.6616,0.707,0.27404,0.139,0.2642,0.657,0.03272,0.157
2320,,0.59392,0.657,0.24172,0.114,0.23188,0.607,-0.03496,0.082
2321,7,0.62624,0.7,0.3094,0.207,0.33456,0.7,1.0,0.125
2322,,0.55856,0.65,0.27708,0.182,0.30224,0.65,0.93232,0.05
2323,,0.49088,0.6,0.24476,0.157,0.26992,0.6,0.86464,-0.025
2324,8,0.5052,0.625,0.29444,0.232,0.3556,0.675,0.91496,1.0
2325,,0.43752,0.575,0.26212,0.207,0.32328,0.625,0.84728,0.925
2326,,0.36984,0.525,0.2298,0.182,0.29096,0.575,0.7796,0.85
2327,,0.30216,0.475,0.19748,0.157,0.25864,0.525,0.71192,0.775
2328,,0.23448,0.425,0.16516,0.132,0.22632,0.475,0.64424,0.7
2329,,0.1668,0.375,0.13284,0.107,0.194,0.425,0.57656,0.625
2330,,0.09912,0.325,0.10052,0.082,0.16168,0.375,0.50888,0.55
2331,,0.03144,0.275,0.0682,0.057,0.12936,0.325,0.4412,0.475
2332,,-0.03624,0.225,0.03588,0.032,0.09704,0.275,0.37352,0.4
2333,1,1.0,0.232,0.06856,0.089,0.16472,0.332,0.40584,0.407
2334,,0.93232,0.182,0.03624,0.064,0.1324,0.282,0.33816,0.332
2335,,0.86464,0.132,0.00392,0.039,0.10008,0.232,0.27048,0.257
2336,,0.79696,0.082,-0.0284,0.014,0.06776,0.182,0.2028,0.182
2337,3,0.79428,0.089,1.0,0.071,0.13544,0.239,0.23512,0.189
2338,,0.7266,0.039,0.96768,0.046,0.10312,0.189,0.16744,0.114
2339,,0.65892,-0.011,0.93536,0.021,0.0708,0.139,0.09976,0.039
2340,2,0.64824,1.0,0.96004,0.071,0.13148,0.189,0.12508,0.039
2341,,0.58056,0.95,0.92772,0.046,0.09916,0.139,0.0574,-0.036
2342,8,0.59488,0.975,0.9774,0.121,0.18484,0.214,0.10772,1.0
2343,,0.5272,0.925,0.94508,0.096,0.15252,0.164,0.04004,0.925
2344,,0.45952,0.875,0.91276,0.071,0.1202,0.114,-0.02764,0.85
2345,7,0.49184,0.918,0.98044,0.164,0.22288,0.207,1.0,0.893
2346,,0.42416,0.868,0.94812,0.139,0.19056,0.157,0.93232,0.818
2347,,0.35648,0.818,0.9158,0.114,0.15824,0.107,0.86464,0.743
2348,,0.2888,0.768,0.88348,0.089,0.12592,0.057,0.79696,0.668
2349,,0.22112,0.718,0.85116,0.064,0.0936,0.007,0.72928,0.593
2350,,0.15344,0.668,0.81884,0.039,0.06128,-0.043,0.6616,0.518
2351,6,0.19276,0.718,0.89352,0.139,-0.17104,1.0,0.73692,0.568
2352,5,0.22508,0.761,0.9612,0.232,1.0,0.75,0.80424,0.611
2353,,0.1574,0.711,0.92888,0.207,0.96768,0.7,0.73656,0.536
2354,,0.08972,0.661,0.89656,0.182,0.93536,0.65,0.66888,0.461
2355,,0.02204,0.611,0.86424,0.157,0.90304,0.6,0.6012,0.386
2356,,-0.04564,0.561,0.83192,0.132,0.87072,0.55,0.53352,0.311
2357,1,1.0,0.568,0.8646,0.189,0.9384,0.607,0.56584,0.318
2358,,0.93232,0.518,0.83228,0.164,0.90608,0.557,0.49816,0.243
2359,,0.86464,0.468,0.79996,0.139,0.87376,0.507,0.43048,0.168
2360,,0.79696,0.418,0.76764,0.114,0.84144,0.457,0.3628,0.093
2361,,0.72928,0.368,0.73532,0.089,0.80912,0.407,0.29512,0.018
2362,,0.6616,0.318,0.703,0.064,0.7768,0.357,0.22744,-0.057
2363,8,0.67592,0.343,0.75268,0.139,0.86248,0.432,0.27776,1.0
2364,,0.60824,0.293,0.72036,0.114,0.83016,0.382,0.21008,0.925
2365,,0.54056,0.243,0.68804,0.089,0.79784,0.332,0.1424,0.85
2366,,0.47288,0.193,0.65572,0.064,0.76552,0.282,0.07472,0.775
2367,,0.4052,0.143,0.6234,0.039,0.7332,0.232,0.00704,0.7
2368,,0.33752,0.093,0.59108,0.014,0.70088,0.182,-0.06064,0.625
2369,7,0.36984,0.136,0.65876,0.107,0.80356,0.275,1.0,0.668
2370,,0.30216,0.086,0.62644,0.082,0.77124,0.225,0.93232,0.593
2371,,0.23448,0.036,0.59412,0.057,0.73892,0.175,0.86464,0.518
2372,,0.1668,-0.014,0.5618,0.032,0.7066,0.125,0.79696,0.443
2373,2,0.15612,1.0,0.58648,0.082,0.76728,0.175,0.82228,0.443
2374,,0.08844,0.95,0.55416,0.057,0.73496,0.125,0.7546,0.368
2375,,0.02076,0.9,0.52184,0.032,0.70264,0.075,0.68692,0.293
2376,,-0.04692,0.85,0.48952,0.007,0.67032,0.025,0.61924,0.218
2377,1,1.0,0.857,0.5222,0.064,0.738,0.082,0.65156,0.225
2378,,0.93232,0.807,0.48988,0.039,0.70568,0.032,0.58388,0.15
2379,,0.86464,0.757,0.45756,0.014,0.67336,-0.018,0.5162,0.075
2380,6,0.90396,0.807,0.53224,0.114,0.44104,1.0,0.59152,0.125
2381,,0.83628,0.757,0.49992,0.089,0.40872,0.95,0.52384,0.05
2382,,0.7686,0.707,0.4676,0.064,0.3764,0.9,0.45616,-0.025
2383,8,0.78292,0.732,0.51728,0.139,0.46208,0.975,0.50648,1.0
2384,,0.71524,0.682,0.48496,0.114,0.42976,0.925,0.4388,0.925
2385,,0.64756,0.632,0.45264,0.089,0.39744,0.875,0.37112,0.85
2386,,0.57988,0.582,0.42032,0.064,0.36512,0.825,0.30344,0.775
2387,,0.5122,0.532,0.388,0.039,0.3328,0.775,0.23576,0.7
2388,,0.44452,0.482,0.35568,0.014,0.30048,0.725,0.16808,0.625
2389,,0.37684,0.432,0.32336,-0.011,0.26816,0.675,0.1004,0.55
2390,4,0.39116,0.457,0.37304,1.0,0.35384,0.75,0.15072,0.575
2391,,0.32348,0.407,0.34072,0.975,0.32152,0.7,0.08304,0.5
2392,,0.2558,0.357,0.3084,0.95,0.2892,0.65,0.01536,0.425
2393,,0.18812,0.307,0.27608,0.925,0.25688,0.6,-0.05232,0.35
2394,7,0.22044,0.35,0.34376,1.0,0.35956,0.693,1.0,0.393
2395,,0.15276,0.3,0.31144,0.975,0.32724,0.643,0.93232,0.318
2396,,0.08508,0.25,0.27912,0.95,0.29492,0.593,0.86464,0.243
2397,,0.0174,0.2,0.2468,0.925,0.2626,0.543,0.79696,0.168
2398,,-0.05028,0.15,0.21448,0.9,0.23028,0.493,0.72928,0.093
2399,1,1.0,0.157,0.24716,0.957,0.29796,0.55,0.7616,0.1
2400,,0.93232,0.107,0.21484,0.932,0.26564,0.5,0.69392,0.025
2401,,0.86464,0.057,0.18252,0.907,0.23332,0.45,0.62624,-0.05
2402,8,0.87896,0.082,0.2322,0.982,0.319,0.525,0.67656,1.0
2403,,0.81128,0.032,0.19988,0.957,0.28668,0.475,0.60888,0.925
2404,,0.7436,-0.018,0.16756,0.932,0.25436,0.425,0.5412,0.85
2405,2,0.73292,1.0,0.19224,0.982,0.31504,0.475,0.56652,0.85
2406,,0.66524,0.95,0.15992,0.957,0.28272,0.425,0.49884,0.775
2407,,0.59756,0.9,0.1276,0.932,0.2504,0.375,0.43116,0.7
2408,,0.52988,0.85,0.09528,0.907,0.21808,0.325,0.36348,0.625
2409,,0.4622,0.8,0.06296,0.882,0.18576,0.275,0.2958,0.55
2410,,0.39452,0.75,0.03064,0.857,0.15344,0.225,0.22812,0.475
2411,,0.32684,0.7,-0.00168,0.832,0.12112,0.175,0.16044,0.4
2412,3,0.32416,0.707,1.0,0.889,0.1888,0.232,0.19276,0.407
2413,,0.25648,0.657,0.96768,0.864,0.15648,0.182,0.12508,0.332
2414,,0.1888,0.607,0.93536,0.839,0.12416,0.132,0.0574,0.257
2415,,0.12112,0.557,0.90304,0.814,0.09184,0.082,-0.01028,0.182
2416,7,0.15344,0.6,0.97072,0.907,0.19452,0.175,1.0,0.225
2417,,0.08576,0.55,0.9384,0.882,0.1622,0.125,0.93232,0.15
2418,,0.01808,0.5,0.90608,0.857,0.12988,0.075,0.86464,0.075
2419,,-0.0496,0.45,0.87376,0.832,0.09756,0.025,0.79696,-0.0
2420,1,1.0,0.457,0.90644,0.889,0.16524,0.082,0.82928,0.007
2421,,0.93232,0.407,0.87412,0.864,0.13292,0.032,0.7616,-0.068
2422,8,0.94664,0.432,0.9238,0.939,0.2186,0.107,0.81192,1.0
2423,,0.87896,0.382,0.89148,0.914,0.18628,0.057,0.74424,0.925
2424,,0.81128,0.332,0.85916,0.889,0.15396,0.007,0.67656,0.85
2425,,0.7436,0.282,0.82684,0.864,0.12164,-0.043,0.60888,0.775
2426,6,0.78292,0.332,0.90152,0.964,-0.11068,1.0,0.6842,0.825
2427,5,0.81524,0.375,0.9692,1.0,1.0,0.75,0.75152,0.868
2428,,0.74756,0.325,0.93688,0.975,0.96768,0.7,0.68384,0.793
2429,,0.67988,0.275,0.90456,0.95,0.93536,0.65,0.61616,0.718
2430,,0.6122,0.225,0.87224,0.925,0.90304,0.6,0.54848,0.643
2431,,0.54452,0.175,0.83992,0.9,0.87072,0.55,0.4808,0.568
2432,,0.47684,0.125,0.8076,0.875,0.8384,0.5,0.41312,0.493
2433,,0.40916,0.075,0.77528,0.85,0.80608,0.45,0.34544,0.418
2434,,0.34148,0.025,0.74296,0.825,0.77376,0.4,0.27776,0.343
2435,,0.2738,-0.025,0.71064,0.8,0.74144,0.35,0.21008,0.268
2436,2,0.26312,1.0,0.73532,0.85,0.80212,0.4,0.2354,0.268
2437,,0.19544,0.95,0.703,0.825,0.7698,0.35,0.16772,0.193
2438,,0.12776,0.9,0.67068,0.8,0.73748,0.3,0.10004,0.118
2439,,0.06008,0.85,0.63836,0.775,0.70516,0.25,0.03236,0.043
2440,,-0.0076,0.8,0.60604,0.75,0.67284,0.2,-0.03532,-0.032
2441,7,0.02472,0.843,0.67372,0.843,0.77552,0.293,1.0,0.011
2442,,-0.04296,0.793,0.6414,0.818,0.7432,0.243,0.93232,-0.064
2443,8,-0.02864,0.818,0.69108,0.893,0.82888,0.318,0.98264,1.0
2444,1,1.0,0.825,0.72376,0.95,0.89656,0.375,1.0,1.0
2445,,0.93232,0.775,0.69144,0.925,0.86424,0.325,0.93232,0.925
2446,,0.86464,0.725,0.65912,0.9,0.83192,0.275,0.86464,0.85
2447,,0.79696,0.675,0.6268,0.875,0.7996,0.225,0.79696,0.775
2448,,0.72928,0.625,0.59448,0.85,0.76728,0.175,0.72928,0.7
2449,,0.6616,0.575,0.56216,0.825,0.73496,0.125,0.6616,0.625
2450,,0.59392,0.525,0.52984,0.8,0.70264,0.075,0.59392,0.55
2451,,0.52624,0.475,0.49752,0.775,0.67032,0.025,0.52624,0.475
2452,,0.45856,0.425,0.4652,0.75,0.638,-0.025,0.45856,0.4
2453,6,0.49788,0.475,0.53988,0.85,0.40568,1.0,0.53388,0.45
2454,,0.4302,0.425,0.50756,0.825,0.37336,0.95,0.4662,0.375
2455,,0.36252,0.375,0.47524,0.8,0.34104,0.9,0.39852,0.3
2456,,0.29484,0.325,0.44292,0.775,0.30872,0.85,0.33084,0.225
2457,,0.22716,0.275,0.4106,0.75,0.2764,0.8,0.26316,0.15
2458,,0.15948,0.225,0.37828,0.725,0.24408,0.75,0.19548,0.075
2459,,0.0918,0.175,0.34596,0.7,0.21176,0.7,0.1278,-0.0
2460,,0.02412,0.125,0.31364,0.675,0.17944,0.65,0.06012,-0.075
2461,8,0.03844,0.15,0.36332,0.75,0.26512,0.725,0.11044,1.0
2462,,-0.02924,0.1,0.331,0.725,0.2328,0.675,0.04276,0.925
2463,1,1.0,0.107,0.36368,0.782,0.30048,0.732,0.07508,0.932
2464,,0.93232,0.057,0.33136,0.757,0.26816,0.682,0.0074,0.857
2465,,0.86464,0.007,0.29904,0.732,0.23584,0.632,-0.06028,0.782
2466,7,0.89696,0.05,0.36672,0.825,0.33852,0.725,1.0,0.825
2467,,0.82928,0.0,0.3344,0.8,0.3062,0.675,0.93232,0.75
2468,,0.7616,-0.05,0.30208,0.775,0.27388,0.625,0.86464,0.675
2469,2,0.75092,1.0,0.32676,0.825,0.33456,0.675,0.88996,0.675
2470,,0.68324,0.95,0.29444,0.8,0.30224,0.625,0.82228,0.6
2471,,0.61556,0.9,0.26212,0.775,0.26992,0.575,0.7546,0.525
2472,,0.54788,0.85,0.2298,0.75,0.2376,0.525,0.68692,0.45
2473,,0.4802,0.8,0.19748,0.725,0.20528,0.475,0.61924,0.375
2474,,0.41252,0.75,0.16516,0.7,0.17296,0.425,0.55156,0.3
2475,,0.34484,0.7,0.13284,0.675,0.14064,0.375,0.48388,0.225
2476,,0.27716,0.65,0.10052,0.65,0.10832,0.325,0.4162,0.15
2477,,0.20948,0.6,0.0682,0.625,0.076,0.275,0.34852,0.075
2478,,0.1418,0.55,0.03588,0.6,0.04368,0.225,0.28084,-0.0
2479,,0.07412,0.5,0.00356,0.575,0.01136,0.175,0.21316,-0.075
2480,8,0.08844,0.525,0.05324,0.65,0.09704,0.25,0.26348,1.0
2481,,0.02076,0.475,0.02092,0.625,0.06472,0.2,0.1958,0.925
2482,,-0.04692,0.425,-0.0114,0.6,0.0324,0.15,0.12812,0.85
2483,1,1.0,0.432,0.02128,0.657,0.10008,0.207,0.16044,0.857
2484,,0.93232,0.382,-0.01104,0.632,0.06776,0.157,0.09276,0.782
2485,3,0.92964,0.389,1.0,0.689,0.13544,0.214,0.12508,0.789
2486,,0.86196,0.339,0.96768,0.664,0.10312,0.164,0.0574,0.714
2487,,0.79428,0.289,0.93536,0.639,0.0708,0.114,-0.01028,0.639
2488,7,0.8266,0.332,1.0,0.732,0.17348,0.207,1.0,0.682
2489,,0.75892,0.282,0.96768,0.707,0.14116,0.157,0.93232,0.607
2490,,0.69124,0.232,0.93536,0.682,0.10884,0.107,0.86464,0.532
2491,,0.62356,0.182,0.90304,0.657,0.07652,0.057,0.79696,0.457
2492,,0.55588,0.132,0.87072,0.632,0.0442,0.007,0.72928,0.382
2493,,0.4882,0.082,0.8384,0.607,0.01188,-0.043,0.6616,0.307
2494,6,0.52752,0.132,0.91308,0.707,-0.22044,1.0,0.73692,0.357
2495,5,0.55984,0.175,0.98076,0.8,1.0,0.75,0.80424,0.4
2496,,0.49216,0.125,0.94844,0.775,0.96768,0.7,0.73656,0.325
2497,,0.42448,0.075,0.91612,0.75,0.93536,0.65,0.66888,0.25
2498,,0.3568,0.025,0.8838,0.725,0.90304,0.6,0.6012,0.175
2499,,0.28912,-0.025,0.85148,0.7,0.87072,0.55,0.53352,0.1
2500,2,0.27844,1.0,0.87616,0.75,0.9314,0.6,0.55884,0.1
2501,,0.21076,0.95,0.84384,0.725,0.89908,0.55,0.49116,0.025
2502,,0.14308,0.9,0.81152,0.7,0.86676,0.5,0.42348,-0.05
2503,8,0.1574,0.925,0.8612,0.775,0.95244,0.575,0.4738,1.0
2504,,0.08972,0.875,0.82888,0.75,0.92012,0.525,0.40612,0.925
2505,,0.02204,0.825,0.79656,0.725,0.8878,0.475,0.33844,0.85
2506,,-0.04564,0.775,0.76424,0.7,0.85548,0.425,0.27076,0.775
2507,1,1.0,0.782,0.79692,0.757,0.92316,0.482,0.30308,0.782
2508,,0.93232,0.732,0.7646,0.732,0.89084,0.432,0.2354,0.707
2509,,0.86464,0.682,0.73228,0.707,0.85852,0.382,0.16772,0.632
2510,,0.79696,0.632,0.69996,0.682,0.8262,0.332,0.10004,0.557
2511,,0.72928,0.582,0.66764,0.657,0.79388,0.282,0.03236,0.482
2512,,0.6616,0.532,0.63532,0.632,0.76156,0.232,-0.03532,0.407
2513,7,0.69392,0.575,0.703,0.725,0.86424,0.325,1.0,0.45
2514,,0.62624,0.525,0.67068,0.7,0.83192,0.275,0.93232,0.375
2515,,0.55856,0.475,0.63836,0.675,0.7996,0.225,0.86464,0.3
2516,,0.49088,0.425,0.60604,0.65,0.76728,0.175,0.79696,0.225
2517,,0.4232,0.375,0.57372,0.625,0.73496,0.125,0.72928,0.15
2518,,0.35552,0.325,0.5414,0.6,0.70264,0.075,0.6616,0.075
2519,,0.28784,0.275,0.50908,0.575,0.67032,0.025,0.59392,-0.0
2520,,0.22016,0.225,0.47676,0.55,0.638,-0.025,0.52624,-0.075
2521,8,0.23448,0.25,0.52644,0.625,0.72368,0.05,0.57656,1.0
2522,,0.1668,0.2,0.49412,0.6,0.69136,0.0,0.50888,0.925
2523,,0.09912,0.15,0.4618,0.575,0.65904,-0.05,0.4412,0.85
2524,6,0.13844,0.2,0.53648,0.675,0.42672,1.0,0.51652,0.9
2525,,0.07076,0.15,0.50416,0.65,0.3944,0.95,0.44884,0.825
2526,,0.00308,0.1,0.47184,0.625,0.36208,0.9,0.38116,0.75
2527,,-0.0646,0.05,0.43952,0.6,0.32976,0.85,0.31348,0.675
2528,1,1.0,0.057,0.4722,0.657,0.39744,0.907,0.3458,0.682
2529,,0.93232,0.007,0.43988,0.632,0.36512,0.857,0.27812,0.607
2530,,0.86464,-0.043,0.40756,0.607,0.3328,0.807,0.21044,0.532
2531,2,0.85396,1.0,0.43224,0.657,0.39348,0.857,0.23576,0.532
2532,,0.78628,0.95,0.39992,0.632,0.36116,0.807,0.16808,0.457
2533,,0.7186,0.9,0.3676,0.607,0.32884,0.757,0.1004,0.382
2534,,0.65092,0.85,0.33528,0.582,0.29652,0.707,0.03272,0.307
2535,,0.58324,0.8,0.30296,0.557,0.2642,0.657,-0.03496,0.232
2536,7,0.61556,0.843,0.37064,0.65,0.36688,0.75,1.0,0.275
2537,,0.54788,0.793,0.33832,0.625,0.33456,0.7,0.93232,0.2
2538,,0.4802,0.743,0.306,0.6,0.30224,0.65,0.86464,0.125
2539,,0.41252,0.693,0.27368,0.575,0.26992,0.6,0.79696,0.05
2540,,0.34484,0.643,0.24136,0.55,0.2376,0.55,0.72928,-0.025
2541,8,0.35916,0.668,0.29104,0.625,0.32328,0.625,0.7796,1.0
2542,,0.29148,0.618,0.25872,0.6,0.29096,0.575,0.71192,0.925
2543,,0.2238,0.568,0.2264,0.575,0.25864,0.525,0.64424,0.85
2544,,0.15612,0.518,0.19408,0.55,0.22632,0.475,0.57656,0.775
2545,,0.08844,0.468,0.16176,0.525,0.194,0.425,0.50888,0.7
2546,,0.02076,0.418,0.12944,0.5,0.16168,0.375,0.4412,0.625
2547,,-0.04692,0.368,0.09712,0.475,0.12936,0.325,0.37352,0.55
2548,1,1.0,0.375,0.1298,0.532,0.19704,0.382,0.40584,0.557
2549,,0.93232,0.325,0.09748,0.507,0.16472,0.332,0.33816,0.482
2550,,0.86464,0.275,0.06516,0.482,0.1324,0.282,0.27048,0.407
2551,,0.79696,0.225,0.03284,0.457,0.10008,0.232,0.2028,0.332
2552,,0.72928,0.175,0.00052,0.432,0.06776,0.182,0.13512,0.257
2553,,0.6616,0.125,-0.0318,0.407,0.03544,0.132,0.06744,0.182
2554,3,0.65892,0.132,1.0,0.464,0.10312,0.189,0.09976,0.189
2555,,0.59124,0.082,0.96768,0.439,0.0708,0.139,0.03208,0.114
2556,,0.52356,0.032,0.93536,0.414,0.03848,0.089,-0.0356,0.039
2557,7,0.55588,0.075,1.0,0.507,0.14116,0.182,1.0,0.082
2558,,0.4882,0.025,0.96768,0.482,0.10884,0.132,0.93232,0.007
2559,,0.42052,-0.025,0.93536,0.457,0.07652,0.082,0.86464,-0.068
2560,8,0.43484,-0.0,0.98504,0.532,0.1622,0.157,0.91496,1.0
2561,,0.36716,-0.05,0.95272,0.507,0.12988,0.107,0.84728,0.925
2562,2,0.35648,1.0,0.9774,0.557,0.19056,0.157,0.8726,0.925
2563,,0.2888,0.95,0.94508,0.532,0.15824,0.107,0.80492,0.85
2564,,0.22112,0.9,0.91276,0.507,0.12592,0.057,0.73724,0.775
2565,,0.15344,0.85,0.88044,0.482,0.0936,0.007,0.66956,0.7
2566,,0.08576,0.8,0.84812,0.457,0.06128,-0.043,0.60188,0.625
2567,6,0.12508,0.85,0.9228,0.557,-0.17104,1.0,0.6772,0.675
2568,5,0.1574,0.893,0.99048,0.65,1.0,0.75,0.74452,0.718
2569,,0.08972,0.843,0.95816,0.625,0.96768,0.7,0.67684,0.643
2570,,0.02204,0.793,0.92584,0.6,0.93536,0.65,0.60916,0.568
2571,,-0.04564,0.743,0.89352,0.575,0.90304,0.6,0.54148,0.493
2572,1,1.0,0.75,0.9262,0.632,0.97072,0.657,0.5738,0.5
2573,,0.93232,0.7,0.89388,0.607,0.9384,0.607,0.50612,0.425
2574,,0.86464,0.65,0.86156,0.582,0.90608,0.557,0.43844,0.35
2575,,0.79696,0.6,0.82924,0.557,0.87376,0.507,0.37076,0.275
2576,,0.72928,0.55,0.79692,0.532,0.84144,0.457,0.30308,0.2
2577,,0.6616,0.5,0.7646,0.507,0.80912,0.407,0.2354,0.125
2578,,0.59392,0.45,0.73228,0.482,0.7768,0.357,0.16772,0.05
2579,,0.52624,0.4,0.69996,0.457,0.74448,0.307,0.10004,-0.025
2580,8,0.54056,0.425,0.74964,0.532,0.83016,0.382,0.15036,1.0
2581,,0.47288,0.375,0.71732,0.507,0.79784,0.332,0.08268,0.925
2582,,0.4052,0.325,0.685,0.482,0.76552,0.282,0.015,0.85
2583,,0.33752,0.275,0.65268,0.457,0.7332,0.232,-0.05268,0.775
2584,7,0.36984,0.318,0.72036,0.55,0.83588,0.325,1.0,0.818
2585,,0.30216,0.268,0.68804,0.525,0.80356,0.275,0.93232,0.743
2586,,0.23448,0.218,0.65572,0.5,0.77124,0.225,0.86464,0.668
2587,,0.1668,0.168,0.6234,0.475,0.73892,0.175,0.79696,0.593
2588,,0.09912,0.118,0.59108,0.45,0.7066,0.125,0.72928,0.518
2589,,0.03144,0.068,0.55876,0.425,0.67428,0.075,0.6616,0.443
2590,,-0.03624,0.018,0.52644,0.4,0.64196,0.025,0.59392,0.368
2591,1,1.0,0.025,0.55912,0.457,0.70964,0.082,0.62624,0.375
2592,,0.93232,-0.025,0.5268,0.432,0.67732,0.032,0.55856,0.3
2593,2,0.92164,1.0,0.55148,0.482,0.738,0.082,0.58388,0.3
2594,,0.85396,0.95,0.51916,0.457,0.70568,0.032,0.5162,0.225
2595,,0.78628,0.9,0.48684,0.432,0.67336,-0.018,0.44852,0.15
2596,6,0.8256,0.95,0.56152,0.532,0.44104,1.0,0.52384,0.2
2597,,0.75792,0.9,0.5292,0.507,0.40872,0.95,0.45616,0.125
2598,,0.69024,0.85,0.49688,0.482,0.3764,0.9,0.38848,0.05
2599,,0.62256,0.8,0.46456,0.457,0.34408,0.85,0.3208,-0.025
2600,8,0.63688,0.825,0.51424,0.532,0.42976,0.925,0.37112,1.0
2601,,0.5692,0.775,0.48192,0.507,0.39744,0.875,0.30344,0.925
2602,,0.50152,0.725,0.4496,0.482,0.36512,0.825,0.23576,0.85
2603,,0.43384,0.675,0.41728,0.457,0.3328,0.775,0.16808,0.775
2604,,0.36616,0.625,0.38496,0.432,0.30048,0.725,0.1004,0.7
2605,,0.29848,0.575,0.35264,0.407,0.26816,0.675,0.03272,0.625
2606,,0.2308,0.525,0.32032,0.382,0.23584,0.625,-0.03496,0.55
2607,7,0.26312,0.568,0.388,0.475,0.33852,0.718,1.0,0.593
2608,,0.19544,0.518,0.35568,0.45,0.3062,0.668,0.93232,0.518
2609,,0.12776,0.468,0.32336,0.425,0.27388,0.618,0.86464,0.443
2610,,0.06008,0.418,0.29104,0.4,0.24156,0.568,0.79696,0.368
2611,,-0.0076,0.368,0.25872,0.375,0.20924,0.518,0.72928,0.293
2612,1,1.0,0.375,0.2914,0.432,0.27692,0.575,0.7616,0.3
2613,,0.93232,0.325,0.25908,0.407,0.2446,0.525,0.69392,0.225
2614,,0.86464,0.275,0.22676,0.382,0.21228,0.475,0.62624,0.15
2615,,0.79696,0.225,0.19444,0.357,0.17996,0.425,0.55856,0.075
2616,,0.72928,0.175,0.16212,0.332,0.14764,0.375,0.49088,-0.0
2617,,0.6616,0.125,0.1298,0.307,0.11532,0.325,0.4232,-0.075
2618,8,0.67592,0.15,0.17948,0.382,0.201,0.4,0.47352,1.0
2619,,0.60824,0.1,0.14716,0.357,0.16868,0.35,0.40584,0.925
2620,,0.54056,0.05,0.11484,0.332,0.13636,0.3,0.33816,0.85
2621,,0.47288,0.0,0.08252,0.307,0.10404,0.25,0.27048,0.775
2622,,0.4052,-0.05,0.0502,0.282,0.07172,0.2,0.2028,0.7
2623,2,0.39452,1.0,0.07488,0.332,0.1324,0.25,0.22812,0.7
2624,,0.32684,0.95,0.04256,0.307,0.10008,0.2,0.16044,0.625
2625,,0.25916,0.9,0.01024,0.282,0.06776,0.15,0.09276,0.55
2626,,0.19148,0.85,-0.02208,0.257,0.03544,0.1,0.02508,0.475
2627,3,0.1888,0.857,1.0,0.314,0.10312,0.157,0.0574,0.482
2628,,0.12112,0.807,0.96768,0.289,0.0708,0.107,-0.01028,0.407
2629,7,0.15344,0.85,1.0,0.382,0.17348,0.2,1.0,0.45
2630,,0.08576,0.8,0.96768,0.357,0.14116,0.15,0.93232,0.375
2631,,0.01808,0.75,0.93536,0.332,0.10884,0.1,0.86464,0.3
2632,,-0.0496,0.7,0.90304,0.307,0.07652,0.05,0.79696,0.225
2633,1,1.0,0.707,0.93572,0.364,0.1442,0.107,0.82928,0.232
2634,,0.93232,0.657,0.9034,0.339,0.11188,0.057,0.7616,0.157
2635,,0.86464,0.607,0.87108,0.314,0.07956,0.007,0.69392,0.082
2636,,0.79696,0.557,0.83876,0.289,0.04724,-0.043,0.62624,0.007
2637,6,0.83628,0.607,0.91344,0.389,-0.18508,1.0,0.70156,0.057
2638,5,0.8686,0.65,0.98112,0.482,1.0,0.75,0.76888,0.1
2639,,0.80092,0.6,0.9488,0.457,0.96768,0.7,0.7012,0.025
2640,,0.73324,0.55,0.91648,0.432,0.93536,0.65,0.63352,-0.05
2641,8,0.74756,0.575,0.96616,0.507,1.0,0.725,0.68384,1.0
2642,,0.67988,0.525,0.93384,0.482,0.96768,0.675,0.61616,0.925
2643,,0.6122,0.475,0.90152,0.457,0.93536,0.625,0.54848,0.85
2644,,0.54452,0.425,0.8692,0.432,0.90304,0.575,0.4808,0.775
2645,,0.47684,0.375,0.83688,0.407,0.87072,0.525,0.41312,0.7
2646,,0.40916,0.325,0.80456,0.382,0.8384,0.475,0.34544,0.625
2647,,0.34148,0.275,0.77224,0.357,0.80608,0.425,0.27776,0.55
2648,,0.2738,0.225,0.73992,0.332,0.77376,0.375,0.21008,0.475
2649,,0.20612,0.175,0.7076,0.307,0.74144,0.325,0.1424,0.4
2650,,0.13844,0.125,0.67528,0.282,0.70912,0.275,0.07472,0.325
2651,,0.07076,0.075,0.64296,0.257,0.6768,0.225,0.00704,0.25
2652,,0.00308,0.025,0.61064,0.232,0.64448,0.175,-0.06064,0.175
2653,7,0.0354,0.068,0.67832,0.325,0.74716,0.268,1.0,0.218
2654,,-0.03228,0.018,0.646,0.3,0.71484,0.218,0.93232,0.143
2655,1,1.0,0.025,0.67868,0.357,0.78252,0.275,0.96464,0.15
2656,,0.93232,-0.025,0.64636,0.332,0.7502,0.225,0.89696,0.075
2657,2,0.92164,1.0,0.67104,0.382,0.81088,0.275,0.92228,0.075
2658,,0.85396,0.95,0.63872,0.357,0.77856,0.225,0.8546,-0.0
2659,,0.78628,0.9,0.6064,0.332,0.74624,0.175,0.78692,-0.075
2660,8,0.8006,0.925,0.65608,0.407,0.83192,0.25,0.83724,1.0
2661,,0.73292,0.875,0.62376,0.382,0.7996,0.2,0.76956,0.925
2662,,0.66524,0.825,0.59144,0.357,0.76728,0.15,0.70188,0.85
2663,,0.59756,0.775,0.55912,0.332,0.73496,0.1,0.6342,0.775
2664,,0.52988,0.725,0.5268,0.307,0.70264,0.05,0.56652,0.7
2665,,0.4622,0.675,0.49448,0.282,0.67032,0.0,0.49884,0.625
2666,,0.39452,0.625,0.46216,0.257,0.638,-0.05,0.43116,0.55
2667,6,0.43384,0.675,0.53684,0.357,0.40568,1.0,0.50648,0.6
2668,,0.36616,0.625,0.50452,0.332,0.37336,0.95,0.4388,0.525
2669,,0.29848,0.575,0.4722,0.307,0.34104,0.9,0.37112,0.45
2670,,0.2308,0.525,0.43988,0.282,0.30872,0.85,0.30344,0.375
2671,,0.16312,0.475,0.40756,0.257,0.2764,0.8,0.23576,0.3
2672,,0.09544,0.425,0.37524,0.232,0.24408,0.75,0.16808,0.225
2673,,0.02776,0.375,0.34292,0.207,0.21176,0.7,0.1004,0.15
2674,,-0.03992,0.325,0.3106,0.182,0.17944,0.65,0.03272,0.075
2675,1,1.0,0.332,0.34328,0.239,0.24712,0.707,0.06504,0.082
2676,,0.93232,0.282,0.31096,0.214,0.2148,0.657,-0.00264,0.007
2677,7,0.96464,0.325,0.37864,0.307,0.31748,0.75,1.0,0.05
2678,,0.89696,0.275,0.34632,0.282,0.28516,0.7,0.93232,-0.025
2679,8,0.91128,0.3,0.396,0.357,0.37084,0.775,0.98264,1.0
2680,,0.8436,0.25,0.36368,0.332,0.33852,0.725,0.91496,0.925
2681,,0.77592,0.2,0.33136,0.307,0.3062,0.675,0.84728,0.85
2682,,0.70824,0.15,0.29904,0.282,0.27388,0.625,0.7796,0.775
2683,,0.64056,0.1,0.26672,0.257,0.24156,0.575,0.71192,0.7
2684,,0.57288,0.05,0.2344,0.232,0.20924,0.525,0.64424,0.625
2685,,0.5052,0.0,0.20208,0.207,0.17692,0.475,0.57656,0.55
2686,,0.43752,-0.05,0.16976,0.182,0.1446,0.425,0.50888,0.475
2687,2,0.42684,1.0,0.19444,0.232,0.20528,0.475,0.5342,0.475
2688,,0.35916,0.95,0.16212,0.207,0.17296,0.425,0.46652,0.4
2689,,0.29148,0.9,0.1298,0.182,0.14064,0.375,0.39884,0.325
2690,,0.2238,0.85,0.09748,0.157,0.10832,0.325,0.33116,0.25
2691,,0.15612,0.8,0.06516,0.132,0.076,0.275,0.26348,0.175
2692,,0.08844,0.75,0.03284,0.107,0.04368,0.225,0.1958,0.1
2693,,0.02076,0.7,0.00052,0.082,0.01136,0.175,0.12812,0.025
2694,,-0.04692,0.65,-0.0318,0.057,-0.02096,0.125,0.06044,-0.05
2695,8,-0.0326,0.675,0.01788,0.132,0.06472,0.2,0.11076,1.0
2696,1,1.0,0.682,0.05056,0.189,0.1324,0.257,0.14308,1.0
2697,,0.93232,0.632,0.01824,0.164,0.10008,0.207,0.0754,0.925
2698,,0.86464,0.582,-0.01408,0.139,0.06776,0.157,0.00772,0.85
2699,3,0.86196,0.589,1.0,0.196,0.13544,0.214,0.04004,0.857
2700,,0.79428,0.539,0.96768,0.171,0.10312,0.164,-0.02764,0.782
2701,7,0.8266,0.582,1.0,0.264,0.2058,0.257,1.0,0.825
2702,,0.75892,0.532,0.96768,0.239,0.17348,0.207,0.93232,0.75
2703,,0.69124,0.482,0.93536,0.214,0.14116,0.157,0.86464,0.675
2704,,0.62356,0.432,0.90304,0.189,0.10884,0.107,0.79696,0.6
2705,,0.55588,0.382,0.87072,0.164,0.07652,0.057,0.72928,0.525
2706,,0.4882,0.332,0.8384,0.139,0.0442,0.007,0.6616,0.45
2707,,0.42052,0.282,0.80608,0.114,0.01188,-0.043,0.59392,0.375
2708,6,0.45984,0.332,0.88076,0.214,-0.22044,1.0,0.66924,0.425
2709,5,0.49216,0.375,0.94844,0.307,1.0,0.75,0.73656,0.468
2710,,0.42448,0.325,0.91612,0.282,0.96768,0.7,0.66888,0.393
2711,,0.3568,0.275,0.8838,0.257,0.93536,0.65,0.6012,0.318
2712,,0.28912,0.225,0.85148,0.232,0.90304,0.6,0.53352,0.243
2713,,0.22144,0.175,0.81916,0.207,0.87072,0.55,0.46584,0.168
2714,,0.15376,0.125,0.78684,0.182,0.8384,0.5,0.39816,0.093
2715,,0.08608,0.075,0.75452,0.157,0.80608,0.45,0.33048,0.018
2716,,0.0184,0.025,0.7222,0.132,0.77376,0.4,0.2628,-0.057
2717,8,0.03272,0.05,0.77188,0.207,0.85944,0.475,0.31312,1.0
2718,,-0.03496,0.0,0.73956,0.182,0.82712,0.425,0.24544,0.925
2719,1,1.0,0.007,0.77224,0.239,0.8948,0.482,0.27776,0.932
2720,,0.93232,-0.043,0.73992,0.214,0.86248,0.432,0.21008,0.857
2721,2,0.92164,1.0,0.7646,0.264,0.92316,0.482,0.2354,0.857
2722,,0.85396,0.95,0.73228,0.239,0.89084,0.432,0.16772,0.782
2723,,0.78628,0.9,0.69996,0.214,0.85852,0.382,0.10004,0.707
2724,,0.7186,0.85,0.66764,0.189,0.8262,0.332,0.03236,0.632
2725,,0.65092,0.8,0.63532,0.164,0.79388,0.282,-0.03532,0.557
2726,7,0.68324,0.843,0.703,0.257,0.89656,0.375,1.0,0.6
2727,,0.61556,0.793,0.67068,0.232,0.86424,0.325,0.93232,0.525
2728,,0.54788,0.743,0.63836,0.207,0.83192,0.275,0.86464,0.45
2729,,0.4802,0.693,0.60604,0.182,0.7996,0.225,0.79696,0.375
2730,,0.41252,0.643,0.57372,0.157,0.76728,0.175,0.72928,0.3
2731,,0.34484,0.593,0.5414,0.132,0.73496,0.125,0.6616,0.225
2732,,0.27716,0.543,0.50908,0.107,0.70264,0.075,0.59392,0.15
2733,,0.20948,0.493,0.47676,0.082,0.67032,0.025,0.52624,0.075
2734,,0.1418,0.443,0.44444,0.057,0.638,-0.025,0.45856,-0.0
2735,6,0.18112,0.493,0.51912,0.157,0.40568,1.0,0.53388,0.05
2736,,0.11344,0.443,0.4868,0.132,0.37336,0.95,0.4662,-0.025
2737,8,0.12776,0.468,0.53648,0.207,0.45904,1.0,0.51652,1.0
2738,,0.06008,0.418,0.50416,0.182,0.42672,0.95,0.44884,0.925
2739,,-0.0076,0.368,0.47184,0.157,0.3944,0.9,0.38116,0.85
2740,1,1.0,0.375,0.50452,0.214,0.46208,0.957,0.41348,0.857
2741,,0.93232,0.325,0.4722,0.189,0.42976,0.907,0.3458,0.782
2742,,0.86464,0.275,0.43988,0.164,0.39744,0.857,0.27812,0.707
2743,,0.79696,0.225,0.40756,0.139,0.36512,0.807,0.21044,0.632
2744,,0.72928,0.175,0.37524,0.114,0.3328,0.757,0.14276,0.557
2745,,0.6616,0.125,0.34292,0.089,0.30048,0.707,0.07508,0.482
2746,,0.59392,0.075,0.3106,0.064,0.26816,0.657,0.0074,0.407
2747,,0.52624,0.025,0.27828,0.039,0.23584,0.607,-0.06028,0.332
2748,7,0.55856,0.068,0.34596,0.132,0.33852,0.7,1.0,0.375
2749,,0.49088,0.018,0.31364,0.107,0.3062,0.65,0.93232,0.3
2750,,0.4232,-0.032,0.28132,0.082,0.27388,0.6,0.86464,0.225
2751,2,0.41252,1.0,0.306,0.132,0.33456,0.65,0.88996,0.225
2752,,0.34484,0.95,0.27368,0.107,0.30224,0.6,0.82228,0.15
2753,,0.27716,0.9,0.24136,0.082,0.26992,0.55,0.7546,0.075
2754,,0.20948,0.85,0.20904,0.057,0.2376,0.5,0.68692,-0.0
2755,,0.1418,0.8,0.17672,0.032,0.20528,0.45,0.61924,-0.075
2756,8,0.15612,0.825,0.2264,0.107,0.29096,0.525,0.66956,1.0
2757,,0.08844,0.775,0.19408,0.082,0.25864,0.475,0.60188,0.925
2758,,0.02076,0.725,0.16176,0.057,0.22632,0.425,0.5342,0.85
2759,,-0.04692,0.675,0.12944,0.032,0.194,0.375,0.46652,0.775
2760,1,1.0,0.682,0.16212,0.089,0.26168,0.432,0.49884,0.782
2761,,0.93232,0.632,0.1298,0.064,0.22936,0.382,0.43116,0.707
2762,,0.86464,0.582,0.09748,0.039,0.19704,0.332,0.36348,0.632
2763,,0.79696,0.532,0.06516,0.014,0.16472,0.282,0.2958,0.557
2764,,0.72928,0.482,0.03284,-0.011,0.1324,0.232,0.22812,0.482
2765,4,0.7436,0.507,0.08252,1.0,0.21808,0.307,0.27844,0.507
2766,,0.67592,0.457,0.0502,0.975,0.18576,0.257,0.21076,0.432
2767,,0.60824,0.407,0.01788,0.95,0.15344,0.207,0.14308,0.357
2768,,0.54056,0.357,-0.01444,0.925,0.12112,0.157,0.0754,0.282
2769,3,0.53788,0.364,1.0,0.982,0.1888,0.214,0.10772,0.289
2770,,0.4702,0.314,0.96768,0.957,0.15648,0.164,0.04004,0.214
2771,,0.40252,0.264,0.93536,0.932,0.12416,0.114,-0.02764,0.139
2772,7,0.43484,0.307,1.0,1.0,0.22684,0.207,1.0,0.182
2773,,0.36716,0.257,0.96768,0.975,0.19452,0.157,0.93232,0.107
2774,,0.29948,0.207,0.93536,0.95,0.1622,0.107,0.86464,0.032
2775,,0.2318,0.157,0.90304,0.925,0.12988,0.057,0.79696,-0.043
2776,8,0.24612,0.182,0.95272,1.0,0.21556,0.132,0.84728,1.0
2777,,0.17844,0.132,0.9204,0.975,0.18324,0.082,0.7796,0.925
2778,,0.11076,0.082,0.88808,0.95,0.15092,0.032,0.71192,0.85
2779,,0.04308,0.032,0.85576,0.925,0.1186,-0.018,0.64424,0.775
2780,6,0.0824,0.082,0.93044,1.0,-0.11372,1.0,0.71956,0.825
2781,5,0.11472,0.125,0.99812,1.0,1.0,0.75,0.78688,0.868
2782,,0.04704,0.075,0.9658,0.975,0.96768,0.7,0.7192,0.793
2783,,-0.02064,0.025,0.93348,0.95,0.93536,0.65,0.65152,0.718
2784,1,1.0,0.032,0.96616,1.0,1.0,0.707,0.68384,0.725
2785,,0.93232,-0.018,0.93384,0.975,0.96768,0.657,0.61616,0.65
2786,2,0.92164,1.0,0.95852,1.0,1.0,0.707,0.64148,0.65
2787,,0.85396,0.95,0.9262,0.975,0.96768,0.657,0.5738,0.575
2788,,0.78628,0.9,0.89388,0.95,0.93536,0.607,0.50612,0.5
2789,,0.7186,0.85,0.86156,0.925,0.90304,0.557,0.43844,0.425
2790,,0.65092,0.8,0.82924,0.9,0.87072,0.507,0.37076,0.35
2791,,0.58324,0.75,0.79692,0.875,0.8384,0.457,0.30308,0.275
2792,,0.51556,0.7,0.7646,0.85,0.80608,0.407,0.2354,0.2
2793,,0.44788,0.65,0.73228,0.825,0.77376,0.357,0.16772,0.125
2794,,0.3802,0.6,0.69996,0.8,0.74144,0.307,0.10004,0.05
2795,,0.31252,0.55,0.66764,0.775,0.70912,0.257,0.03236,-0.025
2796,8,0.32684,0.575,0.71732,0.85,0.7948,0.332,0.08268,1.0
2797,,0.25916,0.525,0.685,0.825,0.76248,0.282,0.015,0.925
2798,,0.19148,0.475,0.65268,0.8,0.73016,0.232,-0.05268,0.85
2799,7,0.2238,0.518,0.72036,0.893,0.83284,0.325,1.0,0.893
2800,,0.15612,0.468,0.68804,0.868,0.80052,0.275,0.93232,0.818
2801,,0.08844,0.418,0.65572,0.843,0.7682,0.225,0.86464,0.743
2802,,0.02076,0.368,0.6234,0.818,0.73588,0.175,0.79696,0.668
2803,,-0.04692,0.318,0.59108,0.793,0.70356,0.125,0.72928,0.593
2804,1,1.0,0.325,0.62376,0.85,0.77124,0.182,0.7616,0.6
2805,,0.93232,0.275,0.59144,0.825,0.73892,0.132,0.69392,0.525
2806,,0.86464,0.225,0.55912,0.8,0.7066,0.082,0.62624,0.45
2807,,0.79696,0.175,0.5268,0.775,0.67428,0.032,0.55856,0.375
2808,,0.72928,0.125,0.49448,0.75,0.64196,-0.018,0.49088,0.3
2809,6,0.7686,0.175,0.56916,0.85,0.40964,1.0,0.5662,0.35
2810,,0.70092,0.125,0.53684,0.825,0.37732,0.95,0.49852,0.275
2811,,0.63324,0.075,0.50452,0.8,0.345,0.9,0.43084,0.2
2812,,0.56556,0.025,0.4722,0.775,0.31268,0.85,0.36316,0.125
2813,,0.49788,-0.025,0.43988,0.75,0.28036,0.8,0.29548,0.05
2814,2,0.4872,1.0,0.46456,0.8,0.34104,0.85,0.3208,0.05
2815,,0.41952,0.95,0.43224,0.775,0.30872,0.8,0.25312,-0.025
2816,8,0.43384,0.975,0.48192,0.85,0.3944,0.875,0.30344,1.0
2817,,0.36616,0.925,0.4496,0.825,0.36208,0.825,0.23576,0.925
2818,,0.29848,0.875,0.41728,0.8,0.32976,0.775,0.16808,0.85
2819,,0.2308,0.825,0.38496,0.775,0.29744,0.725,0.1004,0.775
2820,,0.16312,0.775,0.35264,0.75,0.26512,0.675,0.03272,0.7
2821,,0.09544,0.725,0.32032,0.725,0.2328,0.625,-0.03496,0.625
2822,7,0.12776,0.768,0.388,0.818,0.33548,0.718,1.0,0.668
2823,,0.06008,0.718,0.35568,0.793,0.30316,0.668,0.93232,0.593
2824,,-0.0076,0.668,0.32336,0.768,0.27084,0.618,0.86464,0.518
2825,1,1.0,0.675,0.35604,0.825,0.33852,0.675,0.89696,0.525
2826,,0.93232,0.625,0.32372,0.8,0.3062,0.625,0.82928,0.45
2827,,0.86464,0.575,0.2914,0.775,0.27388,0.575,0.7616,0.375
2828,,0.79696,0.525,0.25908,0.75,0.24156,0.525,0.69392,0.3
2829,,0.72928,0.475,0.22676,0.725,0.20924,0.475,0.62624,0.225
2830,,0.6616,0.425,0.19444,0.7,0.17692,0.425,0.55856,0.15
2831,,0.59392,0.375,0.16212,0.675,0.1446,0.375,0.49088,0.075
2832,,0.52624,0.325,0.1298,0.65,0.11228,0.325,0.4232,-0.0
2833,,0.45856,0.275,0.09748,0.625,0.07996,0.275,0.35552,-0.075
2834,8,0.47288,0.3,0.14716,0.7,0.16564,0.35,0.40584,1.0
2835,,0.4052,0.25,0.11484,0.675,0.13332,0.3,0.33816,0.925
2836,,0.33752,0.2,0.08252,0.65,0.101,0.25,0.27048,0.85
2837,,0.26984,0.15,0.0502,0.625,0.06868,0.2,0.2028,0.775
2838,,0.20216,0.1,0.01788,0.6,0.03636,0.15,0.13512,0.7
2839,,0.13448,0.05,-0.01444,0.575,0.00404,0.1,0.06744,0.625
2840,3,0.1318,0.057,1.0,0.632,0.07172,0.157,0.09976,0.632
2841,,0.06412,0.007,0.96768,0.607,0.0394,0.107,0.03208,0.557
2842,,-0.00356,-0.043,0.93536,0.582,0.00708,0.057,-0.0356,0.482
2843,2,-0.01424,1.0,0.96004,0.632,0.06776,0.107,-0.01028,0.482
2844,1,1.0,1.0,0.99272,0.689,0.13544,0.164,0.02204,0.489
2845,,0.93232,0.95,0.9604,0.664,0.10312,0.114,-0.04564,0.414
2846,7,0.96464,0.993,1.0,0.757,0.2058,0.207,1.0,0.457
2847,,0.89696,0.943,0.96768,0.732,0.17348,0.157,0.93232,0.382
2848,,0.82928,0.893,0.93536,0.707,0.14116,0.107,0.86464,0.307
2849,,0.7616,0.843,0.90304,0.682,0.10884,0.057,0.79696,0.232
2850,,0.69392,0.793,0.87072,0.657,0.07652,0.007,0.72928,0.157
2851,,0.62624,0.743,0.8384,0.632,0.0442,-0.043,0.6616,0.082
2852,6,0.66556,0.793,0.91308,0.732,-0.18812,1.0,0.73692,0.132
2853,5,0.69788,0.836,0.98076,0.825,1.0,0.75,0.80424,0.175
2854,,0.6302,0.786,0.94844,0.8,0.96768,0.7,0.73656,0.1
2855,,0.56252,0.736,0.91612,0.775,0.93536,0.65,0.66888,0.025
2856,,0.49484,0.686,0.8838,0.75,0.90304,0.6,0.6012,-0.05
2857,8,0.50916,0.711,0.93348,0.825,0.98872,0.675,0.65152,1.0
2858,,0.44148,0.661,0.90116,0.8,0.9564,0.625,0.58384,0.925
2859,,0.3738,0.611,0.86884,0.775,0.92408,0.575,0.51616,0.85
2860,,0.30612,0.561,0.83652,0.75,0.89176,0.525,0.44848,0.775
2861,,0.23844,0.511,0.8042,0.725,0.85944,0.475,0.3808,0.7
2862,,0.17076,0.461,0.77188,0.7,0.82712,0.425,0.31312,0.625
2863,,0.10308,0.411,0.73956,0.675,0.7948,0.375,0.24544,0.55
2864,,0.0354,0.361,0.70724,0.65,0.76248,0.325,0.17776,0.475
2865,,-0.03228,0.311,0.67492,0.625,0.73016,0.275,0.11008,0.4
2866,1,1.0,0.318,0.7076,0.682,0.79784,0.332,0.1424,0.407
2867,,0.93232,0.268,0.67528,0.657,0.76552,0.282,0.07472,0.332
2868,,0.86464,0.218,0.64296,0.632,0.7332,0.232,0.00704,0.257
2869,,0.79696,0.168,0.61064,0.607,0.70088,0.182,-0.06064,0.182
2870,7,0.82928,0.211,0.67832,0.7,0.80356,0.275,1.0,0.225
2871,,0.7616,0.161,0.646,0.675,0.77124,0.225,0.93232,0.15
2872,,0.69392,0.111,0.61368,0.65,0.73892,0.175,0.86464,0.075
2873,,0.62624,0.061,0.58136,0.625,0.7066,0.125,0.79696,-0.0
2874,,0.55856,0.011,0.54904,0.6,0.67428,0.075,0.72928,-0.075
2875,8,0.57288,0.036,0.59872,0.675,0.75996,0.15,0.7796,1.0
2876,,0.5052,-0.014,0.5664,0.65,0.72764,0.1,0.71192,0.925
2877,2,0.49452,1.0,0.59108,0.7,0.78832,0.15,0.73724,0.925
2878,,0.42684,0.95,0.55876,0.675,0.756,0.1,0.66956,0.85
2879,,0.35916,0.9,0.52644,0.65,0.72368,0.05,0.60188,0.775
2880,,0.29148,0.85,0.49412,0.625,0.69136,0.0,0.5342,0.7
2881,,0.2238,0.8,0.4618,0.6,0.65904,-0.05,0.46652,0.625
2882,6,0.26312,0.85,0.53648,0.7,0.42672,1.0,0.54184,0.675
2883,,0.19544,0.8,0.50416,0.675,0.3944,0.95,0.47416,0.6
2884,,0.12776,0.75,0.47184,0.65,0.36208,0.9,0.40648,0.525
2885,,0.06008,0.7,0.43952,0.625,0.32976,0.85,0.3388,0.45
2886,,-0.0076,0.65,0.4072,0.6,0.29744,0.8,0.27112,0.375
2887,1,1.0,0.657,0.43988,0.657,0.36512,0.857,0.30344,0.382
2888,,0.93232,0.607,0.40756,0.632,0.3328,0.807,0.23576,0.307
2889,,0.86464,0.557,0.37524,0.607,0.30048,0.757,0.16808,0.232
2890,,0.79696,0.507,0.34292,0.582,0.26816,0.707,0.1004,0.157
2891,,0.72928,0.457,0.3106,0.557,0.23584,0.657,0.03272,0.082
2892,,0.6616,0.407,0.27828,0.532,0.20352,0.607,-0.03496,0.007
2893,7,0.69392,0.45,0.34596,0.625,0.3062,0.7,1.0,0.05
2894,,0.62624,0.4,0.31364,0.6,0.27388,0.65,0.93232,-0.025
2895,8,0.64056,0.425,0.36332,0.675,0.35956,0.725,0.98264,1.0
2896,,0.57288,0.375,0.331,0.65,0.32724,0.675,0.91496,0.925
2897,,0.5052,0.325,0.29868,0.625,0.29492,0.625,0.84728,0.85
2898,,0.43752,0.275,0.26636,0.6,0.2626,0.575,0.7796,0.775
2899,,0.36984,0.225,0.23404,0.575,0.23028,0.525,0.71192,0.7
2900,,0.30216,0.175,0.20172,0.55,0.19796,0.475,0.64424,0.625
2901,,0.23448,0.125,0.1694,0.525,0.16564,0.425,0.57656,0.55
2902,,0.1668,0.075,0.13708,0.5,0.13332,0.375,0.50888,0.475
2903,,0.09912,0.025,0.10476,0.475,0.101,0.325,0.4412,0.4
2904,,0.03144,-0.025,0.07244,0.45,0.06868,0.275,0.37352,0.325
2905,2,0.02076,1.0,0.09712,0.5,0.12936,0.325,0.39884,0.325
2906,,-0.04692,0.95,0.0648,0.475,0.09704,0.275,0.33116,0.25
2907,1,1.0,0.957,0.09748,0.532,0.16472,0.332,0.36348,0.257
2908,,0.93232,0.907,0.06516,0.507,0.1324,0.282,0.2958,0.182
2909,,0.86464,0.857,0.03284,0.482,0.10008,0.232,0.22812,0.107
2910,,0.79696,0.807,0.00052,0.457,0.06776,0.182,0.16044,0.032
2911,,0.72928,0.757,-0.0318,0.432,0.03544,0.132,0.09276,-0.043
2912,8,0.7436,0.782,0.01788,0.507,0.12112,0.207,0.14308,1.0
2913,,0.67592,0.732,-0.01444,0.482,0.0888,0.157,0.0754,0.925
2914,3,0.67324,0.739,1.0,0.539,0.15648,0.214,0.10772,0.932
2915,,0.60556,0.689,0.96768,0.514,0.12416,0.164,0.04004,0.857
2916,,0.53788,0.639,0.93536,0.489,0.09184,0.114,-0.02764,0.782
2917,7,0.5702,0.682,1.0,0.582,0.19452,0.207,1.0,0.825
2918,,0.50252,0.632,0.96768,0.557,0.1622,0.157,0.93232,0.75
2919,,0.43484,0.582,0.93536,0.532,0.12988,0.107,0.86464,0.675
2920,,0.36716,0.532,0.90304,0.507,0.09756,0.057,0.79696,0.6
2921,,0.29948,0.482,0.87072,0.482,0.06524,0.007,0.72928,0.525
2922,,0.2318,0.432,0.8384,0.457,0.03292,-0.043,0.6616,0.45
2923,6,0.27112,0.482,0.91308,0.557,-0.1994,1.0,0.73692,0.5
2924,5,0.30344,0.525,0.98076,0.65,1.0,0.75,0.80424,0.543
2925,,0.23576,0.475,0.94844,0.625,0.96768,0.7,0.73656,0.468
2926,,0.16808,0.425,0.91612,0.6,0.93536,0.65,0.66888,0.393
2927,,0.1004,0.375,0.8838,0.575,0.90304,0.6,0.6012,0.318
2928,,0.03272,0.325,0.85148,0.55,0.87072,0.55,0.53352,0.243
2929,,-0.03496,0.275,0.81916,0.525,0.8384,0.5,0.46584,0.168
2930,1,1.0,0.282,0.85184,0.582,0.90608,0.557,0.49816,0.175
2931,,0.93232,0.232,0.81952,0.557,0.87376,0.507,0.43048,0.1
2932,,0.86464,0.182,0.7872,0.532,0.84144,0.457,0.3628,0.025
2933,,0.79696,0.132,0.75488,0.507,0.80912,0.407,0.29512,-0.05
2934,8,0.81128,0.157,0.80456,0.582,0.8948,0.482,0.34544,1.0
2935,,0.7436,0.107,0.77224,0.557,0.86248,0.432,0.27776,0.925
2936,,0.67592,0.057,0.73992,0.532,0.83016,0.382,0.21008,0.85
2937,,0.60824,0.007,0.7076,0.507,0.79784,0.332,0.1424,0.775
2938,,0.54056,-0.043,0.67528,0.482,0.76552,0.282,0.07472,0.7
2939,2,0.52988,1.0,0.69996,0.532,0.8262,0.332,0.10004,0.7
2940,,0.4622,0.95,0.66764,0.507,0.79388,0.282,0.03236,0.625
2941,,0.39452,0.9,0.63532,0.482,0.76156,0.232,-0.03532,0.55
2942,7,0.42684,0.943,0.703,0.575,0.86424,0.325,1.0,0.593
2943,,0.35916,0.893,0.67068,0.55,0.83192,0.275,0.93232,0.518
2944,,0.29148,0.843,0.63836,0.525,0.7996,0.225,0.86464,0.443
2945,,0.2238,0.793,0.60604,0.5,0.76728,0.175,0.79696,0.368
2946,,0.15612,0.743,0.57372,0.475,0.73496,0.125,0.72928,0.293
2947,,0.08844,0.693,0.5414,0.45,0.70264,0.075,0.6616,0.218
2948,,0.02076,0.643,0.50908,0.425,0.67032,0.025,0.59392,0.143
2949,,-0.04692,0.593,0.47676,0.4,0.638,-0.025,0.52624,0.068
2950,1,1.0,0.6,0.50944,0.457,0.70568,0.032,0.55856,0.075
2951,,0.93232,0.55,0.47712,0.432,0.67336,-0.018,0.49088,-0.0
2952,6,0.97164,0.6,0.5518,0.532,0.44104,1.0,0.5662,0.05
2953,,0.90396,0.55,0.51948,0.507,0.40872,0.95,0.49852,-0.025
2954,8,0.91828,0.575,0.56916,0.582,0.4944,1.0,0.54884,1.0
2955,,0.8506,0.525,0.53684,0.557,0.46208,0.95,0.48116,0.925
2956,,0.78292,0.475,0.50452,0.532,0.42976,0.9,0.41348,0.85
2957,,0.71524,0.425,0.4722,0.507,0.39744,0.85,0.3458,0.775
2958,,0.64756,0.375,0.43988,0.482,0.36512,0.8,0.27812,0.7
2959,,0.57988,0.325,0.40756,0.457,0.3328,0.75,0.21044,0.625
2960,,0.5122,0.275,0.37524,0.432,0.30048,0.7,0.14276,0.55
2961,,0.44452,0.225,0.34292,0.407,0.26816,0.65,0.07508,0.475
2962,,0.37684,0.175,0.3106,0.382,0.23584,0.6,0.0074,0.4
2963,,0.30916,0.125,0.27828,0.357,0.20352,0.55,-0.06028,0.325
2964,7,0.34148,0.168,0.34596,0.45,0.3062,0.643,1.0,0.368
2965,,0.2738,0.118,0.31364,0.425,0.27388,0.593,0.93232,0.293
2966,,0.20612,0.068,0.28132,0.4,0.24156,0.543,0.86464,0.218
2967,,0.13844,0.018,0.249,0.375,0.20924,0.493,0.79696,0.143
2968,,0.07076,-0.032,0.21668,0.35,0.17692,0.443,0.72928,0.068
2969,2,0.06008,1.0,0.24136,0.4,0.2376,0.493,0.7546,0.068
2970,,-0.0076,0.95,0.20904,0.375,0.20528,0.443,0.68692,-0.007
2971,1,1.0,0.957,0.24172,0.432,0.27296,0.5,0.71924,-0.0
2972,,0.93232,0.907,0.2094,0.407,0.24064,0.45,0.65156,-0.075
2973,8,0.94664,0.932,0.25908,0.482,0.32632,0.525,0.70188,1.0
2974,,0.87896,0.882,0.22676,0.457,0.294,0.475,0.6342,0.925
2975,,0.81128,0.832,0.19444,0.432,0.26168,0.425,0.56652,0.85
2976,,0.7436,0.782,0.16212,0.407,0.22936,0.375,0.49884,0.775
2977,,0.67592,0.732,0.1298,0.382,0.19704,0.325,0.43116,0.7
2978,,0.60824,0.682,0.09748,0.357,0.16472,0.275,0.36348,0.625
2979,,0.54056,0.632,0.06516,0.332,0.1324,0.225,0.2958,0.55
2980,,0.47288,0.582,0.03284,0.307,0.10008,0.175,0.22812,0.475
2981,,0.4052,0.532,0.00052,0.282,0.06776,0.125,0.16044,0.4
2982,,0.33752,0.482,-0.0318,0.257,0.03544,0.075,0.09276,0.325
2983,3,0.33484,0.489,1.0,0.314,0.10312,0.132,0.12508,0.332
2984,,0.26716,0.439,0.96768,0.289,0.0708,0.082,0.0574,0.257
2985,,0.19948,0.389,0.93536,0.264,0.03848,0.032,-0.01028,0.182
2986,7,0.2318,0.432,1.0,0.357,0.14116,0.125,1.0,0.225
2987,,0.16412,0.382,0.96768,0.332,0.10884,0.075,0.93232,0.15
2988,,0.09644,0.332,0.93536,0.307,0.07652,0.025,0.86464,0.075
2989,,0.02876,0.282,0.90304,0.282,0.0442,-0.025,0.79696,-0.0
2990,6,0.06808,0.332,0.97772,0.382,-0.18812,1.0,0.87228,0.05
2991,5,0.1004,0.375,1.0,0.475,1.0,0.75,0.9396,0.093
2992,,0.03272,0.325,0.96768,0.45,0.96768,0.7,0.87192,0.018
2993,,-0.03496,0.275,0.93536,0.425,0.93536,0.65,0.80424,-0.057
2994,8,-0.02064,0.3,0.98504,0.5,1.0,0.725,0.85456,1.0
2995,1,1.0,0.307,1.0,0.557,1.0,0.782,0.88688,1.0
2996,,0.93232,0.257,0.96768,0.532,0.96768,0.732,0.8192,0.925
2997,,0.86464,0.207,0.93536,0.507,0.93536,0.682,0.75152,0.85
2998,,0.79696,0.157,0.90304,0.482,0.90304,0.632,0.68384,0.775
2999,,0.72928,0.107,0.87072,0.457,0.87072,0.582,0.61616,0.7
3000,,0.6616,0.057,0.8384,0.432,0.8384,0.532,0.54848,0.625
3001,,0.59392,0.007,0.80608,0.407,0.80608,0.482,0.4808,0.55
3002,,0.52624,-0.043,0.77376,0.382,0.77376,0.432,0.41312,0.475
3003,2,0.51556,1.0,0.79844,0.432,0.83444,0.482,0.43844,0.475
3004,,0.44788,0.95,0.76612,0.407,0.80212,0.432,0.37076,0.4
3005,,0.3802,0.9,0.7338,0.382,0.7698,0.382,0.30308,0.325
3006,,0.31252,0.85,0.70148,0.357,0.73748,0.332,0.2354,0.25
3007,,0.24484,0.8,0.66916,0.332,0.70516,0.282,0.16772,0.175
3008,,0.17716,0.75,0.63684,0.307,0.67284,0.232,0.10004,0.1
3009,,0.10948,0.7,0.60452,0.282,0.64052,0.182,0.03236,0.025
3010,,0.0418,0.65,0.5722,0.257,0.6082,0.132,-0.03532,-0.05
3011,8,0.05612,0.675,0.62188,0.332,0.69388,0.207,0.015,1.0
3012,,-0.01156,0.625,0.58956,0.307,0.66156,0.157,-0.05268,0.925
3013,7,0.02076,0.668,0.65724,0.4,0.76424,0.25,1.0,0.968
3014,,-0.04692,0.618,0.62492,0.375,0.73192,0.2,0.93232,0.893
3015,1,1.0,0.625,0.6576,0.432,0.7996,0.257,0.96464,0.9
3016,,0.93232,0.575,0.62528,0.407,0.76728,0.207,0.89696,0.825
3017,,0.86464,0.525,0.59296,0.382,0.73496,0.157,0.82928,0.75
3018,,0.79696,0.475,0.56064,0.357,0.70264,0.107,0.7616,0.675
3019,,0.72928,0.425,0.52832,0.332,0.67032,0.057,0.69392,0.6
3020,,0.6616,0.375,0.496,0.307,0.638,0.007,0.62624,0.525
3021,,0.59392,0.325,0.46368,0.282,0.60568,-0.043,0.55856,0.45
3022,6,0.63324,0.375,0.53836,0.382,0.37336,1.0,0.63388,0.5
3023,,0.56556,0.325,0.50604,0.357,0.34104,0.95,0.5662,0.425
3024,,0.49788,0.275,0.47372,0.332,0.30872,0.9,0.49852,0.35
3025,,0.4302,0.225,0.4414,0.307,0.2764,0.85,0.43084,0.275
3026,,0.36252,0.175,0.40908,0.282,0.24408,0.8,0.36316,0.2
3027,,0.29484,0.125,0.37676,0.257,0.21176,0.75,0.29548,0.125
3028,,0.22716,0.075,0.34444,0.232,0.17944,0.7,0.2278,0.05
3029,,0.15948,0.025,0.31212,0.207,0.14712,0.65,0.16012,-0.025
3030,8,0.1738,0.05,0.3618,0.282,0.2328,0.725,0.21044,1.0
3031,,0.10612,0.0,0.32948,0.257,0.20048,0.675,0.14276,0.925
3032,,0.03844,-0.05,0.29716,0.232,0.16816,0.625,0.07508,0.85
3033,2,0.02776,1.0,0.32184,0.282,0.22884,0.675,0.1004,0.85
3034,,-0.03992,0.95,0.28952,0.257,0.19652,0.625,0.03272,0.775
3035,1,1.0,0.957,0.3222,0.314,0.2642,0.682,0.06504,0.782
3036,,0.93232,0.907,0.28988,0.289,0.23188,0.632,-0.00264,0.707
3037,7,0.96464,0.95,0.35756,0.382,0.33456,0.725,1.0,0.75
3038,,0.89696,0.9,0.32524,0.357,0.30224,0.675,0.93232,0.675
3039,,0.82928,0.85,0.29292,0.332,0.26992,0.625,0.86464,0.6
3040,,0.7616,0.8,0.2606,0.307,0.2376,0.575,0.79696,0.525
3041,,0.69392,0.75,0.22828,0.282,0.20528,0.525,0.72928,0.45
3042,,0.62624,0.7,0.19596,0.257,0.17296,0.475,0.6616,0.375
3043,,0.55856,0.65,0.16364,0.232,0.14064,0.425,0.59392,0.3
3044,,0.49088,0.6,0.13132,0.207,0.10832,0.375,0.52624,0.225
3045,,0.4232,0.55,0.099,0.182,0.076,0.325,0.45856,0.15
3046,,0.35552,0.5,0.06668,0.157,0.04368,0.275,0.39088,0.075
3047,,0.28784,0.45,0.03436,0.132,0.01136,0.225,0.3232,-0.0
3048,,0.22016,0.4,0.00204,0.107,-0.02096,0.175,0.25552,-0.075
3049,8,0.23448,0.425,0.05172,0.182,0.06472,0.25,0.30584,1.0
3050,,0.1668,0.375,0.0194,0.157,0.0324,0.2,0.23816,0.925
3051,,0.09912,0.325,-0.01292,0.132,8e-05,0.15,0.17048,0.85
3052,3,0.09644,0.332,1.0,0.189,0.06776,0.207,0.2028,0.857
3053,,0.02876,0.282,0.96768,0.164,0.03544,0.157,0.13512,0.782
3054,,-0.03892,0.232,0.93536,0.139,0.00312,0.107,0.06744,0.707
3055,1,1.0,0.239,0.96804,0.196,0.0708,0.164,0.09976,0.714
3056,,0.93232,0.189,0.93572,0.171,0.03848,0.114,0.03208,0.639
3057,,0.86464,0.139,0.9034,0.146,0.00616,0.064,-0.0356,0.564
3058,7,0.89696,0.182,0.97108,0.239,0.10884,0.157,1.0,0.607
3059,,0.82928,0.132,0.93876,0.214,0.07652,0.107,0.93232,0.532
3060,,0.7616,0.082,0.90644,0.189,0.0442,0.057,0.86464,0.457
3061,,0.69392,0.032,0.87412,0.164,0.01188,0.007,0.79696,0.382
3062,,0.62624,-0.018,0.8418,0.139,-0.02044,-0.043,0.72928,0.307
3063,6,0.66556,0.032,0.91648,0.239,-0.25276,1.0,0.8046,0.357
3064,5,0.69788,0.075,0.98416,0.332,1.0,0.75,0.87192,0.4
3065,,0.6302,0.025,0.95184,0.307,0.96768,0.7,0.80424,0.325
3066,,0.56252,-0.025,0.91952,0.282,0.93536,0.65,0.73656,0.25
3067,2,0.55184,1.0,0.9442,0.332,0.99604,0.7,0.76188,0.25
3068,,0.48416,0.95,0.91188,0.307,0.96372,0.65,0.6942,0.175
3069,,0.41648,0.9,0.87956,0.282,0.9314,0.6,0.62652,0.1
3070,,0.3488,0.85,0.84724,0.257,0.89908,0.55,0.55884,0.025
3071,,0.28112,0.8,0.81492,0.232,0.86676,0.5,0.49116,-0.05
3072,8,0.29544,0.825,0.8646,0.307,0.95244,0.575,0.54148,1.0
3073,,0.22776,0.775,0.83228,0.282,0.92012,0.525,0.4738,0.925
3074,,0.16008,0.725,0.79996,0.257,0.8878,0.475,0.40612,0.85
3075,,0.0924,0.675,0.76764,0.232,0.85548,0.425,0.33844,0.775
3076,,0.02472,0.625,0.73532,0.207,0.82316,0.375,0.27076,0.7
3077,,-0.04296,0.575,0.703,0.182,0.79084,0.325,0.20308,0.625
3078,1,1.0,0.582,0.73568,0.239,0.85852,0.382,0.2354,0.632
3079,,0.93232,0.532,0.70336,0.214,0.8262,0.332,0.16772,0.557
3080,,0.86464,0.482,0.67104,0.189,0.79388,0.282,0.10004,0.482
3081,,0.79696,0.432,0.63872,0.164,0.76156,0.232,0.03236,0.407
3082,,0.72928,0.382,0.6064,0.139,0.72924,0.182,-0.03532,0.332
3083,7,0.7616,0.425,0.67408,0.232,0.83192,0.275,1.0,0.375
3084,,0.69392,0.375,0.64176,0.207,0.7996,0.225,0.93232,0.3
3085,,0.62624,0.325,0.60944,0.182,0.76728,0.175,0.86464,0.225
3086,,0.55856,0.275,0.57712,0.157,0.73496,0.125,0.79696,0.15
3087,,0.49088,0.225,0.5448,0.132,0.70264,0.075,0.72928,0.075
3088,,0.4232,0.175,0.51248,0.107,0.67032,0.025,0.6616,-0.0
3089,,0.35552,0.125,0.48016,0.082,0.638,-0.025,0.59392,-0.075
3090,8,0.36984,0.15,0.52984,0.157,0.72368,0.05,0.64424,1.0
3091,,0.30216,0.1,0.49752,0.132,0.69136,0.0,0.57656,0.925
3092,,0.23448,0.05,0.4652,0.107,0.65904,-0.05,0.50888,0.85
3093,6,0.2738,0.1,0.53988,0.207,0.42672,1.0,0.5842,0.9
3094,,0.20612,0.05,0.50756,0.182,0.3944,0.95,0.51652,0.825
3095,,0.13844,0.0,0.47524,0.157,0.36208,0.9,0.44884,0.75
3096,,0.07076,-0.05,0.44292,0.132,0.32976,0.85,0.38116,0.675
3097,2,0.06008,1.0,0.4676,0.182,0.39044,0.9,0.40648,0.675
3098,,-0.0076,0.95,0.43528,0.157,0.35812,0.85,0.3388,0.6
3099,1,1.0,0.957,0.46796,0.214,0.4258,0.907,0.37112,0.607
3100,,0.93232,0.907,0.43564,0.189,0.39348,0.857,0.30344,0.532
3101,,0.86464,0.857,0.40332,0.164,0.36116,0.807,0.23576,0.457
3102,,0.79696,0.807,0.371,0.139,0.32884,0.757,0.16808,0.382
3103,,0.72928,0.757,0.33868,0.114,0.29652,0.707,0.1004,0.307
3104,,0.6616,0.707,0.30636,0.089,0.2642,0.657,0.03272,0.232
3105,,0.59392,0.657,0.27404,0.064,0.23188,0.607,-0.03496,0.157
3106,7,0.62624,0.7,0.34172,0.157,0.33456,0.7,1.0,0.2
3107,,0.55856,0.65,0.3094,0.132,0.30224,0.65,0.93232,0.125
3108,,0.49088,0.6,0.27708,0.107,0.26992,0.6,0.86464,0.05
3109,,0.4232,0.55,0.24476,0.082,0.2376,0.55,0.79696,-0.025
3110,8,0.43752,0.575,0.29444,0.157,0.32328,0.625,0.84728,1.0
3111,,0.36984,0.525,0.26212,0.132,0.29096,0.575,0.7796,0.925
3112,,0.30216,0.475,0.2298,0.107,0.25864,0.525,0.71192,0.85
3113,,0.23448,0.425,0.19748,0.082,0.22632,0.475,0.64424,0.775
3114,,0.1668,0.375,0.16516,0.057,0.194,0.425,0.57656,0.7
3115,,0.09912,0.325,0.13284,0.032,0.16168,0.375,0.50888,0.625
3116,,0.03144,0.275,0.10052,0.007,0.12936,0.325,0.4412,0.55
3117,,-0.03624,0.225,0.0682,-0.018,0.09704,0.275,0.37352,0.475
3118,1,1.0,0.232,0.10088,0.039,0.16472,0.332,0.40584,0.482
3119,,0.93232,0.182,0.06856,0.014,0.1324,0.282,0.33816,0.407
3120,,0.86464,0.132,0.03624,-0.011,0.10008,0.232,0.27048,0.332
3121,4,0.87896,0.157,0.08592,1.0,0.18576,0.307,0.3208,0.357
3122,,0.81128,0.107,0.0536,0.975,0.15344,0.257,0.25312,0.282
3123,,0.7436,0.057,0.02128,0.95,0.12112,0.207,0.18544,0.207
3124,,0.67592,0.007,-0.01104,0.925,0.0888,0.157,0.11776,0.132
3125,3,0.67324,0.014,1.0,0.982,0.15648,0.214,0.15008,0.139
3126,,0.60556,-0.036,0.96768,0.957,0.12416,0.164,0.0824,0.064
3127,2,0.59488,1.0,0.99236,1.0,0.18484,0.214,0.10772,0.064
3128,,0.5272,0.95,0.96004,0.975,0.15252,0.164,0.04004,-0.011
3129,8,0.54152,0.975,1.0,1.0,0.2382,0.239,0.09036,1.0
3130,,0.47384,0.925,0.96768,0.975,0.20588,0.189,0.02268,0.925
3131,,0.40616,0.875,0.93536,0.95,0.17356,0.139,-0.045,0.85
3132,7,0.43848,0.918,1.0,1.0,0.27624,0.232,1.0,0.893
3133,,0.3708,0.868,0.96768,0.975,0.24392,0.182,0.93232,0.818
3134,,0.30312,0.818,0.93536,0.95,0.2116,0.132,0.86464,0.743
3135,,0.23544,0.768,0.90304,0.925,0.17928,0.082,0.79696,0.668
3136,,0.16776,0.718,0.87072,0.9,0.14696,0.032,0.72928,0.593
3137,,0.10008,0.668,0.8384,0.875,0.11464,-0.018,0.6616,0.518
3138,6,0.1394,0.718,0.91308,0.975,-0.11768,1.0,0.73692,0.568
3139,5,0.17172,0.761,0.98076,1.0,1.0,0.75,0.80424,0.611
3140,,0.10404,0.711,0.94844,0.975,0.96768,0.7,0.73656,0.536
3141,,0.03636,0.661,0.91612,0.95,0.93536,0.65,0.66888,0.461
3142,,-0.03132,0.611,0.8838,0.925,0.90304,0.6,0.6012,0.386
3143,1,1.0,0.618,0.91648,0.982,0.97072,0.657,0.63352,0.393
3144,,0.93232,0.568,0.88416,0.957,0.9384,0.607,0.56584,0.318
3145,,0.86464,0.518,0.85184,0.932,0.90608,0.557,0.49816,0.243
3146,,0.79696,0.468,0.81952,0.907,0.87376,0.507,0.43048,0.168
3147,,0.72928,0.418,0.7872,0.882,0.84144,0.457,0.3628,0.093
3148,,0.6616,0.368,0.75488,0.857,0.80912,0.407,0.29512,0.018
3149,,0.59392,0.318,0.72256,0.832,0.7768,0.357,0.22744,-0.057
3150,8,0.60824,0.343,0.77224,0.907,0.86248,0.432,0.27776,1.0
3151,,0.54056,0.293,0.73992,0.882,0.83016,0.382,0.21008,0.925
3152,,0.47288,0.243,0.7076,0.857,0.79784,0.332,0.1424,0.85
3153,,0.4052,0.193,0.67528,0.832,0.76552,0.282,0.07472,0.775
3154,,0.33752,0.143,0.64296,0.807,0.7332,0.232,0.00704,0.7
3155,,0.26984,0.093,0.61064,0.782,0.70088,0.182,-0.06064,0.625
3156,7,0.30216,0.136,0.67832,0.875,0.80356,0.275,1.0,0.668
3157,,0.23448,0.086,0.646,0.85,0.77124,0.225,0.93232,0.593
3158,,0.1668,0.036,0.61368,0.825,0.73892,0.175,0.86464,0.518
3159,,0.09912,-0.014,0.58136,0.8,0.7066,0.125,0.79696,0.443
3160,2,0.08844,1.0,0.60604,0.85,0.76728,0.175,0.82228,0.443
3161,,0.02076,0.95,0.57372,0.825,0.73496,0.125,0.7546,0.368
3162,,-0.04692,0.9,0.5414,0.8,0.70264,0.075,0.68692,0.293
3163,1,1.0,0.907,0.57408,0.857,0.77032,0.132,0.71924,0.3
3164,,0.93232,0.857,0.54176,0.832,0.738,0.082,0.65156,0.225
3165,,0.86464,0.807,0.50944,0.807,0.70568,0.032,0.58388,0.15
3166,,0.79696,0.757,0.47712,0.782,0.67336,-0.018,0.5162,0.075
3167,6,0.83628,0.807,0.5518,0.882,0.44104,1.0,0.59152,0.125
3168,,0.7686,0.757,0.51948,0.857,0.40872,0.95,0.52384,0.05
3169,,0.70092,0.707,0.48716,0.832,0.3764,0.9,0.45616,-0.025
3170,8,0.71524,0.732,0.53684,0.907,0.46208,0.975,0.50648,1.0
3171,,0.64756,0.682,0.50452,0.882,0.42976,0.925,0.4388,0.925
3172,,0.57988,0.632,0.4722,0.857,0.39744,0.875,0.37112,0.85
3173,,0.5122,0.582,0.43988,0.832,0.36512,0.825,0.30344,0.775
3174,,0.44452,0.532,0.40756,0.807,0.3328,0.775,0.23576,0.7
3175,,0.37684,0.482,0.37524,0.782,0.30048,0.725,0.16808,0.625
3176,,0.30916,0.432,0.34292,0.757,0.26816,0.675,0.1004,0.55
3177,,0.24148,0.382,0.3106,0.732,0.23584,0.625,0.03272,0.475
3178,,0.1738,0.332,0.27828,0.707,0.20352,0.575,-0.03496,0.4
3179,7,0.20612,0.375,0.34596,0.8,0.3062,0.668,1.0,0.443
3180,,0.13844,0.325,0.31364,0.775,0.27388,0.618,0.93232,0.368
3181,,0.07076,0.275,0.28132,0.75,0.24156,0.568,0.86464,0.293
3182,,0.00308,0.225,0.249,0.725,0.20924,0.518,0.79696,0.218
3183,,-0.0646,0.175,0.21668,0.7,0.17692,0.468,0.72928,0.143
3184,1,1.0,0.182,0.24936,0.757,0.2446,0.525,0.7616,0.15
3185,,0.93232,0.132,0.21704,0.732,0.21228,0.475,0.69392,0.075
3186,,0.86464,0.082,0.18472,0.707,0.17996,0.425,0.62624,-0.0
3187,,0.79696,0.032,0.1524,0.682,0.14764,0.375,0.55856,-0.075
3188,8,0.81128,0.057,0.20208,0.757,0.23332,0.45,0.60888,1.0
3189,,0.7436,0.007,0.16976,0.732,0.201,0.4,0.5412,0.925
3190,,0.67592,-0.043,0.13744,0.707,0.16868,0.35,0.47352,0.85
3191,2,0.66524,1.0,0.16212,0.757,0.22936,0.4,0.49884,0.85
3192,,0.59756,0.95,0.1298,0.732,0.19704,0.35,0.43116,0.775
3193,,0.52988,0.9,0.09748,0.707,0.16472,0.3,0.36348,0.7
3194,,0.4622,0.85,0.06516,0.682,0.1324,0.25,0.2958,0.625
3195,,0.39452,0.8,0.03284,0.657,0.10008,0.2,0.22812,0.55
3196,,0.32684,0.75,0.00052,0.632,0.06776,0.15,0.16044,0.475
3197,,0.25916,0.7,-0.0318,0.607,0.03544,0.1,0.09276,0.4
3198,3,0.25648,0.707,1.0,0.664,0.10312,0.157,0.12508,0.407
3199,,0.1888,0.657,0.96768,0.639,0.0708,0.107,0.0574,0.332
3200,,0.12112,0.607,0.93536,0.614,0.03848,0.057,-0.01028,0.257
3201,7,0.15344,0.65,1.0,0.707,0.14116,0.15,1.0,0.3
3202,,0.08576,0.6,0.96768,0.682,0.10884,0.1,0.93232,0.225
3203,,0.01808,0.55,0.93536,0.657,0.07652,0.05,0.86464,0.15
3204,,-0.0496,0.5,0.90304,0.632,0.0442,0.0,0.79696,0.075
3205,1,1.0,0.507,0.93572,0.689,0.11188,0.057,0.82928,0.082
3206,,0.93232,0.457,0.9034,0.664,0.07956,0.007,0.7616,0.007
3207,,0.86464,0.407,0.87108,0.639,0.04724,-0.043,0.69392,-0.068
3208,8,0.87896,0.432,0.92076,0.714,0.13292,0.032,0.74424,1.0
3209,,0.81128,0.382,0.88844,0.689,0.1006,-0.018,0.67656,0.925
3210,6,0.8506,0.432,0.96312,0.789,-0.13172,1.0,0.75188,0.975
3211,5,0.88292,0.475,1.0,0.882,1.0,0.75,0.8192,1.0
3212,,0.81524,0.425,0.96768,0.857,0.96768,0.7,0.75152,0.925
3213,,0.74756,0.375,0.93536,0.832,0.93536,0.65,0.68384,0.85
3214,,0.67988,0.325,0.90304,0.807,0.90304,0.6,0.61616,0.775
3215,,0.6122,0.275,0.87072,0.782,0.87072,0.55,0.54848,0.7
3216,,0.54452,0.225,0.8384,0.757,0.8384,0.5,0.4808,0.625
3217,,0.47684,0.175,0.80608,0.732,0.80608,0.45,0.41312,0.55
3218,,0.40916,0.125,0.77376,0.707,0.77376,0.4,0.34544,0.475
3219,,0.34148,0.075,0.74144,0.682,0.74144,0.35,0.27776,0.4
3220,,0.2738,0.025,0.70912,0.657,0.70912,0.3,0.21008,0.325
3221,,0.20612,-0.025,0.6768,0.632,0.6768,0.25,0.1424,0.25
3222,2,0.19544,1.0,0.70148,0.682,0.73748,0.3,0.16772,0.25
3223,,0.12776,0.95,0.66916,0.657,0.70516,0.25,0.10004,0.175
3224,,0.06008,0.9,0.63684,0.632,0.67284,0.2,0.03236,0.1
3225,,-0.0076,0.85,0.60452,0.607,0.64052,0.15,-0.03532,0.025
3226,7,0.02472,0.893,0.6722,0.7,0.7432,0.243,1.0,0.068
3227,,-0.04296,0.843,0.63988,0.675,0.71088,0.193,0.93232,-0.007
3228,1,1.0,0.85,0.67256,0.732,0.77856,0.25,0.96464,-0.0
3229,,0.93232,0.8,0.64024,0.707,0.74624,0.2,0.89696,-0.075
3230,8,0.94664,0.825,0.68992,0.782,0.83192,0.275,0.94728,1.0
3231,,0.87896,0.775,0.6576,0.757,0.7996,0.225,0.8796,0.925
3232,,0.81128,0.725,0.62528,0.732,0.76728,0.175,0.81192,0.85
3233,,0.7436,0.675,0.59296,0.707,0.73496,0.125,0.74424,0.775
3234,,0.67592,0.625,0.56064,0.682,0.70264,0.075,0.67656,0.7
3235,,0.60824,0.575,0.52832,0.657,0.67032,0.025,0.60888,0.625
3236,,0.54056,0.525,0.496,0.632,0.638,-0.025,0.5412,0.55
3237,6,0.57988,0.575,0.57068,0.732,0.40568,1.0,0.61652,0.6
3238,,0.5122,0.525,0.53836,0.707,0.37336,0.95,0.54884,0.525
3239,,0.44452,0.475,0.50604,0.682,0.34104,0.9,0.48116,0.45
3240,,0.37684,0.425,0.47372,0.657,0.30872,0.85,0.41348,0.375
3241,,0.30916,0.375,0.4414,0.632,0.2764,0.8,0.3458,0.3
3242,,0.24148,0.325,0.40908,0.607,0.24408,0.75,0.27812,0.225
3243,,0.1738,0.275,0.37676,0.582,0.21176,0.7,0.21044,0.15
3244,,0.10612,0.225,0.34444,0.557,0.17944,0.65,0.14276,0.075
3245,,0.03844,0.175,0.31212,0.532,0.14712,0.6,0.07508,-0.0
3246,,-0.02924,0.125,0.2798,0.507,0.1148,0.55,0.0074,-0.075
3247,8,-0.01492,0.15,0.32948,0.582,0.20048,0.625,0.05772,1.0
3248,1,1.0,0.157,0.36216,0.639,0.26816,0.682,0.09004,1.0
3249,,0.93232,0.107,0.32984,0.614,0.23584,0.632,0.02236,0.925
3250,,0.86464,0.057,0.29752,0.589,0.20352,0.582,-0.04532,0.85
3251,7,0.89696,0.1,0.3652,0.682,0.3062,0.675,1.0,0.893
3252,,0.82928,0.05,0.33288,0.657,0.27388,0.625,0.93232,0.818
3253,,0.7616,0.0,0.30056,0.632,0.24156,0.575,0.86464,0.743
3254,,0.69392,-0.05,0.26824,0.607,0.20924,0.525,0.79696,0.668
3255,2,0.68324,1.0,0.29292,0.657,0.26992,0.575,0.82228,0.668
3256,,0.61556,0.95,0.2606,0.632,0.2376,0.525,0.7546,0.593
3257,,0.54788,0.9,0.22828,0.607,0.20528,0.475,0.68692,0.518
3258,,0.4802,0.85,0.19596,0.582,0.17296,0.425,0.61924,0.443
3259,,0.41252,0.8,0.16364,0.557,0.14064,0.375,0.55156,0.368
3260,,0.34484,0.75,0.13132,0.532,0.10832,0.325,0.48388,0.293
3261,,0.27716,0.7,0.099,0.507,0.076,0.275,0.4162,0.218
3262,,0.20948,0.65,0.06668,0.482,0.04368,0.225,0.34852,0.143
3263,,0.1418,0.6,0.03436,0.457,0.01136,0.175,0.28084,0.068
3264,,0.07412,0.55,0.00204,0.432,-0.02096,0.125,0.21316,-0.007
3265,5,0.10644,0.593,0.06972,0.525,1.0,-0.125,0.28048,0.036
3266,6,0.14576,0.643,0.1444,0.625,0.76768,1.0,0.3558,0.086
3267,,0.07808,0.593,0.11208,0.6,0.73536,0.95,0.28812,0.011
3268,,0.0104,0.543,0.07976,0.575,0.70304,0.9,0.22044,-0.064
3269,8,0.02472,0.568,0.12944,0.65,0.78872,0.975,0.27076,1.0
3270,,-0.04296,0.518,0.09712,0.625,0.7564,0.925,0.20308,0.925
3271,1,1.0,0.525,0.1298,0.682,0.82408,0.982,0.2354,0.932
3272,,0.93232,0.475,0.09748,0.657,0.79176,0.932,0.16772,0.857
3273,,0.86464,0.425,0.06516,0.632,0.75944,0.882,0.10004,0.782
3274,,0.79696,0.375,0.03284,0.607,0.72712,0.832,0.03236,0.707
3275,,0.72928,0.325,0.00052,0.582,0.6948,0.782,-0.03532,0.632
3276,7,0.7616,0.368,0.0682,0.675,0.79748,0.875,1.0,0.675
3277,,0.69392,0.318,0.03588,0.65,0.76516,0.825,0.93232,0.6
3278,,0.62624,0.268,0.00356,0.625,0.73284,0.775,0.86464,0.525
3279,,0.55856,0.218,-0.02876,0.6,0.70052,0.725,0.79696,0.45
3280,3,0.55588,0.225,1.0,0.657,0.7682,0.782,0.82928,0.457
3281,,0.4882,0.175,0.96768,0.632,0.73588,0.732,0.7616,0.382
3282,,0.42052,0.125,0.93536,0.607,0.70356,0.682,0.69392,0.307
3283,,0.35284,0.075,0.90304,0.582,0.67124,0.632,0.62624,0.232
3284,,0.28516,0.025,0.87072,0.557,0.63892,0.582,0.55856,0.157
3285,,0.21748,-0.025,0.8384,0.532,0.6066,0.532,0.49088,0.082
3286,2,0.2068,1.0,0.86308,0.582,0.66728,0.582,0.5162,0.082
3287,,0.13912,0.95,0.83076,0.557,0.63496,0.532,0.44852,0.007
3288,,0.07144,0.9,0.79844,0.532,0.60264,0.482,0.38084,-0.068
3289,8,0.08576,0.925,0.84812,0.607,0.68832,0.557,0.43116,1.0
3290,,0.01808,0.875,0.8158,0.582,0.656,0.507,0.36348,0.925
3291,,-0.0496,0.825,0.78348,0.557,0.62368,0.457,0.2958,0.85
3292,1,1.0,0.832,0.81616,0.614,0.69136,0.514,0.32812,0.857
3293,,0.93232,0.782,0.78384,0.589,0.65904,0.464,0.26044,0.782
3294,,0.86464,0.732,0.75152,0.564,0.62672,0.414,0.19276,0.707
3295,,0.79696,0.682,0.7192,0.539,0.5944,0.364,0.12508,0.632
3296,,0.72928,0.632,0.68688,0.514,0.56208,0.314,0.0574,0.557
3297,,0.6616,0.582,0.65456,0.489,0.52976,0.264,-0.01028,0.482
3298,7,0.69392,0.625,0.72224,0.582,0.63244,0.357,1.0,0.525
3299,,0.62624,0.575,0.68992,0.557,0.60012,0.307,0.93232,0.45
3300,,0.55856,0.525,0.6576,0.532,0.5678,0.257,0.86464,0.375
3301,,0.49088,0.475,0.62528,0.507,0.53548,0.207,0.79696,0.3
3302,,0.4232,0.425,0.59296,0.482,0.50316,0.157,0.72928,0.225
3303,,0.35552,0.375,0.56064,0.457,0.47084,0.107,0.6616,0.15
3304,,0.28784,0.325,0.52832,0.432,0.43852,0.057,0.59392,0.075
3305,,0.22016,0.275,0.496,0.407,0.4062,0.007,0.52624,-0.0
3306,,0.15248,0.225,0.46368,0.382,0.37388,-0.043,0.45856,-0.075
3307,8,0.1668,0.25,0.51336,0.457,0.45956,0.032,0.50888,1.0
3308,,0.09912,0.2,0.48104,0.432,0.42724,-0.018,0.4412,0.925
3309,6,0.13844,0.25,0.55572,0.532,0.19492,1.0,0.51652,0.975
3310,,0.07076,0.2,0.5234,0.507,0.1626,0.95,0.44884,0.9
3311,,0.00308,0.15,0.49108,0.482,0.13028,0.9,0.38116,0.825
3312,,-0.0646,0.1,0.45876,0.457,0.09796,0.85,0.31348,0.75
3313,1,1.0,0.107,0.49144,0.514,0.16564,0.907,0.3458,0.757
3314,,0.93232,0.057,0.45912,0.489,0.13332,0.857,0.27812,0.682
3315,,0.86464,0.007,0.4268,0.464,0.101,0.807,0.21044,0.607
3316,,0.79696,-0.043,0.39448,0.439,0.06868,0.757,0.14276,0.532
3317,2,0.78628,1.0,0.41916,0.489,0.12936,0.807,0.16808,0.532
3318,,0.7186,0.95,0.38684,0.464,0.09704,0.757,0.1004,0.457
3319,,0.65092,0.9,0.35452,0.439,0.06472,0.707,0.03272,0.382
3320,,0.58324,0.85,0.3222,0.414,0.0324,0.657,-0.03496,0.307
3321,7,0.61556,0.893,0.38988,0.507,0.13508,0.75,1.0,0.35
3322,,0.54788,0.843,0.35756,0.482,0.10276,0.7,0.93232,0.275
3323,,0.4802,0.793,0.32524,0.457,0.07044,0.65,0.86464,0.2
3324,,0.41252,0.743,0.29292,0.432,0.03812,0.6,0.79696,0.125
3325,,0.34484,0.693,0.2606,0.407,0.0058,0.55,0.72928,0.05
3326,,0.27716,0.643,0.22828,0.382,-0.02652,0.5,0.6616,-0.025
3327,5,0.30948,0.686,0.29596,0.475,1.0,0.25,0.72892,0.018
3328,,0.2418,0.636,0.26364,0.45,0.96768,0.2,0.66124,-0.057
3329,8,0.25612,0.661,0.31332,0.525,1.0,0.275,0.71156,1.0
3330,,0.18844,0.611,0.281,0.5,0.96768,0.225,0.64388,0.925
3331,,0.12076,0.561,0.24868,0.475,0.93536,0.175,0.5762,0.85
3332,,0.05308,0.511,0.21636,0.45,0.90304,0.125,0.50852,0.775
3333,,-0.0146,0.461,0.18404,0.425,0.87072,0.075,0.44084,0.7
3334,1,1.0,0.468,0.21672,0.482,0.9384,0.132,0.47316,0.707
3335,,0.93232,0.418,0.1844,0.457,0.90608,0.082,0.40548,0.632
3336,,0.86464,0.368,0.15208,0.432,0.87376,0.032,0.3378,0.557
3337,,0.79696,0.318,0.11976,0.407,0.84144,-0.018,0.27012,0.482
3338,6,0.83628,0.368,0.19444,0.507,0.60912,1.0,0.34544,0.532
3339,,0.7686,0.318,0.16212,0.482,0.5768,0.95,0.27776,0.457
3340,,0.70092,0.268,0.1298,0.457,0.54448,0.9,0.21008,0.382
3341,,0.63324,0.218,0.09748,0.432,0.51216,0.85,0.1424,0.307
3342,,0.56556,0.168,0.06516,0.407,0.47984,0.8,0.07472,0.232
3343,,0.49788,0.118,0.03284,0.382,0.44752,0.75,0.00704,0.157
3344,,0.4302,0.068,0.00052,0.357,0.4152,0.7,-0.06064,0.082
3345,7,0.46252,0.111,0.0682,0.45,0.51788,0.793,1.0,0.125
3346,,0.39484,0.061,0.03588,0.425,0.48556,0.743,0.93232,0.05
3347,,0.32716,0.011,0.00356,0.4,0.45324,0.693,0.86464,-0.025
3348,8,0.34148,0.036,0.05324,0.475,0.53892,0.768,0.91496,1.0
3349,,0.2738,-0.014,0.02092,0.45,0.5066,0.718,0.84728,0.925
3350,2,0.26312,1.0,0.0456,0.5,0.56728,0.768,0.8726,0.925
3351,,0.19544,0.95,0.01328,0.475,0.53496,0.718,0.80492,0.85
3352,,0.12776,0.9,-0.01904,0.45,0.50264,0.668,0.73724,0.775
3353,3,0.12508,0.907,1.0,0.507,0.57032,0.725,0.76956,0.782
3354,,0.0574,0.857,0.96768,0.482,0.538,0.675,0.70188,0.707
3355,,-0.01028,0.807,0.93536,0.457,0.50568,0.625,0.6342,0.632
3356,1,1.0,0.814,0.96804,0.514,0.57336,0.682,0.66652,0.639
3357,,0.93232,0.764,0.93572,0.489,0.54104,0.632,0.59884,0.564
3358,,0.86464,0.714,0.9034,0.464,0.50872,0.582,0.53116,0.489
3359,,0.79696,0.664,0.87108,0.439,0.4764,0.532,0.46348,0.414
3360,,0.72928,0.614,0.83876,0.414,0.44408,0.482,0.3958,0.339
3361,,0.6616,0.564,0.80644,0.389,0.41176,0.432,0.32812,0.264
3362,,0.59392,0.514,0.77412,0.364,0.37944,0.382,0.26044,0.189
3363,,0.52624,0.464,0.7418,0.339,0.34712,0.332,0.19276,0.114
3364,,0.45856,0.414,0.70948,0.314,0.3148,0.282,0.12508,0.039
3365,,0.39088,0.364,0.67716,0.289,0.28248,0.232,0.0574,-0.036
3366,8,0.4052,0.389,0.72684,0.364,0.36816,0.307,0.10772,1.0
3367,,0.33752,0.339,0.69452,0.339,0.33584,0.257,0.04004,0.925
3368,,0.26984,0.289,0.6622,0.314,0.30352,0.207,-0.02764,0.85
3369,7,0.30216,0.332,0.72988,0.407,0.4062,0.3,1.0,0.893
3370,,0.23448,0.282,0.69756,0.382,0.37388,0.25,0.93232,0.818
3371,,0.1668,0.232,0.66524,0.357,0.34156,0.2,0.86464,0.743
3372,,0.09912,0.182,0.63292,0.332,0.30924,0.15,0.79696,0.668
3373,,0.03144,0.132,0.6006,0.307,0.27692,0.1,0.72928,0.593
3374,,-0.03624,0.082,0.56828,0.282,0.2446,0.05,0.6616,0.518
3375,1,1.0,0.089,0.60096,0.339,0.31228,0.107,0.69392,0.525
3376,,0.93232,0.039,0.56864,0.314,0.27996,0.057,0.62624,0.45
3377,,0.86464,-0.011,0.53632,0.289,0.24764,0.007,0.55856,0.375
3378,2,0.85396,1.0,0.561,0.339,0.30832,0.057,0.58388,0.375
3379,,0.78628,0.95,0.52868,0.314,0.276,0.007,0.5162,0.3
3380,,0.7186,0.9,0.49636,0.289,0.24368,-0.043,0.44852,0.225
3381,6,0.75792,0.95,0.57104,0.389,0.01136,1.0,0.52384,0.275
3382,,0.69024,0.9,0.53872,0.364,-0.02096,0.95,0.45616,0.2
3383,5,0.72256,0.943,0.6064,0.457,1.0,0.7,0.52348,0.243
3384,,0.65488,0.893,0.57408,0.432,0.96768,0.65,0.4558,0.168
3385,,0.5872,0.843,0.54176,0.407,0.93536,0.6,0.38812,0.093
3386,,0.51952,0.793,0.50944,0.382,0.90304,0.55,0.32044,0.018
3387,,0.45184,0.743,0.47712,0.357,0.87072,0.5,0.25276,-0.057
3388,8,0.46616,0.768,0.5268,0.432,0.9564,0.575,0.30308,1.0
3389,,0.39848,0.718,0.49448,0.407,0.92408,0.525,0.2354,0.925
3390,,0.3308,0.668,0.46216,0.382,0.89176,0.475,0.16772,0.85
3391,,0.26312,0.618,0.42984,0.357,0.85944,0.425,0.10004,0.775
3392,,0.19544,0.568,0.39752,0.332,0.82712,0.375,0.03236,0.7
3393,,0.12776,0.518,0.3652,0.307,0.7948,0.325,-0.03532,0.625
3394,7,0.16008,0.561,0.43288,0.4,0.89748,0.418,1.0,0.668
3395,,0.0924,0.511,0.40056,0.375,0.86516,0.368,0.93232,0.593
3396,,0.02472,0.461,0.36824,0.35,0.83284,0.318,0.86464,0.518
3397,,-0.04296,0.411,0.33592,0.325,0.80052,0.268,0.79696,0.443
3398,1,1.0,0.418,0.3686,0.382,0.8682,0.325,0.82928,0.45
3399,,0.93232,0.368,0.33628,0.357,0.83588,0.275,0.7616,0.375
3400,,0.86464,0.318,0.30396,0.332,0.80356,0.225,0.69392,0.3
3401,,0.79696,0.268,0.27164,0.307,0.77124,0.175,0.62624,0.225
3402,,0.72928,0.218,0.23932,0.282,0.73892,0.125,0.55856,0.15
3403,,0.6616,0.168,0.207,0.257,0.7066,0.075,0.49088,0.075
3404,,0.59392,0.118,0.17468,0.232,0.67428,0.025,0.4232,-0.0
3405,,0.52624,0.068,0.14236,0.207,0.64196,-0.025,0.35552,-0.075
3406,8,0.54056,0.093,0.19204,0.282,0.72764,0.05,0.40584,1.0
3407,,0.47288,0.043,0.15972,0.257,0.69532,0.0,0.33816,0.925
3408,,0.4052,-0.007,0.1274,0.232,0.663,-0.05,0.27048,0.85
3409,6,0.44452,0.043,0.20208,0.332,0.43068,1.0,0.3458,0.9
3410,,0.37684,-0.007,0.16976,0.307,0.39836,0.95,0.27812,0.825
3411,2,0.36616,1.0,0.19444,0.357,0.45904,1.0,0.30344,0.825
3412,,0.29848,0.95,0.16212,0.332,0.42672,0.95,0.23576,0.75
3413,,0.2308,0.9,0.1298,0.307,0.3944,0.9,0.16808,0.675
3414,,0.16312,0.85,0.09748,0.282,0.36208,0.85,0.1004,0.6
3415,,0.09544,0.8,0.06516,0.257,0.32976,0.8,0.03272,0.525
3416,,0.02776,0.75,0.03284,0.232,0.29744,0.75,-0.03496,0.45
3417,7,0.06008,0.793,0.10052,0.325,0.40012,0.843,1.0,0.493
3418,,-0.0076,0.743,0.0682,0.3,0.3678,0.793,0.93232,0.418
3419,1,1.0,0.75,0.10088,0.357,0.43548,0.85,0.96464,0.425
3420,,0.93232,0.7,0.06856,0.332,0.40316,0.8,0.89696,0.35
3421,,0.86464,0.65,0.03624,0.307,0.37084,0.75,0.82928,0.275
3422,,0.79696,0.6,0.00392,0.282,0.33852,0.7,0.7616,0.2
3423,,0.72928,0.55,-0.0284,0.257,0.3062,0.65,0.69392,0.125
3424,3,0.7266,0.557,1.0,0.314,0.37388,0.707,0.72624,0.132
3425,,0.65892,0.507,0.96768,0.289,0.34156,0.657,0.65856,0.057
3426,,0.59124,0.457,0.93536,0.264,0.30924,0.607,0.59088,-0.018
3427,8,0.60556,0.482,0.98504,0.339,0.39492,0.682,0.6412,1.0
3428,,0.53788,0.432,0.95272,0.314,0.3626,0.632,0.57352,0.925
3429,,0.4702,0.382,0.9204,0.289,0.33028,0.582,0.50584,0.85
3430,,0.40252,0.332,0.88808,0.264,0.29796,0.532,0.43816,0.775
3431,,0.33484,0.282,0.85576,0.239,0.26564,0.482,0.37048,0.7
3432,,0.26716,0.232,0.82344,0.214,0.23332,0.432,0.3028,0.625
3433,,0.19948,0.182,0.79112,0.189,0.201,0.382,0.23512,0.55
3434,,0.1318,0.132,0.7588,0.164,0.16868,0.332,0.16744,0.475
3435,,0.06412,0.082,0.72648,0.139,0.13636,0.282,0.09976,0.4
3436,,-0.00356,0.032,0.69416,0.114,0.10404,0.232,0.03208,0.325
3437,1,1.0,0.039,0.72684,0.171,0.17172,0.289,0.0644,0.332
3438,,0.93232,-0.011,0.69452,0.146,0.1394,0.239,-0.00328,0.257
3439,2,0.92164,1.0,0.7192,0.196,0.20008,0.289,0.02204,0.257
3440,,0.85396,0.95,0.68688,0.171,0.16776,0.239,-0.04564,0.182
3441,7,0.88628,0.993,0.75456,0.264,0.27044,0.332,1.0,0.225
3442,,0.8186,0.943,0.72224,0.239,0.23812,0.282,0.93232,0.15
3443,,0.75092,0.893,0.68992,0.214,0.2058,0.232,0.86464,0.075
3444,,0.68324,0.843,0.6576,0.189,0.17348,0.182,0.79696,-0.0
3445,,0.61556,0.793,0.62528,0.164,0.14116,0.132,0.72928,-0.075
3446,8,0.62988,0.818,0.67496,0.239,0.22684,0.207,0.7796,1.0
3447,,0.5622,0.768,0.64264,0.214,0.19452,0.157,0.71192,0.925
3448,,0.49452,0.718,0.61032,0.189,0.1622,0.107,0.64424,0.85
3449,,0.42684,0.668,0.578,0.164,0.12988,0.057,0.57656,0.775
3450,,0.35916,0.618,0.54568,0.139,0.09756,0.007,0.50888,0.7
3451,,0.29148,0.568,0.51336,0.114,0.06524,-0.043,0.4412,0.625
3452,6,0.3308,0.618,0.58804,0.214,-0.16708,1.0,0.51652,0.675
3453,5,0.36312,0.661,0.65572,0.307,1.0,0.75,0.58384,0.718
3454,,0.29544,0.611,0.6234,0.282,0.96768,0.7,0.51616,0.643
3455,,0.22776,0.561,0.59108,0.257,0.93536,0.65,0.44848,0.568
3456,,0.16008,0.511,0.55876,0.232,0.90304,0.6,0.3808,0.493
3457,,0.0924,0.461,0.52644,0.207,0.87072,0.55,0.31312,0.418
3458,,0.02472,0.411,0.49412,0.182,0.8384,0.5,0.24544,0.343
3459,,-0.04296,0.361,0.4618,0.157,0.80608,0.45,0.17776,0.268
3460,1,1.0,0.368,0.49448,0.214,0.87376,0.507,0.21008,0.275
3461,,0.93232,0.318,0.46216,0.189,0.84144,0.457,0.1424,0.2
3462,,0.86464,0.268,0.42984,0.164,0.80912,0.407,0.07472,0.125
3463,,0.79696,0.218,0.39752,0.139,0.7768,0.357,0.00704,0.05
3464,,0.72928,0.168,0.3652,0.114,0.74448,0.307,-0.06064,-0.025
3465,7,0.7616,0.211,0.43288,0.207,0.84716,0.4,1.0,0.018
3466,,0.69392,0.161,0.40056,0.182,0.81484,0.35,0.93232,-0.057
3467,8,0.70824,0.186,0.45024,0.257,0.90052,0.425,0.98264,1.0
3468,,0.64056,0.136,0.41792,0.232,0.8682,0.375,0.91496,0.925
3469,,0.57288,0.086,0.3856,0.207,0.83588,0.325,0.84728,0.85
3470,,0.5052,0.036,0.35328,0.182,0.80356,0.275,0.7796,0.775
3471,,0.43752,-0.014,0.32096,0.157,0.77124,0.225,0.71192,0.7
3472,2,0.42684,1.0,0.34564,0.207,0.83192,0.275,0.73724,0.7
3473,,0.35916,0.95,0.31332,0.182,0.7996,0.225,0.66956,0.625
3474,,0.29148,0.9,0.281,0.157,0.76728,0.175,0.60188,0.55
3475,,0.2238,0.85,0.24868,0.132,0.73496,0.125,0.5342,0.475
3476,,0.15612,0.8,0.21636,0.107,0.70264,0.075,0.46652,0.4
3477,,0.08844,0.75,0.18404,0.082,0.67032,0.025,0.39884,0.325
3478,,0.02076,0.7,0.15172,0.057,0.638,-0.025,0.33116,0.25
3479,6,0.06008,0.75,0.2264,0.157,0.40568,1.0,0.40648,0.3
3480,,-0.0076,0.7,0.19408,0.132,0.37336,0.95,0.3388,0.225
3481,1,1.0,0.707,0.22676,0.189,0.44104,1.0,0.37112,0.232
3482,,0.93232,0.657,0.19444,0.164,0.40872,0.95,0.30344,0.157
3483,,0.86464,0.607,0.16212,0.139,0.3764,0.9,0.23576,0.082
3484,,0.79696,0.557,0.1298,0.114,0.34408,0.85,0.16808,0.007
3485,,0.72928,0.507,0.09748,0.089,0.31176,0.8,0.1004,-0.068
3486,8,0.7436,0.532,0.14716,0.164,0.39744,0.875,0.15072,1.0
3487,,0.67592,0.482,0.11484,0.139,0.36512,0.825,0.08304,0.925
3488,,0.60824,0.432,0.08252,0.114,0.3328,0.775,0.01536,0.85
3489,,0.54056,0.382,0.0502,0.089,0.30048,0.725,-0.05232,0.775
3490,7,0.57288,0.425,0.11788,0.182,0.40316,0.818,1.0,0.818
3491,,0.5052,0.375,0.08556,0.157,0.37084,0.768,0.93232,0.743
3492,,0.43752,0.325,0.05324,0.132,0.33852,0.718,0.86464,0.668
3493,,0.36984,0.275,0.02092,0.107,0.3062,0.668,0.79696,0.593
3494,,0.30216,0.225,-0.0114,0.082,0.27388,0.618,0.72928,0.518
3495,3,0.29948,0.232,1.0,0.139,0.34156,0.675,0.7616,0.525
3496,,0.2318,0.182,0.96768,0.114,0.30924,0.625,0.69392,0.45
3497,,0.16412,0.132,0.93536,0.089,0.27692,0.575,0.62624,0.375
3498,,0.09644,0.082,0.90304,0.064,0.2446,0.525,0.55856,0.3
3499,,0.02876,0.032,0.87072,0.039,0.21228,0.475,0.49088,0.225
3500,,-0.03892,-0.018,0.8384,0.014,0.17996,0.425,0.4232,0.15
3501,1,1.0,-0.011,0.87108,0.071,0.24764,0.482,0.45552,0.157
3502,2,0.98932,1.0,0.89576,0.121,0.30832,0.532,0.48084,0.157
3503,,0.92164,0.95,0.86344,0.096,0.276,0.482,0.41316,0.082
3504,,0.85396,0.9,0.83112,0.071,0.24368,0.432,0.34548,0.007
3505,,0.78628,0.85,0.7988,0.046,0.21136,0.382,0.2778,-0.068
3506,8,0.8006,0.875,0.84848,0.121,0.29704,0.457,0.32812,1.0
3507,,0.73292,0.825,0.81616,0.096,0.26472,0.407,0.26044,0.925
3508,,0.66524,0.775,0.78384,0.071,0.2324,0.357,0.19276,0.85
3509,,0.59756,0.725,0.75152,0.046,0.20008,0.307,0.12508,0.775
3510,,0.52988,0.675,0.7192,0.021,0.16776,0.257,0.0574,0.7
3511,,0.4622,0.625,0.68688,-0.004,0.13544,0.207,-0.01028,0.625
3512,7,0.49452,0.668,0.75456,0.089,0.23812,0.3,1.0,0.668
3513,,0.42684,0.618,0.72224,0.064,0.2058,0.25,0.93232,0.593
3514,,0.35916,0.568,0.68992,0.039,0.17348,0.2,0.86464,0.518
3515,,0.29148,0.518,0.6576,0.014,0.14116,0.15,0.79696,0.443
3516,,0.2238,0.468,0.62528,-0.011,0.10884,0.1,0.72928,0.368
3517,4,0.23812,0.493,0.67496,1.0,0.19452,0.175,0.7796,0.393
3518,,0.17044,0.443,0.64264,0.975,0.1622,0.125,0.71192,0.318
3519,,0.10276,0.393,0.61032,0.95,0.12988,0.075,0.64424,0.243
3520,,0.03508,0.343,0.578,0.925,0.09756,0.025,0.57656,0.168
3521,,-0.0326,0.293,0.54568,0.9,0.06524,-0.025,0.50888,0.093
3522,1,1.0,0.3,0.57836,0.957,0.13292,0.032,0.5412,0.1
3523,,0.93232,0.25,0.54604,0.932,0.1006,-0.018,0.47352,0.025
3524,6,0.97164,0.3,0.62072,1.0,-0.13172,1.0,0.54884,0.075
3525,5,1.0,0.343,0.6884,1.0,1.0,0.75,0.61616,0.118
3526,,0.93232,0.293,0.65608,0.975,0.96768,0.7,0.54848,0.043
3527,,0.86464,0.243,0.62376,0.95,0.93536,0.65,0.4808,-0.032
3528,8,0.87896,0.268,0.67344,1.0,1.0,0.725,0.53112,1.0
3529,,0.81128,0.218,0.64112,0.975,0.96768,0.675,0.46344,0.925
3530,,0.7436,0.168,0.6088,0.95,0.93536,0.625,0.39576,0.85
3531,,0.67592,0.118,0.57648,0.925,0.90304,0.575,0.32808,0.775
3532,,0.60824,0.068,0.54416,0.9,0.87072,0.525,0.2604,0.7
3533,,0.54056,0.018,0.51184,0.875,0.8384,0.475,0.19272,0.625
3534,,0.47288,-0.032,0.47952,0.85,0.80608,0.425,0.12504,0.55
3535,2,0.4622,1.0,0.5042,0.9,0.86676,0.475,0.15036,0.55
3536,,0.39452,0.95,0.47188,0.875,0.83444,0.425,0.08268,0.475
3537,,0.32684,0.9,0.43956,0.85,0.80212,0.375,0.015,0.4
3538,,0.25916,0.85,0.40724,0.825,0.7698,0.325,-0.05268,0.325
3539,7,0.29148,0.893,0.47492,0.918,0.87248,0.418,1.0,0.368
3540,,0.2238,0.843,0.4426,0.893,0.84016,0.368,0.93232,0.293
3541,,0.15612,0.793,0.41028,0.868,0.80784,0.318,0.86464,0.218
3542,,0.08844,0.743,0.37796,0.843,0.77552,0.268,0.79696,0.143
3543,,0.02076,0.693,0.34564,0.818,0.7432,0.218,0.72928,0.068
3544,,-0.04692,0.643,0.31332,0.793,0.71088,0.168,0.6616,-0.007
3545,1,1.0,0.65,0.346,0.85,0.77856,0.225,0.69392,-0.0
3546,,0.93232,0.6,0.31368,0.825,0.74624,0.175,0.62624,-0.075
3547,8,0.94664,0.625,0.36336,0.9,0.83192,0.25,0.67656,1.0
3548,,0.87896,0.575,0.33104,0.875,0.7996,0.2,0.60888,0.925
3549,,0.81128,0.525,0.29872,0.85,0.76728,0.15,0.5412,0.85
3550,,0.7436,0.475,0.2664,0.825,0.73496,0.1,0.47352,0.775
3551,,0.67592,0.425,0.23408,0.8,0.70264,0.05,0.40584,0.7
3552,,0.60824,0.375,0.20176,0.775,0.67032,0.0,0.33816,0.625
3553,,0.54056,0.325,0.16944,0.75,0.638,-0.05,0.27048,0.55
3554,6,0.57988,0.375,0.24412,0.85,0.40568,1.0,0.3458,0.6
3555,,0.5122,0.325,0.2118,0.825,0.37336,0.95,0.27812,0.525
3556,,0.44452,0.275,0.17948,0.8,0.34104,0.9,0.21044,0.45
3557,,0.37684,0.225,0.14716,0.775,0.30872,0.85,0.14276,0.375
3558,,0.30916,0.175,0.11484,0.75,0.2764,0.8,0.07508,0.3
3559,,0.24148,0.125,0.08252,0.725,0.24408,0.75,0.0074,0.225
3560,,0.1738,0.075,0.0502,0.7,0.21176,0.7,-0.06028,0.15
3561,7,0.20612,0.118,0.11788,0.793,0.31444,0.793,1.0,0.193
3562,,0.13844,0.068,0.08556,0.768,0.28212,0.743,0.93232,0.118
3563,,0.07076,0.018,0.05324,0.743,0.2498,0.693,0.86464,0.043
3564,,0.00308,-0.032,0.02092,0.718,0.21748,0.643,0.79696,-0.032
3565,8,0.0174,-0.007,0.0706,0.793,0.30316,0.718,0.84728,1.0
3566,2,0.00672,1.0,0.09528,0.843,0.36384,0.768,0.8726,1.0
3567,,-0.06096,0.95,0.06296,0.818,0.33152,0.718,0.80492,0.925
3568,1,1.0,0.957,0.09564,0.875,0.3992,0.775,0.83724,0.932
3569,,0.93232,0.907,0.06332,0.85,0.36688,0.725,0.76956,0.857
3570,,0.86464,0.857,0.031,0.825,0.33456,0.675,0.70188,0.782
3571,,0.79696,0.807,-0.00132,0.8,0.30224,0.625,0.6342,0.707
3572,3,0.79428,0.814,1.0,0.857,0.36992,0.682,0.66652,0.714
3573,,0.7266,0.764,0.96768,0.832,0.3376,0.632,0.59884,0.639
3574,,0.65892,0.714,0.93536,0.807,0.30528,0.582,0.53116,0.564
3575,,0.59124,0.664,0.90304,0.782,0.27296,0.532,0.46348,0.489
3576,,0.52356,0.614,0.87072,0.757,0.24064,0.482,0.3958,0.414
3577,,0.45588,0.564,0.8384,0.732,0.20832,0.432,0.32812,0.339
3578,,0.3882,0.514,0.80608,0.707,0.176,0.382,0.26044,0.264
3579,,0.32052,0.464,0.77376,0.682,0.14368,0.332,0.19276,0.189
3580,,0.25284,0.414,0.74144,0.657,0.11136,0.282,0.12508,0.114
3581,,0.18516,0.364,0.70912,0.632,0.07904,0.232,0.0574,0.039
3582,,0.11748,0.314,0.6768,0.607,0.04672,0.182,-0.01028,-0.036
3583,8,0.1318,0.339,0.72648,0.682,0.1324,0.257,0.04004,1.0
3584,,0.06412,0.289,0.69416,0.657,0.10008,0.207,-0.02764,0.925
3585,7,0.09644,0.332,0.76184,0.75,0.20276,0.3,1.0,0.968
3586,,0.02876,0.282,0.72952,0.725,0.17044,0.25,0.93232,0.893
3587,,-0.03892,0.232,0.6972,0.7,0.13812,0.2,0.86464,0.818
3588,1,1.0,0.239,0.72988,0.757,0.2058,0.257,0.89696,0.825
3589,,0.93232,0.189,0.69756,0.732,0.17348,0.207,0.82928,0.75
3590,,0.86464,0.139,0.66524,0.707,0.14116,0.157,0.7616,0.675
3591,,0.79696,0.089,0.63292,0.682,0.10884,0.107,0.69392,0.6
3592,,0.72928,0.039,0.6006,0.657,0.07652,0.057,0.62624,0.525
3593,,0.6616,-0.011,0.56828,0.632,0.0442,0.007,0.55856,0.45
3594,2,0.65092,1.0,0.59296,0.682,0.10488,0.057,0.58388,0.45
3595,,0.58324,0.95,0.56064,0.657,0.07256,0.007,0.5162,0.375
3596,,0.51556,0.9,0.52832,0.632,0.04024,-0.043,0.44852,0.3
3597,6,0.55488,0.95,0.603,0.732,-0.19208,1.0,0.52384,0.35
3598,5,0.5872,0.993,0.67068,0.825,1.0,0.75,0.59116,0.393
3599,,0.51952,0.943,0.63836,0.8,0.96768,0.7,0.52348,0.318
3600,,0.45184,0.893,0.60604,0.775,0.93536,0.65,0.4558,0.243
3601,,0.38416,0.843,0.57372,0.75,0.90304,0.6,0.38812,0.168
3602,,0.31648,0.793,0.5414,0.725,0.87072,0.55,0.32044,0.093
3603,,0.2488,0.743,0.50908,0.7,0.8384,0.5,0.25276,0.018
3604,,0.18112,0.693,0.47676,0.675,0.80608,0.45,0.18508,-0.057
3605,8,0.19544,0.718,0.52644,0.75,0.89176,0.525,0.2354,1.0
3606,,0.12776,0.668,0.49412,0.725,0.85944,0.475,0.16772,0.925
3607,,0.06008,0.618,0.4618,0.7,0.82712,0.425,0.10004,0.85
3608,,-0.0076,0.568,0.42948,0.675,0.7948,0.375,0.03236,0.775
3609,1,1.0,0.575,0.46216,0.732,0.86248,0.432,0.06468,0.782
3610,,0.93232,0.525,0.42984,0.707,0.83016,0.382,-0.003,0.707
3611,7,0.96464,0.568,0.49752,0.8,0.93284,0.475,1.0,0.75
3612,,0.89696,0.518,0.4652,0.775,0.90052,0.425,0.93232,0.675
3613,,0.82928,0.468,0.43288,0.75,0.8682,0.375,0.86464,0.6
3614,,0.7616,0.418,0.40056,0.725,0.83588,0.325,0.79696,0.525
3615,,0.69392,0.368,0.36824,0.7,0.80356,0.275,0.72928,0.45
3616,,0.62624,0.318,0.33592,0.675,0.77124,0.225,0.6616,0.375
3617,,0.55856,0.268,0.3036,0.65,0.73892,0.175,0.59392,0.3
3618,,0.49088,0.218,0.27128,0.625,0.7066,0.125,0.52624,0.225
3619,,0.4232,0.168,0.23896,0.6,0.67428,0.075,0.45856,0.15
3620,,0.35552,0.118,0.20664,0.575,0.64196,0.025,0.39088,0.075
3621,,0.28784,0.068,0.17432,0.55,0.60964,-0.025,0.3232,-0.0
3622,6,0.32716,0.118,0.249,0.65,0.37732,1.0,0.39852,0.05
3623,,0.25948,0.068,0.21668,0.625,0.345,0.95,0.33084,-0.025
3624,8,0.2738,0.093,0.26636,0.7,0.43068,1.0,0.38116,1.0
3625,,0.20612,0.043,0.23404,0.675,0.39836,0.95,0.31348,0.925
3626,,0.13844,-0.007,0.20172,0.65,0.36604,0.9,0.2458,0.85
3627,2,0.12776,1.0,0.2264,0.7,0.42672,0.95,0.27112,0.85
3628,,0.06008,0.95,0.19408,0.675,0.3944,0.9,0.20344,0.775
3629,,-0.0076,0.9,0.16176,0.65,0.36208,0.85,0.13576,0.7
3630,1,1.0,0.907,0.19444,0.707,0.42976,0.907,0.16808,0.707
3631,,0.93232,0.857,0.16212,0.682,0.39744,0.857,0.1004,0.632
3632,,0.86464,0.807,0.1298,0.657,0.36512,0.807,0.03272,0.557
3633,,0.79696,0.757,0.09748,0.632,0.3328,0.757,-0.03496,0.482
3634,7,0.82928,0.8,0.16516,0.725,0.43548,0.85,1.0,0.525
3635,,0.7616,0.75,0.13284,0.7,0.40316,0.8,0.93232,0.45
3636,,0.69392,0.7,0.10052,0.675,0.37084,0.75,0.86464,0.375
3637,,0.62624,0.65,0.0682,0.65,0.33852,0.7,0.79696,0.3
3638,,0.55856,0.6,0.03588,0.625,0.3062,0.65,0.72928,0.225
3639,,0.49088,0.55,0.00356,0.6,0.27388,0.6,0.6616,0.15
3640,,0.4232,0.5,-0.02876,0.575,0.24156,0.55,0.59392,0.075
3641,3,0.42052,0.507,1.0,0.632,0.30924,0.607,0.62624,0.082
3642,,0.35284,0.457,0.96768,0.607,0.27692,0.557,0.55856,0.007
3643,,0.28516,0.407,0.93536,0.582,0.2446,0.507,0.49088,-0.068
3644,8,0.29948,0.432,0.98504,0.657,0.33028,0.582,0.5412,1.0
3645,,0.2318,0.382,0.95272,0.632,0.29796,0.532,0.47352,0.925
3646,,0.16412,0.332,0.9204,0.607,0.26564,0.482,0.40584,0.85
3647,,0.09644,0.282,0.88808,0.582,0.23332,0.432,0.33816,0.775
3648,,0.02876,0.232,0.85576,0.557,0.201,0.382,0.27048,0.7
3649,,-0.03892,0.182,0.82344,0.532,0.16868,0.332,0.2028,0.625
3650,1,1.0,0.189,0.85612,0.589,0.23636,0.389,0.23512,0.632
3651,,0.93232,0.139,0.8238,0.564,0.20404,0.339,0.16744,0.557
3652,,0.86464,0.089,0.79148,0.539,0.17172,0.289,0.09976,0.482
3653,,0.79696,0.039,0.75916,0.514,0.1394,0.239,0.03208,0.407
3654,,0.72928,-0.011,0.72684,0.489,0.10708,0.189,-0.0356,0.332
3655,7,0.7616,0.032,0.79452,0.582,0.20976,0.282,1.0,0.375
3656,,0.69392,-0.018,0.7622,0.557,0.17744,0.232,0.93232,0.3
3657,2,0.68324,1.0,0.78688,0.607,0.23812,0.282,0.95764,0.3
3658,,0.61556,0.95,0.75456,0.582,0.2058,0.232,0.88996,0.225
3659,,0.54788,0.9,0.72224,0.557,0.17348,0.182,0.82228,0.15
3660,,0.4802,0.85,0.68992,0.532,0.14116,0.132,0.7546,0.075
3661,,0.41252,0.8,0.6576,0.507,0.10884,0.082,0.68692,-0.0
3662,,0.34484,0.75,0.62528,0.482,0.07652,0.032,0.61924,-0.075
3663,8,0.35916,0.775,0.67496,0.557,0.1622,0.107,0.66956,1.0
3664,,0.29148,0.725,0.64264,0.532,0.12988,0.057,0.60188,0.925
3665,,0.2238,0.675,0.61032,0.507,0.09756,0.007,0.5342,0.85
3666,,0.15612,0.625,0.578,0.482,0.06524,-0.043,0.46652,0.775
3667,6,0.19544,0.675,0.65268,0.582,-0.16708,1.0,0.54184,0.825
3668,5,0.22776,0.718,0.72036,0.675,1.0,0.75,0.60916,0.868
3669,,0.16008,0.668,0.68804,0.65,0.96768,0.7,0.54148,0.793
3670,,0.0924,0.618,0.65572,0.625,0.93536,0.65,0.4738,0.718
3671,,0.02472,0.568,0.6234,0.6,0.90304,0.6,0.40612,0.643
3672,,-0.04296,0.518,0.59108,0.575,0.87072,0.55,0.33844,0.568
3673,1,1.0,0.525,0.62376,0.632,0.9384,0.607,0.37076,0.575
3674,,0.93232,0.475,0.59144,0.607,0.90608,0.557,0.30308,0.5
3675,,0.86464,0.425,0.55912,0.582,0.87376,0.507,0.2354,0.425
3676,,0.79696,0.375,0.5268,0.557,0.84144,0.457,0.16772,0.35
3677,,0.72928,0.325,0.49448,0.532,0.80912,0.407,0.10004,0.275
3678,,0.6616,0.275,0.46216,0.507,0.7768,0.357,0.03236,0.2
3679,,0.59392,0.225,0.42984,0.482,0.74448,0.307,-0.03532,0.125
3680,7,0.62624,0.268,0.49752,0.575,0.84716,0.4,1.0,0.168
3681,,0.55856,0.218,0.4652,0.55,0.81484,0.35,0.93232,0.093
3682,,0.49088,0.168,0.43288,0.525,0.78252,0.3,0.86464,0.018
3683,,0.4232,0.118,0.40056,0.5,0.7502,0.25,0.79696,-0.057
3684,8,0.43752,0.143,0.45024,0.575,0.83588,0.325,0.84728,1.0
3685,,0.36984,0.093,0.41792,0.55,0.80356,0.275,0.7796,0.925
3686,,0.30216,0.043,0.3856,0.525,0.77124,0.225,0.71192,0.85
3687,,0.23448,-0.007,0.35328,0.5,0.73892,0.175,0.64424,0.775
3688,2,0.2238,1.0,0.37796,0.55,0.7996,0.225,0.66956,0.775
3689,,0.15612,0.95,0.34564,0.525,0.76728,0.175,0.60188,0.7
3690,,0.08844,0.9,0.31332,0.5,0.73496,0.125,0.5342,0.625
3691,,0.02076,0.85,0.281,0.475,0.70264,0.075,0.46652,0.55
3692,,-0.04692,0.8,0.24868,0.45,0.67032,0.025,0.39884,0.475
3693,1,1.0,0.807,0.28136,0.507,0.738,0.082,0.43116,0.482
3694,,0.93232,0.757,0.24904,0.482,0.70568,0.032,0.36348,0.407
3695,,0.86464,0.707,0.21672,0.457,0.67336,-0.018,0.2958,0.332
3696,6,0.90396,0.757,0.2914,0.557,0.44104,1.0,0.37112,0.382
3697,,0.83628,0.707,0.25908,0.532,0.40872,0.95,0.30344,0.307
3698,,0.7686,0.657,0.22676,0.507,0.3764,0.9,0.23576,0.232
3699,,0.70092,0.607,0.19444,0.482,0.34408,0.85,0.16808,0.157
3700,,0.63324,0.557,0.16212,0.457,0.31176,0.8,0.1004,0.082
3701,,0.56556,0.507,0.1298,0.432,0.27944,0.75,0.03272,0.007
3702,,0.49788,0.457,0.09748,0.407,0.24712,0.7,-0.03496,-0.068
3703,8,0.5122,0.482,0.14716,0.482,0.3328,0.775,0.01536,1.0
3704,,0.44452,0.432,0.11484,0.457,0.30048,0.725,-0.05232,0.925
3705,7,0.47684,0.475,0.18252,0.55,0.40316,0.818,1.0,0.968
3706,,0.40916,0.425,0.1502,0.525,0.37084,0.768,0.93232,0.893
3707,,0.34148,0.375,0.11788,0.5,0.33852,0.718,0.86464,0.818
3708,,0.2738,0.325,0.08556,0.475,0.3062,0.668,0.79696,0.743
3709,,0.20612,0.275,0.05324,0.45,0.27388,0.618,0.72928,0.668
3710,,0.13844,0.225,0.02092,0.425,0.24156,0.568,0.6616,0.593
3711,,0.07076,0.175,-0.0114,0.4,0.20924,0.518,0.59392,0.518
3712,3,0.06808,0.182,1.0,0.457,0.27692,0.575,0.62624,0.525
3713,,0.0004,0.132,0.96768,0.432,0.2446,0.525,0.55856,0.45
3714,,-0.06728,0.082,0.93536,0.407,0.21228,0.475,0.49088,0.375
3715,1,1.0,0.089,0.96804,0.464,0.27996,0.532,0.5232,0.382
3716,,0.93232,0.039,0.93572,0.439,0.24764,0.482,0.45552,0.307
3717,,0.86464,-0.011,0.9034,0.414,0.21532,0.432,0.38784,0.232
3718,2,0.85396,1.0,0.92808,0.464,0.276,0.482,0.41316,0.232
3719,,0.78628,0.95,0.89576,0.439,0.24368,0.432,0.34548,0.157
3720,,0.7186,0.9,0.86344,0.414,0.21136,0.382,0.2778,0.082
3721,,0.65092,0.85,0.83112,0.389,0.17904,0.332,0.21012,0.007
3722,,0.58324,0.8,0.7988,0.364,0.14672,0.282,0.14244,-0.068
3723,8,0.59756,0.825,0.84848,0.439,0.2324,0.357,0.19276,1.0
3724,,0.52988,0.775,0.81616,0.414,0.20008,0.307,0.12508,0.925
3725,,0.4622,0.725,0.78384,0.389,0.16776,0.257,0.0574,0.85
3726,,0.39452,0.675,0.75152,0.364,0.13544,0.207,-0.01028,0.775
3727,7,0.42684,0.718,0.8192,0.457,0.23812,0.3,1.0,0.818
3728,,0.35916,0.668,0.78688,0.432,0.2058,0.25,0.93232,0.743
3729,,0.29148,0.618,0.75456,0.407,0.17348,0.2,0.86464,0.668
3730,,0.2238,0.568,0.72224,0.382,0.14116,0.15,0.79696,0.593
3731,,0.15612,0.518,0.68992,0.357,0.10884,0.1,0.72928,0.518
3732,,0.08844,0.468,0.6576,0.332,0.07652,0.05,0.6616,0.443
3733,,0.02076,0.418,0.62528,0.307,0.0442,0.0,0.59392,0.368
3734,,-0.04692,0.368,0.59296,0.282,0.01188,-0.05,0.52624,0.293
3735,6,-0.0076,0.418,0.66764,0.382,-0.22044,1.0,0.60156,0.343
3736,5,0.02472,0.461,0.73532,0.475,1.0,0.75,0.66888,0.386
3737,,-0.04296,0.411,0.703,0.45,0.96768,0.7,0.6012,0.311
3738,1,1.0,0.418,0.73568,0.507,1.0,0.757,0.63352,0.318
3739,,0.93232,0.368,0.70336,0.482,0.96768,0.707,0.56584,0.243
3740,,0.86464,0.318,0.67104,0.457,0.93536,0.657,0.49816,0.168
3741,,0.79696,0.268,0.63872,0.432,0.90304,0.607,0.43048,0.093
3742,,0.72928,0.218,0.6064,0.407,0.87072,0.557,0.3628,0.018
3743,,0.6616,0.168,0.57408,0.382,0.8384,0.507,0.29512,-0.057
3744,8,0.67592,0.193,0.62376,0.457,0.92408,0.582,0.34544,1.0
3745,,0.60824,0.143,0.59144,0.432,0.89176,0.532,0.27776,0.925
3746,,0.54056,0.093,0.55912,0.407,0.85944,0.482,0.21008,0.85
3747,,0.47288,0.043,0.5268,0.382,0.82712,0.432,0.1424,0.775
3748,,0.4052,-0.007,0.49448,0.357,0.7948,0.382,0.07472,0.7
3749,2,0.39452,1.0,0.51916,0.407,0.85548,0.432,0.10004,0.7
3750,,0.32684,0.95,0.48684,0.382,0.82316,0.382,0.03236,0.625
3751,,0.25916,0.9,0.45452,0.357,0.79084,0.332,-0.03532,0.55
3752,7,0.29148,0.943,0.5222,0.45,0.89352,0.425,1.0,0.593
3753,,0.2238,0.893,0.48988,0.425,0.8612,0.375,0.93232,0.518
3754,,0.15612,0.843,0.45756,0.4,0.82888,0.325,0.86464,0.443
3755,,0.08844,0.793,0.42524,0.375,0.79656,0.275,0.79696,0.368
3756,,0.02076,0.743,0.39292,0.35,0.76424,0.225,0.72928,0.293
3757,,-0.04692,0.693,0.3606,0.325,0.73192,0.175,0.6616,0.218
3758,1,1.0,0.7,0.39328,0.382,0.7996,0.232,0.69392,0.225
3759,,0.93232,0.65,0.36096,0.357,0.76728,0.182,0.62624,0.15
3760,,0.86464,0.6,0.32864,0.332,0.73496,0.132,0.55856,0.075
3761,,0.79696,0.55,0.29632,0.307,0.70264,0.082,0.49088,-0.0
3762,,0.72928,0.5,0.264,0.282,0.67032,0.032,0.4232,-0.075
3763,8,0.7436,0.525,0.31368,0.357,0.756,0.107,0.47352,1.0
3764,,0.67592,0.475,0.28136,0.332,0.72368,0.057,0.40584,0.925
3765,,0.60824,0.425,0.24904,0.307,0.69136,0.007,0.33816,0.85
3766,,0.54056,0.375,0.21672,0.282,0.65904,-0.043,0.27048,0.775
3767,6,0.57988,0.425,0.2914,0.382,0.42672,1.0,0.3458,0.825
3768,,0.5122,0.375,0.25908,0.357,0.3944,0.95,0.27812,0.75
3769,,0.44452,0.325,0.22676,0.332,0.36208,0.9,0.21044,0.675
3770,,0.37684,0.275,0.19444,0.307,0.32976,0.85,0.14276,0.6
3771,,0.30916,0.225,0.16212,0.282,0.29744,0.8,0.07508,0.525
3772,,0.24148,0.175,0.1298,0.257,0.26512,0.75,0.0074,0.45
3773,,0.1738,0.125,0.09748,0.232,0.2328,0.7,-0.06028,0.375
3774,7,0.20612,0.168,0.16516,0.325,0.33548,0.793,1.0,0.418
3775,,0.13844,0.118,0.13284,0.3,0.30316,0.743,0.93232,0.343
3776,,0.07076,0.068,0.10052,0.275,0.27084,0.693,0.86464,0.268
3777,,0.00308,0.018,0.0682,0.25,0.23852,0.643,0.79696,0.193
3778,,-0.0646,-0.032,0.03588,0.225,0.2062,0.593,0.72928,0.118
3779,1,1.0,-0.025,0.06856,0.282,0.27388,0.65,0.7616,0.125
3780,2,0.98932,1.0,0.09324,0.332,0.33456,0.7,0.78692,0.125
3781,,0.92164,0.95,0.06092,0.307,0.30224,0.65,0.71924,0.05
3782,,0.85396,0.9,0.0286,0.282,0.26992,0.6,0.65156,-0.025
3783,8,0.86828,0.925,0.07828,0.357,0.3556,0.675,0.70188,1.0
3784,,0.8006,0.875,0.04596,0.332,0.32328,0.625,0.6342,0.925
3785,,0.73292,0.825,0.01364,0.307,0.29096,0.575,0.56652,0.85
3786,,0.66524,0.775,-0.01868,0.282,0.25864,0.525,0.49884,0.775
3787,3,0.66256,0.782,1.0,0.339,0.32632,0.582,0.53116,0.782
3788,,0.59488,0.732,0.96768,0.314,0.294,0.532,0.46348,0.707
3789,,0.5272,0.682,0.93536,0.289,0.26168,0.482,0.3958,0.632
3790,,0.45952,0.632,0.90304,0.264,0.22936,0.432,0.32812,0.557
3791,,0.39184,0.582,0.87072,0.239,0.19704,0.382,0.26044,0.482
3792,,0.32416,0.532,0.8384,0.214,0.16472,0.332,0.19276,0.407
3793,,0.25648,0.482,0.80608,0.189,0.1324,0.282,0.12508,0.332
3794,,0.1888,0.432,0.77376,0.164,0.10008,0.232,0.0574,0.257
3795,,0.12112,0.382,0.74144,0.139,0.06776,0.182,-0.01028,0.182
3796,7,0.15344,0.425,0.80912,0.232,0.17044,0.275,1.0,0.225
3797,,0.08576,0.375,0.7768,0.207,0.13812,0.225,0.93232,0.15
3798,,0.01808,0.325,0.74448,0.182,0.1058,0.175,0.86464,0.075
3799,,-0.0496,0.275,0.71216,0.157,0.07348,0.125,0.79696,-0.0
3800,1,1.0,0.282,0.74484,0.214,0.14116,0.182,0.82928,0.007
3801,,0.93232,0.232,0.71252,0.189,0.10884,0.132,0.7616,-0.068
3802,8,0.94664,0.257,0.7622,0.264,0.19452,0.207,0.81192,1.0
3803,,0.87896,0.207,0.72988,0.239,0.1622,0.157,0.74424,0.925
3804,,0.81128,0.157,0.69756,0.214,0.12988,0.107,0.67656,0.85
3805,,0.7436,0.107,0.66524,0.189,0.09756,0.057,0.60888,0.775
3806,,0.67592,0.057,0.63292,0.164,0.06524,0.007,0.5412,0.7
3807,,0.60824,0.007,0.6006,0.139,0.03292,-0.043,0.47352,0.625
3808,6,0.64756,0.057,0.67528,0.239,-0.1994,1.0,0.54884,0.675
3809,5,0.67988,0.1,0.74296,0.332,1.0,0.75,0.61616,0.718
3810,,0.6122,0.05,0.71064,0.307,0.96768,0.7,0.54848,0.643
3811,,0.54452,0.0,0.67832,0.282,0.93536,0.65,0.4808,0.568
3812,,0.47684,-0.05,0.646,0.257,0.90304,0.6,0.41312,0.493
3813,2,0.46616,1.0,0.67068,0.307,0.96372,0.65,0.43844,0.493
3814,,0.39848,0.95,0.63836,0.282,0.9314,0.6,0.37076,0.418
3815,,0.3308,0.9,0.60604,0.257,0.89908,0.55,0.30308,0.343
3816,,0.26312,0.85,0.57372,0.232,0.86676,0.5,0.2354,0.268
3817,,0.19544,0.8,0.5414,0.207,0.83444,0.45,0.16772,0.193
3818,,0.12776,0.75,0.50908,0.182,0.80212,0.4,0.10004,0.118
3819,,0.06008,0.7,0.47676,0.157,0.7698,0.35,0.03236,0.043
3820,,-0.0076,0.65,0.44444,0.132,0.73748,0.3,-0.03532,-0.032
3821,7,0.02472,0.693,0.51212,0.225,0.84016,0.393,1.0,0.011
3822,,-0.04296,0.643,0.4798,0.2,0.80784,0.343,0.93232,-0.064
3823,8,-0.02864,0.668,0.52948,0.275,0.89352,0.418,0.98264,1.0
3824,1,1.0,0.675,0.56216,0.332,0.9612,0.475,1.0,1.0
3825,,0.93232,0.625,0.52984,0.307,0.92888,0.425,0.93232,0.925
3826,,0.86464,0.575,0.49752,0.282,0.89656,0.375,0.86464,0.85
3827,,0.79696,0.525,0.4652,0.257,0.86424,0.325,0.79696,0.775
3828,,0.72928,0.475,0.43288,0.232,0.83192,0.275,0.72928,0.7
3829,,0.6616,0.425,0.40056,0.207,0.7996,0.225,0.6616,0.625
3830,,0.59392,0.375,0.36824,0.182,0.76728,0.175,0.59392,0.55
3831,,0.52624,0.325,0.33592,0.157,0.73496,0.125,0.52624,0.475
3832,,0.45856,0.275,0.3036,0.132,0.70264,0.075,0.45856,0.4
3833,,0.39088,0.225,0.27128,0.107,0.67032,0.025,0.39088,0.325
3834,,0.3232,0.175,0.23896,0.082,0.638,-0.025,0.3232,0.25
3835,6,0.36252,0.225,0.31364,0.182,0.40568,1.0,0.39852,0.3
3836,,0.29484,0.175,0.28132,0.157,0.37336,0.95,0.33084,0.225
3837,,0.22716,0.125,0.249,0.132,0.34104,0.9,0.26316,0.15
3838,,0.15948,0.075,0.21668,0.107,0.30872,0.85,0.19548,0.075
3839,,0.0918,0.025,0.18436,0.082,0.2764,0.8,0.1278,-0.0
3840,,0.02412,-0.025,0.15204,0.057,0.24408,0.75,0.06012,-0.075
3841,8,0.03844,-0.0,0.20172,0.132,0.32976,0.825,0.11044,1.0
3842,,-0.02924,-0.05,0.1694,0.107,0.29744,0.775,0.04276,0.925
3843,2,-0.03992,1.0,0.19408,0.157,0.35812,0.825,0.06808,0.925
3844,1,1.0,1.0,0.22676,0.214,0.4258,0.882,0.1004,0.932
3845,,0.93232,0.95,0.19444,0.189,0.39348,0.832,0.03272,0.857
3846,,0.86464,0.9,0.16212,0.164,0.36116,0.782,-0.03496,0.782
3847,7,0.89696,0.943,0.2298,0.257,0.46384,0.875,1.0,0.825
3848,,0.82928,0.893,0.19748,0.232,0.43152,0.825,0.93232,0.75
3849,,0.7616,0.843,0.16516,0.207,0.3992,0.775,0.86464,0.675
3850,,0.69392,0.793,0.13284,0.182,0.36688,0.725,0.79696,0.6
3851,,0.62624,0.743,0.10052,0.157,0.33456,0.675,0.72928,0.525
3852,,0.55856,0.693,0.0682,0.132,0.30224,0.625,0.6616,0.45
3853,,0.49088,0.643,0.03588,0.107,0.26992,0.575,0.59392,0.375
3854,,0.4232,0.593,0.00356,0.082,0.2376,0.525,0.52624,0.3
3855,,0.35552,0.543,-0.02876,0.057,0.20528,0.475,0.45856,0.225
3856,3,0.35284,0.55,1.0,0.114,0.27296,0.532,0.49088,0.232
3857,,0.28516,0.5,0.96768,0.089,0.24064,0.482,0.4232,0.157
3858,,0.21748,0.45,0.93536,0.064,0.20832,0.432,0.35552,0.082
3859,,0.1498,0.4,0.90304,0.039,0.176,0.382,0.28784,0.007
3860,,0.08212,0.35,0.87072,0.014,0.14368,0.332,0.22016,-0.068
3861,8,0.09644,0.375,0.9204,0.089,0.22936,0.407,0.27048,1.0
3862,,0.02876,0.325,0.88808,0.064,0.19704,0.357,0.2028,0.925
3863,,-0.03892,0.275,0.85576,0.039,0.16472,0.307,0.13512,0.85
3864,1,1.0,0.282,0.88844,0.096,0.2324,0.364,0.16744,0.857
3865,,0.93232,0.232,0.85612,0.071,0.20008,0.314,0.09976,0.782
3866,,0.86464,0.182,0.8238,0.046,0.16776,0.264,0.03208,0.707
3867,,0.79696,0.132,0.79148,0.021,0.13544,0.214,-0.0356,0.632
3868,7,0.82928,0.175,0.85916,0.114,0.23812,0.307,1.0,0.675
3869,,0.7616,0.125,0.82684,0.089,0.2058,0.257,0.93232,0.6
3870,,0.69392,0.075,0.79452,0.064,0.17348,0.207,0.86464,0.525
3871,,0.62624,0.025,0.7622,0.039,0.14116,0.157,0.79696,0.45
3872,,0.55856,-0.025,0.72988,0.014,0.10884,0.107,0.72928,0.375
3873,2,0.54788,1.0,0.75456,0.064,0.16952,0.157,0.7546,0.375
3874,,0.4802,0.95,0.72224,0.039,0.1372,0.107,0.68692,0.3
3875,,0.41252,0.9,0.68992,0.014,0.10488,0.057,0.61924,0.225
3876,,0.34484,0.85,0.6576,-0.011,0.07256,0.007,0.55156,0.15
3877,4,0.35916,0.875,0.70728,1.0,0.15824,0.082,0.60188,0.175
3878,,0.29148,0.825,0.67496,0.975,0.12592,0.032,0.5342,0.1
3879,,0.2238,0.775,0.64264,0.95,0.0936,-0.018,0.46652,0.025
3880,6,0.26312,0.825,0.71732,1.0,-0.13872,1.0,0.54184,0.075
3881,5,0.29544,0.868,0.785,1.0,1.0,0.75,0.60916,0.118
3882,,0.22776,0.818,0.75268,0.975,0.96768,0.7,0.54148,0.043
3883,,0.16008,0.768,0.72036,0.95,0.93536,0.65,0.4738,-0.032
3884,8,0.1744,0.793,0.77004,1.0,1.0,0.725,0.52412,1.0
3885,,0.10672,0.743,0.73772,0.975,0.96768,0.675,0.45644,0.925
3886,,0.03904,0.693,0.7054,0.95,0.93536,0.625,0.38876,0.85
3887,,-0.02864,0.643,0.67308,0.925,0.90304,0.575,0.32108,0.775
3888,1,1.0,0.65,0.70576,0.982,0.97072,0.632,0.3534,0.782
3889,,0.93232,0.6,0.67344,0.957,0.9384,0.582,0.28572,0.707
3890,,0.86464,0.55,0.64112,0.932,0.90608,0.532,0.21804,0.632
3891,,0.79696,0.5,0.6088,0.907,0.87376,0.482,0.15036,0.557
3892,,0.72928,0.45,0.57648,0.882,0.84144,0.432,0.08268,0.482
3893,,0.6616,0.4,0.54416,0.857,0.80912,0.382,0.015,0.407
3894,,0.59392,0.35,0.51184,0.832,0.7768,0.332,-0.05268,0.332
3895,7,0.62624,0.393,0.57952,0.925,0.87948,0.425,1.0,0.375
3896,,0.55856,0.343,0.5472,0.9,0.84716,0.375,0.93232,0.3
3897,,0.49088,0.293,0.51488,0.875,0.81484,0.325,0.86464,0.225
3898,,0.4232,0.243,0.48256,0.85,0.78252,0.275,0.79696,0.15
3899,,0.35552,0.193,0.45024,0.825,0.7502,0.225,0.72928,0.075
3900,,0.28784,0.143,0.41792,0.8,0.71788,0.175,0.6616,-0.0
3901,,0.22016,0.093,0.3856,0.775,0.68556,0.125,0.59392,-0.075
3902,8,0.23448,0.118,0.43528,0.85,0.77124,0.2,0.64424,1.0
3903,,0.1668,0.068,0.40296,0.825,0.73892,0.15,0.57656,0.925
3904,,0.09912,0.018,0.37064,0.8,0.7066,0.1,0.50888,0.85
3905,,0.03144,-0.032,0.33832,0.775,0.67428,0.05,0.4412,0.775
3906,2,0.02076,1.0,0.363,0.825,0.73496,0.1,0.46652,0.775
3907,,-0.04692,0.95,0.33068,0.8,0.70264,0.05,0.39884,0.7
3908,1,1.0,0.957,0.36336,0.857,0.77032,0.107,0.43116,0.707
3909,,0.93232,0.907,0.33104,0.832,0.738,0.057,0.36348,0.632
3910,,0.86464,0.857,0.29872,0.807,0.70568,0.007,0.2958,0.557
3911,,0.79696,0.807,0.2664,0.782,0.67336,-0.043,0.22812,0.482
3912,6,0.83628,0.857,0.34108,0.882,0.44104,1.0,0.30344,0.532
3913,,0.7686,0.807,0.30876,0.857,0.40872,0.95,0.23576,0.457
3914,,0.70092,0.757,0.27644,0.832,0.3764,0.9,0.16808,0.382
3915,,0.63324,0.707,0.24412,0.807,0.34408,0.85,0.1004,0.307
3916,,0.56556,0.657,0.2118,0.782,0.31176,0.8,0.03272,0.232
3917,,0.49788,0.607,0.17948,0.757,0.27944,0.75,-0.03496,0.157
3918,7,0.5302,0.65,0.24716,0.85,0.38212,0.843,1.0,0.2
3919,,0.46252,0.6,0.21484,0.825,0.3498,0.793,0.93232,0.125
3920,,0.39484,0.55,0.18252,0.8,0.31748,0.743,0.86464,0.05
3921,,0.32716,0.5,0.1502,0.775,0.28516,0.693,0.79696,-0.025
3922,8,0.34148,0.525,0.19988,0.85,0.37084,0.768,0.84728,1.0
3923,,0.2738,0.475,0.16756,0.825,0.33852,0.718,0.7796,0.925
3924,,0.20612,0.425,0.13524,0.8,0.3062,0.668,0.71192,0.85
3925,,0.13844,0.375,0.10292,0.775,0.27388,0.618,0.64424,0.775
3926,,0.07076,0.325,0.0706,0.75,0.24156,0.568,0.57656,0.7
3927,,0.00308,0.275,0.03828,0.725,0.20924,0.518,0.50888,0.625
3928,,-0.0646,0.225,0.00596,0.7,0.17692,0.468,0.4412,0.55
3929,1,1.0,0.232,0.03864,0.757,0.2446,0.525,0.47352,0.557
3930,,0.93232,0.182,0.00632,0.732,0.21228,0.475,0.40584,0.482
3931,,0.86464,0.132,-0.026,0.707,0.17996,0.425,0.33816,0.407
3932,3,0.86196,0.139,1.0,0.764,0.24764,0.482,0.37048,0.414
3933,,0.79428,0.089,0.96768,0.739,0.21532,0.432,0.3028,0.339
3934,,0.7266,0.039,0.93536,0.714,0.183,0.382,0.23512,0.264
3935,,0.65892,-0.011,0.90304,0.689,0.15068,0.332,0.16744,0.189
3936,2,0.64824,1.0,0.92772,0.739,0.21136,0.382,0.19276,0.189
3937,,0.58056,0.95,0.8954,0.714,0.17904,0.332,0.12508,0.114
3938,,0.51288,0.9,0.86308,0.689,0.14672,0.282,0.0574,0.039
3939,,0.4452,0.85,0.83076,0.664,0.1144,0.232,-0.01028,-0.036
3940,8,0.45952,0.875,0.88044,0.739,0.20008,0.307,0.04004,1.0
3941,,0.39184,0.825,0.84812,0.714,0.16776,0.257,-0.02764,0.925
3942,7,0.42416,0.868,0.9158,0.807,0.27044,0.35,1.0,0.968
3943,,0.35648,0.818,0.88348,0.782,0.23812,0.3,0.93232,0.893
3944,,0.2888,0.768,0.85116,0.757,0.2058,0.25,0.86464,0.818
3945,,0.22112,0.718,0.81884,0.732,0.17348,0.2,0.79696,0.743
3946,,0.15344,0.668,0.78652,0.707,0.14116,0.15,0.72928,0.668
3947,,0.08576,0.618,0.7542,0.682,0.10884,0.1,0.6616,0.593
3948,,0.01808,0.568,0.72188,0.657,0.07652,0.05,0.59392,0.518
3949,,-0.0496,0.518,0.68956,0.632,0.0442,0.0,0.52624,0.443
3950,1,1.0,0.525,0.72224,0.689,0.11188,0.057,0.55856,0.45
3951,,0.93232,0.475,0.68992,0.664,0.07956,0.007,0.49088,0.375
3952,,0.86464,0.425,0.6576,0.639,0.04724,-0.043,0.4232,0.3
3953,6,0.90396,0.475,0.73228,0.739,-0.18508,1.0,0.49852,0.35
3954,5,0.93628,0.518,0.79996,0.832,1.0,0.75,0.56584,0.393
3955,,0.8686,0.468,0.76764,0.807,0.96768,0.7,0.49816,0.318
3956,,0.80092,0.418,0.73532,0.782,0.93536,0.65,0.43048,0.243
3957,,0.73324,0.368,0.703,0.757,0.90304,0.6,0.3628,0.168
3958,,0.66556,0.318,0.67068,0.732,0.87072,0.55,0.29512,0.093
3959,,0.59788,0.268,0.63836,0.707,0.8384,0.5,0.22744,0.018
3960,,0.5302,0.218,0.60604,0.682,0.80608,0.45,0.15976,-0.057
3961,8,0.54452,0.243,0.65572,0.757,0.89176,0.525,0.21008,1.0
3962,,0.47684,0.193,0.6234,0.732,0.85944,0.475,0.1424,0.925
3963,,0.40916,0.143,0.59108,0.707,0.82712,0.425,0.07472,0.85
3964,,0.34148,0.093,0.55876,0.682,0.7948,0.375,0.00704,0.775
3965,,0.2738,0.043,0.52644,0.657,0.76248,0.325,-0.06064,0.7
3966,7,0.30612,0.086,0.59412,0.75,0.86516,0.418,1.0,0.743
3967,,0.23844,0.036,0.5618,0.725,0.83284,0.368,0.93232,0.668
3968,,0.17076,-0.014,0.52948,0.7,0.80052,0.318,0.86464,0.593
3969,2,0.16008,1.0,0.55416,0.75,0.8612,0.368,0.88996,0.593
3970,,0.0924,0.95,0.52184,0.725,0.82888,0.318,0.82228,0.518
3971,,0.02472,0.9,0.48952,0.7,0.79656,0.268,0.7546,0.443
3972,,-0.04296,0.85,0.4572,0.675,0.76424,0.218,0.68692,0.368
3973,1,1.0,0.857,0.48988,0.732,0.83192,0.275,0.71924,0.375
3974,,0.93232,0.807,0.45756,0.707,0.7996,0.225,0.65156,0.3
3975,,0.86464,0.757,0.42524,0.682,0.76728,0.175,0.58388,0.225
3976,,0.79696,0.707,0.39292,0.657,0.73496,0.125,0.5162,0.15
3977,,0.72928,0.657,0.3606,0.632,0.70264,0.075,0.44852,0.075
3978,,0.6616,0.607,0.32828,0.607,0.67032,0.025,0.38084,-0.0
3979,,0.59392,0.557,0.29596,0.582,0.638,-0.025,0.31316,-0.075
3980,8,0.60824,0.582,0.34564,0.657,0.72368,0.05,0.36348,1.0
3981,,0.54056,0.532,0.31332,0.632,0.69136,0.0,0.2958,0.925
3982,,0.47288,0.482,0.281,0.607,0.65904,-0.05,0.22812,0.85
3983,6,0.5122,0.532,0.35568,0.707,0.42672,1.0,0.30344,0.9
3984,,0.44452,0.482,0.32336,0.682,0.3944,0.95,0.23576,0.825
3985,,0.37684,0.432,0.29104,0.657,0.36208,0.9,0.16808,0.75
3986,,0.30916,0.382,0.25872,0.632,0.32976,0.85,0.1004,0.675
3987,,0.24148,0.332,0.2264,0.607,0.29744,0.8,0.03272,0.6
3988,,0.1738,0.282,0.19408,0.582,0.26512,0.75,-0.03496,0.525
3989,7,0.20612,0.325,0.26176,0.675,0.3678,0.843,1.0,0.568
3990,,0.13844,0.275,0.22944,0.65,0.33548,0.793,0.93232,0.493
3991,,0.07076,0.225,0.19712,0.625,0.30316,0.743,0.86464,0.418
3992,,0.00308,0.175,0.1648,0.6,0.27084,0.693,0.79696,0.343
3993,,-0.0646,0.125,0.13248,0.575,0.23852,0.643,0.72928,0.268
3994,1,1.0,0.132,0.16516,0.632,0.3062,0.7,0.7616,0.275
3995,,0.93232,0.082,0.13284,0.607,0.27388,0.65,0.69392,0.2
3996,,0.86464,0.032,0.10052,0.582,0.24156,0.6,0.62624,0.125
3997,,0.79696,-0.018,0.0682,0.557,0.20924,0.55,0.55856,0.05
3998,2,0.78628,1.0,0.09288,0.607,0.26992,0.6,0.58388,0.05
3999,,0.7186,0.95,0.06056,0.582,0.2376,0.55,0.5162,-0.025
4000,8,0.73292,0.975,0.11024,0.657,0.32328,0.625,0.56652,1.0
4001,,0.66524,0.925,0.07792,0.632,0.29096,0.575,0.49884,0.925
4002,,0.59756,0.875,0.0456,0.607,0.25864,0.525,0.43116,0.85
4003,,0.52988,0.825,0.01328,0.582,0.22632,0.475,0.36348,0.775
4004,,0.4622,0.775,-0.01904,0.557,0.194,0.425,0.2958,0.7
4005,3,0.45952,0.782,1.0,0.614,0.26168,0.482,0.32812,0.707
4006,,0.39184,0.732,0.96768,0.589,0.22936,0.432,0.26044,0.632
4007,,0.32416,0.682,0.93536,0.564,0.19704,0.382,0.19276,0.557
4008,,0.25648,0.632,0.90304,0.539,0.16472,0.332,0.12508,0.482
4009,,0.1888,0.582,0.87072,0.514,0.1324,0.282,0.0574,0.407
4010,,0.12112,0.532,0.8384,0.489,0.10008,0.232,-0.01028,0.332
4011,7,0.15344,0.575,0.90608,0.582,0.20276,0.325,1.0,0.375
4012,,0.08576,0.525,0.87376,0.557,0.17044,0.275,0.93232,0.3
4013,,0.01808,0.475,0.84144,0.532,0.13812,0.225,0.86464,0.225
4014,,-0.0496,0.425,0.80912,0.507,0.1058,0.175,0.79696,0.15
4015,1,1.0,0.432,0.8418,0.564,0.17348,0.232,0.82928,0.157
4016,,0.93232,0.382,0.80948,0.539,0.14116,0.182,0.7616,0.082
4017,,0.86464,0.332,0.77716,0.514,0.10884,0.132,0.69392,0.007
4018,,0.79696,0.282,0.74484,0.489,0.07652,0.082,0.62624,-0.068
4019,8,0.81128,0.307,0.79452,0.564,0.1622,0.157,0.67656,1.0
4020,,0.7436,0.257,0.7622,0.539,0.12988,0.107,0.60888,0.925
4021,,0.67592,0.207,0.72988,0.514,0.09756,0.057,0.5412,0.85
4022,,0.60824,0.157,0.69756,0.489,0.06524,0.007,0.47352,0.775
4023,,0.54056,0.107,0.66524,0.464,0.03292,-0.043,0.40584,0.7
4024,6,0.57988,0.157,0.73992,0.564,-0.1994,1.0,0.48116,0.75
4025,5,0.6122,0.2,0.8076,0.657,1.0,0.75,0.54848,0.793
4026,,0.54452,0.15,0.77528,0.632,0.96768,0.7,0.4808,0.718
4027,,0.47684,0.1,0.74296,0.607,0.93536,0.65,0.41312,0.643
4028,,0.40916,0.05,0.71064,0.582,0.90304,0.6,0.34544,0.568
4029,,0.34148,0.0,0.67832,0.557,0.87072,0.55,0.27776,0.493
4030,,0.2738,-0.05,0.646,0.532,0.8384,0.5,0.21008,0.418
4031,2,0.26312,1.0,0.67068,0.582,0.89908,0.55,0.2354,0.418
4032,,0.19544,0.95,0.63836,0.557,0.86676,0.5,0.16772,0.343
4033,,0.12776,0.9,0.60604,0.532,0.83444,0.45,0.10004,0.268
4034,,0.06008,0.85,0.57372,0.507,0.80212,0.4,0.03236,0.193
4035,,-0.0076,0.8,0.5414,0.482,0.7698,0.35,-0.03532,0.118
4036,7,0.02472,0.843,0.60908,0.575,0.87248,0.443,1.0,0.161
4037,,-0.04296,0.793,0.57676,0.55,0.84016,0.393,0.93232,0.086
4038,1,1.0,0.8,0.60944,0.607,0.90784,0.45,0.96464,0.093
4039,,0.93232,0.75,0.57712,0.582,0.87552,0.4,0.89696,0.018
4040,,0.86464,0.7,0.5448,0.557,0.8432,0.35,0.82928,-0.057
4041,8,0.87896,0.725,0.59448,0.632,0.92888,0.425,0.8796,1.0
4042,,0.81128,0.675,0.56216,0.607,0.89656,0.375,0.81192,0.925
4043,,0.7436,0.625,0.52984,0.582,0.86424,0.325,0.74424,0.85
4044,,0.67592,0.575,0.49752,0.557,0.83192,0.275,0.67656,0.775
4045,,0.60824,0.525,0.4652,0.532,0.7996,0.225,0.60888,0.7
4046,,0.54056,0.475,0.43288,0.507,0.76728,0.175,0.5412,0.625
4047,,0.47288,0.425,0.40056,0.482,0.73496,0.125,0.47352,0.55
4048,,0.4052,0.375,0.36824,0.457,0.70264,0.075,0.40584,0.475
4049,,0.33752,0.325,0.33592,0.432,0.67032,0.025,0.33816,0.4
4050,,0.26984,0.275,0.3036,0.407,0.638,-0.025,0.27048,0.325
4051,6,0.30916,0.325,0.37828,0.507,0.40568,1.0,0.3458,0.375
4052,,0.24148,0.275,0.34596,0.482,0.37336,0.95,0.27812,0.3
4053,,0.1738,0.225,0.31364,0.457,0.34104,0.9,0.21044,0.225
4054,,0.10612,0.175,0.28132,0.432,0.30872,0.85,0.14276,0.15
4055,,0.03844,0.125,0.249,0.407,0.2764,0.8,0.07508,0.075
4056,,-0.02924,0.075,0.21668,0.382,0.24408,0.75,0.0074,-0.0
4057,1,1.0,0.082,0.24936,0.439,0.31176,0.807,0.03972,0.007
4058,,0.93232,0.032,0.21704,0.414,0.27944,0.757,-0.02796,-0.068
4059,8,0.94664,0.057,0.26672,0.489,0.36512,0.832,0.02236,1.0
4060,,0.87896,0.007,0.2344,0.464,0.3328,0.782,-0.04532,0.925
4061,7,0.91128,0.05,0.30208,0.557,0.43548,0.875,1.0,0.968
4062,,0.8436,0.0,0.26976,0.532,0.40316,0.825,0.93232,0.893
4063,,0.77592,-0.05,0.23744,0.507,0.37084,0.775,0.86464,0.818
4064,2,0.76524,1.0,0.26212,0.557,0.43152,0.825,0.88996,0.818
4065,,0.69756,0.95,0.2298,0.532,0.3992,0.775,0.82228,0.743
4066,,0.62988,0.9,0.19748,0.507,0.36688,0.725,0.7546,0.668
4067,,0.5622,0.85,0.16516,0.482,0.33456,0.675,0.68692,0.593
4068,,0.49452,0.8,0.13284,0.457,0.30224,0.625,0.61924,0.518
4069,,0.42684,0.75,0.10052,0.432,0.26992,0.575,0.55156,0.443
4070,,0.35916,0.7,0.0682,0.407,0.2376,0.525,0.48388,0.368
4071,,0.29148,0.65,0.03588,0.382,0.20528,0.475,0.4162,0.293
4072,,0.2238,0.6,0.00356,0.357,0.17296,0.425,0.34852,0.218
4073,,0.15612,0.55,-0.02876,0.332,0.14064,0.375,0.28084,0.143
4074,3,0.15344,0.557,1.0,0.389,0.20832,0.432,0.31316,0.15
4075,,0.08576,0.507,0.96768,0.364,0.176,0.382,0.24548,0.075
4076,,0.01808,0.457,0.93536,0.339,0.14368,0.332,0.1778,-0.0
4077,,-0.0496,0.407,0.90304,0.314,0.11136,0.282,0.11012,-0.075
4078,8,-0.03528,0.432,0.95272,0.389,0.19704,0.357,0.16044,1.0
4079,1,1.0,0.439,0.9854,0.446,0.26472,0.414,0.19276,1.0
4080,,0.93232,0.389,0.95308,0.421,0.2324,0.364,0.12508,0.925
4081,,0.86464,0.339,0.92076,0.396,0.20008,0.314,0.0574,0.85
4082,,0.79696,0.289,0.88844,0.371,0.16776,0.264,-0.01028,0.775
4083,7,0.82928,0.332,0.95612,0.464,0.27044,0.357,1.0,0.818
4084,,0.7616,0.282,0.9238,0.439,0.23812,0.307,0.93232,0.743
4085,,0.69392,0.232,0.89148,0.414,0.2058,0.257,0.86464,0.668
4086,,0.62624,0.182,0.85916,0.389,0.17348,0.207,0.79696,0.593
4087,,0.55856,0.132,0.82684,0.364,0.14116,0.157,0.72928,0.518
4088,,0.49088,0.082,0.79452,0.339,0.10884,0.107,0.6616,0.443
4089,,0.4232,0.032,0.7622,0.314,0.07652,0.057,0.59392,0.368
4090,,0.35552,-0.018,0.72988,0.289,0.0442,0.007,0.52624,0.293
4091,2,0.34484,1.0,0.75456,0.339,0.10488,0.057,0.55156,0.293
4092,,0.27716,0.95,0.72224,0.314,0.07256,0.007,0.48388,0.218
4093,,0.20948,0.9,0.68992,0.289,0.04024,-0.043,0.4162,0.143
4094,6,0.2488,0.95,0.7646,0.389,-0.19208,1.0,0.49152,0.193
4095,5,0.28112,0.993,0.83228,0.482,1.0,0.75,0.55884,0.236
4096,,0.21344,0.943,0.79996,0.457,0.96768,0.7,0.49116,0.161
4097,,0.14576,0.893,0.76764,0.432,0.93536,0.65,0.42348,0.086
4098,,0.07808,0.843,0.73532,0.407,0.90304,0.6,0.3558,0.011
4099,,0.0104,0.793,0.703,0.382,0.87072,0.55,0.28812,-0.064
4100,8,0.02472,0.818,0.75268,0.457,0.9564,0.625,0.33844,1.0
4101,,-0.04296,0.768,0.72036,0.432,0.92408,0.575,0.27076,0.925
4102,1,1.0,0.775,0.75304,0.489,0.99176,0.632,0.30308,0.932
4103,,0.93232,0.725,0.72072,0.464,0.95944,0.582,0.2354,0.857
4104,,0.86464,0.675,0.6884,0.439,0.92712,0.532,0.16772,0.782
4105,,0.79696,0.625,0.65608,0.414,0.8948,0.482,0.10004,0.707
4106,,0.72928,0.575,0.62376,0.389,0.86248,0.432,0.03236,0.632
4107,,0.6616,0.525,0.59144,0.364,0.83016,0.382,-0.03532,0.557
4108,7,0.69392,0.568,0.65912,0.457,0.93284,0.475,1.0,0.6
4109,,0.62624,0.518,0.6268,0.432,0.90052,0.425,0.93232,0.525
4110,,0.55856,0.468,0.59448,0.407,0.8682,0.375,0.86464,0.45
4111,,0.49088,0.418,0.56216,0.382,0.83588,0.325,0.79696,0.375
4112,,0.4232,0.368,0.52984,0.357,0.80356,0.275,0.72928,0.3
4113,,0.35552,0.318,0.49752,0.332,0.77124,0.225,0.6616,0.225
4114,,0.28784,0.268,0.4652,0.307,0.73892,0.175,0.59392,0.15
4115,,0.22016,0.218,0.43288,0.282,0.7066,0.125,0.52624,0.075
4116,,0.15248,0.168,0.40056,0.257,0.67428,0.075,0.45856,-0.0
4117,,0.0848,0.118,0.36824,0.232,0.64196,0.025,0.39088,-0.075
4118,8,0.09912,0.143,0.41792,0.307,0.72764,0.1,0.4412,1.0
4119,,0.03144,0.093,0.3856,0.282,0.69532,0.05,0.37352,0.925
4120,,-0.03624,0.043,0.35328,0.257,0.663,0.0,0.30584,0.85
4121,1,1.0,0.05,0.38596,0.314,0.73068,0.057,0.33816,0.857
4122,,0.93232,0.0,0.35364,0.289,0.69836,0.007,0.27048,0.782
4123,,0.86464,-0.05,0.32132,0.264,0.66604,-0.043,0.2028,0.707
4124,2,0.85396,1.0,0.346,0.314,0.72672,0.007,0.22812,0.707
4125,,0.78628,0.95,0.31368,0.289,0.6944,-0.043,0.16044,0.632
4126,6,0.8256,1.0,0.38836,0.389,0.46208,1.0,0.23576,0.682
4127,,0.75792,0.95,0.35604,0.364,0.42976,0.95,0.16808,0.607
4128,,0.69024,0.9,0.32372,0.339,0.39744,0.9,0.1004,0.532
4129,,0.62256,0.85,0.2914,0.314,0.36512,0.85,0.03272,0.457
4130,,0.55488,0.8,0.25908,0.289,0.3328,0.8,-0.03496,0.382
4131,7,0.5872,0.843,0.32676,0.382,0.43548,0.893,1.0,0.425
4132,,0.51952,0.793,0.29444,0.357,0.40316,0.843,0.93232,0.35
4133,,0.45184,0.743,0.26212,0.332,0.37084,0.793,0.86464,0.275
4134,,0.38416,0.693,0.2298,0.307,0.33852,0.743,0.79696,0.2
4135,,0.31648,0.643,0.19748,0.282,0.3062,0.693,0.72928,0.125
4136,,0.2488,0.593,0.16516,0.257,0.27388,0.643,0.6616,0.05
4137,,0.18112,0.543,0.13284,0.232,0.24156,0.593,0.59392,-0.025
4138,8,0.19544,0.568,0.18252,0.307,0.32724,0.668,0.64424,1.0
4139,,0.12776,0.518,0.1502,0.282,0.29492,0.618,0.57656,0.925
4140,,0.06008,0.468,0.11788,0.257,0.2626,0.568,0.50888,0.85
4141,,-0.0076,0.418,0.08556,0.232,0.23028,0.518,0.4412,0.775
4142,1,1.0,0.425,0.11824,0.289,0.29796,0.575,0.47352,0.782
4143,,0.93232,0.375,0.08592,0.264,0.26564,0.525,0.40584,0.707
4144,,0.86464,0.325,0.0536,0.239,0.23332,0.475,0.33816,0.632
4145,,0.79696,0.275,0.02128,0.214,0.201,0.425,0.27048,0.557
4146,,0.72928,0.225,-0.01104,0.189,0.16868,0.375,0.2028,0.482
4147,3,0.7266,0.232,1.0,0.246,0.23636,0.432,0.23512,0.489
4148,,0.65892,0.182,0.96768,0.221,0.20404,0.382,0.16744,0.414
4149,,0.59124,0.132,0.93536,0.196,0.17172,0.332,0.09976,0.339
4150,,0.52356,0.082,0.90304,0.171,0.1394,0.282,0.03208,0.264
4151,,0.45588,0.032,0.87072,0.146,0.10708,0.232,-0.0356,0.189
4152,7,0.4882,0.075,0.9384,0.239,0.20976,0.325,1.0,0.232
4153,,0.42052,0.025,0.90608,0.214,0.17744,0.275,0.93232,0.157
4154,,0.35284,-0.025,0.87376,0.189,0.14512,0.225,0.86464,0.082
4155,2,0.34216,1.0,0.89844,0.239,0.2058,0.275,0.88996,0.082
4156,,0.27448,0.95,0.86612,0.214,0.17348,0.225,0.82228,0.007
4157,,0.2068,0.9,0.8338,0.189,0.14116,0.175,0.7546,-0.068
4158,8,0.22112,0.925,0.88348,0.264,0.22684,0.25,0.80492,1.0
4159,,0.15344,0.875,0.85116,0.239,0.19452,0.2,0.73724,0.925
4160,,0.08576,0.825,0.81884,0.214,0.1622,0.15,0.66956,0.85
4161,,0.01808,0.775,0.78652,0.189,0.12988,0.1,0.60188,0.775
4162,,-0.0496,0.725,0.7542,0.164,0.09756,0.05,0.5342,0.7
4163,1,1.0,0.732,0.78688,0.221,0.16524,0.107,0.56652,0.707
4164,,0.93232,0.682,0.75456,0.196,0.13292,0.057,0.49884,0.632
4165,,0.86464,0.632,0.72224,0.171,0.1006,0.007,0.43116,0.557
4166,,0.79696,0.582,0.68992,0.146,0.06828,-0.043,0.36348,0.482
4167,6,0.83628,0.632,0.7646,0.246,-0.16404,1.0,0.4388,0.532
4168,5,0.8686,0.675,0.83228,0.339,1.0,0.75,0.50612,0.575
4169,,0.80092,0.625,0.79996,0.314,0.96768,0.7,0.43844,0.5
4170,,0.73324,0.575,0.76764,0.289,0.93536,0.65,0.37076,0.425
4171,,0.66556,0.525,0.73532,0.264,0.90304,0.6,0.30308,0.35
4172,,0.59788,0.475,0.703,0.239,0.87072,0.55,0.2354,0.275
4173,,0.5302,0.425,0.67068,0.214,0.8384,0.5,0.16772,0.2
4174,,0.46252,0.375,0.63836,0.189,0.80608,0.45,0.10004,0.125
4175,,0.39484,0.325,0.60604,0.164,0.77376,0.4,0.03236,0.05
4176,,0.32716,0.275,0.57372,0.139,0.74144,0.35,-0.03532,-0.025
4177,7,0.35948,0.318,0.6414,0.232,0.84412,0.443,1.0,0.018
4178,,0.2918,0.268,0.60908,0.207,0.8118,0.393,0.93232,-0.057
4179,8,0.30612,0.293,0.65876,0.282,0.89748,0.468,0.98264,1.0
4180,,0.23844,0.243,0.62644,0.257,0.86516,0.418,0.91496,0.925
4181,,0.17076,0.193,0.59412,0.232,0.83284,0.368,0.84728,0.85
4182,,0.10308,0.143,0.5618,0.207,0.80052,0.318,0.7796,0.775
4183,,0.0354,0.093,0.52948,0.182,0.7682,0.268,0.71192,0.7
4184,,-0.03228,0.043,0.49716,0.157,0.73588,0.218,0.64424,0.625
4185,1,1.0,0.05,0.52984,0.214,0.80356,0.275,0.67656,0.632
4186,,0.93232,0.0,0.49752,0.189,0.77124,0.225,0.60888,0.557
4187,,0.86464,-0.05,0.4652,0.164,0.73892,0.175,0.5412,0.482
4188,2,0.85396,1.0,0.48988,0.214,0.7996,0.225,0.56652,0.482
4189,,0.78628,0.95,0.45756,0.189,0.76728,0.175,0.49884,0.407
4190,,0.7186,0.9,0.42524,0.164,0.73496,0.125,0.43116,0.332
4191,,0.65092,0.85,0.39292,0.139,0.70264,0.075,0.36348,0.257
4192,,0.58324,0.8,0.3606,0.114,0.67032,0.025,0.2958,0.182
4193,,0.51556,0.75,0.32828,0.089,0.638,-0.025,0.22812,0.107
4194,6,0.55488,0.8,0.40296,0.189,0.40568,1.0,0.30344,0.157
4195,,0.4872,0.75,0.37064,0.164,0.37336,0.95,0.23576,0.082
4196,,0.41952,0.7,0.33832,0.139,0.34104,0.9,0.16808,0.007
4197,,0.35184,0.65,0.306,0.114,0.30872,0.85,0.1004,-0.068
4198,8,0.36616,0.675,0.35568,0.189,0.3944,0.925,0.15072,1.0
4199,,0.29848,0.625,0.32336,0.164,0.36208,0.875,0.08304,0.925
4200,,0.2308,0.575,0.29104,0.139,0.32976,0.825,0.01536,0.85
4201,,0.16312,0.525,0.25872,0.114,0.29744,0.775,-0.05232,0.775
4202,7,0.19544,0.568,0.3264,0.207,0.40012,0.868,1.0,0.818
4203,,0.12776,0.518,0.29408,0.182,0.3678,0.818,0.93232,0.743
4204,,0.06008,0.468,0.26176,0.157,0.33548,0.768,0.86464,0.668
4205,,-0.0076,0.418,0.22944,0.132,0.30316,0.718,0.79696,0.593
4206,1,1.0,0.425,0.26212,0.189,0.37084,0.775,0.82928,0.6
4207,,0.93232,0.375,0.2298,0.164,0.33852,0.725,0.7616,0.525
4208,,0.86464,0.325,0.19748,0.139,0.3062,0.675,0.69392,0.45
4209,,0.79696,0.275,0.16516,0.114,0.27388,0.625,0.62624,0.375
4210,,0.72928,0.225,0.13284,0.089,0.24156,0.575,0.55856,0.3
4211,,0.6616,0.175,0.10052,0.064,0.20924,0.525,0.49088,0.225
4212,,0.59392,0.125,0.0682,0.039,0.17692,0.475,0.4232,0.15
4213,,0.52624,0.075,0.03588,0.014,0.1446,0.425,0.35552,0.075
4214,,0.45856,0.025,0.00356,-0.011,0.11228,0.375,0.28784,-0.0
4215,4,0.47288,0.05,0.05324,1.0,0.19796,0.45,0.33816,0.025
4216,,0.4052,0.0,0.02092,0.975,0.16564,0.4,0.27048,-0.05
4217,8,0.41952,0.025,0.0706,1.0,0.25132,0.475,0.3208,1.0
4218,,0.35184,-0.025,0.03828,0.975,0.219,0.425,0.25312,0.925
4219,2,0.34116,1.0,0.06296,1.0,0.27968,0.475,0.27844,0.925
4220,,0.27348,0.95,0.03064,0.975,0.24736,0.425,0.21076,0.85
4221,,0.2058,0.9,-0.00168,0.95,0.21504,0.375,0.14308,0.775
4222,3,0.20312,0.907,1.0,1.0,0.28272,0.432,0.1754,0.782
4223,,0.13544,0.857,0.96768,0.975,0.2504,0.382,0.10772,0.707
4224,,0.06776,0.807,0.93536,0.95,0.21808,0.332,0.04004,0.632
4225,,8e-05,0.757,0.90304,0.925,0.18576,0.282,-0.02764,0.557
4226,7,0.0324,0.8,0.97072,1.0,0.28844,0.375,1.0,0.6
4227,,-0.03528,0.75,0.9384,0.975,0.25612,0.325,0.93232,0.525
4228,1,1.0,0.757,0.97108,1.0,0.3238,0.382,0.96464,0.532
4229,,0.93232,0.707,0.93876,0.975,0.29148,0.332,0.89696,0.457
4230,,0.86464,0.657,0.90644,0.95,0.25916,0.282,0.82928,0.382
4231,,0.79696,0.607,0.87412,0.925,0.22684,0.232,0.7616,0.307
4232,,0.72928,0.557,0.8418,0.9,0.19452,0.182,0.69392,0.232
4233,,0.6616,0.507,0.80948,0.875,0.1622,0.132,0.62624,0.157
4234,,0.59392,0.457,0.77716,0.85,0.12988,0.082,0.55856,0.082
4235,,0.52624,0.407,0.74484,0.825,0.09756,0.032,0.49088,0.007
4236,,0.45856,0.357,0.71252,0.8,0.06524,-0.018,0.4232,-0.068
4237,8,0.47288,0.382,0.7622,0.875,0.15092,0.057,0.47352,1.0
4238,,0.4052,0.332,0.72988,0.85,0.1186,0.007,0.40584,0.925
4239,,0.33752,0.282,0.69756,0.825,0.08628,-0.043,0.33816,0.85
4240,6,0.37684,0.332,0.77224,0.925,-0.14604,1.0,0.41348,0.9
4241,5,0.40916,0.375,0.83992,1.0,1.0,0.75,0.4808,0.943
4242,,0.34148,0.325,0.8076,0.975,0.96768,0.7,0.41312,0.868
4243,,0.2738,0.275,0.77528,0.95,0.93536,0.65,0.34544,0.793
4244,,0.20612,0.225,0.74296,0.925,0.90304,0.6,0.27776,0.718
4245,,0.13844,0.175,0.71064,0.9,0.87072,0.55,0.21008,0.643
4246,,0.07076,0.125,0.67832,0.875,0.8384,0.5,0.1424,0.568
4247,,0.00308,0.075,0.646,0.85,0.80608,0.45,0.07472,0.493
4248,,-0.0646,0.025,0.61368,0.825,0.77376,0.4,0.00704,0.418
4249,1,1.0,0.032,0.64636,0.882,0.84144,0.457,0.03936,0.425
4250,,0.93232,-0.018,0.61404,0.857,0.80912,0.407,-0.02832,0.35
4251,7,0.96464,0.025,0.68172,0.95,0.9118,0.5,1.0,0.393
4252,,0.89696,-0.025,0.6494,0.925,0.87948,0.45,0.93232,0.318
4253,2,0.88628,1.0,0.67408,0.975,0.94016,0.5,0.95764,0.318
4254,,0.8186,0.95,0.64176,0.95,0.90784,0.45,0.88996,0.243
4255,,0.75092,0.9,0.60944,0.925,0.87552,0.4,0.82228,0.168
4256,,0.68324,0.85,0.57712,0.9,0.8432,0.35,0.7546,0.093
4257,,0.61556,0.8,0.5448,0.875,0.81088,0.3,0.68692,0.018
4258,,0.54788,0.75,0.51248,0.85,0.77856,0.25,0.61924,-0.057
4259,8,0.5622,0.775,0.56216,0.925,0.86424,0.325,0.66956,1.0
4260,,0.49452,0.725,0.52984,0.9,0.83192,0.275,0.60188,0.925
4261,,0.42684,0.675,0.49752,0.875,0.7996,0.225,0.5342,0.85
4262,,0.35916,0.625,0.4652,0.85,0.76728,0.175,0.46652,0.775
4263,,0.29148,0.575,0.43288,0.825,0.73496,0.125,0.39884,0.7
4264,,0.2238,0.525,0.40056,0.8,0.70264,0.075,0.33116,0.625
4265,,0.15612,0.475,0.36824,0.775,0.67032,0.025,0.26348,0.55
4266,,0.08844,0.425,0.33592,0.75,0.638,-0.025,0.1958,0.475
4267,6,0.12776,0.475,0.4106,0.85,0.40568,1.0,0.27112,0.525
4268,,0.06008,0.425,0.37828,0.825,0.37336,0.95,0.20344,0.45
4269,,-0.0076,0.375,0.34596,0.8,0.34104,0.9,0.13576,0.375
4270,1,1.0,0.382,0.37864,0.857,0.40872,0.957,0.16808,0.382
4271,,0.93232,0.332,0.34632,0.832,0.3764,0.907,0.1004,0.307
4272,,0.86464,0.282,0.314,0.807,0.34408,0.857,0.03272,0.232
4273,,0.79696,0.232,0.28168,0.782,0.31176,0.807,-0.03496,0.157
4274,7,0.82928,0.275,0.34936,0.875,0.41444,0.9,1.0,0.2
4275,,0.7616,0.225,0.31704,0.85,0.38212,0.85,0.93232,0.125
4276,,0.69392,0.175,0.28472,0.825,0.3498,0.8,0.86464,0.05
4277,,0.62624,0.125,0.2524,0.8,0.31748,0.75,0.79696,-0.025
4278,8,0.64056,0.15,0.30208,0.875,0.40316,0.825,0.84728,1.0
4279,,0.57288,0.1,0.26976,0.85,0.37084,0.775,0.7796,0.925
4280,,0.5052,0.05,0.23744,0.825,0.33852,0.725,0.71192,0.85
4281,,0.43752,0.0,0.20512,0.8,0.3062,0.675,0.64424,0.775
4282,,0.36984,-0.05,0.1728,0.775,0.27388,0.625,0.57656,0.7
4283,2,0.35916,1.0,0.19748,0.825,0.33456,0.675,0.60188,0.7
4284,,0.29148,0.95,0.16516,0.8,0.30224,0.625,0.5342,0.625
4285,,0.2238,0.9,0.13284,0.775,0.26992,0.575,0.46652,0.55
4286,,0.15612,0.85,0.10052,0.75,0.2376,0.525,0.39884,0.475
4287,,0.08844,0.8,0.0682,0.725,0.20528,0.475,0.33116,0.4
4288,,0.02076,0.75,0.03588,0.7,0.17296,0.425,0.26348,0.325
4289,,-0.04692,0.7,0.00356,0.675,0.14064,0.375,0.1958,0.25
4290,1,1.0,0.707,0.03624,0.732,0.20832,0.432,0.22812,0.257
4291,,0.93232,0.657,0.00392,0.707,0.176,0.382,0.16044,0.182
4292,,0.86464,0.607,-0.0284,0.682,0.14368,0.332,0.09276,0.107
4293,3,0.86196,0.614,1.0,0.739,0.21136,0.389,0.12508,0.114
4294,,0.79428,0.564,0.96768,0.714,0.17904,0.339,0.0574,0.039
4295,,0.7266,0.514,0.93536,0.689,0.14672,0.289,-0.01028,-0.036
4296,8,0.74092,0.539,0.98504,0.764,0.2324,0.364,0.04004,1.0
4297,,0.67324,0.489,0.95272,0.739,0.20008,0.314,-0.02764,0.925
4298,7,0.70556,0.532,1.0,0.832,0.30276,0.407,1.0,0.968
4299,,0.63788,0.482,0.96768,0.807,0.27044,0.357,0.93232,0.893
4300,,0.5702,0.432,0.93536,0.782,0.23812,0.307,0.86464,0.818
4301,,0.50252,0.382,0.90304,0.757,0.2058,0.257,0.79696,0.743
4302,,0.43484,0.332,0.87072,0.732,0.17348,0.207,0.72928,0.668
4303,,0.36716,0.282,0.8384,0.707,0.14116,0.157,0.6616,0.593
4304,,0.29948,0.232,0.80608,0.682,0.10884,0.107,0.59392,0.518
4305,,0.2318,0.182,0.77376,0.657,0.07652,0.057,0.52624,0.443
4306,,0.16412,0.132,0.74144,0.632,0.0442,0.007,0.45856,0.368
4307,,0.09644,0.082,0.70912,0.607,0.01188,-0.043,0.39088,0.293
4308,6,0.13576,0.132,0.7838,0.707,-0.22044,1.0,0.4662,0.343
4309,5,0.16808,0.175,0.85148,0.8,1.0,0.75,0.53352,0.386
4310,,0.1004,0.125,0.81916,0.775,0.96768,0.7,0.46584,0.311
4311,,0.03272,0.075,0.78684,0.75,0.93536,0.65,0.39816,0.236
4312,,-0.03496,0.025,0.75452,0.725,0.90304,0.6,0.33048,0.161
4313,1,1.0,0.032,0.7872,0.782,0.97072,0.657,0.3628,0.168
4314,,0.93232,-0.018,0.75488,0.757,0.9384,0.607,0.29512,0.093
4315,2,0.92164,1.0,0.77956,0.807,0.99908,0.657,0.32044,0.093
4316,,0.85396,0.95,0.74724,0.782,0.96676,0.607,0.25276,0.018
4317,,0.78628,0.9,0.71492,0.757,0.93444,0.557,0.18508,-0.057
4318,8,0.8006,0.925,0.7646,0.832,1.0,0.632,0.2354,1.0
4319,,0.73292,0.875,0.73228,0.807,0.96768,0.582,0.16772,0.925
4320,,0.66524,0.825,0.69996,0.782,0.93536,0.532,0.10004,0.85
4321,,0.59756,0.775,0.66764,0.757,0.90304,0.482,0.03236,0.775
4322,,0.52988,0.725,0.63532,0.732,0.87072,0.432,-0.03532,0.7
4323,7,0.5622,0.768,0.703,0.825,0.9734,0.525,1.0,0.743
