step,active_motive,motive_1,motive_2,motive_3,motive_4,motive_5,motive_6,motive_7,motive_8
0,,0.04145,0.26419,0.21817,0.40105,0.48895,0.278,0.16134,0.0217
1,,-0.45855,-0.23581,-0.28183,-0.09895,-0.01105,-0.222,-0.33866,-0.4783
2,8,-0.95855,-0.73581,-0.78183,-0.59895,-0.51105,-0.722,-0.83866,0.5217
3,8,-1.0,-1.0,-1.0,-1.0,-1.0,-1.0,-1.0,1.0
4,5,-1.0,-1.0,-1.0,-1.0,0.0,-1.0,-1.0,0.5
5,5,-1.0,-1.0,-1.0,-1.0,1.0,-1.0,-1.0,0.0
6,3,-1.0,-1.0,0.0,-1.0,0.5,-1.0,-1.0,-0.5
7,3,-1.0,-1.0,1.0,-1.0,0.0,-1.0,-1.0,-1.0
8,6,-1.0,-1.0,0.5,-1.0,-0.5,0.0,-1.0,-1.0
9,6,-1.0,-1.0,0.0,-1.0,-1.0,1.0,-1.0,-1.0
10,7,-1.0,-1.0,-0.5,-1.0,-1.0,0.5,0.0,-1.0
11,7,-1.0,-1.0,-1.0,-1.0,-1.0,0.0,1.0,-1.0
12,4,-1.0,-1.0,-1.0,0.0,-1.0,-0.5,0.5,-1.0
13,4,-1.0,-1.0,-1.0,1.0,-1.0,-1.0,0.0,-1.0
14,3,-1.0,-1.0,0.0,0.5,-1.0,-1.0,-0.5,-1.0
15,3,-1.0,-1.0,1.0,0.0,-1.0,-1.0,-1.0,-1.0
16,5,-1.0,-1.0,0.5,-0.5,0.0,-1.0,-1.0,-1.0
17,5,-1.0,-1.0,0.0,-1.0,1.0,-1.0,-1.0,-1.0
18,6,-1.0,-1.0,-0.5,-1.0,0.5,0.0,-1.0,-1.0
19,6,-1.0,-1.0,-1.0,-1.0,0.0,1.0,-1.0,-1.0
20,1,0.0,-1.0,-1.0,-1.0,-0.5,0.5,-1.0,-1.0
21,1,1.0,-1.0,-1.0,-1.0,-1.0,0.0,-1.0,-1.0
22,3,0.5,-1.0,0.0,-1.0,-1.0,-0.5,-1.0,-1.0
23,3,0.0,-1.0,1.0,-1.0,-1.0,-1.0,-1.0,-1.0
24,2,-0.5,0.0,0.5,-1.0,-1.0,-1.0,-1.0,-1.0
25,2,-1.0,1.0,0.0,-1.0,-1.0,-1.0,-1.0,-1.0
26,1,0.0,0.5,-0.5,-1.0,-1.0,-1.0,-1.0,-1.0
27,1,1.0,0.0,-1.0,-1.0,-1.0,-1.0,-1.0,-1.0
28,8,0.5,-0.5,-1.0,-1.0,-1.0,-1.0,-1.0,0.0
29,8,0.0,-1.0,-1.0,-1.0,-1.0,-1.0,-1.0,1.0
30,2,-0.5,0.0,-1.0,-1.0,-1.0,-1.0,-1.0,0.5
31,2,-1.0,1.0,-1.0,-1.0,-1.0,-1.0,-1.0,0.0
32,6,-1.0,0.5,-1.0,-1.0,-1.0,0.0,-1.0,-0.5
33,6,-1.0,0.0,-1.0,-1.0,-1.0,1.0,-1.0,-1.0
34,8,-1.0,-0.5,-1.0,-1.0,-1.0,0.5,-1.0,0.0
35,8,-1.0,-1.0,-1.0,-1.0,-1.0,0.0,-1.0,1.0
36,7,-1.0,-1.0,-1.0,-1.0,-1.0,-0.5,0.0,0.5
37,7,-1.0,-1.0,-1.0,-1.0,-1.0,-1.0,1.0,0.0
38,3,-1.0,-1.0,0.0,-1.0,-1.0,-1.0,0.5,-0.5
39,3,-1.0,-1.0,1.0,-1.0,-1.0,-1.0,0.0,-1.0
40,1,0.0,-1.0,0.5,-1.0,-1.0,-1.0,-0.5,-1.0
41,1,1.0,-1.0,0.0,-1.0,-1.0,-1.0,-1.0,-1.0
42,5,0.5,-1.0,-0.5,-1.0,0.0,-1.0,-1.0,-1.0
43,5,0.0,-1.0,-1.0,-1.0,1.0,-1.0,-1.0,-1.0
44,6,-0.5,-1.0,-1.0,-1.0,0.5,0.0,-1.0,-1.0
45,6,-1.0,-1.0,-1.0,-1.0,0.0,1.0,-1.0,-1.0
46,2,-1.0,0.0,-1.0,-1.0,-0.5,0.5,-1.0,-1.0
47,2,-1.0,1.0,-1.0,-1.0,-1.0,0.0,-1.0,-1.0
48,8,-1.0,0.5,-1.0,-1.0,-1.0,-0.5,-1.0,0.0
49,8,-1.0,0.0,-1.0,-1.0,-1.0,-1.0,-1.0,1.0
