step,active_motive,motive_1,motive_2,motive_3,motive_4,motive_5,motive_6,motive_7,motive_8
0,,-0.25092,0.90143,0.46399,0.19732,-0.68796,-0.68801,-0.88383,0.73235
1,7,-0.23324,0.92643,0.48167,0.19732,-0.70564,-0.71301,1.0,0.73235
2,6,-0.21556,0.95143,0.49935,0.19732,-0.97332,1.0,0.98232,0.73235
3,5,-0.19788,0.97643,0.51703,0.19732,1.0,0.725,0.96464,0.73235
4,1,1.0,1.0,0.53471,0.19732,0.98232,0.7,0.94696,0.73235
5,,0.96768,0.975,0.50239,0.14732,0.91464,0.625,0.87928,0.68235
6,,0.93536,0.95,0.47007,0.09732,0.84696,0.55,0.8116,0.63235
7,,0.90304,0.925,0.43775,0.04732,0.77928,0.475,0.74392,0.58235
8,,0.87072,0.9,0.40543,-0.00268,0.7116,0.4,0.67624,0.53235
9,4,0.8884,0.925,0.42311,1.0,0.69392,0.375,0.65856,0.53235
10,,0.85608,0.9,0.39079,0.95,0.62624,0.3,0.59088,0.48235
11,,0.82376,0.875,0.35847,0.9,0.55856,0.225,0.5232,0.43235
12,,0.79144,0.85,0.32615,0.85,0.49088,0.15,0.45552,0.38235
13,,0.75912,0.825,0.29383,0.8,0.4232,0.075,0.38784,0.33235
14,,0.7268,0.8,0.26151,0.75,0.35552,-0.0,0.32016,0.28235
15,,0.69448,0.775,0.22919,0.7,0.28784,-0.075,0.25248,0.23235
16,6,0.71216,0.8,0.24687,0.7,0.02016,1.0,0.2348,0.23235
17,,0.67984,0.775,0.21455,0.65,-0.04752,0.925,0.16712,0.18235
18,5,0.69752,0.8,0.23223,0.65,1.0,0.65,0.14944,0.18235
19,,0.6652,0.775,0.19991,0.6,0.93232,0.575,0.08176,0.13235
20,,0.63288,0.75,0.16759,0.55,0.86464,0.5,0.01408,0.08235
21,,0.60056,0.725,0.13527,0.5,0.79696,0.425,-0.0536,0.03235
22,7,0.61824,0.75,0.15295,0.5,0.77928,0.4,1.0,0.03235
23,,0.58592,0.725,0.12063,0.45,0.7116,0.325,0.93232,-0.01765
24,8,0.6036,0.75,0.13831,0.45,0.69392,0.3,0.91464,1.0
25,,0.57128,0.725,0.10599,0.4,0.62624,0.225,0.84696,0.95
26,,0.53896,0.7,0.07367,0.35,0.55856,0.15,0.77928,0.9
27,,0.50664,0.675,0.04135,0.3,0.49088,0.075,0.7116,0.85
28,,0.47432,0.65,0.00903,0.25,0.4232,-0.0,0.64392,0.8
29,,0.442,0.625,-0.02329,0.2,0.35552,-0.075,0.57624,0.75
30,6,0.45968,0.65,-0.00561,0.2,0.08784,1.0,0.55856,0.75
31,3,0.47736,0.675,1.0,0.2,0.07016,0.975,0.54088,0.75
32,,0.44504,0.65,0.96768,0.15,0.00248,0.9,0.4732,0.7
33,,0.41272,0.625,0.93536,0.1,-0.0652,0.825,0.40552,0.65
34,5,0.4304,0.65,0.95304,0.1,1.0,0.55,0.38784,0.65
35,,0.39808,0.625,0.92072,0.05,0.93232,0.475,0.32016,0.6
36,,0.36576,0.6,0.8884,0.0,0.86464,0.4,0.25248,0.55
37,,0.33344,0.575,0.85608,-0.05,0.79696,0.325,0.1848,0.5
38,4,0.35112,0.6,0.87376,1.0,0.77928,0.3,0.16712,0.5
39,,0.3188,0.575,0.84144,0.95,0.7116,0.225,0.09944,0.45
40,,0.28648,0.55,0.80912,0.9,0.64392,0.15,0.03176,0.4
41,,0.25416,0.525,0.7768,0.85,0.57624,0.075,-0.03592,0.35
42,7,0.27184,0.55,0.79448,0.85,0.55856,0.05,1.0,0.35
43,,0.23952,0.525,0.76216,0.8,0.49088,-0.025,0.93232,0.3
44,6,0.2572,0.55,0.77984,0.8,0.2232,1.0,0.91464,0.3
45,,0.22488,0.525,0.74752,0.75,0.15552,0.925,0.84696,0.25
46,,0.19256,0.5,0.7152,0.7,0.08784,0.85,0.77928,0.2
47,,0.16024,0.475,0.68288,0.65,0.02016,0.775,0.7116,0.15
48,,0.12792,0.45,0.65056,0.6,-0.04752,0.7,0.64392,0.1
49,5,0.1456,0.475,0.66824,0.6,1.0,0.425,0.62624,0.1
50,,0.11328,0.45,0.63592,0.55,0.93232,0.35,0.55856,0.05
51,,0.08096,0.425,0.6036,0.5,0.86464,0.275,0.49088,0.0
52,,0.04864,0.4,0.57128,0.45,0.79696,0.2,0.4232,-0.05
53,8,0.06632,0.425,0.58896,0.45,0.77928,0.175,0.40552,1.0
54,,0.034,0.4,0.55664,0.4,0.7116,0.1,0.33784,0.95
55,,0.00168,0.375,0.52432,0.35,0.64392,0.025,0.27016,0.9
56,,-0.03064,0.35,0.492,0.3,0.57624,-0.05,0.20248,0.85
57,6,-0.01296,0.375,0.50968,0.3,0.30856,1.0,0.1848,0.85
58,1,1.0,0.4,0.52736,0.3,0.29088,0.975,0.16712,0.85
59,,0.96768,0.375,0.49504,0.25,0.2232,0.9,0.09944,0.8
60,,0.93536,0.35,0.46272,0.2,0.15552,0.825,0.03176,0.75
61,,0.90304,0.325,0.4304,0.15,0.08784,0.75,-0.03592,0.7
62,7,0.92072,0.35,0.44808,0.15,0.07016,0.725,1.0,0.7
63,,0.8884,0.325,0.41576,0.1,0.00248,0.65,0.93232,0.65
64,,0.85608,0.3,0.38344,0.05,-0.0652,0.575,0.86464,0.6
65,5,0.87376,0.325,0.40112,0.05,1.0,0.3,0.84696,0.6
66,,0.84144,0.3,0.3688,0.0,0.93232,0.225,0.77928,0.55
67,,0.80912,0.275,0.33648,-0.05,0.86464,0.15,0.7116,0.5
68,4,0.8268,0.3,0.35416,1.0,0.84696,0.125,0.69392,0.5
69,,0.79448,0.275,0.32184,0.95,0.77928,0.05,0.62624,0.45
70,,0.76216,0.25,0.28952,0.9,0.7116,-0.025,0.55856,0.4
71,6,0.77984,0.275,0.3072,0.9,0.44392,1.0,0.54088,0.4
72,,0.74752,0.25,0.27488,0.85,0.37624,0.925,0.4732,0.35
73,,0.7152,0.225,0.24256,0.8,0.30856,0.85,0.40552,0.3
74,,0.68288,0.2,0.21024,0.75,0.24088,0.775,0.33784,0.25
75,,0.65056,0.175,0.17792,0.7,0.1732,0.7,0.27016,0.2
76,,0.61824,0.15,0.1456,0.65,0.10552,0.625,0.20248,0.15
77,,0.58592,0.125,0.11328,0.6,0.03784,0.55,0.1348,0.1
78,,0.5536,0.1,0.08096,0.55,-0.02984,0.475,0.06712,0.05
79,5,0.57128,0.125,0.09864,0.55,1.0,0.2,0.04944,0.05
80,,0.53896,0.1,0.06632,0.5,0.93232,0.125,-0.01824,0.0
81,7,0.55664,0.125,0.084,0.5,0.91464,0.1,1.0,0.0
82,,0.52432,0.1,0.05168,0.45,0.84696,0.025,0.93232,-0.05
83,8,0.542,0.125,0.06936,0.45,0.82928,0.0,0.91464,1.0
84,,0.50968,0.1,0.03704,0.4,0.7616,-0.075,0.84696,0.95
85,6,0.52736,0.125,0.05472,0.4,0.49392,1.0,0.82928,0.95
86,,0.49504,0.1,0.0224,0.35,0.42624,0.925,0.7616,0.9
87,,0.46272,0.075,-0.00992,0.3,0.35856,0.85,0.69392,0.85
88,3,0.4804,0.1,1.0,0.3,0.34088,0.825,0.67624,0.85
89,,0.44808,0.075,0.96768,0.25,0.2732,0.75,0.60856,0.8
90,,0.41576,0.05,0.93536,0.2,0.20552,0.675,0.54088,0.75
91,,0.38344,0.025,0.90304,0.15,0.13784,0.6,0.4732,0.7
92,,0.35112,0.0,0.87072,0.1,0.07016,0.525,0.40552,0.65
93,,0.3188,-0.025,0.8384,0.05,0.00248,0.45,0.33784,0.6
94,2,0.33648,1.0,0.85608,0.05,-0.0152,0.425,0.32016,0.6
95,5,0.35416,1.0,0.87376,0.05,1.0,0.15,0.30248,0.6
96,,0.32184,0.975,0.84144,0.0,0.93232,0.075,0.2348,0.55
97,,0.28952,0.95,0.80912,-0.05,0.86464,-0.0,0.16712,0.5
98,4,0.3072,0.975,0.8268,1.0,0.84696,-0.025,0.14944,0.5
99,6,0.32488,1.0,0.84448,1.0,0.57928,1.0,0.13176,0.5
100,,0.29256,0.975,0.81216,0.95,0.5116,0.925,0.06408,0.45
101,,0.26024,0.95,0.77984,0.9,0.44392,0.85,-0.0036,0.4
102,7,0.27792,0.975,0.79752,0.9,0.42624,0.825,1.0,0.4
103,,0.2456,0.95,0.7652,0.85,0.35856,0.75,0.93232,0.35
104,,0.21328,0.925,0.73288,0.8,0.29088,0.675,0.86464,0.3
105,,0.18096,0.9,0.70056,0.75,0.2232,0.6,0.79696,0.25
106,,0.14864,0.875,0.66824,0.7,0.15552,0.525,0.72928,0.2
107,,0.11632,0.85,0.63592,0.65,0.08784,0.45,0.6616,0.15
108,,0.084,0.825,0.6036,0.6,0.02016,0.375,0.59392,0.1
109,,0.05168,0.8,0.57128,0.55,-0.04752,0.3,0.52624,0.05
110,5,0.06936,0.825,0.58896,0.55,1.0,0.025,0.50856,0.05
111,,0.03704,0.8,0.55664,0.5,0.93232,-0.05,0.44088,0.0
112,6,0.05472,0.825,0.57432,0.5,0.66464,1.0,0.4232,0.0
113,,0.0224,0.8,0.542,0.45,0.59696,0.925,0.35552,-0.05
114,8,0.04008,0.825,0.55968,0.45,0.57928,0.9,0.33784,1.0
115,,0.00776,0.8,0.52736,0.4,0.5116,0.825,0.27016,0.95
116,,-0.02456,0.775,0.49504,0.35,0.44392,0.75,0.20248,0.9
117,1,1.0,0.8,0.51272,0.35,0.42624,0.725,0.1848,0.9
118,,0.96768,0.775,0.4804,0.3,0.35856,0.65,0.11712,0.85
119,,0.93536,0.75,0.44808,0.25,0.29088,0.575,0.04944,0.8
120,,0.90304,0.725,0.41576,0.2,0.2232,0.5,-0.01824,0.75
121,7,0.92072,0.75,0.43344,0.2,0.20552,0.475,1.0,0.75
122,,0.8884,0.725,0.40112,0.15,0.13784,0.4,0.93232,0.7
123,,0.85608,0.7,0.3688,0.1,0.07016,0.325,0.86464,0.65
124,,0.82376,0.675,0.33648,0.05,0.00248,0.25,0.79696,0.6
125,,0.79144,0.65,0.30416,0.0,-0.0652,0.175,0.72928,0.55
126,5,0.80912,0.675,0.32184,0.0,1.0,-0.1,0.7116,0.55
127,6,0.8268,0.7,0.33952,0.0,0.73232,1.0,0.69392,0.55
128,,0.79448,0.675,0.3072,-0.05,0.66464,0.925,0.62624,0.5
129,4,0.81216,0.7,0.32488,1.0,0.64696,0.9,0.60856,0.5
130,,0.77984,0.675,0.29256,0.95,0.57928,0.825,0.54088,0.45
131,,0.74752,0.65,0.26024,0.9,0.5116,0.75,0.4732,0.4
132,,0.7152,0.625,0.22792,0.85,0.44392,0.675,0.40552,0.35
133,,0.68288,0.6,0.1956,0.8,0.37624,0.6,0.33784,0.3
134,,0.65056,0.575,0.16328,0.75,0.30856,0.525,0.27016,0.25
135,,0.61824,0.55,0.13096,0.7,0.24088,0.45,0.20248,0.2
136,,0.58592,0.525,0.09864,0.65,0.1732,0.375,0.1348,0.15
137,,0.5536,0.5,0.06632,0.6,0.10552,0.3,0.06712,0.1
138,,0.52128,0.475,0.034,0.55,0.03784,0.225,-0.00056,0.05
139,7,0.53896,0.5,0.05168,0.55,0.02016,0.2,1.0,0.05
140,,0.50664,0.475,0.01936,0.5,-0.04752,0.125,0.93232,0.0
141,5,0.52432,0.5,0.03704,0.5,1.0,-0.15,0.91464,0.0
142,6,0.542,0.525,0.05472,0.5,0.73232,1.0,0.89696,0.0
143,,0.50968,0.5,0.0224,0.45,0.66464,0.925,0.82928,-0.05
144,8,0.52736,0.525,0.04008,0.45,0.64696,0.9,0.8116,1.0
145,,0.49504,0.5,0.00776,0.4,0.57928,0.825,0.74392,0.95
146,,0.46272,0.475,-0.02456,0.35,0.5116,0.75,0.67624,0.9
147,3,0.4804,0.5,1.0,0.35,0.49392,0.725,0.65856,0.9
148,,0.44808,0.475,0.96768,0.3,0.42624,0.65,0.59088,0.85
149,,0.41576,0.45,0.93536,0.25,0.35856,0.575,0.5232,0.8
150,,0.38344,0.425,0.90304,0.2,0.29088,0.5,0.45552,0.75
151,,0.35112,0.4,0.87072,0.15,0.2232,0.425,0.38784,0.7
152,,0.3188,0.375,0.8384,0.1,0.15552,0.35,0.32016,0.65
153,,0.28648,0.35,0.80608,0.05,0.08784,0.275,0.25248,0.6
154,,0.25416,0.325,0.77376,0.0,0.02016,0.2,0.1848,0.55
155,,0.22184,0.3,0.74144,-0.05,-0.04752,0.125,0.11712,0.5
156,4,0.23952,0.325,0.75912,1.0,-0.0652,0.1,0.09944,0.5
157,5,0.2572,0.35,0.7768,1.0,1.0,-0.175,0.08176,0.5
158,6,0.27488,0.375,0.79448,1.0,0.73232,1.0,0.06408,0.5
159,,0.24256,0.35,0.76216,0.95,0.66464,0.925,-0.0036,0.45
160,7,0.26024,0.375,0.77984,0.95,0.64696,0.9,1.0,0.45
161,,0.22792,0.35,0.74752,0.9,0.57928,0.825,0.93232,0.4
162,,0.1956,0.325,0.7152,0.85,0.5116,0.75,0.86464,0.35
163,,0.16328,0.3,0.68288,0.8,0.44392,0.675,0.79696,0.3
164,,0.13096,0.275,0.65056,0.75,0.37624,0.6,0.72928,0.25
165,,0.09864,0.25,0.61824,0.7,0.30856,0.525,0.6616,0.2
166,,0.06632,0.225,0.58592,0.65,0.24088,0.45,0.59392,0.15
167,,0.034,0.2,0.5536,0.6,0.1732,0.375,0.52624,0.1
168,,0.00168,0.175,0.52128,0.55,0.10552,0.3,0.45856,0.05
169,,-0.03064,0.15,0.48896,0.5,0.03784,0.225,0.39088,0.0
170,1,1.0,0.175,0.50664,0.5,0.02016,0.2,0.3732,0.0
171,,0.96768,0.15,0.47432,0.45,-0.04752,0.125,0.30552,-0.05
172,8,0.98536,0.175,0.492,0.45,-0.0652,0.1,0.28784,1.0
173,5,1.0,0.2,0.50968,0.45,1.0,-0.175,0.27016,1.0
174,6,1.0,0.225,0.52736,0.45,0.73232,1.0,0.25248,1.0
175,,0.96768,0.2,0.49504,0.4,0.66464,0.925,0.1848,0.95
176,,0.93536,0.175,0.46272,0.35,0.59696,0.85,0.11712,0.9
177,,0.90304,0.15,0.4304,0.3,0.52928,0.775,0.04944,0.85
178,,0.87072,0.125,0.39808,0.25,0.4616,0.7,-0.01824,0.8
179,7,0.8884,0.15,0.41576,0.25,0.44392,0.675,1.0,0.8
180,,0.85608,0.125,0.38344,0.2,0.37624,0.6,0.93232,0.75
181,,0.82376,0.1,0.35112,0.15,0.30856,0.525,0.86464,0.7
182,,0.79144,0.075,0.3188,0.1,0.24088,0.45,0.79696,0.65
183,,0.75912,0.05,0.28648,0.05,0.1732,0.375,0.72928,0.6
184,,0.7268,0.025,0.25416,0.0,0.10552,0.3,0.6616,0.55
185,,0.69448,0.0,0.22184,-0.05,0.03784,0.225,0.59392,0.5
186,4,0.71216,0.025,0.23952,1.0,0.02016,0.2,0.57624,0.5
187,,0.67984,0.0,0.2072,0.95,-0.04752,0.125,0.50856,0.45
188,5,0.69752,0.025,0.22488,0.95,1.0,-0.15,0.49088,0.45
189,6,0.7152,0.05,0.24256,0.95,0.73232,1.0,0.4732,0.45
190,,0.68288,0.025,0.21024,0.9,0.66464,0.925,0.40552,0.4
191,,0.65056,0.0,0.17792,0.85,0.59696,0.85,0.33784,0.35
192,,0.61824,-0.025,0.1456,0.8,0.52928,0.775,0.27016,0.3
193,2,0.63592,1.0,0.16328,0.8,0.5116,0.75,0.25248,0.3
194,,0.6036,0.975,0.13096,0.75,0.44392,0.675,0.1848,0.25
195,,0.57128,0.95,0.09864,0.7,0.37624,0.6,0.11712,0.2
196,,0.53896,0.925,0.06632,0.65,0.30856,0.525,0.04944,0.15
197,,0.50664,0.9,0.034,0.6,0.24088,0.45,-0.01824,0.1
198,7,0.52432,0.925,0.05168,0.6,0.2232,0.425,1.0,0.1
199,,0.492,0.9,0.01936,0.55,0.15552,0.35,0.93232,0.05
200,,0.45968,0.875,-0.01296,0.5,0.08784,0.275,0.86464,0.0
201,3,0.47736,0.9,1.0,0.5,0.07016,0.25,0.84696,0.0
202,,0.44504,0.875,0.96768,0.45,0.00248,0.175,0.77928,-0.05
203,8,0.46272,0.9,0.98536,0.45,-0.0152,0.15,0.7616,1.0
204,5,0.4804,0.925,1.0,0.45,1.0,-0.125,0.74392,1.0
205,6,0.49808,0.95,1.0,0.45,0.73232,1.0,0.72624,1.0
206,,0.46576,0.925,0.96768,0.4,0.66464,0.925,0.65856,0.95
207,,0.43344,0.9,0.93536,0.35,0.59696,0.85,0.59088,0.9
208,,0.40112,0.875,0.90304,0.3,0.52928,0.775,0.5232,0.85
209,,0.3688,0.85,0.87072,0.25,0.4616,0.7,0.45552,0.8
210,,0.33648,0.825,0.8384,0.2,0.39392,0.625,0.38784,0.75
211,,0.30416,0.8,0.80608,0.15,0.32624,0.55,0.32016,0.7
212,,0.27184,0.775,0.77376,0.1,0.25856,0.475,0.25248,0.65
213,,0.23952,0.75,0.74144,0.05,0.19088,0.4,0.1848,0.6
214,,0.2072,0.725,0.70912,0.0,0.1232,0.325,0.11712,0.55
215,,0.17488,0.7,0.6768,-0.05,0.05552,0.25,0.04944,0.5
216,4,0.19256,0.725,0.69448,1.0,0.03784,0.225,0.03176,0.5
217,,0.16024,0.7,0.66216,0.95,-0.02984,0.15,-0.03592,0.45
218,7,0.17792,0.725,0.67984,0.95,-0.04752,0.125,1.0,0.45
219,5,0.1956,0.75,0.69752,0.95,1.0,-0.15,0.98232,0.45
220,6,0.21328,0.775,0.7152,0.95,0.73232,1.0,0.96464,0.45
221,,0.18096,0.75,0.68288,0.9,0.66464,0.925,0.89696,0.4
222,,0.14864,0.725,0.65056,0.85,0.59696,0.85,0.82928,0.35
223,,0.11632,0.7,0.61824,0.8,0.52928,0.775,0.7616,0.3
224,,0.084,0.675,0.58592,0.75,0.4616,0.7,0.69392,0.25
225,,0.05168,0.65,0.5536,0.7,0.39392,0.625,0.62624,0.2
226,,0.01936,0.625,0.52128,0.65,0.32624,0.55,0.55856,0.15
227,,-0.01296,0.6,0.48896,0.6,0.25856,0.475,0.49088,0.1
228,1,1.0,0.625,0.50664,0.6,0.24088,0.45,0.4732,0.1
229,,0.96768,0.6,0.47432,0.55,0.1732,0.375,0.40552,0.05
230,,0.93536,0.575,0.442,0.5,0.10552,0.3,0.33784,0.0
231,,0.90304,0.55,0.40968,0.45,0.03784,0.225,0.27016,-0.05
232,8,0.92072,0.575,0.42736,0.45,0.02016,0.2,0.25248,1.0
233,,0.8884,0.55,0.39504,0.4,-0.04752,0.125,0.1848,0.95
234,5,0.90608,0.575,0.41272,0.4,1.0,-0.15,0.16712,0.95
235,6,0.92376,0.6,0.4304,0.4,0.73232,1.0,0.14944,0.95
236,,0.89144,0.575,0.39808,0.35,0.66464,0.925,0.08176,0.9
237,,0.85912,0.55,0.36576,0.3,0.59696,0.85,0.01408,0.85
238,,0.8268,0.525,0.33344,0.25,0.52928,0.775,-0.0536,0.8
239,7,0.84448,0.55,0.35112,0.25,0.5116,0.75,1.0,0.8
240,,0.81216,0.525,0.3188,0.2,0.44392,0.675,0.93232,0.75
241,,0.77984,0.5,0.28648,0.15,0.37624,0.6,0.86464,0.7
242,,0.74752,0.475,0.25416,0.1,0.30856,0.525,0.79696,0.65
243,,0.7152,0.45,0.22184,0.05,0.24088,0.45,0.72928,0.6
244,,0.68288,0.425,0.18952,0.0,0.1732,0.375,0.6616,0.55
245,,0.65056,0.4,0.1572,-0.05,0.10552,0.3,0.59392,0.5
246,4,0.66824,0.425,0.17488,1.0,0.08784,0.275,0.57624,0.5
247,,0.63592,0.4,0.14256,0.95,0.02016,0.2,0.50856,0.45
248,,0.6036,0.375,0.11024,0.9,-0.04752,0.125,0.44088,0.4
249,5,0.62128,0.4,0.12792,0.9,1.0,-0.15,0.4232,0.4
250,6,0.63896,0.425,0.1456,0.9,0.73232,1.0,0.40552,0.4
251,,0.60664,0.4,0.11328,0.85,0.66464,0.925,0.33784,0.35
252,,0.57432,0.375,0.08096,0.8,0.59696,0.85,0.27016,0.3
253,,0.542,0.35,0.04864,0.75,0.52928,0.775,0.20248,0.25
254,,0.50968,0.325,0.01632,0.7,0.4616,0.7,0.1348,0.2
255,,0.47736,0.3,-0.016,0.65,0.39392,0.625,0.06712,0.15
256,3,0.49504,0.325,1.0,0.65,0.37624,0.6,0.04944,0.15
257,,0.46272,0.3,0.96768,0.6,0.30856,0.525,-0.01824,0.1
258,7,0.4804,0.325,0.98536,0.6,0.29088,0.5,1.0,0.1
259,,0.44808,0.3,0.95304,0.55,0.2232,0.425,0.93232,0.05
260,,0.41576,0.275,0.92072,0.5,0.15552,0.35,0.86464,0.0
261,,0.38344,0.25,0.8884,0.45,0.08784,0.275,0.79696,-0.05
262,8,0.40112,0.275,0.90608,0.45,0.07016,0.25,0.77928,1.0
263,,0.3688,0.25,0.87376,0.4,0.00248,0.175,0.7116,0.95
264,,0.33648,0.225,0.84144,0.35,-0.0652,0.1,0.64392,0.9
265,5,0.35416,0.25,0.85912,0.35,1.0,-0.175,0.62624,0.9
266,6,0.37184,0.275,0.8768,0.35,0.73232,1.0,0.60856,0.9
267,,0.33952,0.25,0.84448,0.3,0.66464,0.925,0.54088,0.85
268,,0.3072,0.225,0.81216,0.25,0.59696,0.85,0.4732,0.8
269,,0.27488,0.2,0.77984,0.2,0.52928,0.775,0.40552,0.75
270,,0.24256,0.175,0.74752,0.15,0.4616,0.7,0.33784,0.7
271,,0.21024,0.15,0.7152,0.1,0.39392,0.625,0.27016,0.65
272,,0.17792,0.125,0.68288,0.05,0.32624,0.55,0.20248,0.6
273,,0.1456,0.1,0.65056,0.0,0.25856,0.475,0.1348,0.55
274,,0.11328,0.075,0.61824,-0.05,0.19088,0.4,0.06712,0.5
275,4,0.13096,0.1,0.63592,1.0,0.1732,0.375,0.04944,0.5
276,,0.09864,0.075,0.6036,0.95,0.10552,0.3,-0.01824,0.45
277,7,0.11632,0.1,0.62128,0.95,0.08784,0.275,1.0,0.45
278,,0.084,0.075,0.58896,0.9,0.02016,0.2,0.93232,0.4
279,,0.05168,0.05,0.55664,0.85,-0.04752,0.125,0.86464,0.35
280,5,0.06936,0.075,0.57432,0.85,1.0,-0.15,0.84696,0.35
281,6,0.08704,0.1,0.592,0.85,0.73232,1.0,0.82928,0.35
282,,0.05472,0.075,0.55968,0.8,0.66464,0.925,0.7616,0.3
283,,0.0224,0.05,0.52736,0.75,0.59696,0.85,0.69392,0.25
284,,-0.00992,0.025,0.49504,0.7,0.52928,0.775,0.62624,0.2
285,1,1.0,0.05,0.51272,0.7,0.5116,0.75,0.60856,0.2
286,,0.96768,0.025,0.4804,0.65,0.44392,0.675,0.54088,0.15
287,,0.93536,0.0,0.44808,0.6,0.37624,0.6,0.4732,0.1
288,,0.90304,-0.025,0.41576,0.55,0.30856,0.525,0.40552,0.05
289,2,0.92072,1.0,0.43344,0.55,0.29088,0.5,0.38784,0.05
290,,0.8884,0.975,0.40112,0.5,0.2232,0.425,0.32016,0.0
291,,0.85608,0.95,0.3688,0.45,0.15552,0.35,0.25248,-0.05
292,8,0.87376,0.975,0.38648,0.45,0.13784,0.325,0.2348,1.0
293,,0.84144,0.95,0.35416,0.4,0.07016,0.25,0.16712,0.95
294,,0.80912,0.925,0.32184,0.35,0.00248,0.175,0.09944,0.9
295,,0.7768,0.9,0.28952,0.3,-0.0652,0.1,0.03176,0.85
296,5,0.79448,0.925,0.3072,0.3,1.0,-0.175,0.01408,0.85
297,6,0.81216,0.95,0.32488,0.3,0.73232,1.0,-0.0036,0.85
298,7,0.82984,0.975,0.34256,0.3,0.71464,0.975,1.0,0.85
299,,0.79752,0.95,0.31024,0.25,0.64696,0.9,0.93232,0.8
300,,0.7652,0.925,0.27792,0.2,0.57928,0.825,0.86464,0.75
301,,0.73288,0.9,0.2456,0.15,0.5116,0.75,0.79696,0.7
302,,0.70056,0.875,0.21328,0.1,0.44392,0.675,0.72928,0.65
303,,0.66824,0.85,0.18096,0.05,0.37624,0.6,0.6616,0.6
304,,0.63592,0.825,0.14864,0.0,0.30856,0.525,0.59392,0.55
305,,0.6036,0.8,0.11632,-0.05,0.24088,0.45,0.52624,0.5
306,4,0.62128,0.825,0.134,1.0,0.2232,0.425,0.50856,0.5
307,,0.58896,0.8,0.10168,0.95,0.15552,0.35,0.44088,0.45
308,,0.55664,0.775,0.06936,0.9,0.08784,0.275,0.3732,0.4
309,,0.52432,0.75,0.03704,0.85,0.02016,0.2,0.30552,0.35
310,,0.492,0.725,0.00472,0.8,-0.04752,0.125,0.23784,0.3
311,5,0.50968,0.75,0.0224,0.8,1.0,-0.15,0.22016,0.3
312,6,0.52736,0.775,0.04008,0.8,0.73232,1.0,0.20248,0.3
313,,0.49504,0.75,0.00776,0.75,0.66464,0.925,0.1348,0.25
314,,0.46272,0.725,-0.02456,0.7,0.59696,0.85,0.06712,0.2
315,3,0.4804,0.75,1.0,0.7,0.57928,0.825,0.04944,0.2
316,,0.44808,0.725,0.96768,0.65,0.5116,0.75,-0.01824,0.15
317,7,0.46576,0.75,0.98536,0.65,0.49392,0.725,1.0,0.15
318,,0.43344,0.725,0.95304,0.6,0.42624,0.65,0.93232,0.1
319,,0.40112,0.7,0.92072,0.55,0.35856,0.575,0.86464,0.05
320,,0.3688,0.675,0.8884,0.5,0.29088,0.5,0.79696,0.0
321,,0.33648,0.65,0.85608,0.45,0.2232,0.425,0.72928,-0.05
322,8,0.35416,0.675,0.87376,0.45,0.20552,0.4,0.7116,1.0
323,,0.32184,0.65,0.84144,0.4,0.13784,0.325,0.64392,0.95
324,,0.28952,0.625,0.80912,0.35,0.07016,0.25,0.57624,0.9
325,,0.2572,0.6,0.7768,0.3,0.00248,0.175,0.50856,0.85
326,,0.22488,0.575,0.74448,0.25,-0.0652,0.1,0.44088,0.8
327,5,0.24256,0.6,0.76216,0.25,1.0,-0.175,0.4232,0.8
328,6,0.26024,0.625,0.77984,0.25,0.73232,1.0,0.40552,0.8
329,,0.22792,0.6,0.74752,0.2,0.66464,0.925,0.33784,0.75
330,,0.1956,0.575,0.7152,0.15,0.59696,0.85,0.27016,0.7
331,,0.16328,0.55,0.68288,0.1,0.52928,0.775,0.20248,0.65
332,,0.13096,0.525,0.65056,0.05,0.4616,0.7,0.1348,0.6
333,,0.09864,0.5,0.61824,0.0,0.39392,0.625,0.06712,0.55
334,,0.06632,0.475,0.58592,-0.05,0.32624,0.55,-0.00056,0.5
335,4,0.084,0.5,0.6036,1.0,0.30856,0.525,-0.01824,0.5
336,7,0.10168,0.525,0.62128,1.0,0.29088,0.5,1.0,0.5
337,,0.06936,0.5,0.58896,0.95,0.2232,0.425,0.93232,0.45
338,,0.03704,0.475,0.55664,0.9,0.15552,0.35,0.86464,0.4
339,,0.00472,0.45,0.52432,0.85,0.08784,0.275,0.79696,0.35
340,,-0.0276,0.425,0.492,0.8,0.02016,0.2,0.72928,0.3
341,1,1.0,0.45,0.50968,0.8,0.00248,0.175,0.7116,0.3
342,,0.96768,0.425,0.47736,0.75,-0.0652,0.1,0.64392,0.25
343,5,0.98536,0.45,0.49504,0.75,1.0,-0.175,0.62624,0.25
344,6,1.0,0.475,0.51272,0.75,0.73232,1.0,0.60856,0.25
345,,0.96768,0.45,0.4804,0.7,0.66464,0.925,0.54088,0.2
346,,0.93536,0.425,0.44808,0.65,0.59696,0.85,0.4732,0.15
347,,0.90304,0.4,0.41576,0.6,0.52928,0.775,0.40552,0.1
348,,0.87072,0.375,0.38344,0.55,0.4616,0.7,0.33784,0.05
349,,0.8384,0.35,0.35112,0.5,0.39392,0.625,0.27016,0.0
350,,0.80608,0.325,0.3188,0.45,0.32624,0.55,0.20248,-0.05
351,8,0.82376,0.35,0.33648,0.45,0.30856,0.525,0.1848,1.0
352,,0.79144,0.325,0.30416,0.4,0.24088,0.45,0.11712,0.95
353,,0.75912,0.3,0.27184,0.35,0.1732,0.375,0.04944,0.9
354,,0.7268,0.275,0.23952,0.3,0.10552,0.3,-0.01824,0.85
355,7,0.74448,0.3,0.2572,0.3,0.08784,0.275,1.0,0.85
356,,0.71216,0.275,0.22488,0.25,0.02016,0.2,0.93232,0.8
357,,0.67984,0.25,0.19256,0.2,-0.04752,0.125,0.86464,0.75
358,5,0.69752,0.275,0.21024,0.2,1.0,-0.15,0.84696,0.75
359,6,0.7152,0.3,0.22792,0.2,0.73232,1.0,0.82928,0.75
360,,0.68288,0.275,0.1956,0.15,0.66464,0.925,0.7616,0.7
361,,0.65056,0.25,0.16328,0.1,0.59696,0.85,0.69392,0.65
362,,0.61824,0.225,0.13096,0.05,0.52928,0.775,0.62624,0.6
363,,0.58592,0.2,0.09864,0.0,0.4616,0.7,0.55856,0.55
364,,0.5536,0.175,0.06632,-0.05,0.39392,0.625,0.49088,0.5
365,4,0.57128,0.2,0.084,1.0,0.37624,0.6,0.4732,0.5
366,,0.53896,0.175,0.05168,0.95,0.30856,0.525,0.40552,0.45
367,,0.50664,0.15,0.01936,0.9,0.24088,0.45,0.33784,0.4
368,,0.47432,0.125,-0.01296,0.85,0.1732,0.375,0.27016,0.35
369,3,0.492,0.15,1.0,0.85,0.15552,0.35,0.25248,0.35
370,,0.45968,0.125,0.96768,0.8,0.08784,0.275,0.1848,0.3
371,,0.42736,0.1,0.93536,0.75,0.02016,0.2,0.11712,0.25
372,,0.39504,0.075,0.90304,0.7,-0.04752,0.125,0.04944,0.2
373,5,0.41272,0.1,0.92072,0.7,1.0,-0.15,0.03176,0.2
374,6,0.4304,0.125,0.9384,0.7,0.73232,1.0,0.01408,0.2
375,,0.39808,0.1,0.90608,0.65,0.66464,0.925,-0.0536,0.15
376,7,0.41576,0.125,0.92376,0.65,0.64696,0.9,1.0,0.15
377,,0.38344,0.1,0.89144,0.6,0.57928,0.825,0.93232,0.1
378,,0.35112,0.075,0.85912,0.55,0.5116,0.75,0.86464,0.05
379,,0.3188,0.05,0.8268,0.5,0.44392,0.675,0.79696,0.0
380,,0.28648,0.025,0.79448,0.45,0.37624,0.6,0.72928,-0.05
381,8,0.30416,0.05,0.81216,0.45,0.35856,0.575,0.7116,1.0
382,,0.27184,0.025,0.77984,0.4,0.29088,0.5,0.64392,0.95
383,,0.23952,0.0,0.74752,0.35,0.2232,0.425,0.57624,0.9
384,,0.2072,-0.025,0.7152,0.3,0.15552,0.35,0.50856,0.85
385,2,0.22488,1.0,0.73288,0.3,0.13784,0.325,0.49088,0.85
386,,0.19256,0.975,0.70056,0.25,0.07016,0.25,0.4232,0.8
387,,0.16024,0.95,0.66824,0.2,0.00248,0.175,0.35552,0.75
388,,0.12792,0.925,0.63592,0.15,-0.0652,0.1,0.28784,0.7
389,5,0.1456,0.95,0.6536,0.15,1.0,-0.175,0.27016,0.7
390,6,0.16328,0.975,0.67128,0.15,0.73232,1.0,0.25248,0.7
391,,0.13096,0.95,0.63896,0.1,0.66464,0.925,0.1848,0.65
392,,0.09864,0.925,0.60664,0.05,0.59696,0.85,0.11712,0.6
393,,0.06632,0.9,0.57432,0.0,0.52928,0.775,0.04944,0.55
394,,0.034,0.875,0.542,-0.05,0.4616,0.7,-0.01824,0.5
395,4,0.05168,0.9,0.55968,1.0,0.44392,0.675,-0.03592,0.5
396,7,0.06936,0.925,0.57736,1.0,0.42624,0.65,1.0,0.5
397,,0.03704,0.9,0.54504,0.95,0.35856,0.575,0.93232,0.45
398,,0.00472,0.875,0.51272,0.9,0.29088,0.5,0.86464,0.4
399,,-0.0276,0.85,0.4804,0.85,0.2232,0.425,0.79696,0.35
400,1,1.0,0.875,0.49808,0.85,0.20552,0.4,0.77928,0.35
401,,0.96768,0.85,0.46576,0.8,0.13784,0.325,0.7116,0.3
402,,0.93536,0.825,0.43344,0.75,0.07016,0.25,0.64392,0.25
403,,0.90304,0.8,0.40112,0.7,0.00248,0.175,0.57624,0.2
404,,0.87072,0.775,0.3688,0.65,-0.0652,0.1,0.50856,0.15
405,5,0.8884,0.8,0.38648,0.65,1.0,-0.175,0.49088,0.15
406,6,0.90608,0.825,0.40416,0.65,0.73232,1.0,0.4732,0.15
407,,0.87376,0.8,0.37184,0.6,0.66464,0.925,0.40552,0.1
408,,0.84144,0.775,0.33952,0.55,0.59696,0.85,0.33784,0.05
409,,0.80912,0.75,0.3072,0.5,0.52928,0.775,0.27016,0.0
410,,0.7768,0.725,0.27488,0.45,0.4616,0.7,0.20248,-0.05
411,8,0.79448,0.75,0.29256,0.45,0.44392,0.675,0.1848,1.0
412,,0.76216,0.725,0.26024,0.4,0.37624,0.6,0.11712,0.95
413,,0.72984,0.7,0.22792,0.35,0.30856,0.525,0.04944,0.9
414,,0.69752,0.675,0.1956,0.3,0.24088,0.45,-0.01824,0.85
415,7,0.7152,0.7,0.21328,0.3,0.2232,0.425,1.0,0.85
416,,0.68288,0.675,0.18096,0.25,0.15552,0.35,0.93232,0.8
417,,0.65056,0.65,0.14864,0.2,0.08784,0.275,0.86464,0.75
418,,0.61824,0.625,0.11632,0.15,0.02016,0.2,0.79696,0.7
419,,0.58592,0.6,0.084,0.1,-0.04752,0.125,0.72928,0.65
420,5,0.6036,0.625,0.10168,0.1,1.0,-0.15,0.7116,0.65
421,6,0.62128,0.65,0.11936,0.1,0.73232,1.0,0.69392,0.65
422,,0.58896,0.625,0.08704,0.05,0.66464,0.925,0.62624,0.6
423,,0.55664,0.6,0.05472,0.0,0.59696,0.85,0.55856,0.55
424,,0.52432,0.575,0.0224,-0.05,0.52928,0.775,0.49088,0.5
425,4,0.542,0.6,0.04008,1.0,0.5116,0.75,0.4732,0.5
426,,0.50968,0.575,0.00776,0.95,0.44392,0.675,0.40552,0.45
427,,0.47736,0.55,-0.02456,0.9,0.37624,0.6,0.33784,0.4
428,3,0.49504,0.575,1.0,0.9,0.35856,0.575,0.32016,0.4
429,,0.46272,0.55,0.96768,0.85,0.29088,0.5,0.25248,0.35
430,,0.4304,0.525,0.93536,0.8,0.2232,0.425,0.1848,0.3
431,,0.39808,0.5,0.90304,0.75,0.15552,0.35,0.11712,0.25
432,,0.36576,0.475,0.87072,0.7,0.08784,0.275,0.04944,0.2
433,,0.33344,0.45,0.8384,0.65,0.02016,0.2,-0.01824,0.15
434,7,0.35112,0.475,0.85608,0.65,0.00248,0.175,1.0,0.15
435,,0.3188,0.45,0.82376,0.6,-0.0652,0.1,0.93232,0.1
436,5,0.33648,0.475,0.84144,0.6,1.0,-0.175,0.91464,0.1
437,6,0.35416,0.5,0.85912,0.6,0.73232,1.0,0.89696,0.1
438,,0.32184,0.475,0.8268,0.55,0.66464,0.925,0.82928,0.05
439,,0.28952,0.45,0.79448,0.5,0.59696,0.85,0.7616,0.0
440,,0.2572,0.425,0.76216,0.45,0.52928,0.775,0.69392,-0.05
441,8,0.27488,0.45,0.77984,0.45,0.5116,0.75,0.67624,1.0
442,,0.24256,0.425,0.74752,0.4,0.44392,0.675,0.60856,0.95
443,,0.21024,0.4,0.7152,0.35,0.37624,0.6,0.54088,0.9
444,,0.17792,0.375,0.68288,0.3,0.30856,0.525,0.4732,0.85
445,,0.1456,0.35,0.65056,0.25,0.24088,0.45,0.40552,0.8
446,,0.11328,0.325,0.61824,0.2,0.1732,0.375,0.33784,0.75
447,,0.08096,0.3,0.58592,0.15,0.10552,0.3,0.27016,0.7
448,,0.04864,0.275,0.5536,0.1,0.03784,0.225,0.20248,0.65
449,,0.01632,0.25,0.52128,0.05,-0.02984,0.15,0.1348,0.6
450,5,0.034,0.275,0.53896,0.05,1.0,-0.125,0.11712,0.6
451,6,0.05168,0.3,0.55664,0.05,0.73232,1.0,0.09944,0.6
452,,0.01936,0.275,0.52432,0.0,0.66464,0.925,0.03176,0.55
453,,-0.01296,0.25,0.492,-0.05,0.59696,0.85,-0.03592,0.5
454,4,0.00472,0.275,0.50968,1.0,0.57928,0.825,-0.0536,0.5
455,7,0.0224,0.3,0.52736,1.0,0.5616,0.8,1.0,0.5
456,,-0.00992,0.275,0.49504,0.95,0.49392,0.725,0.93232,0.45
457,1,1.0,0.3,0.51272,0.95,0.47624,0.7,0.91464,0.45
458,,0.96768,0.275,0.4804,0.9,0.40856,0.625,0.84696,0.4
459,,0.93536,0.25,0.44808,0.85,0.34088,0.55,0.77928,0.35
460,,0.90304,0.225,0.41576,0.8,0.2732,0.475,0.7116,0.3
461,,0.87072,0.2,0.38344,0.75,0.20552,0.4,0.64392,0.25
462,,0.8384,0.175,0.35112,0.7,0.13784,0.325,0.57624,0.2
463,,0.80608,0.15,0.3188,0.65,0.07016,0.25,0.50856,0.15
464,,0.77376,0.125,0.28648,0.6,0.00248,0.175,0.44088,0.1
465,,0.74144,0.1,0.25416,0.55,-0.0652,0.1,0.3732,0.05
466,5,0.75912,0.125,0.27184,0.55,1.0,-0.175,0.35552,0.05
467,6,0.7768,0.15,0.28952,0.55,0.73232,1.0,0.33784,0.05
468,,0.74448,0.125,0.2572,0.5,0.66464,0.925,0.27016,0.0
469,,0.71216,0.1,0.22488,0.45,0.59696,0.85,0.20248,-0.05
470,8,0.72984,0.125,0.24256,0.45,0.57928,0.825,0.1848,1.0
471,,0.69752,0.1,0.21024,0.4,0.5116,0.75,0.11712,0.95
472,,0.6652,0.075,0.17792,0.35,0.44392,0.675,0.04944,0.9
473,,0.63288,0.05,0.1456,0.3,0.37624,0.6,-0.01824,0.85
474,7,0.65056,0.075,0.16328,0.3,0.35856,0.575,1.0,0.85
475,,0.61824,0.05,0.13096,0.25,0.29088,0.5,0.93232,0.8
476,,0.58592,0.025,0.09864,0.2,0.2232,0.425,0.86464,0.75
477,,0.5536,0.0,0.06632,0.15,0.15552,0.35,0.79696,0.7
478,,0.52128,-0.025,0.034,0.1,0.08784,0.275,0.72928,0.65
479,2,0.53896,1.0,0.05168,0.1,0.07016,0.25,0.7116,0.65
480,,0.50664,0.975,0.01936,0.05,0.00248,0.175,0.64392,0.6
481,,0.47432,0.95,-0.01296,0.0,-0.0652,0.1,0.57624,0.55
482,5,0.492,0.975,0.00472,0.0,1.0,-0.175,0.55856,0.55
483,6,0.50968,1.0,0.0224,0.0,0.73232,1.0,0.54088,0.55
484,,0.47736,0.975,-0.00992,-0.05,0.66464,0.925,0.4732,0.5
485,4,0.49504,1.0,0.00776,1.0,0.64696,0.9,0.45552,0.5
486,,0.46272,0.975,-0.02456,0.95,0.57928,0.825,0.38784,0.45
487,3,0.4804,1.0,1.0,0.95,0.5616,0.8,0.37016,0.45
488,,0.44808,0.975,0.96768,0.9,0.49392,0.725,0.30248,0.4
489,,0.41576,0.95,0.93536,0.85,0.42624,0.65,0.2348,0.35
490,,0.38344,0.925,0.90304,0.8,0.35856,0.575,0.16712,0.3
491,,0.35112,0.9,0.87072,0.75,0.29088,0.5,0.09944,0.25
492,,0.3188,0.875,0.8384,0.7,0.2232,0.425,0.03176,0.2
493,,0.28648,0.85,0.80608,0.65,0.15552,0.35,-0.03592,0.15
494,7,0.30416,0.875,0.82376,0.65,0.13784,0.325,1.0,0.15
495,,0.27184,0.85,0.79144,0.6,0.07016,0.25,0.93232,0.1
496,,0.23952,0.825,0.75912,0.55,0.00248,0.175,0.86464,0.05
497,,0.2072,0.8,0.7268,0.5,-0.0652,0.1,0.79696,0.0
498,5,0.22488,0.825,0.74448,0.5,1.0,-0.175,0.77928,0.0
499,6,0.24256,0.85,0.76216,0.5,0.73232,1.0,0.7616,0.0
500,,0.21024,0.825,0.72984,0.45,0.66464,0.925,0.69392,-0.05
501,8,0.22792,0.85,0.74752,0.45,0.64696,0.9,0.67624,1.0
502,,0.1956,0.825,0.7152,0.4,0.57928,0.825,0.60856,0.95
503,,0.16328,0.8,0.68288,0.35,0.5116,0.75,0.54088,0.9
504,,0.13096,0.775,0.65056,0.3,0.44392,0.675,0.4732,0.85
505,,0.09864,0.75,0.61824,0.25,0.37624,0.6,0.40552,0.8
506,,0.06632,0.725,0.58592,0.2,0.30856,0.525,0.33784,0.75
507,,0.034,0.7,0.5536,0.15,0.24088,0.45,0.27016,0.7
508,,0.00168,0.675,0.52128,0.1,0.1732,0.375,0.20248,0.65
509,,-0.03064,0.65,0.48896,0.05,0.10552,0.3,0.1348,0.6
510,1,1.0,0.675,0.50664,0.05,0.08784,0.275,0.11712,0.6
511,,0.96768,0.65,0.47432,0.0,0.02016,0.2,0.04944,0.55
512,,0.93536,0.625,0.442,-0.05,-0.04752,0.125,-0.01824,0.5
513,4,0.95304,0.65,0.45968,1.0,-0.0652,0.1,-0.03592,0.5
514,5,0.97072,0.675,0.47736,1.0,1.0,-0.175,-0.0536,0.5
515,6,0.9884,0.7,0.49504,1.0,0.73232,1.0,-0.07128,0.5
516,7,1.0,0.725,0.51272,1.0,0.71464,0.975,1.0,0.5
517,,0.96768,0.7,0.4804,0.95,0.64696,0.9,0.93232,0.45
518,,0.93536,0.675,0.44808,0.9,0.57928,0.825,0.86464,0.4
519,,0.90304,0.65,0.41576,0.85,0.5116,0.75,0.79696,0.35
520,,0.87072,0.625,0.38344,0.8,0.44392,0.675,0.72928,0.3
521,,0.8384,0.6,0.35112,0.75,0.37624,0.6,0.6616,0.25
522,,0.80608,0.575,0.3188,0.7,0.30856,0.525,0.59392,0.2
523,,0.77376,0.55,0.28648,0.65,0.24088,0.45,0.52624,0.15
524,,0.74144,0.525,0.25416,0.6,0.1732,0.375,0.45856,0.1
525,,0.70912,0.5,0.22184,0.55,0.10552,0.3,0.39088,0.05
526,,0.6768,0.475,0.18952,0.5,0.03784,0.225,0.3232,0.0
527,,0.64448,0.45,0.1572,0.45,-0.02984,0.15,0.25552,-0.05
528,8,0.66216,0.475,0.17488,0.45,-0.04752,0.125,0.23784,1.0
529,5,0.67984,0.5,0.19256,0.45,1.0,-0.15,0.22016,1.0
530,6,0.69752,0.525,0.21024,0.45,0.73232,1.0,0.20248,1.0
531,,0.6652,0.5,0.17792,0.4,0.66464,0.925,0.1348,0.95
532,,0.63288,0.475,0.1456,0.35,0.59696,0.85,0.06712,0.9
533,,0.60056,0.45,0.11328,0.3,0.52928,0.775,-0.00056,0.85
534,7,0.61824,0.475,0.13096,0.3,0.5116,0.75,1.0,0.85
535,,0.58592,0.45,0.09864,0.25,0.44392,0.675,0.93232,0.8
536,,0.5536,0.425,0.06632,0.2,0.37624,0.6,0.86464,0.75
537,,0.52128,0.4,0.034,0.15,0.30856,0.525,0.79696,0.7
538,,0.48896,0.375,0.00168,0.1,0.24088,0.45,0.72928,0.65
539,,0.45664,0.35,-0.03064,0.05,0.1732,0.375,0.6616,0.6
540,3,0.47432,0.375,1.0,0.05,0.15552,0.35,0.64392,0.6
541,,0.442,0.35,0.96768,0.0,0.08784,0.275,0.57624,0.55
542,,0.40968,0.325,0.93536,-0.05,0.02016,0.2,0.50856,0.5
543,4,0.42736,0.35,0.95304,1.0,0.00248,0.175,0.49088,0.5
544,,0.39504,0.325,0.92072,0.95,-0.0652,0.1,0.4232,0.45
545,5,0.41272,0.35,0.9384,0.95,1.0,-0.175,0.40552,0.45
546,6,0.4304,0.375,0.95608,0.95,0.73232,1.0,0.38784,0.45
547,,0.39808,0.35,0.92376,0.9,0.66464,0.925,0.32016,0.4
548,,0.36576,0.325,0.89144,0.85,0.59696,0.85,0.25248,0.35
549,,0.33344,0.3,0.85912,0.8,0.52928,0.775,0.1848,0.3
550,,0.30112,0.275,0.8268,0.75,0.4616,0.7,0.11712,0.25
551,,0.2688,0.25,0.79448,0.7,0.39392,0.625,0.04944,0.2
552,,0.23648,0.225,0.76216,0.65,0.32624,0.55,-0.01824,0.15
553,7,0.25416,0.25,0.77984,0.65,0.30856,0.525,1.0,0.15
554,,0.22184,0.225,0.74752,0.6,0.24088,0.45,0.93232,0.1
555,,0.18952,0.2,0.7152,0.55,0.1732,0.375,0.86464,0.05
556,,0.1572,0.175,0.68288,0.5,0.10552,0.3,0.79696,0.0
557,,0.12488,0.15,0.65056,0.45,0.03784,0.225,0.72928,-0.05
558,8,0.14256,0.175,0.66824,0.45,0.02016,0.2,0.7116,1.0
559,,0.11024,0.15,0.63592,0.4,-0.04752,0.125,0.64392,0.95
560,5,0.12792,0.175,0.6536,0.4,1.0,-0.15,0.62624,0.95
561,6,0.1456,0.2,0.67128,0.4,0.73232,1.0,0.60856,0.95
562,,0.11328,0.175,0.63896,0.35,0.66464,0.925,0.54088,0.9
563,,0.08096,0.15,0.60664,0.3,0.59696,0.85,0.4732,0.85
564,,0.04864,0.125,0.57432,0.25,0.52928,0.775,0.40552,0.8
565,,0.01632,0.1,0.542,0.2,0.4616,0.7,0.33784,0.75
566,,-0.016,0.075,0.50968,0.15,0.39392,0.625,0.27016,0.7
567,1,1.0,0.1,0.52736,0.15,0.37624,0.6,0.25248,0.7
568,,0.96768,0.075,0.49504,0.1,0.30856,0.525,0.1848,0.65
569,,0.93536,0.05,0.46272,0.05,0.24088,0.45,0.11712,0.6
570,,0.90304,0.025,0.4304,0.0,0.1732,0.375,0.04944,0.55
571,,0.87072,0.0,0.39808,-0.05,0.10552,0.3,-0.01824,0.5
572,4,0.8884,0.025,0.41576,1.0,0.08784,0.275,-0.03592,0.5
573,7,0.90608,0.05,0.43344,1.0,0.07016,0.25,1.0,0.5
574,,0.87376,0.025,0.40112,0.95,0.00248,0.175,0.93232,0.45
575,,0.84144,0.0,0.3688,0.9,-0.0652,0.1,0.86464,0.4
576,5,0.85912,0.025,0.38648,0.9,1.0,-0.175,0.84696,0.4
577,6,0.8768,0.05,0.40416,0.9,0.73232,1.0,0.82928,0.4
578,,0.84448,0.025,0.37184,0.85,0.66464,0.925,0.7616,0.35
579,,0.81216,0.0,0.33952,0.8,0.59696,0.85,0.69392,0.3
580,,0.77984,-0.025,0.3072,0.75,0.52928,0.775,0.62624,0.25
581,2,0.79752,1.0,0.32488,0.75,0.5116,0.75,0.60856,0.25
582,,0.7652,0.975,0.29256,0.7,0.44392,0.675,0.54088,0.2
583,,0.73288,0.95,0.26024,0.65,0.37624,0.6,0.4732,0.15
584,,0.70056,0.925,0.22792,0.6,0.30856,0.525,0.40552,0.1
585,,0.66824,0.9,0.1956,0.55,0.24088,0.45,0.33784,0.05
586,,0.63592,0.875,0.16328,0.5,0.1732,0.375,0.27016,0.0
587,,0.6036,0.85,0.13096,0.45,0.10552,0.3,0.20248,-0.05
588,8,0.62128,0.875,0.14864,0.45,0.08784,0.275,0.1848,1.0
589,,0.58896,0.85,0.11632,0.4,0.02016,0.2,0.11712,0.95
590,,0.55664,0.825,0.084,0.35,-0.04752,0.125,0.04944,0.9
591,5,0.57432,0.85,0.10168,0.35,1.0,-0.15,0.03176,0.9
592,6,0.592,0.875,0.11936,0.35,0.73232,1.0,0.01408,0.9
593,,0.55968,0.85,0.08704,0.3,0.66464,0.925,-0.0536,0.85
594,7,0.57736,0.875,0.10472,0.3,0.64696,0.9,1.0,0.85
595,,0.54504,0.85,0.0724,0.25,0.57928,0.825,0.93232,0.8
596,,0.51272,0.825,0.04008,0.2,0.5116,0.75,0.86464,0.75
597,,0.4804,0.8,0.00776,0.15,0.44392,0.675,0.79696,0.7
598,,0.44808,0.775,-0.02456,0.1,0.37624,0.6,0.72928,0.65
599,3,0.46576,0.8,1.0,0.1,0.35856,0.575,0.7116,0.65
600,,0.43344,0.775,0.96768,0.05,0.29088,0.5,0.64392,0.6
601,,0.40112,0.75,0.93536,0.0,0.2232,0.425,0.57624,0.55
602,,0.3688,0.725,0.90304,-0.05,0.15552,0.35,0.50856,0.5
603,4,0.38648,0.75,0.92072,1.0,0.13784,0.325,0.49088,0.5
604,,0.35416,0.725,0.8884,0.95,0.07016,0.25,0.4232,0.45
605,,0.32184,0.7,0.85608,0.9,0.00248,0.175,0.35552,0.4
606,,0.28952,0.675,0.82376,0.85,-0.0652,0.1,0.28784,0.35
607,5,0.3072,0.7,0.84144,0.85,1.0,-0.175,0.27016,0.35
608,6,0.32488,0.725,0.85912,0.85,0.73232,1.0,0.25248,0.35
609,,0.29256,0.7,0.8268,0.8,0.66464,0.925,0.1848,0.3
610,,0.26024,0.675,0.79448,0.75,0.59696,0.85,0.11712,0.25
611,,0.22792,0.65,0.76216,0.7,0.52928,0.775,0.04944,0.2
612,,0.1956,0.625,0.72984,0.65,0.4616,0.7,-0.01824,0.15
613,7,0.21328,0.65,0.74752,0.65,0.44392,0.675,1.0,0.15
614,,0.18096,0.625,0.7152,0.6,0.37624,0.6,0.93232,0.1
615,,0.14864,0.6,0.68288,0.55,0.30856,0.525,0.86464,0.05
616,,0.11632,0.575,0.65056,0.5,0.24088,0.45,0.79696,0.0
617,,0.084,0.55,0.61824,0.45,0.1732,0.375,0.72928,-0.05
618,8,0.10168,0.575,0.63592,0.45,0.15552,0.35,0.7116,1.0
619,,0.06936,0.55,0.6036,0.4,0.08784,0.275,0.64392,0.95
620,,0.03704,0.525,0.57128,0.35,0.02016,0.2,0.57624,0.9
621,,0.00472,0.5,0.53896,0.3,-0.04752,0.125,0.50856,0.85
622,5,0.0224,0.525,0.55664,0.3,1.0,-0.15,0.49088,0.85
623,6,0.04008,0.55,0.57432,0.3,0.73232,1.0,0.4732,0.85
624,,0.00776,0.525,0.542,0.25,0.66464,0.925,0.40552,0.8
625,,-0.02456,0.5,0.50968,0.2,0.59696,0.85,0.33784,0.75
626,1,1.0,0.525,0.52736,0.2,0.57928,0.825,0.32016,0.75
627,,0.96768,0.5,0.49504,0.15,0.5116,0.75,0.25248,0.7
628,,0.93536,0.475,0.46272,0.1,0.44392,0.675,0.1848,0.65
629,,0.90304,0.45,0.4304,0.05,0.37624,0.6,0.11712,0.6
630,,0.87072,0.425,0.39808,0.0,0.30856,0.525,0.04944,0.55
631,,0.8384,0.4,0.36576,-0.05,0.24088,0.45,-0.01824,0.5
632,4,0.85608,0.425,0.38344,1.0,0.2232,0.425,-0.03592,0.5
633,7,0.87376,0.45,0.40112,1.0,0.20552,0.4,1.0,0.5
634,,0.84144,0.425,0.3688,0.95,0.13784,0.325,0.93232,0.45
635,,0.80912,0.4,0.33648,0.9,0.07016,0.25,0.86464,0.4
636,,0.7768,0.375,0.30416,0.85,0.00248,0.175,0.79696,0.35
637,,0.74448,0.35,0.27184,0.8,-0.0652,0.1,0.72928,0.3
638,5,0.76216,0.375,0.28952,0.8,1.0,-0.175,0.7116,0.3
639,6,0.77984,0.4,0.3072,0.8,0.73232,1.0,0.69392,0.3
640,,0.74752,0.375,0.27488,0.75,0.66464,0.925,0.62624,0.25
641,,0.7152,0.35,0.24256,0.7,0.59696,0.85,0.55856,0.2
642,,0.68288,0.325,0.21024,0.65,0.52928,0.775,0.49088,0.15
643,,0.65056,0.3,0.17792,0.6,0.4616,0.7,0.4232,0.1
644,,0.61824,0.275,0.1456,0.55,0.39392,0.625,0.35552,0.05
645,,0.58592,0.25,0.11328,0.5,0.32624,0.55,0.28784,0.0
646,,0.5536,0.225,0.08096,0.45,0.25856,0.475,0.22016,-0.05
647,8,0.57128,0.25,0.09864,0.45,0.24088,0.45,0.20248,1.0
648,,0.53896,0.225,0.06632,0.4,0.1732,0.375,0.1348,0.95
649,,0.50664,0.2,0.034,0.35,0.10552,0.3,0.06712,0.9
650,,0.47432,0.175,0.00168,0.3,0.03784,0.225,-0.00056,0.85
651,7,0.492,0.2,0.01936,0.3,0.02016,0.2,1.0,0.85
652,,0.45968,0.175,-0.01296,0.25,-0.04752,0.125,0.93232,0.8
653,5,0.47736,0.2,0.00472,0.25,1.0,-0.15,0.91464,0.8
654,6,0.49504,0.225,0.0224,0.25,0.73232,1.0,0.89696,0.8
655,,0.46272,0.2,-0.00992,0.2,0.66464,0.925,0.82928,0.75
656,3,0.4804,0.225,1.0,0.2,0.64696,0.9,0.8116,0.75
657,,0.44808,0.2,0.96768,0.15,0.57928,0.825,0.74392,0.7
658,,0.41576,0.175,0.93536,0.1,0.5116,0.75,0.67624,0.65
659,,0.38344,0.15,0.90304,0.05,0.44392,0.675,0.60856,0.6
660,,0.35112,0.125,0.87072,0.0,0.37624,0.6,0.54088,0.55
661,,0.3188,0.1,0.8384,-0.05,0.30856,0.525,0.4732,0.5
662,4,0.33648,0.125,0.85608,1.0,0.29088,0.5,0.45552,0.5
663,,0.30416,0.1,0.82376,0.95,0.2232,0.425,0.38784,0.45
664,,0.27184,0.075,0.79144,0.9,0.15552,0.35,0.32016,0.4
665,,0.23952,0.05,0.75912,0.85,0.08784,0.275,0.25248,0.35
666,,0.2072,0.025,0.7268,0.8,0.02016,0.2,0.1848,0.3
667,,0.17488,0.0,0.69448,0.75,-0.04752,0.125,0.11712,0.25
668,5,0.19256,0.025,0.71216,0.75,1.0,-0.15,0.09944,0.25
669,6,0.21024,0.05,0.72984,0.75,0.73232,1.0,0.08176,0.25
670,,0.17792,0.025,0.69752,0.7,0.66464,0.925,0.01408,0.2
671,,0.1456,0.0,0.6652,0.65,0.59696,0.85,-0.0536,0.15
672,7,0.16328,0.025,0.68288,0.65,0.57928,0.825,1.0,0.15
673,,0.13096,0.0,0.65056,0.6,0.5116,0.75,0.93232,0.1
674,,0.09864,-0.025,0.61824,0.55,0.44392,0.675,0.86464,0.05
675,2,0.11632,1.0,0.63592,0.55,0.42624,0.65,0.84696,0.05
676,,0.084,0.975,0.6036,0.5,0.35856,0.575,0.77928,0.0
677,,0.05168,0.95,0.57128,0.45,0.29088,0.5,0.7116,-0.05
678,8,0.06936,0.975,0.58896,0.45,0.2732,0.475,0.69392,1.0
679,,0.03704,0.95,0.55664,0.4,0.20552,0.4,0.62624,0.95
680,,0.00472,0.925,0.52432,0.35,0.13784,0.325,0.55856,0.9
681,,-0.0276,0.9,0.492,0.3,0.07016,0.25,0.49088,0.85
682,1,1.0,0.925,0.50968,0.3,0.05248,0.225,0.4732,0.85
683,,0.96768,0.9,0.47736,0.25,-0.0152,0.15,0.40552,0.8
684,5,0.98536,0.925,0.49504,0.25,1.0,-0.125,0.38784,0.8
685,6,1.0,0.95,0.51272,0.25,0.73232,1.0,0.37016,0.8
686,,0.96768,0.925,0.4804,0.2,0.66464,0.925,0.30248,0.75
687,,0.93536,0.9,0.44808,0.15,0.59696,0.85,0.2348,0.7
688,,0.90304,0.875,0.41576,0.1,0.52928,0.775,0.16712,0.65
689,,0.87072,0.85,0.38344,0.05,0.4616,0.7,0.09944,0.6
690,,0.8384,0.825,0.35112,0.0,0.39392,0.625,0.03176,0.55
691,,0.80608,0.8,0.3188,-0.05,0.32624,0.55,-0.03592,0.5
692,4,0.82376,0.825,0.33648,1.0,0.30856,0.525,-0.0536,0.5
693,7,0.84144,0.85,0.35416,1.0,0.29088,0.5,1.0,0.5
694,,0.80912,0.825,0.32184,0.95,0.2232,0.425,0.93232,0.45
695,,0.7768,0.8,0.28952,0.9,0.15552,0.35,0.86464,0.4
696,,0.74448,0.775,0.2572,0.85,0.08784,0.275,0.79696,0.35
697,,0.71216,0.75,0.22488,0.8,0.02016,0.2,0.72928,0.3
698,,0.67984,0.725,0.19256,0.75,-0.04752,0.125,0.6616,0.25
699,5,0.69752,0.75,0.21024,0.75,1.0,-0.15,0.64392,0.25
700,6,0.7152,0.775,0.22792,0.75,0.73232,1.0,0.62624,0.25
701,,0.68288,0.75,0.1956,0.7,0.66464,0.925,0.55856,0.2
702,,0.65056,0.725,0.16328,0.65,0.59696,0.85,0.49088,0.15
703,,0.61824,0.7,0.13096,0.6,0.52928,0.775,0.4232,0.1
704,,0.58592,0.675,0.09864,0.55,0.4616,0.7,0.35552,0.05
705,,0.5536,0.65,0.06632,0.5,0.39392,0.625,0.28784,0.0
706,,0.52128,0.625,0.034,0.45,0.32624,0.55,0.22016,-0.05
707,8,0.53896,0.65,0.05168,0.45,0.30856,0.525,0.20248,1.0
708,,0.50664,0.625,0.01936,0.4,0.24088,0.45,0.1348,0.95
709,,0.47432,0.6,-0.01296,0.35,0.1732,0.375,0.06712,0.9
710,3,0.492,0.625,1.0,0.35,0.15552,0.35,0.04944,0.9
711,,0.45968,0.6,0.96768,0.3,0.08784,0.275,-0.01824,0.85
712,7,0.47736,0.625,0.98536,0.3,0.07016,0.25,1.0,0.85
713,,0.44504,0.6,0.95304,0.25,0.00248,0.175,0.93232,0.8
714,,0.41272,0.575,0.92072,0.2,-0.0652,0.1,0.86464,0.75
715,5,0.4304,0.6,0.9384,0.2,1.0,-0.175,0.84696,0.75
716,6,0.44808,0.625,0.95608,0.2,0.73232,1.0,0.82928,0.75
717,,0.41576,0.6,0.92376,0.15,0.66464,0.925,0.7616,0.7
718,,0.38344,0.575,0.89144,0.1,0.59696,0.85,0.69392,0.65
719,,0.35112,0.55,0.85912,0.05,0.52928,0.775,0.62624,0.6
720,,0.3188,0.525,0.8268,0.0,0.4616,0.7,0.55856,0.55
721,,0.28648,0.5,0.79448,-0.05,0.39392,0.625,0.49088,0.5
722,4,0.30416,0.525,0.81216,1.0,0.37624,0.6,0.4732,0.5
723,,0.27184,0.5,0.77984,0.95,0.30856,0.525,0.40552,0.45
724,,0.23952,0.475,0.74752,0.9,0.24088,0.45,0.33784,0.4
725,,0.2072,0.45,0.7152,0.85,0.1732,0.375,0.27016,0.35
726,,0.17488,0.425,0.68288,0.8,0.10552,0.3,0.20248,0.3
727,,0.14256,0.4,0.65056,0.75,0.03784,0.225,0.1348,0.25
728,,0.11024,0.375,0.61824,0.7,-0.02984,0.15,0.06712,0.2
729,5,0.12792,0.4,0.63592,0.7,1.0,-0.125,0.04944,0.2
730,6,0.1456,0.425,0.6536,0.7,0.73232,1.0,0.03176,0.2
731,,0.11328,0.4,0.62128,0.65,0.66464,0.925,-0.03592,0.15
732,7,0.13096,0.425,0.63896,0.65,0.64696,0.9,1.0,0.15
733,,0.09864,0.4,0.60664,0.6,0.57928,0.825,0.93232,0.1
734,,0.06632,0.375,0.57432,0.55,0.5116,0.75,0.86464,0.05
735,,0.034,0.35,0.542,0.5,0.44392,0.675,0.79696,0.0
736,,0.00168,0.325,0.50968,0.45,0.37624,0.6,0.72928,-0.05
737,8,0.01936,0.35,0.52736,0.45,0.35856,0.575,0.7116,1.0
738,,-0.01296,0.325,0.49504,0.4,0.29088,0.5,0.64392,0.95
739,1,1.0,0.35,0.51272,0.4,0.2732,0.475,0.62624,0.95
740,,0.96768,0.325,0.4804,0.35,0.20552,0.4,0.55856,0.9
741,,0.93536,0.3,0.44808,0.3,0.13784,0.325,0.49088,0.85
742,,0.90304,0.275,0.41576,0.25,0.07016,0.25,0.4232,0.8
743,,0.87072,0.25,0.38344,0.2,0.00248,0.175,0.35552,0.75
744,,0.8384,0.225,0.35112,0.15,-0.0652,0.1,0.28784,0.7
745,5,0.85608,0.25,0.3688,0.15,1.0,-0.175,0.27016,0.7
746,6,0.87376,0.275,0.38648,0.15,0.73232,1.0,0.25248,0.7
747,,0.84144,0.25,0.35416,0.1,0.66464,0.925,0.1848,0.65
748,,0.80912,0.225,0.32184,0.05,0.59696,0.85,0.11712,0.6
749,,0.7768,0.2,0.28952,0.0,0.52928,0.775,0.04944,0.55
750,,0.74448,0.175,0.2572,-0.05,0.4616,0.7,-0.01824,0.5
751,4,0.76216,0.2,0.27488,1.0,0.44392,0.675,-0.03592,0.5
752,7,0.77984,0.225,0.29256,1.0,0.42624,0.65,1.0,0.5
753,,0.74752,0.2,0.26024,0.95,0.35856,0.575,0.93232,0.45
754,,0.7152,0.175,0.22792,0.9,0.29088,0.5,0.86464,0.4
755,,0.68288,0.15,0.1956,0.85,0.2232,0.425,0.79696,0.35
756,,0.65056,0.125,0.16328,0.8,0.15552,0.35,0.72928,0.3
757,,0.61824,0.1,0.13096,0.75,0.08784,0.275,0.6616,0.25
758,,0.58592,0.075,0.09864,0.7,0.02016,0.2,0.59392,0.2
759,,0.5536,0.05,0.06632,0.65,-0.04752,0.125,0.52624,0.15
760,5,0.57128,0.075,0.084,0.65,1.0,-0.15,0.50856,0.15
761,6,0.58896,0.1,0.10168,0.65,0.73232,1.0,0.49088,0.15
762,,0.55664,0.075,0.06936,0.6,0.66464,0.925,0.4232,0.1
763,,0.52432,0.05,0.03704,0.55,0.59696,0.85,0.35552,0.05
764,,0.492,0.025,0.00472,0.5,0.52928,0.775,0.28784,0.0
765,,0.45968,0.0,-0.0276,0.45,0.4616,0.7,0.22016,-0.05
766,8,0.47736,0.025,-0.00992,0.45,0.44392,0.675,0.20248,1.0
767,3,0.49504,0.05,1.0,0.45,0.42624,0.65,0.1848,1.0
768,,0.46272,0.025,0.96768,0.4,0.35856,0.575,0.11712,0.95
769,,0.4304,0.0,0.93536,0.35,0.29088,0.5,0.04944,0.9
770,,0.39808,-0.025,0.90304,0.3,0.2232,0.425,-0.01824,0.85
771,2,0.41576,1.0,0.92072,0.3,0.20552,0.4,-0.03592,0.85
772,7,0.43344,1.0,0.9384,0.3,0.18784,0.375,1.0,0.85
773,,0.40112,0.975,0.90608,0.25,0.12016,0.3,0.93232,0.8
774,,0.3688,0.95,0.87376,0.2,0.05248,0.225,0.86464,0.75
775,,0.33648,0.925,0.84144,0.15,-0.0152,0.15,0.79696,0.7
776,5,0.35416,0.95,0.85912,0.15,1.0,-0.125,0.77928,0.7
777,6,0.37184,0.975,0.8768,0.15,0.73232,1.0,0.7616,0.7
778,,0.33952,0.95,0.84448,0.1,0.66464,0.925,0.69392,0.65
779,,0.3072,0.925,0.81216,0.05,0.59696,0.85,0.62624,0.6
780,,0.27488,0.9,0.77984,0.0,0.52928,0.775,0.55856,0.55
781,,0.24256,0.875,0.74752,-0.05,0.4616,0.7,0.49088,0.5
782,4,0.26024,0.9,0.7652,1.0,0.44392,0.675,0.4732,0.5
783,,0.22792,0.875,0.73288,0.95,0.37624,0.6,0.40552,0.45
784,,0.1956,0.85,0.70056,0.9,0.30856,0.525,0.33784,0.4
785,,0.16328,0.825,0.66824,0.85,0.24088,0.45,0.27016,0.35
786,,0.13096,0.8,0.63592,0.8,0.1732,0.375,0.20248,0.3
787,,0.09864,0.775,0.6036,0.75,0.10552,0.3,0.1348,0.25
788,,0.06632,0.75,0.57128,0.7,0.03784,0.225,0.06712,0.2
789,,0.034,0.725,0.53896,0.65,-0.02984,0.15,-0.00056,0.15
790,5,0.05168,0.75,0.55664,0.65,1.0,-0.125,-0.01824,0.15
791,6,0.06936,0.775,0.57432,0.65,0.73232,1.0,-0.03592,0.15
792,7,0.08704,0.8,0.592,0.65,0.71464,0.975,1.0,0.15
793,,0.05472,0.775,0.55968,0.6,0.64696,0.9,0.93232,0.1
794,,0.0224,0.75,0.52736,0.55,0.57928,0.825,0.86464,0.05
795,,-0.00992,0.725,0.49504,0.5,0.5116,0.75,0.79696,0.0
796,1,1.0,0.75,0.51272,0.5,0.49392,0.725,0.77928,0.0
797,,0.96768,0.725,0.4804,0.45,0.42624,0.65,0.7116,-0.05
798,8,0.98536,0.75,0.49808,0.45,0.40856,0.625,0.69392,1.0
799,,0.95304,0.725,0.46576,0.4,0.34088,0.55,0.62624,0.95
800,,0.92072,0.7,0.43344,0.35,0.2732,0.475,0.55856,0.9
801,,0.8884,0.675,0.40112,0.3,0.20552,0.4,0.49088,0.85
802,,0.85608,0.65,0.3688,0.25,0.13784,0.325,0.4232,0.8
803,,0.82376,0.625,0.33648,0.2,0.07016,0.25,0.35552,0.75
804,,0.79144,0.6,0.30416,0.15,0.00248,0.175,0.28784,0.7
805,,0.75912,0.575,0.27184,0.1,-0.0652,0.1,0.22016,0.65
806,5,0.7768,0.6,0.28952,0.1,1.0,-0.175,0.20248,0.65
807,6,0.79448,0.625,0.3072,0.1,0.73232,1.0,0.1848,0.65
808,,0.76216,0.6,0.27488,0.05,0.66464,0.925,0.11712,0.6
809,,0.72984,0.575,0.24256,0.0,0.59696,0.85,0.04944,0.55
810,,0.69752,0.55,0.21024,-0.05,0.52928,0.775,-0.01824,0.5
811,4,0.7152,0.575,0.22792,1.0,0.5116,0.75,-0.03592,0.5
812,7,0.73288,0.6,0.2456,1.0,0.49392,0.725,1.0,0.5
813,,0.70056,0.575,0.21328,0.95,0.42624,0.65,0.93232,0.45
814,,0.66824,0.55,0.18096,0.9,0.35856,0.575,0.86464,0.4
815,,0.63592,0.525,0.14864,0.85,0.29088,0.5,0.79696,0.35
816,,0.6036,0.5,0.11632,0.8,0.2232,0.425,0.72928,0.3
817,,0.57128,0.475,0.084,0.75,0.15552,0.35,0.6616,0.25
818,,0.53896,0.45,0.05168,0.7,0.08784,0.275,0.59392,0.2
819,,0.50664,0.425,0.01936,0.65,0.02016,0.2,0.52624,0.15
820,,0.47432,0.4,-0.01296,0.6,-0.04752,0.125,0.45856,0.1
821,5,0.492,0.425,0.00472,0.6,1.0,-0.15,0.44088,0.1
822,6,0.50968,0.45,0.0224,0.6,0.73232,1.0,0.4232,0.1
823,,0.47736,0.425,-0.00992,0.55,0.66464,0.925,0.35552,0.05
824,3,0.49504,0.45,1.0,0.55,0.64696,0.9,0.33784,0.05
825,,0.46272,0.425,0.96768,0.5,0.57928,0.825,0.27016,0.0
826,,0.4304,0.4,0.93536,0.45,0.5116,0.75,0.20248,-0.05
827,8,0.44808,0.425,0.95304,0.45,0.49392,0.725,0.1848,1.0
828,,0.41576,0.4,0.92072,0.4,0.42624,0.65,0.11712,0.95
829,,0.38344,0.375,0.8884,0.35,0.35856,0.575,0.04944,0.9
830,,0.35112,0.35,0.85608,0.3,0.29088,0.5,-0.01824,0.85
831,7,0.3688,0.375,0.87376,0.3,0.2732,0.475,1.0,0.85
832,,0.33648,0.35,0.84144,0.25,0.20552,0.4,0.93232,0.8
833,,0.30416,0.325,0.80912,0.2,0.13784,0.325,0.86464,0.75
834,,0.27184,0.3,0.7768,0.15,0.07016,0.25,0.79696,0.7
835,,0.23952,0.275,0.74448,0.1,0.00248,0.175,0.72928,0.65
836,,0.2072,0.25,0.71216,0.05,-0.0652,0.1,0.6616,0.6
837,5,0.22488,0.275,0.72984,0.05,1.0,-0.175,0.64392,0.6
838,6,0.24256,0.3,0.74752,0.05,0.73232,1.0,0.62624,0.6
839,,0.21024,0.275,0.7152,0.0,0.66464,0.925,0.55856,0.55
840,,0.17792,0.25,0.68288,-0.05,0.59696,0.85,0.49088,0.5
841,4,0.1956,0.275,0.70056,1.0,0.57928,0.825,0.4732,0.5
842,,0.16328,0.25,0.66824,0.95,0.5116,0.75,0.40552,0.45
843,,0.13096,0.225,0.63592,0.9,0.44392,0.675,0.33784,0.4
844,,0.09864,0.2,0.6036,0.85,0.37624,0.6,0.27016,0.35
845,,0.06632,0.175,0.57128,0.8,0.30856,0.525,0.20248,0.3
846,,0.034,0.15,0.53896,0.75,0.24088,0.45,0.1348,0.25
847,,0.00168,0.125,0.50664,0.7,0.1732,0.375,0.06712,0.2
848,,-0.03064,0.1,0.47432,0.65,0.10552,0.3,-0.00056,0.15
849,1,1.0,0.125,0.492,0.65,0.08784,0.275,-0.01824,0.15
850,7,1.0,0.15,0.50968,0.65,0.07016,0.25,1.0,0.15
851,,0.96768,0.125,0.47736,0.6,0.00248,0.175,0.93232,0.1
852,,0.93536,0.1,0.44504,0.55,-0.0652,0.1,0.86464,0.05
853,5,0.95304,0.125,0.46272,0.55,1.0,-0.175,0.84696,0.05
854,6,0.97072,0.15,0.4804,0.55,0.73232,1.0,0.82928,0.05
855,,0.9384,0.125,0.44808,0.5,0.66464,0.925,0.7616,0.0
856,,0.90608,0.1,0.41576,0.45,0.59696,0.85,0.69392,-0.05
857,8,0.92376,0.125,0.43344,0.45,0.57928,0.825,0.67624,1.0
858,,0.89144,0.1,0.40112,0.4,0.5116,0.75,0.60856,0.95
859,,0.85912,0.075,0.3688,0.35,0.44392,0.675,0.54088,0.9
860,,0.8268,0.05,0.33648,0.3,0.37624,0.6,0.4732,0.85
861,,0.79448,0.025,0.30416,0.25,0.30856,0.525,0.40552,0.8
862,,0.76216,0.0,0.27184,0.2,0.24088,0.45,0.33784,0.75
863,,0.72984,-0.025,0.23952,0.15,0.1732,0.375,0.27016,0.7
864,2,0.74752,1.0,0.2572,0.15,0.15552,0.35,0.25248,0.7
865,,0.7152,0.975,0.22488,0.1,0.08784,0.275,0.1848,0.65
866,,0.68288,0.95,0.19256,0.05,0.02016,0.2,0.11712,0.6
867,,0.65056,0.925,0.16024,0.0,-0.04752,0.125,0.04944,0.55
868,5,0.66824,0.95,0.17792,0.0,1.0,-0.15,0.03176,0.55
869,6,0.68592,0.975,0.1956,0.0,0.73232,1.0,0.01408,0.55
870,,0.6536,0.95,0.16328,-0.05,0.66464,0.925,-0.0536,0.5
871,7,0.67128,0.975,0.18096,-0.05,0.64696,0.9,1.0,0.5
872,4,0.68896,1.0,0.19864,1.0,0.62928,0.875,0.98232,0.5
873,,0.65664,0.975,0.16632,0.95,0.5616,0.8,0.91464,0.45
874,,0.62432,0.95,0.134,0.9,0.49392,0.725,0.84696,0.4
875,,0.592,0.925,0.10168,0.85,0.42624,0.65,0.77928,0.35
876,,0.55968,0.9,0.06936,0.8,0.35856,0.575,0.7116,0.3
877,,0.52736,0.875,0.03704,0.75,0.29088,0.5,0.64392,0.25
878,,0.49504,0.85,0.00472,0.7,0.2232,0.425,0.57624,0.2
879,,0.46272,0.825,-0.0276,0.65,0.15552,0.35,0.50856,0.15
880,3,0.4804,0.85,1.0,0.65,0.13784,0.325,0.49088,0.15
881,,0.44808,0.825,0.96768,0.6,0.07016,0.25,0.4232,0.1
882,,0.41576,0.8,0.93536,0.55,0.00248,0.175,0.35552,0.05
883,,0.38344,0.775,0.90304,0.5,-0.0652,0.1,0.28784,0.0
884,5,0.40112,0.8,0.92072,0.5,1.0,-0.175,0.27016,0.0
885,6,0.4188,0.825,0.9384,0.5,0.73232,1.0,0.25248,0.0
886,,0.38648,0.8,0.90608,0.45,0.66464,0.925,0.1848,-0.05
887,8,0.40416,0.825,0.92376,0.45,0.64696,0.9,0.16712,1.0
888,,0.37184,0.8,0.89144,0.4,0.57928,0.825,0.09944,0.95
889,,0.33952,0.775,0.85912,0.35,0.5116,0.75,0.03176,0.9
890,,0.3072,0.75,0.8268,0.3,0.44392,0.675,-0.03592,0.85
891,7,0.32488,0.775,0.84448,0.3,0.42624,0.65,1.0,0.85
892,,0.29256,0.75,0.81216,0.25,0.35856,0.575,0.93232,0.8
893,,0.26024,0.725,0.77984,0.2,0.29088,0.5,0.86464,0.75
894,,0.22792,0.7,0.74752,0.15,0.2232,0.425,0.79696,0.7
895,,0.1956,0.675,0.7152,0.1,0.15552,0.35,0.72928,0.65
896,,0.16328,0.65,0.68288,0.05,0.08784,0.275,0.6616,0.6
897,,0.13096,0.625,0.65056,0.0,0.02016,0.2,0.59392,0.55
898,,0.09864,0.6,0.61824,-0.05,-0.04752,0.125,0.52624,0.5
899,4,0.11632,0.625,0.63592,1.0,-0.0652,0.1,0.50856,0.5
900,5,0.134,0.65,0.6536,1.0,1.0,-0.175,0.49088,0.5
901,6,0.15168,0.675,0.67128,1.0,0.73232,1.0,0.4732,0.5
902,,0.11936,0.65,0.63896,0.95,0.66464,0.925,0.40552,0.45
903,,0.08704,0.625,0.60664,0.9,0.59696,0.85,0.33784,0.4
904,,0.05472,0.6,0.57432,0.85,0.52928,0.775,0.27016,0.35
905,,0.0224,0.575,0.542,0.8,0.4616,0.7,0.20248,0.3
906,,-0.00992,0.55,0.50968,0.75,0.39392,0.625,0.1348,0.25
907,1,1.0,0.575,0.52736,0.75,0.37624,0.6,0.11712,0.25
908,,0.96768,0.55,0.49504,0.7,0.30856,0.525,0.04944,0.2
909,,0.93536,0.525,0.46272,0.65,0.24088,0.45,-0.01824,0.15
910,7,0.95304,0.55,0.4804,0.65,0.2232,0.425,1.0,0.15
911,,0.92072,0.525,0.44808,0.6,0.15552,0.35,0.93232,0.1
912,,0.8884,0.5,0.41576,0.55,0.08784,0.275,0.86464,0.05
913,,0.85608,0.475,0.38344,0.5,0.02016,0.2,0.79696,0.0
914,,0.82376,0.45,0.35112,0.45,-0.04752,0.125,0.72928,-0.05
915,8,0.84144,0.475,0.3688,0.45,-0.0652,0.1,0.7116,1.0
916,5,0.85912,0.5,0.38648,0.45,1.0,-0.175,0.69392,1.0
917,6,0.8768,0.525,0.40416,0.45,0.73232,1.0,0.67624,1.0
918,,0.84448,0.5,0.37184,0.4,0.66464,0.925,0.60856,0.95
919,,0.81216,0.475,0.33952,0.35,0.59696,0.85,0.54088,0.9
920,,0.77984,0.45,0.3072,0.3,0.52928,0.775,0.4732,0.85
921,,0.74752,0.425,0.27488,0.25,0.4616,0.7,0.40552,0.8
922,,0.7152,0.4,0.24256,0.2,0.39392,0.625,0.33784,0.75
923,,0.68288,0.375,0.21024,0.15,0.32624,0.55,0.27016,0.7
924,,0.65056,0.35,0.17792,0.1,0.25856,0.475,0.20248,0.65
925,,0.61824,0.325,0.1456,0.05,0.19088,0.4,0.1348,0.6
926,,0.58592,0.3,0.11328,0.0,0.1232,0.325,0.06712,0.55
927,,0.5536,0.275,0.08096,-0.05,0.05552,0.25,-0.00056,0.5
928,4,0.57128,0.3,0.09864,1.0,0.03784,0.225,-0.01824,0.5
929,7,0.58896,0.325,0.11632,1.0,0.02016,0.2,1.0,0.5
930,,0.55664,0.3,0.084,0.95,-0.04752,0.125,0.93232,0.45
931,5,0.57432,0.325,0.10168,0.95,1.0,-0.15,0.91464,0.45
932,6,0.592,0.35,0.11936,0.95,0.73232,1.0,0.89696,0.45
933,,0.55968,0.325,0.08704,0.9,0.66464,0.925,0.82928,0.4
934,,0.52736,0.3,0.05472,0.85,0.59696,0.85,0.7616,0.35
935,,0.49504,0.275,0.0224,0.8,0.52928,0.775,0.69392,0.3
936,,0.46272,0.25,-0.00992,0.75,0.4616,0.7,0.62624,0.25
937,3,0.4804,0.275,1.0,0.75,0.44392,0.675,0.60856,0.25
938,,0.44808,0.25,0.96768,0.7,0.37624,0.6,0.54088,0.2
939,,0.41576,0.225,0.93536,0.65,0.30856,0.525,0.4732,0.15
940,,0.38344,0.2,0.90304,0.6,0.24088,0.45,0.40552,0.1
941,,0.35112,0.175,0.87072,0.55,0.1732,0.375,0.33784,0.05
942,,0.3188,0.15,0.8384,0.5,0.10552,0.3,0.27016,0.0
943,,0.28648,0.125,0.80608,0.45,0.03784,0.225,0.20248,-0.05
944,8,0.30416,0.15,0.82376,0.45,0.02016,0.2,0.1848,1.0
945,,0.27184,0.125,0.79144,0.4,-0.04752,0.125,0.11712,0.95
946,5,0.28952,0.15,0.80912,0.4,1.0,-0.15,0.09944,0.95
947,6,0.3072,0.175,0.8268,0.4,0.73232,1.0,0.08176,0.95
948,,0.27488,0.15,0.79448,0.35,0.66464,0.925,0.01408,0.9
949,,0.24256,0.125,0.76216,0.3,0.59696,0.85,-0.0536,0.85
950,7,0.26024,0.15,0.77984,0.3,0.57928,0.825,1.0,0.85
951,,0.22792,0.125,0.74752,0.25,0.5116,0.75,0.93232,0.8
952,,0.1956,0.1,0.7152,0.2,0.44392,0.675,0.86464,0.75
953,,0.16328,0.075,0.68288,0.15,0.37624,0.6,0.79696,0.7
954,,0.13096,0.05,0.65056,0.1,0.30856,0.525,0.72928,0.65
955,,0.09864,0.025,0.61824,0.05,0.24088,0.45,0.6616,0.6
956,,0.06632,0.0,0.58592,0.0,0.1732,0.375,0.59392,0.55
957,,0.034,-0.025,0.5536,-0.05,0.10552,0.3,0.52624,0.5
958,4,0.05168,0.0,0.57128,1.0,0.08784,0.275,0.50856,0.5
959,,0.01936,-0.025,0.53896,0.95,0.02016,0.2,0.44088,0.45
960,2,0.03704,1.0,0.55664,0.95,0.00248,0.175,0.4232,0.45
961,,0.00472,0.975,0.52432,0.9,-0.0652,0.1,0.35552,0.4
962,5,0.0224,1.0,0.542,0.9,1.0,-0.175,0.33784,0.4
963,6,0.04008,1.0,0.55968,0.9,0.73232,1.0,0.32016,0.4
964,,0.00776,0.975,0.52736,0.85,0.66464,0.925,0.25248,0.35
965,,-0.02456,0.95,0.49504,0.8,0.59696,0.85,0.1848,0.3
966,1,1.0,0.975,0.51272,0.8,0.57928,0.825,0.16712,0.3
967,,0.96768,0.95,0.4804,0.75,0.5116,0.75,0.09944,0.25
968,,0.93536,0.925,0.44808,0.7,0.44392,0.675,0.03176,0.2
969,,0.90304,0.9,0.41576,0.65,0.37624,0.6,-0.03592,0.15
970,7,0.92072,0.925,0.43344,0.65,0.35856,0.575,1.0,0.15
971,,0.8884,0.9,0.40112,0.6,0.29088,0.5,0.93232,0.1
972,,0.85608,0.875,0.3688,0.55,0.2232,0.425,0.86464,0.05
973,,0.82376,0.85,0.33648,0.5,0.15552,0.35,0.79696,0.0
974,,0.79144,0.825,0.30416,0.45,0.08784,0.275,0.72928,-0.05
975,8,0.80912,0.85,0.32184,0.45,0.07016,0.25,0.7116,1.0
976,,0.7768,0.825,0.28952,0.4,0.00248,0.175,0.64392,0.95
977,,0.74448,0.8,0.2572,0.35,-0.0652,0.1,0.57624,0.9
978,5,0.76216,0.825,0.27488,0.35,1.0,-0.175,0.55856,0.9
979,6,0.77984,0.85,0.29256,0.35,0.73232,1.0,0.54088,0.9
980,,0.74752,0.825,0.26024,0.3,0.66464,0.925,0.4732,0.85
981,,0.7152,0.8,0.22792,0.25,0.59696,0.85,0.40552,0.8
982,,0.68288,0.775,0.1956,0.2,0.52928,0.775,0.33784,0.75
983,,0.65056,0.75,0.16328,0.15,0.4616,0.7,0.27016,0.7
984,,0.61824,0.725,0.13096,0.1,0.39392,0.625,0.20248,0.65
985,,0.58592,0.7,0.09864,0.05,0.32624,0.55,0.1348,0.6
986,,0.5536,0.675,0.06632,0.0,0.25856,0.475,0.06712,0.55
987,,0.52128,0.65,0.034,-0.05,0.19088,0.4,-0.00056,0.5
988,4,0.53896,0.675,0.05168,1.0,0.1732,0.375,-0.01824,0.5
989,7,0.55664,0.7,0.06936,1.0,0.15552,0.35,1.0,0.5
990,,0.52432,0.675,0.03704,0.95,0.08784,0.275,0.93232,0.45
991,,0.492,0.65,0.00472,0.9,0.02016,0.2,0.86464,0.4
992,,0.45968,0.625,-0.0276,0.85,-0.04752,0.125,0.79696,0.35
993,5,0.47736,0.65,-0.00992,0.85,1.0,-0.15,0.77928,0.35
994,6,0.49504,0.675,0.00776,0.85,0.73232,1.0,0.7616,0.35
995,,0.46272,0.65,-0.02456,0.8,0.66464,0.925,0.69392,0.3
996,3,0.4804,0.675,1.0,0.8,0.64696,0.9,0.67624,0.3
997,,0.44808,0.65,0.96768,0.75,0.57928,0.825,0.60856,0.25
998,,0.41576,0.625,0.93536,0.7,0.5116,0.75,0.54088,0.2
999,,0.38344,0.6,0.90304,0.65,0.44392,0.675,0.4732,0.15
1000,,0.35112,0.575,0.87072,0.6,0.37624,0.6,0.40552,0.1
1001,,0.3188,0.55,0.8384,0.55,0.30856,0.525,0.33784,0.05
1002,,0.28648,0.525,0.80608,0.5,0.24088,0.45,0.27016,0.0
1003,,0.25416,0.5,0.77376,0.45,0.1732,0.375,0.20248,-0.05
1004,8,0.27184,0.525,0.79144,0.45,0.15552,0.35,0.1848,1.0
1005,,0.23952,0.5,0.75912,0.4,0.08784,0.275,0.11712,0.95
1006,,0.2072,0.475,0.7268,0.35,0.02016,0.2,0.04944,0.9
1007,,0.17488,0.45,0.69448,0.3,-0.04752,0.125,-0.01824,0.85
1008,5,0.19256,0.475,0.71216,0.3,1.0,-0.15,-0.03592,0.85
1009,6,0.21024,0.5,0.72984,0.3,0.73232,1.0,-0.0536,0.85
1010,7,0.22792,0.525,0.74752,0.3,0.71464,0.975,1.0,0.85
1011,,0.1956,0.5,0.7152,0.25,0.64696,0.9,0.93232,0.8
1012,,0.16328,0.475,0.68288,0.2,0.57928,0.825,0.86464,0.75
1013,,0.13096,0.45,0.65056,0.15,0.5116,0.75,0.79696,0.7
1014,,0.09864,0.425,0.61824,0.1,0.44392,0.675,0.72928,0.65
1015,,0.06632,0.4,0.58592,0.05,0.37624,0.6,0.6616,0.6
1016,,0.034,0.375,0.5536,0.0,0.30856,0.525,0.59392,0.55
1017,,0.00168,0.35,0.52128,-0.05,0.24088,0.45,0.52624,0.5
1018,4,0.01936,0.375,0.53896,1.0,0.2232,0.425,0.50856,0.5
1019,,-0.01296,0.35,0.50664,0.95,0.15552,0.35,0.44088,0.45
1020,1,1.0,0.375,0.52432,0.95,0.13784,0.325,0.4232,0.45
1021,,0.96768,0.35,0.492,0.9,0.07016,0.25,0.35552,0.4
1022,,0.93536,0.325,0.45968,0.85,0.00248,0.175,0.28784,0.35
1023,,0.90304,0.3,0.42736,0.8,-0.0652,0.1,0.22016,0.3
1024,5,0.92072,0.325,0.44504,0.8,1.0,-0.175,0.20248,0.3
1025,6,0.9384,0.35,0.46272,0.8,0.73232,1.0,0.1848,0.3
1026,,0.90608,0.325,0.4304,0.75,0.66464,0.925,0.11712,0.25
1027,,0.87376,0.3,0.39808,0.7,0.59696,0.85,0.04944,0.2
1028,,0.84144,0.275,0.36576,0.65,0.52928,0.775,-0.01824,0.15
1029,7,0.85912,0.3,0.38344,0.65,0.5116,0.75,1.0,0.15
1030,,0.8268,0.275,0.35112,0.6,0.44392,0.675,0.93232,0.1
1031,,0.79448,0.25,0.3188,0.55,0.37624,0.6,0.86464,0.05
1032,,0.76216,0.225,0.28648,0.5,0.30856,0.525,0.79696,0.0
1033,,0.72984,0.2,0.25416,0.45,0.24088,0.45,0.72928,-0.05
1034,8,0.74752,0.225,0.27184,0.45,0.2232,0.425,0.7116,1.0
1035,,0.7152,0.2,0.23952,0.4,0.15552,0.35,0.64392,0.95
1036,,0.68288,0.175,0.2072,0.35,0.08784,0.275,0.57624,0.9
1037,,0.65056,0.15,0.17488,0.3,0.02016,0.2,0.50856,0.85
1038,,0.61824,0.125,0.14256,0.25,-0.04752,0.125,0.44088,0.8
1039,5,0.63592,0.15,0.16024,0.25,1.0,-0.15,0.4232,0.8
1040,6,0.6536,0.175,0.17792,0.25,0.73232,1.0,0.40552,0.8
1041,,0.62128,0.15,0.1456,0.2,0.66464,0.925,0.33784,0.75
1042,,0.58896,0.125,0.11328,0.15,0.59696,0.85,0.27016,0.7
1043,,0.55664,0.1,0.08096,0.1,0.52928,0.775,0.20248,0.65
1044,,0.52432,0.075,0.04864,0.05,0.4616,0.7,0.1348,0.6
1045,,0.492,0.05,0.01632,0.0,0.39392,0.625,0.06712,0.55
1046,,0.45968,0.025,-0.016,-0.05,0.32624,0.55,-0.00056,0.5
1047,4,0.47736,0.05,0.00168,1.0,0.30856,0.525,-0.01824,0.5
1048,7,0.49504,0.075,0.01936,1.0,0.29088,0.5,1.0,0.5
1049,,0.46272,0.05,-0.01296,0.95,0.2232,0.425,0.93232,0.45
1050,3,0.4804,0.075,1.0,0.95,0.20552,0.4,0.91464,0.45
1051,,0.44808,0.05,0.96768,0.9,0.13784,0.325,0.84696,0.4
1052,,0.41576,0.025,0.93536,0.85,0.07016,0.25,0.77928,0.35
1053,,0.38344,0.0,0.90304,0.8,0.00248,0.175,0.7116,0.3
1054,,0.35112,-0.025,0.87072,0.75,-0.0652,0.1,0.64392,0.25
1055,5,0.3688,0.0,0.8884,0.75,1.0,-0.175,0.62624,0.25
1056,6,0.38648,0.025,0.90608,0.75,0.73232,1.0,0.60856,0.25
1057,,0.35416,0.0,0.87376,0.7,0.66464,0.925,0.54088,0.2
1058,,0.32184,-0.025,0.84144,0.65,0.59696,0.85,0.4732,0.15
1059,2,0.33952,1.0,0.85912,0.65,0.57928,0.825,0.45552,0.15
1060,,0.3072,0.975,0.8268,0.6,0.5116,0.75,0.38784,0.1
1061,,0.27488,0.95,0.79448,0.55,0.44392,0.675,0.32016,0.05
1062,,0.24256,0.925,0.76216,0.5,0.37624,0.6,0.25248,0.0
1063,,0.21024,0.9,0.72984,0.45,0.30856,0.525,0.1848,-0.05
1064,8,0.22792,0.925,0.74752,0.45,0.29088,0.5,0.16712,1.0
1065,,0.1956,0.9,0.7152,0.4,0.2232,0.425,0.09944,0.95
1066,,0.16328,0.875,0.68288,0.35,0.15552,0.35,0.03176,0.9
1067,,0.13096,0.85,0.65056,0.3,0.08784,0.275,-0.03592,0.85
1068,7,0.14864,0.875,0.66824,0.3,0.07016,0.25,1.0,0.85
1069,,0.11632,0.85,0.63592,0.25,0.00248,0.175,0.93232,0.8
1070,,0.084,0.825,0.6036,0.2,-0.0652,0.1,0.86464,0.75
1071,5,0.10168,0.85,0.62128,0.2,1.0,-0.175,0.84696,0.75
1072,6,0.11936,0.875,0.63896,0.2,0.73232,1.0,0.82928,0.75
1073,,0.08704,0.85,0.60664,0.15,0.66464,0.925,0.7616,0.7
1074,,0.05472,0.825,0.57432,0.1,0.59696,0.85,0.69392,0.65
1075,,0.0224,0.8,0.542,0.05,0.52928,0.775,0.62624,0.6
1076,,-0.00992,0.775,0.50968,0.0,0.4616,0.7,0.55856,0.55
1077,1,1.0,0.8,0.52736,0.0,0.44392,0.675,0.54088,0.55
1078,,0.96768,0.775,0.49504,-0.05,0.37624,0.6,0.4732,0.5
1079,4,0.98536,0.8,0.51272,1.0,0.35856,0.575,0.45552,0.5
1080,,0.95304,0.775,0.4804,0.95,0.29088,0.5,0.38784,0.45
1081,,0.92072,0.75,0.44808,0.9,0.2232,0.425,0.32016,0.4
1082,,0.8884,0.725,0.41576,0.85,0.15552,0.35,0.25248,0.35
1083,,0.85608,0.7,0.38344,0.8,0.08784,0.275,0.1848,0.3
1084,,0.82376,0.675,0.35112,0.75,0.02016,0.2,0.11712,0.25
1085,,0.79144,0.65,0.3188,0.7,-0.04752,0.125,0.04944,0.2
1086,5,0.80912,0.675,0.33648,0.7,1.0,-0.15,0.03176,0.2
1087,6,0.8268,0.7,0.35416,0.7,0.73232,1.0,0.01408,0.2
1088,,0.79448,0.675,0.32184,0.65,0.66464,0.925,-0.0536,0.15
1089,7,0.81216,0.7,0.33952,0.65,0.64696,0.9,1.0,0.15
1090,,0.77984,0.675,0.3072,0.6,0.57928,0.825,0.93232,0.1
1091,,0.74752,0.65,0.27488,0.55,0.5116,0.75,0.86464,0.05
1092,,0.7152,0.625,0.24256,0.5,0.44392,0.675,0.79696,0.0
1093,,0.68288,0.6,0.21024,0.45,0.37624,0.6,0.72928,-0.05
1094,8,0.70056,0.625,0.22792,0.45,0.35856,0.575,0.7116,1.0
1095,,0.66824,0.6,0.1956,0.4,0.29088,0.5,0.64392,0.95
1096,,0.63592,0.575,0.16328,0.35,0.2232,0.425,0.57624,0.9
1097,,0.6036,0.55,0.13096,0.3,0.15552,0.35,0.50856,0.85
1098,,0.57128,0.525,0.09864,0.25,0.08784,0.275,0.44088,0.8
1099,,0.53896,0.5,0.06632,0.2,0.02016,0.2,0.3732,0.75
1100,,0.50664,0.475,0.034,0.15,-0.04752,0.125,0.30552,0.7
1101,5,0.52432,0.5,0.05168,0.15,1.0,-0.15,0.28784,0.7
1102,6,0.542,0.525,0.06936,0.15,0.73232,1.0,0.27016,0.7
1103,,0.50968,0.5,0.03704,0.1,0.66464,0.925,0.20248,0.65
1104,,0.47736,0.475,0.00472,0.05,0.59696,0.85,0.1348,0.6
1105,,0.44504,0.45,-0.0276,0.0,0.52928,0.775,0.06712,0.55
1106,3,0.46272,0.475,1.0,0.0,0.5116,0.75,0.04944,0.55
1107,,0.4304,0.45,0.96768,-0.05,0.44392,0.675,-0.01824,0.5
1108,4,0.44808,0.475,0.98536,1.0,0.42624,0.65,-0.03592,0.5
1109,7,0.46576,0.5,1.0,1.0,0.40856,0.625,1.0,0.5
1110,,0.43344,0.475,0.96768,0.95,0.34088,0.55,0.93232,0.45
1111,,0.40112,0.45,0.93536,0.9,0.2732,0.475,0.86464,0.4
1112,,0.3688,0.425,0.90304,0.85,0.20552,0.4,0.79696,0.35
1113,,0.33648,0.4,0.87072,0.8,0.13784,0.325,0.72928,0.3
1114,,0.30416,0.375,0.8384,0.75,0.07016,0.25,0.6616,0.25
1115,,0.27184,0.35,0.80608,0.7,0.00248,0.175,0.59392,0.2
1116,,0.23952,0.325,0.77376,0.65,-0.0652,0.1,0.52624,0.15
1117,5,0.2572,0.35,0.79144,0.65,1.0,-0.175,0.50856,0.15
1118,6,0.27488,0.375,0.80912,0.65,0.73232,1.0,0.49088,0.15
1119,,0.24256,0.35,0.7768,0.6,0.66464,0.925,0.4232,0.1
1120,,0.21024,0.325,0.74448,0.55,0.59696,0.85,0.35552,0.05
1121,,0.17792,0.3,0.71216,0.5,0.52928,0.775,0.28784,0.0
1122,,0.1456,0.275,0.67984,0.45,0.4616,0.7,0.22016,-0.05
1123,8,0.16328,0.3,0.69752,0.45,0.44392,0.675,0.20248,1.0
1124,,0.13096,0.275,0.6652,0.4,0.37624,0.6,0.1348,0.95
1125,,0.09864,0.25,0.63288,0.35,0.30856,0.525,0.06712,0.9
1126,,0.06632,0.225,0.60056,0.3,0.24088,0.45,-0.00056,0.85
1127,7,0.084,0.25,0.61824,0.3,0.2232,0.425,1.0,0.85
1128,,0.05168,0.225,0.58592,0.25,0.15552,0.35,0.93232,0.8
1129,,0.01936,0.2,0.5536,0.2,0.08784,0.275,0.86464,0.75
1130,,-0.01296,0.175,0.52128,0.15,0.02016,0.2,0.79696,0.7
1131,1,1.0,0.2,0.53896,0.15,0.00248,0.175,0.77928,0.7
1132,,0.96768,0.175,0.50664,0.1,-0.0652,0.1,0.7116,0.65
1133,5,0.98536,0.2,0.52432,0.1,1.0,-0.175,0.69392,0.65
1134,6,1.0,0.225,0.542,0.1,0.73232,1.0,0.67624,0.65
1135,,0.96768,0.2,0.50968,0.05,0.66464,0.925,0.60856,0.6
1136,,0.93536,0.175,0.47736,0.0,0.59696,0.85,0.54088,0.55
1137,,0.90304,0.15,0.44504,-0.05,0.52928,0.775,0.4732,0.5
1138,4,0.92072,0.175,0.46272,1.0,0.5116,0.75,0.45552,0.5
1139,,0.8884,0.15,0.4304,0.95,0.44392,0.675,0.38784,0.45
1140,,0.85608,0.125,0.39808,0.9,0.37624,0.6,0.32016,0.4
1141,,0.82376,0.1,0.36576,0.85,0.30856,0.525,0.25248,0.35
1142,,0.79144,0.075,0.33344,0.8,0.24088,0.45,0.1848,0.3
1143,,0.75912,0.05,0.30112,0.75,0.1732,0.375,0.11712,0.25
1144,,0.7268,0.025,0.2688,0.7,0.10552,0.3,0.04944,0.2
1145,,0.69448,0.0,0.23648,0.65,0.03784,0.225,-0.01824,0.15
1146,7,0.71216,0.025,0.25416,0.65,0.02016,0.2,1.0,0.15
1147,,0.67984,0.0,0.22184,0.6,-0.04752,0.125,0.93232,0.1
1148,5,0.69752,0.025,0.23952,0.6,1.0,-0.15,0.91464,0.1
1149,6,0.7152,0.05,0.2572,0.6,0.73232,1.0,0.89696,0.1
1150,,0.68288,0.025,0.22488,0.55,0.66464,0.925,0.82928,0.05
1151,,0.65056,0.0,0.19256,0.5,0.59696,0.85,0.7616,0.0
1152,,0.61824,-0.025,0.16024,0.45,0.52928,0.775,0.69392,-0.05
1153,8,0.63592,0.0,0.17792,0.45,0.5116,0.75,0.67624,1.0
1154,,0.6036,-0.025,0.1456,0.4,0.44392,0.675,0.60856,0.95
1155,2,0.62128,1.0,0.16328,0.4,0.42624,0.65,0.59088,0.95
1156,,0.58896,0.975,0.13096,0.35,0.35856,0.575,0.5232,0.9
1157,,0.55664,0.95,0.09864,0.3,0.29088,0.5,0.45552,0.85
1158,,0.52432,0.925,0.06632,0.25,0.2232,0.425,0.38784,0.8
1159,,0.492,0.9,0.034,0.2,0.15552,0.35,0.32016,0.75
1160,,0.45968,0.875,0.00168,0.15,0.08784,0.275,0.25248,0.7
1161,,0.42736,0.85,-0.03064,0.1,0.02016,0.2,0.1848,0.65
1162,3,0.44504,0.875,1.0,0.1,0.00248,0.175,0.16712,0.65
1163,,0.41272,0.85,0.96768,0.05,-0.0652,0.1,0.09944,0.6
1164,5,0.4304,0.875,0.98536,0.05,1.0,-0.175,0.08176,0.6
1165,6,0.44808,0.9,1.0,0.05,0.73232,1.0,0.06408,0.6
1166,,0.41576,0.875,0.96768,0.0,0.66464,0.925,-0.0036,0.55
1167,7,0.43344,0.9,0.98536,0.0,0.64696,0.9,1.0,0.55
1168,,0.40112,0.875,0.95304,-0.05,0.57928,0.825,0.93232,0.5
1169,4,0.4188,0.9,0.97072,1.0,0.5616,0.8,0.91464,0.5
1170,,0.38648,0.875,0.9384,0.95,0.49392,0.725,0.84696,0.45
1171,,0.35416,0.85,0.90608,0.9,0.42624,0.65,0.77928,0.4
1172,,0.32184,0.825,0.87376,0.85,0.35856,0.575,0.7116,0.35
1173,,0.28952,0.8,0.84144,0.8,0.29088,0.5,0.64392,0.3
1174,,0.2572,0.775,0.80912,0.75,0.2232,0.425,0.57624,0.25
1175,,0.22488,0.75,0.7768,0.7,0.15552,0.35,0.50856,0.2
1176,,0.19256,0.725,0.74448,0.65,0.08784,0.275,0.44088,0.15
1177,,0.16024,0.7,0.71216,0.6,0.02016,0.2,0.3732,0.1
1178,,0.12792,0.675,0.67984,0.55,-0.04752,0.125,0.30552,0.05
1179,5,0.1456,0.7,0.69752,0.55,1.0,-0.15,0.28784,0.05
1180,6,0.16328,0.725,0.7152,0.55,0.73232,1.0,0.27016,0.05
1181,,0.13096,0.7,0.68288,0.5,0.66464,0.925,0.20248,0.0
1182,,0.09864,0.675,0.65056,0.45,0.59696,0.85,0.1348,-0.05
1183,8,0.11632,0.7,0.66824,0.45,0.57928,0.825,0.11712,1.0
1184,,0.084,0.675,0.63592,0.4,0.5116,0.75,0.04944,0.95
1185,,0.05168,0.65,0.6036,0.35,0.44392,0.675,-0.01824,0.9
1186,7,0.06936,0.675,0.62128,0.35,0.42624,0.65,1.0,0.9
1187,,0.03704,0.65,0.58896,0.3,0.35856,0.575,0.93232,0.85
1188,,0.00472,0.625,0.55664,0.25,0.29088,0.5,0.86464,0.8
1189,,-0.0276,0.6,0.52432,0.2,0.2232,0.425,0.79696,0.75
1190,1,1.0,0.625,0.542,0.2,0.20552,0.4,0.77928,0.75
1191,,0.96768,0.6,0.50968,0.15,0.13784,0.325,0.7116,0.7
1192,,0.93536,0.575,0.47736,0.1,0.07016,0.25,0.64392,0.65
1193,,0.90304,0.55,0.44504,0.05,0.00248,0.175,0.57624,0.6
1194,,0.87072,0.525,0.41272,0.0,-0.0652,0.1,0.50856,0.55
1195,5,0.8884,0.55,0.4304,0.0,1.0,-0.175,0.49088,0.55
1196,6,0.90608,0.575,0.44808,0.0,0.73232,1.0,0.4732,0.55
1197,,0.87376,0.55,0.41576,-0.05,0.66464,0.925,0.40552,0.5
1198,4,0.89144,0.575,0.43344,1.0,0.64696,0.9,0.38784,0.5
1199,,0.85912,0.55,0.40112,0.95,0.57928,0.825,0.32016,0.45
1200,,0.8268,0.525,0.3688,0.9,0.5116,0.75,0.25248,0.4
1201,,0.79448,0.5,0.33648,0.85,0.44392,0.675,0.1848,0.35
1202,,0.76216,0.475,0.30416,0.8,0.37624,0.6,0.11712,0.3
1203,,0.72984,0.45,0.27184,0.75,0.30856,0.525,0.04944,0.25
1204,,0.69752,0.425,0.23952,0.7,0.24088,0.45,-0.01824,0.2
1205,7,0.7152,0.45,0.2572,0.7,0.2232,0.425,1.0,0.2
1206,,0.68288,0.425,0.22488,0.65,0.15552,0.35,0.93232,0.15
1207,,0.65056,0.4,0.19256,0.6,0.08784,0.275,0.86464,0.1
1208,,0.61824,0.375,0.16024,0.55,0.02016,0.2,0.79696,0.05
1209,,0.58592,0.35,0.12792,0.5,-0.04752,0.125,0.72928,0.0
1210,5,0.6036,0.375,0.1456,0.5,1.0,-0.15,0.7116,0.0
1211,6,0.62128,0.4,0.16328,0.5,0.73232,1.0,0.69392,0.0
1212,,0.58896,0.375,0.13096,0.45,0.66464,0.925,0.62624,-0.05
1213,8,0.60664,0.4,0.14864,0.45,0.64696,0.9,0.60856,1.0
1214,,0.57432,0.375,0.11632,0.4,0.57928,0.825,0.54088,0.95
1215,,0.542,0.35,0.084,0.35,0.5116,0.75,0.4732,0.9
1216,,0.50968,0.325,0.05168,0.3,0.44392,0.675,0.40552,0.85
1217,,0.47736,0.3,0.01936,0.25,0.37624,0.6,0.33784,0.8
1218,,0.44504,0.275,-0.01296,0.2,0.30856,0.525,0.27016,0.75
1219,3,0.46272,0.3,1.0,0.2,0.29088,0.5,0.25248,0.75
1220,,0.4304,0.275,0.96768,0.15,0.2232,0.425,0.1848,0.7
1221,,0.39808,0.25,0.93536,0.1,0.15552,0.35,0.11712,0.65
1222,,0.36576,0.225,0.90304,0.05,0.08784,0.275,0.04944,0.6
1223,,0.33344,0.2,0.87072,0.0,0.02016,0.2,-0.01824,0.55
1224,7,0.35112,0.225,0.8884,0.0,0.00248,0.175,1.0,0.55
1225,,0.3188,0.2,0.85608,-0.05,-0.0652,0.1,0.93232,0.5
1226,5,0.33648,0.225,0.87376,-0.05,1.0,-0.175,0.91464,0.5
1227,6,0.35416,0.25,0.89144,-0.05,0.73232,1.0,0.89696,0.5
1228,4,0.37184,0.275,0.90912,1.0,0.71464,0.975,0.87928,0.5
1229,,0.33952,0.25,0.8768,0.95,0.64696,0.9,0.8116,0.45
1230,,0.3072,0.225,0.84448,0.9,0.57928,0.825,0.74392,0.4
1231,,0.27488,0.2,0.81216,0.85,0.5116,0.75,0.67624,0.35
1232,,0.24256,0.175,0.77984,0.8,0.44392,0.675,0.60856,0.3
1233,,0.21024,0.15,0.74752,0.75,0.37624,0.6,0.54088,0.25
1234,,0.17792,0.125,0.7152,0.7,0.30856,0.525,0.4732,0.2
1235,,0.1456,0.1,0.68288,0.65,0.24088,0.45,0.40552,0.15
1236,,0.11328,0.075,0.65056,0.6,0.1732,0.375,0.33784,0.1
1237,,0.08096,0.05,0.61824,0.55,0.10552,0.3,0.27016,0.05
1238,,0.04864,0.025,0.58592,0.5,0.03784,0.225,0.20248,0.0
1239,,0.01632,0.0,0.5536,0.45,-0.02984,0.15,0.1348,-0.05
1240,8,0.034,0.025,0.57128,0.45,-0.04752,0.125,0.11712,1.0
1241,5,0.05168,0.05,0.58896,0.45,1.0,-0.15,0.09944,1.0
1242,6,0.06936,0.075,0.60664,0.45,0.73232,1.0,0.08176,1.0
1243,,0.03704,0.05,0.57432,0.4,0.66464,0.925,0.01408,0.95
1244,,0.00472,0.025,0.542,0.35,0.59696,0.85,-0.0536,0.9
1245,7,0.0224,0.05,0.55968,0.35,0.57928,0.825,1.0,0.9
1246,,-0.00992,0.025,0.52736,0.3,0.5116,0.75,0.93232,0.85
1247,1,1.0,0.05,0.54504,0.3,0.49392,0.725,0.91464,0.85
1248,,0.96768,0.025,0.51272,0.25,0.42624,0.65,0.84696,0.8
1249,,0.93536,0.0,0.4804,0.2,0.35856,0.575,0.77928,0.75
1250,,0.90304,-0.025,0.44808,0.15,0.29088,0.5,0.7116,0.7
1251,2,0.92072,1.0,0.46576,0.15,0.2732,0.475,0.69392,0.7
1252,,0.8884,0.975,0.43344,0.1,0.20552,0.4,0.62624,0.65
1253,,0.85608,0.95,0.40112,0.05,0.13784,0.325,0.55856,0.6
1254,,0.82376,0.925,0.3688,0.0,0.07016,0.25,0.49088,0.55
1255,,0.79144,0.9,0.33648,-0.05,0.00248,0.175,0.4232,0.5
1256,4,0.80912,0.925,0.35416,1.0,-0.0152,0.15,0.40552,0.5
1257,5,0.8268,0.95,0.37184,1.0,1.0,-0.125,0.38784,0.5
1258,6,0.84448,0.975,0.38952,1.0,0.73232,1.0,0.37016,0.5
1259,,0.81216,0.95,0.3572,0.95,0.66464,0.925,0.30248,0.45
1260,,0.77984,0.925,0.32488,0.9,0.59696,0.85,0.2348,0.4
1261,,0.74752,0.9,0.29256,0.85,0.52928,0.775,0.16712,0.35
1262,,0.7152,0.875,0.26024,0.8,0.4616,0.7,0.09944,0.3
1263,,0.68288,0.85,0.22792,0.75,0.39392,0.625,0.03176,0.25
1264,,0.65056,0.825,0.1956,0.7,0.32624,0.55,-0.03592,0.2
1265,7,0.66824,0.85,0.21328,0.7,0.30856,0.525,1.0,0.2
1266,,0.63592,0.825,0.18096,0.65,0.24088,0.45,0.93232,0.15
1267,,0.6036,0.8,0.14864,0.6,0.1732,0.375,0.86464,0.1
1268,,0.57128,0.775,0.11632,0.55,0.10552,0.3,0.79696,0.05
1269,,0.53896,0.75,0.084,0.5,0.03784,0.225,0.72928,0.0
1270,,0.50664,0.725,0.05168,0.45,-0.02984,0.15,0.6616,-0.05
1271,8,0.52432,0.75,0.06936,0.45,-0.04752,0.125,0.64392,1.0
1272,5,0.542,0.775,0.08704,0.45,1.0,-0.15,0.62624,1.0
1273,6,0.55968,0.8,0.10472,0.45,0.73232,1.0,0.60856,1.0
1274,,0.52736,0.775,0.0724,0.4,0.66464,0.925,0.54088,0.95
1275,,0.49504,0.75,0.04008,0.35,0.59696,0.85,0.4732,0.9
1276,,0.46272,0.725,0.00776,0.3,0.52928,0.775,0.40552,0.85
1277,,0.4304,0.7,-0.02456,0.25,0.4616,0.7,0.33784,0.8
1278,3,0.44808,0.725,1.0,0.25,0.44392,0.675,0.32016,0.8
1279,,0.41576,0.7,0.96768,0.2,0.37624,0.6,0.25248,0.75
1280,,0.38344,0.675,0.93536,0.15,0.30856,0.525,0.1848,0.7
1281,,0.35112,0.65,0.90304,0.1,0.24088,0.45,0.11712,0.65
1282,,0.3188,0.625,0.87072,0.05,0.1732,0.375,0.04944,0.6
1283,,0.28648,0.6,0.8384,0.0,0.10552,0.3,-0.01824,0.55
1284,7,0.30416,0.625,0.85608,0.0,0.08784,0.275,1.0,0.55
1285,,0.27184,0.6,0.82376,-0.05,0.02016,0.2,0.93232,0.5
1286,4,0.28952,0.625,0.84144,1.0,0.00248,0.175,0.91464,0.5
1287,,0.2572,0.6,0.80912,0.95,-0.0652,0.1,0.84696,0.45
1288,5,0.27488,0.625,0.8268,0.95,1.0,-0.175,0.82928,0.45
1289,6,0.29256,0.65,0.84448,0.95,0.73232,1.0,0.8116,0.45
1290,,0.26024,0.625,0.81216,0.9,0.66464,0.925,0.74392,0.4
1291,,0.22792,0.6,0.77984,0.85,0.59696,0.85,0.67624,0.35
1292,,0.1956,0.575,0.74752,0.8,0.52928,0.775,0.60856,0.3
1293,,0.16328,0.55,0.7152,0.75,0.4616,0.7,0.54088,0.25
1294,,0.13096,0.525,0.68288,0.7,0.39392,0.625,0.4732,0.2
1295,,0.09864,0.5,0.65056,0.65,0.32624,0.55,0.40552,0.15
1296,,0.06632,0.475,0.61824,0.6,0.25856,0.475,0.33784,0.1
1297,,0.034,0.45,0.58592,0.55,0.19088,0.4,0.27016,0.05
1298,,0.00168,0.425,0.5536,0.5,0.1232,0.325,0.20248,0.0
1299,,-0.03064,0.4,0.52128,0.45,0.05552,0.25,0.1348,-0.05
1300,8,-0.01296,0.425,0.53896,0.45,0.03784,0.225,0.11712,1.0
1301,1,1.0,0.45,0.55664,0.45,0.02016,0.2,0.09944,1.0
1302,,0.96768,0.425,0.52432,0.4,-0.04752,0.125,0.03176,0.95
1303,5,0.98536,0.45,0.542,0.4,1.0,-0.15,0.01408,0.95
1304,6,1.0,0.475,0.55968,0.4,0.73232,1.0,-0.0036,0.95
1305,7,1.0,0.5,0.57736,0.4,0.71464,0.975,1.0,0.95
1306,,0.96768,0.475,0.54504,0.35,0.64696,0.9,0.93232,0.9
1307,,0.93536,0.45,0.51272,0.3,0.57928,0.825,0.86464,0.85
1308,,0.90304,0.425,0.4804,0.25,0.5116,0.75,0.79696,0.8
1309,,0.87072,0.4,0.44808,0.2,0.44392,0.675,0.72928,0.75
1310,,0.8384,0.375,0.41576,0.15,0.37624,0.6,0.6616,0.7
1311,,0.80608,0.35,0.38344,0.1,0.30856,0.525,0.59392,0.65
1312,,0.77376,0.325,0.35112,0.05,0.24088,0.45,0.52624,0.6
1313,,0.74144,0.3,0.3188,0.0,0.1732,0.375,0.45856,0.55
1314,,0.70912,0.275,0.28648,-0.05,0.10552,0.3,0.39088,0.5
1315,4,0.7268,0.3,0.30416,1.0,0.08784,0.275,0.3732,0.5
1316,,0.69448,0.275,0.27184,0.95,0.02016,0.2,0.30552,0.45
1317,,0.66216,0.25,0.23952,0.9,-0.04752,0.125,0.23784,0.4
1318,5,0.67984,0.275,0.2572,0.9,1.0,-0.15,0.22016,0.4
1319,6,0.69752,0.3,0.27488,0.9,0.73232,1.0,0.20248,0.4
1320,,0.6652,0.275,0.24256,0.85,0.66464,0.925,0.1348,0.35
1321,,0.63288,0.25,0.21024,0.8,0.59696,0.85,0.06712,0.3
1322,,0.60056,0.225,0.17792,0.75,0.52928,0.775,-0.00056,0.25
1323,7,0.61824,0.25,0.1956,0.75,0.5116,0.75,1.0,0.25
1324,,0.58592,0.225,0.16328,0.7,0.44392,0.675,0.93232,0.2
1325,,0.5536,0.2,0.13096,0.65,0.37624,0.6,0.86464,0.15
1326,,0.52128,0.175,0.09864,0.6,0.30856,0.525,0.79696,0.1
1327,,0.48896,0.15,0.06632,0.55,0.24088,0.45,0.72928,0.05
1328,,0.45664,0.125,0.034,0.5,0.1732,0.375,0.6616,0.0
1329,,0.42432,0.1,0.00168,0.45,0.10552,0.3,0.59392,-0.05
1330,8,0.442,0.125,0.01936,0.45,0.08784,0.275,0.57624,1.0
1331,,0.40968,0.1,-0.01296,0.4,0.02016,0.2,0.50856,0.95
1332,3,0.42736,0.125,1.0,0.4,0.00248,0.175,0.49088,0.95
1333,,0.39504,0.1,0.96768,0.35,-0.0652,0.1,0.4232,0.9
1334,5,0.41272,0.125,0.98536,0.35,1.0,-0.175,0.40552,0.9
1335,6,0.4304,0.15,1.0,0.35,0.73232,1.0,0.38784,0.9
1336,,0.39808,0.125,0.96768,0.3,0.66464,0.925,0.32016,0.85
1337,,0.36576,0.1,0.93536,0.25,0.59696,0.85,0.25248,0.8
1338,,0.33344,0.075,0.90304,0.2,0.52928,0.775,0.1848,0.75
1339,,0.30112,0.05,0.87072,0.15,0.4616,0.7,0.11712,0.7
1340,,0.2688,0.025,0.8384,0.1,0.39392,0.625,0.04944,0.65
1341,,0.23648,0.0,0.80608,0.05,0.32624,0.55,-0.01824,0.6
1342,7,0.25416,0.025,0.82376,0.05,0.30856,0.525,1.0,0.6
1343,,0.22184,0.0,0.79144,0.0,0.24088,0.45,0.93232,0.55
1344,,0.18952,-0.025,0.75912,-0.05,0.1732,0.375,0.86464,0.5
1345,4,0.2072,0.0,0.7768,1.0,0.15552,0.35,0.84696,0.5
1346,,0.17488,-0.025,0.74448,0.95,0.08784,0.275,0.77928,0.45
1347,2,0.19256,1.0,0.76216,0.95,0.07016,0.25,0.7616,0.45
1348,,0.16024,0.975,0.72984,0.9,0.00248,0.175,0.69392,0.4
1349,,0.12792,0.95,0.69752,0.85,-0.0652,0.1,0.62624,0.35
1350,5,0.1456,0.975,0.7152,0.85,1.0,-0.175,0.60856,0.35
1351,6,0.16328,1.0,0.73288,0.85,0.73232,1.0,0.59088,0.35
1352,,0.13096,0.975,0.70056,0.8,0.66464,0.925,0.5232,0.3
1353,,0.09864,0.95,0.66824,0.75,0.59696,0.85,0.45552,0.25
1354,,0.06632,0.925,0.63592,0.7,0.52928,0.775,0.38784,0.2
1355,,0.034,0.9,0.6036,0.65,0.4616,0.7,0.32016,0.15
1356,,0.00168,0.875,0.57128,0.6,0.39392,0.625,0.25248,0.1
1357,,-0.03064,0.85,0.53896,0.55,0.32624,0.55,0.1848,0.05
1358,1,1.0,0.875,0.55664,0.55,0.30856,0.525,0.16712,0.05
1359,,0.96768,0.85,0.52432,0.5,0.24088,0.45,0.09944,0.0
1360,,0.93536,0.825,0.492,0.45,0.1732,0.375,0.03176,-0.05
1361,8,0.95304,0.85,0.50968,0.45,0.15552,0.35,0.01408,1.0
1362,,0.92072,0.825,0.47736,0.4,0.08784,0.275,-0.0536,0.95
1363,7,0.9384,0.85,0.49504,0.4,0.07016,0.25,1.0,0.95
1364,,0.90608,0.825,0.46272,0.35,0.00248,0.175,0.93232,0.9
1365,,0.87376,0.8,0.4304,0.3,-0.0652,0.1,0.86464,0.85
1366,5,0.89144,0.825,0.44808,0.3,1.0,-0.175,0.84696,0.85
1367,6,0.90912,0.85,0.46576,0.3,0.73232,1.0,0.82928,0.85
1368,,0.8768,0.825,0.43344,0.25,0.66464,0.925,0.7616,0.8
1369,,0.84448,0.8,0.40112,0.2,0.59696,0.85,0.69392,0.75
1370,,0.81216,0.775,0.3688,0.15,0.52928,0.775,0.62624,0.7
1371,,0.77984,0.75,0.33648,0.1,0.4616,0.7,0.55856,0.65
1372,,0.74752,0.725,0.30416,0.05,0.39392,0.625,0.49088,0.6
1373,,0.7152,0.7,0.27184,0.0,0.32624,0.55,0.4232,0.55
1374,,0.68288,0.675,0.23952,-0.05,0.25856,0.475,0.35552,0.5
1375,4,0.70056,0.7,0.2572,1.0,0.24088,0.45,0.33784,0.5
1376,,0.66824,0.675,0.22488,0.95,0.1732,0.375,0.27016,0.45
1377,,0.63592,0.65,0.19256,0.9,0.10552,0.3,0.20248,0.4
1378,,0.6036,0.625,0.16024,0.85,0.03784,0.225,0.1348,0.35
1379,,0.57128,0.6,0.12792,0.8,-0.02984,0.15,0.06712,0.3
1380,5,0.58896,0.625,0.1456,0.8,1.0,-0.125,0.04944,0.3
1381,6,0.60664,0.65,0.16328,0.8,0.73232,1.0,0.03176,0.3
1382,,0.57432,0.625,0.13096,0.75,0.66464,0.925,-0.03592,0.25
1383,7,0.592,0.65,0.14864,0.75,0.64696,0.9,1.0,0.25
1384,,0.55968,0.625,0.11632,0.7,0.57928,0.825,0.93232,0.2
1385,,0.52736,0.6,0.084,0.65,0.5116,0.75,0.86464,0.15
1386,,0.49504,0.575,0.05168,0.6,0.44392,0.675,0.79696,0.1
1387,,0.46272,0.55,0.01936,0.55,0.37624,0.6,0.72928,0.05
1388,,0.4304,0.525,-0.01296,0.5,0.30856,0.525,0.6616,0.0
1389,3,0.44808,0.55,1.0,0.5,0.29088,0.5,0.64392,0.0
1390,,0.41576,0.525,0.96768,0.45,0.2232,0.425,0.57624,-0.05
1391,8,0.43344,0.55,0.98536,0.45,0.20552,0.4,0.55856,1.0
1392,,0.40112,0.525,0.95304,0.4,0.13784,0.325,0.49088,0.95
1393,,0.3688,0.5,0.92072,0.35,0.07016,0.25,0.4232,0.9
1394,,0.33648,0.475,0.8884,0.3,0.00248,0.175,0.35552,0.85
1395,,0.30416,0.45,0.85608,0.25,-0.0652,0.1,0.28784,0.8
1396,5,0.32184,0.475,0.87376,0.25,1.0,-0.175,0.27016,0.8
1397,6,0.33952,0.5,0.89144,0.25,0.73232,1.0,0.25248,0.8
1398,,0.3072,0.475,0.85912,0.2,0.66464,0.925,0.1848,0.75
1399,,0.27488,0.45,0.8268,0.15,0.59696,0.85,0.11712,0.7
1400,,0.24256,0.425,0.79448,0.1,0.52928,0.775,0.04944,0.65
1401,,0.21024,0.4,0.76216,0.05,0.4616,0.7,-0.01824,0.6
1402,7,0.22792,0.425,0.77984,0.05,0.44392,0.675,1.0,0.6
1403,,0.1956,0.4,0.74752,0.0,0.37624,0.6,0.93232,0.55
1404,,0.16328,0.375,0.7152,-0.05,0.30856,0.525,0.86464,0.5
1405,4,0.18096,0.4,0.73288,1.0,0.29088,0.5,0.84696,0.5
1406,,0.14864,0.375,0.70056,0.95,0.2232,0.425,0.77928,0.45
1407,,0.11632,0.35,0.66824,0.9,0.15552,0.35,0.7116,0.4
1408,,0.084,0.325,0.63592,0.85,0.08784,0.275,0.64392,0.35
1409,,0.05168,0.3,0.6036,0.8,0.02016,0.2,0.57624,0.3
1410,,0.01936,0.275,0.57128,0.75,-0.04752,0.125,0.50856,0.25
1411,5,0.03704,0.3,0.58896,0.75,1.0,-0.15,0.49088,0.25
1412,6,0.05472,0.325,0.60664,0.75,0.73232,1.0,0.4732,0.25
1413,,0.0224,0.3,0.57432,0.7,0.66464,0.925,0.40552,0.2
1414,,-0.00992,0.275,0.542,0.65,0.59696,0.85,0.33784,0.15
1415,1,1.0,0.3,0.55968,0.65,0.57928,0.825,0.32016,0.15
1416,,0.96768,0.275,0.52736,0.6,0.5116,0.75,0.25248,0.1
1417,,0.93536,0.25,0.49504,0.55,0.44392,0.675,0.1848,0.05
1418,,0.90304,0.225,0.46272,0.5,0.37624,0.6,0.11712,0.0
1419,,0.87072,0.2,0.4304,0.45,0.30856,0.525,0.04944,-0.05
1420,8,0.8884,0.225,0.44808,0.45,0.29088,0.5,0.03176,1.0
1421,,0.85608,0.2,0.41576,0.4,0.2232,0.425,-0.03592,0.95
1422,7,0.87376,0.225,0.43344,0.4,0.20552,0.4,1.0,0.95
1423,,0.84144,0.2,0.40112,0.35,0.13784,0.325,0.93232,0.9
1424,,0.80912,0.175,0.3688,0.3,0.07016,0.25,0.86464,0.85
1425,,0.7768,0.15,0.33648,0.25,0.00248,0.175,0.79696,0.8
1426,,0.74448,0.125,0.30416,0.2,-0.0652,0.1,0.72928,0.75
1427,5,0.76216,0.15,0.32184,0.2,1.0,-0.175,0.7116,0.75
1428,6,0.77984,0.175,0.33952,0.2,0.73232,1.0,0.69392,0.75
1429,,0.74752,0.15,0.3072,0.15,0.66464,0.925,0.62624,0.7
1430,,0.7152,0.125,0.27488,0.1,0.59696,0.85,0.55856,0.65
1431,,0.68288,0.1,0.24256,0.05,0.52928,0.775,0.49088,0.6
1432,,0.65056,0.075,0.21024,0.0,0.4616,0.7,0.4232,0.55
1433,,0.61824,0.05,0.17792,-0.05,0.39392,0.625,0.35552,0.5
1434,4,0.63592,0.075,0.1956,1.0,0.37624,0.6,0.33784,0.5
1435,,0.6036,0.05,0.16328,0.95,0.30856,0.525,0.27016,0.45
1436,,0.57128,0.025,0.13096,0.9,0.24088,0.45,0.20248,0.4
1437,,0.53896,0.0,0.09864,0.85,0.1732,0.375,0.1348,0.35
1438,,0.50664,-0.025,0.06632,0.8,0.10552,0.3,0.06712,0.3
1439,2,0.52432,1.0,0.084,0.8,0.08784,0.275,0.04944,0.3
1440,,0.492,0.975,0.05168,0.75,0.02016,0.2,-0.01824,0.25
1441,7,0.50968,1.0,0.06936,0.75,0.00248,0.175,1.0,0.25
1442,,0.47736,0.975,0.03704,0.7,-0.0652,0.1,0.93232,0.2
1443,5,0.49504,1.0,0.05472,0.7,1.0,-0.175,0.91464,0.2
1444,6,0.51272,1.0,0.0724,0.7,0.73232,1.0,0.89696,0.2
1445,,0.4804,0.975,0.04008,0.65,0.66464,0.925,0.82928,0.15
1446,,0.44808,0.95,0.00776,0.6,0.59696,0.85,0.7616,0.1
1447,,0.41576,0.925,-0.02456,0.55,0.52928,0.775,0.69392,0.05
1448,3,0.43344,0.95,1.0,0.55,0.5116,0.75,0.67624,0.05
1449,,0.40112,0.925,0.96768,0.5,0.44392,0.675,0.60856,0.0
1450,,0.3688,0.9,0.93536,0.45,0.37624,0.6,0.54088,-0.05
1451,8,0.38648,0.925,0.95304,0.45,0.35856,0.575,0.5232,1.0
1452,,0.35416,0.9,0.92072,0.4,0.29088,0.5,0.45552,0.95
1453,,0.32184,0.875,0.8884,0.35,0.2232,0.425,0.38784,0.9
1454,,0.28952,0.85,0.85608,0.3,0.15552,0.35,0.32016,0.85
1455,,0.2572,0.825,0.82376,0.25,0.08784,0.275,0.25248,0.8
1456,,0.22488,0.8,0.79144,0.2,0.02016,0.2,0.1848,0.75
1457,,0.19256,0.775,0.75912,0.15,-0.04752,0.125,0.11712,0.7
1458,5,0.21024,0.8,0.7768,0.15,1.0,-0.15,0.09944,0.7
1459,6,0.22792,0.825,0.79448,0.15,0.73232,1.0,0.08176,0.7
1460,,0.1956,0.8,0.76216,0.1,0.66464,0.925,0.01408,0.65
1461,,0.16328,0.775,0.72984,0.05,0.59696,0.85,-0.0536,0.6
1462,7,0.18096,0.8,0.74752,0.05,0.57928,0.825,1.0,0.6
1463,,0.14864,0.775,0.7152,0.0,0.5116,0.75,0.93232,0.55
1464,,0.11632,0.75,0.68288,-0.05,0.44392,0.675,0.86464,0.5
1465,4,0.134,0.775,0.70056,1.0,0.42624,0.65,0.84696,0.5
1466,,0.10168,0.75,0.66824,0.95,0.35856,0.575,0.77928,0.45
1467,,0.06936,0.725,0.63592,0.9,0.29088,0.5,0.7116,0.4
1468,,0.03704,0.7,0.6036,0.85,0.2232,0.425,0.64392,0.35
1469,,0.00472,0.675,0.57128,0.8,0.15552,0.35,0.57624,0.3
1470,,-0.0276,0.65,0.53896,0.75,0.08784,0.275,0.50856,0.25
1471,1,1.0,0.675,0.55664,0.75,0.07016,0.25,0.49088,0.25
1472,,0.96768,0.65,0.52432,0.7,0.00248,0.175,0.4232,0.2
1473,,0.93536,0.625,0.492,0.65,-0.0652,0.1,0.35552,0.15
1474,5,0.95304,0.65,0.50968,0.65,1.0,-0.175,0.33784,0.15
1475,6,0.97072,0.675,0.52736,0.65,0.73232,1.0,0.32016,0.15
1476,,0.9384,0.65,0.49504,0.6,0.66464,0.925,0.25248,0.1
1477,,0.90608,0.625,0.46272,0.55,0.59696,0.85,0.1848,0.05
1478,,0.87376,0.6,0.4304,0.5,0.52928,0.775,0.11712,0.0
1479,,0.84144,0.575,0.39808,0.45,0.4616,0.7,0.04944,-0.05
1480,8,0.85912,0.6,0.41576,0.45,0.44392,0.675,0.03176,1.0
1481,,0.8268,0.575,0.38344,0.4,0.37624,0.6,-0.03592,0.95
1482,7,0.84448,0.6,0.40112,0.4,0.35856,0.575,1.0,0.95
1483,,0.81216,0.575,0.3688,0.35,0.29088,0.5,0.93232,0.9
1484,,0.77984,0.55,0.33648,0.3,0.2232,0.425,0.86464,0.85
1485,,0.74752,0.525,0.30416,0.25,0.15552,0.35,0.79696,0.8
1486,,0.7152,0.5,0.27184,0.2,0.08784,0.275,0.72928,0.75
1487,,0.68288,0.475,0.23952,0.15,0.02016,0.2,0.6616,0.7
1488,,0.65056,0.45,0.2072,0.1,-0.04752,0.125,0.59392,0.65
1489,5,0.66824,0.475,0.22488,0.1,1.0,-0.15,0.57624,0.65
1490,6,0.68592,0.5,0.24256,0.1,0.73232,1.0,0.55856,0.65
1491,,0.6536,0.475,0.21024,0.05,0.66464,0.925,0.49088,0.6
1492,,0.62128,0.45,0.17792,0.0,0.59696,0.85,0.4232,0.55
1493,,0.58896,0.425,0.1456,-0.05,0.52928,0.775,0.35552,0.5
1494,4,0.60664,0.45,0.16328,1.0,0.5116,0.75,0.33784,0.5
1495,,0.57432,0.425,0.13096,0.95,0.44392,0.675,0.27016,0.45
1496,,0.542,0.4,0.09864,0.9,0.37624,0.6,0.20248,0.4
1497,,0.50968,0.375,0.06632,0.85,0.30856,0.525,0.1348,0.35
1498,,0.47736,0.35,0.034,0.8,0.24088,0.45,0.06712,0.3
1499,,0.44504,0.325,0.00168,0.75,0.1732,0.375,-0.00056,0.25
1500,7,0.46272,0.35,0.01936,0.75,0.15552,0.35,1.0,0.25
1501,,0.4304,0.325,-0.01296,0.7,0.08784,0.275,0.93232,0.2
1502,3,0.44808,0.35,1.0,0.7,0.07016,0.25,0.91464,0.2
1503,,0.41576,0.325,0.96768,0.65,0.00248,0.175,0.84696,0.15
1504,,0.38344,0.3,0.93536,0.6,-0.0652,0.1,0.77928,0.1
1505,5,0.40112,0.325,0.95304,0.6,1.0,-0.175,0.7616,0.1
1506,6,0.4188,0.35,0.97072,0.6,0.73232,1.0,0.74392,0.1
1507,,0.38648,0.325,0.9384,0.55,0.66464,0.925,0.67624,0.05
1508,,0.35416,0.3,0.90608,0.5,0.59696,0.85,0.60856,0.0
1509,,0.32184,0.275,0.87376,0.45,0.52928,0.775,0.54088,-0.05
1510,8,0.33952,0.3,0.89144,0.45,0.5116,0.75,0.5232,1.0
1511,,0.3072,0.275,0.85912,0.4,0.44392,0.675,0.45552,0.95
1512,,0.27488,0.25,0.8268,0.35,0.37624,0.6,0.38784,0.9
1513,,0.24256,0.225,0.79448,0.3,0.30856,0.525,0.32016,0.85
1514,,0.21024,0.2,0.76216,0.25,0.24088,0.45,0.25248,0.8
1515,,0.17792,0.175,0.72984,0.2,0.1732,0.375,0.1848,0.75
1516,,0.1456,0.15,0.69752,0.15,0.10552,0.3,0.11712,0.7
1517,,0.11328,0.125,0.6652,0.1,0.03784,0.225,0.04944,0.65
1518,,0.08096,0.1,0.63288,0.05,-0.02984,0.15,-0.01824,0.6
1519,5,0.09864,0.125,0.65056,0.05,1.0,-0.125,-0.03592,0.6
1520,6,0.11632,0.15,0.66824,0.05,0.73232,1.0,-0.0536,0.6
1521,7,0.134,0.175,0.68592,0.05,0.71464,0.975,1.0,0.6
1522,,0.10168,0.15,0.6536,0.0,0.64696,0.9,0.93232,0.55
1523,,0.06936,0.125,0.62128,-0.05,0.57928,0.825,0.86464,0.5
1524,4,0.08704,0.15,0.63896,1.0,0.5616,0.8,0.84696,0.5
1525,,0.05472,0.125,0.60664,0.95,0.49392,0.725,0.77928,0.45
1526,,0.0224,0.1,0.57432,0.9,0.42624,0.65,0.7116,0.4
1527,,-0.00992,0.075,0.542,0.85,0.35856,0.575,0.64392,0.35
1528,1,1.0,0.1,0.55968,0.85,0.34088,0.55,0.62624,0.35
1529,,0.96768,0.075,0.52736,0.8,0.2732,0.475,0.55856,0.3
1530,,0.93536,0.05,0.49504,0.75,0.20552,0.4,0.49088,0.25
1531,,0.90304,0.025,0.46272,0.7,0.13784,0.325,0.4232,0.2
1532,,0.87072,0.0,0.4304,0.65,0.07016,0.25,0.35552,0.15
1533,,0.8384,-0.025,0.39808,0.6,0.00248,0.175,0.28784,0.1
1534,2,0.85608,1.0,0.41576,0.6,-0.0152,0.15,0.27016,0.1
1535,5,0.87376,1.0,0.43344,0.6,1.0,-0.125,0.25248,0.1
1536,6,0.89144,1.0,0.45112,0.6,0.73232,1.0,0.2348,0.1
1537,,0.85912,0.975,0.4188,0.55,0.66464,0.925,0.16712,0.05
1538,,0.8268,0.95,0.38648,0.5,0.59696,0.85,0.09944,0.0
1539,,0.79448,0.925,0.35416,0.45,0.52928,0.775,0.03176,-0.05
1540,8,0.81216,0.95,0.37184,0.45,0.5116,0.75,0.01408,1.0
1541,,0.77984,0.925,0.33952,0.4,0.44392,0.675,-0.0536,0.95
1542,7,0.79752,0.95,0.3572,0.4,0.42624,0.65,1.0,0.95
1543,,0.7652,0.925,0.32488,0.35,0.35856,0.575,0.93232,0.9
1544,,0.73288,0.9,0.29256,0.3,0.29088,0.5,0.86464,0.85
1545,,0.70056,0.875,0.26024,0.25,0.2232,0.425,0.79696,0.8
1546,,0.66824,0.85,0.22792,0.2,0.15552,0.35,0.72928,0.75
1547,,0.63592,0.825,0.1956,0.15,0.08784,0.275,0.6616,0.7
1548,,0.6036,0.8,0.16328,0.1,0.02016,0.2,0.59392,0.65
1549,,0.57128,0.775,0.13096,0.05,-0.04752,0.125,0.52624,0.6
1550,5,0.58896,0.8,0.14864,0.05,1.0,-0.15,0.50856,0.6
1551,6,0.60664,0.825,0.16632,0.05,0.73232,1.0,0.49088,0.6
1552,,0.57432,0.8,0.134,0.0,0.66464,0.925,0.4232,0.55
1553,,0.542,0.775,0.10168,-0.05,0.59696,0.85,0.35552,0.5
1554,4,0.55968,0.8,0.11936,1.0,0.57928,0.825,0.33784,0.5
1555,,0.52736,0.775,0.08704,0.95,0.5116,0.75,0.27016,0.45
1556,,0.49504,0.75,0.05472,0.9,0.44392,0.675,0.20248,0.4
1557,,0.46272,0.725,0.0224,0.85,0.37624,0.6,0.1348,0.35
1558,,0.4304,0.7,-0.00992,0.8,0.30856,0.525,0.06712,0.3
1559,3,0.44808,0.725,1.0,0.8,0.29088,0.5,0.04944,0.3
1560,,0.41576,0.7,0.96768,0.75,0.2232,0.425,-0.01824,0.25
1561,7,0.43344,0.725,0.98536,0.75,0.20552,0.4,1.0,0.25
1562,,0.40112,0.7,0.95304,0.7,0.13784,0.325,0.93232,0.2
1563,,0.3688,0.675,0.92072,0.65,0.07016,0.25,0.86464,0.15
1564,,0.33648,0.65,0.8884,0.6,0.00248,0.175,0.79696,0.1
1565,,0.30416,0.625,0.85608,0.55,-0.0652,0.1,0.72928,0.05
1566,5,0.32184,0.65,0.87376,0.55,1.0,-0.175,0.7116,0.05
1567,6,0.33952,0.675,0.89144,0.55,0.73232,1.0,0.69392,0.05
1568,,0.3072,0.65,0.85912,0.5,0.66464,0.925,0.62624,0.0
1569,,0.27488,0.625,0.8268,0.45,0.59696,0.85,0.55856,-0.05
1570,8,0.29256,0.65,0.84448,0.45,0.57928,0.825,0.54088,1.0
1571,,0.26024,0.625,0.81216,0.4,0.5116,0.75,0.4732,0.95
1572,,0.22792,0.6,0.77984,0.35,0.44392,0.675,0.40552,0.9
1573,,0.1956,0.575,0.74752,0.3,0.37624,0.6,0.33784,0.85
1574,,0.16328,0.55,0.7152,0.25,0.30856,0.525,0.27016,0.8
1575,,0.13096,0.525,0.68288,0.2,0.24088,0.45,0.20248,0.75
1576,,0.09864,0.5,0.65056,0.15,0.1732,0.375,0.1348,0.7
1577,,0.06632,0.475,0.61824,0.1,0.10552,0.3,0.06712,0.65
1578,,0.034,0.45,0.58592,0.05,0.03784,0.225,-0.00056,0.6
1579,7,0.05168,0.475,0.6036,0.05,0.02016,0.2,1.0,0.6
1580,,0.01936,0.45,0.57128,0.0,-0.04752,0.125,0.93232,0.55
1581,5,0.03704,0.475,0.58896,0.0,1.0,-0.15,0.91464,0.55
1582,6,0.05472,0.5,0.60664,0.0,0.73232,1.0,0.89696,0.55
1583,,0.0224,0.475,0.57432,-0.05,0.66464,0.925,0.82928,0.5
1584,4,0.04008,0.5,0.592,1.0,0.64696,0.9,0.8116,0.5
1585,,0.00776,0.475,0.55968,0.95,0.57928,0.825,0.74392,0.45
1586,,-0.02456,0.45,0.52736,0.9,0.5116,0.75,0.67624,0.4
1587,1,1.0,0.475,0.54504,0.9,0.49392,0.725,0.65856,0.4
1588,,0.96768,0.45,0.51272,0.85,0.42624,0.65,0.59088,0.35
1589,,0.93536,0.425,0.4804,0.8,0.35856,0.575,0.5232,0.3
1590,,0.90304,0.4,0.44808,0.75,0.29088,0.5,0.45552,0.25
1591,,0.87072,0.375,0.41576,0.7,0.2232,0.425,0.38784,0.2
1592,,0.8384,0.35,0.38344,0.65,0.15552,0.35,0.32016,0.15
1593,,0.80608,0.325,0.35112,0.6,0.08784,0.275,0.25248,0.1
1594,,0.77376,0.3,0.3188,0.55,0.02016,0.2,0.1848,0.05
1595,,0.74144,0.275,0.28648,0.5,-0.04752,0.125,0.11712,0.0
1596,5,0.75912,0.3,0.30416,0.5,1.0,-0.15,0.09944,0.0
1597,6,0.7768,0.325,0.32184,0.5,0.73232,1.0,0.08176,0.0
1598,,0.74448,0.3,0.28952,0.45,0.66464,0.925,0.01408,-0.05
1599,8,0.76216,0.325,0.3072,0.45,0.64696,0.9,-0.0036,1.0
1600,7,0.77984,0.35,0.32488,0.45,0.62928,0.875,1.0,1.0
1601,,0.74752,0.325,0.29256,0.4,0.5616,0.8,0.93232,0.95
1602,,0.7152,0.3,0.26024,0.35,0.49392,0.725,0.86464,0.9
1603,,0.68288,0.275,0.22792,0.3,0.42624,0.65,0.79696,0.85
1604,,0.65056,0.25,0.1956,0.25,0.35856,0.575,0.72928,0.8
1605,,0.61824,0.225,0.16328,0.2,0.29088,0.5,0.6616,0.75
1606,,0.58592,0.2,0.13096,0.15,0.2232,0.425,0.59392,0.7
1607,,0.5536,0.175,0.09864,0.1,0.15552,0.35,0.52624,0.65
1608,,0.52128,0.15,0.06632,0.05,0.08784,0.275,0.45856,0.6
1609,,0.48896,0.125,0.034,0.0,0.02016,0.2,0.39088,0.55
1610,,0.45664,0.1,0.00168,-0.05,-0.04752,0.125,0.3232,0.5
1611,4,0.47432,0.125,0.01936,1.0,-0.0652,0.1,0.30552,0.5
1612,5,0.492,0.15,0.03704,1.0,1.0,-0.175,0.28784,0.5
1613,6,0.50968,0.175,0.05472,1.0,0.73232,1.0,0.27016,0.5
1614,,0.47736,0.15,0.0224,0.95,0.66464,0.925,0.20248,0.45
1615,,0.44504,0.125,-0.00992,0.9,0.59696,0.85,0.1348,0.4
1616,3,0.46272,0.15,1.0,0.9,0.57928,0.825,0.11712,0.4
1617,,0.4304,0.125,0.96768,0.85,0.5116,0.75,0.04944,0.35
1618,,0.39808,0.1,0.93536,0.8,0.44392,0.675,-0.01824,0.3
1619,7,0.41576,0.125,0.95304,0.8,0.42624,0.65,1.0,0.3
1620,,0.38344,0.1,0.92072,0.75,0.35856,0.575,0.93232,0.25
1621,,0.35112,0.075,0.8884,0.7,0.29088,0.5,0.86464,0.2
1622,,0.3188,0.05,0.85608,0.65,0.2232,0.425,0.79696,0.15
1623,,0.28648,0.025,0.82376,0.6,0.15552,0.35,0.72928,0.1
1624,,0.25416,0.0,0.79144,0.55,0.08784,0.275,0.6616,0.05
1625,,0.22184,-0.025,0.75912,0.5,0.02016,0.2,0.59392,0.0
1626,2,0.23952,1.0,0.7768,0.5,0.00248,0.175,0.57624,0.0
1627,,0.2072,0.975,0.74448,0.45,-0.0652,0.1,0.50856,-0.05
1628,5,0.22488,1.0,0.76216,0.45,1.0,-0.175,0.49088,-0.05
1629,6,0.24256,1.0,0.77984,0.45,0.73232,1.0,0.4732,-0.05
1630,8,0.26024,1.0,0.79752,0.45,0.71464,0.975,0.45552,1.0
1631,,0.22792,0.975,0.7652,0.4,0.64696,0.9,0.38784,0.95
1632,,0.1956,0.95,0.73288,0.35,0.57928,0.825,0.32016,0.9
1633,,0.16328,0.925,0.70056,0.3,0.5116,0.75,0.25248,0.85
1634,,0.13096,0.9,0.66824,0.25,0.44392,0.675,0.1848,0.8
1635,,0.09864,0.875,0.63592,0.2,0.37624,0.6,0.11712,0.75
1636,,0.06632,0.85,0.6036,0.15,0.30856,0.525,0.04944,0.7
1637,,0.034,0.825,0.57128,0.1,0.24088,0.45,-0.01824,0.65
1638,7,0.05168,0.85,0.58896,0.1,0.2232,0.425,1.0,0.65
1639,,0.01936,0.825,0.55664,0.05,0.15552,0.35,0.93232,0.6
1640,,-0.01296,0.8,0.52432,0.0,0.08784,0.275,0.86464,0.55
1641,1,1.0,0.825,0.542,0.0,0.07016,0.25,0.84696,0.55
1642,,0.96768,0.8,0.50968,-0.05,0.00248,0.175,0.77928,0.5
1643,4,0.98536,0.825,0.52736,1.0,-0.0152,0.15,0.7616,0.5
1644,5,1.0,0.85,0.54504,1.0,1.0,-0.125,0.74392,0.5
1645,6,1.0,0.875,0.56272,1.0,0.73232,1.0,0.72624,0.5
1646,,0.96768,0.85,0.5304,0.95,0.66464,0.925,0.65856,0.45
1647,,0.93536,0.825,0.49808,0.9,0.59696,0.85,0.59088,0.4
1648,,0.90304,0.8,0.46576,0.85,0.52928,0.775,0.5232,0.35
1649,,0.87072,0.775,0.43344,0.8,0.4616,0.7,0.45552,0.3
1650,,0.8384,0.75,0.40112,0.75,0.39392,0.625,0.38784,0.25
1651,,0.80608,0.725,0.3688,0.7,0.32624,0.55,0.32016,0.2
1652,,0.77376,0.7,0.33648,0.65,0.25856,0.475,0.25248,0.15
1653,,0.74144,0.675,0.30416,0.6,0.19088,0.4,0.1848,0.1
1654,,0.70912,0.65,0.27184,0.55,0.1232,0.325,0.11712,0.05
1655,,0.6768,0.625,0.23952,0.5,0.05552,0.25,0.04944,0.0
1656,,0.64448,0.6,0.2072,0.45,-0.01216,0.175,-0.01824,-0.05
1657,8,0.66216,0.625,0.22488,0.45,-0.02984,0.15,-0.03592,1.0
1658,7,0.67984,0.65,0.24256,0.45,-0.04752,0.125,1.0,1.0
1659,5,0.69752,0.675,0.26024,0.45,1.0,-0.15,0.98232,1.0
1660,6,0.7152,0.7,0.27792,0.45,0.73232,1.0,0.96464,1.0
1661,,0.68288,0.675,0.2456,0.4,0.66464,0.925,0.89696,0.95
1662,,0.65056,0.65,0.21328,0.35,0.59696,0.85,0.82928,0.9
1663,,0.61824,0.625,0.18096,0.3,0.52928,0.775,0.7616,0.85
1664,,0.58592,0.6,0.14864,0.25,0.4616,0.7,0.69392,0.8
1665,,0.5536,0.575,0.11632,0.2,0.39392,0.625,0.62624,0.75
1666,,0.52128,0.55,0.084,0.15,0.32624,0.55,0.55856,0.7
1667,,0.48896,0.525,0.05168,0.1,0.25856,0.475,0.49088,0.65
1668,,0.45664,0.5,0.01936,0.05,0.19088,0.4,0.4232,0.6
1669,,0.42432,0.475,-0.01296,0.0,0.1232,0.325,0.35552,0.55
1670,3,0.442,0.5,1.0,0.0,0.10552,0.3,0.33784,0.55
1671,,0.40968,0.475,0.96768,-0.05,0.03784,0.225,0.27016,0.5
1672,4,0.42736,0.5,0.98536,1.0,0.02016,0.2,0.25248,0.5
1673,,0.39504,0.475,0.95304,0.95,-0.04752,0.125,0.1848,0.45
1674,5,0.41272,0.5,0.97072,0.95,1.0,-0.15,0.16712,0.45
1675,6,0.4304,0.525,0.9884,0.95,0.73232,1.0,0.14944,0.45
1676,,0.39808,0.5,0.95608,0.9,0.66464,0.925,0.08176,0.4
1677,,0.36576,0.475,0.92376,0.85,0.59696,0.85,0.01408,0.35
1678,,0.33344,0.45,0.89144,0.8,0.52928,0.775,-0.0536,0.3
1679,7,0.35112,0.475,0.90912,0.8,0.5116,0.75,1.0,0.3
1680,,0.3188,0.45,0.8768,0.75,0.44392,0.675,0.93232,0.25
1681,,0.28648,0.425,0.84448,0.7,0.37624,0.6,0.86464,0.2
1682,,0.25416,0.4,0.81216,0.65,0.30856,0.525,0.79696,0.15
1683,,0.22184,0.375,0.77984,0.6,0.24088,0.45,0.72928,0.1
1684,,0.18952,0.35,0.74752,0.55,0.1732,0.375,0.6616,0.05
1685,,0.1572,0.325,0.7152,0.5,0.10552,0.3,0.59392,0.0
1686,,0.12488,0.3,0.68288,0.45,0.03784,0.225,0.52624,-0.05
1687,8,0.14256,0.325,0.70056,0.45,0.02016,0.2,0.50856,1.0
1688,,0.11024,0.3,0.66824,0.4,-0.04752,0.125,0.44088,0.95
1689,5,0.12792,0.325,0.68592,0.4,1.0,-0.15,0.4232,0.95
1690,6,0.1456,0.35,0.7036,0.4,0.73232,1.0,0.40552,0.95
1691,,0.11328,0.325,0.67128,0.35,0.66464,0.925,0.33784,0.9
1692,,0.08096,0.3,0.63896,0.3,0.59696,0.85,0.27016,0.85
1693,,0.04864,0.275,0.60664,0.25,0.52928,0.775,0.20248,0.8
1694,,0.01632,0.25,0.57432,0.2,0.4616,0.7,0.1348,0.75
1695,,-0.016,0.225,0.542,0.15,0.39392,0.625,0.06712,0.7
1696,1,1.0,0.25,0.55968,0.15,0.37624,0.6,0.04944,0.7
1697,,0.96768,0.225,0.52736,0.1,0.30856,0.525,-0.01824,0.65
1698,7,0.98536,0.25,0.54504,0.1,0.29088,0.5,1.0,0.65
1699,,0.95304,0.225,0.51272,0.05,0.2232,0.425,0.93232,0.6
1700,,0.92072,0.2,0.4804,0.0,0.15552,0.35,0.86464,0.55
1701,,0.8884,0.175,0.44808,-0.05,0.08784,0.275,0.79696,0.5
1702,4,0.90608,0.2,0.46576,1.0,0.07016,0.25,0.77928,0.5
1703,,0.87376,0.175,0.43344,0.95,0.00248,0.175,0.7116,0.45
1704,,0.84144,0.15,0.40112,0.9,-0.0652,0.1,0.64392,0.4
1705,5,0.85912,0.175,0.4188,0.9,1.0,-0.175,0.62624,0.4
1706,6,0.8768,0.2,0.43648,0.9,0.73232,1.0,0.60856,0.4
1707,,0.84448,0.175,0.40416,0.85,0.66464,0.925,0.54088,0.35
1708,,0.81216,0.15,0.37184,0.8,0.59696,0.85,0.4732,0.3
1709,,0.77984,0.125,0.33952,0.75,0.52928,0.775,0.40552,0.25
1710,,0.74752,0.1,0.3072,0.7,0.4616,0.7,0.33784,0.2
1711,,0.7152,0.075,0.27488,0.65,0.39392,0.625,0.27016,0.15
1712,,0.68288,0.05,0.24256,0.6,0.32624,0.55,0.20248,0.1
1713,,0.65056,0.025,0.21024,0.55,0.25856,0.475,0.1348,0.05
1714,,0.61824,0.0,0.17792,0.5,0.19088,0.4,0.06712,0.0
1715,,0.58592,-0.025,0.1456,0.45,0.1232,0.325,-0.00056,-0.05
1716,8,0.6036,0.0,0.16328,0.45,0.10552,0.3,-0.01824,1.0
1717,7,0.62128,0.025,0.18096,0.45,0.08784,0.275,1.0,1.0
1718,,0.58896,0.0,0.14864,0.4,0.02016,0.2,0.93232,0.95
1719,,0.55664,-0.025,0.11632,0.35,-0.04752,0.125,0.86464,0.9
1720,5,0.57432,0.0,0.134,0.35,1.0,-0.15,0.84696,0.9
1721,6,0.592,0.025,0.15168,0.35,0.73232,1.0,0.82928,0.9
1722,,0.55968,0.0,0.11936,0.3,0.66464,0.925,0.7616,0.85
1723,,0.52736,-0.025,0.08704,0.25,0.59696,0.85,0.69392,0.8
1724,2,0.54504,1.0,0.10472,0.25,0.57928,0.825,0.67624,0.8
1725,,0.51272,0.975,0.0724,0.2,0.5116,0.75,0.60856,0.75
1726,,0.4804,0.95,0.04008,0.15,0.44392,0.675,0.54088,0.7
1727,,0.44808,0.925,0.00776,0.1,0.37624,0.6,0.4732,0.65
1728,,0.41576,0.9,-0.02456,0.05,0.30856,0.525,0.40552,0.6
1729,3,0.43344,0.925,1.0,0.05,0.29088,0.5,0.38784,0.6
1730,,0.40112,0.9,0.96768,0.0,0.2232,0.425,0.32016,0.55
1731,,0.3688,0.875,0.93536,-0.05,0.15552,0.35,0.25248,0.5
1732,4,0.38648,0.9,0.95304,1.0,0.13784,0.325,0.2348,0.5
1733,,0.35416,0.875,0.92072,0.95,0.07016,0.25,0.16712,0.45
1734,,0.32184,0.85,0.8884,0.9,0.00248,0.175,0.09944,0.4
1735,,0.28952,0.825,0.85608,0.85,-0.0652,0.1,0.03176,0.35
1736,5,0.3072,0.85,0.87376,0.85,1.0,-0.175,0.01408,0.35
1737,6,0.32488,0.875,0.89144,0.85,0.73232,1.0,-0.0036,0.35
1738,7,0.34256,0.9,0.90912,0.85,0.71464,0.975,1.0,0.35
1739,,0.31024,0.875,0.8768,0.8,0.64696,0.9,0.93232,0.3
1740,,0.27792,0.85,0.84448,0.75,0.57928,0.825,0.86464,0.25
1741,,0.2456,0.825,0.81216,0.7,0.5116,0.75,0.79696,0.2
1742,,0.21328,0.8,0.77984,0.65,0.44392,0.675,0.72928,0.15
1743,,0.18096,0.775,0.74752,0.6,0.37624,0.6,0.6616,0.1
1744,,0.14864,0.75,0.7152,0.55,0.30856,0.525,0.59392,0.05
1745,,0.11632,0.725,0.68288,0.5,0.24088,0.45,0.52624,0.0
1746,,0.084,0.7,0.65056,0.45,0.1732,0.375,0.45856,-0.05
1747,8,0.10168,0.725,0.66824,0.45,0.15552,0.35,0.44088,1.0
1748,,0.06936,0.7,0.63592,0.4,0.08784,0.275,0.3732,0.95
1749,,0.03704,0.675,0.6036,0.35,0.02016,0.2,0.30552,0.9
1750,,0.00472,0.65,0.57128,0.3,-0.04752,0.125,0.23784,0.85
1751,5,0.0224,0.675,0.58896,0.3,1.0,-0.15,0.22016,0.85
1752,6,0.04008,0.7,0.60664,0.3,0.73232,1.0,0.20248,0.85
1753,,0.00776,0.675,0.57432,0.25,0.66464,0.925,0.1348,0.8
1754,,-0.02456,0.65,0.542,0.2,0.59696,0.85,0.06712,0.75
1755,1,1.0,0.675,0.55968,0.2,0.57928,0.825,0.04944,0.75
1756,,0.96768,0.65,0.52736,0.15,0.5116,0.75,-0.01824,0.7
1757,7,0.98536,0.675,0.54504,0.15,0.49392,0.725,1.0,0.7
1758,,0.95304,0.65,0.51272,0.1,0.42624,0.65,0.93232,0.65
1759,,0.92072,0.625,0.4804,0.05,0.35856,0.575,0.86464,0.6
1760,,0.8884,0.6,0.44808,0.0,0.29088,0.5,0.79696,0.55
1761,,0.85608,0.575,0.41576,-0.05,0.2232,0.425,0.72928,0.5
1762,4,0.87376,0.6,0.43344,1.0,0.20552,0.4,0.7116,0.5
1763,,0.84144,0.575,0.40112,0.95,0.13784,0.325,0.64392,0.45
1764,,0.80912,0.55,0.3688,0.9,0.07016,0.25,0.57624,0.4
1765,,0.7768,0.525,0.33648,0.85,0.00248,0.175,0.50856,0.35
1766,,0.74448,0.5,0.30416,0.8,-0.0652,0.1,0.44088,0.3
1767,5,0.76216,0.525,0.32184,0.8,1.0,-0.175,0.4232,0.3
1768,6,0.77984,0.55,0.33952,0.8,0.73232,1.0,0.40552,0.3
1769,,0.74752,0.525,0.3072,0.75,0.66464,0.925,0.33784,0.25
1770,,0.7152,0.5,0.27488,0.7,0.59696,0.85,0.27016,0.2
1771,,0.68288,0.475,0.24256,0.65,0.52928,0.775,0.20248,0.15
1772,,0.65056,0.45,0.21024,0.6,0.4616,0.7,0.1348,0.1
1773,,0.61824,0.425,0.17792,0.55,0.39392,0.625,0.06712,0.05
1774,,0.58592,0.4,0.1456,0.5,0.32624,0.55,-0.00056,0.0
1775,7,0.6036,0.425,0.16328,0.5,0.30856,0.525,1.0,0.0
1776,,0.57128,0.4,0.13096,0.45,0.24088,0.45,0.93232,-0.05
1777,8,0.58896,0.425,0.14864,0.45,0.2232,0.425,0.91464,1.0
1778,,0.55664,0.4,0.11632,0.4,0.15552,0.35,0.84696,0.95
1779,,0.52432,0.375,0.084,0.35,0.08784,0.275,0.77928,0.9
1780,,0.492,0.35,0.05168,0.3,0.02016,0.2,0.7116,0.85
1781,,0.45968,0.325,0.01936,0.25,-0.04752,0.125,0.64392,0.8
1782,5,0.47736,0.35,0.03704,0.25,1.0,-0.15,0.62624,0.8
1783,6,0.49504,0.375,0.05472,0.25,0.73232,1.0,0.60856,0.8
1784,,0.46272,0.35,0.0224,0.2,0.66464,0.925,0.54088,0.75
1785,,0.4304,0.325,-0.00992,0.15,0.59696,0.85,0.4732,0.7
1786,3,0.44808,0.35,1.0,0.15,0.57928,0.825,0.45552,0.7
1787,,0.41576,0.325,0.96768,0.1,0.5116,0.75,0.38784,0.65
1788,,0.38344,0.3,0.93536,0.05,0.44392,0.675,0.32016,0.6
1789,,0.35112,0.275,0.90304,0.0,0.37624,0.6,0.25248,0.55
1790,,0.3188,0.25,0.87072,-0.05,0.30856,0.525,0.1848,0.5
1791,4,0.33648,0.275,0.8884,1.0,0.29088,0.5,0.16712,0.5
1792,,0.30416,0.25,0.85608,0.95,0.2232,0.425,0.09944,0.45
1793,,0.27184,0.225,0.82376,0.9,0.15552,0.35,0.03176,0.4
1794,,0.23952,0.2,0.79144,0.85,0.08784,0.275,-0.03592,0.35
1795,7,0.2572,0.225,0.80912,0.85,0.07016,0.25,1.0,0.35
1796,,0.22488,0.2,0.7768,0.8,0.00248,0.175,0.93232,0.3
1797,,0.19256,0.175,0.74448,0.75,-0.0652,0.1,0.86464,0.25
1798,5,0.21024,0.2,0.76216,0.75,1.0,-0.175,0.84696,0.25
1799,6,0.22792,0.225,0.77984,0.75,0.73232,1.0,0.82928,0.25
1800,,0.1956,0.2,0.74752,0.7,0.66464,0.925,0.7616,0.2
1801,,0.16328,0.175,0.7152,0.65,0.59696,0.85,0.69392,0.15
1802,,0.13096,0.15,0.68288,0.6,0.52928,0.775,0.62624,0.1
1803,,0.09864,0.125,0.65056,0.55,0.4616,0.7,0.55856,0.05
1804,,0.06632,0.1,0.61824,0.5,0.39392,0.625,0.49088,0.0
1805,,0.034,0.075,0.58592,0.45,0.32624,0.55,0.4232,-0.05
1806,8,0.05168,0.1,0.6036,0.45,0.30856,0.525,0.40552,1.0
1807,,0.01936,0.075,0.57128,0.4,0.24088,0.45,0.33784,0.95
1808,,-0.01296,0.05,0.53896,0.35,0.1732,0.375,0.27016,0.9
1809,1,1.0,0.075,0.55664,0.35,0.15552,0.35,0.25248,0.9
1810,,0.96768,0.05,0.52432,0.3,0.08784,0.275,0.1848,0.85
1811,,0.93536,0.025,0.492,0.25,0.02016,0.2,0.11712,0.8
1812,,0.90304,0.0,0.45968,0.2,-0.04752,0.125,0.04944,0.75
1813,5,0.92072,0.025,0.47736,0.2,1.0,-0.15,0.03176,0.75
1814,6,0.9384,0.05,0.49504,0.2,0.73232,1.0,0.01408,0.75
1815,,0.90608,0.025,0.46272,0.15,0.66464,0.925,-0.0536,0.7
1816,7,0.92376,0.05,0.4804,0.15,0.64696,0.9,1.0,0.7
1817,,0.89144,0.025,0.44808,0.1,0.57928,0.825,0.93232,0.65
1818,,0.85912,0.0,0.41576,0.05,0.5116,0.75,0.86464,0.6
1819,,0.8268,-0.025,0.38344,0.0,0.44392,0.675,0.79696,0.55
1820,2,0.84448,1.0,0.40112,0.0,0.42624,0.65,0.77928,0.55
1821,,0.81216,0.975,0.3688,-0.05,0.35856,0.575,0.7116,0.5
1822,4,0.82984,1.0,0.38648,1.0,0.34088,0.55,0.69392,0.5
1823,,0.79752,0.975,0.35416,0.95,0.2732,0.475,0.62624,0.45
1824,,0.7652,0.95,0.32184,0.9,0.20552,0.4,0.55856,0.4
1825,,0.73288,0.925,0.28952,0.85,0.13784,0.325,0.49088,0.35
1826,,0.70056,0.9,0.2572,0.8,0.07016,0.25,0.4232,0.3
1827,,0.66824,0.875,0.22488,0.75,0.00248,0.175,0.35552,0.25
1828,,0.63592,0.85,0.19256,0.7,-0.0652,0.1,0.28784,0.2
1829,5,0.6536,0.875,0.21024,0.7,1.0,-0.175,0.27016,0.2
1830,6,0.67128,0.9,0.22792,0.7,0.73232,1.0,0.25248,0.2
1831,,0.63896,0.875,0.1956,0.65,0.66464,0.925,0.1848,0.15
1832,,0.60664,0.85,0.16328,0.6,0.59696,0.85,0.11712,0.1
1833,,0.57432,0.825,0.13096,0.55,0.52928,0.775,0.04944,0.05
1834,,0.542,0.8,0.09864,0.5,0.4616,0.7,-0.01824,0.0
1835,7,0.55968,0.825,0.11632,0.5,0.44392,0.675,1.0,0.0
1836,,0.52736,0.8,0.084,0.45,0.37624,0.6,0.93232,-0.05
1837,8,0.54504,0.825,0.10168,0.45,0.35856,0.575,0.91464,1.0
1838,,0.51272,0.8,0.06936,0.4,0.29088,0.5,0.84696,0.95
1839,,0.4804,0.775,0.03704,0.35,0.2232,0.425,0.77928,0.9
1840,,0.44808,0.75,0.00472,0.3,0.15552,0.35,0.7116,0.85
1841,,0.41576,0.725,-0.0276,0.25,0.08784,0.275,0.64392,0.8
1842,3,0.43344,0.75,1.0,0.25,0.07016,0.25,0.62624,0.8
1843,,0.40112,0.725,0.96768,0.2,0.00248,0.175,0.55856,0.75
1844,,0.3688,0.7,0.93536,0.15,-0.0652,0.1,0.49088,0.7
1845,5,0.38648,0.725,0.95304,0.15,1.0,-0.175,0.4732,0.7
1846,6,0.40416,0.75,0.97072,0.15,0.73232,1.0,0.45552,0.7
1847,,0.37184,0.725,0.9384,0.1,0.66464,0.925,0.38784,0.65
1848,,0.33952,0.7,0.90608,0.05,0.59696,0.85,0.32016,0.6
1849,,0.3072,0.675,0.87376,0.0,0.52928,0.775,0.25248,0.55
1850,,0.27488,0.65,0.84144,-0.05,0.4616,0.7,0.1848,0.5
1851,4,0.29256,0.675,0.85912,1.0,0.44392,0.675,0.16712,0.5
1852,,0.26024,0.65,0.8268,0.95,0.37624,0.6,0.09944,0.45
1853,,0.22792,0.625,0.79448,0.9,0.30856,0.525,0.03176,0.4
1854,,0.1956,0.6,0.76216,0.85,0.24088,0.45,-0.03592,0.35
1855,7,0.21328,0.625,0.77984,0.85,0.2232,0.425,1.0,0.35
1856,,0.18096,0.6,0.74752,0.8,0.15552,0.35,0.93232,0.3
1857,,0.14864,0.575,0.7152,0.75,0.08784,0.275,0.86464,0.25
1858,,0.11632,0.55,0.68288,0.7,0.02016,0.2,0.79696,0.2
1859,,0.084,0.525,0.65056,0.65,-0.04752,0.125,0.72928,0.15
1860,5,0.10168,0.55,0.66824,0.65,1.0,-0.15,0.7116,0.15
1861,6,0.11936,0.575,0.68592,0.65,0.73232,1.0,0.69392,0.15
1862,,0.08704,0.55,0.6536,0.6,0.66464,0.925,0.62624,0.1
1863,,0.05472,0.525,0.62128,0.55,0.59696,0.85,0.55856,0.05
1864,,0.0224,0.5,0.58896,0.5,0.52928,0.775,0.49088,0.0
1865,,-0.00992,0.475,0.55664,0.45,0.4616,0.7,0.4232,-0.05
1866,8,0.00776,0.5,0.57432,0.45,0.44392,0.675,0.40552,1.0
1867,,-0.02456,0.475,0.542,0.4,0.37624,0.6,0.33784,0.95
1868,1,1.0,0.5,0.55968,0.4,0.35856,0.575,0.32016,0.95
1869,,0.96768,0.475,0.52736,0.35,0.29088,0.5,0.25248,0.9
1870,,0.93536,0.45,0.49504,0.3,0.2232,0.425,0.1848,0.85
1871,,0.90304,0.425,0.46272,0.25,0.15552,0.35,0.11712,0.8
1872,,0.87072,0.4,0.4304,0.2,0.08784,0.275,0.04944,0.75
1873,,0.8384,0.375,0.39808,0.15,0.02016,0.2,-0.01824,0.7
1874,7,0.85608,0.4,0.41576,0.15,0.00248,0.175,1.0,0.7
1875,,0.82376,0.375,0.38344,0.1,-0.0652,0.1,0.93232,0.65
1876,5,0.84144,0.4,0.40112,0.1,1.0,-0.175,0.91464,0.65
1877,6,0.85912,0.425,0.4188,0.1,0.73232,1.0,0.89696,0.65
1878,,0.8268,0.4,0.38648,0.05,0.66464,0.925,0.82928,0.6
1879,,0.79448,0.375,0.35416,0.0,0.59696,0.85,0.7616,0.55
1880,,0.76216,0.35,0.32184,-0.05,0.52928,0.775,0.69392,0.5
1881,4,0.77984,0.375,0.33952,1.0,0.5116,0.75,0.67624,0.5
1882,,0.74752,0.35,0.3072,0.95,0.44392,0.675,0.60856,0.45
1883,,0.7152,0.325,0.27488,0.9,0.37624,0.6,0.54088,0.4
1884,,0.68288,0.3,0.24256,0.85,0.30856,0.525,0.4732,0.35
1885,,0.65056,0.275,0.21024,0.8,0.24088,0.45,0.40552,0.3
1886,,0.61824,0.25,0.17792,0.75,0.1732,0.375,0.33784,0.25
1887,,0.58592,0.225,0.1456,0.7,0.10552,0.3,0.27016,0.2
1888,,0.5536,0.2,0.11328,0.65,0.03784,0.225,0.20248,0.15
1889,,0.52128,0.175,0.08096,0.6,-0.02984,0.15,0.1348,0.1
1890,5,0.53896,0.2,0.09864,0.6,1.0,-0.125,0.11712,0.1
1891,6,0.55664,0.225,0.11632,0.6,0.73232,1.0,0.09944,0.1
1892,,0.52432,0.2,0.084,0.55,0.66464,0.925,0.03176,0.05
1893,,0.492,0.175,0.05168,0.5,0.59696,0.85,-0.03592,0.0
1894,7,0.50968,0.2,0.06936,0.5,0.57928,0.825,1.0,0.0
1895,,0.47736,0.175,0.03704,0.45,0.5116,0.75,0.93232,-0.05
1896,8,0.49504,0.2,0.05472,0.45,0.49392,0.725,0.91464,1.0
1897,,0.46272,0.175,0.0224,0.4,0.42624,0.65,0.84696,0.95
1898,,0.4304,0.15,-0.00992,0.35,0.35856,0.575,0.77928,0.9
1899,3,0.44808,0.175,1.0,0.35,0.34088,0.55,0.7616,0.9
1900,,0.41576,0.15,0.96768,0.3,0.2732,0.475,0.69392,0.85
1901,,0.38344,0.125,0.93536,0.25,0.20552,0.4,0.62624,0.8
1902,,0.35112,0.1,0.90304,0.2,0.13784,0.325,0.55856,0.75
1903,,0.3188,0.075,0.87072,0.15,0.07016,0.25,0.49088,0.7
1904,,0.28648,0.05,0.8384,0.1,0.00248,0.175,0.4232,0.65
1905,,0.25416,0.025,0.80608,0.05,-0.0652,0.1,0.35552,0.6
1906,5,0.27184,0.05,0.82376,0.05,1.0,-0.175,0.33784,0.6
1907,6,0.28952,0.075,0.84144,0.05,0.73232,1.0,0.32016,0.6
1908,,0.2572,0.05,0.80912,0.0,0.66464,0.925,0.25248,0.55
1909,,0.22488,0.025,0.7768,-0.05,0.59696,0.85,0.1848,0.5
1910,4,0.24256,0.05,0.79448,1.0,0.57928,0.825,0.16712,0.5
1911,,0.21024,0.025,0.76216,0.95,0.5116,0.75,0.09944,0.45
1912,,0.17792,0.0,0.72984,0.9,0.44392,0.675,0.03176,0.4
1913,,0.1456,-0.025,0.69752,0.85,0.37624,0.6,-0.03592,0.35
1914,7,0.16328,0.0,0.7152,0.85,0.35856,0.575,1.0,0.35
1915,,0.13096,-0.025,0.68288,0.8,0.29088,0.5,0.93232,0.3
1916,2,0.14864,1.0,0.70056,0.8,0.2732,0.475,0.91464,0.3
1917,,0.11632,0.975,0.66824,0.75,0.20552,0.4,0.84696,0.25
1918,,0.084,0.95,0.63592,0.7,0.13784,0.325,0.77928,0.2
1919,,0.05168,0.925,0.6036,0.65,0.07016,0.25,0.7116,0.15
1920,,0.01936,0.9,0.57128,0.6,0.00248,0.175,0.64392,0.1
1921,,-0.01296,0.875,0.53896,0.55,-0.0652,0.1,0.57624,0.05
1922,5,0.00472,0.9,0.55664,0.55,1.0,-0.175,0.55856,0.05
1923,6,0.0224,0.925,0.57432,0.55,0.73232,1.0,0.54088,0.05
1924,,-0.00992,0.9,0.542,0.5,0.66464,0.925,0.4732,0.0
1925,1,1.0,0.925,0.55968,0.5,0.64696,0.9,0.45552,0.0
1926,,0.96768,0.9,0.52736,0.45,0.57928,0.825,0.38784,-0.05
1927,8,0.98536,0.925,0.54504,0.45,0.5616,0.8,0.37016,1.0
1928,,0.95304,0.9,0.51272,0.4,0.49392,0.725,0.30248,0.95
1929,,0.92072,0.875,0.4804,0.35,0.42624,0.65,0.2348,0.9
1930,,0.8884,0.85,0.44808,0.3,0.35856,0.575,0.16712,0.85
1931,,0.85608,0.825,0.41576,0.25,0.29088,0.5,0.09944,0.8
1932,,0.82376,0.8,0.38344,0.2,0.2232,0.425,0.03176,0.75
1933,,0.79144,0.775,0.35112,0.15,0.15552,0.35,-0.03592,0.7
1934,7,0.80912,0.8,0.3688,0.15,0.13784,0.325,1.0,0.7
1935,,0.7768,0.775,0.33648,0.1,0.07016,0.25,0.93232,0.65
1936,,0.74448,0.75,0.30416,0.05,0.00248,0.175,0.86464,0.6
1937,,0.71216,0.725,0.27184,0.0,-0.0652,0.1,0.79696,0.55
1938,5,0.72984,0.75,0.28952,0.0,1.0,-0.175,0.77928,0.55
1939,6,0.74752,0.775,0.3072,0.0,0.73232,1.0,0.7616,0.55
1940,,0.7152,0.75,0.27488,-0.05,0.66464,0.925,0.69392,0.5
1941,4,0.73288,0.775,0.29256,1.0,0.64696,0.9,0.67624,0.5
1942,,0.70056,0.75,0.26024,0.95,0.57928,0.825,0.60856,0.45
1943,,0.66824,0.725,0.22792,0.9,0.5116,0.75,0.54088,0.4
1944,,0.63592,0.7,0.1956,0.85,0.44392,0.675,0.4732,0.35
1945,,0.6036,0.675,0.16328,0.8,0.37624,0.6,0.40552,0.3
1946,,0.57128,0.65,0.13096,0.75,0.30856,0.525,0.33784,0.25
1947,,0.53896,0.625,0.09864,0.7,0.24088,0.45,0.27016,0.2
1948,,0.50664,0.6,0.06632,0.65,0.1732,0.375,0.20248,0.15
1949,,0.47432,0.575,0.034,0.6,0.10552,0.3,0.1348,0.1
1950,,0.442,0.55,0.00168,0.55,0.03784,0.225,0.06712,0.05
1951,,0.40968,0.525,-0.03064,0.5,-0.02984,0.15,-0.00056,0.0
1952,3,0.42736,0.55,1.0,0.5,-0.04752,0.125,-0.01824,0.0
1953,5,0.44504,0.575,1.0,0.5,1.0,-0.15,-0.03592,0.0
1954,6,0.46272,0.6,1.0,0.5,0.73232,1.0,-0.0536,0.0
1955,7,0.4804,0.625,1.0,0.5,0.71464,0.975,1.0,0.0
1956,,0.44808,0.6,0.96768,0.45,0.64696,0.9,0.93232,-0.05
1957,8,0.46576,0.625,0.98536,0.45,0.62928,0.875,0.91464,1.0
1958,,0.43344,0.6,0.95304,0.4,0.5616,0.8,0.84696,0.95
1959,,0.40112,0.575,0.92072,0.35,0.49392,0.725,0.77928,0.9
1960,,0.3688,0.55,0.8884,0.3,0.42624,0.65,0.7116,0.85
1961,,0.33648,0.525,0.85608,0.25,0.35856,0.575,0.64392,0.8
1962,,0.30416,0.5,0.82376,0.2,0.29088,0.5,0.57624,0.75
1963,,0.27184,0.475,0.79144,0.15,0.2232,0.425,0.50856,0.7
1964,,0.23952,0.45,0.75912,0.1,0.15552,0.35,0.44088,0.65
1965,,0.2072,0.425,0.7268,0.05,0.08784,0.275,0.3732,0.6
1966,,0.17488,0.4,0.69448,0.0,0.02016,0.2,0.30552,0.55
1967,,0.14256,0.375,0.66216,-0.05,-0.04752,0.125,0.23784,0.5
1968,4,0.16024,0.4,0.67984,1.0,-0.0652,0.1,0.22016,0.5
1969,5,0.17792,0.425,0.69752,1.0,1.0,-0.175,0.20248,0.5
1970,6,0.1956,0.45,0.7152,1.0,0.73232,1.0,0.1848,0.5
1971,,0.16328,0.425,0.68288,0.95,0.66464,0.925,0.11712,0.45
1972,,0.13096,0.4,0.65056,0.9,0.59696,0.85,0.04944,0.4
1973,,0.09864,0.375,0.61824,0.85,0.52928,0.775,-0.01824,0.35
1974,7,0.11632,0.4,0.63592,0.85,0.5116,0.75,1.0,0.35
1975,,0.084,0.375,0.6036,0.8,0.44392,0.675,0.93232,0.3
1976,,0.05168,0.35,0.57128,0.75,0.37624,0.6,0.86464,0.25
1977,,0.01936,0.325,0.53896,0.7,0.30856,0.525,0.79696,0.2
1978,,-0.01296,0.3,0.50664,0.65,0.24088,0.45,0.72928,0.15
1979,1,1.0,0.325,0.52432,0.65,0.2232,0.425,0.7116,0.15
1980,,0.96768,0.3,0.492,0.6,0.15552,0.35,0.64392,0.1
1981,,0.93536,0.275,0.45968,0.55,0.08784,0.275,0.57624,0.05
1982,,0.90304,0.25,0.42736,0.5,0.02016,0.2,0.50856,0.0
1983,,0.87072,0.225,0.39504,0.45,-0.04752,0.125,0.44088,-0.05
1984,8,0.8884,0.25,0.41272,0.45,-0.0652,0.1,0.4232,1.0
1985,5,0.90608,0.275,0.4304,0.45,1.0,-0.175,0.40552,1.0
1986,6,0.92376,0.3,0.44808,0.45,0.73232,1.0,0.38784,1.0
1987,,0.89144,0.275,0.41576,0.4,0.66464,0.925,0.32016,0.95
1988,,0.85912,0.25,0.38344,0.35,0.59696,0.85,0.25248,0.9
1989,,0.8268,0.225,0.35112,0.3,0.52928,0.775,0.1848,0.85
1990,,0.79448,0.2,0.3188,0.25,0.4616,0.7,0.11712,0.8
1991,,0.76216,0.175,0.28648,0.2,0.39392,0.625,0.04944,0.75
1992,,0.72984,0.15,0.25416,0.15,0.32624,0.55,-0.01824,0.7
1993,7,0.74752,0.175,0.27184,0.15,0.30856,0.525,1.0,0.7
1994,,0.7152,0.15,0.23952,0.1,0.24088,0.45,0.93232,0.65
1995,,0.68288,0.125,0.2072,0.05,0.1732,0.375,0.86464,0.6
1996,,0.65056,0.1,0.17488,0.0,0.10552,0.3,0.79696,0.55
1997,,0.61824,0.075,0.14256,-0.05,0.03784,0.225,0.72928,0.5
1998,4,0.63592,0.1,0.16024,1.0,0.02016,0.2,0.7116,0.5
1999,,0.6036,0.075,0.12792,0.95,-0.04752,0.125,0.64392,0.45
2000,5,0.62128,0.1,0.1456,0.95,1.0,-0.15,0.62624,0.45
2001,6,0.63896,0.125,0.16328,0.95,0.73232,1.0,0.60856,0.45
2002,,0.60664,0.1,0.13096,0.9,0.66464,0.925,0.54088,0.4
2003,,0.57432,0.075,0.09864,0.85,0.59696,0.85,0.4732,0.35
2004,,0.542,0.05,0.06632,0.8,0.52928,0.775,0.40552,0.3
2005,,0.50968,0.025,0.034,0.75,0.4616,0.7,0.33784,0.25
2006,,0.47736,0.0,0.00168,0.7,0.39392,0.625,0.27016,0.2
2007,,0.44504,-0.025,-0.03064,0.65,0.32624,0.55,0.20248,0.15
2008,3,0.46272,0.0,1.0,0.65,0.30856,0.525,0.1848,0.15
2009,,0.4304,-0.025,0.96768,0.6,0.24088,0.45,0.11712,0.1
2010,2,0.44808,1.0,0.98536,0.6,0.2232,0.425,0.09944,0.1
2011,,0.41576,0.975,0.95304,0.55,0.15552,0.35,0.03176,0.05
2012,,0.38344,0.95,0.92072,0.5,0.08784,0.275,-0.03592,0.0
2013,7,0.40112,0.975,0.9384,0.5,0.07016,0.25,1.0,0.0
2014,,0.3688,0.95,0.90608,0.45,0.00248,0.175,0.93232,-0.05
2015,8,0.38648,0.975,0.92376,0.45,-0.0152,0.15,0.91464,1.0
2016,5,0.40416,1.0,0.94144,0.45,1.0,-0.125,0.89696,1.0
2017,6,0.42184,1.0,0.95912,0.45,0.73232,1.0,0.87928,1.0
2018,,0.38952,0.975,0.9268,0.4,0.66464,0.925,0.8116,0.95
2019,,0.3572,0.95,0.89448,0.35,0.59696,0.85,0.74392,0.9
2020,,0.32488,0.925,0.86216,0.3,0.52928,0.775,0.67624,0.85
2021,,0.29256,0.9,0.82984,0.25,0.4616,0.7,0.60856,0.8
2022,,0.26024,0.875,0.79752,0.2,0.39392,0.625,0.54088,0.75
2023,,0.22792,0.85,0.7652,0.15,0.32624,0.55,0.4732,0.7
2024,,0.1956,0.825,0.73288,0.1,0.25856,0.475,0.40552,0.65
2025,,0.16328,0.8,0.70056,0.05,0.19088,0.4,0.33784,0.6
2026,,0.13096,0.775,0.66824,0.0,0.1232,0.325,0.27016,0.55
2027,,0.09864,0.75,0.63592,-0.05,0.05552,0.25,0.20248,0.5
2028,4,0.11632,0.775,0.6536,1.0,0.03784,0.225,0.1848,0.5
2029,,0.084,0.75,0.62128,0.95,-0.02984,0.15,0.11712,0.45
2030,5,0.10168,0.775,0.63896,0.95,1.0,-0.125,0.09944,0.45
2031,6,0.11936,0.8,0.65664,0.95,0.73232,1.0,0.08176,0.45
2032,,0.08704,0.775,0.62432,0.9,0.66464,0.925,0.01408,0.4
2033,,0.05472,0.75,0.592,0.85,0.59696,0.85,-0.0536,0.35
2034,7,0.0724,0.775,0.60968,0.85,0.57928,0.825,1.0,0.35
2035,,0.04008,0.75,0.57736,0.8,0.5116,0.75,0.93232,0.3
2036,,0.00776,0.725,0.54504,0.75,0.44392,0.675,0.86464,0.25
2037,,-0.02456,0.7,0.51272,0.7,0.37624,0.6,0.79696,0.2
2038,1,1.0,0.725,0.5304,0.7,0.35856,0.575,0.77928,0.2
2039,,0.96768,0.7,0.49808,0.65,0.29088,0.5,0.7116,0.15
2040,,0.93536,0.675,0.46576,0.6,0.2232,0.425,0.64392,0.1
2041,,0.90304,0.65,0.43344,0.55,0.15552,0.35,0.57624,0.05
2042,,0.87072,0.625,0.40112,0.5,0.08784,0.275,0.50856,0.0
2043,,0.8384,0.6,0.3688,0.45,0.02016,0.2,0.44088,-0.05
2044,8,0.85608,0.625,0.38648,0.45,0.00248,0.175,0.4232,1.0
2045,,0.82376,0.6,0.35416,0.4,-0.0652,0.1,0.35552,0.95
2046,5,0.84144,0.625,0.37184,0.4,1.0,-0.175,0.33784,0.95
2047,6,0.85912,0.65,0.38952,0.4,0.73232,1.0,0.32016,0.95
2048,,0.8268,0.625,0.3572,0.35,0.66464,0.925,0.25248,0.9
2049,,0.79448,0.6,0.32488,0.3,0.59696,0.85,0.1848,0.85
2050,,0.76216,0.575,0.29256,0.25,0.52928,0.775,0.11712,0.8
2051,,0.72984,0.55,0.26024,0.2,0.4616,0.7,0.04944,0.75
2052,,0.69752,0.525,0.22792,0.15,0.39392,0.625,-0.01824,0.7
2053,7,0.7152,0.55,0.2456,0.15,0.37624,0.6,1.0,0.7
2054,,0.68288,0.525,0.21328,0.1,0.30856,0.525,0.93232,0.65
2055,,0.65056,0.5,0.18096,0.05,0.24088,0.45,0.86464,0.6
2056,,0.61824,0.475,0.14864,0.0,0.1732,0.375,0.79696,0.55
2057,,0.58592,0.45,0.11632,-0.05,0.10552,0.3,0.72928,0.5
2058,4,0.6036,0.475,0.134,1.0,0.08784,0.275,0.7116,0.5
2059,,0.57128,0.45,0.10168,0.95,0.02016,0.2,0.64392,0.45
2060,,0.53896,0.425,0.06936,0.9,-0.04752,0.125,0.57624,0.4
2061,5,0.55664,0.45,0.08704,0.9,1.0,-0.15,0.55856,0.4
2062,6,0.57432,0.475,0.10472,0.9,0.73232,1.0,0.54088,0.4
2063,,0.542,0.45,0.0724,0.85,0.66464,0.925,0.4732,0.35
2064,,0.50968,0.425,0.04008,0.8,0.59696,0.85,0.40552,0.3
2065,,0.47736,0.4,0.00776,0.75,0.52928,0.775,0.33784,0.25
2066,,0.44504,0.375,-0.02456,0.7,0.4616,0.7,0.27016,0.2
2067,3,0.46272,0.4,1.0,0.7,0.44392,0.675,0.25248,0.2
2068,,0.4304,0.375,0.96768,0.65,0.37624,0.6,0.1848,0.15
2069,,0.39808,0.35,0.93536,0.6,0.30856,0.525,0.11712,0.1
2070,,0.36576,0.325,0.90304,0.55,0.24088,0.45,0.04944,0.05
2071,,0.33344,0.3,0.87072,0.5,0.1732,0.375,-0.01824,0.0
2072,7,0.35112,0.325,0.8884,0.5,0.15552,0.35,1.0,0.0
2073,,0.3188,0.3,0.85608,0.45,0.08784,0.275,0.93232,-0.05
2074,8,0.33648,0.325,0.87376,0.45,0.07016,0.25,0.91464,1.0
2075,,0.30416,0.3,0.84144,0.4,0.00248,0.175,0.84696,0.95
2076,,0.27184,0.275,0.80912,0.35,-0.0652,0.1,0.77928,0.9
2077,5,0.28952,0.3,0.8268,0.35,1.0,-0.175,0.7616,0.9
2078,6,0.3072,0.325,0.84448,0.35,0.73232,1.0,0.74392,0.9
2079,,0.27488,0.3,0.81216,0.3,0.66464,0.925,0.67624,0.85
2080,,0.24256,0.275,0.77984,0.25,0.59696,0.85,0.60856,0.8
2081,,0.21024,0.25,0.74752,0.2,0.52928,0.775,0.54088,0.75
2082,,0.17792,0.225,0.7152,0.15,0.4616,0.7,0.4732,0.7
2083,,0.1456,0.2,0.68288,0.1,0.39392,0.625,0.40552,0.65
2084,,0.11328,0.175,0.65056,0.05,0.32624,0.55,0.33784,0.6
2085,,0.08096,0.15,0.61824,0.0,0.25856,0.475,0.27016,0.55
2086,,0.04864,0.125,0.58592,-0.05,0.19088,0.4,0.20248,0.5
2087,4,0.06632,0.15,0.6036,1.0,0.1732,0.375,0.1848,0.5
2088,,0.034,0.125,0.57128,0.95,0.10552,0.3,0.11712,0.45
2089,,0.00168,0.1,0.53896,0.9,0.03784,0.225,0.04944,0.4
2090,,-0.03064,0.075,0.50664,0.85,-0.02984,0.15,-0.01824,0.35
2091,1,1.0,0.1,0.52432,0.85,-0.04752,0.125,-0.03592,0.35
2092,5,1.0,0.125,0.542,0.85,1.0,-0.15,-0.0536,0.35
2093,6,1.0,0.15,0.55968,0.85,0.73232,1.0,-0.07128,0.35
2094,7,1.0,0.175,0.57736,0.85,0.71464,0.975,1.0,0.35
2095,,0.96768,0.15,0.54504,0.8,0.64696,0.9,0.93232,0.3
2096,,0.93536,0.125,0.51272,0.75,0.57928,0.825,0.86464,0.25
2097,,0.90304,0.1,0.4804,0.7,0.5116,0.75,0.79696,0.2
2098,,0.87072,0.075,0.44808,0.65,0.44392,0.675,0.72928,0.15
2099,,0.8384,0.05,0.41576,0.6,0.37624,0.6,0.6616,0.1
2100,,0.80608,0.025,0.38344,0.55,0.30856,0.525,0.59392,0.05
2101,,0.77376,0.0,0.35112,0.5,0.24088,0.45,0.52624,0.0
2102,,0.74144,-0.025,0.3188,0.45,0.1732,0.375,0.45856,-0.05
2103,8,0.75912,0.0,0.33648,0.45,0.15552,0.35,0.44088,1.0
2104,,0.7268,-0.025,0.30416,0.4,0.08784,0.275,0.3732,0.95
2105,2,0.74448,1.0,0.32184,0.4,0.07016,0.25,0.35552,0.95
2106,,0.71216,0.975,0.28952,0.35,0.00248,0.175,0.28784,0.9
2107,,0.67984,0.95,0.2572,0.3,-0.0652,0.1,0.22016,0.85
2108,5,0.69752,0.975,0.27488,0.3,1.0,-0.175,0.20248,0.85
2109,6,0.7152,1.0,0.29256,0.3,0.73232,1.0,0.1848,0.85
2110,,0.68288,0.975,0.26024,0.25,0.66464,0.925,0.11712,0.8
2111,,0.65056,0.95,0.22792,0.2,0.59696,0.85,0.04944,0.75
2112,,0.61824,0.925,0.1956,0.15,0.52928,0.775,-0.01824,0.7
2113,7,0.63592,0.95,0.21328,0.15,0.5116,0.75,1.0,0.7
2114,,0.6036,0.925,0.18096,0.1,0.44392,0.675,0.93232,0.65
2115,,0.57128,0.9,0.14864,0.05,0.37624,0.6,0.86464,0.6
2116,,0.53896,0.875,0.11632,0.0,0.30856,0.525,0.79696,0.55
2117,,0.50664,0.85,0.084,-0.05,0.24088,0.45,0.72928,0.5
2118,4,0.52432,0.875,0.10168,1.0,0.2232,0.425,0.7116,0.5
2119,,0.492,0.85,0.06936,0.95,0.15552,0.35,0.64392,0.45
2120,,0.45968,0.825,0.03704,0.9,0.08784,0.275,0.57624,0.4
2121,,0.42736,0.8,0.00472,0.85,0.02016,0.2,0.50856,0.35
2122,,0.39504,0.775,-0.0276,0.8,-0.04752,0.125,0.44088,0.3
2123,5,0.41272,0.8,-0.00992,0.8,1.0,-0.15,0.4232,0.3
2124,6,0.4304,0.825,0.00776,0.8,0.73232,1.0,0.40552,0.3
2125,,0.39808,0.8,-0.02456,0.75,0.66464,0.925,0.33784,0.25
2126,3,0.41576,0.825,1.0,0.75,0.64696,0.9,0.32016,0.25
2127,,0.38344,0.8,0.96768,0.7,0.57928,0.825,0.25248,0.2
2128,,0.35112,0.775,0.93536,0.65,0.5116,0.75,0.1848,0.15
2129,,0.3188,0.75,0.90304,0.6,0.44392,0.675,0.11712,0.1
2130,,0.28648,0.725,0.87072,0.55,0.37624,0.6,0.04944,0.05
2131,,0.25416,0.7,0.8384,0.5,0.30856,0.525,-0.01824,0.0
2132,7,0.27184,0.725,0.85608,0.5,0.29088,0.5,1.0,0.0
2133,,0.23952,0.7,0.82376,0.45,0.2232,0.425,0.93232,-0.05
2134,8,0.2572,0.725,0.84144,0.45,0.20552,0.4,0.91464,1.0
2135,,0.22488,0.7,0.80912,0.4,0.13784,0.325,0.84696,0.95
2136,,0.19256,0.675,0.7768,0.35,0.07016,0.25,0.77928,0.9
2137,,0.16024,0.65,0.74448,0.3,0.00248,0.175,0.7116,0.85
2138,,0.12792,0.625,0.71216,0.25,-0.0652,0.1,0.64392,0.8
2139,5,0.1456,0.65,0.72984,0.25,1.0,-0.175,0.62624,0.8
2140,6,0.16328,0.675,0.74752,0.25,0.73232,1.0,0.60856,0.8
2141,,0.13096,0.65,0.7152,0.2,0.66464,0.925,0.54088,0.75
2142,,0.09864,0.625,0.68288,0.15,0.59696,0.85,0.4732,0.7
2143,,0.06632,0.6,0.65056,0.1,0.52928,0.775,0.40552,0.65
2144,,0.034,0.575,0.61824,0.05,0.4616,0.7,0.33784,0.6
2145,,0.00168,0.55,0.58592,0.0,0.39392,0.625,0.27016,0.55
2146,,-0.03064,0.525,0.5536,-0.05,0.32624,0.55,0.20248,0.5
2147,4,-0.01296,0.55,0.57128,1.0,0.30856,0.525,0.1848,0.5
2148,1,1.0,0.575,0.58896,1.0,0.29088,0.5,0.16712,0.5
2149,,0.96768,0.55,0.55664,0.95,0.2232,0.425,0.09944,0.45
2150,,0.93536,0.525,0.52432,0.9,0.15552,0.35,0.03176,0.4
2151,,0.90304,0.5,0.492,0.85,0.08784,0.275,-0.03592,0.35
2152,7,0.92072,0.525,0.50968,0.85,0.07016,0.25,1.0,0.35
2153,,0.8884,0.5,0.47736,0.8,0.00248,0.175,0.93232,0.3
2154,,0.85608,0.475,0.44504,0.75,-0.0652,0.1,0.86464,0.25
2155,5,0.87376,0.5,0.46272,0.75,1.0,-0.175,0.84696,0.25
2156,6,0.89144,0.525,0.4804,0.75,0.73232,1.0,0.82928,0.25
2157,,0.85912,0.5,0.44808,0.7,0.66464,0.925,0.7616,0.2
2158,,0.8268,0.475,0.41576,0.65,0.59696,0.85,0.69392,0.15
2159,,0.79448,0.45,0.38344,0.6,0.52928,0.775,0.62624,0.1
2160,,0.76216,0.425,0.35112,0.55,0.4616,0.7,0.55856,0.05
2161,,0.72984,0.4,0.3188,0.5,0.39392,0.625,0.49088,0.0
2162,,0.69752,0.375,0.28648,0.45,0.32624,0.55,0.4232,-0.05
2163,8,0.7152,0.4,0.30416,0.45,0.30856,0.525,0.40552,1.0
2164,,0.68288,0.375,0.27184,0.4,0.24088,0.45,0.33784,0.95
2165,,0.65056,0.35,0.23952,0.35,0.1732,0.375,0.27016,0.9
2166,,0.61824,0.325,0.2072,0.3,0.10552,0.3,0.20248,0.85
2167,,0.58592,0.3,0.17488,0.25,0.03784,0.225,0.1348,0.8
2168,,0.5536,0.275,0.14256,0.2,-0.02984,0.15,0.06712,0.75
2169,5,0.57128,0.3,0.16024,0.2,1.0,-0.125,0.04944,0.75
2170,6,0.58896,0.325,0.17792,0.2,0.73232,1.0,0.03176,0.75
2171,,0.55664,0.3,0.1456,0.15,0.66464,0.925,-0.03592,0.7
2172,7,0.57432,0.325,0.16328,0.15,0.64696,0.9,1.0,0.7
2173,,0.542,0.3,0.13096,0.1,0.57928,0.825,0.93232,0.65
2174,,0.50968,0.275,0.09864,0.05,0.5116,0.75,0.86464,0.6
2175,,0.47736,0.25,0.06632,0.0,0.44392,0.675,0.79696,0.55
2176,,0.44504,0.225,0.034,-0.05,0.37624,0.6,0.72928,0.5
2177,4,0.46272,0.25,0.05168,1.0,0.35856,0.575,0.7116,0.5
2178,,0.4304,0.225,0.01936,0.95,0.29088,0.5,0.64392,0.45
2179,,0.39808,0.2,-0.01296,0.9,0.2232,0.425,0.57624,0.4
2180,3,0.41576,0.225,1.0,0.9,0.20552,0.4,0.55856,0.4
2181,,0.38344,0.2,0.96768,0.85,0.13784,0.325,0.49088,0.35
2182,,0.35112,0.175,0.93536,0.8,0.07016,0.25,0.4232,0.3
2183,,0.3188,0.15,0.90304,0.75,0.00248,0.175,0.35552,0.25
2184,,0.28648,0.125,0.87072,0.7,-0.0652,0.1,0.28784,0.2
2185,5,0.30416,0.15,0.8884,0.7,1.0,-0.175,0.27016,0.2
2186,6,0.32184,0.175,0.90608,0.7,0.73232,1.0,0.25248,0.2
2187,,0.28952,0.15,0.87376,0.65,0.66464,0.925,0.1848,0.15
2188,,0.2572,0.125,0.84144,0.6,0.59696,0.85,0.11712,0.1
2189,,0.22488,0.1,0.80912,0.55,0.52928,0.775,0.04944,0.05
2190,,0.19256,0.075,0.7768,0.5,0.4616,0.7,-0.01824,0.0
2191,7,0.21024,0.1,0.79448,0.5,0.44392,0.675,1.0,0.0
2192,,0.17792,0.075,0.76216,0.45,0.37624,0.6,0.93232,-0.05
2193,8,0.1956,0.1,0.77984,0.45,0.35856,0.575,0.91464,1.0
2194,,0.16328,0.075,0.74752,0.4,0.29088,0.5,0.84696,0.95
2195,,0.13096,0.05,0.7152,0.35,0.2232,0.425,0.77928,0.9
2196,,0.09864,0.025,0.68288,0.3,0.15552,0.35,0.7116,0.85
2197,,0.06632,0.0,0.65056,0.25,0.08784,0.275,0.64392,0.8
2198,,0.034,-0.025,0.61824,0.2,0.02016,0.2,0.57624,0.75
2199,2,0.05168,1.0,0.63592,0.2,0.00248,0.175,0.55856,0.75
2200,,0.01936,0.975,0.6036,0.15,-0.0652,0.1,0.49088,0.7
2201,5,0.03704,1.0,0.62128,0.15,1.0,-0.175,0.4732,0.7
2202,6,0.05472,1.0,0.63896,0.15,0.73232,1.0,0.45552,0.7
2203,,0.0224,0.975,0.60664,0.1,0.66464,0.925,0.38784,0.65
2204,,-0.00992,0.95,0.57432,0.05,0.59696,0.85,0.32016,0.6
2205,1,1.0,0.975,0.592,0.05,0.57928,0.825,0.30248,0.6
2206,,0.96768,0.95,0.55968,0.0,0.5116,0.75,0.2348,0.55
2207,,0.93536,0.925,0.52736,-0.05,0.44392,0.675,0.16712,0.5
2208,4,0.95304,0.95,0.54504,1.0,0.42624,0.65,0.14944,0.5
2209,,0.92072,0.925,0.51272,0.95,0.35856,0.575,0.08176,0.45
2210,,0.8884,0.9,0.4804,0.9,0.29088,0.5,0.01408,0.4
2211,,0.85608,0.875,0.44808,0.85,0.2232,0.425,-0.0536,0.35
2212,7,0.87376,0.9,0.46576,0.85,0.20552,0.4,1.0,0.35
2213,,0.84144,0.875,0.43344,0.8,0.13784,0.325,0.93232,0.3
2214,,0.80912,0.85,0.40112,0.75,0.07016,0.25,0.86464,0.25
2215,,0.7768,0.825,0.3688,0.7,0.00248,0.175,0.79696,0.2
2216,,0.74448,0.8,0.33648,0.65,-0.0652,0.1,0.72928,0.15
2217,5,0.76216,0.825,0.35416,0.65,1.0,-0.175,0.7116,0.15
2218,6,0.77984,0.85,0.37184,0.65,0.73232,1.0,0.69392,0.15
2219,,0.74752,0.825,0.33952,0.6,0.66464,0.925,0.62624,0.1
2220,,0.7152,0.8,0.3072,0.55,0.59696,0.85,0.55856,0.05
2221,,0.68288,0.775,0.27488,0.5,0.52928,0.775,0.49088,0.0
2222,,0.65056,0.75,0.24256,0.45,0.4616,0.7,0.4232,-0.05
2223,8,0.66824,0.775,0.26024,0.45,0.44392,0.675,0.40552,1.0
2224,,0.63592,0.75,0.22792,0.4,0.37624,0.6,0.33784,0.95
2225,,0.6036,0.725,0.1956,0.35,0.30856,0.525,0.27016,0.9
2226,,0.57128,0.7,0.16328,0.3,0.24088,0.45,0.20248,0.85
2227,,0.53896,0.675,0.13096,0.25,0.1732,0.375,0.1348,0.8
2228,,0.50664,0.65,0.09864,0.2,0.10552,0.3,0.06712,0.75
2229,,0.47432,0.625,0.06632,0.15,0.03784,0.225,-0.00056,0.7
2230,7,0.492,0.65,0.084,0.15,0.02016,0.2,1.0,0.7
2231,,0.45968,0.625,0.05168,0.1,-0.04752,0.125,0.93232,0.65
2232,5,0.47736,0.65,0.06936,0.1,1.0,-0.15,0.91464,0.65
2233,6,0.49504,0.675,0.08704,0.1,0.73232,1.0,0.89696,0.65
2234,,0.46272,0.65,0.05472,0.05,0.66464,0.925,0.82928,0.6
2235,,0.4304,0.625,0.0224,0.0,0.59696,0.85,0.7616,0.55
2236,,0.39808,0.6,-0.00992,-0.05,0.52928,0.775,0.69392,0.5
2237,4,0.41576,0.625,0.00776,1.0,0.5116,0.75,0.67624,0.5
2238,,0.38344,0.6,-0.02456,0.95,0.44392,0.675,0.60856,0.45
2239,3,0.40112,0.625,1.0,0.95,0.42624,0.65,0.59088,0.45
2240,,0.3688,0.6,0.96768,0.9,0.35856,0.575,0.5232,0.4
2241,,0.33648,0.575,0.93536,0.85,0.29088,0.5,0.45552,0.35
2242,,0.30416,0.55,0.90304,0.8,0.2232,0.425,0.38784,0.3
2243,,0.27184,0.525,0.87072,0.75,0.15552,0.35,0.32016,0.25
2244,,0.23952,0.5,0.8384,0.7,0.08784,0.275,0.25248,0.2
2245,,0.2072,0.475,0.80608,0.65,0.02016,0.2,0.1848,0.15
2246,,0.17488,0.45,0.77376,0.6,-0.04752,0.125,0.11712,0.1
2247,5,0.19256,0.475,0.79144,0.6,1.0,-0.15,0.09944,0.1
2248,6,0.21024,0.5,0.80912,0.6,0.73232,1.0,0.08176,0.1
2249,,0.17792,0.475,0.7768,0.55,0.66464,0.925,0.01408,0.05
2250,,0.1456,0.45,0.74448,0.5,0.59696,0.85,-0.0536,0.0
2251,7,0.16328,0.475,0.76216,0.5,0.57928,0.825,1.0,0.0
2252,,0.13096,0.45,0.72984,0.45,0.5116,0.75,0.93232,-0.05
2253,8,0.14864,0.475,0.74752,0.45,0.49392,0.725,0.91464,1.0
2254,,0.11632,0.45,0.7152,0.4,0.42624,0.65,0.84696,0.95
2255,,0.084,0.425,0.68288,0.35,0.35856,0.575,0.77928,0.9
2256,,0.05168,0.4,0.65056,0.3,0.29088,0.5,0.7116,0.85
2257,,0.01936,0.375,0.61824,0.25,0.2232,0.425,0.64392,0.8
2258,,-0.01296,0.35,0.58592,0.2,0.15552,0.35,0.57624,0.75
2259,1,1.0,0.375,0.6036,0.2,0.13784,0.325,0.55856,0.75
2260,,0.96768,0.35,0.57128,0.15,0.07016,0.25,0.49088,0.7
2261,,0.93536,0.325,0.53896,0.1,0.00248,0.175,0.4232,0.65
2262,,0.90304,0.3,0.50664,0.05,-0.0652,0.1,0.35552,0.6
2263,5,0.92072,0.325,0.52432,0.05,1.0,-0.175,0.33784,0.6
2264,6,0.9384,0.35,0.542,0.05,0.73232,1.0,0.32016,0.6
2265,,0.90608,0.325,0.50968,0.0,0.66464,0.925,0.25248,0.55
2266,,0.87376,0.3,0.47736,-0.05,0.59696,0.85,0.1848,0.5
2267,4,0.89144,0.325,0.49504,1.0,0.57928,0.825,0.16712,0.5
2268,,0.85912,0.3,0.46272,0.95,0.5116,0.75,0.09944,0.45
2269,,0.8268,0.275,0.4304,0.9,0.44392,0.675,0.03176,0.4
2270,,0.79448,0.25,0.39808,0.85,0.37624,0.6,-0.03592,0.35
2271,7,0.81216,0.275,0.41576,0.85,0.35856,0.575,1.0,0.35
2272,,0.77984,0.25,0.38344,0.8,0.29088,0.5,0.93232,0.3
2273,,0.74752,0.225,0.35112,0.75,0.2232,0.425,0.86464,0.25
2274,,0.7152,0.2,0.3188,0.7,0.15552,0.35,0.79696,0.2
2275,,0.68288,0.175,0.28648,0.65,0.08784,0.275,0.72928,0.15
2276,,0.65056,0.15,0.25416,0.6,0.02016,0.2,0.6616,0.1
2277,,0.61824,0.125,0.22184,0.55,-0.04752,0.125,0.59392,0.05
2278,5,0.63592,0.15,0.23952,0.55,1.0,-0.15,0.57624,0.05
2279,6,0.6536,0.175,0.2572,0.55,0.73232,1.0,0.55856,0.05
2280,,0.62128,0.15,0.22488,0.5,0.66464,0.925,0.49088,0.0
2281,,0.58896,0.125,0.19256,0.45,0.59696,0.85,0.4232,-0.05
2282,8,0.60664,0.15,0.21024,0.45,0.57928,0.825,0.40552,1.0
2283,,0.57432,0.125,0.17792,0.4,0.5116,0.75,0.33784,0.95
2284,,0.542,0.1,0.1456,0.35,0.44392,0.675,0.27016,0.9
2285,,0.50968,0.075,0.11328,0.3,0.37624,0.6,0.20248,0.85
2286,,0.47736,0.05,0.08096,0.25,0.30856,0.525,0.1348,0.8
2287,,0.44504,0.025,0.04864,0.2,0.24088,0.45,0.06712,0.75
2288,,0.41272,0.0,0.01632,0.15,0.1732,0.375,-0.00056,0.7
2289,7,0.4304,0.025,0.034,0.15,0.15552,0.35,1.0,0.7
2290,,0.39808,0.0,0.00168,0.1,0.08784,0.275,0.93232,0.65
2291,,0.36576,-0.025,-0.03064,0.05,0.02016,0.2,0.86464,0.6
2292,3,0.38344,0.0,1.0,0.05,0.00248,0.175,0.84696,0.6
2293,,0.35112,-0.025,0.96768,0.0,-0.0652,0.1,0.77928,0.55
2294,5,0.3688,0.0,0.98536,0.0,1.0,-0.175,0.7616,0.55
2295,6,0.38648,0.025,1.0,0.0,0.73232,1.0,0.74392,0.55
2296,,0.35416,0.0,0.96768,-0.05,0.66464,0.925,0.67624,0.5
2297,4,0.37184,0.025,0.98536,1.0,0.64696,0.9,0.65856,0.5
2298,,0.33952,0.0,0.95304,0.95,0.57928,0.825,0.59088,0.45
2299,,0.3072,-0.025,0.92072,0.9,0.5116,0.75,0.5232,0.4
2300,2,0.32488,1.0,0.9384,0.9,0.49392,0.725,0.50552,0.4
2301,,0.29256,0.975,0.90608,0.85,0.42624,0.65,0.43784,0.35
2302,,0.26024,0.95,0.87376,0.8,0.35856,0.575,0.37016,0.3
2303,,0.22792,0.925,0.84144,0.75,0.29088,0.5,0.30248,0.25
2304,,0.1956,0.9,0.80912,0.7,0.2232,0.425,0.2348,0.2
2305,,0.16328,0.875,0.7768,0.65,0.15552,0.35,0.16712,0.15
2306,,0.13096,0.85,0.74448,0.6,0.08784,0.275,0.09944,0.1
2307,,0.09864,0.825,0.71216,0.55,0.02016,0.2,0.03176,0.05
2308,,0.06632,0.8,0.67984,0.5,-0.04752,0.125,-0.03592,0.0
2309,5,0.084,0.825,0.69752,0.5,1.0,-0.15,-0.0536,0.0
2310,6,0.10168,0.85,0.7152,0.5,0.73232,1.0,-0.07128,0.0
2311,7,0.11936,0.875,0.73288,0.5,0.71464,0.975,1.0,0.0
2312,,0.08704,0.85,0.70056,0.45,0.64696,0.9,0.93232,-0.05
2313,8,0.10472,0.875,0.71824,0.45,0.62928,0.875,0.91464,1.0
2314,,0.0724,0.85,0.68592,0.4,0.5616,0.8,0.84696,0.95
2315,,0.04008,0.825,0.6536,0.35,0.49392,0.725,0.77928,0.9
2316,,0.00776,0.8,0.62128,0.3,0.42624,0.65,0.7116,0.85
2317,,-0.02456,0.775,0.58896,0.25,0.35856,0.575,0.64392,0.8
2318,1,1.0,0.8,0.60664,0.25,0.34088,0.55,0.62624,0.8
2319,,0.96768,0.775,0.57432,0.2,0.2732,0.475,0.55856,0.75
2320,,0.93536,0.75,0.542,0.15,0.20552,0.4,0.49088,0.7
2321,,0.90304,0.725,0.50968,0.1,0.13784,0.325,0.4232,0.65
2322,,0.87072,0.7,0.47736,0.05,0.07016,0.25,0.35552,0.6
2323,,0.8384,0.675,0.44504,0.0,0.00248,0.175,0.28784,0.55
2324,,0.80608,0.65,0.41272,-0.05,-0.0652,0.1,0.22016,0.5
2325,5,0.82376,0.675,0.4304,-0.05,1.0,-0.175,0.20248,0.5
2326,6,0.84144,0.7,0.44808,-0.05,0.73232,1.0,0.1848,0.5
2327,4,0.85912,0.725,0.46576,1.0,0.71464,0.975,0.16712,0.5
2328,,0.8268,0.7,0.43344,0.95,0.64696,0.9,0.09944,0.45
2329,,0.79448,0.675,0.40112,0.9,0.57928,0.825,0.03176,0.4
2330,,0.76216,0.65,0.3688,0.85,0.5116,0.75,-0.03592,0.35
2331,7,0.77984,0.675,0.38648,0.85,0.49392,0.725,1.0,0.35
2332,,0.74752,0.65,0.35416,0.8,0.42624,0.65,0.93232,0.3
2333,,0.7152,0.625,0.32184,0.75,0.35856,0.575,0.86464,0.25
2334,,0.68288,0.6,0.28952,0.7,0.29088,0.5,0.79696,0.2
2335,,0.65056,0.575,0.2572,0.65,0.2232,0.425,0.72928,0.15
2336,,0.61824,0.55,0.22488,0.6,0.15552,0.35,0.6616,0.1
2337,,0.58592,0.525,0.19256,0.55,0.08784,0.275,0.59392,0.05
2338,,0.5536,0.5,0.16024,0.5,0.02016,0.2,0.52624,0.0
2339,,0.52128,0.475,0.12792,0.45,-0.04752,0.125,0.45856,-0.05
2340,8,0.53896,0.5,0.1456,0.45,-0.0652,0.1,0.44088,1.0
2341,5,0.55664,0.525,0.16328,0.45,1.0,-0.175,0.4232,1.0
2342,6,0.57432,0.55,0.18096,0.45,0.73232,1.0,0.40552,1.0
2343,,0.542,0.525,0.14864,0.4,0.66464,0.925,0.33784,0.95
2344,,0.50968,0.5,0.11632,0.35,0.59696,0.85,0.27016,0.9
2345,,0.47736,0.475,0.084,0.3,0.52928,0.775,0.20248,0.85
2346,,0.44504,0.45,0.05168,0.25,0.4616,0.7,0.1348,0.8
2347,,0.41272,0.425,0.01936,0.2,0.39392,0.625,0.06712,0.75
2348,,0.3804,0.4,-0.01296,0.15,0.32624,0.55,-0.00056,0.7
2349,3,0.39808,0.425,1.0,0.15,0.30856,0.525,-0.01824,0.7
2350,7,0.41576,0.45,1.0,0.15,0.29088,0.5,1.0,0.7
2351,,0.38344,0.425,0.96768,0.1,0.2232,0.425,0.93232,0.65
2352,,0.35112,0.4,0.93536,0.05,0.15552,0.35,0.86464,0.6
2353,,0.3188,0.375,0.90304,0.0,0.08784,0.275,0.79696,0.55
2354,,0.28648,0.35,0.87072,-0.05,0.02016,0.2,0.72928,0.5
2355,4,0.30416,0.375,0.8884,1.0,0.00248,0.175,0.7116,0.5
2356,,0.27184,0.35,0.85608,0.95,-0.0652,0.1,0.64392,0.45
2357,5,0.28952,0.375,0.87376,0.95,1.0,-0.175,0.62624,0.45
2358,6,0.3072,0.4,0.89144,0.95,0.73232,1.0,0.60856,0.45
2359,,0.27488,0.375,0.85912,0.9,0.66464,0.925,0.54088,0.4
2360,,0.24256,0.35,0.8268,0.85,0.59696,0.85,0.4732,0.35
2361,,0.21024,0.325,0.79448,0.8,0.52928,0.775,0.40552,0.3
2362,,0.17792,0.3,0.76216,0.75,0.4616,0.7,0.33784,0.25
2363,,0.1456,0.275,0.72984,0.7,0.39392,0.625,0.27016,0.2
2364,,0.11328,0.25,0.69752,0.65,0.32624,0.55,0.20248,0.15
2365,,0.08096,0.225,0.6652,0.6,0.25856,0.475,0.1348,0.1
2366,,0.04864,0.2,0.63288,0.55,0.19088,0.4,0.06712,0.05
2367,,0.01632,0.175,0.60056,0.5,0.1232,0.325,-0.00056,0.0
2368,7,0.034,0.2,0.61824,0.5,0.10552,0.3,1.0,0.0
2369,,0.00168,0.175,0.58592,0.45,0.03784,0.225,0.93232,-0.05
2370,8,0.01936,0.2,0.6036,0.45,0.02016,0.2,0.91464,1.0
2371,,-0.01296,0.175,0.57128,0.4,-0.04752,0.125,0.84696,0.95
2372,5,0.00472,0.2,0.58896,0.4,1.0,-0.15,0.82928,0.95
2373,6,0.0224,0.225,0.60664,0.4,0.73232,1.0,0.8116,0.95
2374,,-0.00992,0.2,0.57432,0.35,0.66464,0.925,0.74392,0.9
2375,1,1.0,0.225,0.592,0.35,0.64696,0.9,0.72624,0.9
2376,,0.96768,0.2,0.55968,0.3,0.57928,0.825,0.65856,0.85
2377,,0.93536,0.175,0.52736,0.25,0.5116,0.75,0.59088,0.8
2378,,0.90304,0.15,0.49504,0.2,0.44392,0.675,0.5232,0.75
2379,,0.87072,0.125,0.46272,0.15,0.37624,0.6,0.45552,0.7
2380,,0.8384,0.1,0.4304,0.1,0.30856,0.525,0.38784,0.65
2381,,0.80608,0.075,0.39808,0.05,0.24088,0.45,0.32016,0.6
2382,,0.77376,0.05,0.36576,0.0,0.1732,0.375,0.25248,0.55
2383,,0.74144,0.025,0.33344,-0.05,0.10552,0.3,0.1848,0.5
2384,4,0.75912,0.05,0.35112,1.0,0.08784,0.275,0.16712,0.5
2385,,0.7268,0.025,0.3188,0.95,0.02016,0.2,0.09944,0.45
2386,,0.69448,0.0,0.28648,0.9,-0.04752,0.125,0.03176,0.4
2387,5,0.71216,0.025,0.30416,0.9,1.0,-0.15,0.01408,0.4
2388,6,0.72984,0.05,0.32184,0.9,0.73232,1.0,-0.0036,0.4
2389,7,0.74752,0.075,0.33952,0.9,0.71464,0.975,1.0,0.4
2390,,0.7152,0.05,0.3072,0.85,0.64696,0.9,0.93232,0.35
2391,,0.68288,0.025,0.27488,0.8,0.57928,0.825,0.86464,0.3
2392,,0.65056,0.0,0.24256,0.75,0.5116,0.75,0.79696,0.25
2393,,0.61824,-0.025,0.21024,0.7,0.44392,0.675,0.72928,0.2
2394,2,0.63592,1.0,0.22792,0.7,0.42624,0.65,0.7116,0.2
2395,,0.6036,0.975,0.1956,0.65,0.35856,0.575,0.64392,0.15
2396,,0.57128,0.95,0.16328,0.6,0.29088,0.5,0.57624,0.1
2397,,0.53896,0.925,0.13096,0.55,0.2232,0.425,0.50856,0.05
2398,,0.50664,0.9,0.09864,0.5,0.15552,0.35,0.44088,0.0
2399,,0.47432,0.875,0.06632,0.45,0.08784,0.275,0.3732,-0.05
2400,8,0.492,0.9,0.084,0.45,0.07016,0.25,0.35552,1.0
2401,,0.45968,0.875,0.05168,0.4,0.00248,0.175,0.28784,0.95
2402,,0.42736,0.85,0.01936,0.35,-0.0652,0.1,0.22016,0.9
2403,5,0.44504,0.875,0.03704,0.35,1.0,-0.175,0.20248,0.9
2404,6,0.46272,0.9,0.05472,0.35,0.73232,1.0,0.1848,0.9
2405,,0.4304,0.875,0.0224,0.3,0.66464,0.925,0.11712,0.85
2406,,0.39808,0.85,-0.00992,0.25,0.59696,0.85,0.04944,0.8
2407,3,0.41576,0.875,1.0,0.25,0.57928,0.825,0.03176,0.8
2408,,0.38344,0.85,0.96768,0.2,0.5116,0.75,-0.03592,0.75
2409,7,0.40112,0.875,0.98536,0.2,0.49392,0.725,1.0,0.75
2410,,0.3688,0.85,0.95304,0.15,0.42624,0.65,0.93232,0.7
2411,,0.33648,0.825,0.92072,0.1,0.35856,0.575,0.86464,0.65
2412,,0.30416,0.8,0.8884,0.05,0.29088,0.5,0.79696,0.6
2413,,0.27184,0.775,0.85608,0.0,0.2232,0.425,0.72928,0.55
2414,,0.23952,0.75,0.82376,-0.05,0.15552,0.35,0.6616,0.5
2415,4,0.2572,0.775,0.84144,1.0,0.13784,0.325,0.64392,0.5
2416,,0.22488,0.75,0.80912,0.95,0.07016,0.25,0.57624,0.45
2417,,0.19256,0.725,0.7768,0.9,0.00248,0.175,0.50856,0.4
2418,,0.16024,0.7,0.74448,0.85,-0.0652,0.1,0.44088,0.35
2419,5,0.17792,0.725,0.76216,0.85,1.0,-0.175,0.4232,0.35
2420,6,0.1956,0.75,0.77984,0.85,0.73232,1.0,0.40552,0.35
2421,,0.16328,0.725,0.74752,0.8,0.66464,0.925,0.33784,0.3
2422,,0.13096,0.7,0.7152,0.75,0.59696,0.85,0.27016,0.25
2423,,0.09864,0.675,0.68288,0.7,0.52928,0.775,0.20248,0.2
2424,,0.06632,0.65,0.65056,0.65,0.4616,0.7,0.1348,0.15
2425,,0.034,0.625,0.61824,0.6,0.39392,0.625,0.06712,0.1
2426,,0.00168,0.6,0.58592,0.55,0.32624,0.55,-0.00056,0.05
2427,7,0.01936,0.625,0.6036,0.55,0.30856,0.525,1.0,0.05
2428,,-0.01296,0.6,0.57128,0.5,0.24088,0.45,0.93232,0.0
2429,1,1.0,0.625,0.58896,0.5,0.2232,0.425,0.91464,0.0
2430,,0.96768,0.6,0.55664,0.45,0.15552,0.35,0.84696,-0.05
2431,8,0.98536,0.625,0.57432,0.45,0.13784,0.325,0.82928,1.0
2432,,0.95304,0.6,0.542,0.4,0.07016,0.25,0.7616,0.95
2433,,0.92072,0.575,0.50968,0.35,0.00248,0.175,0.69392,0.9
2434,,0.8884,0.55,0.47736,0.3,-0.0652,0.1,0.62624,0.85
2435,5,0.90608,0.575,0.49504,0.3,1.0,-0.175,0.60856,0.85
2436,6,0.92376,0.6,0.51272,0.3,0.73232,1.0,0.59088,0.85
2437,,0.89144,0.575,0.4804,0.25,0.66464,0.925,0.5232,0.8
2438,,0.85912,0.55,0.44808,0.2,0.59696,0.85,0.45552,0.75
2439,,0.8268,0.525,0.41576,0.15,0.52928,0.775,0.38784,0.7
2440,,0.79448,0.5,0.38344,0.1,0.4616,0.7,0.32016,0.65
2441,,0.76216,0.475,0.35112,0.05,0.39392,0.625,0.25248,0.6
2442,,0.72984,0.45,0.3188,0.0,0.32624,0.55,0.1848,0.55
2443,,0.69752,0.425,0.28648,-0.05,0.25856,0.475,0.11712,0.5
2444,4,0.7152,0.45,0.30416,1.0,0.24088,0.45,0.09944,0.5
2445,,0.68288,0.425,0.27184,0.95,0.1732,0.375,0.03176,0.45
2446,,0.65056,0.4,0.23952,0.9,0.10552,0.3,-0.03592,0.4
2447,7,0.66824,0.425,0.2572,0.9,0.08784,0.275,1.0,0.4
2448,,0.63592,0.4,0.22488,0.85,0.02016,0.2,0.93232,0.35
2449,,0.6036,0.375,0.19256,0.8,-0.04752,0.125,0.86464,0.3
2450,5,0.62128,0.4,0.21024,0.8,1.0,-0.15,0.84696,0.3
2451,6,0.63896,0.425,0.22792,0.8,0.73232,1.0,0.82928,0.3
2452,,0.60664,0.4,0.1956,0.75,0.66464,0.925,0.7616,0.25
2453,,0.57432,0.375,0.16328,0.7,0.59696,0.85,0.69392,0.2
2454,,0.542,0.35,0.13096,0.65,0.52928,0.775,0.62624,0.15
2455,,0.50968,0.325,0.09864,0.6,0.4616,0.7,0.55856,0.1
2456,,0.47736,0.3,0.06632,0.55,0.39392,0.625,0.49088,0.05
2457,,0.44504,0.275,0.034,0.5,0.32624,0.55,0.4232,0.0
2458,,0.41272,0.25,0.00168,0.45,0.25856,0.475,0.35552,-0.05
2459,8,0.4304,0.275,0.01936,0.45,0.24088,0.45,0.33784,1.0
2460,,0.39808,0.25,-0.01296,0.4,0.1732,0.375,0.27016,0.95
2461,3,0.41576,0.275,1.0,0.4,0.15552,0.35,0.25248,0.95
2462,,0.38344,0.25,0.96768,0.35,0.08784,0.275,0.1848,0.9
2463,,0.35112,0.225,0.93536,0.3,0.02016,0.2,0.11712,0.85
2464,,0.3188,0.2,0.90304,0.25,-0.04752,0.125,0.04944,0.8
2465,5,0.33648,0.225,0.92072,0.25,1.0,-0.15,0.03176,0.8
2466,6,0.35416,0.25,0.9384,0.25,0.73232,1.0,0.01408,0.8
2467,,0.32184,0.225,0.90608,0.2,0.66464,0.925,-0.0536,0.75
2468,7,0.33952,0.25,0.92376,0.2,0.64696,0.9,1.0,0.75
2469,,0.3072,0.225,0.89144,0.15,0.57928,0.825,0.93232,0.7
2470,,0.27488,0.2,0.85912,0.1,0.5116,0.75,0.86464,0.65
2471,,0.24256,0.175,0.8268,0.05,0.44392,0.675,0.79696,0.6
2472,,0.21024,0.15,0.79448,0.0,0.37624,0.6,0.72928,0.55
2473,,0.17792,0.125,0.76216,-0.05,0.30856,0.525,0.6616,0.5
2474,4,0.1956,0.15,0.77984,1.0,0.29088,0.5,0.64392,0.5
2475,,0.16328,0.125,0.74752,0.95,0.2232,0.425,0.57624,0.45
2476,,0.13096,0.1,0.7152,0.9,0.15552,0.35,0.50856,0.4
2477,,0.09864,0.075,0.68288,0.85,0.08784,0.275,0.44088,0.35
2478,,0.06632,0.05,0.65056,0.8,0.02016,0.2,0.3732,0.3
2479,,0.034,0.025,0.61824,0.75,-0.04752,0.125,0.30552,0.25
2480,5,0.05168,0.05,0.63592,0.75,1.0,-0.15,0.28784,0.25
2481,6,0.06936,0.075,0.6536,0.75,0.73232,1.0,0.27016,0.25
2482,,0.03704,0.05,0.62128,0.7,0.66464,0.925,0.20248,0.2
2483,,0.00472,0.025,0.58896,0.65,0.59696,0.85,0.1348,0.15
2484,,-0.0276,0.0,0.55664,0.6,0.52928,0.775,0.06712,0.1
2485,1,1.0,0.025,0.57432,0.6,0.5116,0.75,0.04944,0.1
2486,,0.96768,0.0,0.542,0.55,0.44392,0.675,-0.01824,0.05
2487,7,0.98536,0.025,0.55968,0.55,0.42624,0.65,1.0,0.05
2488,,0.95304,0.0,0.52736,0.5,0.35856,0.575,0.93232,0.0
2489,,0.92072,-0.025,0.49504,0.45,0.29088,0.5,0.86464,-0.05
2490,8,0.9384,0.0,0.51272,0.45,0.2732,0.475,0.84696,1.0
2491,,0.90608,-0.025,0.4804,0.4,0.20552,0.4,0.77928,0.95
2492,2,0.92376,1.0,0.49808,0.4,0.18784,0.375,0.7616,0.95
2493,,0.89144,0.975,0.46576,0.35,0.12016,0.3,0.69392,0.9
2494,,0.85912,0.95,0.43344,0.3,0.05248,0.225,0.62624,0.85
2495,,0.8268,0.925,0.40112,0.25,-0.0152,0.15,0.55856,0.8
2496,5,0.84448,0.95,0.4188,0.25,1.0,-0.125,0.54088,0.8
2497,6,0.86216,0.975,0.43648,0.25,0.73232,1.0,0.5232,0.8
2498,,0.82984,0.95,0.40416,0.2,0.66464,0.925,0.45552,0.75
2499,,0.79752,0.925,0.37184,0.15,0.59696,0.85,0.38784,0.7
2500,,0.7652,0.9,0.33952,0.1,0.52928,0.775,0.32016,0.65
2501,,0.73288,0.875,0.3072,0.05,0.4616,0.7,0.25248,0.6
2502,,0.70056,0.85,0.27488,0.0,0.39392,0.625,0.1848,0.55
2503,,0.66824,0.825,0.24256,-0.05,0.32624,0.55,0.11712,0.5
2504,4,0.68592,0.85,0.26024,1.0,0.30856,0.525,0.09944,0.5
2505,,0.6536,0.825,0.22792,0.95,0.24088,0.45,0.03176,0.45
2506,,0.62128,0.8,0.1956,0.9,0.1732,0.375,-0.03592,0.4
2507,7,0.63896,0.825,0.21328,0.9,0.15552,0.35,1.0,0.4
2508,,0.60664,0.8,0.18096,0.85,0.08784,0.275,0.93232,0.35
2509,,0.57432,0.775,0.14864,0.8,0.02016,0.2,0.86464,0.3
2510,,0.542,0.75,0.11632,0.75,-0.04752,0.125,0.79696,0.25
2511,5,0.55968,0.775,0.134,0.75,1.0,-0.15,0.77928,0.25
2512,6,0.57736,0.8,0.15168,0.75,0.73232,1.0,0.7616,0.25
2513,,0.54504,0.775,0.11936,0.7,0.66464,0.925,0.69392,0.2
2514,,0.51272,0.75,0.08704,0.65,0.59696,0.85,0.62624,0.15
2515,,0.4804,0.725,0.05472,0.6,0.52928,0.775,0.55856,0.1
2516,,0.44808,0.7,0.0224,0.55,0.4616,0.7,0.49088,0.05
2517,,0.41576,0.675,-0.00992,0.5,0.39392,0.625,0.4232,0.0
2518,3,0.43344,0.7,1.0,0.5,0.37624,0.6,0.40552,0.0
2519,,0.40112,0.675,0.96768,0.45,0.30856,0.525,0.33784,-0.05
2520,8,0.4188,0.7,0.98536,0.45,0.29088,0.5,0.32016,1.0
2521,,0.38648,0.675,0.95304,0.4,0.2232,0.425,0.25248,0.95
2522,,0.35416,0.65,0.92072,0.35,0.15552,0.35,0.1848,0.9
2523,,0.32184,0.625,0.8884,0.3,0.08784,0.275,0.11712,0.85
2524,,0.28952,0.6,0.85608,0.25,0.02016,0.2,0.04944,0.8
2525,,0.2572,0.575,0.82376,0.2,-0.04752,0.125,-0.01824,0.75
2526,5,0.27488,0.6,0.84144,0.2,1.0,-0.15,-0.03592,0.75
2527,6,0.29256,0.625,0.85912,0.2,0.73232,1.0,-0.0536,0.75
2528,7,0.31024,0.65,0.8768,0.2,0.71464,0.975,1.0,0.75
2529,,0.27792,0.625,0.84448,0.15,0.64696,0.9,0.93232,0.7
2530,,0.2456,0.6,0.81216,0.1,0.57928,0.825,0.86464,0.65
2531,,0.21328,0.575,0.77984,0.05,0.5116,0.75,0.79696,0.6
2532,,0.18096,0.55,0.74752,0.0,0.44392,0.675,0.72928,0.55
2533,,0.14864,0.525,0.7152,-0.05,0.37624,0.6,0.6616,0.5
2534,4,0.16632,0.55,0.73288,1.0,0.35856,0.575,0.64392,0.5
2535,,0.134,0.525,0.70056,0.95,0.29088,0.5,0.57624,0.45
2536,,0.10168,0.5,0.66824,0.9,0.2232,0.425,0.50856,0.4
2537,,0.06936,0.475,0.63592,0.85,0.15552,0.35,0.44088,0.35
2538,,0.03704,0.45,0.6036,0.8,0.08784,0.275,0.3732,0.3
2539,,0.00472,0.425,0.57128,0.75,0.02016,0.2,0.30552,0.25
2540,,-0.0276,0.4,0.53896,0.7,-0.04752,0.125,0.23784,0.2
2541,5,-0.00992,0.425,0.55664,0.7,1.0,-0.15,0.22016,0.2
2542,6,0.00776,0.45,0.57432,0.7,0.73232,1.0,0.20248,0.2
2543,,-0.02456,0.425,0.542,0.65,0.66464,0.925,0.1348,0.15
2544,1,1.0,0.45,0.55968,0.65,0.64696,0.9,0.11712,0.15
2545,,0.96768,0.425,0.52736,0.6,0.57928,0.825,0.04944,0.1
2546,,0.93536,0.4,0.49504,0.55,0.5116,0.75,-0.01824,0.05
2547,7,0.95304,0.425,0.51272,0.55,0.49392,0.725,1.0,0.05
2548,,0.92072,0.4,0.4804,0.5,0.42624,0.65,0.93232,0.0
2549,,0.8884,0.375,0.44808,0.45,0.35856,0.575,0.86464,-0.05
2550,8,0.90608,0.4,0.46576,0.45,0.34088,0.55,0.84696,1.0
2551,,0.87376,0.375,0.43344,0.4,0.2732,0.475,0.77928,0.95
2552,,0.84144,0.35,0.40112,0.35,0.20552,0.4,0.7116,0.9
2553,,0.80912,0.325,0.3688,0.3,0.13784,0.325,0.64392,0.85
2554,,0.7768,0.3,0.33648,0.25,0.07016,0.25,0.57624,0.8
2555,,0.74448,0.275,0.30416,0.2,0.00248,0.175,0.50856,0.75
2556,,0.71216,0.25,0.27184,0.15,-0.0652,0.1,0.44088,0.7
2557,5,0.72984,0.275,0.28952,0.15,1.0,-0.175,0.4232,0.7
2558,6,0.74752,0.3,0.3072,0.15,0.73232,1.0,0.40552,0.7
2559,,0.7152,0.275,0.27488,0.1,0.66464,0.925,0.33784,0.65
2560,,0.68288,0.25,0.24256,0.05,0.59696,0.85,0.27016,0.6
2561,,0.65056,0.225,0.21024,0.0,0.52928,0.775,0.20248,0.55
2562,,0.61824,0.2,0.17792,-0.05,0.4616,0.7,0.1348,0.5
2563,4,0.63592,0.225,0.1956,1.0,0.44392,0.675,0.11712,0.5
2564,,0.6036,0.2,0.16328,0.95,0.37624,0.6,0.04944,0.45
2565,,0.57128,0.175,0.13096,0.9,0.30856,0.525,-0.01824,0.4
2566,7,0.58896,0.2,0.14864,0.9,0.29088,0.5,1.0,0.4
2567,,0.55664,0.175,0.11632,0.85,0.2232,0.425,0.93232,0.35
2568,,0.52432,0.15,0.084,0.8,0.15552,0.35,0.86464,0.3
2569,,0.492,0.125,0.05168,0.75,0.08784,0.275,0.79696,0.25
2570,,0.45968,0.1,0.01936,0.7,0.02016,0.2,0.72928,0.2
2571,,0.42736,0.075,-0.01296,0.65,-0.04752,0.125,0.6616,0.15
2572,5,0.44504,0.1,0.00472,0.65,1.0,-0.15,0.64392,0.15
2573,6,0.46272,0.125,0.0224,0.65,0.73232,1.0,0.62624,0.15
2574,,0.4304,0.1,-0.00992,0.6,0.66464,0.925,0.55856,0.1
2575,3,0.44808,0.125,1.0,0.6,0.64696,0.9,0.54088,0.1
2576,,0.41576,0.1,0.96768,0.55,0.57928,0.825,0.4732,0.05
2577,,0.38344,0.075,0.93536,0.5,0.5116,0.75,0.40552,0.0
2578,,0.35112,0.05,0.90304,0.45,0.44392,0.675,0.33784,-0.05
2579,8,0.3688,0.075,0.92072,0.45,0.42624,0.65,0.32016,1.0
2580,,0.33648,0.05,0.8884,0.4,0.35856,0.575,0.25248,0.95
2581,,0.30416,0.025,0.85608,0.35,0.29088,0.5,0.1848,0.9
2582,,0.27184,0.0,0.82376,0.3,0.2232,0.425,0.11712,0.85
2583,,0.23952,-0.025,0.79144,0.25,0.15552,0.35,0.04944,0.8
2584,2,0.2572,1.0,0.80912,0.25,0.13784,0.325,0.03176,0.8
2585,,0.22488,0.975,0.7768,0.2,0.07016,0.25,-0.03592,0.75
2586,7,0.24256,1.0,0.79448,0.2,0.05248,0.225,1.0,0.75
2587,,0.21024,0.975,0.76216,0.15,-0.0152,0.15,0.93232,0.7
2588,5,0.22792,1.0,0.77984,0.15,1.0,-0.125,0.91464,0.7
2589,6,0.2456,1.0,0.79752,0.15,0.73232,1.0,0.89696,0.7
2590,,0.21328,0.975,0.7652,0.1,0.66464,0.925,0.82928,0.65
2591,,0.18096,0.95,0.73288,0.05,0.59696,0.85,0.7616,0.6
2592,,0.14864,0.925,0.70056,0.0,0.52928,0.775,0.69392,0.55
2593,,0.11632,0.9,0.66824,-0.05,0.4616,0.7,0.62624,0.5
2594,4,0.134,0.925,0.68592,1.0,0.44392,0.675,0.60856,0.5
2595,,0.10168,0.9,0.6536,0.95,0.37624,0.6,0.54088,0.45
2596,,0.06936,0.875,0.62128,0.9,0.30856,0.525,0.4732,0.4
2597,,0.03704,0.85,0.58896,0.85,0.24088,0.45,0.40552,0.35
2598,,0.00472,0.825,0.55664,0.8,0.1732,0.375,0.33784,0.3
2599,,-0.0276,0.8,0.52432,0.75,0.10552,0.3,0.27016,0.25
2600,1,1.0,0.825,0.542,0.75,0.08784,0.275,0.25248,0.25
2601,,0.96768,0.8,0.50968,0.7,0.02016,0.2,0.1848,0.2
2602,,0.93536,0.775,0.47736,0.65,-0.04752,0.125,0.11712,0.15
2603,5,0.95304,0.8,0.49504,0.65,1.0,-0.15,0.09944,0.15
2604,6,0.97072,0.825,0.51272,0.65,0.73232,1.0,0.08176,0.15
2605,,0.9384,0.8,0.4804,0.6,0.66464,0.925,0.01408,0.1
2606,,0.90608,0.775,0.44808,0.55,0.59696,0.85,-0.0536,0.05
2607,7,0.92376,0.8,0.46576,0.55,0.57928,0.825,1.0,0.05
2608,,0.89144,0.775,0.43344,0.5,0.5116,0.75,0.93232,0.0
2609,,0.85912,0.75,0.40112,0.45,0.44392,0.675,0.86464,-0.05
2610,8,0.8768,0.775,0.4188,0.45,0.42624,0.65,0.84696,1.0
2611,,0.84448,0.75,0.38648,0.4,0.35856,0.575,0.77928,0.95
2612,,0.81216,0.725,0.35416,0.35,0.29088,0.5,0.7116,0.9
2613,,0.77984,0.7,0.32184,0.3,0.2232,0.425,0.64392,0.85
2614,,0.74752,0.675,0.28952,0.25,0.15552,0.35,0.57624,0.8
2615,,0.7152,0.65,0.2572,0.2,0.08784,0.275,0.50856,0.75
2616,,0.68288,0.625,0.22488,0.15,0.02016,0.2,0.44088,0.7
2617,,0.65056,0.6,0.19256,0.1,-0.04752,0.125,0.3732,0.65
2618,5,0.66824,0.625,0.21024,0.1,1.0,-0.15,0.35552,0.65
2619,6,0.68592,0.65,0.22792,0.1,0.73232,1.0,0.33784,0.65
2620,,0.6536,0.625,0.1956,0.05,0.66464,0.925,0.27016,0.6
2621,,0.62128,0.6,0.16328,0.0,0.59696,0.85,0.20248,0.55
2622,,0.58896,0.575,0.13096,-0.05,0.52928,0.775,0.1348,0.5
2623,4,0.60664,0.6,0.14864,1.0,0.5116,0.75,0.11712,0.5
2624,,0.57432,0.575,0.11632,0.95,0.44392,0.675,0.04944,0.45
2625,,0.542,0.55,0.084,0.9,0.37624,0.6,-0.01824,0.4
2626,7,0.55968,0.575,0.10168,0.9,0.35856,0.575,1.0,0.4
2627,,0.52736,0.55,0.06936,0.85,0.29088,0.5,0.93232,0.35
2628,,0.49504,0.525,0.03704,0.8,0.2232,0.425,0.86464,0.3
2629,,0.46272,0.5,0.00472,0.75,0.15552,0.35,0.79696,0.25
2630,,0.4304,0.475,-0.0276,0.7,0.08784,0.275,0.72928,0.2
2631,3,0.44808,0.5,1.0,0.7,0.07016,0.25,0.7116,0.2
2632,,0.41576,0.475,0.96768,0.65,0.00248,0.175,0.64392,0.15
2633,,0.38344,0.45,0.93536,0.6,-0.0652,0.1,0.57624,0.1
2634,5,0.40112,0.475,0.95304,0.6,1.0,-0.175,0.55856,0.1
2635,6,0.4188,0.5,0.97072,0.6,0.73232,1.0,0.54088,0.1
2636,,0.38648,0.475,0.9384,0.55,0.66464,0.925,0.4732,0.05
2637,,0.35416,0.45,0.90608,0.5,0.59696,0.85,0.40552,0.0
2638,,0.32184,0.425,0.87376,0.45,0.52928,0.775,0.33784,-0.05
2639,8,0.33952,0.45,0.89144,0.45,0.5116,0.75,0.32016,1.0
2640,,0.3072,0.425,0.85912,0.4,0.44392,0.675,0.25248,0.95
2641,,0.27488,0.4,0.8268,0.35,0.37624,0.6,0.1848,0.9
2642,,0.24256,0.375,0.79448,0.3,0.30856,0.525,0.11712,0.85
2643,,0.21024,0.35,0.76216,0.25,0.24088,0.45,0.04944,0.8
2644,,0.17792,0.325,0.72984,0.2,0.1732,0.375,-0.01824,0.75
2645,7,0.1956,0.35,0.74752,0.2,0.15552,0.35,1.0,0.75
2646,,0.16328,0.325,0.7152,0.15,0.08784,0.275,0.93232,0.7
2647,,0.13096,0.3,0.68288,0.1,0.02016,0.2,0.86464,0.65
2648,,0.09864,0.275,0.65056,0.05,-0.04752,0.125,0.79696,0.6
2649,5,0.11632,0.3,0.66824,0.05,1.0,-0.15,0.77928,0.6
2650,6,0.134,0.325,0.68592,0.05,0.73232,1.0,0.7616,0.6
2651,,0.10168,0.3,0.6536,0.0,0.66464,0.925,0.69392,0.55
2652,,0.06936,0.275,0.62128,-0.05,0.59696,0.85,0.62624,0.5
2653,4,0.08704,0.3,0.63896,1.0,0.57928,0.825,0.60856,0.5
2654,,0.05472,0.275,0.60664,0.95,0.5116,0.75,0.54088,0.45
2655,,0.0224,0.25,0.57432,0.9,0.44392,0.675,0.4732,0.4
2656,,-0.00992,0.225,0.542,0.85,0.37624,0.6,0.40552,0.35
2657,1,1.0,0.25,0.55968,0.85,0.35856,0.575,0.38784,0.35
2658,,0.96768,0.225,0.52736,0.8,0.29088,0.5,0.32016,0.3
2659,,0.93536,0.2,0.49504,0.75,0.2232,0.425,0.25248,0.25
2660,,0.90304,0.175,0.46272,0.7,0.15552,0.35,0.1848,0.2
2661,,0.87072,0.15,0.4304,0.65,0.08784,0.275,0.11712,0.15
2662,,0.8384,0.125,0.39808,0.6,0.02016,0.2,0.04944,0.1
2663,,0.80608,0.1,0.36576,0.55,-0.04752,0.125,-0.01824,0.05
2664,5,0.82376,0.125,0.38344,0.55,1.0,-0.15,-0.03592,0.05
2665,6,0.84144,0.15,0.40112,0.55,0.73232,1.0,-0.0536,0.05
2666,7,0.85912,0.175,0.4188,0.55,0.71464,0.975,1.0,0.05
2667,,0.8268,0.15,0.38648,0.5,0.64696,0.9,0.93232,0.0
2668,,0.79448,0.125,0.35416,0.45,0.57928,0.825,0.86464,-0.05
2669,8,0.81216,0.15,0.37184,0.45,0.5616,0.8,0.84696,1.0
2670,,0.77984,0.125,0.33952,0.4,0.49392,0.725,0.77928,0.95
2671,,0.74752,0.1,0.3072,0.35,0.42624,0.65,0.7116,0.9
2672,,0.7152,0.075,0.27488,0.3,0.35856,0.575,0.64392,0.85
2673,,0.68288,0.05,0.24256,0.25,0.29088,0.5,0.57624,0.8
2674,,0.65056,0.025,0.21024,0.2,0.2232,0.425,0.50856,0.75
2675,,0.61824,0.0,0.17792,0.15,0.15552,0.35,0.44088,0.7
2676,,0.58592,-0.025,0.1456,0.1,0.08784,0.275,0.3732,0.65
2677,2,0.6036,1.0,0.16328,0.1,0.07016,0.25,0.35552,0.65
2678,,0.57128,0.975,0.13096,0.05,0.00248,0.175,0.28784,0.6
2679,,0.53896,0.95,0.09864,0.0,-0.0652,0.1,0.22016,0.55
2680,5,0.55664,0.975,0.11632,0.0,1.0,-0.175,0.20248,0.55
2681,6,0.57432,1.0,0.134,0.0,0.73232,1.0,0.1848,0.55
2682,,0.542,0.975,0.10168,-0.05,0.66464,0.925,0.11712,0.5
2683,4,0.55968,1.0,0.11936,1.0,0.64696,0.9,0.09944,0.5
2684,,0.52736,0.975,0.08704,0.95,0.57928,0.825,0.03176,0.45
2685,,0.49504,0.95,0.05472,0.9,0.5116,0.75,-0.03592,0.4
2686,7,0.51272,0.975,0.0724,0.9,0.49392,0.725,1.0,0.4
2687,,0.4804,0.95,0.04008,0.85,0.42624,0.65,0.93232,0.35
2688,,0.44808,0.925,0.00776,0.8,0.35856,0.575,0.86464,0.3
2689,,0.41576,0.9,-0.02456,0.75,0.29088,0.5,0.79696,0.25
2690,3,0.43344,0.925,1.0,0.75,0.2732,0.475,0.77928,0.25
2691,,0.40112,0.9,0.96768,0.7,0.20552,0.4,0.7116,0.2
2692,,0.3688,0.875,0.93536,0.65,0.13784,0.325,0.64392,0.15
2693,,0.33648,0.85,0.90304,0.6,0.07016,0.25,0.57624,0.1
2694,,0.30416,0.825,0.87072,0.55,0.00248,0.175,0.50856,0.05
2695,,0.27184,0.8,0.8384,0.5,-0.0652,0.1,0.44088,0.0
2696,5,0.28952,0.825,0.85608,0.5,1.0,-0.175,0.4232,0.0
2697,6,0.3072,0.85,0.87376,0.5,0.73232,1.0,0.40552,0.0
2698,,0.27488,0.825,0.84144,0.45,0.66464,0.925,0.33784,-0.05
2699,8,0.29256,0.85,0.85912,0.45,0.64696,0.9,0.32016,1.0
2700,,0.26024,0.825,0.8268,0.4,0.57928,0.825,0.25248,0.95
2701,,0.22792,0.8,0.79448,0.35,0.5116,0.75,0.1848,0.9
2702,,0.1956,0.775,0.76216,0.3,0.44392,0.675,0.11712,0.85
2703,,0.16328,0.75,0.72984,0.25,0.37624,0.6,0.04944,0.8
2704,,0.13096,0.725,0.69752,0.2,0.30856,0.525,-0.01824,0.75
2705,7,0.14864,0.75,0.7152,0.2,0.29088,0.5,1.0,0.75
2706,,0.11632,0.725,0.68288,0.15,0.2232,0.425,0.93232,0.7
2707,,0.084,0.7,0.65056,0.1,0.15552,0.35,0.86464,0.65
2708,,0.05168,0.675,0.61824,0.05,0.08784,0.275,0.79696,0.6
2709,,0.01936,0.65,0.58592,0.0,0.02016,0.2,0.72928,0.55
2710,,-0.01296,0.625,0.5536,-0.05,-0.04752,0.125,0.6616,0.5
2711,4,0.00472,0.65,0.57128,1.0,-0.0652,0.1,0.64392,0.5
2712,5,0.0224,0.675,0.58896,1.0,1.0,-0.175,0.62624,0.5
2713,6,0.04008,0.7,0.60664,1.0,0.73232,1.0,0.60856,0.5
2714,,0.00776,0.675,0.57432,0.95,0.66464,0.925,0.54088,0.45
2715,,-0.02456,0.65,0.542,0.9,0.59696,0.85,0.4732,0.4
2716,1,1.0,0.675,0.55968,0.9,0.57928,0.825,0.45552,0.4
2717,,0.96768,0.65,0.52736,0.85,0.5116,0.75,0.38784,0.35
2718,,0.93536,0.625,0.49504,0.8,0.44392,0.675,0.32016,0.3
2719,,0.90304,0.6,0.46272,0.75,0.37624,0.6,0.25248,0.25
2720,,0.87072,0.575,0.4304,0.7,0.30856,0.525,0.1848,0.2
2721,,0.8384,0.55,0.39808,0.65,0.24088,0.45,0.11712,0.15
2722,,0.80608,0.525,0.36576,0.6,0.1732,0.375,0.04944,0.1
2723,,0.77376,0.5,0.33344,0.55,0.10552,0.3,-0.01824,0.05
2724,7,0.79144,0.525,0.35112,0.55,0.08784,0.275,1.0,0.05
2725,,0.75912,0.5,0.3188,0.5,0.02016,0.2,0.93232,0.0
2726,,0.7268,0.475,0.28648,0.45,-0.04752,0.125,0.86464,-0.05
2727,8,0.74448,0.5,0.30416,0.45,-0.0652,0.1,0.84696,1.0
2728,5,0.76216,0.525,0.32184,0.45,1.0,-0.175,0.82928,1.0
2729,6,0.77984,0.55,0.33952,0.45,0.73232,1.0,0.8116,1.0
2730,,0.74752,0.525,0.3072,0.4,0.66464,0.925,0.74392,0.95
2731,,0.7152,0.5,0.27488,0.35,0.59696,0.85,0.67624,0.9
2732,,0.68288,0.475,0.24256,0.3,0.52928,0.775,0.60856,0.85
2733,,0.65056,0.45,0.21024,0.25,0.4616,0.7,0.54088,0.8
2734,,0.61824,0.425,0.17792,0.2,0.39392,0.625,0.4732,0.75
2735,,0.58592,0.4,0.1456,0.15,0.32624,0.55,0.40552,0.7
2736,,0.5536,0.375,0.11328,0.1,0.25856,0.475,0.33784,0.65
2737,,0.52128,0.35,0.08096,0.05,0.19088,0.4,0.27016,0.6
2738,,0.48896,0.325,0.04864,0.0,0.1232,0.325,0.20248,0.55
2739,,0.45664,0.3,0.01632,-0.05,0.05552,0.25,0.1348,0.5
2740,4,0.47432,0.325,0.034,1.0,0.03784,0.225,0.11712,0.5
2741,,0.442,0.3,0.00168,0.95,-0.02984,0.15,0.04944,0.45
2742,5,0.45968,0.325,0.01936,0.95,1.0,-0.125,0.03176,0.45
2743,6,0.47736,0.35,0.03704,0.95,0.73232,1.0,0.01408,0.45
2744,,0.44504,0.325,0.00472,0.9,0.66464,0.925,-0.0536,0.4
2745,7,0.46272,0.35,0.0224,0.9,0.64696,0.9,1.0,0.4
2746,,0.4304,0.325,-0.00992,0.85,0.57928,0.825,0.93232,0.35
2747,3,0.44808,0.35,1.0,0.85,0.5616,0.8,0.91464,0.35
2748,,0.41576,0.325,0.96768,0.8,0.49392,0.725,0.84696,0.3
2749,,0.38344,0.3,0.93536,0.75,0.42624,0.65,0.77928,0.25
2750,,0.35112,0.275,0.90304,0.7,0.35856,0.575,0.7116,0.2
2751,,0.3188,0.25,0.87072,0.65,0.29088,0.5,0.64392,0.15
2752,,0.28648,0.225,0.8384,0.6,0.2232,0.425,0.57624,0.1
2753,,0.25416,0.2,0.80608,0.55,0.15552,0.35,0.50856,0.05
2754,,0.22184,0.175,0.77376,0.5,0.08784,0.275,0.44088,0.0
2755,,0.18952,0.15,0.74144,0.45,0.02016,0.2,0.3732,-0.05
2756,8,0.2072,0.175,0.75912,0.45,0.00248,0.175,0.35552,1.0
2757,,0.17488,0.15,0.7268,0.4,-0.0652,0.1,0.28784,0.95
2758,5,0.19256,0.175,0.74448,0.4,1.0,-0.175,0.27016,0.95
2759,6,0.21024,0.2,0.76216,0.4,0.73232,1.0,0.25248,0.95
2760,,0.17792,0.175,0.72984,0.35,0.66464,0.925,0.1848,0.9
2761,,0.1456,0.15,0.69752,0.3,0.59696,0.85,0.11712,0.85
2762,,0.11328,0.125,0.6652,0.25,0.52928,0.775,0.04944,0.8
2763,,0.08096,0.1,0.63288,0.2,0.4616,0.7,-0.01824,0.75
2764,7,0.09864,0.125,0.65056,0.2,0.44392,0.675,1.0,0.75
2765,,0.06632,0.1,0.61824,0.15,0.37624,0.6,0.93232,0.7
2766,,0.034,0.075,0.58592,0.1,0.30856,0.525,0.86464,0.65
2767,,0.00168,0.05,0.5536,0.05,0.24088,0.45,0.79696,0.6
2768,,-0.03064,0.025,0.52128,0.0,0.1732,0.375,0.72928,0.55
2769,1,1.0,0.05,0.53896,0.0,0.15552,0.35,0.7116,0.55
2770,,0.96768,0.025,0.50664,-0.05,0.08784,0.275,0.64392,0.5
2771,4,0.98536,0.05,0.52432,1.0,0.07016,0.25,0.62624,0.5
2772,,0.95304,0.025,0.492,0.95,0.00248,0.175,0.55856,0.45
2773,,0.92072,0.0,0.45968,0.9,-0.0652,0.1,0.49088,0.4
2774,5,0.9384,0.025,0.47736,0.9,1.0,-0.175,0.4732,0.4
2775,6,0.95608,0.05,0.49504,0.9,0.73232,1.0,0.45552,0.4
2776,,0.92376,0.025,0.46272,0.85,0.66464,0.925,0.38784,0.35
2777,,0.89144,0.0,0.4304,0.8,0.59696,0.85,0.32016,0.3
2778,,0.85912,-0.025,0.39808,0.75,0.52928,0.775,0.25248,0.25
2779,2,0.8768,1.0,0.41576,0.75,0.5116,0.75,0.2348,0.25
2780,,0.84448,0.975,0.38344,0.7,0.44392,0.675,0.16712,0.2
2781,,0.81216,0.95,0.35112,0.65,0.37624,0.6,0.09944,0.15
2782,,0.77984,0.925,0.3188,0.6,0.30856,0.525,0.03176,0.1
2783,,0.74752,0.9,0.28648,0.55,0.24088,0.45,-0.03592,0.05
2784,7,0.7652,0.925,0.30416,0.55,0.2232,0.425,1.0,0.05
2785,,0.73288,0.9,0.27184,0.5,0.15552,0.35,0.93232,0.0
2786,,0.70056,0.875,0.23952,0.45,0.08784,0.275,0.86464,-0.05
2787,8,0.71824,0.9,0.2572,0.45,0.07016,0.25,0.84696,1.0
2788,,0.68592,0.875,0.22488,0.4,0.00248,0.175,0.77928,0.95
2789,,0.6536,0.85,0.19256,0.35,-0.0652,0.1,0.7116,0.9
2790,5,0.67128,0.875,0.21024,0.35,1.0,-0.175,0.69392,0.9
2791,6,0.68896,0.9,0.22792,0.35,0.73232,1.0,0.67624,0.9
2792,,0.65664,0.875,0.1956,0.3,0.66464,0.925,0.60856,0.85
2793,,0.62432,0.85,0.16328,0.25,0.59696,0.85,0.54088,0.8
2794,,0.592,0.825,0.13096,0.2,0.52928,0.775,0.4732,0.75
2795,,0.55968,0.8,0.09864,0.15,0.4616,0.7,0.40552,0.7
2796,,0.52736,0.775,0.06632,0.1,0.39392,0.625,0.33784,0.65
2797,,0.49504,0.75,0.034,0.05,0.32624,0.55,0.27016,0.6
2798,,0.46272,0.725,0.00168,0.0,0.25856,0.475,0.20248,0.55
2799,,0.4304,0.7,-0.03064,-0.05,0.19088,0.4,0.1348,0.5
2800,4,0.44808,0.725,-0.01296,1.0,0.1732,0.375,0.11712,0.5
2801,3,0.46576,0.75,1.0,1.0,0.15552,0.35,0.09944,0.5
2802,,0.43344,0.725,0.96768,0.95,0.08784,0.275,0.03176,0.45
2803,,0.40112,0.7,0.93536,0.9,0.02016,0.2,-0.03592,0.4
2804,7,0.4188,0.725,0.95304,0.9,0.00248,0.175,1.0,0.4
2805,,0.38648,0.7,0.92072,0.85,-0.0652,0.1,0.93232,0.35
2806,5,0.40416,0.725,0.9384,0.85,1.0,-0.175,0.91464,0.35
2807,6,0.42184,0.75,0.95608,0.85,0.73232,1.0,0.89696,0.35
2808,,0.38952,0.725,0.92376,0.8,0.66464,0.925,0.82928,0.3
2809,,0.3572,0.7,0.89144,0.75,0.59696,0.85,0.7616,0.25
2810,,0.32488,0.675,0.85912,0.7,0.52928,0.775,0.69392,0.2
2811,,0.29256,0.65,0.8268,0.65,0.4616,0.7,0.62624,0.15
2812,,0.26024,0.625,0.79448,0.6,0.39392,0.625,0.55856,0.1
2813,,0.22792,0.6,0.76216,0.55,0.32624,0.55,0.49088,0.05
2814,,0.1956,0.575,0.72984,0.5,0.25856,0.475,0.4232,0.0
2815,,0.16328,0.55,0.69752,0.45,0.19088,0.4,0.35552,-0.05
2816,8,0.18096,0.575,0.7152,0.45,0.1732,0.375,0.33784,1.0
2817,,0.14864,0.55,0.68288,0.4,0.10552,0.3,0.27016,0.95
2818,,0.11632,0.525,0.65056,0.35,0.03784,0.225,0.20248,0.9
2819,,0.084,0.5,0.61824,0.3,-0.02984,0.15,0.1348,0.85
2820,5,0.10168,0.525,0.63592,0.3,1.0,-0.125,0.11712,0.85
2821,6,0.11936,0.55,0.6536,0.3,0.73232,1.0,0.09944,0.85
2822,,0.08704,0.525,0.62128,0.25,0.66464,0.925,0.03176,0.8
2823,,0.05472,0.5,0.58896,0.2,0.59696,0.85,-0.03592,0.75
2824,7,0.0724,0.525,0.60664,0.2,0.57928,0.825,1.0,0.75
2825,,0.04008,0.5,0.57432,0.15,0.5116,0.75,0.93232,0.7
2826,,0.00776,0.475,0.542,0.1,0.44392,0.675,0.86464,0.65
2827,,-0.02456,0.45,0.50968,0.05,0.37624,0.6,0.79696,0.6
2828,1,1.0,0.475,0.52736,0.05,0.35856,0.575,0.77928,0.6
2829,,0.96768,0.45,0.49504,0.0,0.29088,0.5,0.7116,0.55
2830,,0.93536,0.425,0.46272,-0.05,0.2232,0.425,0.64392,0.5
2831,4,0.95304,0.45,0.4804,1.0,0.20552,0.4,0.62624,0.5
2832,,0.92072,0.425,0.44808,0.95,0.13784,0.325,0.55856,0.45
2833,,0.8884,0.4,0.41576,0.9,0.07016,0.25,0.49088,0.4
2834,,0.85608,0.375,0.38344,0.85,0.00248,0.175,0.4232,0.35
2835,,0.82376,0.35,0.35112,0.8,-0.0652,0.1,0.35552,0.3
2836,5,0.84144,0.375,0.3688,0.8,1.0,-0.175,0.33784,0.3
2837,6,0.85912,0.4,0.38648,0.8,0.73232,1.0,0.32016,0.3
2838,,0.8268,0.375,0.35416,0.75,0.66464,0.925,0.25248,0.25
2839,,0.79448,0.35,0.32184,0.7,0.59696,0.85,0.1848,0.2
2840,,0.76216,0.325,0.28952,0.65,0.52928,0.775,0.11712,0.15
2841,,0.72984,0.3,0.2572,0.6,0.4616,0.7,0.04944,0.1
2842,,0.69752,0.275,0.22488,0.55,0.39392,0.625,-0.01824,0.05
2843,7,0.7152,0.3,0.24256,0.55,0.37624,0.6,1.0,0.05
2844,,0.68288,0.275,0.21024,0.5,0.30856,0.525,0.93232,0.0
2845,,0.65056,0.25,0.17792,0.45,0.24088,0.45,0.86464,-0.05
2846,8,0.66824,0.275,0.1956,0.45,0.2232,0.425,0.84696,1.0
2847,,0.63592,0.25,0.16328,0.4,0.15552,0.35,0.77928,0.95
2848,,0.6036,0.225,0.13096,0.35,0.08784,0.275,0.7116,0.9
2849,,0.57128,0.2,0.09864,0.3,0.02016,0.2,0.64392,0.85
2850,,0.53896,0.175,0.06632,0.25,-0.04752,0.125,0.57624,0.8
2851,5,0.55664,0.2,0.084,0.25,1.0,-0.15,0.55856,0.8
2852,6,0.57432,0.225,0.10168,0.25,0.73232,1.0,0.54088,0.8
2853,,0.542,0.2,0.06936,0.2,0.66464,0.925,0.4732,0.75
2854,,0.50968,0.175,0.03704,0.15,0.59696,0.85,0.40552,0.7
2855,,0.47736,0.15,0.00472,0.1,0.52928,0.775,0.33784,0.65
2856,,0.44504,0.125,-0.0276,0.05,0.4616,0.7,0.27016,0.6
2857,3,0.46272,0.15,1.0,0.05,0.44392,0.675,0.25248,0.6
2858,,0.4304,0.125,0.96768,0.0,0.37624,0.6,0.1848,0.55
2859,,0.39808,0.1,0.93536,-0.05,0.30856,0.525,0.11712,0.5
2860,4,0.41576,0.125,0.95304,1.0,0.29088,0.5,0.09944,0.5
2861,,0.38344,0.1,0.92072,0.95,0.2232,0.425,0.03176,0.45
2862,,0.35112,0.075,0.8884,0.9,0.15552,0.35,-0.03592,0.4
2863,7,0.3688,0.1,0.90608,0.9,0.13784,0.325,1.0,0.4
2864,,0.33648,0.075,0.87376,0.85,0.07016,0.25,0.93232,0.35
2865,,0.30416,0.05,0.84144,0.8,0.00248,0.175,0.86464,0.3
2866,,0.27184,0.025,0.80912,0.75,-0.0652,0.1,0.79696,0.25
2867,5,0.28952,0.05,0.8268,0.75,1.0,-0.175,0.77928,0.25
2868,6,0.3072,0.075,0.84448,0.75,0.73232,1.0,0.7616,0.25
2869,,0.27488,0.05,0.81216,0.7,0.66464,0.925,0.69392,0.2
2870,,0.24256,0.025,0.77984,0.65,0.59696,0.85,0.62624,0.15
2871,,0.21024,0.0,0.74752,0.6,0.52928,0.775,0.55856,0.1
2872,,0.17792,-0.025,0.7152,0.55,0.4616,0.7,0.49088,0.05
2873,2,0.1956,1.0,0.73288,0.55,0.44392,0.675,0.4732,0.05
2874,,0.16328,0.975,0.70056,0.5,0.37624,0.6,0.40552,0.0
2875,,0.13096,0.95,0.66824,0.45,0.30856,0.525,0.33784,-0.05
2876,8,0.14864,0.975,0.68592,0.45,0.29088,0.5,0.32016,1.0
2877,,0.11632,0.95,0.6536,0.4,0.2232,0.425,0.25248,0.95
2878,,0.084,0.925,0.62128,0.35,0.15552,0.35,0.1848,0.9
2879,,0.05168,0.9,0.58896,0.3,0.08784,0.275,0.11712,0.85
2880,,0.01936,0.875,0.55664,0.25,0.02016,0.2,0.04944,0.8
2881,,-0.01296,0.85,0.52432,0.2,-0.04752,0.125,-0.01824,0.75
2882,5,0.00472,0.875,0.542,0.2,1.0,-0.15,-0.03592,0.75
2883,6,0.0224,0.9,0.55968,0.2,0.73232,1.0,-0.0536,0.75
2884,7,0.04008,0.925,0.57736,0.2,0.71464,0.975,1.0,0.75
2885,,0.00776,0.9,0.54504,0.15,0.64696,0.9,0.93232,0.7
2886,,-0.02456,0.875,0.51272,0.1,0.57928,0.825,0.86464,0.65
2887,1,1.0,0.9,0.5304,0.1,0.5616,0.8,0.84696,0.65
2888,,0.96768,0.875,0.49808,0.05,0.49392,0.725,0.77928,0.6
2889,,0.93536,0.85,0.46576,0.0,0.42624,0.65,0.7116,0.55
2890,,0.90304,0.825,0.43344,-0.05,0.35856,0.575,0.64392,0.5
2891,4,0.92072,0.85,0.45112,1.0,0.34088,0.55,0.62624,0.5
2892,,0.8884,0.825,0.4188,0.95,0.2732,0.475,0.55856,0.45
2893,,0.85608,0.8,0.38648,0.9,0.20552,0.4,0.49088,0.4
2894,,0.82376,0.775,0.35416,0.85,0.13784,0.325,0.4232,0.35
2895,,0.79144,0.75,0.32184,0.8,0.07016,0.25,0.35552,0.3
2896,,0.75912,0.725,0.28952,0.75,0.00248,0.175,0.28784,0.25
2897,,0.7268,0.7,0.2572,0.7,-0.0652,0.1,0.22016,0.2
2898,5,0.74448,0.725,0.27488,0.7,1.0,-0.175,0.20248,0.2
2899,6,0.76216,0.75,0.29256,0.7,0.73232,1.0,0.1848,0.2
2900,,0.72984,0.725,0.26024,0.65,0.66464,0.925,0.11712,0.15
2901,,0.69752,0.7,0.22792,0.6,0.59696,0.85,0.04944,0.1
2902,,0.6652,0.675,0.1956,0.55,0.52928,0.775,-0.01824,0.05
2903,7,0.68288,0.7,0.21328,0.55,0.5116,0.75,1.0,0.05
2904,,0.65056,0.675,0.18096,0.5,0.44392,0.675,0.93232,0.0
2905,,0.61824,0.65,0.14864,0.45,0.37624,0.6,0.86464,-0.05
2906,8,0.63592,0.675,0.16632,0.45,0.35856,0.575,0.84696,1.0
2907,,0.6036,0.65,0.134,0.4,0.29088,0.5,0.77928,0.95
2908,,0.57128,0.625,0.10168,0.35,0.2232,0.425,0.7116,0.9
2909,,0.53896,0.6,0.06936,0.3,0.15552,0.35,0.64392,0.85
2910,,0.50664,0.575,0.03704,0.25,0.08784,0.275,0.57624,0.8
2911,,0.47432,0.55,0.00472,0.2,0.02016,0.2,0.50856,0.75
2912,,0.442,0.525,-0.0276,0.15,-0.04752,0.125,0.44088,0.7
2913,5,0.45968,0.55,-0.00992,0.15,1.0,-0.15,0.4232,0.7
2914,6,0.47736,0.575,0.00776,0.15,0.73232,1.0,0.40552,0.7
2915,,0.44504,0.55,-0.02456,0.1,0.66464,0.925,0.33784,0.65
2916,3,0.46272,0.575,1.0,0.1,0.64696,0.9,0.32016,0.65
2917,,0.4304,0.55,0.96768,0.05,0.57928,0.825,0.25248,0.6
2918,,0.39808,0.525,0.93536,0.0,0.5116,0.75,0.1848,0.55
2919,,0.36576,0.5,0.90304,-0.05,0.44392,0.675,0.11712,0.5
2920,4,0.38344,0.525,0.92072,1.0,0.42624,0.65,0.09944,0.5
2921,,0.35112,0.5,0.8884,0.95,0.35856,0.575,0.03176,0.45
2922,,0.3188,0.475,0.85608,0.9,0.29088,0.5,-0.03592,0.4
2923,7,0.33648,0.5,0.87376,0.9,0.2732,0.475,1.0,0.4
2924,,0.30416,0.475,0.84144,0.85,0.20552,0.4,0.93232,0.35
2925,,0.27184,0.45,0.80912,0.8,0.13784,0.325,0.86464,0.3
2926,,0.23952,0.425,0.7768,0.75,0.07016,0.25,0.79696,0.25
2927,,0.2072,0.4,0.74448,0.7,0.00248,0.175,0.72928,0.2
2928,,0.17488,0.375,0.71216,0.65,-0.0652,0.1,0.6616,0.15
2929,5,0.19256,0.4,0.72984,0.65,1.0,-0.175,0.64392,0.15
2930,6,0.21024,0.425,0.74752,0.65,0.73232,1.0,0.62624,0.15
2931,,0.17792,0.4,0.7152,0.6,0.66464,0.925,0.55856,0.1
2932,,0.1456,0.375,0.68288,0.55,0.59696,0.85,0.49088,0.05
2933,,0.11328,0.35,0.65056,0.5,0.52928,0.775,0.4232,0.0
2934,,0.08096,0.325,0.61824,0.45,0.4616,0.7,0.35552,-0.05
2935,8,0.09864,0.35,0.63592,0.45,0.44392,0.675,0.33784,1.0
2936,,0.06632,0.325,0.6036,0.4,0.37624,0.6,0.27016,0.95
2937,,0.034,0.3,0.57128,0.35,0.30856,0.525,0.20248,0.9
2938,,0.00168,0.275,0.53896,0.3,0.24088,0.45,0.1348,0.85
2939,,-0.03064,0.25,0.50664,0.25,0.1732,0.375,0.06712,0.8
2940,1,1.0,0.275,0.52432,0.25,0.15552,0.35,0.04944,0.8
2941,,0.96768,0.25,0.492,0.2,0.08784,0.275,-0.01824,0.75
2942,7,0.98536,0.275,0.50968,0.2,0.07016,0.25,1.0,0.75
2943,,0.95304,0.25,0.47736,0.15,0.00248,0.175,0.93232,0.7
2944,,0.92072,0.225,0.44504,0.1,-0.0652,0.1,0.86464,0.65
2945,5,0.9384,0.25,0.46272,0.1,1.0,-0.175,0.84696,0.65
2946,6,0.95608,0.275,0.4804,0.1,0.73232,1.0,0.82928,0.65
2947,,0.92376,0.25,0.44808,0.05,0.66464,0.925,0.7616,0.6
2948,,0.89144,0.225,0.41576,0.0,0.59696,0.85,0.69392,0.55
2949,,0.85912,0.2,0.38344,-0.05,0.52928,0.775,0.62624,0.5
2950,4,0.8768,0.225,0.40112,1.0,0.5116,0.75,0.60856,0.5
2951,,0.84448,0.2,0.3688,0.95,0.44392,0.675,0.54088,0.45
2952,,0.81216,0.175,0.33648,0.9,0.37624,0.6,0.4732,0.4
2953,,0.77984,0.15,0.30416,0.85,0.30856,0.525,0.40552,0.35
2954,,0.74752,0.125,0.27184,0.8,0.24088,0.45,0.33784,0.3
2955,,0.7152,0.1,0.23952,0.75,0.1732,0.375,0.27016,0.25
2956,,0.68288,0.075,0.2072,0.7,0.10552,0.3,0.20248,0.2
2957,,0.65056,0.05,0.17488,0.65,0.03784,0.225,0.1348,0.15
2958,,0.61824,0.025,0.14256,0.6,-0.02984,0.15,0.06712,0.1
2959,5,0.63592,0.05,0.16024,0.6,1.0,-0.125,0.04944,0.1
2960,6,0.6536,0.075,0.17792,0.6,0.73232,1.0,0.03176,0.1
2961,,0.62128,0.05,0.1456,0.55,0.66464,0.925,-0.03592,0.05
2962,7,0.63896,0.075,0.16328,0.55,0.64696,0.9,1.0,0.05
2963,,0.60664,0.05,0.13096,0.5,0.57928,0.825,0.93232,0.0
2964,,0.57432,0.025,0.09864,0.45,0.5116,0.75,0.86464,-0.05
2965,8,0.592,0.05,0.11632,0.45,0.49392,0.725,0.84696,1.0
2966,,0.55968,0.025,0.084,0.4,0.42624,0.65,0.77928,0.95
2967,,0.52736,0.0,0.05168,0.35,0.35856,0.575,0.7116,0.9
2968,,0.49504,-0.025,0.01936,0.3,0.29088,0.5,0.64392,0.85
2969,2,0.51272,1.0,0.03704,0.3,0.2732,0.475,0.62624,0.85
2970,,0.4804,0.975,0.00472,0.25,0.20552,0.4,0.55856,0.8
2971,,0.44808,0.95,-0.0276,0.2,0.13784,0.325,0.49088,0.75
2972,3,0.46576,0.975,1.0,0.2,0.12016,0.3,0.4732,0.75
2973,,0.43344,0.95,0.96768,0.15,0.05248,0.225,0.40552,0.7
2974,,0.40112,0.925,0.93536,0.1,-0.0152,0.15,0.33784,0.65
2975,5,0.4188,0.95,0.95304,0.1,1.0,-0.125,0.32016,0.65
2976,6,0.43648,0.975,0.97072,0.1,0.73232,1.0,0.30248,0.65
2977,,0.40416,0.95,0.9384,0.05,0.66464,0.925,0.2348,0.6
2978,,0.37184,0.925,0.90608,0.0,0.59696,0.85,0.16712,0.55
2979,,0.33952,0.9,0.87376,-0.05,0.52928,0.775,0.09944,0.5
2980,4,0.3572,0.925,0.89144,1.0,0.5116,0.75,0.08176,0.5
2981,,0.32488,0.9,0.85912,0.95,0.44392,0.675,0.01408,0.45
2982,,0.29256,0.875,0.8268,0.9,0.37624,0.6,-0.0536,0.4
2983,7,0.31024,0.9,0.84448,0.9,0.35856,0.575,1.0,0.4
2984,,0.27792,0.875,0.81216,0.85,0.29088,0.5,0.93232,0.35
2985,,0.2456,0.85,0.77984,0.8,0.2232,0.425,0.86464,0.3
2986,,0.21328,0.825,0.74752,0.75,0.15552,0.35,0.79696,0.25
2987,,0.18096,0.8,0.7152,0.7,0.08784,0.275,0.72928,0.2
2988,,0.14864,0.775,0.68288,0.65,0.02016,0.2,0.6616,0.15
2989,,0.11632,0.75,0.65056,0.6,-0.04752,0.125,0.59392,0.1
2990,5,0.134,0.775,0.66824,0.6,1.0,-0.15,0.57624,0.1
2991,6,0.15168,0.8,0.68592,0.6,0.73232,1.0,0.55856,0.1
2992,,0.11936,0.775,0.6536,0.55,0.66464,0.925,0.49088,0.05
2993,,0.08704,0.75,0.62128,0.5,0.59696,0.85,0.4232,0.0
2994,,0.05472,0.725,0.58896,0.45,0.52928,0.775,0.35552,-0.05
2995,8,0.0724,0.75,0.60664,0.45,0.5116,0.75,0.33784,1.0
2996,,0.04008,0.725,0.57432,0.4,0.44392,0.675,0.27016,0.95
2997,,0.00776,0.7,0.542,0.35,0.37624,0.6,0.20248,0.9
2998,,-0.02456,0.675,0.50968,0.3,0.30856,0.525,0.1348,0.85
2999,1,1.0,0.7,0.52736,0.3,0.29088,0.5,0.11712,0.85
3000,,0.96768,0.675,0.49504,0.25,0.2232,0.425,0.04944,0.8
3001,,0.93536,0.65,0.46272,0.2,0.15552,0.35,-0.01824,0.75
3002,7,0.95304,0.675,0.4804,0.2,0.13784,0.325,1.0,0.75
3003,,0.92072,0.65,0.44808,0.15,0.07016,0.25,0.93232,0.7
3004,,0.8884,0.625,0.41576,0.1,0.00248,0.175,0.86464,0.65
3005,,0.85608,0.6,0.38344,0.05,-0.0652,0.1,0.79696,0.6
3006,5,0.87376,0.625,0.40112,0.05,1.0,-0.175,0.77928,0.6
3007,6,0.89144,0.65,0.4188,0.05,0.73232,1.0,0.7616,0.6
3008,,0.85912,0.625,0.38648,0.0,0.66464,0.925,0.69392,0.55
3009,,0.8268,0.6,0.35416,-0.05,0.59696,0.85,0.62624,0.5
3010,4,0.84448,0.625,0.37184,1.0,0.57928,0.825,0.60856,0.5
3011,,0.81216,0.6,0.33952,0.95,0.5116,0.75,0.54088,0.45
3012,,0.77984,0.575,0.3072,0.9,0.44392,0.675,0.4732,0.4
3013,,0.74752,0.55,0.27488,0.85,0.37624,0.6,0.40552,0.35
3014,,0.7152,0.525,0.24256,0.8,0.30856,0.525,0.33784,0.3
3015,,0.68288,0.5,0.21024,0.75,0.24088,0.45,0.27016,0.25
3016,,0.65056,0.475,0.17792,0.7,0.1732,0.375,0.20248,0.2
3017,,0.61824,0.45,0.1456,0.65,0.10552,0.3,0.1348,0.15
3018,,0.58592,0.425,0.11328,0.6,0.03784,0.225,0.06712,0.1
3019,,0.5536,0.4,0.08096,0.55,-0.02984,0.15,-0.00056,0.05
3020,5,0.57128,0.425,0.09864,0.55,1.0,-0.125,-0.01824,0.05
3021,6,0.58896,0.45,0.11632,0.55,0.73232,1.0,-0.03592,0.05
3022,7,0.60664,0.475,0.134,0.55,0.71464,0.975,1.0,0.05
3023,,0.57432,0.45,0.10168,0.5,0.64696,0.9,0.93232,0.0
3024,,0.542,0.425,0.06936,0.45,0.57928,0.825,0.86464,-0.05
3025,8,0.55968,0.45,0.08704,0.45,0.5616,0.8,0.84696,1.0
3026,,0.52736,0.425,0.05472,0.4,0.49392,0.725,0.77928,0.95
3027,,0.49504,0.4,0.0224,0.35,0.42624,0.65,0.7116,0.9
3028,,0.46272,0.375,-0.00992,0.3,0.35856,0.575,0.64392,0.85
3029,3,0.4804,0.4,1.0,0.3,0.34088,0.55,0.62624,0.85
3030,,0.44808,0.375,0.96768,0.25,0.2732,0.475,0.55856,0.8
3031,,0.41576,0.35,0.93536,0.2,0.20552,0.4,0.49088,0.75
3032,,0.38344,0.325,0.90304,0.15,0.13784,0.325,0.4232,0.7
3033,,0.35112,0.3,0.87072,0.1,0.07016,0.25,0.35552,0.65
3034,,0.3188,0.275,0.8384,0.05,0.00248,0.175,0.28784,0.6
3035,,0.28648,0.25,0.80608,0.0,-0.0652,0.1,0.22016,0.55
3036,5,0.30416,0.275,0.82376,0.0,1.0,-0.175,0.20248,0.55
3037,6,0.32184,0.3,0.84144,0.0,0.73232,1.0,0.1848,0.55
3038,,0.28952,0.275,0.80912,-0.05,0.66464,0.925,0.11712,0.5
3039,4,0.3072,0.3,0.8268,1.0,0.64696,0.9,0.09944,0.5
3040,,0.27488,0.275,0.79448,0.95,0.57928,0.825,0.03176,0.45
3041,,0.24256,0.25,0.76216,0.9,0.5116,0.75,-0.03592,0.4
3042,7,0.26024,0.275,0.77984,0.9,0.49392,0.725,1.0,0.4
3043,,0.22792,0.25,0.74752,0.85,0.42624,0.65,0.93232,0.35
3044,,0.1956,0.225,0.7152,0.8,0.35856,0.575,0.86464,0.3
3045,,0.16328,0.2,0.68288,0.75,0.29088,0.5,0.79696,0.25
3046,,0.13096,0.175,0.65056,0.7,0.2232,0.425,0.72928,0.2
3047,,0.09864,0.15,0.61824,0.65,0.15552,0.35,0.6616,0.15
3048,,0.06632,0.125,0.58592,0.6,0.08784,0.275,0.59392,0.1
3049,,0.034,0.1,0.5536,0.55,0.02016,0.2,0.52624,0.05
3050,,0.00168,0.075,0.52128,0.5,-0.04752,0.125,0.45856,0.0
3051,5,0.01936,0.1,0.53896,0.5,1.0,-0.15,0.44088,0.0
3052,6,0.03704,0.125,0.55664,0.5,0.73232,1.0,0.4232,0.0
3053,,0.00472,0.1,0.52432,0.45,0.66464,0.925,0.35552,-0.05
3054,8,0.0224,0.125,0.542,0.45,0.64696,0.9,0.33784,1.0
3055,,-0.00992,0.1,0.50968,0.4,0.57928,0.825,0.27016,0.95
3056,1,1.0,0.125,0.52736,0.4,0.5616,0.8,0.25248,0.95
3057,,0.96768,0.1,0.49504,0.35,0.49392,0.725,0.1848,0.9
3058,,0.93536,0.075,0.46272,0.3,0.42624,0.65,0.11712,0.85
3059,,0.90304,0.05,0.4304,0.25,0.35856,0.575,0.04944,0.8
3060,,0.87072,0.025,0.39808,0.2,0.29088,0.5,-0.01824,0.75
3061,7,0.8884,0.05,0.41576,0.2,0.2732,0.475,1.0,0.75
3062,,0.85608,0.025,0.38344,0.15,0.20552,0.4,0.93232,0.7
3063,,0.82376,0.0,0.35112,0.1,0.13784,0.325,0.86464,0.65
3064,,0.79144,-0.025,0.3188,0.05,0.07016,0.25,0.79696,0.6
3065,2,0.80912,1.0,0.33648,0.05,0.05248,0.225,0.77928,0.6
3066,,0.7768,0.975,0.30416,0.0,-0.0152,0.15,0.7116,0.55
3067,5,0.79448,1.0,0.32184,0.0,1.0,-0.125,0.69392,0.55
3068,6,0.81216,1.0,0.33952,0.0,0.73232,1.0,0.67624,0.55
3069,,0.77984,0.975,0.3072,-0.05,0.66464,0.925,0.60856,0.5
3070,4,0.79752,1.0,0.32488,1.0,0.64696,0.9,0.59088,0.5
3071,,0.7652,0.975,0.29256,0.95,0.57928,0.825,0.5232,0.45
3072,,0.73288,0.95,0.26024,0.9,0.5116,0.75,0.45552,0.4
3073,,0.70056,0.925,0.22792,0.85,0.44392,0.675,0.38784,0.35
3074,,0.66824,0.9,0.1956,0.8,0.37624,0.6,0.32016,0.3
3075,,0.63592,0.875,0.16328,0.75,0.30856,0.525,0.25248,0.25
3076,,0.6036,0.85,0.13096,0.7,0.24088,0.45,0.1848,0.2
3077,,0.57128,0.825,0.09864,0.65,0.1732,0.375,0.11712,0.15
3078,,0.53896,0.8,0.06632,0.6,0.10552,0.3,0.04944,0.1
3079,,0.50664,0.775,0.034,0.55,0.03784,0.225,-0.01824,0.05
3080,7,0.52432,0.8,0.05168,0.55,0.02016,0.2,1.0,0.05
3081,,0.492,0.775,0.01936,0.5,-0.04752,0.125,0.93232,0.0
3082,5,0.50968,0.8,0.03704,0.5,1.0,-0.15,0.91464,0.0
3083,6,0.52736,0.825,0.05472,0.5,0.73232,1.0,0.89696,0.0
3084,,0.49504,0.8,0.0224,0.45,0.66464,0.925,0.82928,-0.05
3085,8,0.51272,0.825,0.04008,0.45,0.64696,0.9,0.8116,1.0
3086,,0.4804,0.8,0.00776,0.4,0.57928,0.825,0.74392,0.95
3087,,0.44808,0.775,-0.02456,0.35,0.5116,0.75,0.67624,0.9
3088,3,0.46576,0.8,1.0,0.35,0.49392,0.725,0.65856,0.9
3089,,0.43344,0.775,0.96768,0.3,0.42624,0.65,0.59088,0.85
3090,,0.40112,0.75,0.93536,0.25,0.35856,0.575,0.5232,0.8
3091,,0.3688,0.725,0.90304,0.2,0.29088,0.5,0.45552,0.75
3092,,0.33648,0.7,0.87072,0.15,0.2232,0.425,0.38784,0.7
3093,,0.30416,0.675,0.8384,0.1,0.15552,0.35,0.32016,0.65
3094,,0.27184,0.65,0.80608,0.05,0.08784,0.275,0.25248,0.6
3095,,0.23952,0.625,0.77376,0.0,0.02016,0.2,0.1848,0.55
3096,,0.2072,0.6,0.74144,-0.05,-0.04752,0.125,0.11712,0.5
3097,4,0.22488,0.625,0.75912,1.0,-0.0652,0.1,0.09944,0.5
3098,5,0.24256,0.65,0.7768,1.0,1.0,-0.175,0.08176,0.5
3099,6,0.26024,0.675,0.79448,1.0,0.73232,1.0,0.06408,0.5
3100,,0.22792,0.65,0.76216,0.95,0.66464,0.925,-0.0036,0.45
3101,7,0.2456,0.675,0.77984,0.95,0.64696,0.9,1.0,0.45
3102,,0.21328,0.65,0.74752,0.9,0.57928,0.825,0.93232,0.4
3103,,0.18096,0.625,0.7152,0.85,0.5116,0.75,0.86464,0.35
3104,,0.14864,0.6,0.68288,0.8,0.44392,0.675,0.79696,0.3
3105,,0.11632,0.575,0.65056,0.75,0.37624,0.6,0.72928,0.25
3106,,0.084,0.55,0.61824,0.7,0.30856,0.525,0.6616,0.2
3107,,0.05168,0.525,0.58592,0.65,0.24088,0.45,0.59392,0.15
3108,,0.01936,0.5,0.5536,0.6,0.1732,0.375,0.52624,0.1
3109,,-0.01296,0.475,0.52128,0.55,0.10552,0.3,0.45856,0.05
3110,1,1.0,0.5,0.53896,0.55,0.08784,0.275,0.44088,0.05
3111,,0.96768,0.475,0.50664,0.5,0.02016,0.2,0.3732,0.0
3112,,0.93536,0.45,0.47432,0.45,-0.04752,0.125,0.30552,-0.05
3113,8,0.95304,0.475,0.492,0.45,-0.0652,0.1,0.28784,1.0
3114,5,0.97072,0.5,0.50968,0.45,1.0,-0.175,0.27016,1.0
3115,6,0.9884,0.525,0.52736,0.45,0.73232,1.0,0.25248,1.0
3116,,0.95608,0.5,0.49504,0.4,0.66464,0.925,0.1848,0.95
3117,,0.92376,0.475,0.46272,0.35,0.59696,0.85,0.11712,0.9
3118,,0.89144,0.45,0.4304,0.3,0.52928,0.775,0.04944,0.85
3119,,0.85912,0.425,0.39808,0.25,0.4616,0.7,-0.01824,0.8
3120,7,0.8768,0.45,0.41576,0.25,0.44392,0.675,1.0,0.8
3121,,0.84448,0.425,0.38344,0.2,0.37624,0.6,0.93232,0.75
3122,,0.81216,0.4,0.35112,0.15,0.30856,0.525,0.86464,0.7
3123,,0.77984,0.375,0.3188,0.1,0.24088,0.45,0.79696,0.65
3124,,0.74752,0.35,0.28648,0.05,0.1732,0.375,0.72928,0.6
3125,,0.7152,0.325,0.25416,0.0,0.10552,0.3,0.6616,0.55
3126,,0.68288,0.3,0.22184,-0.05,0.03784,0.225,0.59392,0.5
3127,4,0.70056,0.325,0.23952,1.0,0.02016,0.2,0.57624,0.5
3128,,0.66824,0.3,0.2072,0.95,-0.04752,0.125,0.50856,0.45
3129,5,0.68592,0.325,0.22488,0.95,1.0,-0.15,0.49088,0.45
3130,6,0.7036,0.35,0.24256,0.95,0.73232,1.0,0.4732,0.45
3131,,0.67128,0.325,0.21024,0.9,0.66464,0.925,0.40552,0.4
3132,,0.63896,0.3,0.17792,0.85,0.59696,0.85,0.33784,0.35
3133,,0.60664,0.275,0.1456,0.8,0.52928,0.775,0.27016,0.3
3134,,0.57432,0.25,0.11328,0.75,0.4616,0.7,0.20248,0.25
3135,,0.542,0.225,0.08096,0.7,0.39392,0.625,0.1348,0.2
3136,,0.50968,0.2,0.04864,0.65,0.32624,0.55,0.06712,0.15
3137,,0.47736,0.175,0.01632,0.6,0.25856,0.475,-0.00056,0.1
3138,7,0.49504,0.2,0.034,0.6,0.24088,0.45,1.0,0.1
3139,,0.46272,0.175,0.00168,0.55,0.1732,0.375,0.93232,0.05
3140,,0.4304,0.15,-0.03064,0.5,0.10552,0.3,0.86464,0.0
3141,3,0.44808,0.175,1.0,0.5,0.08784,0.275,0.84696,0.0
3142,,0.41576,0.15,0.96768,0.45,0.02016,0.2,0.77928,-0.05
3143,8,0.43344,0.175,0.98536,0.45,0.00248,0.175,0.7616,1.0
3144,,0.40112,0.15,0.95304,0.4,-0.0652,0.1,0.69392,0.95
3145,5,0.4188,0.175,0.97072,0.4,1.0,-0.175,0.67624,0.95
3146,6,0.43648,0.2,0.9884,0.4,0.73232,1.0,0.65856,0.95
3147,,0.40416,0.175,0.95608,0.35,0.66464,0.925,0.59088,0.9
3148,,0.37184,0.15,0.92376,0.3,0.59696,0.85,0.5232,0.85
3149,,0.33952,0.125,0.89144,0.25,0.52928,0.775,0.45552,0.8
3150,,0.3072,0.1,0.85912,0.2,0.4616,0.7,0.38784,0.75
3151,,0.27488,0.075,0.8268,0.15,0.39392,0.625,0.32016,0.7
3152,,0.24256,0.05,0.79448,0.1,0.32624,0.55,0.25248,0.65
3153,,0.21024,0.025,0.76216,0.05,0.25856,0.475,0.1848,0.6
3154,,0.17792,0.0,0.72984,0.0,0.19088,0.4,0.11712,0.55
3155,,0.1456,-0.025,0.69752,-0.05,0.1232,0.325,0.04944,0.5
3156,4,0.16328,0.0,0.7152,1.0,0.10552,0.3,0.03176,0.5
3157,,0.13096,-0.025,0.68288,0.95,0.03784,0.225,-0.03592,0.45
3158,7,0.14864,0.0,0.70056,0.95,0.02016,0.2,1.0,0.45
3159,,0.11632,-0.025,0.66824,0.9,-0.04752,0.125,0.93232,0.4
3160,5,0.134,0.0,0.68592,0.9,1.0,-0.15,0.91464,0.4
3161,6,0.15168,0.025,0.7036,0.9,0.73232,1.0,0.89696,0.4
3162,,0.11936,0.0,0.67128,0.85,0.66464,0.925,0.82928,0.35
3163,,0.08704,-0.025,0.63896,0.8,0.59696,0.85,0.7616,0.3
3164,2,0.10472,1.0,0.65664,0.8,0.57928,0.825,0.74392,0.3
3165,,0.0724,0.975,0.62432,0.75,0.5116,0.75,0.67624,0.25
3166,,0.04008,0.95,0.592,0.7,0.44392,0.675,0.60856,0.2
3167,,0.00776,0.925,0.55968,0.65,0.37624,0.6,0.54088,0.15
3168,,-0.02456,0.9,0.52736,0.6,0.30856,0.525,0.4732,0.1
3169,1,1.0,0.925,0.54504,0.6,0.29088,0.5,0.45552,0.1
3170,,0.96768,0.9,0.51272,0.55,0.2232,0.425,0.38784,0.05
3171,,0.93536,0.875,0.4804,0.5,0.15552,0.35,0.32016,0.0
3172,,0.90304,0.85,0.44808,0.45,0.08784,0.275,0.25248,-0.05
3173,8,0.92072,0.875,0.46576,0.45,0.07016,0.25,0.2348,1.0
3174,,0.8884,0.85,0.43344,0.4,0.00248,0.175,0.16712,0.95
3175,,0.85608,0.825,0.40112,0.35,-0.0652,0.1,0.09944,0.9
3176,5,0.87376,0.85,0.4188,0.35,1.0,-0.175,0.08176,0.9
3177,6,0.89144,0.875,0.43648,0.35,0.73232,1.0,0.06408,0.9
3178,,0.85912,0.85,0.40416,0.3,0.66464,0.925,-0.0036,0.85
3179,7,0.8768,0.875,0.42184,0.3,0.64696,0.9,1.0,0.85
3180,,0.84448,0.85,0.38952,0.25,0.57928,0.825,0.93232,0.8
3181,,0.81216,0.825,0.3572,0.2,0.5116,0.75,0.86464,0.75
3182,,0.77984,0.8,0.32488,0.15,0.44392,0.675,0.79696,0.7
3183,,0.74752,0.775,0.29256,0.1,0.37624,0.6,0.72928,0.65
3184,,0.7152,0.75,0.26024,0.05,0.30856,0.525,0.6616,0.6
3185,,0.68288,0.725,0.22792,0.0,0.24088,0.45,0.59392,0.55
3186,,0.65056,0.7,0.1956,-0.05,0.1732,0.375,0.52624,0.5
3187,4,0.66824,0.725,0.21328,1.0,0.15552,0.35,0.50856,0.5
3188,,0.63592,0.7,0.18096,0.95,0.08784,0.275,0.44088,0.45
3189,,0.6036,0.675,0.14864,0.9,0.02016,0.2,0.3732,0.4
3190,,0.57128,0.65,0.11632,0.85,-0.04752,0.125,0.30552,0.35
3191,5,0.58896,0.675,0.134,0.85,1.0,-0.15,0.28784,0.35
3192,6,0.60664,0.7,0.15168,0.85,0.73232,1.0,0.27016,0.35
3193,,0.57432,0.675,0.11936,0.8,0.66464,0.925,0.20248,0.3
3194,,0.542,0.65,0.08704,0.75,0.59696,0.85,0.1348,0.25
3195,,0.50968,0.625,0.05472,0.7,0.52928,0.775,0.06712,0.2
3196,,0.47736,0.6,0.0224,0.65,0.4616,0.7,-0.00056,0.15
3197,7,0.49504,0.625,0.04008,0.65,0.44392,0.675,1.0,0.15
3198,,0.46272,0.6,0.00776,0.6,0.37624,0.6,0.93232,0.1
3199,,0.4304,0.575,-0.02456,0.55,0.30856,0.525,0.86464,0.05
3200,3,0.44808,0.6,1.0,0.55,0.29088,0.5,0.84696,0.05
3201,,0.41576,0.575,0.96768,0.5,0.2232,0.425,0.77928,0.0
3202,,0.38344,0.55,0.93536,0.45,0.15552,0.35,0.7116,-0.05
3203,8,0.40112,0.575,0.95304,0.45,0.13784,0.325,0.69392,1.0
3204,,0.3688,0.55,0.92072,0.4,0.07016,0.25,0.62624,0.95
3205,,0.33648,0.525,0.8884,0.35,0.00248,0.175,0.55856,0.9
3206,,0.30416,0.5,0.85608,0.3,-0.0652,0.1,0.49088,0.85
3207,5,0.32184,0.525,0.87376,0.3,1.0,-0.175,0.4732,0.85
3208,6,0.33952,0.55,0.89144,0.3,0.73232,1.0,0.45552,0.85
3209,,0.3072,0.525,0.85912,0.25,0.66464,0.925,0.38784,0.8
3210,,0.27488,0.5,0.8268,0.2,0.59696,0.85,0.32016,0.75
3211,,0.24256,0.475,0.79448,0.15,0.52928,0.775,0.25248,0.7
3212,,0.21024,0.45,0.76216,0.1,0.4616,0.7,0.1848,0.65
3213,,0.17792,0.425,0.72984,0.05,0.39392,0.625,0.11712,0.6
3214,,0.1456,0.4,0.69752,0.0,0.32624,0.55,0.04944,0.55
3215,,0.11328,0.375,0.6652,-0.05,0.25856,0.475,-0.01824,0.5
3216,4,0.13096,0.4,0.68288,1.0,0.24088,0.45,-0.03592,0.5
3217,7,0.14864,0.425,0.70056,1.0,0.2232,0.425,1.0,0.5
3218,,0.11632,0.4,0.66824,0.95,0.15552,0.35,0.93232,0.45
3219,,0.084,0.375,0.63592,0.9,0.08784,0.275,0.86464,0.4
3220,,0.05168,0.35,0.6036,0.85,0.02016,0.2,0.79696,0.35
3221,,0.01936,0.325,0.57128,0.8,-0.04752,0.125,0.72928,0.3
3222,5,0.03704,0.35,0.58896,0.8,1.0,-0.15,0.7116,0.3
3223,6,0.05472,0.375,0.60664,0.8,0.73232,1.0,0.69392,0.3
3224,,0.0224,0.35,0.57432,0.75,0.66464,0.925,0.62624,0.25
3225,,-0.00992,0.325,0.542,0.7,0.59696,0.85,0.55856,0.2
3226,1,1.0,0.35,0.55968,0.7,0.57928,0.825,0.54088,0.2
3227,,0.96768,0.325,0.52736,0.65,0.5116,0.75,0.4732,0.15
3228,,0.93536,0.3,0.49504,0.6,0.44392,0.675,0.40552,0.1
3229,,0.90304,0.275,0.46272,0.55,0.37624,0.6,0.33784,0.05
3230,,0.87072,0.25,0.4304,0.5,0.30856,0.525,0.27016,0.0
3231,,0.8384,0.225,0.39808,0.45,0.24088,0.45,0.20248,-0.05
3232,8,0.85608,0.25,0.41576,0.45,0.2232,0.425,0.1848,1.0
3233,,0.82376,0.225,0.38344,0.4,0.15552,0.35,0.11712,0.95
3234,,0.79144,0.2,0.35112,0.35,0.08784,0.275,0.04944,0.9
3235,,0.75912,0.175,0.3188,0.3,0.02016,0.2,-0.01824,0.85
3236,7,0.7768,0.2,0.33648,0.3,0.00248,0.175,1.0,0.85
3237,,0.74448,0.175,0.30416,0.25,-0.0652,0.1,0.93232,0.8
3238,5,0.76216,0.2,0.32184,0.25,1.0,-0.175,0.91464,0.8
3239,6,0.77984,0.225,0.33952,0.25,0.73232,1.0,0.89696,0.8
3240,,0.74752,0.2,0.3072,0.2,0.66464,0.925,0.82928,0.75
3241,,0.7152,0.175,0.27488,0.15,0.59696,0.85,0.7616,0.7
3242,,0.68288,0.15,0.24256,0.1,0.52928,0.775,0.69392,0.65
3243,,0.65056,0.125,0.21024,0.05,0.4616,0.7,0.62624,0.6
3244,,0.61824,0.1,0.17792,0.0,0.39392,0.625,0.55856,0.55
3245,,0.58592,0.075,0.1456,-0.05,0.32624,0.55,0.49088,0.5
3246,4,0.6036,0.1,0.16328,1.0,0.30856,0.525,0.4732,0.5
3247,,0.57128,0.075,0.13096,0.95,0.24088,0.45,0.40552,0.45
3248,,0.53896,0.05,0.09864,0.9,0.1732,0.375,0.33784,0.4
3249,,0.50664,0.025,0.06632,0.85,0.10552,0.3,0.27016,0.35
3250,,0.47432,0.0,0.034,0.8,0.03784,0.225,0.20248,0.3
3251,,0.442,-0.025,0.00168,0.75,-0.02984,0.15,0.1348,0.25
3252,5,0.45968,0.0,0.01936,0.75,1.0,-0.125,0.11712,0.25
3253,6,0.47736,0.025,0.03704,0.75,0.73232,1.0,0.09944,0.25
3254,,0.44504,0.0,0.00472,0.7,0.66464,0.925,0.03176,0.2
3255,,0.41272,-0.025,-0.0276,0.65,0.59696,0.85,-0.03592,0.15
3256,7,0.4304,0.0,-0.00992,0.65,0.57928,0.825,1.0,0.15
3257,3,0.44808,0.025,1.0,0.65,0.5616,0.8,0.98232,0.15
3258,,0.41576,0.0,0.96768,0.6,0.49392,0.725,0.91464,0.1
3259,,0.38344,-0.025,0.93536,0.55,0.42624,0.65,0.84696,0.05
3260,2,0.40112,1.0,0.95304,0.55,0.40856,0.625,0.82928,0.05
3261,,0.3688,0.975,0.92072,0.5,0.34088,0.55,0.7616,0.0
3262,,0.33648,0.95,0.8884,0.45,0.2732,0.475,0.69392,-0.05
3263,8,0.35416,0.975,0.90608,0.45,0.25552,0.45,0.67624,1.0
3264,,0.32184,0.95,0.87376,0.4,0.18784,0.375,0.60856,0.95
3265,,0.28952,0.925,0.84144,0.35,0.12016,0.3,0.54088,0.9
3266,,0.2572,0.9,0.80912,0.3,0.05248,0.225,0.4732,0.85
3267,,0.22488,0.875,0.7768,0.25,-0.0152,0.15,0.40552,0.8
3268,5,0.24256,0.9,0.79448,0.25,1.0,-0.125,0.38784,0.8
3269,6,0.26024,0.925,0.81216,0.25,0.73232,1.0,0.37016,0.8
3270,,0.22792,0.9,0.77984,0.2,0.66464,0.925,0.30248,0.75
3271,,0.1956,0.875,0.74752,0.15,0.59696,0.85,0.2348,0.7
3272,,0.16328,0.85,0.7152,0.1,0.52928,0.775,0.16712,0.65
3273,,0.13096,0.825,0.68288,0.05,0.4616,0.7,0.09944,0.6
3274,,0.09864,0.8,0.65056,0.0,0.39392,0.625,0.03176,0.55
3275,,0.06632,0.775,0.61824,-0.05,0.32624,0.55,-0.03592,0.5
3276,4,0.084,0.8,0.63592,1.0,0.30856,0.525,-0.0536,0.5
3277,7,0.10168,0.825,0.6536,1.0,0.29088,0.5,1.0,0.5
3278,,0.06936,0.8,0.62128,0.95,0.2232,0.425,0.93232,0.45
3279,,0.03704,0.775,0.58896,0.9,0.15552,0.35,0.86464,0.4
3280,,0.00472,0.75,0.55664,0.85,0.08784,0.275,0.79696,0.35
3281,,-0.0276,0.725,0.52432,0.8,0.02016,0.2,0.72928,0.3
3282,1,1.0,0.75,0.542,0.8,0.00248,0.175,0.7116,0.3
3283,,0.96768,0.725,0.50968,0.75,-0.0652,0.1,0.64392,0.25
3284,5,0.98536,0.75,0.52736,0.75,1.0,-0.175,0.62624,0.25
3285,6,1.0,0.775,0.54504,0.75,0.73232,1.0,0.60856,0.25
3286,,0.96768,0.75,0.51272,0.7,0.66464,0.925,0.54088,0.2
3287,,0.93536,0.725,0.4804,0.65,0.59696,0.85,0.4732,0.15
3288,,0.90304,0.7,0.44808,0.6,0.52928,0.775,0.40552,0.1
3289,,0.87072,0.675,0.41576,0.55,0.4616,0.7,0.33784,0.05
3290,,0.8384,0.65,0.38344,0.5,0.39392,0.625,0.27016,0.0
3291,,0.80608,0.625,0.35112,0.45,0.32624,0.55,0.20248,-0.05
3292,8,0.82376,0.65,0.3688,0.45,0.30856,0.525,0.1848,1.0
3293,,0.79144,0.625,0.33648,0.4,0.24088,0.45,0.11712,0.95
3294,,0.75912,0.6,0.30416,0.35,0.1732,0.375,0.04944,0.9
3295,,0.7268,0.575,0.27184,0.3,0.10552,0.3,-0.01824,0.85
3296,7,0.74448,0.6,0.28952,0.3,0.08784,0.275,1.0,0.85
3297,,0.71216,0.575,0.2572,0.25,0.02016,0.2,0.93232,0.8
3298,,0.67984,0.55,0.22488,0.2,-0.04752,0.125,0.86464,0.75
3299,5,0.69752,0.575,0.24256,0.2,1.0,-0.15,0.84696,0.75
3300,6,0.7152,0.6,0.26024,0.2,0.73232,1.0,0.82928,0.75
3301,,0.68288,0.575,0.22792,0.15,0.66464,0.925,0.7616,0.7
3302,,0.65056,0.55,0.1956,0.1,0.59696,0.85,0.69392,0.65
3303,,0.61824,0.525,0.16328,0.05,0.52928,0.775,0.62624,0.6
3304,,0.58592,0.5,0.13096,0.0,0.4616,0.7,0.55856,0.55
3305,,0.5536,0.475,0.09864,-0.05,0.39392,0.625,0.49088,0.5
3306,4,0.57128,0.5,0.11632,1.0,0.37624,0.6,0.4732,0.5
3307,,0.53896,0.475,0.084,0.95,0.30856,0.525,0.40552,0.45
3308,,0.50664,0.45,0.05168,0.9,0.24088,0.45,0.33784,0.4
3309,,0.47432,0.425,0.01936,0.85,0.1732,0.375,0.27016,0.35
3310,,0.442,0.4,-0.01296,0.8,0.10552,0.3,0.20248,0.3
3311,3,0.45968,0.425,1.0,0.8,0.08784,0.275,0.1848,0.3
3312,,0.42736,0.4,0.96768,0.75,0.02016,0.2,0.11712,0.25
3313,,0.39504,0.375,0.93536,0.7,-0.04752,0.125,0.04944,0.2
3314,5,0.41272,0.4,0.95304,0.7,1.0,-0.15,0.03176,0.2
3315,6,0.4304,0.425,0.97072,0.7,0.73232,1.0,0.01408,0.2
3316,,0.39808,0.4,0.9384,0.65,0.66464,0.925,-0.0536,0.15
3317,7,0.41576,0.425,0.95608,0.65,0.64696,0.9,1.0,0.15
3318,,0.38344,0.4,0.92376,0.6,0.57928,0.825,0.93232,0.1
3319,,0.35112,0.375,0.89144,0.55,0.5116,0.75,0.86464,0.05
3320,,0.3188,0.35,0.85912,0.5,0.44392,0.675,0.79696,0.0
3321,,0.28648,0.325,0.8268,0.45,0.37624,0.6,0.72928,-0.05
3322,8,0.30416,0.35,0.84448,0.45,0.35856,0.575,0.7116,1.0
3323,,0.27184,0.325,0.81216,0.4,0.29088,0.5,0.64392,0.95
3324,,0.23952,0.3,0.77984,0.35,0.2232,0.425,0.57624,0.9
3325,,0.2072,0.275,0.74752,0.3,0.15552,0.35,0.50856,0.85
3326,,0.17488,0.25,0.7152,0.25,0.08784,0.275,0.44088,0.8
3327,,0.14256,0.225,0.68288,0.2,0.02016,0.2,0.3732,0.75
3328,,0.11024,0.2,0.65056,0.15,-0.04752,0.125,0.30552,0.7
3329,5,0.12792,0.225,0.66824,0.15,1.0,-0.15,0.28784,0.7
3330,6,0.1456,0.25,0.68592,0.15,0.73232,1.0,0.27016,0.7
3331,,0.11328,0.225,0.6536,0.1,0.66464,0.925,0.20248,0.65
3332,,0.08096,0.2,0.62128,0.05,0.59696,0.85,0.1348,0.6
3333,,0.04864,0.175,0.58896,0.0,0.52928,0.775,0.06712,0.55
3334,,0.01632,0.15,0.55664,-0.05,0.4616,0.7,-0.00056,0.5
3335,4,0.034,0.175,0.57432,1.0,0.44392,0.675,-0.01824,0.5
3336,7,0.05168,0.2,0.592,1.0,0.42624,0.65,1.0,0.5
3337,,0.01936,0.175,0.55968,0.95,0.35856,0.575,0.93232,0.45
3338,,-0.01296,0.15,0.52736,0.9,0.29088,0.5,0.86464,0.4
3339,1,1.0,0.175,0.54504,0.9,0.2732,0.475,0.84696,0.4
3340,,0.96768,0.15,0.51272,0.85,0.20552,0.4,0.77928,0.35
3341,,0.93536,0.125,0.4804,0.8,0.13784,0.325,0.7116,0.3
3342,,0.90304,0.1,0.44808,0.75,0.07016,0.25,0.64392,0.25
3343,,0.87072,0.075,0.41576,0.7,0.00248,0.175,0.57624,0.2
3344,,0.8384,0.05,0.38344,0.65,-0.0652,0.1,0.50856,0.15
3345,5,0.85608,0.075,0.40112,0.65,1.0,-0.175,0.49088,0.15
3346,6,0.87376,0.1,0.4188,0.65,0.73232,1.0,0.4732,0.15
3347,,0.84144,0.075,0.38648,0.6,0.66464,0.925,0.40552,0.1
3348,,0.80912,0.05,0.35416,0.55,0.59696,0.85,0.33784,0.05
3349,,0.7768,0.025,0.32184,0.5,0.52928,0.775,0.27016,0.0
3350,,0.74448,0.0,0.28952,0.45,0.4616,0.7,0.20248,-0.05
3351,8,0.76216,0.025,0.3072,0.45,0.44392,0.675,0.1848,1.0
3352,,0.72984,0.0,0.27488,0.4,0.37624,0.6,0.11712,0.95
3353,,0.69752,-0.025,0.24256,0.35,0.30856,0.525,0.04944,0.9
3354,2,0.7152,1.0,0.26024,0.35,0.29088,0.5,0.03176,0.9
3355,,0.68288,0.975,0.22792,0.3,0.2232,0.425,-0.03592,0.85
3356,7,0.70056,1.0,0.2456,0.3,0.20552,0.4,1.0,0.85
3357,,0.66824,0.975,0.21328,0.25,0.13784,0.325,0.93232,0.8
3358,,0.63592,0.95,0.18096,0.2,0.07016,0.25,0.86464,0.75
3359,,0.6036,0.925,0.14864,0.15,0.00248,0.175,0.79696,0.7
3360,,0.57128,0.9,0.11632,0.1,-0.0652,0.1,0.72928,0.65
3361,5,0.58896,0.925,0.134,0.1,1.0,-0.175,0.7116,0.65
3362,6,0.60664,0.95,0.15168,0.1,0.73232,1.0,0.69392,0.65
3363,,0.57432,0.925,0.11936,0.05,0.66464,0.925,0.62624,0.6
3364,,0.542,0.9,0.08704,0.0,0.59696,0.85,0.55856,0.55
3365,,0.50968,0.875,0.05472,-0.05,0.52928,0.775,0.49088,0.5
3366,4,0.52736,0.9,0.0724,1.0,0.5116,0.75,0.4732,0.5
3367,,0.49504,0.875,0.04008,0.95,0.44392,0.675,0.40552,0.45
3368,,0.46272,0.85,0.00776,0.9,0.37624,0.6,0.33784,0.4
3369,,0.4304,0.825,-0.02456,0.85,0.30856,0.525,0.27016,0.35
3370,3,0.44808,0.85,1.0,0.85,0.29088,0.5,0.25248,0.35
3371,,0.41576,0.825,0.96768,0.8,0.2232,0.425,0.1848,0.3
3372,,0.38344,0.8,0.93536,0.75,0.15552,0.35,0.11712,0.25
3373,,0.35112,0.775,0.90304,0.7,0.08784,0.275,0.04944,0.2
3374,,0.3188,0.75,0.87072,0.65,0.02016,0.2,-0.01824,0.15
3375,7,0.33648,0.775,0.8884,0.65,0.00248,0.175,1.0,0.15
3376,,0.30416,0.75,0.85608,0.6,-0.0652,0.1,0.93232,0.1
3377,5,0.32184,0.775,0.87376,0.6,1.0,-0.175,0.91464,0.1
3378,6,0.33952,0.8,0.89144,0.6,0.73232,1.0,0.89696,0.1
3379,,0.3072,0.775,0.85912,0.55,0.66464,0.925,0.82928,0.05
3380,,0.27488,0.75,0.8268,0.5,0.59696,0.85,0.7616,0.0
3381,,0.24256,0.725,0.79448,0.45,0.52928,0.775,0.69392,-0.05
3382,8,0.26024,0.75,0.81216,0.45,0.5116,0.75,0.67624,1.0
3383,,0.22792,0.725,0.77984,0.4,0.44392,0.675,0.60856,0.95
3384,,0.1956,0.7,0.74752,0.35,0.37624,0.6,0.54088,0.9
3385,,0.16328,0.675,0.7152,0.3,0.30856,0.525,0.4732,0.85
3386,,0.13096,0.65,0.68288,0.25,0.24088,0.45,0.40552,0.8
3387,,0.09864,0.625,0.65056,0.2,0.1732,0.375,0.33784,0.75
3388,,0.06632,0.6,0.61824,0.15,0.10552,0.3,0.27016,0.7
3389,,0.034,0.575,0.58592,0.1,0.03784,0.225,0.20248,0.65
3390,,0.00168,0.55,0.5536,0.05,-0.02984,0.15,0.1348,0.6
3391,5,0.01936,0.575,0.57128,0.05,1.0,-0.125,0.11712,0.6
3392,6,0.03704,0.6,0.58896,0.05,0.73232,1.0,0.09944,0.6
3393,,0.00472,0.575,0.55664,0.0,0.66464,0.925,0.03176,0.55
3394,,-0.0276,0.55,0.52432,-0.05,0.59696,0.85,-0.03592,0.5
3395,4,-0.00992,0.575,0.542,1.0,0.57928,0.825,-0.0536,0.5
3396,7,0.00776,0.6,0.55968,1.0,0.5616,0.8,1.0,0.5
3397,,-0.02456,0.575,0.52736,0.95,0.49392,0.725,0.93232,0.45
3398,1,1.0,0.6,0.54504,0.95,0.47624,0.7,0.91464,0.45
3399,,0.96768,0.575,0.51272,0.9,0.40856,0.625,0.84696,0.4
3400,,0.93536,0.55,0.4804,0.85,0.34088,0.55,0.77928,0.35
3401,,0.90304,0.525,0.44808,0.8,0.2732,0.475,0.7116,0.3
3402,,0.87072,0.5,0.41576,0.75,0.20552,0.4,0.64392,0.25
3403,,0.8384,0.475,0.38344,0.7,0.13784,0.325,0.57624,0.2
3404,,0.80608,0.45,0.35112,0.65,0.07016,0.25,0.50856,0.15
3405,,0.77376,0.425,0.3188,0.6,0.00248,0.175,0.44088,0.1
3406,,0.74144,0.4,0.28648,0.55,-0.0652,0.1,0.3732,0.05
3407,5,0.75912,0.425,0.30416,0.55,1.0,-0.175,0.35552,0.05
